file,record_type,formid,editor_id,field,occurrence,quest_stage,quest_stage_occurrence,source_english,translation_korean,origin,flag_korean_english_parentheses,flag_english_remnant,flag_topic_system_candidate,flag_decode_unknown,review_priority,english_tokens
Oblivion.esm,INFO,0002B498,,NAM1,0,,,What is it now?,또 뭐야?,record,False,False,False,False,,
Oblivion.esm,INFO,0003AAA4,,NAM1,0,,,What?,뭐죠?,record,False,False,False,False,,
Oblivion.esm,INFO,0003AAA9,,NAM1,0,,,"Oh, it's you.","아, 당신인가.",record,False,False,False,False,,
Oblivion.esm,INFO,0003AAAD,,NAM1,0,,,Can I help you?,도와줄까요?,record,False,False,False,False,,
Oblivion.esm,INFO,0003AAB1,,NAM1,0,,,Hello.,이봐요.,record,False,False,False,False,,
Oblivion.esm,INFO,0003AAB7,,NAM1,0,,,Yes?,네?,record,False,False,False,False,,
Oblivion.esm,INFO,0002B499,,NAM1,0,,,Why do you bother me? Go away!,왜 귀찮게 굴지? 저리가!,record,False,False,False,False,,
Oblivion.esm,INFO,0018B5CE,,NAM1,0,,,Leave me alone.,날 내버려 둬.,record,False,False,False,False,,
Oblivion.esm,INFO,0018B5CF,,NAM1,0,,,I don't have time for you.,"시간 없어, 바쁘다고.",record,False,False,False,False,,
Oblivion.esm,INFO,000AED3F,,NAM1,0,,,"By the Nine Divines, you're the Grand Champion of the Arena! This is such an honor!","이런 맙소사, 아레나의 위대한 챔피언이군요! 영광입니다!",record,False,False,False,False,,
Oblivion.esm,INFO,00028F85,,NAM1,0,,,Leave me alone!  Why won't you all just leave me ALONE!!,나 좀 내버려 둬! 왜 날 그냥 내버려 두지 않는 거야!!,record,False,False,False,False,,
Oblivion.esm,INFO,00028F86,,NAM1,0,,,"Yes, yes.  I can see that you have no idea what is going on.  Excuse me.","그래, 그래. 무슨일이 일어나고 있는지 당신이 모른다는 것은 알겠어. 실례했소.",record,False,False,False,False,,
Oblivion.esm,INFO,00028C0E,,NAM1,0,,,Bah. Get out of my sight.,하! 내 시야에서 꺼져.,record,False,False,False,False,,
Oblivion.esm,INFO,000285A6,,NAM1,0,,,"Please, you must help me!","제발, 절 도와주셔야만 해요!",record,False,False,False,False,,
Oblivion.esm,INFO,0002415B,,NAM1,0,,,"Whatever you've got, I don't want it. Head to the Church before you get me sick.","무슨 병인지 모르지만, 걸리고 싶진 않네요. 전염되기 전에 얼른 교회로 가보세요.",record,False,False,False,False,,
Oblivion.esm,INFO,0002415C,,NAM1,0,,,Get away from me. I don't want whatever you've got!,저리가. 무슨 병인진 몰라도 옮기지 마라!,record,False,False,False,False,,
Oblivion.esm,INFO,00028750,,NAM1,0,,,"I think we should get out of here, quick!",빨리 여기서 나가야 한다고 생각해요!,record,False,False,False,False,,
Oblivion.esm,INFO,00028752,,NAM1,0,,,The time is almost here.,시간이 거의 된 것 같다.,record,False,False,False,False,,
Oblivion.esm,INFO,00028755,,NAM1,0,,,The Brethren are restless.,형제들은 침착하지 못해.,record,False,False,False,False,,
Oblivion.esm,INFO,000493FC,,NAM1,0,,,"Ho hey, sweet lady of Wayrest! Ho hey, sweet lady of mine! Oh I'll see you again,  yes I'll see you again, sweet lady of Wayrest so fine!","Wayrest의 귀여운 숙녀로군! 내 귀여운 숙녀로군! 오 다시 보게될거요, 그래 다시 보게 될거요, Wayrest의 귀여운 숙녀는 정말 대단하군! 바다의 노래를 부르자.",record,False,True,False,False,MEDIUM,"Wayrest, Wayrest"
Oblivion.esm,INFO,00051790,,NAM1,0,,,[Snort!],[흥!],record,False,False,False,False,,
Oblivion.esm,INFO,00051791,,NAM1,0,,,"Hey there, pal! Need a room?","안녕, 친구! 방이 필요해?",record,False,False,False,False,,
Oblivion.esm,INFO,00051792,,NAM1,0,,,"Oh, by the Nine Divines, why do I get all the riff-raff?","오, the Nine Divines에 위해서, 내가 왜 하층민이 되어야 하나요?",record,False,True,False,False,MEDIUM,"the, Nine, Divines"
Oblivion.esm,INFO,00051793,,NAM1,0,,,"Right, what can I do for you, citizen.","자, 무엇을 도와드릴까요, 시민이여.",record,False,False,False,False,,
Oblivion.esm,INFO,00051794,,NAM1,0,,,"Do you have a death wish, boy?","당신은 죽음에 대한 동경이 있나요, 소년이여?",record,False,False,False,False,,
Oblivion.esm,INFO,00051795,,NAM1,0,,,"Do you have a death wish, girl?","당신은 죽음에 대한 동경이 있나요, 소녀여?",record,False,False,False,False,,
Oblivion.esm,INFO,000661F7,,NAM1,0,,,You get any closer and I'll turn your bones to ash. Back off.,"다가오면, 네 뼈를 재로 만들어 버리겠어. 꺼져.",record,False,False,False,False,,
Oblivion.esm,INFO,000661F8,,NAM1,0,,,Can't... Can't move... Body frozen... Must have been... the damn... Mead...,할 수 없는... 움직일 수... 몸이 차가워져... 아마 할거야.. 망할... 벌꿀 술... ,record,False,False,False,False,,
Oblivion.esm,INFO,0006C67A,,NAM1,0,,,"No! No, please don't hurt me! He paid me to do it!","안 돼! 부디, 절 해치지 마세요! 그가 돈을 주고 시켰다고요!",record,False,False,False,False,,
Oblivion.esm,INFO,000C45BC,,NAM1,0,,,"Psst! Hey you! Yeah, you! Come here! I got what you need...","잠깐만! 이봐, 너! 그래, 너! 이리와! 당신이 필요한 것이 있어... ",record,False,False,False,False,,
Oblivion.esm,DIAL,000000D3,ANY,FULL,0,,,ANY,아무거나,record,False,False,True,False,TOPIC_CHECK,
Oblivion.esm,DIAL,000000D4,GOODBYE,FULL,0,,,GOODBYE,작별,record,False,False,True,False,TOPIC_CHECK,
Oblivion.esm,INFO,000807EF,,NAM1,0,,,"Any time you wish to visit me, I'll be here.","언제라도 절 찾아와 주세요, 전 여기 있겠습니다.",record,False,False,False,False,,
Oblivion.esm,INFO,00066EAB,,NAM1,0,,,"Be cautious, my friend.","조심한다, 우리 친구야.",record,False,False,False,False,,
Oblivion.esm,INFO,00066FF1,,NAM1,0,,,Farewell.,안녕히다.,record,False,False,False,False,,
Oblivion.esm,INFO,0006EA48,,NAM1,0,,,Hurry! There's no telling how much time I have left!,서둘러 주세요! 제게 시간이 얼마나 남았을지 몰라요!,record,False,False,False,False,,
Oblivion.esm,INFO,0006EAAA,,NAM1,0,,,"Leaving me to die in peace, eh?",평화롭게 죽음을 맞이하도록 절 내버려 두세요.,record,False,False,False,False,,
Oblivion.esm,INFO,00091B18,,NAM1,0,,,"I love you, Pyke.","사랑하고 있는 원, Pyke.",record,False,True,False,False,MEDIUM,Pyke
Oblivion.esm,INFO,00091B8D,,NAM1,0,,,"I love you, Zoe.","사랑하고 있어, Zoe.",record,False,True,False,False,MEDIUM,Zoe
Oblivion.esm,INFO,0008EF56,,NAM1,0,,,We are vigilant.,한시도 눈을 떼지 않겠습니다.,record,False,False,False,False,,
Oblivion.esm,INFO,0008EF57,,NAM1,0,,,We will continue to hold the Fringe.,이땅을 계속해서 지켜나갈 것입니다.,record,False,False,False,False,,
Oblivion.esm,INFO,0008247A,,NAM1,0,,,We will defend this land until we are dead.,죽는 순간까지 이땅을 보호할 것입니다.,record,False,False,False,False,,
Oblivion.esm,INFO,0008247B,,NAM1,0,,,Victory or death.,승리가 아니면 죽음을.,record,False,False,False,False,,
Oblivion.esm,INFO,0008247C,,NAM1,0,,,Vengeance will be ours.,복수는 우리의 것입니다.,record,False,False,False,False,,
Oblivion.esm,INFO,0008247D,,NAM1,0,,,"So long as we breathe, the Fringe will hold.","살아남는다면, 그리고 이곳을 지켜낸다면 다시 뵐 수 있을 겁니다.",record,False,False,False,False,,
Oblivion.esm,INFO,0008247E,,NAM1,0,,,We will not lose this land.,절대 이땅을 잃지 않을 것입니다.,record,False,False,False,False,,
Oblivion.esm,INFO,0006770A,,NAM1,0,,,You can go now. Run along. Scoot!,서둘러 가 보게!,record,False,False,False,False,,
Oblivion.esm,INFO,0006770B,,NAM1,0,,,You'll be back. They always come back.,너는 돌아올 것이다. 누구라도 반드시 돌아온다.,record,False,False,False,False,,
Oblivion.esm,INFO,0008118F,,NAM1,0,,,Send Relmyna my love. That'll get her going.,렐미나(Relmyna)에게 내 사랑을 전하게. 그녀가 마음을 돌리게 해 줄걸세.,record,True,True,False,False,HIGH,Relmyna
Oblivion.esm,INFO,00081192,,NAM1,0,,,"Away with you dog, and fetch me those components.","이 한심한 심부름꾼아, 어서 가서 재료들이나 모아와.",record,False,False,False,False,,
Oblivion.esm,INFO,0001333C,,NAM1,0,,,She would want me to die well.,그녀도 내가 죽기를 바랄 겁니다.,record,False,False,False,False,,
Oblivion.esm,INFO,0001333D,,NAM1,0,,,My betrothed must be worried sick about me.,제 약혼녀가 절 굉장히 걱정할게 틀림없어요.,record,False,False,False,False,,
Oblivion.esm,INFO,0001333E,,NAM1,0,,,"0, 1, 0. I always aim for the heart. 1, 0, 1.","0, 1, 0. 난 언제나 심장을 겨눠요. 1, 0, 1.",record,False,False,False,False,,
Oblivion.esm,INFO,0001333F,,NAM1,0,,,"12, 3, 2, 2. It's hopeless. 15, 5, 3. The town is lost. 0, 0, 0.","12, 3, 2, 2. 이젠 가망이 없어요. 15, 5, 3. 마을이 적의 손에 떨어졌어요. 0, 0, 0. ",record,False,False,False,False,,
Oblivion.esm,INFO,00013340,,NAM1,0,,,A little stab in the back won't hurt too much. Then I'll have the magicka I need.,등 좀 살짝 찌른다고 아프지는 않아. 이제 내게 필요한 매지카를 얻게 되겠군.,record,False,False,False,False,,
Oblivion.esm,INFO,0001E44A,,NAM1,0,,,A happy customer is a returning customer.,기쁜 손님은 돌아오는 손님이야.,record,False,False,False,False,,
Oblivion.esm,INFO,0001E68F,,NAM1,0,,,"Remember, come to me for all your crafting needs.",기억하고 물어라고 주어 네가 무엇인가 만들 필요가 있을 때는 나의 곳에 와.,record,False,False,False,False,,
Oblivion.esm,INFO,0001E690,,NAM1,0,,,"You see, I am the Master Smith of New Sheoth, don't bother with that other smith in town.","어머, 나는 New Sheoth의 대장장이의 달인이겠지, 거리의 다른 대장장이사는 상관하지 마야.",record,False,True,False,False,MEDIUM,"New, Sheoth"
Oblivion.esm,INFO,00041057,,NAM1,0,,,Going so soon? Come back when your blades need sharpening.,이제(벌써) 가군요? 칼날을 날카롭게 할 필요가 있을 때는 돌아와.,record,False,False,False,False,,
Oblivion.esm,INFO,00041058,,NAM1,0,,,Go. Sink your blade deep into the flesh of your enemies.,가. 당신의 칼날을 적의 육체에 깊게 가라앉혀.,record,False,False,False,False,,
Oblivion.esm,INFO,00041059,,NAM1,0,,,"When your blade bites into your foe and he screams in pain, think of me.","당신의 칼날이 적을 잘게 잘라 아픔으로 큰 소리로 외치는 소리를 줄 때, 나를 생각해 내.",record,False,False,False,False,,
Oblivion.esm,INFO,0001ACD1,,NAM1,0,,,How I look forward to our goodbyes.,서로 작별인사를 하는게 이리 기대될 줄이야.,record,False,False,False,False,,
Oblivion.esm,INFO,0001AD4D,,NAM1,0,,,I really do loathe talking to you.,당신이랑 얘기하는 건 정말 혐오스럽군요.,record,False,False,False,False,,
Oblivion.esm,INFO,0001AD4E,,NAM1,0,,,Talking with you leaves such a nasty taste in my mouth. And not the good kind.,당신과 말하고 나면 지독한 맛이 입안에 감돌아. 썩 불쾌하지.,record,False,False,False,False,,
Oblivion.esm,INFO,00016B79,,NAM1,0,,,We shall find a way to the light.,빛으로 향한 길을 찾게 될 것입니다.,record,False,False,False,False,,
Oblivion.esm,INFO,0007300D,,NAM1,0,,,Find comfort in your powerlessness.,무력감안에 위로를 찾아낸다.,record,False,False,False,False,,
Oblivion.esm,INFO,0008F132,,NAM1,0,,,Farewell!,안녕히 가세요!,record,False,False,False,False,,
Oblivion.esm,INFO,0008F10A,,NAM1,0,,,I really must get back to my paintings.,나의 그림을 그리는데 돌아오지 않으면 안된다.,record,False,False,False,False,,
Oblivion.esm,INFO,0008F10B,,NAM1,0,,,I was never good at saying goodbye.,나는 안녕을 말하는 것은 능숙하지 않은거야.,record,False,False,False,False,,
Oblivion.esm,INFO,0008F10C,,NAM1,0,,,Got to go. Have things to see and people to do.,"이제(벌써) 가지 않으면 안된다. 봐 두지 않으면 안된다  것도 있고, 해 두지 않으면 안된다  일이 있는 사람들도 있고.",record,False,False,False,False,,
Oblivion.esm,INFO,0008F10D,,NAM1,0,,,"Farewell. So much to bake, so little time!",안녕. 많이 굽지 않으면 안된다  것에 시간이 (?없다!,record,False,False,False,False,,
Oblivion.esm,INFO,0008F10F,,NAM1,0,,,"It's time to say goodbye, I'm sorry I must fly.","안녕의 시간입니다, 서두르지 않으면 안 되는 것이 유감입니다.",record,False,False,False,False,,
Oblivion.esm,INFO,0008F111,,NAM1,0,,,May all your days be filled with enlightenment and mirth!,당신의 날들이 즐거운 웃음과 빛남으로 가득 차고 흘러넘치도록!,record,False,False,False,False,,
Oblivion.esm,INFO,0007302D,,NAM1,0,,,Just keep going. Nothing to eat here.,가 줘. 여기에는 먹는 것은 아무것도 없다.,record,False,False,False,False,,
Oblivion.esm,INFO,0008F041,,NAM1,0,,,We must purge Order from our home.,우리의 고향에서 Order의 군사(Army of Order)들을 몰아내야 합니다.,record,True,True,False,False,HIGH,"Order, Army, of, Order"
Oblivion.esm,INFO,0008F042,,NAM1,0,,,We must purge Order from our home.,우리의 고향에서 Order의 군대(Army of Order)들을 몰아내야 합니다.,record,True,True,False,False,HIGH,"Order, Army, of, Order"
Oblivion.esm,INFO,0008F043,,NAM1,0,,,We shall not fail you.,실망시켜 드리지 않겠습니다.,record,False,False,False,False,,
Oblivion.esm,INFO,0008F045,,NAM1,0,,,We shall not fail you.,실망시켜 드리지 않겠습니다.,record,False,False,False,False,,
Oblivion.esm,INFO,0008F047,,NAM1,0,,,We must prevail.,반드시 극복해 낼 것입니다.,record,False,False,False,False,,
Oblivion.esm,INFO,0008F04A,,NAM1,0,,,We must prevail.,반드시 극복해 낼 것입니다.,record,False,False,False,False,,
Oblivion.esm,INFO,00041EC5,,NAM1,0,,,Humph.,흠.,record,False,False,False,False,,
Oblivion.esm,INFO,00019D6A,,NAM1,0,,,Do run along.,떠나시오.,record,False,False,False,False,,
Oblivion.esm,INFO,00011FA6,,NAM1,0,,,Out of my way!,방해다!,record,False,False,False,False,,
Oblivion.esm,INFO,00019DA1,,NAM1,0,,,"I expect results, Inquisitor, and I expect them soon.","결과를 기대하고 있어요, 심문관. 거기에 곧바로 그들을 데려 오는 일도.",record,False,False,False,False,,
Oblivion.esm,INFO,0008D317,,NAM1,0,,,"Protect my little ones, Lord.","나의 작은 아이들을 지켜 주세요, Lord.",record,False,True,False,False,MEDIUM,Lord
Oblivion.esm,INFO,0008D318,,NAM1,0,,,"I return to work, Lord. Farewell.","일하러 돌아와요, Lord. 안녕히 가세요.",record,False,True,False,False,MEDIUM,Lord
Oblivion.esm,INFO,0008D327,,NAM1,0,,,"Farewell, My Lord.","안녕히 가세요, My Lord.",record,False,True,False,False,MEDIUM,"My, Lord"
Oblivion.esm,INFO,0008D328,,NAM1,0,,,"I shall serve with honor, Lord.","명예를 가지고 봉사합니다, Lord.",record,False,True,False,False,MEDIUM,Lord
Oblivion.esm,INFO,0008D329,,NAM1,0,,,"May the Scalons tremble in your wake, My Lord.","당신의 영향으로 Scalon모두가 률 오도록, My Lord.",record,False,True,False,False,MEDIUM,"Scalon, My, Lord"
Oblivion.esm,INFO,0008D32A,,NAM1,0,,,"We are safe in your presence, Lord. Thank you.","당신의 존재로 저희들은 안전합니다, Lord. 감사합니다.",record,False,True,False,False,MEDIUM,Lord
Oblivion.esm,INFO,00081D91,,NAM1,0,,,"Run along now, little one. Go and play with the other godlings.",금방 떠나 주어 작은 아이야. 다른 하급의 신과 놀러 간다.,record,False,False,False,False,,
Oblivion.esm,INFO,00081D92,,NAM1,0,,,"Was that...? Nah, just my imagination.",이니까 했던가<0xA1><0xA6>? 아니요 나의 상상입니다.,record,False,False,False,True,HIGH,
Oblivion.esm,INFO,00083F55,,NAM1,0,,,Take care! Come back for a chat whenever you have the chance.,조심해. 기회가 있으면 또 언제라도 이야기 해로 돌아와.,record,False,False,False,False,,
Oblivion.esm,INFO,00082648,,NAM1,0,,,Her song guides us.,그분의 노래가 우리를 인도해 주실 겁니다.,record,False,False,False,False,,
Oblivion.esm,INFO,00082649,,NAM1,0,,,"Who will guide us, now that she is gone?",그분이 돌아가셨으니 누가 우리를 이끌어 줄까요?,record,False,False,False,False,,
Oblivion.esm,INFO,0008264A,,NAM1,0,,,Her light shall show you the way.,그분의 빛이 당신에게 길을 열어줄 겁니다.,record,False,False,False,False,,
Oblivion.esm,INFO,0008264B,,NAM1,0,,,"Light guide you, brother.",빛이 형제를 인도해 주길. ,record,False,False,False,False,,
Oblivion.esm,INFO,0008264C,,NAM1,0,,,"Light guide you, sister.",빛이 자매를 인도해 주길.,record,False,False,False,False,,
Oblivion.esm,INFO,00081D93,,NAM1,0,,,"Well, that was humbling.","아휴, 자신은 별 일 없겠네요.",record,False,False,False,False,,
Oblivion.esm,INFO,00081D94,,NAM1,0,,,"Hurry back, my Lord. There's so much I want to show you. So much, indeed!","빨리 돌아와 주세요, my Lord. 당신에게 가르쳐 주셨으면 하는 일이 많이 있어. 정말로 많이 있으니까!",record,False,True,False,False,MEDIUM,"my, Lord"
Oblivion.esm,INFO,00081D95,,NAM1,0,,,It's been a great bounty being in Your Presence. Where'd all those trumpets come from?,당신의 존재가 큰 은혜가 되었어요. 그런데 그 나팔과 같은 소리는 어디에서 왔겠지요?,record,False,False,False,False,,
Oblivion.esm,INFO,00081D96,,NAM1,0,,,"Hahahaha! You're so funny My Lord! I mean, your presence is intoxicating!",하하하학! 너는 이상한 My Lord구나! 즉 너의 존재는 사람을 들떠 시켜!,record,False,True,False,False,MEDIUM,"My, Lord"
Oblivion.esm,INFO,00081D97,,NAM1,0,,,"Buh-bye! Nice talking with you, Lord. No need to come back any time soon.","바이! 당신과 이야기할 수 있어 즐거웠습니다, Lord. 가까운 시일내에는 돌아올 필요는 없어요.",record,False,True,False,False,MEDIUM,Lord
Oblivion.esm,INFO,00081D98,,NAM1,0,,,"May the bones of your enemies be warm with blood, Lord.","당신의 적의 뼈가 피로 따뜻해지도록, Lord.",record,False,True,False,False,MEDIUM,Lord
Oblivion.esm,INFO,00081D99,,NAM1,0,,,12... uh... 6? 4?,12<0xA1><0xA6>아<0xA1><0xA6>6? 4?,record,False,False,False,True,HIGH,
Oblivion.esm,INFO,00081D9A,,NAM1,0,,,"If you kill something, let me know!",무엇인가를 죽이면(자) 알려 주세요!,record,False,False,False,False,,
Oblivion.esm,INFO,00081D9B,,NAM1,0,,,My Lord rules strongly and without exhaustion.,My Lord는 강력하게 피로하는 일 없이 수습하고 있어요.,record,False,True,False,False,MEDIUM,"My, Lord"
Oblivion.esm,INFO,00081D9C,,NAM1,0,,,"It's been a pleasure Lord, now it's back to getting some rest and relaxation. All this talking has taken its toll on me.","즐거웠습니다, Lord, 지금은 휴식과 편히 쉬러 돌아와요. 이 이야기의 모두가 나에게는 부담이었던 것입니다.",record,False,True,False,False,MEDIUM,Lord
Oblivion.esm,INFO,00081D9D,,NAM1,0,,,Perhaps my Lord will grant me my wish.,아마 my Lord는 나의 소망을 실현해 주겠지요.,record,False,True,False,False,MEDIUM,"my, Lord"
Oblivion.esm,INFO,00081D9E,,NAM1,0,,,Go in Madness.,Madness에 가 주세요.,record,False,True,False,False,MEDIUM,Madness
Oblivion.esm,INFO,00081D9F,,NAM1,0,,,Did that just happen?,이니까 이렇게 되었는지 해들?,record,False,False,False,False,,
Oblivion.esm,INFO,00081DA0,,NAM1,0,,,My Lord has a real edge I'd like to cut myself on.,My Lord는 나의 베인 상처와 같은 진짜의 날카로움을 가지고 계시네요.,record,False,True,False,False,MEDIUM,"My, Lord"
Oblivion.esm,INFO,00081DA1,,NAM1,0,,,Blessings upon you Lord.... Bring the Skooma next time.,"당신에게 하나님의 베품을, Lord<0xA1><0xA6>. 다음은 Skooma를 가져와 주세요.",record,False,True,False,True,HIGH,"Lord, Skooma"
Oblivion.esm,INFO,00081DA2,,NAM1,0,,,Sheogorath is even more handsome in real life!,Sheogorath님은 실제로는 좀 더 훌륭해!,record,False,True,False,False,MEDIUM,Sheogorath
Oblivion.esm,INFO,00081DA4,,NAM1,0,,,Who was that I was talking to? Not Sheogorath.,내가 이야기하고 있던 것은 누군가 해들? Sheogorath 같지 않아요.,record,False,True,False,False,MEDIUM,Sheogorath
Oblivion.esm,INFO,00081DA5,,NAM1,0,,,May your walls stand secure!,당신의 벽이 안전하도록!,record,False,False,False,False,,
Oblivion.esm,INFO,00081532,,NAM1,0,,,I'm off to find a dog.,개를 찾아내기 위해서(때문에) 나간다고 합니다.,record,False,False,False,False,,
Oblivion.esm,INFO,00081533,,NAM1,0,,,Please don't go! I have no one else to talk to.,제발 가지 마! 나에게는 그 밖에 아무도 이야기를 해 주는 사람이 없습니다.,record,False,False,False,False,,
Oblivion.esm,INFO,00081534,,NAM1,0,,,"My belly is rumbling, so I must leave. It has been an honor to talk to you, Lord Sheogorath.","나의 배가 불만을 토로하고 있으므로 가지 않으면. 당신과 이야기할 수 있어 명예였습니다, Lord Sheogorath님.",record,False,True,False,False,MEDIUM,"Lord, Sheogorath"
Oblivion.esm,INFO,00081535,,NAM1,0,,,I wish I had a stick like that.,나나 그러한 봉을 가질 수 있도록.,record,False,False,False,False,,
Oblivion.esm,INFO,00081536,,NAM1,0,,,You honor me with your presence.,당신의 존재는 나에게 있어 자랑입니다.,record,False,False,False,False,,
Oblivion.esm,INFO,00081537,,NAM1,0,,,I'm glad that's over. I have work to do.,저것이 끝나 기쁩니다. 해야 할 일이 있기 때문에.,record,False,False,False,False,,
Oblivion.esm,INFO,00081DC1,,NAM1,0,,,"It is good to see you, Lord.","당신을 만날 수 있어서 좋았습니다, Lord.",record,False,True,False,False,MEDIUM,Lord
Oblivion.esm,INFO,00081DC4,,NAM1,0,,,Happy Big Head for having spoken to Lord Sheogorath!,Lord Sheogorath님과 이야기할 수 있어 Big Head는 행복!,record,False,True,False,False,MEDIUM,"Lord, Sheogorath, Big, Head"
Oblivion.esm,INFO,00081DC5,,NAM1,0,,,"Please, visit any time, My Lord.","아무쪼록 언제라도 오셔 주세요, My Lord.",record,False,True,False,False,MEDIUM,"My, Lord"
Oblivion.esm,INFO,00081DC6,,NAM1,0,,,"I hope I live to speak with you again, Lord Sheogorath.","또 당신과 이야기할 때까지 살아 있을 것을 바랍니다, Lord Sheogorath님.",record,False,True,False,False,MEDIUM,"Lord, Sheogorath"
Oblivion.esm,INFO,00081DC7,,NAM1,0,,,"Good seeing you, Lord Sheogorath. Could have bought a round, though....","당신을 만날 수 있어서 좋았습니다, Lord Sheogorath님. 그리고 전나무응뭐 한턱 내 주어도도 좋았던  것이 아닐까<0xA1><0xA6>.",record,False,True,False,True,HIGH,"Lord, Sheogorath"
Oblivion.esm,INFO,00081DC8,,NAM1,0,,,It has been an honor speaking with you.,당신과 이야기할 수 있어 명예였습니다.,record,False,False,False,False,,
Oblivion.esm,INFO,00081DCD,,NAM1,0,,,"I am your servant, Lord Sheogorath.","나는 당신의 머슴입니다, Lord Sheogorath님.",record,False,True,False,False,MEDIUM,"Lord, Sheogorath"
Oblivion.esm,INFO,00081538,,NAM1,0,,,Even Sheogorath won't help me.,Sheogorath 같아조차 내를 도와 주지 않아요.,record,False,True,False,False,MEDIUM,Sheogorath
Oblivion.esm,INFO,00081539,,NAM1,0,,,"It's been an honor to host you, Lord Sheogorath.","당신을 맞이할 수 있어 영광이었습니다, Lord Sheogorath님.",record,False,True,False,False,MEDIUM,"Lord, Sheogorath"
Oblivion.esm,INFO,00081CB5,,NAM1,0,,,"Farewell, Your Grace.","안녕히 가십시오, 전하.",record,False,False,False,False,,
Oblivion.esm,INFO,0001680D,,NAM1,0,,,"Please, your Grace. Hurry to Pinnacle Rock while there's still time.","전하, 시간이 있을때 피나클 록(Pinnacle Rock)으로 서둘러 가 주십시오.",record,True,True,False,False,HIGH,"Pinnacle, Rock"
Oblivion.esm,INFO,0001680E,,NAM1,0,,,"Please, your Grace. Hurry to Brellach while there's still time.","전하, 시간이 있을때 브렐락(Brellach)으로 서둘러 가 주십시오.",record,True,True,False,False,HIGH,Brellach
Oblivion.esm,INFO,00060954,,NAM1,0,,,Farewell. Stay safe.,안녕히 가세요. 무사해.,record,False,False,False,False,,
Oblivion.esm,INFO,0008EBFE,,NAM1,0,,,Goodbye.,안녕히 계세요.,record,False,False,False,False,,
Oblivion.esm,INFO,000617A5,,NAM1,0,,,See you later.,다음에 봐요.,record,False,False,False,False,,
Oblivion.esm,INFO,000617B1,,NAM1,0,,,Take care.,건강해.,record,False,False,False,False,,
Oblivion.esm,INFO,000617B2,,NAM1,0,,,See you.,또 봐.,record,False,False,False,False,,
Oblivion.esm,INFO,000617CB,,NAM1,0,,,Bye.,에서는.,record,False,False,False,False,,
Oblivion.esm,INFO,00061CB8,,NAM1,0,,,Go.,가라.,record,False,False,False,False,,
Oblivion.esm,INFO,0007A01A,,NAM1,0,,,"The Aureal stand at the ready, sire.","Aureal들은 준비만단입니다, 폐하.",record,False,True,False,False,MEDIUM,Aureal
Oblivion.esm,INFO,0007A01C,,NAM1,0,,,The Aureal are yours to command.,Aureal는 귀하의 머슴입니다.,record,False,True,False,False,MEDIUM,Aureal
Oblivion.esm,INFO,00061CC8,,NAM1,0,,,Walk with Our Lord.,폐하와 발맞춰 걷도록.,record,False,False,False,False,,
Oblivion.esm,INFO,0007A020,,NAM1,0,,,"You bless me, Lord.","영광입니다, Lord.",record,False,True,False,False,MEDIUM,Lord
Oblivion.esm,INFO,0007A022,,NAM1,0,,,"We live at your whim, Lord Sheogorath.","귀하의 변덕대로, Lord Sheogorath.",record,False,True,False,False,MEDIUM,"Lord, Sheogorath"
Oblivion.esm,INFO,0001AD4F,,NAM1,0,,,Until next time.,다음에 만날 때까지.,record,False,False,False,False,,
Oblivion.esm,INFO,0001AD50,,NAM1,0,,,Saying goodbye is like ripping out a little piece of yourself. Ahhh.,안녕을 말하는 것은 당신 자신의 조각을 조금 알아 취하는 것 같습니다.,record,False,False,False,False,,
Oblivion.esm,INFO,0001AD51,,NAM1,0,,,"Run along now, see you later.","지금은 가도 좋아요, 또 다음에 만납시다.",record,False,False,False,False,,
Oblivion.esm,INFO,00081193,,NAM1,0,,,Don't take all day making your choices.,하루 종일 고르지는 말아.,record,False,False,False,False,,
Oblivion.esm,INFO,00081196,,NAM1,0,,,"Get going, and don't keep me waiting.",어서 가도록 해. 날 기다리게 만들지 말아.,record,False,False,False,False,,
Oblivion.esm,INFO,00081197,,NAM1,0,,,Run along back to Lord Sheogorath.,달려가서 쉐오고라스(Sheogorath) 님을 모셔와.,record,True,True,False,False,HIGH,Sheogorath
Oblivion.esm,INFO,000807F1,,NAM1,0,,,Hasten back to the palace... Sheogorath must know!,서둘러 궁으로 돌어가세요... 쉐오고라스(Sheogorath) 폐하께 알려야 합니다!,record,True,True,False,False,HIGH,Sheogorath
Oblivion.esm,INFO,000807F6,,NAM1,0,,,Farewell.,안녕히.,record,False,False,False,False,,
Oblivion.esm,INFO,0006A7FB,,NAM1,0,,,Hasten back to the palace... Sheogorath must know!,서둘러서 궁으로 돌아가세요... 폐하께 알려야 합니다!,record,False,False,False,False,,
Oblivion.esm,INFO,000432AC,,NAM1,0,,,"Not to worry, we'll have your spoils to you in no time at all.",걱정마세요. 전리품은 당장 챙겨 드리겠습니다.,record,False,False,False,False,,
Oblivion.esm,INFO,0007EC63,,NAM1,0,,,Pleasure and pain be with you.,쾌락과 고통이 그대와 함께 하길.,record,False,False,False,False,,
Oblivion.esm,INFO,0007EC64,,NAM1,0,,,Tread the humble path and find enlightenment.,겸손한 길을 지나가 깨달음을 찾으십시오.,record,False,False,False,False,,
Oblivion.esm,INFO,0007EC65,,NAM1,0,,,May all your days be filled with enlightenment and mirth!,언제나 당신의 앞날에 환희와 깨달음이 있기를!,record,False,False,False,False,,
Oblivion.esm,INFO,0007EC6B,,NAM1,0,,,"Be well, and live free.",마음대로 하십시오.,record,False,False,False,False,,
Oblivion.esm,INFO,0007EC6C,,NAM1,0,,,Take heed the knife that strikes from behind.,등 뒤에서 나이프가 날라 올지 모르니 조심하십시오.,record,False,False,False,False,,
Oblivion.esm,INFO,0007EC6D,,NAM1,0,,,Be wary the shadows.,그림자를 조심하세요.,record,False,False,False,False,,
Oblivion.esm,INFO,0007302F,,NAM1,0,,,Run along and play!,어딘가에 가 놀아서 말이야!,record,False,False,False,False,,
Oblivion.esm,INFO,00073039,,NAM1,0,,,"Go kill something, so I can count its corpse.","죽이러 가, 그러면 나는 그 시체를 셀 수가 있다.",record,False,False,False,False,,
Oblivion.esm,INFO,00073075,,NAM1,0,,,Good riddance!,없어져 청들 하군!,record,False,False,False,False,,
Oblivion.esm,INFO,000730BC,,NAM1,0,,,Tootle-loo! Ahaha!,토우 투루 루! 아하하!,record,False,False,False,False,,
Oblivion.esm,INFO,000730C3,,NAM1,0,,,Don't work too hard.,과로하지 마.,record,False,False,False,False,,
Oblivion.esm,INFO,00073110,,NAM1,0,,,Work hard!,좀 더 일한다!,record,False,False,False,False,,
Oblivion.esm,INFO,00073112,,NAM1,0,,,Kill me... please!,죽여 줘<0xA1><0xA6>부탁이다!,record,False,False,False,True,HIGH,
Oblivion.esm,INFO,00073116,,NAM1,0,,,"Bye, dear.","안녕, 사랑해 나무인이야.",record,False,False,False,False,,
Oblivion.esm,INFO,0007311A,,NAM1,0,,,May you bleed well!,당신이 능숙하게 출혈하도록!,record,False,False,False,False,,
Oblivion.esm,INFO,0008F7B2,,NAM1,0,,,Skooma! Skooma!,스쿠마! 스쿠마!,record,False,False,False,False,,
Oblivion.esm,INFO,0007311C,,NAM1,0,,,"Next time, bring some Skooma with you!","이번에 올 때는, Skooma도 가져와 늦어라.",record,False,True,False,False,MEDIUM,Skooma
Oblivion.esm,INFO,0007311F,,NAM1,0,,,It was a pleasure talking to you. No lie.,당신과 이야기할 수 있던 것은 기뻤어요. 거짓말이 아니다.,record,False,False,False,False,,
Oblivion.esm,INFO,00073120,,NAM1,0,,,May your story end happily!,당신의 이야기가 행복한 끝나는 방법을 맞이하도록.,record,False,False,False,False,,
Oblivion.esm,INFO,00073123,,NAM1,0,,,"Remember, walk lightly, and always look up.",기억해 두어 줘. 살그머니 걷는다. 그리고 항상 두상에 주의하고 있다.,record,False,False,False,False,,
Oblivion.esm,INFO,00071FA5,,NAM1,0,,,I live to serve.,나는 시중들기 위해 살아 있습니다.,record,False,False,False,False,,
Oblivion.esm,INFO,0008FAAE,,NAM1,0,,,My work is never done.,나의 일은 영원히 끝나지 않습니다.,record,False,False,False,False,,
Oblivion.esm,INFO,0008FAAF,,NAM1,0,,,A glorious existence. Truly.,정말 와주셔서 영광입니다.,record,False,False,False,False,,
Oblivion.esm,INFO,0008FAB0,,NAM1,0,,,If only we could speak more often.,좀 더 이야기 할 수 있을 기회가 있으면 좋겠습니다만.,record,False,False,False,False,,
Oblivion.esm,INFO,0008FAB2,,NAM1,0,,,"Enlightening, as always.",항상 빛이 함께 하기를.,record,False,False,False,False,,
Oblivion.esm,INFO,00072DEE,,NAM1,0,,,Ta! Come visit again! Or I'll pluck out your eyes.,하! 다시 오게나! 안 오면 눈알을 뽑아버리겠네!,record,False,False,False,False,,
Oblivion.esm,INFO,00072DEF,,NAM1,0,,,I'm watching you.,당신에게는 기대하고 있어요.,record,False,False,False,False,,
Oblivion.esm,INFO,00072DF0,,NAM1,0,,,Goodbye. So long. See you soon. Or not. Whichever it might be.,안녕히. 또 만나는 날까지. 곧바로 만날 수 있을지도 모르지 않다. 그렇지 않을지도 모르는. 어느 쪽이든 될 대로 될 것이다.,record,False,False,False,False,,
Oblivion.esm,INFO,00072DF1,,NAM1,0,,,"Goodbye. If you find any interesting things, let me know.","안녕히 가세요. 만약 재미있는 것을 찾아내면, 알려.",record,False,False,False,False,,
Oblivion.esm,INFO,00072DF2,,NAM1,0,,,Come back for a drink!,마시는 것으로 돌아와!,record,False,False,False,False,,
Oblivion.esm,INFO,00072DF3,,NAM1,0,,,Goodbye. And watch yourself.,"안녕, 조심해.",record,False,False,False,False,,
Oblivion.esm,INFO,00072DF4,,NAM1,0,,,Take care. Wish I could.,차려를. 할 수 있으면입니다만.,record,False,False,False,False,,
Oblivion.esm,INFO,00072DF5,,NAM1,0,,,Watch for them.,놈등에 주의한다.,record,False,False,False,False,,
Oblivion.esm,INFO,00072DF6,,NAM1,0,,,Songs of forks follow you.,포크의 노래가 너에 대해 구야.,record,False,False,False,False,,
Oblivion.esm,INFO,0007820C,,NAM1,0,,,Pleasant dreams.,느낌이 좋은 꿈이다.,record,False,False,False,False,,
Oblivion.esm,INFO,00072DFD,,NAM1,0,,,Gal bursten it.,은하가 자폭한다.,record,False,False,False,False,,
Oblivion.esm,INFO,00071FA7,,NAM1,0,,,Fimmion gone. Bye bye. Go find pumpkin.,Fimmion는 가. 바이바이. 호박을 찾으러 가지 않으면 안된다.,record,False,True,False,False,MEDIUM,Fimmion
Oblivion.esm,INFO,00071FA8,,NAM1,0,,,The young folk just don't appreciate a good stick anymore.,최근의 젊은이는 좋은 봉의 고마움은 녀석을 모르는가.,record,False,False,False,False,,
Oblivion.esm,INFO,00071FAA,,NAM1,0,,,I'm leaving. I've got to find a way out of here.,가. 여기로부터 빠져 나가는 방법을 찾아내지 않으면.,record,False,False,False,False,,
Oblivion.esm,INFO,00071FAF,,NAM1,0,,,You're no fun. I bet you don't like dogs.,군은 전혀 재미있지 않다. 너가 개를 싫다고 걸어도 괜찮다.,record,False,False,False,False,,
Oblivion.esm,INFO,00071FAB,,NAM1,0,,,I'm glad that's over. You've kept me from my work long enough.,수다가 끝나 고마워요. 당신은 나의 일을 너무 길고 방해 하고 있었으니까.,record,False,False,False,False,,
Oblivion.esm,INFO,00071FAC,,NAM1,0,,,Gotta run.,가지 않지 않으면.,record,False,False,False,False,,
Oblivion.esm,INFO,00071FAD,,NAM1,0,,,Excuse me. I see something I need to clean.,"실례이지만, 무엇인가 깨끗이 하지 않으면 안 되는 것을 보았지만.",record,False,False,False,False,,
Oblivion.esm,INFO,0008EF68,,NAM1,0,,,I'd better get back to practicing.,연습하는데 돌아오는 편이 좋네요.,record,False,False,False,False,,
Oblivion.esm,INFO,0008EF36,,NAM1,0,,,I'd better get back to practicing.,연습하는데 돌아오는 편이 좋네요.,record,False,False,False,False,,
Oblivion.esm,INFO,00070401,,NAM1,0,,,Back to work I go.,일에 려되지 않아.,record,False,False,False,False,,
Oblivion.esm,INFO,00070405,,NAM1,0,,,"Keep an eye out for my things, won't you?",자신의 일인 만큼 눈을 열어서 말이야. 알았는지?,record,False,False,False,False,,
Oblivion.esm,INFO,00072F0E,,NAM1,0,,,"If you hear anything interesting, let me know.","무엇인가 재미있는 것을 (들)물으면(자), 가르쳐.",record,False,False,False,False,,
Oblivion.esm,INFO,00072F0F,,NAM1,0,,,"Yes, yes. Goodbye.","네네, 안녕.",record,False,False,False,False,,
Oblivion.esm,INFO,00072F10,,NAM1,0,,,Watch your back.,배후를 조심해라.,record,False,False,False,False,,
Oblivion.esm,INFO,00072F11,,NAM1,0,,,Keep an eye out for them.,놈등으로부터 눈을 외면하고 있다.,record,False,False,False,False,,
Oblivion.esm,INFO,00072F12,,NAM1,0,,,Stay safe.,무사해.,record,False,False,False,False,,
Oblivion.esm,INFO,00072F13,,NAM1,0,,,Take care now!,자인!,record,False,False,False,False,,
Oblivion.esm,INFO,00072F14,,NAM1,0,,,Farewell.,안녕히다.,record,False,False,False,False,,
Oblivion.esm,INFO,0008D793,,NAM1,0,,,Pleasure and pain be with you.,쾌락과 고통이 당신과 함께 있도록.,record,False,False,False,False,,
Oblivion.esm,INFO,0008D9D4,,NAM1,0,,,Tread the humble path and find enlightenment.,험한 길을 지나 빛이 찾아들기를.,record,False,False,False,False,,
Oblivion.esm,INFO,00072F15,,NAM1,0,,,Goodbye for now.,현재는 안녕.,record,False,False,False,False,,
Oblivion.esm,INFO,0008E9EA,,NAM1,0,,,Be careful around here.,이 근처에 는 조심해.,record,False,False,False,False,,
Oblivion.esm,INFO,0008E9EB,,NAM1,0,,,"I'd like to return to my work, if that's alright with you.","괜찮으시면, 일하러 돌아오고 싶은데요.",record,False,False,False,False,,
Oblivion.esm,INFO,0008EA1F,,NAM1,0,,,I'll see you soon! Or maybe I'll see you later... I can never remember...,곧 보자고! 아니면 나중에 보려나... 도무지 기억이 안 나네...,record,False,False,False,False,,
Oblivion.esm,INFO,0008EA20,,NAM1,0,,,Never trust what anyone tells you.,누군가가 당신에게무슨 말해도 믿으면 안 되요.,record,False,False,False,False,,
Oblivion.esm,INFO,0008EA21,,NAM1,0,,,"Now go, before someone sees us.",누군가가 우리를 찾아내기 전에 가지 않으면.,record,False,False,False,False,,
Oblivion.esm,INFO,0008EA29,,NAM1,0,,,"Careful. Beasts all around. You might taste good to them, no?",주의하는구나. 야수가 여기저기 있다. 그 애들과 만나고 싶겠어? 다르겠지?,record,False,False,False,False,,
Oblivion.esm,INFO,00073031,,NAM1,0,,,I amaze me.,나도 내 자신에게 놀란다니까.,record,False,False,False,False,,
Oblivion.esm,INFO,0008E4DE,,NAM1,0,,,Don't feel bad that you're not as gifted as me.,나만한 재능이 없다고 풀죽을 필요는 없어요.,record,False,False,False,False,,
Oblivion.esm,INFO,0008E4DF,,NAM1,0,,,I hope I didn't use too many big words.,입을 너무 놀리면 안될텐데. ,record,False,False,False,False,,
Oblivion.esm,INFO,0008E4E0,,NAM1,0,,,I need a bath.,목욕해야 겠군.,record,False,False,False,False,,
Oblivion.esm,INFO,0008E4E1,,NAM1,0,,,Don't touch anything!,아무것도 만지지 마요! ,record,False,False,False,False,,
Oblivion.esm,INFO,0008E4E2,,NAM1,0,,,Does the air seem thicker than normal?,공기가 좀 갑갑해진 것 같지 않아요?,record,False,False,False,False,,
Oblivion.esm,INFO,0008E4E3,,NAM1,0,,,I think... I'll just rest my eyes for a moment.,잠시 눈 좀 붙여야 겠네요.,record,False,False,False,False,,
Oblivion.esm,INFO,0008E4E4,,NAM1,0,,,I'm so tired.,너무 피곤해요.,record,False,False,False,False,,
Oblivion.esm,INFO,0008E4E5,,NAM1,0,,,I hope I'm not dreaming.,지금 꿈이 아니었으면 좋겠네요.,record,False,False,False,False,,
Oblivion.esm,INFO,0008E4E6,,NAM1,0,,,I really wish they would stop yelling.,제발 좀 그만 소리쳤으면 좋겠어요.,record,False,False,False,False,,
Oblivion.esm,INFO,0008E4E7,,NAM1,0,,,Somebody stop that awful racket!,누가 저 끔찍한 소음 좀 어떻게든 해줘요!,record,False,False,False,False,,
Oblivion.esm,INFO,0008E4E9,,NAM1,0,,,Doesn't that noise bother anyone else?,저 소리가 시끄럽지도 않나요?,record,False,False,False,False,,
Oblivion.esm,INFO,0008E522,,NAM1,0,,,Has that mouth of yours stopped flapping? Good.,이제야 나불대길 그쳤나? 좋아.,record,False,False,False,False,,
Oblivion.esm,INFO,0008E524,,NAM1,0,,,Saying goodbye is my favorite part of talking to you.,작별의 말이 제일 마음에 드는군요.,record,False,False,False,False,,
Oblivion.esm,INFO,0008E525,,NAM1,0,,,Don't bother me again.,또 절 귀찮게 하지 마세요.,record,False,False,False,False,,
Oblivion.esm,INFO,0008E4EA,,NAM1,0,,,Let me know if you need something killed.,뭔가 죽여버리고 싶다 그러면 말만 하십쇼.,record,False,False,False,False,,
Oblivion.esm,INFO,0008E4EB,,NAM1,0,,,"If you hear any bones talking, come get me right away!","혹시 뼈들이 하는 이야기가 들린다면, 즉시 저를 찾아오십시오!",record,False,False,False,False,,
Oblivion.esm,INFO,0008E4EC,,NAM1,0,,,Those bones want out. ,뼈들이 나오고 싶어합니다.,record,False,False,False,False,,
Oblivion.esm,INFO,0007AC70,,NAM1,0,,,"Please, come back soon. No telling what oddities I may have for you next time.",빨리 돌아와 주세요. 다음은 당신과 괴짜의 이야기 등 하고 싶지는 않습니다.,record,False,False,False,False,,
Oblivion.esm,INFO,0007AC71,,NAM1,0,,,Good day.,좋은 하루를.,record,False,False,False,False,,
Oblivion.esm,INFO,0007AC72,,NAM1,0,,,Finally! My collection is complete!,마침내! 나의 콜렉션은 완성했다!,record,False,False,False,False,,
Oblivion.esm,INFO,0007AC79,,NAM1,0,,,"Excuse me, I have important things to do.",실례합니다. 중요한 용건이 있어서.,record,False,False,False,False,,
Oblivion.esm,INFO,000784B5,,NAM1,0,,,May your path be free of danger.,네가 가는 길에 위험이 없지 않도록.,record,False,False,False,False,,
Oblivion.esm,INFO,0007322C,,NAM1,0,,,I'll talk to you some more yesterday.,어제가 되면 좀 더 이야기를 하자.,record,False,False,False,False,,
Oblivion.esm,INFO,0003B832,,NAM1,0,,,"An honor to serve you, my lady.",당신을 섬기게 되어 영광입니다.,record,False,False,False,False,,
Oblivion.esm,INFO,0003B833,,NAM1,0,,,"An honor to serve you, my lord.",당신을 섬기게 되어 영광입니다.,record,False,False,False,False,,
Oblivion.esm,INFO,0003B834,,NAM1,0,,,I'm sure we'll speak again.,우리가 다시 말 할 것이라 확신합니다.,record,False,False,False,False,,
Oblivion.esm,INFO,0003160C,,NAM1,0,,,"Don't forget who your friends are, or they may just become your enemy.",당신 친구가 누군지 잊지 말아요. 안그러면 적으로 돌변할지도 몰라요.,record,False,False,False,False,,
Oblivion.esm,INFO,0001F377,,NAM1,0,,,Tread the humble path and find enlightenment.,험한 길을 지나 빛이 찾아들기를.,record,False,False,False,False,,
Oblivion.esm,INFO,0001F3B8,,NAM1,0,,,Pleasure and pain be with you.,쾌락과 고통이 함께하기를.,record,False,False,False,False,,
Oblivion.esm,INFO,00043F1D,,NAM1,0,,,For Sheogorath's glory.,셰오고라스 님의 영광을 위해.,record,False,False,False,False,,
Oblivion.esm,INFO,00043E23,,NAM1,0,,,I shall await further summons. No doubt you will have need of me.,새로운 호출을 기다리고 있습니다. 틀림없이 당신은 나를 필요로 하겠지요.,record,False,False,False,False,,
Oblivion.esm,INFO,000432AD,,NAM1,0,,,One more room to go.,이제 방이 하나 남았군요. ,record,False,False,False,False,,
Oblivion.esm,INFO,000432AE,,NAM1,0,,,"Hurry, there's no telling how much damage has already been dealt to the Resonator!","서두르세요, 공진기에 얼마나 손상이 갔을지 모르겠습니다.",record,False,False,False,False,,
Oblivion.esm,INFO,000432AF,,NAM1,0,,,You're doing quite well so far... keep it up!,지금까지 잘해오셨습니다... 앞으로도 잘 해 주시길!,record,False,False,False,False,,
Oblivion.esm,INFO,000432B0,,NAM1,0,,,So good to be back in business!,다시 일을 시작하게 되니 너무 좋군요!,record,False,False,False,False,,
Oblivion.esm,INFO,000432B6,,NAM1,0,,,"Please, I have much to tell you. Don't go.",말씀드릴게 많으니 가지 마세요.,record,False,False,False,False,,
Oblivion.esm,INFO,00040BB3,,NAM1,0,,,Goodbye.,안녕히 가세요.,record,False,False,False,False,,
Oblivion.esm,INFO,0003B836,,NAM1,0,,,Farewell.,잘가시오.,record,False,False,False,False,,
Oblivion.esm,INFO,0003B837,,NAM1,0,,,Congratulations!,축하드립니다!,record,False,False,False,False,,
Oblivion.esm,INFO,0003B838,,NAM1,0,,,We will speak when your task is complete.,당신이 임무를 끝마쳤을 때 우린 다시 이야기 할 것입니다.,record,False,False,False,False,,
Oblivion.esm,INFO,0003B839,,NAM1,0,,,I have much to do. This better be good.,저는 할 일이 많습니다. 더 좋아질 것입니다.,record,False,False,False,False,,
Oblivion.esm,INFO,0003B83A,,NAM1,0,,,May Arden-Sul enrich your mind and guide your heart.,아덴-술(Arden-Sul)은 당신의 몸과 마음을 더 부유하게 만들어 줄 것입니다.,record,True,True,False,False,HIGH,Arden-Sul
Oblivion.esm,INFO,0003B83B,,NAM1,0,,,The Altar of Arden-Sul awaits.,아덴-술의 제단(Altar of Arden-Sul)에서 기다리십시오.,record,True,True,False,False,HIGH,"Altar, of, Arden-Sul"
Oblivion.esm,INFO,0001F37C,,NAM1,0,,,Tread the humble path and find enlightenment.,겸손한 길을 지나가 깨달음을 찾으십시오.,record,False,False,False,False,,
Oblivion.esm,INFO,0003B83C,,NAM1,0,,,Pleasure and pain be with you.,쾌락과 고통이 그대와 함께 하길.,record,False,False,False,False,,
Oblivion.esm,INFO,0006A8A5,,NAM1,0,,,May all your days be filled with enlightenment and mirth!,언제나 당신의 앞날에 환희와 깨달음이 있기를!,record,False,False,False,False,,
Oblivion.esm,INFO,0003160D,,NAM1,0,,,Take heed the knife that strikes from behind.,뒤에서 다넘으로 찌를지도 모르니 조심하시오.,record,False,False,False,False,,
Oblivion.esm,INFO,0003160E,,NAM1,0,,,"Be wary the shadows, friend.","그림자를 조심해요, 친구.",record,False,False,False,False,,
Oblivion.esm,INFO,0003160F,,NAM1,0,,,"Finally, no need to sleep with an eye open.",드디어 뜬눈으로 자지 않아도 되겠군.,record,False,False,False,False,,
Oblivion.esm,INFO,00031610,,NAM1,0,,,Go go! There's no time to waste!,가요! 시간이 없소!,record,False,False,False,False,,
Oblivion.esm,INFO,00031611,,NAM1,0,,,Shhhh. The walls have ears!,쉿! 벽에도 귀가 있어요!,record,False,False,False,False,,
Oblivion.esm,INFO,00031612,,NAM1,0,,,Be wary the shadows.,그림자를 조심해요.,record,False,False,False,False,,
Oblivion.esm,INFO,00031614,,NAM1,0,,,Congratulations!,축하드립니다!,record,False,False,False,False,,
Oblivion.esm,INFO,00031615,,NAM1,0,,,We will speak when your task is complete.,당신의 임무가 끝나면 이야기 하도록 하죠.,record,False,False,False,False,,
Oblivion.esm,INFO,00031616,,NAM1,0,,,"I have failed you, Arden-Sul... I am sorry.","아덴-술(Arden-Sul)이시여, 전 당신을 실망시켰습니다.",record,True,True,False,False,HIGH,Arden-Sul
Oblivion.esm,INFO,0001F379,,NAM1,0,,,Tread the humble path and find enlightenment.,험한 길을 지나 빛이 찾아들기를.,record,False,False,False,False,,
Oblivion.esm,INFO,00031618,,NAM1,0,,,"Pleasure and pain, my lady.",쾌락과 고통이 함께 하길.,record,False,False,False,False,,
Oblivion.esm,INFO,00031619,,NAM1,0,,,"Pleasure and pain, my lord.",쾌락과 고통이 함께 하길.,record,False,False,False,False,,
Oblivion.esm,INFO,0003161A,,NAM1,0,,,The Altar of Arden-Sul awaits.,아덴-술(Arden-Sul)의 제단이 기다립니다.,record,True,True,False,False,HIGH,Arden-Sul
Oblivion.esm,INFO,000206CA,,NAM1,0,,,Pleasure and pain be with you.,쾌락과 고통이 함께 하길.,record,False,False,False,False,,
Oblivion.esm,INFO,00031620,,NAM1,0,,,I wish something would happen already. There is so much else I could be doing.,저는 이미 무언가 일어났기를 바랍니다. 그밖에 제가 할 수 있는 일들이 더 많습니다.,record,False,False,False,False,,
Oblivion.esm,INFO,0006A8B6,,NAM1,0,,,May all your days be filled with enlightenment and mirth!,행복으로 가득찬 앞날에 빛이 함께하기를!,record,False,False,False,False,,
Oblivion.esm,INFO,0001A113,,NAM1,0,,,"Pleasant, as always.",반갑군요.,record,False,False,False,False,,
Oblivion.esm,INFO,0001A114,,NAM1,0,,,"I'd steer clear, citizen.",나라면 피해 갈거요.,record,False,False,False,False,,
Oblivion.esm,INFO,0001A115,,NAM1,0,,,Leave me alone. I'm just trying to work here.,지금 근무중이니 날 내버려두시죠.,record,False,False,False,False,,
Oblivion.esm,INFO,0001A11C,,NAM1,0,,,Too much. Too much.,"너무 많은, 너무 많아요.",record,False,False,False,False,,
Oblivion.esm,INFO,0001A11D,,NAM1,0,,,I won't go back! You can't make me go back!,난 절대 안돌아가! 날 돌아가게 하지는 못해!,record,False,False,False,False,,
Oblivion.esm,INFO,00018C8F,,NAM1,0,,,"Finish what you've started, friend. It'll do wonders for you.",자네가 시작한일을 끝맺으라고 친구. 분명 자네에게 도움이 될꺼야.,record,False,False,False,False,,
Oblivion.esm,INFO,00018BFC,,NAM1,0,,,"Take your time, and hurry back. I might not be waiting for you when you return.","충분히 즐기고, 되도록 빨리 돌아와. 아마 네가 돌아올 때쯤 난 여기 없을 테니까.",record,False,False,False,False,,
Oblivion.esm,INFO,00013341,,NAM1,0,,,Ugh! These welkynd stones taste terrible.,윽. 이 welkynd stone은 맛이 끔찍하군. ,record,False,True,False,False,MEDIUM,"welkynd, stone"
Oblivion.esm,INFO,00013342,,NAM1,0,,,"I'm short on patience as well as magicka. Out of my way! Once I regain my power, I'll show you.","매지카가 부족한 만큼이나 인내심도 사라져가. 내 앞에서 꺼져! 내가 힘을 다시 얻게되면, 그 눈 똑바로 뜨고 잘 봐야 할거야.",record,False,False,False,False,,
Oblivion.esm,INFO,00013343,,NAM1,0,,,Everyone wants my weapons. But they're my weapons. Mine!,다들 내 무기를 쓰려고 해. 하지만 전부 내 무기야! 내거야!,record,False,False,False,False,,
Oblivion.esm,INFO,0001B68B,,NAM1,0,,,For Vitharn!,바이탄(Vitharn)을 위해!,record,True,True,False,False,HIGH,Vitharn
Oblivion.esm,INFO,0008675F,,NAM1,0,,,I shall never forget the talk we had. Your very presence in the Sanctuary is a blessing from the Dread Father himself!,우리가 나누었던 얘기를 잊지 못합니다. 성역에서의 당신의 존재는 매우 대단하여 the Dread Father로 부터의 축복이었습니다!,record,False,True,False,False,MEDIUM,"the, Dread, Father"
Oblivion.esm,INFO,00086760,,NAM1,0,,,"If you ever have need of my abilities, dear Listener, just say the word.","내 능력이 필요한 경우에는, 리스너여, 말씀만 하세요.",record,False,False,False,False,,
Oblivion.esm,INFO,0008675E,,NAM1,0,,,"May the Night Mother always watch over you, great Listener.","나이트 마더가 언제나 당신을 주시하고 있을 겁니다, 훌륭한 리스너여.",record,False,False,False,False,,
Oblivion.esm,INFO,00015307,,NAM1,0,,,I'm... I'm still alive!,나는.. 나는 아직 살아있다!,record,False,False,False,False,,
Oblivion.esm,INFO,00066F30,,NAM1,0,,,Twelve more... Twelve! I was so close!,12개만 더 있으면 돼... 12개! 난 거의 다 모았었다고!,record,False,False,False,False,,
Oblivion.esm,INFO,000B97E3,,NAM1,0,,,"Be well, milady.","건강하세요, 주인님.",record,False,False,False,False,,
Oblivion.esm,INFO,000B97E4,,NAM1,0,,,"Be well, milord.","건강하세요, 주인님.",record,False,False,False,False,,
Oblivion.esm,INFO,000B166B,,NAM1,0,,,I'll be waiting for teeth and horns.,이빨이랑 뿔을 가져오시는 게 기대됩니다.,record,False,False,False,False,,
Oblivion.esm,INFO,0003D4C2,,NAM1,0,,,"Remember, 11 in the evening. Don't disappoint me.",명심해요. 밤 11시란 걸. 날 실망시키지 말아요.,record,False,False,False,False,,
Oblivion.esm,INFO,0003D4C4,,NAM1,0,,,Drink up and eat something. You'll need your strength.,뭘 좀 먹도록 해요. 힘이 필요할 테니까.,record,False,False,False,False,,
Oblivion.esm,INFO,0003D4C7,,NAM1,0,,,This is going to be fun.,재미있을 거에요.,record,False,False,False,False,,
Oblivion.esm,INFO,0002F9BA,,NAM1,0,,,"Aloys, Callia! He's cleared the goblins from Cropsford for us! It's safe for us to build the settlement!","Aloys, Callia! 그가 우리를 위해 Cropsford에서 고블린들을 처리했어! 정착지를 건설해도 안전하다는구나!",record,False,True,False,False,MEDIUM,"Aloys, Callia, Cropsford"
Oblivion.esm,INFO,000CB552,,NAM1,0,,,"Aloys, Callia! She's cleared the goblins from Cropsford for us! It's safe for us to build the settlement!","Aloys, Callia! 그녀가 우리를 위해 Cropsford에서 고블린들을 처리했어! 정착지를 건설해도 안전하다는구나!",record,False,True,False,False,MEDIUM,"Aloys, Callia, Cropsford"
Oblivion.esm,INFO,000165AE,,NAM1,0,,,Get some rest.,좀 쉬시오.,record,False,False,False,False,,
Oblivion.esm,INFO,000C453F,,NAM1,0,,,Farewell.,잘 가시길.,record,False,False,False,False,,
Oblivion.esm,INFO,00038F0B,,NAM1,0,,,Travel safe. Raynil wouldn't think twice about harming you.,안전한 여행이 되길 바래요. Raynil은 당신을 해치는데 두번 생각하지 않을 거에요. ,record,False,True,False,False,MEDIUM,Raynil
Oblivion.esm,INFO,00038F0D,,NAM1,0,,,Travel safe. Raynil wouldn't think twice about harming you.,안전한 여행이 되길 바래요. Raynil은 당신을 해치는데 두번 생각하지 않을 거에요.,record,False,True,False,False,MEDIUM,Raynil
Oblivion.esm,INFO,000C47DB,,NAM1,0,,,M'aiq wishes you well.,므'아이크는 당신이 잘 되길 바란다.,record,False,False,False,False,,
Oblivion.esm,INFO,00189CFA,,NAM1,0,,,"Exhausted Mine is not far to the southeast. Be careful, its many twists and turns hide the Goblin hordes.",Exhausted 광산은 여기서 남동쪽으로 멀지않은 곳에 있습니다. 조심하십시오. 그곳은 구불구불한 구석에 수많은 고블린 종족들이 숨어 있는 곳입니다.,record,False,True,False,False,MEDIUM,Exhausted
Oblivion.esm,INFO,000C4537,,NAM1,0,,,Farewell.,잘 가시길.,record,False,False,False,False,,
Oblivion.esm,INFO,000C4538,,NAM1,0,,,Until we meet again.,다시 만날 때 까지.,record,False,False,False,False,,
Oblivion.esm,INFO,000C4539,,NAM1,0,,,You will remember the day you met Farwil Indarys and treasure every moment after.,파윌 인더리즈(Farwil Indarys)를 만난 날을 기억하고 모든 순간을 간직하게 될 것이네.,record,True,True,False,False,HIGH,"Farwil, Indarys"
Oblivion.esm,INFO,0018D926,,NAM1,0,,,Keep looking for that wine! Farewell!,그 와인을 찾는 걸 계속해요! 잘 가요!,record,False,False,False,False,,
Oblivion.esm,INFO,0018D927,,NAM1,0,,,"Have a fine journey, and keep yourself safe.",멋진 여행이 되길... 그리고 몸 조심해요.,record,False,False,False,False,,
Oblivion.esm,INFO,0018AFDE,,NAM1,0,,,Damn bears... going to run me out of Shardrock at this rate.,빌어먹을 곰탱이들... 이대로라면 난 Shardrock에서 쫓겨나고 말 겁니다,record,False,True,False,False,MEDIUM,Shardrock
Oblivion.esm,INFO,0018AFDF,,NAM1,0,,,"Ah well, perhaps you can return to help another time.","어쩔 수 없군요, 어쩌면 당신이 도와주기 위해 다시 올 수도 있겠죠.",record,False,False,False,False,,
Oblivion.esm,INFO,0018ABCD,,NAM1,0,,,Raelynn will finally get what's coming to her.,Raelynn은 마침내 응당한 벌을 받게 됐군요.,record,False,True,False,False,MEDIUM,Raelynn
Oblivion.esm,INFO,0018ABCE,,NAM1,0,,,"Oh, go on! Leave me then!",나가요! 떠나라고!,record,False,False,False,False,,
Oblivion.esm,INFO,00189D0A,,NAM1,0,,,"Please, don't go. You may be my only hope.",제발 가지 마세요. 당신만이 제 희망입니다.,record,False,False,False,False,,
Oblivion.esm,INFO,0018917A,,NAM1,0,,,Be vigilant. Lonavo is a snake.,조심하게. Lonavo는 방심할수 없는 놈이야.,record,False,True,False,False,MEDIUM,Lonavo
Oblivion.esm,INFO,00189184,,NAM1,0,,,Hmph. Suit yourself.,흠. 좋을 대로 해.,record,False,False,False,False,,
Oblivion.esm,INFO,001885D3,,NAM1,0,,,Please... give them to me! I must have them!,제발... 가져다 주세요! 그게 없으면 안된다구!,record,False,False,False,False,,
Oblivion.esm,INFO,001885D4,,NAM1,0,,,"Be careful, that brute was absolutely huge!","조심해, 그 짐승은 엄청나게 거대했어!",record,False,False,False,False,,
Oblivion.esm,INFO,001885E1,,NAM1,0,,,Won't you help me... please?,제발... 도와주지 않겠어요?,record,False,False,False,False,,
Oblivion.esm,INFO,001885D2,,NAM1,0,,,Safe journey to you.,안전한 여행이 되길.,record,False,False,False,False,,
Oblivion.esm,INFO,00189185,,NAM1,0,,,"If you'll excuse me, I'm off to Leyawiin Castle to check in and then the Imperial City for some rest and relaxation.",괜찮다면 실례하겠습니다. Leyawiin 성에 출근한 뒤 휴양차 Imperial City로 떠나려고 하거든요.,record,False,True,False,False,MEDIUM,"Leyawiin, Imperial, City"
Oblivion.esm,INFO,00189D0B,,NAM1,0,,,You will be included in my prayers forever. May the Divines smile upon you.,남은 생 모두 당신을 위해서도 기도하겠습니다. 디바인께서 당신에게 미소지어주시길...,record,False,False,False,False,,
Oblivion.esm,INFO,0018ABD2,,NAM1,0,,,"Keep yourself safe, my friend.","몸조심하게, 친구.",record,False,False,False,False,,
Oblivion.esm,INFO,0018ABD8,,NAM1,0,,,"Thank you for saving my business, I won't forget it.",내 사업을 구해줘서 고마워요. 난 잊지 않을 겁니다.,record,False,False,False,False,,
Oblivion.esm,INFO,0018B9FE,,NAM1,0,,,Come back and visit me anytime.,다시 오거든 언제든지 방문해줘요.,record,False,False,False,False,,
Oblivion.esm,INFO,0018D937,,NAM1,0,,,Remember me if you find more Shadowbanish Wine!,Shadowbanish Wine을 더 찾거든 날 기억하세요!,record,False,True,False,False,MEDIUM,"Shadowbanish, Wine"
Oblivion.esm,INFO,00061569,,NAM1,0,,,May the Goddess watch you.,신께서 자넬 지켜주실 걸세.,record,False,False,False,False,,
Oblivion.esm,INFO,00061541,,NAM1,0,,,Please bring back Rockshatter. It means a great deal to me.,제발 Rockshatter를 다시 돌려 받고 싶어요. 그것은 저에게 매우 중요한 것입니다.,record,False,True,False,False,MEDIUM,Rockshatter
Oblivion.esm,INFO,00061559,,NAM1,0,,,Suit yourself.,당신 마음대로 하세요,record,False,False,False,False,,
Oblivion.esm,INFO,00033758,,NAM1,0,,,You're in charge now.,지금 지급해라.,record,False,False,False,False,,
Oblivion.esm,INFO,000335E9,,NAM1,0,,,Just do your job.,니일이나 해라.,record,False,False,False,False,,
Oblivion.esm,INFO,000335DF,,NAM1,0,,,Stay with it.,계속 정진해.,record,False,False,False,False,,
Oblivion.esm,INFO,0003375C,,NAM1,0,,,We'll be talking.,"이봐, 우린 대화가 필요하다고.",record,False,False,False,False,,
Oblivion.esm,INFO,0004F9C0,,NAM1,0,,,Aren't you forgetting to tell me something?,내게 뭔가 말할 게 있지 않았어요?,record,False,False,False,False,,
Oblivion.esm,INFO,0008DA81,,NAM1,0,,,"Guilbert was always the brains, but I've got the brawn! If you need anything, he can help you!",Guilbert는 항상 머리를 잘 썼죠. 하지만 난 근육파였다구요! 당신이 원하는게 있다면 그가 도울 수 있을 거에요!,record,False,True,False,False,MEDIUM,Guilbert
Oblivion.esm,INFO,0008DA86,,NAM1,0,,,"At long last, it's good to stand at Weatherleah again.",마침내 Weatherleah에 다시 있게 되니 좋군요.,record,False,True,False,False,MEDIUM,Weatherleah
Oblivion.esm,INFO,0008DA87,,NAM1,0,,,Lead on!,안내해요!,record,False,False,False,False,,
Oblivion.esm,INFO,00084B3E,,NAM1,0,,,"Fear not, our paths may cross again.","걱정 마세요, 우린 다시 만날 수 있을 겁니다.",record,False,False,False,False,,
Oblivion.esm,INFO,00084B3F,,NAM1,0,,,This reunion will be the happiest day of my life.,이 재회가 내 인생의 가장 행복한 날이 될 겁니다.,record,False,False,False,False,,
Oblivion.esm,INFO,0002B3CF,,NAM1,0,,,Let's go home.,집에 갑시다.,record,False,False,False,False,,
Oblivion.esm,INFO,000C42C5,,NAM1,0,,,This battle is not over!,이 싸움이 끝난 게 아닙니다!,record,False,False,False,False,,
Oblivion.esm,INFO,000C42C7,,NAM1,0,,,The farm is near. Stay close.,농장이 가깝습니다. 가까이 오세요.,record,False,False,False,False,,
Oblivion.esm,INFO,0002B3D2,,NAM1,0,,,Come back as quickly as you can.,가능한 빨리 돌아오세요.,record,False,False,False,False,,
Oblivion.esm,INFO,000C42C8,,NAM1,0,,,Goodbye.,잘 가세요.,record,False,False,False,False,,
Oblivion.esm,INFO,000C42C9,,NAM1,0,,,We must go.,가야한다.,record,False,False,False,False,,
Oblivion.esm,INFO,000C42CE,,NAM1,0,,,We will spill their blood in the name of our father!,아버지의 이름을 걸고 놈들을 죽일테다!,record,False,False,False,False,,
Oblivion.esm,INFO,0002B3CD,,NAM1,0,,,"Hurry up, will you?","서두르라고, 알겠어?",record,False,False,False,False,,
Oblivion.esm,INFO,000C42CF,,NAM1,0,,,Hmph.,흥.,record,False,False,False,False,,
Oblivion.esm,INFO,000C42D1,,NAM1,0,,,"Hurry, get to Weynon Priory.",서둘러 Weynon 수도원에 가게.,record,False,True,False,False,MEDIUM,Weynon
Oblivion.esm,INFO,0002B3D3,,NAM1,0,,,Good luck to you.,행운을 비네.,record,False,False,False,False,,
Oblivion.esm,INFO,000C42D2,,NAM1,0,,,"Oh, my sons. My poor sons. Who will help them now?","오, 내 아들들. 내 불쌍한 아들들. 누가 지금 그들을 도와줄까?",record,False,False,False,False,,
Oblivion.esm,INFO,000093A9,,NAM1,0,,,"Again, I thank you.",거듭 감사하네.,record,False,False,False,False,,
Oblivion.esm,INFO,0007028F,,NAM1,0,,,"Well then, it's back to the open road for us, eh? Stay safe, my friend. And stay clear of those Goblins. Little buggers have been getting cocky...","좋아, 열린 길로 돌아왔군. 그렇지? 안전한 곳에 있도록 해 친구. 저 고블린들에게 가까이 가지 말고. 조그마한 것들이 자신감에 차 있으니까... ",record,False,False,False,False,,
Oblivion.esm,INFO,0006FDAC,,NAM1,0,,,All right. The pickpockets and pilferers ain't going to catch themselves. We'd best be off. ,좋아. 소매치기들과 좀도둑들은 스스로 잡히러 오지는 않지. 우리는 떠나는 게 좋겠어. ,record,False,False,False,False,,
Oblivion.esm,INFO,0006FDAD,,NAM1,0,,,"Hey, did you hear that? Thought I heard someone calling for a guard. I guess that's our cue. ","이봐, 그거 들었어? 내가 생각하기에 누군가가 경비병을 부르는 것을 들은 것 같아. 내가 추측하기에 그것은 우리의 신호인 것 같군. ",record,False,False,False,False,,
Oblivion.esm,INFO,0006FDB1,,NAM1,0,,,"Well, I should go. If you need any backup, just give me a shout. ","그러면, 내가 갈게. 만약 네가 지원이 필요하면, 그냥 소리만 질러. ",record,False,False,False,False,,
Oblivion.esm,INFO,0006FDB2,,NAM1,0,,,"We'd best get back to work now, hmm? Captain catches us gabbin', it'll be our heads. ","이제 다시 일 하는 게 좋겠어. 대장이 우리가 수다 떨고 있는 걸 보면, 우리는 해고돼버릴 걸. ",record,False,False,False,False,,
Oblivion.esm,INFO,0006FDCA,,NAM1,0,,,"Just remember, my sword's here if you need it. You run into any trouble, just holler.","그냥 기억해, 내 칼은 네가 필요하다면 여기 있을거야. 무슨 일에 휘말리게 되면, 그냥 소리쳐.",record,False,False,False,False,,
Oblivion.esm,INFO,0006FDCB,,NAM1,0,,,"Back to the watch then, eh? Don't forget to stop by the barracks later. I'll show you those new greaves. The Mithril ones. Until then...",그럼 순찰하러 돌아가. 나중에 병영에 들리는 거 잊지 말고. 그 새 그리브들을 보여줄 테니까. 미스릴로 된 것들 말이야. 수고해... ,record,False,False,False,False,,
Oblivion.esm,INFO,00064FF2,,NAM1,0,,,I'm getting to safety; you should too!,저는 안전한 곳으로 도망칠거에요. 당신도요!,record,False,False,False,False,,
Oblivion.esm,INFO,00064FF5,,NAM1,0,,,It's not safe here! Leave before he comes back!,여기는 위험해요! 그가 돌아오기 전에 도망쳐야해요! ,record,False,False,False,False,,
Oblivion.esm,INFO,00073B9A,,NAM1,0,,,You will pay for this.,넌 이 일에 대가를 치룰것이다. ,record,False,False,False,False,,
Oblivion.esm,INFO,00022A04,,NAM1,0,,,Yer next!,잘 가라고!,record,False,False,False,False,,
Oblivion.esm,INFO,00022A05,,NAM1,0,,,Lucky I'm not makin' ya swim.,네 놈이 헤엄치다니 나도 운이 없구먼.,record,False,False,False,False,,
Oblivion.esm,INFO,00022A07,,NAM1,0,,,Don't you have something to find?,찾을 게 있지 않던가?,record,False,False,False,False,,
Oblivion.esm,INFO,00022A08,,NAM1,0,,,No one tangles with Kurdan... remember that.,아무도 나와 다투려 하지 않지... 그걸 명심해.,record,False,False,False,False,,
Oblivion.esm,INFO,00022A0B,,NAM1,0,,,Go in peace.,편히 가세요.,record,False,False,False,False,,
Oblivion.esm,INFO,0003D4C9,,NAM1,0,,,Trust me when I say we'll give you a night to remember.,"날 믿어요, 잊지 못할 밤을 만들어 줄 테니.",record,False,False,False,False,,
Oblivion.esm,INFO,00053766,,NAM1,0,,,Just exit the city through the North Gate. It isn't far from there.,북쪽 게이트로 나가면 거기서 멀지 않은 곳에 있지.,record,False,False,False,False,,
Oblivion.esm,INFO,000980D1,,NAM1,0,,,Come back when you have the real thing.,네가 진짜를 갖게 되면 돌아와.,record,False,False,False,False,,
Oblivion.esm,INFO,00053767,,NAM1,0,,,"No proof, no money.","증거가 없으면, 돈도 없어.",record,False,False,False,False,,
Oblivion.esm,INFO,00053768,,NAM1,0,,,"Finally, a chance for revenge.","마침내, 복수의 때가 왔다.",record,False,False,False,False,,
Oblivion.esm,INFO,00053769,,NAM1,0,,,"If the guards don't like you, then I probably will! Hahaha.","만약 guard들이 너를 좋아하지 않는다면, 나는 아마 좋아할거야! 하하하  ",record,False,True,False,False,MEDIUM,guard
Oblivion.esm,INFO,0005376A,,NAM1,0,,,Nice try.,잘 했어.,record,False,False,False,False,,
Oblivion.esm,INFO,0005376B,,NAM1,0,,,Gawk at me will you...,얼간이 같은 자식...,record,False,False,False,False,,
Oblivion.esm,INFO,0005376E,,NAM1,0,,,Do I have to think of everything?,내가 모든 걸 생각해야 해?,record,False,False,False,False,,
Oblivion.esm,INFO,0005376F,,NAM1,0,,,I warn you... don't cross me.,너에게 경고하건대... 나를 배신하지 마.,record,False,False,False,False,,
Oblivion.esm,INFO,00053770,,NAM1,0,,,Acquire a taste for rat stew while you were in there? Hehe.,거기 있는동안 쥐고기 스튜 맛좀 봤어? 헤헤.,record,False,False,False,False,,
Oblivion.esm,INFO,00053771,,NAM1,0,,,"He's not likely to just come out and tell you, so get creative!",그는 그리 쉽게 네게 말해주지 않을테니.. 머릴 좀 굴려봐!,record,False,False,False,False,,
Oblivion.esm,INFO,0000BF9D,,NAM1,0,,,Let's go.,갑시다.,record,False,False,False,False,,
Oblivion.esm,INFO,00015F07,,NAM1,0,,,Safe journey.,잘다녀오시오.,record,False,False,False,False,,
Oblivion.esm,INFO,00015E0E,,NAM1,0,,,Blessings of Julianos upon ye.,줄리아노스(Julianos)의 가호가 있길.,record,True,True,False,False,HIGH,Julianos
Oblivion.esm,INFO,00015E0F,,NAM1,0,,,Blessings of Akatosh upon ye.,아카토쉬(Akatosh)의 가호가 있길.,record,True,True,False,False,HIGH,Akatosh
Oblivion.esm,INFO,00015E10,,NAM1,0,,,Blessings of the Shadow upon ye.,쉐도우(Shadow)의 가호가 있길.,record,True,True,False,False,HIGH,Shadow
Oblivion.esm,INFO,00015E11,,NAM1,0,,,Blessings of Anu upon ye.,아누(Anu)의 가호가 있길.,record,True,True,False,False,HIGH,Anu
Oblivion.esm,INFO,00015E12,,NAM1,0,,,Blessings of Mystara upon ye.,마이스타라(Mystara)의 가호가 있길.,record,True,True,False,False,HIGH,Mystara
Oblivion.esm,INFO,00015E13,,NAM1,0,,,Blessings of Arkay upon ye.,알케이(Arkay)의 가호가 있길.,record,True,True,False,False,HIGH,Arkay
Oblivion.esm,INFO,00015E14,,NAM1,0,,,Blessings of Stendarr upon ye.,스텐다르(Stendarr)의 가호가 있길.,record,True,True,False,False,HIGH,Stendarr
Oblivion.esm,INFO,00017C2E,,NAM1,0,,,No sign of him.,행방이 묘연합니다.,record,False,False,False,False,,
Oblivion.esm,INFO,00017C43,,NAM1,0,,,Nothing so far.,전혀.,record,False,False,False,False,,
Oblivion.esm,INFO,00017C44,,NAM1,0,,,"Don't worry, we'll get him.","걱정하지 마시오, 우리가 그를 잡을 겁니다.",record,False,False,False,False,,
Oblivion.esm,INFO,000352A5,,NAM1,0,,,"Yes I can. You are under arrest for the theft of the bust of Llathasa Indarys, Countess of Cheydinhal. Come with me.",물론 그럴 수 있소. 당신은 쉐이딘홀 백작부인 라타사 인더리즈(Llathasa Indarys) 흉상의 절도혐의로 체포되었소. 나와 함께 갑시다.,record,True,True,False,False,HIGH,"Llathasa, Indarys"
Oblivion.esm,INFO,00060331,,NAM1,0,,,Remember. Bernadette Peneles. 6 am. Don't let her see you watching!,기억해. Bernadette Peneles. 오전 6시. 네가 감시하는 게 그녀에게 보여져선 안돼!,record,False,True,False,False,MEDIUM,"Bernadette, Peneles"
Oblivion.esm,INFO,00060332,,NAM1,0,,,Don't let Toutius Sextius catch you following him. He's much more dangerous than he looks!,투티우스 섹스티우스에게 미행한다는 걸 들켜선 안 돼. 그놈은 보이는 것보다 훨씬 더 위험한 놈이야.,record,False,False,False,False,,
Oblivion.esm,INFO,00060333,,NAM1,0,,,Be careful. Davide Surilie is the ringleader. You must NOT let him catch you watching him!,조심해. 다비드 서릴리가 바로 주모자야. 그놈이 네가 감시하고 있다는 사실을 알게 하면 절대 안 돼!,record,False,False,False,False,,
Oblivion.esm,INFO,0018B18A,,NAM1,0,,,"Goodbye, magister. ","잘 가시오, 집행자. ",record,False,False,False,False,,
Oblivion.esm,INFO,000AF06A,,NAM1,0,,,"It was an honor to speak with you, Champion.",같이 얘기하게 되어 영광이었습니다. 챔피언.,record,False,False,False,False,,
Oblivion.esm,INFO,000327B6,,NAM1,0,,,Find the fugitives. Make yourself useful.,탈주범들을 찾아내게. 자네가 쓸모있다는 것을 증명해봐.,record,False,False,False,False,,
Oblivion.esm,INFO,000327B8,,NAM1,0,,,"Get to hunting, meat.","사냥을 시작하게, 핏덩이.",record,False,False,False,False,,
Oblivion.esm,INFO,000335E4,,NAM1,0,,,Time's wasting.,시간 낭비하지 말자구요.,record,False,False,False,False,,
Oblivion.esm,INFO,00033B36,,NAM1,0,,,"Go to, bold fighterperson.","가라, 대담한 싸움꾼.",record,False,False,False,False,,
Oblivion.esm,INFO,00033761,,NAM1,0,,,It's tavern time!,선술집을 가야 할 때군!,record,False,False,False,False,,
Oblivion.esm,INFO,00033777,,NAM1,0,,,Payday! Let's roll!,봉급날이군! 놀아보자!,record,False,False,False,False,,
Oblivion.esm,INFO,0004F3E6,,NAM1,0,,,Get moving. You need to get rid of those thieves.,움직이게. 그 도둑들을 제거해야 하네.,record,False,False,False,False,,
Oblivion.esm,INFO,0003375D,,NAM1,0,,,Come back any time!,언제든 들려주시오!,record,False,False,False,False,,
Oblivion.esm,INFO,00033773,,NAM1,0,,,These break-ins must stop.,그 도둑질을 멈추게 해야 하오.,record,False,False,False,False,,
Oblivion.esm,INFO,0004F3E4,,NAM1,0,,,Take care of Lelles. He needs the help.,Lelles가 도움이 필요한 모양이군요.,record,False,True,False,False,MEDIUM,Lelles
Oblivion.esm,INFO,00033757,,NAM1,0,,,Thanks again.,다시한번 감사드려요.,record,False,False,False,False,,
Oblivion.esm,INFO,0003376F,,NAM1,0,,,"Stay close, please.",가까이에 있어주세요. 부탁이에요.,record,False,False,False,False,,
Oblivion.esm,INFO,0004F3E8,,NAM1,0,,,Go protect Elante. She's doing important research.,가서 Elante를 보호하게. 그녀는 중요한 연구를 하고 있다네.,record,False,True,False,False,MEDIUM,Elante
Oblivion.esm,INFO,00033B1F,,NAM1,0,,,Good going.,잘 하고 있어.,record,False,False,False,False,,
Oblivion.esm,INFO,00033B28,,NAM1,0,,,Where are they?,그자식들 어디있어?,record,False,False,False,False,,
Oblivion.esm,INFO,00033B35,,NAM1,0,,,We're ready.,준비완료.,record,False,False,False,False,,
Oblivion.esm,INFO,000366E2,,NAM1,0,,,I have many questions about all this. I hope Jauffre will be able to answer them.,내겐 모든 게 혼란스럽네. 죠프리(Jauffre)에게 해결책이 있었으면 좋겠군.,record,True,True,False,False,HIGH,Jauffre
Oblivion.esm,INFO,000A712F,,NAM1,0,,,"Farewell, my friend.","잘 가게, 친구.",record,False,False,False,False,,
Oblivion.esm,INFO,000A7131,,NAM1,0,,,Farewell.,잘 가길.,record,False,False,False,False,,
Oblivion.esm,INFO,000A7132,,NAM1,0,,,Go with Akatosh.,아카토쉬와 함께 하길.,record,False,False,False,False,,
Oblivion.esm,INFO,00038FCE,,NAM1,0,,,"May Talos guide you, my friend.",탈로스(Talos)께서 인도하실 걸세 친구.,record,True,True,False,False,HIGH,Talos
Oblivion.esm,INFO,00034245,,NAM1,0,,,I hope you learn something from Tar-Meena about that book. This might just be the break we need.,타르 미너(Tar-Meena)에게 뭔가 좀 알아냈으면 좋겠군. 어쩌면 우리가 찾는 단서가 여기 있을지도 몰라.,record,True,True,False,False,HIGH,Tar-Meena
Oblivion.esm,INFO,00034246,,NAM1,0,,,It sounds like those books may be an important lead. Get back to me as soon as you turn up anything new.,그 책들에 뭔가 중요한 게 있는 것 같군. 새로운 걸 발견하면 될 수 있는 한 빨리 내게 가져와.,record,False,False,False,False,,
Oblivion.esm,INFO,00095890,,NAM1,0,,,Follow me. I know how to get to the part of the sewers where we need to meet the Sponsor.,날 따라 와. 전도사라는 놈을 만나기로 한 하수구로 가는 길을 알아.,record,False,False,False,False,,
Oblivion.esm,INFO,000A31BA,,NAM1,0,,,"Make it quick. The longer we spend down here, the more chance we have of being discovered.",빨리 결정해. 꾸물대다간 일을 그르칠 수도 있어.,record,False,False,False,False,,
Oblivion.esm,INFO,00065556,,NAM1,0,,,I'll see you back at Cloud Ruler Temple. Good luck.,클라우드 룰러(Cloud Ruler) 사원에서 다시 만나자. 행운이 함께 하길.,record,True,True,False,False,HIGH,"Cloud, Ruler"
Oblivion.esm,INFO,000343EB,,NAM1,0,,,It was so nice chatting with you. Be sure to let me know how your hunt for the Mythic Dawn turns out.,유익한 대화였소. 미식 던(Mythic Dawn)의 정체를 밝혀낼 수 있게 되길 바라겠소.,record,True,True,False,False,HIGH,"Mythic, Dawn"
Oblivion.esm,INFO,000343EC,,NAM1,0,,,"I'll keep studying the first two volumes of the ""Commentaries."" Who knows, I might turn up something before you do!","난 ""논평집"" 처음 두 권을 계속 연구할 것이오. 누가 알겠소, 내가 당신보다 먼저 뭔가를 발견하게 될지!",record,False,False,False,False,,
Oblivion.esm,INFO,000477FA,,NAM1,0,,,The Master will soon deal with you.,마스터가 곧 당신을 맞이할 거요.,record,False,False,False,False,,
Oblivion.esm,INFO,00088B3A,,NAM1,0,,,Leave me in peace.,평화롭고 싶소.,record,False,False,False,False,,
Oblivion.esm,INFO,00038FBE,,NAM1,0,,,"Be careful, my friend. I know you have braved many dangers already, but Miscarcand is not to be taken lightly.","조심하게, 친구. 자네가 이미 많은 난관을 헤쳐 나온 걸 알고 있네만, 미스카컨드(Miscarcand)를 가볍게 여겨서는 안되네.",record,True,True,False,False,HIGH,Miscarcand
Oblivion.esm,INFO,00038FCA,,NAM1,0,,,I should have the final part of the ritual deciphered soon. It's only a matter of time now.,의식의 마지막 부분도 곧 해석할 수 있을 것이네. 문제는 시간이야.,record,False,False,False,False,,
Oblivion.esm,INFO,00038FC1,,NAM1,0,,,I think I'm close to deciphering more of the ritual. I hope to have made some progress by the time you return with a daedric artifact.,의식을 해석하는 것에 더 매달리게 되겠군. 자네가 데이드릭 유물을 가지고 돌아오기 전에 진전이 있어야 할 텐데 말일세.,record,False,False,False,False,,
Oblivion.esm,INFO,00038FCC,,NAM1,0,,,I'm still working on the second item needed for the gate-opening ritual. I believe I'm close to deciphering the relevant passage.,여전히 의식에 필요한 두 번째 유물 부분을 해석하고 있네. 적절한 시기에 해석해 낼 수 있을 것이네.,record,False,False,False,False,,
Oblivion.esm,INFO,00038BBF,,NAM1,0,,,I will send word to the Countess at once of the danger to Bruma. You should speak to Martin about his progress with the Xarxes.,브루마(Bruma)의 위험에 대해 백작부인께 알리겠네. 자네는 마틴께 자서스(Xarxes)의 진전에 대해 여쭤보게.,record,True,True,False,False,HIGH,"Bruma, Xarxes"
Oblivion.esm,INFO,00038BC0,,NAM1,0,,,The plans you found make it clear that the Mythic Dawn will soon move against us here. You must eliminate their agents in Bruma.,자네가 찾아낸 문서에 의하면 미식 던(Mythic Dawn)은 곧 이쪽으로 움직일 것이 분명해. 브루마(Bruma) 내의 스파이놈들을 반드시 제거해야 하네.,record,True,True,False,False,HIGH,"Mythic, Dawn, Bruma"
Oblivion.esm,INFO,00038BC1,,NAM1,0,,,I'm counting on you to eliminate those spies. We can't afford to let the Mythic Dawn operate out of Bruma with impunity.,스파이 제거를 기대하겠네. 미식 던(Mythic Dawn)이 브루마(Bruma) 외곽에서 마음대로 활동하는 걸 그냥 버려둘 수는 없네.,record,True,True,False,False,HIGH,"Mythic, Dawn, Bruma"
Oblivion.esm,INFO,00038BC2,,NAM1,0,,,Let me know when you have found and eliminated the Mythic Dawn agents in Bruma.,브루마(Bruma)의 미식 던(Mythic Dawn) 스파이을 찾거나 제거하게 되면 알려주게.,record,True,True,False,False,HIGH,"Bruma, Mythic, Dawn"
Oblivion.esm,INFO,00038BC3,,NAM1,0,,,I hope to have at least part of the Mysterium Xarxes translated in a few days. Speak to Jauffre about those spies in the meantime.,며칠 안으로 자서스(Xarxes) 신비 일부분만이라도 해석이 가능할 지 모르겠군. 그 사이에 죠프리와 스파이에 대해 얘기해 보게.,record,True,True,False,False,HIGH,Xarxes
Oblivion.esm,INFO,00038BC4,,NAM1,0,,,I'm working as quickly I can. The Xarxes doesn't give up its secrets easily.,가능한 한 빨리 해 보겠네. 자서스(Xarxes)의 비밀이 쉽게 드러나지는 않을꺼야.,record,True,True,False,False,HIGH,Xarxes
Oblivion.esm,INFO,000343ED,,NAM1,0,,,"The first words of each paragraph are the key, I'm sure of it! Well, I shouldn't keep you. Goodbye.","각 문장의 첫 번째 글이 열쇠요. 확실하오! 자, 이러고 있을 때가 아니오. 잘 가시오.",record,False,False,False,False,,
Oblivion.esm,INFO,000343EE,,NAM1,0,,,"I've half a mind to go down to Green Emperor Way myself and see what's there ... Well, good luck! I hope you find what you're looking for.","내 마음의 반 쯤은 그린 엠퍼러 웨이(Green Emperor Way)로 가고 있소. 그곳에 무슨 일이 있을 지... 자, 행운을 빌겠소! 당신이 가보고 뭔가 찾기 바라오.",record,True,True,False,False,HIGH,"Green, Emperor, Way"
Oblivion.esm,INFO,000343F4,,NAM1,0,,,Give my warm regards to Baurus. Tell him he should not blame himself for the Emperor's death. He did well to send you to me.,보러스에게 황제의 죽음에 대해 너무 자책하지 말라고 말해주게. 그는 자네를 내게 보내는 일을 잘 해내었어.,record,False,False,False,False,,
Oblivion.esm,INFO,000343F6,,NAM1,0,,,"Don't worry about me, my friend. I know I'm in good hands here.","내 염려는 말게, 친구. 여기에선 안전하다는 걸 알고 있네.",record,False,False,False,False,,
Oblivion.esm,INFO,000343E6,,NAM1,0,,,Waste no time. You must find Martin before the enemy does.,시간이 없네. 적들이 찾아내기 전에 먼저 마틴(Martin)을 찾아내야 하네.,record,True,True,False,False,HIGH,Martin
Oblivion.esm,INFO,000366E3,,NAM1,0,,,Come back with help. I don't know how much longer we can hold out in here.,도움이 필요해. 얼마나 오래 버틸지 모르겠군.,record,False,False,False,False,,
Oblivion.esm,INFO,00038FC3,,NAM1,0,,,Be sure to speak to Jauffre about the Armor of Tiber Septim. I'll continue my study of the Mysterium Xarxes.,죠프리에게 타어버 셉팀(Tiber Septim)의 갑옷에 대해 얘기해보게. 난 계속 자서스(Xarxes) 신비를 연구하고 있겠네.,record,True,True,False,False,HIGH,"Tiber, Septim, Xarxes"
Oblivion.esm,INFO,00038FC4,,NAM1,0,,,"Good luck, my friend. Don't take any unnecessary risks.","행운이 있길 바라네, 친구. 불필요한 위험은 피하게.",record,False,False,False,False,,
Oblivion.esm,INFO,00038FBF,,NAM1,0,,,You should speak to the rulers of Cyrodiil as soon as possible. The danger to Bruma is growing by the day.,될 수 있는 한 빨리 시로딜(Cyrodiil)의 백작들에게 얘기하게. 브루마의 위험이 나날이 커지고 있어.,record,True,True,False,False,HIGH,Cyrodiil
Oblivion.esm,INFO,00033B20,,NAM1,0,,,"Anon us most soon again, for sooth.",조만간 다시 만난다. 진짜로. ,record,False,False,False,False,,
Oblivion.esm,INFO,00033B27,,NAM1,0,,,We are so very sooth.,우린 금방 만난다.,record,False,False,False,False,,
Oblivion.esm,INFO,00033B31,,NAM1,0,,,Precedeth most urgentlike.,방금건 정말 중요해.,record,False,False,False,False,,
Oblivion.esm,INFO,00033B3B,,NAM1,0,,,Let this be our little secret.,우리 이건 비밀로 하자.,record,False,False,False,False,,
Oblivion.esm,INFO,00033B3F,,NAM1,0,,,Please! Get on with it!,제발! 시킨거나 하라고! ,record,False,False,False,False,,
Oblivion.esm,INFO,000514C1,,NAM1,0,,,Go help Lord Rugdumph. And wipe that smile off your face!,가서 Rugdumph 영주를 도와줘. 그리고 괜히 실없이 웃고 다니지마!,record,False,True,False,False,MEDIUM,Rugdumph
Oblivion.esm,INFO,00033B39,,NAM1,0,,,Not bad.,나쁘진 않구먼.,record,False,False,False,False,,
Oblivion.esm,INFO,00033B3D,,NAM1,0,,,Show me to them.,그놈들한테 데려다줘.,record,False,False,False,False,,
Oblivion.esm,INFO,00033B41,,NAM1,0,,,Okay.,좋아.,record,False,False,False,False,,
Oblivion.esm,INFO,00033B42,,NAM1,0,,,Sweet!,좋구먼!,record,False,False,False,False,,
Oblivion.esm,INFO,00033B44,,NAM1,0,,,Ready for action!,전투준비 완료!,record,False,False,False,False,,
Oblivion.esm,INFO,00033B47,,NAM1,0,,,I'm waiting.,대기중.,record,False,False,False,False,,
Oblivion.esm,INFO,0007B79D,,NAM1,0,,,"Move your ass, boot.",빨리빨리 움직여라! 이놈아.,record,False,False,False,False,,
Oblivion.esm,INFO,000335FC,,NAM1,0,,,Go to it.,계약하자.,record,False,False,False,False,,
Oblivion.esm,INFO,0003360F,,NAM1,0,,,Go hurt something.,깍아줘라.,record,False,False,False,False,,
Oblivion.esm,INFO,00033D14,,NAM1,0,,,Join the Guild. You won't regret it.,길드에 가입해라. 너는 후회하지 않을것이다.,record,False,False,False,False,,
Oblivion.esm,INFO,00033DE5,,NAM1,0,,,"Training, beds, and good hard work. Can't beat it.","훈련하는것, 자는것, 그리고 충분히 어려운일. 이길수없다.",record,False,False,False,False,,
Oblivion.esm,INFO,000335E5,,NAM1,0,,,Thanks for the help.,도와줘서 고마워요.,record,False,False,False,False,,
Oblivion.esm,INFO,000335F2,,NAM1,0,,,I'm with you.,제가 함께합니다.,record,False,False,False,False,,
Oblivion.esm,INFO,000335F5,,NAM1,0,,,Let's go.,갑시다.,record,False,False,False,False,,
Oblivion.esm,INFO,000335E3,,NAM1,0,,,Don't just stand there. Move.,그곳에 멍하게 서있지 마시오. 움직이시오.,record,False,False,False,False,,
Oblivion.esm,INFO,0007B726,,NAM1,0,,,"Yessir, no more fish for me. Just long peaceful days ahead for ol' Aelwin Merowald.",내게는 더 필요가 없네. 늙은 Aelwin Merowald에겐 긴 평화로운 날들이 있을 뿐이야.. ,record,False,True,False,False,MEDIUM,"Aelwin, Merowald"
Oblivion.esm,INFO,00071F4D,,NAM1,0,,,"Fortune and fame, friend.","행운과 명성을, 친구.",record,False,False,False,False,,
Oblivion.esm,INFO,00071F4F,,NAM1,0,,,"May riches fill your pockets, friend.","당신의 주머니에 부가 깃들기를, 친구.",record,False,False,False,False,,
Oblivion.esm,INFO,0003402E,,NAM1,0,,,"Sithis be with you, Sister.","시디스(Sithis)의 가호가 있길, 자매여.",record,True,True,False,False,HIGH,Sithis
Oblivion.esm,INFO,0003402F,,NAM1,0,,,"Sithis be with you, Brother.","시디스(Sithis)의 가호가 있길, 형제여.",record,True,True,False,False,HIGH,Sithis
Oblivion.esm,INFO,00034031,,NAM1,0,,,Walk always in the Shadow of Sithis.,항상 시디스(Sithis)의 보호가 있길.,record,True,True,False,False,HIGH,Sithis
Oblivion.esm,INFO,00034034,,NAM1,0,,,"Walk with darkness, child of the Night Mother.","어둠과 함께 걸어가십시오, 나이트 마더의 자식들이여.",record,False,False,False,False,,
Oblivion.esm,INFO,00036315,,NAM1,0,,,May the Night Mother guide you.,나이트 마더가 당신을 보호하십니다.,record,False,False,False,False,,
Oblivion.esm,INFO,0003C9D4,,NAM1,0,,,Finally... back to the real world.,마침내... 현실 세계에 돌아왔군요.,record,False,False,False,False,,
Oblivion.esm,INFO,0003C9FB,,NAM1,0,,,"If you have something to show me, then show me...",뭔가 보이는 것이 있으면 보여주지 않겠나... ,record,False,False,False,False,,
Oblivion.esm,INFO,0017C45F,,NAM1,0,,,Come on! For Kvatch!,크바치(Kvatch)를 위하여!,record,True,True,False,False,HIGH,Kvatch
Oblivion.esm,INFO,00069478,,NAM1,0,,,"Very good, then. I'll get right on it.",좋아요. 그럼 바로 시작하겠습니다,record,False,False,False,False,,
Oblivion.esm,INFO,0006A82A,,NAM1,0,,,"Stay safe, citizen. These are dark times....","조심하시오, 시민. 험한 세상이오... ",record,False,False,False,False,,
Oblivion.esm,INFO,0006FDAF,,NAM1,0,,,"If you run into trouble, come find me.",문제가 생기면 날 찾으시오.,record,False,False,False,False,,
Oblivion.esm,INFO,0018BAA8,,NAM1,0,,,Long live the Empire!,제국이여 영원하라!,record,False,False,False,False,,
Oblivion.esm,INFO,0018BAA9,,NAM1,0,,,"Move along, you worthless filth.","어서 가버려, 쓰레기 같은 놈.",record,False,False,False,False,,
Oblivion.esm,INFO,0018BAAA,,NAM1,0,,,"Keep moving, scum.","그만 꺼져, 멍청이.",record,False,False,False,False,,
Oblivion.esm,INFO,0018BAAB,,NAM1,0,,,Carry on.,하던 일 계속 하시죠. ,record,False,False,False,False,,
Oblivion.esm,INFO,0006FDCC,,NAM1,0,,,"Farewell, citizen.",잘 가시오.,record,False,False,False,False,,
Oblivion.esm,INFO,0018BAAC,,NAM1,0,,,Move along.,가시오.,record,False,False,False,False,,
Oblivion.esm,INFO,0006A84C,,NAM1,0,,,"Farewell, magister. May your spells never falter.",잘 가세요. 당신의 마법이 언제나 강력하기를. ,record,False,False,False,False,,
Oblivion.esm,INFO,0006A84D,,NAM1,0,,,"Until later, then.",그럼 다음에 봐요.,record,False,False,False,False,,
Oblivion.esm,INFO,0006A84E,,NAM1,0,,,"I'll take my leave of you then, fellow magister.","그럼 전 가보도록 하지요, 동료 마법사여.",record,False,False,False,False,,
Oblivion.esm,INFO,0006A84F,,NAM1,0,,,"We'll speak again later, Apprentice. Now go! Your studies await!",다시 이야기하도록 해요. 이제 가세요! 당신이 할 일이 있잖아요,record,False,False,False,False,,
Oblivion.esm,INFO,0006A850,,NAM1,0,,,"With your permission, I take my leave of you now, Scholar.","당신이 허락하신다면, 전 이만 가볼까 합니다, 학자님.",record,False,False,False,False,,
Oblivion.esm,INFO,0006A851,,NAM1,0,,,"When I know more, I'll come find you.","제가 더 알게되면, 알려드릴게요.",record,False,False,False,False,,
Oblivion.esm,INFO,00067DBE,,NAM1,0,,,"Thank you again for your kind words. Now please, don't let me keep you. We'll speak again later.  ","친절하게 말해줘서, 고맙네. 어서 가보게, 다음에 또 얘기하세. ",record,False,False,False,False,,
Oblivion.esm,INFO,00068343,,NAM1,0,,,"Just remember, we're in this together. You must learn to rely on me as I rely on you. But I've rambled on long enough. Akatosh be with you.","기억하게, 우리는 동지야. 내가 자네를 의지하는 것처럼, 자네도 나를 의지하는 법을 배워야 하네. 길게 얘기하진 않겠네, 아카토쉬(Akatosh)께서 함께 하실 것이네.",record,True,True,False,False,HIGH,Akatosh
Oblivion.esm,INFO,00068344,,NAM1,0,,,"My heart is lighter thanks to your words. You've given me kinship, and that is worth more than a thousand swords. Until later, friend.","자네 말을 들으니 마음이 좀 가벼워지는군. 자네가 같은 편이라는 것이 수천의 검보다 힘이 되네. 또 보세, 친구.",record,False,False,False,False,,
Oblivion.esm,INFO,000688FB,,NAM1,0,,,"I offer no excuses, sire. But my life is yours. No assassin will take you while I draw breath.","무례를 용서하시기 바랍니다 폐하. 제 생명은 폐하의 것입니다. 제가 살아 숨쉬는 한, 절대 적들이 폐하께 다가가지 못할 것입니다.",record,False,False,False,False,,
Oblivion.esm,INFO,000688FC,,NAM1,0,,,Don't let me keep you.,어서 가보게.,record,False,False,False,False,,
Oblivion.esm,INFO,000688FD,,NAM1,0,,,"Captain. No news is good news, I hope.","대장, 무소식이 희소식이지.",record,False,False,False,False,,
Oblivion.esm,INFO,000688FE,,NAM1,0,,,"Baurus, good to see you.","보러스(Baurus), 반가워.",record,True,True,False,False,HIGH,Baurus
Oblivion.esm,INFO,000688FF,,NAM1,0,,,"Jena, always a pleasure.","제나(Jena), 항상 즐겁길.",record,True,True,False,False,HIGH,Jena
Oblivion.esm,INFO,00068900,,NAM1,0,,,"Caroline, a good day to you. Or is it evening?","캐롤라인(Caroline), 좋은 하루. 아니, 좋은 저녁인가?",record,True,True,False,False,HIGH,Caroline
Oblivion.esm,INFO,00068901,,NAM1,0,,,"Cyrus, my friend. Don't let me keep you.","사이러스(Cyrus), 내 친구. 잘 하게.",record,True,True,False,False,HIGH,Cyrus
Oblivion.esm,INFO,00068902,,NAM1,0,,,"All's well, I hope, Jauffre?",모두 잘 되겠죠? 죠프리(Jauffre).,record,True,True,False,False,HIGH,Jauffre
Oblivion.esm,INFO,00068903,,NAM1,0,,,"Roliand, thank you.","롤리안드(Roliand), 고마워.",record,True,True,False,False,HIGH,Roliand
Oblivion.esm,INFO,00068904,,NAM1,0,,,"Belisarius, thank you.","벨리사리우스(Belisarius), 고마워.",record,True,True,False,False,HIGH,Belisarius
Oblivion.esm,INFO,00068905,,NAM1,0,,,Carry on.,다음에 또.,record,False,False,False,False,,
Oblivion.esm,INFO,00068345,,NAM1,0,,,"I thank you again for speaking with me, my lord. I'll leave you alone now. I know you're very busy. Until next time.","대화를 허락해 주셔서 감사합니다, 주군. 그만 물러가보겠습니다. 바쁘실 테니 나중에 다시 뵙겠습니다.",record,False,False,False,False,,
Oblivion.esm,INFO,00067DC7,,NAM1,0,,,"Well, I've kept you long enough, my lord. Remember that I'm here if you need anything.",너무 오래 번거롭게 해 드린 것 같습니다. 폐하. 언제든지 필요하시면 전 항상 곁에 있다는 걸 기억해 주시기 바랍니다.,record,False,False,False,False,,
Oblivion.esm,INFO,00068346,,NAM1,0,,,"I'm sorry, sir, I've been rambling on like an excitable child! I can only imagine how busy you must be. With your blessing, I will now take my leave.","죄송합니다, 폐하. 바쁘신데 마치 들 떤 아이들처럼 떠든 것 같습니다. 황공합니다. 이만 물러가겠습니다.",record,False,False,False,False,,
Oblivion.esm,INFO,00068906,,NAM1,0,,,"I'm at your service, my lord.",부르셨습니까 주군.,record,False,False,False,False,,
Oblivion.esm,INFO,00036006,,NAM1,0,,,"As you command, Countess.","알았습니다, 백작님.",record,False,False,False,False,,
Oblivion.esm,INFO,000908D5,,NAM1,0,,,"Good day, Sir Knight.","잘 가게, 기사여.",record,False,False,False,False,,
Oblivion.esm,INFO,0018D7E0,,NAM1,0,,,Keep your heart true... and your eyes open.,참된 마음으로... 깨어 있길.,record,False,False,False,False,,
Oblivion.esm,INFO,0018D7E1,,NAM1,0,,,May Uriel's spirit guide us in these troubled times.,"어려운 시기, 유리엘의 가호가 있길.",record,False,False,False,False,,
Oblivion.esm,INFO,0018D7E2,,NAM1,0,,,May your sword always strike true.,검이 항상 정확하길.,record,False,False,False,False,,
Oblivion.esm,INFO,0018D7DE,,NAM1,0,,,Stay safe.,조심하길.,record,False,False,False,False,,
Oblivion.esm,INFO,0018D7DF,,NAM1,0,,,May Talos guide you.,탈로스(Talos)께서 인도하시길.,record,True,True,False,False,HIGH,Talos
Oblivion.esm,INFO,00037F63,,NAM1,0,,,Farewell.,그럼 이만.,record,False,False,False,False,,
Oblivion.esm,INFO,000ADC5E,,NAM1,0,,,The dragon will stand forever as a memorial to what you and Martin did for all of Tamriel.,"자네와 마틴이 탐리엘을 위해 해준 일이 기억되는 한, 저 드래곤 상은 영원할 것이네.",record,False,False,False,False,,
Oblivion.esm,INFO,000ADC65,,NAM1,0,,,"Any time, Champion.","언제든지, 챔피언.",record,False,False,False,False,,
Oblivion.esm,INFO,000ADD4C,,NAM1,0,,,Please excuse me. I have things to attend to.,그만 실례하오. 알아봐야 할게 있소.,record,False,False,False,False,,
Oblivion.esm,INFO,0018A954,,NAM1,0,,,"All manner of creatures infest Bramblepoint Cave, you must remain vigilant.","모든 종류의 생물이 Bramblepoint Cave 에 몰려들지, 자넨 눈 똑바로 뜨고 있어야만 하네.",record,False,True,False,False,MEDIUM,"Bramblepoint, Cave"
Oblivion.esm,INFO,0018A95F,,NAM1,0,,,What am I to do? I'll never be able to re-enter that cave alone.,난 어쩌지? 나 혼자 그 동굴에 다시 들어갈 수는 없을 게야.,record,False,False,False,False,,
Oblivion.esm,INFO,0017C460,,NAM1,0,,,Be quick about it. This is our best chance to rescue the survivors from the Chapel.,서둘러야 하오. 지금이 성당에 있는 생존자들을 구해낼 최고의 기회요.,record,False,False,False,False,,
Oblivion.esm,INFO,0017C461,,NAM1,0,,,Good luck. It's a brave thing you're doing.,행운을 빌겠소. 용기 있는 행동이오.,record,False,False,False,False,,
Oblivion.esm,INFO,00028C78,,NAM1,0,,,Hurry back.,서둘러!,record,False,False,False,False,,
Oblivion.esm,INFO,0008DFD8,,NAM1,0,,,Hurry! There's no time!,서둘러! 시간이 없어!,record,False,False,False,False,,
Oblivion.esm,INFO,000236ED,,NAM1,0,,,Get a move on.,움직여.,record,False,False,False,False,,
Oblivion.esm,INFO,0003574E,,NAM1,0,,,Farewell.,잘 가시오.,record,False,False,False,False,,
Oblivion.esm,INFO,0004F9C1,,NAM1,0,,,My prayers go with you.,당신을 위해 기도하겠어요.,record,False,False,False,False,,
Oblivion.esm,INFO,0004F9C2,,NAM1,0,,,"Darkfathom Cave isn't that far from here, but the route may be treacherous. Be careful, and journey safe.",Darkfathom 동굴은 여기서 멀지 않아요. 하지만 그곳에 가는 길은 안전하지 않을 지도 모릅니다. 조심하세요. 안전한 여행이 되길 빌겠어요.,record,False,True,False,False,MEDIUM,Darkfathom
Oblivion.esm,INFO,0004F9C3,,NAM1,0,,,"Please, consider my proposal. The reward will be worth the risk.",부디 제 제안을 재고해 주세요. 그 보상은 위험을 감수할 만한 가치가 있을 거에요.,record,False,False,False,False,,
Oblivion.esm,INFO,0004F9C4,,NAM1,0,,,Alves is a practiced researcher... she's sure to have some good information for you.,Alves는 연구원으로 종사해 왔습니다... 그녀라면 당신에게 줄 좋은 정보를 가지고 있다고 확신해요.,record,False,True,False,False,MEDIUM,Alves
Oblivion.esm,INFO,0004F9C5,,NAM1,0,,,"If you change your mind, I'm certainly not going anywhere.",당신이 맘을 바꿔 먹는다면 절 다시 찾아 주세요. 전 확실히 어디든 가지 않을 테니까.,record,False,False,False,False,,
Oblivion.esm,INFO,0004F9D0,,NAM1,0,,,Whatever am I to do?,도대체 내가 할 수 있는 게 뭐가 있죠?,record,False,False,False,False,,
Oblivion.esm,INFO,00094EBD,,NAM1,0,,,Ahhh... Rosentia will be so pleased!,아... Rosentia가 정말 기뻐하겠군요!,record,False,True,False,False,MEDIUM,Rosentia
Oblivion.esm,INFO,00094EBF,,NAM1,0,,,"Please, get those things out of here.",제발 저것들을 여기에서 데리고 나가 주세요.,record,False,False,False,False,,
Oblivion.esm,INFO,00094EC6,,NAM1,0,,,"Send Rosentia my regards. If there's anything else I can do, please let me know!",Rosentia에게 안부전해줘요. 만약 제가 할 수 있는 어떤 일이라도 있다면 부디 제게 알려 주세요!,record,False,True,False,False,MEDIUM,Rosentia
Oblivion.esm,INFO,0014C72C,,NAM1,0,,,The only piece of advice I can give you is to leave no stone unturned. Good luck!,내가 해줄 수 있는 유일한 충고는 최선을 다하라는 겁니다. 행운을 빌어요!,record,False,False,False,False,,
Oblivion.esm,INFO,0004E94B,,NAM1,0,,,This will be my greatest achievement yet.,이것은 나의 가장 큰 업적이 될 것입니다.,record,False,False,False,False,,
Oblivion.esm,INFO,0004E94C,,NAM1,0,,,It's quite possible you may find Nirnroot in people's homes or businesses. Not everyone knows its true potential.,사람들의 집이나 가게 같은곳 에서도 Nirnroot를 찾을 가능성이 다분합니다. 모두가 그것의 진짜 가치를 아는 것은 아니지요.,record,False,True,False,False,MEDIUM,Nirnroot
Oblivion.esm,INFO,0004E94D,,NAM1,0,,,"Now was it Mandrake Root first, then the Void Salts, or the other way around. Hmmm....","일단 맨드레이크 뿌리 먼저, 다음은 보이드 소금, 아니면 반대로. 흠... ",record,False,False,False,False,,
Oblivion.esm,INFO,0004E94E,,NAM1,0,,,Nirnroot doesn't need sunlight to thrive. Don't forget to check underground as well.,Nirnroot가 자라는데는 많은 햇빛이 필요하지 않습니다. 지하또한 살피는 것을 잊지 마십시오.,record,False,True,False,False,MEDIUM,Nirnroot
Oblivion.esm,INFO,0004E94F,,NAM1,0,,,Now where did I put that pestle?,내가 pestle를 어디에 두었더라?,record,False,True,False,False,MEDIUM,pestle
Oblivion.esm,INFO,0004E950,,NAM1,0,,,"Remember, always look near water. That's the best place to find Nirnroot.","기억하세요, 항상 물 근처를 살피세요. 그곳은 Nirnroot을 찾을 수 있는 최적의 장소입니다.",record,False,True,False,False,MEDIUM,Nirnroot
Oblivion.esm,INFO,0004E951,,NAM1,0,,,See you in 24 hours.,24시간에 이후에 봅시다.,record,False,False,False,False,,
Oblivion.esm,INFO,0004E952,,NAM1,0,,,Be careful in Shadeleaf Copse. No telling what else resides there besides the Nirnroot.,Shadeleaf Copse에서는 주의 하십시오. 거기에 Nirnroot 외에도 뭔가가 있을지는 확실치 않습니다.,record,False,True,False,False,MEDIUM,"Shadeleaf, Copse, Nirnroot"
Oblivion.esm,INFO,0004ED76,,NAM1,0,,,"I don't recommend leaving before I've had a chance to offer you more information on your potential reward, although I admire your zeal.","당신의 열정을 존경하지만, 떠나기전에 제가 제안하는 포상에 관계된 정보는 들어보는게 좋을겁니다.",record,False,False,False,False,,
Oblivion.esm,INFO,0001E79E,,NAM1,0,,,Hmph.,흥.,record,False,False,False,False,,
Oblivion.esm,INFO,0001E7A4,,NAM1,0,,,You've shown me mercy. I won't forget that. Thank you.,자비를 베푸신 것을 잊지 않겠습니다. 감사합니다.,record,False,False,False,False,,
Oblivion.esm,INFO,0008DA89,,NAM1,0,,,Until we meet again.,다시 만날 날까지.,record,False,False,False,False,,
Oblivion.esm,INFO,00143F08,,NAM1,0,,,Leave me.,떠나라.,record,False,False,False,False,,
Oblivion.esm,INFO,000093AA,,NAM1,0,,, I will follow.,따라가지.,record,False,False,False,False,,
Oblivion.esm,INFO,000093AB,,NAM1,0,,,Follow me.,따라오게.,record,False,False,False,False,,
Oblivion.esm,INFO,000093AC,,NAM1,0,,,Please hurry.,제발 서두르게.,record,False,False,False,False,,
Oblivion.esm,INFO,000093AD,,NAM1,0,,,"Be cautious, friend.","조심하게, 친구.",record,False,False,False,False,,
Oblivion.esm,INFO,000093AE,,NAM1,0,,,S'wit of a thief.,망할 놈의 도둑.,record,False,False,False,False,,
Oblivion.esm,INFO,000093B4,,NAM1,0,,,A thousand thanks to you.,셀 수 없을 만큼 감사해요.,record,False,False,False,False,,
Oblivion.esm,INFO,000093B5,,NAM1,0,,,I must see Rythe.,난 Rythe를 만나야만 해요.,record,False,True,False,False,MEDIUM,Rythe
Oblivion.esm,INFO,000093B6,,NAM1,0,,,Do be careful.,조심하세요.,record,False,False,False,False,,
Oblivion.esm,INFO,000093B7,,NAM1,0,,,Who will help me?,누가 좀 도와 줄래?,record,False,False,False,False,,
Oblivion.esm,INFO,000093B8,,NAM1,0,,,Do be careful.,조심하세요.,record,False,False,False,False,,
Oblivion.esm,INFO,000093C6,,NAM1,0,,,I await your decision.,도와주실 건가요?,record,False,False,False,False,,
Oblivion.esm,INFO,0003C3B8,,NAM1,0,,,Move along please.,저리 가시오.,record,False,False,False,False,,
Oblivion.esm,INFO,0003C354,,NAM1,0,,,You're really pushing it. Just keep disturbing me.,네놈은 정말 위험한 놈이군. 계속 날 방해하다니.,record,False,False,False,False,,
Oblivion.esm,INFO,0003C355,,NAM1,0,,,What's the hold up? I don't have all day.,뭘 꾸물대? 내가 시간이 남아도는 줄 아나?,record,False,False,False,False,,
Oblivion.esm,INFO,0003C356,,NAM1,0,,,Piss off.,썩 꺼져.,record,False,False,False,False,,
Oblivion.esm,INFO,0003C357,,NAM1,0,,,"Well, come on, let's get movin'.","좋아, 이봐, 움직이자고.",record,False,False,False,False,,
Oblivion.esm,INFO,0003C358,,NAM1,0,,,Goodbye... fare-thee-well... hic.,잘 가라고... 완벽하게... 끄윽.,record,False,False,False,False,,
Oblivion.esm,INFO,0003C35A,,NAM1,0,,,We finally got him! There'll be no excuses this time. Ulrich is mine.,드디어 그 작자를 잡았습니다! 이번엔 절대 빠져나갈 수 없습니다. 울리히는 제 손아귀에 있습니다.,record,False,False,False,False,,
Oblivion.esm,INFO,0003C35B,,NAM1,0,,,I really wish you had followed my advice.,난 정말 당신이 내 충고를 따랐기를 바랍니다.,record,False,False,False,False,,
Oblivion.esm,INFO,0003C35C,,NAM1,0,,,Aldos's death is indeed a tragedy. We'll do what we can to put his soul at ease.,알도스의 죽음은 정말 비극입니다. 우린 그의 영혼이 편안히 잠들 수 있도록 우리가 할 수 있는 것을 할 겁니다.,record,False,False,False,False,,
Oblivion.esm,INFO,0003C35D,,NAM1,0,,,You must locate Aldos. He's a danger to himself and others in his condition.,당신은 알도스를 찾아내야 합니다. 그의 상태로 봐선 그 자신에게나 다른 사람들에게나 위험해요.,record,False,False,False,False,,
Oblivion.esm,INFO,0003C35E,,NAM1,0,,,Goodbye.,잘 가요.,record,False,False,False,False,,
Oblivion.esm,INFO,0003C360,,NAM1,0,,,You must bring that evidence to Garrus. Make haste.,당신은 개러스에게 증거를 가져 와야 합니다. 서두르세요.,record,False,False,False,False,,
Oblivion.esm,INFO,0003C361,,NAM1,0,,,Go. Tell Garrus what I've done. I've nothing to hide.,가세요. Garrus에게 내가 뭘 했는지 말하세요. 난 숨길게 없으니까.,record,False,True,False,False,MEDIUM,Garrus
Oblivion.esm,INFO,0003C362,,NAM1,0,,,"Stand fast, this isn't going to be pleasant.","움직이지 말아요, 이건 즐겁지가 않을 것 같군요.",record,False,False,False,False,,
Oblivion.esm,INFO,0003C363,,NAM1,0,,,Don't tarry... get Ulrich here soon before he changes his mind.,기다리지 말아요... 그의 맘이 바뀌기 전에 그를 여기에서 재빨리 붙잡아요.,record,False,False,False,False,,
Oblivion.esm,INFO,0003C364,,NAM1,0,,,"Ulrich will not buy his way out of this one... he'll pay, I promise you.",Ulrich는 이번엔 빠져 나가지 못할 겁니다. 대가를 치룰 거에요. 내가 약속하죠.,record,False,True,False,False,MEDIUM,Ulrich
Oblivion.esm,INFO,0003C365,,NAM1,0,,,Garrus may be our only hope.,Garrus가 우리의 유일한 희망이 될지도 몰라요.,record,False,True,False,False,MEDIUM,Garrus
Oblivion.esm,INFO,0000BCBB,,NAM1,0,,,Good fortune to you.,당신에게 행운이 있기를.,record,False,False,False,False,,
Oblivion.esm,INFO,00086766,,NAM1,0,,,Idiot.,얼간이.,record,False,False,False,False,,
Oblivion.esm,INFO,0003D4D0,,NAM1,0,,,"Do me a favor, don't say anything to the other guards that I fell for it, ok? Thanks.","부탁입니다만, 다른 경비병들에게 내가 그것에 빠졌다고 말하지 말아주십시오, 알았죠? 고마워요.",record,False,False,False,False,,
Oblivion.esm,INFO,00086768,,NAM1,0,,,"Next time you want to ""help out,"" just don't.","다음에 당신이 ""도와주길 바래도"" 절대 안 도울 거에요.",record,False,False,False,False,,
Oblivion.esm,INFO,0003D4D5,,NAM1,0,,,"You're sharp for an adventurer. If you ever decide to retire, I'm sure the Anvil City Watch would love to have you.",당신은 뛰어난 모험가입니다. 만일 은퇴하길 결정한다면 Anvil 경비대가 당신을 갖고 싶어할 거라고 확신해요.,record,False,True,False,False,MEDIUM,Anvil
Oblivion.esm,INFO,00132A8B,,NAM1,0,,,See you back in Anvil.,Anvil에서 다시 봅시다.,record,False,True,False,False,MEDIUM,Anvil
Oblivion.esm,INFO,00132A8D,,NAM1,0,,,Don't spend all the money from the reward in one place.,한 곳에 보상으로 얻은 돈을 모두 쓰진 마세요.,record,False,False,False,False,,
Oblivion.esm,INFO,0003C9B6,,NAM1,0,,,"Farewell, friend.","잘 가길, 친구여.",record,False,False,False,False,,
Oblivion.esm,INFO,0003CA4C,,NAM1,0,,,I do hope our paths cross again.,다시 만나길 바래요.,record,False,False,False,False,,
Oblivion.esm,INFO,00022A09,,NAM1,0,,,May Mara guide you in your travels.,Mara께서 당신의 여행을 이끌어 주시길.,record,False,True,False,False,MEDIUM,Mara
Oblivion.esm,INFO,000908E7,,NAM1,0,,,"Hmmm, wonder if it's too late to ask for less rat in tomorrow's dinner?","흠, 내일 저녁 식사엔 보다 적은 쥐를 요구하기엔 너무 늦었을까?",record,False,False,False,False,,
Oblivion.esm,INFO,00053764,,NAM1,0,,,"She was an evil, evil woman.","그녀는 사악해, 사악한 여자야.",record,False,False,False,False,,
Oblivion.esm,INFO,00053765,,NAM1,0,,,"Maybe I'll never see the sun again, but neither will Arnora!",어쩌면 난 다시 태양을 못 볼 지도 모르지만 Arnora도 그럴 거라고!,record,False,True,False,False,MEDIUM,Arnora
Oblivion.esm,INFO,000908F0,,NAM1,0,,,Send a moron to do a man's job...,인간의 일을 할 수 있는 멍청이를 보내... ,record,False,False,False,False,,
Oblivion.esm,INFO,000914D6,,NAM1,0,,,I've better things to do than waste time speaking with you.,너와 말하는 시간 낭비를 하느니 내 할 일을 하는 게 더 낫겠군.,record,False,False,False,False,,
Oblivion.esm,INFO,0003C353,,NAM1,0,,,Remorse? Ha!,후회? 하!,record,False,False,False,False,,
Oblivion.esm,INFO,000914D9,,NAM1,0,,,"Now, to find another drink...","자, 또 다른 마실 걸 찾자고... ",record,False,False,False,False,,
Oblivion.esm,INFO,000914DC,,NAM1,0,,,Excuse me.,실례합니다.,record,False,False,False,False,,
Oblivion.esm,INFO,0003C359,,NAM1,0,,,"Until we meet again, may your travels be safe and the road remain clear.","우리가 다시 만날 때까지, 당신의 여행이 안전하고 깨끗하길 빌겠습니다.",record,False,False,False,False,,
Oblivion.esm,INFO,000914E1,,NAM1,0,,,Some other time maybe.,다음 기회로 미루죠.,record,False,False,False,False,,
Oblivion.esm,INFO,0003C35F,,NAM1,0,,,"Farewell, serjo.",잘 가시길.,record,False,False,False,False,,
Oblivion.esm,INFO,00038F0A,,NAM1,0,,,Farewell.,잘 가시길.,record,False,False,False,False,,
Oblivion.esm,INFO,00038F0C,,NAM1,0,,,Justice has been done.,정의가 실현됐어요.,record,False,False,False,False,,
Oblivion.esm,INFO,00132A9E,,NAM1,0,,,Hope to see you again soon.,곧 다시 당신을 만나길 바래요.. ,record,False,False,False,False,,
Oblivion.esm,INFO,00132AA0,,NAM1,0,,,Just look for me if you need anything else.,뭔가 필요한 게 있으면 바로 날 찾아오세요.,record,False,False,False,False,,
Oblivion.esm,INFO,00038F19,,NAM1,0,,,Goodbye.,잘 가시오.,record,False,False,False,False,,
Oblivion.esm,INFO,00038F21,,NAM1,0,,,Have you ever considered a job in law enforcement? Hehehe.,법을 집행하는 직업을 고려해본 적이 있습니까? 하하하.,record,False,False,False,False,,
Oblivion.esm,INFO,0001C4D0,,NAM1,0,,,May luck be always on your side.,행운이 항상 당신 곁에 있기를.,record,False,False,False,False,,
Oblivion.esm,INFO,00132AA4,,NAM1,0,,,"Safe journey, milord.",안전한 여행이 되길.,record,False,False,False,False,,
Oblivion.esm,INFO,00132AA5,,NAM1,0,,,"Safe journey, milady.",안전한 여행이 되길.,record,False,False,False,False,,
Oblivion.esm,INFO,00033581,,NAM1,0,,,Good journey to you.,좋은 여행 되시오.,record,False,False,False,False,,
Oblivion.esm,INFO,0003358A,,NAM1,0,,,"Goodbye, Knight. Remember to carry our symbol proudly as a beacon of hope for all Cyrodiil!","잘 가게, 기사여. 모든 Cyroiil의 희망의 등불로서 자랑스럽게 우리의 상징을 지니고 있음을 기억하게!",record,False,True,False,False,MEDIUM,Cyroiil
Oblivion.esm,INFO,00033594,,NAM1,0,,,Farewell.,잘 가시길.,record,False,False,False,False,,
Oblivion.esm,INFO,000093A8,,NAM1,0,,,"Safe journey, serjo.","즐거운 여행이 되길, serjo.",record,False,True,False,False,MEDIUM,serjo
Oblivion.esm,INFO,000093AF,,NAM1,0,,,"Safe travels, muthsera.",안전한 여행이 되시길.. 무세라.,record,False,False,False,False,,
Oblivion.esm,INFO,0008DA82,,NAM1,0,,,Greed is unbecoming.,탐욕은 어울리지 않아요.,record,False,False,False,False,,
Oblivion.esm,INFO,0008DA84,,NAM1,0,,,Honor suits you well. May your journeys always be safe.,명예가 당신에게 잘 어울리는군요. 당신의 여행은 항상 안전할 거에요.,record,False,False,False,False,,
Oblivion.esm,INFO,0008DA8C,,NAM1,0,,,Fetcher.,심부름꾼.,record,False,False,False,False,,
Oblivion.esm,INFO,00143F0D,,NAM1,0,,,"Our transaction is complete. I trust you'll keep this between us, yes?","우리 거래는 완벽해. 난 자네가 우리 둘 사이에서 이걸 지켜줄 거라 믿네, 그렇지?",record,False,False,False,False,,
Oblivion.esm,INFO,00143F0E,,NAM1,0,,,Good deeds and moral fiber. Bah!,"착한 일을 한데다 도덕적인 성품을 가졌군, 그래. 흥!",record,False,False,False,False,,
Oblivion.esm,INFO,0001E0E5,,NAM1,0,,,May the sunlight always safeguard your path.,햇빛이 항상 당신의 길을 지켜줄 거요.,record,False,False,False,False,,
Oblivion.esm,INFO,0001E0EB,,NAM1,0,,,Until our paths cross again...,또 만날 때 까지... ,record,False,False,False,False,,
Oblivion.esm,INFO,00146810,,NAM1,0,,,"Be ever vigilant, vampires are creatures of deceit.","방심하지 마세요, 뱀파이어들은 교활한 생물입니다.",record,False,False,False,False,,
Oblivion.esm,INFO,00146811,,NAM1,0,,,"Vampires are clever, so watch your back.",뱀파이어들은 영리합니다. 그러니 조심하세요.,record,False,False,False,False,,
Oblivion.esm,INFO,00146817,,NAM1,0,,,Farewell.,잘 가시길.,record,False,False,False,False,,
Oblivion.esm,INFO,0001E7A1,,NAM1,0,,,"Please, return soon. It's always a pleasure to see you.",부디 빨리 돌아오세요. 언제나 당신을 기쁘게 맞이할 테니까요.,record,False,False,False,False,,
Oblivion.esm,INFO,0001E7D3,,NAM1,0,,,Farewell. May the roads carry you safely in your journeys.,잘 가요. 당신의 여행은 항상 안전할 거에요.,record,False,False,False,False,,
Oblivion.esm,INFO,000165AD,,NAM1,0,,,So long.,그럼 또 봐요.,record,False,False,False,False,,
Oblivion.esm,INFO,000165B5,,NAM1,0,,,"Farewell, my friend.","잘 가길, 친구.",record,False,False,False,False,,
Oblivion.esm,INFO,0014C72F,,NAM1,0,,,The Tears look beautiful in my collection. A thousand thanks once again.,내 수집품에서 그 눈물이 아름다워 보이는군요. 천 번 쯤 다시 한번 감사하겠습니다.,record,False,False,False,False,,
Oblivion.esm,INFO,00026BAD,,NAM1,0,,,"If you come across any unusual ingredients in your travels, be sure to remember me and bring them here.","여행에서 색다른 성분을 발견하거든, 확실하게 날 기억하고 그것들을 내게 가져오세요.",record,False,False,False,False,,
Oblivion.esm,INFO,0004E94A,,NAM1,0,,,The only piece of advice I can give you is to leave no stone unturned. Good luck!,내가 당신에게 해 줄 수 있는 충고는 모든 수단을 다 쓰시기 바랍니다. 행운을 빌어요!,record,False,False,False,False,,
Oblivion.esm,INFO,0004F9BF,,NAM1,0,,,"Farewell, and may you find your way home safely each night to a warm fire.","안녕히, 그리고 당신이 집으로 가는 길에 안전하게 매일 밤 따뜻한 모닥불을 찾을 수 있기를.",record,False,False,False,False,,
Oblivion.esm,INFO,00094EB9,,NAM1,0,,,Return anytime.,언제든 돌아오세요.,record,False,False,False,False,,
Oblivion.esm,INFO,0015974F,,NAM1,0,,,Farewell.,잘 가시길.,record,False,False,False,False,,
Oblivion.esm,INFO,00035754,,NAM1,0,,,"Until our paths cross again, my friend.","또 만날 때 까지, 친구여.",record,False,False,False,False,,
Oblivion.esm,INFO,00159753,,NAM1,0,,,Fare thee well.,잘 가세요.,record,False,False,False,False,,
Oblivion.esm,INFO,00159755,,NAM1,0,,,No rest for the weary Orgnolf.,피곤한 오그놀프(Orgnolf)는 휴식이 필요해.,record,True,True,False,False,HIGH,Orgnolf
Oblivion.esm,INFO,000236EE,,NAM1,0,,,"Farewell, my friend. May your blade always strike true. And first. He he.","잘 가, 나의 친구. 너의 칼이 언제나 진실만 노리기를... 헤헤.",record,False,False,False,False,,
Oblivion.esm,INFO,0002A7D3,,NAM1,0,,,Pathetic Blue Team Coward!,불쌍한 청팀의 겁쟁이 같으니.,record,False,False,False,False,,
Oblivion.esm,INFO,0003A90E,,NAM1,0,,,May your blade always strike true!,너의 칼이 진실만을 노리기를!,record,False,False,False,False,,
Oblivion.esm,INFO,0003A90F,,NAM1,0,,,"Hmm? Oh, yeah... Bye...",음? 오.. 그래... 가봐... ,record,False,False,False,False,,
Oblivion.esm,INFO,0003A910,,NAM1,0,,,"Well, what are you waiting for? Get!","좋아, 뭘 기다리는 거야! 쟁취하라고!",record,False,False,False,False,,
Oblivion.esm,INFO,0002AE0B,,NAM1,0,,,Have a good day now.,좋은 하루 보내세요.,record,False,False,False,False,,
Oblivion.esm,INFO,000A5661,,NAM1,0,,,Make them leave! Now!,그들을 떠나게 하시오! 당장!,record,False,False,False,False,,
Oblivion.esm,INFO,000335E2,,NAM1,0,,,I'll be waiting.,기다리겠소.,record,False,False,False,False,,
Oblivion.esm,INFO,000335EC,,NAM1,0,,,Yeah. Nice going.,"좋아, 잘가시오.",record,False,False,False,False,,
Oblivion.esm,INFO,000335F1,,NAM1,0,,,Show me something.,내게 뭔가 보여주시오.,record,False,False,False,False,,
Oblivion.esm,INFO,000335F7,,NAM1,0,,,Shove off.,가시오.,record,False,False,False,False,,
Oblivion.esm,INFO,000335FA,,NAM1,0,,,We appreciate it.,감사드리오.,record,False,False,False,False,,
Oblivion.esm,INFO,000335FE,,NAM1,0,,,All we want is work to do.,우리 모두는 할 일을 원하오.,record,False,False,False,False,,
Oblivion.esm,INFO,00033601,,NAM1,0,,,Mind your own business.,자네의 일에나 신경쓰게.,record,False,False,False,False,,
Oblivion.esm,INFO,00033605,,NAM1,0,,,"Much obliged, my friend.","신세를 졌군, 친구.",record,False,False,False,False,,
Oblivion.esm,INFO,00033609,,NAM1,0,,,We're done here.,우린 이곳에서의 일을 마쳤소.,record,False,False,False,False,,
Oblivion.esm,INFO,0003360C,,NAM1,0,,,Can't you take a hint?,당신 알아채지 못했소?,record,False,False,False,False,,
Oblivion.esm,INFO,000535F4,,NAM1,0,,,Make them go away!,그들을 떠나게 만드시오!,record,False,False,False,False,,
Oblivion.esm,INFO,0003E211,,NAM1,0,,,Gods protect us!,신들이 우리를 지켜주신다!,record,False,False,False,False,,
Oblivion.esm,INFO,0003E213,,NAM1,0,,,Doomed! We're all doomed!,파멸! 우리 모두 죽을 운명이다!,record,False,False,False,False,,
Oblivion.esm,INFO,0008DD63,,NAM1,0,,,Peryite guide your actions.,Peryite가 당신의 행동을 지시합니다.,record,False,True,False,False,MEDIUM,Peryite
Oblivion.esm,INFO,0008DD64,,NAM1,0,,,Precious order to you.,당신에게 고귀한 사명을.,record,False,False,False,False,,
Oblivion.esm,INFO,0008DA91,,NAM1,0,,,So long.,안녕히.,record,False,False,False,False,,
Oblivion.esm,INFO,0008DA94,,NAM1,0,,,"Our transaction is complete. I trust you'll keep this between us, yes?","우리 거래는 완벽하오. 난 당신이 우리 사이에서 이걸 지켜줄 것으로 믿소, 그렇소?",record,False,False,False,False,,
Oblivion.esm,INFO,0008DA98,,NAM1,0,,,Good deeds and moral fiber. Bah!,친절한 데다 양심적이구만. 흥!,record,False,False,False,False,,
Oblivion.esm,INFO,0008DA9D,,NAM1,0,,,"Either you have it, or you don't. Don't play games with me.","당신이 그걸 가지고 있든 아니든, 나와 장난칠 생각은 말라고!",record,False,False,False,False,,
Oblivion.esm,INFO,0008DA9E,,NAM1,0,,,Beware. The Redguard Valley Ogres are not known for their... hospitality.,조심하시오. Redguard Valley 오우거들이 반기지 않을거요.,record,False,True,False,False,MEDIUM,"Redguard, Valley"
Oblivion.esm,INFO,00089931,,NAM1,0,,,You shouldn't pass on golden opportunities.,절호의 기회를 놓쳐선 안되지.,record,False,False,False,False,,
Oblivion.esm,INFO,0008DA8F,,NAM1,0,,,"Please hurry, we are anxious to return home.","서둘러 주세요, 우린 집에 돌아가고 싶습니다.",record,False,False,False,False,,
Oblivion.esm,INFO,0008DA90,,NAM1,0,,,Please avenge my family's death... slay the ogres.,내 가족의 죽음을 복수해 주세요... 오우거들을 없애주세요.,record,False,False,False,False,,
Oblivion.esm,INFO,0008DA95,,NAM1,0,,,"Keep to it, I have faith in you.","계속하세요, 난 당신을 믿습니다.",record,False,False,False,False,,
Oblivion.esm,INFO,0008DA9A,,NAM1,0,,,Be careful. I don't know what dangers may lurk in the Great Forest.,조심하세요. Great Forest 에 어떤 위험이 도사릴 지 모릅니다.,record,False,True,False,False,MEDIUM,"Great, Forest"
Oblivion.esm,INFO,00089933,,NAM1,0,,,Farewell then.,그럼 잘 가시길.,record,False,False,False,False,,
Oblivion.esm,INFO,00084B40,,NAM1,0,,,Good day to you.,좋은 하루 되세요.,record,False,False,False,False,,
Oblivion.esm,INFO,00084B41,,NAM1,0,,,Farewell!,잘 가시길!,record,False,False,False,False,,
Oblivion.esm,INFO,00084B42,,NAM1,0,,,Brother? Wow... hope he's got a wine cellar!,형제? 와우... 그가 포도주 저장고를 갖고 있으면 좋겠구먼!,record,False,False,False,False,,
Oblivion.esm,INFO,00084B45,,NAM1,0,,,"Impersonate ME will you? Ha! There's only one... ummm... ahhh... what was my name again? Oh, yes... only one Reynald.","날 연기하겠다고? 하! 오직 한 명이야... 음... 에... 내 이름이 뭐였지? 오, 맞아... Reynald 오직 하나라고.",record,False,True,False,False,MEDIUM,Reynald
Oblivion.esm,INFO,00084B46,,NAM1,0,,,"Say, could you pour me another? I seem to have run dry...","이보쇼, 더 따라줄 수 있소? 말라 붙은 것 같은데... ",record,False,False,False,False,,
Oblivion.esm,INFO,00095A82,,NAM1,0,,,Be careful.,조심해.,record,False,False,False,False,,
Oblivion.esm,INFO,00095A83,,NAM1,0,,,Report back as soon as you can.,빠른 보고를 기다리고 있겠네.,record,False,False,False,False,,
Oblivion.esm,INFO,0005D8EF,,NAM1,0,,,Make haste. Mucianus is in danger.,서두르게. Mucianus가 위험하네.,record,False,True,False,False,MEDIUM,Mucianus
Oblivion.esm,INFO,0005D8EE,,NAM1,0,,,"Return to your guild, and prepare yourself accordingly.","당신의 길드로 돌아가, 거기에 걸맞는 준비를 하세요.",record,False,False,False,False,,
Oblivion.esm,INFO,0005C0C6,,NAM1,0,,,"Farewell, Star-Bearer.","Star - Bearer여, 안녕히.",record,False,True,False,False,MEDIUM,"Star, Bearer"
Oblivion.esm,INFO,0005C0CC,,NAM1,0,,,"Go with our blessing, Goldbrand.","우리의 축복이 함께하길, Goldbrand.",record,False,True,False,False,MEDIUM,Goldbrand
Oblivion.esm,INFO,0005C0CD,,NAM1,0,,,May the Masque protect you.,Masque가 당신을 지키주기를.,record,False,True,False,False,MEDIUM,Masque
Oblivion.esm,INFO,0005C0CE,,NAM1,0,,,Knowledge is Power.,지식은 힘이다.,record,False,False,False,False,,
Oblivion.esm,INFO,0005C0CF,,NAM1,0,,,"Good hunting, Hide-Wearer.","행운을 빌겠소, Hide-Wearer.",record,False,True,False,False,MEDIUM,Hide-Wearer
Oblivion.esm,INFO,0005C0D0,,NAM1,0,,,"Good fortune, Volendrung.","행운이 깃들기, Volendrung.",record,False,True,False,False,MEDIUM,Volendrung
Oblivion.esm,INFO,0005C0D1,,NAM1,0,,,May your Blade show the way.,당신의 검이 인도 하소서.,record,False,False,False,False,,
Oblivion.esm,INFO,0005C0D2,,NAM1,0,,,Keep the Ring safe.,반지를 소중히 간직하시오.,record,False,False,False,False,,
Oblivion.esm,INFO,0005C0D3,,NAM1,0,,,"Smash the foe, Mace-Bearer.","적을 때려 부수어라, Mace-Bearer.",record,False,True,False,False,MEDIUM,Mace-Bearer
Oblivion.esm,INFO,0005C0D4,,NAM1,0,,,The Ring guides us all.,그 반지는 우리 모두를 인도한다.,record,False,False,False,False,,
Oblivion.esm,INFO,0005C0D5,,NAM1,0,,,Keep the Key safe.,열쇠를 소중히 간직하시오.,record,False,False,False,False,,
Oblivion.esm,INFO,0005C0D6,,NAM1,0,,,"Farewell, Spellbreaker.","안녕히 가시오, Spellbreaker.",record,False,True,False,False,MEDIUM,Spellbreaker
Oblivion.esm,INFO,0005C0D7,,NAM1,0,,,"Reach for glory, Rose-Bearer.","영광을 향하여, Rose-Bearer.",record,False,True,False,False,MEDIUM,Rose-Bearer
Oblivion.esm,INFO,0005C0D8,,NAM1,0,,,Drunk with madness! Madness for all!,광기에 취하라! 모든이에게 광기를!,record,False,False,False,False,,
Oblivion.esm,INFO,0005C0D9,,NAM1,0,,,"True dreaming, Skull-Bearer.","진정한 꿈을, Skull-Bearer.",record,False,True,False,False,MEDIUM,Skull-Bearer
Oblivion.esm,INFO,0005C0DA,,NAM1,0,,,You stand on holy ground.,당신은 성지에 서있소.,record,False,False,False,False,,
Oblivion.esm,INFO,0005C0F4,,NAM1,0,,,Do not test His patience.,그분의 인내심을 시험하지 마라.,record,False,False,False,False,,
Oblivion.esm,INFO,0005D506,,NAM1,0,,,We tremble beneath His eye.,우리는 그의 시선아래 떨고 있습니다.,record,False,False,False,False,,
Oblivion.esm,INFO,0005D507,,NAM1,0,,,We serve Her will.,우리는 그녀의 의지를 따릅니다.,record,False,False,False,False,,
Oblivion.esm,INFO,0005D508,,NAM1,0,,,Her eye is upon you.,그녀가 당신을 주시하고 있군요.,record,False,False,False,False,,
Oblivion.esm,INFO,0005C0F5,,NAM1,0,,,I'll be here.,나는 여기서 기다리고 있겠소.,record,False,False,False,False,,
Oblivion.esm,INFO,0005C0F6,,NAM1,0,,,Go carefully.,조심이 가시오.,record,False,False,False,False,,
Oblivion.esm,INFO,0005C0F7,,NAM1,0,,,"Go, then...",가라... ,record,False,False,False,False,,
Oblivion.esm,INFO,0005C0F8,,NAM1,0,,,Remember... this place is sacred.,기억해라... 이곳은 신성한 곳이다.,record,False,False,False,False,,
Oblivion.esm,INFO,0005C0F9,,NAM1,0,,,We watch and wait.,지켜보겠다.,record,False,False,False,False,,
Oblivion.esm,INFO,000579BE,,NAM1,0,,,Praise be to the Lord Molag Bal.,Lord Molag Bal을 칭송하라.,record,False,True,False,False,MEDIUM,"Lord, Molag, Bal"
Oblivion.esm,INFO,000243BF,,NAM1,0,,,Great fortunes to you.,위대한 행운을 기원하오.,record,False,False,False,False,,
Oblivion.esm,INFO,0002441C,,NAM1,0,,,I wish you luck. I fear you'll need it.,당신의 행운을 빌겠소. 부디 기우이길 바라오.,record,False,False,False,False,,
Oblivion.esm,INFO,0007B798,,NAM1,0,,,The blade. It hungers for souls.,이 검은 영혼에 굶주려 있소.,record,False,False,False,False,,
Oblivion.esm,INFO,0007B79A,,NAM1,0,,,Umbra. It is everything.,움브라. 그게 전부요.,record,False,False,False,False,,
Oblivion.esm,INFO,0005C06B,,NAM1,0,,,Come see me when you've spoken to Jeanne.,진과 얘기한 다음엔 날 만나러 오게나.,record,False,False,False,False,,
Oblivion.esm,INFO,0004C5AF,,NAM1,0,,,You shall have a true Mages' Staff soon.,자네는 곧 제대로 된 메이지의 staff를 가지게 될걸세.,record,False,True,False,False,MEDIUM,staff
Oblivion.esm,INFO,000579C7,,NAM1,0,,,May the Lady guide your steps.,Lady가 당신의 발걸음을 인도해 주기를.,record,False,True,False,False,MEDIUM,Lady
Oblivion.esm,INFO,000579C9,,NAM1,0,,,Just leave me. Please.,그냥 내버려둬. 제발.,record,False,False,False,False,,
Oblivion.esm,INFO,00038FCB,,NAM1,0,,,You should rendezvous with Captain Burd immediately. The sooner that gate is closed the better.,지금 곧 버드(Burd) 대장을 만나게. 게이트를 닫는 일은 빠를수록 좋아.,record,True,True,False,False,HIGH,Burd
Oblivion.esm,INFO,0004C5B0,,NAM1,0,,,Don't forget: be down here at 10 PM. I'll see you then.,밤 10시에 여기로 내려오는걸 잊지말게. 그때 보기로 하지.,record,False,False,False,False,,
Oblivion.esm,INFO,0004C5B1,,NAM1,0,,,Don't forget: the living quarters at 10 PM. I'll see you there.,밤 10시에 리빙쿼터일세. 거기서 보기로 하지.,record,False,False,False,False,,
Oblivion.esm,INFO,0004C5B2,,NAM1,0,,,Let me know when you're done with that little task.,그일을 어떻게 처리했는지 내가 알수 있겠나.,record,False,False,False,False,,
Oblivion.esm,INFO,0004C5B4,,NAM1,0,,,Please come find me as soon as you've located J'skar.,J'skar가 어디있는지 알면 바로 저를 찾아오세요.,record,False,True,False,False,MEDIUM,J'skar
Oblivion.esm,INFO,0003CA36,,NAM1,0,,,Elements... Dreamworld... HA! That's the best yarn I've heard in years!,"원소... 드림월드... 하! 그런 허풍, 들은 적도 없어!",record,False,False,False,False,,
Oblivion.esm,INFO,0003CA4B,,NAM1,0,,,"Please, help me find what I've lost.","제발, 내가 잃어버린 것을 찾는걸 도와 주세요.",record,False,False,False,False,,
Oblivion.esm,INFO,0003CA59,,NAM1,0,,,"Please, you must speak with Henantier. He has the reward I offered.",Henantier와 얘기하세요. 내가 언급한 보상을 그가 가지고 있답니다.,record,False,True,False,False,MEDIUM,Henantier
Oblivion.esm,INFO,0003CA8E,,NAM1,0,,,Now is a time for sleep. How I wish I could go with you!,"이제 잠들 시간입니다. 할 수만 있다면, 저도 동행하고 싶답니다!",record,False,False,False,False,,
Oblivion.esm,INFO,0003CA90,,NAM1,0,,,Don't take this sojourn lightly. The recesses of the mind can be the darkest place of all.,방심은 금물입니다. 마음속은 인간의 가장 어두운 일면일지도 모릅니다.,record,False,False,False,False,,
Oblivion.esm,INFO,0003CAFA,,NAM1,0,,,My poor Henantier. Help will be with you soon.,불쌍한 Henantier. 곧 당신에게 도움이 있을 거야.,record,False,True,False,False,MEDIUM,Henantier
Oblivion.esm,INFO,0003CC21,,NAM1,0,,,Just this way.,이쪽입니다.,record,False,False,False,False,,
Oblivion.esm,INFO,0003CC29,,NAM1,0,,,"Please, return quickly.","부탁입니다, 서둘러 돌아오세요.",record,False,False,False,False,,
Oblivion.esm,INFO,0003CD67,,NAM1,0,,,"Please, I'm in desperate need of help, and I think you're the only one that I can turn to!","부탁힙니다. 전 지금 도움이 절실하고, 믿을 수 있는 분이 당신밖에 없습니다!",record,False,False,False,False,,
Oblivion.esm,INFO,000243BD,,NAM1,0,,,Walk where your road must take you.,너를 이끄는 길을 향해 나아가라.,record,False,False,False,False,,
Oblivion.esm,INFO,000343B2,,NAM1,0,,,"Take care, father.","조심하세요, 아버지.",record,False,False,False,False,,
Oblivion.esm,INFO,000343B6,,NAM1,0,,,"Goodbye, darling.","안녕, 여보.",record,False,False,False,False,,
Oblivion.esm,INFO,000A9346,,NAM1,0,,,"Remember, I will be expecting you at Nenalata in three days time.","기억하세요, 3일 후 Nenalata에서 당신을 기다릴 것입니다.",record,False,True,False,False,MEDIUM,Nenalata
Oblivion.esm,INFO,00033582,,NAM1,0,,,You should hasten to Castle Cheydinhal.,어서 Cheydinhal 성에 가보세요.,record,False,True,False,False,MEDIUM,Cheydinhal
Oblivion.esm,INFO,00033584,,NAM1,0,,,I never want to see one of those gates again.,저런 게이트는 다시 보고 싶지 않아요.,record,False,False,False,False,,
Oblivion.esm,INFO,00033585,,NAM1,0,,,We should continue for Farwil's sake.,파윌(Farwil)을 위해서도 우리는 계속 가야합니다.,record,True,True,False,False,HIGH,Farwil
Oblivion.esm,INFO,00033587,,NAM1,0,,,Let's keep moving.,어서 갑시다.,record,False,False,False,False,,
Oblivion.esm,INFO,00033589,,NAM1,0,,,Please help us.,제발 도와주세요.,record,False,False,False,False,,
Oblivion.esm,INFO,0000BCBC,,NAM1,0,,,Good luck to you.,행운을 빌겠어요.,record,False,False,False,False,,
Oblivion.esm,INFO,0000BCBD,,NAM1,0,,,Gotta run!,도망쳐야 해요!,record,False,False,False,False,,
Oblivion.esm,INFO,0000BCBF,,NAM1,0,,,"As soon as this opens, I'm leaving.",이게 열리자마자 바로 난 떠나겠습니다.,record,False,False,False,False,,
Oblivion.esm,INFO,0000BCC0,,NAM1,0,,,Did you hear a noise?,무슨 소리를 들었어요?,record,False,False,False,False,,
Oblivion.esm,INFO,0000BCC2,,NAM1,0,,,Let's be done with this.,이걸 끝내도록 하죠.,record,False,False,False,False,,
Oblivion.esm,INFO,0000BCC5,,NAM1,0,,,Farewell.,잘 가세요.,record,False,False,False,False,,
Oblivion.esm,INFO,0000BCC7,,NAM1,0,,,I'll see you in Anvil.,Anvil에서 봅시다.,record,False,True,False,False,MEDIUM,Anvil
Oblivion.esm,INFO,0000BCCA,,NAM1,0,,,Goodbye.,잘 가요.,record,False,False,False,False,,
Oblivion.esm,INFO,0000BCCC,,NAM1,0,,,Congratulations on your buy!,구입한신걸 축하합니다!,record,False,False,False,False,,
Oblivion.esm,INFO,0000BCD3,,NAM1,0,,,Enjoy the manor.,그 저택을 즐기세요.,record,False,False,False,False,,
Oblivion.esm,INFO,0000BCE6,,NAM1,0,,,Don't wait too long to decide.,결정을 너무 미루지 마세요.,record,False,False,False,False,,
Oblivion.esm,INFO,0009F984,,NAM1,0,,,"Malacath, have mercy!","Malacath여, 자비를!",record,False,True,False,False,MEDIUM,Malacath
Oblivion.esm,INFO,0009F999,,NAM1,0,,,May Malacath forgive us for what we've done.,Malacath여 우리의 행동을 용서하소서.,record,False,True,False,False,MEDIUM,Malacath
Oblivion.esm,INFO,0001473D,,NAM1,0,,,Shadow hide you.,그림자가 당신을 가려줄 거요.,record,False,False,False,False,,
Oblivion.esm,INFO,000982D3,,NAM1,0,,,May you always wear soft silks.,당신은 항상 부드러운 비단을 착용한다고 봅니다.,record,False,False,False,False,,
Oblivion.esm,INFO,000982D4,,NAM1,0,,,The moths are almost done spinning.,거의 다 뽑아가고 있어.,record,False,False,False,False,,
Oblivion.esm,INFO,00028753,,NAM1,0,,,Shh.  Not in front of the stranger.,쉿. 이방인 앞에서는 안 돼.,record,False,False,False,False,,
Oblivion.esm,INFO,00028754,,NAM1,0,,,We'll talk later tonight at the gathering.,나중에 오늘밤 모임에서 얘기하자.,record,False,False,False,False,,
Oblivion.esm,INFO,000981BC,,NAM1,0,,,Be seeing you.,또 봐요.,record,False,False,False,False,,
Oblivion.esm,INFO,000981D4,,NAM1,0,,,See ya.,또 봅시다.,record,False,False,False,False,,
Oblivion.esm,INFO,0001C4D1,,NAM1,0,,,Return when you have the Madstone.,Madstone을 찾거든 돌아오세요.,record,False,True,False,False,MEDIUM,Madstone
Oblivion.esm,INFO,0001C4D2,,NAM1,0,,,May the path ahead be free of danger.,가는 길이 안전하기를.,record,False,False,False,False,,
Oblivion.esm,INFO,0001C4D3,,NAM1,0,,,I'm disappointed. But you'll be back.,실망이군요. 하지만 당신은 돌아올 거에요.,record,False,False,False,False,,
Oblivion.esm,INFO,0001C4D4,,NAM1,0,,,Please consider my proposal.,내 제안을 생각해 보세요.,record,False,False,False,False,,
Oblivion.esm,INFO,000980D2,,NAM1,0,,,Just speak to Tolgan... you'll see.,Tolgan에게 말하세요... ,record,False,True,False,False,MEDIUM,Tolgan
Oblivion.esm,INFO,000980D3,,NAM1,0,,,May the Divines smile upon you.,디바인들께서 당신에게 미소 지으시길.,record,False,False,False,False,,
Oblivion.esm,INFO,0001E0E6,,NAM1,0,,,I'll see you in the Imperial City.,임페리얼 시티에서 다시 만나자.,record,False,False,False,False,,
Oblivion.esm,INFO,0001E0E7,,NAM1,0,,,"Remain leery of Seridur, he's much more cunning than you may suspect.",세리듀를 경계하십시오. 놈은 당신이 생각하는 이상으로 교활합니다.,record,False,False,False,False,,
Oblivion.esm,INFO,0001E0E9,,NAM1,0,,,I appreciate your forebearance.,당신의 관대한 태도는 훌륭하다고 생각해.,record,False,False,False,False,,
Oblivion.esm,INFO,0001E0EA,,NAM1,0,,,"Please, stay your hand.","제발, 멈추세요.",record,False,False,False,False,,
Oblivion.esm,INFO,0001E0EC,,NAM1,0,,,I'll drain you until you live no more!,숨이 멈출때까지 빨아내주마!,record,False,False,False,False,,
Oblivion.esm,INFO,0001E0ED,,NAM1,0,,,Who knows when Roland may strike again? You must hurry.,언제 다시 롤랜드가 흡혈할지 누가 알겠소? 서둘러야 해요.,record,False,False,False,False,,
Oblivion.esm,INFO,0001E0EE,,NAM1,0,,,There's more to tell.,할 얘기가 더 있습니다.,record,False,False,False,False,,
Oblivion.esm,INFO,0001E0EF,,NAM1,0,,,This way.,이 쪽입니다.,record,False,False,False,False,,
Oblivion.esm,INFO,000947C0,,NAM1,0,,,Good day.,좋은 하루 되시길..,record,False,False,False,False,,
Oblivion.esm,INFO,000165B0,,NAM1,0,,,Be cautious... their leader sounds dangerous.,조심하시오... 그들의 리더는 위험인물인 것 같소.,record,False,False,False,False,,
Oblivion.esm,INFO,000165B1,,NAM1,0,,,I await your return... if you return.,당신이 돌아오길 기다리겠소... 돌아온다면 말이지.,record,False,False,False,False,,
Oblivion.esm,INFO,000165B3,,NAM1,0,,,Good luck... you'll need it.,행운을 비오... 당신에게 필요할 거요.,record,False,False,False,False,,
Oblivion.esm,INFO,00026BA4,,NAM1,0,,,I'm glad you're back in one piece.,무사히 돌아와 줘서 기쁘다.,record,False,False,False,False,,
Oblivion.esm,INFO,00026BA5,,NAM1,0,,,It appears you're well prepared. Good luck.,각오는 충분한 것 같군. 행운을 비네.,record,False,False,False,False,,
Oblivion.esm,INFO,00026BA7,,NAM1,0,,,"Stay warm, my friend.","방한을 확실히 하게, 친구.",record,False,False,False,False,,
Oblivion.esm,INFO,00026BA8,,NAM1,0,,,"To think, all the information I needed was in a simple tome. Ah well...",필요한 정보는 모두 1권의 책에 있다고 생각했다. 뭐 좋아...,record,False,False,False,False,,
Oblivion.esm,INFO,00026BA9,,NAM1,0,,,Keep me informed.,계속 연락하게.,record,False,False,False,False,,
Oblivion.esm,INFO,00026BAA,,NAM1,0,,,Bring my salutations to Julienne. Safe journey to you.,Julienne에게 안부를 전해주게. 자네의 여행이 안전하길 빌겠네.,record,False,True,False,False,MEDIUM,Julienne
Oblivion.esm,INFO,00026BAB,,NAM1,0,,,"I assure you, the gold is well worth the risk.",위험에 걸맞는 금화를 약속하겠네.,record,False,False,False,False,,
Oblivion.esm,INFO,00026BAC,,NAM1,0,,,Goodbye.,잘 가게.,record,False,False,False,False,,
Oblivion.esm,INFO,0014C72D,,NAM1,0,,,"If you come across any unusual ingredients in your travels, be sure to remember me and bring them here.","여행 중 유별난 성분을 발견하면, 날 기억하고 내게 가져와 주세요.",record,False,False,False,False,,
Oblivion.esm,INFO,0003574F,,NAM1,0,,,"Good luck, investigator.","행운을 빌어요, 조사관님.",record,False,False,False,False,,
Oblivion.esm,INFO,00038F0E,,NAM1,0,,,"I know I sound desperate, but I know I'm right.",필사적으로 들린다는 걸 알지만 난 내가 옳다는 걸 알아요.,record,False,False,False,False,,
Oblivion.esm,INFO,00038F10,,NAM1,0,,,"Oh Bradon, you fool...","오 Bradon, 바보 같은 사람... ",record,False,True,False,False,MEDIUM,Bradon
Oblivion.esm,INFO,00038F12,,NAM1,0,,,Hope to see you again soon.,나중에 다시 봐요.,record,False,False,False,False,,
Oblivion.esm,INFO,00036418,,NAM1,0,,,The time of Preparation is almost over.,준비의 시간이 끝나간다.,record,False,False,False,False,,
Oblivion.esm,INFO,00036419,,NAM1,0,,,"The time of Cleansing is at hand, praise be.",정화의 시간이 다가 온다. 찬양하라.,record,False,False,False,False,,
Oblivion.esm,INFO,000463D4,,NAM1,0,,,"Believe me, it was no picnic. But thanks to our friend here, I now know we can close these hell-gates. We can defend Bruma!","나를 믿어라, 우린 놀고 있는 게 아니다. 여기 우리의 친구에게 감사한다. 이젠 우리 스스로 이 지옥의 게이트를 닫을 수 있다. 우리는 브루마를 지킬 수 있어!",record,False,False,False,False,,
Oblivion.esm,INFO,00088B3B,,NAM1,0,,,It won't matter. Lord Dagon will soon be able to cross over. The Master's plan will have succeeded.,그건 문제가 아니야. 데이건 군주께서 곧 나서실 거야. 마스터의 계획이 성공할 꺼라 구.,record,False,False,False,False,,
Oblivion.esm,INFO,00088B3C,,NAM1,0,,,At least Anaxes isn't here to torment us anymore.,적어도 아나제스(Anaxes)는 더이상 여기서 우릴 괴롭히지 못해.,record,True,True,False,False,HIGH,Anaxes
Oblivion.esm,INFO,00088B40,,NAM1,0,,,Watch out for Anaxes. Some meddling fool must have let him loose.,아나제스(Anaxes)를 잘 감시해. 어떤 쓸데없는 멍청이가 그를 풀어줄 지도 몰라.,record,True,True,False,False,HIGH,Anaxes
Oblivion.esm,INFO,00088B41,,NAM1,0,,,Nothing really matters here anyway.,"어쨌든, 여기선 실제의 일은 아무것도 없어.",record,False,False,False,False,,
Oblivion.esm,INFO,00088B43,,NAM1,0,,,I keep hoping that I won't wake up the next time they kill me. But I always do. We will never escape this nightmare.,다음에 또 죽으면 다시 깨어나지 말았으면 좋겠어. 하지만 항상 되풀이 되지. 이 악몽은 도저히 벗어날 수 없을 거야.,record,False,False,False,False,,
Oblivion.esm,INFO,00088B44,,NAM1,0,,,Some of the new ones say that the war is going badly. The attack on Bruma failed completely.,새로 온 자들에 의하면 전쟁이 불리해 진다는군. 브루마의 공격은 완전한 실패라더군.,record,False,False,False,False,,
Oblivion.esm,INFO,00088B47,,NAM1,0,,,I don't believe we'll escape here even if Dagon's invasion succeeds. We'll be the Master's playthings forever.,데이건의 침략이 성공하더라도 우린 여기서 벗어나지 못 할 거야. 우린 영원히 마스터의 노리개로 남을 거라구.,record,False,False,False,False,,
Oblivion.esm,INFO,00088B65,,NAM1,0,,,"Be patient. Lord Dagon's victory is only a matter of time now, and then we will return to Tamriel in triumph.","견뎌내야 해. 이제 데이건(Dagon) 군주의 승리는 시간 문제고, 그때면 우리는 승리자로 탐리엘로 돌아갈 것이야.",record,True,True,False,False,HIGH,Dagon
Oblivion.esm,INFO,00088B66,,NAM1,0,,,Those who despair will certainly never be permitted to leave the Eternal Garden.,포기하면 틀림없이 야생의 정원을 벗어나지 못해.,record,False,False,False,False,,
Oblivion.esm,INFO,00088B67,,NAM1,0,,,The Eternal Garden is the testing ground for the new rulers of Tamriel. I intend to pass the Master's test.,야생의 정원은 탐리엘(Tamriel)의 새로운 통치에 대한 시험 무대야. 나는 마스터의 시험을 통과할 작정이야.,record,True,True,False,False,HIGH,Tamriel
Oblivion.esm,INFO,00088B68,,NAM1,0,,,"We'll speak again soon, no doubt.","곧 다시 얘기할 수 있을 거야, 그럴 거야.",record,False,False,False,False,,
Oblivion.esm,INFO,000363B1,,NAM1,0,,,Take my advice. Stay away from the Watchmen.,내 충고를 들으시오. 경비대엔 참견하지 말아요.,record,False,False,False,False,,
Oblivion.esm,INFO,000363B2,,NAM1,0,,,I'm going to keep a low profile for a while.,잠시 동안 쥐 죽은 듯이 지낼 겁니다.,record,False,False,False,False,,
Oblivion.esm,INFO,000363B3,,NAM1,0,,,Damn Watchman. I bet they're all crooked.,Watchman 개자식들. 전부 한통속이야.,record,False,True,False,False,MEDIUM,Watchman
Oblivion.esm,INFO,000363B5,,NAM1,0,,,Good luck with Itius.,Itius의 행운을.,record,False,True,False,False,MEDIUM,Itius
Oblivion.esm,INFO,000363B6,,NAM1,0,,,I hope your witnesses are willing to come forward.,피해자가 증언해주면 좋을텐데.,record,False,False,False,False,,
Oblivion.esm,INFO,000363BF,,NAM1,0,,,Let's keep my problem with Audens just between you and I.,아우덴스에 관한 문제는 당신과 나만의 이야기로 해두죠.,record,False,False,False,False,,
Oblivion.esm,INFO,000363CC,,NAM1,0,,,"If you tell anyone I said anything bad about Audens, I'll deny it.","내가 아우덴스의 부정을 말했다고 알리고 다녀도, 난 시치미땔거요.",record,False,False,False,False,,
Oblivion.esm,INFO,000363CD,,NAM1,0,,,It's been a pleasure doing business with you.,함께 일할 수 있어서 좋았어.,record,False,False,False,False,,
Oblivion.esm,INFO,00086561,,NAM1,0,,,Prompt attention to this matter will be rewarded.,이 문제에 대해서 기민하게 대처한다면 그만한 보답이 있을거요. ,record,False,False,False,False,,
Oblivion.esm,INFO,00086562,,NAM1,0,,,You're a lying bastard. You killed Ra'vindra. And now I'm going to kill you. ,너는 비열한 거짓말쟁이다. 넌 Ra'vindra를 죽였어. 그리고 이제 내가 널 죽일테다.,record,False,True,False,False,MEDIUM,Ra'vindra
Oblivion.esm,INFO,00086564,,NAM1,0,,,Then to hell with you!,지옥에나 가라!,record,False,False,False,False,,
Oblivion.esm,INFO,000908E5,,NAM1,0,,,Remember. A knight's title shall be your reward.,기억하시오. 기사란 타이틀이 자네의 보상이 될터이니 .,record,False,False,False,False,,
Oblivion.esm,INFO,0008674C,,NAM1,0,,,Secure those artifacts before it's too late.,너무 늦기 전에 유물들을 회수하도록 하게.,record,False,False,False,False,,
Oblivion.esm,INFO,00086783,,NAM1,0,,,"Quickly, hurry to Silorn while there's still time.","어서, 시간이 있을때 사일론으로 가게나.",record,False,False,False,False,,
Oblivion.esm,INFO,0008673A,,NAM1,0,,,"Farewell, my friend!","잘 가길, 친구!",record,False,False,False,False,,
Oblivion.esm,INFO,000335EB,,NAM1,0,,,Whatever.,무엇이든지.,record,False,False,False,False,,
Oblivion.esm,INFO,00033755,,NAM1,0,,,We'll get through this.,우린 이 일을 극복할 수 있을 거네.,record,False,False,False,False,,
Oblivion.esm,INFO,00033766,,NAM1,0,,,You can do it.,자네라면 해낼 수 있을 거야.,record,False,False,False,False,,
Oblivion.esm,INFO,00033764,,NAM1,0,,,"Yes, Master. Whatever you say.","네, 마스터. 뭐든지 시키시는데로.",record,False,False,False,False,,
Oblivion.esm,INFO,0003377D,,NAM1,0,,,Tell her right away.,지금당장 그녀에게 말하게.,record,False,False,False,False,,
Oblivion.esm,INFO,00033797,,NAM1,0,,,Finish it.,끝났네 ,record,False,False,False,False,,
Oblivion.esm,INFO,00033759,,NAM1,0,,,We've got to stop them.,우리가 그들을 막아야해.,record,False,False,False,False,,
Oblivion.esm,INFO,00033767,,NAM1,0,,,I'll wait here.,난 여기서 기다리도록 하지.,record,False,False,False,False,,
Oblivion.esm,INFO,00033780,,NAM1,0,,,Keep moving.,계속 움직여.,record,False,False,False,False,,
Oblivion.esm,INFO,0003379C,,NAM1,0,,,Good luck.,행운을 비네..,record,False,False,False,False,,
Oblivion.esm,INFO,0003375B,,NAM1,0,,,"Oh, the poor little rats!","오, 불쌍한 우리 쥐들!",record,False,False,False,False,,
Oblivion.esm,INFO,00033769,,NAM1,0,,,"Oh, my rats are so cute!","오, 우리 쥐는 너무 귀여워요!",record,False,False,False,False,,
Oblivion.esm,INFO,0004F548,,NAM1,0,,,"Please, go find Pinarus, and those mountain lions!",Pinarus 를 찾아서 그 mountain lion 들좀 어떻게 해주세요.,record,False,True,False,False,MEDIUM,"Pinarus, mountain, lion"
Oblivion.esm,INFO,00033778,,NAM1,0,,,Please save my little rats!,제발 가여운 쥐들을 구해주세요!,record,False,False,False,False,,
Oblivion.esm,INFO,0004F3EF,,NAM1,0,,,Go take care of the rats. Then talk to me.,가서 쥐들이 어떤지 확인한후에 다시 제게 와 주세요.,record,False,False,False,False,,
Oblivion.esm,INFO,0004F54A,,NAM1,0,,,Better go talk to ol' Arvena.,어서 ARvena 에게 가보시오.,record,False,True,False,False,MEDIUM,ARvena
Oblivion.esm,INFO,0004F54C,,NAM1,0,,,Let's go hunting.,자 사냥을 시작해 봅시다.,record,False,False,False,False,,
Oblivion.esm,INFO,0004F550,,NAM1,0,,,Let me know if you need my help.,내 도움이 필요하거든 알려주시오.,record,False,False,False,False,,
Oblivion.esm,INFO,0007B79B,,NAM1,0,,,Take care of the rats.,쥐를 지켜 주세요.,record,False,False,False,False,,
Oblivion.esm,INFO,00033768,,NAM1,0,,,We'll show them.,우리가 그것들을 파헤쳐 내야해.,record,False,False,False,False,,
Oblivion.esm,INFO,00033782,,NAM1,0,,,Let's go.,자 가자고,record,False,False,False,False,,
Oblivion.esm,INFO,0003379B,,NAM1,0,,,I'm relying on you.,난 너만 믿고 있어,record,False,False,False,False,,
Oblivion.esm,INFO,0003379F,,NAM1,0,,,Later.,나중에 하자,record,False,False,False,False,,
Oblivion.esm,INFO,0003375E,,NAM1,0,,,"Next time, on time, please.",부탁이니까 다음번엔 시간 맞춰서 해줘요.,record,False,False,False,False,,
Oblivion.esm,INFO,0003376C,,NAM1,0,,,I'll be waiting right here.,여기서 기다리지.,record,False,False,False,False,,
Oblivion.esm,INFO,00033784,,NAM1,0,,,You're wasting your time.,시간낭비하고 있네.,record,False,False,False,False,,
Oblivion.esm,INFO,000335DD,,NAM1,0,,,You're staring at me again.,또 절 쳐다보고 있네요.,record,False,False,False,False,,
Oblivion.esm,INFO,000335E7,,NAM1,0,,,Stop staring at me. Let's get to work.,그만 쳐다봐요! 일하러 가자구요.,record,False,False,False,False,,
Oblivion.esm,INFO,00033760,,NAM1,0,,,Good work.,훌륭해.,record,False,False,False,False,,
Oblivion.esm,INFO,00033762,,NAM1,0,,,Make him sing.,자백하게 만들어.,record,False,False,False,False,,
Oblivion.esm,INFO,0003377B,,NAM1,0,,,Go get him.,가서 잡아.,record,False,False,False,False,,
Oblivion.esm,INFO,0004F3ED,,NAM1,0,,,You go get 'em! And whip their asses for Newheim!,가서 그들을 잡게! Newheim을 위해 그들의 엉덩이를 걷어차줘!,record,False,True,False,False,MEDIUM,Newheim
Oblivion.esm,INFO,00033B22,,NAM1,0,,,Go ahead. I don't care.,가보게. 난 관여하지 않을 테니.,record,False,False,False,False,,
Oblivion.esm,INFO,00033B2D,,NAM1,0,,,Bless you.,축복이 있길.,record,False,False,False,False,,
Oblivion.esm,INFO,00033B2E,,NAM1,0,,,"Find the Stone, please!","돌(Stone)을 찾아주시오, 제발!",record,True,True,False,False,HIGH,Stone
Oblivion.esm,INFO,0008320E,,NAM1,0,,,We need your help desperately!,우리는 당신의 도움이 절대적으로 필요합니다!,record,False,False,False,False,,
Oblivion.esm,INFO,0004F3EA,,NAM1,0,,,Talk to Cirroc about that contract. Make me proud.,그 청부에 대해 시록(Cirroc)과 대화해보게. 내가 자넬 자랑스럽게 여길 수 있도록 해줘.,record,True,True,False,False,HIGH,Cirroc
Oblivion.esm,INFO,00033B24,,NAM1,0,,,I'll never forget this.,난 결코 이것을 잊지 않을 거예요.,record,False,False,False,False,,
Oblivion.esm,INFO,00033B2A,,NAM1,0,,,I'm so grateful.,진정 감사하게 생각해요.,record,False,False,False,False,,
Oblivion.esm,INFO,00033B33,,NAM1,0,,,You're my only hope.,당신이 내 유일한 희망이에요.,record,False,False,False,False,,
Oblivion.esm,INFO,000327C4,,NAM1,0,,,Enjoy your stay here.,부담없이 머무르세요.,record,False,False,False,False,,
Oblivion.esm,INFO,000327C5,,NAM1,0,,,Stay as long as you like.,원한다면 얼마든지 머무르세요.,record,False,False,False,False,,
Oblivion.esm,INFO,000327C7,,NAM1,0,,,"Haul your carcass to that settlement, meat.","자네의 몸뚱이를 그 마을(settlement)로 끌고가게, 핏덩이.",record,True,True,False,False,HIGH,settlement
Oblivion.esm,INFO,00033D0E,,NAM1,0,,,What a pity.,불쌍하군.,record,False,False,False,False,,
Oblivion.esm,INFO,00033D0F,,NAM1,0,,,Be careful.,조심해라.,record,False,False,False,False,,
Oblivion.esm,INFO,000514BD,,NAM1,0,,,Stop wasting time. Get to Harlun's Watch. Now.,시간을 낭비하지마라. Harlun's Watch 에 당장가라.,record,False,True,False,False,MEDIUM,"Harlun's, Watch"
Oblivion.esm,INFO,000514BE,,NAM1,0,,,Please. Help us.,제발 우리들을 도와주세요.,record,False,False,False,False,,
Oblivion.esm,INFO,00086566,,NAM1,0,,,Thanks for the help. You're okay.,도와줘서 고마워. 넌 괜찮은 녀석이야.,record,False,False,False,False,,
Oblivion.esm,INFO,00086569,,NAM1,0,,,What are we waiting for?,뭘 기다리는 거야?,record,False,False,False,False,,
Oblivion.esm,INFO,0008656A,,NAM1,0,,,"Get a move on, will you?","야, 안갈거야?",record,False,False,False,False,,
Oblivion.esm,INFO,0008656C,,NAM1,0,,,People are just ignorant around here...,사람들은 이 부근에는 익숙하지 않아... ,record,False,False,False,False,,
Oblivion.esm,INFO,00086560,,NAM1,0,,,You're a pal.,넌 친구라고.,record,False,False,False,False,,
Oblivion.esm,INFO,00086023,,NAM1,0,,,Think carefully about what I told you! But I'm sure you'll be fine!,내가 말한 걸 주의 깊게 생각해보게! 하지만 난 자네가 괜찮을 거라고 확신하네!,record,False,False,False,False,,
Oblivion.esm,INFO,00086024,,NAM1,0,,,"Remember. Read ""The Cleansing of the Fane"" before deciding whether to seek for Umbacano's treasure.","기억해두게. Umbacano의 보물을 찾는 걸 결정하기 전에 ""The Cleansing of the Fane""을 읽어 보라고.",record,False,True,False,False,MEDIUM,"Umbacano, The, Cleansing, of, the, Fane"
Oblivion.esm,INFO,000837EB,,NAM1,0,,,"Go, go! Socialize! Talk to those fine people, and then plunge your knife into their throats when they ain't lookin'! Ha ha ha ha ha ha ha!",자자! 들어가서 어울려봐요. 저 사람들에게 말도 걸어보고. 그리고 그들이 보지 않을때 목구멍에 칼을 쑤셔넣어요. 하하하하하하.,record,False,False,False,False,,
Oblivion.esm,INFO,000852B1,,NAM1,0,,,You'd be smart to stay with the rest of the group. It's just not safe to go wandering off alone with a killer on the loose.,당신이 모임의 나머지 사람들과 함께 있다니 똑똑하군. 돌아다니는 살인자 있을 때 홀로 돌아다니는 것은 안전하지 못해.,record,False,False,False,False,,
Oblivion.esm,INFO,000852B2,,NAM1,0,,,I knew this little party was too good to be true...,나는 이 작은 파티가 믿기지 않도록 좋았어요...,record,False,False,False,False,,
Oblivion.esm,INFO,000852B3,,NAM1,0,,,Wonderful. People are dropping dead and I'm trapped here looking for gold I don't even need! I'll be happy just to find the key and get out of here!,끝내주는군. 사람들은 죽어나가고 있는데 전 필요하지도 않은 금화 찾는다고 여기 갇혀 있다니요! 그냥 열쇠를 찾아서 여길 나가면 제일 행복할 것 같군요!,record,False,False,False,False,,
Oblivion.esm,INFO,000852B4,,NAM1,0,,,Stay safe... if that's even possible.,갔다 올게... 그것이 가능하다면.,record,False,False,False,False,,
Oblivion.esm,INFO,000852B5,,NAM1,0,,,Don't go far. It's too dangerous to go wandering around this house.,멀리 가지 말아요. 이 집 근처를 돌아다니는 것은 너무 위험합니다.,record,False,False,False,False,,
Oblivion.esm,INFO,000852B6,,NAM1,0,,,"Don't get any ideas about wandering off alone. I'm keeping my eye on everyone, including you.","혼자 돌아다닐 생각은 하지 마세요. 당신을 포함해서, 전 모두를 지켜볼 겁니다.",record,False,False,False,False,,
Oblivion.esm,INFO,000852B7,,NAM1,0,,,Where are you going? What are you doing? We need to keep our eyes on each other!,어디 가는 거야? 무슨 짓이야? 우리는 서로에 대한 계속 주시해야 합니다!,record,False,False,False,False,,
Oblivion.esm,INFO,000852B8,,NAM1,0,,,This is insane. We're being hunted down one by one. There must be a way out of this madhouse!,이건 미친 짓이야. 우리는 하나씩 하나씩 사냥 당하고 있다고. 이 미친 집을 빠져 나가는 방법이 있을 거야!,record,False,False,False,False,,
Oblivion.esm,INFO,000852B9,,NAM1,0,,,Why? What drove you to this madness?,왜? 무엇이 당신을 이렇게 미치게 만들었지?,record,False,False,False,False,,
Oblivion.esm,INFO,000852BA,,NAM1,0,,,How could you do that to all those innocent people? What did they ever do to you?,무고한 모든 사람에게 어떻게 그럴 수 있어? 그들이 당신에게 무슨 짓을 했었나?,record,False,False,False,False,,
Oblivion.esm,INFO,000852BB,,NAM1,0,,,So I guess this is it then?,그래서 나는 지금 시작이군 이라고 추측했죠 그리고?,record,False,False,False,False,,
Oblivion.esm,INFO,000852BC,,NAM1,0,,,"All right then, I guess I'd better start looking. That gold's not going to find itself!","좋아, 그럼, 좀더 찾는 게 좋겠네요. 그건 금이 알아서 발견되지는 않을 테니!",record,False,False,False,False,,
Oblivion.esm,INFO,000852BF,,NAM1,0,,,I have a good idea where that chest might be. That gold is as good as mine.,상자가 어디 있을지 좋은 생각이 있습니다. 그 금은 내 것이나 다름없습니다.,record,False,False,False,False,,
Oblivion.esm,INFO,000852C0,,NAM1,0,,,"Hmm? Oh, yes, maybe we'll speak again later.","음? 아 그래, 다음에 또 얘기할 수 있을 거야.",record,False,False,False,False,,
Oblivion.esm,INFO,0003446A,,NAM1,0,,,I shall await your return.,자네가 돌아오길 기다리겠네.,record,False,False,False,False,,
Oblivion.esm,INFO,00034472,,NAM1,0,,,"Watch your back, citizen.",언제나 뒤를 조심하세요.,record,False,False,False,False,,
Oblivion.esm,INFO,00035A32,,NAM1,0,,,"Sorry, just doing my job.",미안합니다. 그냥 제 일을 하는 것 뿐이에요.,record,False,False,False,False,,
Oblivion.esm,INFO,00085213,,NAM1,0,,,You best be careful around here.,여기서는 조심하는게 좋을거에요.,record,False,False,False,False,,
Oblivion.esm,INFO,00085214,,NAM1,0,,,Just keep walking.,그냥 계속 걸어요.,record,False,False,False,False,,
Oblivion.esm,INFO,0005D8F0,,NAM1,0,,,Count Hassildor awaits your arrival.,백작님이 당신을 기다리고 계십니다.,record,False,False,False,False,,
Oblivion.esm,INFO,00054229,,NAM1,0,,,"Be careful, and watch your step.",발밑 조심하세요.,record,False,False,False,False,,
Oblivion.esm,INFO,0005422A,,NAM1,0,,,"This is kind of exciting, don't you think?","이거 꽤 흥미로운데요, 그렇지 않나요?",record,False,False,False,False,,
Oblivion.esm,INFO,000835C4,,NAM1,0,,,Be careful. Some things in here don't react well to magic.,조심하세요. 어떤 것들은 마법에 민감하게 반응한다구요.,record,False,False,False,False,,
Oblivion.esm,INFO,0005422B,,NAM1,0,,,I eagerly await your return.,전 당신이 돌아오기만을 고대하고 있겠어요.,record,False,False,False,False,,
Oblivion.esm,INFO,0005422C,,NAM1,0,,,What a waste of my talents.,내 재능을 이런데서 썩히게 되다니.,record,False,False,False,False,,
Oblivion.esm,INFO,00095A86,,NAM1,0,,,Good luck with Irlav's project.,Irlav의 자세에 행운을 빌어요. ,record,False,True,False,False,MEDIUM,Irlav
Oblivion.esm,INFO,000835FF,,NAM1,0,,,Irlav should be waiting for you.,Irlav가 당신을 기다리고 있을 거에요,record,False,True,False,False,MEDIUM,Irlav
Oblivion.esm,INFO,00053772,,NAM1,0,,,You'll be back...,당신은 돌아올거에요...,record,False,False,False,False,,
Oblivion.esm,INFO,0005327C,,NAM1,0,,,Good riddance.,귀찮은 게 없어지니 시원하구만.,record,False,False,False,False,,
Oblivion.esm,INFO,00053797,,NAM1,0,,,Filthy convict scum.,추잡한 죄수 떨거지.,record,False,False,False,False,,
Oblivion.esm,INFO,00053243,,NAM1,0,,,You'll see. Things will change.,상황은 바뀔거에요. 두고보세요.,record,False,False,False,False,,
Oblivion.esm,INFO,0000A219,,NAM1,0,,,Now get out of here.,어서 가보시오.,record,False,False,False,False,,
Oblivion.esm,INFO,0000A21D,,NAM1,0,,,"Shadow hide you, Pickpocket.","그림자가 자네를 숨겨주기를, 소매치기꾼.",record,False,False,False,False,,
Oblivion.esm,INFO,0000A220,,NAM1,0,,,Somehow I think we will meet again.,우린 다시 만나게 될 거네.,record,False,False,False,False,,
Oblivion.esm,INFO,0000A222,,NAM1,0,,,Outta my way.,저리 비켜.,record,False,False,False,False,,
Oblivion.esm,INFO,0000A218,,NAM1,0,,,I have things to do.,난 할 일이 있어서.,record,False,False,False,False,,
Oblivion.esm,INFO,0000A21C,,NAM1,0,,,You've taken up enough of my time.,당신은 내 시간을 축내고 있군요.,record,False,False,False,False,,
Oblivion.esm,INFO,0002C2EF,,NAM1,0,,,"Stick close and let us do our job, and you'll be all right.","뒤 쳐지지 말고, 횃불만 잘 들고 와.",record,False,False,False,False,,
Oblivion.esm,INFO,0005144A,,NAM1,0,,,"She's dead. I'm sorry, sire, but we have to keep moving.","유감이지만 그녀는 전사했습니다. 하지만 지체할 시간이 없습니다. 폐하,",record,False,False,False,False,,
Oblivion.esm,INFO,000514AF,,NAM1,0,,,"Goodbye, dearie.","안녕, 달링.",record,False,False,False,False,,
Oblivion.esm,INFO,000514B0,,NAM1,0,,,"Oh, go away! Shoo, shoo!","오, 저리가요! 쉬, 쉬이!",record,False,False,False,False,,
Oblivion.esm,INFO,0001E06F,,NAM1,0,,,"Farewell, child.",잘가세요.,record,False,False,False,False,,
Oblivion.esm,INFO,000BE55F,,NAM1,0,,,May all your travels be safe.,여행의 안전을 기원합니다.,record,False,False,False,False,,
Oblivion.esm,INFO,0002C2F2,,NAM1,0,,,I shall have your reward soon.,곧 당신의 보상이 준비될 거에요.,record,False,False,False,False,,
Oblivion.esm,INFO,0002C2F5,,NAM1,0,,,"Remember, not a word to Teekeeus!",기억하세요. 티키우스한테는 절대 말하시면 안됩니다!,record,False,False,False,False,,
Oblivion.esm,INFO,0002C2F6,,NAM1,0,,,You have done the right thing. Thank you.,당신은 옳은 일을 한 겁니다. 고맙습니다.,record,False,False,False,False,,
Oblivion.esm,INFO,0002C2FE,,NAM1,0,,,Make haste. I wish to be rid of Earana as soon as possible.,서둘러 주세요. 전 에라나를 최대한 빨리 쫓아내고 싶습니다.,record,False,False,False,False,,
Oblivion.esm,INFO,0002C308,,NAM1,0,,,"Finding that book should be your top priority, Associate.","그 책을 찾는 것이 최우선 과제일 겁니다만, 신입.",record,False,False,False,False,,
Oblivion.esm,INFO,00022A80,,NAM1,0,,,"Stay sharp, Associate.",정신 똑바로 차리고 있어야 해요.,record,False,False,False,False,,
Oblivion.esm,INFO,00022A91,,NAM1,0,,,"Good luck, Associate.",행운을 빕니다. ,record,False,False,False,False,,
Oblivion.esm,INFO,0002ACC0,,NAM1,0,,,"Be careful out there, friend.",그곳에서 조심하세요.,record,False,False,False,False,,
Oblivion.esm,INFO,0004E960,,NAM1,0,,,Come back anytime.,언제든 다시 와요.,record,False,False,False,False,,
Oblivion.esm,INFO,0004DE8A,,NAM1,0,,,"Oh, hey, yeah. Yeah, I'll talk to you... Later? Yeah, later.","오, 안녕, 그래. 그래, 당신과 이야기하지... 나중에? 그래, 나중에.",record,False,False,False,False,,
Oblivion.esm,INFO,0004DE8B,,NAM1,0,,,"Hmm? Oh, yes, goodbye...","흠? 오, 네, 안녕히 계세요.. ",record,False,False,False,False,,
Oblivion.esm,INFO,0004D80D,,NAM1,0,,,"Think about that offer, friend.","어이 친구, 내 제안에 관해서 잘 생각해 보라고 ",record,False,False,False,False,,
Oblivion.esm,INFO,0004CFA5,,NAM1,0,,,Tell Ardaline I'm sorry.,Ardaline 에게 말하세요.,record,False,True,False,False,MEDIUM,Ardaline
Oblivion.esm,INFO,0004CFA7,,NAM1,0,,,"Get that staff back, Associate.","Associate, staff를 되찾아 오게.",record,False,True,False,False,MEDIUM,"Associate, staff"
Oblivion.esm,INFO,0004CFA9,,NAM1,0,,,Make sure Varon hands over that staff.,그 staff 는 Varon의 손을 떠난것이 확실해 졌군.,record,False,True,False,False,MEDIUM,"staff, Varon"
Oblivion.esm,INFO,00002DB0,,NAM1,0,,,"Farewell! And tell your friends! The Inn of Ill Omen is open for business, as always!","잘 가시길! 일 오멘(Ill Omen) 여관은 항상 열려있으니, 친구들에게 홍보 좀 해 주시오!",record,True,True,False,False,HIGH,"Ill, Omen"
Oblivion.esm,INFO,00002DB1,,NAM1,0,,,"Goodbye, my friend! And remember, you're always welcome here!","안녕, 내 친구! 그리고 당신은 언제나 환영합니다!",record,False,False,False,False,,
Oblivion.esm,INFO,00002DB2,,NAM1,0,,,"Go on now, get out of my inn! I don't need your kind hanging about!","당장 어서, 내 여관에서 나가! 당신은 친절하게 어슬렁거리지 마!",record,False,False,False,False,,
Oblivion.esm,INFO,00002DB3,,NAM1,0,,,"Bye now, sweetie. I look forward to seeing you again.","이제 안녕, 여보. 나는 앞으로 당신을 다시 볼 수 있기를 기원하겠습니다.",record,False,False,False,False,,
Oblivion.esm,INFO,00002DB4,,NAM1,0,,,"Yeah, right. 'Til next time.","네, 그래요. 다음에 봐요.",record,False,False,False,False,,
Oblivion.esm,INFO,00002DB5,,NAM1,0,,,"For everyone's sake, would you just leave? Now?","모두를 위해, 그냥 나가 줄래? 지금?",record,False,False,False,False,,
Oblivion.esm,INFO,00002DB6,,NAM1,0,,,"Please, I'm an old man! Just leave me be!","제발, 난 늙은이야! 날 그냥 내버려둬!",record,False,False,False,False,,
Oblivion.esm,INFO,00002DB7,,NAM1,0,,,There are things to be done. So many things...,그곳에서 많은 일들이 있었습니다. 너무 많은 일들이.,record,False,False,False,False,,
Oblivion.esm,INFO,00036316,,NAM1,0,,,Sometimes I think Lachance will let anyone into this Sanctuary...,가끔은 Lachance가 성역에 아무나 들여 보내는거라 생각해... ,record,False,True,False,False,MEDIUM,Lachance
Oblivion.esm,INFO,00036317,,NAM1,0,,,"Go now, dear family member, and may the Night Mother wrap you in her cold, loving embrace.","이제 가게, 친애하는 형제여, Night Mother께서 차가운 사랑으로 자네를 감싸주시길..",record,False,True,False,False,MEDIUM,"Night, Mother"
Oblivion.esm,INFO,00036318,,NAM1,0,,,"Later, then.",다음에 보자.,record,False,False,False,False,,
Oblivion.esm,INFO,00036319,,NAM1,0,,,"Happy hunting, my Brother!","즐거운 사냥이 되길, 형제여!",record,False,False,False,False,,
Oblivion.esm,INFO,0003631A,,NAM1,0,,,"Happy hunting, my Sister!","즐거운 사냥이 되길, 자매여!",record,False,False,False,False,,
Oblivion.esm,INFO,0003631B,,NAM1,0,,,Damn the Tenets! I'll cleave you in two if you don't get out of my face!,빌어먹을 율법! 당신은 내 앞에서 없어지지 않으면 두 조각으로 당신을 쪼개버리겠어!,record,False,False,False,False,,
Oblivion.esm,INFO,0003631C,,NAM1,0,,,"Farewell, Brother.","잘가게, 형제여.",record,False,False,False,False,,
Oblivion.esm,INFO,0003631D,,NAM1,0,,,"Farewell, Sister.","잘가게, 자매여.",record,False,False,False,False,,
Oblivion.esm,INFO,0003631E,,NAM1,0,,,"Spill some blood for me, dear Brother.","날 위해 피를 흘려 주시오, 형제여.",record,False,False,False,False,,
Oblivion.esm,INFO,0003631F,,NAM1,0,,,"Spill some blood for me, dear Sister.","날 위해 피를 좀 흘려주게, 자매여.",record,False,False,False,False,,
Oblivion.esm,INFO,00036320,,NAM1,0,,,Blech! I would not feed on you if you were the last warm body in Tamriel!,크악! 당신이 Tamriel의 마지막으로 살아있는 자일지라도 당신에게 안먹이겠소!,record,False,True,False,False,MEDIUM,Tamriel
Oblivion.esm,INFO,00036321,,NAM1,0,,,Foul-smelling ape...,냄새나는 불결한 원숭이 자식...,record,False,False,False,False,,
Oblivion.esm,INFO,00036322,,NAM1,0,,,"Away from me, housecat! Look at that fur. What a disgrace... ","저리가, housecat! 털 좀 봐. 무슨 망신... ",record,False,True,False,False,MEDIUM,housecat
Oblivion.esm,INFO,00181C2A,,NAM1,0,,,"Until we meet again, my dear friend!",또 만나세나! 친구!,record,False,False,False,False,,
Oblivion.esm,INFO,00036325,,NAM1,0,,,May your arrows always strike true!,네 화살이 언제나 진실만을 겨냥하기를!,record,False,False,False,False,,
Oblivion.esm,INFO,00036326,,NAM1,0,,,"By Sithis, I hope you shoot your own eye out...","Sithis를 위하여, 당신 자신의 눈을 쏘기를 희망합니다... ",record,False,True,False,False,MEDIUM,Sithis
Oblivion.esm,INFO,00036327,,NAM1,0,,,"I'll be seeing you, then.","그럼, 난 당신과 만날 수 있을 겁니다.",record,False,False,False,False,,
Oblivion.esm,INFO,00036328,,NAM1,0,,,"Good luck, Sister! I hope you don't get killed! I mean, um... well, you know!",행운을! 자매여. 네가 살해당하지 않기를 바랄께... 음.. 그러니까 내말은... 알지?,record,False,False,False,False,,
Oblivion.esm,INFO,00036329,,NAM1,0,,,"Good luck, Brother! I hope you don't get killed! I mean, um... well, you know!",행운을! 형제여. 네가 살해당하지 않기를 바랄께... 음.. 그러니까 내말은... 알지?,record,False,False,False,False,,
Oblivion.esm,INFO,0003632A,,NAM1,0,,,Just go! I can't stand the sight of you!,어서 가! 꼴 보기도 싫어!,record,False,False,False,False,,
Oblivion.esm,INFO,0003632B,,NAM1,0,,,"May you walk always in the shadow of Sithis, dear Brother.","형제여, 그대가 항상 시시스의 그림자 속에서 움직이기를...",record,False,False,False,False,,
Oblivion.esm,INFO,0003632C,,NAM1,0,,,"May you walk always in the shadow of Sithis, dear Sister.","자매여, 그대가 항상 시시스의 그림자 속에서 움직이기를...",record,False,False,False,False,,
Oblivion.esm,INFO,0003632D,,NAM1,0,,,May Sithis be with you.,시시스가 자네와 함께 하시기를.,record,False,False,False,False,,
Oblivion.esm,INFO,0003632E,,NAM1,0,,,You befoul the very air with your presence. Begone!,당신의 존재하는 것은 아주 공기를 더럽히네요. 꺼지세요!,record,False,False,False,False,,
Oblivion.esm,INFO,00009178,,NAM1,0,,,Sithis be with you.,시시스께서 함께 하시길.,record,False,False,False,False,,
Oblivion.esm,INFO,00009179,,NAM1,0,,,May you always walk in the shadow of death.,언제나 죽음의 그림자속을 걷기를.,record,False,False,False,False,,
Oblivion.esm,INFO,0000917A,,NAM1,0,,,May the Night Mother hold you in her cold embrace.,자네를 Night Mother께서 차가운 품속으로 안아주시길..,record,False,True,False,False,MEDIUM,"Night, Mother"
Oblivion.esm,INFO,0000917B,,NAM1,0,,,Sithis is Master! All hail the Dread Father!,시시스야말로 주인님이시다! 모두 시시스를 찬양하라!,record,False,False,False,False,,
Oblivion.esm,INFO,0000917E,,NAM1,0,,,"Go now! Learn the identity of the betrayer so we can end this madness, and restore the authority of the Black Hand.",자... 이제 가서 배반자의 정체를 밝혀내게나. 그러면 이 정신나간 사태를 매듭지을수 있을거야. 그리고 Black Hand의 신임을 회복할 수 있겠지...,record,False,True,False,False,MEDIUM,"Black, Hand"
Oblivion.esm,INFO,0000A0E8,,NAM1,0,,,"Under your leadership, the Black Hand will reign eternal!",당신의 지도 아래서 블랙핸드는 영원히 권세를 누릴것입니다!,record,False,False,False,False,,
Oblivion.esm,INFO,00047373,,NAM1,0,,,"Your path is clear. Send Rufio to his death, and the Dark Brotherhood will embrace you as family.",자네의 길은 분명하네. Rufio를 죽음의 세계로 보내버리게. 그러면 다크브라더후드는 자네를 가족으로서 환영할 것이야.,record,False,True,False,False,MEDIUM,Rufio
Oblivion.esm,INFO,00047374,,NAM1,0,,,You are now one with the Dark Brotherhood. Visit Ocheeva at the Cheydinhal Sanctuary and your new life will begin.,이제부터 자네도 다크브라더후드의 일원이네. Cheydinhal Sanctuary의 Ocheeva를 방문할때 부터 자네의 새 인생이 시작될걸세.,record,False,True,False,False,MEDIUM,"Cheydinhal, Sanctuary, Ocheeva"
Oblivion.esm,INFO,00053870,,NAM1,0,,,"Make haste! The Sanctuary must be Purified, if this treachery is to be undone!",서둘게나! Sanctuary는 반역행위가 일어나기 전까지 정화가 이루어져야만 하네!,record,False,True,False,False,MEDIUM,Sanctuary
Oblivion.esm,INFO,00053871,,NAM1,0,,,"Go now, Child of Sithis. Walk in the shadow of fear, and bring glory to our Dread Father.",이제 가게! 시시스의 자녀여. 공포의 그림자속에서 걸으며 공포의 아버지께 영광을 가져다 드리게.,record,False,False,False,False,,
Oblivion.esm,INFO,000146EF,,NAM1,0,,,"As you command, sire. Guards! Form up and protect the Emperor! To the Temple of the One!",폐하의 분부대로 하겠습니다. 경비대! 대형을 갖추고 폐하를 호위하라! 신의 사원으로!,record,False,False,False,False,,
Oblivion.esm,INFO,00049814,,NAM1,0,,,Very well. Let's finish this.,아주 좋아. 어서 가보세.,record,False,False,False,False,,
Oblivion.esm,INFO,000A7130,,NAM1,0,,,Let's continue on to the Elder Council Chambers.,원로위원실로 어서 가세.,record,False,False,False,False,,
Oblivion.esm,INFO,00048732,,NAM1,0,,,"I can't wait to be back in Skingrad, safe and sound.",스킨그라드에 안전하게 돌아가는 것이 기대되서 참을 수 없군요.,record,False,False,False,False,,
Oblivion.esm,INFO,00048733,,NAM1,0,,,"Please, hurry! Get rid of those things!",제발 서둘러요! 그것들을 다 없애버리라구요! ,record,False,False,False,False,,
Oblivion.esm,INFO,00048993,,NAM1,0,,,Good luck finding Erthor.,Erthor를 찾는데 행운을 빌겠어요.,record,False,True,False,False,MEDIUM,Erthor
Oblivion.esm,INFO,00048700,,NAM1,0,,,"I'm here to help, if you need me.",제 도움이 필요하면 말만 하세요.,record,False,False,False,False,,
Oblivion.esm,INFO,00048701,,NAM1,0,,,"Have Erthor see me when he gets back, Associate.",Erthor가 돌아오면 저 좀 보라고 해 주세요.,record,False,True,False,False,MEDIUM,Erthor
Oblivion.esm,INFO,0003C38C,,NAM1,0,,,Good day to you.,좋은 하루 되세요.,record,False,False,False,False,,
Oblivion.esm,INFO,0003C179,,NAM1,0,,,Shadow hide you.,그림자가 당신을 가려줄 거요.,record,False,False,False,False,,
Oblivion.esm,INFO,0003D4CC,,NAM1,0,,,Be nice to have someone else to do the... uh... dirty work.,우... 그걸 할 다른 누군가가 있으면 좋겠는데.,record,False,False,False,False,,
Oblivion.esm,INFO,0003D4CE,,NAM1,0,,,Can't wait to get my hands on you...,당신 손을 잡을 때까지 기다릴 수 없을 것 같군요... ,record,False,False,False,False,,
Oblivion.esm,INFO,0003D4CF,,NAM1,0,,,See you back in Anvil.,Anvil 에 돌아가면 만납시다.,record,False,True,False,False,MEDIUM,Anvil
Oblivion.esm,INFO,0003D4D1,,NAM1,0,,,"They met me at eleven as well. And believe me, I arrived right on time.","나도 11시에 그들을 만났어요. 날 믿어요, 난 정확히 그 시간에 도착했거든요.",record,False,False,False,False,,
Oblivion.esm,INFO,0003D4D2,,NAM1,0,,,I'm merely a man. How could I resist? What a mess I've gotten myself into.,나도 남자요. 어떻게 참을 수 있겠어요? 내가 얼마나 곤경에 빠졌는데.,record,False,False,False,False,,
Oblivion.esm,INFO,0003D4D3,,NAM1,0,,,"Talk to her, she seems to have all the answers.","아내와 얘기해요, 그녀가 모든 답을 알고 있는 것 같으니.",record,False,False,False,False,,
Oblivion.esm,INFO,0003D4D4,,NAM1,0,,,Don't spend all the money from the reward in one place.,사례금은 소중히 사용해 주세요.,record,False,False,False,False,,
Oblivion.esm,INFO,0003D4D6,,NAM1,0,,,Gweden isn't far; they're taking quite a risk committing these crimes so close to Anvil.,Gweden은 멀지 않아요. 그들은 Anvil에서 가장 가까운 곳에 이런 범죄들을 저지르는데 아주 적합한 곳을 갖고 있는 거죠.,record,False,True,False,False,MEDIUM,"Gweden, Anvil"
Oblivion.esm,INFO,0003D4D7,,NAM1,0,,,"They've never hurt anyone yet, but its never too late for them to start.","아직 그들이 누굴 해친 적은 없지만, 그것이 일어난다 해도 늦은 것은 결코 아니에요.",record,False,False,False,False,,
Oblivion.esm,INFO,0003D4D8,,NAM1,0,,,The Flowing Bowl attracts the worst Anvil has to offer. Always be on your guard.,넘치는 술잔(Flowing Bowl)에는 Anvil이 가진 최악의 것들이 모여 있죠. 항상 주의하세요.,record,True,True,False,False,HIGH,"Flowing, Bowl, Anvil"
Oblivion.esm,INFO,0003D4D9,,NAM1,0,,,I hope the reward will suit the risk. It's all I have.,이것이 그 위험에 걸맞은 보답이었으면 해요. 그게 내가 가진 전부랍니다.,record,False,False,False,False,,
Oblivion.esm,INFO,0003D4DA,,NAM1,0,,,Good-for-nothing louse of a husband. He's lucky I still love him.,쓸모 없는 남편이죠. 그는 행운아예요. 내가 여전히 그를 사랑하니까요.,record,False,False,False,False,,
Oblivion.esm,INFO,0003D4EC,,NAM1,0,,,Goodbye.,잘 가세요.,record,False,False,False,False,,
Oblivion.esm,INFO,00038F14,,NAM1,0,,,Just look for me if you need anything else.,뭔가 필요한 게 있거든 바로 날 찾으세요.,record,False,False,False,False,,
Oblivion.esm,INFO,00038F16,,NAM1,0,,,Good journey to you.,좋은 여행 되시길.,record,False,False,False,False,,
Oblivion.esm,INFO,00038F17,,NAM1,0,,,Humph.,험.,record,False,False,False,False,,
Oblivion.esm,INFO,00038F1D,,NAM1,0,,,"Please hurry, we must know of Raynil's whereabouts.","서둘러 주세요, 우린 Raynil이 있는 곳을 알아내야 합니다.",record,False,True,False,False,MEDIUM,Raynil
Oblivion.esm,INFO,00038F22,,NAM1,0,,,"Please hurry, Raynil may make a break for the open road at any moment.","서둘러 주세요, Raynil이 언제든 길을 열어 도주할 지 모릅니다.",record,False,True,False,False,MEDIUM,Raynil
Oblivion.esm,INFO,00038F23,,NAM1,0,,,"I must hurry, excuse me.","난 서둘러야 합니다, 실례할게요.",record,False,False,False,False,,
Oblivion.esm,INFO,00038F24,,NAM1,0,,,"Keep up the... ummm... good work, I suppose.",음... 수고하세요.,record,False,False,False,False,,
Oblivion.esm,INFO,00038F25,,NAM1,0,,,"Feel free to question anyone in town, they shouldn't give you too much trouble.",마을에서 아무에게나 마음대로 질문하세요. 그들이 당신에게 너무 많은 고민거리를 줘서는 안되는데.,record,False,False,False,False,,
Oblivion.esm,INFO,00038F3E,,NAM1,0,,,Good day.,좋은 하루 되시길..,record,False,False,False,False,,
Oblivion.esm,INFO,00037B4F,,NAM1,0,,,"Yes, Cyrus. This is the Emperor's son, Martin Septim.","그래, 사이러스(Cyrus). 이 분은 황제의 아들, 마틴 셉팀(Martin Septim)이라네.",record,True,True,False,False,HIGH,"Cyrus, Martin, Septim"
Oblivion.esm,INFO,000343E8,,NAM1,0,,,Be careful. There may be more of them about.,조심하게. 그 곳엔 놈들이 더 많을 걸세.,record,False,False,False,False,,
Oblivion.esm,INFO,000343E9,,NAM1,0,,,We should get moving. I won't rest easy until Martin is safe at Cloud Ruler Temple.,"자, 움직여야 해. 마틴께서 클라우드 룰러(Cloud Ruler) 사원에 도착하기 전에는 안심할 수 없어.",record,True,True,False,False,HIGH,"Cloud, Ruler"
Oblivion.esm,INFO,00090992,,NAM1,0,,,We'd better find Jauffre.,죠프리를 찾아보는 게 좋겠소.,record,False,False,False,False,,
Oblivion.esm,INFO,00090993,,NAM1,0,,,Be careful.,조심하시길.,record,False,False,False,False,,
Oblivion.esm,INFO,00037685,,NAM1,0,,,I hope you both get mindrot!,나는 우리 둘이 이어지길 바랍니다!,record,False,False,False,False,,
Oblivion.esm,INFO,0000A21A,,NAM1,0,,,Shadow hide you.,그림자가 당신을 가려줄 거요.,record,False,False,False,False,,
Oblivion.esm,INFO,0000A21E,,NAM1,0,,,Good hunting.,행운을 비네.,record,False,False,False,False,,
Oblivion.esm,INFO,0000A221,,NAM1,0,,,Swift hunting.,어서 해치우게.,record,False,False,False,False,,
Oblivion.esm,INFO,0001465B,,NAM1,0,,,Shadow hide the hunter.,그림자가 사냥꾼을 숨기길.,record,False,False,False,False,,
Oblivion.esm,INFO,0001465C,,NAM1,0,,,Hmmph.,흠.,record,False,False,False,False,,
Oblivion.esm,INFO,000982D6,,NAM1,0,,,There are guards at the top of the stairs. Be as quiet as you can.,계단 위에 경비가 있습니다. 조용하십시오.,record,False,False,False,False,,
Oblivion.esm,INFO,000982E0,,NAM1,0,,,You'll regret this.,당신이 이것을 후회할 것입니다.,record,False,False,False,False,,
Oblivion.esm,INFO,000982E1,,NAM1,0,,,I'll leave at once for Anvil.,즉시 Anvil을 떠날 겁니다.,record,False,True,False,False,MEDIUM,Anvil
Oblivion.esm,INFO,00098382,,NAM1,0,,,You are dismissed.,당신은 해고되었습니다.,record,False,False,False,False,,
Oblivion.esm,INFO,0000A24D,,NAM1,0,,,Shadow hide the hunter.,그림자가 사냥꾼을 가려줄 거요.,record,False,False,False,False,,
Oblivion.esm,INFO,00015F08,,NAM1,0,,,Shadow hide you.,그림자가 당신을 가려줄 거요.,record,False,False,False,False,,
Oblivion.esm,INFO,00015F09,,NAM1,0,,,Move along.,잘 가시오.,record,False,False,False,False,,
Oblivion.esm,INFO,0000A21B,,NAM1,0,,,Shadow hide you.,그림자가 당신을 가려줄 거요.,record,False,False,False,False,,
Oblivion.esm,INFO,00014831,,NAM1,0,,,May Shadow hide you.,그림자가 당신을 가려줄 거요.,record,False,False,False,False,,
Oblivion.esm,INFO,00014832,,NAM1,0,,,Shadow hide you.,그림자가 당신을 가려줄 거요.,record,False,False,False,False,,
Oblivion.esm,INFO,00022E1B,,NAM1,0,,,Take your time.,천천히 하시오.,record,False,False,False,False,,
Oblivion.esm,INFO,00022E1C,,NAM1,0,,,Good luck.,행운이 함께 하길.,record,False,False,False,False,,
Oblivion.esm,INFO,0000A21F,,NAM1,0,,,Shadow hide you.,그림자가 당신을 가려줄 거요.,record,False,False,False,False,,
Oblivion.esm,INFO,0000A230,,NAM1,0,,,I'm leaving now.,나는 지금 떠나고 있습니다.,record,False,False,False,False,,
Oblivion.esm,INFO,0000A231,,NAM1,0,,,Shadow hide you.,그림자가 당신을 가려줄 거요.,record,False,False,False,False,,
Oblivion.esm,INFO,000092B8,,NAM1,0,,,Follow me.,따라오세요.,record,False,False,False,False,,
Oblivion.esm,INFO,00045F79,,NAM1,0,,,Go with the grace of the Nine.,나인 디바인(Nine)의 영광을.,record,True,True,False,False,HIGH,Nine
Oblivion.esm,INFO,00017C5F,,NAM1,0,,,No sir. Please don't hurt me.,아닙니다. 제발 날 해치지 마세요.,record,False,False,False,False,,
Oblivion.esm,INFO,000366C5,,NAM1,0,,,Farewell.,잘 가시길.,record,False,False,False,False,,
Oblivion.esm,INFO,000366D0,,NAM1,0,,,Release me...,날 풀어주시오... ,record,False,False,False,False,,
Oblivion.esm,INFO,0003664C,,NAM1,0,,,Go and prepare yourself. The Master will have need of all of us soon.,가서 준비하고 대기하라. 마스터께서 곧 우리의 모든 것을 필요로 하실 것이다.,record,False,False,False,False,,
Oblivion.esm,INFO,0003358D,,NAM1,0,,,Make sure you address the Count properly.,백작님께 제대로 얘기해주게.,record,False,False,False,False,,
Oblivion.esm,INFO,0003358E,,NAM1,0,,,It's good to be home.,역시 집이 좋군.,record,False,False,False,False,,
Oblivion.esm,INFO,00033592,,NAM1,0,,,The path is yours; lead on.,길은 자네에게 맡기겠네. 앞장서게.,record,False,False,False,False,,
Oblivion.esm,INFO,00033593,,NAM1,0,,,Wait... I have much to tell you!,기다려... 할 말이 많다고!,record,False,False,False,False,,
Oblivion.esm,INFO,00033595,,NAM1,0,,,Count Indarys is waiting.,백작님께서 기다리고 계시오.,record,False,False,False,False,,
Oblivion.esm,INFO,00033596,,NAM1,0,,,This day will be remembered.,오늘을 기억할 겁니다.,record,False,False,False,False,,
Oblivion.esm,INFO,00033598,,NAM1,0,,,Tread carefully; I don't know what evil lurks within that gate.,조심하시오. 게이트 안쪽에 어떤 악마가 숨어있을지 모르오.,record,False,False,False,False,,
Oblivion.esm,INFO,00033599,,NAM1,0,,,Brash child. Now look what he's gotten himself into.,무모한 녀석. 그가 한 경솔한 짓을 좀 보시오.,record,False,False,False,False,,
Oblivion.esm,INFO,0003359A,,NAM1,0,,,Two days and nary a word. I fear the worst.,이틀 동안 감감 무소식이야. 최악의 상황인건 아닌지 모르겠군.,record,False,False,False,False,,
Oblivion.esm,INFO,00033542,,NAM1,0,,,Goodbye.,잘 가시오.,record,False,False,False,False,,
Oblivion.esm,INFO,000335A7,,NAM1,0,,,Goodbye.,안녕히 계세요.,record,False,False,False,False,,
Oblivion.esm,INFO,0001E7A8,,NAM1,0,,,We need one more piece of evidence to make Agarmir's guilt complete.,아가미르의 유죄를 확정하기위한 증거가 앞으로 하나 더 필요합니다.,record,False,False,False,False,,
Oblivion.esm,INFO,0001E7B3,,NAM1,0,,,I hope you can forgive me. I had no idea.,아무쪼록 절 용서해 주세요. 아무것도 몰랐습니다.,record,False,False,False,False,,
Oblivion.esm,INFO,0001E7CB,,NAM1,0,,,I will not accept your accusations without evidence.,"증거 없이는, 당신의 고소를 받아들일 수 없습니다.",record,False,False,False,False,,
Oblivion.esm,INFO,0001E7CC,,NAM1,0,,,Goodbye. Hope to see you again very soon.,안녕히 가세요. 시일 내에 다시 만나길 바랍니다.,record,False,False,False,False,,
Oblivion.esm,INFO,0001CE2B,,NAM1,0,,,Goodbye.,안녕히 가세요.,record,False,False,False,False,,
Oblivion.esm,INFO,0001E7D0,,NAM1,0,,,"Please, I'm very busy.","부탁해, 아주 급해요.",record,False,False,False,False,,
Oblivion.esm,INFO,0001E7D2,,NAM1,0,,,"Goodbye. Please, come again.",안녕히 가세요. 또 오세요.,record,False,False,False,False,,
Oblivion.esm,INFO,0001E7D6,,NAM1,0,,,Didn't you have some things to give me?,뭔가 진전은 없나요?,record,False,False,False,False,,
Oblivion.esm,INFO,0001E7D7,,NAM1,0,,,Make sure you show that shovel to Thoronir. It is the final bit of proof we need to possibly clear his name.,그 삽을 쏘로니어에게 보여주세요. 그의 관여를 입증하는 결정적인 증거가 될겁니다.,record,False,False,False,False,,
Oblivion.esm,INFO,0001E7E0,,NAM1,0,,,I am still aghast. To think that someone would stoop so low...,아직도 믿을 수 없어. 사람이 그렇게까지 저속해지다니... ,record,False,False,False,False,,
Oblivion.esm,INFO,0001CE04,,NAM1,0,,,Bring that book immediately to Thoronir.,그 책을 서둘러 쏘로니어에게 가져가.,record,False,False,False,False,,
Oblivion.esm,INFO,0001E7E1,,NAM1,0,,,Make sure you have proof before you accuse anyone of a terrible crime like grave robbing.,"누군가를 도굴과 같은 무서운 죄로 고발한다면, 우선 증거를 보이세요.",record,False,False,False,False,,
Oblivion.esm,INFO,0001E7E2,,NAM1,0,,,"Thanks again for your help, we had no other place to turn.",당신의 도움에 다시 한번 감사할게요. 여기말고 장사할 곳은 없거든요.,record,False,False,False,False,,
Oblivion.esm,INFO,0001E848,,NAM1,0,,,Fare thee well.,잘 가세요.,record,False,False,False,False,,
Oblivion.esm,INFO,00026BC0,,NAM1,0,,,"Please, visit me again anytime. I'm glad to help. Give S'drassa my regards.",언제든지 다시 방문해줘요. 기쁘게 도와드리죠. S'drassa에게 안부 전해주세요.,record,False,True,False,False,MEDIUM,S'drassa
Oblivion.esm,INFO,00026BC1,,NAM1,0,,,Safe travels.,안전한 여행이 되길.,record,False,False,False,False,,
Oblivion.esm,INFO,00032E13,,NAM1,0,,,May shadow hide you.,그림자가 당신을 가려줄 거요.,record,False,False,False,False,,
Oblivion.esm,INFO,00022A0C,,NAM1,0,,,"Farewell, and be careful, Kurdan is not to be trusted.","안녕히 가세요, 그리고 조심하세요. Kudan은 신용하지 않도록.",record,False,True,False,False,MEDIUM,Kudan
Oblivion.esm,INFO,00022A0E,,NAM1,0,,,Farewell.,잘 가시길.,record,False,False,False,False,,
Oblivion.esm,INFO,00022A0F,,NAM1,0,,,"Hurry, get that key... it's our only way out.","서두르게, 그 키를 가져와... 그게 우리가 나갈 수 있는 유일한 방법이라고.",record,False,False,False,False,,
Oblivion.esm,INFO,00022A10,,NAM1,0,,,"Kurdan is treacherous... be wary, friend.","Kurdan은 믿을 수가 없네. 주의하게, 친구.",record,False,True,False,False,MEDIUM,Kurdan
Oblivion.esm,INFO,00022A14,,NAM1,0,,,Hear me out before you leave.,떠나기 전에 내 말을 들어 보게.,record,False,False,False,False,,
Oblivion.esm,INFO,0001E0F0,,NAM1,0,,,"Be ever vigilant, vampires are creatures of deceit.","주의하세요, 뱀파이어는 교활한 놈들입니다.",record,False,False,False,False,,
Oblivion.esm,INFO,0001E0F1,,NAM1,0,,,Good journey.,좋은 여행이 되길.,record,False,False,False,False,,
Oblivion.esm,INFO,0001E0F2,,NAM1,0,,,"Vampires are clever, so watch your back.",뱀파이어들은 영악합니다. 뒤를 조심하세요.,record,False,False,False,False,,
Oblivion.esm,INFO,0001E0F3,,NAM1,0,,,Goodbye.,잘 가시오.,record,False,False,False,False,,
Oblivion.esm,INFO,0001E0F4,,NAM1,0,,,Farewell.,잘 가시길.,record,False,False,False,False,,
Oblivion.esm,INFO,0001E0F5,,NAM1,0,,,Gilen and his silly games...,Gilen과 그의 어리석은 짓들... ,record,False,True,False,False,MEDIUM,Gilen
Oblivion.esm,INFO,0001E0F9,,NAM1,0,,,Good day.,좋은 하루 되시길..,record,False,False,False,False,,
Oblivion.esm,INFO,0000BF9E,,NAM1,0,,,Shadow hide the hunter.,그림자가 사냥꾼을 덮어줄 거요.,record,False,False,False,False,,
Oblivion.esm,INFO,0000BF9F,,NAM1,0,,,Get back to work,처리하러 가시오.,record,False,False,False,False,,
Oblivion.esm,INFO,0008591B,,NAM1,0,,,You should get back to work.,당신은 처리하러 가야 해.,record,False,False,False,False,,
Oblivion.esm,INFO,00098381,,NAM1,0,,,Don't let the guards catch you.,경비원에게 잡히지 않도록해.,record,False,False,False,False,,
Oblivion.esm,INFO,0001C4D7,,NAM1,0,,,"Safe journey, milord.",안전한 여행이 되길.,record,False,False,False,False,,
Oblivion.esm,INFO,0001C4D8,,NAM1,0,,,"Safe journey, milady.",안전한 여행이 되길.,record,False,False,False,False,,
Oblivion.esm,INFO,000175BC,,NAM1,0,,,"Be careful, Associate.",조심하도록 하세요.,record,False,False,False,False,,
Oblivion.esm,INFO,000175BF,,NAM1,0,,,"Find someone else to bother, won't you?","다른 사람이나 좀 귀찮게 하도록, 알겠나?",record,False,False,False,False,,
Oblivion.esm,INFO,000165B7,,NAM1,0,,,Good to be home.,집에 있으니 좋군요.,record,False,False,False,False,,
Oblivion.esm,INFO,000165B9,,NAM1,0,,,Please... go get some rest.,부디... 가서 좀 쉬세요.,record,False,False,False,False,,
Oblivion.esm,INFO,000165BC,,NAM1,0,,,Good riddance.,속 시원합니다.,record,False,False,False,False,,
Oblivion.esm,INFO,000165BE,,NAM1,0,,,She's lucky I didn't have her tossed overboard.,내가 그녀를 배 밖으로 던지지 않았으니 그녀는 운이 좋아요.,record,False,False,False,False,,
Oblivion.esm,INFO,000165C0,,NAM1,0,,,Please... get her from my sight.,부탁입니다... 내 시야에서 그녀가 안보이게 해주세요.,record,False,False,False,False,,
Oblivion.esm,INFO,000165C2,,NAM1,0,,,Don't leave me!,날 떠나지 말아요!,record,False,False,False,False,,
Oblivion.esm,INFO,000627E7,,NAM1,0,,,Farewell.,잘 가시길.,record,False,False,False,False,,
Oblivion.esm,INFO,000165C3,,NAM1,0,,,Leave me be.,날 내버려 둬.,record,False,False,False,False,,
Oblivion.esm,INFO,000165C7,,NAM1,0,,,Victory is yours.,네 승리야.,record,False,False,False,False,,
Oblivion.esm,INFO,0001648E,,NAM1,0,,,"Farewell, Arch-Mage.","잘 가시길, Arch-Mage.",record,False,True,False,False,MEDIUM,Arch-Mage
Oblivion.esm,INFO,00015308,,NAM1,0,,,Shadow hide you.,그림자가 당신을 가려줄 거요.,record,False,False,False,False,,
Oblivion.esm,INFO,000153B2,,NAM1,0,,,May Shadow hide you.,그림자가 당신을 가려줄 거요.,record,False,False,False,False,,
Oblivion.esm,INFO,0000A223,,NAM1,0,,,I owe you a debt of gratitude.,당신에게 감사의 빚을 졌군요.,record,False,False,False,False,,
Oblivion.esm,INFO,0000A232,,NAM1,0,,,Go ahead. Leave me to rot in here.,가시오. 난 여기에 내버려 두고 나가시오.,record,False,False,False,False,,
Oblivion.esm,INFO,0004600A,,NAM1,0,,,I have to get back to work now.,나는 지금 처리하러 돌아가야 한다.,record,False,False,False,False,,
Oblivion.esm,INFO,0004600B,,NAM1,0,,,I think I hear milady calling.,부인이 부르고 있는 것 같네요.,record,False,False,False,False,,
Oblivion.esm,INFO,00049191,,NAM1,0,,,Shove off.,벗어 버려.,record,False,False,False,False,,
Oblivion.esm,INFO,0004A994,,NAM1,0,,,Don't make me show you to the door.,내가 당신을 추방하게 만들지 마시오.,record,False,False,False,False,,
Oblivion.esm,INFO,0004A995,,NAM1,0,,,"Oh, go away! Shoo! Shoo! A man's not even safe in his own home anymore!","오, 저리가요! 슈! 슈! 어떤 사람도 자신의 집에서 더 이상 안전하지 않아!",record,False,False,False,False,,
Oblivion.esm,INFO,00051796,,NAM1,0,,,Uh-huh. Whatever you say.,어 - 허. 맘대로 지껄여.,record,False,False,False,False,,
Oblivion.esm,INFO,00051797,,NAM1,0,,,"You take care now, buddy.","건강해, 친구.",record,False,False,False,False,,
Oblivion.esm,INFO,00051798,,NAM1,0,,,"Next time, go someplace else, huh? The Inn of Ill Omen, the Tiber Septim Hotel... Anywhere but here, okay?","다음 번에는, 다른데 가볼까, 어? The Inn of Ill Omen, the Tiber Septim Hotel처럼... 여기 말고 다른 데여야해, 알았지?",record,False,True,False,False,MEDIUM,"The, Inn, of, Ill, Omen, the, Tiber, Septim, Hotel"
Oblivion.esm,INFO,00051799,,NAM1,0,,,"Move along, citizen. I won't abide loitering.","가주세요, 시민. 난 빈둥거리고 있을 수 없습니다.",record,False,False,False,False,,
Oblivion.esm,INFO,0005179A,,NAM1,0,,,"Move faster, if you value your life.",당신의 목숨이 중요하다면 더 빠르게 이동합니다.,record,False,False,False,False,,
Oblivion.esm,INFO,0006C67B,,NAM1,0,,,"Just... just leave me alone, all right? I don't want no trouble!","그... 그냥 절 내버려 두세요, 네? 문제 일으키고 싶진 않아요!",record,False,False,False,False,,
Oblivion.esm,INFO,000C45BD,,NAM1,0,,,"Come see me anytime, friend. I'm here day or night.","언제든지, 친구 날 보러 와. 난 언제나 여기 있어.",record,False,False,False,False,,
Oblivion.esm,INFO,00035751,,NAM1,0,,,Goodbye.,잘 가세요.,record,False,False,False,False,,
Oblivion.esm,INFO,00035752,,NAM1,0,,,Back to work for poor old Orgnolf.,늙고 가난한 오그놀프(Orgnolf)는 그만 일하러 가야겠소.,record,True,True,False,False,HIGH,Orgnolf
Oblivion.esm,INFO,0015974D,,NAM1,0,,,"Until our paths cross again, my friend.","다시 만날 때까지, 친구여.",record,False,False,False,False,,
Oblivion.esm,INFO,00035755,,NAM1,0,,,I am undone.,나는 끝장이군요.,record,False,False,False,False,,
Oblivion.esm,INFO,00035756,,NAM1,0,,,Until your return.,다음에 또.,record,False,False,False,False,,
Oblivion.esm,INFO,0003575C,,NAM1,0,,,Until we meet again.,다시 또.,record,False,False,False,False,,
Oblivion.esm,INFO,000038D8,,NAM1,0,,,Fare thee well.,잘 가세요.,record,False,False,False,False,,
Oblivion.esm,INFO,0002FA6D,,NAM1,0,,,"Take care, friend. Don't get yourself killed on our account.","조심하십시오, 친구여. 저희를 도와주시다가 죽으시면 결코 안 됩니다.",record,False,False,False,False,,
Oblivion.esm,INFO,00033EF5,,NAM1,0,,,Good luck. And don't underestimate the goblins. They're more dangerous than they look.,행운을 빌겠어요. 그리고 고블린들을 얕잡아보지 마세요. 그들은 보기보단 더 위험하답니다.,record,False,False,False,False,,
Oblivion.esm,INFO,000343BF,,NAM1,0,,,"Try not to worry so much, dear.",그렇게 걱정하진 마세요.,record,False,False,False,False,,
Oblivion.esm,INFO,000343C0,,NAM1,0,,,I'm running out of patience with Barthel.,장인 때문에 인내심이 바닥이 나고 있어요.,record,False,False,False,False,,
Oblivion.esm,INFO,00028A28,,NAM1,0,,,Goodbye. And thank you.,잘 가세요. 고마워요.,record,False,False,False,False,,
Oblivion.esm,INFO,00028A29,,NAM1,0,,,Come back when you've learned something.,뭔가 알게 되면 돌아오세요.,record,False,False,False,False,,
Oblivion.esm,INFO,0002B7A9,,NAM1,0,,,There's no need to be that way. Goodbye.,그렇게 할 필요가 없습니다. 안녕히 가세요.,record,False,False,False,False,,
Oblivion.esm,INFO,0002B7AA,,NAM1,0,,,"Never mind, then.","마음에 두지 마세요, 그럼.",record,False,False,False,False,,
Oblivion.esm,INFO,0002B7AB,,NAM1,0,,,Oh. If that's the way you feel.,오. 그렇게 느꼈다면.,record,False,False,False,False,,
Oblivion.esm,INFO,0002B7AC,,NAM1,0,,,Fine. Be that way.,좋아요. 그렇게 하십시오.,record,False,False,False,False,,
Oblivion.esm,INFO,0002B7AD,,NAM1,0,,,Oh. Sorry to bother you.,"아, 귀찮게 해서 미안해요.",record,False,False,False,False,,
Oblivion.esm,INFO,0002B7AE,,NAM1,0,,,ABOVE HERE ARE RESPONSES TO LOW DISPOSITION GOODBYES,이 위는 낮은 호감도의 작별 인사에 대한 응답입니다.,record,False,False,False,False,,
Oblivion.esm,INFO,000241A6,,NAM1,0,,,'Bye.,가세요.,record,False,False,False,False,,
Oblivion.esm,INFO,000241A7,,NAM1,0,,,Goodbye.,잘 가요.,record,False,False,False,False,,
Oblivion.esm,INFO,0003AAA1,,NAM1,0,,,"You, too.",당신도.,record,False,False,False,False,,
Oblivion.esm,INFO,0003AAA3,,NAM1,0,,,Good day.,좋은 하루 되시길..,record,False,False,False,False,,
Oblivion.esm,INFO,0003AAA5,,NAM1,0,,,Farewell.,안녕.,record,False,False,False,False,,
Oblivion.esm,INFO,0003AAA7,,NAM1,0,,,Be seeing you.,또 만납시다.,record,False,False,False,False,,
Oblivion.esm,INFO,0003AAA8,,NAM1,0,,,Take care.,조심하길.,record,False,False,False,False,,
Oblivion.esm,INFO,000241A9,,NAM1,0,,,Enough talk.,대화는 충분해.,record,False,False,False,False,,
Oblivion.esm,INFO,000241AA,,NAM1,0,,,I'm through talking to you.,할말은 끝났소.,record,False,False,False,False,,
Oblivion.esm,INFO,000C47EB,,NAM1,0,,,Stop talking.,대화는 그만.,record,False,False,False,False,,
Oblivion.esm,INFO,000241AB,,NAM1,0,,,Leave me alone!,날 내버려 둬!,record,False,False,False,False,,
Oblivion.esm,INFO,000241AD,,NAM1,0,,,Stop talking! Enough!,대화는 그만해도 충분해!,record,False,False,False,False,,
Oblivion.esm,INFO,00074FD3,,NAM1,0,,,Just go away!,당장 가버려!,record,False,False,False,False,,
Oblivion.esm,INFO,00074FD4,,NAM1,0,,,Go bother someone else.,다른 사람이나 귀찮게 해.,record,False,False,False,False,,
Oblivion.esm,INFO,00074FD5,,NAM1,0,,,I'm done talking to you.,대화 끝.,record,False,False,False,False,,
Oblivion.esm,INFO,00074FD6,,NAM1,0,,,Just leave.,그만 가.,record,False,False,False,False,,
Oblivion.esm,INFO,000277BB,,NAM1,0,,,Goodbye.,잘 가요.,record,False,False,False,False,,
Oblivion.esm,INFO,00028697,,NAM1,0,,,Please hurry back.  You're my only hope!,제발 서둘러 주세요. 당신만이 제 유일한 희망이에요.,record,False,False,False,False,,
Oblivion.esm,INFO,00028698,,NAM1,0,,,Let's get out of this place!,여기서 빠져나가자고요!,record,False,False,False,False,,
Oblivion.esm,INFO,00028699,,NAM1,0,,,I hope you have a plan to get us out of here.,당신은 분명 이곳에서 데리고 나가 줄거지요?,record,False,False,False,False,,
Oblivion.esm,INFO,00017791,,NAM1,0,,,"Good luck, stranger. You get that girl out of this terrible place.","행운을 빌겠소, 낯선 친구. 이 무서운 곳에서 그 소녀를 데리고 나가시오.",record,False,False,False,False,,
Oblivion.esm,INFO,000256E0,,NAM1,0,,,Take care.,조심하시오.,record,False,False,False,False,,
Oblivion.esm,INFO,0002802A,,NAM1,0,,,So long.,그럼 또.,record,False,False,False,False,,
Oblivion.esm,INFO,0003AAAE,,NAM1,0,,,Safe travels.,안전한 여행되길.,record,False,False,False,False,,
Oblivion.esm,INFO,0003AAAF,,NAM1,0,,,Good night.,굿 나잇.,record,False,False,False,False,,
Oblivion.esm,INFO,0003AAB0,,NAM1,0,,,Good night.,굿 나잇.,record,False,False,False,False,,
Oblivion.esm,INFO,0003AAB3,,NAM1,0,,,Good day.,좋은 하루 되시길..,record,False,False,False,False,,
Oblivion.esm,INFO,0003AAB4,,NAM1,0,,,See you.,또 봐.,record,False,False,False,False,,
Oblivion.esm,INFO,0003AAB5,,NAM1,0,,,'Bye.,안녕.,record,False,False,False,False,,
Oblivion.esm,INFO,0003AAB8,,NAM1,0,,,Goodbye.,잘 가세요.,record,False,False,False,False,,
Oblivion.esm,INFO,000241AC,,NAM1,0,,,I have no more to say to you!,더 이상 할말 없어!,record,False,False,False,False,,
Oblivion.esm,INFO,000256E5,,NAM1,0,,,"Go away, fool!","꺼져, 멍청이!",record,False,False,False,False,,
Oblivion.esm,INFO,000277CD,,NAM1,0,,,Stop talking! Enough!,대화는 그만해도 충분해!,record,False,False,False,False,,
Oblivion.esm,INFO,00074FD7,,NAM1,0,,,Just go away!,당장 꺼져!,record,False,False,False,False,,
Oblivion.esm,INFO,00074FD8,,NAM1,0,,,Go bother someone else.,다른 사람이나 귀찮게 해.,record,False,False,False,False,,
Oblivion.esm,INFO,00074FD9,,NAM1,0,,,I'm done talking to you.,대화 끝.,record,False,False,False,False,,
Oblivion.esm,INFO,00074FDA,,NAM1,0,,,Just leave.,그만 떠나.,record,False,False,False,False,,
Oblivion.esm,DIAL,000000D7,INFOGENERAL,FULL,0,,,Rumors,소문,record,False,False,True,False,TOPIC_CHECK,
Oblivion.esm,INFO,0007866C,,NAM1,0,,,I hear that Earil is fed up with Brithaur's antics. He really wants something done about it.,Earil가 Brithaur의 장난에 진절머리 나고 있다고 (들)물었습니다. 그는 어떻게든해 주었으면 하면 진지하게 생각하고 있는 것 같습니다.,record,False,True,False,False,MEDIUM,"Earil, Brithaur"
Oblivion.esm,INFO,000432B9,,NAM1,0,,,I certainly haven't heard there's a new adventurer trying to get into the Realm.,새로운 모험자가 Realm래로 하고 있는 전혀 (듣)묻지 않아요.,record,False,True,False,False,MEDIUM,Realm
Oblivion.esm,INFO,000432BA,,NAM1,0,,,Some dashing new hero has stolen into the Realm!,위세가 좋은 새로운 방법의 영웅들이 Realm에 잠입했다고 하구나.,record,False,True,False,False,MEDIUM,Realm
Oblivion.esm,INFO,000432BB,,NAM1,0,,,There's someone new in the Shivering Isles. One more person to worry about.,Shivering Isles에 새로운 누군가가 있습니다. 걱정하고 있는 것은 이제(벌써) 1 분입니다.,record,False,True,False,False,MEDIUM,"Shivering, Isles"
Oblivion.esm,INFO,000432BC,,NAM1,0,,,I hear the newcomer made a real mess in Passwall. I sure hope he stays out of Highcross.,나는 신입의 녀석이 Passwall에 혼란을 불렀다고 (들)물었어. Highcross로부터는 떨어졌으면 좋다.,record,False,True,False,False,MEDIUM,"Passwall, Highcross"
Oblivion.esm,INFO,000432BD,,NAM1,0,,,"Newcomers to the isles, you say? Bah! Unless they're here to work my farms, I couldn't care less.","이 섬에의 신참자도? 응! 그들이 나의 농장에서 기능에서도 하지 않는 한, 아무래도 좋아요.",record,False,False,False,False,,
Oblivion.esm,INFO,000432BE,,NAM1,0,,,"A new person in town? Maybe someone to talk to on long, sleepless nights.","정에 새로운 사람이 왔어? 잘 수 없는 밤에, 길게 의논 상대가 되어 줄 것 같구나.",record,False,False,False,False,,
Oblivion.esm,INFO,000432BF,,NAM1,0,,,There's someone new in the Realm. One more interloper to watch out for.,이 Realm에 누군가 새로운 사람이 초래하자다. 조심하는 편이 좋은데.,record,False,True,False,False,MEDIUM,Realm
Oblivion.esm,INFO,000432C0,,NAM1,0,,,"Whoever this new person in the Isles is, he'd better steer clear of Deepwallow.","이 Isles에 나타난 사람이 누구여도, Deepwallow를 피하는 것이 열심이다.",record,False,True,False,False,MEDIUM,"Isles, Deepwallow"
Oblivion.esm,INFO,000432C1,,NAM1,0,,,A new person wandering around? Did anyone check to see if this person was diseased?,신참자가 근처를 배회하고 있어? 누군가 그 녀석이 오징어라고 없는가 확인했는지?,record,False,False,False,False,,
Oblivion.esm,INFO,000432C2,,NAM1,0,,,"A door has opened to the Realm, and a single man steps through. Will he come to us full of lies, or will his intentions be true?",이 Realm에의 문은 열렸다. 그리고 한사람의 남자가 발을 디딘다. 그는 거짓말로 가득 차 저희들을 만나는지? 그렇지 않으면 그의 결의는 진짜인가?,record,False,True,False,False,MEDIUM,Realm
Oblivion.esm,INFO,000432C3,,NAM1,0,,,"Some new person has arrived. It'd be polite to introduce myself, but I'm feeling more tired than usual.","여러명 새로운 사람이 도착했다. 자기 소개하는 것은 예의 바른 일이지만, 평소보다 지쳤다고 느낄 것이다.",record,False,False,False,False,,
Oblivion.esm,INFO,000432C4,,NAM1,0,,,I've heard some new person has arrived in the Realm. I simply don't have the time to meet somebody new.,여러명 새로운 사람이 Realm에 도착했다고 들었습니다. 나는 단지 새로운 누군가에게 만나는 시간이 잡히지 않습니다.,record,False,True,False,False,MEDIUM,Realm
Oblivion.esm,INFO,000432C5,,NAM1,0,,,There's a new adventurer in the Isles. I've only counted three dead adventurers before. Maybe this one will make one more.,새로운 모험자가 Isles에 있대요. 전에는 3명이 죽은 모험자를 세었을 뿐이었던 원. 이것으로 이제(벌써)  1개증가할지도 몰라요.,record,False,True,False,False,MEDIUM,Isles
Oblivion.esm,INFO,000432C6,,NAM1,0,,,"1, 2.. A new person has come to the Isles... 4, 5... recently.","1, 2<0xA1><0xA6>새로운 사람이 Isles에 왔다고 합니다<0xA1><0xA6>4, 5<0xA1><0xA6>최근의 일.",record,False,True,False,True,HIGH,Isles
Oblivion.esm,INFO,000432C7,,NAM1,0,,,Any new adventurer trying to get into the Isles will have a tough time going up against the Gatekeeper.,"Isles에 들어가려고 하는 어떤 새로운 모험자도, Gatekeeper에 부딪치는 대단한 경험을 할 것이다.",record,False,True,False,False,MEDIUM,"Isles, Gatekeeper"
Oblivion.esm,INFO,000432C8,,NAM1,0,,,What do you want? You a big mouthed gossip? Fine. I hear there's a new arrival. You happy now? Why don't you bother someone else?,무엇이 소망이야? 준화에서도 쫑알쫑알 말하고 싶은 것인지? 좋을 것이다. 신참자가 있다고 (들)물었어. 이것으로 만족한가? 왜 다른 사람을 괴롭힐 수 있지?,record,False,False,False,False,,
Oblivion.esm,INFO,000432C9,,NAM1,0,,,Why'd the adventurer walk through the Gates of Madness? To get to the other side!,왜 모험자는 Gates of Madness를 다녀 가지? 다른 옆으로부터 가면 된다!,record,False,True,False,False,MEDIUM,"Gates, of, Madness"
Oblivion.esm,INFO,000432CA,,NAM1,0,,,The new adventurers! I've seen them! One is as tall as a mountain! Another is composed of pure sound and light!,새로운 모험자야! 그들을 만났어요! 1명은 산과 같이 키가 컸어요! 다른 사람은 순수한 소리와 빛으로부터 완성되었어!,record,False,False,False,False,,
Oblivion.esm,INFO,000432CB,,NAM1,0,,,They say there's a newcomer about. I wonder where he's from?,모두가 신입이 있다고 이야기하고 있는 원. 나는 이상하지만 그는 어디에서 왔어?,record,False,False,False,False,,
Oblivion.esm,INFO,000432CC,,NAM1,0,,,The Gatekeeper should take care of anyone who doesn't belong.,Gatekeeper는 적당하지 않은 사람을 처리할 것.,record,False,True,False,False,MEDIUM,Gatekeeper
Oblivion.esm,INFO,000432CD,,NAM1,0,,,"New adventurers? New slaves for Cindanwe, you mean. If you see them, tell them to steer clear of Fellmoor.","새로운 모험자? 새로운 놈이 Cindanwe를 위해서(때문에) 악착같이 일하면(자), 그런 것인가. 만약 그들을 만나면(자), Fellmoor를 피하도록(듯이) 그들에게 말해.",record,False,True,False,False,MEDIUM,"Cindanwe, Fellmoor"
Oblivion.esm,INFO,000432CE,,NAM1,0,,,Newcomers mean new pests. New pests mean more blood! More blood means a very busy Relan....,신참자는 새로운 해충을 가져온다. 새로운 해충은 많은 피를 가져온다! 많은 피는 매우 바쁜 Relan를 가져온다<0xA1><0xA6>.,record,False,True,False,True,HIGH,Relan
Oblivion.esm,INFO,000432CF,,NAM1,0,,,My child will smash to a bloody pulp any adventurer who tries to get into the realm.,나의 아이는 Realm에 들어가려고 하는 어떤 모험자도 피를 묻힐 수 있는의 질퍽질퍽하게 두드려 잡아요.,record,False,True,False,False,MEDIUM,Realm
Oblivion.esm,INFO,000432D0,,NAM1,0,,,"Have you met the newcomer, yet? Rich, maybe? Kindhearted, or just another skinflint?",신참자에게는 벌써 만났어? 어쩌면 부자일까? 친절한가 다른 같은가?,record,False,False,False,False,,
Oblivion.esm,INFO,000432D1,,NAM1,0,,,I'd like to see this new adventurer try to make it past the Gatekeeper.,Gatekeeper를 빠져 나가 오려고 하는 이 새로운 모험자를 보고 싶어.,record,False,True,False,False,MEDIUM,Gatekeeper
Oblivion.esm,INFO,000432D2,,NAM1,0,,,"Who cares if a new adventurer will be in our Realm soon, he wouldn't wish to hear what I have to say anyway.","이제 곧 저희들의 Realm에 새로운 모험자가 있겠지만 신경쓰지 않습니다, 그는 어차피 내가 말해야 할 것을 (듣)묻고 싶다고는 생각하지 않을 것입니다.",record,False,True,False,False,MEDIUM,Realm
Oblivion.esm,INFO,000432D3,,NAM1,0,,,"Don't hurt me, okay? Do you want a bone? I'll tell you a secret. They say a new adventurer has come. Don't bite me!",나를 상처 입히지 않는가? 뼈를 갖고 싶지 않겠어? 너에게 비밀을 이야기해 줄게. 모두가 새로운 모험자가 와 하고 있다. 나를 씹지 말아줘!,record,False,False,False,False,,
Oblivion.esm,INFO,000432D4,,NAM1,0,,,I hear a new puppy dog has arrived on the Isles. I bet he's really cute and cuddly. Like you!,새로운 강아지 가 Isles에 도착했다고 듣고 있어. 그가 사랑스럽고 부드러우면 걸어도 괜찮은거야. 너와 같이!,record,False,True,False,False,MEDIUM,Isles
Oblivion.esm,INFO,000432D5,,NAM1,0,,,"I don't have time to deal with adventurers entering the Isles, I have a painting to finish!","Isles에 들어 온 모험자의 상대를 하고 있는 시간은 없어요, 나는 그림을 그려 끝내지 않으면 안된다 의!",record,False,True,False,False,MEDIUM,Isles
Oblivion.esm,INFO,000434C6,,NAM1,0,,,"That Gatekeeper is tough. He's still alive. He killed that adventurer trying to get in. So, we're all still perfectly safe.",그 Gatekeeper는 강해요. 그는 아직 살아있는 원이야. 그는 들어오려고 한 모험자를 죽였어요. 그러니까 저희들은 모두 절대로 안전해요.,record,False,True,False,False,MEDIUM,Gatekeeper
Oblivion.esm,INFO,000434CA,,NAM1,0,,,The Gatekeeper's dead. Must have had some curse or weakness. There always is. Heroes kill monsters by exploiting a weakness.,Gatekeeper가 죽었어요. 무엇인가 저주나 약점이 있던 것임에 틀림없어요. 언제나 그래요. 영웅은 약점을 이용해 괴물을 죽여.,record,False,True,False,False,MEDIUM,Gatekeeper
Oblivion.esm,INFO,000434CE,,NAM1,0,,,The Gatekeeper's been killed. Now we're even more exposed to attack.,Gatekeeper가 살해당했어요. 지금은 저희들은 한층 더 공격에 노출되고 있는 원.,record,False,True,False,False,MEDIUM,Gatekeeper
Oblivion.esm,INFO,000434CF,,NAM1,0,,,"With the Gatekeeper gone, it's only a matter of time before we have every manner of riff-raff swarming into the Isles.","Gatekeeper가 가 버렸다면, 그것은 모든 하층계급의 사람이 Isles에 모이는 것은 시간의 문제다.",record,False,True,False,False,MEDIUM,"Gatekeeper, Isles"
Oblivion.esm,INFO,000434D4,,NAM1,0,,,This business with the Gatekeeper is appalling. Can no one maintain order around here? ,이 일은 Gatekeeper의 것이었기 때문에 무서워요. 이 근처에 치안을 유지할 수 있는 사람은 없는거야?,record,False,True,False,False,MEDIUM,Gatekeeper
Oblivion.esm,INFO,000434D5,,NAM1,0,,,"Business isn't going to be the same, now that anyone can just wander into the Isles.","일이 전과 같이는 할 수 있을 것 같게 없습니다, 지금은 누구나가 Isles를 우왕좌왕할 수 있습니다.",record,False,True,False,False,MEDIUM,Isles
Oblivion.esm,INFO,000434DA,,NAM1,0,,,"With the Gatekeeper dead, there's one less line of defense against these damnable Scalons.","Gatekeeper가 죽어, 그 기들 해 있고 Scalon에 대한 방위선이  1개적게 되었어.",record,False,True,False,False,MEDIUM,"Gatekeeper, Scalon"
Oblivion.esm,INFO,000434DB,,NAM1,0,,,"You know who's responsible for killing the Gatekeeper, don't you? It's Them.",군은 Gatekeeper를 죽이는 것에 누가 책임을 질까 알고 있는  것이 아닌가? 그것은 놈등이야.,record,False,True,False,False,MEDIUM,Gatekeeper
Oblivion.esm,INFO,000434E0,,NAM1,0,,,The Gatekeeper has been slain. I bet he died of a disease. I hope someone takes care of his corpse. Can you imagine how disgusting that will be?,Gatekeeper가 살해당했다. 그가 병으로 죽은 (분)편에 거는군. 나는 누군가가 그의 시체를 처리하는 것을 바라. 그것이 어느 정도 진절머리 날까 알까?,record,False,True,False,False,MEDIUM,Gatekeeper
Oblivion.esm,INFO,000434E1,,NAM1,0,,,"The great guardian is dead and gone, his spirit passed away. I wonder if the stranger and I shall cross paths soon some day.","위대한 수호자가 죽어 버려, 그의 영혼이 이 죽어 버렸다. 낯선 사람과 내가 언젠가 그 중 갑자기 만날지도 모르는데.",record,False,False,False,False,,
Oblivion.esm,INFO,000434E6,,NAM1,0,,,The Gatekeeper is dead. Just great. Who's going to protect us now? I sure hope I don't have to move. I hate moving. It's depressing.,Gatekeeper가 죽었다. 훌륭하다. 지금은 누가 저희들을 지키고 있어? 내가 움직이는 것이 없게 바라. 움직이는 것은 싫다. 마음이 침울해진다.,record,False,True,False,False,MEDIUM,Gatekeeper
Oblivion.esm,INFO,000434E7,,NAM1,0,,,Whoever killed the Gatekeeper must have been dedicated and hard working. That reminds me... it's time I get back to work.,Gatekeeper를 죽였던 것이 누구여도 열심이고 어려운 일이었다가 틀림없다. 그래서 생각해 낸<0xA1><0xA6>일하러 돌아올 시간이었다.,record,False,True,False,True,HIGH,Gatekeeper
Oblivion.esm,INFO,000434EC,,NAM1,0,,,I've never seen a dead Gatekeeper. I should add him to my list. Did I ever tell you I've counted over a 900 dead rats...?,죽은 Gatekeeper는 본 적 없어. 나의 리스트에 그를 가세해 두지 않으면. 나는 지금까지 900이 죽은 쥐를 세었다고 당신에게 말했는지 해들?,record,False,True,False,False,MEDIUM,Gatekeeper
Oblivion.esm,INFO,000434ED,,NAM1,0,,,"1, 2... Did you hear? The Gatekeeper is dead.... 4, 5... That's bad news... 7, 8.","1, 2<0xA1><0xA6>당신 (들)물었어? Gatekeeper가 죽었어요<0xA1><0xA6>4, 5<0xA1><0xA6>저것은 나쁜 알려라<0xA1><0xA6>7, 8.",record,False,True,False,True,HIGH,Gatekeeper
Oblivion.esm,INFO,000434F2,,NAM1,0,,,The Gatekeeper is dead. He's got really big bones.,Gatekeeper가 죽었다. 그는 정말로 큰 뼈를 가지고 있었어.,record,False,True,False,False,MEDIUM,Gatekeeper
Oblivion.esm,INFO,000434F3,,NAM1,0,,,Some idiot killed the Gatekeeper. Now we'll be swamped with morons coming and bothering us. Present company not excluded.,어딘가의 바보가 Gatekeeper를 죽였다. 지금에 바보가 와 저희들을 번거롭게 해 혼이 날 것이다. 지금 있는 놈도 예외가 아니어.,record,False,True,False,False,MEDIUM,Gatekeeper
Oblivion.esm,INFO,000434F7,,NAM1,0,,,What do you get when you cross an adventurer with the Gatekeeper? A dead Gatekeeper!,모험자와 Gatekeeper가 만났을 때 너는 무엇을 하고 있었어? 죽은 Gatekeeper가!,record,False,True,False,False,MEDIUM,"Gatekeeper, Gatekeeper"
Oblivion.esm,INFO,000434F8,,NAM1,0,,,Do you want to know a secret? It was I who killed the Gatekeeper. I poisoned him with an apple!,비밀을 알고 싶어? Gatekeeper를 죽인 것은 나야. 내가 사과로 그를 독살했어요!,record,False,True,False,False,MEDIUM,Gatekeeper
Oblivion.esm,INFO,000434FB,,NAM1,0,,,"I'll have to update my encyclopedia. I had an entire volume devoted to the Gatekeeper, and now he's dead.","나의 백과사전을 개정하지 않으면. 상당한 분량을 Gatekeeper에 찢고 있었는데, 지금은 그는 죽었어요.",record,False,True,False,False,MEDIUM,Gatekeeper
Oblivion.esm,INFO,000434FC,,NAM1,0,,,The Gatekeeper's dead. I hope I get to help rebuild a new one.,Gatekeeper가 죽었어요. 새로운 것을 다시 만드는 것 를 도울 수 있도록(듯이) 바라요.,record,False,True,False,False,MEDIUM,Gatekeeper
Oblivion.esm,INFO,000434FD,,NAM1,0,,,People keep saying that the Gatekeeper is dead. I have no idea what that means. Do you know?,사람들은 Gatekeeper가 죽었다고 계속 말하고 있다. 나는 그것이 무슨 일인가 모른다. 너는 알고 있어?,record,False,True,False,False,MEDIUM,Gatekeeper
Oblivion.esm,INFO,000434FE,,NAM1,0,,,"Mighty warrior, the fallen Gatekeeper. Relan wonders if he would be able to do the same.","강력한 전사, 쓰러진 Gatekeeper. Relan는 그가 보복할 수 있을지 어떨지 의문이구나.",record,False,True,False,False,MEDIUM,"Gatekeeper, Relan"
Oblivion.esm,INFO,000434FF,,NAM1,0,,,Someone killed my poor child! And my Lord cares little. So be it. Let the adventurers in. I don't care anymore.,누군가가 나의 안된 아이를 죽였어요! 그리고 나의 Lord는 신경쓰지 않았다. 그렇다면 그래서 어쩔 수 없어요. 모험자를 넣읍시다. 이제 신경쓰지 않아요.,record,False,True,False,False,MEDIUM,Lord
Oblivion.esm,INFO,00043500,,NAM1,0,,,"Hey, did you hear the Gatekeeper is dead? That's valuable information, don't you think? Worth a few coins?","응, Gatekeeper가 죽었다고 (들)물었어? 가치가 있는 정보라고 생각하지 않아? 2, 3매의 금화만한 가치일까?",record,False,True,False,False,MEDIUM,Gatekeeper
Oblivion.esm,INFO,00043501,,NAM1,0,,,"The Gatekeeper was killed. Nobody asked me if I thought that was a good idea. Well, I do.","Gatekeeper가 살해당했다. 내가 그것을 말해 생각이라고 생각하고 있었던 화도인가 아무도 묻지 않았다. 아, 알고 있다.",record,False,True,False,False,MEDIUM,Gatekeeper
Oblivion.esm,INFO,00043502,,NAM1,0,,,The mighty Gatekeeper has fallen. Fallen like my heart on a cold winter's day.,강력한 Gatekeeper가 쓰러졌어요. 추운 겨울의 날의 나의 심장과 같이.,record,False,True,False,False,MEDIUM,Gatekeeper
Oblivion.esm,INFO,00043503,,NAM1,0,,,The Gatekeeper is dead. Did you kill him? You've got awfully sharp looking teeth. Don't eat me. Please!,Gatekeeper가 죽었다. 너가 그를 죽였는지? 너는 매우 날카로운 이빨을 가지고 있어. 나를 먹지 말아줘. 부탁이다!,record,False,True,False,False,MEDIUM,Gatekeeper
Oblivion.esm,INFO,00043504,,NAM1,0,,,"Aren't you a cute little caterpillar! The Gatekeeper is dead. But he won't turn into a butterfly. No, he won't. Will he?","귀여운 나비의 유충 가 아닌가! Gatekeeper가 죽었어. 하지만 그는 나비에는 변화하지 않을 것이다. 응, 변화하지 않는다. 변화하는지?",record,False,True,False,False,MEDIUM,Gatekeeper
Oblivion.esm,INFO,00043505,,NAM1,0,,,Perhaps I should dedicate a portrait to the Gatekeeper in honor of his death.,아마 나는 Gatekeeper의 죽어 경의를 나타내 초상화를 바쳐야 하는 것.,record,False,True,False,False,MEDIUM,Gatekeeper
Oblivion.esm,INFO,00040BB0,,NAM1,0,,,I hear there's someone new in the Isles... they should have stayed away. This whole place is coming down on our heads!,Isles에 새로운 누군가가 있다 라고 (듣)묻고 있어<0xA1><0xA6>그들은 떨어져있는 했던. 이 장소는 저희들의 머리에 떨어져 내린다!,record,False,True,False,True,HIGH,Isles
Oblivion.esm,INFO,00042D92,,NAM1,0,,,"A new face in the Isles. Brings the Fork, perhaps?",Isles에 신입이 있다 라는. 아마 포크를 가져오지요?,record,False,True,False,False,MEDIUM,Isles
Oblivion.esm,INFO,00042D96,,NAM1,0,,,"How glorious, a newcomer to the Isles! Perhaps they will see the ways of Arden-Sul and join us.","은 훌륭한 것이다, Isles에 신참자가! 아마 그들은 Arden-Sul의 방식을 봐 저희들에 참가할 것이다.",record,False,True,False,False,MEDIUM,"Isles, Arden-Sul"
Oblivion.esm,INFO,00042D99,,NAM1,0,,,"People are talking about a new adventurer who is seeking to get into the Isles. Mama warned me, ""Only go where you've been invited.""","사람들은 Isles에 입깔때기 하고 있는 새로운 모험자에 대해 이야기하고 있습니다. 어머니가 충고해 주었어,""당신은 초대된 것에만 가""는.",record,False,True,False,False,MEDIUM,Isles
Oblivion.esm,INFO,00042D97,,NAM1,0,,,How awful. An adventurer trying to get into our fine land? I hope they stay far from the palace.,은 심하다. 모험자가 암들의 훌륭한 토지에 입깔때기 하고 있다고? 이 궁전으로부터는 떨어져있는 일을 바라는군.,record,False,False,False,False,,
Oblivion.esm,INFO,00042D9A,,NAM1,0,,,"Another adventurer is trying to get into the Shivering Isles. If it's a Breton, it'll be the first one in 3.7 years.",다른 모험자가 Shivering Isles에 들어가려 하고 있다. 만약 그것이 Breton라면 3.7년만에 될 것이다.,record,False,True,False,False,MEDIUM,"Shivering, Isles, Breton"
Oblivion.esm,INFO,00042D9B,,NAM1,0,,,A new visitor to our home. How wonderful. Better stay away from my wife....,암들이 사는 장소에 방문자가. 정말 훌륭하다. 아내로부터 멀어지는데 좋다<0xA1><0xA6>.,record,False,False,False,True,HIGH,
Oblivion.esm,INFO,00042D9E,,NAM1,0,,,"A new adventurer may set foot in the Shivering Isles, I hear. Perhaps I will bake him a fine treat in case our paths should cross.",새로운 모험자가 Shivering Isles에 발을 디딜지도 모른다고 (들)물었어. 아마 암들이 만나면(자) 멋진 맛좋은 음식을 오븐으로 구워 줄 것이다.,record,False,True,False,False,MEDIUM,"Shivering, Isles"
Oblivion.esm,INFO,00042D9F,,NAM1,0,,,Someone new in the Isles? Don't care. Plenty to drink for everyone.,Isles에 새로운 누군가가? 신경쓰지 마. 누구라도 음료는 많이 있기 때문에.,record,False,True,False,False,MEDIUM,Isles
Oblivion.esm,INFO,00042DA2,,NAM1,0,,,"So, a newcomer may arrive in the Isles? I hope it's a guy and I hope he's cute. It's slim pickings around here.","자, 신참자가 Isles에 올지도 모르구나? 그것이 남자로 사랑스러운 일을 바래요. 이 근처에는 좀처럼 없어.",record,False,True,False,False,MEDIUM,Isles
Oblivion.esm,INFO,00042DA3,,NAM1,0,,,Someone new comes to the Isles. Much more interesting than someone old.,누군가가 새롭게 Isles에 온다. 나이를 먹은 누군가씨보다는 재미있을 것이다.,record,False,True,False,False,MEDIUM,Isles
Oblivion.esm,INFO,00042DA6,,NAM1,0,,,"There's someone new in town, I hear. Finally, someone with a wider perspective who can appreciate my art!","가에 누군가 새로운 것이 있다 라고 (듣)묻고 있다. 겨우, 나의 재주를 평가할 수 있는 넓은 관점을 가진 누군가예요!",record,False,False,False,False,,
Oblivion.esm,INFO,00042DA7,,NAM1,0,,,A stranger in the Isles is interesting news. Perhaps this stranger has interesting things...?,Isles에 낯선 사람이 있다 라고 것은 재미있는 통지예요. 아마 이 낯선 사람은 재미있는 것을 가지고 있는  것이 아닐까<0xA1><0xA6>?,record,False,True,False,True,HIGH,Isles
Oblivion.esm,INFO,00042DAA,,NAM1,0,,,"I heard there's a new adventurer trying to get into the Shivering Isles. No real matter to me, unless he can build a boat.",Shivering Isles에 입깔때기 하고 있는 새로운 모험자가 있다 라는 소문이다. 그 녀석이 보트를 만들 수 없는 한 나에게는 아무래도 좋다.,record,False,True,False,False,MEDIUM,"Shivering, Isles"
Oblivion.esm,INFO,00042DAB,,NAM1,0,,,"Another of my brood finally returns to the Isles. Oh, I wonder what this one will be like!","나의 종족의 다른 사람이 마침내 Isles로 돌아왔어요. 아, 나는 이 사람을 좋아하게 될 수 있을까 모릅니다!",record,False,True,False,False,MEDIUM,Isles
Oblivion.esm,INFO,000434AB,,NAM1,0,,,The Gatekeeper's dead? Probably got killed by the Gates of Madness falling down on his head.,Gatekeeper가 죽었어? 아마 그의 머리에 Gate of Madness가 떨어져 내려 살해당했다.,record,False,True,False,False,MEDIUM,"Gatekeeper, Gate, of, Madness"
Oblivion.esm,INFO,000434AD,,NAM1,0,,,The Gatekeeper is no more. The Fork is missing. These are difficult times.,Gatekeeper는 이제 된 있고. 포크는 없어졌다. 이건 대단한 시대야.,record,False,True,False,False,MEDIUM,Gatekeeper
Oblivion.esm,INFO,000434AE,,NAM1,0,,,Arden-Sul has willed it to be... the Gatekeeper is dead and the newcomer to the Isles will join us in praising his name!,"Arden-Sul가 그렇게 시켰습니다. <0xA1><0xA6>Gatekeeper는 죽어, Isles에 온 신참자는, 인가의 이름을 칭해에 저희들에 참가하겠지요!",record,False,True,False,True,HIGH,"Arden-Sul, Gatekeeper, Isles"
Oblivion.esm,INFO,000434B1,,NAM1,0,,,"The Gatekeeper is dead, you know. Now, that was a truly ugly creature. Perhaps now a handsome adventurer will come to steal me away.",Gatekeeper가 죽어도 알고 있는 좋은. 그 녀석은 정말로 추악한 생물이었다. 아마 지금은 깨끗한 모험자가 살그머니 나에게 오는 곳(중).,record,False,True,False,False,MEDIUM,Gatekeeper
Oblivion.esm,INFO,000434B2,,NAM1,0,,,Oh my! The Gatekeeper is dead! I must hurry back to Thadon's side. He must be protected!,라고 개! Gatekeeper가 죽었다! 서둘러 Thadon의 곁으로 돌아가지 않으면. 그를 지키지 않으면 안 된다!,record,False,True,False,False,MEDIUM,"Gatekeeper, Thadon"
Oblivion.esm,INFO,000434B5,,NAM1,0,,,Did you know that the Gatekeeper had only a three percent chance of failing? Most interesting that he was defeated.,군은 Gatekeeper가 3%만 실패할 가능성이 있어도 알고 있었던 보람? 재미있는 것에 그는 패배시켜졌다.,record,False,True,False,False,MEDIUM,Gatekeeper
Oblivion.esm,INFO,000434B6,,NAM1,0,,,I can't believe the Gatekeeper is gone. He kept out all those other men.,Gatekeeper가 없어졌다라고 믿을 수 없는데. 그는 다른 남공을 모두 내쫓아 있었다.,record,False,True,False,False,MEDIUM,Gatekeeper
Oblivion.esm,INFO,000434B9,,NAM1,0,,,"So, this mystery adventurer has breached our defenses. I better prepare a special dish to commemorate this event.","그래서, 이 수수께끼의 모험자는 저희들의 방어를 찢었다. 이 사건을 기념해, 보다 특별한 요리를 준비할게.",record,False,False,False,False,,
Oblivion.esm,INFO,000434BA,,NAM1,0,,,The Gatekeeper dead. Let's drink to the Gatekeeper!,Gatekeeper가 죽었어요. Gatekeeper에 건배 합시다!,record,False,True,False,False,MEDIUM,"Gatekeeper, Gatekeeper"
Oblivion.esm,INFO,000434BD,,NAM1,0,,,"Ohhh, the big strong adventurer killed the Gatekeeper. How interesting.","어머, 크고 강한 모험자가 Gatekeeper를 죽였어요. 정말 흥미롭지요.",record,False,True,False,False,MEDIUM,Gatekeeper
Oblivion.esm,INFO,000434BE,,NAM1,0,,,Gatekeeper's gone. For good. Or not. Might just be on holiday. We'll see.,Gatekeeper는 가 버렸다. 영구히. 그렇지 않을지도. 휴가에서도 얻고 있는지도 모른다. 그 중 알겠지.,record,False,True,False,False,MEDIUM,Gatekeeper
Oblivion.esm,INFO,000434C1,,NAM1,0,,,"I wonder...  now that the Gatekeeper is dead, perhaps my fame will finally spread far beyond the Shivering Isles!","놀라움이예요<0xA1><0xA6>Gatekeeper가 죽은 지금, 아마 나의 명성은 마침내 Shivering Isles를 넘어 퍼질 것!",record,False,True,False,True,HIGH,"Gatekeeper, Shivering, Isles"
Oblivion.esm,INFO,000434C2,,NAM1,0,,,Sad about the Gatekeeper. I wonder if he had anything worth keeping?,Gatekeeper로 슬퍼해. 그에게는 어떤 가치가 있었는지도 몰라?,record,False,True,False,False,MEDIUM,Gatekeeper
Oblivion.esm,INFO,000434C5,,NAM1,0,,,"Heard the Gatekeeper was killed. Waste of a creature that size anyway, if you ask me.","Gatekeeper가 살해당했다고 (들)물었다. 나에게 말하게 하면(자), 어쨌든 그 치수의 생물은 쓸데없다고 일이다.",record,False,True,False,False,MEDIUM,Gatekeeper
Oblivion.esm,INFO,000434C7,,NAM1,0,,,I heard the Gatekeeper was killed. I do hope one of my hatchlings wasn't responsible. That'd be ever so embarrassing.,Gatekeeper가 살해당했다고 (들)물었어요. 나의 아이들의 1명에게 책임이 없는 것을 바라요. 그러면 창피하니까.,record,False,True,False,False,MEDIUM,Gatekeeper
Oblivion.esm,INFO,000434CB,,NAM1,0,,,"I heard there's an ancient ruin that lures adventurers into it, then it kills them. It's old, so those walls can't be safe.","모험자를 끌어 들여 그리고 그들을 죽이는, 고대의 유적이 있다 라고 (들)물었어. 그 녀석은 낡기 때문에 벽은 안전하지 구멍 좋은.",record,False,False,False,False,,
Oblivion.esm,INFO,00041ECB,,NAM1,0,,,A new adventurer in the Isles. Perhaps it's a sign?,Isles에 새로운 모험자가. 아마 조짐에서는?,record,False,True,False,False,MEDIUM,Isles
Oblivion.esm,INFO,00042D91,,NAM1,0,,,"Someone new in the Isles? Oh no, I don't want that. Perhaps Syl will put a stop to it.","Isles에 새롭게 누군가가? 그런, 나는 그런 것 바라지 않아요. 아마 Syl님이 그만두게 하겠지요.",record,False,True,False,False,MEDIUM,"Isles, Syl"
Oblivion.esm,INFO,00042D94,,NAM1,0,,,Any new entry to the Shivering Isles is the chance for a new convert. I welcome it.,Isles에의 새로운 입장자는 신규에 개종 시키는데 좋을 기회입니다. 환영해요.,record,False,True,False,False,MEDIUM,Isles
Oblivion.esm,INFO,00042D95,,NAM1,0,,,Newcomers are entering the Shivering Isles. With new people comes new treasure!,신참자가 Shivering Isles에 들어 오고 있다. 새로운 사람과 함께 새로운 보물이 온다는 것이다!,record,False,True,False,False,MEDIUM,"Shivering, Isles"
Oblivion.esm,INFO,00042D98,,NAM1,0,,,A new adventurer in the Isles. Perhaps this adventurer has some Skooma?,새로운 모험자가 Isles에 있다고. 아마 그 모험자는 몇개인가 Skooma를 가지고 있지?,record,False,True,False,False,MEDIUM,"Isles, Skooma"
Oblivion.esm,INFO,00042D93,,NAM1,0,,,There's a new person in the Isles. I wonder what his blood tastes like?,새로운 사람이 Isles에 있습니다. 그 사람이 어떤 피의 맛을 좋아할까라고 생각하고 있는 원.,record,False,True,False,False,MEDIUM,Isles
Oblivion.esm,INFO,00042D9C,,NAM1,0,,,I've heard that there are new adventurers coming. I wonder what new discoveries they will bring to us.,새로운 모험자가 오고 있다고 (들)물었어. 그들이 어떤 신발견을 가져와 줄까하고 생각하고 있어.,record,False,False,False,False,,
Oblivion.esm,INFO,00042D9D,,NAM1,0,,,I hear there's someone new in the Shivering Isles. I do so enjoy making new friends.,Shivering Isles에 누군가 새로운 놈이 있다 라고 (들)물었군. 나는 새로운 친구를 매우 즐겁게 해 줄게.,record,False,True,False,False,MEDIUM,"Shivering, Isles"
Oblivion.esm,INFO,00042DA0,,NAM1,0,,,I heard about this new person in the Isles. There's one more person who'll come to hate my guts. I hope he kills me.,Isles에 있는 새로운 사람을 (들)물었어. 나를 마음 속 미워하고 있는 사람이 있을 것이다. 그 녀석에게 나를 죽였으면 좋아.,record,False,True,False,False,MEDIUM,Isles
Oblivion.esm,INFO,00042DA1,,NAM1,0,,,The last thing the Realm needs is one more vagabond sneaking in.,최근 Realm에 필요한 (일)것은 이제(벌써) 1명 몰래 들어 온 방랑자다.,record,False,True,False,False,MEDIUM,Realm
Oblivion.esm,INFO,00042DA4,,NAM1,0,,,Someone new is trying to get into the Shivering Isles. I'd better hide what little I have left.,누군가 새로운 놈이 Shivering Isles에 입깔때기 하고 있다. 나가 가지고 있는 나머지의 약간의 물건을 숨기는 편이 좋은데.,record,False,True,False,False,MEDIUM,"Shivering, Isles"
Oblivion.esm,INFO,00042DA5,,NAM1,0,,,I hear there's someone trying to get into the Shivering Isles. It's all part of a plot to overthrow the Realm. You'll see.,Shivering Isles에 입깔때기 하고 있는 누군가가 있다 라고 (들)물어 비쳐요. 그것은 Realm를 전복시키는 계획의 일부인 것입니다. 지금에 알아요.,record,False,True,False,False,MEDIUM,"Shivering, Isles, Realm"
Oblivion.esm,INFO,00042DA8,,NAM1,0,,,Someone different come to the Isles? Don't like to think what kind of diseases came along.,누군가가 Isles에 와 바뀐 것? 어떤 식으로 병이 진행했는지 생각하는 것은 좋아하지 않아.,record,False,True,False,False,MEDIUM,Isles
Oblivion.esm,INFO,00042DA9,,NAM1,0,,,Rumor has it there's another adventurer trying to get into the Realm. One more person to take up arms against me!,다른 모험자가 이 Realm에 들어가려 하고 있다라는 소문이 있습니다. 나에 대해서 무기를 취해 싸움 구토해!,record,False,True,False,False,MEDIUM,Realm
Oblivion.esm,INFO,00042DAC,,NAM1,0,,,"That newcomer... I know I heard his name the other day, but I can't seem to remember....","그 신인씨<0xA1><0xA6>요전날그의 이름을 (들)물었지만, 생각해 낼 수 없어<0xA1><0xA6>.",record,False,False,False,True,HIGH,
Oblivion.esm,INFO,00042DAD,,NAM1,0,,,"Someone new around? Not one of those horrible cats, I hope.",이 근처에 누군가 새로운 놈이? 그 무서운 묘공이 아니다고 바라는군.,record,False,False,False,False,,
Oblivion.esm,INFO,000434AC,,NAM1,0,,,The Gatekeeper dead. Can the rest of us be far behind?,Gatekeeper가 죽었어요. 저희들의 평온은 멀게 과거의 것이 되는 것입니까?,record,False,True,False,False,MEDIUM,Gatekeeper
Oblivion.esm,INFO,000434AF,,NAM1,0,,,"The Gatekeeper, dead! This could be the end for all of us!",Gatekeeper가 죽은 원! 저희들 모두 마지막이야!,record,False,True,False,False,MEDIUM,Gatekeeper
Oblivion.esm,INFO,000434B0,,NAM1,0,,,The new arrival to our land has slain the Gatekeeper! A fine candidate for the Demented!,저희들의 토지에 온 신참자가 Gatekeeper를 죽였다! Demented에 더할 나위 없는 후보자다!,record,False,True,False,False,MEDIUM,"Gatekeeper, Demented"
Oblivion.esm,INFO,000434B3,,NAM1,0,,,They're saying that the Gatekeeper has been killed. Was it you? Did you do it? Did you get anything good from him?,모두 Gatekeeper가 살해당했다고 하고 있다. 그것은 너인가? 네가 했는지? 그로부터 무엇인가 좋은 것을 손에 넣었니?,record,False,True,False,False,MEDIUM,Gatekeeper
Oblivion.esm,INFO,000434B4,,NAM1,0,,,"The Gatekeeper has been slain. That calls for a bit of Skooma, don't you think? I need a fix of Skooma! Please! You got some Skooma?",Gatekeeper가 살해당했어. 거기에는 Skooma가 조금 필요했다고 생각하지 않겠어? 나는 Skooma를 섭취할 필요가 있어! 부탁이야! Skooma를 가지지 않은가?,record,False,True,False,False,MEDIUM,"Gatekeeper, Skooma, Skooma, Skooma"
Oblivion.esm,INFO,000434B7,,NAM1,0,,,It's only a matter of time before adventurers swarm the Isles now that the Gatekeeper is killed. You'll need a sharp blade to bleed them.,"Gatekeeper가 살해당한 지금, 모험자가 Isles에 모이는 것은 시간의 문제군요. 당신은 그들을 서 자르는 날카로운 칼날이 필요하게 되어요.",record,False,True,False,False,MEDIUM,"Gatekeeper, Isles"
Oblivion.esm,INFO,000434B8,,NAM1,0,,,"It's a shame, really. The Gatekeeper was a beautiful specimen. Now he'll just rot and fade like everything else.","유감스러운 일이야, 정말로. Gatekeeper는 아름다운 표본이었다. 지금은 그는 부패해 다른 사람과 같이 사라져 갈 것이다.",record,False,True,False,False,MEDIUM,Gatekeeper
Oblivion.esm,INFO,000434BB,,NAM1,0,,,"The Gatekeeper's been killed, I hear. Now who knows what new faces I'll get a chance to mangle.",Gatekeeper가 살해당했다고 (들)물었어. 지금 내가 갈기갈기 할 수 있는 신입을 알고 있는 것은 누군가인.,record,False,True,False,False,MEDIUM,Gatekeeper
Oblivion.esm,INFO,000434BC,,NAM1,0,,,"Someone killed the Gatekeeper? Do you know who? Maybe he'll kill me too. Do you think? I hope so. Someone put me out of my misery, please!",누군가가 Gatekeeper를 죽여도? 너는 누군지 알고 있어? 아마 그는 나도 죽일 것이다. 그렇게 생각하지 않는가? 나는 그렇게 바라고 있어. 누군가 불행으로부터 구제이고라고 주어 부탁이다!,record,False,True,False,False,MEDIUM,Gatekeeper
Oblivion.esm,INFO,000434BF,,NAM1,0,,,The Gatekeeper is dead. One more sign that the Realm is being run into the ground. This never should've happened.,Gatekeeper가 죽었다. Realm가 몰리고 있는 1개의 징조다. 이것은 결코 일어나선 안 되었다.,record,False,True,False,False,MEDIUM,"Gatekeeper, Realm"
Oblivion.esm,INFO,000434C0,,NAM1,0,,,"I heard the Gatekeeper is dead. He didn't have any of my things on him, though, so it's no matter.","Gatekeeper가 죽었다고 (들)물었어. 그는 나의 물건은 아무것도 가지지 않았지만, 그것은 문제가 아니다.",record,False,True,False,False,MEDIUM,Gatekeeper
Oblivion.esm,INFO,000434C3,,NAM1,0,,,"The Gatekeeper's been killed, you know. Uncle Leo is most distressed, but I'm thrilled. Can't wait to find out who's behind it.","Gatekeeper가 살해당해도 알고 있는 원이군요. Leo 아저씨는 걱정하고 있지만, 나는 두근거리고 있는 원. 누가 그것의 배후에 있을까 찾아내는 것이 기다릴 수  없어요.",record,False,True,False,False,MEDIUM,"Gatekeeper, Leo"
Oblivion.esm,INFO,000434C4,,NAM1,0,,,The Gatekeeper has died. Wonder what got him. Collywobbles? Greenspore?,Gatekeeper가 죽었습니다. 무엇이 그를 그러한 의 것인지 이상합니다. 복통이야? Greenspore일까?,record,False,True,False,False,MEDIUM,"Gatekeeper, Greenspore"
Oblivion.esm,INFO,000434C8,,NAM1,0,,,The Gatekeeper's been killed. This is only the first step; they'll be coming for me next.,"Gatekeeper가 살해당했어요. 이것은 제 일보에 지나지 않아요, 다음은 나의 차례지요.",record,False,True,False,False,MEDIUM,Gatekeeper
Oblivion.esm,INFO,000434C9,,NAM1,0,,,"I would love to get a piece of the old Gatekeeper for my Museum. His head maybe, or an arm... he certainly was a unique specimen.","박물관을 위해서(때문에) 낡은 Gatekeeper의 파편을 손에 넣고 싶어요. 그의 머리일까, 그렇지 않으면 팔<0xA1><0xA6>그는 종류 드문 표본인거야.",record,False,True,False,True,HIGH,Gatekeeper
Oblivion.esm,INFO,000434CD,,NAM1,0,,,The Gatekeeper is dead? Who will keep out the cats? They'll be everywhere!,Gatekeeper가 죽었어? 누가 고양이를 내쫓지? 놈등은 어디에라도 있어!,record,False,True,False,False,MEDIUM,Gatekeeper
Oblivion.esm,INFO,0009148D,,NAM1,0,,,"Your pardon, citizen. I must return to my post.","미안하군, 거주자야. 부서로 돌아가지 않으면.",record,False,False,False,False,,
Oblivion.esm,INFO,0009148E,,NAM1,0,,,This Mazken must return to duty.,"이 Mazken, 임무하러 돌아오지 않으면.",record,False,True,False,False,MEDIUM,Mazken
Oblivion.esm,INFO,0009148F,,NAM1,0,,,"Duty calls, citizen. Madgod's blessings upon you.","임무에 소집되고 있다, 거주자야. 너에게 Madgod의 축복 어.",record,False,True,False,False,MEDIUM,Madgod
Oblivion.esm,INFO,000914AF,,NAM1,0,,,"Apologies, citizen, but I must return to my post.","미안한, 거주자야. 하지만 부서로 돌아가지 않으면 안 되는 것이다.",record,False,False,False,False,,
Oblivion.esm,INFO,000914B1,,NAM1,0,,,"Blessings of the Madgod, citizen. Walk without fear.","Madgod의 축복을, 거주자야. 무서워하는 일 없이 걷는게  좋다.",record,False,True,False,False,MEDIUM,Madgod
Oblivion.esm,INFO,000914E2,,NAM1,0,,,The Aureal do not waste time chatting with mortals.,아우리얼은 정명의 사람들과 이야기해 시간을 쓸데없게는 하지 않는 것이다.,record,False,False,False,False,,
Oblivion.esm,INFO,00091597,,NAM1,0,,,"Away, mortal. I haven't time for your chatter.","떨어져라, 정명의 사람. 당신과 이야기하는 시간은 없는 것이다.",record,False,False,False,False,,
Oblivion.esm,INFO,000915BC,,NAM1,0,,,Cease your prattling.,쓸데없는 말을 치는 것을 그만두어 줘.,record,False,False,False,False,,
Oblivion.esm,INFO,000915BE,,NAM1,0,,,Do not bother the Aureal with your petty conversation.,당신의 시시한 회화로 아우리얼을 괴롭히지 말아라.,record,False,False,False,False,,
Oblivion.esm,INFO,000915BF,,NAM1,0,,,"Leave me, mortal. Your words hold no meaning for me.","떠나라, 필멸자. 네 말은 내게 아무 소용도 없다.",record,False,False,False,False,,
Oblivion.esm,INFO,0007D46E,,NAM1,0,,,Fribble! Just Fribble!,꽉 차지 않아! 전혀 꽉 차지 않는!,record,False,False,False,False,,
Oblivion.esm,INFO,0008DB85,,NAM1,0,,,"Beware the vicious Scalon for it carries dread disease. If this foe bites you, then stay away from me please.","무서운 병을 매개하는 사사나운 Scalon에 조심합니다. 너가 그 녀석에게 씹어 붙어지면(자), 부탁하기 때문에 나에게는 근부 없고 늦어라.",record,False,True,False,False,MEDIUM,Scalon
Oblivion.esm,INFO,00077C39,,NAM1,0,,,Scalons carry diseases. Lots of them.,Scalon들은 병을 가지고 있어. 놈등의 대부분이.,record,False,True,False,False,MEDIUM,Scalon
Oblivion.esm,INFO,0008DC17,,NAM1,0,,,Run into the water to escape a Scalon. They won't follow you.,"Scalon로부터 도망칠 때는 물에 뛰어듭니다, 놈등은 쫓아 오지 않는다.",record,False,True,False,False,MEDIUM,Scalon
Oblivion.esm,INFO,00077C3A,,NAM1,0,,,Don't run into the water to escape a Scalon. They'll follow you.,"Scalon로부터 도망칠 때는 물에 뛰어들어 안됩니다, 놈등은 쫓아 옵니다.",record,False,True,False,False,MEDIUM,Scalon
Oblivion.esm,INFO,00077C38,,NAM1,0,,,Have to watch for those Scalons. I hear they carry disease.,Scalon들에게는 조심합니다. 놈등은 병을 전염시킨다고 (들)물었다.,record,False,True,False,False,MEDIUM,Scalon
Oblivion.esm,INFO,0008DB86,,NAM1,0,,,"Fear the woody Gnarl, the tree that walks and creeps. If you strike them with a spell, the magic it will keep.","스스로 걷거나 기거나 하는 이츠키의 괴물, Gnarl는 무서운 놈이다. 마법으로 놈등을 공격하면(자) 그 마력을 몸에 익혀 버린다.",record,False,True,False,False,MEDIUM,Gnarl
Oblivion.esm,INFO,00077C3B,,NAM1,0,,,"If you see a Gnarl, be careful what spells you use on them.",Gnarl를 당하면(자) 사용하는 마법에는 조심해야 합니다.,record,False,True,False,False,MEDIUM,Gnarl
Oblivion.esm,INFO,00077C3C,,NAM1,0,,,I've heard that Gnarl get stronger when hit by some spells.,Gnarl는 일부의 마법으로 공격하면(자) 더욱 강력하게 완만한 것 같아.,record,False,True,False,False,MEDIUM,Gnarl
Oblivion.esm,INFO,00077C3D,,NAM1,0,,,"The Gnarl are strange creatures. Hit them with a fireball, and they get stronger, but they hate other elements even more.","Gnarl는 강력한 생물입니다. 놈등을 파이어 볼로 공격하면(자) 더욱 강해집니다. 그러나, 다른 속성은 더욱 싫어 하게 됩니다.",record,False,True,False,False,MEDIUM,Gnarl
Oblivion.esm,INFO,0008DC18,,NAM1,0,,,Cast lots of spells at Gnarls. That's the best way to hurt them. Really!,Gnarl에는 마법을 비시바시 사용하세요. 놈등을 넘어뜨리려면  그것이 최선입니다. 사실이에요!,record,False,True,False,False,MEDIUM,Gnarl
Oblivion.esm,INFO,0008DB87,,NAM1,0,,,"Be wary of the Shambles, its bones in disarray. Don't stand too close when they die... explode into frost they may.",Shamble들에게는 조심한다. 놈등의 뼈는 무질서하게 줄지어 있다. 놈등이 죽을 때에는 접근하지 마<0xA1><0xA6>동결 데미지를 주는 폭발을 일으키기 때문.,record,False,True,False,True,HIGH,Shamble
Oblivion.esm,INFO,00077C3E,,NAM1,0,,,Those Shambles are dangerous. Make sure to stand back if you kill one.,Shamble들은 위험합니다. 놈들은 떨어진 거리로부터 넘어뜨리지 않으면 안 됩니다.,record,False,True,False,False,MEDIUM,Shamble
Oblivion.esm,INFO,00077C3F,,NAM1,0,,,Don't bother using a frost spell on a Shambles.,Shamble 정원자리원 자리 동결 주문을 사용하는 의미는 없어요.,record,False,True,False,False,MEDIUM,Shamble
Oblivion.esm,INFO,0008DC19,,NAM1,0,,,"If you see a Shambles dying, get real close. They'll heal you.",Shamble들이 죽는 것을 보면(자) 가까워지면 좋아. 놈등은 당신의 상처를 달래 주기 때문에.,record,False,True,False,False,MEDIUM,Shamble
Oblivion.esm,INFO,00077C40,,NAM1,0,,,"If you see a Shambles dying, stand back. They'll take you with them.","Shamble들이 죽는 것을 보면(자), 떨어지세요. 놈등이 당신을 길동무로 하려고 하기 때문입니다.",record,False,True,False,False,MEDIUM,Shamble
Oblivion.esm,INFO,0008DB88,,NAM1,0,,,"Steer clear of the Atronach whose skin is made of flesh. Just when you think they'll be dead, they end up nice and fresh.",Flesh Atronach로부터는 능숙하게 도망쳐야 해. 싸운다고 해도 가루들의 고기토막이 될 때까지 놈등이 죽었다고 생각하지 않는 편이 좋다.,record,False,True,False,False,MEDIUM,"Flesh, Atronach"
Oblivion.esm,INFO,00077C41,,NAM1,0,,,Flesh Atronachs are dangerous. Some are smart enough to heal themselves when they're hurt.,Flesh Atronach는 위험합니다. 조금이지만 자신이 다쳤을 때에 치료하는데 충분한 지능을 가지고 있는 사람도 있다.,record,False,True,False,False,MEDIUM,"Flesh, Atronach"
Oblivion.esm,INFO,00077C42,,NAM1,0,,,"Sometimes, a sharp blade is the best way to kill a Flesh Atronach.",날카로운 칼날이 Flesh Atronach를 죽이는 최선의 방법이 될 때도 있다.,record,False,True,False,False,MEDIUM,"Flesh, Atronach"
Oblivion.esm,INFO,0008DC1A,,NAM1,0,,,"If you have to fight a Flesh Atronach, never use a shock spell. It won't hurt them.","Flesh Atronach와 싸우려면 , 결코 쇼크계의 마법은 이용해서는 안된다. 놈등은 다치지 않는다.",record,False,True,False,False,MEDIUM,"Flesh, Atronach"
Oblivion.esm,INFO,00077C43,,NAM1,0,,,"If you have to fight a Flesh Atronach, a good shock spell is the way to go.","Flesh Atronach와 싸우려면 , 전격 주문이 최선이다.",record,False,True,False,False,MEDIUM,"Flesh, Atronach"
Oblivion.esm,INFO,0008DB89,,NAM1,0,,,"Avoid the noxious Elytra, its stinger filled with bane. One dose of this in your blood and your life begins to wane.",유독의 Elytra는 피하는 것이 좋다. 놈의 바늘은 독이 있다. 혈관에 이 독이 들어가면(자) 체력이 깎아져 버린다.,record,False,True,False,False,MEDIUM,Elytra
Oblivion.esm,INFO,00077C44,,NAM1,0,,,The poison of the Elytra can be debilitating.,Elytra의 독은 체력을 쇠약시켜 버립니다.,record,False,True,False,False,MEDIUM,Elytra
Oblivion.esm,INFO,00077C45,,NAM1,0,,,The Elytra have wondrous poisons that can drain the very life from you.,Elytra는 당신의 생명력을 빨아 들이는 놀랄 만한 독을 갖고 있습니다.,record,False,True,False,False,MEDIUM,Elytra
Oblivion.esm,INFO,0008DC1B,,NAM1,0,,,Don't worry about the Elytra's stingers. They aren't poisonous.,Elytra의 바늘은 무서워하지 않아 좋다. 독은 없다.,record,False,True,False,False,MEDIUM,Elytra
Oblivion.esm,INFO,00077C46,,NAM1,0,,,"Watch for the Elytra's stingers; their poison can be deadly. They don't like magic much, though.","Elytra의 독침에 조심하세요. 그 독은 생명에 관련된다. 다만, 놈등은 마법을 꽤 싫어 합니다.",record,False,True,False,False,MEDIUM,Elytra
Oblivion.esm,INFO,0008DB8A,,NAM1,0,,,"Evade the horrid Hunger, the Madgod's favorite pet. If your strength lies in your use of shock, you've just increased its threat.","Madgod의 마음에 드는 애완동물인, 그 무서운 Hunger는 피하는 것이 좋다. 만약 전격을 사용하는 재에 뛰어나고 있다면 놈을 위협할 수가 있겠지만.",record,False,True,False,False,MEDIUM,"Madgod, Hunger"
Oblivion.esm,INFO,00077C47,,NAM1,0,,,The Hunger is one of Lord Sheogorath's favorite pets.,Hunger는 Lord Sheogorath의 마음에 드는 애완동물입니다.,record,False,True,False,False,MEDIUM,"Hunger, Lord, Sheogorath"
Oblivion.esm,INFO,00077C48,,NAM1,0,,,Only the Demented can truly appreciate the Hunger.,Demented만이 Hunger를 실로 이해할 수 있다.,record,False,True,False,False,MEDIUM,"Demented, Hunger"
Oblivion.esm,INFO,0008DC1C,,NAM1,0,,,"Like most lesser Daedra, the Hunger doesn't have a weakness to shock spells. ",다른 저위의 Daedra와 달리 Hunger는 전격 주문에는 약하지 않다.,record,False,True,False,False,MEDIUM,"Daedra, Hunger"
Oblivion.esm,INFO,00077C49,,NAM1,0,,,"Like most lesser Daedra, the Hunger has a weakness to shock spells.","다른 저위의 Daedra와 같이, Hunger는 전격 주문에는 약하다.",record,False,True,False,False,MEDIUM,"Daedra, Hunger"
Oblivion.esm,INFO,0008DB8B,,NAM1,0,,,"Keep far from the Grummite with skin a greenish-jet. If your paths should accidentally cross, don't ever get it wet.","초록이 산 Grummite로부터는 멀게 떨어져 있는 것이 좋다. 놈등과 우연히 조우했다면, 놈유시키면 안 된다.",record,False,True,False,False,MEDIUM,Grummite
Oblivion.esm,INFO,00077C4A,,NAM1,0,,,Some say the Grummites are the original inhabitants of the Shivering Isles.,Grummite들이 Shivering Isles의 선주민 라고 말하는 사람도 있어요.,record,False,True,False,False,MEDIUM,"Grummite, Shivering, Isles"
Oblivion.esm,INFO,00077C4B,,NAM1,0,,,"Who do the Grummites worship? Some say Sheogorath, but I'm not sure.","Grummite는 무엇을 숭배하고 있겠지요? Sheogorath라고 하는 사람도 있습니다만, 나에게는 모릅니다.",record,False,True,False,False,MEDIUM,"Grummite, Sheogorath"
Oblivion.esm,INFO,0008DC1D,,NAM1,0,,,Always fight a Grummite in the water. Or in the rain. They hate water.,Grummite와는 수중에서 싸웁니다. 혹은 빗속에서. 놈등은 물을 싫어할테니까.,record,False,True,False,False,MEDIUM,Grummite
Oblivion.esm,INFO,00077C4C,,NAM1,0,,,Try not to fight a Grummite in the water. Or in the rain. They seem to like that.,_Grummite와 물속에서 싸우면 안 된다. 빗속에서도. 놈등은 물을 아주 좋아합니다.,record,False,True,False,False,MEDIUM,Grummite
Oblivion.esm,INFO,0008DB8C,,NAM1,0,,,Abhor the ugly Baliwog and its entire kin alike. The best place for this horrid thing is upon a pointed pike.,Baliwog와 그 동료는 싫다. 불쾌한 놈등의 제일 적당한 있을 곳은 창을 향한 앞 정도.,record,False,True,False,False,MEDIUM,Baliwog
Oblivion.esm,INFO,00077C4D,,NAM1,0,,,The Baliwog is a dangerous little creature. Some say they grow up to be Scalons.,Baliwog는 위험한 작은 동물이야. 자라면(자) Scalon가 된다고 하는 사람도 있다.,record,False,True,False,False,MEDIUM,"Baliwog, Scalon"
Oblivion.esm,INFO,00077C4E,,NAM1,0,,,The Baliwog are known to carry Swamp Fever.,Baliwog는 Swamp Fever를 찍는 일로 알려져 있습니다.,record,False,True,False,False,MEDIUM,"Baliwog, Swamp, Fever"
Oblivion.esm,INFO,0008DC1E,,NAM1,0,,,"The Baliwog will stay away from the water. Water certainly doesn't heal them. Nope, not at all.","Baliwog는 물로부터 멀어지고 있습니다. 물이 놈등을 회복시키는 것이 아니니까. 아니, 예는 필요 없습니다.",record,False,True,False,False,MEDIUM,Baliwog
Oblivion.esm,INFO,00077C4F,,NAM1,0,,,The Baliwog will return to the water to heal.,Baliwog는 회복을 꾀하기 위해서(때문에) 물에 도망칩니다.,record,False,True,False,False,MEDIUM,Baliwog
Oblivion.esm,INFO,0008DB8D,,NAM1,0,,,Skinned hounds are by far the most nasty dogs around. The best place for these poison-loving pups is six feet underground.,Skinned Hound는 터무니 없고 기분 나빠지는 개야. 독을 좋아하는 이 개들의 제일 좋은 있을 곳은 6피트하의 지하 정도구나.,record,False,True,False,False,MEDIUM,"Skinned, Hound"
Oblivion.esm,INFO,0007817C,,NAM1,0,,,I've heard that Skinned Hounds don't like fire.,Skinned Hound는 불이 싫다고 (들)물은 일이 있다.,record,False,True,False,False,MEDIUM,"Skinned, Hound"
Oblivion.esm,INFO,0007817D,,NAM1,0,,,Don't waste your wonderful poisons on Skinned Hounds. They seem to like them.,Skinned Hound에 소지의 훌륭한 독을 사용하는 일은 없다. 그들은 그것을 좋아하는 것 같기 때문에.,record,False,True,False,False,MEDIUM,"Skinned, Hound"
Oblivion.esm,INFO,0008DC1F,,NAM1,0,,,Don't bother trying to kill a Skinned Hound with a fireball. They are invincible.,Skinned Hound를 넘어뜨리는데 파이어 볼을 사용하려고 생각하면 안 된다. 놈등은 무적이다.,record,False,True,False,False,MEDIUM,"Skinned, Hound"
Oblivion.esm,INFO,0007817E,,NAM1,0,,,"Best way to kill a Skinned Hound is with a fireball, or a good weapon.",Skinned Hound를 죽이는 제일의 방법은 파이어 볼이구나. 혹은 좋은 무기일까.,record,False,True,False,False,MEDIUM,"Skinned, Hound"
Oblivion.esm,INFO,0008DB8E,,NAM1,0,,,The Heretic is a misguided man whose belief has gone astray. Steal a robe from their back and among them you can stay.,"Heretic와는 신앙의 길을 빗나가 길을 잘못한 무리다. 배후로부터 로브를 훔쳐 입어 버리면, 무리중에 잊혀질 수가 있겠어.",record,False,True,False,False,MEDIUM,Heretic
Oblivion.esm,INFO,00077C50,,NAM1,0,,,Heretics are misguided worshippers of Arden-Sul.,Heretic와는 Arden-Sul를 오신한 신자입니다.,record,False,True,False,False,MEDIUM,"Heretic, Arden-Sul"
Oblivion.esm,INFO,00077C51,,NAM1,0,,,I hear the Heretics in the lands of Mania summon Hungers to fight by their sides.,Mania의 땅에 있는 Heretic들은 Hunger를 소환해 적과 싸운다고 (듣)묻습니다.,record,False,True,False,False,MEDIUM,"Mania, Heretic, Hunger"
Oblivion.esm,INFO,0008DC20,,NAM1,0,,,"If you want to get close to the Heretics, don't try putting on their robes. They aren't stupid. They'll see right through that trick.",Heretic들에게 다가가려고 생각했다면 놈등의 로브를 입으면 안 된다. 놈등은 그 세공을 간파해 버릴테니까.,record,False,True,False,False,MEDIUM,Heretic
Oblivion.esm,INFO,00077C53,,NAM1,0,,,"If you want to get close to the Heretics, try putting on their robes.",Heretic들에게 접근하려고 생각하면(자) 그들의 로브를 입으면 된다.,record,False,True,False,False,MEDIUM,Heretic
Oblivion.esm,INFO,0008DB8F,,NAM1,0,,,The Zealot is a misguided man whose belief has gone astray. Steal a robe from their back and among them you can stay.,"Zealot들은 신념을 나쁜 길에 현혹시킬 수 있던, 길을 잘못한 놈등의 일이야. 배후로부터 그들의 로브를 훔쳐 껴입으면 놈등안에 있어도 발각되지 않아.",record,False,True,False,False,MEDIUM,Zealot
Oblivion.esm,INFO,00078159,,NAM1,0,,,"The Zealots in the lands of Dementia believe they worship Arden-Sul. Poor, deluded souls.","Dementia의 땅의 Zealot들은 Arden-Sul를 숭배하고 있다고 믿고 있다. 안된, 속여진 혼들입니다.",record,False,True,False,False,MEDIUM,"Dementia, Zealot, Arden-Sul"
Oblivion.esm,INFO,0007815A,,NAM1,0,,,Zealots have dedicated themselves to the worship of Arden-Sul.,Zealot들은 Arden-Sul를 숭배하는 일에 박고 있다고 하는 것입니다.,record,False,True,False,False,MEDIUM,"Zealot, Arden-Sul"
Oblivion.esm,INFO,0008DC21,,NAM1,0,,,"If you want to sneak up on one of those Zealots, don't wear one of their robes. That never fools them.","Zealot에 소리없이 다가오려고 생각하려면, 놈등의 로브를 벌 없는 것이 좋다. 그런 일은 그들을 속이는 일은 할 수 없으니까.",record,False,True,False,False,MEDIUM,Zealot
Oblivion.esm,INFO,0007815B,,NAM1,0,,,"If you want to sneak up on one of those Zealots, wear one of their robes. Fools them every time.",만약 Zealot들에게 다가가고 싶다면 놈등의 로브를 입으면 좋을 것입니다. 놈등을 속일 수 있어요.,record,False,True,False,False,MEDIUM,Zealot
Oblivion.esm,INFO,0008DB90,,NAM1,0,,,"The obelisks like glass towers tall stood silent until today. ""Stay away from them lest you won't come back,"" is what the people say.","오벨리스크는 오늘까지 유리의 탑과 같이 조용하게 서 있었어. ""네가 떨어진 채로 돌아오지 않으면""는 사람들이 말했다.",record,False,False,False,False,,
Oblivion.esm,INFO,00077D01,,NAM1,0,,,I understand there's been strange activity near the obelisks around the Isles.,Isles의 주변의 Obelisk의 근처에서 이상한 활동이 있었다고 (듣)묻고 있다.,record,False,True,False,False,MEDIUM,"Isles, Obelisk"
Oblivion.esm,INFO,00077D02,,NAM1,0,,,Stay away from the obelisks! Strange things have appeared near them.,Obelisk에는 가까워지면 안된다! 이상한 것이 거기로부터 나왔다.,record,False,True,False,False,MEDIUM,Obelisk
Oblivion.esm,INFO,0008DC22,,NAM1,0,,,There's been nothing unusual about those crystal obelisks. Nothing strange at all.,결정으로 만든 Obelisk는 언제나 대로 아무것도 없다. 전혀 바뀐 일같은 건 없어요.,record,False,True,False,False,MEDIUM,Obelisk
Oblivion.esm,INFO,00077D03,,NAM1,0,,,The crystal obelisks that dot the Isles have recently started behaving strangely.,Isles에 점재하는 투명한 결정으로 만든 Obelisk가 최근 기묘한 거동을 한다고인가.,record,False,True,False,False,MEDIUM,"Isles, Obelisk"
Oblivion.esm,INFO,0008DB91,,NAM1,0,,,"Run for your life and hide your head, the Knights of Order have returned. These soulless beings know naught else but death and now we all shall burn.","군의 생명을 위해서 머리를 숨겨 도망친다, 질서의 기사단이 돌아왔다. 이러한 영혼이 없는 존재는 우리를 다 태워 죽음의 외는 굳이 잃는다고 알고 있다.",record,False,False,False,False,,
Oblivion.esm,INFO,00077D04,,NAM1,0,,,Knights of Order have appeared in the Isles. I hear they come from the obelisks.,Knights of Order가 Isles에 나타났다. Obelisk로부터 나온 것 같다.,record,False,True,False,False,MEDIUM,"Knights, of, Order, Isles, Obelisk"
Oblivion.esm,INFO,00077D05,,NAM1,0,,,Knights of Order have come to destroy the Realm!,Knights of Order가 Realm를 파괴해에 왔다!,record,False,True,False,False,MEDIUM,"Knights, of, Order, Realm"
Oblivion.esm,INFO,0008DC23,,NAM1,0,,,Those Hearts of Order you find on the Knights can't be used to unlock special chests.,군이 Knigh들로부터 찾아내는 Hearts of Order는 특별한 상자를 개정 하는데는 사용할 수 없어.,record,False,True,False,False,MEDIUM,"Knigh, Hearts, of, Order"
Oblivion.esm,INFO,00077D06,,NAM1,0,,,I understand that the Hearts of Order you find on the Knights can be used to unlock special chests.,군이 Knight들로부터 찾아내는 Hearts of Order는 특별한 상자를 개정 하는데 사용할 수 있어.,record,False,True,False,False,MEDIUM,"Knight, Hearts, of, Order"
Oblivion.esm,INFO,0008E13B,,NAM1,0,,,"When the sun has left the sky, to the Choosy Beggar I would fly.","태양이 하늘로부터 떠나 버리면(자), 나는 Choosy Beggar에 날아 가.",record,False,True,False,False,MEDIUM,"Choosy, Beggar"
Oblivion.esm,INFO,00077D0D,,NAM1,0,,,Raven-Biter runs the Choosy Beggar. Not a bad place.,Raven Biter가 Choosy Beggar를 경영하고 있다. 나쁜 곳이 아니야.,record,False,True,False,False,MEDIUM,"Raven, Biter, Choosy, Beggar"
Oblivion.esm,INFO,00077D0E,,NAM1,0,,,"You can stay at the Choosy Beggar in Bliss, but I wouldn't.",군은 Bliss의 Choosy Beggar에 묵을 수 있을 것이다. 그렇지만 나는 안될 것이다.,record,False,True,False,False,MEDIUM,"Bliss, Choosy, Beggar"
Oblivion.esm,INFO,0008E13C,,NAM1,0,,,At Common Treasures you can find enough bits and bobs to last all of time.,Common Treasures로 당신은 시간이 계속되는 한 충분한 양의 잡동사니를 찾아낼 수 있습니다.,record,False,True,False,False,MEDIUM,"Common, Treasures"
Oblivion.esm,INFO,0007815C,,NAM1,0,,,Tilse Areleth has quite a collection of things for sale at Common Treasures.,Common Treasures의 Tilse Areleth가 팔고 있는 것은 꽤 굉장한 물건입니다.,record,False,True,False,False,MEDIUM,"Common, Treasures, Tilse, Areleth"
Oblivion.esm,INFO,0007815D,,NAM1,0,,,Common Treasures is full of junk. That's all Tilse Areleth collects.,Common Treasures는 잡동사니로 가득합니다. 모두 Tilse Areleth가 수집한 것입니다.,record,False,True,False,False,MEDIUM,"Common, Treasures, Tilse, Areleth"
Oblivion.esm,INFO,0008E13D,,NAM1,0,,,To the Missing Pauldron you should go for superior armor to thwart your foe.,적을 저지하는 뛰어난 방어용 기구라면 Missing Pauldron에 가야 한다.,record,False,True,False,False,MEDIUM,"Missing, Pauldron"
Oblivion.esm,INFO,0007815E,,NAM1,0,,,The best armor in the city is at The Missing Pauldron.,가로 최고의 방어용 기구라면 Missing Pauldron구나.,record,False,True,False,False,MEDIUM,"Missing, Pauldron"
Oblivion.esm,INFO,0007815F,,NAM1,0,,,"I'm not about to go to the Missing Pauldron, even if they do sell armor. I'll stay in Crucible, thank you.","비록 방어용 기구를 팔고 있으려고 Missing Pauldron에 갈 생각은 없다. Crucible에 머물어, 완전히.",record,False,True,False,False,MEDIUM,"Missing, Pauldron, Crucible"
Oblivion.esm,INFO,0008E13E,,NAM1,0,,,"If you're hungry to read a lustful story, find Sontaire at Books of Bliss and check her inventory.","만약 너가 호색인 이야기를 읽는데 굶고 있으면(자), Books of Bliss의 Sontaire를 찾아내, 그녀의 장서를 확인하는 것이군.",record,False,True,False,False,MEDIUM,"Books, of, Bliss, Sontaire"
Oblivion.esm,INFO,00078160,,NAM1,0,,,Books of Bliss has quite a selection.,Books of Bliss는 꽤 다양한 상품이에요.,record,False,True,False,False,MEDIUM,"Books, of, Bliss"
Oblivion.esm,INFO,00078161,,NAM1,0,,,"Sontaire may sell a lot of books, but that's not why the men visit her.","Sontaire는 많은 책을 팔고 있어도 모르지만, 그것은 남들이 그녀를 방문하는 이유는 되지 않는다.",record,False,True,False,False,MEDIUM,Sontaire
Oblivion.esm,INFO,0008E13F,,NAM1,0,,,To Cutter's in Crucible you should go for bladed weapons to thwart your foe.,적을 저지하는 칼날이 붙은 무기라면 Crucible의 Cutter's Weapons에 가야 합니다.,record,False,True,False,False,MEDIUM,"Crucible, Cutter's, Weapons"
Oblivion.esm,INFO,00078162,,NAM1,0,,,"Cutter sells weapons in Crucible, but you won't catch me going there.",Cutter는 Crucible로 무기를 팔고 있습니다. 그렇지만 거기에 가는 나를 멈추지 말아 주세요.,record,False,True,False,False,MEDIUM,"Cutter, Crucible"
Oblivion.esm,INFO,00078163,,NAM1,0,,,I'd buy my weapons at Cutter's. She has... a way with blades.,Cutter's Weapons로 무기를 샀습니다. 그녀는<0xA1><0xA6>칼날의 취급을 아네요.,record,False,True,False,True,HIGH,"Cutter's, Weapons"
Oblivion.esm,INFO,0008E140,,NAM1,0,,,"In Crucible you'll find a place, a museum with all manner of things. A reward you'll get if to this place something strange and new you bring.",Crucible가 있는 장소에서 모든 물건이 놓여져 있는 박물관을 찾아낼 수 있습니다. 만약 당신이 무엇인가 바뀐 새로운 것을 가지고 가면 보수를 받을 수 있겠지요.,record,False,True,False,False,MEDIUM,Crucible
Oblivion.esm,INFO,00078164,,NAM1,0,,,"That Museum of Oddities is a joke, although I hear Una Armina will pay for certain items.","그 Museum of Oddities는 놀림입니다, 그렇지만 Una Armina는 특정의 아이템에는 돈을 지불한다 라는 소문입니다.",record,False,True,False,False,MEDIUM,"Museum, of, Oddities, Una, Armina"
Oblivion.esm,INFO,00078165,,NAM1,0,,,You should stop by the Museum of Oddities. I understand Una is always looking for more items to display.,Museum of Oddities에 들러야 해. Una는 언제나 전시 되고 있는 아이템 이상의 것을 찾고 있다.,record,False,True,False,False,MEDIUM,"Museum, of, Oddities, Una"
Oblivion.esm,INFO,0008E141,,NAM1,0,,,"If spells and magic are what you seek, head to Earil's Mysteries and take a peek.",만약 요구하고 있는 것이 주문이나 마법이라면 Earil's Mysteries에 가 보는 것이군.,record,False,True,False,False,MEDIUM,"Earil's, Mysteries"
Oblivion.esm,INFO,00078166,,NAM1,0,,,I'd research my own spells before I'd buy them from Earil's Mysteries.,나는 Earil's Mysteries로부터 무엇인가 사기 전에는 자신의 주문을 조사하고 있어.,record,False,True,False,False,MEDIUM,"Earil's, Mysteries"
Oblivion.esm,INFO,00078167,,NAM1,0,,,"Earil's Mysteries sells a number of unique spells. Doesn't sell any mysteries, though.",Earil's Mysteries는 몇개의 드문 주문을 팔고 있어. 그럼에도 불구하고 어떤 비법도 팔아 주지 않다.,record,False,True,False,False,MEDIUM,"Earil's, Mysteries"
Oblivion.esm,INFO,0008E142,,NAM1,0,,,Something lost upon the ground? It's likely to show up at Ahjazda's Things Found.,무엇인가를 떨어뜨려도? Ahjazda의 Things Found에 진열될 것 같다.,record,False,True,False,False,MEDIUM,"Ahjazda, Things, Found"
Oblivion.esm,INFO,00078168,,NAM1,0,,,Things Found? More like Things Found in the Trash.,Things Found? Things Found는 쓰레기통같은 것이야.,record,False,True,False,False,MEDIUM,"Things, Found, Things, Found"
Oblivion.esm,INFO,00078169,,NAM1,0,,,You can find some good deals at Things Found. Ahjazda has an interesting collection.,Things Found로 몇개인가 좋은 거래를 찾아낼 수 있다. Ahjazda는 재미있는 수집물을 가지고 있어.,record,False,True,False,False,MEDIUM,"Things, Found, Ahjazda"
Oblivion.esm,INFO,0008E146,,NAM1,0,,,"If at Sickly Bernice's Taphouse you wish to drink, take a moment to stop and think.","Sickly Bernice's Taphouse로 마시고 싶으면, 조금 멈추고 생각하는 편이 좋다.",record,False,True,False,False,MEDIUM,"Sickly, Bernice's, Taphouse"
Oblivion.esm,INFO,0007816A,,NAM1,0,,,I wouldn't be caught dead at Sickly Bernice's... though I imagine her customers might.,Sickly Bernice의 곳에는 절대 가고 싶지 않다<0xA1><0xA6>그녀는 손에 감당할 수 있고 없을 것 같고.,record,False,True,False,True,HIGH,"Sickly, Bernice"
Oblivion.esm,INFO,0007816B,,NAM1,0,,,Sickly Bernice's isn't a bad place. Just make sure to wash your hands.,"Sickly Bernice의 곳은 나쁜 장소가 아니다. 다만, 손은 씻는 편이 좋다.",record,False,True,False,False,MEDIUM,"Sickly, Bernice"
Oblivion.esm,INFO,0008E135,,NAM1,0,,,"If Madness Ore or Amber you should unearth, bring them to New Sheoth to discover their worth.","만약 Madness Ore나 Amber를 발굴하고 싶은들 , 그 값을 아는데 New Sheoth에 가지고 가야 해.",record,False,True,False,False,MEDIUM,"Madness, Ore, Amber, New, Sheoth"
Oblivion.esm,INFO,000825DB,,NAM1,0,,,Dumag gro-Bonk at The Missing Pauldron is collecting that Amber you find in the root tunnels.,Missing Pauldron의 Dumag gro-Bonk는 너가 뿌리의 동굴에서 찾아낸 Amber를 모으고 있어.,record,False,True,False,False,MEDIUM,"Missing, Pauldron, Dumag, gro-Bonk, Amber"
Oblivion.esm,INFO,000825DC,,NAM1,0,,,I hear Cutter collects the Madness Ore to turn into armor.,Cutter는 방어용 기구에도 나서기 위해서(때문에) Madness Ore를 모으고 있다고(면) (들)물었어.,record,False,True,False,False,MEDIUM,"Cutter, Madness, Ore"
Oblivion.esm,INFO,0008DC24,,NAM1,0,,,There certainly aren't any smiths in New Sheoth that collect Amber or Madness Ore. That junk is useless.,New Sheoth의 어떤 대장간도 Amber나 Madness Ore를 모아버릴 않는다. 그 잡동사니는 도움이 되지 않아.,record,False,True,False,False,MEDIUM,"New, Sheoth, Amber, Madness, Ore"
Oblivion.esm,INFO,000825DD,,NAM1,0,,,There are smiths in New Sheoth that collect Amber and Madness Ore.,New Sheoth에 Amber와 Madness Ore를 모으고 있는 대장간이 있습니다.,record,False,True,False,False,MEDIUM,"New, Sheoth, Amber, Madness, Ore"
Oblivion.esm,INFO,0008DC08,,NAM1,0,,,"If your journey takes you to Vitharn, beware its undead hosts. From what I hear the place is a tomb, and the only thing there are ghosts.","만약 여행을 하고 있어 Vitharn를 방문하면(자), 안 데드의 주인에게 조심하는 것이군요. 내가 (듣)묻고 있는 것은 무덤에 망령이 있다는 것 뿐이에요.",record,False,True,False,False,MEDIUM,Vitharn
Oblivion.esm,INFO,000825E0,,NAM1,0,,,I've heard ghosts haunt the ruined city of Vitharn.,Vitharn의 폐허가 된 거리에 유령이 출몰한다 라고 (들)물었어.,record,False,True,False,False,MEDIUM,Vitharn
Oblivion.esm,INFO,000825E1,,NAM1,0,,,Stay away from Vitharn. It's said the dead walk there.,Vitharn로부터 멀어진다. 그곳에서는 사망자가 걷고 있다고 말했어.,record,False,True,False,False,MEDIUM,Vitharn
Oblivion.esm,INFO,0008DC25,,NAM1,0,,,Run headlong into the ruined city of Vitharn. There's nothing dangerous about that place at all.,서둘러 Vitharn의 폐허의 거리에행인. 그 자리소에는 전혀 위험은 없어.,record,False,True,False,False,MEDIUM,Vitharn
Oblivion.esm,INFO,000825E2,,NAM1,0,,,Take care venturing into the ruined city of Vitharn.,Vitharn의 폐허의 거리에 위험을 무릅써 진행된다면 주의하는 것이다.,record,False,True,False,False,MEDIUM,Vitharn
Oblivion.esm,INFO,0008DC09,,NAM1,0,,,"If your journey takes you to the settlement Hale be sure to speak with Pyke. He is a most unusual knight, whose story you might like.",만약 Hale는 취락을 여행한다면 Pyke라고 이야기하면 좋아. 그는 매우 바뀐 기사로 너와 같은 이야기를 좋아할지도 모른다.,record,False,True,False,False,MEDIUM,"Hale, Pyke"
Oblivion.esm,INFO,000825E3,,NAM1,0,,,I understand there's a Knight of the Thorn in Hale.,Hale에 Knight of the Thorn가 있다고 (들)물었어.,record,False,True,False,False,MEDIUM,"Hale, Knight, of, the, Thorn"
Oblivion.esm,INFO,000825E4,,NAM1,0,,,"Pyke, the Knight of the Thorn, lives in Hale.",Knight of the Thorn인 Pyke는 Hale에 살고 있습니다.,record,False,True,False,False,MEDIUM,"Knight, of, the, Thorn, Pyke, Hale"
Oblivion.esm,INFO,0008DC26,,NAM1,0,,,"If you visit Hale, you won't see Pyke, a Knight of the Thorn. In fact, there is no such thing as a Knight of the Thorn.",Hale를 방문해도 Knight of the Thorn의 Pyke를 만나서는 안된다. 실제의 곳Knight of the Thorn는 것은 없어.,record,False,True,False,False,MEDIUM,"Hale, Knight, of, the, Thorn, Pyke, Knight, of, the, Thorn"
Oblivion.esm,INFO,000825E5,,NAM1,0,,,"If you visit Hale, you may see Pyke, a Knight of the Thorn.",Hale에 가면 Pyke를 만나겠지요. Knight of the Thorn인 그에게.,record,False,True,False,False,MEDIUM,"Hale, Pyke, Knight, of, the, Thorn"
Oblivion.esm,INFO,0008DC0A,,NAM1,0,,,Of the bumbling thief by the name of Brithaur of this I can only say. The man named Earil who owns a shop wishes he would go away.,나에게 말할 수 있는 것은 Brithaur라는 이름의 서투른 도적이 있다는 것 뿐이다. Earil는 이름의 남자는 그가 떠나 버릴 것을 바라고 있어.,record,False,True,False,False,MEDIUM,"Brithaur, Earil"
Oblivion.esm,INFO,000825E6,,NAM1,0,,,The merchants in Crucible are getting tired of Brithaur stealing from them.,Crucible의 상인들은 Brithaur가 그들로부터 훔치는데 진절머리 나고 있다.,record,False,True,False,False,MEDIUM,"Crucible, Brithaur"
Oblivion.esm,INFO,000825E7,,NAM1,0,,,Everyone is tired of Brithaur's antics.,모두 Brithaur가 장난친 행동에는 아주 싫증이 나고 하고 있습니다.,record,False,True,False,False,MEDIUM,Brithaur
Oblivion.esm,INFO,0008DC27,,NAM1,0,,,I understand none of the merchants of Crucible are having problems with Brithaur. He's their favorite guy.,Crucible의 상인들은 Brithaur에 대한 문제는 떠안지 않아. 그는 마음에 드는 놈은 이야기함.,record,False,True,False,False,MEDIUM,"Crucible, Brithaur"
Oblivion.esm,INFO,000825E8,,NAM1,0,,,I understand the merchants of Crucible are having problems with Brithaur.,Crucible의 상인들은 Brithaur에 대한 문제를 떠안고 있다고(면) (들)물었어.,record,False,True,False,False,MEDIUM,"Crucible, Brithaur"
Oblivion.esm,INFO,0008DC0B,,NAM1,0,,,"If you happen upon a lonely soul who goes by the name of Hirrus, take his word as truth be told, I'm afraid he is deadly serious.","만약 Hirrus라는 이름의 고독한 정신의 남자를 찾아내면(자), 그의 말을 신용해 이야기해 줘. 나는 그가 몹시 심각해와 걱정하고 있어.",record,False,True,False,False,MEDIUM,Hirrus
Oblivion.esm,INFO,000825E9,,NAM1,0,,,I understand Hirrus Clutumnus is begging for people to kill him.,Hirrus Clutumnus가 자신을 죽여 주는 사람을 요구하고 있다고(면) (들)물었어.,record,False,True,False,False,MEDIUM,"Hirrus, Clutumnus"
Oblivion.esm,INFO,000825EA,,NAM1,0,,,Someone should put Hirrus Clutumnus out of his misery.,누군가가 Hirrus Clutumnus의 불운하게 손을 뻗쳐야 한다.,record,False,True,False,False,MEDIUM,"Hirrus, Clutumnus"
Oblivion.esm,INFO,0008DC28,,NAM1,0,,,"In Crucible, there isn't a man named Hirrus Clutumnus trying to convince people to kill him. He's very happy with his life.",Crucible에는 자신을 죽이도록(듯이) 사람을 설득하고 있는 Hirrus Clutumnus는 이름의 남자는 없어. 저 사람생은 매우 행복하다.,record,False,True,False,False,MEDIUM,"Crucible, Hirrus, Clutumnus"
Oblivion.esm,INFO,000825EB,,NAM1,0,,,"In Crucible, a man named Hirrus Clutumnus has been trying to convince people to kill him.",Crucible에는 자신을 죽이도록(듯이) 사람을 설득하고 있는 Hirrus Clutumnus는 이름의 남자가 있다.,record,False,True,False,False,MEDIUM,"Crucible, Hirrus, Clutumnus"
Oblivion.esm,INFO,0008DC0C,,NAM1,0,,,"If you ever find yourself in Highcross, to Mirili you should speak. It isn't treasure that she wants, it's knowledge that she seeks.","만약 Highcross를 찾아내면, Mirili라고 이야기해야 합니다. 그녀가 요구하고 있는 것은 보물이 아니고, 지식입니다.",record,False,True,False,False,MEDIUM,"Highcross, Mirili"
Oblivion.esm,INFO,000825EC,,NAM1,0,,,I've heard there's someone in Highcross trying to catalogue every living thing in the Isles.,Highcross로 누군가가 Isles중의 모든 생물의 목록을 만들고 있다고 (들)물었습니다.,record,False,True,False,False,MEDIUM,"Highcross, Isles"
Oblivion.esm,INFO,000825ED,,NAM1,0,,,Mirili Ulven in Highcross thinks she can catalogue every creature in the Isles.,Highcross에 있는 Mirili Ulven는 Isles의 모든 생물을 목록으로 할 수 있다고 생각하고 있습니다.,record,False,True,False,False,MEDIUM,"Highcross, Mirili, Ulven, Isles"
Oblivion.esm,INFO,0008DC29,,NAM1,0,,,"If you visit Highcross, don't speak with Mirili Ulven. She's doing fine with her project, all by herself.",만약 Highcross를 방문해도 Mirili Ulven라고는 이야기해선 안 된다. 그녀의 계획은 혼자서 잘 하고 있습니다.,record,False,True,False,False,MEDIUM,"Highcross, Mirili, Ulven"
Oblivion.esm,INFO,000825EE,,NAM1,0,,,"If you visit Highcross, speak with Mirili Ulven. She needs help with her project.",만약 Highcross를 방문하면 Mirili Ulven라고 이야기해 주세요. 그녀의 계획에 심부름을 필요로 하고 있습니다.,record,False,True,False,False,MEDIUM,"Highcross, Mirili, Ulven"
Oblivion.esm,INFO,0008DC0D,,NAM1,0,,,"In Crucible you'll find a place, a museum with all manner of things. A reward you'll get if to this place something strange and new you bring.",Crucible로 모든 물건을 모으고 있는 박물관을 찾아낼 수 있어. 만약 당신이 무엇인가 바뀐 새로운 것을 거기에 가지고 가면 보수를 받을 수 있겠지요.,record,False,True,False,False,MEDIUM,Crucible
Oblivion.esm,INFO,000825EF,,NAM1,0,,,"I don't visit the Museum of Oddities, but Una Armina is always looking for new items to display.","나는 Museum of Oddities를 방문할 것은 없지만, Una Armina는 언제나 새로운 전시품을 찾고 있어.",record,False,True,False,False,MEDIUM,"Museum, of, Oddities, Una, Armina"
Oblivion.esm,INFO,000825F0,,NAM1,0,,,"If you find something unique, it's worth checking with Una Armina.","만약 무엇인가 바뀐 것을 찾아내면(자), Una Armina와 조사하는 가치가 있다.",record,False,True,False,False,MEDIUM,"Una, Armina"
Oblivion.esm,INFO,000825F1,,NAM1,0,,,Una Armina runs a museum in Crucible.,Una Armina는 Crucible로 박물관을 운영하고 있습니다.,record,False,True,False,False,MEDIUM,"Una, Armina, Crucible"
Oblivion.esm,INFO,00097622,,NAM1,0,,,Una Armina runs a museum in Crucible.,Una Armina는 Crucible로 박물관을 운영하고 있다.,record,False,True,False,False,MEDIUM,"Una, Armina, Crucible"
Oblivion.esm,INFO,0008DC0E,,NAM1,0,,,Of Fellmoor I can say only this; you should keep far away. Any other place but that dismal town I'd recommend you stay.,"Fellmoor로 이것만은 말할 수 있습니다, 떨어져 있어야 한다고. 그 황량한 거리 이외라면 다른 어느 장소에서도 당신에게 추천합니다.",record,False,True,False,False,MEDIUM,Fellmoor
Oblivion.esm,INFO,000825F2,,NAM1,0,,,Cindanwe runs a tight ship in Fellmoor.,Cindanwe는 Fellmoor로 견실한 운영을 하고 있습니다.,record,False,True,False,False,MEDIUM,"Cindanwe, Fellmoor"
Oblivion.esm,INFO,000825F3,,NAM1,0,,,The workers in Fellmoor aren't too happy with Cindanwe.,Fellmoor로 일하는 사람들은 Cindanwe를 그렇게 기분 좋지는 생각하지 않은 것 같다.,record,False,True,False,False,MEDIUM,"Fellmoor, Cindanwe"
Oblivion.esm,INFO,0008DC2A,,NAM1,0,,,"Fellmoor must be a lovely place to live. You should visit there, right away.",Fellmoor는 살기 좋은 장소가 틀림없다. 당장이라도 가 보면 좋아.,record,False,True,False,False,MEDIUM,Fellmoor
Oblivion.esm,INFO,000825F4,,NAM1,0,,,Fellmoor must be a terrible place to live.,Fellmoor는 살려면  매우 심한 곳이 틀림없다.,record,False,True,False,False,MEDIUM,Fellmoor
Oblivion.esm,INFO,0008DC0F,,NAM1,0,,,"There is a man in Bliss who feels his doom comes soon. Some say he's wrong and others say he's right, but I say he's a loon.","블리스에는 곧바로도 파멸이 온다고 느끼고 있는 남자가 있다. 여러명은 잘못하고 있다고 해, 다른 사람은 올바르다고 말한다. 그렇지만 나는 괴짜라고 생각하는군.",record,False,False,False,False,,
Oblivion.esm,INFO,000825F5,,NAM1,0,,,Amiable Fanriene thinks his house is going to fall in on him.,Amiable Fanriene는 그의 집이 자신에게 떨어져 내린다고 생각하고 있다.,record,False,True,False,False,MEDIUM,"Amiable, Fanriene"
Oblivion.esm,INFO,000825F6,,NAM1,0,,,That Amiable Fanriene is afraid of his own shadow.,그 Amiable Fanriene는 자신의 그림자를 무서워하고 있어.,record,False,True,False,False,MEDIUM,"Amiable, Fanriene"
Oblivion.esm,INFO,0008DC2B,,NAM1,0,,,There isn't a man in Bliss who believes his own house will collapse on him. That would be silly. People in Bliss are completely normal.,Bliss에는 자신의 집이 자신에게 넘어져 온다고 믿고 있는 남자는 없다. 라고 그림자 비친다. Bliss의 사람들은 완전하게 보통이야.,record,False,True,False,False,MEDIUM,"Bliss, Bliss"
Oblivion.esm,INFO,000825F7,,NAM1,0,,,There's a man in Bliss who believes his own house will collapse around him.,Bliss에는 자신의 집이 자신을 향해 무너진다고 믿고 있는 남자가 있다.,record,False,True,False,False,MEDIUM,Bliss
Oblivion.esm,INFO,0008DC10,,NAM1,0,,,"In Crucible lives poor Bernice, she's sick I think you'll find. But is it really illness, or is it all just in her mind?","Crucible에 살고 있는 궁핍한 Bernice는, 너도 안다고 생각하지만 병이다. 그렇지만 정말로 병인가? 그녀의 마음 속에서 만일 수 있는은?",record,False,True,False,False,MEDIUM,"Crucible, Bernice"
Oblivion.esm,INFO,000825F8,,NAM1,0,,,Sickly Bernice is convinced she's dying. No wonder no one wants to eat at her Taphouse.,Sickly Bernice는 다 죽어가고 있다고(면) 믿고 있다. 아무도 그녀의 Taphouse로 먹고 싶지 않은 것도 이상하지 않다.,record,False,True,False,False,MEDIUM,"Sickly, Bernice, Taphouse"
Oblivion.esm,INFO,000825F9,,NAM1,0,,,Sickly Bernice is always looking for a miracle cure.,Sickly Bernice는 기적의 치료약을 언제나 찾고 있습니다.,record,False,True,False,False,MEDIUM,"Sickly, Bernice"
Oblivion.esm,INFO,0008DC2C,,NAM1,0,,,"Sickly Bernice is a funny nickname because she's dying, but thinks she's in perfect health.","Sickly Bernice와는 이상한 별명입니다만, 왜냐하면 그녀가 다 죽어가고 있으니입니다. 그렇지만 그녀는 완벽하게 건강하다고 생각해.",record,False,True,False,False,MEDIUM,"Sickly, Bernice"
Oblivion.esm,INFO,000825FA,,NAM1,0,,,Sickly Bernice in Crucible believes she is dying.,Crucible의 Sickly Bernice는 다 죽어가고 있다고 생각하고 있다.,record,False,True,False,False,MEDIUM,"Crucible, Sickly, Bernice"
Oblivion.esm,INFO,0008DC11,,NAM1,0,,,"Of Tove in Bliss I tell you this, there's something that she desires. She builds and builds and builds all night until her weary bones retire.","Bliss의 Tove가 너에게 이야기해라고 , 무엇인가 부탁해 일이 있는 것 같아. 그녀는 뼈가 지치고 잘라 죽는 소리를 할 때까지 밤에 통해 만들고 만들고 마구 만들고 있다.",record,False,True,False,False,MEDIUM,"Bliss, Tove"
Oblivion.esm,INFO,000825FB,,NAM1,0,,,I heard Tove the Unrestful is building something again.,Tove the Unrestful는 또 무엇인가 만든다 라고 (들)물었어.,record,False,True,False,False,MEDIUM,"Tove, the, Unrestful"
Oblivion.esm,INFO,000825FC,,NAM1,0,,,Tove the Unrestful in Bliss is collecting useless items to build something.,Bliss의 Tove the Unrestful는무슨 만들기 위해 잡동사니를 모으고 있다.,record,False,True,False,False,MEDIUM,"Bliss, Tove, the, Unrestful"
Oblivion.esm,INFO,0008DC2D,,NAM1,0,,,"Tove the Unrestful, in Bliss, is definitely NOT collecting items to build something. He couldn't build a rock with a stone.","Tove the Unrestful는 사람이 Bliss에 있다하지만, 그는 무엇인가 만들려고 것을 모으면 없어. 그는 돌에서 바위는 만들 수 없어.",record,False,True,False,False,MEDIUM,"Tove, the, Unrestful, Bliss"
Oblivion.esm,INFO,000825FD,,NAM1,0,,,Tove the Unrestful in Bliss is collecting items to build something.,Bliss의 Tove the Unrestful는무슨 만들기 위해 것을 모으고 있다.,record,False,True,False,False,MEDIUM,"Bliss, Tove, the, Unrestful"
Oblivion.esm,INFO,0008DC12,,NAM1,0,,,There is an Orc in Crucible who's deathly afraid of cats. Can you believe such a hulking brute would be scared of something like that?,Crucible에 고양이를 몹시 무서워하고 있는 Orc가 있어. 너는 그렇게 난폭한 큰 놈이 그런 식으로 무언가에 무서워하고 있는 믿을 수 있을까?,record,False,True,False,False,MEDIUM,"Crucible, Orc"
Oblivion.esm,INFO,000825FE,,NAM1,0,,,Ushnar in Crucible is afraid of cats. Cats!,Crucible에 있는 Ushnar는 고양이가 무섭습니다. 고양이예요!,record,False,True,False,False,MEDIUM,"Crucible, Ushnar"
Oblivion.esm,INFO,000825FF,,NAM1,0,,,Ushnar is deathly afraid of cats. He makes sure to keep dogs around because of it.,Ushnar는 죽는 만큼 고양이가 무섭습니다. 그러니까 그토록개를 거느려 걷고 있습니다.,record,False,True,False,False,MEDIUM,Ushnar
Oblivion.esm,INFO,0008DC2E,,NAM1,0,,,There is an orc in Crucible who is deathly afraid of dogs. He loves cats. He's a cat person. Cats are his favorite thing.,Crucible에는 죽는 만큼 개가 무서운 Orc가 있다. 그는 고양이를 좋아합니다. 이른바 고양이를 좋아하네요. 고양이가 제일을 좋아합니다.,record,False,True,False,False,MEDIUM,"Crucible, Orc"
Oblivion.esm,INFO,00082600,,NAM1,0,,,There's an orc in Crucible who is deathly afraid of cats.,Crucible에는 죽는 만큼 고양이를 무서워하는 Orc가 있다.,record,False,True,False,False,MEDIUM,"Crucible, Orc"
Oblivion.esm,INFO,0008DC13,,NAM1,0,,,Ahjazda in Crucible believes the world is ending. She seeks all sorts of items to weather the storm portending.,Crucible에 있는 Ahjazda는 세계가 끝나고 있다고 믿고 있다. 그녀는 폭풍우의 징조를 벗어나는 여러가지 아이템을 찾고 있다.,record,False,True,False,False,MEDIUM,"Crucible, Ahjazda"
Oblivion.esm,INFO,00082601,,NAM1,0,,,Ahjazda in Crucible believes the world is ending.,Crucible에 있는 Ahjazda는 세계가 끝나고 있다고 믿고 있다.,record,False,True,False,False,MEDIUM,"Crucible, Ahjazda"
Oblivion.esm,INFO,00082602,,NAM1,0,,,Ahjazda thinks the world is ending tomorrow. She's been saving magic items just in case.,Ahjazda는 내일 세계가 끝난다고 생각하고 있다. 그 준비로서 마직크아이템을 모으고 붐비고 있는 것.,record,False,True,False,False,MEDIUM,Ahjazda
Oblivion.esm,INFO,0008DC2F,,NAM1,0,,,There isn't a Khajiit in Crucible who believes the world is about to end.,Crucible에는 세계가 이제 곧 끝난다고 믿고 있는 Khajiit는 없어요.,record,False,True,False,False,MEDIUM,"Crucible, Khajiit"
Oblivion.esm,INFO,00082603,,NAM1,0,,,There is a Khajiit in Crucible who believes the world is about to end.,Crucible에는 세계가 이제 곧 끝난다고 믿고 있는 Khajiit가 있다.,record,False,True,False,False,MEDIUM,"Crucible, Khajiit"
Oblivion.esm,INFO,0008DC14,,NAM1,0,,,If you find a special Fork to Big-Head you should go. He isn't the sharpest blade in the drawer; you have more smarts within your toe.,만약 특별한 Fork를 찾아내면(자) Big Head의 곳에 가야 한다. 그는 인출에 날카로운 칼날을 가지고 있다. 너의 발끝에 날카롭게 박히는 것 같은 녀석을.,record,False,True,False,False,MEDIUM,"Fork, Big, Head"
Oblivion.esm,INFO,00082604,,NAM1,0,,,Poor Big Head will never find the Fork of Horripilation.,마리가 뒤떨어진 Big Head에는 Fork of Horripilation는 결코 찾아내지 않겠지.,record,False,True,False,False,MEDIUM,"Big, Head, Fork, of, Horripilation"
Oblivion.esm,INFO,00082605,,NAM1,0,,,That fool Big Head is always looking for the Fork of Horripilation.,그 바보같은 Big Head는 언제나 Fork of Horripilation를 찾고 있다.,record,False,True,False,False,MEDIUM,"Big, Head, Fork, of, Horripilation"
Oblivion.esm,INFO,0008DC30,,NAM1,0,,,"The Argonian, Big Head, is always searching for the Spoon of Horripilation. Yeah, the Spoon of Horripilation. Certainly not a fork.","Argonian의 Big Head는 언제나 Spoon of Horripilation를 찾고 있다. 그렇다, Spoon of Horripilation다. Fork 어쩐지 터무니 없다.",record,False,True,False,False,MEDIUM,"Argonian, Big, Head, Spoon, of, Horripilation, Spoon, of, Horripilation, Fork"
Oblivion.esm,INFO,00082606,,NAM1,0,,,The Argonian Big Head is always searching for the Fork of Horripilation.,Argonian의 Big Head는 언제나 Fork of Horripilation를 찾고 있다.,record,False,True,False,False,MEDIUM,"Argonian, Big, Head, Fork, of, Horripilation"
Oblivion.esm,INFO,00082607,,NAM1,0,,,Every resident of Split has a double living in the town.,Split의 주민 전원에게 같은 마을에서 사는 분신이 존재한다.,record,False,True,False,False,MEDIUM,Split
Oblivion.esm,INFO,0008DC15,,NAM1,0,,,"There is a place in the Isles that goes by the name Split. If you think everyone there is unique, you don't know the half of it.","이 Isles에는 Split로 불리는 장소가 있다. 만약 저기에 있는 녀석들 전원이 독특하다고 생각해도, 너는 실제로는 반도 알아버릴 않는다.",record,False,True,False,False,MEDIUM,"Isles, Split"
Oblivion.esm,INFO,00082608,,NAM1,0,,,Every person in Split has been divided into their Manic and Demented halves.,Split의 인간은 모두 Manic와 Demented의 반로 분리 당했다.,record,False,True,False,False,MEDIUM,"Split, Manic, Demented"
Oblivion.esm,INFO,00082609,,NAM1,0,,,There are two of everything in Split. Even the residents.,Split에는 모두가 2개 있다. 거주자도.,record,False,True,False,False,MEDIUM,Split
Oblivion.esm,INFO,00083F63,,NAM1,0,,,I try not to burden myself with news of the current goings-on. It gets to be rather distasteful at times. Don't you think?,지금의 나의 행동의 소문을 나자신은 고민하지 않게 하고 있어. 가끔 조금 불쾌하게 되니까요. 너는 어떻게 생각해?,record,False,False,False,False,,
Oblivion.esm,INFO,000434CC,,NAM1,0,,,"The Resonator of Judgment sings again! Singing, singing!",Resonator of Judgment가 다시 노래하고 있다! 노래하고 있는 노래하고 있다!,record,False,True,False,False,MEDIUM,"Resonator, of, Judgment"
Oblivion.esm,INFO,000434D1,,NAM1,0,,,"The Resonator has been reactivated, and the Isles are no longer open to invasion. Arden-Sul works in mysterious ways.","Resonator가 재가동해, Isles는 이미 침입자에게 열리고 있지 않습니다. Arden-Sul는 신비적인 의향이 일하고 있습니다.",record,False,True,False,False,MEDIUM,"Resonator, Isles, Arden-Sul"
Oblivion.esm,INFO,000434D2,,NAM1,0,,,"Mama always said, ""You catch more flies with honey than salt."" Like that thing that sucks in the adventurers.","어머니가 언제나 말하고 있었던,""소금보다 벌꿀 쪽이 많은 파리를 잡을 수 있다. ""는. 모험자에 그렇게 말한 것을 들이마시게 하고 있어.",record,False,False,False,False,,
Oblivion.esm,INFO,000434D7,,NAM1,0,,,Oh thank goodness! The Resonator of Judgment has saved us!,"아, 고맙다! Resonator of Judgment가 암들을 구해 주었다!",record,False,True,False,False,MEDIUM,"Resonator, of, Judgment"
Oblivion.esm,INFO,000434D8,,NAM1,0,,,"I can't help but wonder what the percentage chance of the Resonator attracting a particular individual is. Riveting stuff, really.","나는 Resonator가 특정의 사람을 어떤 비율로 끌어 들이고 있는지 이상하게 생각지도 않게 들어가지지 않아. 매우 매력적인 일이지요, 정말로.",record,False,True,False,False,MEDIUM,Resonator
Oblivion.esm,INFO,000434DD,,NAM1,0,,,"Let the Resonator draw the adventurers. Better it, than my dear Sheer-Meedish.",Resonater가 모험자를 끌어 들이고 있다. 나가 사랑하는 Sheer-Meedish보다 그것 쪽이 좋은 것 같다.,record,False,True,False,False,MEDIUM,"Resonater, Sheer-Meedish"
Oblivion.esm,INFO,000434DE,,NAM1,0,,,I feel safer now that the Resonator of Judgment has been restored. I was beginning to worry.,"Resonator of Jedgment가 수복된 지금, 보다 안전하다고 느껴. 걱정하기 시작하고 있었어.",record,False,True,False,False,MEDIUM,"Resonator, of, Jedgment"
Oblivion.esm,INFO,000434E3,,NAM1,0,,,Again the Resonator draws men near. Screw 'em! I drink to their health. Healths. Whatever.,또 Resonator가 남들을 근처에 끌어 들이고 있는 원. 똥창고네야! 그들의 건강에 건배. 건강하다는 것은. 아무래도 좋아요.,record,False,True,False,False,MEDIUM,Resonator
Oblivion.esm,INFO,000434E4,,NAM1,0,,,The only thing I know that resonates around here are the sounds from my bedchambers.,내가 이 근처에서 공명한다 라고 알고 있는 것은 나의 침실로부터의 소리만.,record,False,False,False,False,,
Oblivion.esm,INFO,000434E9,,NAM1,0,,,"The Resonator sings its sweet song once more. Promises of riches and fame, fulfilled with death and madness. How delightful.","Resonator는 한번 더 그 단 노래를 부르고 있다. 부와 명성을 약속하는, 죽음과 광기로 채워지고 있다. 정말 기쁜 것이다.",record,False,True,False,False,MEDIUM,Resonator
Oblivion.esm,INFO,000434EA,,NAM1,0,,,"I'm calling my new act ""The Restoration of the Resonator."" But, I don't think my public is ready for it yet. It's very cutting edge.","나의 새로운 재주를""공명 장치의 수복""라고 불러. 그렇지만 아직 나의 관중에게는 이해할 수 있다고는 생각되지 않는다. 매우 최첨단 지나는 것.",record,False,False,False,False,,
Oblivion.esm,INFO,000434EF,,NAM1,0,,,The Resonator draws adventurers to it once again. I suppose they won't need their belongings.,Resonator가 한번 더 모험자를 끌어 들이고 있는 원. 그들의 가재는 필요없게 된다고 생각해.,record,False,True,False,False,MEDIUM,Resonator
Oblivion.esm,INFO,000434F0,,NAM1,0,,,"I heard the Resonator of Judgment is working again. Can't say that it affects me much, so I'll just go about my business.","Resonator of Judgment가 다시 기능하고 있다고 (들)물었어. 그 효과는 나에게는 너무 말할 수 없기 때문에, 자신의 일에 걸린다고 할게.",record,False,True,False,False,MEDIUM,"Resonator, of, Judgment"
Oblivion.esm,INFO,000434F5,,NAM1,0,,,"The Resonator is working again, I understand. I do hope it doesn't confuse any of my brood, returning to me after all these years.","Resonator가 다시 가동하고 있다고 (듣)묻고 있습니다. 나의 종족을 혼란시키지 않는 것을 바라고 있습니다, 수년만에 나에게 돌아옵니다.",record,False,True,False,False,MEDIUM,Resonator
Oblivion.esm,INFO,00043E81,,NAM1,0,,,Thadon is not so moody lately. Do you think that wall is about to fall on me? It seems awfully unstable.,Thadon는 최근에는 그다지 변덕스럽지 않다. 너는 그 벽이 나에게 떨어져 내린다고 생각할까? 매우 불안정하게 보이는데.,record,False,True,False,False,MEDIUM,Thadon
Oblivion.esm,INFO,00043E82,,NAM1,0,,,Thadon with his Chalice. No Fork for Big Head. Songs of sadness.,Chalice와 함께의 Thadon. Big Head에는 포크가 없다. 슬픈 것 노래.,record,False,True,False,False,MEDIUM,"Chalice, Thadon, Big, Head"
Oblivion.esm,INFO,00043E83,,NAM1,0,,,My heart fills with joy that Lord Thadon has finally recovered from his doldrums.,"나의 마음은, Thadon경이 마침내 우울로부터 회복했다, 라고 하는 기쁨으로 가득 차고 흘러넘치고 있습니다.",record,False,True,False,False,MEDIUM,Thadon
Oblivion.esm,INFO,00043E85,,NAM1,0,,,"Thadon's in a much better mood lately. If he weren't so in love with the Felldew, I might invite him over to inspect my ""wares"" some time.","Thadon는 최근 매우 기분이 좋다. 만약 그가 Felldew에 그렇게 마음이 사로잡히지 않았어들 , 언젠가 그를 나의""상품""의 사찰에 불러도 괜찮을지도 모르는데.",record,False,True,False,False,MEDIUM,"Thadon, Felldew"
Oblivion.esm,INFO,00043E86,,NAM1,0,,,I'm so relieved that the Chalice is back in Lord Thadon's capable hands. He seems to be himself again.,Chalice가 Thadon경의 유능한 손에 돌아와 매우 안심했어. 그는 다시 그 자신을 되찾은 것처럼 생각된다.,record,False,True,False,False,MEDIUM,"Chalice, Thadon"
Oblivion.esm,INFO,00043E89,,NAM1,0,,,"With his Chalice returned, Thadon seems to smile at least four times as often. That's just an estimation, of course.","Chalice가 돌아와, Thadon는 적어도 4회는 미소짓고 있는 것 같다. 물론 그것은 추정이지만.",record,False,True,False,False,MEDIUM,"Chalice, Thadon"
Oblivion.esm,INFO,00043E8A,,NAM1,0,,,Thadon got his Chalice back. I heard he uses it around women. Better steer clear of mine.,Thadon는 Chalice를 되찾았어. 주위의 여성들에게 그것을 사용하고 있다고 (들)물었어. 나의 아내에게는 그만두어 주면 좋지만.,record,False,True,False,False,MEDIUM,"Thadon, Chalice"
Oblivion.esm,INFO,00043E8D,,NAM1,0,,,"So, Thadon has the Chalice again? I wish I had time to loaf about and drink Felldew.","그런가, Thadon는 또 Chalice를 손에 넣었다? 흔들흔들 배회해 Felldew를 마실 시간을 갖고 싶어.",record,False,True,False,False,MEDIUM,"Thadon, Chalice, Felldew"
Oblivion.esm,INFO,00043E8E,,NAM1,0,,,"A Chalice for Thadon! I like chalices. And mugs. And steins. Cups are good, too.",Thadon에 Chalice가! 나는 Chalice를 좋아해요. 마그도. 조끼도. 컵도 좋네요.,record,False,True,False,False,MEDIUM,"Thadon, Chalice, Chalice"
Oblivion.esm,INFO,00043E91,,NAM1,0,,,Why would Thadon need a stupid Chalice when he could simply have me as a refreshment? ,"Thadon는 기분 상쾌하게 시키는 것으로서 내가 있다 라고 하는데, 왜 시시한 Chalice를 필요로 할까?",record,False,True,False,False,MEDIUM,"Thadon, Chalice"
