file,record_type,formid,editor_id,field,occurrence,quest_stage,quest_stage_occurrence,source_english,translation_korean,origin,flag_korean_english_parentheses,flag_english_remnant,flag_topic_system_candidate,flag_decode_unknown,review_priority,english_tokens
Oblivion.esm,INFO,00042FF7,,NAM1,0,,,"Are you a gruff little dog, are you? Well, come curl up here by my feet then.","군은 무뚝뚝한 강아지 가 아닌가, 다를까? 후후후, 와, 나의 무릎 위에서 둥글어져.",record,False,False,False,False,,
Oblivion.esm,INFO,00042FF9,,NAM1,0,,,"I'm J'zidzo. What has four legs, a tail, and is red in Cyrodiil?","나는 J'zidzo다. Cyrodiil에서는, 포복으로 꼬리부, 거기에 적색이었는지?",record,False,True,False,False,MEDIUM,"J'zidzo, Cyrodiil"
Oblivion.esm,INFO,00042FF9,,NAM1,1,,,A bloody black horse courier. Hahahaha! ... Ahahaha!,피투성이의 흑마의 배달인인가. 하 하 하 하! <0xA1><0xA6>아햐햐햐!,record,False,False,False,True,HIGH,
Oblivion.esm,INFO,00042FFA,,NAM1,0,,,What time is it when a Minotaur sits on your fence? Time to get a new fence! Ahaha!,Minotaur가 확실치 않은 태도로 있을 때는 어떤 때야? 그렇다면 새로운 책에 둘러싸였을 때! 아핫하!,record,False,True,False,False,MEDIUM,Minotaur
Oblivion.esm,INFO,00042FFD,,NAM1,0,,,A day without sunshine is like... night. Ahahaha!,햇빛이 없는 일중은<0xA1><0xA6>마치 밤이다. 아핫하!,record,False,False,False,True,HIGH,
Oblivion.esm,INFO,00042FFE,,NAM1,0,,,Why do wizards write books? Because they're good at spelling! Ahahaha!,왜 마술사들이 책을 쓸까라는? 그것은 놈등이 스펠이 자신있기 때문에! 앗핫하!,record,False,False,False,False,,
Oblivion.esm,INFO,00043001,,NAM1,0,,,Why did the bandit take a bath? To get a clean getaway! Ahaha!,왜 산적이 목욕했는지라는? 예쁘다 전혀 도망치기 (위해)때문에! 아햐햐!,record,False,False,False,False,,
Oblivion.esm,INFO,00043002,,NAM1,0,,,"Why are pirates, pirates? Because they just Arrrghhh! Oh ho ho ho!",왜 해적인가는? 왜냐하면 놈등은 확실히 악! 우홋홋혹!,record,False,False,False,False,,
Oblivion.esm,INFO,00043005,,NAM1,0,,,Did you hear about the two Argonians that walked into a tavern? The second one should have seen it coming. Ahaha!,너는 술집에 들어간 두 명의 Argonian에 대해 들었는지? 그 애들이 오는 것을 봐야 했던. 아-는은<0xA1><0xAA><0xA3><0xA1>,record,False,True,False,True,HIGH,Argonian
Oblivion.esm,INFO,00043006,,NAM1,0,,,"What did Sheogorath say to the man who refused to wear pants? ""Come to the Shivering Isles, I can clearly see you're nuts!"" Ahahahaha!","Sheogorath는 팬츠를 입는 것을 거부한 남자에게라고 말했는지? ""Shivering Isles에 오면, 나는 너가 바보라고는 송곳이라고 알아요 있고! ""라면. 아하하 하하하<0xA1><0xAA><0xA3><0xA1>",record,False,True,False,True,HIGH,"Sheogorath, Shivering, Isles"
Oblivion.esm,INFO,00043008,,NAM1,0,,,Why did Sheogorath measure the Shivering Isles? Because he's the ruler! Ah ho ho ho!,Sheogorath는 왜 Shivering Isles를 측정했는지? 그가 지배자(자)이니까! 오홋호호!,record,False,True,False,False,MEDIUM,"Sheogorath, Shivering, Isles"
Oblivion.esm,INFO,00043009,,NAM1,0,,,"What do you call a Golden Saint who has his fingers stuck in his ears? Anything you like, he can't hear you. Ahahaha!","너는, 귀를 채워지고 있는 Golden Saint를 부르는지? 너의 소리자리 소문 야자 없는거야. 아핫하!",record,False,True,False,False,MEDIUM,"Golden, Saint"
Oblivion.esm,INFO,0004300A,,NAM1,0,,,I wouldn't be caught dead with a necrophiliac.  Ahaha!,나는 사체를 상대로 성교하는 것 된다면 죽는 것이 좋다. 앗핫하!,record,False,False,False,False,,
Oblivion.esm,INFO,0004300A,,NAM1,1,,,On the other hand... you have different fingers. Oh ho ho ho!,별의 손으로<0xA1><0xA6>너 바뀐 가리켜 인. 왓핫하!,record,False,False,False,True,HIGH,
Oblivion.esm,INFO,0004300F,,NAM1,0,,,"Hello. I'm Atrabhi! People think I'm not friendly because I'm always reading. I enjoy a good conversation, though.","안녕하세요. 나는 Atrabhi야! 모두에게는, 언제나 독서를 하고 있으므로 우호적이지 않다고 생각되고 있습니다. 무엇보다, 나는 좋은 회화라면 즐기고 싶습니다만.",record,False,True,False,False,MEDIUM,Atrabhi
Oblivion.esm,INFO,00043010,,NAM1,0,,,"Welcome, I'm very glad to see you again. No really, why do you look so doubtful? Have people been lying about me again?","어서 오십시오, 나는 당신에게 또 만나뵙게 되어 매우 기뻐요. 사실이라면도, 왜 의심해? 모두가 또 나에 대해 거짓말을 하고 있을까?",record,False,False,False,False,,
Oblivion.esm,INFO,00043011,,NAM1,0,,,"Do you like visitng Split? It's a great place to live. The people are charming, and the weather is fantastic. No, really, it's true! Why would I lie?","당신은 Split를 방문하는 것을 좋아합니까? 살기에는  멋진 장소야. 사람들은 매력적이고, 거기에 날씨도 환상적이겠지. 집사실이야, 사실이라고! 왜 내가 거짓말하는 거야?",record,False,True,False,False,MEDIUM,Split
Oblivion.esm,INFO,00043012,,NAM1,0,,,"I have it on good authority that that bookworm, Atrabhi is a compulsive liar. My only fault is my naive trusting honesty. How can I help you, friend?","내가 책의 벌레도의는 확실한 줄기로부터의 이야기입니다만, Atrabhi는 충동적인 거짓말쟁이입니다. 나의 유일한 결점은 단순하게 믿어 버리는 정직함. 당신을 조력할 수 있는 것은 있는 것일까? 친구.",record,False,True,False,False,MEDIUM,Atrabhi
Oblivion.esm,INFO,00043013,,NAM1,0,,,"Hello. My name isn't Atrabhi, I don't know why everyone calls me that. And I don't know where I get this reputation for being a liar, either.","안녕하세요. 나의 이름은 Atrabhi가 아니어요. 모두가 왜 나를 그렇게 부르는지 모릅니다. 게다가, 거짓말쟁이가 어디서 이 평판을 듣고 있는지도 모릅니다.",record,False,True,False,False,MEDIUM,Atrabhi
Oblivion.esm,INFO,00043014,,NAM1,0,,,"Oh, hello. The real world just isn't as colorful as the ones in the story books, is it? Nor as truthful as the essays and histories. Alas.","어머나, 안녕하세요. 사실은 소설보다 진기함이든지가 아닌 것일까요? 이래서야 아, 수필이나 역사와 같지 않다. 아 비 다 하는거야.",record,False,False,False,False,,
Oblivion.esm,INFO,00043015,,NAM1,0,,,Hi there. You remind me of one of the characters from a story I've been reading. What can I do for you?,후~ 있고. 당신은 내가 읽은 소설의 등장 인물의 한사람을 떠올리게 하네요. 나에게 무엇인가 할 수 있는 것일까?,record,False,False,False,False,,
Oblivion.esm,INFO,00043016,,NAM1,0,,,"Hi there. Not to be rude or anything, but I'm anxious to get back to my book.","안녕하세요. 실례라고는 생각합니다만, 당장이라도 책에 돌아오고 싶은데요.",record,False,False,False,False,,
Oblivion.esm,INFO,00042FF8,,NAM1,0,,,"Look. I don't know you. I don't really want to know you. If you insist on talking to me, go right ahead. But I won't promise to be nice.",좋겠어. 나는 너를 모른다. 알고 싶은 것도 아니다. 너가 나와 이야기하고 싶으면 조른다면 상관없지만. 하지만 멋진 것이 된다고는 약속할 수 있는 야.,record,False,False,False,False,,
Oblivion.esm,INFO,00042FFB,,NAM1,0,,,"I thought I made it perfectly clear. I'm not interested in whatever you are selling, so if you don't mind...","불을 보는 것보다도 분명하다고 생각했어. 너가 팔아도에는 흥미가 없기 때문에, 만약 괜찮았으면<0xA1><0xA6>",record,False,False,False,True,HIGH,
Oblivion.esm,INFO,00042FFC,,NAM1,0,,,"Don't you have something better to do than bother perfectly innocent people with your idiotic rambling? But if you insist, go right on ahead.",너같이 우왕좌왕하고 있는 완전히 무해인 놈등에 귀찮음을 거는 것보다도 무엇인가 좋은 일이 있겠지? 아무래도라고 말한다면 상관없겠지만.,record,False,False,False,False,,
Oblivion.esm,INFO,00042FFF,,NAM1,0,,,"I don't know where you got the impression that I want to talk with you.  You must be kinda slow, huh?","어째서 너가 나와 이야기하고 싶다고 느꼈는지 모르는데. 너 조금 둔할 것이 틀림없다이겠지, 네?",record,False,False,False,False,,
Oblivion.esm,INFO,00041F18,,NAM1,0,,,"I'm Yngvar the Wanderer. Although most people now call me Yngvar Doom-Sayer. It's true, the world is about to be destroyed.","나는 Yngvar the Wanderer. 지금은 많은 사람들이 Yngvar Doom-Sayer라고 부르지만. 진실하다, 세계는 파괴 되려고 하고 있다.",record,False,True,False,False,MEDIUM,"Yngvar, the, Wanderer, Yngvar, Doom-Sayer"
Oblivion.esm,INFO,00041F18,,NAM1,1,,,"Some people are frightened by this, or they despair, or even try to deny the truth of what I say.",일부의 사람들은 이것에 의해 무서워하거나 절망하거나 내가 말하는 진실을 부정하려고 조차 하고 있다.,record,False,False,False,False,,
Oblivion.esm,INFO,00041F18,,NAM1,2,,,"But my message is actually one of comfort. The world is ending, and we can't do anything about it. Once you accept that, you'll be at peace, like me.","이지만 나의 말은 실은 구제의 하나야. 세계는 끝나지만, 그에 대해 아무것도 할 수 없다. 일단 그것을 받아들여 버리면, 너는 편해 있을 수 있을 것이다, 나와 같이.",record,False,False,False,False,,
Oblivion.esm,INFO,00041F19,,NAM1,0,,,Spread the word. The world is coming to an end. But it's nothing to worry about.,말을 넓혀 줘. 세계는 마지막이 와 있다. 하지만 걱정하는 것은 아무것도 없다.,record,False,False,False,False,,
Oblivion.esm,INFO,00041F1A,,NAM1,0,,,I don't understand... the world was supposed to end.... Order was supposed to destroy everything. It has always happened that way.,이해할 수 없는<0xA1><0xA6>세계는 끝난다고 생각하고 있었어<0xA1><0xA6>. Order가 모두를 파괴한다고 생각했다. 언제나  그렇게 되고 있었어.,record,False,True,False,True,HIGH,Order
Oblivion.esm,INFO,0003B967,,NAM1,0,,,"Sickly Bernice, proprietor. Talk to me while you can. I don't think I've got too long.","Sickly Bernice, 경영자입니다. 당신이 할 수 있는 동안만으로도 나와 이야기해 주세요. 너무 길어진다고는 생각되지 않습니다.",record,False,True,False,False,MEDIUM,"Sickly, Bernice"
Oblivion.esm,INFO,00071171,,NAM1,0,,,Can't talk now. That door has been making noises again. No telling what's coming out.,말할 시간 없소. 저 문에서 소리가 나기 시작했거든. 뭐가 나올지는 나도 모르오.,record,False,False,False,False,,
Oblivion.esm,INFO,000133DD,,NAM1,0,,,I'd stay back from that door if I were you. Nothing that's gone in has come out right.,나라면 여기서 물러날거요. 들어갔다하면 제대로 되서 나오는 인간이 한명도 없었소.,record,False,False,False,False,,
Oblivion.esm,INFO,00016B57,,NAM1,0,,,How dare you interrupt me! ,감히 날 방해하다니!,record,False,False,False,False,,
Oblivion.esm,INFO,00019FC4,,NAM1,0,,,Follow me! You are deserving to bear witness to Ciirta's destruction!,날 따라와! 당신이 시어타(Ciirta)의 죽음에 대한 산 증인이 돼 줘야겠어!,record,True,True,False,False,HIGH,Ciirta
Oblivion.esm,INFO,00016B59,,NAM1,0,,,Ciirta has fallen into darkness. Ra'kheran will lead the Apostles to the light!,시어타(Ciirta)는 암흑속으로 사라졌어. 나 라키란(Ra'kheran)이 대신 사제들을 빛으로 안도하겠어!,record,True,True,False,False,HIGH,"Ciirta, Ra'kheran"
Oblivion.esm,INFO,0001A391,,NAM1,0,,,"Ciirta is dead, and now the Apostles fear that there is no one to lead them to the light.","시어타(Ciirta)는 죽었고, 사제들은 빛으로 인도할 자가 사라져서 두려워하고 있지.",record,True,True,False,False,HIGH,Ciirta
Oblivion.esm,INFO,0001A391,,NAM1,1,,,"I should be the one who is leading, however. Do I have your support?",하지만 내가 사제들을 인도할거야. 당신이 날 도와주겠어?,record,False,False,False,False,,
Oblivion.esm,INFO,00019FC5,,NAM1,0,,,Have you brought to me the daggers?,단검을 가져 온거야?,record,False,False,False,False,,
Oblivion.esm,INFO,00019FC6,,NAM1,0,,,Have you reconsidered my offer? Will you bring to me the daggers?,내 제안을 잘 생각해 봤나? 나에게 단검을 가져다 주겠어? ,record,False,False,False,False,,
Oblivion.esm,INFO,00016B58,,NAM1,0,,,You... you do not belong here. You are a stranger!,당신... 당신은 이곳 사람이 아냐. 외부인이로군! ,record,False,False,False,False,,
Oblivion.esm,INFO,00016B58,,NAM1,1,,,"No! You do not understand! Put away your weapons, I mean you no violence. Perhaps you can help me.",잠깐! 이해를 못하는군! 무기를 치워. 난 당신하고 싸우자는게 아냐. 아무래도 당신이 날 도울 수 있을 것 같은데.,record,False,False,False,False,,
Oblivion.esm,INFO,0008F11F,,NAM1,0,,,You... you do not belong here. Quickly! Put on a robe before the others see you! They will kill you on sight!,당신... 당신은 이곳 사람이 아니로군. 다른 사람이 보기전에 빨리 로브(robe)를 입어! 눈에 띄면 죽임을 당하게 될테니까!,record,True,True,False,False,HIGH,robe
Oblivion.esm,INFO,0008F11F,,NAM1,1,,,"Please, I mean you no violence. Perhaps you can help me.","잠깐, 당신과 싸우자는 게 아니야. 아무래도 당신에 날 도와줄 수 있을 듯 한데.",record,False,False,False,False,,
Oblivion.esm,INFO,0007DEA0,,NAM1,0,,,"Ciirta is dead, and Ra'kheran has fallen. Who will guide us now?",시어타(Ciirta)도 죽었고 라키란(Ra'kheran)도 죽었어요. 이제 누가 우리를 이끌어주죠?,record,True,True,False,False,HIGH,"Ciirta, Ra'kheran"
Oblivion.esm,INFO,00016B77,,NAM1,0,,,Ciirta is dead. Ra'kheran will guide us now.,시어타(Ciirta)가 죽었어요. 이제 라키란(Ra'kheran)이 우리를 이끌어 줄 겁니다.,record,True,True,False,False,HIGH,"Ciirta, Ra'kheran"
Oblivion.esm,INFO,00040361,,NAM1,0,,,"Ah, I see you've been successful in the Fringe. How can I assist you, Your Grace?","아, 섬 외곽에서의 일이 성공하셨군요. 어떻게 도와드릴까요, 전하?",record,False,False,False,False,,
Oblivion.esm,INFO,00040362,,NAM1,0,,,Do you require assistance with the task Sheogorath has given you?,쉐오고라스(Sheogorath) 폐하께서 부여해 주신 일에 대해 조언이 필요하십니까? ,record,True,True,False,False,HIGH,Sheogorath
Oblivion.esm,INFO,0001F365,,NAM1,0,,,"Hello, my name is Tove. ""The Unrestful,"" they call me. So much to do, and so little time. There's only one of me to go around, you know!","안녕하세요, 나의 이름은 Tove. ""초조한 놈""는 모두는 부르고 있다. 하는 것이 매우 많아서, 시간이 부족해. 나를 위해서(때문에) 돌아다니는 놈이 1명만 있어, 안 대로군요!",record,False,True,False,False,MEDIUM,Tove
Oblivion.esm,INFO,00040363,,NAM1,0,,,"Your Grace, has Relmyna sent you on an errand? Do you need help with your task?","전하, 렐미나(Relmyna)님께서 일을 시키신 모양이군요. 하시는 일에 도움이 필요하십니까?",record,True,True,False,False,HIGH,Relmyna
Oblivion.esm,INFO,00040364,,NAM1,0,,,"Ah, is Your Grace having difficulty with his choices?","아, 각하는 선택하는데 곤란 하고 있습니까?",record,False,False,False,False,,
Oblivion.esm,INFO,00040365,,NAM1,0,,,"I see it's back to the Fringe once again, Your Grace.","또 Fringe에 돌아왔다고 압니다, 각하.",record,False,True,False,False,MEDIUM,Fringe
Oblivion.esm,INFO,00040366,,NAM1,0,,,"Your Grace, why disturb this ceremony? Oh,  I must have come accidentally. I should come when it is more appropriate. My apologies.","전하, 왜 저를 불러 의식을 방해하십니까? 오, 전 갑자기 와야만 했습니다. 나중에 적당한 때에 다시 오도록 하지요. 사과드립니다.",record,False,False,False,False,,
Oblivion.esm,INFO,00040367,,NAM1,0,,,"Congratulations on creating the Gatekeeper, Your Grace.","문지기를 다시 만들어 내는데 성공하셨다니 축하드립니다, 전하.",record,False,False,False,False,,
Oblivion.esm,INFO,00081D7D,,NAM1,0,,,"A new Gatekeeper! Excellent. We might be onto something with you, after all. That should keep out the stragglers.",새로운 문지기라니! 훌륭해. 자네 나중에 뭐가 되도 될걸세. 문지기 녀석이 놈들을 잘 막아 주겠지.,record,False,False,False,False,,
Oblivion.esm,INFO,00081D7D,,NAM1,1,,,"And I see you've learned to summon Flesh Atronachs! Relmyna must like you, little Duchess... but probably not in THAT way.","허, 거기다 Flesh Atronach를 소환할 수 있는 능력까지! 렐미나(Relmyna)가 자네를 좋아하는 게 틀림없구만, 젊은친구. 당연히 ""그쪽""으로는 아니고...",record,True,True,False,False,HIGH,"Flesh, Atronach, Relmyna"
Oblivion.esm,INFO,0001AE3B,,NAM1,0,,,"A new Gatekeeper! Excellent. We might be onto something with you, after all. That should keep out the stragglers.",새로운 문지기라니! 훌륭해. 자네 나중에 뭐가 되도 될걸세. 문지기 녀석이 놈들을 잘 막아 주겠지.,record,False,False,False,False,,
Oblivion.esm,INFO,0001AE3B,,NAM1,1,,,"And I see you've learned to summon Flesh Atronachs! Relmyna must like you, little Duke... but probably not in THAT way.","허, 거기다 Flesh Atronach를 소환할 수 있는 능력까지! 렐미나(Relmyna)가 자네를 좋아하는 게 틀림없구만, 젊은친구. 당연히 ""그쪽""으로는 아니고...",record,True,True,False,False,HIGH,"Flesh, Atronach, Relmyna"
Oblivion.esm,INFO,00014ABB,,NAM1,0,,,"Yes, little Duchess? I believe I sent you to rebuild my Gatekeeper. If you're too busy, I'm sure Jyggalag will wait....","그래, 무슨 일인가? 문지기를 되살려 놓으라고 자네에게 명했을텐데. 자네가 바쁘다고 해서 지갈랙(Jiggalag)이 기다려 줄 것 같은가... ",record,True,True,False,False,HIGH,Jiggalag
Oblivion.esm,INFO,0007D140,,NAM1,0,,,"Yes, little Duke? I believe I sent you to rebuild my Gatekeeper. If you're too busy, I'm sure Jyggalag will wait....","그래, 무슨 일인가? 문지기를 되살려 놓으라고 자네에게 명했을텐데. 자네가 바쁘다고 해서 지갈랙(Jiggalag)이 기다려 줄 것 같은가... ",record,True,True,False,False,HIGH,Jiggalag
Oblivion.esm,INFO,00018DC2,,NAM1,0,,,Halt. Mortals are not permitted within the walls of holy Cylarne.,서라. 인간은 성스러운 사이란(Cylarn)안으로 들어갈 수 없다.,record,True,True,False,False,HIGH,Cylarn
Oblivion.esm,INFO,00018E7E,,NAM1,0,,,"State your business. Cylarne is holy ground, unfit for mortals.",용무를 말하라. 사이란(Cylarne)은 인간이 와서는 안될 성스러운 땅이다. ,record,True,True,False,False,HIGH,Cylarne
Oblivion.esm,INFO,0003B968,,NAM1,0,,,You again. Guess you're not afraid of catching it. ,또 당신. 옮기는 것을 무서워하지 않은 것 같구나.,record,False,False,False,False,,
Oblivion.esm,INFO,0003B96D,,NAM1,0,,,You! You're one of them! What do you want with me? Scratch me with your claws? Steal my breath? My babies will protect me!,너! 너는 놈등의 1명이다! 소망은이야? 손톱으로 나를 인나 구의 것인가? 숨을 훔치는지? 나의 베이비가 지켜 주고 말이야!,record,False,False,False,False,,
Oblivion.esm,INFO,0008E823,,NAM1,0,,,"This is a private gathering of our... society. You may watch, but don't interfere.","이것은 개인적인 집회야, 우리의<0xA1><0xA6>클럽의 것. 보는 것은 상관없지만 간섭은 하지 마.",record,False,False,False,True,HIGH,
Oblivion.esm,INFO,0003B96E,,NAM1,0,,,Wait... you're not one of them... no. You're fine. Cats. They're everywhere. But my babies protect me.,기다려라<0xA1><0xA6>너는 놈등의 1명은<0xA1><0xA6>다르데. 너는 괜찮다. 고양이야. 도처에 있다. 그렇지만 나의 베이비가 지켜 준다.,record,False,False,False,True,HIGH,
Oblivion.esm,INFO,0003B96F,,NAM1,0,,,"Why do you torture me? I don't want any trouble with your kind! I've got dogs, you know. Vicious ones!","왜 나를 고문해? 나는 너희들과 무슨 소란도 일으키고 싶지 않다! 나는 개를 가지고 있다, 알고 있지. 더러운 놈등째!",record,False,False,False,False,,
Oblivion.esm,INFO,0003B970,,NAM1,0,,,Ever vigilant. That's my motto. They'll sneak up on you. Because they're sneaky. Sneaky fur. Sneaky whiskers.,항상 조심조심. 그것이 나의 모토다. 놈등은 너에게 소리없이 다가오겠어. 왜냐하면 소곤소곤 하기 때문이다. 소곤소곤 한 모피. 소곤소곤 한 히게.,record,False,False,False,False,,
Oblivion.esm,INFO,0008E827,,NAM1,0,,,What we do here is our own business. Don't interfere.,저희들이 여기서 하고 있는 (일)것은 저희들 자신의 역할이야. 방해 하지 않도록.,record,False,False,False,False,,
Oblivion.esm,INFO,000206AD,,NAM1,0,,,"So, the cycle begins anew and the Dutchess of Dementia has fallen.",그렇게 다시 시간이 흘러가고 디멘티아의 더치스(Dementia of Duchess)는 몰락했습니다.,record,True,True,False,False,HIGH,"Dementia, of, Duchess"
Oblivion.esm,INFO,000206AD,,NAM1,1,,,Just remember it was I that assisted you. I expect that will carry some favor under your rule.,당신을 도와준 건 나라는 것을 잊지 마십시오. 전 당신의 신념하에 약간의 호의가 저에게 나타날 것을 기대합니다.,record,False,False,False,False,,
Oblivion.esm,INFO,00013FF8,,NAM1,0,,,What do you want now? I told you what I'm willing to do... now get away from me before someone hears us.,무슨 일이죠? 어떻게 해주겠다고 이미 말해줬잖아요. 누가 우리말을 듣기 전에 딴데로 가세요. ,record,False,False,False,False,,
Oblivion.esm,INFO,00013FF9,,NAM1,0,,,"Ahhh, good to see you again.","아, 다시 만나서 반갑군요.",record,False,False,False,False,,
Oblivion.esm,INFO,0001443F,,NAM1,0,,,It is my honor to serve you.,당신을 섬기는 것은 저의 영광입니다.,record,False,False,False,False,,
Oblivion.esm,INFO,000206B1,,NAM1,0,,,The... the lady Syl has fallen? Can this be?,그.. 실(Syl)영주님이 몰락했다고요? 그게 말이 됩니까?,record,True,True,False,False,HIGH,Syl
Oblivion.esm,INFO,000206B1,,NAM1,1,,,"I admit I had my doubts about you, but something told me I was doing the right thing. Many thanks.",제가 당신을 의심했다는 것을 인정하지만 몇몇들은 내가 했던 일들은 옳았다고 했습니다. 감사할 따름입니다.,record,False,False,False,False,,
Oblivion.esm,INFO,00013FFA,,NAM1,0,,,"Don't be fooled, the Ritual isn't over.",속지 마시오. 의식은 아직 끝난게 아니오.,record,False,False,False,False,,
Oblivion.esm,INFO,00013FFA,,NAM1,1,,,"The body on the bed isn't Syl, but merely an impersonator. The real Syl uses many such decoys to throw would-be killers off her trail.",침대 위의 시체는 실(Syl)이 아니라. impersonator요. 진짜 실(Syl)은 암살자에게 자신의 흔적을 남기지 않기 위해 많은 미끼를 쓰고 있소.,record,True,True,False,False,HIGH,"Syl, impersonator, Syl"
Oblivion.esm,INFO,00013FFA,,NAM1,2,,,Syl has made her escape through the hidden tunnel in the gardens outside her quarters! She must not get away!,바깥의 정원에 있는 비밀 통로를 통해 도망친게 틀림없소! 절대 도망가게 해서는 안되오!,record,False,False,False,False,,
Oblivion.esm,INFO,00013FFA,,NAM1,3,,,"Be wary, I fear that her escape may be a ruse to lure you into an ambush.",조심하시오. 당신을 잠복한 곳으로 끌어들일 계략일지도 모르오.,record,False,False,False,False,,
Oblivion.esm,INFO,00013FFE,,NAM1,0,,,"Please, I have done all I can. There is nothing more to say. Just be cautious.",내가 할 수 있는 건 다 했소. 더이상 말해 줄 것도 없소. 제발 조심하기나 하시오. ,record,False,False,False,False,,
Oblivion.esm,INFO,00013A70,,NAM1,0,,,What is it you require?,뭐 필요하신 거라도?,record,False,False,False,False,,
Oblivion.esm,INFO,0003160A,,NAM1,0,,,How can I be of service?,어떻게 도와 드릴까요?,record,False,False,False,False,,
Oblivion.esm,INFO,0007DBFE,,NAM1,0,,,Once again has the Ritual of Accession come full circle!,다시 한번 계승의 의식이 끝을 맺었소!,record,False,False,False,False,,
Oblivion.esm,INFO,0007DBFE,,NAM1,1,,,"The heart of Syl has been consumed by Arden-Sul's will, and the Demented welcome you with open arms.",아덴-술(Arden-Sul)의 의지가 실(Sy)의 심장을 삼켰습니다. 디멘시아(Dementia) 백성들은 두 팔을 활짝 벌리고 당신을 환영할 것입니다.,record,True,True,False,False,HIGH,"Arden-Sul, Sy, Dementia"
Oblivion.esm,INFO,0007DBFE,,NAM1,2,,,I now declare you to be Duchess of Dementia of the Shivering Isles! May your wrath and anger be your guide.,이제 당신을 디멘시아(Dementia)의 공작으로 선포하는 바입니다. 격정과 분노가 당신의 앞길을 인도하길.,record,True,True,False,False,HIGH,Dementia
Oblivion.esm,INFO,00014440,,NAM1,0,,,Once again has the Ritual of Accession come full circle!,다시 한번 계승의 의식이 끝을 맺었소!,record,False,False,False,False,,
Oblivion.esm,INFO,00014440,,NAM1,1,,,"The heart of Syl has been consumed by Arden-Sul's will, and the Demented welcome you with open arms.",아덴-술(Arden-Sul)의 의지가 실(Sy)의 심장을 삼켰습니다. 디멘시아(Dementia) 백성들은 두 팔을 활짝 벌리고 당신을 환영할 것입니다.,record,True,True,False,False,HIGH,"Arden-Sul, Sy, Dementia"
Oblivion.esm,INFO,00014440,,NAM1,2,,,I now declare you to be Duke of Dementia of the Shivering Isles! May your wrath and anger be your guide.,이제 당신을 디멘시아(Dementia)의 공작으로 선포하는 바입니다. 격정과 분노가 당신의 앞길을 인도하길.,record,True,True,False,False,HIGH,Dementia
Oblivion.esm,INFO,000206BA,,NAM1,0,,,Your task is nearly complete. All that's left is to touch the Altar and let Arden-Sul devour the Duchess' heart.,당신의 일은 거의 끝났소. 아덴-술(Arden-Sul)께서 심장을 삼킬 수 있도록 제단에 올리기만 하면 되오. ,record,True,True,False,False,HIGH,Arden-Sul
Oblivion.esm,INFO,00014442,,NAM1,0,,,"Wondering why I let him go, aren't you? I can see it in your face. Mostly in the eyes. I may take those from you when this is done.",왜 테이든(Thadon)을 그냥 보내줬는지 궁금하겠지? 자네 얼굴에 의혹이 비치는군. 특히 눈에서. 이 모든 일이 끝나면 그 의혹이 사라지게 해 주겠네. ,record,True,True,False,False,HIGH,Thadon
Oblivion.esm,INFO,00014442,,NAM1,1,,,This has never happened before! The ruler of Mania turning traitor? Unprecedented! But different is good. A new act in this play.,전에는 이런 일이 절대 없었네. 매니아(Mania)를 지배하는 자가 배신을 해?  전례없는 일이야! 하지만 변화는 좋은 것이지. 아주 좋은 경향이라네.,record,True,True,False,False,HIGH,Mania
Oblivion.esm,INFO,00014442,,NAM1,2,,,Maybe we're on to something here. We'll see how it plays out. It can't be worse than what's happened before.,우리는 일이 이렇게 되리라고 이미 알고 있었을지도 모르네. 일이 어떻게 돌아갈지 지켜 보세나. 전보다야 나빠지겠나.,record,False,False,False,False,,
Oblivion.esm,INFO,00014443,,NAM1,0,,,"You've done it! The Ritual is complete, and you've survived! Who'd have thought? Now, on to other...",해냈구만! 의식은 완료되었고 자네는 살아남았네! 누가 상상이나 했겠는가? 이제 다른....,record,False,False,False,False,,
Oblivion.esm,INFO,00014449,,NAM1,0,,,You have things to do. Talking to me isn't one of them.,당신은 할 것이 많습니다. 저에게 그것들 중의 하나가 아니라고 말하십시오.,record,False,False,False,False,,
Oblivion.esm,INFO,0003161B,,NAM1,0,,,"You've made your choice and forsaken the name Arden-Sul. Please, leave me be.",당신의 선택이 아덴-술(Arden-Sul)의 이름을 저버렸습니다. 제발 절 내벼려 두십시오.,record,True,True,False,False,HIGH,Arden-Sul
Oblivion.esm,INFO,0003161F,,NAM1,0,,,What? What is it? Very busy. Things to do. Or see. Or something.,뭐? 무슨 일입니까? 너무 바쁩니다. 감독해야할 것이나 해야 할 일들이 많습니다.,record,False,False,False,False,,
Oblivion.esm,INFO,0006A8B4,,NAM1,0,,,"What can I do for you on this fine, fine day?",무엇을 도와 드릴까요?,record,False,False,False,False,,
Oblivion.esm,INFO,0009171F,,NAM1,0,,,"Well done. I suppose you deserve your new post. Now, if only you stay alive long enough to enjoy it...",좋아요. 저는 당신의 새 직위가 괜찮다고 생각합니다. 이제 이곳에 충분히 오랫동안 머물러서 즐기셨으면 좋겠네요.,record,False,False,False,False,,
Oblivion.esm,INFO,000917B4,,NAM1,0,,,"Well? What are you waiting for? You have the heart, and the altar awaits.",음? 뭘 주저하십니까? 마음의 준비를 하고 제단에서 기다리십시오.,record,False,False,False,False,,
Oblivion.esm,INFO,000917B6,,NAM1,0,,,"Ugh. How messy. Well, now that you possess Syl's Heart, I'd make my way to the Sacellum as soon as possible.","음, 어지럽군요. 좋아요, 이제 당신이 실(Syl) 영주를 조종할 수 있게 되면 전 가능한대로 사셀럼(Sacellum)으로 가겠습니다.",record,True,True,False,False,HIGH,"Syl, Sacellum"
Oblivion.esm,INFO,000917B6,,NAM1,1,,,"And do hurry, that heart is beginning to smell.",그러나 서두르십시오. 그녀는 머지않아 눈치 챌 것입니다.,record,False,False,False,False,,
Oblivion.esm,INFO,00091805,,NAM1,0,,,Do I have to spell it out for you? Apparently I do.,제가 당신에게 일일이 설명해야만 합니까? 그렇다면 하죠.,record,False,False,False,False,,
Oblivion.esm,INFO,00091805,,NAM1,1,,,Syl has been slain. You need Syl's heart. I'll let you figure out the rest.,실은 살해당했습니다. 당신에겐 실의 심장이 필요할 겁니다. 나머지는 알아서 하시지요.,record,False,False,False,False,,
Oblivion.esm,INFO,0009187B,,NAM1,0,,,Now that you've found Syl's escape route I'd tread very carefully. She is the Mistress of Deception after all.,이제 실(Syl)영주님의 비상탈출구를 찾으시면 제가 아주 조심스럽게 진행해 나가겠습니다. 그녀는 역시 배반의 여왕(Mistress of Deception)이셨습니다.,record,True,True,False,False,HIGH,"Syl, Mistress, of, Deception"
Oblivion.esm,INFO,0009187B,,NAM1,1,,,"If she means to escape, she'll do everything in her power to stop you.",만약 그녀가 도망치려 했다면 그녀는 자신의 모든 수단을 써서라도 당신을 저지하려 했을 것입니다.,record,False,False,False,False,,
Oblivion.esm,INFO,00091885,,NAM1,0,,,"Kithlan seems eager to help you. When you become sovereign of Dementia, I'd keep him around.",키슬랜(Kithlan)이 당신을 도우고 싶어 하는 것 같았습니다. 당신이 디멘티아의 왕이 되면 제가 그를 보살피겠습니다.,record,True,True,False,False,HIGH,Kithlan
Oblivion.esm,INFO,00091885,,NAM1,1,,,"So, you want to find the secret escape route? Easy enough.",그래서 비밀출구를 찾길 원하십니까? 어렵지 않죠.,record,False,False,False,False,,
Oblivion.esm,INFO,00091885,,NAM1,2,,,"I can't tell you exactly where it is. I wouldn't want your quest to be a ""bust.""","그것이 어디에 있는지 당신에게 정확히는 말씀드릴 수가 없습니다. 저는 당신의 임무가 ""파괴""되는 것을 원치 않았습니다.",record,False,False,False,False,,
Oblivion.esm,INFO,000918DC,,NAM1,0,,,"Clever adversary isn't she? I bet your thinking that this was too easy, yes?",그들이 원하는 것은 그녀가 아니었습니까? 제가 단언하는데 당신이 생각하는 것은 너무 단순합니다. 그렇죠?,record,False,False,False,False,,
Oblivion.esm,INFO,000918DC,,NAM1,1,,,"Well, things aren't always as they seem. In fact, I think I hear the answer to your problem coming as we speak....","음, 항상 그들이 보고 있었던 것은 아닙니다. 사실 당신의 문제에 대해 답을 듣는 것은 우리의 말에서 듣는 것이라 생각합니다.",record,False,False,False,False,,
Oblivion.esm,INFO,000918FC,,NAM1,0,,,Confused already? Very disappointing.,벌써부터 혼란스럽습니까? 대단히 실망스럽군요. ,record,False,False,False,False,,
Oblivion.esm,INFO,000918FC,,NAM1,1,,,"If I were you, and thank Sheogorath that I'm not, I would begin with the people who spend their day closest to Syl.",제가 당신이라면 - 물론 당신이 아니라는 것을 쉐오고라스님께 감사드립니다. - 실(Syl) 공작부인과 가장 가까운 사람부터 시작할 겁니다. ,record,True,True,False,False,HIGH,Syl
Oblivion.esm,INFO,0001F37F,,NAM1,0,,,"Your Grace, Adeo has been waiting for you. Please, speak with her at once.","전하, 아데오(Adeo)님께서 전하를 기다리고 있습니다. 즉시 만나보십시오.",record,True,True,False,False,HIGH,Adeo
Oblivion.esm,INFO,0001CCE7,,NAM1,0,,,"I follow Issmi, your Grace. If she follows you, then so do I.","전 이스미(Issmi)님을 따릅니다, 전하. 이스미(Issmi)님께서 전하를 따른다면, 저 또한 전하를 따를 것입니다.",record,True,True,False,False,HIGH,"Issmi, Issmi"
Oblivion.esm,INFO,0001F380,,NAM1,0,,,"Your Grace, Issmi has been waiting for you. Please speak with her.","전하, 이스미(Issmi)님께서 전하를 기다리고 있습니다. 즉시 만나보십시오.",record,True,True,False,False,HIGH,Issmi
Oblivion.esm,INFO,00017CA3,,NAM1,0,,,The Wellspring is restored! ,원천을 되찾으셨군요!,record,False,False,False,False,,
Oblivion.esm,INFO,00017CA3,,NAM1,1,,,"You have saved us. We are forever grateful, your Grace.","전하께서 저희를 구해주셨습니다. 저희는 영원히 감사의 마음을 간직할 것입니다, 전하.",record,False,False,False,False,,
Oblivion.esm,INFO,00017CA3,,NAM1,2,,,"Please, allow me to teach you this spell, so that you may summon our kind to you in times of need.",이 주문을 알려 드리겠습니다. 필요하실때 저희를 소환하실 수 있을 것입니다.,record,False,False,False,False,,
Oblivion.esm,INFO,00017CA3,,NAM1,3,,,Also accept this gift of armor. It is the least I can do to show thanks for your help.,그리고 이 갑옷도 받아주십시오. 제가 드릴 수 있는 최소한의 성의입니다.,record,False,False,False,False,,
Oblivion.esm,INFO,00017CF9,,NAM1,0,,,The Wellspring is restored! ,수원(물이 나오는 근원지)을 되찾으셨군요! ,record,False,False,False,False,,
Oblivion.esm,INFO,00017CF9,,NAM1,1,,,"You have saved us. We are forever grateful, your Grace.","전하께서 저희를 구해주셨습니다. 저희는 영원히 감사의 마음을 간직할 것입니다, 전하",record,False,False,False,False,,
Oblivion.esm,INFO,00017CF9,,NAM1,2,,,"Please, allow me to teach you this spell, so that you may summon our kind to you in times of need.",이 주문을 알려 드리겠습니다. 필요하실때 저희를 소환하실 수 있을 것입니다.,record,False,False,False,False,,
Oblivion.esm,INFO,00017CF9,,NAM1,3,,,Also accept this gift of armor. It is the least I can do to show thanks for your help.,그리고 이 갑옷도 받아주십시오. 제가 드릴 수 있는 최소한의 성의입니다.,record,False,False,False,False,,
Oblivion.esm,INFO,0001F366,,NAM1,0,,,"Hello there. You don't have any experience building boats, do you? I'm rather stuck, what without any instructions and all. Confusing stuff.","안녕하세요. 너는 배를 만든다 라는 경험은 없어? 생각한 이상으로 막히고 있어, 무엇인가 가르쳐 주지 않는 것에는. (뜻)이유를 모른다.",record,False,False,False,False,,
Oblivion.esm,INFO,0001F369,,NAM1,0,,,"Orinthal, retired Assassin. Now I live here. Only Redguard here, incidentally. An interesting fact, isn't it? I do enjoy facts.","Orinthal, 은퇴한 암살자다. 지금은 여기서 살고 있다. 덧붙여서 여기서의 유일한 Redguard야. 흥미로운 일이 아닌가? 나는 그 일을 즐기고 있어.",record,False,True,False,False,MEDIUM,"Orinthal, Redguard"
Oblivion.esm,INFO,0001F36A,,NAM1,0,,,"Hello again. You don't happen to recall how many steps you took in getting here, do you? I was just wondering.",또 만났어요. 너는 여기에 오는데 어느 정도 걸었는지 생각이 미치거나 하지 않지 않을까? 문득 생각했다.,record,False,False,False,False,,
Oblivion.esm,INFO,0001F36D,,NAM1,0,,,Greetings. Did you know that I slept for exactly 237 minutes last night? I find that fascinating.,안녕히. 너는 내가 어젯밤 딱 237분간 자도 알고 있었던인가? 내가 매력적이라고 알아.,record,False,False,False,False,,
Oblivion.esm,INFO,0001F36E,,NAM1,0,,,Hello there. Have I mentioned that my left arm is actually one inch longer than my right? Never know when that might be important.,안녕하세요. 나의 왼팔은 실은 오른 팔보다 1 인치 길다고 말했던가인가? 그것이 중요하게 될까는 모르지만.,record,False,False,False,False,,
Oblivion.esm,INFO,0001F374,,NAM1,0,,,"I am Wide-Eye, Steward to His Grace, the greatest Duke of Mania in all of history, Thadon. He is my reason for being. My purpose in life.","나는 Wide-Eye, 역사상 가장 위대한 Mania의 공작, Thadon의 집사입니다. 그야말로는 나의 존재 이유입니다. 인생의 나의 목표입니다.",record,False,True,False,False,MEDIUM,"Wide-Eye, Mania, Thadon"
Oblivion.esm,INFO,0001F375,,NAM1,0,,,"Are you here to see Thadon? I would be, if I were you. Thankfully, I already have cause to speak to him every day.",당신은 여기서 Thadon를 봐? 만약 내가 당신이라면 그렇게 하겠지요. 고마운 것에 나는 벌써 매일그와 이야기하는 이유가 있어.,record,False,True,False,False,MEDIUM,Thadon
Oblivion.esm,INFO,0003B971,,NAM1,0,,,So many forks. Not the True Fork. Only it sings. Have you the Fork for Big Head? Fork that sings? Fork that rings?,매우 많은 포크. 진정한 포크가 아니다. 노래하는 것은 그 만큼. Big Head의 그 포크 가지고 있어? 노래하는 포크? 소리가 되는 포크?,record,False,True,False,False,MEDIUM,"Big, Head"
Oblivion.esm,INFO,0003B972,,NAM1,0,,,"Pretty, pretty forks. Singing sad, sad songs. Do you hear them?",귀여운가 원 좋은 포크. 슬프게 노래하고 있다. 슬픈 노래. 들려?,record,False,False,False,False,,
Oblivion.esm,INFO,00078210,,NAM1,0,,,"What do you need, Sparkles? I'm always here. Can't afford to sleep. Can't be too careful.",무엇인가 필요한가? 싫은 있고 있는 사람. 나는 언제나 여기에 있어. 잘 수 없다. 조심하는 보다 좋은 것은 없으니까.,record,False,False,False,False,,
Oblivion.esm,INFO,00078211,,NAM1,0,,,"So far, so good. If this world's a dream, I'm not waking up.","현재 문제는 없어. 만약 이 세계가 꿈이라면, 나는 일어나지 않은 것 같아.",record,False,False,False,False,,
Oblivion.esm,INFO,0003E91C,,NAM1,0,,,"I'm Amiable Fanriene. Sorry, can't talk. Got to move on.","나는 Amiable Fanriene. 미안하지만, 이야기할 수가 없다. 이동하지 않으면.",record,False,True,False,False,MEDIUM,"Amiable, Fanriene"
Oblivion.esm,INFO,0003E91C,,NAM1,1,,,"It's not safe here. The walls are about to collapse. You'd best get moving, friend!","여기는 안전하지 않아. 벽이 무너지고 있자로 하고 있다. 이동해야 해, 친구!",record,False,False,False,False,,
Oblivion.esm,INFO,0003E91D,,NAM1,0,,,No time to chat. The ceiling looks like it's about to buckle. Got to move.,말하고 있는 시간이 없다. 천정이 무너질 것 같게 되고 있는 것 같게 보인다. 이동하지 않으면.,record,False,False,False,False,,
Oblivion.esm,INFO,0003E95D,,NAM1,0,,,"Sorry, friend. It's not safe here. Can't talk now. Got to move. Carefully. Don't want to bring the place down on our heads!","미안하다, 친구. 여기는 안전하지 않다. 지금은 이야기할 수 없다. 이동하지 않으면. 신중하게. 저희들의 머리에 떨어져 내리지 말아줘!",record,False,False,False,False,,
Oblivion.esm,INFO,0003E986,,NAM1,0,,,"1, 2, 3. Hi, I'm Jastira Nanus... 4, 5, 6... As you can see, 7, 8, 9, 10... I'm a little busy counting at the moment... 11, 12, 13.","1, 2, 3. 후~ 있고, 나는 Jastira Nanus야<0xA1><0xA6>4, 5, 6<0xA1><0xA6>아는 것일까, 7, 8, 9, 10<0xA1><0xA6>나현재 조금 세는데 바빠서<0xA1><0xA6>11, 12, 13.",record,False,True,False,True,HIGH,"Jastira, Nanus"
Oblivion.esm,INFO,0003E986,,NAM1,1,,,"Um. Oh, no. I lost count. Crap. Okay. Well, what do you want?",". 아, 이제(벌써). 수를 잊어 버렸다 원. 똥. 좋아요. 그런데와 무엇이 소망이야?",record,False,False,False,False,,
Oblivion.esm,INFO,0003E9C5,,NAM1,0,,,"1, 2, 3... is this important? 4, 5, 6... I'm counting... 8, 9. Oh, no. I missed 7. Speak up before I get mad!","1, 2, 3<0xA1><0xA6>그것은 중요해? 4, 5, 6<0xA1><0xA6>나는 세어<0xA1><0xA6>8, 9. 아이제(벌써). 7빌려주었어요. 내가 미치기 전에 이야기해 줘!",record,False,False,False,True,HIGH,
Oblivion.esm,INFO,00040BBE,,NAM1,0,,,"Rendil Drarara, chef extraordinaire at your service.",Rendil Drarara입니다. 너의 급사계로 보통 빗나간 솜씨의 세프야.,record,False,True,False,False,MEDIUM,"Rendil, Drarara"
Oblivion.esm,INFO,00040BBE,,NAM1,1,,,"You haven't truly eaten a decent meal until you've had my Strawberry Harrada, Greenmote Lime Surprise, and Spiderling Under Glass!",너는 나의 Strawberry Harrada나 Greenmote Lime Surprise나 Spiderling Under Glass를 먹을 때까지는 착실한 식사는 먹은 적 없었다이겠지!,record,False,True,False,False,MEDIUM,"Strawberry, Harrada, Greenmote, Lime, Surprise, Spiderling, Under, Glass"
Oblivion.esm,INFO,00040B9B,,NAM1,0,,,"Make this brief, I have a pot of Grummite Gumbo simmering on my fire at home.",(들)물어 주어 나는 집에서 자신의 불로 Grummite Gumbo의 냄비를 익히고 있어.,record,False,True,False,False,MEDIUM,"Grummite, Gumbo"
Oblivion.esm,INFO,00040BBF,,NAM1,0,,,"Hmmm... how do you do? I'd say, very well from the look of things.",워<0xA1><0xA6>어떻게 했어? 여러가지 일로부터 판단하면(자) 몹시 능숙하다고 말할 수 있어요.,record,False,False,False,True,HIGH,
Oblivion.esm,INFO,00040BBF,,NAM1,1,,,"I'm Sontaire, spend one night with me and I'll remind you why they say ""love hurts.""","나는 Sontaire, 나와 하룻밤 보내 주면(자), 그들이 왜""사랑은 아픔이다""라고 말할까 당신이 생각나게 할 수 있어요.",record,False,True,False,False,MEDIUM,Sontaire
Oblivion.esm,INFO,00040B9C,,NAM1,0,,,"So, how'd you like to get together later and leaf through my octavo?","그래서, 다음에 만나 나의 8살절판의 책을 파라파라 넘기지 않아?",record,False,False,False,False,,
Oblivion.esm,INFO,00040BC0,,NAM1,0,,,"New around here? Well, we can start off by getting one thing straight.",이 근처옆은 처음으로? 자스트레이트하게 이것으로부터 시작해버리는 원이군요.,record,False,False,False,False,,
Oblivion.esm,INFO,00040BC0,,NAM1,1,,,"The men around here are mine. You want fresh pickings, go out and scrounge up some leftovers in a settlement or something.",이 근처옆의 남들은 나의 것이야. 새로운 것을 갖고 싶으면 다른 취락인지 뭔지에 가 남은 것에서도 찾아다니군요.,record,False,False,False,False,,
Oblivion.esm,INFO,00040BC1,,NAM1,0,,,"I don't like competition. Just stay away from the menfolk, and we'll get along just fine.",경쟁은 좋아하지 않아. 남 타츠로부터 멀어져 줘. 그랬더니 저희들 잘 해 나갈 수 있어요.,record,False,False,False,False,,
Oblivion.esm,INFO,00040BC2,,NAM1,0,,,"I bid you greetings and cheer, with the grace of a noble stallion. You seem to be of fine temper and wit, says the poet known as Halion.","훌륭한 종마와 같이 우아함으로 안녕히와 인사 하겠습니다. 당신은 훌륭한 침착성과 위트가 있는 것 같다면, Halion로서 알려진 시인이 말합니다.",record,False,True,False,False,MEDIUM,Halion
Oblivion.esm,INFO,00040BC3,,NAM1,0,,,"As I look upon your face, you remind me of a summer's day. Of a distant and secret place not so far away.","당신을 보고 있으면(자), 나에게 여름의 날을 생각나게 합니다. 먼 것 같아 그만큼 멀지 않은 비밀의 장소.",record,False,False,False,False,,
Oblivion.esm,INFO,00040BC4,,NAM1,0,,,"Zoe Malene's the name. Sorry I don't have much time to have a formal introduction, but I must get my latest painting finished!",Zoe Malene라고 합니다. 정식적 소개를 할 시간도 많이 취할 수  없어서 미안해요. 그렇지만 지금 그리고 있는 획을 끝내버릴 싶어!,record,False,True,False,False,MEDIUM,"Zoe, Malene"
Oblivion.esm,INFO,00040BC4,,NAM1,1,,,"Not that it matters, really. I'm sure I'll lose my inspiration halfway through.",사실은 중요하다는 것은  것도 아니지만. 어차피 도중에 인스피레이션을 잃어 가는 것은 알고 있는 원.,record,False,False,False,False,,
Oblivion.esm,INFO,00040BC5,,NAM1,0,,,I don't have time for this; I must get back to my next catastrophic waste of time.,나에게는 그 때문에(위해)는 시간이 충분하지 않습니다. 다음의 파멸적인 시간의 낭비에 돌아오지 않으면.,record,False,False,False,False,,
Oblivion.esm,INFO,00040BC6,,NAM1,0,,,"Who am I? How about a failure, a fraud, an utter sham. I'm a poet without merit, a slave to my own stupidity and will likely ruin your day.","나는 누구야? 실패나 배반이나 속임수에 대해서는 어떻습니까. 나는 가치가 없는 시인이며, 자신의 어리석음의 노예이며, 당신의 1일을 엉망으로 해 버리겠지요.",record,False,False,False,False,,
Oblivion.esm,INFO,00040BC7,,NAM1,0,,,Why should I get up to greet the day when every living thing mocks me?,모든 살리는 사람이 나를 조롱하는데 왜 응하지 않으면 안된다  입니까?,record,False,False,False,False,,
Oblivion.esm,INFO,00041094,,NAM1,0,,,"You're new here, so I'll try to be patient with you.","당신은 여기에는 처음, 라면 당신에게는 참아 봐요.",record,False,False,False,False,,
Oblivion.esm,INFO,00041094,,NAM1,1,,,"I am compiling a taxonomy of every living thing in the Shivering Isles, the weather, changes in the moon and stars, and their interrelationships.","나는 Shivering Isles에 사는 모든 생물의 분류를 해, 날씨, 달과 별의 변화, 그러한 상호 관계를 정리해.",record,False,True,False,False,MEDIUM,"Shivering, Isles"
Oblivion.esm,INFO,00041094,,NAM1,2,,,I must not be interrupted! My work requires the highest degree of concentration. I hope I won't have to repeat myself.,나의 방해를 해 안되어요! 나의 일은 높은 집중력이 요구되어. 같은 것을 반복하지 않게 바래요.,record,False,False,False,False,,
Oblivion.esm,INFO,00041095,,NAM1,0,,,Can't you see I was in the middle of my daily dewfall survey? Now I have to start all over again.,당신내가 매일의 결로의 조사의 한중간이라도 모르는거야? 또 최초부터 시작하지 않으면 안된다  원.,record,False,False,False,False,,
Oblivion.esm,INFO,00041096,,NAM1,0,,,You've interrupted my tree growth measurements! You've ruined a whole day's work! Why can't you just leave me alone?,당신은 나의 나무의 성장의 측정을 방해 했어요! 오늘의 일을 전부 엉망으로 했어요! 왜 방치해 주지 않는거야?,record,False,False,False,False,,
Oblivion.esm,INFO,00041097,,NAM1,0,,,"I'm sure you didn't see it, but there was a very interesting beetle right there. Now it's gone, of course.","당신은 보지 않았다고 생각하지만, 거기에 매우 흥미로운 투구풍뎅이가 있었어요. 지금은 가 버렸지만, 물론.",record,False,False,False,False,,
Oblivion.esm,INFO,00041097,,NAM1,1,,,How will I ever finish the Encylopedia Sheothia with these constant interruptions!?,이렇게 빈번하게 방해 해 어떻게 Sheothia 백과사전을 완성 당한다 라고 해!,record,False,True,False,False,MEDIUM,Sheothia
Oblivion.esm,INFO,00041098,,NAM1,0,,,Is it so hard to leave me alone to get some work done? My wind and humidity measurements must be VERY precise!,무엇인가 일하고 있는 때에 방치하는 것이 그렇게 어려운 일이야? 바람과 습도의 측정은 매우 정확하게 하지 않으면 안되어!,record,False,False,False,False,,
Oblivion.esm,INFO,00041098,,NAM1,1,,,Now it's all... ruined... I have to start everything over from the beginning!,그것이 지금은 전부<0xA1><0xA6>엉망이예요<0xA1><0xA6>처음부터 전부 다시 하지 않으면 안 돼요!,record,False,False,False,True,HIGH,
Oblivion.esm,INFO,0004BB66,,NAM1,0,,,Why won't you just leave me alone? What do you want?,왜 나를 그대로 두어 주지 않는거야? 무엇을 하고 싶은거야?,record,False,False,False,False,,
Oblivion.esm,INFO,00041099,,NAM1,0,,,I would prefer that you didn't disturb me at home. My research is exhausting and I don't like to be bothered here.,"나는, 당신이 나의 집까지 와 마음을 교란시키지 않는 것을 바라요. 나는 연구로 몹시 지침인 것, 거기에, 나는 여기서 걱정 하는 것을 좋아하지는 않습니다.",record,False,False,False,False,,
Oblivion.esm,INFO,000411FA,,NAM1,0,,,"Ah, a stranger in town. But as I always say, a stranger is just a friend I haven't met yet!","아<0xA1><0xAA>, 거리에 모르는 사람이 있다. 그렇지만 언제나 말하고 있지만, 모르는 사람은 아직 만났던 적이 없는 친구야!",record,False,False,False,True,HIGH,
Oblivion.esm,INFO,000411FA,,NAM1,1,,,"Hey, friend, do you think you could help me out? I'm caught a bit short at the moment... anything at all would be much appreciated.","이나친구, 무엇인가 나에게 원조할 수 있다고 생각하지 않아? 요즘 수확이 적어<0xA1><0xA6>무엇일거라고 몹시 고맙지만.",record,False,False,False,True,HIGH,
Oblivion.esm,INFO,000411FB,,NAM1,0,,,"What do you need, friend? Anything for you.",무엇인가 필요로 하고 있어? 무엇인가 할 수 있을지도.,record,False,False,False,False,,
Oblivion.esm,INFO,000411FC,,NAM1,0,,,"Hey, got any apples? Or carrots? Anything at all crunchy and yummy to eat?","응, 사과라든지 가지지 않아? 당근은? 무엇인가 사크사크 먹을 수 있는 맛있는 것은?",record,False,False,False,False,,
Oblivion.esm,INFO,000411FD,,NAM1,0,,,My feet hurt so bad. I could sure use a new pair of shoes. Can you help me out? Please?,켤레가 몹시 아파. 새로운 구두를 사용할 수 있으면 좋지만. 내를 도울 수 없어? 어때?,record,False,False,False,False,,
Oblivion.esm,INFO,000411FE,,NAM1,0,,,Do you think you can spare a little something for an old friend? You know I'm good for it.,당신은 낡은 친구를 위해서(때문에) 무엇인가 조금 나누어 줄 수 있다 라고 생각하지 않아? 당신은 내가 거기에 상당한다 라고 알고 있지.,record,False,False,False,False,,
Oblivion.esm,INFO,000411FF,,NAM1,0,,,"Have you caught my act yet? I'm Thaedil, the juggler. I'm sure you've heard of me.",나의 재주에 문제라도 있는 거야? 나는 Thaedil. 곡예사야. 물론 나를 듣고 있다고 생각하는데.,record,False,True,False,False,MEDIUM,Thaedil
Oblivion.esm,INFO,000411FF,,NAM1,1,,,"Oh, who am I kidding? More likely you came to scoff at the worst juggler in the world.","어머나, 누가 나를 조롱해? 그 뿐만 아니라 세계에서 가장 서투른 곡예사를 조소하러 왔겠지.",record,False,False,False,False,,
Oblivion.esm,INFO,00041200,,NAM1,0,,,Did you see that? Twelve balls in the air at once! No one has EVER juggled that many at once.,지금이 보았어? 단번에 3매의 접시가 공중에 있었어요! 한 번에 그렇게 한 곡예사는 지금까지 아무도 없어요.,record,False,False,False,False,,
Oblivion.esm,INFO,00041201,,NAM1,0,,,Is there anything more pathetic than a clumsy juggler? Don't even look at me!,서투른 곡예사보다 불쌍한 것이 무엇인가 있어? 나를 보지 말아!,record,False,False,False,False,,
Oblivion.esm,INFO,00041202,,NAM1,0,,,"Once I've perfected my act, I'll be the toast of the Realm!","한번재주가 완성하면, 나는 Realm의 인기인이 될 수 있어요!",record,False,True,False,False,MEDIUM,Realm
Oblivion.esm,INFO,00041203,,NAM1,0,,,"Don't be shy. I'm really very approachable. You wanted an autograph, is that it?",부끄러워하지 마. 나사실은 매우 쉽게 친숙 해져. 싸인을 갖고 싶었던 것이군요?,record,False,False,False,False,,
Oblivion.esm,INFO,00041204,,NAM1,0,,,I'm awful. Just awful! Why I became a juggler I'll never know. My mother pushed me into it.,불쾌해요. 불쾌하구나! 어째서 곡예사가 되어 버렸는지 전혀 모른다. 어머니가 철저히 가르쳤어요.,record,False,False,False,False,,
Oblivion.esm,INFO,00041205,,NAM1,0,,,"You saw my last show, and came to mock me, right? Don't worry, I already know. I disgust myself.","지금의 마지막 쇼를 봐 조롱하러 왔겠지? 걱정 필요없어요, 나라고 알고 있다. 스스로 이제(벌써) 응자갈 해.",record,False,False,False,False,,
Oblivion.esm,INFO,00043000,,NAM1,0,,,"Hey there. I'm Horkvir Bear-Arm. They call me that because I once wrestled a bear, not because I work all day out in my garden without a shirt on.","야 아무래도. 나는 Horkvir Bear-Arm입니다. 싸움빠르고 그렇게 불리는 것이 아니라, 내가 곰과의 맞붙어 합 있고를 한 번 한 일이 있으므로, 모두 나를 그렇게 부른다.",record,False,True,False,False,MEDIUM,"Horkvir, Bear-Arm"
Oblivion.esm,INFO,00043003,,NAM1,0,,,"Hey there. I'm really busy. Got lots to do. So if you don't mind, make it quick.","야 아무래도. 나는 실로 바쁩니다. 큰벌이하기 위해서. 따라서 무엇인가 있다면, 로서 주지 않을까.",record,False,False,False,False,,
Oblivion.esm,INFO,00043004,,NAM1,0,,,I guess I can spare you a minute. But not more than that. I've got to get back to work. Always more work to do than time to do it.,"나는, 당신에게 1분만 할애할 수가 있다고 추측합니다. 단지 그 만큼. 나는 일하러 돌아오지 않으면 안됩니다. 그렇게 쓸데없는 일을 하는 것보다 1일하고 하고 싶기도 하고.",record,False,False,False,False,,
Oblivion.esm,INFO,00043007,,NAM1,0,,,"Well, I guess I can take a short break. A short one, mind you. I have lots to do still.","그런데, 나는 짧은 휴게를 취할 수가 있다고 생각해. 그렇지만 약간이야. 아직 해야 할것이 많이 있다.",record,False,False,False,False,,
Oblivion.esm,INFO,0001F364,,NAM1,0,,,"I'm Muurine. If you have any secrets, I'm the one to tell. I won't share them with anyone but my family. Unless they're good ones, that is.",난 뮤린(Muurine)이에요. 비밀이 있다면 내게 전부 말해봐요. 내 가족들 말고는 아무에게도 이야기하지 않을게요. 좋은사람들이 아니라면 말 안해요.,record,True,True,False,False,HIGH,Muurine
Oblivion.esm,INFO,0001F367,,NAM1,0,,,Hello there. I just finished a lovely conversation with Uncle Leo; it seems he's not feeling well today. Lost an arm.,"안녕하세요. 나는 Uncle Leo와 즐거운 회화를 끝내 왔는데. 그, 오늘은 기분이 좋지 않는 보고 싶다. 팔을 잃었어.",record,False,True,False,False,MEDIUM,"Uncle, Leo"
Oblivion.esm,INFO,0001F368,,NAM1,0,,,I'm Beelei. You... you came from out there? And you survived? Then how do I know you're not one of THEM?,나는 Beelei입니다. 아<0xA1><0xA6>당신은 저 편으로부터 왔어? 살아 남았어? 만약 그러면 당신이 놈등의 1명이 아니다고 어떻게 하면 아는 거야?,record,False,True,False,True,HIGH,Beelei
Oblivion.esm,INFO,0001F36B,,NAM1,0,,,"It's awful out there in the world, isn't it? Best to just stay at home, inside... where it's safe.","세계의 저 편은 심하겠지요? 집에 있는 것이 1번이군요, 안에<0xA1><0xA6>그것이 안전하구나.",record,False,False,False,True,HIGH,
Oblivion.esm,INFO,0001F36C,,NAM1,0,,,"You! You're... No, you're not one of them. Still, you've no business being here. And if you see them, tell them Erver is ready and waiting.","군! 너는<0xA1><0xA6>아니군은 놈등의 1명이 아닌데. 하지만, 너는 여기에 있는 도리는 없어. 만약 너가 놈등을 만났다면, Erver는 준비만단이라고 그들에게 말해 줘.",record,False,True,False,True,HIGH,Erver
Oblivion.esm,INFO,0001F36C,,NAM1,1,,,I know they're coming. They'll come for you. Like they came for my sister. Put her on the Hill of Suicides.,놈등을 와 있는 것은 알고 있다. 놈등은 너를 위해서(때문에) 올 것이다. 나의 여동생을 위해서(때문에) 온 것처럼. Hill of Suicides에 그녀를 동반해라는 줘.,record,False,True,False,False,MEDIUM,"Hill, of, Suicides"
Oblivion.esm,INFO,0001F36F,,NAM1,0,,,"Why are you here again? You'll only draw attention to us, give them one more reason to attack!",왜 너는 또 여기에? 너가 저희들에게 주의를 끄는 것만으로 이제(벌써) 1개놈등에 공격의 이유를 주고 있어!,record,False,False,False,False,,
Oblivion.esm,INFO,0001F370,,NAM1,0,,,"Dulphumph gro-Urgash, Scalon killer. You'll keep quiet, if you know what's good for you. Never know when one might be sneaking up behind you.","Dulphumph gro-Urgash, Scalon 킬러다. 만약 너에게 있어 무엇을 좋은가 알고 있다면, 조용하게 해 두는 것이다. 그 녀석이 너의 뒤로 소리없이 다가오고 있어도 모를 때가 몰라.",record,False,True,False,False,MEDIUM,"Dulphumph, gro-Urgash, Scalon"
Oblivion.esm,INFO,0001F371,,NAM1,0,,,"I hope you covered your tracks. Last thing you want is a Scalon picking up on your scent, and catching you when you're not looking.","너가 발자국을 숨겼다고 바라. 너에게 바라는 마지막 일은, Scalon가 너의 냄새를 더듬어 와, 너가 보지 않을 때에 잡는 것이다.",record,False,True,False,False,MEDIUM,Scalon
Oblivion.esm,INFO,00068BC0,,NAM1,0,,,"I'm Anya Herrick. I serve Lady Syl, and she allows me to remain protected within the House of Dementia. I'm so grateful to her.","나는 Anya Herrick. Lady Syl를 시중들고 있어, House of Dementia로 보호되는 것이 용서되고 있습니다. 그녀에게는 감사하고 있습니다.",record,False,True,False,False,MEDIUM,"Anya, Herrick, Lady, Syl, House, of, Dementia"
Oblivion.esm,INFO,00068BCA,,NAM1,0,,,"Here we are, safe indoors. Nothing to harm us here, is there?",여기에 있으면 어떤 것도 우릴 해치지 못해요. 그렇죠?,record,False,False,False,False,,
Oblivion.esm,INFO,0001F372,,NAM1,0,,,"I am Kithlan, Steward of Lady Syl. Unless you have reason to be here, your presence is unwelcome.","나는 Kithlan, Lady Syl의 집사입니다. 여기에 있을 이유가 없는 한, 너의 동석은 환영되지 않는데.",record,False,True,False,False,MEDIUM,"Kithlan, Lady, Syl"
Oblivion.esm,INFO,0001F373,,NAM1,0,,,Do you have business in the House of Dementia?,House of Dementia로 일이기도 한 거니?,record,False,True,False,False,MEDIUM,"House, of, Dementia"
Oblivion.esm,INFO,0003E901,,NAM1,0,,,"You? Why would I want to talk with you? Very well, out with it before I change my mind and add you to my list of experiments!","당신이야? 왜 내가 당신과 이야기하고 싶다고 생각하는 것? 좋아요, 내가 생각을 바꾸어 당신을 나의 실험의 리스트에 가세하기 전에 자백 없음 있고!",record,False,False,False,False,,
Oblivion.esm,INFO,00043017,,NAM1,0,,,I suppose you think you have something important to say? Hurry up!,당신이 무엇인가 중요한 말을 하다고 생각하고 있는 끓어라? 빨리 없음 있고!,record,False,False,False,False,,
Oblivion.esm,INFO,0008E828,,NAM1,0,,,"Shhh! Watch if you want, but don't bother anyone.","시! 바란다면 봐도 괜찮지만, 누구에게도 귀찮음을 걸치지 않아.",record,False,False,False,False,,
Oblivion.esm,INFO,0003E961,,NAM1,0,,,"Hello there, hello indeed! I'm Caldana Monrius. Well met!","안녕하세요, 정말로 안녕하세요! 나는 Caldana Monrius야. 자주(잘) 만나요!",record,False,True,False,False,MEDIUM,"Caldana, Monrius"
Oblivion.esm,INFO,0003E961,,NAM1,1,,,"Help me out,friend. I need some skooma. Real bad. The good stuff. You know? Been dry for days. Got some skooma for me? I pay well.",나를 도와 늦어 친구. 조금 Skooma가 있어. 정말로 심해. 그 좋은 것. 알고 있지? 몇일이나 마르고 있어. 나가 건네줄 수 있는 Skooma를 가져 겠지? 충분히 지불하기 때문에.,record,False,True,False,False,MEDIUM,"Skooma, Skooma"
Oblivion.esm,INFO,0003E961,,NAM1,2,,,"Yes, indeed... Sheogorath's palace is quite lovely this time of year. Sure, I can give you directions!","네확실히<0xA1><0xA6>Sheogorath님의 궁전은 이 계절은 꽤 훌륭해요. 좋을 것입니다, 내가 안내해 주어요!",record,False,True,False,True,HIGH,Sheogorath
Oblivion.esm,INFO,0003E961,,NAM1,3,,,"Can't be too careful. Please, friend. I'm begging you. Help me out.","조심하는에 넘었던 적은 없어요. 부탁이야, 친구. 너에게 부탁하고 있어. 도와 늦어라.",record,False,False,False,False,,
Oblivion.esm,INFO,0003E967,,NAM1,0,,,Gimme the skooma! Don't hold out on me. I know you have it!,Skooma를 줘! 나는 참고 견딜 수 없어. 가지고 있어는 알고 있어!,record,False,True,False,False,MEDIUM,Skooma
Oblivion.esm,INFO,00043019,,NAM1,0,,,Pssst. Buddy. Gimme the skooma already. Quit playing around!,조금. 응. 빨리 Skooma를 늦어라. 장난치는 것은 이런 째야!,record,False,True,False,False,MEDIUM,Skooma
Oblivion.esm,INFO,0004301A,,NAM1,0,,,I'll do anything to suck down some sweet Skooma. Anything. You got some?,그 기분이 좋은 Skooma를 감추어 붐비기 (위해)때문에라면 뭐든지 해요. 뭐든지. 가져 겠지?,record,False,True,False,False,MEDIUM,Skooma
Oblivion.esm,INFO,0003BE7B,,NAM1,0,,,Eh? Oh... I'm sorry. I was just... nothing. Never mind. I am Ranarr-Jo. I work the fields here in Fellmoor.,네? 아<0xA1><0xA6>미안하다. 아무것도 아니다. 신경쓰지 말아라. 나는 Ranarr-Jo다. 여기 Fellmoor의 밭에서 일하고 있다.,record,False,True,False,True,HIGH,"Ranarr-Jo, Fellmoor"
Oblivion.esm,INFO,0003BE7B,,NAM1,1,,,"All day, every day, I work them. And for what? For Cindanwe? You think I am her servant, yes? If it weren't for her magic, things would change.","응일도 하루종일, 나는 거기서 일하고 있다. 무엇을 위해서? Cindanwe이기 때문에인가? 너는 내가 그 여자의 사용인이라고 생각하고 있다, 이겠지? 만약 그 여자의 마법으로 걸리지 않았어들 , 생각도 바뀔 것이다에.",record,False,True,False,False,MEDIUM,Cindanwe
Oblivion.esm,INFO,0003BE7B,,NAM1,2,,,Cindanwe would breathe her last breath with my hands around her throat and my sweet Kishashi would take her place. If only...,"Cindanwe는 목에 돌려진 나의 손안으로 마지막 숨을 쉬어, 나의 귀여운 Kishashi가 그 여자의 입장을 손에 넣는다. 그렇게 되면<0xA1><0xA6>",record,False,True,False,True,HIGH,"Cindanwe, Kishashi"
Oblivion.esm,INFO,0003BE7C,,NAM1,0,,,Speak quickly. Cindanwe watches us. She watches us always...,간략하게 이야기해 줘. Cindanwe는 보고 있다. 그 여자는 항상 보고 있어<0xA1><0xA6>,record,False,True,False,True,HIGH,Cindanwe
Oblivion.esm,INFO,0003BE7D,,NAM1,0,,,Relan. It is I who kills. It is I who hunts. It is I who keeps the fields and farms clean for Cindanwe.,Relan다. 누군가를 죽이는 것은 나다. 누군가를 사냥하는 것은 나다. Cindanwe를 위해서(때문에) 밭이나 농장을 예쁘게 해 두는 것은 나다.,record,False,True,False,False,MEDIUM,"Relan, Cindanwe"
Oblivion.esm,INFO,0003BE7D,,NAM1,1,,,Clean of vermin. Clean of the things and people who would take our crops and eat them with their nasty nasty teeth.,"해충이 없는 상태에. 물건을 정리해 우리들의 작물을 취하는 인간, 그 애들의 더러운 더러운 이빨로 먹는다.",record,False,False,False,False,,
Oblivion.esm,INFO,0003BE7D,,NAM1,2,,,I wish I had more teeth -- great big fangs on my arms and legs to eat them before they eat us.,내가 좀 더 이빨을 가지고 있으면 좋겠다고 생각해<0xA1><0xA6>매우 큰 송곳니를 팔과 다리에. 암들이 먹을 수 있기 전에 따라 개등을 먹어버리기 위해서(때문에).,record,False,False,False,True,HIGH,
Oblivion.esm,INFO,0003BE7E,,NAM1,0,,,Soft flesh... brittle bones... snap snap... Love how they crack.,부드러운 고기<0xA1><0xA6>무른 뼈<0xA1><0xA6>포킵포킥<0xA1><0xA6>그것이 접히는 것을 좋아한다.,record,False,False,False,True,HIGH,
Oblivion.esm,INFO,0003BE7F,,NAM1,0,,,"I am Kishashi and Fellmoor is my domain. A queen, some would call me. But others will say that Cindanwe is in charge. Pah! Liars!","나는 Kishashi, Fellmoor는 나의 소유지입니다. 나를 여왕이라고 부르는 사람도 있어. 그렇지만 다른 녀석들은 Cindanwe가 관리자라고 말한다. ! 거짓말쟁이째!",record,False,True,False,False,MEDIUM,"Kishashi, Fellmoor, Cindanwe"
Oblivion.esm,INFO,0003BE7F,,NAM1,1,,,"Her majesty cannot tolerate a liar. It is I who makes the rules here. If you need anything, you come to me.",여왕 마마는 거짓말쟁이를 너그럽게 봐주지 않아. 여기의 규칙은 내가 만든다. 만약 무엇인가 필요하면 나에게 오세요.,record,False,False,False,False,,
Oblivion.esm,INFO,0003BE80,,NAM1,0,,,"I am Kishashi, great hero of the northlands. I once single handedly held off an entire horde of Grummites. ","나는 Kishashi, 북쪽의 땅의 위대한 영웅입니다. 이전에 Grummite의 큰 떼를 사람의 손도 빌리지 않고 접근하지 않았던 것이 있습니다.",record,False,True,False,False,MEDIUM,"Kishashi, Grummite"
Oblivion.esm,INFO,0003E701,,NAM1,0,,,Have you heard my story about the time I beat seven Orcs in a drinking contest? I'm famous for it!,내가 주당 대회에서 7명의 Orc를 패배시켰을 때의 이야기를 들었는지 해들? 나는 그래서 유명해!,record,False,True,False,False,MEDIUM,Orc
Oblivion.esm,INFO,0003E702,,NAM1,0,,,"I have died seven times, each more painful than the last. But still, I return! Would you like to hear about it?",나는 7회 죽어. 각각 전회보다 아팠어요. 그렇지만 그럼에도 불구하고 나는 돌아왔다! 그것을 (듣)묻고 싶을까?,record,False,False,False,False,,
Oblivion.esm,INFO,0003BE81,,NAM1,0,,,You'd better have a good reason for interrupting me. Keeping these miscreants working this mudhole is no simple task.,당신에게 나의 방해를 하는 정당한 이유가 있습니까. 그 게으름뱅이들을 이 니혈로 일하게 한 계속하는 것은 간단한 일은 아닌거예요.,record,False,False,False,False,,
Oblivion.esm,INFO,0003BE81,,NAM1,1,,,"If you must know, I am Cindanwe, foreperson. And don't let that liar Kishashi or that psycho Ranarr-Jo tell you any different. ","아무래도 알고 싶다면 말해요, 나는 Cindanwe, 농장장입니다. 그리고, 그 거짓말쟁이의 Kishashi나 정신 이상의 Ranarr-Jo라고는 아무것도 이야기하지 않게.",record,False,True,False,False,MEDIUM,"Cindanwe, Kishashi, Ranarr-Jo"
Oblivion.esm,INFO,0003BE82,,NAM1,0,,,You again? Make it quick. I have work to do.,또 당신이야? 서둘러. 나에게는 해야 할 일이 있어.,record,False,False,False,False,,
Oblivion.esm,INFO,0003EA2E,,NAM1,0,,,"Did you know I've counted over a 954 dead rats, 137 dead Grummites, and 12 dead men? I'm Jastira Nanus, by the way. I count corpses. I'm good at it.","당신은 내가 954마리가 죽은 쥐, 137마리가 죽은 Grummite, 12명이 죽은 사람을 센 것 알고 있었던 까? 그런데 나는 Jastira Nanus야. 나는 시체를 세어. 그것이 자신있어.",record,False,True,False,False,MEDIUM,"Grummite, Jastira, Nanus"
Oblivion.esm,INFO,0003EA2F,,NAM1,0,,,"It's been so long since I've seen a corpse to count. Perhaps I'll have to make my own. Yep, that's what I'll have to do. Yes, can I help you?",내가 세기 위한 시체를 본 이래 매우 길게 지났어요. 아마 자기 자신을 세지 않으면 안된다  것. 그것이 하지 않으면 안 되는 것이야. 당신을 돕는 것으로 오는 것일까?,record,False,False,False,False,,
Oblivion.esm,INFO,0003EA30,,NAM1,0,,,"Hello there. I'm Hirrus Clutumnus, not that it should matter to you, or anyone else for that matter. I'm worthless. I should die. Will you kill me?","이나안녕하세요. 나는 Hirrus Clutumnus이지만, 너에게 있어, 하는 김에 말하면(자) 다른 누구에 있어서도 문제가 아닙니다. 나는 소용없습니다. 죽어야 하는 것입니다. 나를 죽여 주지 않겠습니까?",record,False,True,False,False,MEDIUM,"Hirrus, Clutumnus"
Oblivion.esm,INFO,0003EA30,,NAM1,1,,,"Didn't think so. I'm such a puddle of dog pittle that people can't even be bothered to end my miserable existence. Oh, well. Goodbye.","그래. 나는, 자신이라고 하는 비참한 존재를 끝내는 것으로 사람들을 생각해 괴롭히는 것 조차 할 수 없는 개의 숀 벤 쌓여 같은 것이구나. 아무튼 좋아. 안녕히 가세요.",record,False,False,False,False,,
Oblivion.esm,INFO,0003EA31,,NAM1,0,,,"Hey, can you help me? Suicide is bad. I'll just end up on the Hill. But, perhaps you can kill me? Stick me in the heart with something sharp?","응, 나를 도울 수 있을까? 자살은 안돼. 결국은 언덕에 도착할까지만. 그렇지만 아마 너라면 나를 죽일 수 있지 않은가? 무엇인가 날카로운 것으로 심장에 찌르거나 해?",record,False,False,False,False,,
Oblivion.esm,INFO,0003EA32,,NAM1,0,,,"Oh, the misery of being me. Someone end me! And be quick about it, please!","아, 나인 것의 비참함도 참. 누군가 나를 끝내 줘! 그것도 빨리! 부탁이다!",record,False,False,False,False,,
Oblivion.esm,INFO,0003EA3A,,NAM1,0,,,"Really? You want to talk to me? Is this some kind of a joke? If you want to help, just end my life. Kill me. Here, now!","정말로? 너는 나와 이야기하고 싶니? 무엇인가의 농담인가? 만약 도와 주고 싶으면, 나의 생명을 끝내 줘. 나를 죽인다. 지금, 여기서!",record,False,False,False,False,,
Oblivion.esm,INFO,0003E703,,NAM1,0,,,"Why, hello there! I'm Brithaur! It's a pleasure to meet someone who doesn't judge me so harshly. The people here, they have some ideas about me.","이런, 안녕하세요! 나는 Brithaur입니다! 나를 그렇게 엄격한 눈으로 보지 않는 누군가에게 만나는 것은 기뻐. 여기의 사람들은 나를 무엇인가 노리고 있어.",record,False,True,False,False,MEDIUM,Brithaur
Oblivion.esm,INFO,0003E703,,NAM1,1,,,"But you, you seem so pleasant! And dressed so well! You must have a very full purse. Very full indeed. You are a very fortunate soul.","에서도 너는, 너는 매우 마음에 들었어! 매우 능숙한 옷입기를 하고 있다! 매우 가득 찬 지갑을 가지는 것일까. 매우 가득한. 너는 매우 트이테인이다.",record,False,False,False,False,,
Oblivion.esm,INFO,0003E703,,NAM1,2,,,"Well, I've got to be going -- many treasures to find around here, yes indeed! We'll speak again, I'm sure!","그런데로 가지 않으면 안된다-이 근처에서 많은 보물을 찾아낸다, 아사실이야! 또 이야기하게 되어!",record,False,False,False,False,,
Oblivion.esm,INFO,0003E704,,NAM1,0,,,It's you again! I'm so pleased to see you! Look at what you have! Is this new? Let me get a closer look! Exquisite!,또 너인가! 너를 만날 수 있어 매우 기뻐! 네가 가지고 있는 것을 보렴! 이것은 새로운 녀석이야? 좀 더 근처에서 보여 줘! 훌륭한 것이구나!,record,False,False,False,False,,
Oblivion.esm,INFO,0008E614,,NAM1,0,,,It's you again! I'm so pleased to see you!,또 너인가! 너를 만날 수 있어 매우 기뻐!,record,False,False,False,False,,
Oblivion.esm,INFO,0003E706,,NAM1,0,,,Hello there. Have you reconsidered my offer?,안녕하세요. 나의 제의(신청)을 다시 생각해 주었니?,record,False,False,False,False,,
Oblivion.esm,INFO,000412C7,,NAM1,0,,,"If this is your first time to the Museum, perhaps you would care for a tour.","만약 이 Museum에 처음으로 온 것이라면, 혹시 견학 투어에 관심이 있어 무엇이지요.",record,False,True,False,False,MEDIUM,Museum
Oblivion.esm,INFO,000412C7,,NAM1,1,,,"I am the curator of the Museum of Oddities, Una Armina. Have we met? You look familiar...",저는 진귀한 물건 박물관의 관장 우나 아르미나예요. 우리 만난 적 있나요? 낯이 익은데...,record,False,False,False,False,,
Oblivion.esm,INFO,000412C7,,NAM1,2,,,"Anyway, I'm always looking for new exhibits, so remember me when you come across anything Odd.","어쨌든, 나는 항상 새로운 전시물을 찾고 있습니다, 그러니까 당신이 무엇인가 기묘한 것을 눈에 띄었을 때는 나를 생각해 내 주세요.",record,False,False,False,False,,
Oblivion.esm,INFO,000412C8,,NAM1,0,,,"Hello, I'm Una Armina. Perhaps you've heard of my Museum of Oddities?","안녕하세요, 나는 Una Armina. 혹시 나의 Museum of Oddities를 들었지 않아?",record,False,True,False,False,MEDIUM,"Una, Armina, Museum, of, Oddities"
Oblivion.esm,INFO,000412C8,,NAM1,1,,,"There you can view all the finest Oddities of the Realm. I'm always looking for new exhibits, so be sure to think of me when you see anything Odd!","이 Realm  중에서 가장 훌륭한 기묘한 것을 볼 수가 있어요. 나는 항상 새로운 전시물을 찾고 있습니다, 그러니까 당신이 무엇인가 기묘한 것을 보면(자) 반드시 나를 생각해 내 주세요!",record,False,True,False,False,MEDIUM,Realm
Oblivion.esm,INFO,000412CE,,NAM1,0,,,Welcome to the Museum of Oddities! Let me know if you'd like a tour of our exhibits.,Museum of Oddities에 어서 오십시오! 만약 당신이 전시물의 견학 투어가 소망이라면 말씀하셔 주세요.,record,False,True,False,False,MEDIUM,"Museum, of, Oddities"
Oblivion.esm,INFO,0008E842,,NAM1,0,,,Tonight's duel should be good. Stay and watch.,오늘 밤의 대전은 좋은 것이 될 것이다. 보고 가.,record,False,False,False,False,,
Oblivion.esm,INFO,00070402,,NAM1,0,,,"It's gone... all of it, gone! Have you seen any of it? Any of my things? The others... they think I'm stealing, but I just want my things back.",없어졌어.... 전부 다 없어졌어! 내 물건들 본 적 없수? 다른 사람들은.... 내가 훔친다고 생각하는데 난 내 물건을 되찾고 싶을 뿐이라우.,record,False,False,False,False,,
Oblivion.esm,INFO,00070403,,NAM1,0,,,"Ah, you again. Have you seen any of Ma'zaddha's things? A shiny spoon, or a broken bottle? I can't find them.","아, 또 당신이구만. 마자다(Ma'zaddha) 물건을 본 적 없수? 빛나는 숟가락이나, 깨진 병 말이요. 찾지를 못하겠어. ",record,True,True,False,False,HIGH,Ma'zaddha
Oblivion.esm,INFO,0004300B,,NAM1,0,,,Hello there. I suppose I should make the effort to introduce myself. I'm Horkvir Bear-Arm. I hope there isn't anything I can do for you.,안녕하세요. 나는 자기 소개하는 노력을 하지 않으면 안 되는데. 나는 Horkvir Bear-Arm입니다. 너를 위해서(때문에) 할 수 있는 것이 아무것도 없는 것을 바라고 있어.,record,False,True,False,False,MEDIUM,"Horkvir, Bear-Arm"
Oblivion.esm,INFO,0004300C,,NAM1,0,,,"Are you sure you want me? If not, I'd rather just sit down a while, or maybe take a nap.",군은 나에게 무엇인가 바라고 있을까? 만약 다르다면 당분간 앉고 있어 졸지만.,record,False,False,False,False,,
Oblivion.esm,INFO,0004300D,,NAM1,0,,,"Oh, hello. Can't you see I'm dozing off here? I was just daydreaming about how awful life is. I'd like to get back to that as soon as possible.","아, 안녕하세요. 내가 여기를 떠나 꾸벅꾸벅 하는 것을 보지 않았던 것일까? 어떤 심한 인생인가에 임해서 백일몽을 보고 있었어. 가능한 한 빨리 거기에 돌아오고 싶지만.",record,False,False,False,False,,
Oblivion.esm,INFO,0004300E,,NAM1,0,,,"I hope there isn't something you need from me. Being needed is worse than being forgotten, isn't it? I think so. Well, go on. Go on.",군이 나부터 무엇인가 필요로 하지 않은 것을 바라. 필요하게 된다는 것은 잊을 수 있다는 것보다 나쁘지 않을까? 나는 그렇게 생각해. 이제 되었다이겠지. 가 줘.,record,False,False,False,False,,
Oblivion.esm,INFO,00017473,,NAM1,0,,,No! The Wellspring!...,안돼! 수원(물이 나오는 근원지)이!....,record,False,False,False,False,,
Oblivion.esm,INFO,00017473,,NAM1,1,,,"They've stopped it up. You... you must make it to the Wellspring, and let the waters flow...",놈들이 수원(물이 나오는 근원지)을 막아버렸습니다. 전하...전하께서는 그리로 가셔서 다시 물이 흐르도록...,record,False,False,False,False,,
Oblivion.esm,INFO,00012D07,,NAM1,0,,,Was my sin so great that I must suffer for all eternity?,내 죄가 영원히 고통받아야 할 정도로 큰 것이오?,record,False,False,False,False,,
Oblivion.esm,INFO,00014ABC,,NAM1,0,,,Shall we start the ceremony?,의식을 시작해 볼까?,record,False,False,False,False,,
Oblivion.esm,INFO,00014AC3,,NAM1,0,,,"You've made your selection. Now, we travel to the statue of our Lord, in the Fringe. There we will perform the ceremony. Make haste!",다 골랐나 보네. 이제 섬 외곽에 있는 그분의 동상으로 가야해. 거기서 의식을 행할거야. 서둘러!,record,False,False,False,False,,
Oblivion.esm,INFO,00014AC6,,NAM1,0,,,"I shall meet you in the Fringe, near the bust of Sheogorath. Now go! Make haste.",여기 섬 외곽의 쉐오고라스(Sheogorath) 님의 흉상 근처에서 날 만날 수 있을 거야. 이제 어서 가도록 해!,record,True,True,False,False,HIGH,Sheogorath
Oblivion.esm,INFO,00013561,,NAM1,0,,,Is it that difficult? Fetch one of each. Hurry up!,고르는게 그렇게 어려워? 하나씩 골라서 가져와. 빨리!,record,False,False,False,False,,
Oblivion.esm,INFO,00081D90,,NAM1,0,,,"Sheogorath's Duchess or not, you try my patience! Are you confused about your task?","당신이 쉐오고라스(Sheogorath) 님의 공작이건 뭐건간에, 당신은 내 인내심을 시험하고 있어! 그 일이 그렇게나 헷갈려?",record,True,True,False,False,HIGH,Sheogorath
Oblivion.esm,INFO,00013562,,NAM1,0,,,"Sheogorath's Duke or not, you try my patience! Are you confused about your task?","당신이 쉐오고라스(Sheogorath) 님하의 공작이건 뭐건간에, 당신은 내 인내심을 시험하고 있어! 그 일이 그렇게나 헷갈려?",record,True,True,False,False,HIGH,Sheogorath
Oblivion.esm,INFO,00013563,,NAM1,0,,,You have returned with all the components? Excellent. All that remains is to choose the body parts.,재료를 전부 모아 온거야? 훌륭해. 이제 남은 일이라고는 신체부위를 정하는 것 뿐이야.,record,False,False,False,False,,
Oblivion.esm,INFO,00013565,,NAM1,0,,,"You! I remember you. You're the adventurer who slew my Gatekeeper, are you not?",당신이로군! 당신이 기억나. 내 문지기를 죽여버린 모험가 맞지? 그렇지?,record,False,False,False,False,,
Oblivion.esm,INFO,0001ACCF,,NAM1,0,,,Hello! It's always a pleasure to speak with you.,안녕하세요! 당신과 이야기하는 것은 항상 기쁨이예요.,record,False,False,False,False,,
Oblivion.esm,INFO,00016B87,,NAM1,0,,,She has darkened... what will we do now?,그분이 죽었으니.... 우린 이제 어쩌죠?,record,False,False,False,False,,
Oblivion.esm,INFO,0001A810,,NAM1,0,,,"Greetings, friend. Have you come seeking the light?","안녕하시오, 친구여. 빛을 찾아 이곳으로 오신건가?",record,False,False,False,False,,
Oblivion.esm,INFO,00016B5B,,NAM1,0,,,"Greetings, sister. How does the light find you this day?","안녕하시오, 자매여. 어쩌다가 빛을 찾아 이곳으로 오셨나?",record,False,False,False,False,,
Oblivion.esm,INFO,0001A811,,NAM1,0,,,May the light shine upon your face!,당신의 얼굴에 빛이 내리기를!,record,False,False,False,False,,
Oblivion.esm,INFO,00016B5A,,NAM1,0,,,"Greetings, brother. How does the light find you this day?","안녕하시오, 자매여. 어쩌다가 빛을 찾아 이곳으로 오셨나?",record,False,False,False,False,,
Oblivion.esm,INFO,0001ACAC,,NAM1,0,,,"What are your orders, m'Lord?","무슨 분부이십니까, 폐하? ",record,False,False,False,False,,
Oblivion.esm,INFO,0001A799,,NAM1,0,,,"How may I serve you, Lord?","무슨 분부이십니까, 폐하?",record,False,False,False,False,,
Oblivion.esm,INFO,00040CB1,,NAM1,0,,,"One of your military minions was looking for you. It sounded urgent, but I'm afraid I don't know the details.","폐하의 군사들이 폐하를 만나뵙기를 청하더군요. 급한 모양이었습니다만, 상세한 것은 저도 잘 모르겠습니다.",record,False,False,False,False,,
Oblivion.esm,INFO,00078679,,NAM1,0,,,What a mess! I would prefer to speak in the palace. Shall we?,이런 난장판이! 성 안에서 말씀을 나눴으면 좋겠습니다만. 그러시겠습니까?,record,False,False,False,False,,
Oblivion.esm,INFO,00040CB2,,NAM1,0,,,"I don't mean to point out the obvious... but isn't that Jyggalag right over there? He doesn't look very pleased to find you here, does he?",굳이 뻔한 말씀을 드릴 생각은 아니었습니다만... 지갈랙(Jyggalag)이 바로 코앞에 있지 않습니까? 아무래도 폐하를 보고는 그다지 기뻐하는 것 같지 않군요.,record,True,True,False,False,HIGH,Jyggalag
Oblivion.esm,INFO,00040CB3,,NAM1,0,,,"If you're finding Jyggalag a bit overwhelming in person, you might consider using your Staff. It may prove effective in this battle.","지갈랙(Jyggalag)의 힘이 폐하를 뛰어넘는 듯 싶으니, 지팡이를 써 보십시오. 이번 전투에서 유용하게 쓰일 것입니다.",record,True,True,False,False,HIGH,Jyggalag
Oblivion.esm,INFO,00040CB4,,NAM1,0,,,It appears to me that Jyggalag is strengthened by these obelisks that are disfiguring the Palace lawn. Perhaps shutting them down would help?,정원의 미관을 망치는 이 오벨리스크로 부터 지갈랙(Jyggalag)이 힘을 받는 것으로 보입니다. 오벨리스크를 무력화시키면 도움이 될 듯 싶습니다만.,record,True,True,False,False,HIGH,Jyggalag
Oblivion.esm,INFO,00040CB5,,NAM1,0,,,It seems that you've finally gotten Jyggalag's full attention.,마침내 지갈랙(Jyggalag)을 이끌어 내셨군요.,record,True,True,False,False,HIGH,Jyggalag
Oblivion.esm,INFO,00040CB5,,NAM1,1,,,Cleansing the Tree seems to have convinced him that the direct approach was his only option.,나무를 원상태로 돌려놓음으로써 지갈랙(Jyggalag) 자신이 정면공격 할 수 밖에 없도록 만드신 듯 합니다.,record,True,True,False,False,HIGH,Jyggalag
Oblivion.esm,INFO,00040CB5,,NAM1,2,,,"I would congratulate you, but perhaps that should wait until after you've prevented Order from storming the Palace.","축하드리고 싶습니다만, 우선 성으로 돌격하는 Order의 군사들 부터 막아 내셔야 겠군요.",record,False,True,False,False,MEDIUM,Order
Oblivion.esm,INFO,00040CB6,,NAM1,0,,,Perhaps further conversation should wait until things are a bit more... relaxed? You seem to have your hands full at the moment.,아무래도 상황이 좀 더... 수습된 후에 나머지 말씀을 드리고 싶습니다만. 폐하께 상황이 벅차게 돌아가는 듯 하군요.,record,False,False,False,False,,
Oblivion.esm,INFO,0001A78C,,NAM1,0,,,"Ah, there you are. It seems that we have a... bit of a problem. It's the Font of Madness... no doubt you were on your way there just now.","아, 돌아오셨군요. 아무래도 문제가 좀.... 생긴 듯 합니다. 광기의 원천이.... 벌써 보신 모양이군요.",record,False,False,False,False,,
Oblivion.esm,INFO,0001A323,,NAM1,0,,,As I feared. The sickness is spreading through the Fountainhead.,걱정했던 대로 군요. 수원에 정화의 기운이 퍼지고 있습니다.,record,False,False,False,False,,
Oblivion.esm,INFO,0001A323,,NAM1,1,,,"Do not delay. If the Font of Madness itself becomes Ordered, all your victories over Jyggalag will have been in vain.","주저하시면 안됩니다. 광기의 근원지가 정화된다면, 지갈랙(Jiggalag)에 대한 전하의 승리는 전부 허사가 될 수 있습니다.",record,True,True,False,False,HIGH,Jiggalag
Oblivion.esm,INFO,0001A329,,NAM1,0,,,Your task is only half done. The Font will not be fully cleansed while Order pollutes one of the pools that feed it.,"전하의 임무는 절반의 성공일 뿐입니다. 샘의 원천이 되는 연못을 둘 다 되찾지 않는 한, 샘은 완전히 깨끗해 지지는 않을 겁니다.",record,False,False,False,False,,
Oblivion.esm,INFO,0001A32A,,NAM1,0,,,"You've done well. Already I can feel the Fountainhead renewing itself, flushing the taint of Order from its veins.",잘하셨습니다. 벌써 수원가 Order의 기운을 몰아내고 원래대로 돌아가는 게 느껴지는군요.,record,False,True,False,False,MEDIUM,Order
Oblivion.esm,INFO,00078975,,NAM1,0,,,"At this time, you have enough to go on. Now, get back to it!","이제 모든 조건이 충족되었으니, 어서 샘으로 가세요!",record,False,False,False,False,,
Oblivion.esm,INFO,00081BF7,,NAM1,0,,,Why did you come here? Why do you still do the bidding of that prattling fool?,여기에는 왜 온거냐? 어째서 아직도 그 말더듬이 멍청이를 섬기는 거지?,record,False,False,False,False,,
Oblivion.esm,INFO,00081BF7,,NAM1,1,,,"When I swore allegiance to Jyggalag, my eyes were opened.","지갈랙(Jyggalag) 폐하께 충성을 맹세하니, 새로운 시야가 열리더군.",record,True,True,False,False,HIGH,Jyggalag
Oblivion.esm,INFO,00081BF7,,NAM1,2,,,I saw who my true enemies were for the first time.,처음으로 내 진정한 적을 알아보게 되었지.,record,False,False,False,False,,
Oblivion.esm,INFO,00081BF7,,NAM1,3,,,Order's time has come. The Greymarch is upon you.,"이제 Order의 때는 왔고, 그레이마치(Greymarch)가 널 휩쓸 것이다.",record,True,True,False,False,HIGH,"Order, Greymarch"
Oblivion.esm,INFO,0008F7D1,,NAM1,0,,,Why did you come here? Why do you still do the bidding of that prattling madman?,여기에는 왜 온거냐? 어째서 아직도 그 말더듬이 멍청이를 섬기는 거지?,record,False,False,False,False,,
Oblivion.esm,INFO,0008F7D1,,NAM1,1,,,"When I bowed the knee to Jyggalag, my eyes were opened.","지갈랙(Jyggalag) 폐하께 충성을 맹세하니, 새로운 시야가 열리더군.",record,True,True,False,False,HIGH,Jyggalag
Oblivion.esm,INFO,0008F7D1,,NAM1,2,,,All that had come before - meaningless. Pointless frivolity.,예전의 모든 것들은 아무 의미 없는 것이었지.,record,False,False,False,False,,
Oblivion.esm,INFO,0008F7D1,,NAM1,3,,,"My lord Jyggalag has given me clarity, and purpose.",지갈랙(Jyggalag) 폐하께서는 내게 명쾌한 해답과 목표를 주셨다.,record,True,True,False,False,HIGH,Jyggalag
Oblivion.esm,INFO,0008F7D1,,NAM1,4,,,Order's time has come. The Greymarch is upon you.,"이제 Order의 때는 왔고, 그레이마치(Greymarch)가 널 휩쓸 것이다.",record,True,True,False,False,HIGH,"Order, Greymarch"
Oblivion.esm,INFO,00019ACB,,NAM1,0,,,"Now is not really the time for conversation, is it? I feel like I'm interrupting something.","지금, 회화하는 것은 맛이 없다고 생각합니다만? 방해가 되어 있는 생각이 듭니다.",record,False,False,False,False,,
Oblivion.esm,INFO,00019ACB,,NAM1,1,,,"Perhaps when you've finished your slaughtering and washed the blood off your hands, we can chat again.","학살을 끝내, 손에 붙은 피를 씻었을 때라도, 또 재차 이야기 합시다.",record,False,False,False,False,,
Oblivion.esm,INFO,00019ACC,,NAM1,0,,,"I wondered how long it would take before you needed my help. And here I am, at your service.","도대체 언제가 되면 당신이 나의 도움을 필요로 하는지 생각하고 있었습니다. 나는 여기에 내립니다, 무엇이든지.",record,False,False,False,False,,
Oblivion.esm,INFO,00019ACD,,NAM1,0,,,"Really, sir, you'll need to start thinking for yourself. It is one of the basic requirements of godhood.",이제 자신으로 생각하는 것이 필요한 것으로. 신인 것의 초보적인 조건의 1개이기 때문에.,record,False,False,False,False,,
Oblivion.esm,INFO,00019ACE,,NAM1,0,,,"Really, ma'am, you'll need to start thinking for yourself. It is one of the basic requirements of godhood.",이제 자신으로 생각하는 것이 필요한 것으로. 신인 것의 초보적인 조건의 1개이기 때문에.,record,False,False,False,False,,
Oblivion.esm,INFO,00012CC0,,NAM1,0,,,"Well, well. So you've experienced both shades of madness. Wonderful. You seemed fulfilled. Full of fill. Bursting at the seams. Seamless.","그래, 그래. 광기의 두 그림자를 경험해 봤겠지. 아주 훌륭해. 내 명령대로 잘 이행한것 같구만. 잘했네. Bursting at the seams. Seamless.",record,False,True,False,False,MEDIUM,"Bursting, at, the, seams, Seamless"
Oblivion.esm,INFO,00012CC0,,NAM1,1,,,"Now to the meat of your endeavor. The crux of the situation. The reason for your being here, and the likely cause of your death.","이제 본론으로 넘어갈까. 현재 상황의 핵심. 네가 여기 있는 이유이자, 네가 뒈질 이유기도 하지.",record,False,False,False,False,,
Oblivion.esm,INFO,0003E639,,NAM1,0,,,"Marvellous, marvellous! Self-immolation is a wonderful thing, isn't it? But now that we've had our fun, off to the Sacellum with you.","훌륭하다, 훌륭하다! 자기희생은 훌륭한 일이다. 하지만 지금은 너와 Sacellum에 나가는 것이 기다려지기 때문에.",record,False,True,False,False,MEDIUM,Sacellum
Oblivion.esm,INFO,0003E63A,,NAM1,0,,,I'm almost positive I sent you away to do something important. Cylarne... Flame... Great Torch. Yes... why are you here?,나는 무엇인가 중요한 일을 하도록(듯이) 너를 배웅했다고 거의 확신해 취하지만. Cylarne<0xA1><0xA6>Flame<0xA1><0xA6>Great Torch. 그렇다<0xA1><0xA6>왜 너는 여기에 있어?,record,False,True,False,True,HIGH,"Cylarne, Flame, Great, Torch"
Oblivion.esm,INFO,000400D9,,NAM1,0,,,"You've brought it! The holy Flame of Agnon, the fire of Inspiration and Rapture!","영감과 환희의 불, 애그넌(Agnon)의 성스러운 불꽃을 가져오셨군요!",record,True,True,False,False,HIGH,Agnon
Oblivion.esm,INFO,000400D9,,NAM1,1,,,"If you light the Great Torch on the Mania side of the Sacellum, you will be a hero to the people of Bliss, I assure you!",이곳 사셀럼(Sacellum)에 있는 매니아(Mania)의 봉화를 밝히시게 되면 블리스(Bliss) 사람들의 영웅이 될 것입니다!,record,True,True,False,False,HIGH,"Sacellum, Mania, Bliss"
Oblivion.esm,INFO,000400DA,,NAM1,0,,,"Are you ready to repent of your actions in Cylarne, and light the Great Torch for Mania?","Cylarne에 있어서의 당신의 행동을 참회 해, Mania를 위해서(때문에) Great Torch를 등불준비는 할 수 있었습니까?",record,False,True,False,False,MEDIUM,"Cylarne, Mania, Great, Torch"
Oblivion.esm,INFO,0008E615,,NAM1,0,,,"So, you've decided to light the Torch for Mania?","그래, 매니아의 봉화를 밝히기로 결정하셨습니까?",record,False,False,False,False,,
Oblivion.esm,INFO,000400DB,,NAM1,0,,,"Ahh! You burn with the purging Fire of Agnon, the flame of Truth, the flickering beacon of hope in the gloom of despond!","아! 낙심의 그늘에서 희망의 봉화가 명멸하듯이 당신의 몸에서 진실의 불꽃, 애그넌(Agnon)의 order의 불이 타오르고 있소!",record,True,True,False,False,HIGH,"Agnon, order"
Oblivion.esm,INFO,000400DB,,NAM1,1,,,"Come, light the Great Torch for Dementia. Illuminate the conspiracies! Deepen the shadows! The people of Crucible await their Hero!","오시오, 디멘시아(Dementia)의 봉화를 밝히시오. 어둠을 퍼뜨리고, 그림자를 더 짙게 만드시오. 크루서블(Crucible)의 백성들이 영웅을 기다리고 있소!",record,True,True,False,False,HIGH,"Dementia, Crucible"
Oblivion.esm,INFO,000400DC,,NAM1,0,,,It would be a truly Demented act to light the Great Torch with a Flame purchased with the blood of the Golden Saints.,골덴 세인트(Golden Saint)의 피로 점화된 불꽃으로 위대한 봉화에 불을 밝히는 것은 진실한 광기의 행동이오.,record,True,True,False,False,HIGH,"Golden, Saint"
Oblivion.esm,INFO,000400DC,,NAM1,1,,,"Come, light the Great Torch for Dementia!",와서 디멘시아(Dementia)의 위대한 봉화를 밝히시오!,record,True,True,False,False,HIGH,Dementia
Oblivion.esm,INFO,0008E616,,NAM1,0,,,"You'll uplift the poor, suffering folk of Dementia with the Flame, then?",불쌍하고 불행한 Dementia의 거주자를 격려해 주지 않겠습니까?,record,False,True,False,False,MEDIUM,Dementia
Oblivion.esm,INFO,00080644,,NAM1,0,,,Light the Great Torch! Let the flames proclaim the glory of Dementia across the realm!,Great Torch를 등불의 것입니다! Realm중에 Dementia의 영광의 불길을 알리게 합니다!,record,False,True,False,False,MEDIUM,"Great, Torch, Realm, Dementia"
Oblivion.esm,INFO,00080645,,NAM1,0,,,Light the Great Torch! Let the Maniacal dance of the flames blaze out across the realm!,Great Torch를 등불의 것입니다! Realm중에 열광적인 요등째 나무를 타오르게 합니다!,record,False,True,False,False,MEDIUM,"Great, Torch, Realm"
Oblivion.esm,INFO,000192E4,,NAM1,0,,,"Greetings, stranger. Are you here to help us drive the Mazken out of Cylarne?","처음 뵙겠습니다, 이방인이여. 사이란(Cylarn)에서 마즈켄(Mazken)을 몰아낼 수 있도록 우리를 도와주러 온 분이십니까?",record,True,True,False,False,HIGH,"Cylarn, Mazken"
Oblivion.esm,INFO,0001985D,,NAM1,0,,,What can I assist you with?,어떻게 도와드릴까요?,record,False,False,False,False,,
Oblivion.esm,INFO,00018C6B,,NAM1,0,,,"Finally, Lord Sheogorath has sent someone to assist me!",드디어 쉐오고라스(Sheogorath)폐하께서 날 도와주라고 사람을 보내셨구나!,record,True,True,False,False,HIGH,Sheogorath
Oblivion.esm,INFO,00018C6B,,NAM1,1,,,But where are my manners? Ahem... must get into my professional tone... ahem...,"이런, 이 무슨 무례한 ... 에헴.. 내 정신 좀 보게..",record,False,False,False,False,,
Oblivion.esm,INFO,00018C6B,,NAM1,2,,,"Welcome to Xedilian, I'm the dungeon caretaker, Kiliban Nyrandil.",시딜리안(Xedilian)에 오신 걸 환영합니다. 전 이곳을 책임지는 킬리반 니란딜(Kiliban Nyrandil) 이라 합니다.,record,True,True,False,False,HIGH,"Xedilian, Kiliban, Nyrandil"
Oblivion.esm,INFO,000131A8,,NAM1,0,,,Victory is ours! I have already selected a candidate for the honor of kindling the Altar of Rapture.,승리는 우리의 것입니다! 전 이미 환희의 제단을 밝히는 영광스런 제물이 되기로 결심했습니다.,record,False,False,False,False,,
Oblivion.esm,INFO,000131A8,,NAM1,1,,,I will now claim the honor of victory for myself here on the Altar of Despair.,이제 여기 절망의 제단에서 승리의 영광이 우리 것임을 선포하겠습니다.,record,False,False,False,False,,
Oblivion.esm,INFO,00012CC5,,NAM1,0,,,This is no place for a mortal. We are about to join battle against the Mazken. You'd best stand aside.,여기는 인간이 올 곳이 아니다. 우린 마즈켄(Mazken)에 대한 공격을 시작할 참이니 물러나 있는게 좋아.,record,True,True,False,False,HIGH,Mazken
Oblivion.esm,INFO,00012CC6,,NAM1,0,,,"Greetings, Emissary. We await your command.","안녕히, 사자전. 명령을.",record,False,False,False,False,,
Oblivion.esm,INFO,00043CD1,,NAM1,0,,,Those traps up ahead will cut my Aureals to pieces!,앞쪽에 있는 함정 때문에 제 병사들이 죽어가고 있습니다! ,record,False,False,False,False,,
Oblivion.esm,INFO,00043CD1,,NAM1,1,,,"But if you can get that gate near the bridge open, we can bypass their traps and meet them blade-to-blade!","사자께서 다리 근처의 문을 열어주실수만 있다면, 함정을 우회하여 놈들과 칼과 칼로 맞설 수 있습니다!",record,False,False,False,False,,
Oblivion.esm,INFO,00043CD1,,NAM1,2,,,We'll hold our position here until you get that gate open. May Sheogorath's madness guard and guide you!,문을 여실때까지 이곳 위치를 사수하겠습니다. 쉐오고라스(Sheogorath) 폐하의 광기가 당신을 지켜주고 보호해 주시기를.,record,True,True,False,False,HIGH,Sheogorath
Oblivion.esm,INFO,00043CD2,,NAM1,0,,,We can't advance until you get that gate open!,"군이 게이트를 열어 줄 때까지, 전진할 수 없다!",record,False,False,False,False,,
Oblivion.esm,INFO,00054B77,,NAM1,0,,,The Altar of Despair is ours! We'll hold our position here and cut the remaining Mazken to pieces when they try to retake it!,"Despair의 제단은 우리의 것이다! 우리는 이 몸의 자세를 유지해, 놈등이 탈환하러 왔을 때에 나머지의 Mazken를 뿔뿔이 흩어지게 새겨 준다!",record,False,True,False,False,MEDIUM,"Despair, Mazken"
Oblivion.esm,INFO,00012CC7,,NAM1,0,,,The time for speech is ended. Come!,말하는 시간은 벌써 마지막이다. 와라!,record,False,False,False,False,,
Oblivion.esm,INFO,0004013C,,NAM1,0,,,I'm disappointed in your choice. You'll find Mania to be a fickle friend.,당신 선택에 실망했소. 매니아(Mania)가 변덕스런 친구라는 것을 곧 알게 될 것이오.,record,True,True,False,False,HIGH,Mania
Oblivion.esm,INFO,0004013D,,NAM1,0,,,The Great Torch flares with the light of Dementia! All of Crucible will be celebrating tonight!,위대한 봉화가 디멘시아(Dementia)를 비추는 빛을 내뿜고 있소! 모든 크루서블(Crucible) 백성들은 오늘밤을 축하할 것이오!,record,True,True,False,False,HIGH,"Dementia, Crucible"
Oblivion.esm,INFO,0004013D,,NAM1,1,,,Here. Take this. The reward you have earned. Quickly now. It's best if no one knows you wear this.,이걸 받으시오. 당신의 것이요. 어서. 당신이 이걸 입었다는 것을 아무도 모르게 하는 것이 좋소. ,record,False,False,False,False,,
Oblivion.esm,INFO,0004013F,,NAM1,0,,,I'm disappointed in your choice. Why you would choose to honor the fetid madness of Dementia is beyond my understanding.,당신 선택에 실망했습니다. 어찌하여 디멘시아(Demetia)의 구린 광기를 선택했는지 나로서는 이해가 가지 않는군요.,record,True,True,False,False,HIGH,Demetia
Oblivion.esm,INFO,00040140,,NAM1,0,,,The Great Torch shines with the pure light of Mania! You chose well!,위대한 봉화에서 매니아(Mania)를 비추는 순수한 빛이 뿜어져 나오는군요! 잘 선택했습니다!,record,True,True,False,False,HIGH,Mania
Oblivion.esm,INFO,00040140,,NAM1,1,,,"In accordance with the ancient tradition, receive now the Raiment of Arden-Sul in honor of your mighty deed in service to Mania.","예로부터 전해오는 전통에 따라, 매니아(Mania)를 위해 이룬 업적에 대한 보답으로 아덴-술(Arden-Sul)의 의복을 드리겠습니다.",record,True,True,False,False,HIGH,"Mania, Arden-Sul"
Oblivion.esm,INFO,00077B23,,NAM1,0,,,"Dervenin, High Priest of Mania at your service. What brings you to this holy place on such a fine day?","Mania의 High Priest인, Dervenin가 용건을 받읍시다. 왜 이 개인 날에, 이 성스러운 땅을 방문하셨는지요?",record,False,True,False,False,MEDIUM,"Mania, High, Priest, Dervenin"
Oblivion.esm,INFO,00040141,,NAM1,0,,,You chose well. The Great Torch shines as a beacon of Mania to inspire and enflame all who gaze upon it!,"당신은 잘 선택했습니다. Great Torch는, 그것을 응시하는 것 모든 것을 분발게 해 타오르게 하기 (위해)때문에, Mania의 화톳불로서 빛나 빛납니다!",record,False,True,False,False,MEDIUM,"Great, Torch, Mania"
Oblivion.esm,INFO,00013656,,NAM1,0,,,Happy times! Happy days!,행복한 때를! 행복한 날들을!,record,False,False,False,False,,
Oblivion.esm,INFO,00077B24,,NAM1,0,,,What else can I help you with on this glorious day?,"이 영광스러운 날, 무엇을 도와드릴까요?",record,False,False,False,False,,
Oblivion.esm,INFO,00077B25,,NAM1,0,,,"Arctus, High Priest of Dementia. I'm here to guide those that wish to serve themselves. What did you require?",Dementia의 High Priest의 Arctus입니다. 바라는 분들에게 여기서 안내를 실시하고 있습니다. 무엇을 소망입니까?,record,False,True,False,False,MEDIUM,"Dementia, High, Priest, Arctus"
Oblivion.esm,INFO,0004013E,,NAM1,0,,,You chose well. The Great Torch shines with the luster of Dementia and the glory of Sheogorath.,잘 선택했습니다. Great Torch는 Dementia의 명성과 Sheogorath의 영광으로 빛납니다.,record,False,True,False,False,MEDIUM,"Great, Torch, Dementia, Sheogorath"
Oblivion.esm,INFO,00013659,,NAM1,0,,,How can I be of service?,조력할 수 있는 것은 있습니까?,record,False,False,False,False,,
Oblivion.esm,INFO,00077B26,,NAM1,0,,,What did you require?,무엇인가 필요했습니까?,record,False,False,False,False,,
Oblivion.esm,INFO,0008E62C,,NAM1,0,,,Um... did you know that you're on fire?,"<0xA1><0xA6>자신에게 불이 붙어, 깨닫고 있어 있고?",record,False,False,False,True,HIGH,
Oblivion.esm,INFO,0008E63D,,NAM1,0,,,The holy Flame of Agnon! You've brought it back to light the Great Torch of New Sheoth!,"Agnon의 성스러운 Flame! 당신은, New Sheoth의 Great Torch에 화를 등불유익 그것을 되돌려 주었다!",record,False,True,False,False,MEDIUM,"Agnon, Flame, New, Sheoth, Great, Torch"
Oblivion.esm,INFO,0008E653,,NAM1,0,,,"Ah, the Flame of Agnon shines again! Soon the Great Torch will flare with the pure light of Dementia!","아, Agnon의 Flame가 다시 빛나 빛난다! 곧바로도 Great Torch가 Dementia의 더러움 울어 빛으로 불타겠지요!",record,False,True,False,False,MEDIUM,"Agnon, Flame, Great, Torch, Dementia"
Oblivion.esm,INFO,0008E654,,NAM1,0,,,"Ah, you're the one who lit the Great Torch for us. Well done!","아, 당신은 저희들을 위해서(때문에) Great Torch에 화를 등불 한 분. 잘 해 주었습니다!",record,False,True,False,False,MEDIUM,"Great, Torch"
Oblivion.esm,INFO,0008E655,,NAM1,0,,,"Every time I see the Torch shining with the flame of Dementia, I blame you.","Torch가 Dementia의 불길로 빛나고 있는 것을 볼 때, 너를 비난 한다.",record,False,True,False,False,MEDIUM,"Torch, Dementia"
Oblivion.esm,INFO,0008E657,,NAM1,0,,,"You gave those Maniacs something to think about, lighting the Torch for us. Well done!",당신은 Maniac의 사람들에게 생각해야 할 무엇인가를 주어 우리를 위해서(때문에) Torch를 등불 해 주었다. 자주(잘) 했다!,record,False,True,False,False,MEDIUM,"Maniac, Torch"
Oblivion.esm,INFO,0008E658,,NAM1,0,,,"What were you thinking, lighting the Great Torch for Mania? For shame.",무슨 생각으로 매니아(Mania)의 Great Torch를 밝힌거요? 부끄럽소.,record,True,True,False,False,HIGH,"Mania, Great, Torch"
Oblivion.esm,INFO,0008EF2D,,NAM1,0,,,Order will rule this realm. It is foreordained.,Order가 이 나라를 통치할 것이다. 이것은 운명이다.,record,False,True,False,False,MEDIUM,Order
Oblivion.esm,INFO,0008EF2E,,NAM1,0,,,Madness always yields to the march of Order!,Madness는 항상 Order의 진군에 굴한다!,record,False,True,False,False,MEDIUM,"Madness, Order"
Oblivion.esm,INFO,0008EF2F,,NAM1,0,,,I prepare the way for my Lord Jyggalag.,나는 Lord Jyggalag를 위해서(때문에) 길을 준비합니다.,record,False,True,False,False,MEDIUM,"Lord, Jyggalag"
Oblivion.esm,INFO,00017D97,,NAM1,0,,,The battle is upon us. There is no time for conversation.,전투가 금방 시작될 겁니다. 말씀을 나눌 시간이 없습니다.,record,False,False,False,False,,
Oblivion.esm,INFO,00018C79,,NAM1,0,,,"The battle is upon us, this is no time for talk.",전투가 금방 시작될 겁니다. 말씀을 나눌 시간이 없습니다.,record,False,False,False,False,,
Oblivion.esm,INFO,0001EB98,,NAM1,0,,,We've managed to slow them down this time.,이번에도 적들을 막아낸 것 같습니다.,record,False,False,False,False,,
Oblivion.esm,INFO,0001EBC9,,NAM1,0,,,We've lost so many...,병사들을 너무 많이 잃었습니다...,record,False,False,False,False,,
Oblivion.esm,INFO,00017983,,NAM1,0,,,Perhaps this time we will have more than a few moment's rest.,아마 이번에는 한숨 돌릴 수 있을 것 같습니다.,record,False,False,False,False,,
Oblivion.esm,INFO,0001EBE0,,NAM1,0,,,"Every time it gets quiet, they come back stronger and in greater numbers.","전투가 시작될때 마다, 놈들은 더 많은 숫자로, 더 강해져서 돌아옵니다.",record,False,False,False,False,,
Oblivion.esm,INFO,00017979,,NAM1,0,,,"Head to Xeddefen, Your Grace. By your will, we shall hold this position.","제데펜(Xeddefen)으로 가십시오, 전하. 저희는 위치를 사수하겠습니다.",record,True,True,False,False,HIGH,Xeddefen
Oblivion.esm,INFO,0001EBEB,,NAM1,0,,,"Xeddefen is the goal, Your Grace. We will hold the town as long as we can.","제데펜(Xeddefen)이 최종목표입니다, 전하. 저희는 힘 닿는 데까지 마을을 사수해 보겠습니다.",record,True,True,False,False,HIGH,Xeddefen
Oblivion.esm,INFO,00017984,,NAM1,0,,,"Head to Xeddefen, Your Grace. We will hold this position.","제데펜(Xeddefen)이 최종목표입니다, 전하. 저희는 이 위치를 사수하겠습니다.",record,True,True,False,False,HIGH,Xeddefen
Oblivion.esm,INFO,0001EBEE,,NAM1,0,,,May the light and your mother's grace guide you to Xeddefen and the means to topple this menace.,"빛과 만물의 근원인 자비가, 당신을 Xeddefen로 이끌어, 위협을 타도하는 방법을 가리켜 주시도록.",record,False,True,False,False,MEDIUM,Xeddefen
Oblivion.esm,INFO,0001EBF0,,NAM1,0,,,You've survived! It... it cannot be!,살아계셨군요! 이럴수가!,record,False,False,False,False,,
Oblivion.esm,INFO,0001EBF1,,NAM1,0,,,"Your Grace, I bend my knee to you. How you survived the collapse, I cannot imagine.",전하 앞에 무릎을 꿇습니다. 그 난리 속에서 어떻게 생존하셨는지요. 전 상상도 못했습니다.,record,False,False,False,False,,
Oblivion.esm,INFO,00017986,,NAM1,0,,,You've survived! It is a miracle! Hail the warrior Duke of Mania!,"살아계셨군요! 이건 기적이야! 매니아(Mania)의 전사들이여, 환호하라!",record,True,True,False,False,HIGH,Mania
Oblivion.esm,INFO,0001EBF2,,NAM1,0,,,"By the light, how did you make it out of there?",어떻게 그곳에서 빠져나오신 겁니까?,record,False,False,False,False,,
Oblivion.esm,INFO,0001EBF3,,NAM1,0,,,Only a true warrior could have accomplished this task. The Aureals shall sing your story for eons to come.,진실한 전사만이 이 임무를 완수할 수 있었습니다. 저희 오리얼(Aureal)은 영원토록 전하의 승리를 노래할 것입니다.,record,True,True,False,False,HIGH,Aureal
Oblivion.esm,INFO,000181BB,,NAM1,0,,,It's... it's you! I remember you. What are you doing down here? How did you get past the Knights?,다... 당신이로군! 당신이 기억나요. 여기서 뭐하는 거요? 기사들은 어떻게 지나올수 있었지? ,record,False,False,False,False,,
Oblivion.esm,INFO,000181BB,,NAM1,1,,,"When they attacked, I ran from Passwall. They didn't say a word, they just started killing! The screams! By the staff, you can't imagine the screams!","놈들이 공격해 왔을때, 난 패스월(Passwall)에서 도망쳤죠. 놈들은 입도 뻥긋 안하더군. 그저 죽일뿐이었어요! 그 난무하던 비명! 신께 맹세코 당신은 그 비명소리를 상상도 못할거요.",record,True,True,False,False,HIGH,Passwall
Oblivion.esm,INFO,000181BB,,NAM1,2,,,"Felas and I slipped down here thinking that we'd be safe. But, no! We landed right in the middle of them!","펠라스(Fellas)와 난 안전할 거라 생각하고 이곳으로 숨어들어왔죠. 하, 안전 좋아하네! 거꾸로 놈들한테 둘러싸여 버린거요!",record,True,True,False,False,HIGH,Fellas
Oblivion.esm,INFO,000181BB,,NAM1,3,,,"Felas ran off with them and left me to die! Me! That ingrate! Disloyal cur! Imagine, leaving me here all alone!",펠라스(Fellas) 놈은 놈들과 함께 가버리고는 날 혼자 죽게 남겨놨어요! 나만! 그 배은망덕한 놈! 배신자 녀석! 여기 혼자 남았다고 상상해 봐요.,record,True,True,False,False,HIGH,Fellas
Oblivion.esm,INFO,000181BC,,NAM1,0,,,Can we get out of here?,여기서 나갈 수 있을 것 같나요?,record,False,False,False,False,,
Oblivion.esm,INFO,00043F3E,,NAM1,0,,,I'm going to stay here and help rebuild this place. These fools need me.,난 여기남아서 마을을 다시 세울거요. 그 바보들은 날 필요로 해니까. ,record,False,False,False,False,,
Oblivion.esm,INFO,00043F40,,NAM1,0,,,"Does Your Grace wish to be crushed to death, or do you merely find difficulty in locating the buttons and switches in these old ruins? ","전하께서는 바위에 깔려 죽고 싶으신 겁니까, 아니면 단순히 단추나 스위치를 찾지 못하고 계신 겁니까?",record,False,False,False,False,,
Oblivion.esm,INFO,00043F40,,NAM1,1,,,It seems only fair to warn Your Grace that those who came before often placed switches far from the door itself.,보통 스위치는 문에서 멀리 떨어지지 않은 곳에 있습니다.,record,False,False,False,False,,
Oblivion.esm,INFO,00043F40,,NAM1,2,,,"For what purpose, we've never exactly been sure. ",물론 언제나 그런 것은 아니지만요.,record,False,False,False,False,,
Oblivion.esm,INFO,0008E3A2,,NAM1,0,,,"Uhm, Your Grace... now doesn't seem to be the best time for conversation. Perhaps your survival should take precedence at the moment.","음, 전하... 지금은 대화를 나눌 때가 아닌 것 같습니다. 현재로서는 전하께서 살아남는게 우선입니다.",record,False,False,False,False,,
Oblivion.esm,INFO,00081E43,,NAM1,0,,,"Are you having trouble with the Obelisks, Your Grace?",오벨리스크 때문에 골치아프십니까?,record,False,False,False,False,,
Oblivion.esm,INFO,00081E44,,NAM1,0,,,"It would seem that the Fringe has come under attack. The longer you wait to investigate, the harder it will be for you to do as you are told.",외곽이 공격 받는 것 같습니다. 말씀하셨던 대로 더 이상 지체하시게 되면 상황은 점점 더 힘들어 질 것입니다.,record,False,False,False,False,,
Oblivion.esm,INFO,00081E45,,NAM1,0,,,It would seem that the forces of Order have moved very quickly.,Order의 군사들이 매우 빨리 진격하고 있는 듯 합니다.,record,False,True,False,False,MEDIUM,Order
Oblivion.esm,INFO,0001B081,,NAM1,0,,,News of your success in the Fringe precedes you. To further cement the victory I have an important task for you to perform.,섬 외곽에서 자네가 방어에 성공한 일이 벌써부터 귀에 들어오더구만. 이 승리를 더 확실히 굳혀야 하니 중요한 일 한가지를 또 해줘야겠네.,record,False,False,False,False,,
Oblivion.esm,INFO,0001B081,,NAM1,1,,,You will seek the assistance of Relmyna Verenim in Xaselm to rebuild the Gatekeeper. You remember the creature you killed to get in here? ,렐미나 베레님(Relmyna Verenim)이 자셀름(Xaselum)에서 문지기를 다시 만들어내고 있네. 자네는 그 여자를 도와줄 방법을 찾아보게. 이리로 오려고 자네가 죽여버렸던 그 괴물이 기억나나?,record,True,True,False,False,HIGH,"Relmyna, Verenim, Xaselum"
Oblivion.esm,INFO,0001B081,,NAM1,2,,,"With the Gatekeeper restored and Xedilian in operation, we won't have to worry about anything getting in. Things already here are another matter.","문지기가 되살아나고 시딜리안(Xedilian)이 제대로 돌아가면, 방어에는 신경쓸게 없다네. 문제는 또 다른 일이 닥쳤다는 것일세.",record,True,True,False,False,HIGH,Xedilian
Oblivion.esm,INFO,0001B081,,NAM1,3,,,You'll need to speak with Relmyna Verenim. She'll help you with your task. Strange woman. Has some unusual tastes.,렐미나 베레님(Relmyna Verenim)과 말을 나눠보게. 그녀가 자네일을 도와 줄걸세. 괴상한 취향에다 어딘가 좀 이상한 여자지.,record,True,True,False,False,HIGH,"Relmyna, Verenim"
Oblivion.esm,INFO,0001B081,,NAM1,4,,,"With that done, the Fringe should be secure. For now. I can feel things start to get a little hairy. And, not in the good way, like on your head.","그 일만 끝나면, 현재로서 외곽은 안전할걸세. 하지만 일이 조금씩 곤란해져 가는게 느껴진다네.",record,False,False,False,False,,
Oblivion.esm,INFO,00017CFA,,NAM1,0,,,No! The Wellspring!...,안돼! 수원(물이 나오는 근원지)이!...,record,False,False,False,False,,
Oblivion.esm,INFO,00017CFA,,NAM1,1,,,"They've stopped it up. You... you must make it to the Wellspring, and let the waters flow...",놈들이 수원(물이 나오는 근원지)을 막아버렸습니다. 전하...전하께서는 그리로 가셔서 다시 물이 흐르도록...,record,False,False,False,False,,
Oblivion.esm,INFO,0001ACC0,,NAM1,0,,,"Forgive me, but now is not a time for talk. We must reach the Wellspring with all possible haste. If it is damaged, we are lost.","용서하십시오, 하지만 말씀을 나눌 시간이 없습니다. 가능한한 빨리 수원(물이 나오는 근원지)으로 가야 합니다. 그곳을 잃게 되면, 저희는 패배하게 될 것입니다.",record,False,False,False,False,,
Oblivion.esm,INFO,0001CCF1,,NAM1,0,,,"Forgive me, but now is not a time for talk. We must reach the Wellspring with all possible haste. If it is damaged, we are lost.","용서하십시오, 하지만 말씀을 나눌 시간이 없습니다. 가능한한 빨리 원천으로 가야 합니다. 그곳을 잃게 되면, 저희는 패배하게 될 것입니다.",record,False,False,False,False,,
Oblivion.esm,INFO,00017469,,NAM1,0,,,"You have my thanks for freeing me, but... Just who are you?",구해줘서 고맙다. 그런데... 그대는 누구인가?,record,False,False,False,False,,
Oblivion.esm,INFO,00017CFB,,NAM1,0,,,"You have my thanks for freeing me, but... Just who are you?",구해줘서 고맙다. 그런데... 그대는 누구인가?,record,False,False,False,False,,
Oblivion.esm,INFO,0001E966,,NAM1,0,,,You must set me free!,날 여기서 꺼내줘!,record,False,False,False,False,,
Oblivion.esm,INFO,0001E966,,NAM1,1,,,"The barrier can't be broken by you. It's too tough... use the chime! Ring the chime, and that may shatter it!",벽이 너무 단단해서 당신의 힘으로는 부수지 못해. 종을 울려! 종을 울리면 벽이 부서지게 될거야!,record,False,False,False,False,,
Oblivion.esm,INFO,0001E967,,NAM1,0,,,You must set me free!,날 여기서 꺼내줘!,record,False,False,False,False,,
Oblivion.esm,INFO,0001E967,,NAM1,1,,,"The barrier can't be broken by you. It's too tough... use the chime! Ring the chime, and that may shatter it!",벽이 너무 단단해서 당신의 힘으로는 부수지 못해. 종을 울려! 종을 울리면 벽이 부서지게 될거야!,record,False,False,False,False,,
Oblivion.esm,INFO,0008F044,,NAM1,0,,,"I am yours to command, Your Grace.",분부에 따르겠습니다. 저하.,record,False,False,False,False,,
Oblivion.esm,INFO,00016ECB,,NAM1,0,,,We must find Dylora and free her!,다일로라를 찾아내어 구해야 합니다!,record,False,False,False,False,,
Oblivion.esm,INFO,00017CFC,,NAM1,0,,,"I am yours to command, Your Grace.",저는 전하의 것입니다. 분부에 따르겠습니다.,record,False,False,False,False,,
Oblivion.esm,INFO,00082471,,NAM1,0,,,Is Your Grace prepared to enter Brellach now? We cannot delay for long.,"저하, 브렐라흐로 들어가실 준비가 되셨습니까? 그리 오래 지체할 수는 없습니다.",record,False,False,False,False,,
Oblivion.esm,INFO,00016B37,,NAM1,0,,,Thank you for coming. I apologize for summoning you. The blame is mine.,와 주셔서 감사합니다. 감히 전하를 부르게 되다니 송구스러울 뿐입니다. 다 저의 죄입니다.,record,False,False,False,False,,
Oblivion.esm,INFO,00016B37,,NAM1,1,,,We've lost control of Pinnacle Rock. Syl let them in... We had no idea she would turn on us.,저희는 피나클 록을 잃었습니다. 실이 놈들을 들여보냈지요... 그녀가 저희에게 등을 돌리리라고는 상상도 못했습니다.,record,False,False,False,False,,
Oblivion.esm,INFO,00016B37,,NAM1,2,,,"They captured our commander, Dylora, and have her imprisoned somewhere inside. Our first priority must be rescuing her.",놈들은 지휘관이신 다일로라를 사로잡고는 안쪽 어딘가에 가둬놨습니다. 가장 먼저 할 일은 그녀를 구하는 것입니다.,record,False,False,False,False,,
Oblivion.esm,INFO,00017D0A,,NAM1,0,,,Thank you for coming. I apologize for summoning you. The blame is mine.,와 주셔서 감사합니다. 감히 전하를 부르게 되다니 송구스러울 뿐입니다. 다 저의 죄입니다.,record,False,False,False,False,,
Oblivion.esm,INFO,00017D0A,,NAM1,1,,,We've lost control of Brellach. Thadon let them in... We had no idea he would turn on us.,저희는 브렐락(Brellach)을 잃었습니다. 테이든(Thadon)이 놈들을 들여보냈지요. 그자가 저희에게 등을 돌리리라고는 상상도 못했습니다.,record,True,True,False,False,HIGH,"Brellach, Thadon"
Oblivion.esm,INFO,00017D0A,,NAM1,2,,,"They captured our commander, Staada, and have her imprisoned somewhere inside. Our first priority must be rescuing her.",놈들은 지휘관이신 스타다(Staada)를 사로잡고는 안쪽 어딘가에 가둬놨습니다. 가장 먼저 할 일은 그녀를 구하는 것입니다.,record,True,True,False,False,HIGH,Staada
Oblivion.esm,INFO,0001680F,,NAM1,0,,,"Your Grace, there is trouble! You must come quickly!","전하, 문제가 생겼습니다! 빨리 와주십시오!",record,False,False,False,False,,
Oblivion.esm,INFO,0008F514,,NAM1,0,,,"You should be off like the wind, solving problems and doing good deeds!",바람처럼 떠나게. 문제를 해결하고 좋은 일을 하게! ,record,False,False,False,False,,
Oblivion.esm,INFO,0008F514,,NAM1,1,,,"And if not good deeds, then deeds of a sort. Strongholds to save, and Daedra to rescue. That sort of thing. Now get going.","그애들의 고향땅을 되찾아 주고, 데이드라(Daedra)를 구하는 그런 일 말일세. 어서 가봐.",record,True,True,False,False,HIGH,Daedra
Oblivion.esm,INFO,00081A53,,NAM1,0,,,"This is a particularly exciting turn of events, is it not?","굉장히 흥미로운 상황의 전환 아닌가, 안그래?",record,False,False,False,False,,
Oblivion.esm,INFO,00081A53,,NAM1,1,,,"A perfect job for you, my newest and only Noble in the realm! If Order has entered my army's stronghold, things have taken a disturbing turn.","내 영토에 남은 유일한 귀족이자 신임 귀족인 자네에게 딱 맞는 일일세. Order의 군사(Army of Order)들이 내 수하들의 근거지로 쳐들어 갔다면, 일이 꽤나 골치아파 진 걸세.",record,True,True,False,False,HIGH,"Order, Army, of, Order"
Oblivion.esm,INFO,00081A53,,NAM1,2,,,It means Order has tried subterfuge... not its strong suit. Amazing! Perhaps things aren't going as poorly as I'd imagined.,놈들이 어떤 속임수를 쓰는 모양인데... 놈들에게 어울리는 일이 아니야. 일이 생각했던 것 보다는 쉬울 것 같군 그래.,record,False,False,False,False,,
Oblivion.esm,INFO,00081A53,,NAM1,3,,,"You'll want to get all the details from the messenger. Unless you already have. You haven't, have you?","상황을 모른다면 전령에게서 자세한 이야기를 들어봐야 겠지. 벌써 들은건가, 아닌가?",record,False,False,False,False,,
Oblivion.esm,INFO,0008F046,,NAM1,0,,,"I exist to serve, Your Grace.","명을 받들고자 합니다, 전하.",record,False,False,False,False,,
Oblivion.esm,INFO,0008F048,,NAM1,0,,,"I exist to serve, Your Grace.","명을 받들고자 합니다, 저하.",record,False,False,False,False,,
Oblivion.esm,INFO,0008F049,,NAM1,0,,,"Your Grace must assist us, or we could be lost to this Realm.","저하께서 저희를 지원해 주시지 않으면, 저희는 패하고 말 것입니다.",record,False,False,False,False,,
Oblivion.esm,INFO,0008F04D,,NAM1,0,,,"Your Grace must assist us, or we could be lost to this Realm.","저하께서 저희를 지원해 주시지 않으면, 저희는 패하고 말 것입니다.",record,False,False,False,False,,
Oblivion.esm,INFO,0001A80C,,NAM1,0,,,"Time passes, and still you are here. Perhaps you do not wish to play the role that has been forced upon you? ","시간은 흐르는데, 전하는 아직 여기 계시는군요. 전하의 앞에 놓인 운명에 따르고 싶지 않은 모양이군요. ",record,False,False,False,False,,
Oblivion.esm,INFO,00014B6B,,NAM1,0,,,"I have been waiting for you, Your Grace. This day, as all days before and after, is well known to me. There are no surprises to Dyus of Mytheria.","기다리고 있었습니다, 전하. 전 여태껏 벌어진 일들을 전부 잘 알고 있습니다. 저 미세리아(Mytheria)의 다이우스(Dyus)에게 놀라움이란 없습니다.",record,True,True,False,False,HIGH,"Mytheria, Dyus"
Oblivion.esm,INFO,00014B6B,,NAM1,1,,,Sheogorath has fallen and you seek the means to foil the machinations of the Prince of Order. You seek the Throne of Madness.,"쉐오고라스는 사라졌고, 전하께서는 Order의 왕자(Order of Prince)를 막아낼... 즉, 광기의 왕좌를 얻을 방법을 찾고 계시리라 믿습니다.",record,True,True,False,False,HIGH,"Order, Order, of, Prince"
Oblivion.esm,INFO,00014B6B,,NAM1,2,,,"However, no mortal may sit upon the throne without the staff. So here you are in my prison, seeking to supplant the one who placed me here.","하지만, 지팡이 없이는 그 어떤 인간도 왕좌에 앉을 수는 없습니다. 그래서 여기 저의 감옥으로 오셔서 절 가두어놓은 자를 대신할 방법을 찾고 계신 것이겠지요.",record,False,False,False,False,,
Oblivion.esm,INFO,00014B6B,,NAM1,3,,,"If you wish to take the place of Sheogorath, then ask me what you will.","쉐오고라스(Sheogorath)를 대신하고 싶으시다면, 제게서 그 방법을 구해보시지요.",record,True,True,False,False,HIGH,Sheogorath
Oblivion.esm,INFO,000167DB,,NAM1,0,,,Again we cross paths.,또 마주쳤네요. Again we cross paths.,record,False,True,False,False,MEDIUM,"Again, we, cross, paths"
Oblivion.esm,INFO,00016573,,NAM1,0,,,How can I help you this fine day?,오늘 날씨 참 좋군요. 무엇을 도와 드릴까요?,record,False,False,False,False,,
Oblivion.esm,INFO,000167E6,,NAM1,0,,,"Ah, you again! A pleasure, I'm sure. No time for chatter now; I have a few important things to attend to, or did I? Ah well...","아, 또 자네로군! 만나서 반가워. 지금은 말을 나눌 새가 없네. 몇가지 중요한 볼일이 있거든. 아까 다 해봤던가? 아 음....",record,False,False,False,False,,
Oblivion.esm,INFO,00016E95,,NAM1,0,,,"Wondering why I let her go, aren't you? I can see it in your face. Mostly in the eyes. I may take those from you when this is done.",왜 실(Syl)을 그냥 보내줬는지 궁금하겠지? 자네 얼굴에 의혹이 씌여있구만 . 특히 눈에서. 이 모든 일이 끝나면 그 의혹이 사라지게 해 주겠네. ,record,True,True,False,False,HIGH,Syl
Oblivion.esm,INFO,00016E95,,NAM1,1,,,"This has never happened before! The ruler of Dementia turning traitor? Unprecedented! I've seen others defect, but never a Duke!",전에는 이런 일이 절대 없었네. 디멘시아(Dementia)를 지배하는 자가 배신을 해?  전례없는 일이야! 하지만 변화는 좋은 것이지. 아주 좋은 경향이라네.,record,True,True,False,False,HIGH,Dementia
Oblivion.esm,INFO,00016E95,,NAM1,2,,,Maybe we're on to something here. We'll see how it plays out. It can't be worse than what's happened before.,우리는 일이 이리 되리라 이미 알고 있었을지도 모르네. 일이 어떻게 돌아갈지 지켜 보세나. 전보다야 나빠지겠나.,record,False,False,False,False,,
Oblivion.esm,INFO,00016E96,,NAM1,0,,,"You've done it! The Ritual is complete, and you've survived! A shame about Thadon, but it's how he would have wanted to go. Now, on to other...",해냈구만 그래! 의식은 끝나고 자네는 살아남았네! 테이든(Thadon)이 안스럽네만 그 사람도 아마 그렇게 가길 바랬을 것이네. 이제 다른...,record,True,True,False,False,HIGH,Thadon
Oblivion.esm,INFO,00016E9E,,NAM1,0,,,You have things to do. Talking to me isn't one of them.,자네는 할 일이 있지 않은가. 이야기는 나중에 하세.,record,False,False,False,False,,
Oblivion.esm,INFO,0003160B,,NAM1,0,,,Happy times! Happy days!,행복한 나날이 계속되기를!,record,False,False,False,False,,
Oblivion.esm,INFO,0007DBFF,,NAM1,0,,,Once again has the Ritual of Accession come full circle!,다시 한번 계승의 의식이 완료되었습니다! ,record,False,False,False,False,,
Oblivion.esm,INFO,0007DBFF,,NAM1,1,,,"The Blood of Thadon has been consumed by Arden-Sul's will, and all of Mania welcomes you with open arms.",아덴-술(Arden-Sul)의 의지가 테이든(Thadon) 공작의 피를 삼켜버렸습니다. 모든 매니아(Mania) 사람들은 두 팔을 활짝열고 당신을 환영할 것입니다.,record,True,True,False,False,HIGH,"Arden-Sul, Thadon, Mania"
Oblivion.esm,INFO,0007DBFF,,NAM1,2,,,I now declare you Duchess of Mania of the Shivering Isles! May your light shine upon all our happiest days.,난 당신을 매니아(Mania)의 공작으로 선포합니다! 행복으로 가득찬 앞날에 빛이 함께하기를.,record,True,True,False,False,HIGH,Mania
Oblivion.esm,INFO,00016EA6,,NAM1,0,,,Once again has the Ritual of Accession come full circle!,다시 한번 계승의 의식이 완료되었습니다!,record,False,False,False,False,,
Oblivion.esm,INFO,00016EA6,,NAM1,1,,,"The Blood of Thadon has been consumed by Arden-Sul's will, and all of Mania welcomes you with open arms.",아덴-술(Arden-Sul)의 의지가 테이든(Thadon) 공작의 피를 삼켜버렸습니다. 모든 매니아(Mania) 사람들은 두 팔을 활짝열고 당신을 환영할 것입니다.,record,True,True,False,False,HIGH,"Arden-Sul, Thadon, Mania"
Oblivion.esm,INFO,00016EA6,,NAM1,2,,,I now declare you Duke of Mania of the Shivering Isles! May your light shine upon all our happiest days.,난 당신을 매니아(Mania)의 공작으로 선포합니다! 행복으로 가득찬 앞날에 빛이 함께하기를.,record,True,True,False,False,HIGH,Mania
Oblivion.esm,INFO,00031613,,NAM1,0,,,You've made your choice and forsaken the name Arden-Sul. I have no wish to speak to you.,당신은 아덴-술(Arden-Sul)의 이름을 저버리는 선택을 했소. 당신하고는 말하고 싶지 않소.,record,True,True,False,False,HIGH,Arden-Sul
Oblivion.esm,INFO,00016EAA,,NAM1,0,,,Sheogorath sent for me and I have arrived. That's all I know.,쉐오고라스(Sheogorath)님께서 절 찾으시기에 왔습니다. 제가 아는 한 말입니다.,record,True,True,False,False,HIGH,Sheogorath
Oblivion.esm,INFO,0007B498,,NAM1,0,,,There's no need to mourn. The Ritual has begun! Be happy!,풀죽을 필요없죠. 의식이 시작되었으니 축하해야죠! ,record,False,False,False,False,,
Oblivion.esm,INFO,0006A8AD,,NAM1,0,,,"What can I do for you on this fine, fine day?",무엇을 도와 드릴까요?,record,False,False,False,False,,
Oblivion.esm,INFO,000915C2,,NAM1,0,,,"Well done. I suppose you deserve your new post. Now, if only you stay alive long enough to enjoy it....",좋아요. 저는 당신의 새 직위가 괜찮다고 생각합니다. 이제 이곳에 충분히 오랫동안 머물러서 즐기셨으면 좋겠네요.,record,False,False,False,False,,
Oblivion.esm,INFO,000915C6,,NAM1,0,,,"Well? What are you waiting for? You have the blood, and the altar awaits.",음? 무엇을 기다리십니까? 당신은 피를 가지고 제단에서 기다리십시오.,record,False,False,False,False,,
Oblivion.esm,INFO,00091628,,NAM1,0,,,"Ugh. How messy. Well, now that you possess Thadon's drug-tainted blood, I'd make my way to the Sacellum as soon as possible.","음, 어지럽군요. 좋아요, 이제 당신이  새든(Thadon)의 더러운 피로 된 약을 얻게 되면 전 가능한대로 사셀럼(Sacellum)으로 가겠습니다.",record,True,True,False,False,HIGH,"Thadon, Sacellum"
Oblivion.esm,INFO,00091628,,NAM1,1,,,Lord Sheogorath doesn't like to be kept waiting.,쉐오고라스왕(Lord Shegorath)께선 기다리는 걸 좋아하지 않습니다.,record,True,True,False,False,HIGH,"Lord, Shegorath"
Oblivion.esm,INFO,00091757,,NAM1,0,,,Do I have to tell you everything?,제가 당신에게 모든 걸 말해야 합니까?,record,False,False,False,False,,
Oblivion.esm,INFO,00091757,,NAM1,1,,,"You need his blood, so take it! ",당신은 그의 피가 필요하니 손에 넣어야합니다! ,record,False,False,False,False,,
Oblivion.esm,INFO,00091763,,NAM1,0,,,"You've done it! Color me impressed. On second thought, don't. I like what I'm wearing.",당신이 해내야 합니다! 저를 감동시키십시오. 다시 생각해보니 안되겠습니다. 저는 입는 것을 좋아합니다.,record,False,False,False,False,,
Oblivion.esm,INFO,00091763,,NAM1,1,,,"All that remains is to watch the soon to be late Thadon eat his food and smile with glee as his heart goes ""boom.""","모두 남아서 새든(Thadon)이 음식을 먹고 즐기다 그의 심장이 ""폭팔""하는 것을 지켜봅니다.",record,True,True,False,False,HIGH,Thadon
Oblivion.esm,INFO,00091763,,NAM1,2,,,Dinner is promptly at 8 o'clock and those who are late don't get Alocasia Fruit Cup!,저녁은 8시 정각에 시작하고 늦은 사람은 알로카시아(Alocasia Fruit Cup)의 과일 컵을 받을 수 없습니다!,record,True,True,False,False,HIGH,"Alocasia, Fruit, Cup"
Oblivion.esm,INFO,000917C9,,NAM1,0,,,"Choices, choices. Well, now that you've liberated some Greenmote from the Silo, you need to add it to Thadon's food and wine.","고르세요, 골라요. 음, 당신은 그린모트(Greenmote)를 창고(Silo)에서 꺼내 그것을 새든의 음식과 와인에 부을 필요가 있습니다.",record,True,True,False,False,HIGH,"Greenmote, Silo"
Oblivion.esm,INFO,000917C9,,NAM1,1,,,"The kitchens are a good place to start, but they are deep in his quarters guarded by more Saints.",부엌은 시작하기 좋은 장소지만 그들은 세인트들(Saints)로부터 지나치게 감시받고 있습니다.,record,True,True,False,False,HIGH,Saints
Oblivion.esm,INFO,000917C9,,NAM1,2,,,"So once again you have choices; to sneak or to kill. Be cautious, these Saints are some of his most elite.",그래서 당신에게는 다시 한 번의 선택이 주어집니다.,record,False,False,False,False,,
Oblivion.esm,INFO,000917CA,,NAM1,0,,,Watch your step in the Silo. Thadon doesn't want just anyone traipsing through there.,창고(Silo)에선 발 조심하세요. 새든(Thadon)은 어느 누구도 그곳을 함부로 지나가는 것을 원치 않습니다.,record,True,True,False,False,HIGH,"Silo, Thadon"
Oblivion.esm,INFO,000917CA,,NAM1,1,,,You can count on the presence of the Golden Saints to defend his impressive store of Greenmote.,당신은 그린모트(Greenmote)의 창고를 지키는 것에 대해 골든 세인트들(Golden Saints)에게 의지할 수 있습니다.,record,True,True,False,False,HIGH,"Greenmote, Golden, Saints"
Oblivion.esm,INFO,000917CA,,NAM1,2,,,"You can try to sneak by them or you may elect to eliminate them, but the latter is hardly the way of Mania, now is it?",당신은 그들 몰래 숨을 수도 있고 그들을 제거할 수도 있지만 그건 이제 거의 매니아들(Mania)의 방법이 아닙니까?,record,True,True,False,False,HIGH,Mania
Oblivion.esm,INFO,00091881,,NAM1,0,,,"So it's Greenmote you need, eh? Well, I think it's fairly clear who knows where that powdery substance is stored.","그래서 당신에게 그린모트(Greenmote)가 필요합니다, 에? 음, 제 생각엔 그 가루투성이의 재료들이 어디 보관되어 있는지 안다면 잘 풀릴거라 생각합니다.",record,True,True,False,False,HIGH,Greenmote
Oblivion.esm,INFO,00091881,,NAM1,1,,,Follow Wide-Eye. I think she mentioned an errand she runs? That would be your best bet.,따라오십시오. 와이드-아이(Wide-Eye). 그녀는 임무에 대해 말하던 거 같던데 그녀가 도망쳤습니까? 그게 당신에겐 최고의 상황이라 볼 수도 있겠죠.,record,True,True,False,False,HIGH,Wide-Eye
Oblivion.esm,INFO,000918D4,,NAM1,0,,,Confused already? How very disappointing.,벌써 혼란했습니까? 무려 아무튼 기대에 못미쳐서 짊어진다.,record,False,False,False,False,,
Oblivion.esm,INFO,000918D4,,NAM1,1,,,"If I were you, and thank Sheogorath that I'm not, I would begin with the people who spend their day closest to Thadon.","만약 내가 당신이라면, 그렇지 않은 것을 Sheogorath님이 감사합니다만, Thadon의 옆에서 날마다를 보내고 있는 사람들로부터 시작하겠지요.",record,False,True,False,False,MEDIUM,"Sheogorath, Thadon"
Oblivion.esm,INFO,00013599,,NAM1,0,,,What? Do you have business in the House of Dementia?,디멘시아(Demetia) 성에 무슨 볼일이요?,record,True,True,False,False,HIGH,Demetia
Oblivion.esm,INFO,00043E22,,NAM1,0,,,Why do you approach the Duchess of Dementia? Do you seek death?,"감히 나, 디멘시아(Demetia)의 공작부인에게 접근하다니 죽고 싶은가 보지?",record,True,True,False,False,HIGH,Demetia
Oblivion.esm,INFO,0001ACD0,,NAM1,0,,,I'm only talking to you out of loyalty to Sheogorath. Otherwise I'd cut you open and pull all your insides out.,나는 Sheogorath님에게로의 충성심으로부터 당신과 이야기하고 있을 뿐입니다. 아주 없으면 당신을 열어 내용을 끌기 시작하고 있는 원.,record,False,True,False,False,MEDIUM,Sheogorath
Oblivion.esm,INFO,00013566,,NAM1,0,,,Yes? What do you want? Out with it!,네? 당신은 무엇을 요구해? 분명히 없음 있고!,record,False,False,False,False,,
Oblivion.esm,INFO,00081DA7,,NAM1,0,,,"No way! I'm never talking to you, ever again! After she found out what I told you... she... she... you have no idea what Pain is until she... she...",싫어요! 당신하고 다시는 말하지 않을래요! 렐미나(Relmina)님이 당신한테 이야기 해준 걸 아시더니... 그분이.. 그분이... 내가 얼마나 고통을 당했는지 당신은 모를거에요.,record,True,True,False,False,HIGH,Relmina
Oblivion.esm,INFO,00081DA7,,NAM1,1,,,Just leave me alone -- go away!,날 내버려둬요! 가라구요! ,record,False,False,False,False,,
Oblivion.esm,INFO,00081DA8,,NAM1,0,,,The Gatekeeper walks again. This is good. Now maybe Relmyna will be in a better mood around here.,Gatekeeper가 또 걷고 있어요. 이것은 좋은 일이군요. 지금은 아마 Relmyna는 이 근처에서 좋은 기분으로 있겠지요.,record,False,True,False,False,MEDIUM,"Gatekeeper, Relmyna"
Oblivion.esm,INFO,00081DA8,,NAM1,1,,,Did you hear that? Oh boy...,지금이 들었어? 싫구나<0xA1><0xA6>.,record,False,False,False,True,HIGH,
Oblivion.esm,INFO,00081DA9,,NAM1,0,,,You are here to help rebuild the Gatekeeper. That is very good of you... considering what you did to him.,당신은 Gatekeeper를 복원하는 심부름을 하기 위해서 여기에 있어. 당신에게 있어 매우 좋은 일이야<0xA1><0xA6>그로 한 일을 생각하자면.,record,False,True,False,True,HIGH,Gatekeeper
Oblivion.esm,INFO,00081DA9,,NAM1,1,,,"So many strange noises here. People screaming, animals dying. But I've learned so much... so much.",여기에서는 이상한 소리가 많아요. 사람들의 큰 소리로 외치는 소리나 동물이 죽는 소리. 그렇지만 나는 많이 배웠어요<0xA1><0xA6>많구나.,record,False,False,False,True,HIGH,
Oblivion.esm,INFO,00081DB1,,NAM1,0,,,Be careful of Relmyna's temper. She... she has ways of extracting obedience.,Relmyna의 기분에는 주의해. 그녀<0xA1><0xA6>그녀는 복종을 꺼내는 수단을 가져.,record,False,True,False,True,HIGH,Relmyna
Oblivion.esm,INFO,0007893C,,NAM1,0,,,I don't think I can render any assistance until you hear Lord Sheogorath out. Do pay close attention.,쉐오고라스(Sheogorath) 폐하의 말씀을 전부 들어보시기 전까지는 도움을 드리기 힘들 것 같습니다. 귀기울여 듣도록 하세요.,record,True,True,False,False,HIGH,Sheogorath
Oblivion.esm,INFO,0001E3FF,,NAM1,0,,,You've been speaking to Thadon. I can tell. He has a certain... effect on people.,테이든(Thadon)과 이야기하고 왔나보군요. 분명해요. 그는 확실히...... 영향력있는 사람이지요.,record,True,True,False,False,HIGH,Thadon
Oblivion.esm,INFO,0001E3FF,,NAM1,1,,,"Did he mention me, perhaps? Or was there something else you wanted to discuss?",아마 내 이야기도 했을텐데요? 아니면 다른 일을 상의했었나요?,record,False,False,False,False,,
Oblivion.esm,INFO,0001E400,,NAM1,0,,,"Yes? How may I assist you? I'd be happy to help, if helping you means helping Thadon.",응? 어떻게 도와줄까요? 테이돈(Thadon)돕는걸 말한다면 기쁘게 도와줄수 있을거에요.,record,True,True,False,False,HIGH,Thadon
Oblivion.esm,INFO,0001A11E,,NAM1,0,,,No. Go away. I'm not here.,안돼요. 저리가요. 난 여기 없는 거예요.,record,False,False,False,False,,
Oblivion.esm,INFO,0001A11F,,NAM1,0,,,Stay away! You don't know! You can't know! It's in there! It'll kill us all!,내게서 떨어져요! 당신은 몰라! 모를 수 밖에 없어! 그게 저 안에 있어요! 그게 우리 모두를 죽일거야!,record,False,False,False,False,,
Oblivion.esm,INFO,000131D4,,NAM1,0,,,"Yes, hatchling? Do you seek Thadon?","그래, 애송이? 테이돈(Thadon)을 찾나?",record,True,True,False,False,HIGH,Thadon
Oblivion.esm,INFO,000131D5,,NAM1,0,,,How can I help you... Sir? Miss? You all look alike to me. It's so hard to tell. Are you here to see Thadon?,뭘 도와드릴까요? 남성분인가? 아니면 여성분인가? 나한테는 어느쪽이든지 다 똑같아 보이네요. 왜 그런지는 설명드리기 힘들어요. 테이든(Thadon)을 만나보러 왔나요?,record,True,True,False,False,HIGH,Thadon
Oblivion.esm,INFO,000192E5,,NAM1,0,,,You've served Sheogorath well. Farewell. I go now to kindle the Altar of Despair.,군은 Sheogorath님의 훌륭한 종자다. 능숙해. 이제 Despair의 제단을 점화하러 가지 않으면.,record,False,True,False,False,MEDIUM,"Sheogorath, Despair"
Oblivion.esm,INFO,000192E6,,NAM1,0,,,Kill the Aureals. Don't stop until every last one of them is dead.,오리얼(Aureal)을 죽이십이오. 마지막 한놈이 죽을때까지 멈추지 마십시오.,record,True,True,False,False,HIGH,Aureal
Oblivion.esm,INFO,000131A9,,NAM1,0,,,Victory is ours! I have already instructed my subordinates to kindle the Altar of Rapture.,승리는 우리의 것입니다! 이미 제 수하들에게 절망의 제단을 밝힐 준비를 하라 일렀습니다.,record,False,False,False,False,,
Oblivion.esm,INFO,000131A9,,NAM1,1,,,It is my honor to sacrifice myself on the Altar of Despair at Lord Sheogorath's command.,쉐오고라스(Sheogorath) 폐하의 명에 따라 절망의 제단에서 제 자신을 희생할수 있다니 영광스러울 뿐입니다.,record,True,True,False,False,HIGH,Sheogorath
Oblivion.esm,INFO,000192E7,,NAM1,0,,,You've served Sheogorath well. Farewell. I go now to kindle the Altar of Despair.,사자께서는 쉐오고라스 폐하(Sheogorath)을 훌륭하게 섬기시는군요. 안녕히. 저는 이제 절망의 제단의 불을 밝히겠습니다.,record,True,True,False,False,HIGH,Sheogorath
Oblivion.esm,INFO,000131B1,,NAM1,0,,,"Begone, mortal, or you will soon find yourself between the Mazken and their prey. A most dangerous place to be.","사라지거라, 인간이여. 그렇지 않으면 마즈켄(Mazken)과 그 희생물 사이에 있는 자신을 발견하게 될 것이다. 곧 이곳은 위험해 질 것이다.",record,True,True,False,False,HIGH,Mazken
Oblivion.esm,INFO,000131C2,,NAM1,0,,,I am honored to assist Lord Sheogorath's emissary.,쉐오고라스(Sheogorath) 폐하의 사자를 돕게 되니 영광입니다.,record,True,True,False,False,HIGH,Sheogorath
Oblivion.esm,INFO,00018F8A,,NAM1,0,,,A mortal wandering the halls of holy Cylarne... and a male no less. Explain yourself.,신성한 Cylarne의 객실을 배회하고 있는 정명의 사람<0xA1><0xA6>그것도 남자. 설명받을까.,record,False,True,False,True,HIGH,Cylarne
Oblivion.esm,INFO,00018F8C,,NAM1,0,,,What is your business here?,이곳은 무슨 일로 왔는가?,record,False,False,False,False,,
Oblivion.esm,INFO,00018F96,,NAM1,0,,,Your betrayal of the Aureals was a strategem worthy of one of my own people! Victory by means of treachery is the sweetest kind.,Aureal에의 당신의 배반은 우리 동료의 사람에 적합한 전략이었습니다! 배반에 의한 승리는 가장 기분이 좋은 것입니다.,record,False,True,False,False,MEDIUM,Aureal
Oblivion.esm,INFO,00018F97,,NAM1,0,,,Your name will be hailed whenever we toast this day's victory in our halls at Pinnacle Rock.,"피나클 록(Pinnacle Rock)에 있는 저희들의 회당에서 오늘의 승리를 축하할때 마다, 당신의 이름을 소리높여 외칠 것입니다.",record,True,True,False,False,HIGH,"Pinnacle, Rock"
Oblivion.esm,INFO,00018F86,,NAM1,0,,,"You served out the Mazken with their own medicine. Not the most glorious victory, perhaps, but Cylarne is ours at last thanks to you.","당신은 Mazken가 보복을 구근무했습니다. 아마 가장 훌륭한 승리가 아닙니다만, Cylarne는 당신의 덕분에 마침내 우리의 것입니다.",record,False,True,False,False,MEDIUM,"Mazken, Cylarne"
Oblivion.esm,INFO,00018F87,,NAM1,0,,,"Thanks to you, the Mazken have been utterly defeated!","감사합니다, 마즈켄(Mazken)을 완전히 패배시켰습니다.",record,True,True,False,False,HIGH,Mazken
Oblivion.esm,INFO,00054FA0,,NAM1,0,,,Help us hold the Altar against the Mazken's counterattack!,Mazken의 반격에 대해서 제단을 지키는 우리를 도와 주세요!,record,False,True,False,False,MEDIUM,Mazken
Oblivion.esm,INFO,00012D08,,NAM1,0,,,My betrothed! I must save her!,내 약혼녀를 구해야만 해요!,record,False,False,False,False,,
Oblivion.esm,INFO,00012D0A,,NAM1,0,,,Please! I must find my betrothed!,제발! 내 약혼녀를 찾아야 해요!,record,False,False,False,False,,
Oblivion.esm,INFO,0001B682,,NAM1,0,,,My betrothed is gone! I cannot live without her. I only hope I can take a Fanatic with me.,내 약혼녀가 죽었어요! 난 그녀 없이는 살 수가 없어요. 파나틱(Fanatics)인 한 명 이라도 끌고 가야겠습니다.,record,True,True,False,False,HIGH,Fanatics
Oblivion.esm,INFO,00012D11,,NAM1,0,,,"Power! I need power! Unless you can give me the magicka to help these soldiers, get out of my way.","힘! 힘이 필요해! 아 병사들을 도울 수 있게 내게 매지카를 줄 능력이 없다면, 내 앞에서 꺼져버려!",record,False,False,False,False,,
Oblivion.esm,INFO,00012D13,,NAM1,0,,,The citizens are in my way. Should I kill them? No? Too bad. If only I had more magicka. I could kill the Fanatics and then rule this town!,백성들이 내 앞길에 있네. 백성을 죽여야 하나? 안된다고? 안타깝군. 매지카가 조금만 더 있었더라면 저 파나틱인들을 죽이고 이곳을 지배할 수 있었을 텐데!,record,False,False,False,False,,
Oblivion.esm,INFO,0001B683,,NAM1,0,,,They doubted my power. Now they'll see!,놈들은 내 힘에 의문을 품었어. 이제 놈들에게 보여줄테다!,record,False,False,False,False,,
Oblivion.esm,INFO,00013338,,NAM1,0,,,"1, 2, 3. I need my arrows. 5, 7, 11. I can't get them. 13, 17, 19. If I leave, who will keep up the count? 23, 29, 31.","1, 2, 3. 화살이 필요해요. 5, 7, 11. 가지러 갈 수가 없어요. 13,17,19. 내가 여길 뜨면, 누가 계속 숫자를 세죠?",record,False,False,False,False,,
Oblivion.esm,INFO,00013339,,NAM1,0,,,"3, 1, 4. Without any arrows, I am useless in this battle. 1, 5, 9. But if I leave to get them, who will count? 2, 6, 5.","3, 1, 4. 화살이 없으면, 난 이 전투에서 아무 쓸모가 없어요. 1, 5, 9. 하지만 내가 화살을 가지러 가면, 누가 계속 숫자를 세죠?",record,False,False,False,False,,
Oblivion.esm,INFO,0001B684,,NAM1,0,,,"1, 2, 3. My arrows are finding their targets! 4, 5, 6.","1, 2, 3. 화살을 적들의 몸에다 박아주겠어요! 4, 5, 6.",record,False,False,False,False,,
Oblivion.esm,INFO,0001333A,,NAM1,0,,,"I am Bat gro-Orkul, warden of the armory. If you need weapons or armor, I've got them.",난 뱃 그로-오쿨(Bat gro-Orkul)이요. 무기고 관리인이지. 무기가 필요한가? 나한테 있어.,record,True,True,False,False,HIGH,"Bat, gro-Orkul"
Oblivion.esm,INFO,0001333B,,NAM1,0,,,I'm keeping Vitharn's weapons and armor safe from thieves and miscreants.,난 도둑과 악당들에게서 바이탄(Vitharn)의 무기를 지키고 있지.,record,True,True,False,False,HIGH,Vitharn
Oblivion.esm,INFO,000135CE,,NAM1,0,,,"The invaders are breaking through! I danced for the rain, but it isn't helping.","침략자들이 쳐들어왔어! 난 비를 기원하며 춤을 췄지만, 아무 소용없더군.",record,False,False,False,False,,
Oblivion.esm,INFO,0005A751,,NAM1,0,,,You should return what you have stolen.,훔친 걸 원래 자리에 돌려놓는 게 좋을 거요. ,record,False,False,False,False,,
Oblivion.esm,INFO,0005A752,,NAM1,0,,,Prior Dreth has tasked me to pray for Vitharn's safety.,드레쓰(Dreth) 수도원장님께서 저보고 바이탄(Vitharn)의 안전을 위해 기도하라 하셨습니다.,record,True,True,False,False,HIGH,"Dreth, Vitharn"
Oblivion.esm,INFO,0001B685,,NAM1,0,,,Stand back! They're going to breach the gate any minute now!,물러서요! 놈들이 언제 문으로 들어닥칠지 몰라요!,record,False,False,False,False,,
Oblivion.esm,INFO,0001B686,,NAM1,0,,,Don't stand too close. I need room to swing my weapon.,너무 가까이 붙지 마! 무기를 휘두를 공간이 없잖아!,record,False,False,False,False,,
Oblivion.esm,INFO,0001B687,,NAM1,0,,,"We're doomed, doomed I tell you!",우린 끝장이에요. 끝장이라구요!,record,False,False,False,False,,
Oblivion.esm,INFO,0001B688,,NAM1,0,,,"I'm a farmer, not a soldier! I don't know how to use this weapon.",난 농부지 병사가 아니에요! 이 무기를 어떻게 쓰는 지도 몰라요.,record,False,False,False,False,,
Oblivion.esm,INFO,0008EFC6,,NAM1,0,,,I sat here and feasted while others fought. Thus I earned my doom.,다른 사람들이 싸울때에 난 여기 앉아서 연회를 벌였어요. 그래서 영원히 갇히게 되었죠.,record,False,False,False,False,,
Oblivion.esm,INFO,0008EFC7,,NAM1,0,,,I went about my business while others fought. Thus I earned my doom.,다른 사람들이 싸울때에 전 제 볼 일만 봤지요. 그래서 영원히 갇히게 되었어요.,record,False,False,False,False,,
Oblivion.esm,INFO,0008EFC8,,NAM1,0,,,I used my piety to avoid joining the defense. Thus I earned my doom.,신앙을 핑계로 성을 방어하는 데서 빠졌어요. 그래서 영원히 갇히게 되었죠.,record,False,False,False,False,,
Oblivion.esm,INFO,00002DAC,,NAM1,0,,,"Oh! Hello, there. I'm sorry, you startled me. My nerves get rattled rather easily these days, I'm afraid. Living alone will do that to you.","오, 안녕하세요. 음, 죄송하지만 그렇게 노려보지 마세요. 요새는 점점 불안해져요. 무섭지요. 아마 혼자서 살면 당신도 그렇게 될거에요.",record,False,False,False,False,,
Oblivion.esm,INFO,00002DAC,,NAM1,1,,,"Now, is there something I can help you with?","자, 뭘 도와드릴까요?",record,False,False,False,False,,
Oblivion.esm,INFO,0008587C,,NAM1,0,,,What have we here? A visitor?,이게 누구야? 방문자?,record,False,False,False,False,,
Oblivion.esm,INFO,0008587C,,NAM1,1,,,I'm afraid you've missed the party. The guest of honor has already left.,미안하지만 파티에 늦은것 같군요. 영애로운 게스트는 이미 떠나셨어요. ,record,False,False,False,False,,
Oblivion.esm,INFO,0008587C,,NAM1,2,,,"You won't be leaving, though. I'll see to that now.",하지만 당신은 떠나지 못해요. 제가 그렇게 만들테니까요.,record,False,False,False,False,,
Oblivion.esm,INFO,0000C1BC,,NAM1,0,,,"I honestly don't know how to repay you. I'm not a wealthy man by any means, but perhaps I could assist you in other ways.",솔직히 당신에게 어떻게 보답해야 할 지 모르겠습니다. 어떤 의미론 난 부유한 남자가 아니거든요. 하지만 아마도 다른 방법으로 당신을 도울 수 있을 거에요.,record,False,False,False,False,,
Oblivion.esm,INFO,0000C1BD,,NAM1,0,,,You're awake.... good. I didn't want to disturb you. I suppose you're wondering what I did with Selene?,일어나 계셨군요... 좋아요. 당신을 방해하고 싶지 않았거든요. 내가 Selene를 어떻게 했는지 당신이 궁금해할 것 같아서 말이죠.,record,False,True,False,False,MEDIUM,Selene
Oblivion.esm,INFO,0000C1BD,,NAM1,1,,,The authorities at the Imperial City took her off the ship as soon as we docked. I was also informed that there was a reward for her capture.,우리가 정박하자마자 Imperial City 당국이 그녀를 배에서 데리고 갔습니다. 또한 그녀를 체포한 것에 대한 보상이 있다고 통지 받았죠.,record,False,True,False,False,MEDIUM,"Imperial, City"
Oblivion.esm,INFO,0000C1BD,,NAM1,2,,,Here you go. Don't spend it all in one place... unless it's here of course!,여기 있습니다. 한번에 다 쓰진 마세요... 물론 여기에선 예외랍니다!,record,False,False,False,False,,
Oblivion.esm,INFO,0000C1BE,,NAM1,0,,,I suggest you rest in your room until we arrive back at the Imperial City. Graman should have us underway soon.,우리가 다시 Imperial City에 도착하기 전까지 당신 방에서 좀 쉬세요. Graman가 이내 우릴 데려다 놓을 겁니다.,record,False,True,False,False,MEDIUM,"Imperial, City, Graman"
Oblivion.esm,INFO,0002E57E,,NAM1,0,,,We should get back to Oreyn and report what we have found.,이제 당신은 Oreyn에게 가서 우리가 발견한것에 대해 보고를 꼭 해야해요.,record,False,True,False,False,MEDIUM,Oreyn
Oblivion.esm,INFO,0002E57F,,NAM1,0,,,We must find Galtus Previa. He must be here somewhere.,우린 반드시 Galtus를 찾아야해요. 아마 이곳 어딘가에 있겠죠.,record,False,True,False,False,MEDIUM,Galtus
Oblivion.esm,INFO,0002E580,,NAM1,0,,,Let us be on our way.,우리 할일을 하자구요.,record,False,False,False,False,,
Oblivion.esm,INFO,000A7154,,NAM1,0,,,"Well, well. The Gray Fox, in person.","이런, 이런. 그레이 폭스가, 직접 등장하다니.",record,False,False,False,False,,
Oblivion.esm,INFO,000A80AC,,NAM1,0,,,The new Gray Fox. The cowl suits you. Me? I am much happier without it.,새로운 그레이 폭스구만. 가면이 정말 잘 어울리는군. 나? 난 없는게 더 행복하다네.,record,False,False,False,False,,
Oblivion.esm,INFO,000A80AE,,NAM1,0,,,"Leave my husband and I alone, Gray Fox. Your presence only stirs up evil memories.","내 남편은 떠나고 나는 홀로 남았지, 그레이 폭스. 당신의 존재는 단지 나쁜 기억만 떠오르게 만드는군요.",record,False,False,False,False,,
Oblivion.esm,INFO,0003C8B5,,NAM1,0,,,As I live and breathe! The Gray Fox! It's an honor.,난 정말로... ! 그레이 폭스라니! 영광입니다.,record,False,False,False,False,,
Oblivion.esm,INFO,0003C8B6,,NAM1,0,,,The infamous Gray Fox! You're the most famous thief in the world!,악명 높은 그레이 폭스! 당신은 세상에서 가장 유명한 도둑입니다!,record,False,False,False,False,,
Oblivion.esm,INFO,0003AB33,,NAM1,0,,,"Even though you are the Gray Fox, I'm going to look the other way this time.","당신이 그레이 폭스일지라도, 이런 시기에는 다른 방법을 찾아 볼 것이야.",record,False,False,False,False,,
Oblivion.esm,INFO,000175B2,,NAM1,0,,,What's this? Black soul gems?,이게 뭐지? 블랙 소울잼?,record,False,False,False,False,,
Oblivion.esm,INFO,000175B2,,NAM1,1,,,"Oh, dear. This is worse than I'd expected.",오 세상에. 이건 내가 생각한 것보다 더 심각하잖아.,record,False,False,False,False,,
Oblivion.esm,INFO,000175B2,,NAM1,2,,,All right. I'll just take these from you. I'll need them for my report to the Council.,좋아요. 이것들은 제가 가지도록 하지요. 제가 council에 보고할 때 필요할 것 같군요. ,record,False,True,False,False,MEDIUM,council
Oblivion.esm,INFO,000175B2,,NAM1,3,,,"Now, you didn't find any sort of recommendation? Very well. I shall write one myself, and include it in my report to the Council.","자, 추천장 같은 것은 아무것도 찾지 못하셨나요? 좋습니다. 제가 직접 써서 council에 보낼 리포트에 첨부하도록 하지요.",record,False,True,False,False,MEDIUM,council
Oblivion.esm,INFO,000175B2,,NAM1,4,,,"In light of the circumstances, I believe they'll find it more than adequate.","이러한 상황 하에서는, 그들은 그것으로도 충분하다 생각할 것이라 믿어요.",record,False,False,False,False,,
Oblivion.esm,INFO,00034462,,NAM1,0,,,"I'm just doing my job. You got a problem with it, you go talk to Eridor.","전 맡은 일만 할 뿐입니다. 뭔가 문제가 있다면, 에리도르와 상의해 보십쇼.",record,False,False,False,False,,
Oblivion.esm,INFO,0000917F,,NAM1,0,,,"I'm busy. You got business to discuss, you talk to Eridor.","전 바쁩니다. 사업 얘기를 하실 거면, 에리도르와 상의하시지요.",record,False,False,False,False,,
Oblivion.esm,INFO,000039BC,,NAM1,0,,,Eridor says I ain't supposed to chat with people in town. Sorry.,에리도르가 저보고 도시 사람들이랑 잡담하지 말랍니다. 미안해요.,record,False,False,False,False,,
Oblivion.esm,INFO,000A235D,,NAM1,0,,,You have failed Namira. Cursed forever are you.,넌 Namira의 분노를 샀다. 영원히 저주받으리라.,record,False,True,False,False,MEDIUM,Namira
Oblivion.esm,INFO,00035E00,,NAM1,0,,,Adamus Phillida is dead! I could feel my heart swell with the Night Mother's love the moment that Imperial pig issued his last breath!,"Adamus Phillida가 죽었군. 제국의 돼지가 마지막 숨을 내쉴 때, 나의 심장이 나이트마더의 사랑으로 넘쳐나는 것을 느낄 수 있었다네.",record,False,True,False,False,MEDIUM,"Adamus, Phillida"
Oblivion.esm,INFO,00035E00,,NAM1,1,,,"You have done a great service to the Dark Brotherhood today, Assassin. Your reward is well earned.",다크브라더후드를 위해 정말 잘해줬어. 여기 자네의 보상이 있네.,record,False,False,False,False,,
Oblivion.esm,INFO,00035E00,,NAM1,2,,,"You also managed to leave Phillida's severed finger as a warning to his successor. Well done! Your bonus, 500 additional gold coins, is well earned.",게다가 그의 후임에게 Phillida의 손가락으로 경고메세지도 보냈군. 잘했네. 보너스로 500골드를 더 주겠네.,record,False,True,False,False,MEDIUM,Phillida
Oblivion.esm,INFO,00035E00,,NAM1,3,,,"Go now. Get some rest. Sithis knows you've earned it. When you're ready for another contract, you need only ask.","이제 가서 좀 쉬게나. 시시스 께서도 그것을 합당히 여기실 것이네. 다음 계약이 필요하면, 내게 말하게나.",record,False,False,False,False,,
Oblivion.esm,INFO,00035E01,,NAM1,0,,,Adamus Phillida is dead! I could feel my heart swell with the Night Mother's love the moment that Imperial pig issued his last breath!,"Adamus Phillida가 죽었군. 제국의 돼지가 마지막 숨을 내쉴 때, 나의 심장이 나이트마더의 사랑으로 넘쳐나는 것을 느낄 수 있었다네.",record,False,True,False,False,MEDIUM,"Adamus, Phillida"
Oblivion.esm,INFO,00035E01,,NAM1,1,,,"You have done a great service to the Dark Brotherhood today, Assassin. Your reward is well earned.",다크브라더후드를 위해 정말 잘해줬어. 여기 자네의 보상이 있네.,record,False,False,False,False,,
Oblivion.esm,INFO,00035E01,,NAM1,2,,,"Sadly, you chose not to leave Phillida's severed finger as a warning to his successor. Your laziness has cost you your bonus, I'm afraid.","안타깝게도, Phillida의 후계자에게 Phillida의 손가락으로 경고하지 않았군.. 보너스는 없네.. 네가 나태해진게 아닌가 걱정되는군.",record,False,True,False,False,MEDIUM,"Phillida, Phillida"
Oblivion.esm,INFO,00035E01,,NAM1,3,,,Now go. Get some rest. I'll have another contract ready for you shortly.,"이제 가서 좀 쉬게나. 만약 다른 계약을 수행할 준비가 되면, 내게 말하게나.",record,False,False,False,False,,
Oblivion.esm,INFO,0002F87D,,NAM1,0,,,"Well now, you are an ambitious one, aren't you? I'm afraid I have no more contracts for you. Our time working together has come to an end.","이것 참, 자네 정말 열정적이군, 안 그런가? 미안하지만 자네에게 줄 계약은 이제 내겐 없네. 우리가 같이 일하는 때는 이제 끝나게 되었군.",record,False,False,False,False,,
Oblivion.esm,INFO,0002F87D,,NAM1,1,,,"Instead, you must report to Ocheeva, here in the Sanctuary. She will be providing all your contracts from now on, and is waiting for you as we speak.","대신, 자네는 이곳 성역, 이제부터 오치바에게 직접 보고해야 하네. 이제부터 그녀가 자네에게 계약을 전달해 줄 거고, 우리가 이야기하는 이 순간에도 자네를 기다리고 있다네.",record,False,False,False,False,,
Oblivion.esm,INFO,00027D7E,,NAM1,0,,,You need to close the Great Gate! We'll try to hold them off as long as we can!,"그레이트 게이트를 닫아야 해! 우린 할 수 있는 한, 여길 지키고 있겠어!",record,False,False,False,False,,
Oblivion.esm,INFO,00090AA9,,NAM1,0,,,"Adamus Phillida has been a thorn in the Dark Brotherhood's side for far too long. Kill the pig, so Sithis can enslave his soul for all eternity!",Adamus Phillida는 오래전부터 다크브라더후드에게 가시 같은 존재였어. 그 돼지를 죽여서 그 영혼이 영원히 시시스의 노예가 되도록 만들게.,record,False,True,False,False,MEDIUM,"Adamus, Phillida"
Oblivion.esm,INFO,00036305,,NAM1,0,,,"No! No, I'm too late! I thought I could get here in time, thought I could stop you!","시디스시여, 무슨 짓을 한 거냐? 무슨 광기가 네놈을 집어삼킨거지? 네놈은 날 배신하고, 다크 브라더후드를 배신했다! 왜냐?",record,False,False,False,False,,
Oblivion.esm,INFO,00036305,,NAM1,1,,,"By Sithis, what have you done? What madness has claimed you? You have betrayed me, you have betrayed the Dark Brotherhood! Why?","네놈의 그 애처로운 목숨을 거두러 왔다, 하지만... 하지만... 네놈의 눈에서 혼란스러움이 느껴진다. 네놈... 내가 무슨 말을 하는지 전혀 모르는 눈치군, 그렇지?",record,False,False,False,False,,
Oblivion.esm,INFO,00036305,,NAM1,2,,,"I am here to end your miserable life, to... But... I can see the confusion in your eyes. You... You have no idea what I'm talking about, do you?","안 돼! 안 돼, 너무 늦었잖아! 제 때 온 줄 알았더니만, 네놈을 막을 수 있었건만!",record,False,False,False,False,,
Oblivion.esm,INFO,0008B61A,,NAM1,0,,,"The gate may be closed, but some say you slew the Count's son in the process. Is this what defines a hero?","오블리비언 게이트는 닫힌 것 같은데, 당신이 그 과정에서 백작의 아들을 죽였다고 누가 그러더군요. 무슨 영웅이 그래요?",record,False,False,False,False,,
Oblivion.esm,INFO,00026EA7,,NAM1,0,,,I've just received word from the Countess of Bruma that an Oblivion Gate has opened outside the city.,브루마의 여백작께서 시 외곽에 오블리비언 게이트가 열렸다는 소식을 방금 전해왔네.,record,False,False,False,False,,
Oblivion.esm,INFO,00026EA7,,NAM1,1,,,It seems that the Mythic Dawn are putting their plan to attack Bruma into motion.,신화 여명회의 브루마 공격이 시작된 것 같네.,record,False,False,False,False,,
Oblivion.esm,INFO,00026EA7,,NAM1,2,,,"Since you've dealt with these Gates before, I'd like you to help the Countess's guard close this gate.",자네는 이전에 게이트에 타격을 준 적이 있지. 백작부인의 경비대를 도와 게이트를 닫아주면 좋겠네.,record,False,False,False,False,,
Oblivion.esm,INFO,00026EA7,,NAM1,3,,,"Once they've seen how it's done, they should be able to handle any new gates on their own.","어떻게 닫는지 한번 보여주면, 다른 차원문이 열리더라도 그들 스스로 대처할 수 있을 걸세.",record,False,False,False,False,,
Oblivion.esm,INFO,000C45A6,,NAM1,0,,,"Get back, you filthy beast! I'll have nothing to do with the likes of you!",불결한 짐승 꺼져라! 나는 너같이 되는 것을 원하지 않는다!,record,False,False,False,False,,
Oblivion.esm,INFO,000C45A7,,NAM1,0,,,"No, no! Stay away from me!",안돼.. ! 나에게서 떨어져!,record,False,False,False,False,,
Oblivion.esm,INFO,000C47CE,,NAM1,0,,,You won't get any of my blood! Get away from me!,너는 나에게서 피를 가져갈 수 없다! 나에게서 떠나라!,record,False,False,False,False,,
Oblivion.esm,INFO,00014D5B,,NAM1,0,,,Kvatch was rebuilt from ruins once before and she'll do it again. You have my thanks.,이전에도 크바치는 폐허에서 다시 일어선 적이 있소. 이번에도 신께서 도와 주실 거요. 당신께 감사 드리오.,record,False,False,False,False,,
Oblivion.esm,INFO,00034EAA,,NAM1,0,,,"Hello, Associate. It seems you've obtained the final recommendation you required.","어서 오게, 신입. 보아하니 마지막 추천장까지 모두 얻어낸 것 같군.",record,False,False,False,False,,
Oblivion.esm,INFO,00017C2A,,NAM1,0,,,"Ah, our newest pickpocket.","아, 새로운 소매치기(pickpocket)군.",record,True,True,False,False,HIGH,pickpocket
Oblivion.esm,INFO,00035A1F,,NAM1,0,,,I'm glad you stopped by. I have a... situation that you might be able to help with.,난 당신이 나를 들러서 기쁘오. 나는... 당신이 나를 도와주셔야 겠습니다.,record,False,False,False,False,,
Oblivion.esm,INFO,000097B3,,NAM1,0,,,"I might have something for you, but we can't talk about it here. Meet me at the usual place, and at the usual time.","내가 당신에게 줄 게 있소, 하지만 우리는 여기서 얘기할 수 없습니다. 일반적인 장소, 일반적인 시간에 만납시다.",record,False,False,False,False,,
Oblivion.esm,INFO,00025DF2,,NAM1,0,,,"By your crimes, you have been permanently expelled from the Fighters Guild. You have no further chance to atone for your actions.","네놈이 범한 죄 때문에, 넌 파이터 길드에서 영구 추방되었다. 더이상 네가 벌인 짓에 대해 속죄할 기회는 없다.",record,False,False,False,False,,
Oblivion.esm,INFO,00025DF2,,NAM1,1,,,"All guild members have been instructed to deny you service, shelter, and assistance. From now until your death, you do not exist in our eyes.","모든 길드 멤버들이 지금부터 네놈이 죽을때까지 네게 서비스, 쉴 곳, 도움을 제공하지 말것을 지시받았다. 우리 눈앞에서 얼쩡거리면 안될 것이야.",record,False,False,False,False,,
Oblivion.esm,INFO,00025DF4,,NAM1,0,,,You've brought back the horns. Your rank and responsibilities are restored. There will be no further chances given you.,"minotaur뿔을 가져왔구만. 네 계급과 책임은 다시 회복되겠지만, 또 그런 짓을 한다면 더이상의 기회는 주어지지 않을거다.",record,False,True,False,False,MEDIUM,minotaur
Oblivion.esm,INFO,0000A2B6,,NAM1,0,,,Amusei sends his regards.,Amusei가 안부를 보내왔습니다.,record,False,True,False,False,MEDIUM,Amusei
Oblivion.esm,INFO,0000A2B7,,NAM1,0,,,What can a humble Doyen do for a sly thief?,교활한 도둑에게 이 보잘것 없는 단장이 무언가 해 줄 거라도?,record,False,False,False,False,,
Oblivion.esm,INFO,0000BFA0,,NAM1,0,,,You are a welcome sight in these troubling times.,이런 문제 많은 시기에 반가운 얼굴입니다.,record,False,False,False,False,,
Oblivion.esm,INFO,00015447,,NAM1,0,,,You have found Theranis and the Lost Histories of Tamriel?,세라니스와 탐리엘의 잃어버린 역사책을 찾아냈나?,record,False,False,False,False,,
Oblivion.esm,INFO,00014655,,NAM1,0,,,The esteemed cat burglar honors me.,존경하는 cat burglar가 나에게 명예를 주었다.,record,False,True,False,False,MEDIUM,"cat, burglar"
Oblivion.esm,INFO,0003FD44,,NAM1,0,,,Have you recovered those taxes?,세금을 아직 찾아내지 못했나?,record,False,False,False,False,,
Oblivion.esm,INFO,0003D489,,NAM1,0,,,I see you took us up on our offer. Good. I'm glad to see you. Signy will be along shortly. I'm sure we can find something to do while we wait.,당신 우리 제안을 받아들인 걸로 알겠어요. 좋아요. 만나서 반가워요. Signy가 곧 올 거에요. 기다리는 동안 우리가 뭔가 할 수 있는게 있을것 같은데... ,record,False,True,False,False,MEDIUM,Signy
Oblivion.esm,INFO,0003D489,,NAM1,1,,,Now we can't have you standing there all uncomfortable in all those clothes. Why don't you take everything off and place it there on the table.,이제 불편한 옷차림을 하고 있으면 일을 할 수 없어요. 다 벗어서 저쪽 테이블 위에 두는게 어때요?,record,False,False,False,False,,
Oblivion.esm,INFO,00026D8F,,NAM1,0,,,Have you returned with the ingredients you were sent to find?,자네가 가지고 와야 할 모든 재료들을 가지고 왔나?,record,False,False,False,False,,
Oblivion.esm,INFO,0001FF11,,NAM1,0,,,Welcome to the Chironasium. Can I help you?,키로나지움에 오신 걸 환영합니다. 도와드릴까요?,record,False,False,False,False,,
Oblivion.esm,INFO,000BF16B,,NAM1,0,,,"Feeding time is over, vampire! Go back to the grave that spawned you!","식사 시간은 끝났다, 뱀파이어! 나온 무덤으로 돌아가라!",record,False,False,False,False,,
Oblivion.esm,INFO,000A3DED,,NAM1,0,,,"Hush, child. This is serious.","정숙, 아이야. 이것은 심각한 일입니다.",record,False,False,False,False,,
Oblivion.esm,INFO,00003A64,,NAM1,0,,,"I'm sorry for running away like that, but fear got the best of me.",그처럼 도망가서 미안하군요. 하지만 너무 두려웠어요.,record,False,False,False,False,,
Oblivion.esm,INFO,00003A64,,NAM1,1,,,"I'm glad you talked me into coming with you. Now that the curse has been lifted, I feel like I've taken care of my family's unfinished business.","당신이 날 찾아 와서 말을 건네주니 기쁘군요. 이제 그 저주도 풀렸다니, 꼭 내가 내 가족의 끝내지 못한 일을 처리한 것처럼 느껴집니다.",record,False,False,False,False,,
Oblivion.esm,INFO,00003A64,,NAM1,2,,,"Excellent work, my friend. May the manor give you many years of happiness. I'm now off to the Imperial City once more. Farewell!","훌륭해요, 나의 친구여. 그 저택은 행복한 많은 시간을 당신에게 줄 지도 모릅니다. 난 이제 한 번 더 임페리얼 시티에 가야겠군요. 잘 있어요!",record,False,False,False,False,,
Oblivion.esm,INFO,0001D037,,NAM1,0,,,"I had a feeling you'd catch on sooner or later. That's why I had this trap prepared for you. If you'll notice, the grave is already dug.","너한테 따라잡히는건 시간 문제라고 생각했지. 그래서 이렇게 함정을 놓고 너를 기다리고 있었단말야. 눈치챘겠지만, 이 무덤은 이미 도굴이 끝난 상태다.",record,False,False,False,False,,
Oblivion.esm,INFO,0001D037,,NAM1,1,,,"This time, it wasn't to take something away from the graveyard, it was to add something. I'm afraid all I can offer you is an unmarked grave.","이번은, 무덤에서 뭔가를 가져갈 일은 없고, 새로운 시체를 추가하는 일이다. 너에게 이름 없는 무덤을 줄 수 밖에 없어서 유감이다.",record,False,False,False,False,,
Oblivion.esm,INFO,00009292,,NAM1,0,,,I hope we'll get to Skingrad soon. I've had enough of the wilderness for now.,스킨그라드에 빨리 갔으면 좋겠습니다. 지금 야외는 질릴 대로 질렸어요.,record,False,False,False,False,,
Oblivion.esm,INFO,00089977,,NAM1,0,,,Can't you see I have things to do? Now please... get out of my way.,내가 하는 일이 안보이나? 자 부탁이니까... 내 앞에서 사라지라고.,record,False,False,False,False,,
Oblivion.esm,INFO,0001DCB9,,NAM1,0,,,"A little bird told me that you've been asking around town about Glarthir. Our resident ""eccentric."" I'd like to know why.","당신이 도시에서 글라티르에 대해 묻고 다닌다는 뻐꾸기가 들립니다만. 우리 그 ""괴짜""말입니다. 왜 그런지 이유 좀 물어볼까요.",record,False,False,False,False,,
Oblivion.esm,INFO,000B97DB,,NAM1,0,,,How can I be of service?,무엇이 필요하신가요?,record,False,False,False,False,,
Oblivion.esm,INFO,00022500,,NAM1,0,,,Warmest greetings to you. I trust you've already spoken with Ocheeva? I am Vicente Valtieri. I provide assignments for all new family members.,어... 왔나? 드디어 만났군. 환영하네. 오치바랑 얘기해 봤겠지? 나는 Vicente Valtieri라고 하네. 새로운 가족들에게 일거리를 제공하지..,record,False,True,False,False,MEDIUM,"Vicente, Valtieri"
Oblivion.esm,INFO,00022500,,NAM1,1,,,"Please, do not let my appearance... unnerve you. The needs and Tenets of the Dark Brotherhood come before my own needs as a vampire.",내 외모가 자네를 기죽지 않게 하길 바라네. 다크브라더후드는 뱀파이어로써 나의 능력을 필요로 하니까 말이야...,record,False,False,False,False,,
Oblivion.esm,INFO,00022500,,NAM1,2,,,"Now, if you're ready to get to work, I can provide you with your first contract.  ","자, 준비가 되었으면 첫번째 계약을 시작해 볼까. ",record,False,False,False,False,,
Oblivion.esm,INFO,0001EBB9,,NAM1,0,,,"What is your wish, you who have been blessed by our Lady's voice?",성녀님의 음성을 직접 듣는 은총을 입었소. 더 이상 무엇을 원하시오?,record,False,False,False,False,,
Oblivion.esm,INFO,00019132,,NAM1,0,,,"So, the pirate has been eliminated. Excellent. No one will mourn his passing, and Sithis has been appeased. ","아, 해적을 처리했군. 잘했어. 누구도 그의 죽음을 슬퍼하지 않을걸세. Sithis도 기뻐하실테고.",record,False,True,False,False,MEDIUM,Sithis
Oblivion.esm,INFO,00019132,,NAM1,1,,,Please accept this Black Band as your reward. It is a ring whose powers are quite useful to those who value... discretion.,이 Black Band를 보상으로 받게. 아주 강력한 힘을 지닌 물건이지. 유용하게 쓸 수 있을거야.,record,False,True,False,False,MEDIUM,"Black, Band"
Oblivion.esm,INFO,0002E5C8,,NAM1,0,,,"I had to find someone else to bring me the Crown of the Ayleids, since you were unwilling to help me.","당신이 날 돕는 걸 거절하고 나서, 난 Ayleid의 왕관을 내게 가져 올 사람을 다시 찾아야만 했습니다.",record,False,True,False,False,MEDIUM,Ayleid
Oblivion.esm,INFO,0002E5C8,,NAM1,1,,,Be that as it may. I now have a task that should be better to suited someone of your particular talents.,그건 그렇다 치죠. 지금 당신의 특별한 재능에 보다 더 걸맞을 일이 하나 있습니다.,record,False,False,False,False,,
Oblivion.esm,INFO,0002FDB2,,NAM1,0,,,Why has the Cheydinhal Sanctuary not yet been Purified? Everyone based out of that location must die. Only then will the Black Hand be satisfied.,왜 아직도 Cheydinhal Sanctuary가 정화되지 않은건가? 그곳에 기반을 두고 있는 모든 이들은 제거되어야만 해. 그때가 와야만 Black Hand가 만족할 것이네.,record,False,True,False,False,MEDIUM,"Cheydinhal, Sanctuary, Black, Hand"
Oblivion.esm,INFO,0002FDB3,,NAM1,0,,,"The ritual of Purification is complete. Well done. Sithis has been appeased, and the time has come to acknowledge and reward your unwavering loyalty.",정화의 의식이 끝났군. 잘했네. 시시스께서도 기뻐하실 거야. 자네의 확고한 충성심에 대한 보상과 인정의 시간이 왔네.,record,False,False,False,False,,
Oblivion.esm,INFO,0002FDB3,,NAM1,1,,,The Black Hand is most pleased with your progress. You have been invited to share in secrets that few within the Dark Brotherhood even know exist.,Black Hand는 자네의 임무수행에 진정 기뻐하고 있네. 자네는 극히 소수의 다크브라더후드 만이 알고 있는 비밀을 함께 나눌수 있도록 초대되었어.,record,False,True,False,False,MEDIUM,"Black, Hand"
Oblivion.esm,INFO,0002FDB3,,NAM1,2,,,"Your life in the Sanctuary is over. Those contracts are behind you. Now, you will serve the Black Hand. You will serve me. ","Sanctuary에서의 자네 삶은 이제 끝났네. 그곳에서의 청부는 이제 끝이네. 이제부터, 자네는 Black Hand를 위해 일하면 되네. 자네는 나와 일하게 될거야.",record,False,True,False,False,MEDIUM,"Sanctuary, Black, Hand"
Oblivion.esm,INFO,0002FDB3,,NAM1,3,,,"From this moment forward, you will walk the shadows as my Silencer. You will receive contracts only from me. Your new life has begun.","이 순간부터, 자네는 나의 'Silencer'로써 어둠속을 걷게 되네. 자네는 오직 나로부터만 계약을 받게 될거야. 자네의 새로운 삶이 시작되었네.",record,False,True,False,False,MEDIUM,Silencer'
Oblivion.esm,INFO,00033560,,NAM1,0,,,"I'm sorry to tell you, but there are no more contracts to be had. As you know, business hasn't been good due to the Blackwood Company.",유감스럽지만. 더이상의 할만한 계약이 없다. 너도 알다시피  블렉우드컴퍼니 때문에 경기가 좋지못했다.,record,False,False,False,False,,
Oblivion.esm,INFO,00033560,,NAM1,1,,,"And... you didn't hear it from me, but I think you should go speak with Oreyn. Now. He'd like your help with a couple things.","그리고 너는 내게 그 소식을 듣지 못했지만, 지금,너는 Oreyn을 만나 이야기 해보는게 좋겠다. 그는 몇가지 일에 너의 도움을 필요할 것이다.",record,False,True,False,False,MEDIUM,Oreyn
Oblivion.esm,INFO,0003457E,,NAM1,0,,,"I've got some bad news for you. Donton didn't take the news about her son well at all, not that you'd expect otherwise.","나쁜소식이 있다. 너가 기대한 소식은 아니지만, Donton이  그녀의 아들이 좋아졌다는 소식을 전혀 듣지 못했다.",record,False,True,False,False,MEDIUM,Donton
Oblivion.esm,INFO,0003457E,,NAM1,1,,,"She's expelled Oreyn from the guild. Stripped him of all rank and privileges. And you, she's demoted you. You've been busted down to Protector.","그녀는 그 길드에서 Oreyn를 추방했다. 그는 지위와 계급이 손상되었고. 당신은, 그녀는 너를 강등했다. Protecter로 강등되어졌다.",record,False,True,False,False,MEDIUM,"Oreyn, Protecter"
Oblivion.esm,INFO,0003457E,,NAM1,2,,,"I'm sorry this happened, but those are the Guildmaster's orders. I'm sure you can gain your rank back, in time.","이런일이 일어난걸 유감스럽게 생각하지만, 길드마스터의 명령이였다. 나는 네가 빠른시일내에 회복할 수 있을 거라고 확신한다.",record,False,False,False,False,,
Oblivion.esm,INFO,000479F4,,NAM1,0,,,"Cat-Face. Yes, that's right. That's what they call me. Because they can't pronounce my Black Marsh name, I guess...","Cat-Face. 그래, 맞소. 그게 사람들이 날 부르는 이름이지. 왜 그렇게 부르는지 생각해 봤는데, 아마도 그들은 내 Black Marsh식의 이름을 발음하지 못해서 그런 것 같소... ",record,False,True,False,False,MEDIUM,"Cat-Face, Black, Marsh"
Oblivion.esm,INFO,000479F4,,NAM1,1,,,"... and, supposedly, because my face looks like a cat. Don't see it, myself.","... 그리고, 아마도, 내 얼굴이 고양이를 닮아서 그런 것 같은데. 내가 보기엔 전혀 아닌데 말이오.",record,False,False,False,False,,
Oblivion.esm,INFO,000479F4,,NAM1,2,,,"Must be a joke. Don't get the joke, either... but the customer is always right.","농담이겠지만, 만약 농담이 아니더라도 상관은 없소... 손님은 항상 옳은 법이거든.",record,False,False,False,False,,
Oblivion.esm,INFO,000479F4,,NAM1,3,,,"But, as I was going to say, welcome to Five Riders Stable. Five? Riders? I don't see them, either...","어쨌든, 내가 말하려고 했던 건, 다섯 기수의 마구간(Five Riders Stable)에 온 걸 환영한다는 거요. 다섯? 기수? 나 역시 그들을 못봤지만... ",record,True,True,False,False,HIGH,"Five, Riders, Stable"
Oblivion.esm,INFO,000479F4,,NAM1,4,,,"... But that's what they call the stable when I buy it, and what do I care what they call it...?",... 하지만 내가 이 마구간을 샀을 때 사람들이 이 곳을 그렇게 불렀으니 어쩔 수 없는 거지. 그리고 사람들이 어떻게 부르건 나랑 무슨 상관...? ,record,False,False,False,False,,
Oblivion.esm,INFO,000479F4,,NAM1,5,,,"Where was I? Oh. Yes. We sell paints. Good horses. Good enough, anyway...","어디까지 말했더라? 아, 그래. 우린 그림도 팔고 좋은 말들도 팔고 있소. 충분히 좋은 말이지, 여하튼... ",record,False,False,False,False,,
Oblivion.esm,INFO,000479F4,,NAM1,6,,,... good eating... they tell me...,... 먹기도 좋소... 사람들이 내게 말해주더군... ,record,False,False,False,False,,
Oblivion.esm,INFO,000479F4,,NAM1,7,,,"That's a joke. I wouldn't eat one of these horses. Nothing wrong with them, of course...","농담이오. 난 이 말들 중 한 마리도 먹지 않을 거요. 물론, 우리 말들에겐 아무 문제도 없지... ",record,False,False,False,False,,
Oblivion.esm,INFO,000479F4,,NAM1,8,,,"...but that's a pile of money for horse steaks, isn't it?","... 하지만 말고기 스테이크는 큰 돈이 되오, 그렇지 않소?",record,False,False,False,False,,
Oblivion.esm,INFO,0009816A,,NAM1,0,,,I shouldn't say any more... but you have treated me so well. Perhaps I can trust you.,더 말하면 안되는데... 하지만 넌 내게 너무 잘해줬어. 아마 널 믿어볼수도 있을것같아. ,record,False,False,False,False,,
Oblivion.esm,INFO,000B97DC,,NAM1,0,,,I'm on my way to Rosethorn Hall now. I won't be long.,Rosethorn Hall에 돌아가는 중입니다. 바로 가겠습니다.,record,False,True,False,False,MEDIUM,"Rosethorn, Hall"
Oblivion.esm,INFO,000B97DF,,NAM1,0,,,"Hello, I heard you purchased the Servants Quarters for Rosethorn Hall, and I was wondering if you had anyone in mind to fill that position?","안녕하세요, Rosethorn Hall에 하인숙소를 만들었다고 들었는데, 고용인이 필요하지 않습니까?",record,False,True,False,False,MEDIUM,"Rosethorn, Hall"
Oblivion.esm,INFO,000B97DF,,NAM1,1,,,"For 150 gold and a roof over my head, I'm yours.","급료 150골드와 숙식이면, 저는 당신을 모시겠습니다.",record,False,False,False,False,,
Oblivion.esm,INFO,000B97DF,,NAM1,2,,,"Well, to help around the house I mean.","네, 집안일 이라면 무엇이든 도와 드릴게요.",record,False,False,False,False,,
Oblivion.esm,INFO,00028735,,NAM1,0,,,I will never forget your brave rescue of my daughter.  What can I do for you today?,용감히 제 딸을 구해준 당신을 절대 잊지 않을 거에요. 오늘은 무엇을 해드릴까요?,record,False,False,False,False,,
Oblivion.esm,INFO,00028736,,NAM1,0,,,My hero!,나의 영웅!,record,False,False,False,False,,
Oblivion.esm,INFO,00028693,,NAM1,0,,,What should I do?,내가 어떻게 하면 좋을까요?,record,False,False,False,False,,
Oblivion.esm,INFO,000377D4,,NAM1,0,,,It's good to see you in the real world. I'm indebted to you for rescuing me from my nightmare.,현실 세계에서 얼굴을 볼 수 있어서 기뻐요. 그 악몽으로부터 구해준 빚이 생겼군요.,record,False,False,False,False,,
Oblivion.esm,INFO,000377D4,,NAM1,1,,,I suppose thanks are only a small token of my appreciation. Allow me to reward you for your bravery.,감사의 말만으로는 모자라는군요. 당신의 용기에 보답할 수 있게 해주세요.,record,False,False,False,False,,
Oblivion.esm,INFO,000377D4,,NAM1,2,,,"I'm afraid I don't have much in the way of coin, but allow me to present you with something that may help in your travels.","미안하지만 내가 금전적인 여유가 없는지라, 당신의 여행에 도움이 되는 물건으로 답례를 하고 싶네요.",record,False,False,False,False,,
Oblivion.esm,INFO,00024FC8,,NAM1,0,,,Have you returned with the materials you were sent to collect?,가져오라고 한 자재들은 가지고 왔겠지?,record,False,False,False,False,,
Oblivion.esm,INFO,00024FD3,,NAM1,0,,,"It is unfortunate that we should meet for the first time under these circumstances, Associate.",우리가 처음 만나게 되는 상황이 이런 일 때문인 것은 유감스럽군.,record,False,False,False,False,,
Oblivion.esm,INFO,00024FD3,,NAM1,1,,,"You have been found guilty of killing a guild member. As such, your guild privileges have been suspended.","자네는 길드원을 살해한 죄를 범했고, 따라서 자네가 길드에서 가지던 모든 권리는 효력이 정지되었네.",record,False,False,False,False,,
Oblivion.esm,INFO,00024FD3,,NAM1,2,,,"If you wish to be reinstated, you must perform a service for the guild. Are you willing to do so?","만약 자네가 다시 들어오고 싶다면, 길드를 위해 어떠한 일을 해 주어야 하네. 그렇게 하겠는가?",record,False,False,False,False,,
Oblivion.esm,INFO,000A31B7,,NAM1,0,,,Your money or your life.,돈이나 목숨 중 하나만 내놓고 가.,record,False,False,False,False,,
Oblivion.esm,INFO,000A31B8,,NAM1,0,,,This is a hold up. Hand it over or die.,"노상강도다. 돈을 내던지, 죽던지.",record,False,False,False,False,,
Oblivion.esm,INFO,000A31B9,,NAM1,0,,,"Pay up, or else.","돈 내놔, 아님 알지?",record,False,False,False,False,,
Oblivion.esm,INFO,0001F104,,NAM1,0,,,Dawn is breaking.,여명이 밝았도다.,record,False,False,False,False,,
Oblivion.esm,INFO,00097CAC,,NAM1,0,,,I have nothing to say to you.,할 얘기 없는데... ,record,False,False,False,False,,
Oblivion.esm,INFO,0001544A,,NAM1,0,,,What's this?,이게 뭐야?,record,False,False,False,False,,
Oblivion.esm,INFO,0001544A,,NAM1,1,,,"Is this the best your pathetic guild could do? If so, our work will be easier than I suspected. And to think, Traven has sent you to defeat us?",이게 자네의 한심한 길드가 할수 있는 최선인가? 그렇다면 우리 일은 생각보다 쉽게 끝날지도 모르겠군. Traven이 우릴 쓰러뜨리려고 자네를 보냈겠지?,record,False,True,False,False,MEDIUM,Traven
Oblivion.esm,INFO,0001544A,,NAM1,2,,,"I should've killed you outright when I had the chance. Well, life is all about second chances, isn't it? I won't waste this one.","기회가 있을때 당신을 죽여놨어야 했는데. 뭐, 세상에는 두번째 기회란게 있잖아, 그렇지? 이번에는 기회를 놓치지 않겠어.",record,False,False,False,False,,
Oblivion.esm,INFO,000C47EE,,NAM1,0,,,"M'aiq knows much, tells some. M'aiq knows many things others do not.",마이크(M'aiq)는 많이 알지. 마이크(M'aiq)는 다른 사람보다 많은 것을 알지.,record,True,True,False,False,HIGH,"M'aiq, M'aiq"
Oblivion.esm,INFO,000C47CC,,NAM1,0,,,"When we're done with all this, we'll talk. If we're still alive...","이걸 끝낼 때까지 살아있으면, 얘기는 그때 합시다.",record,False,False,False,False,,
Oblivion.esm,INFO,000C47CD,,NAM1,0,,,Just follow the Captain's orders.,그냥 대장의 명령을 따르시오.,record,False,False,False,False,,
Oblivion.esm,INFO,000C47CF,,NAM1,0,,,Not now. There's work to be done.,지금은 얘기할 때가 아니오. 임무나 완수하시오.,record,False,False,False,False,,
Oblivion.esm,INFO,000C47D0,,NAM1,0,,,Now's not the time for talking.,지금 이야기나 하고 있을 때가 아니오.,record,False,False,False,False,,
Oblivion.esm,INFO,0007944B,,NAM1,0,,,Lead the way. I'm right behind you.,앞장 서시오. 바로 뒤에 따라가겠소.,record,False,False,False,False,,
Oblivion.esm,INFO,0007BABF,,NAM1,0,,,We saw the smoke from the Gold Road while out on patrol. How can we help?,순찰 중에 골드 로드에서 연기가 솟아오르는 걸 보고 달려왔소. 우리가 돕겠소!,record,False,False,False,False,,
Oblivion.esm,INFO,00017201,,NAM1,0,,,"Well, you managed to get Llathasa's bust, and you got Hieronymus Lex off my back. However, you broke the code of the Thieves Guild.","그래, 너는 어쨋든 Llathasa의 흉상을 손에 넣었다. 그리고 Hieronymus Lex는 나를 상관하는 것을 그만뒀지. 그러나, 너는 도둑 길드의 규칙을 깼구나.",record,False,True,False,False,MEDIUM,"Llathasa, Hieronymus, Lex"
Oblivion.esm,INFO,00017201,,NAM1,1,,,"You killed someone in the Chapel, and now you have to pay the blood price. Until you do, you are no longer a member of this guild.","네가 예배당에서 누군가를 죽였기에, 이제는 피의 대가를 지불해야 한다. 그렇지 않으면, 넌 더이상 길드 일원이 아니다.",record,False,False,False,False,,
Oblivion.esm,INFO,00017201,,NAM1,2,,,Don't bother to come back until you have it.,그때까지는 찾아와서 귀찮게 하지마라.,record,False,False,False,False,,
Oblivion.esm,INFO,00034E9A,,NAM1,0,,,With your help I uncovered the informant that had compromised the Thieves Guild.,네 도움 덕분에 도둑 길드를 위협하던 정보원의 정체를 밝혀낼 수 있었다.,record,False,False,False,False,,
Oblivion.esm,INFO,00034E9A,,NAM1,1,,,"I know I used you in this matter with the Llathasa's bust, but I couldn't be certain that you weren't working with Myvryna.",나도 라타사(Llathasa)의 흉상과 이런식으로 자네를 이용해 버린걸 알고 있네. 하지만 나는 자네가 미브리나(Myvryna)와 손을 잡지 않았다는 걸 확신할 수 없었네.,record,True,True,False,False,HIGH,"Llathasa, Myvryna"
Oblivion.esm,INFO,00034E9A,,NAM1,2,,,"Here is the reward you were promised. Even though the bust is gone, you've earned it.","여기 약속한 보상이 있다. 흉상은 사라지긴 했어도, 자넨 얻을 자격이 있다고.",record,False,False,False,False,,
Oblivion.esm,INFO,00034E9A,,NAM1,3,,,"I'm also promoting you to the guild rank of Bandit, which will let you use Dar Jee of Leyawiin as your fence. Good work!",또한 자네의 계급을 도적으로 승급시켜 주지. 그에 따라 자넨 레이야윈의 다르 지를 장물아비로 이용할 수 있네. 행운을 빌지!,record,False,False,False,False,,
Oblivion.esm,INFO,00066F26,,NAM1,0,,,"You know, stranger, there comes a time in every man's life when he has to admit that he's lost the fight. Well, I've fought and I've lost.","이 보게, 낯선 친구, 자네도 알다시피 모든 남자에게는 패배를 받아들여야 할 때가 오는 법이거든. 그래, 난 싸웠고 패배했어.",record,False,False,False,False,,
Oblivion.esm,INFO,00066F26,,NAM1,1,,,"Who did I lose to? Who is my great enemy? Well, don't laugh... it's a bunch of damn fish.","누가 날 패배시킨 줄 아나? 내 위대한 적은 누구일까? 그래, 웃지 말게... 그건 빌어먹을 놈의 물고기떼라네.",record,False,False,False,False,,
Oblivion.esm,INFO,00067DD0,,NAM1,0,,,"I don't know what I'll do if you don't get those scales for me. I've saved so much for my retirement, but it's just not enough...",자네가 날 위해 그 비늘을 가져와주지 않는다면 난 뭘 해야 할 지 모르겠네. 난 내 은퇴를 위해 정말 많이 모아 왔네. 하지만 그게 충분하지 않아... ,record,False,False,False,False,,
Oblivion.esm,INFO,00066F33,,NAM1,0,,,"Come back to laugh at the pathetic old man, have we? To the pit with you! Leave me alone.",불쌍한 노인을 비웃으러 돌아 왔나? 지옥에나 가 버려! 날 내버려 두라고.,record,False,False,False,False,,
Oblivion.esm,INFO,00067DD2,,NAM1,0,,,Eh? You again? You ready to hear about an old man's troubles?,에? 또 자넨가? 노인의 고민을 들어줄 준비가 된 건가?,record,False,False,False,False,,
Oblivion.esm,INFO,00091AAB,,NAM1,0,,,"Oh, you poor dear.","오, 불쌍하기도 해라.",record,False,False,False,False,,
Oblivion.esm,INFO,00091AAB,,NAM1,1,,,I'm afraid you're late to the party. The guest of honor has already left!,미안하지만 파티에 늦었군요. 귀빈분은 이미 떠났거든요!,record,False,False,False,False,,
Oblivion.esm,INFO,00091AAB,,NAM1,2,,,"And I do hate to disappoint you, but Mucianus is in no condition to be leaving. He's a Worm Thrall now, and shall be quite content here.","당신을 실망시키긴 싫지만, 무시아누스는 이 자리를 떠날 수 있는 상태가 아니랍니다. 벌레의 노예로서, 이곳에 머무는 것에 아주 만족하고 있으니까요.",record,False,False,False,False,,
Oblivion.esm,INFO,00091AAB,,NAM1,3,,,"A grim fate indeed, but one does not cross the Order of the Black Worm without suffering greatly for it.","잔혹한 운명이긴 하지만, 감히 검은 벌레 교단을 거스르면 그 누구든 크나큰 댓가를 치뤄야 하는 겁니다.",record,False,False,False,False,,
Oblivion.esm,INFO,00091AAB,,NAM1,4,,,I shall tell the master that you were here looking for him. Perhaps I'll bring him your head as an offering.,당신이 무시아누스를 찾으러 여기에 왔었다고 교주님께 전해 드리겠습니다. 당신의 머리도 같이 가져가서 공물로 바친다면 더 좋겠지요.,record,False,False,False,False,,
Oblivion.esm,INFO,000ADC4A,,NAM1,0,,,"Excuse me, the Empire doesn't run itself, you know. Submit a complaint to the usual department and I'm sure someone will take care of it.","실례하오만, 제국은 스스로 알아서 움직이는 게 아니오. 해당 관서에 민원을 제기하면 누군가 알아서 처리해 줄 거요. ",record,False,False,False,False,,
Oblivion.esm,INFO,000335D4,,NAM1,0,,,What are you doing in here. This is the headquarters for the Knights of the Thorn. No one else is allowed inside.,당신 여기서 뭘 하는 거요? 여긴 가시 기사단(Knights of the Thorn)의 본부란 말입니다. 아무나 여기 들어오면 안된다구요.,record,True,True,False,False,HIGH,"Knights, of, the, Thorn"
Oblivion.esm,INFO,000335D4,,NAM1,1,,,"If you stay here, and Lord Farwil finds out when he gets back from his latest quest, he will have me thrown out of here. Please, leave at once.","당신이 계속 여기 있다가, 임무를 마치고 돌아온 파윌 경이 보기라도 한다면 그는 날 쫓아낼 것이 분명해요. 그러니 제발 빨리 나가 줘요.",record,False,False,False,False,,
Oblivion.esm,INFO,00082EAD,,NAM1,0,,,"No talking. And, by the way, we execute escaping prisoners. Just a friendly reminder.",대화는 금지네. 그런데 우리는 탈옥범은 사형시키지. 그냥 다시 한번 염두해 두라고.,record,False,False,False,False,,
Oblivion.esm,INFO,000C4528,,NAM1,0,,,How can I assist you today?,또 뭐가 필요하시오?,record,False,False,False,False,,
Oblivion.esm,INFO,000C4529,,NAM1,0,,,"Ah, I'm sure you've come to pay homage to the greatest fighting force to grace the lands of Cyrodiil!","아, 물론 자네가 영광의 땅 시로딜의 가장 강대한 전투력에 경의를 표하리라 확신하네!",record,False,False,False,False,,
Oblivion.esm,INFO,000C452B,,NAM1,0,,,What can Lord Farwil do for you?,"귀공을 위해, Farwil경으로써 무엇을 해주면 되겠나?",record,False,True,False,False,MEDIUM,Farwil
Oblivion.esm,INFO,000C4533,,NAM1,0,,,I bid you welcome.,환영합니다.,record,False,False,False,False,,
Oblivion.esm,INFO,0018917E,,NAM1,0,,,Any luck taking down Lonavo?,Lonavo를 박살 냈나?,record,False,True,False,False,MEDIUM,Lonavo
Oblivion.esm,INFO,0018917F,,NAM1,0,,,Hmmm. Perhaps you'll be able to assist me. I'm after some skooma dealers.,음... 자네라면 나를 도울 수 있을것 같군. 나는 스쿠마 거래상의 뒤를 쫓고 있다.,record,False,False,False,False,,
Oblivion.esm,INFO,00189CFD,,NAM1,0,,,What news do you bring me from Exhausted Mine? ,Exhausted Mine에서 무슨 소식이라도 가져 오셨나요?,record,False,True,False,False,MEDIUM,"Exhausted, Mine"
Oblivion.esm,INFO,00189D00,,NAM1,0,,,"Please... I implore you, help me avenge my wife's death!",제발 이렇게 빌겠습니다. 죽은 제 아내의 복수를 할 수 있게 해 주십시오!,record,False,False,False,False,,
Oblivion.esm,INFO,0018A959,,NAM1,0,,,I hope your expedition has been more successful than mine.,자네의 여행이 나보단 더 성공적이었길 바라네.,record,False,False,False,False,,
Oblivion.esm,INFO,0018ABCF,,NAM1,0,,,I assume you've dealt with Raelynn appropriately.,당신이 적절하게 Raelynn을 처리했다고 생각드는군요.,record,False,True,False,False,MEDIUM,Raelynn
Oblivion.esm,INFO,0018ABD0,,NAM1,0,,,"I don't know how to make this request any simpler, but to put it bluntly, Raelynn the Gravefinder must die.",어떻게 이 요청을 드려야 할지 모르겠습니다. 하지만 그 무덤을 전전하며 사는 Raelynn은 죽여야만 합니다.,record,False,True,False,False,MEDIUM,Raelynn
Oblivion.esm,INFO,0018AFD7,,NAM1,0,,,"I don't know where those bears came from, or why they picked my place to attack, but you must drive them away.",전 그 곰들이 어디서 왔는지 모르고 또한 왜 제 농장을 택했는지 모르지만 그 놈들을 쫓아야 한다는 건 틀림없습니다.,record,False,False,False,False,,
Oblivion.esm,INFO,0018AFD8,,NAM1,0,,,"I wish I could be more hospitable, but I'm a bit distracted. It seems I'm having a bear problem and I just don't know what to do.","손님 대접을 제대로 해드려야 하겠지만, 저는 지금 미칠 지경입니다. 곰에 대한 문제 때문에 어떻게 해야 할 지 모르겠어요.",record,False,False,False,False,,
Oblivion.esm,INFO,0018D92C,,NAM1,0,,,Any luck on those bottles of Shadowbanish Wine yet?,아직 Shadowbanish Wine에 대한 소식은 없나요?,record,False,True,False,False,MEDIUM,"Shadowbanish, Wine"
Oblivion.esm,INFO,0018D2F7,,NAM1,0,,,Welcome to the Wawnet Inn. Could I interest you in a room or perhaps a bit of wine?,웨넷 여관(Wawnet Inn)에 오신 걸 환영해요. 방이나 아님 혹시 와인에 관심 있어요?,record,True,True,False,False,HIGH,"Wawnet, Inn"
Oblivion.esm,INFO,00071097,,NAM1,0,,,Have you found me ectoplasm?,당신 내게 엑토플라즘(ectoplasm)을 찾아줄 수 있나요?,record,True,True,False,False,HIGH,ectoplasm
Oblivion.esm,INFO,0004F8AF,,NAM1,0,,,"I don't see any scamps, or the staff!",어떤 스캠프나 staff도 난 못 봤어요!,record,False,True,False,False,MEDIUM,staff
Oblivion.esm,INFO,00026BAF,,NAM1,0,,,Have you spoken to S'drassa yet? I hear she eagerly awaits your return.,아직 S'drassa 와 얘기하지 않았어요? 당신의 귀환을 간절히 기다린다고 들었는데.,record,False,True,False,False,MEDIUM,S'drassa
Oblivion.esm,INFO,000314F4,,NAM1,0,,,Hello. I'm not really in the mood to chat right now.,이봐요. 난 지금 대화를 나눌 기분이 아니에요.,record,False,False,False,False,,
Oblivion.esm,INFO,0015974A,,NAM1,0,,,It is quite nice to see you again. I hope you are faring well.,다시 보게 되어 기쁘군요. 잘 지내기를 바래요.,record,False,False,False,False,,
Oblivion.esm,INFO,000314F7,,NAM1,0,,,"Ahhh! You have returned from your investigation, and I am eager to hear the results.",오! 조사 결과가 나왔나 보군요. 무척이나 궁금하군요.,record,False,False,False,False,,
Oblivion.esm,INFO,000314F7,,NAM1,1,,,Whom did you accuse?,누가 범인이죠?,record,False,False,False,False,,
Oblivion.esm,INFO,0001DA4D,,NAM1,0,,,It's so good to see you again. I've spent a good deal of time speaking with Gilen and Grey-Throat. They agree that the Order should live on.,"다시 만나게 되어 반갑군요. 나는 Gilen, Grey-throat와 좋은 협상의 시간을 가졌고, 그들은 Oders of the Virtuous Blood(고결한 피의 수호단)의 활동을 재개하는데 동의하였습니다.",record,False,True,False,False,MEDIUM,"Gilen, Grey-throat, Oders, of, the, Virtuous, Blood"
Oblivion.esm,INFO,0001DA4D,,NAM1,1,,,"Not only that, but we'd like to make you an honorary member. If you're ever in need of our services, we'd be happy to provide them for you.",뿐만 아니라. 우리는 당신을 명예회원으로 추앙키로 했어요. 만일 우리의 지원이 필요하다면 우리는 기쁘게 당신에게 그것을 제공하겠습니다.,record,False,False,False,False,,
Oblivion.esm,INFO,0001DA4D,,NAM1,2,,,"In addition, we'd like to reward you with this enchanted ring. Use it well in the fight.","추가로, 우리는 이 마법이 걸려 있는 반지를 당신에게 보상으로 주고 싶어요. 전투시 그걸 잘 활용하세요.",record,False,False,False,False,,
Oblivion.esm,INFO,000B0719,,NAM1,0,,,Please! I've got to get to work! All we have left is the farm!,제발! 난 일하지 않으면 안됩니다! 우리에게 남겨진 것은 이 농장뿐입니다!,record,False,False,False,False,,
Oblivion.esm,INFO,0001EBD4,,NAM1,0,,,Please! I've got to get to work. If I don't... who knows what those ogres will do to me!,제발! 나는 일하지 않으면 안됩니다. 그렇지 않으면... 저 오거들에게 무슨 짓을 당할지 몰라요!,record,False,False,False,False,,
Oblivion.esm,INFO,0001822C,,NAM1,0,,,Have you recovered the Madstone?,Madstone을 가지고 왔나요?,record,False,True,False,False,MEDIUM,Madstone
Oblivion.esm,INFO,0001822D,,NAM1,0,,,I'm pleased you decided to find the Madstone. It will be the highlight of my collection.,당신이 Madstone을 찾기로 해서 기쁘군요. 그건 내 수집품의 하이라이트가 될 거에요.,record,False,True,False,False,MEDIUM,Madstone
Oblivion.esm,INFO,0001822F,,NAM1,0,,,"Back to take me up on that offer, eh? I knew you couldn't resist.",제안을 받아들이기로 했군요? 난 당신이 거절 못할 줄 알았어요.,record,False,False,False,False,,
Oblivion.esm,INFO,00018231,,NAM1,0,,,I've heard much about your deeds from my people in Bruma.,나의 브루마 시민들에게서 당신의 무훈에 대해 많은 것을 들었어요.,record,False,False,False,False,,
Oblivion.esm,INFO,00018231,,NAM1,1,,,I trust that the stipend Tolgan gave you whetted your appetite?,Tolgan이 당신에게 준 작은 보상금이 입맛에 들었던 모양이군요?,record,False,True,False,False,MEDIUM,Tolgan
Oblivion.esm,INFO,0001BB1F,,NAM1,0,,,I don't know how to thank you. You have a good heart to help get me back home. I'll never forget what you've done for me.,어떻게 감사의 인사를 드려야 할지. 덕분에 제가 집에 무사히 돌아올 수 있었습니다. 당신의 도움을 결코 영원히 잊지 않을 것입니다.,record,False,False,False,False,,
Oblivion.esm,INFO,0001BB1F,,NAM1,1,,,"Here, please take this apron as a token of our friendship. It's not much, but perhaps it will help you in the future.","여기요, 우리 우정의 증표로 이 앞치마를 받아 주십시오. 대단한 건 아니지만, 미래에 분명 도움이 될 것입니다.",record,False,False,False,False,,
Oblivion.esm,INFO,0001BB1F,,NAM1,2,,,"All I ask in return is to keep the Brush's existence secret. If word gets around that I have it, I'm afraid more than a lone cutpurse will visit me.","한 가지 부탁드리고 싶은게 있다면 붓의 존재를 부디 비밀로 해 주십시오. 만약 소문이 퍼지기 시작하면, 얼마나 많은 도둑들이 찾아올 지 가늠도 할 수 없으니까요.",record,False,False,False,False,,
Oblivion.esm,INFO,00022489,,NAM1,0,,,You're back! And Antus is with you.... thank you for bringing him home safely.,자네 돌아왔구먼! 그리고 안투스도 같이 있고... 그 애를 무사히 집에 데리고 와줘서 고맙네.,record,False,False,False,False,,
Oblivion.esm,INFO,00022489,,NAM1,1,,,"But where is Rallus? I don't see him...  oh, please tell me I haven't lost one of my sons.","그런데 랄루스는 어디 있나? 그 애가 보이지 않아... 오, 제발 내가 그 애를 잃지 않았다고 말해주게.",record,False,False,False,False,,
Oblivion.esm,INFO,0002248D,,NAM1,0,,,You're back! And Rallus is with you.... but where is Antus? I don't see him.,자네 돌아왔구먼! 그리고 랄루스도 함께 있고... 그런데 안투스는 어디 있나? 그 애가 보이지 않는데.,record,False,False,False,False,,
Oblivion.esm,INFO,00022490,,NAM1,0,,,You're back! And you've brought my sons with you! How wonderful!,자네 돌아왔구먼! 그리고 내 아들들도 함께 데려왔어! 이 얼마나 굉장한 일인가!,record,False,False,False,False,,
Oblivion.esm,INFO,00031E9F,,NAM1,0,,,Thank you for getting me out of that cursed place. 'Tis ashame Farwil didn't make it. At least he died doing what he loved.,저 저주받은 곳에서 나오게 해줘서 고맙습니다. 파윌(Farwil)은 비록 죽었지만 그는 자신이 사랑하는 것들을 위해 죽었어요.,record,True,True,False,False,HIGH,Farwil
Oblivion.esm,INFO,00031EB2,,NAM1,0,,,Thank you for getting me out of that cursed place.,저 저주받은 곳에서 나오게 해줘서 고맙습니다.,record,False,False,False,False,,
Oblivion.esm,INFO,0003357F,,NAM1,0,,,Ah! Cheydinhal... it's good to see its walls again.,아! Cheydinhal... 이 성벽이 얼마나 그리웠던가.,record,False,True,False,False,MEDIUM,Cheydinhal
Oblivion.esm,INFO,00033580,,NAM1,0,,,"All this, and now Farwil is dead. Oblivion is truly cursed. Make sure you take his signet ring to bring to the Count. He would want proof.","이렇게 까지 했는데도 파윌(Farwil)이 죽다니, 정말이지 오블리비언은 저주 받은 곳입니다. 인장 반지를 챙기세요. 백작님이 원하실 겁니다.",record,True,True,False,False,HIGH,Farwil
Oblivion.esm,INFO,00037CE5,,NAM1,0,,,Congratulations. I had a feeling you would catch on sooner or later. Leaving that journal behind was a stupid mistake on my part.,축하하네. 어차피 머지않아 따라 잡힌다고 생각했어. 그 일지를 남겨 두고 온 것이 터무니없는 실수였어.,record,False,False,False,False,,
Oblivion.esm,INFO,00037CE5,,NAM1,1,,,"I saw you enter Olav's Tap and Tack before I could get there, and I knew that I had to sneak out of Bruma somehow.",네가 Olav's Tap and Tack에 들어가는 것을 밖에서 봤을 때 깨달았지. Bruma에서 어떻게든 탈출해야 겠다고 말야.,record,False,True,False,False,MEDIUM,"Olav's, Tap, and, Tack, Bruma"
Oblivion.esm,INFO,00037CE5,,NAM1,2,,,"It was only a matter of time before you or Carius figured it out. No matter. After I've killed you, I won't need my vampire hunter ruse any longer.",너나 Carius가 눈치채는 건 단지 시간 문제였어. 뭐 상관 없다. 널 죽여버리면 더이상 뱀파이어 헌터라고 사칭하고 다닐 필요도 없을테니.,record,False,True,False,False,MEDIUM,Carius
Oblivion.esm,INFO,000919C4,,NAM1,0,,,"I'm sorry, there's nothing else you can assist with at this point.","유감입니다만, 지금은 당신이 도와줄 것은 아무것도 없소.",record,False,False,False,False,,
Oblivion.esm,INFO,00038AF2,,NAM1,0,,,I see from your expression that you have grave news.,당신 표정을 보니 심상치 않은 소식이 있나 보군요.,record,False,False,False,False,,
Oblivion.esm,INFO,00038F1A,,NAM1,0,,,You're back! What happened?,돌아왔군요! 어떻게 됐어요?,record,False,False,False,False,,
Oblivion.esm,INFO,00038AF3,,NAM1,0,,,What brings you to me this day?,오늘은 무슨 소식을 가져 왔습니까?,record,False,False,False,False,,
Oblivion.esm,INFO,00038AF5,,NAM1,0,,,I see from your expression that you were successful.,당신이 성공했다는 게 당신 표정에서 보입니다.,record,False,False,False,False,,
Oblivion.esm,INFO,00062456,,NAM1,0,,,"Not bad.... Not bad at all! Okay, you've definitely got some potential. I'll teach you what I know.","나쁘지 않습니다.. 절대로 나쁘지 않아요! 좋아요, 당신에게는 확실히 잠재능력이 있습니다. 제가 알고 있는 것을 당신에게 가르쳐드리죠.",record,False,False,False,False,,
Oblivion.esm,INFO,00062334,,NAM1,0,,,"Nicely done. You want training from me, you've got it.",잘했어. 이제 넌 원하는 능력을 얻었군.,record,False,False,False,False,,
Oblivion.esm,INFO,00062335,,NAM1,0,,,Didn't I tell you no weapons allowed? Clearly this isn't important to you. We're done here.,그 어떤 무기도 허용치 않겠다고 말하지 않았나요? 분명 당신에겐 쓸모 없는 얘기로 들렸나 보군요. 이만 끝내죠,record,False,False,False,False,,
Oblivion.esm,INFO,0018D150,,NAM1,0,,,You have passed your test. Well done. I shall be more than happy to train you in the skill of Alteration from now on.,시험에 합격한 것 같군요. 잘했습니다. 기꺼이 당신에게 변화마법의 교육을 해 주겠습니다.,record,False,False,False,False,,
Oblivion.esm,INFO,0018D151,,NAM1,0,,,"I'm afraid you have failed the test. I warned you to stay close. We can try again some other time, perhaps.",시험에 실패한 것 같군요. 좀 더 제 곁에 계시지 않으면 안됩니다. 다시 도전해보세요.,record,False,False,False,False,,
Oblivion.esm,INFO,00070228,,NAM1,0,,,"The Order of the Black Worm will feast on your soul, mortal.",Black Worm 결사가 네 soul을 가지고 파티를 열거다. 모탈.,record,False,True,False,False,MEDIUM,"Black, Worm, soul"
Oblivion.esm,INFO,0006C29D,,NAM1,0,,,How about you just keep walking?,그냥 계속 걸으시는게 어때요?,record,False,False,False,False,,
Oblivion.esm,INFO,0006C29F,,NAM1,0,,,Step aside.,비켜요.,record,False,False,False,False,,
Oblivion.esm,INFO,0006C2A0,,NAM1,0,,,Leave me alone. I'm busy.,저를 내버려 두세요. 전 바쁘다구요.,record,False,False,False,False,,
Oblivion.esm,INFO,0006C2A1,,NAM1,0,,,"I'm here on business, and you're not part of it. Take a hike.",저는 이곳에 일때문에 왔고 당신은 아니에요. 이만 가보세요.,record,False,False,False,False,,
Oblivion.esm,INFO,0006C26F,,NAM1,0,,,Go away! You'll ruin everything!,꺼져요! 당신이 모든걸 망칠거요!,record,False,False,False,False,,
Oblivion.esm,INFO,00068DC3,,NAM1,0,,,"What are you thinking, wearing something like that? Take it off at once!","그런걸 입다니, 무슨 생각이에요? 당장 벗으세요!",record,False,False,False,False,,
Oblivion.esm,INFO,00068DC5,,NAM1,0,,,Are you out of your mind? Take that robe off at once!,당신 정신나갔어요? 그 로브를 당장 벗으세요!,record,False,False,False,False,,
Oblivion.esm,INFO,00115EDC,,NAM1,0,,,"The Council requires more time. Please, be patient. I will have work for you soon enough.",Council은 더 많은 시간을 필요로 해네. 제발 인내심을 가져. 내가 자네를 위해 그게 빠르게 처리되도록 노력하겠네.,record,False,True,False,False,MEDIUM,Council
Oblivion.esm,INFO,001778F6,,NAM1,0,,,My attention is focused on the Council right now. I will need you soon enough; I need more time.,"내 주의는 지금 Council에 가있네. 곧 자네를 필요로 할것이지만, 시간이 필요해. ",record,False,True,False,False,MEDIUM,Council
Oblivion.esm,INFO,000C5415,,NAM1,0,,,"Before we continue, you should speak to Raminus Polus about your advancement within the guild.","우리가 더이상 뭘 하기 전에, 자네는 길드내 승급을 위해서 Raminus Polus와 얘기해 봐야 해.",record,False,True,False,False,MEDIUM,"Raminus, Polus"
Oblivion.esm,INFO,00024F66,,NAM1,0,,,You've been suspended from the guild. You'd better see Raminus Polus if you want fix things.,당신은 길드로부터 제명 당했어요. 그걸 고치고 싶다면 Raminus Polus를 만나봐야 할 거에요,record,False,True,False,False,MEDIUM,"Raminus, Polus"
Oblivion.esm,INFO,00024FC9,,NAM1,0,,,"Oh, your guild privileges have been suspended. You should speak with Raminus Polus at the Arcane University to rectify the situation.","오, 당신이 길드에서 가지는 권리의 효력은 발효중지당했어요. 이 상황을 되돌리고 싶으면 아케인대학의 Raminus Polus와 이야기하세요.",record,False,True,False,False,MEDIUM,"Raminus, Polus"
Oblivion.esm,INFO,00024FD4,,NAM1,0,,,"I presumed it was only a matter of time before you'd be expelled. Once again, I am proven correct.",나는 언젠가 자네가 쫓겨날 거라고 생각했지. 역시 내 생각은 옳았어.,record,False,False,False,False,,
Oblivion.esm,INFO,00024FD4,,NAM1,1,,,"Should you decide to further waste the guild's time, Raminus Polus at the Arcane University can reinstate you.",더이상 길드의 시간을 빼았지 말게. 아케인 대학의 Raminus Polus가 자네를 도와줄 수 있을거야.,record,False,True,False,False,MEDIUM,"Raminus, Polus"
Oblivion.esm,INFO,0002500F,,NAM1,0,,,"I see that you've been suspended from the guild. I've never had to deal with this before, but I do know what you'll need to do.","당신 길드로부터 제적 당했군요. 저는 한번도 이런 일을 처리해 본적은 없지만, 무얼 해야 할지는 알고있지요.",record,False,False,False,False,,
Oblivion.esm,INFO,0002500F,,NAM1,1,,,"Speak with Raminus Polus at the Arcane University. He can lift the suspension, and get you back on track.",아케인대학의 Raminus Polus와 대화해 보세요. 그가 당신을 도와줄 수 있을거에요.,record,False,True,False,False,MEDIUM,"Raminus, Polus"
Oblivion.esm,INFO,00025033,,NAM1,0,,,"You have been found guilty of breaking guild rules, and have been suspended. Should you wish to clear your name, speak with Raminus Polus at once.",자네는 길드 규칙을 어기는 죄를 저질러 제명 당했네. 다시 들어오고 싶으면 바로Raminus Polus와 이야기해보게.,record,False,True,False,False,MEDIUM,"Raminus, Polus"
Oblivion.esm,INFO,00025033,,NAM1,1,,,He can be found at the Arcane University in the Imperial City. I'm very disappointed in you.,그는 임페리얼시티의 아케인 대학에 있을걸세. 자네는 나를 실망시키는군.,record,False,False,False,False,,
Oblivion.esm,INFO,00025034,,NAM1,0,,,"Oh, you just go talk to Raminus Polus at the Arcane University, and he'll have things straightened out in no time.","오, 당신은 아케인 대학의 Raminus Polus와 이야기해야 해요. 그가 상황을 바로잡아 줄 거에요.",record,False,True,False,False,MEDIUM,"Raminus, Polus"
Oblivion.esm,INFO,00025034,,NAM1,1,,,"Until then, I'm afraid it wouldn't be in my best interests to be seen talking to you. You understand, of course.",그때까지는 미안하지만 당신과 더이상 이야기할수는 없군요. 이해하리라 믿어요. ,record,False,False,False,False,,
Oblivion.esm,INFO,00025035,,NAM1,0,,,"I have seen what you have done, child, and how you must make amends with the guild.",난 네가 무슨 일을 했는지 보았단다 아이야. 그리고 다시 길드에 들어오려면 어떻게 해야 하는 지도 알지.,record,False,False,False,False,,
Oblivion.esm,INFO,00025035,,NAM1,1,,,Seek out Raminus Polus at the Arcane University. He alone can open the guild to you again.,아케인대학에서 Raminus Polus를 찾거라. 그만이 너를 다시 길드에 들어오게 할 수 있을거야.,record,False,True,False,False,MEDIUM,"Raminus, Polus"
Oblivion.esm,INFO,00025036,,NAM1,0,,,Your actions have gotten you suspended from the guild.,당신이 한 일 때문에 당신은 길드에서 제명당했어요.,record,False,False,False,False,,
Oblivion.esm,INFO,00025036,,NAM1,1,,,There's nothing I can do for you. You'll have to speak with Raminus Polus at the Arcane University. Only he can lift the suspension.,제가 해줄수 있는 일은 없군요. 당신은 아케인 대학에서 라미누스 폴루스와 이야기해 보아야 해요. 그만이 당신의 제명처분을 무효화 할 수 있어요.,record,False,False,False,False,,
Oblivion.esm,INFO,0005323B,,NAM1,0,,,I'm afraid this area is restricted to Guild mages. You'll have to leave.,미안하지만 이 지역은 오직 길드메이지만을 위한 곳입니다. 당신은 떠나주시죠.,record,False,False,False,False,,
Oblivion.esm,INFO,00053245,,NAM1,0,,,"Wellspring Grove is owned by the Mages Guild. You're not a member, so I'm afraid you're not supposed to be here.",Wellspring Grove는 메이지길드 소유에요. 당신은 길드원이 아니니 여기 있으면 안돼요.,record,False,True,False,False,MEDIUM,"Wellspring, Grove"
Oblivion.esm,INFO,0006C5C2,,NAM1,0,,,Welcome to the Arcane University.,아케인 대학에 온걸 환영하오.,record,False,False,False,False,,
Oblivion.esm,INFO,0001EBB4,,NAM1,0,,,Your business with Vaermina is complete. Tremble should she visit you in your dreams.,Vaermina와의 일은 끝났다. 그녀가 꿈에 나타날 것을 두려워하며 떨어라.,record,False,True,False,False,MEDIUM,Vaermina
Oblivion.esm,INFO,0001EBBB,,NAM1,0,,,Vaermina has spoken to you. Surely you are blessed.,Vaermina가 너와 대화했다. 분명 너는 축복받았다.,record,False,True,False,False,MEDIUM,Vaermina
Oblivion.esm,INFO,0001EBC1,,NAM1,0,,,I have mastered my fears. There is no terror to compare with what Vaermina has shown me in my dreams.,나는 두려움을 극복했습니다. Vaermina가 꿈속에서 보여준 것과 비교할 수 있는 공포는 존재하지 않습니다.,record,False,True,False,False,MEDIUM,Vaermina
Oblivion.esm,INFO,0008ADC3,,NAM1,0,,,"I have seen everything. After you've seen through Vaermina's eyes, nothing can frighten you.","나는 모든 걸 보고 말았습니다. Vaermina의 눈을 통해 보여지면, 그 무엇으로도 마음이 어지럽히지 않게 됩니다.",record,False,True,False,False,MEDIUM,Vaermina
Oblivion.esm,INFO,0008ADC4,,NAM1,0,,,"Who are you, who dares to walk in the House of Shadow? What business do you have with the Lord Vaermina?","누구냐, 감히 누가 House of Shadow에 들어서는가? Lord Vaermina에 무슨 용무인가?",record,False,True,False,False,MEDIUM,"House, of, Shadow, Lord, Vaermina"
Oblivion.esm,INFO,00026901,,NAM1,0,,,Sanguine is pleased. It is reason to celebrate.,Sanguine이 만족하고 있소. 그래서 축하하고 있는 것이오.,record,False,True,False,False,MEDIUM,Sanguine
Oblivion.esm,INFO,0002697A,,NAM1,0,,,"Sanguine has set you to a task. Do what you must, so we may drink to your success.",Sanguine이 너에게 사명을 내리셨다. 해야 할 일을 하도록. 그럼 우리는 네 성공을 위해 건배하겠어.,record,False,True,False,False,MEDIUM,Sanguine
Oblivion.esm,INFO,00026A9D,,NAM1,0,,,"You have been told how to summon Sanguine. If you feel worthy, proceed.","네게 Sanguine의 소환 방법을 가르쳐 줬소. 해볼만한 가치가 있다고 생각하면, 해보시오.",record,False,True,False,False,MEDIUM,Sanguine
Oblivion.esm,INFO,000B11CA,,NAM1,0,,,It all feels good. It's all fun. Why not?,좋아. 재밌어. 그렇지 않나?,record,False,False,False,False,,
Oblivion.esm,INFO,000B11CB,,NAM1,0,,,I joined for the parties. And stayed for the parties. Why would I go back to work? That life is for suckers and fools.,파티에 참가하고 파티를 즐기는 거야. 왜 다시 일하러 가야 돼지? 그런 삶은 바보 멍청이나 하는 거라고.,record,False,False,False,False,,
Oblivion.esm,INFO,00026AA4,,NAM1,0,,,Have you come to revel in the glory that is the Shrine of Sanguine?,Sanguine 성지의 눈부신 환락에 빠지러 왔는가?,record,False,True,False,False,MEDIUM,Sanguine
Oblivion.esm,INFO,000B1214,,NAM1,0,,,Hold on there! There'll be no sneaking into the Countess' dinner party. Allow me to escort you out of here.,"거기, 멈추시오! 후작의 만찬에 잠입하는 것은 허용되지 않습니다. 밖으로 나가도록 안내해 주겠습니다.",record,False,False,False,False,,
Oblivion.esm,INFO,0001C24D,,NAM1,0,,,"Hold on. There's a dinner party here tonight, and no one gets in the room until it's prepared.","멈추시오. 오늘 저녁, 여기서 만찬이 개최됩니다. 준비가 완료될때 까지 아무도 방에 들어갈 수 없습니다.",record,False,False,False,False,,
Oblivion.esm,INFO,0001C24D,,NAM1,1,,,"And no one gets in the room even after it's prepared, unless they're on the list. And even if they're on the list, they'd better be dressed for it.",그리고 명단에 없는 분은 준비가 완료된 후라도 방에 들어갈 수 없습니다. 또한 명단에 있는 분들도 정장차림이 아니면 안됩니다.,record,False,False,False,False,,
Oblivion.esm,INFO,0001C24D,,NAM1,2,,,"This is important to the Countess, and no one is going to muck it up. Got it?",부인에게 있어 이것은 중요한 것입니다. 예외는 절대로 없습니다. 알겠습니까?,record,False,False,False,False,,
Oblivion.esm,INFO,000B1217,,NAM1,0,,,What're you doing here? You don't look like one of the party guests. I don't remember you on the list.,여기서 뭘하고 있는 거지? 파티 손님처럼 보이진 않는데. 명단에서 네 이름을 본 기억은 없다.,record,False,False,False,False,,
Oblivion.esm,INFO,0001EBC7,,NAM1,0,,,We're back. Thank Peryite!,우리가 돌아왔군요. Peryite여 감사합니다!,record,False,True,False,False,MEDIUM,Peryite
Oblivion.esm,INFO,0001CE92,,NAM1,0,,,"Namira is pleased, foul one. May your days be filled with the hurtful stares of others. Dwell joyously in filth and squalor.","불결한 자, Namira는 기뻐하고 계신다. 네게 다가올 날들이 타인의 따가운 시선으로 충만하기를. 오물과 더러움 속에서 기쁨을 만끽하시오.",record,False,True,False,False,MEDIUM,Namira
Oblivion.esm,INFO,0001CE93,,NAM1,0,,,"You have been given a task by Namira? Truly, you are terrible in my eyes. Disgusting and foul. Blessed are you.",Namira께서 사명을 내려 주셨는가? 네 모습은 정말 지독해 보이는데. 매스껍고 역겨워. 축복받은거지.,record,False,True,False,False,MEDIUM,Namira
Oblivion.esm,INFO,0001CE94,,NAM1,0,,,You have been told to approach the shrine. Perhaps Namira will find favor in you.,성지로 다가가봐라. 아마 너라면 Namira의 총애를 받게 될 거야.,record,False,True,False,False,MEDIUM,Namira
Oblivion.esm,INFO,0001CE95,,NAM1,0,,,"Ahh... much better. You repulse me now, at least to a degree. Others should find you foul, disgusting. Namira may be pleased. Approach the shrine.",아... 좋군. 네게는 조금도 접근할 수 없겠어. 다른 사람들도 너를 더럽고 불쾌하다고 생각할게 분명해. Namira는 환영할테니 성지로 다가가봐.,record,False,True,False,False,MEDIUM,Namira
Oblivion.esm,INFO,000A9481,,NAM1,0,,,Go to his shrine. See what lies ahead.,성지로 가시오. 가보면 알것이다.,record,False,False,False,False,,
Oblivion.esm,INFO,000A9485,,NAM1,0,,,You are summoned by the Lord Hermaeus Mora. He sees your path as he sees all things. Make your way to his shrine.,너는 Lord Hermaeus Mora에 불려 온 것이다. 그는 만물을 보는것과 만찬가지로 당신의 장래도 볼 것이오. 그의 성지로 가보시오.,record,False,True,False,False,MEDIUM,"Lord, Hermaeus, Mora"
Oblivion.esm,INFO,0001EF74,,NAM1,0,,,"Blessed are you, who walks his true path. Enlightened are you, who learns of himself.",진실의 길을 걷는 자에게 축복을. 자신을 깨우치는 그대에게 빛이 비추리라.,record,False,False,False,False,,
Oblivion.esm,INFO,0001EF76,,NAM1,0,,,"If you have followed the path before you, speak with our Lord.","그 길을 따라 왔다면, 우리의 군주(Lord)와 말해 보시오.",record,True,True,False,False,HIGH,Lord
Oblivion.esm,INFO,0001EF77,,NAM1,0,,,The Lord Hermaeus has set you on a new path. Follow it and return to him.,"Lord Hermaeus은 너에게 새로운 길을 나타내 줄 것이다. 그 길을 따라 가고, 다시 돌아 오시오.",record,False,True,False,False,MEDIUM,"Lord, Hermaeus"
Oblivion.esm,INFO,0001EF75,,NAM1,0,,,Blessed are you. How may I serve you?,축복 받으시길. 어떻게 도와드릴까요?,record,False,False,False,False,,
Oblivion.esm,INFO,00026904,,NAM1,0,,,You have been set on a path. Follow it.,당신의 눈앞에 펼쳐진 그길을 따라가시오.,record,False,False,False,False,,
Oblivion.esm,INFO,00026A9E,,NAM1,0,,,Yes? Why do you not approach the Shrine?,예? 왜 성지에 다가가지 않는지?,record,False,False,False,False,,
Oblivion.esm,INFO,0001EBC0,,NAM1,0,,,You have been told what you must do to speak with our Lady. What more do you ask of us?,성녀님과 얘기하기 위해 필요한 것에 대해 이미 말했소. 더 이상 궁금한 게 뭐가 있겠소?,record,False,False,False,False,,
Oblivion.esm,INFO,0001EBC5,,NAM1,0,,,I'm trying to concentrate. If you don't mind...?,웬만하면 집중하게 좀 내버려 두시겠소?,record,False,False,False,False,,
Oblivion.esm,INFO,000981EA,,NAM1,0,,,This place is sacred. Please respect our privacy.,여긴 신성한 곳이오. 예를 갖추시오.,record,False,False,False,False,,
Oblivion.esm,INFO,0001EBB8,,NAM1,0,,,"What business do you have with Meridia, Lady of Infinite Energies?",무한 에너지의 여신인 Meridia에게 무슨 용무인가?,record,False,True,False,False,MEDIUM,Meridia
Oblivion.esm,INFO,0001EBB7,,NAM1,0,,,"Malacath likes you. You don't look very foul or ugly... but just keep doing ugly stuff, and you'll be fine.","Malacath는 너를 좋아하고 있다. 근데 넌 그다지 불결하지도 흉하게 보이지도 않아... 하지만 추한점을 늘려가봐, 그럼 훨씬 좋아 보일거야.",record,False,True,False,False,MEDIUM,Malacath
Oblivion.esm,INFO,00026967,,NAM1,0,,,Malacath must think you're okay. Congratulations. You must be as ugly and disgusting as the rest of us.,Malacath는 너라면 괜찮다고 생각할거야. 축하한다. 넌 우리만큼이나 추하고 역겨울 정도야.,record,False,True,False,False,MEDIUM,Malacath
Oblivion.esm,INFO,00026A9B,,NAM1,0,,,You've been told what you have to do.,네가 해야 할 일을 들었을 테다.,record,False,False,False,False,,
Oblivion.esm,INFO,00026AA3,,NAM1,0,,,"You've found the shrine of the Lord Malacath, friend Orc. You are welcome here.",Lord Malacath의 성지에 왔군. 오크 친구. 너라면 환영이야.,record,False,True,False,False,MEDIUM,"Lord, Malacath"
Oblivion.esm,INFO,0001EBBD,,NAM1,0,,,You dare come here to the shrine of our lord? You are not one of us.,네가 감히 우리 주인님의 성지에 왔다는 거냐? 넌 우리 동료가 아니야.,record,False,False,False,False,,
Oblivion.esm,INFO,000981F4,,NAM1,0,,,Were you invited? I didn't invite you.,너는 이곳에 초대된 것인가? 내가 부른 기억 따윈 없는거 같은데.,record,False,False,False,False,,
Oblivion.esm,INFO,000981F6,,NAM1,0,,,Who's talking to you? I'm not.,누구하고 말하고 있는거야? 난 아닌데.,record,False,False,False,False,,
Oblivion.esm,INFO,000B0718,,NAM1,0,,,You've murdered the poor beasts! And ruined us! Leave us alone!,네가 그 불쌍한 짐승들을 죽인거야! 그리고 우린 엉망이 됐어! 우릴 내버려둬!,record,False,False,False,False,,
Oblivion.esm,INFO,0001EBC4,,NAM1,0,,,"Now my poor husband is the slave, and the ogres are his masters. They haven't harmed us, but he's never worked so hard in his life.","불쌍한 남편은 이제 노예이고, 오거들이 우리 주인입니다. 녀석들은 우리를 해치진 않지만, 이런 중노동은 여지껏 처음이에요.",record,False,False,False,False,,
Oblivion.esm,INFO,000981F8,,NAM1,0,,,"I'm afraid you've upset my husband. Please, leave before he loses his temper. I beg you.",제 남편이 당신을 화나게 하진 않는지 걱정이네요. 아무쪼록 그가 이성을 잃기전에 부디 나가주세요. 부탁입니다.,record,False,False,False,False,,
Oblivion.esm,INFO,0001EBCA,,NAM1,0,,,"Greetings, traveller. What is your business here?","여행자여, 안녕하세요. 여기엔 무슨 일로?",record,False,False,False,False,,
Oblivion.esm,INFO,0001EBB6,,NAM1,0,,,Some mischief of yours in Bleaker's Way has interfered with Mephala's plans. You're wasting your time here.,Bleaker's Way에서의 너의 장난이 Mephala의 계획을 망쳐놓았다. 너는 여기서 시간 낭비하고 있는것이다.,record,False,True,False,False,MEDIUM,"Bleaker's, Way, Mephala"
Oblivion.esm,INFO,0009DB23,,NAM1,0,,,Your failure angers Mephala. Leave here.,너의 실패는 Mephala의 분노를 샀다. 여길 떠나라.,record,False,True,False,False,MEDIUM,Mephala
Oblivion.esm,INFO,0001EBBC,,NAM1,0,,,"Greetings, favored of the Webspinner, Champion of Mephala.","안녕하세요, Webspinner의 총아, Mephala의 챔피언이여.",record,False,True,False,False,MEDIUM,"Webspinner, Mephala"
Oblivion.esm,INFO,0001EBC3,,NAM1,0,,,Our Lady has given you a task. The blessings of the Webspinner be upon you.,우리들의 여신이 네게 사명을 하사해 주셨다. Webspinner의 가호가 있기를.,record,False,True,False,False,MEDIUM,Webspinner
Oblivion.esm,INFO,0001EBCC,,NAM1,0,,,"You approach the Shrine of Mephala. The Webspinner watches you, stranger.","Mephala의 성지로 왔는가. Webspinner는 너를 주시하고 계신다, 이방인.",record,False,True,False,False,MEDIUM,"Mephala, Webspinner"
Oblivion.esm,INFO,0001EBB5,,NAM1,0,,,"Greetings, favored of Hircine.","Hircine의 총애자여, 안녕하신가.",record,False,True,False,False,MEDIUM,Hircine
Oblivion.esm,INFO,0001EBBF,,NAM1,0,,,"You have been graced with the presence of Hircine. Do not fail him, lest you be hunted for the rest of your days.",Hircine은 너에게 영예를 주었다. 그를 실망시키지 말아라. 그렇지 않으면 너의 남은 일생을 쫓겨다니며 보내게 될것이다.,record,False,True,False,False,MEDIUM,Hircine
Oblivion.esm,INFO,0001EBC6,,NAM1,0,,,You have been told what you need to know. Your path is now your own.,당신은 알아야 할것을 모두 들었소. 당신의 길은 이제 당신의 것이오.,record,False,False,False,False,,
Oblivion.esm,INFO,0001EBCF,,NAM1,0,,,"You approach the Shrine of Hircine. Are you hunter, or are you prey?",너는 Hircine의 성지로 다가왔다. 넌 사냥꾼인가? 아니면 사냥감 인가?,record,False,True,False,False,MEDIUM,Hircine
Oblivion.esm,INFO,000981E8,,NAM1,0,,,This ground is sacred. Show respect.,이 땅은 신성한 곳입니다. 경의를 표하시오.,record,False,False,False,False,,
Oblivion.esm,INFO,000981F5,,NAM1,0,,,You've found this place. Now you must find your way within.,"여기를 찾아 냈는가. 자, 그대는 자신의 갈 길을 찾아야 할 게다.",record,False,False,False,False,,
Oblivion.esm,INFO,0001FDAD,,NAM1,0,,,I'm impressed that you killed all my clients. Doesn't matter. More will come along with their purses fat with gold and hearts lustin' for blood.,"놀랍군 내 의뢰자 모두를 죽이다니, 하지만 신경 쓸 일이 아니지. 피에 미친 심장과 돈을 가진 뚱땡이들은 앞으로 더 올 테니 말이야.",record,False,False,False,False,,
Oblivion.esm,INFO,0001FDAD,,NAM1,1,,,Too bad about Aleron. Didn't need him anymore now that yer here. At least now he's free of his debt... ha ha ha ha!,Aleron의 일은 안됐네. 그는 더 이상 이곳에 있을 필요가 없지 않겠나? 최소한 그의 빚은 탕감됐군. 하하하.. !,record,False,True,False,False,MEDIUM,Aleron
Oblivion.esm,INFO,0001F41C,,NAM1,0,,,Get on that boat and get out of here. Yer wastin' yer own time.,여기서 저 보트를 타고 가면 돼. 시간낭비 말라구.,record,False,False,False,False,,
Oblivion.esm,INFO,000366CB,,NAM1,0,,,I knew one day someone with unyielding virtue would heed my words and speed my release. You risked much to perform such a selfless act.,난 어느 날 내 말을 무시하고 나를 자유롭게 해 줄 단호한 미덕을 지닌 누군가가 있을 거란 걸 알았소. 당신은 그러한 사심 없는 일을 이행하기 위해 더 많은 위험을 감수했지요.,record,False,False,False,False,,
Oblivion.esm,INFO,000366CB,,NAM1,1,,,This noble deed will not go unrewarded. Look upon the ground in this prison. There you will find a map to my gratitude.,이 고결한 행위에 보수가 없을 수는 없소. 이 감옥 아래 지면을 살펴 보시오. 내 감사의 뜻을 담은 지도를 찾을 거외다.,record,False,False,False,False,,
Oblivion.esm,INFO,000366CB,,NAM1,2,,,I thank you with all my heart. Farewell.,"나의 온 마음으로 감사하오. 그럼, 안녕히... ",record,False,False,False,False,,
Oblivion.esm,INFO,0003D48B,,NAM1,0,,,I see you decided to take us up on our offer. Good. We could use another gal in the gang.,우리가 제의한 일을 하기로 결심한 것으로 알겠어요. 우린 갱단에 다른 여성을 알아 볼수도 있었다구요.,record,False,False,False,False,,
Oblivion.esm,INFO,0003D48B,,NAM1,1,,,"Here's how it works. We case The Flowing Bowl for a likely subject. Namely, we look for a married guy who drinks a lot.","작업하는 방법을 간단하게... 넘치는 술잔(Flowing Bowl)에서 예를 들어보자면, 즉, 술에 많이 취한 유부남을 찾습니다.",record,True,True,False,False,HIGH,"Flowing, Bowl"
Oblivion.esm,INFO,0003D48B,,NAM1,2,,,Then we'll send you in there where you charm the man and get him to come out to some location we pick to rob him.,그리고 우리는 당신을 그에게 보냅니다. 그럼 당신은 그남자를 유혹한뒤 우리가 강도질할 장소로 오게하는 겁니다.,record,False,False,False,False,,
Oblivion.esm,INFO,0003D48B,,NAM1,3,,,"When he gets there, we make him take off all his clothes, which is very easy by the way. While they're helpless, that's when we spring the trap.","그가 그 장소로 오면, 옷을 모두 벗기고 일사천리로 일이 끝나는 겁니다.",record,False,False,False,False,,
Oblivion.esm,INFO,0003D48B,,NAM1,4,,,"So far, we haven't had to draw one drop of blood. The best part of the whole thing is that the men are so embarrassed, they won't tell the guards!",여태까지 우리는 피한방울 흘리지 않았어요. 남자들은 난처하게 되었으니 경비병에게 신고도 못하는 거죠!,record,False,False,False,False,,
Oblivion.esm,INFO,0003D48B,,NAM1,5,,,"So, the bottom line is, you show a little skin... just a tease. No one touches you. What do you say?","그러면, 하의는 약간 노출이 있게 하세요. 애타게만 하는 거죠. 아무도 손대지 않을 겁니다. 어때요, 해보시겠어요?",record,False,False,False,False,,
Oblivion.esm,INFO,00053751,,NAM1,0,,,"Sorry, I'm too busy counting the number of rat droppings in my cell.","미안하지만, 나는 내 천장에서 떨어지는 쥐의 숫자를 세느라 너무 바빠.",record,False,False,False,False,,
Oblivion.esm,INFO,0001470B,,NAM1,0,,,I have a message for you from the Gray Fox.,그레이 폭스께서 네게 보내시는 전언이 있다.,record,False,False,False,False,,
Oblivion.esm,INFO,0001470C,,NAM1,0,,,You are a credit to the guild.,당신은 길드의 명예로군요.,record,False,False,False,False,,
Oblivion.esm,INFO,0001473E,,NAM1,0,,,I hear the monks were most... hospitable.,그 수도사(monk)들이 실로... 대접이 좋다고 들었네.,record,True,True,False,False,HIGH,monk
Oblivion.esm,INFO,0009DA09,,NAM1,0,,,I see you got my message.,내 메시지를 받았다고 보는데.,record,False,False,False,False,,
Oblivion.esm,INFO,0009D9F3,,NAM1,0,,,Don't you have something to do?,자네 할일이 있지 않나?,record,False,False,False,False,,
Oblivion.esm,INFO,0004CE56,,NAM1,0,,,Welcome to the Horse Whisperer. Are you interested in a horse?,어서 오세요 여기는 말의 속삭임(Horse Whisperer)입니다. 말에 관심이 있으신가요?,record,True,True,False,False,HIGH,"Horse, Whisperer"
Oblivion.esm,INFO,0004D16D,,NAM1,0,,,Welcome to the Horse Whisperer.,어서 오세요 여기는 말의 속삭임(Horse Whisperer)입니다.,record,True,True,False,False,HIGH,"Horse, Whisperer"
Oblivion.esm,INFO,0004D16D,,NAM1,1,,,We don't have any horses for sale right now. You bought our last White horse.,우리는 현재 더 이상 팔 수 있는 말이 없습니다. 당신이 우리의 마지막 흰 말을 사셨습니다.,record,False,False,False,False,,
Oblivion.esm,INFO,0004D16E,,NAM1,0,,,This is one of our finest White horses. Take good care of him.,이 녀석은 우리 White horse 중에서도 최고인 녀석이에요. 예뻐해 주세요.,record,False,True,False,False,MEDIUM,"White, horse"
Oblivion.esm,INFO,0004D171,,NAM1,0,,,"If you are looking to buy a horse, go inside and talk to Clesa.","말을 사시려면, 안으로 들어가서 Clesa에게 말해보세요.",record,False,True,False,False,MEDIUM,Clesa
Oblivion.esm,INFO,0004D826,,NAM1,0,,,This is the Bay Roan stables. Are you interested in a horse?,여기는 은빛의 갈색말 마구간(Bay Roan stables)입니다. 말에 관심이 있으신가요?,record,True,True,False,False,HIGH,"Bay, Roan, stables"
Oblivion.esm,INFO,0004D827,,NAM1,0,,,This is the Bay Roan stables.,여기는 은빛의 갈색말 마구간(Bay Roan stables)입니다.,record,True,True,False,False,HIGH,"Bay, Roan, stables"
Oblivion.esm,INFO,0004D827,,NAM1,1,,,We don't have any horses for sale right now. You bought our last Bay horse.,우리는 현재 더 이상 팔 수 있는 말이 없습니다. 당신이 우리의 마지막 갈색말을 사셨습니다.,record,False,False,False,False,,
Oblivion.esm,INFO,0004D828,,NAM1,0,,,This is one of our best Bay horses. Take good care of him.,이 녀석은 우리 갈색말 중에서도 최고인 녀석이에요. 예뻐해 주세요.,record,False,False,False,False,,
Oblivion.esm,INFO,0004D829,,NAM1,0,,,"If you are looking to buy a horse, go inside and talk to Isabeau.","말을 사시려면, 안으로 들어가서 Isabeau에게 말해보세요.",record,False,True,False,False,MEDIUM,Isabeau
Oblivion.esm,INFO,0004D83E,,NAM1,0,,,I run the North Country Stables. Are you interested in a horse?,내가 North Country Stables를 운영하고 있습니다. 말에 관심있으신가요?,record,False,True,False,False,MEDIUM,"North, Country, Stables"
Oblivion.esm,INFO,0004D83F,,NAM1,0,,,I run the North Country Stables.,내가 North Country Stables를 운영하고 있습니다.,record,False,True,False,False,MEDIUM,"North, Country, Stables"
Oblivion.esm,INFO,0004D83F,,NAM1,1,,,I don't have any horses for sale right now. You bought our last Chestnut horse.,현재 더 이상 팔 말이 없습니다. 마지막 밤색말(Chestnut horse)을 당신이 샀습니다.,record,True,True,False,False,HIGH,"Chestnut, horse"
Oblivion.esm,INFO,0004D840,,NAM1,0,,,You bought an execellent Chestnut horse. Take care of him.,당신은 훌륭한 밤색말(Chestnut horse)을 사신 겁니다. 잘 보살펴 주세요.,record,True,True,False,False,HIGH,"Chestnut, horse"
Oblivion.esm,INFO,0004D841,,NAM1,0,,,"If you are looking to buy a horse, go inside and talk to Bongond.","말을 사시려면, 안으로 들어가서 Bongond에게 말해보세요.",record,False,True,False,False,MEDIUM,Bongond
Oblivion.esm,INFO,0005416E,,NAM1,0,,,I own the Black Waterside Stables. Are you shopping for a horse?,나는 검은 물가의 마구간(Black Waterside Stables)의 주인이요. 말 사시려고? ,record,True,True,False,False,HIGH,"Black, Waterside, Stables"
Oblivion.esm,INFO,0005416F,,NAM1,0,,,I own the Black Waterside Stables.,나는 검은 물가의 마구간(Black Waterside Stables)의 주인이요.,record,True,True,False,False,HIGH,"Black, Waterside, Stables"
Oblivion.esm,INFO,0005416F,,NAM1,1,,,I don't have any horses for sale right now. You bought our last Black horse.,이제 더 이상 팔 말이 없네. 마지막 검은말을 당신이 사갔네.,record,False,False,False,False,,
Oblivion.esm,INFO,00054170,,NAM1,0,,,The Cheydinhal Black horse is the finest in Cyrodiil. Take good care of him.,쉐이딘홀 검은말은 시로딜에서 최고라네. 생각해 보게.,record,False,False,False,False,,
Oblivion.esm,INFO,00054171,,NAM1,0,,,"If you want to buy a horse, go inside and talk to Tovas.","말을 사시려면, 안으로 들어가서 Tovas에게 말해보세요.",record,False,True,False,False,MEDIUM,Tovas
Oblivion.esm,INFO,0003CD0A,,NAM1,0,,,I see you are with the Gray Fox. Do you need a fence?,그레이 폭스를 따르는 사람이로군. 장물아비가 필요한가?,record,False,False,False,False,,
Oblivion.esm,INFO,0003CD0B,,NAM1,0,,,I'm really tired. Can we get on with this?,정말 피곤하군. 지금 하지 않으면 안되는 건가?,record,False,False,False,False,,
Oblivion.esm,INFO,0003CD0C,,NAM1,0,,,Are you looking for a fence?,혹시 장물아비를 찾나?,record,False,False,False,False,,
Oblivion.esm,INFO,0003CD0D,,NAM1,0,,,Is this pleasure or business?,그냥 호의입니까 아니면 사업입니까?,record,False,False,False,False,,
Oblivion.esm,INFO,0003CD0E,,NAM1,0,,,I see you work with the Gray Fox.,너 그레이 폭스 밑에서 일하고 있는 녀석이구나.,record,False,False,False,False,,
Oblivion.esm,INFO,0003CD0F,,NAM1,0,,,"Ah, yes. A guild brother in search of a fence?","아, 그래. 장물아비를 찾는 길드의 동료 형제인가?",record,False,False,False,False,,
Oblivion.esm,INFO,0003F289,,NAM1,0,,,"You wear the shadows well, fellow thief.","자네는 어둠 속에 익숙하군, 도둑 친구.",record,False,False,False,False,,
Oblivion.esm,INFO,00015DF8,,NAM1,0,,,I'm only askin' for enough to feed me kids.,애들 먹이게 한 푼만 주세요.,record,False,False,False,False,,
Oblivion.esm,INFO,00015DF9,,NAM1,0,,,One more coin and I can git a pair of shoes.,한 푼만 더 있으면 신발을 살 수 있어요.,record,False,False,False,False,,
Oblivion.esm,INFO,00035E57,,NAM1,0,,,"Have you been to Skingrad, and seen Count Hassildor?",스킨그라드에 가서 Hassildor 백작을 보고 왔나?,record,False,True,False,False,MEDIUM,Hassildor
Oblivion.esm,INFO,00035E58,,NAM1,0,,,I've said all there is to be said. Trouble me no more.,내가 할 말은 다 했네. 날 방해하지 말게나.,record,False,False,False,False,,
Oblivion.esm,INFO,00035E59,,NAM1,0,,,"You impossible fool. What possessed you to think I would suggest a meeting here, of all places?",이 멍청한 놈. 무엇때문에 내가 하필이면 이런 곳에서 자네를 볼 거라고 생각한건가?,record,False,False,False,False,,
Oblivion.esm,INFO,00035E59,,NAM1,1,,,"At least your gullibility served some useful purpose. I knew about Mercator, but not his friends. Now none of them are a threat any longer.","적어도 자네의 그 멍청함이 조금이라도 쓸모가 있어서 다행이군. 나는 Mercator를 의심하고 있었지만, 그의 친구들에 대해서는 몰랐으니까. 이제 적어도 그들이 다시 위협이 될 일은 없겠지.",record,False,True,False,False,MEDIUM,Mercator
Oblivion.esm,INFO,00035A13,,NAM1,0,,,"Just in time, Mage. We've been waiting for you.","딱 맞춰 왔군, 메이지. 네 녀석을 기다리고 있었다.",record,False,False,False,False,,
Oblivion.esm,INFO,00035A13,,NAM1,1,,,"I'm afraid I misled you. The Count won't be arriving - in fact, he doesn't even know you're here.","유감이지만 널 속였다. 백작은 오지 않을 거다. 사실, 백작은 네가 여기 있는지조차 모를걸.",record,False,False,False,False,,
Oblivion.esm,INFO,00035A13,,NAM1,2,,,"We're not about to let the Guild interfere with our plans, for the Count or otherwise. ",우리는 길드가 우리가 백작에게 쓸 계획이나 다른 계획들을 방해하도록 놔 두지 않을겁니다. ,record,False,False,False,False,,
Oblivion.esm,INFO,00035A13,,NAM1,3,,,"So, you'll have to die. Don't worry. We'll put your body to good use, I assure you.","그러니까, 여기서 죽어줘야겠다. 걱정 마라. 네 시체는 잘 써줄테니, 장담해주지.",record,False,False,False,False,,
Oblivion.esm,INFO,00035A14,,NAM1,0,,,"Well, well. You're late, Mage.","이런, 이런. 늦었군, 마법사.",record,False,False,False,False,,
Oblivion.esm,INFO,00035A14,,NAM1,1,,,"I'm afraid I misled you. The Count won't be arriving - in fact, he doesn't even know you're here.","유감이지만 널 속였다. 백작은 오지 않을 거다. 사실, 백작은 네가 여기 있는지조차 모를걸.",record,False,False,False,False,,
Oblivion.esm,INFO,00035A14,,NAM1,2,,,"We're not about to let the Guild interfere with our plans, for the Count or otherwise. ",우리는 길드가 우리가 백작에게 쓸 계획이나 다른 계획들을 방해하도록 놔 두지 않을겁니다. ,record,False,False,False,False,,
Oblivion.esm,INFO,00035A14,,NAM1,3,,,"So, you'll have to die. Don't worry. We'll put your body to good use, I assure you.","그러니까, 여기서 죽어줘야겠다. 걱정 마라. 네 시체는 잘 써줄테니, 장담해주지.",record,False,False,False,False,,
Oblivion.esm,INFO,00035A15,,NAM1,0,,,"Well, well. You're early, Mage.","이런, 이런. 일찍도 왔군, 마법사.",record,False,False,False,False,,
Oblivion.esm,INFO,00035A15,,NAM1,1,,,"I'm afraid I misled you. The Count won't be arriving - in fact, he doesn't even know you're here.","유감이지만 널 속였다. 백작은 오지 않을 거다. 사실, 백작은 네가 여기 있는지조차 모를걸.",record,False,False,False,False,,
Oblivion.esm,INFO,00035A15,,NAM1,2,,,"We're not about to let the Guild interfere with our plans, for the Count or otherwise. ",우리는 길드가 우리가 백작에게 쓸 계획이나 다른 계획들을 방해하도록 놔 두지 않을겁니다. ,record,False,False,False,False,,
Oblivion.esm,INFO,00035A15,,NAM1,3,,,"So, you'll have to die. Don't worry. We'll put your body to good use, I assure you.","그러니까, 여기서 죽어줘야겠다. 걱정 마라. 네 시체는 잘 써줄테니, 장담해주지.",record,False,False,False,False,,
Oblivion.esm,INFO,0002EE5B,,NAM1,0,,,"Well, have you found that imp gall for me yet? I've got some research I need to get to.","아,아직도 부탁한 Imp gall을 찾지 못했나요? 해야할 연구가 있는데.. REC",record,False,True,False,False,MEDIUM,"Imp, gall, REC"
Oblivion.esm,INFO,0002EE5C,,NAM1,0,,,It's about time someone from the Fighters Guild showed up. I've got work for you to do. I need imp gall for my research.,드디어 파이터 길드에서 사람이 왔군요. 당신이 해줘야 할 일이 있어요. 난 연구를 위해 imp gall이 필요해요.,record,False,True,False,False,MEDIUM,"imp, gall"
Oblivion.esm,INFO,000F58D5,,NAM1,0,,,Fools! Now you die!,바보같은놈! 넌 이제 죽은 목숨이다!,record,False,False,False,False,,
Oblivion.esm,INFO,0001F85A,,NAM1,0,,,Go away! You'll ruin everything!,꺼져버려! 당신이 일을 망쳐버렸군!,record,False,False,False,False,,
Oblivion.esm,INFO,0002C0CE,,NAM1,0,,,"Hello, friend! What can I do for you?",안녕하신가 친구여! 무얼 도와줄까요?,record,False,False,False,False,,
Oblivion.esm,INFO,0002F1F0,,NAM1,0,,,Can I help you?,도움이 필요하시오?,record,False,False,False,False,,
Oblivion.esm,INFO,000039D9,,NAM1,0,,,Do I know you?,나를 알고 있나?,record,False,False,False,False,,
Oblivion.esm,INFO,000009E6,,NAM1,0,,,"So, you've come back.","오오, 돌아왔는가.",record,False,False,False,False,,
Oblivion.esm,INFO,00035A1D,,NAM1,0,,,Yes... you might do.,아... 해보면 좋을건데 말야.,record,False,False,False,False,,
Oblivion.esm,INFO,00022CAD,,NAM1,0,,,You idiot! You complete piece of gutter trash! Two disqualifications? That's it! You are hereby stripped of all titles! Get out of my Bloodworks!  ,"멍청이! 넌 완벽한 찌질이구만! 두 번의 실격? 그래, 그거야! 이걸로서 넌 모든 타이틀을 박탈당한 거라고! Bloodwors 에서 꺼져버려! ",record,False,True,False,False,MEDIUM,Bloodwors
Oblivion.esm,INFO,000285A1,,NAM1,0,,,You complete and utter disgrace! Disqualified? For not wearing your Battle Raiment? Don't you dare humiliate the Blue Team like this again!,이 멍청아! 실격이라고? 격투 중에 갑옷을 입지 않았어? 당신은 청팀에서 이 딴 쪽 팔리는 짓 하지마!,record,False,False,False,False,,
Oblivion.esm,INFO,000285A1,,NAM1,1,,,"You listen good. This is your only warning. One more disqualification, and you'll never fight in the Arena again! Now get out of my sight!","이건 첫 번째 경고다. 만약 한번 더 실격 당한다면, 넌 다시는 아레나에서 싸울 수 없을 줄 알아. 이제 내 눈 앞에서 꺼져버려!",record,False,False,False,False,,
Oblivion.esm,INFO,000336F4,,NAM1,0,,,"Now, while the Shade of the Revenant blankets this world, I give these gems as an offering. May the power of the true god fill and change them.","지금, the Shade of the Revenant가 이 세상을 덛고 있는동안, 나는 이 젬들을 제물로 올립니다. 참된 신의 능력으로 그것들은 바꾸며 채울것입니다.",record,False,True,False,False,MEDIUM,"the, Shade, of, the, Revenant"
Oblivion.esm,INFO,00073267,,NAM1,0,,,You will not stop us. The Order of the Black Worm will consume all in its path.,당신은 우리를 멈출 수 없습니다. The Order of the Black Worm는 모든 힘을 다 할 겁니다.,record,False,True,False,False,MEDIUM,"The, Order, of, the, Black, Worm"
Oblivion.esm,INFO,000BE43C,,NAM1,0,,,It was even easier than Maric promised. Push off.,Maric이 약속한 것보단 더 쉬웠어. 없애 버려.,record,False,True,False,False,MEDIUM,Maric
Oblivion.esm,INFO,000BE43D,,NAM1,0,,,"Don't worry, pal, you'll get used to losing after a while.","걱정 말라고, 친구. 넌 잠시 후에 죽게 될 테니까.",record,False,False,False,False,,
Oblivion.esm,INFO,000BE43E,,NAM1,0,,,"A wise choice, perhaps, but you earned no respect for your cowardice.","현명한 선택이군, 어쩌면 말이지. 하지만 넌 너무 주의하지 않았어.",record,False,False,False,False,,
Oblivion.esm,INFO,000A3A56,,NAM1,0,,,"I know when I'm beaten! Here, take the carving, if it means so much to you. I had no idea you would take things so personally.",맞고 나니까 알겠어! 석상이 자네에게 그렇게 많은 의미가 있다면 여기 있으니 가져 가게. 난 자네가 그리 직접 가져다 주는 줄 몰랐다네.,record,False,False,False,False,,
Oblivion.esm,INFO,000ADC59,,NAM1,0,,,"From the Blades, did you say? Jauffre sent you? What's this about? Quickly, now.",블레이드라고 했나? 죠프리가 보냈다고? 무슨 일인가? 어서 말해 보게.,record,False,False,False,False,,
Oblivion.esm,INFO,0018D27D,,NAM1,0,,,"I'm not easily impressed, but even I would think twice before going into one of those Oblivion Gates. Well done.","나는 쉽게 감동하진 않지만, 오블리비언 게이트에 들어가기 전 두 번은 생각했을 겁니다. 대단합니다.",record,False,False,False,False,,
Oblivion.esm,INFO,00047638,,NAM1,0,,,"Hannibal Traven, Arch-Mage of the Mages Guild. Welcome to the Arcane University.","Hannibal Traven일세, 메이지 길드의 아크 메이지로 있지. 아케인 대학에 온 걸 환영하네.",record,False,True,False,False,MEDIUM,"Hannibal, Traven"
Oblivion.esm,INFO,0004763A,,NAM1,0,,,"Excuse me. I'm Irlav Jarol, a researcher for Arcane University. Ayleids are my specialty.","실례합니다. 난 Irlav Jarol입니다, 아케인 대학의 연구원으로 있죠. 아일레이드(Ayleids)가 내 전공이에요.",record,True,True,False,False,HIGH,"Irlav, Jarol, Ayleids"
Oblivion.esm,INFO,0006E603,,NAM1,0,,,"Greetings. I am Raminus Polus, Consul for the Mages Guild. Welcome to the Arcane University.","반갑소. 난 Raminus Polus, 메이지 길드의 고문으로 있죠. 아케인 대학에 온 걸 환영해요.",record,False,True,False,False,MEDIUM,"Raminus, Polus"
Oblivion.esm,INFO,00035F31,,NAM1,0,,,"What's this, some sort of Ayleid artifact?",이게 뭐죠? 에일리드 유물입니까?,record,False,False,False,False,,
Oblivion.esm,INFO,00035F31,,NAM1,1,,,"Well, well. Raminus was right in sending you out there. Good work. I'll be sure and put in a good word for you.","이런, 이런. 라미누스 님이 당신을 보내신 건 옳은 결정이셨군요. 잘 해주셨습니다. 당신에 대해서 좋은 얘기를 해 두도록 하죠.",record,False,False,False,False,,
Oblivion.esm,INFO,00086058,,NAM1,0,,,I'm Mogens Wind-Shifter. I'm having a look around. You mind?,나는 Mogens Wind-Shifter. 주변을 둘러보고 있는 중이다. 불만있나?,record,False,True,False,False,MEDIUM,"Mogens, Wind-Shifter"
Oblivion.esm,INFO,00026AA2,,NAM1,0,,,What is your business in this place?,이곳에 온 목적이 무엇입니까?,record,False,False,False,False,,
Oblivion.esm,INFO,0008511C,,NAM1,0,,,We are not afraid of the dark. The Night Mistress gives us eyes to see night's secrets.,우리는 어둠을 두려워하지 않습니다. 밤의 여주인께서는 밤의 비밀을 볼 수 있는 눈을 우리에게 주십니다.,record,False,False,False,False,,
Oblivion.esm,INFO,0008511D,,NAM1,0,,,"We seek what the darkness hides, and the Night Mistress is our guide.",우리는 어둠이 감추고 있는 것을 찾고 있습니다. 그리고 밤의 여주인께서 우리를 인도해 주십니다.,record,False,False,False,False,,
Oblivion.esm,INFO,0001EBB2,,NAM1,0,,,Blessed are you who wields the Goldbrand.,Goldbrand를 휘두르는 당신에게 축복을.,record,False,True,False,False,MEDIUM,Goldbrand
Oblivion.esm,INFO,0001EBBE,,NAM1,0,,,"You have returned, and you are not a corpse. Boethia may be pleased by this.",당신은 시체가 되지 않고 돌아 왔군요. Boethia도 기뻐할 것이오.,record,False,True,False,False,MEDIUM,Boethia
Oblivion.esm,INFO,0001EBC2,,NAM1,0,,,Boethia has opened a portal for you. Consider yourself lucky. You have the chance to die in Boethia's service.,Boethia께서 너를 위해 입구를 열어 주셨다. 운 좋게 생각하시오. Boethia를 모시고 죽을 기회가 주어진 것이야.,record,False,True,False,False,MEDIUM,"Boethia, Boethia"
Oblivion.esm,INFO,0001EBC8,,NAM1,0,,,You have been told all that is necessary. Approach the shrine or do not.,그대에게 필요한 모든 것을 전해 주었소. Shrine에 다가가던지 아니면 떠나시오.,record,False,True,False,False,MEDIUM,Shrine
Oblivion.esm,INFO,0001EBD5,,NAM1,0,,,You approach the Shrine of Boethia. Tread lightly.,Boethia의 Shrine에 다가가시오. 마음 편안히 가보시오.,record,False,True,False,False,MEDIUM,"Boethia, Shrine"
Oblivion.esm,INFO,000A3839,,NAM1,0,,,"This location is supposed to be secret. Not secret enough, obviously....",이 장소는 비밀일 텐데. 아무래도 그다지 비밀이진 않은 것 같다... ,record,False,False,False,False,,
Oblivion.esm,INFO,000A383A,,NAM1,0,,,There's nothing to see here. Why don't you just go home?,여기 있어 봐야 볼 것은 없소. 돌아가는 게 어떤가?,record,False,False,False,False,,
Oblivion.esm,INFO,0004762E,,NAM1,0,,,"Hieronymus Lex, Officer of the Watch. Every hand is needed to build an honest city, and it begins with you.","Hieronymus Lex, 경비대의 장교요. 모든 일손은 정직한 도시를 건설하기 위해 필요하오, 그리고 그건 당신과 함께 시작하는 거요.",record,False,True,False,False,MEDIUM,"Hieronymus, Lex"
Oblivion.esm,INFO,00047632,,NAM1,0,,,"I'm Watch Captain Audens Avidius. Don't forget it. I like this city quiet as a mouse. Raise a fuss, and you'll be sorry.",난 경비대 대장 Audens Avidius요. 그걸 잊지 말도록. 난 아주 조용한 도시를 좋아하지. 쓸데없는 소란을 일으키면 유감천만하게 될 거요.,record,False,True,False,False,MEDIUM,"Audens, Avidius"
Oblivion.esm,INFO,00047630,,NAM1,0,,,"You new here? I'm Servatius Quintilius, Officer of the Watch. Just stay out of trouble, and we'll get along just fine.","여기 새로 왔습니까? 난 Servatius Quintilius, 경비대의 장교입니다. 문제를 일으키지 마세요. 그래야 우리가 정말 잘 지내게 될 겁니다.",record,False,True,False,False,MEDIUM,"Servatius, Quintilius"
Oblivion.esm,INFO,0004762C,,NAM1,0,,,"I'm Adamus Phillida, prison administrator and commander of the Imperial Legion forces here in the Imperial City. Have we met? You look familiar.",나는 Adamus Phillida요. 제국 수도의 죄수를 관리하는 총 책임자이자 제국군 총 사령관을 맡고 있지. 전에 우리가 만났던 적이 있소? 왠지 낯이 익구려.,record,False,True,False,False,MEDIUM,"Adamus, Phillida"
Oblivion.esm,INFO,0007B84A,,NAM1,0,,,"What a battle, eh? I thought we were all goners until I saw that fiery dragon in the sky.","엄청난 전쟁이군, 그렇지 않습니까? 난 하늘의 화룡을 보기 전엔 우리가 다 죽는 줄 알았습니다.",record,False,False,False,False,,
Oblivion.esm,INFO,000AF05B,,NAM1,0,,,A lot of good men died. But it could have been worse. A lot worse.,"좋은 사람들이었는데, 많이 죽어버렸군요. 하지만 상황이 더 나쁠 수도 있었습니다. 훨씬 더 말입니다.",record,False,False,False,False,,
Oblivion.esm,INFO,000AF05B,,NAM1,1,,,But why am I telling you? You were there. You saw... him. Sometimes I wonder if I'll ever be able to sleep again.,하지만 왜 내가 당신에게 말하는 거지? 당신은 거기 있었습니다. 그를... 봤지. 가끔 난 내가 다시 잘 수 있다는 것에 감탄하곤 합니다.,record,False,False,False,False,,
Oblivion.esm,INFO,000AF05C,,NAM1,0,,,"Whatever you need, Champion.","뭐든지, 챔피언.",record,False,False,False,False,,
Oblivion.esm,INFO,000AF05E,,NAM1,0,,,"Hail, Champion!","여, 챔피언!",record,False,False,False,False,,
Oblivion.esm,INFO,0007B8C3,,NAM1,0,,,"When I saw the fiery clouds and the daedra in the streets, I was sure we were all dead... but you saved us.","화염이 보이고 데이드라들이 거리에 나타났을 때, 당연히 죽는 줄만 알았소... 하지만 당신이 우릴 살렸소.",record,False,False,False,False,,
Oblivion.esm,INFO,0007B7DA,,NAM1,0,,,"You were Martin's friend, weren't you? You were fortunate to have known him.","마틴의 동료군요, 그렇죠? 그를 안건 행운이었소.",record,False,False,False,False,,
Oblivion.esm,INFO,000AF05A,,NAM1,0,,,Any friend of Martin's is a friend of mine. How can I help you?,마틴의 동료는 내게도 동료요. 뭘 도와주면 되겠소?,record,False,False,False,False,,
Oblivion.esm,INFO,0007B7DB,,NAM1,0,,,"Greetings, Champion! I'm at your service.","안녕하시오, 챔피언! 뭐든 돕겠소.",record,False,False,False,False,,
Oblivion.esm,INFO,0007B7DC,,NAM1,0,,,I'm honored to speak to the Champion of Cyrodiil! What do you need?,"시로딜의 챔피언과 얘기하게 되다니, 영광이오! 뭐가 필요하시오?",record,False,False,False,False,,
Oblivion.esm,INFO,0007B7DD,,NAM1,0,,,Did you really face down Mehrunes Dagon himself? They say he stood 200 feet high and crushed the Temple Dome with his fist!,당신이 메르네스 데이건을 쓰러뜨렸다는 게 사실이오? 그는 키가 200피트에 달하고 주먹으로 사원의 지붕을 부숴버렸다던데!,record,False,False,False,False,,
Oblivion.esm,INFO,0007B7DF,,NAM1,0,,,The bards will be busy composing songs in your honor for years to come. To think that we lived through such times!,오랫동안 시인들은 당신의 영광을 찬양하느라 바쁠 거요. 생각해보면 우리가 그만큼 오래 살았다는 거겠지!,record,False,False,False,False,,
Oblivion.esm,INFO,0007B7E3,,NAM1,0,,,"What was it like, in the Temple, at the end? Did Martin really call down the power of Akatosh to smite Dagon?","마지막에, 사원에서 대체 무슨 일이 일어난 거요? 마틴이 정말 아카토쉬의 힘으로 데이건을 물리쳤소?",record,False,False,False,False,,
Oblivion.esm,INFO,0007B7F6,,NAM1,0,,,The thought of what might have happened if you and Martin hadn't stopped Dagon's invasion...,"당신과 마틴이 데이건의 침략을 물리치지 못 했을 경우, 벌어졌을 일을 생각하면... ",record,False,False,False,False,,
Oblivion.esm,INFO,0007B7F6,,NAM1,1,,,"But it's over. Thank Akatosh, the Oblivion Invasion is over, and we've survived!",하지만 끝났소. 아카토쉬(Akatosh)께 감사드리오. 오블리비언의 침략은 끝났고 우리는 살아 남았소!,record,True,True,False,False,HIGH,Akatosh
Oblivion.esm,INFO,000356A2,,NAM1,0,,,What is it you want? You were told to stay out of my sight. I'll assume you're here to tender a resignation.,뭘 원해요? 내 눈앞에서 사라지라고 했을텐데. 사표라도 내려고 왔나요?,record,False,False,False,False,,
Oblivion.esm,INFO,000356A7,,NAM1,0,,,Did you speak with Vilena? How did she react?,Vilena와 얘기해봤나? 어떻게 반응하던가?,record,False,True,False,False,MEDIUM,Vilena
Oblivion.esm,INFO,000356AA,,NAM1,0,,,Have you done it? Have you destroyed that foul tree?,해냈는가? 그 추악한 나무를 파괴했는가?,record,False,False,False,False,,
Oblivion.esm,INFO,000356AE,,NAM1,0,,,You've started the job; now you must finish it. You need to get back to Leyawiin. How can I help?,일을 시작했으니 끝마쳐야지. 레이어윈으로 돌아가게. 내가 자네를 어떻게 도와주면 되겠나?,record,False,False,False,False,,
Oblivion.esm,INFO,000356B1,,NAM1,0,,,I need you in Leyawiin to take care of that Hist. What is it you need?,네가 레이어윈으로 돌아가서 Hist를 처리해야겠군. 필요한건 없는가?,record,False,True,False,False,MEDIUM,Hist
Oblivion.esm,INFO,00033DD6,,NAM1,0,,,"Don't be shy. Join us, and do well by doing good.",부끄러워 말고 가입하시오. 그리고 좋은 일을 제대로 한 번 해보시오.,record,False,False,False,False,,
Oblivion.esm,INFO,00027F88,,NAM1,0,,,Greetings. How may I help you? Are you perhaps interested in joining the Fighters Guild?,안녕하세요. 도움이 필요하십니까? 파이터 길드에 가입하는데 관심이 있나요?,record,False,False,False,False,,
Oblivion.esm,INFO,0006EDE8,,NAM1,0,,,Useless Fighters Guild. What do you want?,아무짝에도 쓸모없는 파이터길드. 무엇을 원하냐?,record,False,False,False,False,,
Oblivion.esm,INFO,0006EDE9,,NAM1,0,,,Thank you for all your help. My rats appreciate it.,당신의 도움에 감사한다. 나의 rats은 그것에 감사한다.,record,False,True,False,False,MEDIUM,rats
Oblivion.esm,INFO,0006EDEA,,NAM1,0,,,"What do you want, you... you... rat?",쥐.. 너.. 너... 너가원하는게 뭐냐??,record,False,False,False,False,,
Oblivion.esm,INFO,0006EDEB,,NAM1,0,,,"Yes? What can I do for you, my tight-lipped friend?","네? 입이 무거운 친구, 무엇을 도와드릴까요?",record,False,False,False,False,,
Oblivion.esm,INFO,00071098,,NAM1,0,,,Greetings! Seeing you just makes me feel safer!,안녕하세요! 당신을 보는것만으로 안심이되는군요!,record,False,False,False,False,,
Oblivion.esm,INFO,0002E582,,NAM1,0,,,"Greetings, guildmate. What can I do for you?",안녕하세요. 길드원 친구. 뭘 도와드릴까요?,record,False,False,False,False,,
Oblivion.esm,INFO,0002E583,,NAM1,0,,,You're back. What have you found out about Galtus Previa's disappearance?,돌아왔구만. Galtus의 실종에 대해 어떤걸 찾아왔나?,record,False,True,False,False,MEDIUM,Galtus
Oblivion.esm,INFO,0002E587,,NAM1,0,,,You and Viranus have business to attend to. Why are you wasting time here?,너랑 Viranus는 해야할 임무가 있을텐데? 왜 여기서 시간낭비하고 있나?,record,False,True,False,False,MEDIUM,Viranus
Oblivion.esm,INFO,0002E588,,NAM1,0,,,What is it? You've got duties to attend to.,뭔데? 넌 수행해야할 임무를 받았지 않나?,record,False,False,False,False,,
Oblivion.esm,INFO,0002E589,,NAM1,0,,,I figured you'd be back for more work. Good. There's more to be done.,아. 일거리를 찾으러 돌아온거겠지. 좋아. 수행할 임무가 더 있다.,record,False,False,False,False,,
Oblivion.esm,INFO,00026902,,NAM1,0,,,You are no longer welcome here.,넌 더 이상 여기서 환영받지 못한다.,record,False,False,False,False,,
Oblivion.esm,INFO,00026A99,,NAM1,0,,,You have pleased Molag Bal. Blessed is the one who spreads the seeds of dissent.,너는 Molag Bal을 기쁘게 했구나. 불화의 씨앗을 퍼트리는 자에게 축복을.,record,False,True,False,False,MEDIUM,"Molag, Bal"
Oblivion.esm,INFO,00026A9F,,NAM1,0,,,The Lord Bal has given you a task. Perform it well.,Lord Bal께서 네게 임무를 내리셨다. 기대에 맘껏 응하도록.,record,False,True,False,False,MEDIUM,"Lord, Bal"
Oblivion.esm,INFO,00026AA0,,NAM1,0,,,You have been told the way to reach Molag Bal. Do what you will.,몰라그 발을 알현하는 방법을 가르쳐 줬습니다. 그대로 해 보시지요.,record,False,False,False,False,,
Oblivion.esm,INFO,00026AA8,,NAM1,0,,,You walk in the shadow of the Corrupter. Why do you come to this place?,너는 타락자의 그림자를 걸어왔다. 여기는 무슨 일로 온건가?,record,False,False,False,False,,
Oblivion.esm,INFO,0005D505,,NAM1,0,,,All mortals will come to him. He is the Harvester of Souls.,모든 죽은자는 그를 마주하게 될것이다. 그는 영혼을 수확하는 분이시다.,record,False,False,False,False,,
Oblivion.esm,INFO,0005D509,,NAM1,0,,,Fools must be separated from their illusions before they will come to Him.,그분을 마주하려는 어리석은 자들은 환상에서 스스로를 분리시켜야 할 것이다.,record,False,False,False,False,,
Oblivion.esm,INFO,00066709,,NAM1,0,,,No... you're dead! I killed you myself! What manner of creature are you? Will I be tormented with your image forever?,아니... 넌 죽었다! 내가 직접 죽였다! 이 무슨 예의도 모르는 생물이냐? 영원히 너의 잔영으로 나를 책망하려는가?,record,False,False,False,False,,
Oblivion.esm,INFO,00026AAE,,NAM1,0,,,"I have sworn not to raise a weapon in anger, but you have offended my honor in this most holy place. Prepare to die, devil.","난 분노로 무기를 휘두르지 않을 것을 맹세했지만, 이 가장 신성한 장소에서 네놈은 내 명예를 실추시켰다. 죽을 준비나 해라, 악마놈아.",record,False,False,False,False,,
Oblivion.esm,INFO,000268F6,,NAM1,0,,,You have reneged on your bargain with Lord Clavicus. You are not welcome here.,너는 Lord Clavicus에 대한 계약을 위반했다. 더 이상 여기에서 환영받지 못할 것이다.,record,False,True,False,False,MEDIUM,"Lord, Clavicus"
Oblivion.esm,INFO,00026987,,NAM1,0,,,You have pleased the Lord Clavicus. A wise decision.,너는 Lord Clavicus를 기쁘게 했다. 현명한 선택이다.,record,False,True,False,False,MEDIUM,"Lord, Clavicus"
Oblivion.esm,INFO,00026A9C,,NAM1,0,,,Clavicus Vile has offered you a bargain. Serve him well.,Clavicus Vile은 너와 거래를 했다. 제대로 그를 시중 들게나.,record,False,True,False,False,MEDIUM,"Clavicus, Vile"
Oblivion.esm,INFO,00026AA1,,NAM1,0,,,You have been told the proposition: your donation for a possible audience with Clavicus Vile. The choice is yours.,네게 설명해주겠다: 즉 Clavicus와 알현을 가능케하는 기부 방법이지. 선택은 너에게 달려있어.,record,False,True,False,False,MEDIUM,Clavicus
Oblivion.esm,INFO,00026AA7,,NAM1,0,,,You approach the Shrine of Clavicus Vile. You should not be here unless you have business with Lord Clavicus.,"너는 Clavicus Vile 성지에 도착한 것이다. Lord Clavicusdp 용무가 없다면, 여기 있어선 안된다.",record,False,True,False,False,MEDIUM,"Clavicus, Vile, Lord, Clavicusdp"
Oblivion.esm,INFO,0005D504,,NAM1,0,,,"He is a hard master, but he delivers. I gave my word, and an Orc honors his word.","그는 완고한 주인이지만, 약속은 반드시 지킵니다. 믿으세요. 오크라면 그의 말에 성실히 따릅니다.",record,False,False,False,False,,
Oblivion.esm,INFO,0005D50A,,NAM1,0,,,"I played Lord Vile's game, and lost my soul. Small loss, I think.","Lord Vile과 거래를 했기 때문에, 우리 영혼은 상실 되었소. 별거 아닌거요.",record,False,True,False,False,MEDIUM,"Lord, Vile"
Oblivion.esm,INFO,00024168,,NAM1,0,,,What do you want?,무엇을 원하오?  ,record,False,False,False,False,,
Oblivion.esm,INFO,0002416B,,NAM1,0,,,You're still around? I've told you why I defaulted on the contract. Not too much else to be said about it. Do what you must.,아직도 여기 있었소? 난 왜 내가 청부를 이행하지 못했는지 당신에게 이야기 했소. 그 밖에 이것에 대해 더 말할게 없소. 이제 당신 할 일이나 하시오.,record,False,False,False,False,,
Oblivion.esm,INFO,00024169,,NAM1,0,,,What is it... brother? They send you to find me?,무슨 일이오... 형씨? 그들이 날 찾기 위해 당신을 보냈소?,record,False,False,False,False,,
Oblivion.esm,INFO,0002416A,,NAM1,0,,,What is it... sister? They send you to find me?,무슨 일이오... 아가씨? 그들이 날 찾기 위해 당신을 보냈소?,record,False,False,False,False,,
Oblivion.esm,INFO,0002A2AB,,NAM1,0,,,Why are you talking to me? Shouldn't you be finding Maglir?,왜 내게 말하고 있소? 당신 Maglir을 찾지 않았던 것이오?,record,False,True,False,False,MEDIUM,Maglir
Oblivion.esm,INFO,00028A27,,NAM1,0,,,"What do you want? I suppose you've come looking for duties, huh?",무엇을 원하시오? 내겐 당신이 임무를 구하기 위해 온 것으로 보이는군. 맞소?,record,False,False,False,False,,
Oblivion.esm,INFO,0005D502,,NAM1,0,,,All things speak with the voice of life... even the bones of the earth.,만물은 생명의 목소리를 낸다... 심지어 대지의 유골조차도.,record,False,False,False,False,,
Oblivion.esm,INFO,0005D503,,NAM1,0,,,"Life is a blessing, and death is not the end, but only when the spirit remains incorruptible.","생명은 축복이오, 그리고 죽음이 끝이 아니라, 영혼은 불멸의 존재로 남을 것이오.",record,False,False,False,False,,
Oblivion.esm,INFO,0000BE60,,NAM1,0,,,You're supposed to be helping out the folks at Harlun's Watch. What's the status?,너는 Harlun's Watch에 있는 그 사람들을 도와주기로 되어있다. 지위가 뭐냐?,record,False,True,False,False,MEDIUM,"Harlun's, Watch"
Oblivion.esm,INFO,0000BE62,,NAM1,0,,,Here for more work? I've got one more contract for you.,더할일이 있냐? 한가지 계약할 일이 더있다.,record,False,False,False,False,,
Oblivion.esm,INFO,0000BE63,,NAM1,0,,,Thank you for your help. You are always welcome here.,당신의 도움을 감사한다. 이곳에서 당신은 언제나 환영받을것이다.,record,False,False,False,False,,
Oblivion.esm,INFO,0000BE66,,NAM1,0,,,"Please, see if you can't find our friends who have disappeared.","제발, 사라진 우리의 친구들을 발견할수없다면 알려달라. ",record,False,False,False,False,,
Oblivion.esm,INFO,0000BE5F,,NAM1,0,,,"I'll assume you're back for more work, because I don't see a big need to chat with you.","너랑 이야기하고 싶진 않은데, 너는 뭔가 더 필요한게 있어서 돌아 왔겠지?",record,False,False,False,False,,
Oblivion.esm,INFO,0000BE61,,NAM1,0,,,"You need to go find Lady Rogbut, meat! Why are you standing here talking to me?","가서 Rogbut양 이나 찾아봐, 이년아! 대체 왜 자꾸 여기서 알짱 거리면서 나한테 나불거리는 거야?",record,False,True,False,False,MEDIUM,Rogbut
Oblivion.esm,INFO,0000BE64,,NAM1,0,,,I've got news for you. Vilena wasn't happy when she heard about Viranus. No shock there. She expelled Oreyn from the guild. It's a damn shame.,소식이 있네. 빌레나는 비라누스의 일을 듣고 몹시 화가 났어. 놀랄 일도 아니지. 오레인을 길드에서 추방했네. 정말 안타까운 일이야.,record,False,False,False,False,,
Oblivion.esm,INFO,0000BE64,,NAM1,1,,,"And you've been demoted to the rank of Defender. Hell, even I don't think you deserved that. But, it is what it is. Move on.","그리고 너는 defender 계급으로 강등되었어. 제기랄, 받아 들이기 뭣같지만, 뭐 어쩌겠어.",record,False,True,False,False,MEDIUM,defender
Oblivion.esm,INFO,000C8521,,NAM1,0,,,I've got some news for you. Vilena wasn't happy when she heard about Viranus. No shock there. She expelled Oreyn from the guild. It's a damn shame.,너를 위한 어떤정보가 있다. Viranus대한 소식을 듣고 vilena 는 기뻐하지않았다. 놀랄만한일도 아니였다. 그녀는 그 길드로부터 Oreyn을 추방했다. 정말 부끄러운 노릇이다.,record,False,True,False,False,MEDIUM,"Viranus, vilena, Oreyn"
Oblivion.esm,INFO,000C8521,,NAM1,1,,,"And you've been demoted to the rank of Defender. Hell, even I don't think you deserved that. But, it is what it is. Move on.",그리고 너는 defender 계급에서 강등되어왔다. 제기랄. 나는 네가 그런 대접을 받을만했다고 생각되지 않지만. 그러나 사실이 그렇다. 분발해라.,record,False,True,False,False,MEDIUM,defender
Oblivion.esm,INFO,0000BE65,,NAM1,0,,,Words cannot express my gratification for your help.,아 정말 도와 주셔셔 얼마나 감사하신지 말로 다 표현이 안될 정도요.,record,False,False,False,False,,
Oblivion.esm,INFO,0000BE67,,NAM1,0,,,You found my belabored daughter! I will tell Burz gro-Khash about your indentures! Take this. It has been passed in my family for many generators.,사랑스런 제딸를 발견 하셨소! 계약을 잘 이행해 주신것은 Burz gro-Khash 에게 꼭 말하겠소이다. 이걸 받아 주시었소. 우리 가문 대대로 가보로 내려온 물건이오.,record,False,True,False,False,MEDIUM,"Burz, gro-Khash"
Oblivion.esm,INFO,0000BE69,,NAM1,0,,,"How may I persist you? Please, I need you to find my daughter.","내가 어찌 하셔야 당신을 계속 붙들어 매 놓을수 있겠소? 제발, 제 딸을 찾기 위해선 당신의 도움이오.",record,False,False,False,False,,
Oblivion.esm,INFO,0000BE6B,,NAM1,0,,,"Ah... you are from the Fighters Guild, I resume. Good show. I am Lord Rugdumph gro-Shurgak. Let us conversate on the Lady Rogbut.",아.. 파이터 길드에서 오셨소. 나는 Rugdumph gro-Shugak 영주입니다. 이제 Rugbut양에 대한 이야기를 하십니다. ,record,False,True,False,False,MEDIUM,"Rugdumph, gro-Shugak, Rugbut"
Oblivion.esm,INFO,0000BE6F,,NAM1,0,,,"Thanks for the help, not that I couldn't have taken care of it myself. If I were still allowed to carry an axe....","도움 주셔서 감사합니다. 제 자신을 돌볼 수가 없었던 건 아닌데, 신분상..... 제가 도끼를 드는 것 정도라도 허락이 되는 위치만 됐더라도 저 잡것들은 그냥....",record,False,False,False,False,,
Oblivion.esm,INFO,0000BE72,,NAM1,0,,,I suppose we should get back to my father. Time for me to be a noble again.,이제 저희 아버지에게 돌아가야 하겠죠. 아 이제 다시 귀족으로 다시 돌아갈 시간이군요.,record,False,False,False,False,,
Oblivion.esm,INFO,0000BE78,,NAM1,0,,,"Glad you killed those things. I'd have done it myself, but apparently, that's not ""ladylike."" Hmmph. Let's get back to my father.","저 잡것들을 싸그리 다 죽여 주셨군요. 제가 직접 하고 싶었지만, 엄연한 '숙녀' 라서.. 흠... 이제 아버지 한테 돌아가죠. ",record,False,False,False,False,,
Oblivion.esm,INFO,0000BE9E,,NAM1,0,,,Don't just stand there -- get rid of those ogres! Stab them! Burn them! Tear their throats out!,단지 서있기만하지마라. -- 저것들을 없애라 읔! 찔러라! 태워라! 목구멍을 찢어라!,record,False,False,False,False,,
Oblivion.esm,INFO,00009C34,,NAM1,0,,,You've got a contract to take care of. Why are you talking to me?,자네 처리할 청부가 있을텐데. 왜 내게 말하고 있나?,record,False,False,False,False,,
Oblivion.esm,INFO,00009C58,,NAM1,0,,,"What can I do for you, meat? Need something to do?",무엇을 도와줄까. 핏덩이? 뭔가 해주길 원하나?,record,False,False,False,False,,
Oblivion.esm,INFO,000091D5,,NAM1,0,,,"What can I do for you, my friend?","무엇을 도와드릴까요, 친구?",record,False,False,False,False,,
Oblivion.esm,INFO,000091EF,,NAM1,0,,,Hello again! Have you had any luck finding the sword and armor?,다시 인사드려요! 검과 갑옷을 찾게 되는 행운이 아직 찾아오지 않았나요?,record,False,False,False,False,,
Oblivion.esm,INFO,000091F2,,NAM1,0,,,Hello! You must be from the Fighters Guild. I'm glad you're here. I need your help to repay a debt.,안녕하세요! 당신은 파이터길드에서 온 사람이겠군요. 당신을 환영해요. 난 빛을 갚기 위해 당신의 도움이 필요합니다.,record,False,False,False,False,,
Oblivion.esm,INFO,000091F6,,NAM1,0,,,You need to finish out the contract with Biene Amelion in Water's Edge. What's the status?,자네는 Water's Edge에 사는 Biene Amelion의 청부를 끝내야 하네. 잘 되어가고 있는가?,record,False,True,False,False,MEDIUM,"Water's, Edge, Biene, Amelion"
Oblivion.esm,INFO,00009216,,NAM1,0,,,"I've got another contract for you, meat. I assume you won't embarrass yourself.","내 자네를 위한 또다른 청부를 얻어뒀네, 핏덩이. 자네가 스스로를 부끄럽게 만들지 않을 것이라 여기네.",record,False,False,False,False,,
Oblivion.esm,INFO,00002E3F,,NAM1,0,,,You're back. What have you found out?,돌아왔군. 알아낸 것이 있나?,record,False,False,False,False,,
Oblivion.esm,INFO,00002E42,,NAM1,0,,,Why are you here talking to me? I need you to go investigate the Forsaken Mine. And now!,왜 여기서 내게 말하고 있나? 난 자네가 가서 Forsaken Mine을 조사하길 원하네. 지금 당장!,record,False,True,False,False,MEDIUM,"Forsaken, Mine"
Oblivion.esm,INFO,00002E46,,NAM1,0,,,You're back. Good. You have important duties to attend to.,돌아왔군. 좋아. 자네는 처리해야 할 중요한 임무를 가지고 있었을 텐데.,record,False,False,False,False,,
Oblivion.esm,INFO,0003D7ED,,NAM1,0,,,We won a great victory here today! We now have the means to recover the Amulet of Kings from Mankar Camoran.,우린 오늘 여기서 위대한 승리를 거뒀네! 이제 맨카 케모런으로부터 왕의 아뮬렛을 찾을 수 있게 되었어.,record,False,False,False,False,,
Oblivion.esm,INFO,0003D7ED,,NAM1,1,,,But we need to act quickly. Camoran will not take long to recognize his danger.,하지만 서둘러야 해. 케모런이 곧 위기를 눈치 챌 걸세.,record,False,False,False,False,,
Oblivion.esm,INFO,0003D7ED,,NAM1,2,,,"Remember, the portal closes behind you. Anything you need, carry it with you.","잊지 말게, 포탈은 자네가 들어가면 닫히네. 필요한 모든 것을 구해야 하네.",record,False,False,False,False,,
Oblivion.esm,INFO,0003D7ED,,NAM1,3,,,I'll have the ritual ready in the Great Hall when you arrive. Farewell.,자네가 도착할 때 까지 중앙 홀에서 의식을 준비하고 있겠네. 그곳에서 보세.,record,False,False,False,False,,
Oblivion.esm,INFO,00002E41,,NAM1,0,,,"So, have you taken care of those thieves yet?","그래, 그 도둑들을 처리했소?",record,False,False,False,False,,
Oblivion.esm,INFO,00002E44,,NAM1,0,,,You two are supposed to be taking care of those thieves in Anvil. What is it you need?,당신 둘은 엔빌(Anvil)에 있는 도둑들을 처리해야 할텐데. 필요한게 뭐요?,record,True,True,False,False,HIGH,Anvil
Oblivion.esm,INFO,00002E47,,NAM1,0,,,"Greetings! Looking for some more work, are you?",만나서 반갑소! 당신 일을 찾고 있소?,record,False,False,False,False,,
Oblivion.esm,INFO,00002E4A,,NAM1,0,,,Hail! What can Newheim the Portly do for you?,안녕하시오! Newheim the Portly 가 당신에게 뭘 해드릴까?,record,False,True,False,False,MEDIUM,"Newheim, the, Portly"
Oblivion.esm,INFO,00033566,,NAM1,0,,,We're done here. Let's go get paid.,이곳에서의 일은 모두 끝났소. 보수를 받으러 갑시다.,record,False,False,False,False,,
Oblivion.esm,INFO,00002E4D,,NAM1,0,,,We're done here. Let's go get paid.,이곳에서의 일은 모두 끝났소. 보수를 받으러 갑시다.,record,False,False,False,False,,
Oblivion.esm,INFO,00002E52,,NAM1,0,,,"Oh, it's you. Looks like we're working together.","오, 당신이군. 우리가 같이 일하고 있는것 같군.",record,False,False,False,False,,
Oblivion.esm,INFO,00002E4F,,NAM1,0,,,Come on. Let's get this mission done and get paid.,이봐. 임무를 끝내고 보수를 받자고.,record,False,False,False,False,,
Oblivion.esm,INFO,00002E40,,NAM1,0,,,Yes? Is there something else I can help you with?,응? 내가 도와줄 다른 일이 있소?,record,False,False,False,False,,
Oblivion.esm,INFO,00033561,,NAM1,0,,,"I think I'll study this shrine a bit longer. You can make your way out here. I thank you again for your help. Please, take this token of my thanks.","조금 더 이 사당(shrine)을 연구해 보아야 할 것 같아요. 당신은 이제 떠나도 괜찮아요. 당신의 조력에 다시한번 감사드려요. 모쪼록, 내 감사의 정표를 받아주세요.",record,True,True,False,False,HIGH,shrine
Oblivion.esm,INFO,00003920,,NAM1,0,,,"What can I do for you, my friend?","무엇을 해 드릴까요, 친구?",record,False,False,False,False,,
Oblivion.esm,INFO,00003922,,NAM1,0,,,Have you found it? Have you brought back the Stone of St. Alessia?,이것을 찾아냈나요? St. Alessia의 돌을 가져왓어요?,record,False,True,False,False,MEDIUM,"St, Alessia"
Oblivion.esm,INFO,00003923,,NAM1,0,,,Have you had any luck recovering the Stone of St. Alessia?,St. Alessia의 돌을 찾는 행운이 찾아오지 않았나요?,record,False,True,False,False,MEDIUM,"St, Alessia"
Oblivion.esm,INFO,00003924,,NAM1,0,,,"Greetings, my friend. You must be from the Fighters Guild. We appreciate your help.","반갑습니다, 친구여. 당신은 파이터길드에서 온 분이시죠. 우리는 당신의 조력에 감사드립니다.",record,False,False,False,False,,
Oblivion.esm,INFO,00003928,,NAM1,0,,,Do what you will with me. I've got nothing left.,나와 무엇을 하려는 겁니까. 난 남은게 없습니다.,record,False,False,False,False,,
Oblivion.esm,INFO,00003929,,NAM1,0,,,"So, I assume you're the one who's been sent to track us down. Damn stone was more trouble than it was worth.","그래, 자네는 우리를 추적하기 위해 보내진 자로 보이는군. 이 빌어먹을 돌맹이는 값어치보다 더 많은 문제를 일으키지.",record,False,False,False,False,,
Oblivion.esm,INFO,0000392B,,NAM1,0,,,What can I do for you?,무엇을 해 드릴까요?,record,False,False,False,False,,
Oblivion.esm,INFO,000356A3,,NAM1,0,,,Were you able to take care of my problem with break-ins?,요즘 출몰하는 강도사건을 해결해줄수 있겠습니까?,record,False,False,False,False,,
Oblivion.esm,INFO,000356A4,,NAM1,0,,,What can I do for you? Do you have questions about these break-ins I've been having?,무엇을 도와드려요? 이 강도사건에 대해 궁금한 점은요?,record,False,False,False,False,,
Oblivion.esm,INFO,000356A9,,NAM1,0,,,Greetings! Welcome to Lelles' Quality Merchandise. We have a wide range of goods to suit your needs.,환영합니다! Lelles' Quality Merchandise에 오신걸 환영해요. 당신이 필요한 많은 물건들을 보유하고 있습니다.,record,False,True,False,False,MEDIUM,"Lelles', Quality, Merchandise"
Oblivion.esm,INFO,000356A9,,NAM1,1,,,"Oh, and perhaps you saw the sign outside. Slight mistake, you know. Bit of bad luck there. So, what can I do for you?","오, 그리고 당신은 밖의 신호를 보셨을지도 모르겠군요. 불운일지도 몰라요. 하여간에 뭐 필요한거 있으세요?",record,False,False,False,False,,
Oblivion.esm,INFO,00036616,,NAM1,0,,,"So, you didn't sell me out. I appreciate that. Well, I said I'd make it worth your while, so let me teach you a little something.",그러니까 저를 밀고하시진 않았군요. 고마워요. 답례로 이것을 가르쳐 드리죠.,record,False,False,False,False,,
Oblivion.esm,INFO,00036616,,NAM1,1,,,"You've got to be light on your feet to make it around here, and that's something I'm good at. Maybe you can be, too. Take care.",이제 주위를 더 가볍게 돌아다닐수 있을거에요. 저의 전문분야중 하나죠. 몸조심하세요.,record,False,False,False,False,,
Oblivion.esm,INFO,000A7155,,NAM1,0,,,How can I help?,어떤 도움을 바라시오?,record,False,False,False,False,,
Oblivion.esm,INFO,000A80B1,,NAM1,0,,,You're the Gray Fox! You're under arrest for... for... for all kinds of stuff! You're wanted dead or alive. I'm choosing dead.,"넌 그레이 폭스(Gray Fox)! 넌 모, 모... 모든 종류의 범죄로 수배 중이다! 네겐 죽이거나 생포하거나 현상금이 걸려 있다. 난 죽이는걸 선택한다.",record,True,True,False,False,HIGH,"Gray, Fox"
Oblivion.esm,INFO,000270EA,,NAM1,0,,,You're back. And you've got the Great Stone...,돌아왔군. 그레이트 스톤은 가져 왔겠지?,record,False,False,False,False,,
Oblivion.esm,INFO,000A317B,,NAM1,0,,,"Please forgive me, but I'm afraid I haven't got time to talk right now. One of the other Blades should be able to assist you. Try Jena or Steffan.",미안해. 지금은 얘기할 시간이 없어. 다른 블레이드들이 도와 줄 거야. 제나(Jena)나 스테판(Steffan)에게 말해 봐.,record,True,True,False,False,HIGH,"Jena, Steffan"
Oblivion.esm,INFO,000A317C,,NAM1,0,,,"Sorry, but I'm too busy to talk right now. Try one of the other Blades. Perhaps Roliand or Cyrus?","미안하지만, 지금은 바빠서 얘기할 수 없군. 다른 블레이드를 찾아 봐. 아마... 롤리안드(Roliand)나 사이러스(Cyrus)는 어때?",record,True,True,False,False,HIGH,"Roliand, Cyrus"
Oblivion.esm,INFO,000A317D,,NAM1,0,,,"I haven't time to talk right now, I'm afraid. But I'm sure one of the other Blades can help. Try speaking with Belisarius, or Caroline.",지금은 얘기할 시간이 없어. 미안해. 다른 블레이드라면 도와 줄 거야. 벨리사리우스(Belisarius)나 캐롤라인(Caroline)에게 말해 봐.,record,True,True,False,False,HIGH,"Belisarius, Caroline"
Oblivion.esm,INFO,0009E17B,,NAM1,0,,,"Yes, honored Listener? Do you have orders for me?","네, 영광스런 리스너? 나에게 지령이 떨어졌나요?",record,False,False,False,False,,
Oblivion.esm,INFO,0009E359,,NAM1,0,,,"Yes, honored Listener? Do you have orders for me?","네, 영광스런 리스너? 나에게 지령이 떨어졌나요?",record,False,False,False,False,,
Oblivion.esm,INFO,0009E3DF,,NAM1,0,,,"Yes, honored Listener? Do you have orders for me?","네, 영광스런 리스너? 나에게 지령이 떨어졌나요?",record,False,False,False,False,,
Oblivion.esm,INFO,0009E3E0,,NAM1,0,,,"I... I am returning to the Sanctuary, as quickly as I possibly can, oh great Listener!","난... 난 성역에, 가능하한 빨리 돌아왔습니다. 오 위대하신 리스너여!",record,False,False,False,False,,
Oblivion.esm,INFO,0000A09E,,NAM1,0,,,"Greetings, most honorable Listener. The time has come for you to hear the whispers of death. Go to Bravil, and listen to the Night Mother.           ","위대하신 리스너시여, 죽음의 속삭임을 들으셔야 할 때가 왔습니다. Bravil로 가서, 나이트마더의 말씀을 전해 들으세요...",record,False,True,False,False,MEDIUM,Bravil
Oblivion.esm,INFO,00090B5E,,NAM1,0,,,"Black Brugo is dead, right? So I'm going to be a knight?","Black Brugo가 죽었어, 맞지? 그럼 난 이제 기사가 되는 거야? ",record,False,True,False,False,MEDIUM,"Black, Brugo"
Oblivion.esm,INFO,00090B5E,,NAM1,1,,,I'll go back and wait in the County Hall. You'll tell me when I'm a real knight? Please?,난 돌아가서 County Hall에서 기다릴게. 넌 내가 언제 진짜 기사가 되는지 알리러 와 줘. 부탁할게.,record,False,True,False,False,MEDIUM,"County, Hall"
Oblivion.esm,INFO,00090B5F,,NAM1,0,,,"I'm with you, friend. We kill Black Brugo, and the Count makes us both knights.","함께하자, 친구야. Black Brugo를 죽이면 백작은 우리를 기사로 만들어 줄거야.",record,False,True,False,False,MEDIUM,"Black, Brugo"
Oblivion.esm,INFO,00090B61,,NAM1,0,,,"If you're ready to go get Black Brugo, I'm ready to follow you.","Black Brugo를 치러 갈 거라면, 난 널 따라갈 준비가 돼 있어.",record,False,True,False,False,MEDIUM,"Black, Brugo"
Oblivion.esm,INFO,00090B62,,NAM1,0,,,I kept my oath. Mogens Wind-Shifter is dead. Now I return to Castle Leyawiin. Come visit me there some day.,Mogens Wind-Shifter란 놈이 그곳에 있대. 그래서 네가 나를 데려가야해. 그리고 그와 내가 이야기를 한후에 나중일은 지켜 보자구.,record,False,True,False,False,MEDIUM,"Mogens, Wind-Shifter"
Oblivion.esm,INFO,0008605A,,NAM1,0,,,"Hello, friend. Thank you again for your help.","안녕, 친구야. 또 도와 줘서 고마워.",record,False,False,False,False,,
Oblivion.esm,INFO,0008605D,,NAM1,0,,,Mogens Wind-Shifter is dead. Ra'vindra is avenged. Now I return to Castle Leyawiin. Come visit me there some day.,Mogens Wind-Shifter는 죽었어. Ra'vindra의 복수를 한 거지. 이제 난 레이어윈 성으로 돌아가겠어. 언젠가 그곳으로 날 만나러 와.,record,False,True,False,False,MEDIUM,"Mogens, Wind-Shifter, Ra'vindra"
Oblivion.esm,INFO,0006C5C0,,NAM1,0,,,"Greetings, Magister. I trust you are serving the guild well.",반갑습니다. 마법사 님. 길드를 위해 잘 일하고 있겠지요?,record,False,False,False,False,,
Oblivion.esm,INFO,0006C5C1,,NAM1,0,,,"What brings you here, Magister?",어떻게 오셨나요?,record,False,False,False,False,,
Oblivion.esm,INFO,0000BFA1,,NAM1,0,,,Are you here to rescue me?,나를 구하러 왔소?,record,False,False,False,False,,
Oblivion.esm,INFO,000104DD,,NAM1,0,,,Yes?,네?,record,False,False,False,False,,
Oblivion.esm,INFO,0000BFA3,,NAM1,0,,,Anything for my savior.,나의 구원자를 위해서라면 뭐든 하겠습니다.,record,False,False,False,False,,
Oblivion.esm,INFO,00015F0B,,NAM1,0,,,What should I do?,내가 어떻게 해야 하오?,record,False,False,False,False,,
Oblivion.esm,INFO,0000BFA2,,NAM1,0,,,We need to get to safety.,빨리 안전한 곳으로 피해야 해.,record,False,False,False,False,,
Oblivion.esm,INFO,0000BFA4,,NAM1,0,,,Why aren't you working?,왜 일하고 있지 않소?,record,False,False,False,False,,
Oblivion.esm,INFO,000AEF93,,NAM1,0,,,"What do you want, Slop Drudge?","뭘 원하나, 슬로프 드러지(Slop Drudge)?",record,True,True,False,False,HIGH,"Slop, Drudge"
Oblivion.esm,INFO,00026D5E,,NAM1,0,,,My research is moving forward again. It's only a matter of time before I decipher the third and fourth ingredients for the ritual.,연구는 계속 될 걸세. 의식에 필요한 세 번째와 네 번째 유물을 알아내는 것은 시간문제야.,record,False,False,False,False,,
Oblivion.esm,INFO,0018D280,,NAM1,0,,,"Cheydinhal sleeps more soundly tonight, thanks to you, friend. What can I do for you?","쉐이딘홀이 오늘 밤 편히 잠드는군요, 고마워요, 친구여. 뭘 도와드릴까요?",record,False,False,False,False,,
Oblivion.esm,INFO,0018D287,,NAM1,0,,,"Even a small bit of good news is refreshing in these grim times. I salute your courage, Savior of Cheydinhal!","요즘같이 암울한 시기에는 아주 조그만 희소식에도 기분이 좋아지죠. 당신의 용기에 감사 드립니다, 쉐이딘홀의 수호자여!",record,False,False,False,False,,
Oblivion.esm,INFO,0018D28E,,NAM1,0,,,"Cheydinhal is in your debt, friend. That Oblivion Gate had us all living in fear.","쉐이딘홀 전체가 당신에게 빚을 진 겁니다, 친구여. 저 오블리비언 게이트는 우리 모두를 공포에 떨게 만들었어요.",record,False,False,False,False,,
Oblivion.esm,INFO,0018D295,,NAM1,0,,,"Your reputation precedes you, Gate-Closer, Scourge of Oblivion, Hero of Kvatch!","당신의 명성은 그 이상입니다, 오블리비언 게이트의 폐쇄자, 오블리비언의 징벌자, 크바치의 영웅!",record,False,False,False,False,,
Oblivion.esm,INFO,0018D29C,,NAM1,0,,,Thank you for closing the Oblivion Gate. We all took heart when we heard the news.,오블리비언 게이트를 닫아주어 감사 드려요. 그 소식에 모두들 감동했어요.,record,False,False,False,False,,
Oblivion.esm,INFO,00023FA3,,NAM1,0,,,Books. I sell books. Go ahead. Look. Buy some.,책이요. 난 책을 팔아요. 한 번 둘러보시고 몇 권 사시죠.,record,False,False,False,False,,
Oblivion.esm,INFO,0004E884,,NAM1,0,,,"Welcome to Black Waterside Stables. Finest horses in all Cyrodiil. And I'm speaking literally. I'm Tovas Selvan, the owner.",검은 물가의 마구간(Black Waterside Stables)에 오신 걸 환영합니다. 시로딜 최고의 명마가 갖추어져 있지요. 거짓말이 아닙니다. 난 마구간 주인 Tovas Selvani입니다.,record,True,True,False,False,HIGH,"Black, Waterside, Stables, Tovas, Selvani"
Oblivion.esm,INFO,0004E886,,NAM1,0,,,"Well, yes, my name.... Mivryna Arano. Excuse me, but I don't speak much. With people, that is.","음, 내 이름은... Mivryna Arano라고 합니다. 난 사람들과 별로 말을 하지 않아요. 그렇다구요.",record,False,True,False,False,MEDIUM,"Mivryna, Arano"
Oblivion.esm,INFO,0004E88A,,NAM1,0,,,"Welcome to Newlands Lodge, the best place to drink in Cheydinhal. Not counting the Chapel... haha. I'm Dervera Romalen.","쉐이딘홀에서 가장 술마시기 좋은 곳, 뉴런즈 여관(Newlands Lodge)에 오신 걸 환영합니다. 성당 사람들은 빼고 말이죠... 하하하. 난 Dervera Romalen입니다.",record,True,True,False,False,HIGH,"Newlands, Lodge, Dervera, Romalen"
Oblivion.esm,INFO,0004E88A,,NAM1,1,,,"This is a Dark Elf bar. Cursing, spitting, and screaming? No problem.","여긴 다크 엘프 전용 술집입니다. 욕하고, 침을 뱉고, 소리를 지르고 싶다구요? 아무 문제 없습니다.",record,False,False,False,False,,
Oblivion.esm,INFO,0004E88A,,NAM1,2,,,"Fighting is fine with me, too, only the Guard objects, and they'll fine you or lock you up. Not my call.",나 역시 싸움이라면 마다하지 않죠. 단지 경비병들이 싫어해서 그렇지. 경비병들은 당신에게 벌금을 매기거나 감방에 잡아 넣을 겁니다. 난 부르지도 않았는데 말이죠.,record,False,False,False,False,,
Oblivion.esm,INFO,0004E890,,NAM1,0,,,"Mariana Ancharia, hostess of Cheydinhal Bridge Inn. We provide beds and food to persons of quality in the Cheydinhal community.","쉐이딘홀 브리지 여관(Cheydinhal Bridge Inn)의 주인, Mariana Ancharia 입니다. 우린 쉐이딘홀 공동체의 많은 사람들에게 음식과 잠자리를 제공하고 있어요.",record,True,True,False,False,HIGH,"Cheydinhal, Bridge, Inn, Mariana, Ancharia"
Oblivion.esm,INFO,0004E895,,NAM1,0,,,"Borba gra-Uzgash. We've got everything the adventurer needs. I'm an old adventurer myself, and I know what's wanted.",Borba gra-Uzgash입니다. 우린 모험가가 필요한 모든 걸 같고 있죠. 나도 옛날엔 모험가였어요. 그래서 뭐가 필요한 지 알고 있답니다. ,record,False,True,False,False,MEDIUM,"Borba, gra-Uzgash"
Oblivion.esm,INFO,000749E8,,NAM1,0,,,"Me? I'm Magub gro-Orum. Borba and me, we were pals in the adventuring trade. Now I help him run the store.",나요? 난 Magub gro-Orum이요. Borba와 난 모험을 하면서 무역을 한 단짝 친구였죠. 현재 난 그 녀석이 가게 운영하는 걸 도와주고 있죠. ,record,False,True,False,False,MEDIUM,"Magub, gro-Orum, Borba"
Oblivion.esm,INFO,0004E8A2,,NAM1,0,,,The March Rider sells and repairs weapons and armor. Can I help you? I'm Tertia Viducia. ,3월의 기수(The March Rider)에서는 무기와 방어구를 수리하고 판매하죠. 뭘 도와드릴까요? 난 Tertia Viducia입니다. ,record,True,True,False,False,HIGH,"The, March, Rider, Tertia, Viducia"
Oblivion.esm,INFO,0004E8A4,,NAM1,0,,,"Praise Arkay, and all her little woodland creatures! I'm Hil the Tall, Priest of Arkay. ","Arkay 신과 그의 피조물인 숲의 작은 생명체들을 찬양하세요! 난 Arkay 신을 모시는 성직자, 키다리 Hil입니다. ",record,False,True,False,False,MEDIUM,"Arkay, Arkay, Hil"
Oblivion.esm,INFO,0004E8A4,,NAM1,1,,,"I'm also a trainer in the arts of Alteration. I love magic, too. I love everything. And everyone. You, too.",저는 변화마법 훈련도 해요. 마법도 사랑하죠. 전 모든 것을 사랑해요. 모두를요. 당신도요.,record,False,False,False,False,,
Oblivion.esm,INFO,0004E8A6,,NAM1,0,,,"Blessings of the Nine. I'm Ohtesse the Healer. By the grace of Mara, I offer Advanced Training in the Restoration Arts.","나인 디바인의 가호가 있기를. 난 힐러, Ohtesse입니다. Mara 신의 축복으로 상급 회복 마법을 가르치고 있어요.",record,False,True,False,False,MEDIUM,"Ohtesse, Mara"
Oblivion.esm,INFO,0004E8A8,,NAM1,0,,,"I'm Errandil, Living Saint of Arkay, and the Chapel's chief crusader against the wicked practice of necromancy.","Arkay 신의 살아있는 성자, Errandil입니다. 그리고 사악한 강령술에 대항하는 성당 기사단장이기도 하죠.",record,False,True,False,False,MEDIUM,"Arkay, Errandil"
Oblivion.esm,INFO,0004E8AB,,NAM1,0,,,"I am Gruiand Garrana, Primate of Arkay, and spiritual leader of the Cheydinhal Chapel.",난 Arkay 성당의 대주교이자 쉐이딘홀의 영적 지도자인 Gruiand Garrana입니다.,record,False,True,False,False,MEDIUM,"Arkay, Gruiand, Garrana"
Oblivion.esm,INFO,0004E8AB,,NAM1,1,,,"In that capacity, I am pleased to offer Advanced Training in Speechcraft, that the faithful might better spread the word of Gods' graces.","그러한 권능 하에, 신의 은총 어린 말씀을 더 널리 퍼뜨릴 수 있는 힘인 상급 대화술(Speechcraft)을 기꺼이 가르쳐 드리지요.",record,True,True,False,False,HIGH,Speechcraft
Oblivion.esm,INFO,0004E8AC,,NAM1,0,,,"I am Andel Indarys, Count Cheydinhal. There is no more generous or just ruler in Cyrodiil, if I say so myself.","난 쉐이딘홀의 백작, Andel Indarys요. 나로 말할 것 같으면, 시로딜에서 가장 관대하거나 옳바른 통치자지.",record,False,True,False,False,MEDIUM,"Andel, Indarys"
Oblivion.esm,INFO,0004E8AE,,NAM1,0,,,"I am Naspia Cosma, Cheydinhal's Steward. I offer introductory training with Blades, and may condescend to accept you as a student.",나는 쉐이딘홀의 집사 Naspia Cosma입니다. 초급 검술을 가르치죠. 당신을 제자로 받아들일 수도 있어요.,record,False,True,False,False,MEDIUM,"Naspia, Cosma"
Oblivion.esm,INFO,0004E8B0,,NAM1,0,,,"I'm Ulene Hlervu, Castle Mage. Perhaps you've been warned off me as a scandalous, blasphemous scoffer and cynic.","궁정마법사, Ulene Hlervu입니다. 분명 당신은 내가 별로 소문이 좋지 않고, 불경하며 냉소적인 사람이라는 경고를 들었을 겁니다.",record,False,True,False,False,MEDIUM,"Ulene, Hlervu"
Oblivion.esm,INFO,0004E8B0,,NAM1,1,,,The characterization is completely accurate. I despise the gods and those who bow before them.,그 말들은 아주 정확한 표현입니다. 난 신들과 그들을 숭배하는 자들을 경멸해요.,record,False,False,False,False,,
Oblivion.esm,INFO,0004E8B2,,NAM1,0,,,"It is just Ra'qanar, the poor porter. Do you wish to beat me? Punish me? Of course,  Ra'qanar deserves your scorn... but pity this one, please.","난 그냥 불쌍한 짐꾼, Ra'qanar입니다. 날 때리고 싶어요? 내게 벌을 줄 건가요? 물론, 난 비웃음받아야 마땅하죠... 하지만 불쌍한 인간이니 제발 봐주세요.",record,False,True,False,False,MEDIUM,Ra'qanar
Oblivion.esm,INFO,0004E8B4,,NAM1,0,,,"I'm Burz gro-Khash, and I'm in charge of this St. Jiub's Fair. All I need is clowns, monkeys, and jugglers. No. Wait... just need jugglers....","난 버즈 그로-카쉬라 하고, 성자 지웁의 가호를 받은 이곳의 지부장이요. 이제 필요한 건 광대, 원숭이, 재주꾼이구만. 아니, 잠깐... 그냥 재주꾼만 있어도 되겠군...",record,False,False,False,False,,
Oblivion.esm,INFO,0004E8B4,,NAM1,1,,,"Yeah. This is the Cheydinhal Fighter's Guild. Look around. See any fighters? Right. That's the problem. No fighters, no guild.","그래요. 여기는 파이터 길드 쉐이딘홀 지부요. 한번 둘러보시오. 전사들이 보이오? 맞아, 바로 그게 문제요. 제대로 된 전사가 없다면 파이터 길드도 있을 수 없소.",record,False,False,False,False,,
Oblivion.esm,INFO,0004E8B6,,NAM1,0,,,"Keld of the Isles. Guardian of the Fighters Guild. And how did I achieve that high rank, you ask?",Keld of the Isles. 파이터 길드의 가디언이오. 내가 어떻게 이런 직위까지 올라왔는지 궁금한가?,record,False,True,False,False,MEDIUM,"Keld, of, the, Isles"
Oblivion.esm,INFO,0004E8B6,,NAM1,1,,,"Patience. Caution. Slow and steady wins the race, my father always said. Careless fighters get one last white shirt and a box. Not me.",인내와 신중함 덕분입니다. 내 아버지는 항상 말씀하셨지. 급할수록 돌아가라. 조심성 없는 전사는 결국엔 수의 한 벌 얻어 입고 관 속에나 들어가는 법이지.,record,False,False,False,False,,
Oblivion.esm,INFO,0004E8B8,,NAM1,0,,,"Ohtimbar, Fighters Guild Guardian. Maybe you saw me in the Arena, couple years ago? I was a contender.","Ohtimbar, 파이터 길드의 가디언(Guardian)이지. 혹시나 몇 년 전 아레나에서 날 본적이 없나? 예전에 검투사였거든.",record,True,True,False,False,HIGH,"Ohtimbar, Guardian"
Oblivion.esm,INFO,0004E8B8,,NAM1,1,,,"I got out while I still had the original set of legs, arms, and eyes. Fighters Guild is a perfect place for me now.",내 사지가 온전히 붙어있고 두 눈 멀쩡할 때에 아레나를 나왔지. 지금은 파이터 길드가 내게 딱 맞는 곳이야.,record,False,False,False,False,,
Oblivion.esm,INFO,0004E8BA,,NAM1,0,,,What are you doing in here? Wander in by mistake? This is the Mages Guild. You want a barn or sheep pen or something.,"여기서 뭐 하는 거요? 길이라도 잃은 거요? 여긴 메이지 길드요. 당신 헛간이나 양떼 우리, 뭐 그런 곳을 찾는 거요?",record,False,False,False,False,,
Oblivion.esm,INFO,0004E8BB,,NAM1,0,,,"Oh, dear. A budding spellcaster. How charming. I'm Falcar. I'm what a real wizard looks like.","오, 이런. 초보 마법사로군. 깜찍한데. 나는 Falcar. 나같은 사람이야 말로 진정한 마법사지.",record,False,True,False,False,MEDIUM,Falcar
Oblivion.esm,INFO,0004E8BD,,NAM1,0,,,"I'm Deetsan. Magician. Mages Guild, that is.","난 Deetsan입니다. 매지션(Magician)이죠, 그 뿐입니다.",record,True,True,False,False,HIGH,"Deetsan, Magician"
Oblivion.esm,INFO,0004E8BF,,NAM1,0,,,I'm Magician Orintur of the Mages Guild. I divide my time between the Cheydinhal Guild and my own private studies at Willow Bank. ,난 메이저 길드의 매지션(Magician) Orintur입니다. 시간을 쪼개서 쉐이딘홀의 메이지 길드와 윌로우 뱅크(Willow Bank)에서 연구를 하고 있죠. ,record,True,True,False,False,HIGH,"Magician, Orintur, Willow, Bank"
Oblivion.esm,INFO,0004E8C1,,NAM1,0,,,"I'm Eilonwy. I'm only a conjurer, but Orintur is a full Magician. Isn't he wonderful?","난 Eilonwy입니다. 나는 일개 컨쥬어러(conjurer)에 지나지 않지만, Orintur는 일류 매지션(Magician)입니다. 정말 대단하지 않나요?",record,True,True,False,False,HIGH,"Eilonwy, conjurer, Orintur, Magician"
Oblivion.esm,INFO,0004E8C3,,NAM1,0,,,"I'm Trayvond the Redguard, Mages Guild Evoker. Surprised? Yes, you don't see many Redguards in the Mages Guild.",난 레드가드 Trayvond입니다. 메이지 길드의 에보커(Evoker)입니다. 놀랐나요? 하긴 메이지 길드에서 레드가드를 보기란 쉽지 않겠지요.,record,True,True,False,False,HIGH,"Trayvond, Evoker"
Oblivion.esm,INFO,0004E8C3,,NAM1,1,,,"We don't much like spellcasters in Hammerfell. Wizards steal souls and tamper with minds. If you use magic, you're weak or wicked.",햄머펠(Hammerfell)에서는 마법사들은 그다지 환영받지 못합니다. 마법사들은 마음을 조정하며 영혼을 희롱합니다. 마법을 쓴다는 것은 약하거나 사악한 자로 치부되지요.,record,True,True,False,False,HIGH,Hammerfell
Oblivion.esm,INFO,0004E8C3,,NAM1,2,,,"My family didn't approve of my vocation, so I had to come to Cyrodiil for my education. ",내 가족들은 내가 추구하는 길을 인정해 주지 않았습니다. 그래서 나는 교육을 받기 위해 시로딜까지 왔습니다. ,record,False,False,False,False,,
Oblivion.esm,INFO,0004E8C3,,NAM1,3,,,"I admit... I still have strong prejudices against necromancy, summoning, and illusion.","인정합니다... 나에게는 강령술, 소환술 그리고 환영마법에 강한 편견이 있습니다.",record,False,False,False,False,,
Oblivion.esm,INFO,0004E8C3,,NAM1,4,,,Profaning the remains or souls of the dead is just wrong. And I'm uneasy about tampering with other's minds and trafficking with Daedra.,죽은 자의 육신과 영혼을 더럽히는 것은 큰 잘못입니다. 타인의 마음을 조정하거나 데이드라와 거래하는 것도 용납할 수 없습니다.,record,False,False,False,False,,
Oblivion.esm,INFO,0004E8C5,,NAM1,0,,,Uurwen the Evoker. I'm responsible for enchanted item recharge for the Cheydinhal guildhall.,구현술사 계급 마법사 우르웬입니다. 저는 셰이딘홀 지부에서 마법부여 물품의 재충전을 담당하고 있습니다.,record,False,False,False,False,,
Oblivion.esm,INFO,0004E8C7,,NAM1,0,,,Get lost. Or I'll pull your arm off.,저리 꺼져. 팔을 확 뽑아 버리기 전에.,record,False,False,False,False,,
Oblivion.esm,INFO,00092265,,NAM1,0,,,Have you brought help? We've been trapped here since the daedra overran the city.,우릴 도울 수 있소? 데이드라가 크바치를 침략한 때부터 여기 갇혀 있소.,record,False,False,False,False,,
Oblivion.esm,INFO,0001DC44,,NAM1,0,,,Hello. I'm Brother Jauffre. Can I help you?,안녕하신가. 죠프리(Jauffre) 형제라 부르게. 도울 일이라도?,record,True,True,False,False,HIGH,Jauffre
Oblivion.esm,INFO,0001DC8A,,NAM1,0,,,I'm Brother Jauffre. What do you want?,죠프리(Jauffre) 형제라 하네. 무슨 일이신가?,record,True,True,False,False,HIGH,Jauffre
Oblivion.esm,INFO,000AA08D,,NAM1,0,,,Excuse me. Can I help you? Are you looking for Prior Maborel? Or Jauffre?,"안녕하세요. 도와 줄까요? 메이버렐(Maborel) 수도원장을 찾으세요? 아니면, 죠프리(Jauffre)를 찾으세요?",record,True,True,False,False,HIGH,"Maborel, Jauffre"
Oblivion.esm,INFO,000AA092,,NAM1,0,,,Yes? Can I help you?,네? 도와줄까요?,record,False,False,False,False,,
Oblivion.esm,INFO,00031CF0,,NAM1,0,,,"If Captain Matius is waiting on you to get that gate raised, you'd better get moving.",마티우스(Matius)는 성문이 올라가길 기다리고 있을 것이오. 빨리 움직이는게 좋겠소.,record,True,True,False,False,HIGH,Matius
Oblivion.esm,INFO,00031CF0,,NAM1,1,,,I'm going to head back and meet up with the rest of the troops.,나는 돌아가서 나머지 병력과 합류하겠소.,record,False,False,False,False,,
Oblivion.esm,INFO,0007BAC0,,NAM1,0,,,This is it. The entrance to the passage is right here. I'll unlock it for you.,이곳이오. 그기로 가는 길이 바로 여기요. 내가 열겠소.,record,False,False,False,False,,
Oblivion.esm,INFO,0007BAC0,,NAM1,1,,,Best of luck.,운이 좋았소.,record,False,False,False,False,,
Oblivion.esm,INFO,0007BAC1,,NAM1,0,,,"Come on, we've got to keep moving!",갑시다. 계속 움직여야 하오!,record,False,False,False,False,,
Oblivion.esm,INFO,00031CFE,,NAM1,0,,,"I'm just waiting for Captain Matius to give the order. Finally, a chance to fight back!",난 마티우스(Matius) 대장의 명령을 기다리고 있을 뿐이오. 언젠가는 돌아가 싸우게 될 것이오!,record,True,True,False,False,HIGH,Matius
Oblivion.esm,INFO,00091C4D,,NAM1,0,,,Do you have the Count's ring?,백작님의 반지를 찾았소?,record,False,False,False,False,,
Oblivion.esm,INFO,00091C4E,,NAM1,0,,,Where is the Count? Why is he not with you?,백작님은 어디 계시오? 왜 같이 오지 않았소?,record,False,False,False,False,,
Oblivion.esm,INFO,00091C4F,,NAM1,0,,,"All right, this is it!","그래, 바로 여기야!",record,False,False,False,False,,
Oblivion.esm,INFO,00091C4F,,NAM1,1,,,"We'll hold this area. You head to the back of the castle, and find the Count.",여긴 우리가 확보하고 있겠소. 성 안쪽으로 들어가서 백작님을 찾으시오.,record,False,False,False,False,,
Oblivion.esm,INFO,00091C4F,,NAM1,2,,,Don't come back here without him!,혼자서는 돌아오지 마시오!,record,False,False,False,False,,
Oblivion.esm,INFO,0007BACF,,NAM1,0,,,You need to find the Count! Get moving!,백작님을 찾아야 해! 서두르시오!,record,False,False,False,False,,
Oblivion.esm,INFO,00032D9F,,NAM1,0,,,This area's clear. We've got to get inside and find the Count before it's too late. Move out!,이곳은 정리됐소. 늦기 전에 안으로 들어가서 백작님을 찾아야 하오. 갑시다!,record,False,False,False,False,,
Oblivion.esm,INFO,00035C8F,,NAM1,0,,,"Hey stranger, can you spare a few coins? I've just been shaken down by that bastard watchman and he took my last septim.","이봐요 낯선 양반, 약간의 돈 좀 빌려줄 수 있소? 난 방금 그 개 같은 경비대원에게 돈을 뺏긴 참이오. 그가 내 마지막 셉팀도 가져 갔소.",record,False,False,False,False,,
Oblivion.esm,INFO,000363C0,,NAM1,0,,,I've heard that you've been asking around about that corrupt guard. Just don't mention my name. I have enough problems.,당신이 부패한 경비대원에 관한 걸 여기저기에 묻고 다닌다고 들었소. 다만 내 이름을 언급하진 마시오. 내겐 문젯거리가 충분하오.,record,False,False,False,False,,
Oblivion.esm,INFO,000363C1,,NAM1,0,,,Have you seen my friend Luronk? I'm worried about him.,내 친구 Luronk를 봤소? 그가 걱정이 되오.,record,False,True,False,False,MEDIUM,Luronk
Oblivion.esm,INFO,000363C2,,NAM1,0,,,These days I get nervous whenever I see a Watchman. Maybe I'll just stay inside.,요즘은 경비병을 보기만 해도 불안해. 당분간은 집안에만 있어야겠어.,record,False,False,False,False,,
Oblivion.esm,INFO,000363C7,,NAM1,0,,,Are you still trying to file a complaint against Audens Avidius? I thought I told you to take it up with Itius Hayn.,아직도 Audens Avidius를 고소하려고 노력중이오? Itius Hayn에게 가보라고 말했던 것 같은데.,record,False,True,False,False,MEDIUM,"Audens, Avidius, Itius, Hayn"
Oblivion.esm,INFO,000363C8,,NAM1,0,,,"If you are still trying to file a complaint against Audens Avidius, go see Itius Hayn. I can't help you.",아직도 Audens Avidius를 고소하려고 노력중입니까? Itius Hayn에 가서 그를 만나세요. 난 당신을 도울 수 없습니다.,record,False,True,False,False,MEDIUM,"Audens, Avidius, Itius, Hayn"
Oblivion.esm,INFO,000363C9,,NAM1,0,,,Can I help you Citizen?,도와드릴까요?,record,False,False,False,False,,
Oblivion.esm,INFO,001885D6,,NAM1,0,,,Are you here to visit me and perhaps purchase more of my Famous Potato Bread?,내 유명한 감자 빵을 더 먹고 싶어서 여기 온 거 아니에요?,record,False,False,False,False,,
Oblivion.esm,INFO,00189182,,NAM1,0,,,"Sorry, I must check in at Leyawiin Castle. Excuse me.",미안합니다. 레이어윈 성에 출근해야 하거든요. 실례하겠습니다.. ,record,False,False,False,False,,
Oblivion.esm,INFO,0018A960,,NAM1,0,,,Kayleen's grave is outside if you wish to pay your respects.,Kayleen에게 문안하고 싶으시면 그녀의 무덤은 밖에 있습니다.,record,False,True,False,False,MEDIUM,Kayleen
Oblivion.esm,INFO,0003630E,,NAM1,0,,,"You return to me, yet you bear no news? Go, Silencer, uncover the identity of the traitor! The fate of the Dark Brotherhood rests in your hands!","당신이 아무 소식 없이 돌아왔다고? 가시오, 사이렌서, 배신자의 신원을 밝혀! 다크 브라더후드의 운명은 네 손에 달려있다!",record,False,False,False,False,,
Oblivion.esm,INFO,0003630F,,NAM1,0,,,I'm... I'm sorry! I didn't mean to do anything wrong! It was the robed man! He... he paid me to put those things in the barrel!,저...정말로 미안해요. 나는 아무 해도 끼칠 생각이 없었어요... 로브를 걸친 사람이었어요. 그가... 그가 이걸 이 통안에 넣어두라고 시키면서 돈을 줬어요.,record,False,False,False,False,,
Oblivion.esm,INFO,0003630F,,NAM1,1,,,"I don't know his name, and his face was in shadow. He called to me yesterday as I walked by the lighthouse. I think he lives there! ","전 그의 이름은 몰라요... 그리고 얼굴은 그림자로 가려져 있어서 보지 못했어요. 제가 등대근처를 지나갈때, 그가 저를 불렀어요. 제 생각엔 그곳에 사는 것 같아요. 아니면 살았거나요...",record,False,False,False,False,,
Oblivion.esm,INFO,0003630F,,NAM1,2,,,"Or he did, anyway. He told me he was leaving Anvil. I'm sorry, but that's all I know!","아무튼, 그는 나에게 자기가 Anvil에 산다고 말했어요. 정말 미안해요, 하지만 이게 제가 아는 전부에요.",record,False,True,False,False,MEDIUM,Anvil
Oblivion.esm,INFO,00066A08,,NAM1,0,,,"You have your orders, Silencer. Ask of me what you will, and then make haste to Hero Hill. Your first dead drop contract awaits.",Silencer여 자네는 이제 임무를 받았네. 어서 Hero Hill로 향하게나. 자네의 첫번째 Dead drop 청부가 자넬 기다리고 있네.,record,False,True,False,False,MEDIUM,"Silencer, Hero, Hill, Dead, drop"
Oblivion.esm,INFO,0002FD92,,NAM1,0,,,"I have been waiting for you, assassin. We have not spoken in some time, but I am well aware of your accomplishments within the Dark Brotherhood.",자네를 기다렸네 Assassin이여. 우리는 그간 대화하지 못했지만... 나는 자네가 다크브라더후드에서 성취한 것들에 대해 알고있지.,record,False,True,False,False,MEDIUM,Assassin
Oblivion.esm,INFO,0002FD92,,NAM1,1,,,That is why I have sent for you. I'm afraid there is a... situation. The time has come to test both your skill and your loyalty to Sithis. ,내가 자네를 보낸 이유도 그것이야. 나는... 우리가 처한 모종의 상황이 두렵다네. 자네의 능력과 시시스에 대한 충성을 시험 해볼 기회가 온 것일게야. ,record,False,False,False,False,,
Oblivion.esm,INFO,0002FD92,,NAM1,2,,,"The Black Hand has learned that the Dark Brotherhood has been infiltrated. By whom, and for what purpose, we do not yet know.","Black Hand는 다크브라더후드가 침식당해 있다는 것을 깨달았네. 그게 누구인지, 목적이 뭔지, 우리는 아직 알지 못하고 있어...",record,False,True,False,False,MEDIUM,"Black, Hand"
Oblivion.esm,INFO,0002FD92,,NAM1,3,,,What we do know is that there is some link between the traitor and the Cheydinhal Sanctuary. The traitor has tainted that place beyond repair.,우리가 알고 있는 것은 배반자와 Cheydinhal Sanctuar가 연관되어 있다는 것 뿐이네. 반역자가 우리의 성소를 복구 할 수 없게 더럽히고 있어.,record,False,True,False,False,MEDIUM,"Cheydinhal, Sanctuar"
Oblivion.esm,INFO,0002FD92,,NAM1,4,,,"It was learned that the traitor has been active for quite some time, since before you joined the Brotherhood. That absolves you of any suspicion.",반역자가 활동해 왔다는 것은 분명한 사실이네. 자네가 브라더후드에 들어오기 전부터이지. 이 사실이 자네를 용의선상에서 제외시켰네.,record,False,False,False,False,,
Oblivion.esm,INFO,00035E02,,NAM1,0,,,"Ah, Assassin, I must speak with you. It is quite urgent. A sealed letter just arrived from a Dark Brotherhood courier.  ","아, Assassin. 자네에게 할 말이 있네. 꽤 급한 일이지. 다크브라더후드의 밀사로부터 자네 앞으로 봉인된 편지가 배달되었네.",record,False,True,False,False,MEDIUM,Assassin
Oblivion.esm,INFO,00035E02,,NAM1,1,,,I recognize this type of parcel. It contains sealed orders. It's addressed to you... from Lucien Lachance.,이런 종류의 배달물을 알고있지. 아마 비밀지령을 포함하고 있을걸세. 이건 Lucien Lachance가 자네 앞으로 보낸거라네.,record,False,True,False,False,MEDIUM,"Lucien, Lachance"
Oblivion.esm,INFO,00035E02,,NAM1,2,,,You must open these sealed orders immediately and follow their instructions to the letter. It would seem the Black Hand itself has a task for you.,"자네는 봉인된 편지를 즉시 열어보고, 지시에 따라야만 하네. 아마 Black Hand에서 자네에게 직접 명령을 내린걸로 보이는군.",record,False,True,False,False,MEDIUM,"Black, Hand"
Oblivion.esm,INFO,00035E04,,NAM1,0,,,Assassin! Why are you still here? Have you not opened your sealed orders? Go now! The Black Hand obviously has need of your abilities!,Assassin! 어째서 아직도 여기에 있는건가? 아직도 편지를 열어보지 않았나? 어서 가게! Black Hand에서 자네의 능력을 필요로 하고 있는게 틀림없어.,record,False,True,False,False,MEDIUM,"Assassin, Black, Hand"
Oblivion.esm,INFO,000253B6,,NAM1,0,,,"Oh! Well... um, hello. You must be the one Lucien Lachance told me about. I've been expecting you. We haven't got much time, I'm afraid.","어, 음... 그러니까... 안녕하시오. 당신은 Lucien Lachance가 말한 사람이겠죠. 기다리고 있었습니다. 우리는 시간이 많지않아요. 두렵군요.",record,False,True,False,False,MEDIUM,"Lucien, Lachance"
Oblivion.esm,INFO,000253B6,,NAM1,1,,,I borrowed quite a bit of gold from some underworld types.  I... I missed a payment. Now they don't even want the money. They say I insulted them!,저는 돈을 좀 빌려썼어요. 그러니까... 지하세계의 돈을요. 그리곤 갚지 못했죠. 심지어 지금 그들은 저에게서 돈을 원하지 조차 않아요. 제가 그들을 모욕했다나요?,record,False,False,False,False,,
Oblivion.esm,INFO,000253B6,,NAM1,2,,,"They've sent an enforcer to kill me! His name is Hides-His-Heart, and he's on his way here now! That's why I hired you! So you can fake my death!",그들은 저를 죽이려고 해결사를 보냈어요... 그의 이름은 Hides-His-Heart입니다. 해결사는 이미 여기로 오고있는 중이에요! 그게 제가 당신을 고용한 이유입니다. 제가 죽은것처럼 꾸며주세요.,record,False,True,False,False,MEDIUM,Hides-His-Heart
Oblivion.esm,INFO,00002DE9,,NAM1,0,,,I'm in hiding from the Imperial Watch. Go find Methredhel. She has your instructions.,나는 제국 경비들로부터 숨어 있습니다. Methredhel를 찾으시오. 그녀가 당신에게 지시를 내려 줄것이오.,record,False,True,False,False,MEDIUM,Methredhel
Oblivion.esm,INFO,00003454,,NAM1,0,,,Good to see you again!,다시 만나서 반가워!,record,False,False,False,False,,
Oblivion.esm,INFO,00002DEA,,NAM1,0,,,What do you want?,뭘 원하시죠?,record,False,False,False,False,,
Oblivion.esm,INFO,00002DEB,,NAM1,0,,,Thank goodness I found you. I assume you know that Hieronymus Lex has issued an arrest warrant for Armand Christophe.,너를 찾아낸 게 천만 다행이야. 히에로니무스 렉스(Hieronymus Lex)가 아몬드 크리스토퍼(Armand Christophe)에 대한 체포영장을 가진거 알고 있으리라 생각해.,record,True,True,False,False,HIGH,"Hieronymus, Lex, Armand, Christophe"
Oblivion.esm,INFO,00045F65,,NAM1,0,,,I'm rather busy on a... I'm busy. What do you need?,지금은 바빠. 뭐가 필요해?,record,False,False,False,False,,
Oblivion.esm,INFO,0018A807,,NAM1,0,,,Not now. First we have to see about Myvryna.,지금은 안되고. 먼저 우리는 Myvryna를 만나야 합니다.,record,False,True,False,False,MEDIUM,Myvryna
Oblivion.esm,INFO,000034A3,,NAM1,0,,,What do you want? Can't you see I'm in the middle of an investigation?,뭘 원하나? 내가 지금 조사중인 거 안 보이나?,record,False,False,False,False,,
Oblivion.esm,INFO,00045F66,,NAM1,0,,,"Unless you have word of the Gray Fox, my time is limited.","당신이 그레이 폭스에 대한 정보가 없다면, 만날 필요가 없어.",record,False,False,False,False,,
Oblivion.esm,INFO,00045F67,,NAM1,0,,,I don't like the look of you. Pay your respects and get out.,당신 모습이 보기 안 좋군. 조의를 표하고 나가.,record,False,False,False,False,,
Oblivion.esm,INFO,00045F68,,NAM1,0,,,Have respect for the dead while you are down here.,당신이 여기 있는 동안 망자에 대한 예의를 가지세요.,record,False,False,False,False,,
Oblivion.esm,INFO,00071F4C,,NAM1,0,,,"I scour the land, seeking fortune for Gortwog and Orsinium. Someday all will recognize the true wealth of the Orcs!","나는 그 곳, Gortwog과 Orsinium의 재산를 샅샅히 뒤질 것입니다. 언젠가는 모든이들이 오크의 진정한 재산을 인식할 것입니다!",record,False,True,False,False,MEDIUM,"Gortwog, Orsinium"
Oblivion.esm,INFO,00071F4C,,NAM1,1,,,"You too seek wealth, do you not? May you find it, and may tales of your journey be legendary. ","당신도 부를 추구하지, 그렇지? 만약 당신이 그것을 찾는다면, 당신의 여행기는 전설이 될 것입니다.",record,False,False,False,False,,
Oblivion.esm,INFO,00071F51,,NAM1,0,,,"Well met, traveler. Are you seeking treasure as well? Gortwog demands riches, so all of Tamriel will respect Orsinium.","잘 만났네요, 여행자. 당신도 그 보물을 찾고 있나요? Gortwog가 요구했고, 그래서 Tamriel인들이 Orsinium을 존경합니다.",record,False,True,False,False,MEDIUM,"Gortwog, Tamriel, Orsinium"
Oblivion.esm,INFO,00071F51,,NAM1,1,,,So we search the lands and bring home whatever we find. This makes Gortwog happy.,그래서 우리는 그 땅을 뒤지고 무엇이든지 집으로 가져갑니다. 이것으로 Gortwog를 행복하게 만듭니다.,record,False,True,False,False,MEDIUM,Gortwog
Oblivion.esm,INFO,00071F51,,NAM1,2,,,"I must return to my task, for Gortwog waits. May you find all that you seek, traveler.","Gortwog가 기다리기때문에 나는 내 일로 돌아와야 했습니다. 아마 당신이 추구하는 모든 것을 찾을 수 있을겁니다, 여행자여.",record,False,True,False,False,MEDIUM,Gortwog
Oblivion.esm,INFO,0000566E,,NAM1,0,,,"Behold, the Night Mother! The locals call this statue the Lucky Old Lady. They have no idea how lucky they really are.","나이트마더를 보게! 지역민들은 이 조각상을 Lucky Old Lady라고 부르지만, 그들은 진짜 Lucky Old Lady가 누구인지는 알지 못하지.",record,False,True,False,False,MEDIUM,"Lucky, Old, Lady, Lucky, Old, Lady"
Oblivion.esm,INFO,0000566E,,NAM1,1,,,For this stone effigy masks the entrance into the Dark Brotherhood's most revered unholy site -- the crypt of the Night Mother herself!,이 돌 조각은 다크브라더후드의 가장 사악한 구역으로 들어가는 입구를 표시하고 있네. 바로 나이트마더의 납골당이지!,record,False,False,False,False,,
Oblivion.esm,INFO,0000566E,,NAM1,2,,,"In a moment, we will begin. I will recite an incantation, and we can proceed down into the crypt and seek an audience with the Night Mother.",잠시후에 의식을 시작하게 될거야. 나는 마법의 주문을 암송할 것이네. 그러면 우리는 납골당 아래로 내려가서 나이트 마더께 도움을 간청할 수 있을거야.,record,False,False,False,False,,
Oblivion.esm,INFO,0000566E,,NAM1,3,,,"I know this is all very overwhelming, dear child. Just follow along, and you'll be fine. Now, let's go see what the future holds, shall we?",나의 아이여! 물론 이 모든것들이 감당하기 힘들거란걸 알고 있네. 그냥 따라만 오게. 자네는 괜찮을 거야. 자! 이제 어떤 일이 벌어질지 보자고. 시작할까?,record,False,False,False,False,,
Oblivion.esm,INFO,00009C7B,,NAM1,0,,,"So, at last we meet. I have been following your strange journey through the Dark Brotherhood, young one.","마침내 우리가 만났구나. 아이야, 나는 다크브라더 후드에서의 네 행보를 쭉 지켜보고 있었단다.",record,False,False,False,False,,
Oblivion.esm,INFO,00009C7B,,NAM1,1,,,Your killing of the old man Baenlin... the execution of Adamus Phillida... the way you stalked and murdered each member of the Draconis family... ,"늙은 Baenlin을 죽인것, Adamus Philiida를 처형한것...Dracoins 가족들에게 몰래 다가가 죽여버린 방법들...",record,False,True,False,False,MEDIUM,"Baenlin, Adamus, Philiida, Dracoins"
Oblivion.esm,INFO,00009C7B,,NAM1,2,,,"Your Purification of the Cheydinhal Sanctuary. You, a mere underling, even managed to single-handedly eliminate half of my Black Hand! ","Cheydinhal Sanctuary에서 이루어진 너의 임무들... 너는 일개 행동대원에 불과했지만, 혼자서 내 블랙핸드의 절반을 처치했지!",record,False,True,False,False,MEDIUM,"Cheydinhal, Sanctuary"
Oblivion.esm,INFO,00009C7C,,NAM1,0,,,"Honored Listener! I offer myself as your humble servant and guide. Please, allow me to mentor you in your new role. ","위대한 리스너시여! 미천한 종인 저는 당신을 시중들겠나이다. 청하옵건데, 제가 당신의 새로운 규칙에 대하여 조언하게 해주십시요.",record,False,False,False,False,,
Oblivion.esm,INFO,00009C7C,,NAM1,1,,,Here is what I believe we should do next. I will stay here and attempt to reestablish this Sanctuary. I will begin recruiting new members.,다음에는 이렇게 해야 할 것 같군. 나는 이곳에 남아 성역을 재건하겠다. 새로운 단원도 모집하기 시작하지.,record,False,False,False,False,,
Oblivion.esm,INFO,00009C7C,,NAM1,2,,,You must fullfill your new duties. The statue in Bravil serves as a conduit between the Night Mother and the Listener.,당신께서는 새로운 의무를 수행하셔야만 합니다. Bravil에 있는 석상은 나이트마더와 리스너를 이어주는 매개체 입니다.,record,False,True,False,False,MEDIUM,Bravil
Oblivion.esm,INFO,00009C7C,,NAM1,3,,,"Once a week, you must visit the statue. Talk to it. You will be presented with a list of names and locations.  ",당신께서는 일주일에 한번씩 석상을 방문하셔야 해요. 그리고 말씀을 거십시요. 당신께서는 이름과 위치가 적힌 명단을 선물 받으실 겁니다.,record,False,False,False,False,,
Oblivion.esm,INFO,00009C7C,,NAM1,4,,,"These are people who have prayed to the Night Mother! They request a visit from a Speaker, to arrange someone's assassination.",당신은 새로운 임무를 수행하셔야 합니다. 브라빌의 석상은 나이트 마더와 청취자 님을 연결하는 통로 역할을 합니다.,record,False,False,False,False,,
Oblivion.esm,INFO,00009C7C,,NAM1,5,,,"All you need to do is visit the statue once a week, get the list of names and locations, and pass it on to me here in the Sanctuary.",당신은 일주일에 한번씩 석상을 방문하셔야 합니다. 석상에 말씀을 거십시오. 당신께서는 이름과 위치가 적힌 명단을 선물 받으실 겁니다.,record,False,False,False,False,,
Oblivion.esm,INFO,00009C7C,,NAM1,6,,,"Do this, and I will give you your share of the Sanctuary's weekly earnings. There is so much work to be done. So much work...",이 사람들은 나이트 마더께 기도드린 사람들입니다. 그들은 누군가를 암살하기 위해서 청취자의 방문을 기다리고 있죠.,record,False,False,False,False,,
Oblivion.esm,INFO,0000A09F,,NAM1,0,,,"So, the Night Mother has spoken! I will make sure this information reaches the appropriate family members. Ah yes, here are your weekly earnings.    ","그래서, 나이트 마더가 말씀하셨습니다! 이 정보는 적절한 가족 구성원에게 도달했는지 확인할 것입니다. 아 네, 여기를 이번 주 수입이 있습니다.",record,False,False,False,False,,
Oblivion.esm,INFO,0000A09F,,NAM1,1,,,"I will see you next week, most honorable Listener.",다음주에 만날 수 있습니다. 가장 존경스런 리스너여.,record,False,False,False,False,,
Oblivion.esm,INFO,000008AF,,NAM1,0,,,"Well now, you are an ambitious one, aren't you? I'm afraid I have no more contracts for you. Our time working together has come to an end.","이것 참, 자네 정말 열정적이군, 안 그런가? 미안하지만 자네에게 줄 계약은 이제 내겐 없네. 우리가 같이 일하는 때는 이제 끝나게 되었군.",record,False,False,False,False,,
Oblivion.esm,INFO,000008AF,,NAM1,1,,,"Instead, you must report to Ocheeva, here in the Sanctuary. She will be providing all your contracts from now on, and is waiting for you as we speak.","대신, 자네는 이곳 성역, 이제부터 오치바에게 직접 보고해야 하네. 이제부터 그녀가 자네에게 계약을 전달해 줄 거고, 우리가 이야기하는 이 순간에도 자네를 기다리고 있다네.",record,False,False,False,False,,
Oblivion.esm,INFO,000008AF,,NAM1,2,,,"Before you go, however, I intend to make good on an offer I made some time ago. As a vampire, I may pass my gift on to others as I see fit.","아, 자네가 가기 전에, 예전에 이야기했던 제안을 다시 얘기할 때가 온 것 같군. 뱀파이어로서, 나는 내 기준에 적합한 자에게 내가 받은 선물을 나눠줄 것이네.",record,False,False,False,False,,
Oblivion.esm,INFO,000008AF,,NAM1,3,,,"You have served me well, and I choose now to extend that gift to you. Shall I use my dark powers and turn you into a vampire?","자네는 그동안 잘 해주었고, 그래서 난 내가 받은 선물을 자네에게도 나눠줄 수 있게 되었군. 내 어둠의 힘을 사용하여 자네를 뱀파이어로 만들어 주길 원하나?",record,False,False,False,False,,
Oblivion.esm,INFO,000008B5,,NAM1,0,,,"As I mentioned, I have no more contracts available. You'll need to speak with Ocheeva. Unless... you would like to discuss another matter? ","내가 언급했듯이, 나와 더 이상 계약할 수 없습니다. 당신은 Ocheeva과 얘기해야 합니다. 아니면... 다른 문제를 논의하기 위해시겠습니까?",record,False,True,False,False,MEDIUM,Ocheeva
Oblivion.esm,INFO,000008BA,,NAM1,0,,,"As I mentioned, I have no more contracts available. You'll need to speak with Ocheeva.","내가 언급했듯이, 나와 더 이상 계약할 수 없습니다. 당신은 Ocheeva과 얘기해야 합니다.",record,False,True,False,False,MEDIUM,Ocheeva
Oblivion.esm,INFO,0003005B,,NAM1,0,,,"I have another contract, when you're ready. One that will rely on your ability to remain fully undetected.",새로운 청부가 들어왔네. 전혀 발각되어서는 안되는 임무야. 이번일은 자네의 잠입능력이 필요하네.,record,False,False,False,False,,
Oblivion.esm,INFO,00035586,,NAM1,0,,,"I guess I've been expecting you, assassin. Don't try to deny it. I can see it in your eyes. You're Dark Brotherhood through and through.","자네가 올거라 생각하고, 기다리고 있었어, 어쌔신. 부정하려 하지 말라구. 네 눈에서 읽어낼 수 있어... 넌 머리끝부터 발끝까지 다크브라더후드로군.",record,False,False,False,False,,
Oblivion.esm,INFO,00035586,,NAM1,1,,,"Let me guess, it was Ocheeva, right? No, wait. Teinaava. Yes, he put you up to this, didn't he. Ocheeva was always too busy to even be bothered.","어디한번 보자... 오치바 였나? 맞아? 오, 아니 잠깐. Teinaava군. 그래, 그가 자넬 여기로 보낸거야. 그렇지 않나? 오치바는 언제나 브라더후드일로 바쁘니까.",record,False,True,False,False,MEDIUM,Teinaava
Oblivion.esm,INFO,00035586,,NAM1,2,,,"Well, you can kill me if you like. I'm afraid I won't make much of a challenge, though. The Argonian Royal Court already sent an Agent to do the job.","어쨋든, 자네가 원한다면 자네는 날 죽일수도 있네. 날 죽이는 일은 손쉬울 거야. 왜냐면 Argonian의 왕실법정에서 이미 요원을 보냈었거든.",record,False,True,False,False,MEDIUM,Argonian
Oblivion.esm,INFO,00035586,,NAM1,3,,,"He failed, of course. His body's around here somewhere. But he got in a pretty good hit. If I don't get some rest I'm probably dead anyway.","물론 요원은 실패했지. 그의 시체가 여기 어딘가에 있을걸세. 하지만 그는 꽤 쓸만한 공격을 했어. 내가 휴식을 좀 취하지 않는다면, 난 어떻게든 죽고 말거네.",record,False,False,False,False,,
Oblivion.esm,INFO,00035586,,NAM1,4,,,"So maybe I can appeal to your sense of good will, huh? Ha ha ha ha! You let me live, and I'll tell you where I stashed my treasure. Is it a deal?","그래서 말인데, 내가 자네에게 선처를 부탁할 수 있을까? 하하하, 자네는 날 살려주고, 나는 자네에게 내 보물상자의 위치를 알려주지. 자, 어떤가?",record,False,False,False,False,,
Oblivion.esm,INFO,00035DF0,,NAM1,0,,,"Greetings once more, assassin. When you're ready, I have a most important contract. One that has been sanctioned by the Black Hand itself.","또 만났군 Assassin. 자네가 준비만 된다면, 나는 정말로 중요한 계약을 주겠네. BlackHand에서 친히 인가된 중요한 계약이지.",record,False,True,False,False,MEDIUM,"Assassin, BlackHand"
Oblivion.esm,INFO,00038EDE,,NAM1,0,,,"Release! Sweet Release! After all these years, these decades, I am finally free! And you! So... so fresh! I must feed! I must feed! Agghhhhh!","해방이다! 달콤한 해방이야! 수년, 수십 년 후에 난 마침내 자유다! 그리고 너! 그래... 아주 신선해! 먹어야겠다! 먹어야겠어! 아아악!",record,False,False,False,False,,
Oblivion.esm,INFO,000715CF,,NAM1,0,,,"Move along, citizen. There's nothing to be done here.","저리 가시오, 시민. 여긴 아무 일도 없소.",record,False,False,False,False,,
Oblivion.esm,INFO,0006DC21,,NAM1,0,,,Break-in at the Imperial Palace! A Black Horse Courier exclusive. Take a copy.,황궁에 침입! Black Horse Courier 독점입니다. 한 부 가지세요.,record,False,True,False,False,MEDIUM,"Black, Horse, Courier"
Oblivion.esm,INFO,0006DC22,,NAM1,0,,,Vampire nest in the city. Only in the Black Horse Courier. Take a copy.,도시에 뱀파이어의 보금자리가 있다. Black Horse Courier에서만. 한 부 가지세요.,record,False,True,False,False,MEDIUM,"Black, Horse, Courier"
Oblivion.esm,INFO,0006DC23,,NAM1,0,,,Here's your copy of the Black Horse Courier. New Imperial Watch captain.,여기 Black Horse Courier 한 부가 있습니다. 새로운 임페리얼 경비대 대장 등장.,record,False,True,False,False,MEDIUM,"Black, Horse, Courier"
Oblivion.esm,INFO,0006DC24,,NAM1,0,,,Everybody needs a copy of the Black Horse Courier. Imperial Watch raids the waterfront.,모두가 Black Horse Courier 한 부가 필요합니다. 임페리얼 경비대 워터프론트 습격하다.,record,False,True,False,False,MEDIUM,"Black, Horse, Courier"
Oblivion.esm,INFO,0006DC25,,NAM1,0,,,One copy of the Black Horse Courier coming up. Gray Fox steals taxes.,Black Horse Courier 한 부가 나옵니다. 그레이 폭스가 세금을 훔쳤다.,record,False,True,False,False,MEDIUM,"Black, Horse, Courier"
Oblivion.esm,INFO,0006DC27,,NAM1,0,,,Have a copy of the Black Horse Courier. It's the only way to get the real news. Feature story on the Gray Fox.,Black Horse Courier 한 부 가지세요. 그것으로 유일하게 실제 뉴스를 얻을 수 있습니다. 그레이 폭스에 관한 새로운 이야기입니다.,record,False,True,False,False,MEDIUM,"Black, Horse, Courier"
Oblivion.esm,INFO,0006DC29,,NAM1,0,,,Here's a copy of the Black Horse Courier. Identity of the Gray Fox revealed.,여기 Black Horse Courier 한 부가 있습니다. 그레이 폭스의 정체성이 발각되었습니다.,record,False,True,False,False,MEDIUM,"Black, Horse, Courier"
Oblivion.esm,INFO,000B1669,,NAM1,0,,,"There's little more to discuss. If they bring me ogre teeth, I'll pay.","검토할 게 조금 더 있어요. 만약 그들이 내게 오거(ogre)의 이빨을 가져다 준다면, 난 구입할 거예요.",record,True,True,False,False,HIGH,ogre
Oblivion.esm,INFO,00023E2E,,NAM1,0,,,I trust you've had time to get settled? The contract is available whenever you are.,숨고를 시간은 다가진거 같은데? 너만 좋다면 살인청부는 언제든 준비돼 있네.,record,False,False,False,False,,
Oblivion.esm,INFO,00023E44,,NAM1,0,,,Greetings once more. I know you must be eager to get to work. I think you'll find the task Vicente has available to be quite intriguing.,재차 인사합니다. 빨리 일거리를 얻고 싶은 마음이 간절하단걸 알고 있습니다. 비센테가 이미 당신을 위해 일을 준비하고 있을겁니다.,record,False,False,False,False,,
Oblivion.esm,INFO,00023E2F,,NAM1,0,,,"I'm glad you've returned. The contract is waiting, if you're ready.",돌아와서 반갑네. 계약이 준비되어 있네. 자네는 준비 되었나?,record,False,False,False,False,,
Oblivion.esm,INFO,00023E50,,NAM1,0,,,"Back for more? It just so happens I have another contract available, one that requires an expert in infiltration.",임무를 더 달라고? 마침 여기 청부가 하나 들어왔네. 전문가적인 잠입기술이 필요한 임무야.,record,False,False,False,False,,
Oblivion.esm,INFO,00023F7B,,NAM1,0,,,"Baenlin is dead, yes, but you did not fulfill the contract precisely as directed. I will grant your reward of gold, but the bonus is forfeit.","Baenlin 죽었네, 하지만 당신은 계약을 정확하게 지시대로 이행하지 않았어요. 네, 하지만 골드를 보상으로 줍니다, 그러나 보너스는 몰수됩니다.",record,False,True,False,False,MEDIUM,Baenlin
Oblivion.esm,INFO,00023F7B,,NAM1,1,,,"Despite this misfortune, you are ready for advancement. I appoint you Slayer for the Dark Brotherhood. Now go, and continue to serve Sithis well.   ","이러한 불행에도 불구하고, 당신은 진급할 준비가 되었습니다. 난 당신을 Slay for the Dark Brotherhood로 임명합니다. 그럼 가서, Sithis에게 봉사를 계속하세요.",record,False,True,False,False,MEDIUM,"Slay, for, the, Dark, Brotherhood, Sithis"
Oblivion.esm,INFO,00023F7C,,NAM1,0,,,"So, the accident has been staged, and Baenlin lies dead. Well done! You have more than earned your reward and bonus. ","오, 결국 사고가 일어났고 Baenlin는 죽었군. 잘했네. 여기에 보상이 있네.",record,False,True,False,False,MEDIUM,Baenlin
Oblivion.esm,INFO,00023F7C,,NAM1,1,,,"I present to you this dagger. It's an enchanted blade, known as Sufferthorn. Its prick is deadly, I assure you.",자네에게 단검을 하나 선물하지. 마법의 힘이 있는 검이네. Sufferthron으로 알려져 있지. 이것의 효과는 대단해. 내가 보증하지.,record,False,True,False,False,MEDIUM,Sufferthron
Oblivion.esm,INFO,00023F7C,,NAM1,2,,,"Yes, you are quite an asset to this Sanctuary. In fact, I believe you are ready for advancement. I hereby appoint you Slayer. Well done! ","확실히, 자네는 이 생츄어리의 재산이네. 사실, 난 자네의 계급을 올려줄 때가 되었다고 생각해. 이제 자네를 Slayer로 임명하는 바이네. 잘했네.",record,False,True,False,False,MEDIUM,Slayer
Oblivion.esm,INFO,00023F7C,,NAM1,3,,,"Now go, child of Sithis. Go and rest. You'll need it.",이제 가서 쉬게. 시시스의 아이여. 휴식이 필요할 걸세.,record,False,False,False,False,,
Oblivion.esm,INFO,00025071,,NAM1,0,,,Hail. We got plenty of rooms if you want one.,안녕. 숙박을 원한다면 방은 많이 비어 있어요.,record,False,False,False,False,,
Oblivion.esm,INFO,00022506,,NAM1,0,,,We got plenty of rooms if you want one. Ain't nobody staying here these days 'cept old Rufio.,"숙박을 원한다면 방은 많이 비어 있어요. 요즘, Rufio 노인네 이외에는 숙박객은 없거든요.",record,False,True,False,False,MEDIUM,Rufio
Oblivion.esm,INFO,000251B6,,NAM1,0,,,"Why does Valen Dreth still live? Breaking into the Imperial Prison is difficult, I know, but the contract must be fulfilled.","어쨰서 Valen Dreath가 여전히 살아 있지? 물론 제국 감옥으로 들어가는게 어렵다는건 나도 아네. 하지만, 청부는 반드시 이루어져야만 해.",record,False,True,False,False,MEDIUM,"Valen, Dreath"
Oblivion.esm,INFO,000251B9,,NAM1,0,,,"So, you infiltrated the Imperial Prison, eliminated Valen Dreth, and killed not one guard. Most excellent!","그래, Imoerial Prison에 잠입해서 Dreath를 처리했군. 그리고 단 한명의 간수도 죽이지 않았어. 정말 잘했네!",record,False,True,False,False,MEDIUM,"Imoerial, Prison, Dreath"
Oblivion.esm,INFO,000251B9,,NAM1,1,,,"In addition to your standard reward, I present to you this bonus. Behold, the Scales of Pitiless Justice! ","원래의 보상과 함께 이 선물을 주지. 보게나, Pitilless의 심판의 저울이네!",record,False,True,False,False,MEDIUM,Pitilless
Oblivion.esm,INFO,000251B9,,NAM1,2,,,"While carried, the scales will magically enhance your Strength, Intelligence and Agility... but diminish your Personality. A powerful tool indeed.",이것을 지니고 있는 동안 마법적인 힘이 자네의 힘과 지능과 민첩성을 강화시켜 줄 것이네. 하지만 자네의 매력은 떨어지게 되네. 실로 강력한 기구지.,record,False,False,False,False,,
Oblivion.esm,INFO,000253B7,,NAM1,0,,,"I have a special contract that needs fulfillment. In truth, I don't wish to offer it to any other family member. I've come to rely on your abilities.","특별한 청부가 하나 들어왔네. 사실, 나는 이 걸 다른 브라더후드의 맴버들에게 맡기고 싶지 않아. 난 자네의 능력이 쓰여지길 바라네.",record,False,False,False,False,,
Oblivion.esm,INFO,00026E65,,NAM1,0,,,Not here! Not in public! We must never speak to each other outside the Sanctuary! The risk of detection is too great!,여기선 안 돼! 공개적인 곳도 안돼! 우리는 성역 외부에서는 각각 다른 사람과 절대 이야기하면 안돼! 들킬 위험이 너무 큽니다!,record,False,False,False,False,,
Oblivion.esm,INFO,00003A65,,NAM1,0,,,"I'm pleased we were able to get that secret door open, but I fear I can no longer assist you here. I'll wait for you at The Count's Arms.",우리가 그 비밀의 문을 열 수 있어서 기쁘군요. 하지만 난 더 이상 여기서 당신을 도울 수 없겠군요. 난 백작의 권력(Count's Arms)에서 당신을 기다리도록 하겠습니다.,record,True,True,False,False,HIGH,"Count's, Arms"
Oblivion.esm,INFO,0006DC2A,,NAM1,0,,,Sorry. Only one copy of the Black Horse Courier per customer.,죄송합니다. 블랙 호스 신문은 일인당 한 부씩 밖에 안 돌아갑니다.,record,False,False,False,False,,
Oblivion.esm,INFO,0006BD93,,NAM1,0,,,"I am here to serve you, Arch-Mage.","어떻게 도와드릴까요, 아크메이지님.",record,False,False,False,False,,
Oblivion.esm,INFO,0006BDA1,,NAM1,0,,,"What may I do for you, Arch-Mage?","무엇을 원하십니까, 아크메이지님?",record,False,False,False,False,,
Oblivion.esm,INFO,0006BDA2,,NAM1,0,,,"I am at your service, Arch-Mage.","무슨 일이십니까, 아크메이지님.",record,False,False,False,False,,
Oblivion.esm,INFO,0006BDA3,,NAM1,0,,,"Yes, Arch-Mage?","예, 아크메이지님?",record,False,False,False,False,,
Oblivion.esm,INFO,0006BDA4,,NAM1,0,,,"How may I help you, Arch-Mage?","어떻게 도와드릴까요, 아크메이지님? ",record,False,False,False,False,,
Oblivion.esm,INFO,0006BDA5,,NAM1,0,,,"May I be of some assistance, Arch-Mage?","무슨 도움이라도 필요하십니까, 아크메이지님?",record,False,False,False,False,,
Oblivion.esm,INFO,0006BDA6,,NAM1,0,,,"What do you require, Arch-Mage?","무엇을 원하십니까, 아크메이지님? ",record,False,False,False,False,,
Oblivion.esm,INFO,0006BDAA,,NAM1,0,,,"I am at your command, Arch-Mage.","명령을 내려주십시오, 아크메이지님.",record,False,False,False,False,,
Oblivion.esm,INFO,0006BDAB,,NAM1,0,,,"How may I assist you, Arch-Mage?","어떻게 도와드릴까요, 아크메이지님?",record,False,False,False,False,,
Oblivion.esm,INFO,0006BDAC,,NAM1,0,,,"What is it, Arch-Mage?","무슨 일입니까, 아크메이지님? ",record,False,False,False,False,,
Oblivion.esm,INFO,0006BDAF,,NAM1,0,,,"How may I assist you, Arch-Mage?","어떻게 도와드릴까요, 아크메이지님?",record,False,False,False,False,,
Oblivion.esm,INFO,0006A840,,NAM1,0,,,"I am sorry, fellow magister, but I don't have time to talk right now. My studies keep me very busy, as you can well imagine!","미안해요, 동료 마법사여. 하지만 저는 지금 이야기할 시간이 없어요. 아시다시피 제 공부가 저를 언제나 바쁘게 잡아두니까요.",record,False,False,False,False,,
Oblivion.esm,INFO,0006A841,,NAM1,0,,,Damn these interruptions! Can't you see I'm busy? Do you think just anyone gets into the Arcane University? Now leave me alone!,방해 좀 하지 말아요! 제가 바쁜거 안보여요? 아무나 아케인 대학에 들어오는줄 아시오? 이제 날 좀 내버려 두세요!,record,False,False,False,False,,
Oblivion.esm,INFO,0006A842,,NAM1,0,,,"Hmm? Yes, yes, I'm sure you've got something exceedingly important to say. But the Apprentices do not teach themselves, now do they? Good day.","흐음? 네, 네, 당신이 아주 중요하게 뭔가를 말하고 싶으시단 거는 알겠습니다. 근데 견습생끼리 서로 가르치지는 않잖아요, 그렇죠? 좋은 하루 되시길.",record,False,False,False,False,,
Oblivion.esm,INFO,0006A843,,NAM1,0,,,Why do the guards insist on letting you rabble inside University grounds? Take your pedestrian gawkery to the Arena! Begone! ,왜 경비들이 당신을 대학 안에서 어슬렁거리도록 놔두는 거지? 아레나로 가버리세요! 꺼져요! ,record,False,False,False,False,,
Oblivion.esm,INFO,00068AEC,,NAM1,0,,,Here to sell me more Nirnroot?,Nirnroot를 더 팔아줄건가?,record,False,True,False,False,MEDIUM,Nirnroot
Oblivion.esm,INFO,0004E924,,NAM1,0,,,"Please... please. The Grand Elixir of Exploration takes incredible concentration to create. So, shhhhhh.",제발... 제발. 고급 엘릭서에 대한 연구에는 고도의 집중이 필요합니다. 쉿.,record,False,False,False,False,,
Oblivion.esm,INFO,0004E925,,NAM1,0,,,You have the next batch of Nirnroot yet?,다음 Nirnroot 묶음은 아직인가?,record,False,True,False,False,MEDIUM,Nirnroot
Oblivion.esm,INFO,0004E926,,NAM1,0,,,Be patient.,참아 줘.,record,False,False,False,False,,
Oblivion.esm,INFO,0004E927,,NAM1,0,,,Hey! Good to see you again!,헤이! 다시 만나서 반가워!,record,False,False,False,False,,
Oblivion.esm,INFO,0004E928,,NAM1,0,,,It would be much easier to make the Elixir if you weren't interrupting me.,나를 방해하지 않는다면 엘릭서를 만드는게 더 쉬워질겁니다.,record,False,False,False,False,,
Oblivion.esm,INFO,0004E92A,,NAM1,0,,,Any more luck finding Nirnroot?,어디 Nirnroot를 찾는 행운이 또 있었나?,record,False,True,False,False,MEDIUM,Nirnroot
Oblivion.esm,INFO,0004E92B,,NAM1,0,,,Leave me to my work if you want the Elixir made properly.,엘릭서가 제대로 만들어지기를 원한다면 날 일하도록 내버려 두시오.,record,False,False,False,False,,
Oblivion.esm,INFO,0004E92F,,NAM1,0,,,How goes the search?,찾는 것은 잘 되가는가?,record,False,False,False,False,,
Oblivion.esm,INFO,0004E930,,NAM1,0,,,"Please, listen to what I have to say; it could be lucrative for the both of us.","제발, 내가 무슨 말을 하는지 들어주시오; 그것은 우리 모두에게 이익이 될 겁니다.",record,False,False,False,False,,
Oblivion.esm,INFO,0004E941,,NAM1,0,,,"So, you've brought something for me to examine?","그럼, 나에게 뭔가 조사 할만할 걸 가져 왔나요?",record,False,False,False,False,,
Oblivion.esm,INFO,0004ED73,,NAM1,0,,,What can I do for you today? You here to bring me some Nirnroot?,오늘은 무슨 용건인가? Nirnroot를 가져와 준거요?,record,False,True,False,False,MEDIUM,Nirnroot
Oblivion.esm,INFO,00146844,,NAM1,0,,,"Oh, hey there! Nice to make your acquaintance. I'm... Well, my name's not important, really. I'm a combatant in the Arena. Gladiator rank.","오, 이 보게 친구! 잘 왔어. 내 이름은... 아니, 내 이름은 중요하지 않으려나. 난 아레나의 투사야. Gladiator 등급이지.",record,False,True,False,False,MEDIUM,Gladiator
Oblivion.esm,INFO,00146845,,NAM1,0,,,"Hey, there, Pit Dog! How's life treatin' ya?","어이, 거기 Pit Dog! 오늘 하루 어떤가?",record,False,True,False,False,MEDIUM,"Pit, Dog"
Oblivion.esm,INFO,00146846,,NAM1,0,,,"Good to see you, Brawler. Your training's going well, I hope?","반갑구만, Brawler! 난 네 훈련이 잘 됐으면 좋겠는데, 어떻게 되어가?",record,False,True,False,False,MEDIUM,Brawler
Oblivion.esm,INFO,00146847,,NAM1,0,,,"You're at Bloodletter rank now, right? I caught your last match. Those were some pretty impressive moves!",이제 Bloddletter 등급이 됐네! 너의 저번 경기를 봤어. 멋진 움직임 이던걸?,record,False,True,False,False,MEDIUM,Bloddletter
Oblivion.esm,INFO,00146848,,NAM1,0,,,Myrmidon! Good to see you!,Myrmidon! 반가워!,record,False,True,False,False,MEDIUM,Myrmidon
Oblivion.esm,INFO,00146849,,NAM1,0,,,"I've been watching you fight, my friend. It's a good thing we're both on the Blue Team, 'cause I sure as blazes wouldn't want to go up against you! ",네 싸움을 쭈욱 봐왔어. 너와 다른 팀이 아니라 다행이군. 만약 그랬다면 널 베어야 하잖아. 최악이라고. ,record,False,False,False,False,,
Oblivion.esm,INFO,0014684A,,NAM1,0,,,"You did it! You made it to Gladiator rank, same as me! Here's to a long, successful career, my friend!",해냈구나! 너 Gladiator 가 됬구나! 나랑 똑같아! 그동안 힘들었지? 그래도 성공했어! 친구여!,record,False,True,False,False,MEDIUM,Gladiator
Oblivion.esm,INFO,0014684B,,NAM1,0,,,"I saw your match against the Breton. You're a Hero now! I... I'm still in training, but I'll get there too! Anyway, Congratulations!","네가 Breton 과 싸우는 걸 봤어! 이제 너는 Hero 가 되버렸네. 나... 나도 연습중이지만 아직 멀은것 같아. 어찌되었든, 축하해!",record,False,True,False,False,MEDIUM,"Breton, Hero"
Oblivion.esm,INFO,0014684C,,NAM1,0,,,"By Shinji, you did it! You beat them all! You're a Champion! My friend, you have brought honor to the Blue Team in ways I can't even describe!",해냈구나! 네가 다 날려버렸어! 넌 이제 Champion 이야! Shinji 덕분이야! 넌 청팀에 엄청난 영광을 가져다 준 거라고! 하하하! 대박 이구만! 축하하네!,record,False,True,False,False,MEDIUM,"Champion, Shinji"
Oblivion.esm,INFO,0014684D,,NAM1,0,,,"You... You killed Agronak. The Gray Prince is... dead. He... He was my friend, my mentor... Congratulations, Grand Champion. Hope it was worth it.","아... 아그로낙을 죽였어... 그는 나의 친구였고.. 그는 나의 스승이었는데... 젠장, 축하하네! 그랜드 챔피언. 앞날 창창하기를 빌어주지.",record,False,False,False,False,,
Oblivion.esm,INFO,00022CA6,,NAM1,0,,,You blew it. You had it in the palm of your hand and you threw it all away. You make me sick.,네 손으로 모든걸 날려 버렸구나. 날 힘들게 하는군.,record,False,False,False,False,,
Oblivion.esm,INFO,00037FF3,,NAM1,0,,,"And who in Shinji's name might you be? Look, if you're a spectator, go upstairs and talk to the Gatekeeper. This ain't no damned peep show.",Shinji가 누군지는 아나? 네가 관전자라면 위로 올라가서 문지기와 얘기해봐. 저주받은 경기를 보게 될꺼야.,record,False,True,False,False,MEDIUM,Shinji
Oblivion.esm,INFO,00037FF3,,NAM1,1,,,"And... Ah, I see. So, you're an Arena combatant. Well isn't that nice. Now get out of my face.","음... 알았어. 이제 너도 투사라는 거군. 나쁘지 않구만. 자, 이제 내 눈앞에서 사라져.",record,False,False,False,False,,
Oblivion.esm,INFO,000176C4,,NAM1,0,,,"You did it! You beat them, every last one! Do you know how long it will take for the Yellow Team to recover from this? Ha ha ha ha ha! ",해냈어! 네가 마지막 까지 눕혀버렸다고! 너 Yellow Team 이 챔피언을 먹기까지 얼마나 걸렸는지 알아? 하하하!,record,False,True,False,False,MEDIUM,"Yellow, Team"
Oblivion.esm,INFO,000176C4,,NAM1,1,,,"My friend, it is with great honor that I advance you to the rank of Champion! You've done it! You've shown them all you're the best!  ",내 손으로 챔피언의 칭호를 누군가에게 내리게 되다니 영광이군. 친구여. 네가 해냈어! 모두에게 네가 최고라는걸 보여줬다고! ,record,False,False,False,False,,
Oblivion.esm,INFO,000176C4,,NAM1,2,,,"Well, almost the best... You're done competing in normal Arena matches. But there's still the Grand Champion... ","그래, 거의 최고지... 넌 아레나의 일반 경기에서 모두를 이긴 거야. 하지만, 아직 그랜드챔피언이 남아있지... ",record,False,False,False,False,,
Oblivion.esm,INFO,000176C4,,NAM1,3,,,"Kid, you've got more guts. And skill. I think you can take the Gray Prince! Go over and talk to Ysabel if you think I'm right!","친구, 넌 배짱과 기술을 모두 가지고 있잖아! 내 생각엔 너에게 그레이 프린스 따위는 껌쪼가리에 불과할 것 같은데! 내 생각이 맞는다면, 저기로 가서 Ysabel 과 대화해보라고!",record,False,True,False,False,MEDIUM,Ysabel
Oblivion.esm,INFO,000176BE,,NAM1,0,,,"I'll be honest, Hero. With the kinds of victories you've been having, I knew that Elf didn't stand a chance. Here's your gold.",지금까지 넌 많은 승리를 거머쥐어 왔지. 저 엘프도 너의 전적을 높혀 줄거라는 걸 난 알고 있었네. 여기 돈이야.,record,False,False,False,False,,
Oblivion.esm,INFO,0001C0DD,,NAM1,0,,,"Defeating an Arena Hero is one thing, but defeating a former member of the Blades? You must be blessed by the Divines or somethin', my friend.","아레나의 영웅을 무찌른 건 둘째치고, 블레이드의 멤버까지 눕혀버리다니. 넌 신이나 다른 것들에게 축복받은 게 틀림 없구먼.",record,False,False,False,False,,
Oblivion.esm,INFO,0001C0D7,,NAM1,0,,,"By defeating that Breton, you've secured your advancement. It's been a long time since I've said this, but congratulations, Hero.","Breton을 쓰러뜨렸으니, 넌 이제 승급이야. 이 직책을 얼마만에 내려보는건지 모르겠군. 어쨋든 축하해, Hero.",record,False,True,False,False,MEDIUM,"Breton, Hero"
Oblivion.esm,INFO,0001C0D1,,NAM1,0,,,"You showed that cat whose claws are sharper, eh? I would expect no less. Here's your gold. Now go wash up. You look awful.",네가 손톱 날카로운 고양이로 보여졌을까? 난 아니길 바라도록 하지. 여기 돈이야. 이제 가서 씻도록 해. 네 꼴이 말이 아니니까.,record,False,False,False,False,,
Oblivion.esm,INFO,0001C0CB,,NAM1,0,,,"The Yellow Team surprised even me with that match. Three against one! I guess they didn't know who they were dealin' with, huh? Well done!",이 경기를 보고 황 팀뿐만 아니라 나까지 놀랐어! 셋이 하나에게 당하다니? 그들은 자신과 맞설 상대가 없다고 생각했을걸? 잘했어!,record,False,False,False,False,,
Oblivion.esm,INFO,00017832,,NAM1,0,,,"You hit that Orc so hard, her mother in Orsinium started bleedin'! That victory advances you to the rank of Gladiator. Enjoy the gold.","네가 오크를 좀 세게 쳤나 본데,Orsinium에 있는 그의 어머니는 피를 흘릴거라고! 이 승리는 널 Gladiator로 승진 시킬거야. 돈은 여기있네. 즐겨보라고!",record,False,True,False,False,MEDIUM,"Orsinium, Gladiator"
Oblivion.esm,INFO,000176B8,,NAM1,0,,,"Another High Elf has been taught the meaning of humility, thanks to the Blue Team's number one Warrior. You really earned your keep this time.","다른 하이엘프들은 청팀의 전사 한 명 덕분에 겸손의 의미를 배운 셈이군. 하여튼, 지금 너는 승리한 거야.",record,False,False,False,False,,
Oblivion.esm,INFO,000176B5,,NAM1,0,,,"You left that Nord in pretty rough shape, Warrior. They'll probably have to ship her back to Skyrim in pieces. Nice work. Here's your take.","당신이 그 노드를 거친 모양으로 남겨뒀군요, 전사님. 그들은 그녀를 조각인체 Skyrim으로 보내야 할겁니다. 잘하였습니다. 여기 있습니다.",record,False,True,False,False,MEDIUM,Skyrim
Oblivion.esm,INFO,000176AF,,NAM1,0,,,"There are few things scarier than an Orc with an axe, but you didn't even flinch! That victory brings you up to Warrior rank. Well done!","도끼든 오크보다 무서운 것은 드물지. 하지만 넌 쫄지 않았어! 이 승리 덕분에, 넌 승진 하게 될 거야. 잘했어!",record,False,False,False,False,,
Oblivion.esm,INFO,000176A9,,NAM1,0,,,Altmer. They act all high and mighty until you leave them in a pool of their own blood. Here's your gold. Go take a breather. ,Altmer. 그들은 네가 그들의 피로 이루어진 웅덩이를 떠날 때까지만 허세를 부릴 테지. 여기 돈이다. 이제 숨좀 돌리고 와. ,record,False,True,False,False,MEDIUM,Altmer
Oblivion.esm,INFO,000176A3,,NAM1,0,,,"I guess you told that Wood Elf what you thought of his magic dagger, huh? He he he he. Here's your gold. Nice going.",난 네가 그의 단검을 보고 어떤 생각을 했을지 말할 줄 알았는데. 헤헤. 여기 돈이야. 잘 하고 있어.,record,False,False,False,False,,
Oblivion.esm,INFO,0001769C,,NAM1,0,,,"Good work, Bloodletter. Or should I say Myrmidon? That's right, you've risen in rank. You know how it works. More blood, more gold. Here.","잘했어, Bloodletter. 아니, 이제 Myrmidon 이라 불러야 하나? 맞아. 넌 승진한거야. 어떻게 일해야 하는지는 알고 있겠지. 더 많은 피와, 더 많은 돈. 여기 있어.",record,False,True,False,False,MEDIUM,"Bloodletter, Myrmidon"
Oblivion.esm,INFO,00017696,,NAM1,0,,,"Okay, so you killed the Breton. Don't get a big head. Here's your payout.","좋아, Breton 을 죽였군. 머리는 잘라오지말라구. 여기 봉급이야.",record,False,True,False,False,MEDIUM,Breton
Oblivion.esm,INFO,00017690,,NAM1,0,,,"That was a good fight, Bloodletter. You really showed that Redguard who's boss! Here's your take. Now go clean yourself up.","멋진 싸움이었어,Bloodletter. 넌 그 Redguard 에게 진짜 최고가 누군지 보여준 셈이야! 여기 돈이다. 가서 좀 씻고 오도록 해.",record,False,True,False,False,MEDIUM,"Bloodletter, Redguard"
Oblivion.esm,INFO,000164CA,,NAM1,0,,,"Okay, so you can fight. Your new title is Bloodletter. You're gettin' into the real game now, kid. More gold for more blood. Don't disappoint me.","좋아, 넌 싸울 수 있어. 네 새로운 칭호는 Bloodletter야. 이제부터가 진짜 게임이라고! 더 많은 피와 돈을 위해!. 날 실망 시키지마.",record,False,True,False,False,MEDIUM,Bloodletter
Oblivion.esm,INFO,000164C4,,NAM1,0,,,"Ha! Those girls didn't stand a chance! Good job, Brawler. Here's your take. One more match and you'll advance again.","하! 그년들은 승리를 거머쥐지 못한 모양이군! 잘했어,Brawler. 여기 네 몫이야. 승진까지 한 게임 남았다! .",record,False,True,False,False,MEDIUM,Brawler
Oblivion.esm,INFO,00025B39,,NAM1,0,,,"Four wins is okay kid, but it don't make you Grand Champion. Here's your payout. Now go clean yourself up before your next match.",네 번의 승리? 좋아. 하지만 그걸로는 그랜드 챔피언이 되기 부족하다고! 여기 봉급이다. 다음 게임 시작하기 전에 후딱 씻고 와!,record,False,False,False,False,,
Oblivion.esm,INFO,0001DC4D,,NAM1,0,,,"Okay, so you did it again. What do you want from me, a hug? Take your gold and get out of my face, Pit Dog.","좋아, 한번 더 해냈구먼. 그래서, 내게 뭘 원하지? 포옹이라도 해줘? 여기 돈이다. 당장 눈앞에서 사라져,Pit Dog!",record,False,True,False,False,MEDIUM,"Pit, Dog"
Oblivion.esm,INFO,0001DC4E,,NAM1,0,,,"Well, well, still alive, are we? Amazing. I never thought you'd make it past the first combatant. Just make sure you remember your place, Brawler.","좋아,좋아. 아직 살아있는 건가? 놀랍군. 난 네가 해낼 거라고는 생각 안 했었는데. 네가 어디 있는지 확실히 기억해두라고, Brawler.",record,False,True,False,False,MEDIUM,Brawler
Oblivion.esm,INFO,0001DC50,,NAM1,0,,,"Ah, so it's Bloodletter now, is it? I remember when I achieved that rank, so very long ago. I showed such promise... unlike yourself. ","아, 그래서 이제 Bloodletter 인 건가? 난 내가 그 단계에 도달했을 때를 기억하지. 무척 오랜 시간이었어. 난... 너랑 달라. ",record,False,True,False,False,MEDIUM,Bloodletter
Oblivion.esm,INFO,0001DC51,,NAM1,0,,,"My my my, look at the Myrmidon. Who are you fighting against up there, cripples and skooma addicts? Maybe some day they'll give you a real challenge.","이런, 이런, 이런. 이 Myrmidon 좀 봐. 넌 저기 위에서 싸우는 스쿠마 중독자냐? 아니면 절름발이? 조만간 그들이 너에게 진짜 도전이 뭔지 가르쳐 줄 거다. 각오하라고.",record,False,True,False,False,MEDIUM,Myrmidon
Oblivion.esm,INFO,0014684E,,NAM1,0,,,Warrior? You? Ha ha ha ha ha ha ha ha! Just... Just look at you! Ha ha ha ha ha ha! ,전사? 네가? 푸하하하하하하하! 단지... 단지... 푸하하하하하하! ,record,False,False,False,False,,
Oblivion.esm,INFO,0014684F,,NAM1,0,,,"So it's Gladiator now. Oh, I do long for the day when you can prove your true worth to me... in the Arena! Until that day comes, you are nothing!","이제 Gladiator 구만? 오, 난 네가 나에게 네 가치를 증명할 시간을 주도록 하지... 그때까지, 넌 아무것도 아니야!",record,False,True,False,False,MEDIUM,Gladiator
Oblivion.esm,INFO,0001DC4C,,NAM1,0,,,"I can't believe I'm saying this, but you're no longer a Pit Dog. That's right, you've actually advanced in rank. Congratulations... Brawler.","너에게 이 말을 하게 되다니 믿기지 않는군, 하지만 이젠 너는 더 이상 Pit Dog 이 아니야. 맞아, 넌 승진하게 된거야. 축하한다... Brawler.",record,False,True,False,False,MEDIUM,"Pit, Dog, Brawler"
Oblivion.esm,INFO,00027668,,NAM1,0,,,"By the Nine Divines, you did it! You actually won! You ain't so bad after all, Pit Dog. You may even survive enough matches to advance in rank.","신이시여, 해냈구나! 네가 이긴 거야!! 완전 바보는 아니었던 모양이구만, Pit Dog. 하지만 승진을 위해선 넌 아직 더 많은 경기에서 살아남아야 해.",record,False,True,False,False,MEDIUM,"Pit, Dog"
Oblivion.esm,INFO,00027668,,NAM1,1,,,"Here, kid, this is your payout for the victory. There's more where that came from if you can keep on winning. Now go unwind before your next fight.","여기, 네 승리한 봉급이다. 앞으로 계속 이긴다면, 더 많은 돈을 받게 될 거다. 다음 경기까지 풀어져 있도록 해.",record,False,False,False,False,,
Oblivion.esm,INFO,0002B108,,NAM1,0,,,You're about to face off against the best the Yellow Team has to offer. Azura knows you're the best the Blue Team's got.,이제부터 황팀과 맞서 싸울 생각인가 보군. Azura는 네가 청팀의 최고가 될거란걸 알고 있을거야.,record,False,True,False,False,MEDIUM,Azura
Oblivion.esm,INFO,0002B7A8,,NAM1,0,,,"Hello, my friend! What can this grizzled old Blademaster do for you?","안녕, 친구여! 이 백발의 블레이드 마스터가 너에게 뭘 해줄 수 있을까?",record,False,False,False,False,,
Oblivion.esm,INFO,0018BAFB,,NAM1,0,,,"Well met, citizen. I see few new faces these days, it seems. With the Emperor's murder, a darkness has fallen upon all of Cyrodiil. ","반갑소, 시민. 오늘 처음 보는 사람들이 몇 명 있군. 황제의 시해로 인해 시로딜(Cyrodiil) 전체가 암울한 상태요. ",record,True,True,False,False,HIGH,Cyrodiil
Oblivion.esm,INFO,0018BAFC,,NAM1,0,,,Speak quickly! I have no time for mindless blather!,빨리 말하시오! 난 분별없이 쓸데없는 말할 시간이 없소!,record,False,False,False,False,,
Oblivion.esm,INFO,0018BAFD,,NAM1,0,,,I welcome a friendly face in these dark times. How can I be of assistance?,암울한 요즘에 친근한 얼굴을 만나 반갑소. 어떻게 도와 줄까요?,record,False,False,False,False,,
Oblivion.esm,INFO,0018BAFE,,NAM1,0,,,When I speak to someone like you -- a noble citizen of the Empire -- it reminds me what I'm fighting for. I salute you!,"누군가와 당신 같은 제국의 위대한 시민에 대해 얘기할 때면, 난 무엇을 위해 싸울지 생각해보게 됩니다. 경의를 표하오!",record,False,False,False,False,,
Oblivion.esm,INFO,0018BAFF,,NAM1,0,,,"Make it fast, dreg! What little patience I have is wearing thin....","빨리 말해, 이 천박한 놈아! 내 인내심은 그리 많은 편이 아니야... ",record,False,False,False,False,,
Oblivion.esm,INFO,0018BB00,,NAM1,0,,,"I did not join the Imperial Legion to engage in small talk with rabble like you. If you have something to say, say it.",난 너와 같은 오합지졸들과 이야기하려고 제국군에 들어온 게 아냐. 말할 게 있으면 말해 보도록.,record,False,False,False,False,,
Oblivion.esm,INFO,0018BB01,,NAM1,0,,,"Hello, citizen. I hope you're faring well in these difficult times.","안녕하시오, 시민. 어려운 시기를 잘 이겨내시길 바라오.",record,False,False,False,False,,
Oblivion.esm,INFO,0018BC1E,,NAM1,0,,,"Hail, citizen. I speak for the Emperor. Or... at least I did...",시민이여. 전 왕을 위해 일합니다. 아... 제가 했어야 했죠.,record,False,False,False,False,,
Oblivion.esm,INFO,0006A844,,NAM1,0,,,"Greetings, magister! How can I be of service?","반갑소, 매지스터! 내가 뭐 도와줄 일이라도 있소?",record,False,False,False,False,,
Oblivion.esm,INFO,0006A845,,NAM1,0,,,"Hail, Good Mage! Welcome to the Arcane University! Is there anything I can help you with?","안녕하시오, 훌륭한 마법사! 아케인 대학에 온걸 환영하오! 내가 도울 일이라도 있소?",record,False,False,False,False,,
Oblivion.esm,INFO,0006A846,,NAM1,0,,,Pfft. If you weren't authorized to be here I'd conjure up an Atronach to freeze your blood cold. Watch your step.,"당신이 이 곳에 출입할 수 있도록 승인 받지 못했다면, Atronach를 소환해 당신의 피를 얼려 버렸을 거요. 조심하시오.",record,False,True,False,False,MEDIUM,Atronach
Oblivion.esm,INFO,0018BC1F,,NAM1,0,,,This humble Legion soldier is at your service. How can I help a fellow citizen of the Empire?,이 보잘 것 없는 제국병이 당신을 도와드리죠. 무엇을 도와드릴까요?,record,False,False,False,False,,
Oblivion.esm,INFO,0006144A,,NAM1,0,,,I don't see many wanderers out here in the wild. But you look like you can take of yourself.,"아직 많은 방랑자를 보진 못했지만, 당신은 뭔가 범상치 않아 보이는군요.",record,False,False,False,False,,
Oblivion.esm,INFO,0006FDBD,,NAM1,0,,,"By the gods, the snow's coming down! What brings you out here in the cold, citizen?","신의 뜻에 따라, 눈이 내리고 있소. 추운 날씨에 무슨 일이시오?",record,False,False,False,False,,
Oblivion.esm,INFO,0006FDBE,,NAM1,0,,,"Well now, I didn't expect to see anyone else foolish enough to venture out here in the rain! How do you fare, citizen?",비 속에 이곳을 찾아올 만큼 어리석은 자가 있으리라곤 생각하지 못했소. 무슨 일이오?,record,False,False,False,False,,
Oblivion.esm,INFO,0018BB02,,NAM1,0,,,"Any citizen who takes the time to talk to a member of the Legion is okay in my book. With all that's happened, it's good to know we're appreciated. ","군과 대화를 시도하는 시민이라면 언제든 환영이오. 그것이 어떤 문제든지, 우리가 인정받고 있다는 것을 아는 것은 좋은 것이지. ",record,False,False,False,False,,
Oblivion.esm,INFO,0006FDBF,,NAM1,0,,,"State your business, citizen.","사정을 말하시오, 시민.",record,False,False,False,False,,
Oblivion.esm,INFO,0006FDC0,,NAM1,0,,,"You have a death wish, citizen? Put that weapon away. Now.","죽기를 바라오, 시민? 그 무기를 멀리 내려 놓으시오, 지금.",record,False,False,False,False,,
Oblivion.esm,INFO,0006FDC1,,NAM1,0,,,"Mind telling me why you're sneakin' about? I don't think I have to tell you what the Legion thinks of thieves, now do I?","네 놈이 몰래 기어들어온 이유를 내 마음이 말해주더군. 제국군이 도둑을 어떻게 생각하는지에 대해선 말할 필요도 없다고 생각하는데, 듣고 싶나?",record,False,False,False,False,,
Oblivion.esm,INFO,0006FDC2,,NAM1,0,,,"You. I've seen your kind before. You've got blood on your hands. Keep your blade sheathed, you murdering bastard, or I'll put you down myself.","네 놈. 너 같은 부류의 인간을 전에도 본 적이 있지. 손에 피가 묻어 있군. 이 쓰레기 같은 살인자 녀석, 당장 그 검을 검집에 넣지 않으면 내가 직접 너를 저 차가운 바닥에 눕혀주겠다.",record,False,False,False,False,,
Oblivion.esm,INFO,0006FDC3,,NAM1,0,,,"Bet you think you're somethin' huh? You call yourself a citizen of the Empire? No respect for order, no respect for law. You make me sick.","넌 스스로를 대체 뭐라고 생각하나? 지금 제국의 시민이라고 했나? 질서는 안중에도 없고, 법에 대한 존경심도 없는 자가 시민이라고? 넌 참 나를 역겹게 만드는군.",record,False,False,False,False,,
Oblivion.esm,INFO,0006FDC4,,NAM1,0,,,"Ah, it's good to see you, citizen! Oh yes, I know who you are. You've become something of a legend in these parts!","아, 반갑습니다. 당신이 누군지는 잘 알고 있어요. 이 지역에서 당신은 꽤나 유명하거든요!",record,False,False,False,False,,
Oblivion.esm,INFO,0006FDC5,,NAM1,0,,,"The Imperial Legion is at your disposal, citizen. What seems to be the problem?",Imperial Legion이 당신의 일을 처리해 드립니다. 시민이여. 무엇이 문제입니까? ,record,False,True,False,False,MEDIUM,"Imperial, Legion"
Oblivion.esm,INFO,00070289,,NAM1,0,,,"Hail, citizen! It's not often I see another rider out here on the roads. Times being what they are.",반갑구려! 때가 때인 만큼 여기 밖에서 여행하는 다른 기수를 보는 건 흔한 일이 아니오.,record,False,False,False,False,,
Oblivion.esm,INFO,0007028A,,NAM1,0,,,"Greetings, citizen. How can this Legion horseman be of service?","반갑소, 시민. 이 제국 기병이 어떻게 도와드려야겠소?",record,False,False,False,False,,
Oblivion.esm,INFO,0007028B,,NAM1,0,,,"Please make it quick, citizen. My patrol awaits, and a Legion steed can't keep still for very long...","빨리 말하세요, 시민. 난 순찰을 해야 하고, 군대의 말은 너무 오래 머물 수가 없다구요... ",record,False,False,False,False,,
Oblivion.esm,INFO,0006FDC6,,NAM1,0,,,Trouble?,문제 있으십니까?,record,False,False,False,False,,
Oblivion.esm,INFO,0006FDC7,,NAM1,0,,,"There's evil afoot, citizen, and I've little time for chatter. What is it?","악이 활동하고 있소, 시민, 그리고 나는 수다떨 시간이 별로 없다오. 무슨일이오?",record,False,False,False,False,,
Oblivion.esm,INFO,0006233C,,NAM1,0,,,I told you not to drop your shield! We're done here.,방패 좀 떨어뜨리지 말라고 말했잖아요! 우리 그냥 관두죠.,record,False,False,False,False,,
Oblivion.esm,INFO,00062457,,NAM1,0,,,That was disappointing at best. I was hoping for more from you.,전력을 다한 게 그거라니 실망이군요. 당신에게는 그 이상의 것을 기대했는데 말입니다.,record,False,False,False,False,,
Oblivion.esm,INFO,00062458,,NAM1,0,,,Hey! What did I tell you about weapons! That's it; we're done.,"이봐! 난 네놈에게 무기에 대해서 말한 거라구! 됐어, 우린 끝난 거야.",record,False,False,False,False,,
Oblivion.esm,INFO,0000A0F5,,NAM1,0,,,I'm not staying here any longer. I need to get someplace safe.,저는 더이상 여기 머물기는 싫어요. 어딘가 안전한 곳으로 갈 필요가 있어요.,record,False,False,False,False,,
Oblivion.esm,INFO,00062BE7,,NAM1,0,,,"We all owe you our lives. From what I've heard, the battle was hanging in the balance until you destroyed that horrible daedric machine.",우린 모두 당신 덕분에 살았습니다. 내가 듣기로는 당신이 와서 그 끔찍한 데드릭 기계장치를 파괴하기 전까진 전투가 교착상태에 있었다고 하더군요.,record,False,False,False,False,,
Oblivion.esm,INFO,00062BE9,,NAM1,0,,,You should have heard the cheer when you came out of that monster Gate with that Siege Machine right on your heels.,당신이 그 빌어먹을 데이드라의 공성기계를 밟고 거대한 오블리비언 게이트에서 나올 때 사람들의 엄청난 환호성을 들었을 겁니다.,record,False,False,False,False,,
Oblivion.esm,INFO,00062BE9,,NAM1,1,,,"We were all watching from the walls, and to be honest it was looking bad. I thought we were going to have to fight 'em street by street.",우린 모두 성벽에서 전투를 지켜 봤어요. 솔직히 말해서 상황이 별로 안 좋아 보여 데이드라 놈들과 시가전이라도 벌여야 할 것 같았죠.,record,False,False,False,False,,
Oblivion.esm,INFO,00062BE9,,NAM1,2,,,We lost a lot of good men that day. But Bruma is still standing. That's what counts.,우린 그날 전투에서 좋은 사람들을 많이 잃었습니다. 하지만 브루마는 여전히 건재합니다. 그게 중요한 거죠.,record,False,False,False,False,,
Oblivion.esm,INFO,00062BE9,,NAM1,3,,,"Anyway, sorry to go on so long. I'm sure you've got things to do. Just wanted to thank you personally.","어쨌든, 이렇게 오래 오블리비언 사태가 지속돼서 유감이지만 당신은 할 일을 했어요. 개인적으로 고맙다는 말을 하고 싶었습니다.",record,False,False,False,False,,
Oblivion.esm,INFO,0018D2A1,,NAM1,0,,,"Hey, you look just like your statue! What can I do for you?","이봐요, 당신은 정말 당신 석상과 똑같이 생겼군요! 뭘 도와드릴까요?",record,False,False,False,False,,
Oblivion.esm,INFO,00062BEA,,NAM1,0,,,"Hail, Savior of Bruma!",브루마의 구세주 만세!,record,False,False,False,False,,
Oblivion.esm,INFO,00062BEB,,NAM1,0,,,I am honored to speak to the hero of the Battle of Bruma. What can I do for you?,브루마 전투의 영웅과 얘기하게 돼서 영광입니다. 뭐가 필요하십니까?,record,False,False,False,False,,
Oblivion.esm,INFO,00062BEC,,NAM1,0,,,"Destroying the Great Gate was a deed worthy of the mightest heroes of song and legend! You dealt the daedra a heavy blow that day, my friend!","그 거대한 게이트를 때려 부순 건 위대한 영웅의 전설과 찬가를 받을만한 업적이었습니다. 당신은 그날 전투에서 데드라 놈들에게 크게 한 방 먹인 거라고요, 친구여!",record,False,False,False,False,,
Oblivion.esm,INFO,00062BED,,NAM1,0,,,"To think, it was here at Bruma where the tide finally turned against the Oblivion Invasion!","생각해봐요, 오블리비언 침공의 전세가 역전되기 시작한 게 바로 여기 브루마에서 였다구요!",record,False,False,False,False,,
Oblivion.esm,INFO,00062BED,,NAM1,1,,,Now we're counting on you to help Martin claim the throne and put an end to this terrible war. I know you won't fail us.,이제 우리는 당신이 마틴을 도와 그를 황제에 즉위시키고 이 끔찍한 전쟁에 종지부를 찍어줄 거라고 기대하고 있습니다. 난 당신이 우리 모두를 실망시키지 않을 거라고 믿어요.,record,False,False,False,False,,
Oblivion.esm,INFO,00062BEE,,NAM1,0,,,A mighty feat of arms! The bards of Cyrodiil will be singing of the Fall of the Great Gate for years to come!,참으로 놀라운 공적입니다! 시로딜의 모든 음유시인들이 거대한 오블리비언 게이트의 함락을 오랫동안 노래할 거라구요!,record,False,False,False,False,,
Oblivion.esm,INFO,0006245D,,NAM1,0,,,"So, how about it? Are you ready to fight now?","자, 이제 되었습니까? 싸울 준비는 되었겠지요?",record,False,False,False,False,,
Oblivion.esm,INFO,0006141E,,NAM1,0,,,Found Rockshatter yet by chance?,아직 Rockshatter를 발견 못하셨나요? ,record,False,True,False,False,MEDIUM,Rockshatter
Oblivion.esm,INFO,0006141F,,NAM1,0,,,"If you see my good-for-nothing husband, Bjalfi, tell him I want back what he stole from me!","만약 당신이 있으나 마나한 남편 Bjalfi를 만나면, 내게서 훔쳐 간것을 돌려 받기를 원한다고 말해주세요!",record,False,True,False,False,MEDIUM,Bjalfi
Oblivion.esm,INFO,000613BF,,NAM1,0,,,"Greetings, traveler. What do you seek?",반가워요 나그네. 뭐 찾으세요?,record,False,False,False,False,,
Oblivion.esm,INFO,000613BB,,NAM1,0,,,Hello there. Welcome to Aerin's Camp.,안녕하십니까. 에린의 캠프에 오신것을 환영합니다.,record,False,False,False,False,,
Oblivion.esm,INFO,000613B0,,NAM1,0,,,Is there something I can do for you?,내가 도와줄 것이 있습니까?,record,False,False,False,False,,
Oblivion.esm,INFO,000479FA,,NAM1,0,,,"I'm Atahba. But if you want a horse, you got to talk to Cat-Face.","난 Atahba에요. 만약 말을 구입하기 원한다면, Cat-Face와 얘기해 보세요.",record,False,True,False,False,MEDIUM,"Atahba, Cat-Face"
Oblivion.esm,INFO,00038A85,,NAM1,0,,,"I'll take good care of your horses when you're in Skingrad. I'm Ugak gra-Mogakh, ostler of Grateful Pass Stables.","당신이 스킨그라드에 있는 동안, 내가 당신 말을 돌볼 겁니다. 난 Ugak gra-Mogakh, 상쾌함이 퍼지는 마구간(Grateful Pass Stables)의 마부입니다.",record,True,True,False,False,HIGH,"Ugak, gra-Mogakh, Grateful, Pass, Stables"
Oblivion.esm,INFO,00002855,,NAM1,0,,,"My name's Bongond. I can see you know horses. So do I, and I know I have just what you need.","내 이름은 Bongond요. 당신이 말을 아는 걸 알 수 있죠. 나도 그래요, 그리고 난 당신이 필요한 걸 알고 있죠.",record,False,True,False,False,MEDIUM,Bongond
Oblivion.esm,INFO,000ACE07,,NAM1,0,,,I am Sister Angrond of Gottlesfont Priory. We gather and prepare healing herbs and mushrooms.,전 고틀스폰트 수도원의 앙그론드 수녀입니다. 우린 약초들과 버섯들을 채집하고 있어요.,record,False,False,False,False,,
Oblivion.esm,INFO,000ACE28,,NAM1,0,,,"I'm Phebe Jeanard, a charity sister of Gottlesfont Priory. Are you looking for alchemical ingredients?",고틀스폰트 수도원의 페비 제나르 수녀입니다. 연금술 재료들을 찾고 계신가요?,record,False,False,False,False,,
Oblivion.esm,INFO,0000BF38,,NAM1,0,,,No time to talk. Let's go home.,시간이 없습니다. 집으로 가시죠.,record,False,False,False,False,,
Oblivion.esm,INFO,0001BB21,,NAM1,0,,,"Good work! Now I can paint the portal home. After it's complete, you must go first or else you'd be stuck in here forever.",잘 했네!! 이제 집으로 가는 포탈을 그릴수 있게 되었군.. 이곳에 남고 싶지 않다면 내가 포탈을 그리는 즉시 먼저 나가야하네. ,record,False,False,False,False,,
Oblivion.esm,INFO,0001BB22,,NAM1,0,,,"We need the Brush to get out of here. Bring it to me so we can get out of this painting. Hurry, I'm starving.","여기에서 나가려면 그 붓이 필요하네. 그걸 내게 가져 오게. 그렇게 우린 이 그림에서 나갈 수 있어. 서두르게, 난 배가 고파 죽을 지경이네.",record,False,False,False,False,,
Oblivion.esm,INFO,0001BB23,,NAM1,0,,,"Excellent work my friend! All we need is the Brush, and we can leave this place.","아주 잘 해주셨습니다 친구여! 이제 우리에게 필요한 건 그 붓이고, 그것만 있으면 여길 나갈 수 있습니다.",record,False,False,False,False,,
Oblivion.esm,INFO,00035A20,,NAM1,0,,,I really don't have time for the likes of you.,내겐 정말 너 같은 녀석에게 할애할 시간은 없어.,record,False,False,False,False,,
Oblivion.esm,INFO,00009264,,NAM1,0,,,Oh. You again.,아. 또 너냐.,record,False,False,False,False,,
Oblivion.esm,INFO,00007DFD,,NAM1,0,,,Are you confused?,혼란스러운가?,record,False,False,False,False,,
Oblivion.esm,INFO,00023E02,,NAM1,0,,,Crime doesn't pay. We have long memories. We won't forget.,범죄는 용서하지 않아. 우리는 오랫동안 기억하지. 우리는 잊어버리지 않아.,record,False,False,False,False,,
Oblivion.esm,INFO,0018D283,,NAM1,0,,,"I salute you for your daring, Hero of Kvatch! You've proven yourself once again here at Skingrad.","크바치의 영웅이여, 그 대담함에 경의를 표하는 바이오! 이곳 스킨그라드(Skingrad)에서 다시 한번 진가를 증명했소.",record,True,True,False,False,HIGH,Skingrad
Oblivion.esm,INFO,0018D284,,NAM1,0,,,"While the Guard hid behind the walls, you took the fight to Oblivion itself! Maybe your example will inspire others.","병사들이 성벽 뒤에 웅크리고 있는 동안, 당신은 오블리비언 그 자체와 싸웠소! 당신의 모범이 다른 이들의 귀감이 될 것이오.",record,False,False,False,False,,
Oblivion.esm,INFO,0018D291,,NAM1,0,,,Allow me to extend my congratulations on your daring victory over the evil forces of Oblivion. I am at your service.,내가 오블리비언에 대한 그 대담한 승리를 축하할 수 있게 해 주시오. 무엇이든 말만 하시오.,record,False,False,False,False,,
Oblivion.esm,INFO,0018D292,,NAM1,0,,,"That Oblivion Gate threatened us all, yet only you took action to destroy it. You have my thanks, Hero.","그 오블리비언 게이트는 당신이 박살내기 전까지 우리 모두를 위협하고 있었소. 정말 고맙소, 영웅이여.",record,False,False,False,False,,
Oblivion.esm,INFO,0018D29F,,NAM1,0,,,Your bravery is the talk of Skingrad. Well done!,스킨그라드는 당신의 무용담이 화제거리랍니다. 훌륭해요!,record,False,False,False,False,,
Oblivion.esm,INFO,00038A84,,NAM1,0,,,"I'm Mog gra-Mogakh, proprietor of Two Sisters Lodge. My sister and I own the place... 'Two Sisters', see? Need a bed? Good food?","두자매 여관(Two Sisters Lodge)의 가게주인, Mog gra-Mogakh 입니다. 여동생과 함께 하고 있기 때문에...  '두 자매'인 거죠, 알겠어요? 숙박하실건가요? 아니면 식사라도?",record,True,True,False,False,HIGH,"Two, Sisters, Lodge, Mog, gra-Mogakh"
Oblivion.esm,INFO,00038A87,,NAM1,0,,,"Welcome to the West Weald Inn. I'm Erina Jeranus, the proprietor. If you'd like food or a bed, speak to me.",서부의 광야 여관(West Weald Inn)에 어서 오세요. 주인 Erina Jeranus입니다. 침대와 식사가 필요하면 말하세요.,record,True,True,False,False,HIGH,"West, Weald, Inn, Erina, Jeranus"
Oblivion.esm,INFO,00038A9A,,NAM1,0,,,"I'm Else God-Hater. Yes. I hate the gods. All gods. They can all bite my garters. And if you don't like it, YOU can bite my garters, too.","난 Else God-Hater. 그래. 난 신을 싫어하지. 모든 신들을. 뭐, 그들 모두 내 발목 정도는 붙잡을 수 있겠지. 그리고 너 또한 이게 마음에 들지 않으면 내 발목정도는 붙잡을 수 있을테고.",record,False,True,False,False,MEDIUM,"Else, God-Hater"
Oblivion.esm,INFO,00038A9E,,NAM1,0,,,"Welcome to Colovian Traders, Skingrad's finest selection of general merchandise. I'm Gunder. Just let me know what you want.","스킨그라드의 잡화상 중 최고의 선택, 콜로비안 상회(Colovian Traders)에 잘 오셨습니다. 전 Gunder입니다. 구하시는 물건이 있다면 말씀만 하세요.",record,True,True,False,False,HIGH,"Colovian, Traders, Gunder"
Oblivion.esm,INFO,00038AA0,,NAM1,0,,,Me? I'm Falanu. House Hlaalu. As if that matters here.,나? 난 Falanu요. Hlaalu 가문 사람이죠. 마치 그게 지금 중요하다는 것처럼 말하는군.,record,False,True,False,False,MEDIUM,"Falanu, Hlaalu"
Oblivion.esm,INFO,00038AA6,,NAM1,0,,,"Not so loud, please. What a headache I've got. I'm Agnete the Smith. 'The Pickled' they call me. Sure wish I was pickled right now.",떠들어대지 말아줄래. 머리가 울리니까 말야. 대장장이 장인 Agnete요. '주정뱅이'이 평상시 별명이야. 확실히 지금도 무지하게 취해 있는거 같지.,record,False,True,False,False,MEDIUM,Agnete
Oblivion.esm,INFO,00038AA8,,NAM1,0,,,Blessings of the Nine. My name is Tumindil. I'm the chapel priest. I'm sure you can find your way around the chapel by yourself.,"나인의 축복을. 이 교회의 사제, Tumindil입니다. 이 교회에서 당신이 나아가야 할 길을 찾을 수 있기를.",record,False,True,False,False,MEDIUM,Tumindil
Oblivion.esm,INFO,00038AAA,,NAM1,0,,,"Hello. We haven't met, have we? I'm Sister Marie Palielle, the chapel healer, and trainer in the Restoration Arts.",안녕하세요. 우린 만난 적이 없었군요. 그렇죠? 난 Marie Palielle 자매입니다. 성당의 힐러이고 회복 마법의 트레이너이기도 하죠.,record,False,True,False,False,MEDIUM,"Marie, Palielle"
Oblivion.esm,INFO,00038AAC,,NAM1,0,,,"I'm Valandrus Abor, Primate of Julianos. You may address me as 'Your Eminence'.",난 줄리아노스 성당의 대주교 Valandrus Abor입니다. 당신은 나를 '예하'라고 칭할 지도 모르죠.,record,False,True,False,False,MEDIUM,"Valandrus, Abor"
Oblivion.esm,INFO,00038AAE,,NAM1,0,,,"I'm sorry. We've not met. I'm Janus Hassildor, Count Skingrad.","실례지만, 우린 초면인 것 같소. 난 제이너스 하실도르(Janus Hassildor), 스킨그라드(Skingrad)의 백작이요.",record,True,True,False,False,HIGH,"Janus, Hassildor, Skingrad"
Oblivion.esm,INFO,00038AB0,,NAM1,0,,,"I'm Hal-Liurz, Count Skingrad's steward. The Count does not accept unsolicited visitors, I'm afraid. I apologize for the inconvenience.",난 Hal-Liurz입니다. 스킨그라드 백작님의 집사죠. 유감이지만 백작님께선 불필요한 방문자를 받지 않으십니다. 불편을 드려 죄송하군요.,record,False,True,False,False,MEDIUM,Hal-Liurz
Oblivion.esm,INFO,00038AB2,,NAM1,0,,,"The Count will not see you now. Not now, not ever. He sees no one. I'm Mercator Hosidus, his steward. I believe that's all you need to know.","백작님은 만날 수 없습니다. 지금뿐만 아니라, 앞으로도 만날 수 없습니다. 백작님은 아무도 만나지 않을 겁니다. 나는 집사, 머카토 호시디어스(Mercator Hosidus)입니다. 용무는 내가 모두 받습니다.",record,True,True,False,False,HIGH,"Mercator, Hosidus"
Oblivion.esm,INFO,00038AB4,,NAM1,0,,,"I'm Dion, captain of the Skingrad Guard.","난 Dion, 스킨그라드 경비대의 대장이오.",record,False,True,False,False,MEDIUM,Dion
Oblivion.esm,INFO,00038AB6,,NAM1,0,,,"Sorry. You want me? I'm Shum gro-Yarug, the Count's butler.","실례지만, 당신이 날 원한다고요? 난 백작님의 시종장인 Shum gro-Yarug입니다.",record,False,True,False,False,MEDIUM,"Shum, gro-Yarug"
Oblivion.esm,INFO,00038AB8,,NAM1,0,,,"Danus Artellian, captain of the guard. The Count's Guard. Castle Guard. Dion's captain of the town guard. That's nothing to do with me.","경비대의 대장, Danus Artellian입니다. 백작님의 경비, 성의 경비를 맞고 있죠. Dion은 마을 경비대의 대장이고. 그는 나에게 간섭할 수 없어요.",record,False,True,False,False,MEDIUM,"Danus, Artellian, Dion"
Oblivion.esm,INFO,00038ABA,,NAM1,0,,,"Ah-Malz of the Fighters Guild. Welcome to Skingrad County. Come hunting goblins, have you?",파이터 길드의 Ah-Malz입니다. 스킨그라드에 온 걸 환영합니다. 고블린 사냥하러 가겠습니까?,record,False,True,False,False,MEDIUM,Ah-Malz
Oblivion.esm,INFO,00038ABD,,NAM1,0,,,"I'm in the Fighters Guild, yes, and I can train for weapon and shield parries. Fadus Calidius is the name.",파이터 길드에서 무기와 방패의 훈련을 맡고 있는게 바로 나요. 이름은 Fadus Calidius요.,record,False,True,False,False,MEDIUM,"Fadus, Calidius"
Oblivion.esm,INFO,00038AC0,,NAM1,0,,,"I'm Parwen of the Fighters Guild. I'm not a great archer, but I seem to have a knack for teaching. And I've bagged my share of goblins.","파이터 길드의 Parwen입니다. 활의 명수는 아니지만, 남에게 가르치는 정도는 됩니다. 그리고 고블린 사냥 기록도 갖고 있어요.",record,False,True,False,False,MEDIUM,Parwen
Oblivion.esm,INFO,00038AC3,,NAM1,0,,,I'm in charge here. Adrienne Berene. Do you have Mages Guild business?,난 이곳을 책임지고 있어요. Adrienne Berene이라고 하죠. 메이지 길드에 용무가 있나요?,record,False,True,False,False,MEDIUM,"Adrienne, Berene"
Oblivion.esm,INFO,00038AC5,,NAM1,0,,,"I'm Sulinus Vassinus of the Mages Guild, and I'm so pleased to make your acquaintance.",난 메이지 길드의 Sulinus Vassinus입니다. 당신과 알게 되어 기쁘군요.,record,False,True,False,False,MEDIUM,"Sulinus, Vassinus"
Oblivion.esm,INFO,00038AC7,,NAM1,0,,,What? Who are you? Oh... who cares. I'm Druja. You want something? Or you just practicing your Cyrodilic?,뭐요? 당신 누구요? 음... 알게 뭐야. 난 Druja요. 뭘 원해요? 아니면 단지 시로딜릭을 연습하는 거요?,record,False,True,False,False,MEDIUM,Druja
Oblivion.esm,INFO,00038AC9,,NAM1,0,,,"You want me? You sure? I'm Vigge. I'm Mages Guild, but I don't train or anything.","날 원해요? 정말? 난 Vigge입니다. 메이지 길드에 있지만, 훈련을 하거나 다른 어떤 일을 맡아 하고 있진 않죠.",record,False,True,False,False,MEDIUM,Vigge
Oblivion.esm,INFO,00038ACB,,NAM1,0,,,You have obviously made a mistake. Sir Lazare Milvan would never speak with someone of your low birth.,자넨 명백히 실수를 했네. Lazare Milvan 경은 절대 낮은 신분의 사람과는 대화하지 않아.,record,False,True,False,False,MEDIUM,"Lazare, Milvan"
Oblivion.esm,INFO,00038ACB,,NAM1,1,,,You are obviously of low birth. Unless you dispute my judgement... and you would press your suit at the end of a sword.,자넨 분명 낮은 신분이야. 나의 판단에 토를 달지 않는다면... 그럼 전쟁이 끝날 때 즈음엔 자네의 요구를 들어줄 수도 있지.,record,False,False,False,False,,
Oblivion.esm,INFO,00038ACE,,NAM1,0,,,You are talking again. You will stop.,또 얘기하는 군. 그만해.,record,False,False,False,False,,
Oblivion.esm,INFO,00038ACF,,NAM1,0,,,"You're new here, or you'd know me. Toutius Sextius. My people have lived in Skingrad since the Dawn. Father and the Count were best of friends.",여기가 처음이군요. 그렇지 않았다면 날 알았을 텐데. Toutius Sextius입니다. 내 백성들은 던(Dawn)이래로 스킨그라드에서 살고 있죠. 아버지와 백작님은 가장 좋은 친구 사이였어요.,record,True,True,False,False,HIGH,"Toutius, Sextius, Dawn"
Oblivion.esm,INFO,00038AD3,,NAM1,0,,,"A sweetroll? But, of course, Salmo is famous for his sweetrolls! One taste, and you are in heaven... on top of the world, yes!","스위트롤? 당연한 일이지만, Salmo는 스위트롤로 유명하다구요! 한 번 맛보면, 천국에 있는 듯 하죠... 세상을 다 가진 듯이. 아주 그냥 죽여줘요!",record,False,True,False,False,MEDIUM,Salmo
Oblivion.esm,INFO,00038AD5,,NAM1,0,,,"I am Ambroise Canne, grape-grower for Surilie Brothers. I'm also an advanced trainer for weapon and shield parries.",난 Ambroise Canne입니다. 셔릴리 형제 포도원의 포도지기죠. 난 무기와 방패를 잘 다루는 숙련된 전문가이기도 해요.,record,False,True,False,False,MEDIUM,"Ambroise, Canne"
Oblivion.esm,INFO,00038AD7,,NAM1,0,,,"Reman Broder, retired Archer, presently a grape-grower for the Surilies, at your service. Are you looking for advanced training?","은퇴한 궁수, 현재 셔릴리의 포도지기로 있는 Reman Broder라고 합니다. 숙련된 트레이너를 찾고 있어요? ",record,False,True,False,False,MEDIUM,"Reman, Broder"
Oblivion.esm,INFO,00038AD9,,NAM1,0,,,"A perfect tomato... one taste, and it is gone forever. And then... a lifetime of searching for the next one.",완벽한 토마토... 한 번 맛보면 뿅하고 완전히 가버리죠. 그리고 나면... 다음 기회를 평생 동안 기다리게 되고.,record,False,False,False,False,,
Oblivion.esm,INFO,00038AD9,,NAM1,1,,,"Undena Orethi. I am a pilgrim in search of the perfect tomato. It is my grail, and I shall follow it all my life.","Undena Orethi입니다. 난 완벽한 토마토를 찾는 순례자죠. 그것은 나의 성배이며, 난 평생동안 그걸 찾을 거에요.",record,False,True,False,False,MEDIUM,"Undena, Orethi"
Oblivion.esm,INFO,00038ADB,,NAM1,0,,,"It is all in the nose. Yes, of course, it is also in the mouth!","그 향기가 내 코를 진동시키죠. 그래요, 당연히, 그건 내 입 안에도 있죠!",record,False,False,False,False,,
Oblivion.esm,INFO,00038ADB,,NAM1,1,,,"The fragrance, the sharp, startling odor... the sheep's cheese... ambrosia! Nectar!",달콤한 내음과 코를 찌르는 강렬하고 놀라운 냄새... 양의 젖으로 만든 치즈... 진귀한 음식! 음료!,record,False,False,False,False,,
Oblivion.esm,INFO,00038ADB,,NAM1,2,,,"Yes. I am the Shepherd, Uuras. And it is my sheep, and my deft hand and sharp nose, which produce the glorious cheeses of Skingrad.",맞아요. 난 양치기 Uuras입니다. 그리고 내 양과 솜씨좋은 내 손과 예민한 후각만 있으면 이것들로 유명한 스킨그라드의 치즈를 만들어낼 수 있죠.,record,False,True,False,False,MEDIUM,Uuras
Oblivion.esm,INFO,00038ADD,,NAM1,0,,,I'm Bernadette Peneles. I work for Tamika. I grow grapes. For her wines.,난 Bernadette Peneles입니다. 타미카에서 일하죠. 난 와인을 만들기 위한 포도를 재배해요.,record,False,True,False,False,MEDIUM,"Bernadette, Peneles"
Oblivion.esm,INFO,00038ADF,,NAM1,0,,,"I'm a fair hand at grapes and bows. Shameer, grower and trainer. But I suspect you want to shoot, not grow grapes. Am I right?","난 포도를 키우는 자로서, 그리고 트레이너로서 포도와 활 둘 다에 동등한 애정을 쏟고 있습니다. 포도지기이자 트레이너인 Shameer라고 합니다. 하지만 당신은 포도를 키우는 것보다 활 쏘는 것에 더 관심이 있는 것 같은데, 맞아요?",record,False,True,False,False,MEDIUM,Shameer
Oblivion.esm,INFO,00038AE1,,NAM1,0,,,"I'm Davide, of Surilie Brothers Vineyard. Gaston is my brother. From our vineyards come the finest wines in Tamriel.",난 셔릴리 형제 포도원의 Davide입니다. Gaston이 내 형제죠. 우리 포도원에서 탐리엘 최상급의 와인이 생산됩니다.,record,False,True,False,False,MEDIUM,"Davide, Gaston"
Oblivion.esm,INFO,00038AE4,,NAM1,0,,,"I'm Gaston Surilie. Perhaps you've met my brother, Davide? Together, we are the Surilie Brothers Winery.","난 Gaston Surilie요. 내 형제 Davide를 만났었군요, 그렇죠? 우리는 같이 셔릴리 형제 포도주 양조장을 운영하고 있어요.",record,False,True,False,False,MEDIUM,"Gaston, Surilie, Davide"
Oblivion.esm,INFO,00038AE6,,NAM1,0,,,"I'm Tamika. We grow our own grapes, and make fine wines.",난 Tamika요. 우리는 우리만의 포도를 생산해서 좋은 와인을 만들고 있죠.,record,False,True,False,False,MEDIUM,Tamika
Oblivion.esm,INFO,0018D282,,NAM1,0,,,"An impressive feat of arms, closing that Oblivion Gate outside Leyawiin. What can I do for you?","레이어윈 외곽의 오블리비언 게이트를 닫다니, 정말 빼어난 무공이 아닐 수 없군요. 뭘 도와드릴까요?",record,False,False,False,False,,
Oblivion.esm,INFO,0018D285,,NAM1,0,,,"Thank you for closing that Oblivion Gate. Despite what the Count may say, we're all in your debt.","오블리비언 게이트를 닫아주어 감사하오. 누가 뭐래도, 우린 당신에게 빚을 졌소.",record,False,False,False,False,,
Oblivion.esm,INFO,0018D290,,NAM1,0,,,If it isn't the toast of Leyawiin! How can I help you?,혹시 당신 레이어윈의 화제의 인물이 아닙니까! 제가 뭐 도와드릴 거라도 있나요?,record,False,False,False,False,,
Oblivion.esm,INFO,0018D293,,NAM1,0,,,"The common folk of Leyawiin recognize your valor, even if Count Terentius does not. What do you need, friend?","Marius 백작은 모를지라도 레이어윈의 일개 주민들은 당신의 무훈에 대해서 잘 알고 있소. 무엇이 필요하시오, 친구?",record,False,True,False,False,MEDIUM,Marius
Oblivion.esm,INFO,0018D29E,,NAM1,0,,,"The Count always says that Leyawiin stands alone, but your actions proved him wrong. Well done.",백작님은 항상 말씀하셨습니다. 레이어윈은 자신만의 힘으로 지키는 것이라고. 하지만 당신의 행동이 그가 틀렸다는 걸 증명했습니다. 훌륭한 일을 하셨습니다.,record,False,False,False,False,,
Oblivion.esm,INFO,00051DC4,,NAM1,0,,,"I am Januarius Aurunceia, the Count's footman and boot-puller.","전 백작님의 하인, Januarius Aurunceia입니다.",record,False,True,False,False,MEDIUM,"Januarius, Aurunceia"
Oblivion.esm,INFO,00051DCA,,NAM1,0,,,"I am Janonia Aurunceia, chief maid-servant of Castle Leyawiin.","전 레이어윈 성의 시녀장, Janonia Aurunceia이라고 합니다.",record,False,True,False,False,MEDIUM,"Janonia, Aurunceia"
Oblivion.esm,INFO,000355C3,,NAM1,0,,,"Welcome, stranger, to the Five Claws. Food and beds, cheap and good, but most of all, your hostess promises, always clean!","이방인이여. 다섯 클로(Five Claws) 산장에 오신것을 환영합니다. 음식과 잠자리, 저렴하고 좋죠. 특히 무엇보다도 청결함은 이름을 걸고 약속합니다!",record,True,True,False,False,HIGH,"Five, Claws"
Oblivion.esm,INFO,000355C3,,NAM1,1,,,"Witseidutsei gives you her guarantee! Everything, clean, always, or you do not pay!",윗세이덧세이(Witseidutsei)가 그녀의 이름으로 보증해요! 모든것이 언제나 청결해요. 그렇지 않다면 돈을 받지 않습니다!,record,True,True,False,False,HIGH,Witseidutsei
Oblivion.esm,INFO,00035708,,NAM1,0,,,"Well, you've found the Three Sisters. Beds and food. Not cheap, but you get what you pay for.",세자매(Three Sisters) 여관을 찾아 오셨군요. 잠자리와 음식이 있죠. 싸구려가 아닙니다. 하지만 돈을 낸 만큼의 만족을 누릴 수 있습니다.,record,True,True,False,False,HIGH,"Three, Sisters"
Oblivion.esm,INFO,00035708,,NAM1,1,,,"I'm Shuravi, the sister-that-works-and-worries. Shamada is sweet and decorative. Shomara is dumb as a post. But she can cook, at least.","난 슈라비(Shuravi)이고, 일하고-걱정하는-자매죠. 샤마다(Shamada)는 사랑스럽고 화려하죠. 쇼마라(Shomara)는 기둥처럼 과묵하지만, 최소한 요리는 할 줄 알죠.",record,True,True,False,False,HIGH,"Shuravi, Shamada, Shomara"
Oblivion.esm,INFO,000475AC,,NAM1,0,,,"I'm Shamada, hostess of the Three Sister Inn. Speak to Shuravi if you need beds or meals.","세자매(Three Sisters) 여관의 접대부, Shamada에요. 잠자리가 필요하거나 먹고 싶은 게 있으면 Shuravi를 찾으세요.",record,True,True,False,False,HIGH,"Three, Sisters, Shamada, Shuravi"
Oblivion.esm,INFO,000475AD,,NAM1,0,,,"Sorry, sorry, sorry. Got to get cooking. I'm the cooking sister. I'm Shomara. The cooking sister.","미안합니다, 미안합니다, 미안합니다. 주방 일을 좀 하느라... 자매들 중 주방을 담당하고 있습니다. 요리를 담당하는 Shomara입니다. ",record,False,True,False,False,MEDIUM,Shomara
Oblivion.esm,INFO,000475AE,,NAM1,0,,,"Gundalas guarantees! Everything... almost free! At Best Goods and Guarantees, retail service at warehouse prices!",Gundalas가 보장합니다! 전상품이... 공짜나 다름없어요! 최상품 보증점(Best Goods and Guarantees)은 도매 가격으로 봉사하고 있습니다!,record,True,True,False,False,HIGH,"Gundalas, Best, Goods, and, Guarantees"
Oblivion.esm,INFO,000475AF,,NAM1,0,,,"Yeah. Buy a goddam book. It's a bookstore, ain't it? Don't just go peeking at them! Buy one!","네. 빌어먹을 책을 좀 사요. 여긴 책방이라구요, 아닌가요? 와서 들어다 보기만 하지 말고 하나만 사세요!",record,False,False,False,False,,
Oblivion.esm,INFO,000475AF,,NAM1,1,,,"I'm Bugak gro-Bol, and I say you better buy a goddam book. And right away, dammit!",난 부가크 그로-볼이예요. 빌어먹을 책 한권 사는게 좋을 거에요. 지금 당장이요. 젠장!,record,False,False,False,False,,
Oblivion.esm,INFO,000475B0,,NAM1,0,,,The Dividing Line between a live hero and a dead one is a sharp sword. Get the best you can afford from Tun-Zeeus...,"싸움에서의 산자와 죽은자의 갈림길(Dividing Line)은 검의 예리함에 달렸지. Tun-Zeeus 상점에서, 가능한 돈을 들이는게 좋을거요...",record,True,True,False,False,HIGH,"Dividing, Line, Tun-Zeeus"
Oblivion.esm,INFO,000475B0,,NAM1,1,,,"... Because you don't want to be on the dead guy side of the line, do you?","... 왜냐면 죽은자의 길로 들어서고 싶지는 않을테니까 말이지, 안그런가?",record,False,False,False,False,,
Oblivion.esm,INFO,000475B1,,NAM1,0,,,I'm Avrus Adas. I'm the priest of Zenithar at the Leyawiin Chapel.,Avrus Adas라고 합니다. 레이어윈 성당에서 Zenithar의 사제로 있죠.,record,False,True,False,False,MEDIUM,"Avrus, Adas, Zenithar"
Oblivion.esm,INFO,000475B2,,NAM1,0,,,"Silana Blandia, Healer of the Leyawiin Chapel. Bless the Nine, and all the faithful.","Silana Blandia입니다, 레이어윈 성당의 힐러지요. 나인을 찬미하세요, 모든 충실한 신자들이여.",record,False,True,False,False,MEDIUM,"Silana, Blandia"
Oblivion.esm,INFO,000475B3,,NAM1,0,,,"Kantav Cheynoslin. I am the Primate of Leywiin, and Zenithar's Advocate.","Zenithar를 모시는, 레이어윈의 대주교, Kantav Cheynoslin입니다.",record,False,True,False,False,MEDIUM,"Zenithar, Kantav, Cheynoslin"
Oblivion.esm,INFO,000475B4,,NAM1,0,,,"Marius Caro, by grace of the Nine, Count Leyawiin. You are a stranger to me, but well-met.",나는 아홉의 신들의 은총으로 간택된 레야윈의 영주 마리우스 카로요 당신은 처음 보는 얼굴이지만 만나서 반갑소.,record,False,False,False,False,,
Oblivion.esm,INFO,000475B6,,NAM1,0,,,I'm sure you have many pressing affairs. I won't keep you.,바쁘다는 걸 잘 알고 있소. 붙들지 않겠소.,record,False,False,False,False,,
Oblivion.esm,INFO,000C4283,,NAM1,0,,,"I am Countess Alessia Caro, wife to Count Marius.",나는 알레시아 카로(Alessia Caro) 백작부인이에요. 마리우스 백작의 아내죠.,record,True,True,False,False,HIGH,"Alessia, Caro"
Oblivion.esm,INFO,000C4283,,NAM1,1,,,"I think Leyawiin would be better off if we removed all the dirty Argonians such as yourself. You wouldn't have a problem with that, would you?",나는 레이어윈에서 당신같이 지저분한 아르고니안들만 사라져 준다면 이곳이 더 좋아질 거라고 생각해요. 당신은 아무런 문제가 없을 거에요. 아닌가요?,record,False,False,False,False,,
Oblivion.esm,INFO,000475B7,,NAM1,0,,,"Welcome to Leyawiin. I am Alessia Caro, and I have the honor to be the wife of the Count, Marius Caro.",레이어윈에 온 걸 환영해요. 난 Alessia Caro입니다. 영광스럽게도 이 곳 Marius Caro 백작님의 아내지요.,record,False,True,False,False,MEDIUM,"Alessia, Caro, Marius, Caro"
Oblivion.esm,INFO,00047752,,NAM1,0,,,"I am Hlidara Mothril, Lady Leyawiin's chaplain and chief advisor. ","레이어윈 백작부인의 전속 사제, 그리고 수석 고문인 Hildara Mothril입니다. ",record,False,True,False,False,MEDIUM,"Hildara, Mothril"
Oblivion.esm,INFO,00047752,,NAM1,1,,,I assist Her Ladyship so that her enlightened policies might achieve the greatest  possible influence upon the affairs of County Leyawiin.,"레이어윈 백작령의 통치에, 부인의 계몽 사상이 조금이라도 더 반영되도록 보좌하고 있습니다.",record,False,False,False,False,,
Oblivion.esm,INFO,000477E9,,NAM1,0,,,On-Staya Sundew. Castle Leyawiin's steward. And chief advisor to Count Marius Caro. In theory...,"레이어윈 성의 집사인, On-Staya Sundew입니다. 더불어 Marius Caro 백작님의 수석 고문이기도 하죠. 이름뿐이지만... ",record,False,True,False,False,MEDIUM,"On-Staya, Sundew, Marius, Caro"
Oblivion.esm,INFO,000477EA,,NAM1,0,,,"I'm Caelia Draconis, Captain of the Leyawiin Guard. I hope we will not meet in my official capacity... ha-ha.",레이어윈 위병 대장 Caelia Draconis라고 합니다. 공무 집행으로 만날 일이 없으면 좋으련만... 하하.,record,False,True,False,False,MEDIUM,"Caelia, Draconis"
Oblivion.esm,INFO,000477EB,,NAM1,0,,,"Tsavi, Count's Mage and Castle Healer, your servant. ",백작님의 마법사이자 성의 힐러인 Tsavi입니다. 말씀하세요. ,record,False,True,False,False,MEDIUM,Tsavi
Oblivion.esm,INFO,000477F4,,NAM1,0,,,Brodras of the Fighters Guild. I don't do contracts much. Mostly I'm a trainer. Heavy Armor.,파이터 길드의 Brodras요. 나는 계약을 받는 일은 거의 하지 않소. 주로 중갑 분야의 훈련을 담당하고 있지.,record,False,True,False,False,MEDIUM,Brodras
Oblivion.esm,INFO,000477F4,,NAM1,1,,,"And look. No jokes about the Heavy Armor, eh? Not every Bosmer sneaks around with bows and arrows. I'm as tough and beefy as any Orc. Got it?","그리고 보라고. 중갑옷은 장난 아니야. 모든 보스머가 은닉해서 활과 화살로 상대를 노리기만 하는게 아니거든. 나는 오크 못지않게 터프하고 강하단 말이지, 알겠소?",record,False,False,False,False,,
Oblivion.esm,INFO,000477FD,,NAM1,0,,,"Hey, baby? You fancy some training? Sherina's the name, and blades are the game.","헤이, 귀염둥이? 트레이닝 좀 어때? 난 Sherina. 검술이라는 게임이야.",record,False,True,False,False,MEDIUM,Sherina
Oblivion.esm,INFO,000478A7,,NAM1,0,,,"S'Drassa of the Mages Guild, Evoker and Alchemist. And also, in his scant free time, a Trainer in Alchemy.",메이지 길드의 에보커(Evoker)이자 연금술사인 S'Drassa라네. 그리고 또한 자유 시간이 넉넉한 건 아니지만 연금술 트레이너로서 활동하기도 하지.,record,True,True,False,False,HIGH,"Evoker, S'Drassa"
Oblivion.esm,INFO,00047988,,NAM1,0,,,"Alves Uvenim, Journeyman of the Guild. Welcome to Leyawiin. I don't believe we've been introduced.","Alves Uvenim, 길드 Journeyman입니다. 레이어윈에 오신 것을 환영합니다. 자기소개 한적이 없었지요.",record,False,True,False,False,MEDIUM,"Alves, Uvenim, Journeyman"
Oblivion.esm,INFO,000479AD,,NAM1,0,,,My name is Agata. I'm responsible for enchanted item recharge for the Guild here in Leyawiin.,제 이름은 Agata입니다. 여기 레이어윈 길드에서 인첸트 된 아이템의 충전을 담당하고 있습니다.,record,False,True,False,False,MEDIUM,Agata
Oblivion.esm,INFO,000479AF,,NAM1,0,,,I'm Dar Jee. I'm a Khajiit in disguise. Want to see me lick my butt?,난 Dar Jee야. 변장한 Khajiit이지. 내가 내 궁둥일 핥는 걸 보고 싶어?,record,False,True,False,False,MEDIUM,"Dar, Jee, Khajiit"
Oblivion.esm,INFO,000479AF,,NAM1,1,,,Hahaha! That one never gets old!,하하하! 이거 절대 시들지 않는구만!,record,False,False,False,False,,
Oblivion.esm,INFO,000479C6,,NAM1,0,,,I'm Tsrava. I'm an Advanced Trainer in Acrobatics. Did I mention I hate dogs? ,난 Tsrava입니다. Acrobatics의 상급 트레이너죠. 내가 개를 싫어한다고 했던가요? ,record,False,True,False,False,MEDIUM,"Tsrava, Acrobatics"
Oblivion.esm,INFO,000479C6,,NAM1,1,,,So keep your dogs away from me... unless they want some advanced lessons in plunging from great heights...,그러니까 개를 내 근처로 데려 오지 말아요... 아주 높은 곳까지 뛰어 오를 수 있는 방법을 배울 맘이 있다면 말이죠... ,record,False,False,False,False,,
Oblivion.esm,INFO,000479C8,,NAM1,0,,,Alval Uvani. I'm an evil wizard. I like blowing things up. ,알벌 우반니(Alval Uvani)요. 난 사악한 마법사지. 나는 날려버리는 걸 좋아하지. ,record,True,True,False,False,HIGH,"Alval, Uvani"
Oblivion.esm,INFO,000479C8,,NAM1,1,,,"And I have LOTS of time on my hands, since I'm LOADED with gold.",그리고 내가 돈을 좀 만지기 전까지 정말 많은 시간들이 내 손아귀에서 놀아나고 있었지.,record,False,False,False,False,,
Oblivion.esm,INFO,000479C8,,NAM1,2,,,So I blow things up. And burn them. And frost them. And shock the living daylights out of them.,"그래서 내가 날려버렸어. 다 태우고 얼리고, 그리고 그것들 전부를 밝은 세상으로 날려 버리게 충격을 줬지.",record,False,False,False,False,,
Oblivion.esm,INFO,000479C8,,NAM1,3,,,"But I'm a smart, law-abiding evil wizard, because I only blow up my own stuff.",하지만 난 똑똑하거든. 법을 준수할 줄 아는 사악한 위저드님이라 이거지. 그래서 난 내가 가진 것만 날려버린다네.,record,False,False,False,False,,
Oblivion.esm,INFO,000479C8,,NAM1,4,,,So don't get any ideas about murdering me and looting my gold...,그러니까 날 죽이고 돈을 훔쳐갈 생각 따윈 하지도 마... ,record,False,False,False,False,,
Oblivion.esm,INFO,000479C8,,NAM1,5,,,"Aside from the fact that I'll kick your ass... it's against the law, and you'll rot in jail for it.",그랬다간... 확 엉덩이를 차줄 테니... 그건 범법 행위라고... 감옥에 가게 될 거야.,record,False,False,False,False,,
Oblivion.esm,INFO,000479C8,,NAM1,6,,,So how do like THEM apples?,그래서 이 빌어먹을 사과들을 어떻게 좋아하지?,record,False,False,False,False,,
Oblivion.esm,INFO,000479CA,,NAM1,0,,,"I am Ri'zakar, Pakseech of the Blackwood Company. The Company provides expert jihatt for selected customers. Very discreet.",난 블랙우드 컴퍼니의 Pakseech인 Ri'Zakar요. 우린 선별된 고객들을 위해 숙련된 Jihatt를 제공하고 있소. 매우 신중하죠.,record,False,True,False,False,MEDIUM,"Pakseech, Ri'Zakar, Jihatt"
Oblivion.esm,INFO,000479CE,,NAM1,0,,,Commander Ja'Fazir. Your servant. I am second-in-command of the Blackwood Company.,사령관 자'파지르라 합니다. 당신의 하인과 같죠. 저는 이곳 블랙우드 컴퍼니의 부관입니다.,record,False,False,False,False,,
Oblivion.esm,INFO,000479CE,,NAM1,1,,,The Company provides expert jihatt for selected customers. Very discreet.,컴퍼니는 선별된 고객들에게 전문 용병 서비스를 제공합니다. 아주 엄선해서요.,record,False,False,False,False,,
Oblivion.esm,INFO,000479D0,,NAM1,0,,,"Lieutenant Rana, Blackwood Company.",블랙우드 컴퍼니의 Rana 중위요.,record,False,True,False,False,MEDIUM,Rana
Oblivion.esm,INFO,000479D2,,NAM1,0,,,"I am Geel. Sergeant-of-Sharpshooters, Blackwood Company.",난 Geel이오. 블랙우드 컴퍼니의 원거리 저격 전문가죠.,record,False,True,False,False,MEDIUM,Geel
Oblivion.esm,INFO,000479D4,,NAM1,0,,,"Oleed-Ei, Blackwood Company Master-of-Assassins. ","블랙우드 컴퍼니의 암살의 달인, Oleed-Ei요. ",record,False,True,False,False,MEDIUM,Oleed-Ei
Oblivion.esm,INFO,000479D6,,NAM1,0,,,"My name is Numeen.  Have you seen that no-good rascal husband of mine, Mahei? Gods know what he is up to this time...",내 이름은 Numeen입니다. 이쁜 구석이라곤 전혀 없는 한심한 내 남편 Mahei를 봤어요? 그가 이번엔 어디에서 쳐 자빠져 자는지 신은 알고 계실텐데... ,record,False,True,False,False,MEDIUM,"Numeen, Mahei"
Oblivion.esm,INFO,000479D8,,NAM1,0,,,"I am Mahei... that poor fellow who is chased everywhere by that nagging fishwife, Numeen.",난 Mahei요... 맨날 짜증나게 잔소리만 해대는 이름만 마누라인 Numeen에게 항상 쫓겨다니는 불쌍한 중생이죠.,record,False,True,False,False,MEDIUM,"Mahei, Numeen"
Oblivion.esm,INFO,000479D8,,NAM1,1,,,"Please. Just don't mention me to her, or she will burst into one of her tirades...",제발 내 이야기를 그녀에게 하지 마세요... 그렇지 않으면 난 또 잔소리 폭탄을 터뜨리는 그녀와 마주하게 될 겁니다.,record,False,False,False,False,,
Oblivion.esm,INFO,000479DA,,NAM1,0,,,"My name is Margarte. Professionally, I'm a trade consultant... I offer Advanced Mercantile training, by the way...",Margarte라고 합니다. 직업은 상거래의 고문으로... 상술(Mercantile)의 상급 트레이닝을 담당하고 있습니다만... ,record,True,True,False,False,HIGH,"Margarte, Mercantile"
Oblivion.esm,INFO,000479DA,,NAM1,1,,,... But my real passion is alchemy. I love brewing up new and interesting potions... just for fun!,"... 하지만, 사실은 연금술에 빠져있지요. 새롭고 흥미로운 물약을 만들어내는 것을 너무 좋아해서... 단순히 취미지만!",record,False,False,False,False,,
Oblivion.esm,INFO,000479DA,,NAM1,2,,,It's a pity my busy consulting and training schedule leaves me little time for gathering ingredients...,"일과 트레이닝 의뢰로 바빠서, 연금술의 소재를 모을 시간이 없어요...",record,False,False,False,False,,
Oblivion.esm,INFO,000479DA,,NAM1,3,,,"... And heavens forfend that my husband, Eitar, devote a few minutes from his all-consuming hobby...","... 그리고 염려스러운게, 제 남편 Eitar가 잠시라도 딴짓거리를 할지도 몰라서...",record,False,True,False,False,MEDIUM,Eitar
Oblivion.esm,INFO,000479DA,,NAM1,4,,,"... stirring up trouble between Khajiits and Argonians, to help me find ingredients.",... 연금술 재료를 찾는 걸 도와준답시고 아르고니안과 카짓들을 휘저어 문제를 일으키거든요. ,record,False,False,False,False,,
Oblivion.esm,INFO,000479DC,,NAM1,0,,,I'm Eitar. Say. Did you hear what that Argonian said? What's-his-name? You know who I'm talking about...,Eitar라고 하네. 근데 말야. 그 아르고니안이 뭐라고 말했는지 알아? 그녀석 이름이 뭐라더라? 내가 말하는 게 누군지 알 거요...,record,False,True,False,False,MEDIUM,Eitar
Oblivion.esm,INFO,000479DC,,NAM1,1,,,He said any Argonian can kick any Khajiit's butt to breakfast any day of the week. You believe that?,"그녀석이 말하길, 아르고니안은 누워서 떡먹기로 카짓의 엉덩일 걷어찬다고 하지. 그걸 믿어?",record,False,False,False,False,,
Oblivion.esm,INFO,000479DC,,NAM1,2,,,I think he's wrong. I KNOW Khajiit can kick Argonian butt. Any time. Any where. And you can tell everyone I said so.,난 그가 틀렸다고 생각해. 카짓이 아르고니안의 엉덩일 걷어찬다고 알고 있거든. 언제든. 어디서나 말이지. 내가 그리 말했다고 아무한테나 퍼뜨려도 상관없어.,record,False,False,False,False,,
Oblivion.esm,INFO,000479DD,,NAM1,0,,,I'm Eitar. Say. Did you hear what that Khajiit said? What's-his-name? You know who I'm talking about...,Eitar라고 하네. 근데 말야. 그 카짓이 뭐라고 말했는지 알아? 그녀석 이름이 뭐라더라? 내가 말하는 게 누군지 알 거요...,record,False,True,False,False,MEDIUM,Eitar
Oblivion.esm,INFO,000479DD,,NAM1,1,,,He said any Khajiit can kick any Argonian's butt to breakfast any day of the week. You believe that?,"그녀석이 말하길, 카짓은 누워서 떡먹기로 아르고니안의 엉덩일 걷어찬다고 하지. 그걸 믿어?",record,False,False,False,False,,
Oblivion.esm,INFO,000479DD,,NAM1,2,,,I think he's wrong. I KNOW Argonians can kick Khajiit butt. Any time. Any where. And you can tell everyone I said so.,난 그가 틀렸다고 생각해. 아르고니안이 카짓의 엉덩일 걷어찬다고 알고 있거든. 언제든. 어디서나 말이지. 내가 그리 말했다고 아무한테나 퍼뜨려도 상관없어.,record,False,False,False,False,,
Oblivion.esm,INFO,000479E0,,NAM1,0,,,Rats. Hate them. HATE them. Every one. Gonna hunt them down and chop them all to tiny bits.,쥐. 쥐가 싫소. 정말 싫소. 누구나 그렇지. 그것들을 싹 잡아다가 아주 잘게 썰어 버릴 거요.,record,False,False,False,False,,
Oblivion.esm,INFO,000479E0,,NAM1,1,,,"Oh. Did I say that out loud? Excuse me. I'm Weebam-Na, the hunter. You got to excuse me. I got rats on the mind.",오. 내가 크게 말했나? 실례하오. 난 Weebam-Na라고 하는 사냥꾼이오. 당신도 내게 실례를 범했지. 내 머리속엔 쥐새끼 생각으로 가득하오.,record,False,True,False,False,MEDIUM,Weebam-Na
Oblivion.esm,INFO,000479E2,,NAM1,0,,,"I'm Bejeen. I'm a hunter, and Weebam-Na's partner. I hope he didn't bother you about the rat thing. He's gone totally rat-cuckoo, I'm afraid.","나는 Bejeen입니다. 사냥꾼이고 Weebam-Na의 파트너에요. 그가 쥐 운운해서 당신을 난처하게 하지 않으면 좋으련만. 걱정인게, 그는 완전 쥐 광이 되버렸어요.",record,False,True,False,False,MEDIUM,"Bejeen, Weebam-Na"
Oblivion.esm,INFO,000479E4,,NAM1,0,,,I'm Cingor. I'm the Captain of the Leyawiin Neighborhood Watch.,나는 Cingor입니다. 레이어윈의 자경단 대장이오.,record,False,True,False,False,MEDIUM,Cingor
Oblivion.esm,INFO,000479E4,,NAM1,1,,,"Actually, Captain, President, Vice-President, Secretary, Treasurer, and Sergeant-at-Arms.","사실 대장, 총장, 부총장, 장관, 재무관 그리고 군 하사관까지 다하고 있긴 한데.",record,False,False,False,False,,
Oblivion.esm,INFO,000479E4,,NAM1,2,,,"We're a small, select organization of crime fighters. We're going after the crimes and criminals the Guard overlooks.",우리는 범죄와 싸우는 소수 정예의 조직이오. 위병들이 놓친 범죄와 범죄자들을 쫓고 있소.,record,False,False,False,False,,
Oblivion.esm,INFO,000479E6,,NAM1,0,,,"Yes. Ahdarji is the name. Poor Ahdarji, all alone, now that Qa-Dar is gone. Poor widow Ahdarji...","그래요. Ahdarji가 이름이죠. 불쌍한 Ahdarji, 맨날 외톨이에요, 이제 Qa-Dar도 떠나고. 불쌍한 과부 Ahdarji... ",record,False,True,False,False,MEDIUM,"Ahdarji, Ahdarji, Qa-Dar, Ahdarji"
Oblivion.esm,INFO,000479E6,,NAM1,1,,,"Ahdarji trains, yes. Light Armor is the skill. Ahdarji must work very hard, now she is all alone in the world.","Ahdarji는 훈련도 해요, 그래요. 경갑옷이 바로 그 기술이죠. Ahdarji는 분명 아주 열심히 일해야만 해요. 이제 그녀는 세상에 혼자니까요.",record,False,True,False,False,MEDIUM,"Ahdarji, Ahdarji"
Oblivion.esm,INFO,000479E9,,NAM1,0,,,I'm Otumeel. But I didn't do anything. Really. It wasn't me.,난 오투밀(Otumeel)이야. 난 아무 짓도 안 했어. 그건 내가 아니라고.,record,True,True,False,False,HIGH,Otumeel
Oblivion.esm,INFO,000479E9,,NAM1,1,,,Hahaha! No! Really! It wasn't me! Never!,하하하! 정말 아니라고! 난 아냐! 절대로!,record,False,False,False,False,,
Oblivion.esm,INFO,000479EB,,NAM1,0,,,Betto Plotius. I'm a faithful servant of Leyawiin and the Emperor... Gods rest his soul.,Betto Plotius입니다. 레이어윈과 황제를 진심으로 섬기는 사람입니다... 신께서 그분의 영혼을 보살펴 주시길.,record,False,True,False,False,MEDIUM,"Betto, Plotius"
Oblivion.esm,INFO,000479ED,,NAM1,0,,,Julitta Plotius. I'm Betto's wife.,줄리타 플로티어스(Julitta Plotius). 베또(Betto)의 부인이죠.,record,True,True,False,False,HIGH,"Julitta, Plotius, Betto"
Oblivion.esm,INFO,000479EF,,NAM1,0,,,"Decentius Opsius, Captain of the Coast Guard. Pleased to meet you.","해안 경비대의 대장, Decentius Opsius요. 만나서 반갑습니다.",record,False,True,False,False,MEDIUM,"Decentius, Opsius"
Oblivion.esm,INFO,0018D281,,NAM1,0,,,"Brave deeds, friend. Taking the fight to Oblivion itself! I salute you.","참으로 용감한 행동이었어요, 친구요. 오블리비언과 싸우다니! 당신에게 경의를 표해요.",record,False,False,False,False,,
Oblivion.esm,INFO,0018D286,,NAM1,0,,,We're all in your debt for closing that Oblivion Gate outside the city. Well done.,도시 성문 밖에 있던 오블리비언 게이트를 닫은 것에 대해 우리 모두 당신에게 큰 빚을 졌습니다. 정말 잘했어요.,record,False,False,False,False,,
Oblivion.esm,INFO,0018D28F,,NAM1,0,,,"It's good to have a bit of good news in these dark times. What can I do for you, Hero of Chorrol?","요즘같이 암울한 시기에는 조그만 희소식이라도 기쁜 법이지요. 코롤의 영웅이여, 뭘 도와드릴까요?",record,False,False,False,False,,
Oblivion.esm,INFO,0018D294,,NAM1,0,,,Chorrol breathes easier thanks to you. We are all in your debt.,코롤은 당신 덕분에 편히 숨을 쉬며 살 수 있어요. 우리 모두 당신에게 큰 빚을 졌습니다.,record,False,False,False,False,,
Oblivion.esm,INFO,0018D29D,,NAM1,0,,,"I bet you hear this all the time, but thanks for closing that Oblivion Gate! We were all so worried.","이미 귀가 아플 정도로 들었겠지만, 오블리비언 게이트를 닫아준 것에 대해 감사하겠어요! 우리 모두 얼마나 걱정했는지 몰라요.",record,False,False,False,False,,
Oblivion.esm,INFO,0018D27F,,NAM1,0,,,I heard that you helped the Guard close that Oblivion Gate. Thanks. We were getting worried about that damn thing.,경비대가 오블리비언 게이트를 닫는데 도움을 준걸 알고 있습니다. 고맙습니다. 그 빌어먹을 것 때문에 속 썩이고 있습니다.,record,False,False,False,False,,
Oblivion.esm,INFO,0018D288,,NAM1,0,,,Everybody's talking about how you and Captain Burd closed that Oblivion Gate outside town. You're a real hero around here!,모든 이들이 당신과 Burd 대장이 도시 밖에 있던 오블리비언 게이트를 닫은 일에 대해 얘기하고 있습니다. 당신은 이 곳에서 진정한 영웅이라구요!,record,False,True,False,False,MEDIUM,Burd
Oblivion.esm,INFO,0018D28D,,NAM1,0,,,I'm sure all of Bruma joins me in saluting your help in keeping the hordes of Oblivion at bay.,당신이 거대한 오블리비언 게이트를 막은 것에 대해 모든 브루마의 시민들이 나처럼 고마워할 거라고 믿고 있어요.,record,False,False,False,False,,
Oblivion.esm,INFO,0018D296,,NAM1,0,,,Well done. Bruma will never fall while you and our intrepid Captain Burd are on duty!,정말 잘했습니다. 브루마는 당신과 용맹한 Burd 대장이 지키고 있는 한 절대로 함락되지 않을 겁니다!,record,False,True,False,False,MEDIUM,Burd
Oblivion.esm,INFO,0018D29B,,NAM1,0,,,"Hey, you're the one that helped Captain Burd destroy that damned Oblivion Gate! Well done, friend, well done!","이봐요, 버드(Burd) 대장을 도와 빌어먹을 오블리비언 게이트를 부숴버린 바로 그 사람이군요! 안녕하시오, 친구, 환영하오!",record,True,True,False,False,HIGH,Burd
Oblivion.esm,INFO,0018D2A0,,NAM1,0,,,You and Captain Burd sure gave them daedra a good kick in the teeth. I wish I had been there to see it!,당신과 버드 대장이 데이드라 놈들에게 제대로 한 방 먹인 거라고요. 거기서 그 장면을 내가 직접 봤어야 하는데!,record,False,False,False,False,,
Oblivion.esm,INFO,0003C977,,NAM1,0,,,I'm Petrine. This is Wildeye Stables. I look after folk's horses while they're here in Bruma.,난 Petrine이라고 합니다. 여긴 야생의 눈빛 마구간(Wildeye Stables)이구요. 난 사람들이 이 곳 브루마에서 머무는 동안 그들의 말을 돌보고 있어요.,record,True,True,False,False,HIGH,"Petrine, Wildeye, Stables"
Oblivion.esm,INFO,0003C979,,NAM1,0,,,"Humilis Nonius. Wildeye Stables can board your horse, or sell you one, if you like.",Humilis Nonius입니다. 야생의 눈빛 마구간(Wildeye Stables)은 당신의 말을 맡아줄 수 있습니다. 또한 말을 팔기도 합니다. 당신이 원한다면 말이죠.,record,True,True,False,False,HIGH,"Humilis, Nonius, Wildeye, Stables"
Oblivion.esm,INFO,0003C97D,,NAM1,0,,,"Welcome to Bruma, stranger. Hafid Hollowleg. I'm your host at Jerall View. Bed, food, whatever you need. ","브루마에 오신 걸 환영합니다, 이방인이여. Hafid Hollowleg입니다. 난 제럴 뷰(Jerall View)의 주인장이죠. 잠자리, 음식, 당신이 원하는 건 뭐든지 말씀만 하세요.",record,True,True,False,False,HIGH,"Hafid, Hollowleg, Jerall, View"
Oblivion.esm,INFO,0003C984,,NAM1,0,,,I'm Logvaar. Hafid pays me to stand around and keep things quiet.,난 Logvaar입니다. Hafid가 날 고용하고 있죠.,record,False,True,False,False,MEDIUM,"Logvaar, Hafid"
Oblivion.esm,INFO,0003C986,,NAM1,0,,,"I'm Snar the Cook. We've got genuine Skyrim cuisine... fresh, simple, big helpings... just like Mom used to make.","난 Snar the Cook입니다. 우린 스키림의 진짜 요리를 만들어 왔어요... 신선하고, 간단하며, 커다란 접시들... 마치 엄마가 만들곤 했던 것같이 말이죠.",record,False,True,False,False,MEDIUM,"Snar, the, Cook"
Oblivion.esm,INFO,0003C988,,NAM1,0,,,"I'm Suurootan, proud owner of Novaroma, a little piece of Heartland Empire here in the lofty Jeralls.","난 노바로마(Novaroma)의 자랑스러운 주인, Suurootan입니다.",record,True,True,False,False,HIGH,"Novaroma, Suurootan"
Oblivion.esm,INFO,0003C98A,,NAM1,0,,,"Skjorta. Nord Winds. We've got clothes and armor. And I've got a headache, so keep your voice down, please.",Skjorta. 북쪽의 바람(Nord Winds). 우린 옷과 갑옷이 있고 난 두통이 있어요. 그러니 제발 조용히 해줘요.,record,True,True,False,False,HIGH,"Skjorta, Nord, Winds"
Oblivion.esm,INFO,0003C98C,,NAM1,0,,,"I'm Olfand, the Light Armor trainer. Skjorta and I run North Winds. Please excuse us. We had a little drink-up last night. Still a little muzzy.","나는 경갑 기술 트레이너 Olfand입니다. Skjorta 와 난 북방의 바람(North Winds)을 운영하고 있습니다. 사실 어제 좀 과음을 해서, 아직도 조금 어지럽네요.",record,True,True,False,False,HIGH,"Olfand, Skjorta, North, Winds"
Oblivion.esm,INFO,0003C98E,,NAM1,0,,,"Fjotreid. You need armor or weapons, new or repair, come to Hammer and Axe.","Fjotreid입니다. 갑옷이나 무기, 구입이나 수리가 필요한가요. 망치와 도끼(Hammer and Axe)로 오세요.",record,True,True,False,False,HIGH,"Fjotreid, Hammer, and, Axe"
Oblivion.esm,INFO,0003C990,,NAM1,0,,,"The Nine welcome you to Bruma. I'm Isa Raman, priestess of Talos.","나인께서 브루마에 온 당신을 환영하실 겁니다. 난 Talos의 여사제, Isa Raman입니다.",record,False,True,False,False,MEDIUM,"Talos, Isa, Raman"
Oblivion.esm,INFO,0003C992,,NAM1,0,,,"I'm Cirroc, Bruma's Chapel Healer.",난 Cirroc이라고 합니다. 브루마 성당의 힐러로 있죠.,record,False,True,False,False,MEDIUM,Cirroc
