file,record_type,formid,editor_id,field,occurrence,quest_stage,quest_stage_occurrence,source_english,translation_korean,origin,flag_korean_english_parentheses,flag_english_remnant,flag_topic_system_candidate,flag_decode_unknown,review_priority,english_tokens
Oblivion.esm,INFO,0001EE40,,NAM1,1,,,"That buffoon, Hieronymus Lex, has invaded the Imperial City Waterfront. Imperial Watch guards from all over the city prowl the streets.","그 광대, 히에로니무스 렉스(Hieronymus Lex)가 임페리얼 시티 워터프론트에 쳐들어왔어. 도시의 경비병 전부가 거리를 어슬렁거리고 있지.",record,True,True,False,False,HIGH,"Hieronymus, Lex"
Oblivion.esm,INFO,00035FBE,,NAM1,0,,,"I don't want that ring! It's too hot to sell. You are supposed to take it to Ahdarji. I swear, the new recruits are getting worse.","난 그 반지를 원하지 않아! 팔기에는 너무 위험해요. 당신은 이것을 Ahdarji에게 가져다 주어야 합니다. 확실히, 새로운 신입회원을 모우는게 점점 힘들어 지는군요.",record,False,True,False,False,MEDIUM,Ahdarji
Oblivion.esm,INFO,000097B2,,NAM1,0,,,Maybe I wasn't clear before. You only talk business with me in the Garden of Dareloth around midnight.,아마도 나는 예전에 명확하게 하지 않았나 보군요. 당신은 오직 Dareloth의 가든에서 자정쯤에만 사업얘기를 할 수 있습니다.,record,False,True,False,False,MEDIUM,Dareloth
Oblivion.esm,INFO,000097B1,,NAM1,0,,,"You know better than to contact me here. Meet me at the usual place. Dareloth's Garden, at midnight.","당신은 이곳보다 보다 나은 곳에서 연락해야 합니다. 일반적인 장소에서 만나요. Dareloth의 정원, 자정에.",record,False,True,False,False,MEDIUM,Dareloth
Oblivion.esm,DIAL,00034892,Dark08FinChoice1B,FULL,0,,,"No, I can't accept right now.","아니, 지금은 받아들일 수 없소.",record,False,False,True,False,TOPIC_CHECK,
Oblivion.esm,INFO,00035DF2,,NAM1,0,,,"Do you realize what you're saying? Do you fully understand the honor you are rejecting? For your own sake, return to me when you're ready.","자네는 자네가 무슨 말을 하는지 아나? 자네는 자네가 거절한 의뢰의 영광을 제대로 이해하는 건가? 자네 자신을 위해서, 준비되는 대로 나에게 돌아오게.",record,False,False,False,False,,
Oblivion.esm,DIAL,00034893,Dark08FinChoice1A,FULL,0,,,It would be an honor. I accept.,영광입니다. 수락하겠습니다.,record,False,False,True,False,TOPIC_CHECK,
Oblivion.esm,INFO,00035DF3,,NAM1,0,,,"Adamus Phillida has spent his entire career investigating the Dark Brotherhood, interrupting our contracts, killing our family members!",아다무스 필리다는 평생 다크 브라더후드를 조사하며 우리의 계약을 방해하고 가족들을 죽여 왔다!,record,False,False,False,False,,
Oblivion.esm,INFO,00035DF3,,NAM1,1,,,"We tried to eliminate Phillida, of course, but failed on three separate occassions. He's a powerful man, and was surrounded by powerful associates.","물론 우리도 Phillida를 제거하려고 시도했었지. 세번이나 시도했음에도 모두 실패하고 말았어. 그는 강한 남자인데다가, 그를 호위하고 있는 사람들 또한 강력하거든.",record,False,True,False,False,MEDIUM,Phillida
Oblivion.esm,INFO,00035DF3,,NAM1,2,,,Now the Legion pig's years of service have come to an end. He has retired. Phillida must not be allowed such a victory! His destiny is... darker.,"물론, 우리도 필리다를 제거하려 했었지만, 세 번에 걸친 작전 모두가 실패했지. 그는 강한데다, 그의 호위들도 굉장한 실력자들이었네.",record,False,False,False,False,,
Oblivion.esm,INFO,00035DF3,,NAM1,3,,,"Phillida now resides in Leyawiin, in the City Watch barracks, an honored guest of the soldiers there. He is, in fact, more vulnerable than ever.    ","Phillida는 지금 Leyawiin에서 요양중이네. 도시의 병영(City Watch Barracks)에서, 그가 온걸 영광이라 생각하는 병사들과 함께 말이지. 하지만 사실, 지금 그는 어느때보다도 노리기 쉬운 먹잇감이네.",record,True,True,False,False,HIGH,"Phillida, Leyawiin, City, Watch, Barracks"
Oblivion.esm,DIAL,00034986,TG02KeepItem,FULL,0,,,Not yet.,아직은 아닙니다.,record,False,False,True,False,TOPIC_CHECK,
Oblivion.esm,INFO,0003498A,,NAM1,0,,,Let me know when you have the money and the tax records,돈을 가진 때부터의 세금 기록을 알려주시오.,record,False,False,False,False,,
Oblivion.esm,DIAL,00034987,TG02GiveItem,FULL,0,,,Yes. Here they are.,네. 여기 있소.,record,False,False,True,False,TOPIC_CHECK,
Oblivion.esm,INFO,0001C477,,NAM1,0,,,It seems you got carried away and killed someone. We do not condone murder in the Thieves Guild.,당신이 의도적으로 누군가를 죽인 것 같군요. 도둑 길드에서는 살인 행위를 묵과하지 않습니다.,record,False,False,False,False,,
Oblivion.esm,INFO,0001C477,,NAM1,1,,,You are no longer a Thieves Guild member until you pay the blood price. Guild tradition holds that you must pay it for each person slain.,당신이 피의 대가를 지불할 때까지 더 이상 도둑길드 회원이 아닙니다. 길드전통에 따라 당신이 각각의 사람을 죽일 때 마다 피의 대가를 지불하여야 합니다.,record,False,False,False,False,,
Oblivion.esm,INFO,000165F3,,NAM1,0,,,Ah! The Gray Fox will be very pleased. We will make sure this gets back to the people.,아! 그레이 폭스가 매우 기뻐하겠군. 우리는 이것을 반드시 사람들에게 되돌려 주어야 해.,record,False,False,False,False,,
Oblivion.esm,INFO,000165F3,,NAM1,1,,,Can you believe that fool even bothered to collect this paltry sum? You can keep it. I merely wanted the Watch to know they went too far.,이 얼마 되지도 않는 세금을 걷어내기 위해 그 바보가 귀찮게 세금을 걷었다는 걸 믿을 수 있나? 네가 그걸 보관하도록 해. 나는 그들이 너무 했다는 걸 알아주길 원할 뿐이니까.,record,False,False,False,False,,
Oblivion.esm,INFO,000165F3,,NAM1,2,,,I think its time to promote you to Footpad. Congratulations on your new guild rank.,슬슬 너에게 노상강도(Footpad)라는 랭크를 달아주어야 할 것 같군. 새로운 길드 랭크를 축하하네.,record,True,True,False,False,HIGH,Footpad
Oblivion.esm,DIAL,00034E8E,TG03Verify,FULL,0,,,It's in her cupboard.,그녀의 찬장에 있습니다.,record,False,False,True,False,TOPIC_CHECK,
Oblivion.esm,INFO,00034EA1,,NAM1,0,,,"I don't believe you, but I'll have to check it out anyway. If you are right, there will be hell to pay. You will have to come along.","당신을 믿지 않지만, 어째든 체크해봐야겠지. 만약 당신 말이 맞다면, 징계가 있을 것이오. 당신은 나와 함께 가줘야겠소.",record,False,False,False,False,,
Oblivion.esm,DIAL,00034E8F,TG03Chicken,FULL,0,,,Uh...not really. I was joking?,"아... 그렇진 않아, 농담인데?",record,False,False,True,False,TOPIC_CHECK,
Oblivion.esm,INFO,00034EA0,,NAM1,0,,,Then you are wasting my time.,그리고 당신이 내 시간을 낭비하고 있어.,record,False,False,False,False,,
Oblivion.esm,DIAL,00034E90,TG03Reveal,FULL,0,,,Myvryna Arano has it.,미브리나 아라노(Myvryna Arano)가 가지고 있습니다.,record,True,True,True,False,HIGH,"Myvryna, Arano"
Oblivion.esm,INFO,00045F69,,NAM1,0,,,Your credibility is suspect. You'll have to do better than that to persuade me.,진실성이 의심스럽군. 나를 설득하기 위해선 그보단 더 잘해야 할 거야.,record,False,False,False,False,,
Oblivion.esm,INFO,00034E9F,,NAM1,0,,,Are you sure? That can't be right. She's my... I mean she doesn't seem to be the type.,"정말인가? 그럴 리가 없는데. 그녀는 나의.. 아, 내 말은, 그녀는 그럴 타입이 아닐 것처럼 보였다는 뜻이네.",record,False,False,False,False,,
Oblivion.esm,DIAL,00034E92,TG03Snitch,FULL,0,,,Elven Maiden,엘프 아가씨(Elven Maiden),record,True,True,True,False,HIGH,"Elven, Maiden"
Oblivion.esm,DIAL,00034E93,TG03WhereArmand,FULL,0,,,Where is Armand Christophe?,아르망 크리스토프는 어딨습니까?,record,False,False,True,False,TOPIC_CHECK,
Oblivion.esm,INFO,00034E9D,,NAM1,0,,,He is in hiding. Armand is accused of stealing the bust of Llathasa Indarys from Cheyhindal. They say Count Indarys himself filed the charges.,그는 숨어있어. 아몬드(Armand)는 지금 쉐이딘홀의 라타사 인더리즈(Llathasa Indarys) 흉상의 절도 혐의를 받고 있어. 인더리즈(Indarys) 백작이 직접 고발했다고 하더군.,record,True,True,False,False,HIGH,"Armand, Llathasa, Indarys, Indarys"
Oblivion.esm,INFO,00009188,,NAM1,0,,,"He's in hiding. I hear Methredhel is looking for you, though.",그는 숨어있어. 근데 미스레델(Methredhel)이 너를 찾고 있다고 들었어.,record,True,True,False,False,HIGH,Methredhel
Oblivion.esm,DIAL,00034E94,TG03reject,FULL,0,,,I don't have time right now.,지금은 시간이 없습니다.,record,False,False,True,False,TOPIC_CHECK,
Oblivion.esm,INFO,00034E9C,,NAM1,0,,,That's unfortunate. Let me know if you change your mind.,안됐구만. 마음이 바뀌면 알려주시오.,record,False,False,False,False,,
Oblivion.esm,DIAL,00034E95,TG03accept,FULL,0,,,I'll take it.,"좋소, 하겠소.",record,False,False,True,False,TOPIC_CHECK,
Oblivion.esm,INFO,00034E9B,,NAM1,0,,,Excellent. Bring it back to me once you have it.,좋아요. 그것을 손에 넣는 대로 나에게 가져오게.,record,False,False,False,False,,
Oblivion.esm,DIAL,00034EA6,tasks,FULL,0,,,Tasks,임무,record,False,False,True,False,TOPIC_CHECK,
Oblivion.esm,INFO,00015458,,NAM1,0,,,There is only one task with which you should be concerned. Intercept that soul gem before it reaches Mannimarco's hands.,자네 임무는 하날세. 그 soul gem가 Mannimarco의 손에 들어가기 전에 탈취해야 해.,record,False,True,False,False,MEDIUM,"soul, gem, Mannimarco"
Oblivion.esm,INFO,000151F8,,NAM1,0,,,"Word has been sent that the Necromancers have been quite busy, creating black soul gems for their master.",네크로맨서들이 요즘 바쁘다는 소식을 들었어. 그들의 주인을 위해 black soul gems를 만드느라 바쁘다더군.,record,False,True,False,False,MEDIUM,"black, soul, gems"
Oblivion.esm,INFO,000151F8,,NAM1,1,,,"In particular, a unique Black Soul Gem has been crafted in the south of Cyrodiil, in the ruins of Silorn.",거기에 특별한 black soul gem이 시로딜 남쪽에서 만들어졌다고 하더군. Silorn 유적에서 말이야.,record,False,True,False,False,MEDIUM,"black, soul, gem, Silorn"
Oblivion.esm,INFO,000151F8,,NAM1,2,,,"This gem needs to be confiscated and brought here, before it can be delivered to the King of Worms and used against us.",이 gem을 탈취해서 이곳에 가져올 필요가 있네. 그게 King of Worms에게로 보내져 우리와 싸우는데 사용되기 전에 말이야. ,record,False,True,False,False,MEDIUM,"gem, King, of, Worms"
Oblivion.esm,INFO,000C47F0,,NAM1,0,,,"Before we continue, you should speak to Raminus Polus about your advancement within the guild.","더 진행하기 전에, Raminus Polus와 자네의 승급에 대해 대화해 보게나.",record,False,True,False,False,MEDIUM,"Raminus, Polus"
Oblivion.esm,INFO,00188F42,,NAM1,0,,,"Before you begin, we must first discuss your advancement within the guild.","자네가 시작하지 전에, 우리는 먼저 자네 승급에 대해 먼저 할 이야기가 있네. ",record,False,False,False,False,,
Oblivion.esm,INFO,0005E1DB,,NAM1,0,,,Your tasks now come directly from Arch-Mage Traven. Please speak with him if you're unsure what you should be doing.,자네의 임무는 이제부터 아크메이지 Traven을 통해 직접 받게 될걸세. 자네가 해야 할 일을 알고 싶다면 이제부턴 그와 이야기하도록 하게.,record,False,True,False,False,MEDIUM,Traven
Oblivion.esm,INFO,00035F41,,NAM1,0,,,Speak with Irlav Jarol. He can give you the details you need.,Irlav Jarol과 이야기 해보게. 그가 자세한걸 일러줄걸세.,record,False,True,False,False,MEDIUM,"Irlav, Jarol"
Oblivion.esm,INFO,00035678,,NAM1,0,,,"The Council is investigating what happened at Wellspring Cave. Many of our resources are devoted to the task, leaving our ranks spread thin.",Council은 Wellspring 동굴에서 일어난 일을 조사하기 바쁘다네. 많은 쓸만한 인재들이 그 일에 메달려 있어 활용할 수 있는 인재가 적어졌지.,record,False,True,False,False,MEDIUM,"Council, Wellspring"
Oblivion.esm,INFO,00035678,,NAM1,1,,,"There is a related book that needs to be recovered. It was recently loaned to Janus Hassildor, the Count of Skingrad. I'd like you to retrieve it.",거기에 관련된 책을 하나 되찾을 필요가 있네. 그 책은 최근 스킨그라드의 Janus Hassildor 백작이 빌려갔어. 자네는 가서 그걸 되찾아 오도록 하게.,record,False,True,False,False,MEDIUM,"Janus, Hassildor"
Oblivion.esm,INFO,00035678,,NAM1,2,,,"I understand this may not seem the most important of tasks, but still... it needs doing, and you are one of the few available to do it.",이게 별로 중요하지 않은 일처럼 보이는것은 인정하지만... 그래도 누군가 해야 할 일이야. 그리고 자네냐 말로 이일에 적합한 인재 중 하나지.,record,False,False,False,False,,
Oblivion.esm,INFO,00035678,,NAM1,3,,,A note of caution: Skingrad is an... unusual place. Be prepared for the unexpected.,하나 주의할 점이 있네: 스킨그라드는... 조금 독특한 곳일세. 예상하지 못한 일에 주의하게나.,record,False,False,False,False,,
Oblivion.esm,INFO,00016481,,NAM1,0,,,"Are you truly prepared for this task? I cannot be certain what awaits you, but I am sure we will not speak again after you begin.",임무를 수행할 준비가 다 되었나? 자네가 임무를 시작하게 되면 우린 다신 이야기를 나눌수가 없게 될것이네.,record,False,False,False,False,,
Oblivion.esm,INFO,0000BEE2,,NAM1,0,,,"Nenyond Twyll awaits you. Return with Mucianus as quickly as possible, so I may settle the Council's fears.",Nenyond Twyll이 자네를 기다리고 있어. Mucianus와 함께 최대한 빨리 돌아오게. 그래야 내가 Council의 우려를 잠재울수 있네,record,False,True,False,False,MEDIUM,"Nenyond, Twyll, Mucianus, Council"
Oblivion.esm,INFO,0000BEEA,,NAM1,0,,,Are you prepared to begin?,일을 맡을 준비는 되었나?,record,False,False,False,False,,
Oblivion.esm,INFO,000F5837,,NAM1,0,,,Seek out Arch-Mage Traven. He has personally requested that you see him for your next assignment.,아크메이지 Traven을 만나뵈도록 하게. 그분은 자네의 다음 임무를 위해 자네를 직접 지명했어.,record,False,True,False,False,MEDIUM,Traven
Oblivion.esm,INFO,000039A0,,NAM1,0,,,"Please pay a visit to Count Hassildor in Skingrad. If his information is as vital as he claims, we need it as soon as possible.","스킨그라드의 Hassildor 백작을 만나보도록 하게. 만약 정보가 그가 말한것 처럼 중요하다면, 우리는 그걸 최대한 빨리 알 필요가 있어.",record,False,True,False,False,MEDIUM,Hassildor
Oblivion.esm,INFO,0000979E,,NAM1,0,,,Are you prepared to begin?,일한 준비는 되었나?,record,False,False,False,False,,
Oblivion.esm,INFO,00002DCA,,NAM1,0,,,Are you prepared to begin your next task for the guild?,길드를 위해 다음 일을 맡을 준비가 되었나?,record,False,False,False,False,,
Oblivion.esm,INFO,00035F47,,NAM1,0,,,"Are you ready for it? If not, I understand. You've been through quite a bit lately.",준비되었는가? 아니라도 이해하겠네. 자네는 최근 꽤 힘든일을 겪었으니 말일세.,record,False,False,False,False,,
Oblivion.esm,INFO,00035549,,NAM1,0,,,You have your task. Acquire wood for a staff from the grove outside Wellspring Cave.,자네 일은 이걸세. Wellspring 동굴 밖에 있는 작은 숲에서 staff를 만들기 위한 나무를 구해오도록 하게.,record,False,True,False,False,MEDIUM,"Wellspring, staff"
Oblivion.esm,INFO,00034EA9,,NAM1,0,,,"Before you can begin work for the guild, you'll need to do something for yourself.","자네가 길드를 위해 일을 시작하기 전에, 우선 자신을 위해 할 일이 있네.",record,False,False,False,False,,
Oblivion.esm,INFO,00034EA9,,NAM1,1,,,"Every mage carries a staff. It is crafted and enchanted by the guild, and is a symbol of status. You need such a staff.","모든 메이지들은 staff를 지니지. 그건 길드에 의해 만들어지고 enchant되는 물건으로, 신분의 상징이야. 자네도 그런 staff가 필요하네.",record,False,True,False,False,MEDIUM,"staff, enchant, staff"
Oblivion.esm,DIAL,00034EA7,Advancement,FULL,0,,,Advancement,진급,record,False,False,True,False,TOPIC_CHECK,
Oblivion.esm,INFO,00188F3E,,NAM1,0,,,"I can truly consider you an equal, and so grant you the rank of Master-Wizard. There is no higher rank which I can bestow upon you.",자네를 정말로 동등한 위치로 생각하게 되는군. 이에 나는 기쁜 마음으로 자네에게 Master-Wizard 직위를 수여 하는 바 이네. 이 직위는 내가 자네에게 해줄수 있는 최고의 직위 이네.,record,False,True,False,False,MEDIUM,Master-Wizard
Oblivion.esm,INFO,00188F3E,,NAM1,1,,,"You have my congratulations, and my thanks.","고맙네, 그리고 정말 축하해.",record,False,False,False,False,,
Oblivion.esm,INFO,00188F3F,,NAM1,0,,,"Truly, you are an asset to the guild. I reward you with the rank of Wizard, and teach you a most powerful spell.",자네는 우리 길드에 인재 임에 틀림없군. 이제 자네에게 Wizard 직위를 수여하겠네. 그와 동시에 강력한 마법을 가르쳐 주겠네.,record,False,True,False,False,MEDIUM,Wizard
Oblivion.esm,INFO,00188F40,,NAM1,0,,,"Your role within the guild becomes ever more essential. You have now attained the rank of Warlock, and are freely able to access the Council Chamber.",이제 길드 내에서 자네의 역할은 더 중요해 졌어. Warlock의 지위를 얻게 되었어.  이제 Council Chamber 출입도 자유롭게 할수 있지.,record,False,True,False,False,MEDIUM,"Warlock, Council, Chamber"
Oblivion.esm,INFO,00188F41,,NAM1,0,,,You are Conjurer no more. Guild members shall now address you as Magician. Congratulations.,이제 자넨 더이상 요술사가 아니야. 길드원들이 이제 자네를 Magician 이라고 부르게 된거라고! 축하하네.,record,False,True,False,False,MEDIUM,Magician
Oblivion.esm,INFO,0003ABF9,,NAM1,0,,,"You become more valuable to the guild with each passing day. The guild wishes to reward that, and so you are raised to the rank of Conjurer.",자네는 하루가 다르게 길드 내에서 입지가 높아져 가는군. 이에 길드에서는 자네 에게 요술사 직위를 수여하는 바 이네.,record,False,False,False,False,,
Oblivion.esm,INFO,0003ABF9,,NAM1,1,,,"Accept these robes, and wear them with pride.",이 로브를 받게나. 이걸 착용한다는건 자부심을 가질만해. ,record,False,False,False,False,,
Oblivion.esm,INFO,00084B4A,,NAM1,0,,,"Your services to the guild have not gone unnoticed. As of this moment, you have gained the rank of Evoker.","길드에 대한 자네의 공헌이 알려지지 않을지언정, 그게 사라지진 않지. 현 시간부로, 자네 에게 Evoker의 지위를 수여하는 바 이네.",record,False,True,False,False,MEDIUM,Evoker
Oblivion.esm,INFO,00084B4A,,NAM1,1,,,"Along with your new rank, please take this amulet. May it help keep you safe in times of danger.","A새로운 직위와 함께, 이 목걸이를 가지게. 위험한 순간에 자네를 지켜줄 것이네.",record,False,False,False,False,,
Oblivion.esm,INFO,000836D0,,NAM1,0,,,"In accordance with guild rules, you now qualify for the rank of Journeyman. May you wear your rank well.","길드의 규칙에 따라서, 이제 자네는 Journeyman의 직위가 되었네. 직위에 걸맞는 행동을 보여 주게나.",record,False,True,False,False,MEDIUM,Journeyman
Oblivion.esm,INFO,000836D2,,NAM1,0,,,You do not yet qualify for further advancement in the guild.,아직 자네가 더 높은 길드의 지위를 얻을 단계는 아닐세,record,False,False,False,False,,
Oblivion.esm,INFO,000146F2,,NAM1,0,,,No. If we let ourselves get besieged in the Palace we're doomed. We must get to the Temple of the One immediately.,아닙니다. 궁전에서 포위되면 전멸하고 말 겁니다. 즉시 신의 사원을 확보해야 합니다.,record,False,False,False,False,,
Oblivion.esm,INFO,000146EE,,NAM1,0,,,"Courage, soldier. We have an Emperor again.","용기를 내게, 병사. 우리에겐 다시 황제가 나타나셨어.",record,False,False,False,False,,
Oblivion.esm,DIAL,00035297,TG03LexMyvryna,FULL,0,,,Lex to Myvryna,렉스가 미브리나에게,record,False,False,True,False,TOPIC_CHECK,
Oblivion.esm,INFO,000352A7,,NAM1,0,,,"Fool! You've just exposed me to the Thieves Guild. That ""citizen"" is actually the guild member that was hired to do the theft!","바보같은! 당신은 방금 나를 도둑길드에 노출시켰어요. 그""시민""은 정말로 절도를 하기 위해서 고용된 길드원입니다!",record,False,False,False,False,,
Oblivion.esm,INFO,000355D2,,NAM1,0,,,"Regrettably I've no further use for you. If what I heard is true, you're the thief. If what you say is true, the Gray Fox knows you are my informant.","유감스럽지만, 나에게는 넌 이제 더이상 필요없다. 내가 들은것이 사실이라면 너는 도둑이야. 네가 말하는 것이 진실이라면 그레이 폭스는 네가 배신자임을 알고 있게 된다.",record,False,False,False,False,,
Oblivion.esm,INFO,000355D2,,NAM1,1,,,"Either way, it's over. You didn't really think I'd trust the likes of you for very long?","무슨 경우든, 이제 끝이다. 내가 너희같은 족속들을 계속 믿어줄 거라 생각한 건 아니겠지?",record,False,False,False,False,,
Oblivion.esm,INFO,000355D3,,NAM1,0,,,But I've been loyal to you! I've reported everything that Armand has done. You can't just toss me aside like a soiled cloth!,하지만 나는 당신에게 충실했어요! 아몬드(Armand)가 한 것 모두를 보고했잖아요. 그저 더러워진 옷마냥 나를 내팽겨쳐선 안됩니다!,record,True,True,False,False,HIGH,Armand
Oblivion.esm,DIAL,000353C6,LeyawiinTopicShuravi04,FULL,0,,,Any problems in town?,이 마을에 무슨 문제라도?,record,False,False,True,False,TOPIC_CHECK,
Oblivion.esm,DIAL,000353C7,LeyawiinTopicShuravi03,FULL,0,,,Anyone looking for help?,도움을 필요로 하고 있는 사람은?,record,False,False,True,False,TOPIC_CHECK,
Oblivion.esm,DIAL,000353C8,LeyawiinTopicShuravi02,FULL,0,,,Trainers?,트레이너?,record,False,False,True,False,TOPIC_CHECK,
Oblivion.esm,DIAL,000353C9,LeyawiinTopicShuravi01,FULL,0,,,Local news?,로컬 뉴스?,record,False,False,True,False,TOPIC_CHECK,
Oblivion.esm,DIAL,0003553F,LeyawiinTopicWitseidutsei03,FULL,0,,,Opportunities?,기회?,record,False,False,True,False,TOPIC_CHECK,
Oblivion.esm,DIAL,00035581,MSShadowscaleChoice2B,FULL,0,,,"Die, traitor!","죽어, 반역자!",record,False,False,True,False,TOPIC_CHECK,
Oblivion.esm,INFO,0003559F,,NAM1,0,,,"Ha! I expected as much from a Dark Brotherhood lapdog! I may not survive this fight, but I'll not make it easy for you!",하! 다크브라더후드의 애완용 개보다야 나으리라 기대했건만! 난 이번 싸움에서 살아남지 못하겠지만... 자네도 쉽지는 않을걸세.,record,False,False,False,False,,
Oblivion.esm,DIAL,00035582,MSShadowscaleChoice2A,FULL,0,,,Sure. It's a deal.,"좋소, 그럽시다.",record,False,False,True,False,TOPIC_CHECK,
Oblivion.esm,INFO,0003559E,,NAM1,0,,,You show unexpected mercy. For that I am thankful. My treasure is hidden in a hollowed-out rock near my campfire. It's yours.,자네는 예상외의 자비를 보여주는군... 자네에게 감사하네. 나의 보물들은 저쪽 속이 빈 돌에 숨겨져 있다네. 내 야영장 근처에 있어. 그건 자네것이네.,record,False,False,False,False,,
Oblivion.esm,INFO,0003559E,,NAM1,1,,,"Oh yes, I suppose Teinaava wants proof that I'm dead, eh? Let me guess -- my heart? I suggest you take the heart of the dead Argonian Agent.","음...그래, 아마도 Teinaava가 내 죽음의 증거를 원했겠지? 그렇지 않나? 어디보자... 내 심장이라... 아, 죽은 Argonian 요원의 심장을 가져가면 되겠구만.",record,False,True,False,False,MEDIUM,"Teinaava, Argonian"
Oblivion.esm,INFO,0003559E,,NAM1,2,,,"His body is around here somewhere. Present the Agent's heart to Teinaava as proof, and he'll be none the wiser.",그의 시체는 이 근처 어딘가에 있을거네. Teinaava에게 요원의 심장을 증거로 주도록 해. 그는 눈치 채지 못할걸세.,record,False,True,False,False,MEDIUM,Teinaava
Oblivion.esm,DIAL,00035583,ScarTailTopic,FULL,0,,,Scar-Tail,스카-테일,record,False,False,True,False,TOPIC_CHECK,
Oblivion.esm,INFO,00035593,,NAM1,0,,,"When Ocheeva and I trained with the Dark Brotherhood as children, we befriended another initiate, a Shadowscale by the name of Scar-Tail.","때는 어린 시절, 오치바와 내가 다크 브라더후드에서 훈련받을 때야. 우리는 다른 녀석과 친구가 되었는데, 스카-테일이라는 섀도우 스케일이었네.",record,False,False,False,False,,
Oblivion.esm,INFO,00035593,,NAM1,1,,,"The three of us were inseperable. When our training was completed, we reluctantly parted ways. But now... Now, the unthinkable has happened!         ","우리의 훈련이 끝났을때, 우리는 원치 않게 다른 흩어지게 되었지. 하지만 지금... 지금... 생각지도 못할일이 벌어졌어!         ",record,False,False,False,False,,
Oblivion.esm,INFO,00035593,,NAM1,2,,,Scar-Tail has fled Black Marsh and refuses to fulfill his duties as royal assassin! This is an act of treason! This treachery must be punished!,"Scar-Tail은 Black Marsh에서 도망쳤고, 왕국의 어쌔신으로써 의무를 수행하길 거부했네. 이건 반역행위야! 이런 배반자는 반드시 처단해야 해!",record,False,True,False,False,MEDIUM,"Scar-Tail, Black, Marsh"
Oblivion.esm,INFO,00035593,,NAM1,3,,,"Just as a member of the Dark Brotherhood cannot kill a fellow family member, a Shadowscale is forbidden from slaying another Shadowscale.","다크 브라더후드의 일원이 같은 가족을 죽일 수 없듯, 섀도스케일도 다른 섀도스케일을 죽이는 것이 금지되어 있다.",record,False,False,False,False,,
Oblivion.esm,INFO,00035593,,NAM1,4,,,"That is why you must go to Bogwater and eliminate that treacherous snake! Please kill Scar-Tail, so Ocheeva and I can put this matter behind us.",스카-테일은 블랙 마쉬에서 도망치고는 충성스러운 암살자로서의 의무를 거부했지! 이건 반역 행위야! 이건 반드시 처벌받아야 하는 행위네!,record,False,False,False,False,,
Oblivion.esm,INFO,00035594,,NAM1,0,,,"Scar-Tail is a traitor to Argonia, and a blight upon Tamriel! Kill him, as my brother requests, and we will be forever in your debt.",Scar-Tail은 Argonia의 반역자며 Tamriel 어두운 그림자네. 그를 죽이게. 내 형제가 요청한 것처럼...그러면 우리는 자네에게 영원히 감사할거야.,record,False,True,False,False,MEDIUM,"Scar-Tail, Argonia, Tamriel"
Oblivion.esm,INFO,00035595,,NAM1,0,,,"Scar-Tail now lies with the worms of Bogwater, thanks to you. I am forever indebted to you, Brother.","Scar-Tail은 이제 Bodwater의 벌레들과 함께 누워있겠지. 고맙네. 나는 평생 이 빚은 값을 수 없을거네, 형제여.",record,False,True,False,False,MEDIUM,"Scar-Tail, Bodwater"
Oblivion.esm,INFO,0003559A,,NAM1,0,,,"Scar-Tail now lies with the worms of Bogwater, thanks to you. I am forever indebted to you, Sister.","Scar-Tail은 이제 Bodwater의 벌레들과 함께 누워있겠지. 고맙네. 나는 평생 이 빚은 값을 수 없을거네, 자매여.",record,False,True,False,False,MEDIUM,"Scar-Tail, Bodwater"
Oblivion.esm,INFO,0003559B,,NAM1,0,,,Scar-Tail was once as a brother to me and Ocheeva. But his act of treason destroyed any vestige of that relationship. His death was well-deserved!,Scar-Tail은 한때 나와 오치바에겐 형제나 다름없었지만... 그의 배신은 모든 관계를 망쳐버렸어. 그의 죽음은 당연한 것이네.,record,False,True,False,False,MEDIUM,Scar-Tail
Oblivion.esm,DIAL,00035584,MSShadowscaleChoice1B,FULL,0,,,Not right now. Maybe later.,지금은 안됩니다. 다음에.,record,False,False,True,False,TOPIC_CHECK,
Oblivion.esm,INFO,00035591,,NAM1,0,,,Very well. Speak to me later if you change your mind. I fear the issue will remain unresolved unless you can help.,"뭐, 좋소. 나중에 생각이 바뀌면 다시 말하시오. 이 일은 당신의 도움 없이는 해결될 거 같지가 않아서 아쉽소.",record,False,False,False,False,,
Oblivion.esm,DIAL,00035585,MSShadowscaleChoice1A,FULL,0,,,"Yes, tell me more.","네, 좀 더 얘기해 보시오.",record,False,False,True,False,TOPIC_CHECK,
Oblivion.esm,INFO,00035592,,NAM1,0,,,"I find your decision most agreeable! Now, the details. Far south of here, on the southern end of Cyrodiil, lies a swamp called Bogwater.","고맙네, 자 말하자면... 여기에서 먼 남쪽에 Cyrodiil의 남쪽끝에 Borwater라고 불리는 늪이 있네.",record,False,True,False,False,MEDIUM,"Cyrodiil, Borwater"
Oblivion.esm,INFO,00035592,,NAM1,1,,,"Hiding in that swamp you will find an Argonian Shadowscale named Scar-Tail. Kill this renegade, and bring me his heart as proof of the deed.",그 늪에서 자네는 Scar-Tail이라고 불리는 Argonian 쉐도우 스케일을 발견할 수 있을거야. 그 배반자를 죽여버리게! 그리고 죽음의 증거로 내게 그의 심장을 가져다 주게나.,record,False,True,False,False,MEDIUM,"Scar-Tail, Argonian"
Oblivion.esm,DIAL,000355A0,Necromancers,FULL,0,,,Necromancers,네크로맨서,record,False,False,True,False,TOPIC_CHECK,
Oblivion.esm,INFO,000355A5,,NAM1,0,,,Eletta and Zahrasha dead? I can't believe it!,Eletta와 Zahrasha가 죽었어? 믿을수 없군!,record,False,True,False,False,MEDIUM,"Eletta, Zahrasha"
Oblivion.esm,INFO,000355A5,,NAM1,1,,,"They've never been so bold before now. Always hiding in the shadows, staying away from the guild. What could have prompted this?",지금까지 그들은 그렇게 대담하지 않았는데. 언제나 그림자속에 숨어 guild를 피해왔지. 도대체 뭐가 이런일을 촉발시킨거지?,record,False,True,False,False,MEDIUM,guild
Oblivion.esm,INFO,000355A5,,NAM1,2,,,"I'll need to speak to the council about this. Thank you for relaying the information. Now, tend to your staff, and your wounds, if necessary.","나는 council과 여기에 대해 의논해 봐야겠네. 정보를 알려줘서 고맙네. 자, 이제 자네 staff일에 돌아가거나 필요하면 자네 부상의 치료를 하러 가게나.",record,False,True,False,False,MEDIUM,"council, staff"
Oblivion.esm,INFO,000355A5,,NAM1,3,,,Delmar at the Chironasium can help you with the staff. You still need wood from the grove before he can create your staff. Get it immediately.,Chironasium에 있는 Delmar가 자네 staff 일을 도와줄거야. 자네의 아직 staff를 위해서는 숲에서 나무를 구할 필요가 있네. 지금 바로 구하러 가게.,record,False,True,False,False,MEDIUM,"Chironasium, Delmar, staff, staff"
Oblivion.esm,INFO,000355A8,,NAM1,0,,,Eletta and Zahrasha dead? I can't believe it!,Eletta와 Zahrasha가 죽었어? 믿을수 없군! ,record,False,True,False,False,MEDIUM,"Eletta, Zahrasha"
Oblivion.esm,INFO,000355A8,,NAM1,1,,,"They've never been so bold before now. Always hiding in the shadows, staying away from the guild. What could have prompted this?",지금까지 그들은 그렇게 대담하지 않았는데. 언제나 그림자속에 숨어 guild를 피해왔지. 도대체 뭐가 이런일을 촉발시킨거지?,record,False,True,False,False,MEDIUM,guild
Oblivion.esm,INFO,000355A8,,NAM1,2,,,"I'll need to speak to the council about this. Thank you for relaying the information. Now, tend to your staff, and your wounds, if necessary.","나는 council과 여기에 대해 의논해 봐야겠네. 정보를 알려줘서 고맙네. 자, 이제 자네 staff일에 돌아가거나 필요하면 자네 부상의 치료를 하러 가게나.",record,False,True,False,False,MEDIUM,"council, staff"
Oblivion.esm,INFO,000355A8,,NAM1,3,,,Delmar at the Chironasium can help you with the staff. See him right away.,Chironasium의 Delmar가 자네를 도와줄거야. 바로 그를 보도록 하게.,record,False,True,False,False,MEDIUM,"Chironasium, Delmar"
Oblivion.esm,INFO,000038B7,,NAM1,0,,,"So, you saw them? The altars must be infused with some kind of power to change over the soul gems.",그래서 그것을 보았다고? soul gems의 성질을 바꾼다니 제단에 무슨 특별한 힘을 불어넣은게 틀림없군.,record,False,True,False,False,MEDIUM,"soul, gems"
Oblivion.esm,INFO,000038B7,,NAM1,1,,,"I shall pass the news on to the Council. Most troubling, indeed, to know that these are not merely myths.",나는 이 사실을 Council에 보고해야겠네. 그게 단순히 근거없는 이야기가 아니었다는 것 때문에 마음이 불편하군.,record,False,True,False,False,MEDIUM,Council
Oblivion.esm,INFO,000038B7,,NAM1,2,,,I also fear their numbers may be greater than we believed.,또 그들의 숫자가 우리가 생각한 것보다 많은 것이 신경쓰여.,record,False,False,False,False,,
Oblivion.esm,INFO,000038B7,,NAM1,3,,,"You have again performed admirably. You have my thanks, and that of the Council as well.","자네는 다시한번 잘해주었네. Council을 대표해서, 그리고 나 개인적으로도 감사를 표하네.",record,False,True,False,False,MEDIUM,Council
Oblivion.esm,INFO,0000357E,,NAM1,0,,,"I've heard things, to be sure, but I don't really know anything about them.",사실 소문은 들었어요. 하지만 저는 거기에 대해 별로 아는게 없어요,record,False,False,False,False,,
Oblivion.esm,INFO,0000357E,,NAM1,1,,,"Is it true that some of our guildmates were killed? Oh, how horrible!",길드원 중 몇몇이 살해당한게 사실이라죠? 정말 끔찍해요! ,record,False,False,False,False,,
Oblivion.esm,INFO,00033636,,NAM1,0,,,Hrmph. Why all the fuss now?,"흥, 왜 이제 와서야 이런일이 생기는 거지?",record,False,False,False,False,,
Oblivion.esm,INFO,00033636,,NAM1,1,,,"I thought it would've died down by now, what with the ban on the practice of Necromancy in the guild being in place for as long as it has.",길드에서 네크로멘시를 수련하는 것을 금한지 오래되어서 그것들이 이제 와서는 벌써 거의 없어진줄 알았는데.,record,False,False,False,False,,
Oblivion.esm,INFO,00033636,,NAM1,2,,,"And yet suddenly everyone shows up on my doorstep, needing information immediately. Nevermind that I might have things of my own to work on.",그러다가 갑자기 모든사람이 제 방에 들어와서는 바로 정보를 요구하다니. 저도 제 할일이 있다는 것을 무시하고 말이죠.,record,False,False,False,False,,
Oblivion.esm,DIAL,000355A3,LeyawiinTopicWitseidutsei02,FULL,0,,,Current events?,최근 이벤트?,record,False,False,True,False,TOPIC_CHECK,
Oblivion.esm,DIAL,000355BD,LeyawiinTopicWitseidutsei01,FULL,0,,,The Count?,백작?,record,False,False,True,False,TOPIC_CHECK,
Oblivion.esm,DIAL,000355CC,TG01ThievesTest,FULL,0,,,Thieves Guild Test,도둑 길드 시험,record,False,False,True,False,TOPIC_CHECK,
Oblivion.esm,INFO,000355EC,,NAM1,0,,,You don't have the diary. Stop wasting my time!,자네는 일기장이 없잖아. 내 시간을 낭비하지 말게!,record,False,False,False,False,,
Oblivion.esm,INFO,0001C14D,,NAM1,0,,,Methredhel has delivered the diary to me. She has earned her place in the guild. You did not do so well.,"동시에 3명의 지원자를 보는 경우는 아주 드물기 때문에, 네게 한 번 더 기회를 주지. 아뮤세이는 그냥 병신이라 기회를 받지 못한다.",record,False,False,False,False,,
Oblivion.esm,INFO,0001C14D,,NAM1,1,,,"Since we rarely get three potential recuits at the same time, I'll give you one more shot. Amusei is a bungler and won't get this offer.","한번에 세 명의 지원자를 가진 경우 매우 드무니까, 한번 더 기회를 주겠어. 어뮤세이(Amusei)는 실력미달이라, 이번 기회를 받지 못한다.",record,True,True,False,False,HIGH,Amusei
Oblivion.esm,INFO,0001C14D,,NAM1,2,,,"The first one to bring back Rohssan's sword will become a member. But, this is the last chance. The loser gets nothing. Do you accept?",메스레델이 일기장을 내게 가져왔다. 길드에 들어올 자격을 갖춘 녀석은 그 녀석이다. 넌 그렇게 썩 잘하지 못했군.,record,False,False,False,False,,
Oblivion.esm,INFO,0001811E,,NAM1,0,,,Congratulations! You have returned with the diary. You have earned the right to join the Thieves Guild.,축하한다! 네가 일기장을 가지고 왔군. 도둑 길드에 들어올 자격을 갖춘 것도 바로 너라고.,record,False,False,False,False,,
Oblivion.esm,INFO,0001811E,,NAM1,1,,,"You now owe your loyalty to our guildmaster, the Gray Fox. He has three rules you must follow.","너는 이제부터 우리의 길드 마스터, 그레이 폭스 님께 충성해야 한다. 네가 따라야 할 3가지 규칙이 있다.",record,False,False,False,False,,
Oblivion.esm,INFO,000153AD,,NAM1,0,,,Congratulations! You have returned with the diary.,축하하네! 네가 일기장을 가지고 왔군.,record,False,False,False,False,,
Oblivion.esm,INFO,000153AD,,NAM1,1,,,"Unfortunately, you were stupid enough to kill Amantius Allectus in the process! ","하지만 불행히도, 그러는 와중에 멍청하게도 아만터스 알렉터스(Amantius Allectus)를 죽여버렸군! ",record,True,True,False,False,HIGH,"Amantius, Allectus"
Oblivion.esm,INFO,000153AD,,NAM1,2,,,"Now you must pay his blood price to enter the guild. However, because you are not yet a member, it is only half of what it would normally be.","길드에 들어오기 위해선 피의 대가를 지불해야 하네. 넌 아직 우리 길드원이 아니지만, 절반은 들어왔다고 해두지.",record,False,False,False,False,,
Oblivion.esm,INFO,0001C14E,,NAM1,0,,,"It took two tries, but you finally made it. You have earned the right to join the Thieves Guild.","두 번이긴 하지만, 마침내 성공했군. 너는 도둑 길드에 들어올 자격을 갖추게 되었다.",record,False,False,False,False,,
Oblivion.esm,INFO,0001C14E,,NAM1,1,,,"You now owe your loyalty to our guildmaster, the Gray Fox. He has three rules you must follow.","너는 이제부터 우리의 길드 마스터, 그레이 폭스 님께 충성해야 한다. 네가 따라야 할 3가지 규칙이 있다.",record,False,False,False,False,,
Oblivion.esm,INFO,0001C14F,,NAM1,0,,,"Well, you finally returned with Rohssan's sword.","음, 마침내 로싼(Rohssan)의 검을 가지고 왔군.",record,True,True,False,False,HIGH,Rohssan
Oblivion.esm,INFO,0001C14F,,NAM1,1,,,"Unfortunately, you were stupid enough to kill Rohssan in the process! ","하지만 불행히도, 그러는 와중에 멍청하게도 로싼(Rohssan)를 죽여버렸군! ",record,True,True,False,False,HIGH,Rohssan
Oblivion.esm,INFO,0001C14F,,NAM1,2,,,"Now you must pay her blood price to enter the guild. However, because you are not yet a member, it is only half of what it would normally be.","길드에 들어오기 위해선 피의 대가를 지불해야 하네. 넌 아직 우리 길드원이 아니지만, 절반은 들어왔다고 해두지.",record,False,False,False,False,,
Oblivion.esm,INFO,0003563A,,NAM1,0,,,You should drop out now. You know I'm going to win.,이제 포기하는게 좋을거. 내가 이길거라는 걸 알잖아.,record,False,False,False,False,,
Oblivion.esm,INFO,0000550E,,NAM1,0,,,Stop following me! I'll beat both of you... if I can just figure out where Amantius Allectus lives.,따라 오지 마! 난 너희 둘다 꺾어 줄거야... 아만터스 알렉터스(Amantius Allectus)가 어디 사는지 알아내기만 하면.,record,True,True,False,False,HIGH,"Amantius, Allectus"
Oblivion.esm,DIAL,000355CD,TG01Reject,FULL,0,,,Maybe some other time.,다음기회에.,record,False,False,True,False,TOPIC_CHECK,
Oblivion.esm,INFO,000355E7,,NAM1,0,,,"You walk a dangerous path. Keep the secret of the guild... or else. If you change your mind, I'll be here.","자네는 위험한 다리를 건너는 거야. 길드의 비밀을 지키지 않거나... 한다면. 마음이 바뀌면, 여기에 오는게 좋을거야.",record,False,False,False,False,,
Oblivion.esm,DIAL,000355CE,TG01Accept,FULL,0,,,I will join the competition.,경쟁에 참여하겠습니다.,record,False,False,True,False,TOPIC_CHECK,
Oblivion.esm,INFO,0001C151,,NAM1,0,,,"Good. Remember, you may not kill anyone while doing this. If you need any lock picks, I can sell you some.","좋아. 기억해 둬, 작업중에는 아무도 죽여선 안된다. 혹시 락픽이 필요하다면, 내가 팔아주겠다.",record,False,False,False,False,,
Oblivion.esm,DIAL,000355CF,TGThievesGuildTopic,FULL,0,,,Thieves Guild,도둑 길드,record,False,False,True,False,TOPIC_CHECK,
Oblivion.esm,INFO,0002B6F3,,NAM1,0,,,I am in the Thieves Guild.,이 문장은 게임내의 테스트를 위한 것으로 번역을 생략합니다.,record,False,False,False,False,,
Oblivion.esm,DIAL,0003560F,MG08Choice5C,FULL,0,,,Dispel,디스펠(Dispel),record,True,True,True,False,HIGH,Dispel
Oblivion.esm,INFO,0003562F,,NAM1,0,,,"This staff will allow you to nullify magic protecting your enemies. If you'd prefer another enchantment, we can start over.",이 staff는 적을 보호하는 마법을 무효화시킨다네. 만약 자네가 다른걸 선호한다면 다시 처음부터 시작하지.,record,False,True,False,False,MEDIUM,staff
Oblivion.esm,DIAL,00035610,MG08Choice5B,FULL,0,,,Telekinesis,염동력(Telekinesis),record,True,True,True,False,HIGH,Telekinesis
Oblivion.esm,INFO,0003562E,,NAM1,0,,,"The staff will allow you to manipulate objects normally out of your reach. A handy, and often amusing, spell. Is this what you'd like?",이 staff는 자네가 보통 다가갈수 없는 곳의 물건을 움직이게 해 준다네. 꽤 유용하고 신기하지. 이게 좋은가?,record,False,True,False,False,MEDIUM,staff
Oblivion.esm,DIAL,00035611,MG08Choice5A,FULL,0,,,Soul Trap,영혼 포획(Soul Trap),record,True,True,True,False,HIGH,"Soul, Trap"
Oblivion.esm,INFO,0003562D,,NAM1,0,,,"This staff will allow you to trap the souls of enemies you defeat, if you can do so before the effect wears off. Is this acceptable?",이 staff는 자네가 격퇴한 적의 영혼을 담을 수 있게 해 준다네. 만약 자네가 이 마법의 효과가 떨어지기 전에 적을 쓰러트릴수 있다면 말이지. 이걸로 좋은가?,record,False,True,False,False,MEDIUM,staff
Oblivion.esm,DIAL,00035612,MG08Choice4C,FULL,0,,,Silence,침묵(Silence),record,True,True,True,False,HIGH,Silence
Oblivion.esm,INFO,0003562B,,NAM1,0,,,"With this staff, you'll render others incapable of using magic against you. If you'd prefer something else, we can start over.",이 staff가 있으면 다른 사람이 자네에게 마법을 쓰지 못하게 만들수 있어. 만약 자네가 다른걸 원한다면 다시 처음부터 시작하지.,record,False,True,False,False,MEDIUM,staff
Oblivion.esm,DIAL,00035613,MG08Choice4B,FULL,0,,,Paralyze,마비(Paralyze),record,True,True,True,False,HIGH,Paralyze
Oblivion.esm,INFO,0003562A,,NAM1,0,,,"You'll be able to freeze opponents in their tracks for a short time with this staff. I can begin work now, or we can start over.",자네는 이 staff로 적을 잠시 마비시킬수 있을걸세. 나는 지금 작업을 시작하거나 아니면 다시 처음부터 시작하지.,record,False,True,False,False,MEDIUM,staff
Oblivion.esm,DIAL,00035614,MG08Choice4A,FULL,0,,,Charm,매력(Charm),record,True,True,True,False,HIGH,Charm
Oblivion.esm,INFO,00035629,,NAM1,0,,,"With this, you can manipulate people's opinions of you. Is this what you want? If not, we can start over.",이걸 쓰면 다른 사람이 자네를 보는 시선을 바꿀수 있을거야. 그걸 원하나? 아니면 다시 처음부터 시작하지.,record,False,False,False,False,,
Oblivion.esm,DIAL,00035615,MG08ChoiceFinalYes,FULL,0,,,That's what I want.,그것이 제가 원하는 바입니다.,record,False,False,True,False,TOPIC_CHECK,
Oblivion.esm,INFO,00035625,,NAM1,0,,,"Right. I'll get to work. You come see me tomorrow, and I'll have your staff ready.",좋아. 바로 작업에 들어가겠네. 내일 나를 보러오면 그때까지 staff를 완성해 놓겠네.,record,False,True,False,False,MEDIUM,staff
Oblivion.esm,DIAL,00035616,MG08Choice3C,FULL,0,,,Shock,충격(Shock),record,True,True,True,False,HIGH,Shock
Oblivion.esm,INFO,00035627,,NAM1,0,,,"Your staff will let you wield the power of lightning. If you want something else instead, we can start over.",자네의 staff는 lightning의 힘을 가지게 될거야. 만약 다른걸 원한다면 다신 처음부터 시작하지.,record,False,True,False,False,MEDIUM,"staff, lightning"
Oblivion.esm,DIAL,00035617,MG08Choice3B,FULL,0,,,Frost,얼음(Frost),record,True,True,True,False,HIGH,Frost
Oblivion.esm,INFO,00035626,,NAM1,0,,,"Your staff will give you power over ice. Is that what you want? If not, we can start over.",자네의 staff는 자네에게 얼음으로 힘을 투사하게 해 줄걸세. 그게 자네와 원하는 것인가? 아니라면 다시 처음부터 시작하지.,record,False,True,False,False,MEDIUM,staff
Oblivion.esm,DIAL,00035618,MG08Choice3A,FULL,0,,,Fire,불(Fire),record,True,True,True,False,HIGH,Fire
Oblivion.esm,INFO,00035624,,NAM1,0,,,"You'll have a staff capable of creating fireballs. If that's what you want, I'll get started right away. Otherwise, we can start over.","자네는 fireball을 만드는 staff를 가지게 될거야. 그게 자네가 원하는 것이라면 지금 바로 작업을 시작하도록 하고, 만약 아니라면 다시 처음부터 시작하지.",record,False,True,False,False,MEDIUM,"fireball, staff"
Oblivion.esm,DIAL,00035619,MG08ChoiceStartOver,FULL,0,,,Let's start over.,처음부터 다시 합시다.,record,False,False,True,False,TOPIC_CHECK,
Oblivion.esm,INFO,00035623,,NAM1,0,,,"Oh, all right then.","오, 그러지.",record,False,False,False,False,,
Oblivion.esm,INFO,00035623,,NAM1,1,,,"Your choices are Destruction, Illusion, or Mysticism. Which will it be?","자네가 가능한 선택은 Destruction, Illusion, 그리고 Mysticism일세. 어떤걸로 하겠나?",record,False,True,False,False,MEDIUM,"Destruction, Illusion, Mysticism"
Oblivion.esm,DIAL,0003561A,MG08Choice2C,FULL,0,,,Mysticism,신비마법,record,False,False,True,False,TOPIC_CHECK,
Oblivion.esm,INFO,0003562C,,NAM1,0,,,"There are three things I can enchant the staff with: Soul Trap, Telekinesis, and Dispel.","거기서 이 Staff에 넣을수 있는 건 세가지라네 Soul Trap, Telekinesis 그리고 Dispel이지.",record,False,True,False,False,MEDIUM,"Staff, Soul, Trap, Telekinesis, Dispel"
Oblivion.esm,DIAL,0003561B,MG08Choice2B,FULL,0,,,Illusion,환영마법,record,False,False,True,False,TOPIC_CHECK,
Oblivion.esm,INFO,00035628,,NAM1,0,,,"There are three options for Illusion magic. They are Charm, Paralyze, and Silence. Which would you like?","Illusion마법으로는 세가지가 가능하네. 그건 Charm, Paralyze, 그리고 Silence야. 어떤것이 좋은가?",record,False,True,False,False,MEDIUM,"Illusion, Charm, Paralyze, Silence"
Oblivion.esm,DIAL,0003561C,MG08Choice2A,FULL,0,,,Destruction,파괴마법,record,False,False,True,False,TOPIC_CHECK,
Oblivion.esm,INFO,00035622,,NAM1,0,,,"Very well. You have three choices for what type of damage you'd like it to do: Fire, Frost, or Shock.","좋아. 그럼 이 세가지 공격방법 중 어떤것이 좋나  Fire, Frost, 아니면 Shock.",record,False,True,False,False,MEDIUM,"Fire, Frost, Shock"
Oblivion.esm,DIAL,0003561D,MG08Choice1B,FULL,0,,,No.,아니요.,record,False,False,True,False,TOPIC_CHECK,
Oblivion.esm,INFO,00035620,,NAM1,0,,,Very well. I'll be here when you're ready.,좋네. 자네가 준비되면 찾아오게.,record,False,False,False,False,,
Oblivion.esm,DIAL,0003561E,MG08Choice1A,FULL,0,,,Yes.,네.,record,False,False,True,False,TOPIC_CHECK,
Oblivion.esm,INFO,00035621,,NAM1,0,,,"Enchanting staves can be a tricky business. Only certain spells will be truly useful to you, so I'll narrow it down some.",Staff를 enchanting하는 것은 매우 까다로운 작업이야. 오직 몇몇 마법만이 자네에게 유용하게 쓰일것이야. 그래서 내가 범위를 좀 좁혀 주겠네.,record,False,True,False,False,MEDIUM,"Staff, enchanting"
Oblivion.esm,INFO,00035621,,NAM1,1,,,"Let's start with the school. Which appeals most to you - Destruction, Illusion, or Mysticism?","우선 school 부터 시작하도록 하지. 이중 어떤게 가장 마음에 드나? - Destruction, illusion 아니면 mysticism?",record,False,True,False,False,MEDIUM,"school, Destruction, illusion, mysticism"
Oblivion.esm,DIAL,00035640,TG03ElvenBust,FULL,0,,,Bust of Llathasa Indarys,라타사 인다리스의 흉상,record,False,False,True,False,TOPIC_CHECK,
Oblivion.esm,INFO,00035645,,NAM1,0,,,It's not safe for me to handle the bust. I shouldn't even be talking to you. Go find Methredel. She has your instructions.,그 흉상을 취급하는 건 안전하지 않아. 심지어 너랑 얘기해서도 안돼. 미스레델(Methredhel)를 찾아봐. 그녀가 지시사항을 가지고 있어.,record,True,True,False,False,HIGH,Methredhel
Oblivion.esm,INFO,00009189,,NAM1,0,,,Bust? What bust? I didn't overhear any conversation about a bust.,흉상? 무슨 흉상? 나는 흉상에 대하여 어떤 얘기도 못 들었습니다.,record,False,False,False,False,,
Oblivion.esm,INFO,0000918A,,NAM1,0,,,You know where the bust is hidden?,그 흉상이 어디에 숨겨져 있는지 알고 있나?,record,False,False,False,False,,
Oblivion.esm,INFO,00048979,,NAM1,0,,,Count Indarys recently commissioned a bust of Llathasa. They say the Elves carved it. He put it near her tomb in the Chapel Undercroft.,인더리즈(Indarys) 백작은 최근 라타사(Llathasa)의 흉상을 만들어달라고 부탁했죠. 그들이 말하길 엘프들이 그것을 만들었다고 하더군요. 그는 그것을 Chapel Undercroft에 있는 그녀의 무덤 가까이에 놓아두었어요.,record,True,True,False,False,HIGH,"Indarys, Llathasa, Chapel, Undercroft"
Oblivion.esm,INFO,00048979,,NAM1,1,,,"He also posted a guard so that her tomb wouldn't be disturbed. Used to be anyone could visit her, but now it's off limits to the public.","또한 그는 그녀의 무덤에 무슨 일이 있지 않도록 가드를 세워두었어요. 누구라도 그녀를 방문할 수 있었지만, 지금은 아무나 갈수 없도록 제한되어 있어요.",record,False,False,False,False,,
Oblivion.esm,INFO,00048979,,NAM1,2,,,There's a rumor going around that the Undercroft may be haunted.,Undercroft에 유령이 출몰한다는 소문이 돌고 있어서요.,record,False,True,False,False,MEDIUM,Undercroft
Oblivion.esm,INFO,000092AF,,NAM1,0,,,Sure. I've heard about it. What's it worth to ya?,물론. 들어 본적이 있지요. 얼마나 주실 수 있나요?,record,False,False,False,False,,
Oblivion.esm,DIAL,00035651,TG00MysteriousNoteTopic,FULL,0,,,Mysterious Note,의심스러운 쪽지,record,False,False,True,False,TOPIC_CHECK,
Oblivion.esm,INFO,00003459,,NAM1,0,,,Not here. Not now. Garden of Dareloth. Waterfront District. Midnight.,"지금은 안돼. 워터프론트(Waterfront) 지구, 다렐로스(Dareloth)의 정원. 자정이다",record,True,True,False,False,HIGH,"Waterfront, Dareloth"
Oblivion.esm,INFO,00035652,,NAM1,0,,,"Hey, I don't read them. I just deliver them.","이봐, 난 읽어보지 않아. 단지 전달만 한다고.",record,False,False,False,False,,
Oblivion.esm,INFO,00035653,,NAM1,0,,,"Ah, yes. Another scoundrel who served time in an imperial jail. The Gray Fox is offering you a chance to join the Thieves Guild.","아, 그래. 임페리얼 감옥에 복역 중이던 악당인가. 그레이 폭스는 자네에게 도둑길드에 들어올 기회를 주고있다.",record,False,False,False,False,,
Oblivion.esm,DIAL,00035655,MS51AccuseChanel2,FULL,0,,,"No, I'm not accusing you.","아니, 당신을 고발하지 않겠습니다.",record,False,False,True,False,TOPIC_CHECK,
Oblivion.esm,INFO,0003565E,,NAM1,0,,,Very well.,좋아요.,record,False,False,False,False,,
Oblivion.esm,DIAL,00035656,MS51AccuseChanel1,FULL,0,,,"Yes, I accuse you of the crime.","네, 범죄로 당신을 고발합니다.",record,False,False,True,False,TOPIC_CHECK,
Oblivion.esm,INFO,00031506,,NAM1,0,,,Very well. I confess to the crime. But please understand I only did it out of the great love I had in my heart for Count Valga.,그래요. 내가 그랬어요. 이해해 주시길 바래요. 나는 오직 내 가슴속에 있는 밸가(Valga) 백작님에 대한 끝없는 사랑 때문에 그랬던 거에요.,record,True,True,False,False,HIGH,Valga
Oblivion.esm,INFO,00031506,,NAM1,1,,,"It was I that painted that portrait. When the Count was lost, the Countess spent so much time with it that I became jealous.",그 초상화는 내가 그린 거에요. 백작이 죽자 부인은 그림과 많은 시간을 보냈고 나는 그게 질투가 났어요.,record,False,False,False,False,,
Oblivion.esm,INFO,00031506,,NAM1,2,,,"I had to have the painting back, so I decided to steal it then hide it behind the painting in my quarters.","나는 그림을 되찾아야 했고, 그걸 훔쳐서 내 방의 그림 뒤에다 숨기기로 결심했어요.",record,False,False,False,False,,
Oblivion.esm,INFO,00031506,,NAM1,3,,,"I am ashamed of my crime, but ready to face what fate has in store for me.","내 죄가 부끄럽지만, 난 죄값을 치를 준비가 되어있어요.",record,False,False,False,False,,
Oblivion.esm,INFO,0003565C,,NAM1,0,,,"You have strong evidence, but I do not trust you enough to speak true my motivations.","확실한 증거를 찾았군요. 하지만 난, 내 범죄의 동기를 자백할 만큼 당신을 믿지는 않아요.",record,False,False,False,False,,
Oblivion.esm,INFO,0003565F,,NAM1,0,,,How dare you accuse me without enough evidence to back up your story!,어떻게 충분한 증거도 없이 함부로 고발할 수 있죠!,record,False,False,False,False,,
Oblivion.esm,DIAL,00035657,MS51AccuseOrgnolf2,FULL,0,,,"No, I'm not accusing you.","아니, 당신을 고발하지 않겠습니다.",record,False,False,True,False,TOPIC_CHECK,
Oblivion.esm,INFO,00035661,,NAM1,0,,,"Then get away from me and get back to your duties, so I can do mine.",그럼 가서 볼 일 보시오. 나도 할 일 좀 하게.,record,False,False,False,False,,
Oblivion.esm,DIAL,00035658,MS51AccuseOrgnolf1,FULL,0,,,"Yes, I accuse you of the crime.","네, 범죄로 당신을 고발합니다.",record,False,False,True,False,TOPIC_CHECK,
Oblivion.esm,INFO,0003150F,,NAM1,0,,,"I don't care what you have found. I am telling you, I am not the one you are looking for! And I will speak to the Countess of your accusations!","당신이 뭘 찾았든 관심 없소. 분명히 말해두지만, 나는 당신이 찾는 사람이 아니오! 백작님께 당신의 고발에 대해 말할 거요!",record,False,False,False,False,,
Oblivion.esm,INFO,0003150F,,NAM1,1,,,Now off with you!,이제 그만 꺼지시오!,record,False,False,False,False,,
Oblivion.esm,INFO,00031521,,NAM1,0,,,"You ever hear the expression, 'fools rush in where Daedra fear to tread'? Well, accusing anyone without evidence is mighty foolish.","이런 말 들어봤을 거요. '무식하면 용감하다'... 라고 하더니, 증거도 없이 고발하는 것은 확실히 무식한 짓이오.",record,False,False,False,False,,
Oblivion.esm,INFO,0003566C,,NAM1,0,,,Hah! You are too late. I have the diary!,하! 당신은 너무 늦었어. 내가 일기장을 가졌지!,record,False,False,False,False,,
Oblivion.esm,DIAL,0003566F,MercatorHosidusTopic,FULL,0,,,Mercator Hosidus,머카토 호시디어스(Mercator Hosidus),record,True,True,True,False,HIGH,"Mercator, Hosidus"
Oblivion.esm,INFO,0003567C,,NAM1,0,,,He's the person to talk to about an audience with the Count. ,백작을 만나고 싶다면 그가 적격이지요. ,record,False,False,False,False,,
Oblivion.esm,INFO,0003567C,,NAM1,1,,,"He's not available right now. You can either wait here for him, or come back later.",그는 지금 여기 없어요. 당신은 그를 기다리거나 나중에 다시 오셔야 할 겁니다.,record,False,False,False,False,,
Oblivion.esm,INFO,0003567D,,NAM1,0,,,He's the person to talk to about an audience with the Count. You'll find him in the County Hall.,백작을 만나고 싶다면 그가 적격이지요.,record,False,False,False,False,,
Oblivion.esm,DIAL,00035670,JanusHassildorTopic,FULL,0,,,Janus Hassildor,야누스 하실도르,record,False,False,True,False,TOPIC_CHECK,
Oblivion.esm,INFO,00035E5A,,NAM1,0,,,"Saved you, did he? Well, that's a good sign.","그가 자네를 구해줬다고? 뭐, 그건 좋은 징조로군.",record,False,False,False,False,,
Oblivion.esm,INFO,00035E5A,,NAM1,1,,,I must apologize. It was never the Council's intention to put you in harm's way.,미안하네. 자네를 위험에 빠뜨릴 생각은 아니었서.,record,False,False,False,False,,
Oblivion.esm,INFO,0000399A,,NAM1,0,,,I understand he specifically asked that you be the one to see him. Rather unlike him...,그는 자신을 보러올 인물로 자네를 구체적으로 지명했네. 그답지는 않지만...,record,False,False,False,False,,
Oblivion.esm,INFO,0000399C,,NAM1,0,,,"I am unsure as to why he has requested that you, of all people, should be the one to visit him. I have no wish to put you in harm's way.",나는 왜 그가 많은 사람들 중 자네를 지명했는지는 모르겠네. 자네를 위험에 노출시킬 생각은 없어.,record,False,False,False,False,,
Oblivion.esm,INFO,00003998,,NAM1,0,,,All appointments to see the Count must be made through Hal-Luirz,백작님을 보시려고 한다면 Hal-Luirz와 이야기해야 합니다.,record,False,True,False,False,MEDIUM,Hal-Luirz
Oblivion.esm,INFO,00035674,,NAM1,0,,,I'm afraid that's not my arena. You'll have to speak to Mercator about seeing the Count.,미안하지만 그건 제 일이 아니에요. 백작님을 보고 싶다면 Mercator에게 물어보도록 하세요.,record,False,True,False,False,MEDIUM,Mercator
Oblivion.esm,INFO,000039A2,,NAM1,0,,,All appointments to see the Count must go through Mercator Hosidus.,백작님을 보기 위한 모든 약속은 Mercator Hosidus를 통해야 됩니다.,record,False,True,False,False,MEDIUM,"Mercator, Hosidus"
Oblivion.esm,INFO,0003567A,,NAM1,0,,,"The Count is a reclusive man, and sometimes difficult to see. Hopefully, your status as a representative of the Guild will aid you.",백작님은 세상일에 잘 관여하지 않으시지요. 보기 힘들 때도 있지요. 어쩌면 길드의 대표자라는 당신의 신분이 도움이 될 지도 모르겠군요.,record,False,False,False,False,,
Oblivion.esm,INFO,0003567A,,NAM1,1,,,Speak with the castle steward when you arrive.,도착하면 성의 집사와 이야기 해보도록 하세요.,record,False,False,False,False,,
Oblivion.esm,DIAL,00035680,heirloom,FULL,0,,,Heirloom,가보,record,False,False,True,False,TOPIC_CHECK,
Oblivion.esm,INFO,00002E56,,NAM1,0,,,"I can't thank you enough for returning it, friend.","이것을 되찾아 준 것에 어떻게 감사해야 할 지 모르겠군요, 친구.",record,False,False,False,False,,
Oblivion.esm,INFO,00002E5A,,NAM1,0,,,"Ah, you've got it! Thank the gods! Finally, my mead will stay cold and won't taste like goblin piss. Take these, and my thanks.","오, 당신이 이걸 구했군! 신이여 감사합니다! 마침내, 내 벌꿀술(mead)을 시원하게 유지할 수 있게 되었소. 고블린(goblin) 소변과 같은 맛을 더이상 보지 않아도 되오. 이걸 받으시오, 내 감사의 표시요.",record,True,True,False,False,HIGH,"mead, goblin"
Oblivion.esm,INFO,00002E91,,NAM1,0,,,"Took my flagon, they did! Passed down to me from my father Rulf, and from his father Torbalt. It's a wondrous cup. Keeps ale cold and sweet.","내 포도주병(flagon)을 가져갔소, 그자들이 말이오! 아버지 Rulf에게 내가 물려받았고, 아버지는 그분의 아버지 Torbalt에게서 물려받은 물건이지. 이 병은 대단한 술잔(cup)이라오. 맥주(ale)을 시원하고 맛있게 유지해주거든.",record,True,True,False,False,HIGH,"flagon, Rulf, Torbalt, cup, ale"
Oblivion.esm,INFO,00002E91,,NAM1,1,,,"Been drinking from a lousy wooden tankard since. It's just not the same. If you can find it, you'd have the gratitude of Newheim the Portly!",그 뒤론 형편없는 나무잔으로 술을 마시고있소. 이건 절대로 전과 같지 않소. 당신이 그것을 찾게 된다면 Newheim the Portly의 사례를 받게 될 것이오.,record,False,True,False,False,MEDIUM,"Newheim, the, Portly"
Oblivion.esm,DIAL,00035683,thieves,FULL,0,,,Thieves,도둑,record,False,False,True,False,TOPIC_CHECK,
Oblivion.esm,INFO,00035741,,NAM1,0,,,"Cleared them out, did you? Good work, you two. I see big things for you with the Guild. Here's your payment.",그놈들을 쓸어버렸나? 정말 잘했소. 당신네 둘. 길드에서는 당신네들한테 큰 기대를 걸고 있지. 여기 보수를 받으시오.,record,False,False,False,False,,
Oblivion.esm,INFO,00002E48,,NAM1,0,,,"There have been a number of thefts in the area, and witnesses believe the thieves are holed up nearby. Check around, and see what you can learn.","이곳에서 몇몇건의 절도 사건이 있었소, 그리고 증인들은 도둑이 이곳 근처에 있다고 믿지. 주변을 살펴주시오, 이 일에 대해 조사를 부탁하오",record,False,False,False,False,,
Oblivion.esm,INFO,00002E48,,NAM1,1,,,"I'm not sure the numbers you'll be dealing with, so I'm sending you with another new recruit. Maglir. I believe you two have already met.","당신이 몇개의 사건을 해결하려는지는 모르지만, 당신에게 새로운 신참 Maglir을 보내겠소. 아마 이미 만난적이 있을거요.",record,False,True,False,False,MEDIUM,Maglir
Oblivion.esm,INFO,00002E4B,,NAM1,0,,,"Let's get rid of these guys, so we can get paid.","이 녀석들을 제거해 주시오, 그럼 돈을 지불하지.",record,False,False,False,False,,
Oblivion.esm,INFO,00002E4C,,NAM1,0,,,Sounds like we'll find the bandits in Hrota Cave.,Hrota Cave에 있는 산적들을 찾아낼수 있을것 같군.,record,False,True,False,False,MEDIUM,"Hrota, Cave"
Oblivion.esm,INFO,00002E4E,,NAM1,0,,,Let's find this Fat Newheim guy. Whatever his name is. He apparently knows where these bandits are.,이 뚱뚱한 Newheim 라는 남자를 찾아보시오. 이름은 정확하지 않소. 아마 그가 산적들이 어디 있는지 알것이오.,record,False,True,False,False,MEDIUM,Newheim
Oblivion.esm,INFO,00002E50,,NAM1,0,,,Sounds like we need to ask around Anvil for any clues. Figures we'd get a mission without any real direction. I'll follow you.,엔빌(Anvil)에서 사람들에게 물어봐서 단서를 찾아야겠소. 정확히는 모르더라도 임무를 해결할수 있도록 해보시오. 당신을 따라다니도록 하지.,record,True,True,False,False,HIGH,Anvil
Oblivion.esm,INFO,00002E51,,NAM1,0,,,"Aye. I know about those scum. Rotten bastards robbed me blind, they did. Stole a family heirloom. Bunch of Bosmer, if you can believe that!","아. 내가 그 쓰레기들에 대해 알고있지. 이 썩을 놈들은 날 완전히 알거지로 탈탈 털어갔소, 내 집안 가보까지. 보스머(Bosmer) 떼거지 놈들, 날 믿고 있다면 그놈들이 어떤 놈들인지 알수 있을거요!",record,True,True,False,False,HIGH,Bosmer
Oblivion.esm,INFO,00002E51,,NAM1,1,,,"No offense to you or your friend, of course. Last I heard, they were holed up in Hrota Cave, not too far from here.","물론 당신과 당신 친구에 대한 공격은 없을것이오. 내가 가장 마지막으로 듣기로는, 그들이 Hrota Cave에 있다고 들었소. 여기서 멀지 않은곳이지.",record,False,True,False,False,MEDIUM,"Hrota, Cave"
Oblivion.esm,INFO,00002E55,,NAM1,0,,,"Aye. I know about those scum. Rotten bastards robbed me blind, they did. Stole a family heirloom. Bunch of Bosmer, if you can believe it!","아. 내가 그 쓰레기들에 대해 알고있지. 이 썩을 놈들은 날 완전히 알거지로 탈탈 털어갔소, 내 집안 가보까지. 보스머(Bosmer) 떼거지 놈들, 날 믿고 있다면 그놈들이 어떤 놈들인지 알수 있을거요!",record,True,True,False,False,HIGH,Bosmer
Oblivion.esm,INFO,00002E55,,NAM1,1,,,"No offense to your friend, of course. Last I heard, they were holed up in Hrota Cave, not too far from here.","물론 당신과 당신 친구에 대한 공격은 없을것이오. 내가 가장 마지막으로 듣기로는, 그들이 Hrota Cave에 있다고 들었소. 여기서 멀지 않은곳이지.",record,False,True,False,False,MEDIUM,"Hrota, Cave"
Oblivion.esm,INFO,00002E5E,,NAM1,0,,,"Can't say I know anything myself, but I heard that Newheim the Portly had some things stolen, and he's been asking around about it. Ask him.","제가 아는 건 없습니다만, 뚱뚱한 뉴하임이라는 사람이 몇 가지 물건을 도둑맞았다고 하던데, 그 때문에 여기저기 수소문하고 있다더군요. 그 사람을 찾아보시죠.",record,False,False,False,False,,
Oblivion.esm,INFO,00002E5F,,NAM1,0,,,Hmmm. I don't think I know you well enough to tell you that.,흐음. 당신에게 말해줄만큼 당신을 모르는데 말이야.,record,False,False,False,False,,
Oblivion.esm,DIAL,00035684,HrotaCaveTOPIC,FULL,0,,,Hrota Cave,호로타 동굴,record,False,False,True,False,TOPIC_CHECK,
Oblivion.esm,INFO,00002E8E,,NAM1,0,,,"You'll find it north of Anvil. Good luck, and give it to those bastards good.",엔빌(Anvil)의 북쪽에서 발견할수 있을거요. 행운을 빕니다. 그리고 이것을 그 개자식들에게 주시오.,record,True,True,False,False,HIGH,Anvil
Oblivion.esm,INFO,00003430,,NAM1,0,,,Hrota Cave? I believe it's a bit north of here. Shouldn't be too hard to find.,흐로타 동굴? 여기서 북쪽으로 좀 가면 있는 걸로 압니다. 찾기 너무 어렵진 않을 거에요.,record,False,False,False,False,,
Oblivion.esm,INFO,00002E8F,,NAM1,0,,,I am Newheim the Portly. What can I do for you?,내가 Newheim the Portly 이요 뭘 도와드릴까요?,record,False,True,False,False,MEDIUM,"Newheim, the, Portly"
Oblivion.esm,DIAL,00035686,breakins,FULL,0,,,Break-ins,침입,record,False,False,True,False,TOPIC_CHECK,
Oblivion.esm,INFO,000356B5,,NAM1,0,,,You've gotten them? Wonderful! But... their names are familiar to me. All of those men have worked for me! Amazing.,당신 그들을 잡았소? 훌륭하오! 헌데... 그자들의 이름이 왠지 익숙하오. 그자들은 모두 내 밑에서 일했던 사람들이오! 놀랄 노자군.,record,False,False,False,False,,
Oblivion.esm,INFO,000356B5,,NAM1,1,,,"I even trusted them to open up the shop in the mornings. I can't imagine what turned them to a life of crime. Sad. Well, here's your payment.",난 심지어 아침에 그들이 가게를 열게 할 정도로 그들을 믿고 있었소. 난 왜 그들이 범죄자로 변해버렸는지 짐작도 못하겠소. 슬픈 일이오.,record,False,False,False,False,,
Oblivion.esm,INFO,000356BD,,NAM1,0,,,"As I said, I'll need you to stop these thieves from breaking into my store. It only seems to happen at night.","내가 말했듯, 난 당신이 필요하오. 내 가게에 침입하는 도둑들을 막기 위해서 말이오. 이 일은 밤에만 일어나는 듯 보이오.",record,False,False,False,False,,
Oblivion.esm,INFO,0003573F,,NAM1,0,,,"I've lost a great deal of merchandise over the last few months. I keep replacing it, but they keep stealing it, new locks on the doors be damned!",지난 몇달 동안 나는 많은 상품들을 잃어버렸소. 난 계속해서 그것을 다시 메워 놓지. 하지만 그들은 계속해서 그것을 훔쳐간다오. 문에 달아둔 새로운 자물쇠들은 아무짝에도 쓸모없소!,record,False,False,False,False,,
Oblivion.esm,INFO,0003573F,,NAM1,1,,,"They always come at night, after I've gone to bed. Maybe a mage transports them inside! You can just stay in the shop overnight. Good luck!",그들은 항상 밤에 찾아온다오. 내가 잠자리에 든 뒤에 말이오. 어떤 마법사가 그들을 안으로 이동시키는 것인지도 모르지! 당신은 단지 밤새 가게에 머물러 주기만 하면 되오. 행운을 빌겠소.,record,False,False,False,False,,
Oblivion.esm,INFO,0003573F,,NAM1,2,,,I'm going to wait at the Flowing Bowl until this mess is settled. I know I can trust you to keep the place safe.,이 문제가 해결될 때까지 난 Flowing Bowl에서 기다리겠소. 난 당신이 그곳을 안전하게 지켜줄 것을 믿소.,record,False,True,False,False,MEDIUM,"Flowing, Bowl"
Oblivion.esm,DIAL,00035688,NorbertLellesTOPIC,FULL,0,,,Norbert Lelles,노버트 렐스,record,False,False,True,False,TOPIC_CHECK,
Oblivion.esm,INFO,000356B6,,NAM1,0,,,Sounds like everything is taken care of there. Good work.,듣건대 모든게 해결된것 같군요. 수고했어요.,record,False,False,False,False,,
Oblivion.esm,INFO,000356B9,,NAM1,0,,,"So... you took care of the thieves. Excellent. You'll want to talk to Lelles to close out the contract. And get paid, of course.",그러니까... 그 강도들을 처리하였군요. 훌륭해요.  Lelles 에게 계약이 끝났다고 전하고 사례를 받으세요.,record,False,True,False,False,MEDIUM,Lelles
Oblivion.esm,INFO,000356BA,,NAM1,0,,,Sounds like he wants your help stopping the theft at his store. What are you doing here talking to me?,듣건데 그는 그의 가게에서의 도둑질을 막을 사람이 필요하다는 군요. 저와 잡담할떄가 아닐텐데요?,record,False,False,False,False,,
Oblivion.esm,INFO,000356BC,,NAM1,0,,,"He runs Lelles' Quality Merchandise here in Anvil. He's been having problems with break-ins, though, and he's hired us to put a stop to it.",그는 여기 엔빌에서 Lelles' Quality Merchandise 를 운영하고 있습니다. 요즘 밤도둑떄문에 골머리를 썩힌다더군요. 그것을 막기 위해 그는 우리에게 이 일을 의뢰했습니다.,record,False,True,False,False,MEDIUM,"Lelles', Quality, Merchandise"
Oblivion.esm,INFO,0003572A,,NAM1,0,,,I am Norbert Lelles. How may I help you?,제가 Norbert Lelles입니다. 무엇을 도와드릴까요?,record,False,True,False,False,MEDIUM,"Norbert, Lelles"
Oblivion.esm,INFO,0003572B,,NAM1,0,,,"He runs Lelles' Quality ""Mercandise."" Ha! Not a bad sort. You can usually find him in his store.","그는 Lelles' Quality ""Mercandise.""를 운영한다더군! 나쁘지 않아. 자네는 그를 그의 상점에서 찾을수 있을거에요.",record,False,True,False,False,MEDIUM,"Lelles', Quality, Mercandise"
Oblivion.esm,DIAL,00035689,ratsTOPIC,FULL,0,,,Rats,쥐,record,False,False,True,False,TOPIC_CHECK,
Oblivion.esm,INFO,000356B3,,NAM1,0,,,"Yes, rats. I'm sure she can explain it to you better than I. She lives here in Anvil. Go and talk to her. Good luck!","맞아요, 쥐들이요. 저보다 그녀가 더 잘 설명해 줄거에요. 그녀는 엔빌에 살아요. 가서 그녀와 대화하세요. 행운을!",record,False,False,False,False,,
Oblivion.esm,INFO,00036625,,NAM1,0,,,That's right. Rats. In my basement. And something has been killing them! It's horrible. My poor babies! You must do something!,"그래요, 쥐들이요. 내 지하실에요. 그리고 무언가가 그들을 죽이고 있어요! 끔찍해요. 내 불쌍한 아가들! 뭐든지 좀 해보세요!",record,False,False,False,False,,
Oblivion.esm,INFO,00036625,,NAM1,1,,,"I don't know what I'd do without them. Their little pink noses, their scaly little tails. Please, get to the basement and find out what's happening.","그것들이 없으면 전 뭘 해야할지 몰라요. 그들의 작은 분홍색 코, 그들의 비늘모양의 귀여운 꼬리. 제발요, 지하실에 가서 무슨일이 일어나는지 봐주세요.",record,False,False,False,False,,
Oblivion.esm,DIAL,0003568A,batsTOPIC,FULL,0,,,Bats,박쥐,record,False,False,True,False,TOPIC_CHECK,
Oblivion.esm,DIAL,0003568B,ArvenaThelasTOPIC,FULL,0,,,Arvena Thelas,아르베나 틸라스(Arvena Thelas),record,True,True,True,False,HIGH,"Arvena, Thelas"
Oblivion.esm,DIAL,0003568C,FGD09Choice3,FULL,0,,,Make you my second-in-command.,당신을 내 부관으로 임명한다.,record,False,False,True,False,TOPIC_CHECK,
Oblivion.esm,INFO,00035712,,NAM1,0,,,Me? Pah! I was just getting used to being retired. You can see how good my painting is getting. I'm an old man. I've done my time.,나를? 파아! 난 이제 은퇴해야 할 나인데.. 얼굴에 화장이라도 해야 할 지경인거 안 보이나? 난 늙었어. 내 시대는 갔다고.,record,False,False,False,False,,
Oblivion.esm,INFO,00035712,,NAM1,1,,,Then again... someone has to keep you in line. Make sure you don't bring the Guild down around our ears.,하지만.. 누군가가 자네를 빗나가지 않게 잡아주긴 해야겠군.,record,False,False,False,False,,
Oblivion.esm,INFO,00035712,,NAM1,2,,,I'll do it... Guildmaster. Just come to me when you want to assign duties to the Guild. I'll make sure they get done.,하겠습니다. 길드마스터님. 길드에 임무를 부여하실때 단지 저를 찾으십시오. 반드시 해내보이겠습니다. ,record,False,False,False,False,,
Oblivion.esm,DIAL,0003568D,FGD09Choice2,FULL,0,,,I did it on my own.,혼자 멋대로 했다.,record,False,False,True,False,TOPIC_CHECK,
Oblivion.esm,INFO,00035710,,NAM1,0,,,You would violate a direct order? I should expel you now! But... this does not all fall on your shoulders. Much of the fault is mine.,직속명령을 어겼다구요? 당신도 내쫓아야겠군요!  하지만... 아니에요.. Oreyn은 비난받아야 할 사람이 아니죠.. 비난받아야 할 사람은 차라리 나에요.,record,False,True,False,False,MEDIUM,Oreyn
Oblivion.esm,INFO,00035710,,NAM1,1,,,"I love this Guild, and all its members, perhaps to a fault. My concern for them has made me blind to what's been happening around me.","난 파이터길드를 너무나 사랑했어요, 모든 멤버들도.. 그래서 실수하고 만 거에요. 그들을 너무 생각한 나머지 무슨 일이 벌어지고 있는지에 대해 눈을 감아버렸던 거에요.",record,False,False,False,False,,
Oblivion.esm,INFO,00035710,,NAM1,2,,,"Now, we must speak about what you've done, and how it will affect any further advancement in the Guild.","이젠, 당신이 한 일에 대해 진급 얘기를 할 때가 되었군요.",record,False,False,False,False,,
Oblivion.esm,DIAL,0003568E,FGD09Choice1,FULL,0,,,I worked with Modryn Oreyn.,모드린 오리언(Modryn Oreyn)과 함께 했다.,record,True,True,True,False,HIGH,"Modryn, Oreyn"
Oblivion.esm,INFO,0003570E,,NAM1,0,,,With Oreyn? He was dismissed! I should expel you now! But... no. It isn't Oreyn who is to blame. I fear it is I.,"Oreyn과? 그는 제명되었는데! 난 당장 당신을 추방해야만해! 하지만... 아니야, Oreyn은 비난받을 사람이 아니지. 난 비난 받을 사람이 바로 나라는 것이 두려워.",record,False,True,False,False,MEDIUM,"Oreyn, Oreyn"
Oblivion.esm,INFO,0003570E,,NAM1,1,,,"I love the Fighters Guild, and all its members, perhaps to a fault. I fear my concern for them has made me blind to what's been happening around me. ","난 파이터길드를 사랑했어, 그리고 이곳에 속한 모든 대원들도. 아마 그게 잘못이었겠지. 그들에 대한 지나친 염려가 내 주변에서 무슨 일이 벌어지고 있는지도 보지 못하게 만든 거야. 난 그게 겁이나. ",record,False,False,False,False,,
Oblivion.esm,INFO,0003570E,,NAM1,2,,,"If it were not for you, and Oreyn... I dare not think it. Now, we must speak about what you've done, and how it will affect any further advancement.","만약 당신이 아니었다면, 또한 Oreyn이 아니었다면... 상상할 엄두도 나지 않는군. 이제, 우린 당신이 한 일과, 이것이 당신의 진급에 미칠 영향을 이야기 해야 할 것 같군.",record,False,True,False,False,MEDIUM,Oreyn
Oblivion.esm,DIAL,0003568F,advancementFG,FULL,0,,,Advancement,진급,record,False,False,True,False,TOPIC_CHECK,
Oblivion.esm,INFO,0003570F,,NAM1,0,,,"Because of your actions, I am hereby stripping you of your rank of Champion. You were reckless, foolhardy, and dangerous to yourself and the Guild.","자네의 행동에 근거해서, 이 시간부로 자네의 챔피언 계급을 박탈한다. 자넨 무모하고, 고집불통에, 길드와 스스로에게도 위험이 되기 때문이다.",record,False,False,False,False,,
Oblivion.esm,INFO,0003570F,,NAM1,1,,,"They were also brave, and necessary. Because of this, I am hereby naming you Master of the Fighters Guild, effective immediately.",그 행동은 용감했고 또한 필요했네. 그러므로 지금 이 순간부터 자네를 파이터 길드의 마스터로 임명하겠네.,record,False,False,False,False,,
Oblivion.esm,INFO,0003570F,,NAM1,2,,,The Guild has passed me by. You are its future. Take your responsibilty seriously. I wish you luck. You still have many duties to perform.,이제 길드의 일은 내 손을 떠났어요. 당신이 길드의 미래입니다. 당신의 책무를 진지하게 받아들여주세요. 당신에게 행운이 따르길. 당신은 아직 해야할 일들이 많아요.,record,False,False,False,False,,
Oblivion.esm,INFO,0003355A,,NAM1,0,,,You've cleared every contract we've got on the books. That's some good work. You're now promoted to Champion of the Fighters Guild.,당신은 우리가 계약서에 쓴데로 모든 일을 마무리했소. 아주 잘했소. 당신은 이제 파이터길드의 챔피언이오.,record,False,False,False,False,,
Oblivion.esm,INFO,0003355A,,NAM1,1,,,"You outrank me, now, so there's certainly no more I can do for you. You might check with an old friend of yours, though.","당신은 이제 제 상관입니다, 그래서 더이상 제가 당신에게 해드릴수 있는일이 없군요. 당신의 오랜 친구를 찾아가 보는게 좋을것 같습니다.",record,False,False,False,False,,
Oblivion.esm,INFO,0003355A,,NAM1,2,,,"Rumor has it that Oreyn's looking for you. You didn't hear it from me, though. Good work, and good luck.",Oreyn이 당신을 찾는다는 소문이 들리더군요. 당신은 제게 아무런 소리도 못들은겁니다. 그럼 잘 해내시기를 행운을 빕니다.,record,False,True,False,False,MEDIUM,Oreyn
Oblivion.esm,INFO,0003355C,,NAM1,0,,,"You've done good work, and you deserve better than your current rank. I'm restoring your previous rank of Guardian. Congratulations.","잘 해내셨습니다, 당신은 지금 현재 계급보다 더 높은 계급을 받을 자격이 있습니다. 전 당신을 예전 계급이었던 가디언으로 돌려드리겠습니다. 축하드립니다.",record,False,False,False,False,,
Oblivion.esm,INFO,0003355D,,NAM1,0,,,"Look, I can't promote you. Not now. You'll need to get some contracts completed, and then I can do it.","이봐요, 전 당신을 승급시킬수 없습니다.지금상태로는 안되겠군요. 몇가지 계약을 더 완수하고 오십시오, 그럼 그때 승급시켜드리겠습니다.",record,False,False,False,False,,
Oblivion.esm,INFO,0003355B,,NAM1,0,,,"You've been doing a good job, and under a lot of scrutiny. I've been authorized to promote you to the rank of Guardian. Good work.","많은 감시속에서도, 일을 아주 훌륭히 잘 해냈소. 난 당신을 공인된 가디언으로 승급시켰소.",record,False,False,False,False,,
Oblivion.esm,INFO,0003355E,,NAM1,0,,,"Your accomplishments are impressive. Because of this, I bestow upon you the rank of Warder of the Fighters Guild.",당신의 성공은 정말 놀랍군요. 그런고로 당신에게 파이터길드의 Warder의 계급을 부여합니다.,record,False,True,False,False,MEDIUM,Warder
Oblivion.esm,INFO,0003355F,,NAM1,0,,,"Your service to the guild has not gone unnoticed. Henceforth, you will carry the rank of Defender. Bear the title proudly.","당신은 남모르게 길드에 많은 봉사와 헌신을 하였습니다. 금후, 당신은 Defender의 계급을 가지게 될것입니다. 자랑으로 여기셔도 됩니다.",record,False,True,False,False,MEDIUM,Defender
Oblivion.esm,INFO,00033562,,NAM1,0,,,You're due for advancement. I hereby name you Protector of the Fighters Guild.,당신은 승급하기에 적합합니다. 이에 의하여 당신에게 파이터길드의 Protector의 계급을 수여합니다.,record,False,True,False,False,MEDIUM,Protector
Oblivion.esm,INFO,00033563,,NAM1,0,,,"You've done well. Because of your efforts, you have achieved the rank of Swordsman of the Fighters Guild.","아주 잘해내셨습니다. 당신의 노력에 의거하여, 파이터길드의 Swordsman의 계급을 달성하셨습니다.",record,False,True,False,False,MEDIUM,Swordsman
Oblivion.esm,INFO,00033565,,NAM1,0,,,"Looks like it is time for a promotion. Due to your performance, I name you Journeyman of the Fighters Guild.","승급할 시간이 된것 같군요. 당신의 공적은 충분하므로, 당신에게 파이터길드의 Journeyman의 이름을 부여합니다.",record,False,True,False,False,MEDIUM,Journeyman
Oblivion.esm,INFO,00033567,,NAM1,0,,,You have done well so far. I hereby promote you to Apprentice. Good luck.,아주 훌륭히 잘 해내셨습니다. 이로써 당신은 Apperentice로 진급합니다. 행운을 빕니다.,record,False,True,False,False,MEDIUM,Apperentice
Oblivion.esm,INFO,0003356C,,NAM1,0,,,You will advance through the ranks of the Fighters Guild when you have proven your merit.,당신이 당신의 가치를 증명해 보였을때에 파이터길드내의 계급이 올라갈 것입니다..,record,False,False,False,False,,
Oblivion.esm,INFO,0003356C,,NAM1,1,,,"As you complete contracts and fulfill your duties, you'll be promoted to the next station, accepting the associated duties and responsibilities.","당신이 임무를 완수했을때 혹은 계약을 완료했을때에, 다음 계급으로의 진급이 가능하게 될것입니다, 조합의 규율을 지키고 책임감을 가지십시오.",record,False,False,False,False,,
Oblivion.esm,INFO,0003356C,,NAM1,2,,,"Be aware, though, that your rank can be stripped for failure to uphold the tenets of the guild, or at my discretion.","알다시피, 당신의 계급에서는 길드의 규율을 떠받치기 위해 혹은 제 판단에 의해 실패하면 해고(추방)될수 있습니다. ",record,False,False,False,False,,
Oblivion.esm,INFO,0003356D,,NAM1,0,,,You will advance through the ranks of the Fighters Guild when you have proven your merit.,당신이 당신의 가치를 증명해 보였을때 파이터 길드내의 계급이 올라갈것입니다.,record,False,False,False,False,,
Oblivion.esm,INFO,0003356D,,NAM1,1,,,"As you complete contracts and fulfill your duties, you'll be promoted to the next station, accepting the associated duties and responsibilities.","당신이 의무를 지키고 계약을 완료하였을때, 다음 계급으로 진급할수있습니다, 조합의 규칙을 지키고 책임감을 가지십시오.",record,False,False,False,False,,
Oblivion.esm,INFO,0003356D,,NAM1,2,,,"Be aware, though, that your rank can be stripped for failure to uphold the tenets of the guild, or at the sole discretion of the guildmaster.","아시다시피, 당신의 계급에서는 길드의 규율을 떠받치기 위해 혹은 길드마스터의 직접적인 재량에의해 실패하면 해고(추방)될수 있습니다.",record,False,False,False,False,,
Oblivion.esm,INFO,0003356E,,NAM1,0,,,"There's really no more I can promote you. After all, you do outrank me.",이제 더이상 제가 진급시킬수 있는 계급이 없습니다. 이제 당신이 제 윗 계급입니다.,record,False,False,False,False,,
Oblivion.esm,INFO,0003356F,,NAM1,0,,,"I'm sorry. You're not yet ready for a promotion. Keep completing contracts, and take care of any assigned duties.","죄송합니다. 당신은 아직 승급할 준비가 되지 않았습니다. 계약을 완수하시고, 지정받은 규율을 신경쓰도록 하십시오.",record,False,False,False,False,,
Oblivion.esm,INFO,00035711,,NAM1,0,,,"Ha! Made you Guildmaster? Amazing. You earned it, though you'll likely muck it all up. So, what are you going to do with your newfound rank?","하! 자네가 길드마스터가 돼? 놀랍군. 왠지 자네가 다 난장판으로 만들어 버릴 것 같긴 하지만, 자네는 결국 해냈네. 그래, 새로운 계급이 되었으니 무엇을 할 것인가?",record,False,False,False,False,,
Oblivion.esm,DIAL,00035690,BearclawHelmTOPIC,FULL,0,,,Helm of Oreyn Bearclaw,오리언 베어클러의 헬멧(Helm of Oreyn Bearclaw),record,True,True,True,False,HIGH,"Helm, of, Oreyn, Bearclaw"
Oblivion.esm,INFO,0003570D,,NAM1,0,,,"It belonged to an ancestor, Oreyn Bearclaw, but was lost for centuries. It was found only when Malacath wrongly believed my family line ended.","Oreyn Bearclaw, 이 물건은 조상 대대로 전해져온 물건이네. 헌데 몇백년간 잃어버렸었어. 말라카스(Malacath)가 내 가문의 대가 끊겼다고 오인해서 결국 찾게 되었지.",record,True,True,False,False,HIGH,"Oreyn, Bearclaw, Malacath"
Oblivion.esm,INFO,0003570D,,NAM1,1,,,"It was returned to me by a stranger from my homeland, Morrowind. Wear it proudly. Perhaps you can help restore the glory of my family's name.","내 고향, 모로윈드(Morrowind)에서 어떤 이방인이 내게 돌려주었네. 자랑스럽게 써주게. 아마 자네라면 내 가문의 이름값을 되찾는데 도움을 줄 거라 생각하네.",record,True,True,False,False,HIGH,Morrowind
Oblivion.esm,DIAL,00035691,WatersEdgeTOPIC,FULL,0,,,Waters Edge,워터스 에지(Waters Edge),record,True,True,True,False,HIGH,"Waters, Edge"
Oblivion.esm,INFO,000356FE,,NAM1,0,,,"No. The entire town... I realize you must be disgusted with yourself. I'm sorry for that. It was the Hist Sap, though, not you. ",안돼. entire town... 나는  당신스스로 혐오스럽게 되는걸 실감했어. 저것은 미안하네. 저것은 Hist Sap 이긴하지만 너는 아냐. ,record,False,True,False,False,MEDIUM,"entire, town, Hist, Sap"
Oblivion.esm,INFO,000356FE,,NAM1,1,,,We now know the threat this group poses. Perhaps better than they themselves know it. We must take decisive action now.,이제 우리는 이 패거리들이 가져온 위험을 알았다. 아마도 그들 자신스스로 그것에대해 잘 알걸있을걸. 이제는 단호히 행동할 때다.,record,False,False,False,False,,
Oblivion.esm,INFO,000356FF,,NAM1,0,,,I'm worried about those people. The Blackwood Company can't be trusted with their lives and homes. Get there and look into it.,이사람들이 걱정된다. 블랙우드컴퍼니는 그들의 생활과 집에서 정직하게 될수없어. 그곳에가서 봐봐.,record,False,False,False,False,,
Oblivion.esm,DIAL,00035692,FGD08Choice4,FULL,0,,,You smuggle Hist Sap?,히스트 수액(Hist Sap)을 밀수했다고?,record,True,True,True,False,HIGH,"Hist, Sap"
Oblivion.esm,INFO,000356F5,,NAM1,0,,,"Don't be stupid. We have returned with the Hist itself. One beautiful Hist, who gives her gifts to all the Company.",멍청한 소리 마라. Hist그 자체를 들여왔다. 우리의 아름다운 Hist.. 모든 용병동료에게 선물을 주지..,record,False,True,False,False,MEDIUM,"Hist, Hist"
Oblivion.esm,INFO,000356F5,,NAM1,1,,,The clever mages made it possible. Magic and iron. But this is not the time to talk. You drink your gift and go with your new brothers.,한 똑똑한 마법사가 그것을 가능하게 했다. 마법과 쇳덩이를 써서. 지금 얘기할 때는 아니다. 네게 준 선물을 새로운 형제들과 함께 마셔라.,record,False,False,False,False,,
Oblivion.esm,DIAL,00035693,FGD08Choice3,FULL,0,,,What is this?,이건 뭐요?,record,False,False,True,False,TOPIC_CHECK,
Oblivion.esm,INFO,000356F4,,NAM1,0,,,"This? Why, it is a gift from the swamps of Argonia. Sap of the Hist. A present from my homeland. The Hist are generous to us. So generous.","이거? 이건 아르고니아의 늪지가 준 선물이지. Hist나무의 수액이다. 우리 고향의 것이지. Hist는 우리 민족에게 아주 자비롭고, 은혜로와.",record,False,True,False,False,MEDIUM,"Hist, Hist"
Oblivion.esm,DIAL,00035694,FGD08Choice2,FULL,0,,,I heard the money is good.,급료가 좋다고 들었소.,record,False,False,True,False,TOPIC_CHECK,
Oblivion.esm,DIAL,00035695,FGD08Choice1,FULL,0,,,No jobs with the Guild.,길드에 일거리가 없소.,record,False,False,True,False,TOPIC_CHECK,
Oblivion.esm,INFO,000356EF,,NAM1,0,,,No jobs? Ha! There is much work to be done here in Cyrodiil! The Blackwood Company is more than willing to do it.,Cyrodiil에는 엄청 잡일이 많다고! 블랙우드 용병단은 기꺼이 그 일들을 하고 있지. ,record,False,True,False,False,MEDIUM,Cyrodiil
Oblivion.esm,INFO,000356EF,,NAM1,1,,,"You don't look strong enough to me, though. A bit inexperienced, perhaps. Still, maybe we will find work for you. You may join. For now.",하지만 넌 그렇게 강해 보이지 않는데. 경험도 모자르고. 아마. 음.. 너에게 맞는 일이 있을지 모르지. 일단 가입은 시켜주마.,record,False,False,False,False,,
Oblivion.esm,INFO,000356EF,,NAM1,2,,,"Since you seem eager to get started, follow me to the training area. We've got a mission you might want a piece of.","얼른 일을 시작하고 싶어하는 것 같으니, 훈련장으로 따라와라. 네가 낄 수 있는 일이 마침 있다.",record,False,False,False,False,,
Oblivion.esm,DIAL,00035696,jointheBlackwoodCompany,FULL,0,,,Join the Blackwood Company,블랙우드 컴퍼니 가입,record,False,False,True,False,TOPIC_CHECK,
Oblivion.esm,INFO,000356EE,,NAM1,0,,,You want to join us? Hmm... another guild rat leaving the ship. Very well. Speak with Jeetum-Ze. He handles recruitment here.,가입하기 원해? 흠.. 다른 길드쥐새끼들은 배를 떠났어. 좋아. Jeetum-Ze와 이야기해봐. 그는 이곳에서 신병을 다루지.,record,False,True,False,False,MEDIUM,Jeetum-Ze
Oblivion.esm,INFO,000A5652,,NAM1,0,,,"You wish to join the Blackwood Company, do you? Hmm...I think I've heard of you, though.",블랙우드 컴퍼니에 가입하는걸 넌 원하지않냐? 흠... 내기억으론 너에대해 들은것같긴하지만.,record,False,False,False,False,,
Oblivion.esm,INFO,000A5652,,NAM1,1,,,"Fighters Guild, aren't you? Done many jobs for them recently. Yes. What makes you want to join us? ",그렇지 않냐? 최근 그들을 위해 많은 일을 했었어. 맞아. 우리들을 가입을 원하는 너한테 무엇을 시켰냐? ,record,False,False,False,False,,
Oblivion.esm,DIAL,00035697,FGD07Choice2,FULL,0,,,How large is the Blackwood Company?,블랙우드 컴퍼니의 규모는?,record,False,False,True,False,TOPIC_CHECK,
Oblivion.esm,INFO,00098198,,NAM1,0,,,We are over one hundred strong now. We grow by the day!,우린 백명도 넘는다. 매일매일 증가하고 있지! ,record,False,False,False,False,,
Oblivion.esm,DIAL,00035698,FGD07Choice1,FULL,0,,,You're coming with me.,나와 같이 가죠.,record,False,False,True,False,TOPIC_CHECK,
Oblivion.esm,INFO,000356E1,,NAM1,0,,,"Fine, fine. I'll come with you. My guards are dead. You win, for now.","좋아, 좋아. 당신과 함께가도록 하지. 내 경비병들은 죽었어. 당신이 이겼어, 지금은.",record,False,False,False,False,,
Oblivion.esm,INFO,000356E0,,NAM1,0,,,Come with you? Not likely. I know some of my men are still alive. Guards! Attack!,당신과 함께 간다고? 썩 내키지 않는군. 난 내 수하중 몇몇이 아직 살아있는걸 알아. 경비! 습격이다! ,record,False,False,False,False,,
Oblivion.esm,DIAL,00035699,RiZakarTopic,FULL,0,,,Ri'Zakar,리자카(Ri'Zakar),record,True,True,True,False,HIGH,Ri'Zakar
Oblivion.esm,INFO,00035702,,NAM1,0,,,"He's a warrior, a battle-hardened mercenary who's spent time all over Tamriel. He'll keep his prize tree locked away. You'll need to find his key.",그는 일생을 Tamriel에서 보내며 전투로 단련한 용병이다. 나무가 있는 곳은 필시 굳게 잠가놨겠지. 열쇠를 꼭 구해야 한다.,record,False,True,False,False,MEDIUM,Tamriel
Oblivion.esm,DIAL,0003569A,HistTreeTopic,FULL,0,,,Hist Tree,히스트 나무(Hist Tree),record,True,True,True,False,HIGH,"Hist, Tree"
Oblivion.esm,INFO,00035701,,NAM1,0,,,"Well done! With that tree gone, the Blackwood Company is just another band of mercenaries. Cyrodiil is a safer place for what you've done.","잘했어! 이제 그 나무가 없어졌으니, 블랙우드 용병단도 여느 조그만 용병집단과 다를게 없다. 덕분에 Cyrodiil에도 안전이 돌아왔어..",record,False,True,False,False,MEDIUM,Cyrodiil
Oblivion.esm,INFO,00035701,,NAM1,1,,,"I want you to take this. May it serve you well. Now, you should tell Vilena Donton what has happened.","자네가 이것을 갖게. 도움이 될거야. 이제, Vilena Donton에게 무슨 일이 있었는지 보고하게나... ",record,False,True,False,False,MEDIUM,"Vilena, Donton"
Oblivion.esm,INFO,00035701,,NAM1,2,,,"Perhaps she will understand what it is we have done. I believe our work is now finished. You are a fine soldier, my friend. You've made me proud.","아마 그녀도 우리가 해낸 일을 이해해 줄거네. 모든 건 이제 끝났어. 자네는 멋진 전사야, 친구. 난 자네가 자랑스럽다네..",record,False,False,False,False,,
Oblivion.esm,INFO,0003570C,,NAM1,0,,,"This tree is the source of our problems. It is an abomination of nature, and it must be destroyed.",무엇을 해야 할지는 분명하다. Hist나무는 파괴되어야 한다..이 나무가 모든 문제의 원흉이야. 역겨운 것 같으니.. 반드시 부숴야 해,record,False,True,False,False,MEDIUM,Hist
Oblivion.esm,INFO,0003570C,,NAM1,1,,,"As long as the Blackwood Company has access to the sap, we are all in danger. I fear they no longer know what they do.","블랙우드 용병단이 수액을 계속 사용하는 한, 우린 모두 위험 속에 있는 것이다. 그들은 자기들이 무슨 짓을 하는지도 모르니까.",record,False,False,False,False,,
Oblivion.esm,INFO,0003570C,,NAM1,2,,,"You must find a way to destroy the Hist, though I can imagine Ri'Zakar will have it well guarded. Expect an unfriendly welcome at their hall.",자네는 반드시 Hist나무를 파괴할 방법을 찾아야 한다. Ri'Zakar는 분명 철벽방어선을 구축해놨겠지. 그들의 본부에서 좋은 대접을 받기는 기대하지 말게.,record,False,True,False,False,MEDIUM,"Hist, Ri'Zakar"
Oblivion.esm,DIAL,0003569B,HistSapTopic,FULL,0,,,Hist Sap,히스트 수액(Hist Sap),record,True,True,True,False,HIGH,"Hist, Sap"
Oblivion.esm,INFO,000356FC,,NAM1,0,,,Amazing. And insane. I'll look into it further.,놀랍군. 그리고 미쳤어. 그것이 더욱 심각해졌다고 보여.,record,False,False,False,False,,
Oblivion.esm,INFO,000A3453,,NAM1,0,,,They're using Hist Sap? And they claim to have brought a tree into Cyrodiil? Amazing. I can't imagine what the sap might do to non-Argonians.,그들이 Hist Sap를 사용했냐? 그리고 그들은 틀림없이 시로딜안으로 특정나무를 가져오도록 요구했겠지? 나는 아마도 the sap이 아르고니안아닌 사람에게 무엇을 할지 상상도 할수없어.,record,False,True,False,False,MEDIUM,"Hist, Sap, the, sap"
Oblivion.esm,INFO,000A3453,,NAM1,1,,,"I'm a bit surprised it affected you the way it did, given your heritage. Perhaps something's tainted it. I'm concerned about Water's Edge.","몹시놀랬다. 그것의 너에게 어떤방법으로 영향을 줄지, 너의 유산을 쥐게될지. 아마도 어떤것들은 그것에 오염됬을거야. 나는 Water's Edge에 대해 염려스러워.",record,False,True,False,False,MEDIUM,"Water's, Edge"
Oblivion.esm,INFO,000A3453,,NAM1,2,,,I want you to go back there. Make sure the Company hasn't ousted the residents. Lay low. I don't want them finding you there.,돌아기길 원해. 그 회사가 주거자를 내쫒지 않았는지 천천히 확인해봐. 네가 그곳에서 그들을 을 찾았다는것 원하지않아.,record,False,False,False,False,,
Oblivion.esm,INFO,000356FD,,NAM1,0,,,They're using Hist Sap? And they claim to have brought a tree into Cyrodiil? Amazing. I can't imagine what the sap might do to non-Argonians.,그들이 Hist Sap을 이용했지? 그리고 그들은 틀럽없이 시로딜안에 특정 나무에 가져오는 것을 요구했을거야? 놀랍군. 나는 그수액이 아르고니안이 아닌 사람에게 무엇을할지 상상도 할수없어.,record,False,True,False,False,MEDIUM,"Hist, Sap"
Oblivion.esm,INFO,000356FD,,NAM1,1,,,I'm not surprised you were found the way you were. I imagine those men have built up a tolerance to the stuff.,너자신만의 방법을 찾는것이 당연하다. 나는 이들이 그 물건의 내성을 가지고 있다고 생각해.,record,False,False,False,False,,
Oblivion.esm,INFO,000356FD,,NAM1,2,,,I'm concerned about Water's Edge. I want you to go back there. Make sure the Company hasn't ousted the residents. Lay low.,나는 Water's Edge에 대해 염려스러워. 그곳으로 돌아가길 원해. 그 회사가 주거자를 내쫒지 않았는지 천천히 확인해봐.,record,False,True,False,False,MEDIUM,"Water's, Edge"
Oblivion.esm,DIAL,0003569C,mission,FULL,0,,,Mission,작전,record,False,False,True,False,TOPIC_CHECK,
Oblivion.esm,INFO,000356F1,,NAM1,0,,,"We have been contracted by the town of Water's Edge to rid their town of goblins. They've been raiding for days, and appear to be in large numbers.",Water's Edge에 고블린을 제가하기위해 우리는 마을과 계약했었다. 많은수의 고블린들이 하루종일 나타나서 마을을 습격했어.,record,False,True,False,False,MEDIUM,"Water's, Edge"
Oblivion.esm,INFO,000356F1,,NAM1,1,,,"The four of you here will go. I believe it should suffice, given our record of success. Take this. It will help you in battle.","여기있는 너희 4명이 가게 될거다. 그것은 너희들이면 충분한거라 믿어, 성공할거야. 이거 받아. 싸움에 도움을줄거야.",record,False,False,False,False,,
Oblivion.esm,INFO,000356F2,,NAM1,0,,,"A simple mission, nothing more. You should be fine. Please, head downstairs, and I'll brief you further.","매우 간단한 임무야. 기분이 좋아질걸. 선두로 계단을 내려가는걸 부탁해, 그리고 간혹 나는 간결하게 명령을 할거야",record,False,False,False,False,,
Oblivion.esm,DIAL,0003569D,infiltrate,FULL,0,,,Infiltrate,침투하기,record,False,False,True,False,TOPIC_CHECK,
Oblivion.esm,INFO,000356EB,,NAM1,0,,,I want you to get to Leyawiin and join the Blackwood Company. Find the secret of their success.,네가 블랙우드 컴퍼니에 가입하기위해 레이어윈(Leyawiin)가는것을 바래. 그들의 성공비밀을 찾아.,record,True,True,False,False,HIGH,Leyawiin
Oblivion.esm,INFO,000356EB,,NAM1,1,,,"You'll be on your own. Steer clear of me and all of your Fighters Guild brothers. It'll be rough going, but you can do it.",너 스스로 해쳐나게게 될거야. 모든 파이터길드 형제들과 나를 확실히 이끌어줘. 그건 매우 힘든길이 될거야. 하지만 너는 할수있을 거야.,record,False,False,False,False,,
Oblivion.esm,DIAL,0003569E,AjumKajinTopic,FULL,0,,,Ajum Kajin,아줌-카진(Ajum-Kajin),record,True,True,True,False,HIGH,Ajum-Kajin
Oblivion.esm,INFO,000356B8,,NAM1,0,,,"You got some information out of him, which is good. We can use it. Here, take this. It might help you some time.","약간의 정보는 얻었다. 유용하게 쓸 수 있겠지. 자, 이걸 가져가. 어떨 때는 도움이 될거다.",record,False,False,False,False,,
Oblivion.esm,INFO,000356C7,,NAM1,0,,,"You've brought him back. Good. I want to know the size of their forces, and who is leading them. I also want to know the source of their strength.","잡아왔군그래. 잘했다. 이제 그놈들의 규모와, 리더와, 파워의 원천에 대해 알아볼 시간이다. ",record,False,False,False,False,,
Oblivion.esm,INFO,000356C7,,NAM1,1,,,"Do what you must to make him talk. If you can smooth talk him, fine. If you need to rough him up, so be it. But don't kill him. We need him to talk.","자네가 그놈이 입을 열도록 한번 해봐. 부드럽게 할 수 있으면 좋지만, 거칠게 하고 싶으면 그렇게 해. 단, 죽이지는 말아. 입을 열게 해야 한다.",record,False,False,False,False,,
Oblivion.esm,INFO,000356C7,,NAM1,2,,,"Now, go tell him to sit down. If he tries to get up, I'll kill him myself.",이제 그놈에게 저 의자에 앉으라고 해. 일어나기만 하면 목을 날려버릴테니.,record,False,False,False,False,,
Oblivion.esm,INFO,000356E6,,NAM1,0,,,"He's the one in charge of this expansion. I know he's a high-ranking member of the group. An Argonian mage, from what I hear.",그도 일이 이렇게 커진데에 책임이 있어. 난 그가 단체에서 높은 계급인걸 알거든. 아르고니안 마법사에게서 들었어.,record,False,False,False,False,,
Oblivion.esm,DIAL,00035C4E,MQ05GwinasB1,FULL,0,,,Don't play stupid.,발뺌할 생각 마시오.,record,False,False,True,False,TOPIC_CHECK,
Oblivion.esm,INFO,00035C60,,NAM1,0,,,"Very well. I can see you're familiar with Mankar Camoran's ""Commentaries.""","좋아, 맨카 케모런(Mankar Camoran)의 ""논평집""에 대해 어느정도 알고있는 것 같으니 말인데.",record,True,True,False,False,HIGH,"Mankar, Camoran"
Oblivion.esm,INFO,00035C60,,NAM1,1,,,"I know that daedric cults are not quite the thing socially, but that's just foolish prejudice and superstition.",나도 데이드릭 신앙이 사회로부터 환영 받지 못한다는 건 알고 있소. 하지만 그건 어리석은 선입견이자 미신에 지나지 않소.,record,False,False,False,False,,
Oblivion.esm,INFO,00035C60,,NAM1,2,,,"For the adventurous, open-minded thinker, daedric worship holds many rewards.",모험심 강하고 열린 생각을 가진 사람들에게 데이드릭 숭배는 많은 보상을 줄 것이오.,record,False,False,False,False,,
Oblivion.esm,DIAL,00035C50,MQ05GwinasA8,FULL,0,,,I'm looking for Volume 4.,4권을 찾고 있소.,record,False,False,True,False,TOPIC_CHECK,
Oblivion.esm,INFO,00035C5E,,NAM1,0,,,What makes you think that I know how to get it? And why would I tell you even if I did know?,"내가 그걸 구할 방법을 안다고 생각하는 이유가 뭐요? 또, 안다고 해도 내가 당신에게 얘기해 줄 이유는 또 뭐요?",record,False,False,False,False,,
Oblivion.esm,DIAL,00035C53,MQ05GwinasA7,FULL,0,,,I stole Volume 3 from Phintias.,핀티아즈(Phintias)로부터 3권을 훔쳤소.,record,True,True,True,False,HIGH,Phintias
Oblivion.esm,INFO,00035C5C,,NAM1,0,,,Outrageous! And you have the nerve to brag about it to my face? I have half a mind to call the guards and have you arrested!,어처구니가 없군! 그걸 지금 자랑이라고 떠버리는 거요? 당장 경비병을 불러 당신을 체포해 버리겠소!,record,False,False,False,False,,
Oblivion.esm,DIAL,00035C56,MQ05GwinasA6,FULL,0,,,Phintias sold me Volume 3.,핀티아즈(Phintias)가 3권을 내게 팔았소.,record,True,True,True,False,HIGH,Phintias
Oblivion.esm,INFO,00035C5A,,NAM1,0,,,What? Phintias sold you my copy? This is outrageous! I must speak to Phintias at once. That book is mine!,뭐? 핀티아즈(Phintias)가 당신에게 사본을 팔았다고? 어처구니가 없군! 당장 핀티아즈(Phintias)에게 따져야겠소. 그 책은 내 책이오!,record,True,True,False,False,HIGH,"Phintias, Phintias"
Oblivion.esm,DIAL,00035C66,MS26FileCharges,FULL,0,,,Testify against Audens Avidius,아우덴스 아비디우스에게 불리한 증언,record,False,False,True,False,TOPIC_CHECK,
Oblivion.esm,INFO,00035CA3,,NAM1,0,,,You want me to publically accuse Audens Avidius of corruption? I'd sooner swim naked in a pool filled with slaughterfish and mudcrabs!,공개적으로 Audens Avidius를 고발하는데 내가 필요하다고? slaughterfish와 mudcrab로 채워진 수영장에서 나체로 수영하는 게 낫겠다!,record,False,True,False,False,MEDIUM,"Audens, Avidius, slaughterfish, mudcrab"
Oblivion.esm,INFO,00035CA4,,NAM1,0,,,Testify against a Watch Captain and accuse him of corruption? I don't think I'm willing to risk doing that.,경비병 대장에게 불리한 증언을 해서 부정행위로 그를 고발한단 말이오? 내가 그 같은 위험을 기꺼이 감수할 거란 생각이 안 드는구려.,record,False,False,False,False,,
Oblivion.esm,INFO,00035CA5,,NAM1,0,,,"This may be the stupidest thing I've ever done, but I'll testify against Audens Avidius. I suppose someone has to stand up to him.",이것은 내가 해본 것 중 가장 어리석은 일이 될 지도 모르겠소. 하지만 난 Audens Avidius에게 불리한 증언을 할 것이오. 난 누군가는 그에게 맞서야 한다고 생각하오.,record,False,True,False,False,MEDIUM,"Audens, Avidius"
Oblivion.esm,INFO,00035CA5,,NAM1,1,,,I'll find Itius Hayn first thing in the morning.,아침에 먼저 Itius Hayn을 찾을 것이오.,record,False,True,False,False,MEDIUM,"Itius, Hayn"
Oblivion.esm,INFO,000363BE,,NAM1,0,,,"This may be the stupidest thing I've ever done, but I'll testify against Audens Avidius. I suppose someone has to stand up to him.",이것은 내가 해본 것 중 가장 어리석은 일이 될 지도 모르겠소. 하지만 난 Audens Avidius에게 불리한 증언을 할 것이오. 난 누군가는 그에게 맞서야 한다고 생각하오.,record,False,True,False,False,MEDIUM,"Audens, Avidius"
Oblivion.esm,INFO,00035CA6,,NAM1,0,,,You want me to testify against Audens Avidius? You're crazy. Exactly how do you intend to persuade me to do that?,내가 Audens Avidius에게 불리한 증언을 해주길 원한다고요? 당신 미쳤구려. 그걸 하기 위해 정확히 날 어떻게 설득할 작정이오?,record,False,True,False,False,MEDIUM,"Audens, Avidius"
Oblivion.esm,INFO,00035CA7,,NAM1,0,,,"You've convinced me. If I don't stand up to him, who will? I just hope I'm not committing suicide.","당신이 날 납득시켰구려. 내가 그에게 맞서지 않는다면, 누가 하겠소? 다만 내가 자멸하지 않기만을 바랄 뿐이오.",record,False,False,False,False,,
Oblivion.esm,INFO,00035CA7,,NAM1,1,,,I do it first thing in the morning.,아침에 먼저 그걸 하리다.,record,False,False,False,False,,
Oblivion.esm,INFO,000363D3,,NAM1,0,,,"You've convinced me. If I don't stand up to him, who will? I just hope I'm not committing suicide.","당신이 날 납득시켰구려. 내가 그에게 맞서지 않는다면, 누가 하겠소? 다만 내가 자멸하지 않기만을 바랄 뿐이오.",record,False,False,False,False,,
Oblivion.esm,DIAL,00035C75,MS26JustGuess,FULL,0,,,Just a guess. Aren't they all?,그게 전부는 아닌거 같은데?,record,False,False,True,False,TOPIC_CHECK,
Oblivion.esm,INFO,00035CA2,,NAM1,0,,,I don't know what you're talking about. Get out of my shop.,당신이 뭘 얘기하는 지 모르겠군요. 내 가게에서 나가요.,record,False,False,False,False,,
Oblivion.esm,DIAL,00035C76,MS26FromCustomers,FULL,0,,,Two of your customers told me.,2명의 손님에게 이야기 들었소.,record,False,False,True,False,TOPIC_CHECK,
Oblivion.esm,INFO,00035CA1,,NAM1,0,,,"Ruslan and Luronk. Those idiots don't know when to stay quiet. Look, I'm not telling you anything, stranger. I don't trust you.","Ruslan과 Luronk군요. 그 바보들은 조용히 있어야할 때를 모른다니까. 이봐요, 난 아무것도 말하지 않아요, 낯선 양반. 난 당신을 믿지 않아요.",record,False,True,False,False,MEDIUM,"Ruslan, Luronk"
Oblivion.esm,DIAL,00035C7F,MS26ShopkeeperReport,FULL,0,,,Why didn't Jensine report him?,젠신(Jensine)은 왜 그를 신고하지 않았나요?,record,True,True,True,False,HIGH,Jensine
Oblivion.esm,INFO,00035CA0,,NAM1,0,,,He's shaken down most of the shopkeepers in the Market District. They're all too afraid of him to do anything. Jensine wouldn't even talk about it.,그자는 상가(Market) 지역에 있는 대부분의 상인들로부터 돈을 빼앗아왔소. 그들은 뭔가를 하기엔 그자를 너무 두려워하고 있지. Jensine은 심지어 그것에 관해선 말도 안했을 거요.,record,True,True,False,False,HIGH,"Market, Jensine"
Oblivion.esm,INFO,00035CA0,,NAM1,1,,,Someone ought to do something about him.,누군가는 그자에 대해서 뭔가를 해야만 하오.,record,False,False,False,False,,
Oblivion.esm,DIAL,00035C80,MS26CorruptGuard,FULL,0,,,Corrupt Imperial Watchman,부패한 제국 경비대,record,False,False,True,False,TOPIC_CHECK,
Oblivion.esm,INFO,00035C98,,NAM1,0,,,"I don't know his name, but I'd recognize him if I saw him again.",그자의 이름은 모르겠습니다. 하지만 다시 그자를 본다면 알아볼 수 있어요.,record,False,False,False,False,,
Oblivion.esm,INFO,00035C98,,NAM1,1,,,"Luronk and I were shopping at Jensine's when he accused us of stealing. Even Jensine said we were innocent, but he didn't care.","그자가 우릴 절도 혐의로 고발했을 때, Luronk와 난 Jensine의 가게에서 장보는 중이었습니다. 심지어 Jensine도 우리가 결백하다고 말했지만 그자는 신경쓰지 않았어요.",record,False,True,False,False,MEDIUM,"Luronk, Jensine, Jensine"
Oblivion.esm,INFO,00035C98,,NAM1,2,,,"We had to pay his ""fine"" or go to jail.","우리는 ""벌금""을 내거나 감옥에 가야 했죠.",record,False,False,False,False,,
Oblivion.esm,INFO,000363B8,,NAM1,0,,,"The bastard took every coin I had with me. I don't know his name, but I know his face.","그 개자식이 내가 가진 돈을 매일 갈취해 갔소. 난 그 자의 이름은 모르오만, 그 상판 떼기는 알고 있소.",record,False,False,False,False,,
Oblivion.esm,INFO,000363B8,,NAM1,1,,,"Ruslan and I were shopping at Jensine's when he accused us of stealing. We turned out our pockets to prove we were innocent, but he didn't care.","그자가 우릴 절도 혐의로 고발했을 때, Ruslan과 난 Jensine의 가게에서 장보는 중이었소. 우린 결백을 증명하기 위해 우리 호주머니를 비워 보였소만, 그자는 신경쓰지도 않았지.",record,False,True,False,False,MEDIUM,"Ruslan, Jensine"
Oblivion.esm,INFO,000363B8,,NAM1,2,,,"We had to pay the ""fine"" or he was going to march us off to jail.","우린 ""벌금""을 내야 했소. 아님 그자가 우릴 감옥으로 끌고 갔을 테니까.",record,False,False,False,False,,
Oblivion.esm,INFO,00035C99,,NAM1,0,,,Who told you that?,누가 그런 얘길 했나요?,record,False,False,False,False,,
Oblivion.esm,INFO,00035C9A,,NAM1,0,,,I guess I can trust you. It's that bastard Audens Avidius. He's in here every month taking my wares without paying for them.,난 당신을 믿을 수 있다고 봐요. 그건 Audens Avidius라는 개자식이에요. 그잔 돈도 지불하지 않고 상품을 가지러 매달 여기에 온다구요.,record,False,True,False,False,MEDIUM,"Audens, Avidius"
Oblivion.esm,INFO,00035C9A,,NAM1,1,,,What can I do? He's a Captain of the Imperial Watch. Only another Watch Captain can arrest him. Fat chance of that happening.,내가 뭘 할 수 있죠? 그자는 Imperial 경비대의 대장입니다. 오직 경비대의 다른 대장만이 그를 체포할 수 있어요. 절대 그럴 리 없죠.,record,False,True,False,False,MEDIUM,Imperial
Oblivion.esm,INFO,00035C9B,,NAM1,0,,,I don't have time for this now. The Gray Fox is on the loose. Take this problem to Itius Hayn. He's also a Captain of the Imperial Watch.,난 지금 이럴 시간이 없소. Gray Fox가 활개치고 있단 말이오. 이 문제는 Itius Hayn에게 가져 가보시오. 그 또한 Imperial 경비대의 대장이라오.,record,False,True,False,False,MEDIUM,"Gray, Fox, Itius, Hayn, Imperial"
Oblivion.esm,INFO,00035C9C,,NAM1,0,,,I've only recently been promoted. I'm not going to cause trouble by filing charges against one of the other Watch Captains.,난 단지 최근에 진급했단 말입니다. 다른 경비대 대장들 중의 하나를 기소함으로써 문제를 일으키진 않을 겁니다.,record,False,False,False,False,,
Oblivion.esm,INFO,00035C9C,,NAM1,1,,,You could try taking your problem to Itius Hayn. Maybe he'll be willing to risk his career by arresting Audens.,그 문제를 Itius Hayn에게 가져가 보시죠. 아마도 그는 Audens를 체포함으로써 그의 경력에 대한 위험을 기꺼이 무릅쓸 겁니다.,record,False,True,False,False,MEDIUM,"Itius, Hayn, Audens"
Oblivion.esm,INFO,00035C9D,,NAM1,0,,,"These are very serious charges. If you can get two witnesses to testify against Audens Avidius, I'll arrest him. Otherwise I can't help you.","이것들은 아주 심각한 고발들이군요. 만일 당신이 Audens Avidius에게 불리한 증언을 할 두 명의 증인을 확보할 수 있다면, 내가 그를 체포하겠습니다. 대신 난 당신을 도울 수 없어요.",record,False,True,False,False,MEDIUM,"Audens, Avidius"
Oblivion.esm,INFO,00035C9E,,NAM1,0,,,Why should I trust your word? You'll have to do better than this to persuade me to take action against one of the other Watch Captains.,왜 내가 당신 말을 믿어야 합니까? 당신이 다른 경비병 대장들 중의 한 명에 대한 조치를 취하려 나를 설득하기 위해선 이보다 더 나은 걸 해야 할 겁니다.,record,False,False,False,False,,
Oblivion.esm,INFO,000363BD,,NAM1,0,,,I have two witnesses willing to testify against Audens Avidius. I'll get a warrant and arrest him.,Audens Avidius에 대한 불리한 증언을 할 두 명의 증인을 확보했습니다. 난 영장을 받아 그를 체포할 거에요.,record,False,True,False,False,MEDIUM,"Audens, Avidius"
Oblivion.esm,INFO,00035C9F,,NAM1,0,,,You must be stupid to accuse me of corruption to my face.,내 면전에서 날 부패 행위로 고발하다니 병신도 이런 병신이 없군.,record,False,False,False,False,,
Oblivion.esm,INFO,00035C9F,,NAM1,1,,,"In fact, I'm pretty sure you just attacked me. I think I need to arrest you for assaulting a member of the Imperial Watch.","사실, 방금 네가 확실히 날 습격했단 말이지. 그래서 네놈을 시 경비대장을 습격한 혐의로 체포해야겠다.",record,False,False,False,False,,
Oblivion.esm,INFO,000363C3,,NAM1,0,,,"If you've got a complaint, tell it to the Watch Captain. I've got better things to do than listen to you whine.","불만이 있거든, 시 경비대장에게 가서 얘기하세요. 당신의 불만을 듣는 것보다 더 중요한 일이 있단 말입니다.",record,False,False,False,False,,
Oblivion.esm,DIAL,00035C81,MS26NoCoins,FULL,0,,,Sorry. I'm broke myself.,"미안하지만, 가진게 없소.",record,False,False,True,False,TOPIC_CHECK,
Oblivion.esm,INFO,00035C97,,NAM1,0,,,I don't get paid until tomorrow. I guess I'll just have to wait to eat 'til then.,난 내일까지 수당을 받지 못한다오. 그때까지는 굶어야만 할 것 같구려.,record,False,False,False,False,,
Oblivion.esm,DIAL,00035C82,MS26GiveCoins,FULL,0,,,Take three. I have plenty to spare.,3골드 받으시오. 나는 충분히 있소.,record,False,False,True,False,TOPIC_CHECK,
Oblivion.esm,INFO,00035C94,,NAM1,0,,,Blessings of Akatosh upon you!,Akatosh의 축복이 당신에게 있기를!,record,False,True,False,False,MEDIUM,Akatosh
Oblivion.esm,DIAL,00035DC6,TG04reject,FULL,0,,,I can't help her right now.,지금은 그녀를 도울 수 없습니다.,record,False,False,True,False,TOPIC_CHECK,
Oblivion.esm,INFO,00035DDF,,NAM1,0,,,"I'm short on skilled thieves of your rank just now. If you change your mind, come back and see me.","지금은 도둑의 기술이 모자랍니다. 당신의 마음이 바뀌면, 다시 와서 나를 찾으세요.",record,False,False,False,False,,
Oblivion.esm,DIAL,00035DC7,TG04accept,FULL,0,,,I'll help out this poor widow.,이 불쌍한 미망인을 돕겠소.,record,False,False,True,False,TOPIC_CHECK,
Oblivion.esm,INFO,00035DDE,,NAM1,0,,,This is good. Go to Leyawiin. Speak with Ahdarji and help her find her ring.,이것은 좋습니다. Leyawiin으로 이동하세요. Ahdarji와 얘기해서 그녀가 그녀의 반지를 찾는 데 도움을 주세요.,record,False,True,False,False,MEDIUM,"Leyawiin, Ahdarji"
Oblivion.esm,DIAL,00035DC8,TGGrayFox,FULL,0,,,Gray Fox,그레이 폭스,record,False,False,True,False,TOPIC_CHECK,
Oblivion.esm,INFO,0003C16F,,NAM1,0,,,The Gray Fox and I are closer than brothers. We share a desire to remain unknown.,그레이 폭스와 난 형제보다도 가까운 사이지. 우리는 미지의 사안에 대해 공유하지.,record,False,False,False,False,,
Oblivion.esm,INFO,000165E4,,NAM1,0,,,"We don't talk about him in public. The Thieves Guild follows the Gray Fox. However, we make sure that most folks think he is just a myth.",우리는 그에 대해 공개적으로 얘기하지 않아. 도둑 길드는 그레이 폭스를 따르지. 하지만 우리는 대부분의 사람들이 그가 단순한 미신에 불과하다고 생각하게 만들어야 해.,record,False,False,False,False,,
Oblivion.esm,INFO,000009FF,,NAM1,0,,,He's just a name on a wanted poster. I don't trust you enough to say more than that.,그는 단지 수배 전단지에 올라있는 하나의 이름일 뿐이오. 더 이상 말할 만큼 당신을 신뢰하지 않소.,record,False,False,False,False,,
Oblivion.esm,INFO,0000A253,,NAM1,0,,,"I'm offering a reward for information leading to the arrest of the Gray Fox. Until he is turned over to me, the Waterfront is closed for 'business.'","나는 그레이 폭스의 체포에 이르는 정보에 대한 보상을 제안하는 겁니다. 그가 나에게 인도되기 전에는, 워터프론트에서 '사업'을 할 수 없습니다.",record,False,False,False,False,,
Oblivion.esm,INFO,0000A255,,NAM1,0,,,He is the greatest of all thieves. I have heard it said that he stole his gray cowl from Nocturnal herself.,그는 모든 도둑 중 가장 위대한 존재야. 내가 듣기론 그는 그 회색 가면을 녹터널(Nocturnal) 그녀로부터 훔쳐왔다고 하더군.,record,True,True,False,False,HIGH,Nocturnal
Oblivion.esm,INFO,0000C059,,NAM1,0,,,I didn't think much about him when I first joined the Thieves Guild. Lately I've been hearing odd things though.,"길드에 처음 들어왔을 땐, 그에 대해 많은걸 생각할 수가 없었어. 최근에 그에 대해 여러 이상한 이야기를 듣곤 했지만.",record,False,False,False,False,,
Oblivion.esm,INFO,0000C059,,NAM1,1,,,That Gray Cowl he wears was stolen from Nocturnal herself. Can you imagine having the nerve to steal from a Daedric Lord?,그의 회색 가면이 녹터널(Nocturnal) 그녀로부터 훔쳐낸 것이라고 하던데. 데이드릭 군주로부터 무언가를 훔친다는 그런 담력을 상상이나 할 수 있겠어?,record,True,True,False,False,HIGH,Nocturnal
Oblivion.esm,INFO,00015F11,,NAM1,0,,,"Everyone wants to know about the Gray Fox. Gray Fox this, Gray Fox that. He's just a man, not a Daedric lord. ","모든 사람들이 그레이 폭스를 알기 원하지. 그레이 폭스는 이거다, 그레이 폭스는 저거다. 그는 단지 사람일 뿐 데이드라 군주가 아니네. ",record,False,False,False,False,,
Oblivion.esm,INFO,00015F11,,NAM1,1,,,I've heard it all. They say he's immortal because he's led the Thieves Guild for over 300 years.,나도 모두 들었네. 사람들은 그가 300년동안 도둑길드를 이끌었기 때문에 그를 불멸자라고 말하더군.,record,False,False,False,False,,
Oblivion.esm,INFO,00015F11,,NAM1,2,,,No-one has ever seen his face because he always wears that gray cowl.,그는 언제나 회색가면을 쓰기 때문에 그의 얼굴을 본 사람은 없어.,record,False,False,False,False,,
Oblivion.esm,INFO,00015F11,,NAM1,3,,,"Oh, and speaking of the Gray Cowl, did you know he stole it from Nocturnal herself?","오, 회색가면에 대해 말하자면, 자네는 그가 그것을 녹터널(Nocturnal) 그녀로부터 훔쳤다고 생각하나?",record,True,True,False,False,HIGH,Nocturnal
Oblivion.esm,INFO,00015F11,,NAM1,4,,,You'd think he was Saint Nerevar the way they talk about him.,"사람들이 말하는 대로, 자네는 그가 성자 네레바(Nerevar)라고 생각하겠군.",record,True,True,False,False,HIGH,Nerevar
Oblivion.esm,INFO,0001E090,,NAM1,0,,,Are you looking for him?,그 분을 찾으시나요?,record,False,False,False,False,,
Oblivion.esm,INFO,00035DCA,,NAM1,0,,,He's a fairy tale. The Imperial Watch pretends there is a thief king named the Gray Fox who controls all the thieves in Cyrodiil.,그 사람은 상상 속의 인물입니다. 임페리얼 경비대가 시로딜의 모든 거지들을 배후에서 조종하는 그레이 폭스라는 도둑왕이 있다고 꾸며낸 거죠.,record,False,False,False,False,,
Oblivion.esm,INFO,00035DCA,,NAM1,1,,,Of course it's all just made up to give them an excuse to keep us down.,물론 그런 얘기는 그들이 우리들을 억압할 구실로 만들어낸 핑계거리에요.,record,False,False,False,False,,
Oblivion.esm,INFO,00003458,,NAM1,0,,,"Quiet, you fool. The Garden of Dareloth, on the Waterfront. Midnight. Be there.",조용히 해. 멍청아. 워터프론트의 Dareloth 정원. 자정이다. 거기에 있어라.,record,False,True,False,False,MEDIUM,Dareloth
Oblivion.esm,INFO,00000A1B,,NAM1,0,,,You say a beggar told you seek me out? Good enough for me then. The beggars are the eyes and ears of the Gray Fox.,거지가 나를 찾아보라고 말해주었다고 하는 건가? 그럼 충분하군. 거지들은 그레이 폭스의 눈과 귀니까 말이야.,record,False,False,False,False,,
Oblivion.esm,INFO,00000A1B,,NAM1,1,,,"He is the King of Thieves in Cyrodiil. You could think of him as our guildmaster, although he would deny that title.",그는 시로딜에 있는 도둑들의 왕이지. 그는 우리의 길드마스터라고 생각해도 좋아. 물론 그는 호칭을 사양하고 있지만 말이야.,record,False,False,False,False,,
Oblivion.esm,INFO,00000A42,,NAM1,0,,,"He is the King of Thieves in Cyrodiil. You could think of him as our guildmaster, although he would deny that title.",그는 시로딜에 있는 도둑들의 왕이지. 그는 우리의 길드마스터라고 생각해도 좋아. 물론 그는 호칭을 사양하고 있지만 말이야.,record,False,False,False,False,,
Oblivion.esm,INFO,0018D846,,NAM1,0,,,This is neither the time nor the place.,지금은 적당한 시간도 장소도 아니다.,record,False,False,False,False,,
Oblivion.esm,INFO,00035DCB,,NAM1,0,,,Nobody really knows who he is. He's always hiding under that weird cowl. Kinda spooky if you ask me.,아무도 그가 누구인지 정말로 모릅니다. 그는 항상 그 이상한 가면 속에 숨어 있어요. 약간 짜증나게도 내에게 묻는다면.,record,False,False,False,False,,
Oblivion.esm,INFO,00035DCC,,NAM1,0,,,"He's been around for hundreds of years. I've heard tell that he is immortal. I don't know about that, but he sure ain't normal.","그는 약 백 년 동안 있었어요. 나는 그가 불멸자라는 얘기를 들었습니다. 나는 잘 모르겠지만, 확실히 정상이 아닙니다.",record,False,False,False,False,,
Oblivion.esm,INFO,00064458,,NAM1,0,,,He's a most mysterious fellow. In many ways I admire him. Most of the time I just feel sorry for him.,그는 가장 신비로운 사람이에요. 여러 가지 측면에서 난 그를 존경합니다. 대부분 난 다만 그에게 유감스러울 뿐이죠.,record,False,False,False,False,,
Oblivion.esm,INFO,0006445B,,NAM1,0,,,"Ohh! He's that wanted criminal. Isn't he a master thief? I hear he's dangerous, too. I've heard that the beggars spy for him.",오호! 그는 지명수배자예요. 마스터 도둑이던가요? 난 그가 위험하다고 들었어요. 거지들이 그자의 스파이라고 하더군요.,record,False,False,False,False,,
Oblivion.esm,INFO,0006445C,,NAM1,0,,,"Blasted thief. I hope they string him up when they catch him. He's a slippery one, though. The beggars are his eyes and ears.","저주받을 도둑이죠. 그놈을 잡으면 꼭 교수형에 처했으면 좋겠군요. 하지만, 워낙 미꾸라지 같다고 합니다. 거지들이 그의 눈과 귀라는군요.",record,False,False,False,False,,
Oblivion.esm,INFO,0006445D,,NAM1,0,,,He's just a thief. He's supposed to be the head of the Thieves Guild. What a joke! Can you imagine a bunch of thieves trying to form a guild?,그는 그냥 도둑놈일 뿐입니다. 도둑 길드인가 뭔가의 수장일 거라 하던데요. 뻔한 농담이죠! 도둑놈들이 길드를 결성한다는 게 상상이나 되십니까?,record,False,False,False,False,,
Oblivion.esm,INFO,0006445D,,NAM1,1,,,"The nobility hate him, but the peasants and the beggars love him, especially in the Waterfront.","귀족들은 그를 증오하지만, 하층민이나 거지들은 그를 좋아한다 하는데, 특히 여기 부두 구역이 그렇다는군요.",record,False,False,False,False,,
Oblivion.esm,INFO,0006445E,,NAM1,0,,,He's that thief that the Imperial Watch are always going on about. He likes to steal from rich folk.,그는 제국 경비대가 항상 찾아다니는 도둑입니다. 그는 주로 부자들에게서 훔치기를 좋아하죠.,record,False,False,False,False,,
Oblivion.esm,INFO,00064460,,NAM1,0,,,Don't pay attention to those rumors. There is no such thing as a Thieves Guild. The Gray Fox is just a thief the Watch hasn't caught yet.,그런 소문에 현혹되지 마시오. 도둑 길드 따위는 없소. 그레이 폭스(Gray Fox)는 경비대가 아직 못 잡은 일개 도둑일 뿐이오.,record,True,True,False,False,HIGH,"Gray, Fox"
Oblivion.esm,INFO,00035DC9,,NAM1,0,,,"All Thieves Guild members have sworn loyalty to him. If there is such a thing as a guildmaster, he's it.","모든 도둑 길드원들은 그에게 충성을 맹세하지. 만약 길드마스터 같은 것이 있다면, 바로 그가 길드마스터라고 할 수 있지.",record,False,False,False,False,,
Oblivion.esm,INFO,00035DDA,,NAM1,0,,,He's been around forever. It must be 300 years or more since he took charge. I'm not sure he's even human.,"그는 영원히 함께 해왔지. 그가 지도해 온지도 벌써 300년, 아니 그 이상이나 됐을걸. 나는 그가 인간인지조차 확신을 못하겠지만.",record,False,False,False,False,,
Oblivion.esm,INFO,00015F1D,,NAM1,0,,,I don't answer questions about myself. Particularly when they come from a Shadowfoot.,나에 대한 질문은 답변 하지 않습니다. 특히 일개 Shadowfoot이 질문할때는.,record,False,True,False,False,MEDIUM,Shadowfoot
Oblivion.esm,INFO,00035DDC,,NAM1,0,,,He's kind of like a guildmaster for the Thieves Guild. All I know is that the Doyen and other senior guild members do his bidding like trained dogs.,그는 도둑길드의 길드마스터와 마찬가지 입니다. 제가 아는 바로는 길드 단장 및 기타 고위 길드원들은 훈련된 개처럼 명령을 듣습니다.,record,False,False,False,False,,
Oblivion.esm,DIAL,00035DEB,Dark09Choice1C,FULL,0,,,<Say nothing.>,[아무 말도 않는다.],record,False,False,True,False,TOPIC_CHECK,
Oblivion.esm,INFO,00035E08,,NAM1,0,,,"Yes, well... I'm a very busy man. Enjoying my retirement, don't you know. So why don't you just... go away.","예..좋아요. 나는 바쁜 사람입니다. 나는 은퇴를 즐기고 있어요, 당신은 모르겠지만. 용건이 없다면.. 가주시겠어요?",record,False,False,False,False,,
Oblivion.esm,DIAL,00035DEC,Dark09Choice1B,FULL,0,,,"Sithis needs your soul, Adamus.",시디스(Sithis)가 너의 영혼을 원한다. 아다무스(Adamus).,record,True,True,True,False,HIGH,"Sithis, Adamus"
Oblivion.esm,INFO,00035E07,,NAM1,0,,,"Oh, Sithis needs my soul does he? Well, you can tell your Dread Father that he can kiss my wrinkled arse! Defend yourself, Dark Brotherhood dog!","오, 시시스가 내 영혼을 원한다고? 그래? 음, 그럼 네가 너희 '공포의 아버지'에게로 가서 '내 쪼그라진 엉덩이에 키스나 해라' 라고 전해주면 되겠군. 막아봐라, 다크브라더후드의 개야!",record,False,False,False,False,,
Oblivion.esm,DIAL,00035DEE,Dark09Choice1A,FULL,0,,,"Time to die, Imperial pig!","죽을 시간이다, 제국의 돼지!",record,False,False,True,False,TOPIC_CHECK,
Oblivion.esm,INFO,00035E06,,NAM1,0,,,"Ah, one of you again, eh? You Dark Brotherhood types are all the same. All sneak and no swing! You'll meet the same fate as the others! En garde!","아...또 너희로군? 다크브라더후드 놈들은 다 똑같아. 항상 숨어다니기만 하지, 크게 한방 먹이질 못하지. 너도 다른 녀석들과 똑같은 운명이 될거다.",record,False,False,False,False,,
Oblivion.esm,DIAL,00035E94,TG04WhereIsAmusei,FULL,0,,,Amusei,아뮤세이,record,False,False,True,False,TOPIC_CHECK,
Oblivion.esm,INFO,0000A174,,NAM1,0,,,"Yeah, we got him here. Argonians aren't allowed visitors though. Countess Alessia's orders. She has a thing about the lizard folk.","네 , 우리가 여기서 잡았어요. Argonians들은 방문이 허용되지 않습니다. Alessia 백작의 명령으로. 그녀는 리자드 문화에 대하여 잘 알고 있습니다.",record,False,True,False,False,MEDIUM,"Argonians, Alessia"
Oblivion.esm,INFO,0004897A,,NAM1,0,,,The poor bugger was arrested. Seems he tried to swindle the Countess. He's rotting in a cell in the castle dungeon now.,그 불쌍한 녀석은 체포되었습니다. 백작 부인에게 사기를 치려한것 같았어요. 지금은 성 지하에서 썩어가고 있을 겁니다.,record,False,False,False,False,,
Oblivion.esm,INFO,0004897A,,NAM1,1,,,It's common knowledge that the jailors can be bribed to allow visitors to see prisoners.,뭐. 요즘은 죄인을 면회하기 위해서 교도관에게 뇌물을 좀 주는 건 상식이죠.,record,False,False,False,False,,
Oblivion.esm,INFO,00035E97,,NAM1,0,,,"I might know that, for a price.","나는 그것을 알 것 같습니다, 단지 가격은.",record,False,False,False,False,,
Oblivion.esm,INFO,00035FAD,,NAM1,0,,,We arrested that miscreant. The stupid lizard tried to blackmail the Countess. I wouldn't waste much time thinking about him any more.,그 쓰레기같은 놈을 체포했죠. 멍청한 도마뱀 녀석이 백작 부인께 사기를 치려 했습니다. 그 놈 얘기하느라 딱히 시간낭비하고 싶지는 않군요.,record,False,False,False,False,,
Oblivion.esm,DIAL,00035F29,Pillar,FULL,0,,,Pillar,기둥,record,False,False,True,False,TOPIC_CHECK,
Oblivion.esm,INFO,00033534,,NAM1,0,,,You're the one with the book. You tell me how it works!,당신이 책을 가지고 있잖아요. 당신이 이게 어떻게 작동하는지 말해줘야죠!,record,False,False,False,False,,
Oblivion.esm,INFO,0001D0E7,,NAM1,0,,,"I don't know what else to say. Until we have some sort of reference for understanding these symbols, we'll never figure this thing out.",뭐라고 해야할지 모르겠군요. 우리가 이 기호들에 대해 이해할 자료가 모일 때 까지는 이게 뭔지 절대 알 수 없을 거에요.,record,False,False,False,False,,
Oblivion.esm,INFO,00035F3A,,NAM1,0,,,"I don't know how much Skaleel told you. We know that it reacts to magic, but every time we've tried, the thing shocks whomever cast the spell.","Skaleet이 당신에게 얼마나 말해 줬는지 모르겠군요. 우리는 그게 마법에 반응한다는 걸 알고 있어요, 하지만 우리가 그걸 실험할 때마다 그 마법이 행한 사람에게 효과가 되돌아 오더군요.",record,False,True,False,False,MEDIUM,Skaleet
Oblivion.esm,INFO,00035F3A,,NAM1,1,,,"It hasn't been fatal for anyone yet, but we stopped trying after the first few attempts. I can tell you, it really hurts.","아무도 크게 다치진 않았지만, 몇번 시도해 보고 나서 우리는 시도를 포기하고 말았어요. 그건 진짜 아프거든요.",record,False,False,False,False,,
Oblivion.esm,INFO,00035F3A,,NAM1,2,,,"The only thing we haven't figured out is the markings. See them on the walls? They must relate to the pillar, but I don't know how.",우리가 아직 유일하게 알아네지 못한 것은 그 마킹들이에요. 저기 벽에 보이죠?  그것들이 분명히 기둥과 관계가 있을텐데 그게 뭔지 모르겠어요.,record,False,False,False,False,,
Oblivion.esm,INFO,00035F3A,,NAM1,3,,,"If we had some sort of reference, something to compare them to, we might be able to decipher them. But we lack anything like that.",만약 우리에게 대조해볼 자료만 있었다면 해독할 수 있을 텐데요. 하지만 그런 자료가 없어요.,record,False,False,False,False,,
Oblivion.esm,INFO,00035F3A,,NAM1,4,,,"Skaleel might have a book that would be useful, but she's been sulking over the way Irlav's been treating her. Perhaps you could ask her for it?",쓸만한 책을 가지고 있을지 몰라요. 하지만 그녀는 Irlav가 그녀를 다루는 방식 때문에 골이 나 있어요. 당신이 한번 그녀에게 책을 달라고 해 보시겠어요? ,record,False,True,False,False,MEDIUM,Irlav
Oblivion.esm,INFO,00035F3B,,NAM1,0,,,You made it work?,해냈어요?,record,False,False,False,False,,
Oblivion.esm,INFO,00035F3B,,NAM1,1,,,"That's fantastic! Not only can I tell Irlav we're back on track, but I can happily say we did it without his help!",그거 멋지군요! Irlav에게 연구가 정상으로 가능하다고 말할 수 있을 뿐 만이 아니라 어쩌면 그의 도움 없이 연구를 끝냈다고 기쁘게 말할 수 있을지도 몰라요!,record,False,True,False,False,MEDIUM,Irlav
Oblivion.esm,INFO,00035F3B,,NAM1,2,,,"There must be something down there worth locking up. Would you mind taking a look, as long as you're here?",잠겨있었던걸 보면 저 아래에 뭔가가 있을 거에요. 기왕 여기 오셨으니 저기도 한번 둘러 보시겠어요?,record,False,False,False,False,,
Oblivion.esm,INFO,00035F3B,,NAM1,3,,,"If I can send you back with something worthwhile, Irlav may forget all about our delays.",만약 제가 당신을 뭔가 쓸모있는 것과 함께 돌려보낼수 있다면 Irlav가 우리 연구가 지연되었다는 사실을 잊어버릴지도 몰라요.,record,False,True,False,False,MEDIUM,Irlav
Oblivion.esm,INFO,00035F3E,,NAM1,0,,,"It's connected to the rest of the chamber, we know that much. We just don't know how it works.",우리는 여기가 다른 방들과 연결되어 있다는 것 정도만 알고 있어요. 도대체 이게 어떻게 작동하는지에 대해서는 아무것도 모르죠.,record,False,False,False,False,,
Oblivion.esm,INFO,00035F3E,,NAM1,1,,,"I've given up trying to figure it out. It's just beyond us. Why Denel stays down there, I have no idea. He's just asking to get killed.",저는 그걸 알아내기를 포기했어요. 그냥 우리가 할 수 있는 범위를 넘어서 있으니까요. 왜 Denel이 저 아래에 있는지는 모르겠어요. 그건 자살행위라구요.,record,False,True,False,False,MEDIUM,Denel
Oblivion.esm,INFO,00035F51,,NAM1,0,,,"That's what we're calling it, only because we don't know what it really is. Or was.",우리가 거기서 막힌 거에요. 오직 그게 뭔지-뭐였는지- 모른다는 것 때문에요.,record,False,False,False,False,,
Oblivion.esm,INFO,00035F51,,NAM1,1,,,"It's magical - we know that much. Enchanted somehow. We think it's a lock of some sort, but haven't been able to figure out how it works.","우리는 거기가 enchansted 되어 있다는 정도만 알고 있어요. 무슨 잠금장치인것 같지만, 그거 어떻게 작동하는지느 잘 몰라요. ",record,False,True,False,False,MEDIUM,enchansted
Oblivion.esm,INFO,00035F51,,NAM1,2,,,"All I can say for sure is that it reacts to magic. Badly, most of the time. Several mages were hurt attempting to cast spells at it.",그게 마법으로 작동하느 것 만은 확실하지만요. 하지만 많은 메이지들이 그것에 마법을 썼다가 다쳐버렸어요.,record,False,False,False,False,,
Oblivion.esm,INFO,00035F51,,NAM1,3,,,"It's at the bottom of the ruins, if you wish to try your luck. Be careful, though. It could be quite hazardous to your health.",자신의 운을 시험해볼 생각이 있다면 그건 유적 밑바닥에 있으니 가 보세요. 다만 자신의 안전에서는 언제나 유의하세요.,record,False,False,False,False,,
Oblivion.esm,INFO,00035F51,,NAM1,4,,,Best to play it safe. No complex magic. Stick to basic spells with single effects. It's not worth taking unnecessary risks.,모험은 하지 않는 것이 좋아요. 어려운 마법은 쓰지 말고 한가지 효과만 있는 기본마법만 쓰세요. 불필요한 위험을 감수할 필요는 없겠죠.,record,False,False,False,False,,
Oblivion.esm,DIAL,00035F2A,MG10Choice2B,FULL,0,,,No.,아니요.,record,False,False,True,False,TOPIC_CHECK,
Oblivion.esm,INFO,00035F4F,,NAM1,0,,,"Then I'll have to ask you to leave the way you came in. The guild is conducting official research here, and I can't have anyone interfering.","그렇다면 저는 당신이 왔던 길로 되돌아 나가라고 요구할 수 밖에 없네요. 길드는 여기서 공식적인 연구를 벌이고 있으니, 누군가 와서 간섭하게 놔 둘수는 없어요.",record,False,False,False,False,,
Oblivion.esm,DIAL,00035F2B,MG10Choice2A,FULL,0,,,Yes.,네.,record,False,False,True,False,TOPIC_CHECK,
Oblivion.esm,INFO,00035F50,,NAM1,0,,,"Irlav sent you, did he? Figures. ",Irlav가 보냈군요? 그럴줄 알았어요. ,record,False,True,False,False,MEDIUM,Irlav
Oblivion.esm,INFO,00035F50,,NAM1,1,,,"He can't be bothered to come check on his own project, so he sends someone who knows nothing about it. And this is supposed to help?",그는 자신이 맡은 일인데도 스스로 오려고 하지 않고 이런 아무것도 모르는 사람을 보내다니. 이게 도움이 될 거라고?,record,False,False,False,False,,
Oblivion.esm,INFO,00035F50,,NAM1,2,,,"No offense to you, friend. It's not your fault. And perhaps you can help.",당신을 탓하는 것은 아니에요. 당신의 잘못은 아니지요. 그리고 어쩌면 당신이 도움을 줄수 있을거에요..,record,False,False,False,False,,
Oblivion.esm,INFO,00035F50,,NAM1,3,,,"If you can figure out how to use the pillar, I'd be thrilled. You're welcome to try your hand at it.",만약 당신이 그 기둥을 움직인다면 정말 기쁠거에요. 부디 당신 마음데로 한번 해 보세요.,record,False,False,False,False,,
Oblivion.esm,DIAL,00035F2C,MG10Choice1B,FULL,0,,,I need more time.,더 많은 시간이 필요합니다.,record,False,False,True,False,TOPIC_CHECK,
Oblivion.esm,INFO,00035F48,,NAM1,0,,,"As I said, I fully understand. I shall be here when you feel you are prepared.","내가 말했듯이, 이해하네. 자네가 스스로 준비되었다고 생각하면 찾아오도록 하게.",record,False,False,False,False,,
Oblivion.esm,DIAL,00035F2D,MG10Choice1A,FULL,0,,,I'm ready.,준비되었습니다.,record,False,False,True,False,TOPIC_CHECK,
Oblivion.esm,INFO,00035F45,,NAM1,0,,,Very well. There's a research project going on at one of the Ayleid ruin sites on the eastern side of the province.,좋아. 이곳에서 동쪽의 한 에일리드 유적지에서 연구 프로젝트가 진행 중이라네.,record,False,False,False,False,,
Oblivion.esm,INFO,00035F45,,NAM1,1,,,"Irlav Jarol is in charge of the project, and is apparently in need of some help.","이를라브 자롤이 연구 책임자이고, 현재 도움이 필요하다네.",record,False,False,False,False,,
Oblivion.esm,INFO,00035F45,,NAM1,2,,,"I thought you might need a break, after the things you've been exposed to lately. You can find Irlav here in the Arch Mage's Tower.",나는 자네가 최근 겪은 일을 볼때 휴식이 필요하다고 생각하네. Irlav는 Arch Mage의 탑에서 볼 수 있을 걸세.,record,False,True,False,False,MEDIUM,"Irlav, Arch, Mage"
Oblivion.esm,INFO,00032AD6,,NAM1,0,,,Very well. There's a research project going on at one of the Ayleid ruin sites on the eastern side of the province.,좋아. 이곳에서 동쪽의 한 에일리드 유적지에서 연구 프로젝트가 진행 중이라네.,record,False,False,False,False,,
Oblivion.esm,INFO,00032AD6,,NAM1,1,,,"Irlav Jarol is in charge of the project, and is apparently in need of some help.","이를라브 자롤이 연구 책임자이고, 현재 도움이 필요하다네.",record,False,False,False,False,,
Oblivion.esm,INFO,00032AD6,,NAM1,2,,,"I thought you might need a break, after the things you've been exposed to lately. You can find Irlav in the Arch Mage's Tower.",나는 자네가 최근 겪은 일을 볼때 휴식이 필요하다고 생각하네. Irlav는 Arch Mage의 탑에서 볼 수 있을 걸세.,record,False,True,False,False,MEDIUM,"Irlav, Arch, Mage"
Oblivion.esm,DIAL,00035F2E,SkaleelTopic,FULL,0,,,Skaleel,스컬릴(Skaleel),record,True,True,True,False,HIGH,Skaleel
Oblivion.esm,INFO,00035F4D,,NAM1,0,,,She's the mage heading up the on-site research. She can tell you more about whatever it is that's impeding their progress.,그녀는 지금 진행되는 현장연구를 책임지고 있어요. 그곳에서 일어나는 일에 대해서는 그녀가 가장 잘 이야기 해 줄수 있겠지요.,record,False,False,False,False,,
Oblivion.esm,DIAL,00035F2F,IrlavJarolTopic,FULL,0,,,Irlav Jarol,얼라브 제랄(Irlav Jarol),record,True,True,True,False,HIGH,"Irlav, Jarol"
Oblivion.esm,INFO,00035F46,,NAM1,0,,,"He's a good man, but Council matters have distracted him lately, and he's been neglecting his other work.",그는 좋은 사람이에요. 하지만 Council에서의 일이 그를 최근 짜증나게 하고 그의 다른 일을 등한시하게 만들었어요.,record,False,True,False,False,MEDIUM,Council
Oblivion.esm,DIAL,00035F30,VahtacenTopic,FULL,0,,,Vahtacen,바타켄,record,False,False,True,False,TOPIC_CHECK,
Oblivion.esm,INFO,0003353D,,NAM1,0,,,"With the mystery solved, we can explore the rest of the ruins and see if there's further information we can divulge from them.","비밀이 풀렸으니, 우리는 이제 유적의 나머지를 탐험하고 거기서 더 정보를 얻어낼 수 있을거에요.",record,False,False,False,False,,
Oblivion.esm,INFO,0003353E,,NAM1,0,,,Good work getting that straightened out. I'm glad someone finally came along that was able to make progress with it.,그 일을 처리하다니 잘 했네. 드디어 누군가가 그 일에 진척을 이루었다는 것이 매우 다행스럽군.,record,False,False,False,False,,
Oblivion.esm,INFO,00035F3C,,NAM1,0,,,"I've had my fill of the place, that's for sure. And I've got the scars to prove it.",이곳엔 이제 진저리가 나네요. 진절머리나요. 훈장마냥 상처도 생겼고요.,record,False,False,False,False,,
Oblivion.esm,INFO,00035F3C,,NAM1,1,,,"Once we figured out the pillar reacted to spells, we tried out a few. I think I was only unconscious for an hour or so, but that was enough for me.","돌기둥이 주문에 반응한다는 걸 알아낸 이후, 몇 가지 주문을 시험해봤죠. 저같은 경우 한 시간 넘게 기절해 있었던 것 같은데, 뭐 그 정도면 충분하겠죠.",record,False,False,False,False,,
Oblivion.esm,INFO,00035F3C,,NAM1,2,,,"I'm trying to help Skaleel as best I can, but I'm not going near the thing again.","제 할 수 있는 한 스칼릴 씨를 돕고는 있지만, 저 기둥 옆에는 가지도 않을 겁니다.",record,False,False,False,False,,
Oblivion.esm,INFO,000150B7,,NAM1,0,,,You should speak to Skaleel before you do anything else. She's in charge of the project.,뭘 하시기 전 스칼릴 씨와 얘기해 보시는게 좋습니다. 그녀가 이곳 연구 책임자입니다.,record,False,False,False,False,,
Oblivion.esm,INFO,000150B8,,NAM1,0,,,"Maybe now that the project has had some positive results, we can go home.","연구에서 뭔가 긍정적인 결과만 나올 수 있다면, 집에 갈 수 있을 텐데요.",record,False,False,False,False,,
Oblivion.esm,INFO,000150B8,,NAM1,1,,,I'd give just about anything to sleep in a real bed again.,다시 진짜 침대에서 잘 수만 있다면 뭐든 내놓겠어.,record,False,False,False,False,,
Oblivion.esm,INFO,00035F3D,,NAM1,0,,,"This place has been nothing but trouble, as far as I'm concerned.",제가 아는한 그곳은 골칫거리에 불과해요.,record,False,False,False,False,,
Oblivion.esm,INFO,00035F3D,,NAM1,1,,,"Since we disposed of the creatures that had taken up residence here, it's been nothing but a fight to figure out how the place works.","우리가 여기 살더 것들을 다 처리한 다음부터, 그장소가 어떻게 작동하는지에만 메달렸어요.",record,False,False,False,False,,
Oblivion.esm,INFO,00035F3D,,NAM1,2,,,"The pillar has had us stumped for more than a week now, not to mention the injuries it's caused.",그 기둥이 우리를 일주일 넘게 붙잡아놓고 있다니까요. 그 사이에 다들 많이 다쳤다는 것은 두말할 필요도 없구요.,record,False,False,False,False,,
Oblivion.esm,INFO,00035F4E,,NAM1,0,,,"It's an Ayleid ruin, southwest of Cheydinhal. We suspect there are some interesting things inside, so a research project was established.",그건 쉐이딘홀 남서쪽에 있는 Ayleid 유적이에요. 우리는 거기에 뭔가 흥미로운 것이 있을거라 생각해서 조사팀을 파견되었죠.,record,False,True,False,False,MEDIUM,Ayleid
Oblivion.esm,INFO,00035F4E,,NAM1,1,,,"Skaleel is there now, working on investigating the ruins.",현재 스칼릴이 그곳에서 유적지 조사 작업을 지휘하고 있습니다.,record,False,False,False,False,,
Oblivion.esm,DIAL,00035F9F,TG04NoRingYet,FULL,0,,,I don't have it yet.,아직 가지고 있지 않소.,record,False,False,True,False,TOPIC_CHECK,
Oblivion.esm,INFO,00035FC1,,NAM1,0,,,Well then. It seems you still have a job to do.,그럼. 그것은 당신이 아직도 해야 할 일이 있는 것 같습니다.,record,False,False,False,False,,
Oblivion.esm,DIAL,00035FA0,TG04GiveRing,FULL,0,,,Here is your ring.,여기 당신의 반지가 있소.,record,False,False,True,False,TOPIC_CHECK,
Oblivion.esm,INFO,00035FC0,,NAM1,0,,,My ring! All thanks to the claws of the Clan Mother. You have recovered it.,내 반지! Clan Mother(Khajiit의 신)의 발톱 덕분이에요. 당신이 되찾아 준거네요.,record,True,True,False,False,HIGH,"Clan, Mother, Khajiit"
Oblivion.esm,INFO,00035FC0,,NAM1,1,,,Is that slimy Argonian dead? Did he suffer long? I hope so.,그 불쾌한 아르고니안은 죽었나요? 오랫동안 괴로워 하던가요? 그랬으면 좋겠네요.,record,False,False,False,False,,
Oblivion.esm,INFO,00035FC0,,NAM1,2,,,You have earned the reward. The Thieves Guild was always good to Ahdarji's dearest mate. I am grateful that the memory is still honored.,보상은 당신 것이에요. 도둑길드는 아다지(Ahdarji)의 가장 소중한 남편에게 항상 친절하게 대해주었어요. 그가 아직도 명예롭게 여겨지고 있는 것에 감사하고 있어요.,record,True,True,False,False,HIGH,Ahdarji
Oblivion.esm,INFO,00035FBB,,NAM1,0,,,"Do not worry, milady. No harm shall come to your ring if I can help it.","걱정하지 마세요, 마님. 내가 도울 수 있다면 당신의 반지는 온전할 겁니다.",record,False,False,False,False,,
Oblivion.esm,INFO,00035FBA,,NAM1,0,,,It's of no consequence. I'll just have to remember to remove it every night. It's your job to make sure my jewelry box is locked each night.,그것은 중요하지 않습니다. 나는 단지 매일 밤 반지를 벗어두어야 한다는 것을 기억해야 합니다. 내 보석 상자가 매일 밤 잠겨 있는지 확인하는 것은 당신의 일입니다.,record,False,False,False,False,,
Oblivion.esm,INFO,00035FB9,,NAM1,0,,,"I'm so happy for you, milady. I'm just so sorry he damaged it. Your finger swells up so when you wear it too long.","나는 당신 덕분에 행복합니다, 마님. 단지 그가 그것을 손상시킬까 걱정스럽습니다. 그렇게 오랫동안 착용하시면 당신의 손가락이 부풀어 오를 것입니다.",record,False,False,False,False,,
Oblivion.esm,INFO,00035FB8,,NAM1,0,,,I feel so much better now that I have my ring back.,제 반지를 되찾게 되어서 기분이 한결 나아졌습니다.,record,False,False,False,False,,
Oblivion.esm,INFO,00035FB8,,NAM1,1,,,That filthy Argonian actually had the temerity to try and ransom it to me!,그 더러운 아르고니안은 감히 주인인 저한테 반지를 담보로 돈을 요구했단 말이죠!,record,False,False,False,False,,
Oblivion.esm,DIAL,00035FA6,TG04GivePick,FULL,0,,,"Here, take this lockpick.","자, 이 락픽을 받으시오.",record,False,False,True,False,TOPIC_CHECK,
Oblivion.esm,INFO,00035FB7,,NAM1,0,,,"Sunlit freedom! Yes, I stole that ring from Ahdarji. When I went to sell it, the fence told me I was too hot for him.","찬란한 자유여! 그래, 나는 아다지(Ahdarji)로부터 반지를 훔쳤었지. 그걸 팔려 갔을땐, 장물아비는 내가 너무 위험인물이라고 하더군.",record,True,True,False,False,HIGH,Ahdarji
Oblivion.esm,INFO,00035FB7,,NAM1,1,,,"He showed me an inscription on the inside, 'To Alessia.' That had to be the Countess of Leyawiin. The damn ring was stolen property!",그는 나에게 반지 안에 새겨져 있는 글을 보여주었어. '알리시아(Alessia)에게'. 그건 분명히 레이어윈의 백작부인이지. 그 망할 반지는 이미 장물이였다고!,record,True,True,False,False,HIGH,Alessia
Oblivion.esm,INFO,00035FB7,,NAM1,2,,,"Well, I figured I would ransom it back to the Countess. Except she tricked me. I was arrested for theft, and she kept the ring.","뭐.. 나는 그걸 백작부인에게 가져가면 보상금을 받을 거라고 생각했지. 하지만 그녀는 나를 속였어. 나는 도둑으로 체포되었고, 그녀는 반지를 차지했지.",record,False,False,False,False,,
Oblivion.esm,INFO,00035FB7,,NAM1,3,,,The Countess rarely leaves the castle. Good luck getting it back.,백작부인은 성을 거의 떠나지 않아. 반지를 되찾기에 행운을 빌어주지.,record,False,False,False,False,,
Oblivion.esm,DIAL,00035FA7,TG04WheresSkrivva,FULL,0,,,S'krivva,스크리바(S'krivva),record,True,True,True,False,HIGH,S'krivva
Oblivion.esm,INFO,00035FBD,,NAM1,0,,,Are you deaf? Didn't I already tell you that she is in Bravil?,당신 귀 먹었어? 난 이미 그녀가 Bravil에 있다고 얘기하지 않았나요?,record,False,True,False,False,MEDIUM,Bravil
Oblivion.esm,INFO,00035FB2,,NAM1,0,,,"I'd look in the Lonely Suitor. She takes her meals there. If you try her house, don't pick the lock to get in. She won't like that.","고독한 구혼자(Lonely Suitor)에 있을거야. 그녀는 거기서 식사를 하지. 그녀의 집을 찾았을 때, 억지로 문을 따고 들어가진 말도록. 그녀가 좋아하지 않을거야.",record,True,True,False,False,HIGH,"Lonely, Suitor"
Oblivion.esm,INFO,00035FB3,,NAM1,0,,,Uh... she left town. That's right! She... uh... went to visit her brother in Bruma. You should go there and look for her.,"어... 그녀는 마을을 떠났네요. 아, 그렇지! 그녀는... 어... Bruma에 오빠를 만나러 간겁니다. 거기에 가서 찾아야 해요.",record,False,True,False,False,MEDIUM,Bruma
Oblivion.esm,DIAL,00035FA8,TG04NoLockPick,FULL,0,,,"Uh, I don't have one right now.",허. 지금 가지고 있지 않소.,record,False,False,True,False,TOPIC_CHECK,
Oblivion.esm,INFO,00035FB6,,NAM1,0,,,Well what are you waiting for? Go get some! I'm not tellin' you a thing until I've got one in my hand.,그럼 당신은 무엇을 망설이십니까? 가져오세요! 난 당신이 나에게 가져오기 전에는 아무것도 말하지 않겠습니다.,record,False,False,False,False,,
Oblivion.esm,DIAL,00035FA9,TG04Profits,FULL,0,,,I'll cut you in on the profits.,당신과 보수를 나누겠소.,record,False,False,True,False,TOPIC_CHECK,
Oblivion.esm,INFO,00035FB1,,NAM1,0,,,And what good will money do me when they come to stretch my neck? Find a way to get me out of here. Then we'll talk.,그들이 내 목을 치러 올 때 그 돈이 무슨 소용이 있겠어? 여기서 꺼내줄 방법을 찾아봐. 그리고 나서 얘기하지.,record,False,False,False,False,,
Oblivion.esm,INFO,00035FB1,,NAM1,1,,,"Besides, you're a thief. You'd just sell the ring and let me swing.","게다가, 너는 도둑이잖아. 그냥 반지는 팔아버리고 날 풀어줘.",record,False,False,False,False,,
Oblivion.esm,DIAL,00035FAA,TG04LockPick,FULL,0,,,What if I give you a lockpick?,당신에게 락픽 1개를 준다면?,record,False,False,True,False,TOPIC_CHECK,
Oblivion.esm,INFO,00035FB0,,NAM1,0,,,You'd do that for me? Maybe you guild types aren't so bad after all. Okay. It's a deal. Give me a lockpick and I'll tell you about the ring.,"나를 위해 그렇게 해주는 건가? 너 같은 길드원들은 그리 나쁘지 않은 것 같군. 좋아. 그렇게 하지. 내게 락픽을 주고, 나는 너에게 반지가 어디 있는지 알려주지.",record,False,False,False,False,,
Oblivion.esm,DIAL,00035FAB,TG04GoodWord,FULL,0,,,I'll put in a good word for you,당신을 위해 조언하겠소.,record,False,False,True,False,TOPIC_CHECK,
Oblivion.esm,INFO,00035FAF,,NAM1,0,,,"You mean with the Thieves Guild? Sure, that way I'll be a member in good standing when they put my head on a pole!","도둑 길드에게 말이야? 물론, 그 방법은 장대에 내 머리가 꽂혀있을 때 길드원이 될 수 있긴 하겠군!",record,False,False,False,False,,
Oblivion.esm,INFO,00035FAF,,NAM1,1,,,Are you an idiot? I want you to get me out of here! I don't want a stinking guild membership.,너는 바보냐? 난 여기서 나가고 싶다고. 난 지금 그 빌어먹을 길드 멤버쉽을 원치 않아.,record,False,False,False,False,,
Oblivion.esm,DIAL,00035FAC,TG04WhereIsRing,FULL,0,,,Ahdarji's ring,아다르지의 반지,record,False,False,True,False,TOPIC_CHECK,
Oblivion.esm,INFO,00035FAE,,NAM1,0,,,Why should I tell you where it is? Here I sit in Leyawiin's dungeon while you are free. What will you do for Amusei if I tell you?,그게 어디 있는지 내가 왜 말을 해야 하지? 니가 자유를 누리는 동안 난 이곳 레이어윈 던전에 처박혀 있었다고. 만약 내가 말한다면 너는 어뮤세이(Amusei)에게 뭘 해줄수 있는데?,record,True,True,False,False,HIGH,Amusei
Oblivion.esm,DIAL,00036302,LighthouseTopic,FULL,0,,,Lighthouse,등대,record,False,False,True,False,TOPIC_CHECK,
Oblivion.esm,DIAL,000363AE,MS26DirectionsServatius,FULL,0,,,Where can I find a Watch Captain?,경비대장은 어디있습니까?,record,False,False,True,False,TOPIC_CHECK,
Oblivion.esm,INFO,000363C6,,NAM1,0,,,Go see Servatius Quintilius. He's new and might be stupid enough to try and do something about it.,Servatius Quintilius에게 가 보시오. 그는 새로 진급한데다 그것에 대해 뭔가 하려고 노력할 만큼 충분히 어리석을 지도 모르니까.,record,False,True,False,False,MEDIUM,"Servatius, Quintilius"
Oblivion.esm,DIAL,000363AF,MS26Sorry,FULL,0,,,Sorry to bother you.,방해해서 미안하다.,record,False,False,True,False,TOPIC_CHECK,
Oblivion.esm,INFO,000363C5,,NAM1,0,,,Hmmph.,흥.,record,False,False,False,False,,
Oblivion.esm,DIAL,000363B0,MS26DirectionsLex,FULL,0,,,Where can I find a Watch Captain?,경비대장은 어디있습니까?,record,False,False,True,False,TOPIC_CHECK,
Oblivion.esm,INFO,000363C4,,NAM1,0,,,"Go see Hieronymus Lex. He's a pompous fool, just like you. He might listen to your complaint.",Hieronymus Lex에게 가 보시오. 그는 당신과 같이 거만한 바보니까. 그가 당신의 불만을 들어줄 지도 모르오.,record,False,True,False,False,MEDIUM,"Hieronymus, Lex"
Oblivion.esm,DIAL,00036402,MQ06Cleansing,FULL,0,,,Time of Cleansing,정화의 시간,record,False,False,True,False,TOPIC_CHECK,
Oblivion.esm,INFO,00036421,,NAM1,0,,,You should complete your initiation before we speak any further of that.,더 많은 것에 대해 이야기하기 전에 먼저 입회 절차부터 마쳐야 해.,record,False,False,False,False,,
Oblivion.esm,INFO,00036422,,NAM1,0,,,"It is very near, don't worry. We await only the Master's word before we throw open the gates to Oblivion.","걱정 하지마, 얼마 안 남았어. 오블리비언으로 향하는 문을 열어젖히기 전에 마스터의 최종 명령만 남았을 뿐이야.",record,False,False,False,False,,
Oblivion.esm,INFO,00036422,,NAM1,1,,,"When Lord Dagon Himself walks the earth, our victory will be complete. He will rule over Tamriel and the Mythic Age will be restored.",데이건(Dagon) 군주께서 지상에 왕림하실 때 우리의 승리는 완성될 것이다. 군주께서 탐리엘(Tamriel)을 지배하실 것이고 신화(Mythic)의 시대가 다시 도래하리라.,record,True,True,False,False,HIGH,"Dagon, Tamriel, Mythic"
Oblivion.esm,DIAL,00036403,MehrunesDagonTopic,FULL,0,,,Mehrunes Dagon,메르네스 데이건(Mehrunes Dagon),record,True,True,True,False,HIGH,"Mehrunes, Dagon"
Oblivion.esm,INFO,0006BEDB,,NAM1,0,,,"Against all hope, Martin cast him back into Oblivion! He will not trouble our world for long years to come.","모든 희망을 거슬러, 마틴은 자신을 오블리비언 안으로 던져버렸어! 앞으로 오랜 시간 동안 우리 세계에 위협은 없을 것이네.",record,False,False,False,False,,
Oblivion.esm,INFO,00092E8B,,NAM1,0,,,The daedra Prince of Destruction. An inveterate foe of all mortal races.,파괴의 왕자 데이드라. 모든 인간 종족의 오랜 적이지.,record,False,False,False,False,,
Oblivion.esm,INFO,00092E8B,,NAM1,1,,,He was involved with Jagar Tharn's plot against the empire years ago. It doesn't surprise me to find his hand in the current calamity.,그는 수 년 전의 자가르 타른(Jagar Tharn)의 음모와 관계가 있네. 현재의 재앙 속에 그의 손길이 미치는 건 그리 놀랄 일이 아니라네.,record,True,True,False,False,HIGH,"Jagar, Tharn"
Oblivion.esm,INFO,00097CC3,,NAM1,0,,,We have been preparing for the coming of Lord Dagon for many years. You come to us at a fateful time.,데이건(Dagon) 군주의 왕림을 위해 수 년 동안을 준비해왔다. 결정적인 순간에 넌 우리에게 온 것이다.,record,True,True,False,False,HIGH,Dagon
Oblivion.esm,INFO,00097CC3,,NAM1,1,,,The Master has promised us that the Time of Preparation is almost over! The Time of Cleansing is almost here!,마스터께서 약속하셨다. 이제 준비의 시간은 끝나간다! 정화의 시간이 다가온다!,record,False,False,False,False,,
Oblivion.esm,INFO,0003641F,,NAM1,0,,,It will be glorious when the smoke of the burning cities rises to blind the eyes of the false gods! Their reign over Tamriel is almost over.,불타는 도시의 연기가 피어올라 엉터리 신들의 눈을 멀게 할 때 영광은 오리라! 탐리엘(Tamriel)에서 그들의 군림은 막바지에 달했도다.,record,True,True,False,False,HIGH,Tamriel
Oblivion.esm,INFO,0003641E,,NAM1,0,,,"He's never around when you need him. And he never attends services anymore. If he's not careful, he may find himself on the altar one day soon.","그는 필요로 할 때는 항상 주변에 없소. 그리고 더 이상 봉사에 참여하지 않는다오. 조심하지 않으면, 그는 머지않아 제단 위에 있는 자신을 발견하게 될지도 모르오.",record,False,False,False,False,,
Oblivion.esm,INFO,0003641C,,NAM1,0,,,Patience. We will see Lord Dagon walk the earth with our own eyes. Nothing can stop us now.,기다리시오. 데이건(Dagon) 군주의 지상 왕림을 직접 눈으로 확인할 수 있을 것이오. 이제 그 무엇도 우리를 멈출 수 없소.,record,True,True,False,False,HIGH,Dagon
Oblivion.esm,INFO,0003640F,,NAM1,0,,,When will the Master order the Cleansing to begin? Everything is ready. The door is unlocked. We just need to throw it open for Lord Dagon to enter.,마스터께서 언제 정화의 시작을 명하시겠소? 모든 것이 준비 되었소. 문의 자물쇠는 열렸소. 단지 데이건(Dagon) 군주께서 들어가도록 열어 젖히기만 하면 되는 것이오.,record,True,True,False,False,HIGH,Dagon
Oblivion.esm,INFO,00036411,,NAM1,0,,,I hear that everything is ready for the Cleansing to begin. Sister Orla has seen the gate citadels. Lord Dagon is mustering His finest troops.,정화가 시작되기 위한 모든 것이 준비되었다고 들었소. 올라(Orla) 자매는 요새들의 입구를 본적이 있소. 데이건(Dagon) 군주께서는 최고의 군대를 소집하고 있소.,record,True,True,False,False,HIGH,"Orla, Dagon"
Oblivion.esm,INFO,0003641D,,NAM1,0,,,I can't find Brother Jerrol. I need something out of the storeroom. Have you seen him?,"제롤(Jerrol) 형제를 찾을 수 없소. 창고에서 뭔가를 가져와야 하는데, 그를 본적이 있소?",record,True,True,False,False,HIGH,Jerrol
Oblivion.esm,DIAL,000365FC,MS06PantherPoint,FULL,0,,,Can you tell me where it is?,위치를 설명할 수 있겠소?,record,False,False,True,False,TOPIC_CHECK,
Oblivion.esm,INFO,00036602,,NAM1,0,,,"Be glad to. Here, let me have your map and I'll mark the spot for you.",당연하죠. 여기 당신의 지도에 그 지점을 표시해 주겠습니다.,record,False,False,False,False,,
Oblivion.esm,DIAL,000365FD,MouthofthePanther,FULL,0,,,Mouth of the Panther,표범의 아가리,record,False,False,True,False,TOPIC_CHECK,
Oblivion.esm,INFO,00036601,,NAM1,0,,,"Sure, I know what that is. Any sailor worth his weight in sea salt could tell you.","알고 말고요, 짠물 좀 먹어본 뱃사람이라면 상식이니까요.",record,False,False,False,False,,
Oblivion.esm,INFO,00036601,,NAM1,1,,,The Mouth of the Panther is what they call the delta where the Panther River meets Niben Bay.,표범의 아가리는 표범 강과 니벤 만이 만나는 지역을 지칭하는 겁니다.,record,False,False,False,False,,
Oblivion.esm,INFO,00036601,,NAM1,2,,,"It got its name from the pointed rocks that jut out of the water there... sort of look like teeth. Mouth, panther, teeth... get it?","해수면 밖으로 돌이 튀어 나와 있어서 그런 이름이 붙었죠... 이빨, 아가리, 표범, 이빨, 왜 그런 이름이 붙었는지 아시겠죠?",record,False,False,False,False,,
Oblivion.esm,INFO,00036601,,NAM1,3,,,"Ships are always careful to stay away from it, especially when its foggy on the Bay. The rocks would tear right through a ship's hull like parchment.",그곳에 안개라도 끼는 날이면 배는 안전을 위해서 언제나 그곳으로부터 떨어져 있어야 합니다. 그 바위는 배를 종이짝처럼 찢어놓을 테니까요.,record,False,False,False,False,,
Oblivion.esm,INFO,00036609,,NAM1,0,,,I'm surprised Itius. I didn't think even you would stoop to arresting a fellow Captain.,"놀랐다, Itius. 네가 경비병 대장 동료를 체포하려고 덮칠 줄은 전혀 생각하지 못했거든.",record,False,True,False,False,MEDIUM,Itius
Oblivion.esm,INFO,00036608,,NAM1,0,,,"Thank you for coming forward, citizen.","와줘서 고맙습니다, 시민이여.",record,False,False,False,False,,
Oblivion.esm,INFO,00098393,,NAM1,0,,,This is the second complaint against Audens. I will personally go and arrest him.,Audens에의 고발은 이것으로 두번째다. 내가 직접 나가서 그를 체포하겠어.,record,False,True,False,False,MEDIUM,Audens
Oblivion.esm,DIAL,00036610,FGC01Choice4,FULL,0,,,She had nothing to do with it.,그녀는 사건과 무관하다.,record,False,False,True,False,TOPIC_CHECK,
Oblivion.esm,INFO,0003663F,,NAM1,0,,,"She didn't, huh? Hmph. But, you've taken care of the problem, and I suppose that's what counts. Thanks for that. Here's your payment.",그녀가 아니라고요? 흠. 어쨌던간 당신이 일을 잘 끝내준것 같군요. 고마워요. 여기 보상금이요.,record,False,False,False,False,,
Oblivion.esm,DIAL,00036611,FGC01Choice3,FULL,0,,,Quill-Weave was behind it.,퀼-위브(Quill-Weave)의 소행이었다.,record,True,True,True,False,HIGH,Quill-Weave
Oblivion.esm,INFO,0003663E,,NAM1,0,,,"I knew it! That s'wit! Oh, I'll get her. You just wait! Must have taken some fast talking to get her to confess!","그럴줄 알았어! 재치있게 일을 처리하셨군요. 오, 그녀를 당장 붙잡아야 겠어요. 일단 빨리 자백을 얻어내야 겠죠.",record,False,False,False,False,,
Oblivion.esm,INFO,0003663E,,NAM1,1,,,"Maybe I can teach you a little bit more about how to talk to people. And, of course, here's the payment for the contract. Thank you.","그리고 제가 사람들고 대화할수 있는 기술을 조금 높여 드릴게요. 그리고 당연한 것이지만, 여기 의뢰건에 대한 보상 이에요. ",record,False,False,False,False,,
Oblivion.esm,DIAL,00036612,FGC01Choice2,FULL,0,,,I saw you outside Arvena's house.,아르베나(Arvena)의 집 뒤에서 당신을 보았소.,record,True,True,True,False,HIGH,Arvena
Oblivion.esm,INFO,0003663D,,NAM1,0,,,"You what? Well, I'm sure I don't know what you're talking about. I would never go skulking about....","뭐라구요? 음, 대체 뭔소리를 하는지 알아먹지 못하겠어요. 대체 내가 뭘 숨기고 있단 소린지....",record,False,False,False,False,,
Oblivion.esm,INFO,0003663D,,NAM1,1,,,"Fine. You've got me. I figured if I left some rotten meat outside, the nasty little things would come out, and the guards would take care of them.",좋아요. 맘대로 하세요. 제가 여기에 썩은 고기들을 놔두면 그 작고 짜증나는것들이 밖으로 기어 나올줄 알았어요. 그리고 마을 경비대에서 처리 해줄걸로 생각했죠.,record,False,False,False,False,,
Oblivion.esm,DIAL,00036613,FGC01Choice1,FULL,0,,,It was a mountain lion.,퓨마(mountain lion) 였소.,record,True,True,True,False,HIGH,"mountain, lion"
Oblivion.esm,INFO,0003662A,,NAM1,0,,,"A mountain lion? In my basement? But... how? That's not possible. But, it happened! What if there are more? What if it wasn't alone?",우리집 지하실에 mountain lion 이 있었다고요? 어떻게 그럴수가.. 말도 안되는 일이 벌어 졌군요. 그거 말고 또 다른 무리는 없었나요? 한마리가 아니였을 수도 있어요.,record,False,True,False,False,MEDIUM,"mountain, lion"
Oblivion.esm,INFO,0003662A,,NAM1,1,,,"Where there's one, there will be more. Find Pinarus Inventius. He's a hunter, and knows this area inside and out. He'll know what to do.","한마리가 보였다면, 부근에 분명히 다른무리들이 있을거에요. Pinarus inventius 를 찾아가 보세요. 이 부근에 익숙한 사냥꾼 이에요. 그가 이런일은 어떻게 처리해야 되는지 알고 있을거에요.",record,False,True,False,False,MEDIUM,"Pinarus, inventius"
Oblivion.esm,DIAL,00036614,MountainLionsTOPIC,FULL,0,,,Mountain Lions,퓨마,record,False,False,True,False,TOPIC_CHECK,
Oblivion.esm,INFO,00036623,,NAM1,0,,,"Mountain lions! In her basement? I just wanted to lure her vermin outside! I didn't mean to hurt anyone, except the rats. Please, don't tell her!","퓨마요! 그녀의 지하실에요? 나는 그저 그녀의 해로운 동물을 밖으로 유인하려고 했는데! 나는 누구도 해치고 싶진 않았어요, 그 쥐들은 빼고요. 제발, 그녀에게 말하지 마세요!",record,False,False,False,False,,
Oblivion.esm,INFO,00036623,,NAM1,1,,,"And, if you can keep this our little secret, I can make it worth your while. There's a bit about acrobatics I can teach you. Give it some thought.","만약 당신이 이것을 우리만의 비밀로 할수 있다면, 충분히 보답해 드리죠. 제가 당신에게 곡예기술을 가르쳐 드릴수 있어요.",record,False,False,False,False,,
Oblivion.esm,INFO,0018BD5C,,NAM1,0,,,"I don't know what you're talking about. I'm not sure what you're accusing me of, but don't do it without any proof!","무슨말을 하는지 모르겠군요. 왜 저를 고발하려는지도 모르겠지만, 아무 증거도 없이 그러지 말라고요!",record,False,False,False,False,,
Oblivion.esm,INFO,00036624,,NAM1,0,,,"You think you've gotten rid of them all? You do? Well, you haven't! There's one in my basement right now! Go get it!",모두 다 처리했다고 생각하세요? 정말로요? 아니에요! 지금 내 지하실에 한마리가 있다고요! 어서 없애요!,record,False,False,False,False,,
Oblivion.esm,INFO,0003662B,,NAM1,0,,,"Mountain lions? Here? Odd. If they're around, I can find them. Come with me. A hunt will do us good, and maybe make that old nut feel better.","퓨마요? 여기에? 별일이군요. 만약 이 근처에 있다면, 찾을수 있어요. 함께 갑시다. 오랜만에 사냥좀 해볼까요?",record,False,False,False,False,,
Oblivion.esm,DIAL,00036615,QuillWeaveTOPIC,FULL,0,,,Quill-Weave,퀼-위브(Quill-Weave),record,True,True,True,False,HIGH,Quill-Weave
Oblivion.esm,INFO,00036637,,NAM1,0,,,She's the one. She's never liked me or my sweet little pets. I know it's her. I've even seen her sneaking around in back of my house at night.,그녀에요. 그녀는 저나 저의 작고 귀여운 동물들을 좋아하지 않았어요. 전 그녀라는걸 알아요. 나는 그녀가 저녁무렵 내 집 뒷쪽에 몰래 움직이는걸 봤어요.,record,False,False,False,False,,
Oblivion.esm,INFO,00036637,,NAM1,1,,,She thinks she's so smart. She and all the other women. I'll show her! I want you to keep an eye on her. Find out what she's up to.,그녀는 자신이 똑똑하다고 생각할거에요. 그녀나 다른 여자들도요. 전 보여주겠어요! 당신은 그녀를 계속 지켜봐 주세요. 무슨짓을 하는지도요.,record,False,False,False,False,,
Oblivion.esm,DIAL,00036641,MQ09JauffreA,FULL,0,,,What evil lurks in Sancre Tor?,셍커 토르(Sancre Tor)에 숨어있는 악령이란?,record,True,True,True,False,HIGH,"Sancre, Tor"
Oblivion.esm,INFO,00036668,,NAM1,0,,,I do not know. The catacombs of Sancre Tor were sealed by the first Grandmaster of the Blades.,난 모르네. 셍크 토르(Sancre Tor) 지하묘지는 초대 블레이드 단장에 의해서 봉인되었네.,record,True,True,False,False,HIGH,"Sancre, Tor"
Oblivion.esm,INFO,00036668,,NAM1,1,,,"The four mightiest Blades of Tiber Septim's day, Alain, Valdemar, Rielus, and Casnar, went to Sancre Tor and never returned.","타어버 셉팀의 날, 네 명의 최강 블레이드였던 알레인(Alain), 발데말(Valdemar), 리에루스(Rielus), 그리고 카스날(Casnar)은 셍크 토르(Sancre Tor)로 떠났고 다시는 돌아오지 못 했지.",record,True,True,False,False,HIGH,"Alain, Valdemar, Rielus, Casnar, Sancre, Tor"
Oblivion.esm,INFO,00036668,,NAM1,2,,,"Here, this is the key to Sancre Tor's outer door. I fear I am sending you to your death, but we have no other choice. You must succeed.","이걸 받게, 이건 셍크 토르(Sancre Tor) 외각 문 열쇠라네. 자네를 사지로 보내는 것 같아 걱정이지만 우리에겐 다른 선택이 없네. 반드시 성공해야만 하네.",record,True,True,False,False,HIGH,"Sancre, Tor"
Oblivion.esm,DIAL,00036642,MQ09GhostC,FULL,0,,,Is the Underking still here?,언더킹(Underking)이 아직 여기 있는가?,record,True,True,True,False,HIGH,Underking
Oblivion.esm,INFO,00036667,,NAM1,0,,,"No. He departed long ago. But his evil will remains, preventing any from paying homage at the Shrine of Tiber Septim.",아니다. 그는 오래 전에 떠났다. 하지만 그의 악은 여전히 남아서 타이버 셉팀 성지를 경배하는 어떤 행위도 막고 있다.,record,False,False,False,False,,
Oblivion.esm,INFO,00036667,,NAM1,1,,,"Over the uncounted years of our slavery here, we have brooded over our defeat. I believe that we can undo the Underking's evil magic.","여기서 노예처럼 지낸 무수한 세월 동안, 우리는 우리의 패배를 극복할 준비를 하게 되었다. 난 우리가 언더킹의 마력을 되돌릴 수 있다고 믿는다.",record,False,False,False,False,,
Oblivion.esm,INFO,00036667,,NAM1,2,,,"I go now to complete my duty to my lord Tiber Septim. Free my brothers, and together we may be able to lift the Underking's curse. Farewell!","이제 나는 나의 군주 타이버 셉팀에 대한 나의 임무를 완수하기 위해 간다. 나의 자유로운 형제들이여, 우리는 함께 언더킹의 저주를 풀 수 있게 될 것이다. 잘 가거라!",record,False,False,False,False,,
Oblivion.esm,DIAL,00036643,MQ09GhostB,FULL,0,,,What happened to you?,당신에게 무슨 일이 있었나?,record,False,False,True,False,TOPIC_CHECK,
Oblivion.esm,INFO,00036666,,NAM1,0,,,My three companions and I were sent here by the Emperor Tiber Septim to discover what evil had defiled the holy catacombs of Sancre Tor.,"나와 세 명의 동료들은 타이버 셉팀 황제의 명에 의해, 신성한 셍커 토르(Sancre Tor)의 지하 묘지를 오염시키는 악의 근원에 대해 조사하기 위해, 여기에 오게 되었다.",record,True,True,False,False,HIGH,"Sancre, Tor"
Oblivion.esm,INFO,00036666,,NAM1,1,,,"We did not know that the Underking, who was Zurin Arctus, had arisen to take his first revenge upon his former lord.",우린 언더킹이었던 주린 악투스(Zurin Arctus)의 그의 예전 군주에 대한 첫 번째 복수로 인해 일어난 일이란 걸 알 수 없었다.,record,True,True,False,False,HIGH,"Zurin, Arctus"
Oblivion.esm,INFO,00036666,,NAM1,2,,,"The Underking defeated and ensnared us in his evil enchantment, and bound us here to guard forever the defiled Shrine of Tiber Septim.",언더킹은 그의 마력으로 우리를 제압하고 함정에 빠뜨렸다. 그리곤 우리를 오염된 타어버 셉팀 성지의 영원한 파수꾼으로 삼았다.,record,False,False,False,False,,
Oblivion.esm,DIAL,00036644,MQ09GhostA,FULL,0,,,Who are you?,누구냐?,record,False,False,True,False,TOPIC_CHECK,
Oblivion.esm,INFO,00036662,,NAM1,0,,,"I was Rielus, loyal Blade of Emperor Tiber Septim. I do not know how long I have been dead. It feels like an eternity.","난 타어버 셉팀 황제의 충성스러운 블레이드, 리에루스(Rielus)였다. 나는 얼마나 오랫동안 여기서 죽어 있었는지 모른다. 다만 끝없이 오랜 시간이었다는 것 뿐.",record,True,True,False,False,HIGH,Rielus
Oblivion.esm,INFO,00036663,,NAM1,0,,,"I was Casnar, loyal Blade of Emperor Tiber Septim. I do not know how long I have been dead. It feels like an eternity.","난 타어버 셉팀 황제의 충성스러운 블레이드, 카스날(Casnar)이었다. 나는 얼마나 오랫동안 여기서 죽어 있었는지 모른다. 다만 끝없이 오랜 시간이었다는 것 뿐.",record,True,True,False,False,HIGH,Casnar
Oblivion.esm,INFO,00036664,,NAM1,0,,,"I was Valdemar, loyal Blade of Emperor Tiber Septim. I do not know how long I have been dead. It feels like an eternity.","난 타어버 셉팀 황제의 충성스러운 블레이드, 발데말(Valdemar)이었다. 나는 얼마나 오랫동안 여기서 죽어 있었는지 모른다. 다만 끝없이 오랜 시간이었다는 것 뿐.",record,True,True,False,False,HIGH,Valdemar
Oblivion.esm,INFO,00036665,,NAM1,0,,,"I was Alain, loyal Blade of Emperor Tiber Septim. I do not know how long I have been dead. It feels like an eternity.","난 타어버 셉팀 황제의 충성스러운 블레이드, 알레인(Alain)이었다. 나는 얼마나 오랫동안 여기서 죽어 있었는지 모른다. 다만 끝없이 오랜 시간이었다는 것 뿐.",record,True,True,False,False,HIGH,Alain
Oblivion.esm,DIAL,000366E4,MG17ThalfinWhatNow,FULL,0,,,"So, what do we do now?","그러면, 이제 우리는 무엇을 해야 합니까?",record,False,False,True,False,TOPIC_CHECK,
Oblivion.esm,INFO,000366F0,,NAM1,0,,,"All we can do is prepare for them to come out. Once they do, it'll be our best chance to get the drop on them.",우리가 할  수 있는것은 그들이 나오기를 기다리는 것 뿐이죠. 그들이 나오면 그들을 덮치는것이 최선의 방법이 될 거에요,record,False,False,False,False,,
Oblivion.esm,INFO,000366F0,,NAM1,1,,,"Of course, since we can't get inside, we don't know how strong their numbers are, or whether we really have a chance at this.","당연하죠. 우리가 들어갈수 없으니 그들이 얼마나 많은지도, 우리가 이 일에 정말 승산이 있는지도 몰라요.",record,False,False,False,False,,
Oblivion.esm,INFO,000366F0,,NAM1,2,,,"Traven sent word that he wanted you in charge, so you've got it. You're in command. Tell us where you want us.",Traven이 당신을 책임자로 두고 싶다고 했어요. 그렇게 하세요. 이젠 당신이 지휘관이에요. 우리가 어디에 있어야 할지 알려주세요.,record,False,True,False,False,MEDIUM,Traven
Oblivion.esm,INFO,000366F0,,NAM1,3,,,"If I may, I'd suggest that you put us in the best possible positions based on our abilities. But it's up to you.","한가지 조언하자면, 우리 능력을 가장 잘 발휘할 수 있는 곳에 배치하는 것이 좋을거에요. 물론 당신 마음이지만요.",record,False,False,False,False,,
Oblivion.esm,DIAL,000366E5,MG17ThalfinWhy,FULL,0,,,Why did you fall back?,왜 물러났습니까?,record,False,False,True,False,TOPIC_CHECK,
Oblivion.esm,INFO,000366EF,,NAM1,0,,,"What other choice did I have? We were too exposed, standing around outside the door. I lost one of my men already, and I wasn't willing to lose more.","제가 뭘 할 수 있었겠어요? 문밖에서 어슬렁거리는것은 우리를 너무 드러내는 것이었어요. 저는 이미 부하 하나를 잃었고, 또다시 잃을 생각은 없다구요.",record,False,False,False,False,,
Oblivion.esm,INFO,000366EF,,NAM1,1,,,"Rolis tried to make it through the door - he's the one that realized this wasn't going to work. One of their patrols spotted us, and Rolis went down.","Rolis가 문을 통과하려고 했어요 - 그가 이 방법은 안되겠다고 깨달은 사람이에요. 우리는 적 순찰에 걸렸고, Rolis는 전사했어요.",record,False,True,False,False,MEDIUM,"Rolis, Rolis"
Oblivion.esm,INFO,000366EF,,NAM1,2,,,"So we're stuck. All we can do is wait for them to come out. Then they can't hide any more than we can, and it evens the odds quite a bit.",그래서 우리가 여기 쳐박히게 된거에요. 우리가 할 수 있는 유일한 방법은 여기서 그들이 나오기를 기다리는 거죠. 그래야 그들이 숨을 수 없어 조금이라도 승산이 있을테니까요.,record,False,False,False,False,,
Oblivion.esm,DIAL,000366E6,MG17GoOn,FULL,0,,,Go on.,계속해.,record,False,False,True,False,TOPIC_CHECK,
Oblivion.esm,INFO,000366ED,,NAM1,0,,,A contingent of Battlemages has been sent to the site. I would like you to oversee their actions on my behalf.,몇몇 배틀메이지들이 그곳으로 갔네. 그들이 하는 일을 내 대신에 돌봐주게.,record,False,False,False,False,,
Oblivion.esm,INFO,000366ED,,NAM1,1,,,The only thing that matters is that gem. Do you understand?,"무엇보다도 gem이 중요하다는 것을 명심하게, 알겠는가?",record,False,True,False,False,MEDIUM,gem
Oblivion.esm,INFO,000366ED,,NAM1,2,,,"Once you have it safely in your possession, return here immediately.","그걸 자네가 안전하게 입수하고 나면, 바로 여기로 돌아오게.",record,False,False,False,False,,
Oblivion.esm,INFO,000366ED,,NAM1,3,,,"Know that you have my complete confidence. I would not entrust this job to you if I did not feel you were prepared for it. Now, go.","자네는 나의 완전한 믿음을 가지고 있다는 것을 기억하게. 자네가 준비되었다 여기지 않았다면 이 임무에 자네를 보내지 않았을걸세. 자, 이제 가게나.",record,False,False,False,False,,
Oblivion.esm,DIAL,000366E7,MG17TravenDestroy,FULL,0,,,Why not destroy the gem?,왜 그 젬을 파괴하지 않습니까?,record,False,False,True,False,TOPIC_CHECK,
Oblivion.esm,INFO,000366EC,,NAM1,0,,,No... I have need of it. I believe it may be instrumental in saving our guild.,아니... 그걸 사용해 할 일이 있네. 우리 길드를 구하는데 큰 쓸모가 있을거야.,record,False,False,False,False,,
Oblivion.esm,INFO,000366EC,,NAM1,1,,,"I will explain once you have returned with it. Until then, discussion is useless.",자네가 그걸 가지고 돌아오면 설명해 주도록 하지. 그때까지 이 토론은 무의미해.,record,False,False,False,False,,
Oblivion.esm,DIAL,000366E8,MG17TravenHowLearn,FULL,0,,,How did you learn this?,어떻게 그것을 알았습니까?,record,False,False,True,False,TOPIC_CHECK,
Oblivion.esm,INFO,000366EB,,NAM1,0,,,"I've spoken with several individuals I cannot name at this time. Count Hassildor has also provided valuable information, as you well know.",나는 지금 밝힐수 없는 몇몇 사람들과 의논했네. 자네도 알다시피 Hassildor 백작은 우리에게 귀한 정보를 주기도 했지.,record,False,True,False,False,MEDIUM,Hassildor
Oblivion.esm,INFO,0003780C,,NAM1,0,,,"You've failed, mortal. I didn't figure you had it in you. Weakling. Pathetic piece of filth. Leave, before I make you sorry you ever came here.","틀렸다. 필멸자. 네 능력을 가늠할 수가 없구나. 나약한 놈. 한심하고 쓰레기 같으니. 사라져라, 네놈이 여기 온 것을 후회하게 만들어 주기 전에.",record,False,False,False,False,,
Oblivion.esm,INFO,0003780D,,NAM1,0,,,"But, you'll still get your prize, won't you? I think it was worth it... don't you? Keep up the good work, little mortal.","그러나, 너는 여전히 자신의 가치를 보여주고 보답을 얻고 싶을테지, 그런가? 그런 자세로 심혈을 기울여 일하는게 좋을것이다. 작은 필멸자여.",record,False,False,False,False,,
Oblivion.esm,INFO,00037816,,NAM1,0,,,"Well, it seems you've accomplished the task set out for you. Well done. Another man damned. Another ruined soul.","좋아, 널 위해 준비된 일을 해낸 것 같군. 잘했다. 또 한명이 지옥에 떨어졌다. 또 하나의 영혼이 타락했다.",record,False,False,False,False,,
Oblivion.esm,INFO,00037821,,NAM1,0,,,"You will let him kill you with this: the Cursed Mace. As you are doing this for me, I'll save your miserable life. Probably. Get out of my sight.","너는 이 저주받은 메이스(Cursed Mace)로 놈에게 죽임을 당하면 된다. 만약 그리 해준다면, 너를 비참한 인생에서 구해주겠다. 아마도. 어서 꺼져.",record,True,True,False,False,HIGH,"Cursed, Mace"
Oblivion.esm,INFO,00037844,,NAM1,0,,,"He has sworn an oath: never to raise a weapon against another man again. I want him to break that oath, and damn himself forever.","그놈은 두번 다시 사람에게 무기를 휘드리지 않겠다고 맹세했지. 나는 그놈이 그 맹세를 깨뜨리고 지옥에 떨어져줬으면 한다, 영원히.",record,False,False,False,False,,
Oblivion.esm,INFO,00037845,,NAM1,0,,,Near Brindle Home you will find Melus Petilius. A good man. An honorable man. He disgusts me. ,Brindle Home 부근에서 너는 Melus Petilius을 찾을 수 있을 것이다. 정직하고 고결한 인간. 그게 나를 구역질 나게 만들고 있다.,record,False,True,False,False,MEDIUM,"Brindle, Home, Melus, Petilius"
Oblivion.esm,INFO,00037848,,NAM1,0,,,Another mortal come to do my bidding. I only wish suffering and death. You will bring me both. I want to see a man brought to the edge. And pushed.,"새로운 필멸자가 내 부름에 답하는구나. 내 소망은 고통과 죽음. 너는 양쪽 모두 가져올 것이다. 내가 원하는것은 벼랑끝에 내몰린 인간, 그리고 그 등를 밀어주는 거지.",record,False,False,False,False,,
Oblivion.esm,DIAL,00037822,MQ15JauffreA,FULL,0,,,We should take Martin there at once.,우리는 즉시 마틴(Martin)을 그곳으로 모셔야 합니다.,record,True,True,True,False,HIGH,Martin
Oblivion.esm,DIAL,00037823,MQ16MartinB,FULL,0,,,What about the Amulet of Kings?,왕의 아뮬렛은 어떻습니까?,record,False,False,True,False,TOPIC_CHECK,
Oblivion.esm,INFO,0004BFBD,,NAM1,0,,,Wait. Yes. The Amulet was given to mortals by Akatosh... it contains His divine power...,"잠깐, 그렇지. 아뮬렛은 아카토쉬께서 인간 세상에 주신 것이지. 그의 신성한 힘이 담겨 있는... ",record,False,False,False,False,,
Oblivion.esm,INFO,0004BFBD,,NAM1,1,,,But how to use this power against Dagon? The Amulet was not intended as a weapon... ,하지만 어떻게 이 힘을 데이건에게 사용하지? 아뮬렛은 무기로 만들어지진 않았는데... ,record,False,False,False,False,,
Oblivion.esm,INFO,0004BFBD,,NAM1,2,,,... I have an idea. One last hope. I must reach the Dragonfires in the Temple of the One.,... 좋은 생각이 있네. 마지막 희망이야. 드래곤 파이어가 있는 신의 사원으로 가야겠네.,record,False,False,False,False,,
Oblivion.esm,DIAL,00037824,MQ15MartinD,FULL,0,,,"You see, you are Uriel's son.","보십시오, 유리엘의 후손이십니다.",record,False,False,True,False,TOPIC_CHECK,
Oblivion.esm,INFO,00037831,,NAM1,0,,,I didn't really need the Amulet to tell me that. I've known it was true since you first told me back in Kvatch.,내게 그렇게 말하는데 아뮬렛이 꼭 필요하진 않았네. 크바치에서 자네가 처음 말했을 때부터 그것이 사실인줄 알고 있었어.,record,False,False,False,False,,
Oblivion.esm,INFO,00037831,,NAM1,1,,,"But it is one thing to talk of becoming Emperor, and quite another to actually be the Emperor.","하지만 이것은 황제가 될 거라고 말하는 것일 뿐, 진짜 황제가 된다는 것은 전혀 다른 것이네.",record,False,False,False,False,,
Oblivion.esm,DIAL,00037825,MQ15MartinC,FULL,0,,,"Put on the Amulet, your Majesty.",아뮬렛을 차시지요. 폐하.,record,False,False,True,False,TOPIC_CHECK,
Oblivion.esm,INFO,00037830,,NAM1,0,,,"Yes, of course. What am I waiting for?","네, 물론이죠. 무엇을 기다리겠습니까?",record,False,False,False,False,,
Oblivion.esm,INFO,00037830,,NAM1,1,,,"After all, this is my destiny. No man can deny his destiny.","무엇보다, 이건 내 운명일세. 아무도 운명을 거부할 순 없어.",record,False,False,False,False,,
Oblivion.esm,DIAL,00037826,MQ15MartinB,FULL,0,,,Here. The Amulet belongs to you.,여기. 아뮬렛은 폐하의 것입니다.,record,False,False,True,False,TOPIC_CHECK,
Oblivion.esm,INFO,0003782F,,NAM1,0,,,Belongs to me? The Amulet of Kings?,내 것이라고? 왕의 아뮬렛이?,record,False,False,False,False,,
Oblivion.esm,INFO,0003782F,,NAM1,1,,,"So you and Jauffre have said. If it is true, if the Emperor really was my father, then I should be able to wear it.","자네와 죠프리가 말했던 것처럼. 그게 사실이라면, 황제께서 진정 나의 아버지였다면, 난 그걸 찰 수 있겠지.",record,False,False,False,False,,
Oblivion.esm,INFO,0003782F,,NAM1,2,,,Only those of the Septim blood can wear the Amulet of Kings.,오직 셉팀의 혈통만이 왕의 아뮬렛을 찰 수 있으니까.,record,False,False,False,False,,
Oblivion.esm,DIAL,00037827,MQ15MartinA,FULL,0,,,Mankar Camoran is dead.,맨카 케모런은 죽었습니다.,record,False,False,True,False,TOPIC_CHECK,
Oblivion.esm,INFO,0003782C,,NAM1,0,,,You did it. You defeated him. Then you have it... you have the Amulet of Kings?,해냈어. 그를 물리쳤어. 그럼 그것... 왕의 아뮬렛을 가지고 있나?,record,False,False,False,False,,
Oblivion.esm,INFO,00037B50,,NAM1,0,,,My lord! Welcome to Cloud Ruler Temple! We have not had the honor of an Emperor's visit in many years!,폐하! 클라우드 룰러(Cloud Ruler) 사원에 잘 오셨습니다! 오랜만에 황제께서 방문하는 영광을 누립니다!,record,True,True,False,False,HIGH,"Cloud, Ruler"
Oblivion.esm,INFO,00037B51,,NAM1,0,,,"Ah, well, thank you! The honor is mine.","아니오, 고맙소! 영광은 나의 것이오.",record,False,False,False,False,,
Oblivion.esm,INFO,00037B52,,NAM1,0,,,Come. Your Blades are waiting to greet you.,가시죠. 폐하의 블레이드가 기다리고 있습니다.,record,False,False,False,False,,
Oblivion.esm,INFO,00037C38,,NAM1,0,,,Blades! Dark times are upon us. The Emperor and his sons were slain on our watch. The Empire is in chaos.,블레이드여! 어둠의 시간이 우리에게 다가왔소. 황제와 자손들은 우리 앞에서 살해됐고 제국은 혼란에 빠져들었소.,record,False,False,False,False,,
Oblivion.esm,INFO,00037C39,,NAM1,0,,,"But there is yet hope. Here is Martin Septim, true son of Uriel Septim!","하지만 아직 희망은 있소. 여기 유리엘 셉팀(Uriel Septim)의 진정한 아들, 마틴 셉틴(Martin Septim)이 계시오!",record,True,True,False,False,HIGH,"Uriel, Septim, Martin, Septim"
Oblivion.esm,INFO,00037C3A,,NAM1,0,,,"Hail, Dragon Born! Hail, Martin Septim! Hail!","만세, 드래곤이 탄생했다! 만세, 마틴 셉팀(Martin Septim)! 만세!",record,True,True,False,False,HIGH,"Martin, Septim"
Oblivion.esm,INFO,00037C3B,,NAM1,0,,,Your Highness. The Blades are at your command. You will be safe here until you can take up your throne.,"폐하, 블레이드는 폐하의 통솔 하에 있습니다. 왕좌에 오르실 때까지 여기서 안전하게 지내시게 됩니다.",record,False,False,False,False,,
Oblivion.esm,INFO,00037C3C,,NAM1,0,,,Jauffre.,죠프리.,record,False,False,False,False,,
Oblivion.esm,INFO,0009354C,,NAM1,0,,,All of you.,모두들.,record,False,False,False,False,,
Oblivion.esm,INFO,0009354D,,NAM1,0,,,I know you all expect me to be Emperor. I'll do my best. But this is all new to me.,모두가 내가 황제가 되기를 원한다는 것을 알았습니다. 최선을 다 하겠습니다. 하지만 이런 모든 것들이 내겐 너무 새롭습니다.,record,False,False,False,False,,
Oblivion.esm,INFO,0009354E,,NAM1,0,,,I'm not used to giving speeches. But I wanted you to know that I appreciate your welcome here.,나는 연설을 별로 좋아하지 않습니다. 하지만 여러분들의 환대의 의미를 잘 알고 있다는 것을 말하고 싶습니다.,record,False,False,False,False,,
Oblivion.esm,INFO,0009354F,,NAM1,0,,,I hope I prove myself worthy of your loyalty in the coming days. That's it. Thank you.,나는 앞으로 여러분들의 충성을 받을만한 가치가 있다는 것을 스스로 증명할 것입니다. 그것을 말해두고자 합니다. 감사합니다.,record,False,False,False,False,,
Oblivion.esm,INFO,0008B600,,NAM1,0,,,"Well, then. Thank you, Martin.","네, 감사합니다 마틴.",record,False,False,False,False,,
Oblivion.esm,INFO,0008B601,,NAM1,0,,,"We'd all best get back to our duties, eh, Captain?","드디어 우리가 할 일을 찾은 것 같습니다. 네, 대장님?",record,False,False,False,False,,
Oblivion.esm,DIAL,00037CE6,MQJoinBlades,FULL,0,,,Join the Blades,블레이드에 입단,record,False,False,True,False,TOPIC_CHECK,
Oblivion.esm,INFO,00037CF0,,NAM1,0,,,Have you reconsidered? Are you ready to join our order in service to the Dragon Blood?,생각해 보았나? 드래곤의 혈통을 모시는 블레이드에 들어올 결심이 섰나?,record,False,False,False,False,,
Oblivion.esm,DIAL,00037CE7,MQJoinBladesDuties,FULL,0,,,What are my duties as a Blade?,블레이드의 의무는 무엇입니까?,record,False,False,True,False,TOPIC_CHECK,
Oblivion.esm,INFO,00037CEF,,NAM1,0,,,"The Blades are sworn to the service of the Emperor, as the mortal representative of the Dragon Blood of the divine Talos.",블레이드는 탈로스 신의 드래곤 혈통인 황제를 모시기로 맹세했다네.,record,False,False,False,False,,
Oblivion.esm,DIAL,00037CE8,MQJoinBladesNo,FULL,0,,,"No, not right now.","아닙니다, 지금 입단하지는 않겠습니다.",record,False,False,True,False,TOPIC_CHECK,
Oblivion.esm,INFO,00037CF1,,NAM1,0,,,"Very well. Many serve the Empire in their own way. But we would be honored to have you, if you change your mind.","좋아. 제국에 봉사하는 여러 방식이 있지. 하지만 마음을 바꾼다면, 우리와 명예를 함께 할 수 있다는 걸 알아두게.",record,False,False,False,False,,
Oblivion.esm,DIAL,00037CE9,MQJoinBladesYes,FULL,0,,,"Yes, I will join the Blades.","좋습니다, 블레이드에 입단하겠습니다.",record,False,False,True,False,TOPIC_CHECK,
Oblivion.esm,INFO,00037CED,,NAM1,0,,,It is my honor to welcome you into our ranks as a Knight Brother of the Blades.,블레이드의 기사 형제가 된걸 진심으로 환영하네.,record,False,False,False,False,,
Oblivion.esm,INFO,00037CEE,,NAM1,0,,,It is my honor to welcome you into our ranks as a Knight Sister of the Blades.,블레이드의 기사 자매가 된걸 진심으로 환영하네.,record,False,False,False,False,,
Oblivion.esm,DIAL,00037FE7,ArenaChampName10f,FULL,0,,,The Iron Maiden,아이언 메이든(The Iron Maiden),record,True,True,True,False,HIGH,"The, Iron, Maiden"
Oblivion.esm,INFO,00038B38,,NAM1,0,,,"The Iron Maiden, huh? I like it! Yeah, that'll do nicely. All right, it's time to see if you're crazy good or just plain crazy. ","Iron Maiden, 허? 맘에 드는군! 뭐 잘 되겠지. 자, 이제 네가 미칠 듯이 강한지 아니면 그냥 미친 건지 판가름 낼 시간이다.",record,False,True,False,False,MEDIUM,"Iron, Maiden"
Oblivion.esm,INFO,00038B38,,NAM1,1,,,"The Gray Prince is headed up to the Arena as we speak. Go up there and meet him, one Champion to the next. May the Divines have mercy on your soul.",그레이 프린스는 우리가 얘기하고 있는 동안 아레나로 향했다. 다음단계를 향해 올라가서 그와 대면해라. 신의 축복이 네 영혼에 깃들기를.,record,False,False,False,False,,
Oblivion.esm,DIAL,00037FE8,ArenaChampName10m,FULL,0,,,Sir Slaughter,써 슬로터(Sir Slaughter),record,True,True,True,False,HIGH,"Sir, Slaughter"
Oblivion.esm,INFO,00038B39,,NAM1,0,,,"Sir Slaughter, huh? I like it! Yeah, that'll do nicely. All right, it's time to see if you're crazy good or just plain crazy. ","Sir Slaughter, 허? 맘에 드는군! 뭐 잘 되겠지. 자, 이제 네가 미칠듯이 강한지 아니면 그냥 미친건지 판가름 낼 시간이다. ",record,False,True,False,False,MEDIUM,"Sir, Slaughter"
Oblivion.esm,INFO,00038B39,,NAM1,1,,,"The Gray Prince is headed up to the Arena as we speak. Go up there and meet him, one Champion to the next. May the Divines have mercy on your soul.",그레이 프린스는 우리가 얘기하고 있는 동안 아레나로 향했다. 다음단계를 향해 올라가서 그와 대면해라. 신의 축복이 네 영혼에 깃들기를.,record,False,False,False,False,,
Oblivion.esm,DIAL,00037FE9,ArenaChampName9,FULL,0,,,Man o' War,맨오 워(Man o' War),record,True,True,True,False,HIGH,"Man, o', War"
Oblivion.esm,INFO,00038B3A,,NAM1,0,,,"Man o' War, huh? I like it! Yeah, that'll do nicely. All right, it's time to see if you're crazy good or just plain crazy. ","Man o' War, 허? 맘에 드는군! 뭐 잘 되겠지. 자, 이제 네가 미칠 듯이 강한지 아니면 그냥 미친 건지 판가름 낼 시간이다. ",record,False,True,False,False,MEDIUM,"Man, o', War"
Oblivion.esm,INFO,00038B3A,,NAM1,1,,,"The Gray Prince is headed up to the Arena as we speak. Go up there and meet him, one Champion to the next. May the Divines have mercy on your soul.",그레이 프린스는 우리가 얘기하고 있는 동안 아레나로 향했다. 다음단계를 향해 올라가서 그와 대면해라. 신의 축복이 네 영혼에 깃들기를.,record,False,False,False,False,,
Oblivion.esm,DIAL,00037FEA,ArenaChampName8,FULL,0,,,The Crimson Blade,크림슨 블레이드(The Crimson Blade),record,True,True,True,False,HIGH,"The, Crimson, Blade"
Oblivion.esm,INFO,00038B3B,,NAM1,0,,,"The Crimson Blade, huh? I like it! Yeah, that'll do nicely. All right, it's time to see if you're crazy good or just plain crazy. ","Crimson Blade, 허? 맘에 드는군! 뭐 잘 되겠지. 자, 이제 네가 미칠 듯이 강한지 아니면 그냥 미친 건지 판가름 낼 시간이다.",record,False,True,False,False,MEDIUM,"Crimson, Blade"
Oblivion.esm,INFO,00038B3B,,NAM1,1,,,"The Gray Prince is headed up to the Arena as we speak. Go up there and meet him, one Champion to the next. May the Divines have mercy on your soul.",그레이 프린스는 우리가 얘기하고 있는 동안 아레나로 향했다. 다음단계를 향해 올라가서 그와 대면해라. 신의 축복이 네 영혼에 깃들기를.,record,False,False,False,False,,
Oblivion.esm,DIAL,00037FEB,ArenaChampName7,FULL,0,,,The Messenger of Death,메신저 오브 데쓰(The Messenger of Death),record,True,True,True,False,HIGH,"The, Messenger, of, Death"
Oblivion.esm,INFO,00038B3C,,NAM1,0,,,"The Messenger of Death, huh? I like it! Yeah, that'll do nicely. All right, it's time to see if you're crazy good or just plain crazy. ","Messenger of Death,허? 맘에 드는군! 뭐 잘 되겠지. 자, 이제 네가 미칠 듯이 강한지 아니면 그냥 미친 건지 판가름 낼 시간이다. ",record,False,True,False,False,MEDIUM,"Messenger, of, Death"
Oblivion.esm,INFO,00038B3C,,NAM1,1,,,"The Gray Prince is headed up to the Arena as we speak. Go up there and meet him, one Champion to the next. May the Divines have mercy on your soul.",그레이 프린스는 우리가 얘기하고 있는 동안 아레나로 향했다. 다음단계를 향해 올라가서 그와 대면해라. 신의 축복이 네 영혼에 깃들기를.,record,False,False,False,False,,
Oblivion.esm,DIAL,00037FEC,ArenaChampName6,FULL,0,,,The Divine Avenger,디바인 어벤저(The Divine Avenger),record,True,True,True,False,HIGH,"The, Divine, Avenger"
Oblivion.esm,INFO,00038B3D,,NAM1,0,,,"The Divine Avenger, huh? I like it! Yeah, that'll do nicely. All right, it's time to see if you're crazy good or just plain crazy. ","Divine Avenger? 허? 맘에 드는군! 뭐 잘 되겠지. 자, 이제 네가 미칠 듯이 강한지 아니면 그냥 미친 건지 판가름 낼 시간이다.",record,False,True,False,False,MEDIUM,"Divine, Avenger"
Oblivion.esm,INFO,00038B3D,,NAM1,1,,,"The Gray Prince is headed up to the Arena as we speak. Go up there and meet him, one Champion to the next. May the Divines have mercy on your soul.",그레이 프린스는 우리가 얘기하고 있는 동안 아레나로 향했다. 다음단계를 향해 올라가서 그와 대면해라. 신의 축복이 네 영혼에 깃들기를.,record,False,False,False,False,,
Oblivion.esm,DIAL,00037FED,ArenaChampName5,FULL,0,,,Skullcrusher,스컬크러셔(Skullcrusher),record,True,True,True,False,HIGH,Skullcrusher
Oblivion.esm,INFO,00038B3E,,NAM1,0,,,"Skullcrusher, huh? I like it! Yeah, that'll do nicely. All right, it's time to see if you're crazy good or just plain crazy. ","Skullcrusher,허? 맘에 드는군! 뭐 잘 되겠지. 자, 이제 네가 미칠 듯이 강한지 아니면 그냥 미친 건지 판가름 낼 시간이다. ",record,False,True,False,False,MEDIUM,Skullcrusher
Oblivion.esm,INFO,00038B3E,,NAM1,1,,,"The Gray Prince is headed up to the Arena as we speak. Go up there and meet him, one Champion to the next. May the Divines have mercy on your soul.",그레이 프린스는 우리가 얘기하고 있는 동안 아레나로 향했다. 다음단계를 향해 올라가서 그와 대면해라. 신의 축복이 네 영혼에 깃들기를.,record,False,False,False,False,,
Oblivion.esm,DIAL,00037FEE,ArenaChampName4,FULL,0,,,The Black Arrow,블랙애로우(The Black Arrow),record,True,True,True,False,HIGH,"The, Black, Arrow"
Oblivion.esm,INFO,00038B3F,,NAM1,0,,,"The Black Arrow, huh? I like it! Yeah, that'll do nicely. All right, it's time to see if you're crazy good or just plain crazy. ","Black Arrow, 허? 맘에 드는군! 뭐 잘 되겠지. 자, 이제 네가 미칠 듯이 강한지 아니면 그냥 미친 건지 판가름 낼 시간이다. ",record,False,True,False,False,MEDIUM,"Black, Arrow"
Oblivion.esm,INFO,00038B3F,,NAM1,1,,,"The Gray Prince is headed up to the Arena as we speak. Go up there and meet him, one Champion to the next. May the Divines have mercy on your soul.",그레이 프린스는 우리가 얘기하고 있는 동안 아레나로 향했다. 다음단계를 향해 올라가서 그와 대면해라. 신의 축복이 네 영혼에 깃들기를.,record,False,False,False,False,,
Oblivion.esm,DIAL,00037FEF,ArenaChampName3,FULL,0,,,Shadowstep,쉐도우스텝(Shadowstep),record,True,True,True,False,HIGH,Shadowstep
Oblivion.esm,INFO,00038B40,,NAM1,0,,,"Shadowstep, huh? I like it! Yeah, that'll do nicely. All right, it's time to see if you're crazy good or just plain crazy. ","Shadowstep,허? 맘에 드는군! 뭐 잘 되겠지. 자, 이제 네가 미칠 듯이 강한지 아니면 그냥 미친 건지 판가름 낼 시간이다.",record,False,True,False,False,MEDIUM,Shadowstep
Oblivion.esm,INFO,00038B40,,NAM1,1,,,"The Gray Prince is headed up to the Arena as we speak. Go up there and meet him, one Champion to the next. May the Divines have mercy on your soul.",그레이 프린스는 우리가 얘기하고 있는 동안 아레나로 향했다. 다음단계를 향해 올라가서 그와 대면해라. 신의 축복이 네 영혼에 깃들기를.,record,False,False,False,False,,
Oblivion.esm,DIAL,00037FF0,ArenaChampName2,FULL,0,,,The Butcher,부처(The Butcher),record,True,True,True,False,HIGH,"The, Butcher"
Oblivion.esm,INFO,00038B41,,NAM1,0,,,"The Butcher, huh? I like it! Yeah, that'll do nicely. All right, it's time to see if you're crazy good or just plain crazy. ","Butcher, 허? 맘에 드는군! 뭐 잘 되겠지. 자, 이제 네가 미칠 듯이 강한지 아니면 그냥 미친 건지 판가름 낼 시간이다. ",record,False,True,False,False,MEDIUM,Butcher
Oblivion.esm,INFO,00038B41,,NAM1,1,,,"The Gray Prince is headed up to the Arena as we speak. Go up there and meet him, one Champion to the next. May the Divines have mercy on your soul.",그레이 프린스는 우리가 얘기하고 있는 동안 아레나로 향했다. 다음단계를 향해 올라가서 그와 대면해라. 신의 축복이 네 영혼에 깃들기를.,record,False,False,False,False,,
Oblivion.esm,DIAL,00037FF1,ArenaChampName1,FULL,0,,,The Spellslinger,스펠슬링거(The Spellslinger),record,True,True,True,False,HIGH,"The, Spellslinger"
Oblivion.esm,INFO,00038B42,,NAM1,0,,,"The Spellslinger, huh? I like it! Yeah, that'll do nicely. All right, it's time to see if you're crazy good or just plain crazy. ","Spellslinger, 허? 맘에 드는군! 뭐 잘 되겠지. 자, 이제 네가 미칠 듯이 강한지 아니면 그냥 미친 건지 판가름 낼 시간이다. ",record,False,True,False,False,MEDIUM,Spellslinger
Oblivion.esm,INFO,00038B42,,NAM1,1,,,"The Gray Prince is headed up to the Arena as we speak. Go up there and meet him, one Champion to the next. May the Divines have mercy on your soul.",그레이 프린스는 우리가 얘기하고 있는 동안 아레나로 향했다. 다음단계를 향해 올라가서 그와 대면해라. 신의 축복이 네 영혼에 깃들기를.,record,False,False,False,False,,
Oblivion.esm,DIAL,00038421,MS11Proof,FULL,0,,,I disagree.,내 의견은 다릅니다.,record,False,False,True,False,TOPIC_CHECK,
Oblivion.esm,INFO,00038584,,NAM1,0,,,What do you mean you disagree? That's a bold statement. What proof do you have that Gelebourne was not a vampire?,동의하지 않는다니 무슨 뜻입니까? 그거 대담한 발언이군요. Gelebourne가 뱀파이어가 아니었다는 무슨 증거라도 있습니까?,record,False,True,False,False,MEDIUM,Gelebourne
Oblivion.esm,INFO,00038585,,NAM1,0,,,What do you mean you disagree? That's a bold statement. What proof do you have that Gelebourne was not a vampire?,동의하지 않는다니 무슨 뜻입니까? 그거 대담한 발언이군요. Gelebourne가 뱀파이어가 아니었다는 무슨 증거라도 있습니까?,record,False,True,False,False,MEDIUM,Gelebourne
Oblivion.esm,DIAL,00038422,Gelebourne,FULL,0,,,Gelebourne,겔레본,record,False,False,True,False,TOPIC_CHECK,
Oblivion.esm,INFO,00038B04,,NAM1,0,,,"In your absence, I dispatched a runner to Skingrad to let them know they need to clear Gelebourne's name for the record books.","당신이 없을 때, 난 기록지에서 Gelebourne의 이름을 삭제할 필요가 있음을 알려주기 위해 Skingrad로 사람을 보냈습니다.",record,False,True,False,False,MEDIUM,"Gelebourne, Skingrad"
Oblivion.esm,INFO,00038B04,,NAM1,1,,,"Like Bradon, I think he deserves to have his name clear of wrongdoing.","Bradon처럼, 그의 이름이 범죄에 관해 깨끗하다고 생각합니다.",record,False,True,False,False,MEDIUM,Bradon
Oblivion.esm,INFO,0003857D,,NAM1,0,,,"Yes, I remember Bradon mentioning that name once. He was part of the brotherhood he had created with Raynil.","네, 브래던 씨가 그 이름을 한 번 말했던 게 기억나네요. 그는 레이닐과 함께 만든 형제단의 일원이었다 합니다.",record,False,False,False,False,,
Oblivion.esm,INFO,00038582,,NAM1,0,,,Raynil will pay for both crimes. Gelebourne was likely another innocent he's slain. I'll make sure Skingrad's city watch hears of this.,Raynil은 두 범죄행위에 대한 대가를 치를 겁니다. Gelebourne은 그가 살해한 또 다른 무고한 사람임이 틀림없어요. 난 Skingrad의 모든 경비대가 이걸 알게 할 겁니다.,record,False,True,False,False,MEDIUM,"Raynil, Gelebourne, Skingrad"
Oblivion.esm,INFO,0009215C,,NAM1,0,,,What proof of your outlandish accusations have you brought me?,당신의 이상적인 고발에 대한 증거로 뭘 가져 왔습니까?,record,False,False,False,False,,
Oblivion.esm,INFO,00038583,,NAM1,0,,,What proof of your outlandish accusations have you brought me?,당신의 이상적인 고발에 대한 증거로 뭘 가져 왔습니까?,record,False,False,False,False,,
Oblivion.esm,INFO,00038439,,NAM1,0,,,How'd you know about that? Agh... too many people don't know how to keep quiet about official matters. Very well.,어떻게 그걸 알았어요? 아... 정말 너무 많은 사람들이 공적인 문제에 대해 침묵을 지킬 줄을 모른다니까. 어쨌거나 말이죠.,record,False,False,False,False,,
Oblivion.esm,INFO,00038439,,NAM1,1,,,"The Skingrad city watch informed us that Gelebourne was killed by Raynil not too long ago. Gelebourne was a vampire as well, obviously.","Skingrad 도시 경비대가 우리에게 Gelebourne가 얼마전에 Raynil에 의해 죽었다고 보고했어요. 게다가 Gelebourne는 뱀파이어였습니다, 명백하게도 말이죠.",record,False,True,False,False,MEDIUM,"Skingrad, Gelebourne, Raynil, Gelebourne"
Oblivion.esm,INFO,0003844C,,NAM1,0,,,Gelebourne? That's odd you should mention that name. Raynil told me that he was the last vampire he hunted.,"Gelebourne이라고 했소? 당신이 그 이름을 언급하다니 뜻밖이구려. Raynil이 말하길, 자신이 마지막으로 사냥한 뱀파이어가 그자라고 내게 말했소.",record,False,True,False,False,MEDIUM,"Gelebourne, Raynil"
Oblivion.esm,INFO,0003844C,,NAM1,1,,,Yes... that's right. Somewhere in Skingrad I believe. He said he tracked Gelebourne down and killed him.,그래요... 그게 맞소이다. Skingrad 어딘가라고 생각하는데. 그가 Gelebourne을 쫓아가 죽였다고 말하더이다.,record,False,True,False,False,MEDIUM,"Skingrad, Gelebourne"
Oblivion.esm,INFO,0003844C,,NAM1,2,,,That's apparently why the guards trust him so readily. They had gotten word from Skingrad's city watch about Raynil and his so-called accomplishment.,그것이 언뜻 보기에 경비병들이 그렇게 쉽게 그를 신뢰하는 이유지. 그들은 Skingrad의 경비대로부터 Raynil과 그의 소위 공적이라고 불리는 것에 대한 전언을 받았거든.,record,False,True,False,False,MEDIUM,"Skingrad, Raynil"
Oblivion.esm,DIAL,00038423,MS11ErlineOpinion,FULL,0,,,The evidence looks bad for Bradon.,그 상황이라면 브랜돈(Bradon)씨가 불리하네요.,record,True,True,True,False,HIGH,Bradon
Oblivion.esm,INFO,00038444,,NAM1,0,,,Well of course it does! It was obviously planted here. Why would he stash a body in his own house? That's ridiculous!,물론 그렇겠죠! 그건 눈에 띄게 여기 놓여져 있었어요. 왜 그가 자신의 집에 시체를 은닉하겠어요? 말도 안되죠!,record,False,False,False,False,,
Oblivion.esm,INFO,00038444,,NAM1,1,,,And another thing. The guards are making a big deal out of no one seeing Bradon out in the daylight. Well of course that's the case!,하나 더 있어요. 경비병들은 대낮에 밖에서 Bradon을 본 사람이 아무도 없다는 걸 구실로 타협점을 찾고 있는 중입니다. 물론 그것도 같은 경우라구요!,record,False,True,False,False,MEDIUM,Bradon
Oblivion.esm,INFO,00038444,,NAM1,2,,,"He works at night, and has to sleep during the day. Why does that make him a vampire?",그는 밤에 일합니다. 그래서 낮엔 잠을 자야 하구요. 왜 그이를 뱀파이어로 만드는 거죠?,record,False,False,False,False,,
Oblivion.esm,INFO,00038444,,NAM1,3,,,It's all that Raynil character. I don't trust him. The thing that bothers me the most is that I swear I've seen him before.,그건 모두 Raynil이 기술한 겁니다. 난 그자를 믿지 않아요. 날 가장 견딜 수 없게 하는 건 내가 전에 그자를 본 적이 있다는 것을 맹세한다는 거에요.,record,False,True,False,False,MEDIUM,Raynil
Oblivion.esm,INFO,00038444,,NAM1,4,,,Of course he says he's never been here.,물론 그자는 이곳에 있은 적이 없다고 말하지만요.,record,False,False,False,False,,
Oblivion.esm,INFO,00038444,,NAM1,5,,,"Look, there isn't much more to say. Please... help me clear my husband's name.","보세요, 더 이상 말할 게 없네요. 부탁이에요... 내 남편의 이름을 깨끗하게 하는 걸 도와주세요.",record,False,False,False,False,,
Oblivion.esm,DIAL,00038424,MS11TellMe,FULL,0,,,Tell me what happened.,무슨 일이 있었는지 알려주시오.,record,False,False,True,False,TOPIC_CHECK,
Oblivion.esm,INFO,00038443,,NAM1,0,,,"I came home only just a few hours ago. I found the door open, and my Bradon dead. Standing over him was a Dunmer.",난 겨우 몇 시간 전에 집에 왔습니다. 문이 열려 있는 것과 내 남편 Bradon이 죽은 걸 발견했죠. 그이 앞에 서 있던 건 다크 엘프(Dunmer)였어요.,record,True,True,False,False,HIGH,"Bradon, Dunmer"
Oblivion.esm,INFO,00038443,,NAM1,1,,,"I screamed and ran out into the street. Some city watch were nearby and heard me I suppose, as they arrived quickly.",난 비명을 지르며 거리로 내달렸습니다. 경비대 몇 명이 근처에 있었죠. 내 소리를 듣고 재빨리 그들이 도착했지요.,record,False,False,False,False,,
Oblivion.esm,INFO,00038443,,NAM1,2,,,I heard the Dunmer identify himself as Raynil Dralas. He said he was a vampire hunter and that Bradon was his mark.,"난 그 다크 엘프가 Raynil Dralas라고 신원이 밝혀졌다고 들었습니다. 그가 말하길, 자신이 뱀파이어 헌터고 Bradon이 그의 표적이었다는 거에요.",record,False,True,False,False,MEDIUM,"Raynil, Dralas, Bradon"
Oblivion.esm,INFO,00038443,,NAM1,3,,,"The guards seemed to know about Raynil, and after a search of the house, the body of some beggar was found stashed in our basement.",경비병들은 Raynil에 대해 아는 것 같았습니다. 집을 조사하고 나서 어떤 거지의 시체가 우리 지하실에서 발견되었죠.,record,False,True,False,False,MEDIUM,Raynil
Oblivion.esm,INFO,00038443,,NAM1,4,,,"The guards sent for Carius, who is an investigator for crimes here in Bruma. In minutes, Raynil convinced Carius that Bradon was a vampire.","경비병들은, 여기 Bruma에서 범죄 조사자인 Carius를 불렀습니다. 몇 분후 Raynil이 Carius에게 Bradon이 뱀파이어였다고 증언했어요.",record,False,True,False,False,MEDIUM,"Bruma, Carius, Raynil, Carius, Bradon"
Oblivion.esm,DIAL,00038425,MS11CalmDown,FULL,0,,,"Please, calm down, I want to help.","제발, 진정하시오, 도움이 되고 싶소.",record,False,False,True,False,TOPIC_CHECK,
Oblivion.esm,INFO,00038442,,NAM1,0,,,"Forgive me. I loved my husband dearly, and to lose him this way makes no sense. Anything you can do to help would be wonderful.",날 용서하세요. 난 내 남편을 끔찍이 사랑했답니다. 이런 식으로 그를 잃는 건 이해할 수 없어요. 당신이 날 도울 수 있는 게 무엇이든 큰 도움이 될 겁니다.,record,False,False,False,False,,
Oblivion.esm,INFO,00038442,,NAM1,1,,,This is all happening so fast.,이 모든 게 너무 빨리 벌어졌어요.,record,False,False,False,False,,
Oblivion.esm,DIAL,00038426,RaynilDralasTopic,FULL,0,,,Raynil Dralas,레이닐 드랄라스,record,False,False,True,False,TOPIC_CHECK,
Oblivion.esm,INFO,00038F11,,NAM1,0,,,"No news yet, eh?","아직 아무 소식도 없소, 에?",record,False,False,False,False,,
Oblivion.esm,INFO,00038AF9,,NAM1,0,,,"I'm sorry, there's been no sighting of him yet. Don't know if there ever will be...","미안합니다, 아직까진 그가 목격되지 않았어요. 혹시라도 어찌될 지 모르죠... ",record,False,False,False,False,,
Oblivion.esm,INFO,00038B00,,NAM1,0,,,"You did what had to be done. There should be no regrets or doubts in your mind about it. Raynil was an evil Dunmer, and he deserved that fate.","당신은 해야 할 일을 했어요. 그것에 대한 의심이나 유감이 있어서는 안됩니다. Raynil은 악마 다크 엘프(Dunmer)였고, 죽음을 받은 겁니다.",record,True,True,False,False,HIGH,"Raynil, Dunmer"
Oblivion.esm,INFO,00038AF4,,NAM1,0,,,Oh... I see.,오... 그렇군요.,record,False,False,False,False,,
Oblivion.esm,INFO,00038AF4,,NAM1,1,,,I know you meant well... and I suppose there was no need to put your life on the line for a stranger.,당신이 도움이 되려고 했단 걸 알아요... 모르는 사람을 위해 당신의 인생을 걸 필요가 없었단 것도 압니다.,record,False,False,False,False,,
Oblivion.esm,INFO,00038AF4,,NAM1,2,,,"I'm sorry, but I have much to do right now. Please excuse me. Oh, and you should inform Carius of this if you haven't already.","미안해요, 지금 당장 해야 할 일이 많네요. 실례하겠습니다. 아, 이걸 아직 Carius에게 알리지 않았다면 그에게 알려 주셔야 해요.",record,False,True,False,False,MEDIUM,Carius
Oblivion.esm,INFO,00038AF6,,NAM1,0,,,"I'm glad he's dead. I know that's a horrible thing to say, but I think you understand.","그가 죽어서 기쁘군요. 말하기엔 끔찍하단 걸 알지만, 당신이 이해해주리라 생각해요.",record,False,False,False,False,,
Oblivion.esm,INFO,00038F0F,,NAM1,0,,,Sad that Raynil slipped away like that.,Raynil이 그처럼 빠져 나가서 슬프구려.,record,False,True,False,False,MEDIUM,Raynil
Oblivion.esm,INFO,00038AF1,,NAM1,0,,,I'm glad that scum got what he deserved. Good riddance.,그 인간쓰레기가 받을 것을 받았다니 기쁘구려. 속이 시원하오.,record,False,False,False,False,,
Oblivion.esm,INFO,0003842A,,NAM1,0,,,Nothing else I can tell you about him. He comes and goes and doesn't talk to people much.,그에게 관해 내가 말할 수 있는 건 그밖에 아무 것도 없소. 그는 오고 가면서 사람들에게 별로 말을 하지 않거든.,record,False,False,False,False,,
Oblivion.esm,INFO,0003842B,,NAM1,0,,,Raynil is staying in the last room down the hall upstairs. Here's the key.,레이닐은 위층 복도의 끝쪽 마지막 방에서 묵고 있습니다. 여기 열쇠입니다.,record,False,False,False,False,,
Oblivion.esm,INFO,0003842B,,NAM1,1,,,"I always liked Bradon and Erline. They were a nice couple. I hope you get to the bottom of this, cause I don't believe he was a vampire either.","난 언제나 Bradon과 Erline를 좋아했소. 그들은 멋진 커플이었지. 당신이 진상을 규명하길 바라오, 나 또한 그가 뱀파이어였다는 걸 믿지 않으니까 말이오.",record,False,True,False,False,MEDIUM,"Bradon, Erline"
Oblivion.esm,INFO,0003842E,,NAM1,0,,,"He isn't in right now, so you should be clear to check it out. Just don't tell anyone I gave the key to you.","그는 지금 현재 없소, 그래서 당신이 그걸 조사하는데 방해 받지 않을 거외다. 다만 내가 열쇠를 줬단 말은 아무에게도 하지 마시오.",record,False,False,False,False,,
Oblivion.esm,INFO,00038430,,NAM1,0,,,I don't usually give out that kind of information. Especially to people I don't know.,나는 보통 그런 종류의 정보를 말하지 않소. 특히 내가 모르는 사람에게는 말이지.,record,False,False,False,False,,
Oblivion.esm,INFO,00038F13,,NAM1,0,,,"Not sure what happened to him, but I certainly haven't seen him.",그에게 무슨 일이 생긴 지 모르겠지만 확실히 난 그를 보지 못했어요.,record,False,False,False,False,,
Oblivion.esm,INFO,00038431,,NAM1,0,,,"Ahhh, you mean that vampire hunter. He's staying over at Olav's Tap and Tack. It's near the city gates; you can't miss it.","아, 그 뱀파이어 헌터를 말하는 거군요. 그는 Olav's Tap and Tack에 머물고 있어요. 도시 성문 가까이에 있죠. 쉽게 찾을 수 있을 겁니다.",record,False,True,False,False,MEDIUM,"Olav's, Tap, and, Tack"
Oblivion.esm,INFO,00038F18,,NAM1,0,,,"Please, you must avenge Bradon.","부탁입니다, 당신이 Bradon의 복수를 하셔야 해요.",record,False,True,False,False,MEDIUM,Bradon
Oblivion.esm,INFO,0003857E,,NAM1,0,,,"I knew I'd recognized Raynil! I think when I first met Bradon many many years ago, he introduced me to him.","내가 그를 알고 있었다는 게 생각났어요! 아주 아주 오래 전 내가 Bradon을 처음 만났을 때, 그이가 내게 그 사람을 소개했던 것 같아요.",record,False,True,False,False,MEDIUM,Bradon
Oblivion.esm,INFO,0003857E,,NAM1,1,,,They were part of some sort of brotherhood. They would roam Cyrodiil in search of legendary treasures and the like.,그들은 브라더후드의 어떤 부류에 속해 있었죠. 그들은 전설적인 보물들과 그 같은 것들을 찾아서 Cyrodiil을 돌아다녔을 거에요.,record,False,True,False,False,MEDIUM,Cyrodiil
Oblivion.esm,INFO,0003857E,,NAM1,2,,,"The only reason he stopped doing that is because we got married, and he wanted to settle down. I'm afraid thanks to Raynil, that time is lost.","그이가 그걸 그만둔 단 하나의 이유는 우리가 결혼했기 때문이에요, 그이는 정착하고 싶어했거든요. 그 시간이 사라진 것이 Raynil때문이라는 게 끔찍해요.",record,False,True,False,False,MEDIUM,Raynil
Oblivion.esm,INFO,00038436,,NAM1,0,,,"I have no idea where he'd be. Just find him, and make him tell you the truth. I swear, he's a liar!","그자가 어디 있는지 난 모르겠습니다. 다만 그자를 찾아서 당신에게 진실을 말하게 만드세요. 맹세하지만, 그자는 거짓말쟁이라고요!",record,False,False,False,False,,
Oblivion.esm,INFO,00032679,,NAM1,0,,,"Yes, the vampire hunter. As far as I know, he just showed up recently here in Bruma. Not only that, but he already found a vampire among us.","예, 뱀파이어 헌터입니다. 내가 아는 한, 그가 여기 브루마에 모습을 보인건 바로 최근이죠. 그런데도 순식간에 거리에 섞여들어 있던 뱀파이어를 찾아내다니.",record,False,False,False,False,,
Oblivion.esm,INFO,00032679,,NAM1,1,,,"Apparently, Bradon Lirrian was one of those vile creatures, and Raynil slew him. Kind of strange though. I never figured Bradon to be a vampire.","아무래도 Bradon Lirrian은 뱀파이어였던 것 같고 Raynil에게 살해당했어요. 하지만 납득이 가지 않는게, Bradon은 젼혀 뱀파이어처럼 보이지 않았어요.",record,False,True,False,False,MEDIUM,"Bradon, Lirrian, Raynil, Bradon"
Oblivion.esm,INFO,00032679,,NAM1,2,,,He seemed to be such a likeable fellow.,그는 아주 느낌 좋은 사람같았어요.,record,False,False,False,False,,
Oblivion.esm,INFO,00038AFA,,NAM1,0,,,I've provided Raynil's description to all of the Bruma soldiers and even dispatched his description to guards in other cities.,난 모든 Bruma의 병사들에게 Raynil의 인상서를 배포했습니다. 심지어 다른 도시들의 경비병들에게도 그자의 인상서를 급히 보냈어요.,record,False,True,False,False,MEDIUM,"Bruma, Raynil"
Oblivion.esm,INFO,00038AFA,,NAM1,1,,,"However, I'm afraid he's slipped through our fingers. If he's as crafty as he's been up to now, he's probably halfway to Vvardenfell.",하지만 그자가 우리의 손아귀를 빠져나갈까 봐 걱정이 됩니다. 그자가 지금까지 보여준 것 만큼 교활하다면 그잔 필시 Vvardenfell로 가는 중간 지점에 있을 겁니다.,record,False,True,False,False,MEDIUM,Vvardenfell
Oblivion.esm,INFO,00038F3C,,NAM1,0,,,"You haven't gone to the cave yet? Well, what are you still doing here?","아직 동굴에 가지 않은 겁니까? 아니, 아직 여기서 뭘 하고 있어요?",record,False,False,False,False,,
Oblivion.esm,INFO,00038589,,NAM1,0,,,I can't wait to get my hands on Raynil. He'll become very familiar with Bruma's dungeons; or the end of my blade if he doesn't come peacefully.,"난 Raynil이 내 손에 걸릴 때까지 기다릴 수 없습니다. 그자는 Bruma의 던전들에 아주 익숙해질 거에요. 그자가 평화적으로 나오지 않는다면, 내 검 끝에 익숙해질 겁니다.",record,False,True,False,False,MEDIUM,"Raynil, Bruma"
Oblivion.esm,INFO,00038438,,NAM1,0,,,I'll warn you about one thing. I understand you wanting to help Erline by checking up on Raynil.,당신에게 하나 경고해두죠. 당신이 Erline를 돕고자 Raynil을 조사하는 걸 이해는 해요.,record,False,True,False,False,MEDIUM,"Erline, Raynil"
Oblivion.esm,INFO,00038438,,NAM1,1,,,We have it on good authority from officials in a neighboring city that Raynil is what he says he is. So I'm not sure what you're trying to prove.,우린 Raynil이 있는 가까운 도시의 공무원들로부터 얻은 그가 말하는 것에 대한 확실한 정보통이 있습니다. 그래서 당신이 증명하려고 하는 것을 확신하지 못하겠군요.,record,False,True,False,False,MEDIUM,Raynil
Oblivion.esm,INFO,00038438,,NAM1,2,,,"I'm only allowing you to do this investigation, and I use that term very loosely, because Erline is so distraught.",단지 당신이 조사하는 걸 허락할 뿐입니다. 그리고 Erline가 너무 괴로워하기 때문에 그 기간도 아주 느슨하게 잡겠습니다.,record,False,True,False,False,MEDIUM,Erline
Oblivion.esm,INFO,00038441,,NAM1,0,,,I'm impressed. It only took him a day to track the vampire down. I guess that's why he does it for a living.,인상적이었죠. 그가 그 뱀파이어를 추적하는데 단지 하루만 걸렸어요. 그게 그 사람이 먹고 사는 이유겠지만 말이죠.,record,False,False,False,False,,
Oblivion.esm,INFO,0003843C,,NAM1,0,,,I suppose there's no harm in telling you what happened. Word is bound to get around Bruma anyway.,무슨 일이 일어났는지 당신에게 말하는 게 해가 되진 않겠군요. 여하튼 소문이 Bruma에 널리 퍼지게 될 테니.,record,False,True,False,False,MEDIUM,Bruma
Oblivion.esm,INFO,0003843C,,NAM1,1,,,"Turns out that Bradon Lirrian is a vampire. Or was. If it wasn't for Raynil Dralas, we may never have uncovered the truth. Let me explain.","Bradon이 뱀파이어란 걸 알아낸 겁니다. 아니 뱀파이어였죠. Raynil Dralas가 아니었다면, 우린 결코 그 사실을 밝혀내지 못했을 겁니다. 설명해 드리죠.",record,False,True,False,False,MEDIUM,"Bradon, Raynil, Dralas"
Oblivion.esm,INFO,0003843C,,NAM1,2,,,"In the last week or so, we've found two bodies stashed in shallow graves outside the city walls. The bodies had puncture wounds on their necks.","지난 주 동안이나 그 정도 기간에, 우린 도시 성벽 외곽의 얕은 무덤에 은닉된 두 구의 시체를 발견했습니다. 그 시체들은 목에 구멍 난 상처가 있었죠.",record,False,False,False,False,,
Oblivion.esm,INFO,0003843C,,NAM1,3,,,The bodies were those of some beggars who used to wander the streets looking for handouts. Vampire probably thought no one would miss them.,그 시체들은 물품을 찾아서 거리를 헤매던 거지들 중의 하나였어요. 뱀파이어는 아마 아무도 그들이 없어진 걸 깨닫지 못할 거라고 생각했겠죠.,record,False,False,False,False,,
Oblivion.esm,INFO,0003843C,,NAM1,4,,,"Luckily for us, Raynil arrived in town. He said he was a vampire hunter, so we asked for his help.","우리로서는 운이 좋게도, Raynil이 마을에 도착했습니다. 그는 자신이 뱀파이어 헌터라고 말했죠. 그래서 우리는 그에게 도움을 요청했습니다.",record,False,True,False,False,MEDIUM,Raynil
Oblivion.esm,INFO,0003843C,,NAM1,5,,,"He tracked the vampire to this house. When he entered the place around noon, Bradon was sleeping. He was able to slay him at that point.","그는 이 집으로 뱀파이어를 추적했어요. 그가 정오쯤 집에 들어 갔을 때, Bradon은 자고 있었죠. 그때 그를 없앴을 수 있었습니다.",record,False,True,False,False,MEDIUM,Bradon
Oblivion.esm,INFO,0003843C,,NAM1,6,,,"Luckily, Bradon's wife wasn't home. Poor thing, she didn't even know her husband was infected.","다행히, Bradon의 아내는 집에 없었어요. 가련하게도, 그녀조차도 그녀의 남편이 감염됐다는 걸 몰랐지요.",record,False,True,False,False,MEDIUM,Bradon
Oblivion.esm,INFO,0003843C,,NAM1,7,,,"We did a follow up investigation, and it's true that no one recollects seeing Bradon out in the daylight. He's only been spotted at night.",우린 조사를 계속했습니다. 그리고 대낮에 Bradon을 밖에서 본 기억을 갖고 있는 사람이 아무도 없다는 걸 알아냈습니다. 그는 오직 밤에만 보였던거죠.,record,False,True,False,False,MEDIUM,Bradon
Oblivion.esm,INFO,0003843C,,NAM1,8,,,"I'm afraid there's not much more to tell you. So, you can see we really don't need any help. But thanks for the offer.","유감입니다만, 더 이상 당신에게 말할 게 없군요. 그래서, 우리가 정말 어떤 도움도 필요하지 않다는 걸 알아줬으면 합니다. 하지만 제의에는 감사 드리겠습니다.",record,False,False,False,False,,
Oblivion.esm,INFO,0003843F,,NAM1,0,,,The culprit in this crime has already been dealt with. It's just a matter of wrapping up the details.,이 범죄의 죄인은 이미 처리됐습니다. 세부사항을 마무리 짓는 건 단지 시간문제죠.,record,False,False,False,False,,
Oblivion.esm,INFO,0003843F,,NAM1,1,,,"I'd tell you more, but frankly, I don't know who you are, so I'm not sure that I can trust you with that sort of information.","당신에게 더 말하고 싶지만, 솔직히 난 당신이 누군지 모릅니다. 그래서 그런 정보를 줄 만큼 당신을 신뢰할 수 있다는 믿음이 안 가는군요.",record,False,False,False,False,,
Oblivion.esm,DIAL,00038427,BradonLirrianTopic,FULL,0,,,Bradon Lirrian,브래던 리리안,record,False,False,True,False,TOPIC_CHECK,
Oblivion.esm,INFO,00038AFB,,NAM1,0,,,"It's ashame that there will be no retribution for Bradon and Gelebourne's deaths, but such is the way of things. I know you did your best.","Bradon과 Gelebourne의 죽음에 보답할 길이 없다는게 유감스럽지만, 그게 세상의 이치라지. 당신이 최선을 다한건 알고있소.",record,False,True,False,False,MEDIUM,"Bradon, Gelebourne"
Oblivion.esm,INFO,00038F3D,,NAM1,0,,,You must avenge his unjust death.,당신은 그의 억울한 죽음을 복수해야만 합니다.,record,False,False,False,False,,
Oblivion.esm,INFO,00038588,,NAM1,0,,,"If all you say is true, Raynil will answer for Bradon's death.","당신이 말하는 모든 게 사실이라면, Raynil은 Bradon의 죽음에 대해 답해야할 겁니다.",record,False,True,False,False,MEDIUM,"Raynil, Bradon"
Oblivion.esm,INFO,0003843A,,NAM1,0,,,I'm sure Erline is very upset. She'll be safe though; Raynil has confirmed with us that she isn't infected.,Erline이 매우 흥분한 상태인 건 확실해요. 그녀는 안전하겠지만 말이죠. Raynil은 그녀가 감염되지 않았다고 우리에게 확인해줬습니다.. ,record,False,True,False,False,MEDIUM,"Erline, Raynil"
Oblivion.esm,INFO,0003843A,,NAM1,1,,,"Her accusations that Raynil is lying is not surprising. At this point, she's so upset that she'll say anything to deny what really happened.","Raynil이 거짓말을 한다고 말하는 그녀의 고발이 놀라운 건 아닙니다. 이 상황에서, 그녀는 매우 흥분한 상태이기에 실제로 벌어진 일을 부정하기 위해선 어떤 것이라도 말하겠죠.",record,False,True,False,False,MEDIUM,Raynil
Oblivion.esm,INFO,0003843A,,NAM1,2,,,"I suppose if I found out a loved-one was something as horrid as a vampire, I'd find any excuse not to believe it either.","만일 내가 사랑한 누군가가 뱀파이어 같은 끔찍한 것이었다는 걸 알게 된다면, 그걸 믿는 것보단 어떤 변명거리라도 찾아내려고 했을 거에요.",record,False,False,False,False,,
Oblivion.esm,INFO,00038440,,NAM1,0,,,"As far as I know, he was a good man. I never saw this coming. But vampires are masters of deception, so I guess it makes sense.",그는 내가 아는 것보다도 더 좋은 사람이었습니다. 이런 일이 일어날 줄은 정말 몰랐어요. 하지만 뱀파이어들은 속임수의 귀재입니다. 그래서 이 상황이 이해가 돼요.,record,False,False,False,False,,
Oblivion.esm,INFO,00038B03,,NAM1,0,,,Poor fella.,불쌍한 사람.,record,False,False,False,False,,
Oblivion.esm,INFO,0003844B,,NAM1,0,,,"I know I may be out of line by saying this, but I think the city guards may be wrong. It's hard to imagine Bradon was a vampire.",제가 이런 말 하는 게 적당하지 않다는 건 알아요. 하지만 전 경비병들이 틀렸다고 생각해요. Bradon이 뱀파이어였다고 상상하는 게 힘들어요.,record,False,True,False,False,MEDIUM,Bradon
Oblivion.esm,INFO,0003844B,,NAM1,1,,,"I could have sworn I saw him outside in the daylight before. Unless he just got that disease very recently, I'd say they were mistaken.",전 예전 대낮에 바깥에서 그를 봤다고 맹세할 수 있습니다. 그가 아주 최근에 그 병을 얻은게 아니라면 전 그들이 실수했다고 말할 수 있어요.,record,False,False,False,False,,
Oblivion.esm,INFO,0003844B,,NAM1,2,,,"When I heard Raynil killed him, I didn't know what to think. But after your visit here, I'm beginning to wonder.","Raynil이 그를 죽였다고 들었을 때, 난 뭘 해야할 지 몰랐습니다. 하지만 당신이 여기로 오고 나서 의심이 들기 시작했어요.",record,False,True,False,False,MEDIUM,Raynil
Oblivion.esm,INFO,00038AFE,,NAM1,0,,,"Although we can't go back and undo what's been done, I feel justice has been served, and Bradon's soul may rest with ease.",우리가 일이 발생하기 전으로 돌아갈 수 없다 하더라도 난 정의가 이루어진 것처럼 느낍니다. Bradon의 영혼은 안식을 취할 수 있을 거에요.,record,False,True,False,False,MEDIUM,Bradon
Oblivion.esm,DIAL,00038428,MS11WanttoHelp,FULL,0,,,Anything I can do to help?,무언가 도움이 될 수 있습니까?,record,False,False,True,False,TOPIC_CHECK,
Oblivion.esm,DIAL,00038576,MS11LastChance,FULL,0,,,This is your last chance.,이게 마지막 기회다.,record,False,False,True,False,TOPIC_CHECK,
Oblivion.esm,INFO,0003858C,,NAM1,0,,,"Yes, I suppose it is. Well, then, we've talked enough. Only one of us will walk out of here alive this day. Good luck.","맞아, 내 생각도 그래. 자, 그럼, 우린 충분히 대화를 나눈 것 같군. 우리 중 단 한 명만이 오늘 여기서 살아 나갈 걸세. 행운을 비네.",record,False,False,False,False,,
Oblivion.esm,DIAL,00038578,MS11Peaceful,FULL,0,,,You will not surrender then?,그렇다면 자수할 생각은 없다는 건가?,record,False,False,True,False,TOPIC_CHECK,
Oblivion.esm,INFO,0003858B,,NAM1,0,,,Certainly not. I'm surprised Carius didn't send the entire city watch up here. But then I would have seen that coming I suppose.,절대 안 하지. 난 Carius가 여기로 경비대 전체를 보내지 않은 게 놀라울 뿐이야. 그랬다면 내가 눈치챘겠지만.,record,False,True,False,False,MEDIUM,Carius
Oblivion.esm,INFO,0003858B,,NAM1,1,,,"I expected to lay low here for a while and then be on my way. So again, I underestimated you.",난 잠시 동안 여기서 숨어 지내려고 했지. 그러고 나서 도망치기로 말이야. 그렇게 다시 내가 널 얕잡아 봤던 거지.,record,False,False,False,False,,
Oblivion.esm,INFO,0003858B,,NAM1,2,,,"This leaves me with little choice. Either I fight you now, and have a chance at freedom, or I surrender and rot in a city dungeon.","이건 선택의 여지가 없군. 지금 너와 싸워 자유의 기횔 갖느냐, 아님 항복해서 감옥 안에서 썩어 없어지느냐인데.",record,False,False,False,False,,
Oblivion.esm,INFO,0003858B,,NAM1,3,,,I prefer the chance for freedom.,난 자유를 위한 기회를 택하겠어.,record,False,False,False,False,,
Oblivion.esm,DIAL,00038579,MS11NoneYet,FULL,0,,,I have no proof with me.,증거는 없습니다.,record,False,False,True,False,TOPIC_CHECK,
Oblivion.esm,INFO,00038586,,NAM1,0,,,"Then don't go around, flinging accusation and hearsay. If you dare accuse someone of a crime, you must have the proof to back it up.","그러면 돌아다니지 말고, 고발이나 풍문에 매달려요. 당신이 감히 누군가를 범죄로 고발하려면 그것을 증명할 증거를 가져와야만 합니다.",record,False,False,False,False,,
Oblivion.esm,INFO,00038586,,NAM1,1,,,"Now, if you believe what you're saying is true, go get me the proof!","자, 당신이 말하는 게 진실이라고 믿는다면 내게 증거를 가져와요!",record,False,False,False,False,,
Oblivion.esm,DIAL,0003857A,MS11JournalGive,FULL,0,,,I have Gelebourne's journal.,겔레본의 일지를 가지고 있습니다.,record,False,False,True,False,TOPIC_CHECK,
Oblivion.esm,INFO,00038587,,NAM1,0,,,I... I don't know what to say. It all makes perfect sense now. Why else would Raynil have removed this journal from the crime scene in Skingrad?,그... 뭐라 말씀드려야 할지. 모든게 맞아 떨어지고 있군요. 스킨그라드의 그 범죄 현장에서 레이닐이 일기를 급히 숨겨야 할 이유가 뭐였겠습니까?,record,False,False,False,False,,
Oblivion.esm,INFO,00038587,,NAM1,1,,,I heard no mention of a key either. It must have been removed by Raynil from Bradon's body before we arrived.,전 열쇠 또한 들은 바가 없습니다. 분명 우리가 도착하기 전 브래던의 시신에서 레이닐이 가져간 거겠죠.,record,False,False,False,False,,
Oblivion.esm,INFO,00038587,,NAM1,2,,,"To think that two innocent men were killed, and that I'm responsible for one of their deaths... I... I'm speechless.","두 명의 무고한 이들이 살해된 걸 생각하면, 그리고 그 중 하나가 제 책임이란 걸 생각하면...전... 말이 나오지 않는군요.",record,False,False,False,False,,
Oblivion.esm,INFO,00038587,,NAM1,3,,,"I will rouse the guard, and begin a search for him in the city. Meet me at Olav's Tap and Tack in one hour.","시 경비대에 알려서, 도시에서 그놈을 수색하도록 하겠습니다. 1시간 뒤에 올라브의 탭 앤 택에서 만나시죠.",record,False,False,False,False,,
Oblivion.esm,DIAL,00038A6C,GreetingDavid01,FULL,0,,,Finer than Tamika's?,타미카(Tamika) 와인보다 더 맛있나?,record,True,True,True,False,HIGH,Tamika
Oblivion.esm,INFO,00038AE2,,NAM1,0,,,"Ah, well, in all honesty, no. But our wines are very good. And much cheaper than Tamika's very fine product, I assure you.","아, 뭐, 솔직히 말해서, 아닙니다. 하지만 우리 와인은 매우 우수하죠. 그리고 타미카의 아주 우수한 제품들보다 훨씬 더 저렴합니다, 내가 보증하죠.",record,False,False,False,False,,
Oblivion.esm,DIAL,00038A6D,GreetingLazare02,FULL,0,,,I am not of low birth.,난 천한 출신이 아니다.,record,False,False,True,False,TOPIC_CHECK,
Oblivion.esm,INFO,00038ACD,,NAM1,0,,,You contradict me. This conversation is tiresome. Leave me. Or draw your sword.,날 부정하는군. 이 대화는 지루해. 떠나라. 아니면 네 검을 뽑아.,record,False,False,False,False,,
Oblivion.esm,DIAL,00038A6E,GreetingLazare01,FULL,0,,,Excuse me.,실례합니다.,record,False,False,True,False,TOPIC_CHECK,
Oblivion.esm,INFO,00038ACC,,NAM1,0,,,"I'm afraid I cannot. Leave me, and I will spare you.",난 그러지 못해서 유감이군. 떠나라. 그러면 널 용서해주마.,record,False,False,False,False,,
Oblivion.esm,DIAL,00038A6F,Goblinhunting,FULL,0,,,Goblin hunting,고블린 사냥,record,False,False,True,False,TOPIC_CHECK,
Oblivion.esm,INFO,00038ABC,,NAM1,0,,,Try the big goblin den called 'Derelict Mine' out east along the Gold Road.,그렇다면 골드 로드를 따라 동쪽에 있는 'Derelict Mine'이라 불리는 큰 고블린 굴로 가보세요.,record,False,True,False,False,MEDIUM,"Derelict, Mine'"
Oblivion.esm,INFO,00038ABF,,NAM1,0,,,"You heard of 'Goblin Jim's Cave'? It's a big one. It's a long walk due north of Skingrad, in the Imperial Reserve... a long way from civilization.","고블린 Jim' Cave'라고 알고 있나요? 고블린 사냥 성지죠. 스킨그라드에서 한참 북쪽으로 인적이 드문 곳, Imperial Reserve에 있지요.",record,False,True,False,False,MEDIUM,"Jim', Cave', Imperial, Reserve"
Oblivion.esm,INFO,00038AC2,,NAM1,0,,,My advice is to close quick with the skirmishers... the petty spellcasters... but the shamans are real trouble.,"내 충고는, 전초 척후병 및 스펠캐스터는 신속하게 처리하라는 거지... 하지만 진짜 강적은 샤먼이야.",record,False,False,False,False,,
Oblivion.esm,INFO,00038AC2,,NAM1,1,,,"Shamans have wicked magics... drains, paralyze... bad stuff. Stand off and shoot or spell shamans down if you can.","샤먼은 사악한 마법을 쓰는 놈이지... 드레인, 마비 라든지... 귀찮은 마법이야. 할 수만 있다면, 마법이나 활로 원거리에서 공격해야 돼.",record,False,False,False,False,,
Oblivion.esm,DIAL,00038A70,SkingradTopicFalanu04,FULL,0,,,Then it's at least 500 gold.,그러면 최소 500골드는 될거에요.,record,False,False,True,False,TOPIC_CHECK,
Oblivion.esm,INFO,00038AA5,,NAM1,0,,,That's nothing compared to Morrowind. Thanks.,모로윈드에 비하면 이건 아무것도 아니에요. 고마워요.,record,False,False,False,False,,
Oblivion.esm,DIAL,00038A71,SkingradTopicFalanu03,FULL,0,,,Is it the first offense?,처음인가요?,record,False,False,True,False,TOPIC_CHECK,
Oblivion.esm,INFO,00038AA4,,NAM1,0,,,Let's assume 'no'.,'아니'라고 해두죠.,record,False,False,False,False,,
Oblivion.esm,DIAL,00038A72,SkingradTopicFalanu02,FULL,0,,,I have no idea.,모르겠는데요.,record,False,False,True,False,TOPIC_CHECK,
Oblivion.esm,INFO,00038AA3,,NAM1,0,,,Thanks anyway.,여하튼 고마워요.,record,False,False,False,False,,
Oblivion.esm,DIAL,00038A73,SkingradTopicFalanu01,FULL,0,,,Uh... excuse me?,음.. 뭐라고요?,record,False,False,True,False,TOPIC_CHECK,
Oblivion.esm,INFO,00038AA2,,NAM1,0,,,Oh. Nothing. I was just wondering.,오. 아무것도 아니에요. 난 단지 이상하게 생각했는지라.,record,False,False,False,False,,
Oblivion.esm,DIAL,00038A74,SkingradTopicElse02,FULL,0,,,What do you think...?,어떻게 생각하는데...?,record,False,False,True,False,TOPIC_CHECK,
Oblivion.esm,INFO,00038A9D,,NAM1,0,,,The gods don't do a damn thing. Do they even exist? How could anyone tell?,신들은 빌어먹게도 어떤 일도 하지 않아. 그들이 존재하기는 할까? 누가 어떻게 말할 수 있지?,record,False,False,False,False,,
Oblivion.esm,INFO,00038A9D,,NAM1,1,,,"Daedra Lords, sure. They exist. They do things. Bad things, mostly, but things you can see. The gods? They don't do a damn thing.","데이드라 군주들은, 그래. 그들은 존재하지. 그들은 뭔가 행동을 하거든. 대부분 나쁜 것들이지만, 네가 볼 수는 있지. 신들은? 그들은 어떤 빌어먹을 일도 하지 않는다구.",record,False,False,False,False,,
Oblivion.esm,INFO,00038A9D,,NAM1,2,,,"So why do we build big chapels and sit around and mumble, and ask them to save us from this and that?","그런데 왜 우리가 커다란 성당을 짓고 주위에 앉아 중얼대며, 이런 저런 것으로부터 우릴 구해달라고 그들에게 부탁해야 하지?",record,False,False,False,False,,
Oblivion.esm,INFO,00038A9D,,NAM1,3,,,"It's stupid. And chapels and priests and folks groveling on their knees, they're stupid, too.","어리석은 짓이지. 그리고 성당과 성직자들, 그리고 무릎 꿇고 비는 주민들 역시 죄다 어리석다구.",record,False,False,False,False,,
Oblivion.esm,DIAL,00038A75,SkingradTopicElse01,FULL,0,,,I don't care.,관심없어.,record,False,False,True,False,TOPIC_CHECK,
Oblivion.esm,INFO,00038A9C,,NAM1,0,,,"Well. Good. I really don't care, either. I just get sick of all the god-talk. Might as well pray to rocks and lamp posts.",음. 좋아. 나도 그다지 신경 쓰지 않아. 단지 신에 관한 모든 것에 넌덜머리가 날 뿐. 바위나 램프 기둥에게 기도하는 편이 낫지.,record,False,False,False,False,,
Oblivion.esm,DIAL,00038A76,SkingradTopicErina04,FULL,0,,,What do the locals do for a living?,지역민들은 무엇을 해서 생활하고 있나요?,record,False,False,True,False,TOPIC_CHECK,
Oblivion.esm,DIAL,00038A77,SkingradTopicErina03,FULL,0,,,Any trainers here?,여기에 트레이너가?,record,False,False,True,False,TOPIC_CHECK,
Oblivion.esm,DIAL,00038A78,SkingradTopicErina02,FULL,0,,,How are the people?,주민들은 어떤가요?,record,False,False,True,False,TOPIC_CHECK,
Oblivion.esm,DIAL,00038A79,SkingradTopicErina01,FULL,0,,,Any interesting local history?,재미있는 지역사라도 있나요?,record,False,False,True,False,TOPIC_CHECK,
Oblivion.esm,DIAL,00038A7A,SkingradTopicMog05,FULL,0,,,Any advice?,뭔가 조언이라도?,record,False,False,True,False,TOPIC_CHECK,
Oblivion.esm,DIAL,00038A7B,SkingradTopicMog04,FULL,0,,,Best features of Skingrad?,스킨그라드(Skingrad)의 명물은 무엇이오?,record,True,True,True,False,HIGH,Skingrad
Oblivion.esm,DIAL,00038A7C,SkingradTopicMog03,FULL,0,,,Opportunities for action?,행동할 기회?,record,False,False,True,False,TOPIC_CHECK,
Oblivion.esm,DIAL,00038A7D,SkingradTopicMog02,FULL,0,,,Maybe so.,아마 그렇겠지.,record,False,False,True,False,TOPIC_CHECK,
Oblivion.esm,INFO,00038A8F,,NAM1,0,,,Certainly so. Captain Dione knows her business. And no enemy has ever made it over Skingrad's walls.,확실히 그렇다니까요. Dion 대장은 자신의 일을 알고 있어요. 그리고 어떤 적도 스킨그라드의 성벽을 넘어선 적은 없다구요.,record,False,True,False,False,MEDIUM,Dion
Oblivion.esm,DIAL,00038A7E,SkingradTopicMog01,FULL,0,,,Walls didn't help Kvatch.,성벽은 크바치를 지켜내지 못했죠.,record,False,False,True,False,TOPIC_CHECK,
Oblivion.esm,INFO,00038A8E,,NAM1,0,,,Well. The guards must've been careless. But Captain Dione has the guard on full alert. We'll be safe.,글쎄요. 경비병들이 분명 부주의했던 거에요. 하지만 Dion 대장은 경계심 만 땅의 경비대를 갖고 있거든요. 우린 안전할 거에요.,record,False,True,False,False,MEDIUM,Dion
Oblivion.esm,DIAL,00038A7F,UgakgraMogakhTopic,FULL,0,,,Ugak gra-Mogakh,우각 그로-모가스(Ugak gra-Mogakh),record,True,True,True,False,HIGH,"Ugak, gra-Mogakh"
Oblivion.esm,INFO,00038A93,,NAM1,0,,,"My sister, Ugak gra-Mogakh, runs the Grateful Pass Stables. She's the quiet one. I'm the talker.","내 여동생, Ugak gra-Mogakh는 상쾌함이 퍼지는 마구간(Grateful Pass Stables)을 운영하죠. 그앤 조용해요. 난 말이 많고.",record,True,True,False,False,HIGH,"Ugak, gra-Mogakh, Grateful, Pass, Stables"
Oblivion.esm,DIAL,00038AEE,MS11GiveAmulet,FULL,0,,,"Certainly, here it is.","물론이지, 여기 있소.",record,False,False,True,False,TOPIC_CHECK,
Oblivion.esm,INFO,00038B06,,NAM1,0,,,Thank you. I will now speak the word.,고마워요. 이제 말하겠어요.,record,False,False,False,False,,
Oblivion.esm,DIAL,00038AEF,MS11AmuletTalk,FULL,0,,,Did the word die with Bradon?,그 단어는 브랜돈(Bradon)과 함께 상실된건가?,record,True,True,True,False,HIGH,Bradon
Oblivion.esm,INFO,00038B05,,NAM1,0,,,No. He always feared this day would come. He left me knowledge of that word in the event that he died and I came into possession of the keys.,아니요. 그는 항상 이날이 올 것을 두려워 했어요. 그는 그가 죽었을 때를 대비해 그 단어에 관한 지식을 내게 남겼습니다. 그리고 내가 열쇠들의 소유자가 된 거죠.,record,False,False,False,False,,
Oblivion.esm,INFO,00038B05,,NAM1,1,,,"If the other members of Bradon's group were still alive, and I on my deathbed, only then would I pass the knowledge onto them.",Bradon의 그룹 중 누군가 아직도 살아 있었다면 난 내 임종이 이르러서야 그들에게 그 지식을 알려줬을 겁니다.,record,False,True,False,False,MEDIUM,Bradon
Oblivion.esm,INFO,00038B05,,NAM1,2,,,"If you'd give me that amulet, I would like to show you what you've recovered.",당신이 그 아뮬렛을 내게 준다면 당신이 찾던 게 무엇인지 보여 주고 싶어요.,record,False,False,False,False,,
Oblivion.esm,DIAL,00038AF0,MundaneAmulet,FULL,0,,,Mundane Amulet,먼데인 아뮬렛(Mundane Amulet),record,True,True,True,False,HIGH,"Mundane, Amulet"
Oblivion.esm,INFO,00038B02,,NAM1,0,,,Long ago I made a promise to Bradon. I promised to never reveal to anyone what I'm about to reveal to you now.,오래 전 난 Bradon과 약속을 했어요. 내가 지금 당신에게 알려주는 것을 어느 누구에게도 절대 알려주지 않겠다고 말이죠.,record,False,True,False,False,MEDIUM,Bradon
Oblivion.esm,INFO,00038B02,,NAM1,1,,,"However, because you've avenged his unjust death, I feel that Bradon would understand why I'm breaking that pact.","그렇지만, 당신이 그의 부당한 죽음에 대한 복수를 해줬기 때문에, Bradon이 내가 그 계약을 깬 것을 이해해 줄 거라고 믿어요.",record,False,True,False,False,MEDIUM,Bradon
Oblivion.esm,INFO,00038B02,,NAM1,2,,,Bradon told me about this amulet when they first brought it home from whatever distant land it came from.,Bradon은 내게 이 아뮬렛에 대해서 말해줬어요. 그것이 어떤 먼 지역에서 온 것이던 간에 그들이 처음 그걸 집에 가져 왔을 때 말이죠.,record,False,True,False,False,MEDIUM,Bradon
Oblivion.esm,INFO,00038B02,,NAM1,3,,,"He never really trusted anyone else in the group, and before he secured the treasure in that cave, he had a special enchantment placed upon it.",그는 정말 그 그룹에 있는 어떤 누구도 절대 신뢰하지 않았어요. 그래서 그는 그 동굴에 이 보물을 안전하게 하기 전에 그것에다 특별한 마법을 걸었던 거에요.. ,record,False,False,False,False,,
Oblivion.esm,INFO,00038B02,,NAM1,4,,,"The magic masks the true identity of the item. All it takes is a simple command word, and the amulet would be restored to its true state.",그 마법은 그 아이템의 진짜 모습을 감춘답니다. 간단한 명령어 하나면 그 아뮬렛이 진짜 모습을 되찾게 되는 거죠.,record,False,False,False,False,,
Oblivion.esm,INFO,00038B0C,,NAM1,0,,,Where is the amulet? I would like to see it again before I can tell you of its true nature.,아뮬렛이 어디 있죠? 그것의 진짜 모습을 당신에게 말해주기 전에 그걸 보고 싶군요.,record,False,False,False,False,,
Oblivion.esm,DIAL,00038B0E,ArenaAgronakChoice2,FULL,0,,,I may be able to help. Tell me more.,도움이 될 수 있질지도. 자세히 들려주시오.,record,False,False,True,False,TOPIC_CHECK,
Oblivion.esm,INFO,00038B48,,NAM1,0,,,"I grew up here in the Imperial City, but I was born elsewhere. My mother was a servant in the employ of Lord Lovidicus, and resided at his fortress.",난 여기 임페리얼 시티에서 자랐네. 하지만 다른 곳에서 태어났지. 내 어머니는 Lovidicus 경이 고용한 하인이었네. 그리고 그의 요새에서 살았지.,record,False,True,False,False,MEDIUM,Lovidicus
Oblivion.esm,INFO,00038B48,,NAM1,1,,,"Lady Lovidicus was a shrew of a woman. The Lord and my mother grew close, and ultimately fell in love. I was the result of their union.              ",Lovidicus부인은 잔소리가 심한 여자였네. 주인과 내 어머닌 가까워졌고 마지막엔 사랑에 빠졌지. 내가 그들 결합의 결과물이었어. ,record,False,True,False,False,MEDIUM,Lovidicus
Oblivion.esm,INFO,00038B48,,NAM1,2,,,"When the Lady learned of my birth she was furious, and threatened to kill both my mother and me. So we fled, leaving my claim to nobility behind.",부인이 내 출생을 알았을 때 격노했지. 그리고 나와 내 어머니를 죽이겠다고 협박했어. 그래서 우린 내 귀족으로서의 권리를 버려두고 도망쳤다네.,record,False,False,False,False,,
Oblivion.esm,DIAL,00038B0F,ArenaAgronakChoice1,FULL,0,,,"Sorry, I can't help you right now...","유감이지만, 지금은 도와줄 수 없소...",record,False,False,True,False,TOPIC_CHECK,
Oblivion.esm,INFO,00038B47,,NAM1,0,,,"Oh! Oh, well of course. You have your own concerns, I'm sure, and I should not have imposed. Please excuse my indiscretion.","오! 오, 물론이지. 관심이 있나 보군, 확실해. 그리고 난 강요한 적이 없어서 말야. 부디 내 경솔함을 이해해주게.",record,False,False,False,False,,
Oblivion.esm,DIAL,00038B10,TheGrayPrince,FULL,0,,,The Gray Prince,그레이 프린스(The Gray Prince),record,True,True,True,False,HIGH,"The, Gray, Prince"
Oblivion.esm,INFO,00038B46,,NAM1,0,,,"Yes, it's what everyone calls me. I guess I'm partly to blame. I've never made it a secret that I'm actually only half Orc. ","그래, 모두가 날 그렇게 부르지. 아마 나를 조롱하는 거일 거야. 난 하프 오크니까 말이야. ",record,False,False,False,False,,
Oblivion.esm,INFO,00038B46,,NAM1,1,,,"I am a Lord's son, yet I've been denied the noble privilege to which I am entitled. So I have become the Gray Prince, noble in my own right.","난 영주의 아들이었어, 난 지금까지 귀족으로 불리는 것을 거부해왔지. 그래서 난 그레이 프린스가 된 거야.",record,False,False,False,False,,
Oblivion.esm,INFO,00038B46,,NAM1,2,,,"Still... If I could prove who I really am, and show the world that an Orc can be noble in blood as well as deed... Maybe... Yes! You could help me!",아직도... 난 내가 확실히 누구인지 알고 싶어.증거를 찾는다면 이 세상에 오크도 귀족이 될 수 있다는 것을 증명할 수 있지 않을까... 아마... 그래! 넌 날 도와줄 수 있겠어!,record,False,False,False,False,,
Oblivion.esm,DIAL,00038B11,ArenaChampName12,FULL,0,,,Dragonheart,드래곤하트(Dragonheart),record,True,True,True,False,HIGH,Dragonheart
Oblivion.esm,INFO,00038B45,,NAM1,0,,,"Dragonheart, huh? I like it! Yeah, that'll do nicely. All right, it's time to see if you're crazy good or just plain crazy. ","용의 심장? 허, 여튼 좋아. 이제 네가 미칠 듯이 강한지 아니면 그냥 미친 건지 확인할 시간이다. ",record,False,False,False,False,,
Oblivion.esm,INFO,00038B45,,NAM1,1,,,"The Gray Prince is headed up to the Arena as we speak. Go up there and meet him, one Champion to the next. May the Divines have mercy on your soul.",그레이 프린스는 위로 올라갔어. 신의 축복이 네 영혼에 깃들기를.,record,False,False,False,False,,
Oblivion.esm,DIAL,00038B12,ArenaChampName11,FULL,0,,,The Tamriel Terror,탐리엘 테러(The Tamriel Terror),record,True,True,True,False,HIGH,"The, Tamriel, Terror"
Oblivion.esm,INFO,00038B44,,NAM1,0,,,"The Tamriel Terror, huh? I like it! Yeah, that'll do nicely. All right, it's time to see if you're crazy good or just plain crazy. ","Tamriel Terror, 허? 맘에 드는군! 뭐 잘 되겠지. 자, 이제 네가 미칠 듯이 강한지 아니면 그냥 미친 건지 판가름 낼 시간이다 ",record,False,True,False,False,MEDIUM,"Tamriel, Terror"
Oblivion.esm,INFO,00038B44,,NAM1,1,,,"The Gray Prince is headed up to the Arena as we speak. Go up there and meet him, one Champion to the next. May the Divines have mercy on your soul.",그레이 프린스는 우리가 얘기하고 있는 동안 아레나로 향했다. 다음단계를 향해 올라가서 그와 대면해라. 신의 축복이 네 영혼에 깃들기를.,record,False,False,False,False,,
Oblivion.esm,DIAL,00038B13,ArenaChampName9f,FULL,0,,,Lady Luck,레이디 럭(Lady Luck),record,True,True,True,False,HIGH,"Lady, Luck"
Oblivion.esm,INFO,00038B43,,NAM1,0,,,"Lady Luck, huh? I like it! Yeah, that'll do nicely. All right, it's time to see if you're crazy good or just plain crazy. ","Lady Luck, 허? 맘에 드는군! 뭐 잘 됐어. 자, 이제 네가 미칠듯이 강한지 아니면 그냥 미친건지 판가름 낼 시간이다. ",record,False,True,False,False,MEDIUM,"Lady, Luck"
Oblivion.esm,INFO,00038B43,,NAM1,1,,,"The Gray Prince is headed up to the Arena as we speak. Go up there and meet him, one Champion to the next. May the Divines have mercy on your soul.",그레이 프린스는 우리가 얘기하고 있는 동안 아레나로 향했다. 다음단계를 향해 올라가서 그와 대면해라. 신의 축복이 네 영혼에 깃들기를.,record,False,False,False,False,,
Oblivion.esm,DIAL,00038BB6,MQ07BurdC,FULL,0,,,Nothing of interest to report.,특별히 보고할 것은 없소.,record,False,False,True,False,TOPIC_CHECK,
Oblivion.esm,INFO,00038BC7,,NAM1,0,,,"Alright. Anything I can do for you, just let me know.",좋아. 도움이 필요하면 말 하시오.,record,False,False,False,False,,
Oblivion.esm,DIAL,00038BB7,MQ07BurdB,FULL,0,,,Jearl was a Mythic Dawn agent.,질(Jearl)은 미식 던 공작원이었소.,record,True,True,True,False,HIGH,Jearl
Oblivion.esm,INFO,00038BC6,,NAM1,0,,,God's blood! So she was the spy? It seems there's no one you can trust these days.,맙소사! 정말로 그녀가 스파이였소? 요즘은 정말 아무도 믿을 사람이 없군.,record,False,False,False,False,,
Oblivion.esm,INFO,00038BC6,,NAM1,1,,,"Since you're working with Cloud Ruler Temple, I'm going to authorize you to search Jearl's house. I'll pass the word to my men. We won't interfere.","당신이 클라우드 룰러 사원과 일하는 한, 당신에게 질(Jearl)의 집을 수색할 권한을 드리겠소. 부하들에게도 얘기해 두겠소. 간섭하지 않을 꺼요.",record,True,True,False,False,HIGH,Jearl
Oblivion.esm,DIAL,00038ED0,AnvilTopicCaenlorn02,FULL,0,,,Tell me about services.,가게에 대해 가르쳐주시오.,record,False,False,True,False,TOPIC_CHECK,
Oblivion.esm,DIAL,00038ED1,ArenaAgronakChoice4,FULL,0,,,Please go on.,계속 얘기해 주시죠.,record,False,False,True,False,TOPIC_CHECK,
Oblivion.esm,INFO,00038ED7,,NAM1,0,,,"My mother died recently. Before she passed, she gave me this key, and told me it would ""unlock the truth,"" at the place of my birth, Crowhaven.","어머니께선 최근에 돌아가셨지. 돌아가시기 전에, 어머니는 내게 이 열쇠를 남기시고, 이 열쇠로 내가 태어난 곳, 까마귀의 안식처의 ""진실을 열 수 있다""는 유언을 남기셨지.",record,False,False,False,False,,
Oblivion.esm,INFO,00038ED7,,NAM1,1,,,"Crowhaven is a ruined fort far to the west of here. I'd go myself, but my training regiment doesn't allow for the luxury of such an excursion.","Crowhaven는 여기서 서쪽 멀리 있는 폐허라네. 내가 직접 가려고 했지만, 내 훈련 단체가 그런 소풍같은 사치를 허락하지 않아.",record,False,True,False,False,MEDIUM,Crowhaven
Oblivion.esm,INFO,00038ED7,,NAM1,2,,,"My friend, you must travel to Crowhaven and use the key to unlock whatever it is that holds the proof of my birthright!","친구여, 자넨 꼭 까마귀의 안식처에 가서 이 열쇠를 사용해 내 출생의 증거가 될만한 건 무엇이든지 가져와야 하네!",record,False,False,False,False,,
Oblivion.esm,INFO,00038ED7,,NAM1,3,,,"Find this proof and return it to me, and I'll share with you some of my finest combat techniques. Trust me, you can't learn these moves in a book!","그 증거를 가지고 내게 돌아오면, 내가 아주 즐겨 사용하는 전투 기술을 자네에게 전수해 주겠네. 장담하는데, 이런 움직임은 책으로는 절대 배울 수 없을 거야!",record,False,False,False,False,,
Oblivion.esm,DIAL,00038ED2,ArenaAgronakChoice3,FULL,0,,,"Cut to the chase already, gro-Malog!","긴 이야기는 이제 됐소, 그로-말로그(gro-Malog)!",record,True,True,True,False,HIGH,gro-Malog
Oblivion.esm,INFO,00038ED3,,NAM1,0,,,"Oh! Sorry, I didn't mean to ramble. Go to Crowhaven, to the west. Take this key. It unlocks... something that holds proof of my birth.        ","오! 미안하네, 난 만담할 생각은 아니었어. 서쪽에 있는 Crowhaven으로 가게. 이 열쇠를 가지고 말야. 문을 열면... 내 출생의 증거를 담고 있는 뭔가가 있을 거야. ",record,False,True,False,False,MEDIUM,Crowhaven
Oblivion.esm,INFO,00038ED3,,NAM1,1,,,"Find this proof and return it to me, and I'll share with you some of my finest combat techniques. Trust me, you can't learn these moves in a book!","이 증거를 가지고 내게 와 주게. 그러면 내 뛰어난 전투 기술 중 몇 가지를 자네에게 가르쳐 주지. 날 믿게, 책에선 배울 수 없는 거라고!",record,False,False,False,False,,
Oblivion.esm,DIAL,00038FBC,MQ08ArtifactO,FULL,0,,,Give the Ebony Blade.,에보니 블레이드(Ebony Blade) 전달.,record,True,True,True,False,HIGH,"Ebony, Blade"
Oblivion.esm,INFO,00038FCD,,NAM1,0,,,I wonder if Mephala herself knows how many lives this foul blade has taken over the years? I will be glad to give the world a respite from it.,이 타락한 검(blade)이 수 년 동안 얼마나 많은 삶을 거두었는지 메팔라(Mephala) 자신은 알고 있을까? 기꺼이 그것을 세상에서 유예하겠네.,record,True,True,False,False,HIGH,"blade, Mephala"
Oblivion.esm,DIAL,000392FF,MQ07ProgressTwoDead,FULL,0,,,Two of the spies are dead.,스파이 둘다 죽었습니다.,record,False,False,True,False,TOPIC_CHECK,
Oblivion.esm,INFO,00039301,,NAM1,0,,,Good work. But you must locate their base and make sure you've eliminated all of them.,잘했네. 하지만 그들의 근거지를 찾아내서 확실히 제거해 버려야만 하네.,record,False,False,False,False,,
Oblivion.esm,DIAL,0003A83E,MQ10BurdB,FULL,0,,,Hold on. I'm not ready yet.,대기하시오. 아직 준비가 안됐소.,record,False,False,True,False,TOPIC_CHECK,
Oblivion.esm,INFO,0003A854,,NAM1,0,,,We'll hold here until you're ready. Although I'd rather not sit around waiting to see what else comes out of that gate.,준비될 때까지 여기를 지키겠소. 주위에 앉을 곳은 없지만 그 문에서 다른 무엇이 나오는지 지켜보면서 기다리겠소.,record,False,False,False,False,,
Oblivion.esm,DIAL,0003A83F,MQ10BurdA,FULL,0,,,Let's go.,갑시다.,record,False,False,True,False,TOPIC_CHECK,
Oblivion.esm,INFO,0003A853,,NAM1,0,,,Alright. Give me a minute to talk to the men. Everyone's a bit jumpy right now.,좋습니다. 잠시만 병사들에게 지시할 시간을 주시오. 모두들 바로 뛰쳐나갈 태세요.,record,False,False,False,False,,
Oblivion.esm,DIAL,0003A8F7,ArenaAgronakChalYes,FULL,0,,,"Yes, I wish to challenge you.","그래, 당신에게 도전하겠소.",record,False,False,True,False,TOPIC_CHECK,
Oblivion.esm,INFO,0003A915,,NAM1,0,,,"As I expected. I accept your challenge! Speak to Ysabel and let her know when you're ready, and I shall make for the Arena. Shinji be with us both!",기대했던 대로군. 자네의 도전을 받아들이지! Ysabel에게 가서 말하게. 그리고 준비가 되거든 그녀에게 알려 주게나. 그리고 아레나를 향하겠어. Shinji가 우리 둘과 함께 하길!,record,False,True,False,False,MEDIUM,"Ysabel, Shinji"
Oblivion.esm,INFO,0003A916,,NAM1,0,,,"Yes. Yes... I accept your challenge. Go... Go speak with Ysabel. Tell her you're ready. Then we'll... We'll meet in the Arena. Yes, that'll do...","좋아. 좋아... 자네의 도전을 받아들이지. 가게... 가서 Ysabel 에게 말하게. 준비되거든 그녀에게 말해. 그러면 우린... 아레나에서 만나게 될 걸세. 그래, 그렇게 되겠지... ",record,False,True,False,False,MEDIUM,Ysabel
Oblivion.esm,INFO,0003A917,,NAM1,0,,,"Oh! Oh, well... All right then. I was hoping you'd complete your journey to Crowhaven first, but it is your right to challenge me.","오! 오, 그래, 그러면 됐네. 난 처음에 Crowhaven으로 향하는 자네의 여행이 완전하기를 희망하고 있었지. 하지만 내게 도전하는 건 자네의 권리라네.",record,False,True,False,False,MEDIUM,Crowhaven
Oblivion.esm,INFO,0003A917,,NAM1,1,,,"I accept the challenge, of course. Speak with Ysabel, tell her you're ready. Then we'll meet in the Arena and prove our mettle as warriors.",물론 도전을 받아들이지. Ysabel 에게 말하게. 준비가 되거든 그녀에 말하면 돼. 그럼 우리는 아레나에서 만나게 될 걸세. 그리고 우리의 전사로서의 기질을 증명하겠지.,record,False,True,False,False,MEDIUM,Ysabel
Oblivion.esm,DIAL,0003A8F8,ArenaAgronakChalNo,FULL,0,,,"No, I don't want to challenge you.","아니, 도전하고 싶지 않소.",record,False,False,True,False,TOPIC_CHECK,
Oblivion.esm,INFO,0003A912,,NAM1,0,,,"You don't? Oh... Well, all right. I'm sorry, it's just that I fully expected a challenge! It is your right. If you change your mind, I'll be ready.","원하지 않는다고? 오... 그래, 알았네. 유감이군, 난 도전을 정말 기대했을 뿐이야! 그건 자네 권리지. 만일 마음이 바뀌면 난 준비되어 있을 것이네.",record,False,False,False,False,,
Oblivion.esm,INFO,0003A913,,NAM1,0,,,"You don't? Oh... Well I can only hope you'll change your mind. In the Arena... Yes, in the Arena anything could happen. Anything...","원하지 않는다고? 오... 그래, 자네가 마음을 바꿔 먹길 바랄 수 있을 뿐이로군. 그래, 아레나에선... 어떤 일이든 일어날 수 있는 법이지, 어떤 일이든... ",record,False,False,False,False,,
Oblivion.esm,INFO,0003A914,,NAM1,0,,,"You don't? Oh! Well good! Very good indeed! Maybe after you've helped me out, eh? So please, make haste to Crowhaven! This waiting is unbearable!","원하지 않는다고? 오! 정말 멋져! 참으로 정말 멋지군! 아마도 날 도와 준 이후에 하겠지? 그래서 부탁인데, Crowhaven으로 서두르라고! 이렇게 기다리는 건 참지 못하겠어!",record,False,True,False,False,MEDIUM,Crowhaven
Oblivion.esm,DIAL,0003A8F9,KilltheGrandChampion,FULL,0,,,Kill the Grand Champion,그랜드 챔피언 죽이기,record,False,False,True,False,TOPIC_CHECK,
Oblivion.esm,INFO,0003A911,,NAM1,0,,,"I'm the reigning Grand Champion of the Arena, you see. Once you become a Champion, you'll need to challenge me for my title.","보다시피, 지금 아레나의 그랜드 챔피언은 나지. 일단 네가 챔피언까지 올라서면, 내 자리를 얻고 싶다면 도전을 신청해야만 해.",record,False,False,False,False,,
Oblivion.esm,INFO,0003A911,,NAM1,1,,,"It's a fight to the death, so if you progress that far and want a shot at the Grand Championship, you'll have to try and kill me.  ","그건 죽음을 위한 싸움이 될 거야. 네가 더 나아가기를 원한다면, 넌 나에게 도전하고 날 죽일 필요가 있어. ",record,False,False,False,False,,
Oblivion.esm,INFO,0003C189,,NAM1,0,,,"Well, if it was Ugak, you can be sure she had some good animals.","음, Ugak라면, 그녀가 좋은 동물들을 갖고 있단 걸 확신할 수 있을 겁니다.",record,False,True,False,False,MEDIUM,Ugak
Oblivion.esm,INFO,0003C18A,,NAM1,0,,,"The sisters are hard to tell apart. It's Ugak you'll want to find if you need a mount, though.",그 자매들은 구분하기 어려워요. 그렇긴 하지만 탈 게 필요하다면 당신이 찾을 사람은 Ugak랍니다.,record,False,True,False,False,MEDIUM,Ugak
Oblivion.esm,INFO,0003C18B,,NAM1,0,,,"The Two Sisters is a fine place, and the two sisters themselves are nice people, too.",두자매(Two Sisters)는 좋은 곳이죠. 그리고 두 자매들도 역시 좋은 사람들이고.,record,True,True,False,False,HIGH,"Two, Sisters"
Oblivion.esm,INFO,0003C18C,,NAM1,0,,,"I've always liked the place. Mog does a nice job, although I sometimes confuse her with Ugak.","난 항상 그곳을 좋아해왔어요. Mog는 일을 참 잘해요, 비록 내가 때때로 그녀와 Ugak를 헷갈려하긴 하지만 말이죠.",record,False,True,False,False,MEDIUM,"Mog, Ugak"
Oblivion.esm,INFO,0003C18D,,NAM1,0,,,"Yes, the West Weald is a nice place. Just stay away from Erina when she's in a mood.","그래요, 서부의 광야(West Weald)는 멋진 곳이죠. Erina가 우울할 땐 그녀에게서 좀 떨어져 있어요.",record,True,True,False,False,HIGH,"West, Weald, Erina"
Oblivion.esm,INFO,0003C18E,,NAM1,0,,,"I like the West Weald itself, but I'd rather avoid its proprietor.",서부의 광야(West Weald) 그 자체를 좋아해요. 하지만 난 그 주인은 피하는 게 더 낫겠다 싶더군요.,record,True,True,False,False,HIGH,"West, Weald"
Oblivion.esm,INFO,0003C18F,,NAM1,0,,,"I wouldn't mind making a few bets, but I'm not sure about Graklak. He seems a bit slick to me.","약간의 내기를 꺼려하지 않았습니다만, Graklak에 대해선 확신이 없어요. 그는 좀 교활해 보여요.",record,False,True,False,False,MEDIUM,Graklak
Oblivion.esm,INFO,0003C191,,NAM1,0,,,I'll stay away from the topic with her.,그녀에 관한 화제에 대해선 참견하지 않을 랍니다.,record,False,False,False,False,,
Oblivion.esm,INFO,0003C192,,NAM1,0,,,"Religion is definitely not a topic to bring up around Else. Swords, on the other hand, she'll talk about.",종교는 분명히 Else 관심 밖의 화제죠. 반면에 검이라면 그녀가 얘기할 거에요.,record,False,True,False,False,MEDIUM,Else
Oblivion.esm,INFO,0003C193,,NAM1,0,,,Colovian Traders is a good shop. Perhaps I'll visit Gunder soon.,콜로비안 상회(Colovian Traders)는 좋은 가게입니다. 어쩌면 곧 Gunder를 방문해야겠네요.,record,True,True,False,False,HIGH,"Colovian, Traders, Gunder"
Oblivion.esm,INFO,0003C194,,NAM1,0,,,I've bought a number of things from Gunder. I've always been satisfied.,난 Gunder에게서 많은 물건들을 사왔습니다. 항상 만족했지요.,record,False,True,False,False,MEDIUM,Gunder
Oblivion.esm,INFO,0003C195,,NAM1,0,,,There's just something wrong with that guy. And he has an odd smell about him.,저 남자에게 정말 좋지 않은 뭔가가 있어요. 그리고 그에게선 그에 관한 기묘한 냄새가 풍겨나요.,record,False,False,False,False,,
Oblivion.esm,INFO,0003C196,,NAM1,0,,,I'd stay away from him if I were you. There's something very wrong with that man.,내가 당신이라면 그를 멀리하겠어요. 그 남자에겐 굉장히 좋지 않은 뭔가가 있어요.,record,False,False,False,False,,
Oblivion.esm,INFO,0003C197,,NAM1,0,,,It's a shame such a good smith wastes her life in the bottle.,그렇게 솜씨 좋은 대장장이가 술로 인생을 낭비하다니 안타까운 일이죠.,record,False,False,False,False,,
Oblivion.esm,INFO,0003C198,,NAM1,0,,,She can drink all she wants as long as she keeps doing such fine work.,그녀가 이런 식으로 일을 계속 잘해주는 만큼 그녀가 원하는 술을 모두 마실 수 있어요.,record,False,False,False,False,,
Oblivion.esm,INFO,0003C199,,NAM1,0,,,Tumindil does excellent work. I always feel comfortable in his care.,Tumindil는 훌륭하게 일을 처리하죠. 난 항상 그의 관심을 편안하게 느낍니다.,record,False,True,False,False,MEDIUM,Tumindil
Oblivion.esm,INFO,0003C19A,,NAM1,0,,,"It's good to know that if I'm sick, I can head to Tumindil.","내가 아프면, 내가 Tumindil에게 갈 수 있다는 사실을 알게되서 기쁘죠.",record,False,True,False,False,MEDIUM,Tumindil
Oblivion.esm,INFO,0003C19B,,NAM1,0,,,No one works harder than Marie.,Marie보다 더 열심히 일하는 사람은 없습니다.,record,False,True,False,False,MEDIUM,Marie
Oblivion.esm,INFO,0003C19C,,NAM1,0,,,The world needs more folks like Marie.,세상은 Marie같은 사람들이 더 많이 필요합니다.,record,False,True,False,False,MEDIUM,Marie
Oblivion.esm,INFO,0003C19D,,NAM1,0,,,You'd be better off praying for a miracle than going to see Valandrus.,Valandrus를 보러 가느니 기적을 바라고 기도하는 게 더 낫겠네요.,record,False,True,False,False,MEDIUM,Valandrus
Oblivion.esm,INFO,0003C19E,,NAM1,0,,,I think I'd rather take my chances with a disease than have that man try to heal me.,날 치료할 사람으로 그 남자가 되느니 그냥 병에 걸리는 게 더 낫다고 생각해요. ,record,False,False,False,False,,
Oblivion.esm,INFO,0003C19F,,NAM1,0,,,"I've heard rumors about him, but I don't believe they're true.",그에 대한 소문을 들어본 적이 있습니다. 하지만 난 그게 사실이라고는 믿지 않아요.,record,False,False,False,False,,
Oblivion.esm,INFO,0003C1A0,,NAM1,0,,,"Maybe there's something strange going on, but Skingrad is a well-run city.","아마도 이상한 일들이 계속되고 있지만, 스킨그라드는 잘 계획된 도시랍니다.",record,False,False,False,False,,
Oblivion.esm,INFO,0003C1A3,,NAM1,0,,,"He's a tough one, that's for sure. I wouldn't want to cross him.","그는 거친 사람입니다, 그건 그래요. 난 그를 건드리고 싶지 않아요.",record,False,False,False,False,,
Oblivion.esm,INFO,0003C1A4,,NAM1,0,,,"He's all business. That's probably good in his line of work, though.","그에게 일이 전부입니다. 그렇긴 하지만, 대개 그것이 그의 일선에서 좋은 효과가 있어요.",record,False,False,False,False,,
Oblivion.esm,INFO,0003C1A5,,NAM1,0,,,"It's a bit strange, but Castle Skingrad is an odd place.","조금 낯설지만, 스킨그라드 성은 특별한 장소입니다.",record,False,False,False,False,,
Oblivion.esm,INFO,0003C1A6,,NAM1,0,,,"I can't imagine it. Still, it's better than not having a butler at all.","난 상상할 수도 없는 일이죠. 그렇지만, 집사가 전혀 없는 것보단 그게 더 낫습니다.",record,False,False,False,False,,
Oblivion.esm,INFO,0003C1A7,,NAM1,0,,,"I don't think he's that impressive. There's no telling him that, though.","난 그가 인상적이라고는 생각하지 않아요. 그렇지만, 아무도 그걸 알 수가 없죠.",record,False,False,False,False,,
Oblivion.esm,INFO,0003C1A8,,NAM1,0,,,I can't stand someone who's so full of himself. Someone needs to teach him a lesson.,난 교만한 사람을 참을 수가 없어요. 누군가는 그에게 수업을 가르쳐야 할 필요가 있습니다.,record,False,False,False,False,,
Oblivion.esm,INFO,0003C1A9,,NAM1,0,,,"I'm glad he's doing it. Those things are disgusting, a menace to us all.","그가 그걸 해줘서 기쁩니다. 그 일들은 구역질 나고, 우리 모두에게 골칫거리죠.",record,False,False,False,False,,
Oblivion.esm,INFO,0003C1AA,,NAM1,0,,,Goblins are filth. More power to him.,고블린은 쓰레기죠. 그에게 좀 더 힘을 보태요.,record,False,False,False,False,,
Oblivion.esm,INFO,0003C1AB,,NAM1,0,,,That's good to know. You can never be too careful.,알아두는게 좋아요. 아무리 조심해도 지나치지 않습니다.,record,False,False,False,False,,
Oblivion.esm,INFO,0003C1AC,,NAM1,0,,,I've heard that about Fadus. He's quite impressive.,Fadus에 대해서 들어본 적이 있습니다. 그는 정말 인상적이죠.,record,False,True,False,False,MEDIUM,Fadus
Oblivion.esm,INFO,0003C1AD,,NAM1,0,,,"The more folks hunting goblins, the better. That's what I say.",더 많은 주민들이 고블린을 사냥하는게 더 낫습니다. 그게 내가 하고 싶은 말이에요.,record,False,False,False,False,,
Oblivion.esm,INFO,0003C1B0,,NAM1,0,,,"If Parwen wants to spend all day hunting goblins, I think it's great. Those things are a menace.","Parwen이 종일 고블린을 사냥하는 걸 원한다면, 대단한 일이라고 생각해요. 그놈들은 골칫거리거든요.",record,False,True,False,False,MEDIUM,Parwen
Oblivion.esm,INFO,0003C1B1,,NAM1,0,,,I've got no interest in talking about some snooty mage.,좀 거만한 마법사에 대한 얘기에는 전혀 관심 없습니다.,record,False,False,False,False,,
Oblivion.esm,INFO,0003C1B4,,NAM1,0,,,That's so typical for a mage.,그것은 마법사에겐 아주 전형적이죠.,record,False,False,False,False,,
Oblivion.esm,INFO,0003C1B5,,NAM1,0,,,All that conjuring gives me the creeps. There are plenty of scary things in this world without bringing more around.,소환하는 건 내게 섬뜩한 느낌을 줘요. 주위를 더 끌어들일 것 없이 이 세계엔 공포스러운 것들이 많이 있죠.,record,False,False,False,False,,
Oblivion.esm,INFO,0003C1B8,,NAM1,0,,,I don't want to learn how to conjure things. I want to learn how to get rid of things.,난 소환하는 법을 배우고 싶진 않습니다. 제거하는 법을 배우고 싶죠.,record,False,False,False,False,,
Oblivion.esm,INFO,0003C1BA,,NAM1,0,,,I wouldn't mind learning a bit about Mysticism. Seems like a useful skill.,난 신비 마법에 대해서 조금 배우는 걸 꺼리진 않을 겁니다. 유용한 기술처럼 보이거든요.,record,False,False,False,False,,
Oblivion.esm,INFO,0003C1BE,,NAM1,0,,,"Mysticism? Seems interesting, but not particularly useful.","신비 마법(Mysticism)? 재미있어 보이죠, 하지만 특별히 유용하진 않아요.",record,True,True,False,False,HIGH,Mysticism
Oblivion.esm,INFO,0003C1BF,,NAM1,0,,,"I'll keep that in mind the next time I need something recharged. Not that it's something that happens every day, of course. ","난 다음 번에 재충전할 것이 필요하다는 걸 명심할 겁니다. 물론, 매일 일어나는 일은 아니죠. ",record,False,False,False,False,,
Oblivion.esm,INFO,0003C1C4,,NAM1,0,,,"I've never used his services. I mean, how many people have enchanted things just lying around? Outside of the guild, of course.","난 그의 서비스를 받아 본 적이 결코 없습니다. 주위에 아무렇게나 널브러진 인챈된 물건들을 가진 사람들이 얼마나 되겠어요? 물론, 길드 외부에서 말입니다.",record,False,False,False,False,,
Oblivion.esm,INFO,0003C1C5,,NAM1,0,,,That's just what this town needs: another reckless mage.,"단지 이 마을이 필요한 건, 또 다른 무모한 마법사죠.",record,False,False,False,False,,
Oblivion.esm,INFO,0003C1CB,,NAM1,0,,,He should be kicked out of town before one of his experiments turns this place into a wasteland.,그의 실험들 중 하나가 이곳을 황무지로 바꾸기 전에 그를 마을 밖으로 쫓아내야 해요.,record,False,False,False,False,,
Oblivion.esm,INFO,0003C1D5,,NAM1,0,,,"He's a moron. One of these days, he'll be taught a lesson.","그는 얼간이죠. 조만간, 그는 가르침을 받게 될거에요.",record,False,False,False,False,,
Oblivion.esm,INFO,0003C1DB,,NAM1,0,,,What a fool. I hope he's happy with himself.,어리석긴. 난 그가 만족하길 바래요.,record,False,False,False,False,,
Oblivion.esm,INFO,0003C1DD,,NAM1,0,,,I can't imagine who'd want to hurt Toutius.,대체 누가 Toutius에게 해를 끼치려는건지 상상이 안되네요.,record,False,True,False,False,MEDIUM,Toutius
Oblivion.esm,INFO,0003C1E3,,NAM1,0,,,I'm sure it's just a rumor. I can't think of a reason why anyone would want to hurt Toutius.,그건 단지 소문일 게 분명합니다. 딱히 누군가 Toutius를 해를끼칠만한 이유라곤 생각도 안나네요.,record,False,True,False,False,MEDIUM,Toutius
Oblivion.esm,INFO,0003C1ED,,NAM1,0,,,Salmo's baking is fantastic. And her sweetrolls are unbeatable.,Salmo의 빵은 환상적이죠. 그리고 그의 스위트롤은 훌륭하구요.,record,False,True,False,False,MEDIUM,Salmo
Oblivion.esm,INFO,0003C1F3,,NAM1,0,,,I could eat nothing but Salmo's baking for the rest of my life. That'd be fine with me.,내 여생에 Salmo의 빵만 먹을 지도 모르죠. 그건 정말 내 입에 딱 맞아요.,record,False,True,False,False,MEDIUM,Salmo
Oblivion.esm,INFO,0003C1F5,,NAM1,0,,,"If I could use a shield as well as Ambrose, I'd charge people for training, too.","내가 Ambrose만큼 방패를 사용할 수 있었다면, 나 역시 사람들에게 훈련에 대한 대가를 받아냈겠죠.",record,False,True,False,False,MEDIUM,Ambrose
Oblivion.esm,INFO,0003C1FB,,NAM1,0,,,"I've heard he's the best in town with a shield. If you want to learn, go to him.",방패에 대해선 그가 마을에서 최고라고 들은 적이 있죠. 배우고 싶으면 그에게 가봐요.,record,False,False,False,False,,
Oblivion.esm,INFO,0003C1FD,,NAM1,0,,,You can never be too good with a bow. I know I'm not.,활에 익숙해지는 게 좋아요. 난 내가 그렇지 못하다는 걸 알죠.,record,False,False,False,False,,
Oblivion.esm,INFO,0003C203,,NAM1,0,,,"I've heard that Reman is good with a bow. Apparently, he's the best in all of Skingrad.","Reman이 활에 익숙하다고 들은 적이 있어요. 명백히, 그는 스킨그라드의 모든 이들 중에서 최고입니다.",record,False,True,False,False,MEDIUM,Reman
Oblivion.esm,INFO,0003C205,,NAM1,0,,,"Can't say I like tomatoes. I'm sure Undena's are good, though.","내가 토마토를 좋아한다고는 말 못하겠네요. 그렇지만, Undena의 토마토는 확실히 좋아요.",record,False,True,False,False,MEDIUM,Undena
Oblivion.esm,INFO,0003C20B,,NAM1,0,,,To-MAY-to. To-MAH-to. DAY-dra. DEE-dra. It's all the same to me.,토-메이-토(To-MAY-to). 토-마-토(To-MAH-to). 데이-드라(DAY-dra). 데-드라(DEE-dra). 어느 쪽이든 나에겐 상관 없죠.,record,True,True,False,False,HIGH,"To-MAY-to, To-MAH-to, DAY-dra, DEE-dra"
Oblivion.esm,INFO,0003C20E,,NAM1,0,,,"No doubt about it, the man loves cheese. And sheep. Just cheese and sheep.",그 남자가 치즈와 양을 사랑한다는 건 의심할 여지가 없어요. 오직 치즈와 양 뿐이죠.,record,False,False,False,False,,
Oblivion.esm,INFO,0003C213,,NAM1,0,,,"I like cheese. Not more than sheep, though. I'm not sure about Uuras.","난 치즈를 좋아합니다. 하지만, 양만큼은 아니죠. Uuras에 대해선 모르겠네요.",record,False,True,False,False,MEDIUM,Uuras
Oblivion.esm,INFO,0003C216,,NAM1,0,,,"She's a hard worker, and they make some fine wine.","그녀는 근면한 일꾼이죠, 그리고 그들은 상당히 훌륭한 와인을 만듭니다.",record,False,False,False,False,,
Oblivion.esm,INFO,0003C21B,,NAM1,0,,,"I've heard she works long hours. It's worth it, though. That's some fine wine.","그녀가 오랜 시간을 일한다고 들은 적이 있어요. 그렇지만, 그만한 가치는 있죠. 상당히 훌륭한 와인을 만드니까요.",record,False,False,False,False,,
Oblivion.esm,INFO,0003C21E,,NAM1,0,,,"I've heard he's good with his bow, and he'll train you, for a price. I like the wine he makes, too.",그가 활에 익숙하다고 들은 적이 있어요. 돈을 내면 당신을 가르쳐줄 겁니다. 게다가 난 그가 만든 와인을 좋아하죠.,record,False,False,False,False,,
Oblivion.esm,INFO,0003C223,,NAM1,0,,,"With all that time in the vineyard, it's a wonder he has time to practice his marksmanship.","포도원에서 있는 시간에, 그가 궁술을 연습할 시간이 있다는 게 이상해요.",record,False,False,False,False,,
Oblivion.esm,INFO,0003C226,,NAM1,0,,,"The Surilie Brothers wine is some of the best in Tamriel, if you ask me.","내게 묻는다면, 셔릴리 형제의 와인은 탐리엘에서 최고라고 말할 겁니다. ",record,False,False,False,False,,
Oblivion.esm,INFO,0003C22B,,NAM1,0,,,"No doubt, they make a fine wine at the Surilie Vineyards.","확실히, 그들은 셔릴리 포도원에서 우수한 와인을 생산하죠.",record,False,False,False,False,,
Oblivion.esm,INFO,0003C23E,,NAM1,0,,,Gaston and his brother produce quality wines. I'll have to pick up some more.,Gaston과 그의 형제는 양질의 와인을 생산합니다. 난 몇 병 더 구매할 거에요.,record,False,True,False,False,MEDIUM,Gaston
Oblivion.esm,INFO,0003C241,,NAM1,0,,,"I don't know Gaston well, but I helped him drink his wine. And he always has a mighty fine wine.",난 Gaston을 잘 모릅니다. 하지만 그의 와인을 마시는 걸로 매상을 올려줬죠. 그는 항상 좋은 와인을 갖고 있어요.,record,False,True,False,False,MEDIUM,Gaston
Oblivion.esm,INFO,0003C254,,NAM1,0,,,"He's got some issues, that's for sure. Personally, I'd just steer clear of him.","그는 뭔가 문제가 있어요, 확실히 그렇죠. 개인적으로, 난 단지 그와 관계하지 않으려고 합니다.",record,False,False,False,False,,
Oblivion.esm,INFO,0003C257,,NAM1,0,,,"He is a bit nutty. Probably just a harmless old fool, though.","그는 조금 미치광이죠. 그렇지만, 단지 무해한 늙은 바보일 뿐이에요.",record,False,False,False,False,,
Oblivion.esm,INFO,0003C260,,NAM1,0,,,"Her wines are excellent, and she's a fine person as well.",그녀의 와인은 우수해요. 그리고 그녀 역시 멋진 사람이죠.,record,False,False,False,False,,
Oblivion.esm,INFO,0003C261,,NAM1,0,,,I'll have to buy a bit more of her wine. It's just excellent. A fine choice for any meal.,그녀의 와인을 좀 더 사려고 합니다. 그건 정말 우수하거든요. 어떤 음식이든지 잘 어울리는 선택이죠.,record,False,False,False,False,,
Oblivion.esm,DIAL,0003AB2D,BribeGuard,FULL,0,,,Bribe the Guard,경비병에 뇌물주기,record,False,False,True,False,TOPIC_CHECK,
Oblivion.esm,INFO,0003AB3D,,NAM1,0,,,"I don't usually take bribes, but I'll look the other way just this once. If I see you again though, I'll have to arrest you.","난 보통 뇌물은 받지 않지만, 이번 한번만 눈감아 주지. 하지만 다음에 또 걸리면, 그땐 체포하겠어.",record,False,False,False,False,,
Oblivion.esm,DIAL,0003AB45,BedNo,FULL,0,,,No thank you.,"아니오, 괜찮소.",record,False,False,True,False,TOPIC_CHECK,
Oblivion.esm,INFO,0006215D,,NAM1,0,,,Very well. I'm sure someone else will want it if you don't.,"아, 알았다. 너가 아니어도 다른 놈으로 묵고 싶다고 하는 것이 있을 것이고.",record,False,False,False,False,,
Oblivion.esm,INFO,0005DAC2,,NAM1,0,,,Fine. One less thing for me to clean up afterwards.,알았습니다. 정리의 수고가 1개 줄어들어 살아났어요.,record,False,False,False,False,,
Oblivion.esm,INFO,0009EA93,,NAM1,0,,,Then stop wasting my time.,시간낭비하게 만들지 마세요.,record,False,False,False,False,,
Oblivion.esm,INFO,00037CF9,,NAM1,0,,,Oh. All right then. Let me know if you change your mind.,"오, 그럼 알겠습니다. 마음이 바뀌면 말해주세요.",record,False,False,False,False,,
Oblivion.esm,INFO,00037CFA,,NAM1,0,,,"All right, but you're missing out. It's a fine room, and to be honest, you look like you could use some rest.","좋아요, 하지만 당신 기회를 놓친 겁니다. 그것은 좋은 방이고, 솔직히 말해서 당신은 약간 지쳐보이는군요.",record,False,False,False,False,,
Oblivion.esm,INFO,0003B349,,NAM1,0,,,Suit yourself.,편한대로 하세요.,record,False,False,False,False,,
Oblivion.esm,INFO,0003B34A,,NAM1,0,,,All right.,알았어요.,record,False,False,False,False,,
Oblivion.esm,INFO,0003AB58,,NAM1,0,,,"Okay, it's your gold.",좋아요. 당신 돈이니까.,record,False,False,False,False,,
Oblivion.esm,INFO,0003B352,,NAM1,0,,,Very well. Let me know if you change your mind.,그래요. 만약 마음이 바뀌면 말하세요.,record,False,False,False,False,,
Oblivion.esm,DIAL,0003AB46,BedYes,FULL,0,,,I'll take it.,방을 빌리겠습니다.,record,False,False,True,False,TOPIC_CHECK,
Oblivion.esm,INFO,0006215E,,NAM1,0,,,"I don't have much of a sense of humor, so if this is a joke, I'm not amused. Come back when you have the money.","나에게는 유머의 센스는 없지만, 그것은 농담의 생각으로 말하나? 재미있지도 않다. 돈을 가지고 나서 다시 해 오는거야.",record,False,False,False,False,,
Oblivion.esm,INFO,0006215F,,NAM1,0,,,"Good. The room is on the second floor, right across from the stairs. Sleep soundly.",고마워요. 2층의 계단으로부터 향해 오른쪽이 너의 방이다. 자주(잘) 자.,record,False,False,False,False,,
Oblivion.esm,INFO,0005FA42,,NAM1,0,,,Trying to take advantage of a sick woman? You're horrible. Come back when you actually have the money for it.,병의 여자를 좋게 이용하려는? 당신은 심한 사람입니다. 돈을 가지고 나서 와 주세요.,record,False,False,False,False,,
Oblivion.esm,INFO,0005DAC1,,NAM1,0,,,"Very well. Go through that door up the stairs, and it'll be the first door on the right. Sleep well, if you can.",저 문을 통해 위층으로 가셔서 오른쪽 첫번째 문이에요. 안녕히 주무시길.,record,False,False,False,False,,
Oblivion.esm,INFO,000BB9B5,,NAM1,0,,,You don't seem to have the money for the room. Perhaps you should look elsewhere for accomodations.,숙박비가 모자라는 것 같군요. 다른곳에 가서 알아보셔야 되겠군요.,record,False,False,False,False,,
Oblivion.esm,INFO,000BB9B6,,NAM1,0,,,"Very good. It's up the stairs there, first door on your left. Sleep well.",좋아요. 위층의 왼쪽 첫 번째 문입니다. 편히 쉬시길.,record,False,False,False,False,,
Oblivion.esm,INFO,0018AE85,,NAM1,0,,,You don't have the money for the room. Perhaps some other time.,돈이 모자라는군요. 형편에 나아지면 다음에 오세요.,record,False,False,False,False,,
Oblivion.esm,INFO,0018AE86,,NAM1,0,,,"Walk just up the stairs there, and it's the door on the right. Thank you.",바로 위층으로 올라가서 오른쪽 문입니다. 감사합니다.,record,False,False,False,False,,
Oblivion.esm,INFO,000BB9B7,,NAM1,0,,,You don't even have the money! Why are you wasting my time? Is this some sort of joke to you?,당신 돈도 없군! 왜 내 시간을 뺏나? 그것도 농담이라고 하나?,record,False,False,False,False,,
Oblivion.esm,INFO,000BB9B8,,NAM1,0,,,"It's upstairs, second door on the left. Don't say I didn't warn you.",위층의 왼쪽 두 번째 문입니다. 내가 말하지 않았다고 말하지 마세요. ,record,False,False,False,False,,
Oblivion.esm,INFO,000BB9B9,,NAM1,0,,,You don't have the money. I'm not just going to let you sleep here for free.,돈이 없으신 거 같네요. 여기서 공짜로 재워드릴 순 없습니다.,record,False,False,False,False,,
Oblivion.esm,INFO,000BB9BA,,NAM1,0,,,"Very well. You can use either bed on the top floor. Oh, and do watch your step.","좋아요. 맨 위층 침대도 함께 쓰셔도 됩니다. 아, 그리고 발조심 하세요.",record,False,False,False,False,,
Oblivion.esm,INFO,000BB9BB,,NAM1,0,,,"You do not have the money for me, so I do not have a room for you.",내게 줄 돈이 없군요. 따라서 나도 당신에게 줄 방은 없네요.,record,False,False,False,False,,
Oblivion.esm,INFO,000BB9C2,,NAM1,0,,,"Up the stairs you must go, to the first door on your right. That is your room for the night.","계단을 올라가서, 오른쪽의 첫 번째 문입니다. 그것이 오늘밤 당신의 방이에요. ",record,False,False,False,False,,
Oblivion.esm,INFO,000BB9C3,,NAM1,0,,,I'm afraid I can't rent you the room if you can't afford it. Sorry.,유갑스럽게도 만약 당신이 그것을 빌릴만한 경제적 여유가 없다면 나는 방을 빌려줄 수 없어요. 미안합니다. ,record,False,False,False,False,,
Oblivion.esm,INFO,000BB9C5,,NAM1,0,,,All right. It's up the stairs; the last door on your right. Sleep well.,좋아요. 위층의 오른쪽 마지막 문입니다. 푹 쉬세요.,record,False,False,False,False,,
Oblivion.esm,INFO,000B9841,,NAM1,0,,,"So be it. Head upstairs, and look for the last door on your right. That's your room for tonight. Sleep well.","그렇다면 그렇게 하죠. 위층으로 가서, 오른쪽 마지막 문을 보세요. 그것이 오늘밤 당신의 방입니다. 푹 쉬세요.",record,False,False,False,False,,
Oblivion.esm,INFO,000BB9C9,,NAM1,0,,,"You don't have the money, so I can't let you stay in the room. I'm sorry.","당신이 돈이 없으니, 나는 당신을 방에서 머물도록 할 수 없어요. 유감입니다. ",record,False,False,False,False,,
Oblivion.esm,INFO,000BB9D0,,NAM1,0,,,"When you've got the money for it, then maybe I'll consider letting you have a room.","그럴 돈이 생기면, 당신에게 방을 빌려주는 것을 고려해보죠. ",record,False,False,False,False,,
Oblivion.esm,INFO,000B9842,,NAM1,0,,,"Right then. Up the stairs in the back, and it's the last door at the end of the hall, straight ahead of you after turning that corner.",좋아요. 뒤쪽 계단으로 올라가서 복도 끝의 마지막 문이니 모퉁이를 돌아서 앞으로 쭉 가십시오. ,record,False,False,False,False,,
Oblivion.esm,INFO,000B9843,,NAM1,0,,,"I don't care much for jokes. If you're serious about the room, come back with some gold on you.","나는 농담에 별 관심이 없어요. 만약 방이 절실히 필요하다면, 돈을 가지고 다시 오세요. ",record,False,False,False,False,,
Oblivion.esm,INFO,000B9844,,NAM1,0,,,"A wise choice, indeed. You've never had a night's rest like this, I assure you.",정말 현명한 선택이군요. 내가 보증하건데 당신은 이렇게 편안한 방에서 묵어본 적이 없을 겁니다.,record,False,False,False,False,,
Oblivion.esm,INFO,000B9844,,NAM1,1,,,The room is down below deck. It's the door on the left.,방은 갑판 아래에 있습니다. 왼쪽에 있는 문이죠.,record,False,False,False,False,,
Oblivion.esm,INFO,000B9845,,NAM1,0,,,"Head downstairs, and the room will be straight across from the door. Sleep well.","아래로 가서, 바로 건너편 방입니다. 푹 쉬세요. ",record,False,False,False,False,,
Oblivion.esm,INFO,000B9846,,NAM1,0,,,"Unless you can pay for it, you're not staying in one of my rooms.","당신이 지불할 능력이 되지 않는 한, 내 방중에서 단 한곳에서도 묵을 수 없습니다. ",record,False,False,False,False,,
Oblivion.esm,INFO,000B9847,,NAM1,0,,,I'm afraid you lack the funds to rent a room. Perhaps you should consider resting somewhere else?,방을 빌릴 돈이 모자란다는 게 유감이군요. 아무래도 다른 곳에서 묵는 것을 고려해야 겠네요. ,record,False,False,False,False,,
Oblivion.esm,INFO,000B9848,,NAM1,0,,,"Excellent. The room is on the floor upstairs, at the west end of the hall. I do hope you rest well.",좋아요. 그 방은 위층 서쪽 복도 끝에 있습니다. 편히 쉬시길 바랍니다. ,record,False,False,False,False,,
Oblivion.esm,INFO,000B9849,,NAM1,0,,,"The room's up the stairs, and it'll be the first door on your left.",계단을 올라가서 왼쪽의 첫 번째 문입니다. ,record,False,False,False,False,,
Oblivion.esm,INFO,000B984A,,NAM1,0,,,Come back when you actually have the money for it.,당신이 정말로 방을 빌릴 돈이 있을 때 돌아오세요. ,record,False,False,False,False,,
Oblivion.esm,INFO,000B984B,,NAM1,0,,,I'm not about to rent you a room if you can't pay for it.,"돈을 내지 못한다면, 방을 빌려줄수 없습니다. ",record,False,False,False,False,,
Oblivion.esm,INFO,000B984C,,NAM1,0,,,"Very well. Head up the stairs, and it's the last door on your right. Sleep well.",좋아요. 계단으로 향해서 오른쪽의 마지막 방입니다. 편히 쉬세요. ,record,False,False,False,False,,
Oblivion.esm,INFO,000B984E,,NAM1,0,,,"I'm afraid that's not possible, since you don't seem to have the money for it. We'll be happy to accomodate you, when you can afford it.","유감이지만 돈이 모자라 안 되겠네요. 당신이 그럴 여유가 되면, 우리가 기쁘게 당신을 재워드리죠. ",record,False,False,False,False,,
Oblivion.esm,INFO,000B984F,,NAM1,0,,,Of course you will. You'd be silly not to.,물론 묵으실 겁니다. 안 그러신다면 진짜 어리석은 거죠.,record,False,False,False,False,,
Oblivion.esm,INFO,000B984F,,NAM1,1,,,"It's just up the stairs there. Second floor, the east wing. All the comforts of home.","저기 계단을 올라가세요. 2층, 동쪽 날개에요. 집처럼 안락합니다",record,False,False,False,False,,
Oblivion.esm,INFO,000B6C1F,,NAM1,0,,,"No money, no room. I'm running a business here.","돈이 없으면, 방도 없어요. 나는 여기서 ""사업""중입니다. ",record,False,False,False,False,,
Oblivion.esm,INFO,000B6C29,,NAM1,0,,,"Very well. Room number two, just near the entrance. If you need food or drink, let me know.","좋아요. 방번호는 2번이고, 입구 바로 근처에 있습니다. 음식이나 마실 것이 필요하면 말씀하세요.",record,False,False,False,False,,
Oblivion.esm,INFO,000B1297,,NAM1,0,,,Excellent. It's just down the stairs there. The door is impossible to miss. I'm sure you'll sleep very well.,좋아요. 바로 아래층에 있어요. 절대 못보고 지나칠 수 없는 문이죠. 당신이 매우 편히 쉴거라고 확신해요.,record,False,False,False,False,,
Oblivion.esm,INFO,000B1298,,NAM1,0,,,"Well, I must say. You have some nerve, attempting to swindle me out of a night's stay. If you've no gold, I suggest you find alternate lodging.","음, 제가 꼭 말해야겠군요. 긴장 한 듯 보이는데, 하룻밤 쉬려고 속이지 마세요. 만약 돈이 없으면, 다른 곳을 찾아보는게 좋을겁니다.",record,False,False,False,False,,
Oblivion.esm,INFO,000B12A0,,NAM1,0,,,"Right then. Head up the stairs, and it's the first door on your right. Remember, I didn't say it was clean. I said it was cheap.",좋아요 그럼. 계단을 올라가서 오른쪽 첫 번째 문입니다. 내가 그 방이 깨끗하다고 말하지 않았던 것을 기억하세요. 나는 그 방이 싸다고 했습니다.,record,False,False,False,False,,
Oblivion.esm,INFO,000B12A1,,NAM1,0,,,"Not even 10 gold to your name? And here I thought I had it bad. Sorry, but I need you to pay before I can let you stay here.","당신은 10골드도 없나요? 내가 보기에도 그다지 좋은 방은 아니지만, 당신이 여기 묵게 하기 전에 먼저 돈을 받아야 겠습니다.",record,False,False,False,False,,
Oblivion.esm,INFO,000B1249,,NAM1,0,,,"If you don't have the gold, then I don't have a room. I'm sorry.","당신이 돈이 없다면, 나는 방을 빌려줄 수 없습니다. 미안해요.",record,False,False,False,False,,
Oblivion.esm,INFO,000B124A,,NAM1,0,,,Right! You'll have to go upstairs to the second floor. Your room is the second door on the right before the staircase. Thank you for your patronage.,좋아요! 2층으로 올라가야 합니다. 당신의 방은 계단 전에 오른쪽 두 번째 방입니다. 자주 찾아주셔서 감사합니다.,record,False,False,False,False,,
Oblivion.esm,INFO,000B124B,,NAM1,0,,,"It's upstairs on the top floor. Only room I've got. I think both beds should be clean enough, so use whichever you prefer.",맨 위층에 있습니다. 내가 가진 유일한 방이죠. 내가 생각하기에 두 침대들 모두 충분히 깨끗하니 둘 중 아무거나 마음에 드는 것을 사용하세요. ,record,False,False,False,False,,
Oblivion.esm,INFO,000B124F,,NAM1,0,,,"I'm not running a charity here, you know? I need the gold, so you come back when you actually have it.","나는 여기서 자선사업을 하는 게 아닙니다. 아십니까? 난 금이 필요해요, 그러니 당신이 실제로 돈이 있을 때 다시 오세요. ",record,False,False,False,False,,
Oblivion.esm,INFO,000B1255,,NAM1,0,,,"Excellent. It's up the stairs there, and then directly across the hallway. Center room, wonderful view of the city. Sleep well!",좋아요. 방은 위층에 올라가서 복도를 가로질러 바로 있습니다. 멋진 도시 풍경을 볼 수 있는 가운데 방입니다. 안녕히 주무세요! ,record,False,False,False,False,,
Oblivion.esm,INFO,000B1256,,NAM1,0,,,I'm afraid you lack the funds for the room. Perhaps someplace else would suit you better?,유감스럽게도 당신은 숙박료를 낼 돈이 부족하시군요. 아마도 당신에게 좀 더 알맞은 다른 장소를 찾아보셔야겠습니다. ,record,False,False,False,False,,
Oblivion.esm,INFO,000B1243,,NAM1,0,,,I thought it was pretty clear that you need money to rent a room. Come back when you have some.,나는 당신이 방을 빌리기 위해선 돈을 내야 하는것이 맞다고 생각됩니다. 돈을 가지고 다시 오세요.,record,False,False,False,False,,
Oblivion.esm,INFO,000B1244,,NAM1,0,,,"Okay then. Room number one, right next to the entrance. Sleep well.",그럼 좋아요. 입구 바로 옆의 1번방입니다. 안녕히 주무세요. ,record,False,False,False,False,,
Oblivion.esm,INFO,0003B348,,NAM1,0,,,Excellent. I'm sure you'll be quite satisfied.,좋아요. 당신이 매우 만족하시리라 확신합니다. ,record,False,False,False,False,,
Oblivion.esm,INFO,0003B348,,NAM1,1,,,"Go upstairs, and look for the door on the right at the end of the hall. Sleep well!","위층으로 가서, 복도 끝의 오른쪽 문을 찾으세요. 안녕히 주무세요! ",record,False,False,False,False,,
Oblivion.esm,INFO,0003B34B,,NAM1,0,,,"Okay then. It's upstairs, the room at the west end of the hall. That's to your right when you come out the door. Enjoy.","그럼 좋아요. 방은 복도 서쪽 끝에 있어요. 당신이 막 들어섰을 때, 오른쪽입니다. 즐겁게 지내세요.",record,False,False,False,False,,
Oblivion.esm,INFO,0003B34C,,NAM1,0,,,"No gold, no room. Sorry, but that's the way it goes. I don't make exceptions.",금이 없으면 방도 없어요. 유감스럽지만 세상 일이 다 그렇지요. 예외는 없어요.,record,False,False,False,False,,
Oblivion.esm,INFO,0003B34D,,NAM1,0,,,"The room's yours for the night. It's just upstairs, the first door on the left. Sleep well.",하룻밤동안 그 방은 당신의 것입니다. 방은 바로 위층에 왼쪽 첫 번째 방입니다. 안녕히 주무세요.,record,False,False,False,False,,
Oblivion.esm,INFO,0003B34E,,NAM1,0,,,"I don't run a halfway house, you know. When you have the money, then you can have the room.","당신도 알다시피, 나는 여인숙을 운영합니다. 방을 얻으려면 돈을 가지고 오세요.",record,False,False,False,False,,
Oblivion.esm,INFO,0003AB59,,NAM1,0,,,"The room is upstairs, first door to the left. Sleep well.",그 방은 위층에 왼쪽 첫 번째 문입니다. 안녕히 주무세요.,record,False,False,False,False,,
Oblivion.esm,INFO,0003AB47,,NAM1,0,,,"I can't let you have it for free, I'm afraid. Come see me when you have some money.","나는 당신에게 공짜로 방을 빌려줄 수 없어요. 유감이지만, 돈을 가지고 오세요.",record,False,False,False,False,,
Oblivion.esm,INFO,0009EA94,,NAM1,0,,,"Fine. Take the stairs up to the right, the room on the left. No visitors allowed. And no pets.","좋아요. 오른쪽의 계단으로 올라가셔서 왼쪽에 있는 방입니다. 방문객은 허용되지 않고, 애완동물도 마찬가지입니다.",record,False,False,False,False,,
Oblivion.esm,INFO,0009EA95,,NAM1,0,,,This here's a respectable establishment! Come back when you've got the money.,이곳의 시설은 훌륭합니다! 돈을 가지고 다시 오세요. ,record,False,False,False,False,,
Oblivion.esm,INFO,00037CFB,,NAM1,0,,,"All right, then. You're all set. Remember, first door on your left.","네, 좋습니다. 모두 계산되었습니다. 기억하세요, 당신의 왼쪽 첫 번째 문입니다. ",record,False,False,False,False,,
Oblivion.esm,INFO,00037CFC,,NAM1,0,,,"Come on, now. The room is only 10 gold. Surely you can afford that?","어서요, 당장. 그 방은 10골드입니다. 확실히 지불할 여유가 있습니까?",record,False,False,False,False,,
Oblivion.esm,INFO,00037CFD,,NAM1,0,,,"Very good! Your room is waiting. Upstairs, last door on the right. Thanks again, and have a wonderful stay!","아주 좋아요! 방이 기다리고 있다고요. 위층, 오른쪽에서 마지막 방입니다. 다시 한 번 감사드리고, 좋은 숙박 되십시오!",record,False,False,False,False,,
Oblivion.esm,INFO,00037CFE,,NAM1,0,,,"Look, friend, I'm not running a flophouse here. No gold, no room. No exceptions.","이봐요, 친구, 나는 지금 싸구려 여인숙을 운영하는 게 아니에요. 돈이 없으면, 방도 없어요. 예외는 없어요.",record,False,False,False,False,,
Oblivion.esm,DIAL,0003B1D5,ArenaICRaiment2,FULL,0,,,Give me the Light Raiment of Valor.,용맹의 경갑의류를 주시오.,record,False,False,True,False,TOPIC_CHECK,
Oblivion.esm,INFO,0003B1DE,,NAM1,0,,,"Right! Okay... It is with great honor that I present to you this gold, and the esteemed Raiment of Valor, and name you the new Arena Grand Champion!","좋았어! 너에게 골드와 더불어 용맹의 갑옷과 새로운 칭호를 주게 되어서 영광이야. 자, 이제 넌 새로운 그랜드 챔피언이야!",record,False,False,False,False,,
Oblivion.esm,INFO,0003B1DE,,NAM1,1,,,"You've done it! The Gray Prince was a great Orc, rest his soul and all that... but you beat him! Ha ha!  ",네가 해낸 거야! 그레이 프린스는 정말 강한 오크였어... 그런데 네가 그를 물리친 거야! ,record,False,False,False,False,,
Oblivion.esm,INFO,0003B1DE,,NAM1,2,,,"Now go! Take some time to rest! When you're feeling up to it, come talk to me again and we'll discuss your future!","자, 이제 가봐! 머리 좀 식히고 오라고! 적당히 기운 좀 풀리면 나랑 너의 미래에 대해 상의하는 거야! 하하하!",record,False,False,False,False,,
Oblivion.esm,DIAL,0003B1D6,ArenaICRaiment1,FULL,0,,,Give me the Heavy Raiment of Valor.,용맹의 중갑의류를 주시오.,record,False,False,True,False,TOPIC_CHECK,
Oblivion.esm,INFO,0003B1DD,,NAM1,0,,,"Right! Okay... It is with great honor that I present to you this gold, and the esteemed Raiment of Valor, and name you the new Arena Grand Champion!","좋았어! 너에게 골드와 더불어 용맹의 갑옷과 새로운 칭호를 주게 되어서 영광이야. 자, 이제 넌 새로운 그랜드 챔피언이야!",record,False,False,False,False,,
Oblivion.esm,INFO,0003B1DD,,NAM1,1,,,"You've done it! The Gray Prince was a great Orc, rest his soul and all that... but you beat him! Ha ha!  ",네가 해낸 거야! 그레이 프린스는 정말 강한 오크였어... 그런데 네가 그를 물리친 거야! ,record,False,False,False,False,,
Oblivion.esm,INFO,0003B1DD,,NAM1,2,,,"Now go! Take some time to rest! When you're feeling up to it, come talk to me again and we'll discuss your future!","자, 이제 가봐! 머리 좀 식히고 오라고! 적당히 기운 좀 풀리면 나랑 너의 미래에 대해 상의하는 거야! 하하하!",record,False,False,False,False,,
Oblivion.esm,DIAL,0003B3D8,NarinaCarvainTopic,FULL,0,,,Countess of Bruma,브루마(Bruma) 여백작,record,True,True,True,False,HIGH,Bruma
Oblivion.esm,INFO,0003B3F0,,NAM1,0,,,"She holds public audience in the Great Hall on weekday mornings. If you need to speak to her, that's the time to do it.",백작께서는 평일 아침에 중앙 의사당에서 주민들과 만나고 있소. 그때 오면 백작님을 만날 수 있소.,record,False,False,False,False,,
Oblivion.esm,DIAL,0003B3F9,TG04AlessiaSchedule,FULL,0,,,Finding Alessia Caro,알리시아 카로(Alessia Caro) 찾기,record,True,True,True,False,HIGH,"Alessia, Caro"
Oblivion.esm,INFO,0003B3FB,,NAM1,0,,,"Mornings she is at the town chapel. At the castle, she hosts the evening meal at eight. She retires sometime after eleven.",아침에 그녀는 마을의 성당에 계세요. 성에서는 밤 8시에 저녁을 드시죠. 11시 이후에는 잠에 드세요.,record,False,False,False,False,,
Oblivion.esm,INFO,0003B3FB,,NAM1,1,,,She travels to Chorrol on the Ides of every month. Don't even try to find her between the 15th and 17th.,"매월 15일부터 17일 사이에는 코롤로 여행을 떠나시니, 그 시기에는 그녀를 찾을 생각은 안하시는게 좋을 거예요.",record,False,False,False,False,,
Oblivion.esm,INFO,0003B3FC,,NAM1,0,,,I don't think I like that question. Are you planning something nefarious? Why don't you just go away.,나는 그런 질문을 좋아하지 않습니다. 당신은 뭔가 사악한 것을 계획하고 있습니까? 왜 그냥 가지 않습니까.,record,False,False,False,False,,
Oblivion.esm,INFO,0003B81B,,NAM1,0,,,"This is not over, Madgod. I give myself to Jyggalag. As a Priest of Order, I'll be safe. Your empire will crumble before the armies of Order.","광기의 신이여, 이걸로 끝날거라 생각 마세요. 난 지갈랙(Jyggalag)에게 몸을 맡기겠어요. 질서의 사제(Priest of Order)가 되겠어요. 당신의 세계는 정화(Order)의 군사들 앞에서 무너져내릴 거예요. ",record,True,True,False,False,HIGH,"Jyggalag, Priest, of, Order, Order"
Oblivion.esm,INFO,0003B81C,,NAM1,0,,,No! Let her go!,아니! 보내줘라! ,record,False,False,False,False,,
Oblivion.esm,INFO,0003B81D,,NAM1,0,,,Yes! That's what I'll do. I'll go. The enemy of my enemy. Order is the key. I'll keep them close.,네! 그럴거예요. 내 적의 적에게 가겠어요. 정화(Order)가 열쇠로군요. 그들을 가까이 하겠어요. ,record,True,True,False,False,HIGH,Order
Oblivion.esm,INFO,0003B81E,,NAM1,0,,,"Then go, Syl. Return to your quarters. Before I send you back in pieces.","그럼 가거라, 실(Syl). 내 친히 널 산산조각내기 전에 네가 있을 곳으로 돌아가거라. ",record,True,True,False,False,HIGH,Syl
Oblivion.esm,INFO,0003B81F,,NAM1,0,,,No. I can't do this. There has to be a way out. A way to escape.,안돼. 이럴수는 없어. 빠져나갈 길은 있을거야. 빠져나갈 길은. ,record,False,False,False,False,,
Oblivion.esm,INFO,0003B820,,NAM1,0,,,Change will preserve us! It is the lifeblood of the Isles. It will move mountains! It will mount movements!,변화가 우리를 구원할것이야! 변화는 이 섬의 생명이야! 변화는 산을 옮기고 바다를 가를 것이야!,record,False,False,False,False,,
Oblivion.esm,INFO,0003B821,,NAM1,0,,,"Order stands at our door. They've taken the Fringe! Did you even know? Do you care? And you speak of ""change""?","정화(Order)가 코앞으로 다가왔어요. 이미 섬 외곽을 휩쓸었다구요! 알기나 하세요? 관심은 있나요? 그러고도 ""변화""라는 단어를 입에 올려요? ",record,True,True,False,False,HIGH,Order
Oblivion.esm,INFO,0003B822,,NAM1,0,,,"Fool? Visionary! Change is in the air, Syl. Breathe it deep! Bathe in its scent! Bottle it up. Save some for later.","바보라고? 이 사람 지금 꿈꾸고 있구만! 지금 변화는 어디에나 있어, 실(Syl). 깊게 들이마셔 봐. 널 감싸고 있는 걸 느껴봐. 잔에 부어서 마셔도 봐봐. 나중을 위해 좀 남겨두기도 하고. ",record,True,True,False,False,HIGH,Syl
Oblivion.esm,INFO,0003B823,,NAM1,0,,,No! I see what's going on. I should have seen it before. You conspire to destroy us all! You're a fool if you think I'll allow this to happen.,싫어요! 어떻게 돌아가는지 빤히 보이는군요. 이리 될 줄 알았어야 했는데. 우리 모두를 파멸시킬 작정이죠! 내가 가만히 있을 줄 알면 당신은 바보예요. ,record,False,False,False,False,,
Oblivion.esm,INFO,0003B824,,NAM1,0,,,"Calm yourself, Syl. You're making my teeth itch. You still hold your office. I suggest you see to your duties.","닥쳐라, 실(Syl). 너 때문에 이가 다 갈리는구나. 넌 아직 공작부인이지 않느냐. 네 분수가 뭔지 생각해 보거라. ",record,True,True,False,False,HIGH,Syl
Oblivion.esm,INFO,0003B825,,NAM1,0,,,Replacing Thadon with this... outsider? This is how it ends. I should have seen this coming.,"이딴 이방인에게 테이든(Thadon)을 넘기다니요. 네, 이렇게 끝나는군요. 이리 될 줄 알았어야 했는데.",record,True,True,False,False,HIGH,Thadon
Oblivion.esm,INFO,0003B826,,NAM1,0,,,"Hold your tongue, little Duchess, or I'll tear it from your mouth.",이런 미천한 것이. 혀를 조심해 놀려라. 계속 그딴식으로 놀린다면 그 혓바닥을 입속에서 뽑아버리겠다.,record,False,False,False,False,,
Oblivion.esm,INFO,0003B83D,,NAM1,0,,,Thadon... dead? You've done this. It was you all along!,테이든(Thadon)이 죽었나요? 잘도 죽였군요. 다 당신 짓이죠! ,record,True,True,False,False,HIGH,Thadon
Oblivion.esm,DIAL,0003BE75,SEFellmoorTopic,FULL,0,,,Fellmoor,펠무어,record,False,False,True,False,TOPIC_CHECK,
Oblivion.esm,INFO,0003BE76,,NAM1,0,,,"Watch yourself while you're here. Cindanwe is out for us. She cares for nothing but work, and she keeps us as slaves! ","군이 여기에 있는 동안은 조심해 줘. Cindanwe는 암들을 요구하고 있다. 그 여자는 일 이외는 신경써버릴 않는, 암들을 노예와 같이 관리하고 있어!",record,False,True,False,False,MEDIUM,Cindanwe
Oblivion.esm,INFO,0003BE77,,NAM1,0,,,It's nice here. Lots of pests for Relan. Lots of blood.,여기는 멋져. Relan를 위한 방해자가 많이 있다. 많은 피가.,record,False,True,False,False,MEDIUM,Relan
Oblivion.esm,INFO,0003BE78,,NAM1,0,,,"We are a farming community. Nothing more. Nothing less. That is, when I can get these layabouts to actually put in a day's work.","저희들은 농업 공동체입니다. 그 이상에서도 그것 이하도 아니어요. 즉, 내가 이 게으름뱅이들을 실제로 하루의 일취인가 다투어진다는 것.",record,False,False,False,False,,
Oblivion.esm,INFO,0003BE78,,NAM1,1,,,Relan is the only one around here worth a damn. And that's only because he loves to kill his pests.,Relan는 이 근처에서 아무 가치도 없는 단순한 남자입니다. 그것은 그는 방해자를 죽이는 것을 좋아할 뿐(만큼)이니까.,record,False,True,False,False,MEDIUM,Relan
Oblivion.esm,INFO,0003BE83,,NAM1,0,,,"This looks like a farm, doesn't it? That's what they want you to think. Truth be told, these plants are monsters. They sleep... below the water.","여기는 농장같이 보일까요? 그것은 그렇게 생각하는 것을 바라고 있기 때문이야. 진실을 말하자면, 이러한 식물은 괴물이야. 그들은 자고 있는<0xA1><0xA6>물아래에서.",record,False,False,False,True,HIGH,
Oblivion.esm,INFO,0003BE83,,NAM1,1,,,"They dream terrible dreams and one day soon, they will rise up, consume us and the rest of the Shivering Isles. Get out while you can!","그들은 무서운 꿈을 꾸고 있어, 어느 날 돌연 일어서, 저희들과 Shivering Isles를 남김없이 파괴해. 지금 떠나세요!",record,False,True,False,False,MEDIUM,"Shivering, Isles"
Oblivion.esm,DIAL,0003C11E,WeeklySchedule,FULL,0,,,Weekly Schedule,주간 일정,record,False,False,True,False,TOPIC_CHECK,
Oblivion.esm,DIAL,0003C159,TrainingQuestTopic,FULL,0,,,Training,훈련,record,False,False,True,False,TOPIC_CHECK,
Oblivion.esm,INFO,000677C8,,NAM1,0,,,I've heard word of your great deeds. It's good to meet someone else striving to be known throughout the land.,"네 실력이 뛰어나단 말은 들었어, 조각하기 좋아하는 사람을 대륙에서 만나는 것은 신나는 일이지.",record,False,False,False,False,,
Oblivion.esm,INFO,000677C8,,NAM1,1,,,"We're peas in a pod, you and I. I'd be happy to offer whatever help I can.","우리는 매우 비슷해, 당신과 나. 내가 도와 줄 수 있어 매우 행복해.",record,False,False,False,False,,
Oblivion.esm,INFO,0018D885,,NAM1,0,,,"I've heard you mentioned in hushed tones. Quite the evil doer, are you? Well, what's infamy but another type of fame, after all.",나는 사람들이 너에 대해 조용히 속삭이는 걸 들었어.,record,False,False,False,False,,
Oblivion.esm,INFO,0018D885,,NAM1,1,,,"If you need to improve your skill with a Blade, I'll happily teach you what I know. Imagine how many people will talk if we're seen together?",만약 네가 검으로 네 실력을 보여주고 싶다면 난 흔쾌히 너에게 내가 아는 것들을 전해 줄 거야. 얼마나 많은 사람들이 우리의 만남에 대해서 수군댈지 생각은 해봤어?,record,False,False,False,False,,
Oblivion.esm,INFO,00062444,,NAM1,0,,,"That looks like the armor I asked for. Well done. That wasn't so hard, was it?",이 것은 내가 말했던 갑옷인것 같군. 잘 했어. 그렇게 어려운 일도 아니었지?,record,False,False,False,False,,
Oblivion.esm,INFO,00062444,,NAM1,1,,,"And now, if you need training, I'd be ever so happy to provide it.","그럼, 트레이닝이 필요하다면, 언제라도 기쁘게 해주도록 하지.",record,False,False,False,False,,
Oblivion.esm,INFO,00062449,,NAM1,0,,,"If you want training from me, you're going to have to get something for me first.","당신이 나에게 트레이닝을 받길 원한다면, 먼저 나에게 뭔가 가져오지 않으면 안됩니다.",record,False,False,False,False,,
Oblivion.esm,INFO,00062449,,NAM1,1,,,"I need a new Elven cuirass. Nothing fancy, nothing enchanted. Just a decent piece of armor. You get that for me, and I'll train you. That's the deal.",나는 새 Elven cuirass가 필요해. 화려하지도 않고 마법에 걸리지도 않은 그저 평범한 갑옷을. 네가 그걸 내게 가져다준다면 나는 너를 훈련시켜주겠어. 약속하지.,record,False,True,False,False,MEDIUM,"Elven, cuirass"
Oblivion.esm,INFO,0003C15B,,NAM1,0,,,You have the right equipment. This is good.,자넨 좋은 장비를 가지고 있군. 괜찮은걸.,record,False,False,False,False,,
Oblivion.esm,INFO,0003C15B,,NAM1,1,,,Now I can teach you properly.,"이 정도라면, 가르쳐주기에 지장이 없겠군.",record,False,False,False,False,,
Oblivion.esm,INFO,00061394,,NAM1,0,,,"You have helped to save Kvatch, or what is left of it. For that, I can do nothing less than help you spread healing throughout Cyrodiil.",당신은 크바치를 구해주었고 또한 거기에 있던 사람들을 구해주었어요. 그래서 나는 당신이 시로딜에 있는 동안 할 수 있는 최고의 치유마법을 가르쳐주는 것으로 보답하고 싶습니다.,record,False,False,False,False,,
Oblivion.esm,INFO,00061394,,NAM1,1,,,I shall offer you whatever skill I have.,나는 당신에게 내가 가진 어떤 기술이라도 모두 제공할 것입니다.,record,False,False,False,False,,
Oblivion.esm,INFO,0018D2AA,,NAM1,0,,,Look at this! How wonderful!,이것 봐! 정말 놀라운데!,record,False,False,False,False,,
Oblivion.esm,INFO,0018D2AA,,NAM1,1,,,"Simply wonderful. I'm hesitant to even open the bottles... oh, thank you for these.","확실히 환상적이군. 나는 이 병들을 따는 것이 쉽지 않다오 오, 이것들 고마워요.",record,False,False,False,False,,
Oblivion.esm,INFO,0018D2AA,,NAM1,2,,,"Now, you were after some training? I think I can accommodate you.","지금, 당신이 어떤 트레이닝을 시작할거라구요? 내가 도와드릴 수 있겠네요.",record,False,False,False,False,,
Oblivion.esm,INFO,00062330,,NAM1,0,,,"You want training, from me? Well, perhaps I can accommodate you. If you're worth the time and effort, that is. I think a little test is in order.","나에게 트레이닝을 받기 위해 왔습니까? 음, 아마 도와드릴 수 있겠군요. 당신이 시간과 노력이 있다면, 말하자면. 적합한 작은 시험이 있을 거에요.",record,False,False,False,False,,
Oblivion.esm,INFO,0003C15A,,NAM1,0,,,"You wish to learn? Hmm. You have potential, I see, but your equipment!","활의 사용방법을 가르쳐 달라고? 음, 장비한걸 보아하니 재능이 있는 것 같은데!",record,False,False,False,False,,
Oblivion.esm,INFO,0003C15A,,NAM1,1,,,"A true marksman is only as good as his bow. When you have a good, solid Elven bow, then I shall teach you what you need to know.",진짜 명사수는 활이 좋아야 해. 네가 만약 Elven bow라는 강력하고 좋은 활을 가지고 있었다면 나는 네게 필요한 것을 알려줄 수 있을텐데말이야.,record,False,True,False,False,MEDIUM,"Elven, bow"
Oblivion.esm,INFO,00061437,,NAM1,0,,,"You've got quite a past, don't you? Left some bloody trails? You tell yourself they all deserved it, right? Ha, ha.","대단한 과거를 지나왔구먼, 그렇지? 피의 흔적을 남기고서? 너는 그들의 그럴만하다고 생각하지, 맞지? 하, 하.",record,False,False,False,False,,
Oblivion.esm,INFO,00061437,,NAM1,1,,,"With a body count like that on your head, you're my kind of person. You want training? Fine by me. Be sure and put it to good use.","그냥 죽여왔다면, 당신은 아마 나와 동류일겁니다. 훈련을 원한다고? 상관없습니다. 잘 사용하도록 힘써 주세요.",record,False,False,False,False,,
Oblivion.esm,INFO,00061438,,NAM1,0,,,"If you've killed fifty people, it's still not enough for my tastes, but I might reconsider at that point.","만일 당신이 50명을 죽이고 온다면, 부족하긴 하지만 성의를 보였다고 생각하고 다시 한번 생각을 해보지.",record,False,False,False,False,,
Oblivion.esm,INFO,00061439,,NAM1,0,,,"Training? From me? Ha ha, you must be joking!","트레이닝을? 나한테? 하, 하, 농담하지마!",record,False,False,False,False,,
Oblivion.esm,INFO,00061439,,NAM1,1,,,"You think you know what it's like to really, truly wield that kind of power? Hmm?",네가 그런 종류의 힘을 실제로 발휘하는 것은 정말 어찌된 것인가를 알고 있다고? 흠?,record,False,False,False,False,,
Oblivion.esm,INFO,00061439,,NAM1,2,,,"How many people have you killed in your lifetime, eh? Not as many as I, my little friend. When we're equals, you might interest me.","지금껏 살아오면서 몇 명을 죽여봤나, 응? 나만큼은 안될 거야 꼬맹아. 만약 같다면 나에게 흥미를 줄 거야.",record,False,False,False,False,,
Oblivion.esm,INFO,0006143A,,NAM1,0,,,Look for Irene Metrick in the Imperial City. She can do some amazing things with a weapon in her hand.,임페리얼 시티에서 아이린 메트릭을 찾아봐 주십시오. 그녀는 손에 넣은 무기에 굉장한 일을 할 수 있다고 합니다.,record,False,False,False,False,,
Oblivion.esm,INFO,000C45A5,,NAM1,0,,,"A fellow Argonian. How good to see. Were you anyone else, I would require a test before offering you training, but it's one I'm sure you could pass.",아르고니안 동지여. 만나서 반갑습니다. 다른 사람이라면 훈련 전에 시험을 치러야 하지만 당신이라면 넘어가도 되겠죠.,record,False,False,False,False,,
Oblivion.esm,INFO,000C45A5,,NAM1,1,,,"I am at your service. If you need Alteration training, I am here for you.",준비는 되어있습니다. 변화마법의 훈련이 필요하다면 말해주세요.,record,False,False,False,False,,
Oblivion.esm,INFO,0018D147,,NAM1,0,,,"It is too late in the day to begin your test now. Return tomorrow before 1 PM, and we shall discuss it then.","오늘 너의 시험을 시작하기엔 너무 늦었어. 내일 오후 1시전까지 와, 그럼 그때 시험에 대해 토론하도록 하지",record,False,False,False,False,,
Oblivion.esm,INFO,00061395,,NAM1,0,,,You came all this way for training from Aerin? You must be really disappointed that she's not here.,에린에게 훈련을 받으러 오셨나보죠? 그녀가 없어서 실망하셨겠군요.,record,False,False,False,False,,
Oblivion.esm,INFO,00061395,,NAM1,1,,,"Well, I haven't ever seen her, so I guess you're out of luck there. But, if you want... I could train you. I'm pretty skilled myself.","흠, 저는 그녀를 본적이 없습니다. 아무래도 운이 나빳나 보네요. 하지만 괜찮다면... 제가 당신을 훈련시킬 수 있습니다. 저도 꽤 능숙하거든요.",record,False,False,False,False,,
Oblivion.esm,INFO,00061395,,NAM1,2,,,And I could always use the money.,단지 돈이 필요하겠지만요.,record,False,False,False,False,,
Oblivion.esm,INFO,0006139A,,NAM1,0,,,Search the mountains in the northeast of Cyrodiil for Aerin's Camp. Aerin can teach you all that you need to know.,시로딜의 북동쪽 산맥에 있는 Aerin의 캠프를 찾아보십시오. Aerin이라면 당신이 알고싶어 하는 것을 가르쳐 줄 수 있을 것 입니다.,record,False,True,False,False,MEDIUM,"Aerin, Aerin"
Oblivion.esm,INFO,0006E602,,NAM1,0,,,"The death of any helpless individual is tragic, and reprehensible when it could have been prevented. I hold you responsible.","어쩔 수 없는 개인의 죽음은 비극적입니다, 그리고 만약 당신이 그것을 막을 수 있었는데도 막지 않았다면 비난 받을만 합니다. 나는 당신에게 책임이 있다고 봅니다.",record,False,False,False,False,,
Oblivion.esm,INFO,0006E602,,NAM1,1,,,"You will receive no training from me. Not now, or ever!","당신은 내 트레이닝을 받지 못할 것입니다. 지금도, 그리고 영원히!",record,False,False,False,False,,
Oblivion.esm,INFO,00061393,,NAM1,0,,,"Well, there it is. Not the best job I've seen, but you did it.","자, 됐네. 내가 본 중 최고는 아니지만, 해내긴 했구만.",record,False,False,False,False,,
Oblivion.esm,INFO,00061393,,NAM1,1,,,"All right, I'll help you hone your technique.",좋아. 나는 너에게 테크닉 연마를 도와주지.,record,False,False,False,False,,
Oblivion.esm,INFO,00061396,,NAM1,0,,,"Well, will you look at that. Quite a bit of gold you have there... so beautiful, isn't it?","아, 당신은 이것을 잘 보고 있나요. 당신은 대단한 재산을 자기고 계시군요... 정말 아름답지 않나요?",record,False,False,False,False,,
Oblivion.esm,INFO,00061396,,NAM1,1,,,"Perhaps you are capable of being a decent trader one day. Well, with that kind of money, anyone can be, after all.","아마 당신은 상인이 될 자질이 있는 것입니다. 아, 가장 그만한 돈을 가지고 있다면, 어느 누구에게나.",record,False,False,False,False,,
Oblivion.esm,INFO,00061396,,NAM1,2,,,"I shall be happy to impart to you the knowledge I've gained over the years... for a price, of course. I wouldn't have it any other way.",나는 내가 수년에 걸쳐 배운 지식을 전해 주어 만족합니다. 물론 수업료는 있어야죠. 이런 식으로만 배울 수 있는 것입니다.,record,False,False,False,False,,
Oblivion.esm,INFO,00061397,,NAM1,0,,,"Well, you do get around, don't you? You've seen a good bit of what the world has to offer, which is more than can be said for most people.","그래, 돌아보고 왔군요.아닌가요? 세계가 보여주는 여러 가지 모습을 보았겠죠. 모두 소문 이상의 것이었겠죠.",record,False,False,False,False,,
Oblivion.esm,INFO,00061397,,NAM1,1,,,"All right, I'll teach you what I know about Athletics. Maybe we can swap stories about life on the road.",좋아요. 변이마법에 대해 내가 알고 있는 것을 가르쳐드리죠. 우리들은 아마 노상생활의 추억을 이야기하겠죠.,record,False,False,False,False,,
Oblivion.esm,INFO,00062445,,NAM1,0,,,"Ah, ten Welkynd Stones. Most useful for my research. Thank you. And now, I am at your service.","아, 열 개의 Welkynd Stones로군. 나의 연구에 가장 유용한 것이지. 고마워. 그리고 지금, 나는 당신에게 서비스해주지.",record,False,True,False,False,MEDIUM,"Welkynd, Stones"
Oblivion.esm,INFO,0018B18B,,NAM1,0,,,"Very good.... Very good indeed. The Creators shall take notice soon enough, and then they shall have me to deal with!","잘했어, 아주 잘했어. 창조주는 어서 주목하라, 내가 상대할테니!",record,False,False,False,False,,
Oblivion.esm,INFO,0018B18B,,NAM1,1,,,"You have done your part, so I shall do mine. What I know I will teach you.",할 일을 끝냈으니 나도 내 일을 해야겠지. 내가 아는건 내가 자네를 가르칠 것이라는 거다.,record,False,False,False,False,,
Oblivion.esm,INFO,0018D883,,NAM1,0,,,"You have done much to prevent the flow of Oblivion into Tamriel. The world is in your debt, and I am at your service. My knowledge is yours.",당신은 탐리엘에 오블리비언이 나타나는 것을 막는 데에 공헌했습니다. 세계는 당신에게 빚을 졌어요. 나는 당신에게 트레이닝을 해주겠어요. 내 지식은 당신의 것입니다.,record,False,False,False,False,,
Oblivion.esm,INFO,0006D7A7,,NAM1,0,,,"The barriers between worlds are weak. Close the doors to Oblivion, and then we shall speak of training.","세계 사이의 장벽이 약해졌어요. 오블리비언의 문을 닫으세요, 그리고 그때 트레이닝에 대해 이야기해봅시다.",record,False,False,False,False,,
Oblivion.esm,INFO,0018D884,,NAM1,0,,,I am impressed.,감탄했습니다.,record,False,False,False,False,,
Oblivion.esm,INFO,0018D884,,NAM1,1,,,"You have proven yourself worthy, and have earned my respect. What I know, I shall teach to you for a fee.","당신은 자신의 가치를 증명하고, 나의 존경을 얻었습니다. 제가 알고 있는 것은 약간의 돈을 낸다면 알려드리겠습니다.",record,False,False,False,False,,
Oblivion.esm,INFO,00062443,,NAM1,0,,,"You have seen the beggars. You have, I hope, used your powers of speech to raise their spirits.",당신은 거지들을 만나보셨겠지요. 당신이 한 것은 나는 당신의 연설의 힘을 사용해서 그들의 기운을 돋아준 것이라고 희망하고 있습니다.,record,False,False,False,False,,
Oblivion.esm,INFO,00062443,,NAM1,1,,,"Now I can help you to improve those powers, to help make lives better.",지금 나는 당신의 힘을 더욱 향상시킬 수 있을 겁니다. 당신을 너 낫게 만들도록 도와드리죠.,record,False,False,False,False,,
Oblivion.esm,INFO,0018BC5F,,NAM1,0,,,How very arrogant of you. To think that I would aid you out of the kindness of my heart?,정말 거만한 녀석이군. 너는 내가 진심으로 너를 친절하게 도와 줄거라 생각해?,record,False,False,False,False,,
Oblivion.esm,INFO,0018BC5F,,NAM1,1,,,"Since you are here, and since you want something, you are useful to me. Travel to Bravil, and speak with S'Krivva. She should have a message for me.",나에게 무언가를 바란다면 먼저 해줘야 할 일이 있어. 지금 당장 브라빌로 가서 스'크리바와 만나봐. 그녀가 나에게 할말이 있는 것 같으니 듣거든 나에게 다시 와서 알려달라고.,record,False,False,False,False,,
Oblivion.esm,INFO,0018BC60,,NAM1,0,,,"You must find J'baana, and learn from him.","너는 즈'바나를 찾아야 해, 그리고 그에게 배워",record,False,False,False,False,,
Oblivion.esm,INFO,0018BC61,,NAM1,0,,,Only one has a better mastery of locks than I. You need to speak to J'baana. You can find him imprisoned at the Imperial Legion headquarters.,잠금해제 기술이 나보다 뛰어난 건 당신뿐이군. 이제 즈바나에게 가서 말해보게. 그는 임페리얼 경비대 본부에 감금되어 있지.,record,False,False,False,False,,
Oblivion.esm,INFO,0018BC62,,NAM1,0,,,"If more knowledge is what you seek, you must consult J'baana. He is wise in the way of locks.","좀 더 많은 지식을 쌓고 싶다면, 즈바나에게 도움을 구해. 잠금해제 기술에 관해선 대단하니까.",record,False,False,False,False,,
Oblivion.esm,INFO,0018BC62,,NAM1,1,,,"He is a guest of the Legion, at the Legion Headquarters in Cyrodiil. Seek him there.","그는 군부대 손님으로 초청받았어, 만나고 싶다면 시로딜의 군사령부로 가보는 게 좋을 거야.",record,False,False,False,False,,
Oblivion.esm,INFO,0003C16A,,NAM1,0,,,I've told you all I can. Seek out Alawen if you wish to train further with your bow.,난 당신에게 모든 것을 말했네. 만약 활에 대해 좀 더 배우기를 원한다면 아라웬(Alawen) 밖에서 찾아보게.,record,True,True,False,False,HIGH,Alawen
Oblivion.esm,INFO,0003C15D,,NAM1,0,,,"You're very good with a bow. It's a shame I can't help you any more. If we were better friends, I might be able to give you one last piece of advice.","너는 아주 좋은 활솜씨를 가지고 있어. 나는 너를 더 이상 도울 수 없을 거야. 만약 우리가 더 친했더라면, 내가 너에게 마지막 조언을 하나 할 수 있었을 텐데 말이야.",record,False,False,False,False,,
Oblivion.esm,INFO,0018D888,,NAM1,0,,,"Training, child? You would know more about the mystic energies of the world around us?","트레이닝 말인가, 아이여? 그대는 우리를 둘러싼 세계의 신비로운 힘들에 대해 좀 더 알고 싶어하는가?",record,False,False,False,False,,
Oblivion.esm,INFO,0018D888,,NAM1,1,,,The barriers between planes are weak. Do more to strengthen them; seal the portals to Oblivion. Then we shall speak of training.,세계 사이의 장벽이 약해지고 있어요. 장벽이 다시 강해지기 위해서 오블리비언의 포탈을 봉인해야 합니다. 그리고 나서 트레이닝에 대해 이야기해봅시다.,record,False,False,False,False,,
Oblivion.esm,INFO,0006244A,,NAM1,0,,,There are still poor souls in this world that you have not spoken with. They wait for you.,이 세계에는 아직 당신이 말을 걸어보지 않은 불쌍한 영혼이 존재합니다. 그들은 당신을 기다리고 있습니다.,record,False,False,False,False,,
Oblivion.esm,INFO,0006244B,,NAM1,0,,,"You would seek to better yourself? First, I would ask that you look to the poor and the suffering around Cyrodiil.","당신은 자신이 더 강해지길 원하십니까? 그러면, 난 당신에게 시로딜 주위에 가난하고 고통 받는 자들을 봤는지 묻고 싶군요.",record,False,False,False,False,,
Oblivion.esm,INFO,0006244B,,NAM1,1,,,"Travel to all of our cities, and speak with the unfortunate souls forced to beg for change. Look into their hearts, and then look into your own.","마을 전체를 돌아다니세요, 그리고 불운한 영혼들에게 구걸하고 비세요. 그들의 마음을 들여다보고 그리고 당신 자신을 들여다보도록 하세요.",record,False,False,False,False,,
Oblivion.esm,INFO,0006244B,,NAM1,2,,,Return to me when you have spoken with all of them. Then we shall talk of training.,모든 사람들에게 말을 걸고 다시 오십시오. 그러면 우리는 당신과 트레이닝에 대해 말할 수 있을 것입니다.,record,False,False,False,False,,
Oblivion.esm,INFO,00062446,,NAM1,0,,,"Training, eh? The real question is, can you fight?","트레이닝, 하? 내가 진짜 묻고 싶은 건, 그래, 당신, 싸울 수 있나?",record,False,False,False,False,,
Oblivion.esm,INFO,00062447,,NAM1,0,,,Talk to Helvius Cecia in Bruma. He's your best bet for learning more about hand to hand combat.,브루마의 헬비우스 세시아와 이야기해 보십시오. 맨손전투에 대해서라면 그에게 배우는 것이 가장 좋을 겁니다.,record,False,False,False,False,,
Oblivion.esm,INFO,0006244E,,NAM1,0,,,"You should consider going to Bruma, and talking with Helvius Cecia. He can teach you more than... well, probably anyone.",당신은 브루마에 가서 헬비우스 세시아와 이야기 해보는 것을 고려해야 할 것 같습니다. 그는 당신을 음... 아마 누구보다 잘 가르칠 겁니다.,record,False,False,False,False,,
Oblivion.esm,INFO,00062450,,NAM1,0,,,"I can't teach you anything more. You'll need to train with the best, and the best I know of is Helvius Cecia. If you can get him to agree to it...",난 더 이상 널 가르칠 필요가 없겠어. 넌 최고의 스승이 필요해. 내가 알기로는 헬비우스 세시아(Helvius Cecia)지. 만약 니가 그에게 허락을 받는다면 말이지... ,record,True,True,False,False,HIGH,"Helvius, Cecia"
Oblivion.esm,INFO,00062450,,NAM1,1,,,He lives in Bruma. You should look for him there.,그는 브루마에서 살고 있습니다. 거기서 그를 찾아보십시오.,record,False,False,False,False,,
Oblivion.esm,INFO,00062448,,NAM1,0,,,"When you can provide me with ten Welkynd Stones, I'll provide you with training.",네가 내게 열 개의 Welkynd Stones을 가져다준다면 나는 당신을 수련시켜줄거야.,record,False,True,False,False,MEDIUM,"Welkynd, Stones"
Oblivion.esm,INFO,0006244D,,NAM1,0,,,"Hmm. A trade is in order, don't you think? My services in exchange for... oh, let's say ten Welkynd Stones. I'd say that's fair.","흠. 교환이 어때?그렇게 생각하지 않나? 내 서비스와 교환을 할 것은... 오, 열 개의 Welkynd Stones을 가져와. 그게 공평해.",record,False,True,False,False,MEDIUM,"Welkynd, Stones"
Oblivion.esm,INFO,0006244D,,NAM1,1,,,Let me know when you have them.,손에 넣게 된다면 알려주세요.,record,False,False,False,False,,
Oblivion.esm,INFO,0006244F,,NAM1,0,,,"Travel to the Arcane University, and speak with Martina Floria.","아케인 대학에 가서, 마르티나 플로리아와 얘기해보세요.",record,False,False,False,False,,
Oblivion.esm,INFO,00062455,,NAM1,0,,,Martina Floria at the Arcane University has a much better mastery of Illusion spells than I. You should travel there and speak with her.,아케인 대학의 마르티나 플로리아는 저보다 훨씬 환영마법에 숙달되어 있습니다. 거기에 가서 그녀와 얘기해보세요.,record,False,False,False,False,,
Oblivion.esm,INFO,0006245F,,NAM1,0,,,Martina Floria at the Arcane University has truly mastered Illusion spells. You should speak with her about training further.,아케인 대학의 마르티나 플로리아는 완벽하게 환영마법을 마스터했습니다. 좀 더 발전된 트레이닝에 대해서는 그녀와 얘기해보십시오.,record,False,False,False,False,,
Oblivion.esm,INFO,0006244C,,NAM1,0,,,Speak with J'bari in Leyawiin. He can teach you all that you need to know.,레이어윈에 있는 즈'바리와 얘기해보십시오. 그라면 당신이 배우지 않으면 안되는 것을 무엇이라도 알려줄 겁니다.,record,False,False,False,False,,
Oblivion.esm,INFO,00062451,,NAM1,0,,,"Head to Leyawiin, and find J'bari. He's the one you want to talk to about Light Armor training.","레이어윈에 가서, 즈'바리를 찾아보십시오. 그야말로 경갑옷 트레이닝의 이야기를 하기에 딱 맞는 사람입니다.",record,False,False,False,False,,
Oblivion.esm,INFO,00062454,,NAM1,0,,,Speak with J'bari here in town. He's good with Light Armor; far better than I.,이 마을에 있는 즈'바리와 이야기 해 보십시오. 그는 저보다 좋은 경갑옷 전문가입니다.,record,False,False,False,False,,
Oblivion.esm,INFO,00062452,,NAM1,0,,,Find Tandilwe at the Temple of the One in the Imperial City. She can train you further.,임페리얼 시티에 있는 Temple of the One에서 탄딜위를 찾아보십시오. 그녀는 당신을 좀 더 훈련시킬 수 있을 것입니다.,record,False,True,False,False,MEDIUM,"Temple, of, the, One"
Oblivion.esm,INFO,00062453,,NAM1,0,,,"Have you ever heard one of Tandilwe's sermons at the Temple of the One? Goodness, that woman knows how to orate.","Temple of the One에서 탄딜위의 연설에 대해서 들어본적 있나요? 맙소사, 그 여자가 어떻게 거드름피우며 말하는지 알고있어요.",record,False,True,False,False,MEDIUM,"Temple, of, the, One"
Oblivion.esm,INFO,00062453,,NAM1,1,,,You should consult her; I'm sure she can give you more training.,당신은 그녀에게 의견을 물어봐야 합니다; 나는 그녀가 당신을 더욱 트레이닝 시킬 수 있다는 것을 확신합니다.,record,False,False,False,False,,
Oblivion.esm,INFO,00062462,,NAM1,0,,,Tandilwe has a true mastery of the spoken word. She is the one you should speak with about more training.,탄딜위는 진정한 화술의 달인입니다. 그녀야말로 당신이 트레이닝에 대해서 이야기해야 할 사람입니다.,record,False,False,False,False,,
Oblivion.esm,INFO,00062462,,NAM1,1,,,Seek her out at the Temple of the One in the Imperial City.,임페리얼시티의 Temple of the One에서 그녀를 찾으세요.,record,False,True,False,False,MEDIUM,"Temple, of, the, One"
Oblivion.esm,INFO,00062331,,NAM1,0,,,Look for Andragil. You can find her living in Bravil.,안드라질을 찾아보는 건 어때? 그녀는 브라빌에 살고 있지.,record,False,False,False,False,,
Oblivion.esm,INFO,00062333,,NAM1,0,,,"If you need more training, you'd better head to Bravil and track down Andragil. She taught me a few things I didn't know.",만약 좀더 훈련을 하고 싶다면 브라빌로 가서 안드라질을 찾아봐. 그녀는 내게도 많은 것들을 가르쳐줬거든.,record,False,False,False,False,,
Oblivion.esm,INFO,0006233D,,NAM1,0,,,You want more training? Then you'll have to find Andragil. I learned most of what I know from her.,좀 더 트레이닝을 하고 싶다구요? 그렇다면 안드라질을 찾아보십시요. 저도 그녀에게서 대부분의 지식을 배웠으니까요.,record,False,False,False,False,,
Oblivion.esm,INFO,0006233D,,NAM1,1,,,I think she's living in Bravil these days. You should look for her there.,당신은 배우기 전에 좀더 여러 가지 일을 탐험할 필요가 있다고 생각해요. 새로운 장소를 좀더 발견하면 저를 만나려 오세요.,record,False,False,False,False,,
Oblivion.esm,INFO,0006143B,,NAM1,0,,,"You want to do as much damage as possible with an axe or a hammer? Find Irene Metrick, and talk to her.",넌 도끼나 망치의 파괴력을 원하나? 아이린 메트릭(Irene Metrick)을 찾아가서 그녀에게 말해봐.,record,True,True,False,False,HIGH,"Irene, Metrick"
Oblivion.esm,INFO,0006143B,,NAM1,1,,,"The things she did.... Well, I heard she atoned for her crimes. She might be willing to train you, I suppose.","그녀가 한 것은...음, 나는 그녀가 속죄했다고 들었어요. 그녀는 아마 당신을 이끌어 줄 겁니다, 아마도.",record,False,False,False,False,,
Oblivion.esm,INFO,0006143D,,NAM1,0,,,"I've heard tales of a woman who used a blunt weapon in horrible ways people had never seen. Irene Metrick, I think her name was. ",나는 사람들이 지금껏 들어보지도 못한 방법으로 둔기를 쓰는 그녀의 전설을 들어본 적이 있어 .이름이 아마 아이린 메트릭(Irene Metrick)이었던 거 같아.,record,True,True,False,False,HIGH,"Irene, Metrick"
Oblivion.esm,INFO,0006143D,,NAM1,1,,,"If she's not in prison, you might try searching the Imperial City for her. Maybe you can convince her to teach you what she knows.","만약 그녀가 감옥에 있지 않다면, 임페리얼 시티(Imperial City)에 가서 찾아봐. 아마도 넌 그녀가 왜 가르치려는지 납득이 될거야.",record,True,True,False,False,HIGH,"Imperial, City"
Oblivion.esm,INFO,00061398,,NAM1,0,,,"I think you still need to do some exploring before you're ready to learn more. Discover a few new places on your own, then come see me.","더 배우기 전에 다른 곳을 돌아다닐 필요가 있겠네요. 혼자서 몇 군데를 탐험하세요, 그런 다음 날 만나러 와요.",record,False,False,False,False,,
Oblivion.esm,INFO,000613A1,,NAM1,0,,,"Oh dear me, are those old stories still going around?","오 저런, 아직도 그런 옛날 이야기들을 하고들 있나요?",record,False,False,False,False,,
Oblivion.esm,INFO,000613A1,,NAM1,1,,,"Yes, I did quite a bit of traveling. Back before I met Silgor, and decided to settle down. It's all about pacing yourself.","네, 여러 곳을 여행했죠. Silgor를 만나 정착하기로 결심하기 전까지는 말이죠. 스스로 걷는 것이 전부예요.",record,False,True,False,False,MEDIUM,Silgor
Oblivion.esm,INFO,000613A1,,NAM1,2,,,"You should get out there, and experience things for yourself. Discover new places, travel to lands you've never seen.",당신은 밖으로 나가 스스로 체험해야 해요. 새로운 곳을 발견하고 새로운 땅을 여행하세요.,record,False,False,False,False,,
Oblivion.esm,INFO,000613A1,,NAM1,3,,,"Maybe once you've done that, we can talk about how to better pace yourself.",그러고 나면 우리는 당신의 걷기를 좀더 좋게 할 방법에 대해 이야기 할 수 있을 거라고 생각해요.,record,False,False,False,False,,
Oblivion.esm,INFO,000613A2,,NAM1,0,,,"You should track down Rusia Bradus in Anvil, and see if she can teach you anything more.","그럼 넌 이제 앤빌에 살고 있는 루시아 브래더스를 찾아가봐, 그리고 그녀가 네게 뭘 가르쳐줄 수 있는지 알아보라고.",record,False,False,False,False,,
Oblivion.esm,INFO,000613AA,,NAM1,0,,,"I've heard stories of a woman who traveled the world on foot before settling down somewhere in Cyrodiil... Anvil, I think it was.",저는 온 세계를 도보로 여행했던 여성의 이야기를 들은 적이 있습니다. 그녀는 정착한 곳이 Cyrodiil의... Anvil이예요.,record,False,True,False,False,MEDIUM,"Cyrodiil, Anvil"
Oblivion.esm,INFO,000613AA,,NAM1,1,,,"I believe her name was Bradus? Runia, or Rulia... something like that. If the stories are true, she might be able to train you further.",그녀의 이름이 브래더스 였던가? Runia나 Rulia... 였을 거예요. 그 이야기가 사실이라면 그녀는 당신을 더욱 훈련시킬 수 있을 거예요.,record,False,True,False,False,MEDIUM,"Runia, Rulia"
Oblivion.esm,INFO,000613AF,,NAM1,0,,,I can't teach you anything you don't already know. But there is someone who might be able to...,나는 당신이 알지 못하는 것을 가르치지 못 합니다. 하지만 누군가는 당신을 가르칠 수 있을지도... ,record,False,False,False,False,,
Oblivion.esm,INFO,000613AF,,NAM1,1,,,"You'd never know it by looking at her, but Rusia Bradus did a lot of traveling in her younger days. She must have been in pretty good shape.",지금 그녀를 보아서는 상상할 수 없을지 모르겠지만 루시아 브래더스는 젊었을 때 많은 여행했었어요. 그녀는 굉장히 건강했을 거예요.,record,False,False,False,False,,
Oblivion.esm,INFO,00061399,,NAM1,0,,,"Show me that you can raise at least ten thousand gold for a business venture, and I'll help you learn how to put it to good use.","당신이 사업 투자를 위해 적어도 1만 골드를 모아보세요, 그러면 나는 그것을 어떻게 효과적으로 운용하는가에 대해 가르쳐 드립니다.",record,False,False,False,False,,
Oblivion.esm,INFO,000613A0,,NAM1,0,,,"Training? Well, my dear, good business sense is just something that comes naturally to me.","트레이닝입니까? 음, 이런, 나의 뛰어난 비즈니스 감각은 저절로 생겨난 것입니다.",record,False,False,False,False,,
Oblivion.esm,INFO,000613A0,,NAM1,1,,,"You've got to have the know-how, or else I can't teach you anything at all. Do you have what it takes? Do you even know what it takes?","당신이 노하우를 체득해야 합니다. 그렇지 않으면, 내가 당신에게 가르치는 것은 아무것도 없습니다. 당신에게 그것이 가능합니까? 그것이 무엇인가 하는 것조차 이해하고 있습니까? ",record,False,False,False,False,,
Oblivion.esm,INFO,000613A0,,NAM1,2,,,"Gold, that's what! Septims, and lots of them! Show me that you've got the starting capital, at least ten thousand in liquid assets.","골드, 이런! Septim, 수많은! 나에게 당신이 돈을 가지고 있다는 것을... 적어도 10000골드 자산을 가지고 있다는 것을 보여주세요. ",record,False,True,False,False,MEDIUM,Septim
Oblivion.esm,INFO,000613A3,,NAM1,0,,,"Travel to the Imperial City, and speak with Palonirya.",임페리얼 시티로 여행해. 그리고 펠로니리아와 이야기해봐,record,False,False,False,False,,
Oblivion.esm,INFO,000613A9,,NAM1,0,,,"Palonirya is one of the wealthiest traders in Cyrodiil. Her shop in the Imperial City is so successful. If anyone can teach you more, she can.",펠로니리아는 시로딜에서 가장 부유한 상인중 하나지. 임페리얼 시티의 그녀의 가게는 매우 성공적이야. 만약 누군가가 너를 좀더 도울 수 있다면 그녀일 거야,record,False,False,False,False,,
Oblivion.esm,INFO,000613B2,,NAM1,0,,,"If you're looking to be the best in business, you need to learn from the best. Palonirya is one of the best, so you might try asking her.","만약 당신이 사업의 최고의 성공을 노리고 있다면, 너는 일인자에게 배울 필요가 있어. 펠로니리아가 일인자중 하나지. 네가 그녀에게 물으면 힘을 얻을 수 있을거야.",record,False,False,False,False,,
Oblivion.esm,INFO,000613B2,,NAM1,1,,,She has a very successful shop in the Market District of the Imperial City.,그녀는 임페리얼 시티의 Market District 에서 매우 성공적인 가게를 하고 있지,record,False,True,False,False,MEDIUM,"Market, District"
Oblivion.esm,INFO,0006139F,,NAM1,0,,,"If you require further training, you might consider venturing into the mountains in the north of Cyrodiil. Aerin's Camp, specifically.","좀 더 강도 높은 트레이닝을 원한다면, 시로딜 북쪽 산들을 탐험해보는 것을 생각해 봐도 좋을 겁니다.. 특히 Aerin의 캠프를요.",record,False,True,False,False,MEDIUM,Aerin
Oblivion.esm,INFO,0006139F,,NAM1,1,,,"Aerin's a very gifted acrobat, and could teach you anything you needed to know.",Aerin은 대단한 곡예재능을 가졌으니 당신이 알기 원하는 모든것을 배울수 있을겁니다.,record,False,True,False,False,MEDIUM,Aerin
Oblivion.esm,INFO,000613A4,,NAM1,0,,,"I can't teach you anything you don't already know. Aerin could, though. She's a brilliant acrobat.",제가 당신에게 가르칠 수 있는 것은 없습니다. 하지만 Aerin은 할 수 있습니다. 그녀는 대단한 곡예재능가이거든요.,record,False,True,False,False,MEDIUM,Aerin
Oblivion.esm,INFO,000613A4,,NAM1,1,,,"Last I heard, she'd set up camp in the mountains, somewhere in the northeast corner of the province. You should look for her there.",내가 마지막으로 아라웬을 본건 앤빌의 동쪽 숲 그리고 크바치의 남쪽에서였어. 네가 거길 잘 살펴본다면 그녀를 찾아낼 수 있을 거야.,record,False,False,False,False,,
Oblivion.esm,INFO,0006139B,,NAM1,0,,,"While Daedra still roam free in Kvatch, I can think of nothing else. When my city is safe, then I will train you.","크바치에서 데이드라들이 여전히 제멋대로 돌아다니는 동안, 나는 아무것도 생각할 수 없었어. 내 도시가 안전하게 되다면, 그때 나는 너를 훈련시킬 수 있을거야.",record,False,False,False,False,,
Oblivion.esm,INFO,0006139E,,NAM1,0,,,"Your courage is admirable, but now is not the time. Once Kvatch is safe from these attackers, then we might speak of training.","당신의 용기는 칭찬할 만 합니다만, 하지만 지금은 그럴 시간이 아니에요. 크바치가 공격으로부터 안전해진다면 그때 훈련에 대해 이야기해봅시다.",record,False,False,False,False,,
Oblivion.esm,INFO,000613A5,,NAM1,0,,,"Speak with Oleta, at the Chapel of Akatosh in Kvatch. She will be able to train you further.",크바치에 있는 아카토쉬성당에 가서 올리타와 얘기해봐. 그녀는 널 그 이상으로 가르칠 수 있을거야.,record,False,False,False,False,,
Oblivion.esm,INFO,000613A8,,NAM1,0,,,"Oleta was the most gifted healer I've ever known. If anyone can teach you more, she can.","올리타는 내가 알고 있는 힐러중 제일 재능 있는 힐러야. 만약 널 가르칠 수 있는 자가 있다면, 그건 바로 그녀야.",record,False,False,False,False,,
Oblivion.esm,INFO,000613A8,,NAM1,1,,,She worked in the Chapel of Akatosh in Kvatch. I haven't seen her in quite some time.,그녀는 크바치의 아카토쉬성당에서 일하고 있지. 나는 그녀가 조용히 있는걸 한번도 본적이 없어,record,False,False,False,False,,
Oblivion.esm,INFO,000613BE,,NAM1,0,,,"For advanced training, seek out Oleta. She serves Akatosh at his temple in Kvatch. She can teach you all you need to know.","보다 더 진보된 훈련을 위해서라면, 올리타를 찾아. 그녀는 크바치에 있는 아카토쉬성당에서 봉사하고 있지. 그녀는 네가 알길 원하는 모든 것을 가르쳐줄 거야.",record,False,False,False,False,,
Oblivion.esm,INFO,0006139C,,NAM1,0,,,"You don't have my coin, so you don't get any training. I haven't changed my mind.",너는 내 동전을 가지고 있지 않아. 그러므로 너는 어떤 트레이닝도 받을 수 없어. 나는 내 생각을 바꾸지 않을 거야.,record,False,False,False,False,,
Oblivion.esm,INFO,0006139D,,NAM1,0,,,Training? From me?,트레이닝을? 나한테?,record,False,False,False,False,,
Oblivion.esm,INFO,0006139D,,NAM1,1,,,"A few too many loose lips, it seems. It's not something I want to be public knowledge, if you understand my meaning.","어떤 수다 같은 놈이 떠들고 버렸군. 공개적으로 알려지는 것은 원지 않았는데, 넌 내 말이 무슨 뜻 알겠지. ",record,False,False,False,False,,
Oblivion.esm,INFO,0006139D,,NAM1,2,,,"Very well. Simple task for you. I just dropped a favorite coin of mine into my pocket. If you can steal it from me, I'll train you.",좋아 간략한 일을 주겠어 나는 내가 좋아하는 동전을 주머니에서 떨어뜨리겠어 만약 네가 그것을 나에게서 훔칠 수 있다면 나는 너를 훈련시켜줄 거야,record,False,False,False,False,,
Oblivion.esm,INFO,000613A6,,NAM1,0,,,Find Marana Rian in the Imperial City. She can teach you what you wish to know.,임페리얼 시티의 마라나 리안을 찾으세요. 그녀는 당신이 원하는 걸 알고 가르쳐줄 수 있을 겁니다.,record,False,False,False,False,,
Oblivion.esm,INFO,000613A7,,NAM1,0,,,"You want more training? Then you'll have to go to the best. Marana Rian, here in the Imperial City. She can help you better than I.","더 많은 훈련을 원하나? 그럼 임페리얼 시티의 마라나 리안에게 가 봐라, 그녀는 이 쪽에선 최고지. 나보다 더 많은 도움을 줄 것이다.",record,False,False,False,False,,
Oblivion.esm,INFO,000613C2,,NAM1,0,,,"If you need more assistance with your training, seek out Marana Rian in the Imperial City. She uses the shadows like no other I've seen.","만약 당신이 훈련을 하는데 도움이 필요하다면, 임페리얼 시티의 마라나 리안을 만나보도록 하세요. 그녀만큼 그림자를 사용하는 사람을 본적이 없어요.",record,False,False,False,False,,
Oblivion.esm,INFO,0018D886,,NAM1,0,,,"Until I hear your name spoken by others, don't expect any training from me. When you're known as a hero or a villain, I might change my mind.",당신 이름이 소문이 날 정도가 아니라면 나에게 훈련 받을 생각은 꿈에도 하지 마시오. 당신의 명성이 영웅적이든 악당적이든 간에 일단 소문난 실력으로 입소문을 타게 되면... 그 때는 내가 마음을 바꿀지도 모르지.,record,False,False,False,False,,
Oblivion.esm,INFO,0018D88B,,NAM1,0,,,Training? From me?,트레이닝을? 나한테?,record,False,False,False,False,,
Oblivion.esm,INFO,0018D88B,,NAM1,1,,,"I'm sorry, friend, but I have no idea who you are. Never heard of you. I'm afraid I don't offer training to just anyone.","미안해 친구, 근데 난 네가 누군지 정말로 모르겠거든? 너에 대해 들어 본적이 없어. 난 아무에게나 나의 기술을 전수해 주지 않거든.",record,False,False,False,False,,
Oblivion.esm,INFO,0018D88B,,NAM1,2,,,"If you were famous, perhaps... or infamous, I suppose... that might count for something. But, alas, you're not.","네가 만약 유명했다면... 아니 유명하지 않다 해도, 난 네게 뭔가를 가르쳐줬을 테지. 근데 미안하군, 넌 아냐.",record,False,False,False,False,,
Oblivion.esm,INFO,0018D2AB,,NAM1,0,,,"I certainly can't teach you anything more. But if the rumors are true, and Alix Lencolia is passing through Cyrodiil, he might be able to teach you.",나는 더 이상 당신에게 가르칠 것이 없어요. 하지만 들리는 소문에는 알릭스 링콜리아가 시로딜에 와있다고 들었어요. 그라면 당신을 더 가르쳐줄 수 있을 겁니다.,record,False,False,False,False,,
Oblivion.esm,INFO,0018D2AB,,NAM1,1,,,He'll be truly famous one day. Word already spreads about his skill... I think someone saw him at Faregyl Inn not too long ago. You should try there.,그는 언젠가 정말로 유명해질 거야. 그의 기술에 대한 소문들이 벌써 널리 퍼지고 있어. 누군가가 그를 페러길 여관(Faregyl Inn)에서 봤다고 하더군. 가보는 게 좋을 거라 생각해.,record,True,True,False,False,HIGH,"Faregyl, Inn"
Oblivion.esm,INFO,0018D2AC,,NAM1,0,,,"If you're looking to learn even more, experience is your best bet. If you want pointers, I hear that Alix Lencolia is somewhere in Cyrodiil.",더 배우고 싶다면 경험이 최고의 스승이겠지만.. 조언이나 경험자에게 훈련을 받으려면 알릭스 링콜리아에게 찾아가보시죠. 그가 시로딜로 왔다는 소문을 들었습니다.,record,False,False,False,False,,
Oblivion.esm,INFO,0018D2AC,,NAM1,1,,,"Don't tell me you've never heard of him! He's famous for his skill with a blade. And at his young age.... He'll be a legend one day, mark my words.","설마 그에 대해 들어 본 적이 없다고 말하려는 건 아니겠지? 그는 검술로써 정말 유명해. 거기다 그는 아직 어려. 그는 언젠가 전설이 될 거야, 소문에 따르자면 말이지.",record,False,False,False,False,,
Oblivion.esm,INFO,0018D2AC,,NAM1,2,,,"I heard that he was on his way to one of the Southern provinces, seeking fame and fortune. Maybe try an inn along the way, like Faregyl.","나는 그가 서쪽 지방에서 그의 방식대로 살고 있다고 들었어, 명성과 행운을 찾으며. 아마 여관을 찾아봐, 페러길(Faregyl)같은.",record,True,True,False,False,HIGH,Faregyl
Oblivion.esm,INFO,0018D887,,NAM1,0,,,"Until I see you summon a Faded Wraith here before me, you shall get no training from me.","네가 내 앞에서 Faded Wraith를 소환하여 보여주까지, 훈련 해주지 않아. ",record,False,True,False,False,MEDIUM,"Faded, Wraith"
Oblivion.esm,INFO,0018D88A,,NAM1,0,,,You would seek training from me?,나에게 트레이닝을 받기 위해 왔습니까?,record,False,False,False,False,,
Oblivion.esm,INFO,0018D88A,,NAM1,1,,,"Well, then my request is small. Prove to me that you are capable of serving Molag Bal in your own way.","그래, 그렇다면 큰 문제는 없어. 그대 나름대로 Molag Bal에 공헌할 수있는 것을 증명해주게.",record,False,True,False,False,MEDIUM,"Molag, Bal"
Oblivion.esm,INFO,0018D88A,,NAM1,2,,,"Summon a Faded Wraith right here, before me. When I have seen it with my own eyes, you shall be worthy of my teachings.","내 앞에서 Faded Wraith를 여기에 소환하여 보여주게. 그 녀석을 내가 확인되는 경우에만, 당신은 내 가르침을 받는데 적합한 사람이 될것이다. ",record,False,True,False,False,MEDIUM,"Faded, Wraith"
Oblivion.esm,INFO,0018D88C,,NAM1,0,,,Find Olyn Seran. Look for him at a Daedric Shrine; that's where he probably is.,올린 세란을 찾으세요. 아마도 그를 Daedric Shrine에서 볼 수 있을거에요.,record,False,True,False,False,MEDIUM,"Daedric, Shrine"
Oblivion.esm,INFO,0018D88F,,NAM1,0,,,"If you want to train further, you'll have to seek out someone else. There's nothing I can teach you.","만약 당신이 좀 더 트레이닝을 받고 싶다면, 당신은 다른 누군가를 찾아야 할 겁니다. 저는 더 이상 당신에게 가르칠게 없군요.",record,False,False,False,False,,
Oblivion.esm,INFO,0018D88F,,NAM1,1,,,"I've heard of a Daedra worshipper named Olyn Seran. Very powerful, and might be helpful, if you can find him.","Olyn Seran라는 Daedra 숭배의 이야기를 들은 적이 있습니다. 매우 강력한 여러분의 도움 될 것입니다, 만약 당신이 그를 찾아내는 경우에. ",record,False,True,False,False,MEDIUM,"Olyn, Seran, Daedra"
Oblivion.esm,INFO,0018D88F,,NAM1,2,,,"I heard he had to flee Morrowind, and is now hiding out in the forests of Cyrodiil. If there are other cultists out there, he's probably with them.","그가 Morrowind에서 도망 와서 Cyrodiil 숲 어딘가에 숨어있는 것으로 알고 있습니다. 만약 다른 컬트 신자가 있다면, 그 역시 그들과 함께 있을 것입니다.",record,False,True,False,False,MEDIUM,"Morrowind, Cyrodiil"
Oblivion.esm,INFO,0018D892,,NAM1,0,,,"I've heard that there's a powerful conjurer off in the woods someplace, worshipping Molag Bal. Olyn Seran, I think his name was.",Molag Bal을 숭배하는 강력한 소환자가 어딘가의 숲에 숨어 있다고 들었습니다. 이름이 Olyn Seran라고 기억하고 있습니다. ,record,False,True,False,False,MEDIUM,"Molag, Bal, Olyn, Seran"
Oblivion.esm,INFO,0018D892,,NAM1,1,,,"I personally wouldn't go looking for him myself, but you might keep it in mind if you ever run across him.","나는 그를 개인적으로 찾아 갈 수 없을 것입니다, 그러나 당신도 일단 들어 두는 편이 좋을 것입니다. 그는 우연히 만난 순간을 위해서. ",record,False,False,False,False,,
Oblivion.esm,INFO,0018D889,,NAM1,0,,,"Go to the Leyawiin Guild hall, and speak with Dagail. She can train you further.","레이어윈의 길드 홀로 가, 그리고 다게일과 말해. 그녀는 너의 수련을 도울 거야",record,False,False,False,False,,
Oblivion.esm,INFO,0018D88D,,NAM1,0,,,"If you seek additional training, I cannot help. Dagail, however, knows more than anyone in Cyrodiil. You can find her in the Leyawiin Guild hall.",만약 당신이 더 훈련을 받고 싶다고 해도 나는 도울 수 없어요. 다게일은 시로딜 안에서 누구보다도 많이 알고 있죠. 당신은 레이어윈의 길드 홀에서 그녀를 찾을 수 있을 겁니다.,record,False,False,False,False,,
Oblivion.esm,INFO,0018D88E,,NAM1,0,,,"You know as much about Mysticism as I do. If you wish to learn more, Dagail can teach you.","당신은 신비마법에 대해 나만큼 많이 알고 있어요. 만약 당신이 더 배우길 원한다면, 다게일이 당신을 가르칠 수 있을 겁니다.",record,False,False,False,False,,
Oblivion.esm,INFO,0018D88E,,NAM1,1,,,Visit her at the Leyawiin Guild hall. But be aware that she's a bit...  odd.,"레이어윈 Guild hall에 있는 그녀를 찾아가보세요. 하지만 명심할 것은, 그녀는 조금...... 이상해요.",record,False,True,False,False,MEDIUM,"Guild, hall"
Oblivion.esm,INFO,0018D2AD,,NAM1,0,,,Not until you've got those wines for me. I thought I made that clear.,와인을 가져오기 전까지는 불가능합니다. 그렇게 말했을 텐데요.,record,False,False,False,False,,
Oblivion.esm,INFO,0018D2AE,,NAM1,0,,,"Training? Oh, I'm afraid that's not my area of expertise. I'm very focused on wines right now, you see.","트레이닝? 아아, 죄송합니다만, 그런 것은 제 전문분야가 아닙니다. 지금은 와인에 몰두해 있습니다. 보시다시피 말입니다.",record,False,False,False,False,,
Oblivion.esm,INFO,0018D2AE,,NAM1,1,,,"Wonderful thing, wine. It's all about the balance. The flavor, the bouquet, the consistency... just wonderful.","정말로 굉장합니다. 와인이라는 것 말입니다. 조화로운 신의 하사품이죠. 그 향기, 그 풍미, 그 감촉.. 그저 굉장할 뿐입니다.",record,False,False,False,False,,
Oblivion.esm,INFO,0018D2AE,,NAM1,2,,,"I'm sorry, what? Training... right. I'll make you a deal: you fetch me a bottle of each of the best wines from Skingrad, and I'll think about it.","미안해요, 뭐라고 하셨죠? 트레이닝... 이었죠. 그렇담 거래를 하죠. 스킨그라드에서 최고의 와인을 각각 한 병씩 저에게 가져와주세요. 그러면 생각해보죠.",record,False,False,False,False,,
Oblivion.esm,INFO,0018D2AE,,NAM1,3,,,"Both vineyards, Tamika's and Surilie Brothers. Vintage 399. Oh, what a good year that was...","타미카와 셔릴리형제, 두 포도원의 399년산. 오, 그 얼마나 멋진 해인가... ",record,False,False,False,False,,
Oblivion.esm,INFO,0018D2AF,,NAM1,0,,,Sinderion in Skingrad is the elf you should speak with. He's a very talented Alchemist.,스킨그라드의 신데리온은 네가 꼭 이야기해봐야 할 엘프지. 그는 매우 재능 있는 연금술사야.,record,False,False,False,False,,
Oblivion.esm,INFO,0018D2B1,,NAM1,0,,,You're beyond what I can teach. You might think about consulting Sinderion; he knows more about Alchemy than I do.,당신을 능력은 내가 가르칠 단계를 넘었습니다. 신데리온에게 상담해 보세요. 그는 저보다 연금술에 대해 잘 알고 있습니다.,record,False,False,False,False,,
Oblivion.esm,INFO,0018D2B1,,NAM1,1,,,"Head to Skingrad, and visit the West Weald Inn. I believe he's currently employed there. In the wine cellar, in fact.",스킨그라드로 가서 서부의 광야 여관(West Weald Inn)을 찾아가 보세요. 그는 지금 그곳의 와인저장실에 고용되어 있을 겁니다.,record,True,True,False,False,HIGH,"West, Weald, Inn"
Oblivion.esm,INFO,0018D2B2,,NAM1,0,,,"If you're looking for further training in Alchemy, I suggest you speak with Sinderion. He's quite gifted, although slightly eccentric.",만일 좀더 연금술을 수행하고 싶다면 신데리온과 이야기해 보세요. 그는 매우 우수해요. 조금 별난 사람이지만요.,record,False,False,False,False,,
Oblivion.esm,INFO,0018D2B2,,NAM1,1,,,"I believe he's working at the West Weald Inn, over in Skingrad. I think Erina tries to keep him out of sight.",그는 스킨그라드의 서부의 광야 여관(West Weald Inn)에 일하고 있지만 에리나는 그를 사람들 눈에 띄지 않도록 하고 있을 겁니다.,record,True,True,False,False,HIGH,"West, Weald, Inn"
Oblivion.esm,INFO,0018D148,,NAM1,0,,,Are you ready to begin your test now?,시험을 시작할 준비가 되었는가?,record,False,False,False,False,,
Oblivion.esm,INFO,0018D14B,,NAM1,0,,,"We will not speak of training here. When I have settled myself in my favorite spot in the bay, then we shall talk. Follow me there, if you wish.",여기서는 아직 트레이닝이야기는 할 수 없습니다. 제가 좋아하는 장소에 도착하면 이야기를 하죠. 당신이 원한다면 그곳까지 따라 와주세요. ,record,False,False,False,False,,
Oblivion.esm,INFO,0006E605,,NAM1,0,,,"Well, here we are. If you wish to learn what I know about Alteration, then you must stay here with me for a full three hours.",좋아요. 도착했어요. 당신이 저에게서 변이마법을 배우고 싶다면 저와 함께 3시간동안 계속 여기에 머물려야 합니다.,record,False,False,False,False,,
Oblivion.esm,INFO,0006E605,,NAM1,1,,,"How you manage to do this is up to you; do not wander off, or I shall consider this test of your ability failed. Are you prepared to begin now?",어떻게 하면 해낼 수 있을지는 당신에게 달렸어요. 너무 떨어지지 마세요. 그러면 당신의 능력테스트에 실패했다고 생각할거예요. 준비되었나요?,record,False,False,False,False,,
Oblivion.esm,INFO,0018D14C,,NAM1,0,,,"Would you learn from me? Then meet me during the day, out under the waves in the bay.",저에게 배우고 싶은가요? 그럼 낮에 바닷가 바깥에 만으로 찾아오세요.,record,False,False,False,False,,
Oblivion.esm,INFO,0018D152,,NAM1,0,,,Seek out Tooth-in-the-Sea. He can train you further. ,바다 속의 이빨을 찾으세요.그가 당신을 좀 더 숙련시켜 줄 겁니다.,record,False,False,False,False,,
Oblivion.esm,INFO,0018D153,,NAM1,0,,,"Tooth-in-the-Sea can teach you more than I. Search for him north of Bravil, along the coast of Niben Bay. Or perhaps in it, depending on his mood.",Tooth-in-the-Sea는 나보다 당신을 더 가르칠 수 있을겁니다. 브라빌의 the cost of Niben Bay에서 그를 찾을 수 있을거에요. 아니면 바닷속에서 찾을 수 있을지도 몰라요. 그의 기분에 따라서요.,record,False,True,False,False,MEDIUM,"Tooth-in-the-Sea, the, cost, of, Niben, Bay"
Oblivion.esm,INFO,0018D156,,NAM1,0,,,"If you wish to learn more about Alteration, you'd be wise to consult Tooth-in-the-Sea. If you can find him, that is.","혹시 당신이 변이마법을 더 배우고 싶다면, Tooth-in-the-Sea 에게 상담하는 편이 좋을거예요. 만일 당신이 그를 찾아낸다면 말이죠. ",record,False,True,False,False,MEDIUM,Tooth-in-the-Sea
Oblivion.esm,INFO,0018D156,,NAM1,1,,,"I believe he's currently residing somewhere north of Bravil. Spends most of his time in Niben Bay, I understand. And I do mean IN Niben Bay.",나는 그가 현재 브라빌의 북쪽의 어딘가에서 살고 있다고 믿어요. 그는 Niben Bay에서 대부분의 시간을 보내고 있죠. Niben Bay 안에서 말이죠. ,record,False,True,False,False,MEDIUM,"Niben, Bay, Niben, Bay"
Oblivion.esm,INFO,0018D146,,NAM1,0,,,"We'll try again, I suppose. What does the name Hazadir mean to you?",우리는 다시 노력해야 해. Hazadir의 이름은 너에게서 무엇을 의미하지?,record,False,True,False,False,MEDIUM,Hazadir
Oblivion.esm,INFO,0018D149,,NAM1,0,,,"Mighty bold of you, asking for training. What makes you think you're worth my time?","간이 부은 놈이로구먼, 넌 네가 내 시간을 뺏을 만큼 가치 있다고 생각하고 있어. 도대체 그런 배짱은 어디서 나오는 거냐?",record,False,False,False,False,,
Oblivion.esm,INFO,0018D149,,NAM1,1,,,I bet you don't know the first thing about smithing. Have you read up on the history of the craft? I doubt it.,자네는 연마의 기초도 모르는 것 같군. 기술의 역사에 대해 읽어본 적이 있나? 그렇게 보이진 않네마는.,record,False,False,False,False,,
Oblivion.esm,INFO,0018D149,,NAM1,2,,,"You answer a simple question, and I'll think about training you. So here it is: What does the name Hazadir mean to you?",너는 이 단순한 질문에 대답해야 나는 너의 훈련에 대해서 생각해볼 거야. 그 질문은 이러하다: 너에게서 Hazadir이란 이름은 무엇을 의미하지?,record,False,True,False,False,MEDIUM,Hazadir
Oblivion.esm,INFO,0018D14A,,NAM1,0,,,You'll need to convince Gin-Wulm you're worth his time if you want further training.,긴-윔(Gin-Wulm)에게 당신이 그의 시간을 할애할만한 가치가 있는지 설득해야 해. 만약 더 트레이닝을 하고 싶다면 말이야. ,record,True,True,False,False,HIGH,Gin-Wulm
Oblivion.esm,INFO,0018D14D,,NAM1,0,,,"Much as I hate to admit it, Gin-Wulm knows more about smithing than I do. Says it's in his blood.","인정하긴 싫지만, 대장장이로서 긴-윔(Gin-Wulm)에 견줄만할 사람은 없어. 그의 피에 깃든 재능인거야. ",record,True,True,False,False,HIGH,Gin-Wulm
Oblivion.esm,INFO,0018D14D,,NAM1,1,,,"You want to be the best? Then you'd better head over to The Best Defense and talk to him. Getting him to train you will be no small feat, though.",좀더 숙달되기를 원하나요? 그렇다면 베스트 디펜스(Best Defense)에 가서 그와 이야기해보세요. 그에게는 당신을 훈련시켜도 어떤 공적도 되지 못하지만요.,record,True,True,False,False,HIGH,"Best, Defense"
Oblivion.esm,INFO,0018D14E,,NAM1,0,,,"The only way you're going to learn anything new now is by doing it yourself, or talking to Gin-Wulm. I'd suggest doing it by yourself.",뭐가 새로운 것을 배우기 위해서는 자기 스스로 해볼 수 밖에 없어요. 아니면 긴-윔(Gin-Wulm)과 이야기 해보던지요. 저는 스스로 해볼 것을 추천하지만요.,record,True,True,False,False,HIGH,Gin-Wulm
Oblivion.esm,INFO,0018D14E,,NAM1,1,,,"But if you're dead set on it, head to The Best Defense in the Imperial City. He's a smith there, and might be persuaded to train you.",그러지만 만일 막히게 된다면 임페리얼 시티의 베스트 디펜스(Best Defense)에 가보세요. 그는 그곳의 대장장이입니다. 그러니 그에게 훈련시켜 줄것을 설득해보세요.,record,True,True,False,False,HIGH,"Best, Defense"
Oblivion.esm,INFO,0018BC35,,NAM1,0,,,"Training? Goodness me, I'm retired! I'm afraid combat doesn't interest me any more. All that matters to me now is Malene.","트레이닝? 맙소사, 나는 은퇴했다네! 내게 더 이상 전투와 관련될 일은 없는것 같군. 지금 내게 중요한 것은 마를렌뿐이라오.",record,False,False,False,False,,
Oblivion.esm,INFO,0018B2F8,,NAM1,0,,,You'll have to find Pranal if you want to learn more. That's all there is to it.,"좀 더 배우고 싶다면, 프라날을 찾아보시오. 그라면 그 기술이 있을 거요.",record,False,False,False,False,,
Oblivion.esm,INFO,0018B2FC,,NAM1,0,,,"The only one who can teach you anything more about Heavy Armor is Pranal. A master gladiator back in his day, he was.",중갑옷에 대해 자네에게 좀 더 가르쳐줄 수 있는 건 프라날이오. 그는 옛날 master gladiator였소.,record,False,True,False,False,MEDIUM,"master, gladiator"
Oblivion.esm,INFO,0018B2FC,,NAM1,1,,,"I think I heard that he'd retired, and was living out his days at the old Roxey Inn here in Cyrodiil. You might try there.","그는 은퇴하고, 여기 시로딜에 있는 록시 여관(Roxey Inn)에서 여생을 보내고 있다고 들은 적이 있소.",record,True,True,False,False,HIGH,"Roxey, Inn"
Oblivion.esm,INFO,0018BC36,,NAM1,0,,,"Long ago, I learned much of what I know from a man named Pranal. An excellent teacher, he was. You should consider learning from him.","옛날 일입니다만, 저는 프라날이라고 하는 사람에게서 많은 기술을 배웠습니다. 그는 완벽한 교사였습니다. 당신도 그에게서 배울 것을 고려해보십시오.",record,False,False,False,False,,
Oblivion.esm,INFO,0018BC36,,NAM1,1,,,"I met him in Hammerfell, but I understand he moved to Cyrodiil a few years back. The Roxey Inn, I think? You should look there for him.","나는 그를 Hammerfell에서 만났었지만, 몇년 전에 시로딜로 다시 돌아왔다고 알고 있습니다. 록시 여관(Roxey Inn)입니다. 거기서 그를 볼 수 있을 겁니다.",record,True,True,False,False,HIGH,"Hammerfell, Roxey, Inn"
Oblivion.esm,INFO,0018B18C,,NAM1,0,,,You have not done that which I ask. Kill the bears and bring me their hides. Then I shall do as you ask.,"너는 내가 원하는 것을 끝내지 않았어. 곰들을 죽이고, 놈들의 피부를 내게로 가지고 와라. 그러면, 네 부탁을 들어 주마.",record,False,False,False,False,,
Oblivion.esm,INFO,0018B18D,,NAM1,0,,,"You seek training? If I were to aid you, you would first have to assist me. I would strip the Creators of their works... you will help with this.","트레이닝을 원한다고? 내가 돕길 원한다면, 먼저 당신이 나를 도와 주어야 해. 나는 그들의 생명체를 제거할 경우에 당신이 이것을 돕기를 원해.",record,False,False,False,False,,
Oblivion.esm,INFO,0018B18D,,NAM1,1,,,"Bring me 20 bear pelts, as proof that you have helped tear nature asunder. Then we shall speak of spells and teaching.",곰 가죽(Bear Pelt) 20 장을 가지고 오게. 그 놈을 찢어줬다는 증거로써 말이야. 그런 후에 스펠이나 가르침에 대해 이야기해보지.,record,True,True,False,False,HIGH,"Bear, Pelt"
Oblivion.esm,INFO,0018B18E,,NAM1,0,,,"If you want to learn more about training Destruction magic, you'll have to find Bralsa Andaren.",파괴마법에 대해서 좀 더 배우고 싶다면 브랄사 앤더린을 찾아보십시오.,record,False,False,False,False,,
Oblivion.esm,INFO,0018B18F,,NAM1,0,,,The only way you can learn more about Destruction magic now is to find Bralsa Andaren. She can train you better than anyone.,좀 더 파괴마법에 대해서 배우고 싶다면 브랄사 앤더린을 찾아보십시오. 그녀라면 누구보다도 확실히 당신을 훈련시킬 수 있을 겁니다.,record,False,False,False,False,,
Oblivion.esm,INFO,0018B18F,,NAM1,1,,,"Good luck finding her, though. The latest I heard was that she had wandered off into the wilderness, looking for a shrine to Kynareth.","그렇지만, 그녀를 찾을 수 있다면 좋겠군요. 최근 들은 이야기에 의하면 그녀는 Kynareth의 shrine를 찾아서 황야를 떠돌고 있다고 하더군요.",record,False,True,False,False,MEDIUM,"Kynareth, shrine"
Oblivion.esm,INFO,0018B190,,NAM1,0,,,You're very skilled with Destruction magic; I just don't feel comfortable talking about this with you.,"그대는 실로 파괴마법에 숙달되어 있군요. 그렇지만, 그것에 대해서 당신과 이야기할 기분이 들지 않는군요.",record,False,False,False,False,,
Oblivion.esm,INFO,0018B19A,,NAM1,0,,,"If you want to know more, there's one person I can think of to teach you, though she's a bit... odd. You'll need to find Bralsa Andaren.","만약 당신이 더욱 알기를 원한다면, 당신을 가르쳐줄 한 사람을 알고 있어요. 그녀는 유별나지만... 당신은 브랄사 앤더린을 찾아야 해요.",record,False,False,False,False,,
Oblivion.esm,INFO,0018B19A,,NAM1,1,,,"Best mage I've ever seen, but a bit eccentric. Last I heard, she had camped out at a shrine to Kynareth, and was killing wildlife for fun, I think.","내가 본 최고의 메이지지만, 약간의 기묘한 사람입니다. 내가 마지막으로 들었을 때, 그녀가 Kynareth의 shrine에서 야영을 하고 있었다고 하더군요, 내 생각에 야생 동물을 재미있게 죽이고 있었다고. ",record,False,True,False,False,MEDIUM,"Kynareth, shrine"
Oblivion.esm,INFO,0018B19B,,NAM1,0,,,"You certainly know your Destruction spells. I wish I could be of more help, but... I just don't feel comfortable talking about it.","넌 확실히 너의 파괴마법에 대해 알고 있을 거야. 난 널 더 돕고 싶지만, 하지만... 내 그것에 대해 말할 만큼 마음이 편치 않아.",record,False,False,False,False,,
Oblivion.esm,INFO,0003C169,,NAM1,0,,,You know as much as I do about the art of being a Marksman. There is only one person I know of that is more skilled.,당신은 이제 나와 동등한 실력을 가지게 됐군요. 제가 알고 있기로는 지금 우리보다 뛰어난 사람이 딱 한 명정도 있다고 알고 있어요.,record,False,False,False,False,,
Oblivion.esm,INFO,0003C169,,NAM1,1,,,I'm not sure I trust you enough to reveal any more to you.,난 당신에게 좀 더 알려줘도 되는지 모르겠어요.,record,False,False,False,False,,
Oblivion.esm,INFO,0018B191,,NAM1,0,,,I can teach you no more. But I myself learned a few tricks from a Wood Elf Hunter; I'm sure she could teach you a few things as well.,난 더 이상 당신에게 가르칠 것이 없소. 하지만.. 내가 예전에 어느 우드엘프로 부터 약간의 수업을 받은 적이 있지. 아마 그녀라면 당신에게 더 도움을 줄 수도 있을 것이오.,record,False,False,False,False,,
Oblivion.esm,INFO,0018B191,,NAM1,1,,,"Last time I saw Alawen, she was out in the forest east of Anvil, and south of Kvatch. If you look carefully, you might find her there.","내가 마지막으로 아라웬(Alawen)을 봤을때, 그녀는 앤빌의 동쪽, 크바치의 남쪽 산림에 있었어요. 조심스럽게 찾으면, 거기서 그녀를 찾을 수 있을겁니다.",record,True,True,False,False,HIGH,Alawen
Oblivion.esm,INFO,0003C16B,,NAM1,0,,,"There's only one last thing I can say about Marksman training. If you want to be the best, you have to learn from the best.",내가 당신에게 하나 말해줄 수 있는 건 단 하나! 최고의 궁수가 되고 싶다면 최고의 궁수에게 배우라는 것이지.,record,False,False,False,False,,
Oblivion.esm,INFO,0003C16B,,NAM1,1,,,"And the best I've ever seen is an Archer named Alawen. Not sure where she is now; last I heard, she had a camp east of Anvil, out in the forest.",내가 만난 여러 궁수들 가운데서도 단연 최고인 아라웬이라고 하는 궁수가 있지. 물론 그렇다고 해서 내가 그녀와 개인적인 친분이 있는 것도 아니고 어디에 사는지도 잘 몰라. 하지만 마지막으로 들은 소문으로는 그녀가 앤빌의 동쪽 숲 어딘가에서 야영을 하며 한가롭게 지내고 있다는 소문이 있지.,record,False,False,False,False,,
Oblivion.esm,DIAL,0003C16E,TGWhoAreYou,FULL,0,,,Who are you?,댁은 누구시죠?,record,False,False,True,False,TOPIC_CHECK,
Oblivion.esm,INFO,00064467,,NAM1,0,,,"I am The Stranger. That is all you need to know. That, and I am no-one to be trifled with.",나는 이방인이요. 그것이 당신이 알아야 할 전부죠. 그리고 난 하잖은 아무개 일뿐이죠.,record,False,False,False,False,,
Oblivion.esm,INFO,0003DE4F,,NAM1,0,,,The Five Claws is a very clean place. Witseidutsei wouldn't have it any other way.,"다섯 클로(Five Claws) 산장은 아주 깨끗한 곳입니다. Witseidutsei라면, 당연한 거죠.",record,True,True,False,False,HIGH,"Five, Claws, Witseidutsei"
Oblivion.esm,INFO,0003DE5D,,NAM1,0,,,Witseidutsei takes great pains to keep that place clean. She doesn't tolerate people messing it up.,Witseidutsei는 그곳을 깨끗하게 유지하기 위해서 엄청난 노력을 합니다. 그렇게 하다보니 사람들에게 관대한 편은 아니죠.,record,False,True,False,False,MEDIUM,Witseidutsei
Oblivion.esm,INFO,0003DFA1,,NAM1,0,,,"She really doesn't seem to like her sisters. Sad, really.",그녀는 자매들과 그다지 친하게 보이지 않아요. 정말 슬픈 일이죠.,record,False,False,False,False,,
Oblivion.esm,INFO,0003DFAA,,NAM1,0,,,"She seems to have real issues with her sisters. I can't imagine why. Shamada is lovely, and Shomara is very sweet.",그녀는 자매들과 무슨 큰 문제가 있는 것 같아요. 이유가 뭔지 상상이 안 돼지만. Shamada는 사랑스럽고 상냥한 사람인데요.,record,False,True,False,False,MEDIUM,Shamada
Oblivion.esm,INFO,0003DFAF,,NAM1,0,,,He has a wonderful collection of books. I don't know why he needs to act so tough all the time.,그는 정말 훌륭한 책들을 많이 가지고 있습니다. 난 왜 그가 그렇게 거칠게 행동하는지 모르겠어요.,record,False,False,False,False,,
Oblivion.esm,INFO,0003DFB6,,NAM1,0,,,"He's an aggressive one, that's for sure. Has a good book selection, though.","그는 저돌적입니다, 물론이죠. 근데 좋은 책들을 정말 많이 가지고 있어요.",record,False,False,False,False,,
Oblivion.esm,INFO,0003DFBB,,NAM1,0,,,I try not to talk to him. I don't have that kind of time.,난 그와 이야기를 안 하려고 해요. 그럴 시간이 없거든요.,record,False,False,False,False,,
Oblivion.esm,INFO,0003DFC2,,NAM1,0,,,"All day long, stories about severed heads and lopped off limbs. I can do without it.",잘려나간 팔다리와 두려움에 질린 얼굴이 나오는 이야기는 항상 기다려지는 법입니다. 하지만 난 이런 것 없이도 해낼 수 있어요.,record,False,False,False,False,,
Oblivion.esm,INFO,0003DFC7,,NAM1,0,,,"I've heard if you're in the Fighters Guild, you can learn a lot from him.",파이터 길드에 들어가면 그 사람이 많은 걸 가르쳐 준다고 들었습니다.,record,False,False,False,False,,
Oblivion.esm,INFO,0003DFCD,,NAM1,0,,,"Knowing how to use heavy armor isn't a bad idea. Kind of odd to learn it from a Bosmer, though.",중갑옷 사용법을 아는 건 좋은 생각입니다. 그래도 보스머들한테도 그런 것의 일부를 배울 수 있죠.,record,False,False,False,False,,
Oblivion.esm,INFO,0003DFD2,,NAM1,0,,,"She certainly can handle a blade. A bit of a show-off, if you ask me.","그녀는 확실히 검을 다룰 줄 압니다. 뭐, 나한테 요구한다면 조금은 보여주지요.",record,False,False,False,False,,
Oblivion.esm,INFO,0003E218,,NAM1,0,,,"She does love to show off her skill. I suppose you can learn a lot from her, though.",그녀는 자기의 기술을 보여주는 걸 좋아합니다. 그래도 내 생각엔 당신도 그녀에게 많은 걸 배울 수 있을 거에요.,record,False,False,False,False,,
Oblivion.esm,INFO,0003E255,,NAM1,0,,,"I've heard he knows more about Mysticism than almost anyone. Strange about the sheep, though.",그는 Mysticism 마법에 관한 한 그 누구보다도 잘 안다고 들었습니다. 비록 양에 대해선 낯설어 하지만.,record,False,True,False,False,MEDIUM,Mysticism
Oblivion.esm,INFO,0003E2A6,,NAM1,0,,,"I don't understand the fascination with sheep. Certainly seems to know everything about Mysticism, though.",양이 뭐 그리 매혹적 이라는지 이해가 되지 않아요. 비록 Mysticism 마법에 관한 모든 것을 안다고는 하지만 말이죠.,record,False,True,False,False,MEDIUM,Mysticism
Oblivion.esm,INFO,0003E2AB,,NAM1,0,,,I've heard he never leaves his laboratory. He's certainly dedicated to his craft.,그는 절대로 자기 연구실 밖으로 나오는 법이 없어요. 내 생각에 그는 분명 엄청난 기술 발전을 해낼 겁니다.,record,False,False,False,False,,
Oblivion.esm,INFO,0003E2AE,,NAM1,0,,,He's a very hard worker. Sometimes I wonder if he ever gets out.,그는 정말 열심히 일합니다. 난 가끔 그 사람이 밖에 아예 안나오는건지 궁금할 때가 있어요.,record,False,False,False,False,,
Oblivion.esm,INFO,0003E2B2,,NAM1,0,,,Vanashti is a frightening one. I've heard she likes the skooma a bit much.,Vanashti는 정말 무서운 사람입니다. 듣기론 그녀는 skooma를 좀 좋아하는 편이라 하더군요.,record,False,True,False,False,MEDIUM,"Vanashti, skooma"
Oblivion.esm,INFO,0003E2B6,,NAM1,0,,,I understand Vashanti has some problems with the skooma. That can't be good for her fighters.,Vashanti가 skooma의 부작용에 시달리는게 이해돼요. 파이터로서 그녀에게는 좋을 리가 없죠.,record,False,True,False,False,MEDIUM,"Vashanti, skooma"
Oblivion.esm,INFO,0003C1B9,,NAM1,0,,,"I've eaten many meals there, and I've always been satisfied.",거기서 몇번이나 식사를 했지. 실망한 적은 한번도 없어.,record,False,False,False,False,,
Oblivion.esm,INFO,0003C1BC,,NAM1,0,,,I like the Flowing Bowl. Maenlorn and his brother are excellent hosts.,나는 넘치는 술잔(Flowing Bowl)이 마음에 듭니다. Maenlorn과 그 형제는 훌륭한 가게 주인이죠.,record,True,True,False,False,HIGH,"Flowing, Bowl, Maenlorn"
Oblivion.esm,INFO,0003C1C1,,NAM1,0,,,"I enjoy a good bottle of wine, and Wilbur always has a nice selection.",좋은 와인 한 병을 즐기고 있어요. Wilbur의 선택은 항상 최고랍니다.,record,False,True,False,False,MEDIUM,Wilbur
Oblivion.esm,INFO,0003C1C2,,NAM1,0,,,I've had many good meals at the Count's Arms. I've had even more good bottles of wine there.,백작의 권력(Count's Arms)에서 여러차례 맛좋은 식사를 하고 있습니다. 거기서 좋은 와인도 마시고 있구요.,record,True,True,False,False,HIGH,"Count's, Arms"
Oblivion.esm,INFO,0003C1C8,,NAM1,0,,,"He's a nice fellow, but he couldn't even get the sign for his store spelled right.",그는 좋은 녀석이지. 하지만 자신의 가게 간판 철자도 제대로 못맞추는건 좀 그렇지.,record,False,False,False,False,,
Oblivion.esm,INFO,0003C1C9,,NAM1,0,,,"He's not the smartest man, but he's a nice guy. I just hope he can keep his business afloat.","똑똑한 사람이라고는 말할 수 없지만, 좋은 사람이죠. 단지 그가 어떻게든 장사를 잘 해나가길 바랄 뿐입니다.",record,False,False,False,False,,
Oblivion.esm,INFO,0003C1D0,,NAM1,0,,,"I've never wanted to join up, but I understand Azzan is a good man.","파이터 길드에 들어가고 싶다고는 생각하지 않지만, Azzan은 좋은 남자라고 생각해요.",record,False,True,False,False,MEDIUM,Azzan
Oblivion.esm,INFO,0003C1D1,,NAM1,0,,,"I've heard Azzan is an excellent fighter. I'm not planning on joining up, but if I did, I'd like to work for him.","Azzan은 훌륭한 전사라고 들었습니다. 파이터 길드에 들어갈 작정은 없습니다만, 만약 들어간다면 그와 함께 일하고 싶네요.",record,False,True,False,False,MEDIUM,Azzan
Oblivion.esm,INFO,0003C1D8,,NAM1,0,,,"I understand he's good, but you have to be a member of the Fighters Guild for him to train you.","그녀가 고수라고 알고 있습니다만, 파이터 길드의 멤버가 아니면 단련해 주지 않을겁니다.",record,False,False,False,False,,
Oblivion.esm,INFO,0003C1D9,,NAM1,0,,,"I don't really have any interest in learning how to use a blunt weapon, but I understand he's very good.","둔기 사용에 대한 학습에 전혀 관심은 없지만, 그녀가 고수인 것은 알고 있어.",record,False,False,False,False,,
Oblivion.esm,INFO,0003C1E0,,NAM1,0,,,"I wouldn't mind learning something, but I don't want to join the Fighters Guild to do it.","기술을 배우는게 싫은건 아닌데, 그때문에 파이터 길드에 들어가고 싶지는 않네요.",record,False,False,False,False,,
Oblivion.esm,INFO,0003C1E1,,NAM1,0,,,You can never know too much about how to handle a sword.,검 수련의 경지에는 그 한계란 없는 법이지.,record,False,False,False,False,,
Oblivion.esm,INFO,0003C1E8,,NAM1,0,,,He's quite the pugilist.,그는 한마디로 복서죠.,record,False,False,False,False,,
Oblivion.esm,INFO,0003C1E9,,NAM1,0,,,I wouldn't want to mix it up with him.,그와는 부닥치고 싶지 않습니다.,record,False,False,False,False,,
Oblivion.esm,INFO,0003C1F0,,NAM1,0,,,"A little skill with a shield can save your life. Of course, she'll only train other Fighters Guild members.","방패의 작은 기술 하나가 당신의 생명을 구할 수 있습니다. 물론, 그녀는 오직 파이터길드 회원들에게만 가르치겠죠.",record,False,False,False,False,,
Oblivion.esm,INFO,0003C1F1,,NAM1,0,,,"I know that skill with a shield can be invaluable. I don't think I want to join the Fighters Guild to learn, though.","난 방패에 관한 기술이 헤아릴 수 없는 가치가 있다는 걸 알아요. 그렇긴 하지만, 배우러 파이터길드에 가입하고 싶진 않군요. ",record,False,False,False,False,,
Oblivion.esm,INFO,0003C1F8,,NAM1,0,,,I just don't trust those mages. I especially don't trust ones who can play with your mind like that.,난 정말 그런 마법사들을 신뢰하지 않습니다. 특히 그처럼 당신의 마음을 가지고 놀 수 있는 자들을 신뢰하지 않지요.,record,False,False,False,False,,
Oblivion.esm,INFO,0003C1F9,,NAM1,0,,,"From what I know, Carahil is a powerful mage. I suppose she should be, if she's going to be in the Mages Guild.","내가 아는 한, Carahil은 강력한 마법사입니다. 그녀가 메이지길드에 있을 거라면, 그래야 한다고 생각해요.",record,False,True,False,False,MEDIUM,Carahil
Oblivion.esm,INFO,0003C200,,NAM1,0,,,"Learning a bit about alchemy would be handy, but you have to be in the Mages Guild for Felen to train you.",연금술을 조금 배우는 건 편리하겠죠. 하지만 Felen이 당신을 가르치려면 당신은 메이지길드 소속이어야만 해요.,record,False,True,False,False,MEDIUM,Felen
Oblivion.esm,INFO,0003C201,,NAM1,0,,,It might be nice to learn how to make better potions.,더 좋은 포션을 만드는 방법을 배우는 건 멋진 일이 될 수 있죠.,record,False,False,False,False,,
Oblivion.esm,INFO,0003C208,,NAM1,0,,,Those Destruction spells are dangerous. I hope the Mages Guild keeps a tight lid on that.,파괴마법 주문은 죄다 위험해. 메이지길드에서 엄격히 감독해 주었으면 좋겠어.,record,False,False,False,False,,
Oblivion.esm,INFO,0003C209,,NAM1,0,,,Destruction spells can cause a lot of damage. Knowing enough could make you a dangerous person.,파괴마법 주문은 큰 타격을 줄수 있지. 지식이 깊어질수록 당신을 보다 위험한 인간으로 만들게 되지.,record,False,False,False,False,,
Oblivion.esm,INFO,0003C218,,NAM1,0,,,I've heard that Mirabelle spends a lot of time with the sailors. A lot of personal time with them.,Mirabelle는 오랫동안 뱃사람들과 함께 보낸 적이 있다고 하네요. 상당히 개인적인 교제인듯 하네요.,record,False,True,False,False,MEDIUM,Mirabelle
Oblivion.esm,INFO,0003C219,,NAM1,0,,,I've heard a lot of stories about the Fo'c's'le. None of them good.,"선수로(Fo'c's'le)에 대해서 많은 얘기를 들었지만, 좋은 건 하나도 없더군.",record,True,True,False,False,HIGH,Fo'c's'le
Oblivion.esm,INFO,0003C220,,NAM1,0,,,"He's in great shape, that's for sure. Maybe he could teach me something about his training regimen.","그는 환상적인 몸매를 가지고 있더군, 확실히. 어쩌면 그 훈련방법을 가르쳐 줄지도 몰라.",record,False,False,False,False,,
Oblivion.esm,INFO,0003C221,,NAM1,0,,,"He's an odd one. Drinks like a fish, but runs like a rabbit.","그는 이상한 놈이야. 물고기 마냥 마셔대고, 토끼같이 잘 달리거든.",record,False,False,False,False,,
Oblivion.esm,INFO,0003C228,,NAM1,0,,,You don't see a lot of Human-Bosmer marriages. I don't know if it's even legal in Cyrodiil.,인간과 Bosmer의 결혼따위는 그리 흔한게 아니지. Cyrodiil에서 그게 합법인지 아닌지도 수상한데.,record,False,True,False,False,MEDIUM,"Bosmer, Cyrodiil"
Oblivion.esm,INFO,0003C22A,,NAM1,0,,,I don't know what would possess him to do that. Marrying a Bosmer is just wrong.,그가 어째서 그런 일에 집착했는지 모르겠어. Bosmer와 결혼이라니 한참 잘못된 거지.,record,False,True,False,False,MEDIUM,Bosmer
Oblivion.esm,INFO,0003C23F,,NAM1,0,,,Pinarus is an impressive tracker. I'd like to see if he can teach me a bit about using a bow.,Pinarus는 놀라운 사냥꾼이지. 활 다루는 방법을 내게 좀 가르쳐 줬으면 싶은데 말야.,record,False,True,False,False,MEDIUM,Pinarus
Oblivion.esm,INFO,0003C240,,NAM1,0,,,You could learn a lot from Pinarus.,Pinarus에게 많은 걸 배울 수 있을게 틀림없어.,record,False,True,False,False,MEDIUM,Pinarus
Oblivion.esm,INFO,0003C255,,NAM1,0,,,That woman is a bit off-kilter. I don't even want to know what she's got in her basement.,저 여잔 약간 상태가 좋지 않아요. 난 그녀가 지하실에 뭘 갖다 놨는지 알고 싶지도 않다니까요.,record,False,False,False,False,,
Oblivion.esm,INFO,0003C256,,NAM1,0,,,"She's a nut. Whatever's going on in that house, I don't want to know about it.","그녀는 괴짜입니다. 저 집에서 일어나는 게 무엇이든, 난 알고 싶지 않습니다.",record,False,False,False,False,,
Oblivion.esm,INFO,0003C264,,NAM1,0,,,She travels a lot to research her books. She's in great shape from all that travel. Maybe she'd teach me a bit about getting into shape.,그녀는 책을 연구하기 위해서 여행을 떠나고 있죠. 굉장히 활동적으로 돌아다니지요. 아마 그녀라면 그 체력을 손에 넣는 방법을 가르쳐 줄 수도 있을것 같은데 말이죠.,record,False,False,False,False,,
Oblivion.esm,INFO,0003C265,,NAM1,0,,,She seems like a good person to talk to. I imagine she could teach me a lot.,그녀는 이야기하는데 능숙한 사람인 것 같아요. 상상해보니 그녀에게서 제법 배울수도 있을것 같네요.,record,False,False,False,False,,
Oblivion.esm,DIAL,0003C292,MS10AnyoneWhoCares,FULL,0,,,Is there anyone who cares?,이 일을 신경쓰고 있는 사람은 있습니까?,record,False,False,True,False,TOPIC_CHECK,
Oblivion.esm,INFO,0003C29C,,NAM1,0,,,"Well, there's one man who seems to care: Garrus Darelliun, the second in command of the guard. I hear he isn't happy with Ulrich.",단 한 사람만이 이 일에 관심을 두고 있습니다. 그는 경비병중에서 두 번째로 지위가 높은 Garrus Darellien이라는 사람이죠. 저는 그가 Ulrich Leland에 대해 못마땅해 한다고 들었어요,record,False,True,False,False,MEDIUM,"Garrus, Darellien, Ulrich, Leland"
Oblivion.esm,INFO,0003C29C,,NAM1,1,,,"I don't know what you can do for us in this situation. I mean, Ulrich is the Captain after all. Perhaps you could speak to Garrus.","저는 당신이 이 상황에서 어떤 도움이 될 수 있을지 모르겠지만, Ulrich Leland가 이곳 경비병의 최고 자리에 있으니, Garrus Darellien과 이야기해보셔야 할겁니다.",record,False,True,False,False,MEDIUM,"Ulrich, Leland, Garrus, Darellien"
Oblivion.esm,INFO,0003C29C,,NAM1,2,,,You can find him roaming the County Hall of the castle most of the time.,그는 성안의 홀에서 상주하고 있으니 그곳에서 만날 수 있을 겁니다.,record,False,False,False,False,,
Oblivion.esm,DIAL,0003C293,MS10Count,FULL,0,,,What about the Count?,백작은 어떻습니까?,record,False,False,True,False,TOPIC_CHECK,
Oblivion.esm,INFO,0003C29B,,NAM1,0,,,"The Count? He could care less about our plight. As long as the roast suckling pig is delivered to his feast table, he's as happy as can be.",백작이요? 그는 우리의 불편 따위는 안중에도 없어요. 그에게 단지 잘 구운 새끼돼지가 자신의 성찬에 오르는 것보다 더 행복한 것은 없겠지요.,record,False,False,False,False,,
Oblivion.esm,DIAL,0003C294,Fines,FULL,0,,,Fines,벌금,record,False,False,True,False,TOPIC_CHECK,
Oblivion.esm,INFO,0003C295,,NAM1,0,,,"Oh, please. Don't even get me started. That madman won't be satisfied until everyone in town is dead broke... or in jail!","아, 그만둬, 듣고 싶지 않아. 마을 사람 모두가 빈털털이가 되던가... 감옥신세가 될때까지, 그 미친놈은 만족하지 않을거요!",record,False,False,False,False,,
Oblivion.esm,INFO,0003C295,,NAM1,1,,,What in Oblivion is Ulrich doing with all that money anyway? I'm sure he's lining his pockets with the gold of the good citizens of Cheydinhal.,"도대체, 그 많은 돈으로 무엇을 하는지... 이곳 선량한 시민들에게서 착취한 돈으로 자기 주머니를 채우고 있는게 분명합니다.",record,False,False,False,False,,
Oblivion.esm,INFO,0003C295,,NAM1,2,,,"Take my good friend Aldos Othran for example. In the last month, he's been fined six times! SIX! All for being drunk and disorderly.","그 예로 내 친한 친구 Aldos Othran은 지난 달, 6번이나 벌금이 부과됐소! 6번이나! 몹시 취해서 떠들어댔다는 이유만으로.",record,False,True,False,False,MEDIUM,"Aldos, Othran"
Oblivion.esm,INFO,0003C295,,NAM1,3,,,Have you ever gone past a guard barracks? When are they NOT drunk and disorderly? What kind of a stupid fine is that?,경비병의 막사로 가보셨나요? 그들이 취하지 않거나 문란하게 생활하지 않은 적이 있던가요? 이런 어처구니 없는 벌금이 어딨나요?,record,False,False,False,False,,
Oblivion.esm,INFO,0003C295,,NAM1,4,,,"Well, Aldos couldn't pay the last two fines, so they seized his home and threw him into the street until he could pay it! Bastards!","Aldos Othran가 두번의 벌금을 내지 못하자, 그들은 Aldos Othran의 집을 침범해 그를 거리로 내몰고, 벌금을 낼 때까지 집을 압수한다고 했어요!",record,False,True,False,False,MEDIUM,"Aldos, Othran, Aldos, Othran"
Oblivion.esm,INFO,0003C29A,,NAM1,0,,,"Ever since Ulrich Leland took over the Captain of the Guard post, this city's gone downhill. It's getting almost scary to walk the streets.","울리히 렐란드가 시 경비대 대장 자리에 취임한 이후, 이 도시는 완전히 하락세입니다. 거리를 걷는 것조차 무서울 지경이에요.",record,False,False,False,False,,
Oblivion.esm,INFO,0003C29A,,NAM1,1,,,"The guards have imposed new, ridiculously heavy fines for every infraction under the sun. They almost seem to make up laws just for charging fines.","시 경비대는 위반행위에 대해 새롭고, 아주 무거운 수준의 벌금을 매번 부과해 왔습니다. 마치 벌금을 부과하기 위해 법이 존재하는 것 같은 지경입니다.",record,False,False,False,False,,
Oblivion.esm,INFO,0003C29A,,NAM1,2,,,"If you can't pay the fine, they can take your property away or toss you in the castle dungeons. Nothing we can do about it really.","벌금을 체납하면, 재산을 몰수해 가거나 당사자를 성 지하 감옥에다가 처넣어 버립니다. 할 수 있는게 없습니다, 정말입니다.",record,False,False,False,False,,
Oblivion.esm,INFO,0003C29A,,NAM1,3,,,"If you're interested, go talk to Llevana Nedaren. She seems the most outspoken against Ulrich and his new fines.","혹시 더 궁금하시면, 가서 레바나 네다렌 씨를 찾아보세요. 그녀가 현재 울리히와 이 벌금 제도에 가장 비판적인 인물입니다.",record,False,False,False,False,,
Oblivion.esm,INFO,0003C2B7,,NAM1,0,,,"I'll go nowhere with you, fetcher! Nowhere!","나는 아무데도 안가, 이 멍청아! 아무데도!",record,False,False,False,False,,
Oblivion.esm,INFO,0003C2B8,,NAM1,0,,,"You've been warned. You are now under arrest. Please, come with me.",경고했습니다. 당신은 체포됩니다. 저와 함께 가시죠.,record,False,False,False,False,,
Oblivion.esm,INFO,0003C2B9,,NAM1,0,,,You s'wit! How dare you! Ulrich be damned! He can take his fine and stuff it up his backside!,네 이놈! 감히 그럴수가! Ulrich Leland 죽일 놈! 벌금도 네 놈도 사라져 버려라!,record,False,True,False,False,MEDIUM,"Ulrich, Leland"
Oblivion.esm,INFO,0003C2BA,,NAM1,0,,,"Sir, I must warn you that threatening a city guardsman is an offense punishable by a fine of no less than 50 gold. Pay or be jailed.",도시의 경비병에게 그런 협박을 한 것은 50골드 이하의 벌금을 물어야 합니다. 돈을 내던가 아님 감옥으로 가야 합니다.,record,False,False,False,False,,
Oblivion.esm,INFO,0003C2BB,,NAM1,0,,,I said move! Or by my ancestors I'll put you on the ground with a split lip!,비키라구! 조상님들의 이름으로 네 등짝을 반토막내서 땅에 박아버릴테다!,record,False,False,False,False,,
Oblivion.esm,INFO,0003C2BC,,NAM1,0,,,"Sir, this property has been seized by his lordship, the Count of Cheydinhal. Leave immediately.",이 집과 재산은 압수당하여 이 도시의 백작님 소유입니다. 당장 떠나십시오.,record,False,False,False,False,,
Oblivion.esm,INFO,0003C2CB,,NAM1,0,,,"This is my house! Get out of the way... move, I say!",이것은 내 집이야! 비키라구! 비켜!,record,False,False,False,False,,
Oblivion.esm,DIAL,0003C29E,MS10WhatAboutLLev,FULL,0,,,What about Llevana?,르바나(Llevana)는 어떻습니까?,record,True,True,True,False,HIGH,Llevana
Oblivion.esm,INFO,0003C2C4,,NAM1,0,,,"Honestly, she's never done anything to be fined or get in trouble... yet. The person I'd love to bring in as a witness is Aldos Othran.",그녀는 결코 추천할 만하지 않군요. 문제만 야기시킬 겁니다. 사람들은 증인으로서 Aldos Othran와 동행했으면 하더군요.,record,False,True,False,False,MEDIUM,"Aldos, Othran"
Oblivion.esm,INFO,0003C2C4,,NAM1,1,,,"That is, if we could sober him up for five minutes.","그러나, 그가 단 5분만이라도 취한 상태가 아니라면 가능하겠죠.",record,False,False,False,False,,
Oblivion.esm,INFO,0003C2C4,,NAM1,2,,,"I haven't approached him myself, as Ulrich has eyes everywhere. However, he doesn't know you well enough yet to suspect anything.",Ulrich Leland가 항상 나를 감시하기 때문에 저는 그에게 접근할 수가 없습니다. 하지만 당신은 Ulrich Leland에게 알려진 사람이 아니니 가능할 겁니다.,record,False,True,False,False,MEDIUM,"Ulrich, Leland, Ulrich, Leland"
Oblivion.esm,INFO,0003C2C4,,NAM1,3,,,"If you want to help, you need to get Aldos to agree to become a witness. Nothing else can be done.","저를 돕고 싶으시다면, Aldos Othran를 만나 증인으로 출석 할 것에 대해 동의를 받아 오십시오. 그것이면 충분합니다.",record,False,True,False,False,MEDIUM,"Aldos, Othran"
Oblivion.esm,DIAL,0003C29F,UlrichLelandTopic,FULL,0,,,Ulrich Leland,울리히 렐란드,record,False,False,True,False,TOPIC_CHECK,
Oblivion.esm,INFO,0003C2A6,,NAM1,0,,,"Ha! That stupid s'wit! Throw me out of my home, will he? I'll show him a thing or two about messing with an Othran!","하! 그 멍청한 머저리놈! 날 집에서 쫓아내, 엉? 오스란에게 시비를 걸면 무슨 꼴을 당하는지 똑똑히 보여주지!",record,False,False,False,False,,
Oblivion.esm,INFO,0003C2A6,,NAM1,1,,,"All I did was fall down, sure. Maybe even vomited on the floor of the tavern. Charge me six times, Ulrich... charge me you fetcher??!","저는 여관이나 선술집의 바닥에 쓰러져서 구토나 하는 게 전부입니다. 벌금을 여섯 번이나 뜯어 갔는데, 그 놈이 당신을 또 보낸 겁니까!?",record,False,False,False,False,,
Oblivion.esm,INFO,0003C2A6,,NAM1,2,,,"Well, I'm not standin' for this any more. You come with me and I'll show you what the Othrans can do when their backs are to the wall.","좋아, 이대로 당하고만 있진 않겠어. 당신 날 따라오면 오스란에게서 등을 돌린 놈들한테 내가 어떤 행동을 하는지 보여주도록 하지.",record,False,False,False,False,,
Oblivion.esm,INFO,00090E30,,NAM1,0,,,"Although your intentions were good, your actions were despicable. Murder is the lowest form of revenge, and a road I would never dare to tread.","아무리 의도가 좋았어도, 당신의 행동은 비열한 것입니다. 살인은 가장 저급한 형태의 복수죠. 전 절대로 그런 길을 걷지 않을 겁니다.",record,False,False,False,False,,
Oblivion.esm,INFO,0003C337,,NAM1,0,,,Ulrich will be spending years in the city dungeons. This should give him plenty of time to reflect on what he's done.,"Ulrich는 감옥에서 세월을 보낼 겁니다. 그가 해온 짓을 반영한, 충분히 긴 시간이 주어지겠죠.",record,False,True,False,False,MEDIUM,Ulrich
Oblivion.esm,INFO,0003C351,,NAM1,0,,,Don't be upset. I knew what I was doing the moment I asked you to lead Ulrich to me. I was fully aware of the consequences.,당황하지 마세요. 내가 당신에게 Ulrich 를 데려 오라고 했을 때 뭘 하려고 했는지 알고 있었으니까. 난 충분히 결과를 깨닫고 있었죠.,record,False,True,False,False,MEDIUM,Ulrich
Oblivion.esm,INFO,0003C351,,NAM1,1,,,"Given the opportunity, I think Ulrich would have had me killed. I'm not sorry for what I've done, but I don't wish to be revered as a hero either.","기회가 주어졌다면, Ulrich가 날 죽였겠지요. 내가 한 짓을 후회하진 않지만 영웅으로 떠받들여지고 싶진 않아요.",record,False,True,False,False,MEDIUM,Ulrich
Oblivion.esm,INFO,0003C351,,NAM1,2,,,I thank you for your help. I'm sure your conscience weighed heavily upon you as you led Ulrich to his death. You did the right thing.,"당신의 도움에 감사해요. 당신의 양심은, 당신이 Ulrich 를 죽음에 이끈 것에 대한 무거운 짐을 짊어지게 할 거라고 생각해요. 당신은 정당한 일을 한 겁니다.",record,False,True,False,False,MEDIUM,Ulrich
Oblivion.esm,INFO,0003C36D,,NAM1,0,,,"Though I'm happy that Ulrich has been removed from his post, I'm still saddened that there'll be no true retribution for Aldos.","Ulrich가 그의 자리에서 쫓겨난 것은 기쁘지만, Aldos를 위한 진정한 응보가 아닌 것 같아 여전히 슬프네요.",record,False,True,False,False,MEDIUM,"Ulrich, Aldos"
Oblivion.esm,INFO,0003C36D,,NAM1,1,,,"When I was younger, and living in Vvardenfell, my parents instilled in me the code of an-eye-for-an-eye. It's hard not to see that through.","난 어렸을 때 Vvardenfell 에서 살았어요. 내 부모님은 내게 -눈에는 눈,이에는 이- 이라는 식으로 키우셨죠. 그 같은 방식으로 보지 않는 게 힘들군요.",record,False,True,False,False,MEDIUM,Vvardenfell
Oblivion.esm,INFO,0003C36D,,NAM1,2,,,"I'm sorry, I shouldn't berate what you've done for Cheydinhal. Everyone appreciates what you did, as do I.","유감이네요, Cheydinhal을 위해 당신이 한 일을 꾸짖을 수가 없군요. 모두 당신이 한 일을 감사하고 있고, 나도 그렇답니다.",record,False,True,False,False,MEDIUM,Cheydinhal
Oblivion.esm,INFO,0003ECEF,,NAM1,0,,,Allow me to check with the Count.,백작님과 얘기해보도록 하죠.,record,False,False,False,False,,
Oblivion.esm,INFO,0003C33A,,NAM1,0,,,"You've done it! This letter will spell his undoing when I present it to Count Indarys. Splendid work, splendid work indeed!","성공하셨군요! 이 편지가 인다리스 백작님께 그의 불법행위를 증명할 것입니다. 훌륭해요, 아주 훌륭해요!",record,False,False,False,False,,
Oblivion.esm,INFO,0003C33A,,NAM1,1,,,"I must hasten to the Count and deliver this immediately. Please, meet me back at the Cheydinhal Bridge Inn in about two hours.","즉시 이 증거를 백작님께 제출하겠습니다. 2시간 뒤에 셰이딘홀 다리 여관에서 저를 다시 만나러 오십시오, 꼭입니다.",record,False,False,False,False,,
Oblivion.esm,INFO,0003C34C,,NAM1,0,,,I don't see anything here we could use to incriminate Ulrich. You must return with something more tangible. Be careful.,여기선 울리히를 고발할 만한 증거를 못 찾겠군요. 반드시 확실한 증거를 확보해 돌아와야 합니다. 조심하십시오.,record,False,False,False,False,,
Oblivion.esm,INFO,0003C350,,NAM1,0,,,"I'm very disappointed in you. The proper way to do this would have been my way, but you chose bloodshed. I should have you arrested. ","당신에게 매우 실망했습니다. 정당한 방법으로 이 일을 행하는 것이 내가 원하는 거였습니다만, 당신은 살인을 택하고 말았군요. 난 당신을 체포해야 합니다.",record,False,False,False,False,,
Oblivion.esm,INFO,0003C350,,NAM1,1,,,"However, since you aren't fully at fault, I won't report your involvement to the Count. Llevana, on the other hand, will pay for her crime.","하지만, 완전히 당신 잘못만은 아니니, 궁정에는 당신이 관여한 사실을 보고하지 않도록 하죠. 그렇지만, 레바나는 법의 심판을 받을 것입니다.",record,False,False,False,False,,
Oblivion.esm,INFO,0003C350,,NAM1,2,,,"I'll ensure that her stay in jail is not long. Obviously, I had no love for Ulrich, so I'll do what I can on her behalf.","그녀가 감옥에서 오래 있진 않도록 하겠습니다. 확실히, 전 울리히가 마음에 안 드니, 그녀의 편에서 최선을 다해 보도록 하죠.",record,False,False,False,False,,
Oblivion.esm,INFO,0003C350,,NAM1,3,,,"Now, if you'll excuse me, I must speak to the Count. Please, meet me at the Cheydinhal Bridge Inn in two hours.","자, 이만 실례하죠. 백작님과 얘기해야 합니다. 2시간 뒤에 셰이딘홀 다리 여관에서 뵙도록 하겠습니다.",record,False,False,False,False,,
Oblivion.esm,INFO,0003C2A7,,NAM1,0,,,Llevana has always been quick tempered. You must reconsider her plan. It can only lead to prison for her... and for you.,울리히는 반드시 대가를 치를 겁니다! 이 문제는 신중하게 접근해서 백작님께 그를 체포해야 할 필요성을 증명해야 합니다.,record,False,False,False,False,,
Oblivion.esm,INFO,0003C2A7,,NAM1,1,,,I swear that Ulrich will pay for this. We must handle this carefully and prove to the Count that he needs to be arrested.,울리히가 반드시 대가를 치르게 하겠어. 신중하게 처리해서 그를 체포해야 한다는 걸 백작에게 증명해야 해.,record,False,False,False,False,,
Oblivion.esm,INFO,0003C2A7,,NAM1,2,,,"Ulrich has been watching me, so I haven't been able to enact the plan I devised to bring him down. That ends today now that you're here.",Ulrich는 언제나 나를 주시하고 있습니다. 그래서 나는 그를 퇴출시킬 그 어떤 계획도 꾸밀 수 없습니다. 하지만 그것은 오늘로 끝입니다. 당신이 있으니까요.,record,False,True,False,False,MEDIUM,Ulrich
Oblivion.esm,INFO,0003C2A7,,NAM1,3,,,The evidence we need to incriminate Ulrich must lie within his quarters. You must sneak in there and retrieve it without being seen.,울리히의 범죄를 고발할 증거는 분명 그의 집무실에 있을 겁니다. 절대 들키지 말고 거기서 그 증거를 회수하셔야 합니다.,record,False,False,False,False,,
Oblivion.esm,INFO,0003C2A7,,NAM1,4,,,"If you're caught, there isn't anything I can do to help you. Just be careful.",잡히면 내가 도와줄 수 있는 건 없어. 조심해.,record,False,False,False,False,,
Oblivion.esm,INFO,0003C2AC,,NAM1,0,,,"Beware of Ulrich. I wouldn't confront him at this time, as he'll surely have you thrown in jail.",울리히를 조심하세요. 현재로써는 그가 당신을 감옥에 가두어도 제가 할 수 있는게 없습니다.,record,False,False,False,False,,
Oblivion.esm,INFO,0003C2AC,,NAM1,1,,,"If you raise a hand against him and strike him down, you'll be accused of murder. Even if Ulrich doesn't do things by the letter of the law, I do.","당신이 그에게 대항해서 그를 죽인다면, 당신은 살인죄로 고발될 겁니다. 울리히가 법대로 하지 않는다면 저는 법대로 할 겁니다.",record,False,False,False,False,,
Oblivion.esm,INFO,0003C2AE,,NAM1,0,,,"It appears you've spoken to Llevana. I know she sounds a bit like a raving madwoman, but she isn't far from the truth.","레바나와 얘기하고 오신 것 같군요. 가끔 미치광이처럼 들릴 말을 한다는 건 잘 알지만, 사실 그녀가 그렇게 틀린 것도 아닙니다.",record,False,False,False,False,,
Oblivion.esm,INFO,0003C2AE,,NAM1,1,,,"Ulrich is definitely up to something. Every day, we take in exorbitant fines from the people. Where most of that money goes, I have a good idea.","Ulrich Leland는 확실히 무엇인가를 위해 일을 벌리고 있소. 매일 같이 엄청나게 터무니 없는 벌금을 사람들로부터 뜯어 내고 있지만, 그 돈은 어디론가 사라지고 있습니다. 내게 좋은 생각이 있어요.. ",record,False,True,False,False,MEDIUM,"Ulrich, Leland"
Oblivion.esm,INFO,0003C2AE,,NAM1,2,,,"Ulrich keeps his quarters locked, but I've glimpsed inside. The things he has in there could never be purchased on a Captain's salary.","울리히는 항상 자기 집무실을 잠그고 다니는데, 제가 어느 날 안을 들여다 봤습니다. 경비 대장의 봉급만 가지고는 절대 살 수 없는 물건들이 있었죠.",record,False,False,False,False,,
Oblivion.esm,INFO,0003C2AE,,NAM1,3,,,"At first I thought maybe he was from wealthy stock, but many of the goods have been delivered recently.",처음에 전 그저 저축을 잘 해서 구매했겠거니 했습니다. 그런데 그 많은 물건들이 최근에 배달되었단 걸 알아냈죠.,record,False,False,False,False,,
Oblivion.esm,INFO,0003C2AE,,NAM1,4,,,"I'd love to bring him to task in front of Count Indarys, but I dare not without a solid witness that will speak against him.","사실 그를 인다리스 백작님 앞에 정말 세우고 싶긴 하지만, 그 위법행위를 증명할 확실한 증거도 없이 그럴 수는 없습니다.",record,False,False,False,False,,
Oblivion.esm,INFO,0003C2B0,,NAM1,0,,,I can't say I'm prepared to speak to you about that. No telling who will end up finding out.,솔직히 당장 이 일을 처리할 준비가 다 됐다고 말씀드리긴 어렵습니다. 누군가 나서긴 해야 하지만요.,record,False,False,False,False,,
Oblivion.esm,INFO,0003C37D,,NAM1,0,,,Justice has been done. Go tell Garrus what's transpired here. I await my fate.,정의는 실현되었습니다. 가서 개러스 씨에게 이곳의 일을 알리세요. 운명을 기다리고 있겠습니다.,record,False,False,False,False,,
Oblivion.esm,INFO,0003C2B4,,NAM1,0,,,I'll deal with him soon enough.,조만간 그에 대한 건 제가 처리하겠습니다.,record,False,False,False,False,,
Oblivion.esm,INFO,0003C2C3,,NAM1,0,,,"I don't know where the Count found him, but I sure wish he'd send him back. He's a menace to this town.",백작님이 그 놈을 어디서 찾았는지 모르지만 되돌려 보낼게 분명합니다. 그는 마을의 골칫덩이니까요.,record,False,False,False,False,,
Oblivion.esm,DIAL,0003C2A0,AldosOthranTopic,FULL,0,,,Aldos Othran,알도스 오스란,record,False,False,True,False,TOPIC_CHECK,
Oblivion.esm,INFO,0003C3B1,,NAM1,0,,,"You saw what happened, I had no choice. Aldos attacked first, and I had to defend myself.","당신도 봤겠죠. 선택의 여지가 없었습니다. 알도스가 먼저 공격했고, 전 정당방위였습니다.",record,False,False,False,False,,
Oblivion.esm,INFO,0003C3B1,,NAM1,1,,,"If you don't like it, take it up with Ulrich.","당신도 이렇게 되기 싫다면, 울리히를 거스르지 않는 게 좋을 겁니다.",record,False,False,False,False,,
Oblivion.esm,INFO,0003C2A8,,NAM1,0,,,"Aldos will be mourned. I won't sit by and watch the innocent being driven to the brink like that. Something must be done, but without bloodshed.","알도스의 죽음에 애도합니다. 무고한 시민들이 이런 식으로 벼랑 끝까지 몰리는 꼴을 더는 두고만 보지 않겠습니다. 조처를 취하긴 하겠지만, 쓸데없는 유혈은 있어선 안됩니다.",record,False,False,False,False,,
Oblivion.esm,INFO,0003C2AA,,NAM1,0,,,"Damn. I was afraid this might happen. Poor Dunmer. Please, go tell Llevana the sad news. I must ponder the situation.","젠장할. 이런 일이 벌어질까 걱정했었죠. 불쌍한 던머. 부디, 레바나에게 이 비보를 전해 주십시오. 전 이 상황을 예의주시하고 있겠습니다.",record,False,False,False,False,,
Oblivion.esm,INFO,0003C2AB,,NAM1,0,,,Make haste! Find him quickly... no telling what mischief he may get himself into and we need him as a witness!,어서요! 그를 빨리 찾아야 합니다... 그가 증인으로서 필요한데 무슨 일에 휘말리게 될지 알 수가 없습니다!,record,False,False,False,False,,
Oblivion.esm,INFO,0003C2B1,,NAM1,0,,,"Aldos is living on the street now that his house has been seized. I begged Ulrich to give him more time, but he wouldn't.","지금 집이 압류되는 바람에 알도스는 길거리에서 살고 있습니다. 제가 시간을 더 달라고 울리히한테 사정했지만, 듣지도 않더군요.",record,False,False,False,False,,
Oblivion.esm,INFO,0003C2B1,,NAM1,1,,,"He won't be hard to find, just follow the smell of stale mead.",그를 찾는게 어렵진 않을 겁니다. 푹 절은 벌꿀술 냄새만 따라가시면 되니까요.,record,False,False,False,False,,
Oblivion.esm,INFO,0003C2B2,,NAM1,0,,,I'll make the necessary arrangements for his burial. He'll be buried next to his poor wife.,제가 장례 절차를 준비하도록 하죠. 그의 불쌍한 아내 곁에 묻히게 될 겁니다.,record,False,False,False,False,,
Oblivion.esm,INFO,0003C2B5,,NAM1,0,,,"Oh no! They killed him? I can't believe this! Ever since his wife passed at the hands of the bandits, his life has been miserable.","오 이런! 그놈들이 그를 죽였나요? 믿기지가 않는군요! 도적놈들한테 아내를 잃게 된 이후로, 그의 삶은 항상 불행했죠.",record,False,False,False,False,,
Oblivion.esm,INFO,0003C2B5,,NAM1,1,,,"I'd grown to become fond of him. I wanted to take him into my house, but I was afraid. And now look what's become of him.",더 이상 다른 선택지가 없군요. 울리히는 대가를 치러야 합니다. 말보다 행동이 더 위력적인 법이죠. 절 위해 일을 하나 해 주셔야겠습니다.,record,False,False,False,False,,
Oblivion.esm,INFO,0003C2B5,,NAM1,2,,,"There are no more options left. Ulrich must be dealt with, and actions speak louder than words. You must do something for me.","전 그를 좋아하게 되었죠. 제 집에서 그를 살게 하려고 했지만, 너무 두려웠어요. 그 결과가 이렇게 되었네요.",record,False,False,False,False,,
Oblivion.esm,INFO,0003C2B5,,NAM1,3,,,"Go tell Ulrich that I have some information that incriminates him. Tell him to come alone, or he won't get it.","울리히에게 가셔서 그를 고발하려는 정보를 제가 갖고 있다 전해주세요. 반드시 혼자 와야 한다 전하시고, 그렇지 않으면 정보는 얻을 수 없다 말씀하십시오.",record,False,False,False,False,,
Oblivion.esm,INFO,0003C2B5,,NAM1,4,,,"Then, lead him here, and I'll do the rest.","그런 다음, 그를 이리로 데려 오십시오. 나머진 제가 알아서 하겠습니다.",record,False,False,False,False,,
Oblivion.esm,INFO,0003C2BD,,NAM1,0,,,Oh my! You better find him and see what he's doing! Hurry!,이런! 어서 그를 찾아서 뭘 하는지 아셔야 합니다! 서둘러요!,record,False,False,False,False,,
Oblivion.esm,INFO,0003C2C2,,NAM1,0,,,"Poor fellow. You may be able to find him roaming the streets of Cheydinhal, probably drunk. Only a month ago, he lost his wife.","불쌍한 친구. 당신은 Cheydinhal의 거리를 배회하는 그를 찾을 수 있을 지도 모릅니다, 대개 술에 취한 상태죠. 한 달전쯤 그는 그의 아내를 잃었답니다.",record,False,True,False,False,MEDIUM,Cheydinhal
Oblivion.esm,INFO,0003C2C2,,NAM1,1,,,They were traveling the road from the Imperial City when a bandit raiding party struck. He barely escaped alive.,한 무리의 산적들이 습격했을 때 그들은 임페리얼 시티에서 도로를 따라 여행 중이었죠. 그는 간신히 살아남아 탈출했어요.,record,False,False,False,False,,
Oblivion.esm,INFO,0003C2C2,,NAM1,2,,,"Ever since then, he's been drunk. Sure, he gets rowdy sometimes, but he's never hurt anyone.","그때 이후로, 그는 술독에 빠져 지냅니다. 확실히, 때때로 난폭해지기는 하지만 그는 결코 어느 누구도 다치게 하지는 않아요.",record,False,False,False,False,,
Oblivion.esm,INFO,0003C371,,NAM1,0,,,"As you wish, Ulrich. Come my lovelies! Your feast has arrived!","네가 바라던 거다, Ulrich. 나오렴, 내 사랑하는 것들아! 너희들의 축제가 시작됐단다!",record,False,True,False,False,MEDIUM,Ulrich
Oblivion.esm,INFO,0003C372,,NAM1,0,,,"I'm not going to stand here and debate this all night. You give me that evidence, and I'll consider not having you executed.",밤새 여기서 이 따위 토론할 생각은 없어. 증거를 넘겨라. 그러면 널 처벌하지 않는 것에 대해서 생각해보도록 하지.,record,False,False,False,False,,
Oblivion.esm,INFO,0003C373,,NAM1,0,,,"You bastard! How many more people are going to ""pay the price""? How many more have to die just so you can earn another gold coin?","개 같은 자식! 얼마나 더 많은 사람들이 ""희생""을 해야 하지? 얼마나 더 많은 사람들이 단지 네놈이 한 푼이라도 더 모으는 걸 위해 죽어야만 하냐고?",record,False,False,False,False,,
Oblivion.esm,INFO,0003C374,,NAM1,0,,,"Aldos was a drunkard and a fool. He decided to draw a blade and attack a guard, so he paid the price.",Aldos 는 주정뱅이에 바보였어. 검을 빼들고 경비병을 공격했지. 그래서 그에 대한 대가를 받은 거야.,record,False,True,False,False,MEDIUM,Aldos
Oblivion.esm,INFO,0003C375,,NAM1,0,,,Just because you run the law in this town doesn't put you above it. You're going to pay for what happened to Aldos.,네가 이 도시에서 법을 집행한다고 해서 네가 법 위에 있는 게 아냐. 넌 Aldos에게 일어난 일에 대한 대가를 치루어야 해.,record,False,True,False,False,MEDIUM,Aldos
Oblivion.esm,INFO,0003C376,,NAM1,0,,,Of course I know what's going on. What intrigues me is that you had the nerve to threaten me. I'm just curious to see what you've come up with.,"물론 무슨 일인지 알고 있지. 네가 뻔뻔하게도 날 협박했던 게, 내게 어떤 흥미를 자아 내거든. 네가 뭘 제공할 지 정말 궁금하군 그래.",record,False,False,False,False,,
Oblivion.esm,INFO,0003C377,,NAM1,0,,,"Ulrich, how dare you walk in here like you don't know what's going on.","Ulrich, 무슨 일인지도 모르고 감히 잘도 여기에 왔구나.",record,False,True,False,False,MEDIUM,Ulrich
Oblivion.esm,INFO,0003C37B,,NAM1,0,,,"So, Llevana, I hear you have something I'd want to see?","그래, Llevana, 내가 듣고 싶은 걸 갖고 있다고 들었는데?",record,False,True,False,False,MEDIUM,Llevana
Oblivion.esm,DIAL,0003C333,MS10FollowMe,FULL,0,,,Follow Me,나를 따라오시오,record,False,False,True,False,TOPIC_CHECK,
Oblivion.esm,INFO,0003C379,,NAM1,0,,,"So, you say Llevana wishes to see me? Very well, lead on. This should prove amusing.","그래서, Llevana가 나를 만나라고 합디까? 좋습니다. 앞장 서세요. 이거 재미있게 됐군요.",record,False,True,False,False,MEDIUM,Llevana
Oblivion.esm,INFO,0003C41E,,NAM1,0,,,Look out!,조심해!,record,False,False,False,False,,
Oblivion.esm,INFO,0003C41F,,NAM1,0,,,Here comes another one!,다른 녀석이 오고 있어!,record,False,False,False,False,,
Oblivion.esm,INFO,0003C420,,NAM1,0,,,Stay sharp!,방심하지 마!,record,False,False,False,False,,
Oblivion.esm,INFO,0003C421,,NAM1,0,,,I've got that one!,한 놈 잡았어!,record,False,False,False,False,,
Oblivion.esm,INFO,000817C1,,NAM1,0,,,For Uriel Septim!,유리엘 셉팀(Uriel Septim)을 위하여!,record,True,True,False,False,HIGH,"Uriel, Septim"
Oblivion.esm,INFO,000817C2,,NAM1,0,,,This one's mine!,내가 맡겠어!,record,False,False,False,False,,
Oblivion.esm,INFO,000817C3,,NAM1,0,,,Look out!,조심해!,record,False,False,False,False,,
Oblivion.esm,INFO,000817C4,,NAM1,0,,,Over here!,이쪽이야!,record,False,False,False,False,,
Oblivion.esm,INFO,000817C5,,NAM1,0,,,Get my back!,내 뒤로 와!,record,False,False,False,False,,
Oblivion.esm,INFO,000817C6,,NAM1,0,,,Stick together!,떨어지지 마!,record,False,False,False,False,,
Oblivion.esm,DIAL,0003C7FD,MQ15ForbiddenGrotto,FULL,0,,,Forbidden Grotto,금단의 동굴,record,False,False,True,False,TOPIC_CHECK,
Oblivion.esm,INFO,0003C80F,,NAM1,0,,,The one path from the Savage Garden is through the Forbidden Grotto.,야만의 정원을 빠져나가는 길은 오직 금단의 동굴을 통하는 것 뿐이다.,record,False,False,False,False,,
Oblivion.esm,INFO,0003C80F,,NAM1,1,,,Only those few wearing the Bands of the Chosen are allowed to leave the Garden.,선택 받은 자의 밴드를 찬 자들만 정원을 벗어날 수 있다.,record,False,False,False,False,,
Oblivion.esm,INFO,00047360,,NAM1,0,,,The Forbidden Grotto is the only way out of the Savage Garden.,금단의 동굴은 야생의 정원의 유일한 출구요.,record,False,False,False,False,,
Oblivion.esm,INFO,00047360,,NAM1,1,,,Those who earn the Master's favor are given the Bands of the Chosen and allowed to leave the Garden.,마스터의 인정을 받은 사람만이 선택 받은 자의 밴드를 받고 정원을 떠나는 것이 허락되오.,record,False,False,False,False,,
Oblivion.esm,INFO,00047361,,NAM1,0,,,The only way out of the Savage Garden.,야생의 정원의 유일한 출구요.,record,False,False,False,False,,
Oblivion.esm,INFO,00047361,,NAM1,1,,,"Only those wearing the Bands of the Chosen may enter the Forbidden Grotto. But they never return, so we don't know what fate awaits them.","선택 받은 자의 밴드를 찬 사람만이 금단의 동굴에 들어갈 수 있소. 하지만 그곳에 들어간 사람은 아무도 돌아오지 않았고, 그곳에 어떤 운명이 기다리고 있는지 알 길이 없소.",record,False,False,False,False,,
Oblivion.esm,DIAL,0003C7FE,MQ15BandsOfChosen,FULL,0,,,Bands of the Chosen,선민의 팔찌(Bands of the Chosen),record,True,True,True,False,HIGH,"Bands, of, the, Chosen"
Oblivion.esm,INFO,0003C80E,,NAM1,0,,,"At Mankar Camoran's command, a favored few are given the Bands of the Chosen and may leave the Savage Garden.","맨카 케모런의 명령으로, 특별히 몇 명만 야생의 정원을 빠져나갈 수 있는 선택 받은 자의 밴드를 받았다.",record,False,False,False,False,,
Oblivion.esm,INFO,0003C80E,,NAM1,1,,,You cannot pass through the door to the Forbidden Grotto unless you wear the Bands.,밴드를 착용하지 않고선 금단의 동굴로 가는 문을 통과할 수가 없다.,record,False,False,False,False,,
Oblivion.esm,INFO,0003CD22,,NAM1,0,,,"Those bracers you're wearing ... that's what we put on the prisoners here. It prevents them from escaping, and makes them easy to control.","당신이 차고 있는 밴드... 그건 이곳의 죄수들이 차는 것이오. 죄수들의 탈옥을 막고, 다루기 쉽도록 채우고 있소.",record,False,False,False,False,,
Oblivion.esm,INFO,0003CD22,,NAM1,1,,,"I can get them off you, but I'll need some time.","그걸 벗겨주겠소, 하지만 시간이 좀 걸릴 것이오.",record,False,False,False,False,,
Oblivion.esm,INFO,00047362,,NAM1,0,,,"Those favored by the Master to wear the Bands may enter the Forbidden Grotto, and leave this Savage Garden forever.",마스터의 총애를 받는 자들은 금단의 동굴에 들어갈 수 있는 밴드가 주어지고 있소. 그걸로 야생의 정원에서 영원히 떠날 수 있소.,record,False,False,False,False,,
Oblivion.esm,INFO,00047363,,NAM1,0,,,Only those wearing the Bands can enter the Forbidden Grotto. No one who enters the Grotto ever returns.,그 밴드를 찬 자들만 금단의 동굴에 들어갈 수 있소. 동굴에 들어간 자 중 돌아온 자는 아무도 없소.,record,False,False,False,False,,
Oblivion.esm,DIAL,0003C7FF,MQ15Anaxes,FULL,0,,,Anaxes,아나제스(Anaxes),record,True,True,True,False,HIGH,Anaxes
Oblivion.esm,INFO,0003C80D,,NAM1,0,,,"Mankar Camoran's chattels trapped the Xivilai Anaxes in a cave. He is their Lord, and thus they mock him and me.",맨카 케모런의 노예들이 그들의 상관인 지빌라이 아나제스(Xivilai Anaxes)를 동굴에 가둬버렸다. 덕분에 그와 나는 꼴이 우습게 되버렸다.,record,True,True,False,False,HIGH,"Xivilai, Anaxes"
Oblivion.esm,INFO,0003C80D,,NAM1,1,,,"Free Anaxes and restore order to the Garden, and you shall have the Bands of the Chosen.",아나제스(Anaxes)를 풀어주고 정원의 질서를 회복하라. 그러면 선택받은 자의 밴드를 주겠다.,record,True,True,False,False,HIGH,Anaxes
Oblivion.esm,INFO,00047366,,NAM1,0,,,"He's trapped at the back of the cave. It took us weeks to prepare the trap, and he killed us many times before we finally succeeded.",그는 동굴 안쪽에 갇혀 있소. 함정을 준비하는 데만 몇 주가 걸렸소. 그 동안에도 그는 우리를 여러 번 죽였었소.,record,False,False,False,False,,
Oblivion.esm,INFO,00047366,,NAM1,1,,,"The lesser creatures of the Eternal Garden still torment us, but Anaxes was the worst. He toyed with us, prolonging our deaths for his pleasure.","야생의 정원에 있는 여러 괴물들이 우리를 괴롭히지만, 아나제스(Anaxes)야말로 최악이오. 그는 우리를 장난감 다루듯 하오. 죽기 직전까지 만들어 놓고 즐겼소.",record,True,True,False,False,HIGH,Anaxes
Oblivion.esm,INFO,00047366,,NAM1,2,,,"You must not release him, for pity's sake!","그를 풀어주면 안되오, 제발 부탁이오!",record,False,False,False,False,,
Oblivion.esm,DIAL,0003C800,MQ15KathutetA,FULL,0,,,Ganonah? I've never heard of it.,가노나(Ganonah)? 들어본 적 없는데.,record,True,True,True,False,HIGH,Ganonah
Oblivion.esm,INFO,0003C80C,,NAM1,0,,,Our clan sacked your city of Kvatch... a trifling task fit for scamps.,우리 일족들이 너희들의 도시 중 하나인 크바치(Kvatch)를 약탈했다... 무뢰한들에게나 어울릴 하찮은 일이었다.,record,True,True,False,False,HIGH,Kvatch
Oblivion.esm,INFO,0003C80C,,NAM1,1,,,Your swift retribution earned you much respect among my people. We had not expected that a mortal would act with such resolution and honor.,너의 즉각적인 대응은 우리들에게 깊은 인상을 주었다. 우리는 인간이 그런 의지와 명예를 가지고 행동하리라곤 생각하지 않았다.,record,False,False,False,False,,
Oblivion.esm,INFO,0003C80C,,NAM1,2,,,It is no dishonor for us to speak.,너와 이야기하는 것이 불명예는 아니다.,record,False,False,False,False,,
Oblivion.esm,DIAL,0003C974,BrumaTopicHafid03,FULL,0,,,Anyone have a problem?,누군가 문제라도?,record,False,False,True,False,TOPIC_CHECK,
Oblivion.esm,DIAL,0003C975,BrumaTopicHafid02,FULL,0,,,Best sights to see?,최고의 경치는?,record,False,False,True,False,TOPIC_CHECK,
Oblivion.esm,DIAL,0003C976,BrumaTopicHafid01,FULL,0,,,What's to do in town?,도시에서 할게 뭐 있소?,record,False,False,True,False,TOPIC_CHECK,
Oblivion.esm,DIAL,0003CF7C,AnvilTopicWilbur03,FULL,0,,,Any warnings?,무슨 경고라도?,record,False,False,True,False,TOPIC_CHECK,
Oblivion.esm,DIAL,0003CF7D,AnvilTopicWilbur02,FULL,0,,,Buildings here look different. Why?,여기 건물들은 달라 보이는데. 왜 그렇지?,record,False,False,True,False,TOPIC_CHECK,
Oblivion.esm,DIAL,0003CF7E,GreetingCaenlorn02,FULL,0,,,Maenlorn?,멘론(Maenlorn)?,record,True,True,True,False,HIGH,Maenlorn
Oblivion.esm,INFO,0003CF91,,NAM1,0,,,Wrong! I'm the one in blue! Maenlorn is the one in brown.,틀렸어요! 난 푸른색 옷을 입고 있다구요! Maenlorn이 갈색 옷을 입고 있죠.,record,False,True,False,False,MEDIUM,Maenlorn
Oblivion.esm,DIAL,0003CF7F,GreetingCaenlorn01,FULL,0,,,Caenlorn?,켄론(Caenlorn)?,record,True,True,True,False,HIGH,Caenlorn
Oblivion.esm,INFO,0003CF90,,NAM1,0,,,Right! The one in blue! You remembered.,맞아요! 푸른색 옷을 입은 쪽이죠! 기억하고 있었군요.,record,False,False,False,False,,
Oblivion.esm,DIAL,0003CF80,AnvilTopicMaenlorn03,FULL,0,,,Anyone need a little help?,도움 좀 필요한 사람 있나요?,record,False,False,True,False,TOPIC_CHECK,
Oblivion.esm,DIAL,0003CF81,AnvilTopicMaenlorn02,FULL,0,,,Tell me about the people.,여기 사람들에 대해 가르쳐 주시오.,record,False,False,True,False,TOPIC_CHECK,
Oblivion.esm,DIAL,0003CF82,AnvilTopicMaenlorn01,FULL,0,,,Tell me about the Count.,백작에 대해 말해 주시오.,record,False,False,True,False,TOPIC_CHECK,
Oblivion.esm,DIAL,0003CF83,AnvilTopic,FULL,0,,,Anvil,앤빌,record,False,False,True,False,TOPIC_CHECK,
Oblivion.esm,INFO,0003CF86,,NAM1,0,,,"Ships sail from Anvil harbor for ports-of-call in Hammerfell, Summerset Isle, Yokuda, and the Western Isles.","앤빌 항에 정박된 배들은 Hammerfell, Summerset 섬, Yokuda, 그리고 서부 제도로 항해한다오.",record,False,True,False,False,MEDIUM,"Hammerfell, Summerset, Yokuda"
Oblivion.esm,INFO,0003CF89,,NAM1,0,,,The Count went missing about ten years ago. No one knows what happened to him. Lady Millona rules County Anvil. ,백작님이 실종된 지 한 10년 쯤 되었습니다. 백작님에게 무슨 일이 벌어진 건지 아무도 모르더군요. 지금은 Millona 부인이 앤빌을 통치하고 있죠. ,record,False,True,False,False,MEDIUM,Millona
Oblivion.esm,INFO,0003CF89,,NAM1,1,,,"Her Ladyship has no intention of remarrying. Liked her first Count well-enough, I guess, and doesn't fancy a replacement.",그녀는 재혼에 대한 생각이 없는 모양입니다. 하긴 그 부인은 남편을 참 많이 사랑했어요. 그를 대신할 사람을 원치 않는 것 같죠.,record,False,False,False,False,,
Oblivion.esm,INFO,00154CDE,,NAM1,0,,,"The Count went missing about ten years ago... but just recently he reappeared. It's a bit of a mystery, but the Countess seems pleased.",백작님은 10년전 쯤에 실종되었어요... 그런데 바로 최근에 그가 다시 나타났지요. 그건 조금 미스터리죠. 하지만 백작부인은 기뻐하는 것 같아요.,record,False,False,False,False,,
Oblivion.esm,INFO,0003CF92,,NAM1,0,,,"Best shops in Anvil? Norbert Lelles handles rare books, exotic ingredients, and gems, and they have fine weapons at Morvayn's Peacemakers.","앤빌에서 유명한 가게? Norbert Lelles가 희귀 서적, 색다른 연금술 재료, 보석 등을 취급합니다. 또 모베인의 평화지킴이(Morvayn's Peacemakers)에서는 좋은 무기를 구할 수 있죠.",record,True,True,False,False,HIGH,"Norbert, Lelles, Morvayn's, Peacemakers"
