file,record_type,formid,editor_id,field,occurrence,quest_stage,quest_stage_occurrence,source_english,translation_korean,origin,flag_korean_english_parentheses,flag_english_remnant,flag_topic_system_candidate,flag_decode_unknown,review_priority,english_tokens
Oblivion.esm,INFO,000206C6,,NAM1,0,,,"Welcome back, my lord.","다시오시다니 환영합니다, 전하.",record,False,False,False,False,,
Oblivion.esm,INFO,000206C7,,NAM1,0,,,Your safe return speaks volumes of your success.,당신의 많은 성공들이 당신 자신의 안전을 증명합니다.,record,False,False,False,False,,
Oblivion.esm,INFO,000206C8,,NAM1,0,,,You must hurry!,서두르시오!,record,False,False,False,False,,
Oblivion.esm,INFO,000206C9,,NAM1,0,,,"Please, don't continue speaking with me... time is of the essence.",시간적 여유가 없으니 더 이상 저와 이야기하지 말아주셨으면 합니다.,record,False,False,False,False,,
Oblivion.esm,INFO,000206CB,,NAM1,0,,,"Oh, it's you.","오, 당신이군요.",record,False,False,False,False,,
Oblivion.esm,INFO,0006A8B5,,NAM1,0,,,Good day to you!,안녕하십니까!,record,False,False,False,False,,
Oblivion.esm,INFO,0001A111,,NAM1,0,,,Another mortal. Quaint.,또 한 명의 인간이로군. 재미있군요.,record,False,False,False,False,,
Oblivion.esm,INFO,0001A112,,NAM1,0,,,Yes? What is it you want?,응? 원하는게 뭐요?,record,False,False,False,False,,
Oblivion.esm,INFO,0001A11A,,NAM1,0,,,The Gates! The Gates! And...him!,문! 문! 그리고.... 그 놈!,record,False,False,False,False,,
Oblivion.esm,INFO,0001A11B,,NAM1,0,,,I don't belong. Not my place. Shouldn't have gone.,나에게는 관계없는 것이야. 안에 들어와서는 안되었는데.,record,False,False,False,False,,
Oblivion.esm,INFO,0005DE73,,NAM1,0,,,"Very bad. I've been bad. I thought I was good, but I was bad. I've been punished. They'll all be punished.",제 잘못이었어요. 전 잘못 없다고 생각했는데 제 잘못이었어요. 전 벌받을 거에요. 그들 모두 벌받을 거에요.,record,False,False,False,False,,
Oblivion.esm,INFO,00018BFD,,NAM1,0,,,You? What do you want?,당신인가? 뭘 원하지?,record,False,False,False,False,,
Oblivion.esm,INFO,0018BAA4,,NAM1,0,,,Ah! You must be the Arcane University's newest addition! This humble Battlemage bids you welcome!,아! 아케인 대학에 새로 입학한 신입생이군요! 저는 보잘것없는 배틀메이지지만 당신을 환영합니다!,record,False,False,False,False,,
Oblivion.esm,INFO,00086761,,NAM1,0,,,I can hardly believe you're standing here in front of me! The Listener himself! This is such an honor!,당신께서 제 앞에 서 계시는 게 믿기지 않습니다! 청취자시라니! 크나큰 영광입니다!,record,False,False,False,False,,
Oblivion.esm,INFO,00086762,,NAM1,0,,,I can hardly believe you're standing here in front of me! The Listener herself! This is such an honor!,당신께서 제 앞에 서 계시는 게 믿기지 않습니다! 청취자시라니! 크나큰 영광입니다!,record,False,False,False,False,,
Oblivion.esm,INFO,00086752,,NAM1,0,,,*Gasp!* Listener! How may I serve you?,헉! 청취자시여! 제가 어떻게 섬기나이까?,record,False,False,False,False,,
Oblivion.esm,INFO,00086751,,NAM1,0,,,"I am yours to command, oh great Listener!","저는 당신의 명령에 따릅니다, 오 위대한 청취자시여!",record,False,False,False,False,,
Oblivion.esm,INFO,000276A8,,NAM1,0,,,"Your Highness? I am Narina Carvain, Countess of Bruma, at your service.","전하, 전하의 신하, 브루마의 백작, 나리나 카베인(Narina Carvain) 백작입니다.",record,True,True,False,False,HIGH,"Narina, Carvain"
Oblivion.esm,INFO,000363B9,,NAM1,0,,,Can I ask you a favor?,부탁 좀 해도 되겠소?,record,False,False,False,False,,
Oblivion.esm,INFO,00095030,,NAM1,0,,,Can I beg a favor of you?,부탁 좀 해도 되겠소?,record,False,False,False,False,,
Oblivion.esm,INFO,000B97D0,,NAM1,0,,,"Something seems... amiss with you, milady.","뭔가 문제가 있습니까, 주인님.",record,False,False,False,False,,
Oblivion.esm,INFO,000B97D1,,NAM1,0,,,"Something seems... amiss with you, milord.","뭔가 문제가 있습니까, 주인님.",record,False,False,False,False,,
Oblivion.esm,INFO,000B97D2,,NAM1,0,,,"You don't appear well, milady. Perhaps you should rest.","좋아 보이지 않습니다, 주인님. 아마 쉬셔야 할 것 같군요.",record,False,False,False,False,,
Oblivion.esm,INFO,000B97D3,,NAM1,0,,,"You don't appear well, milord. Perhaps you should rest.","좋아 보이지 않습니다, 주인님. 아마 쉬셔야 할 것 같군요.",record,False,False,False,False,,
Oblivion.esm,INFO,000B97D4,,NAM1,0,,,"Good day, milady.","좋은 아침입니다, 주인님.",record,False,False,False,False,,
Oblivion.esm,INFO,000B97D5,,NAM1,0,,,"Good evening, milady.","좋은 저녁입니다, 주인님.",record,False,False,False,False,,
Oblivion.esm,INFO,000B97D6,,NAM1,0,,,"Good day, milord.","좋은 아침입니다, 주인님.",record,False,False,False,False,,
Oblivion.esm,INFO,000B97D7,,NAM1,0,,,"Good evening, milord.","좋은 저녁입니다, 주인님.",record,False,False,False,False,,
Oblivion.esm,INFO,000B97D8,,NAM1,0,,,Can't wait to get out of here.,여기서 빨리 나가고 싶어요.,record,False,False,False,False,,
Oblivion.esm,INFO,000B97DA,,NAM1,0,,,I can't wait... finally I'm away from that horrid store.,"기다릴 수 없었어... 결국, 저 무서운 가게에서 나와 버렸어.",record,False,False,False,False,,
Oblivion.esm,INFO,000A7157,,NAM1,0,,,You're not looking yourself lately.,최근 당신이 예전처럼 안 보이는 군요.,record,False,False,False,False,,
Oblivion.esm,INFO,0002411D,,NAM1,0,,,"A vampire! Away, everyone! Run!",뱀파이어다! 모두들 도망가요!,record,False,False,False,False,,
Oblivion.esm,INFO,00024121,,NAM1,0,,,Vampire! Unclean beast! Die!,뱀파이어! 더러운 짐승! 죽어라!,record,False,False,False,False,,
Oblivion.esm,INFO,00024128,,NAM1,0,,,"A vampire! Away, everyone! Run!",뱀파이어다! 모두들 도망가요!,record,False,False,False,False,,
Oblivion.esm,INFO,0002412A,,NAM1,0,,,"Die, unholy monster!",죽어라. 어둠의 괴물!,record,False,False,False,False,,
Oblivion.esm,INFO,0002412D,,NAM1,0,,,You should really get to a healer. You're looking rather pale.,치유사에게 가보세요. 너무 창백해 보이네요.,record,False,False,False,False,,
Oblivion.esm,INFO,00024136,,NAM1,0,,,Have you been well recently? Your skin looks a bit... off.,요새 잘 지내고 있나요? 당신의 피부가 안 좋아 보여요.,record,False,False,False,False,,
Oblivion.esm,INFO,0002413A,,NAM1,0,,,Are you not feeling well?,어디 안 좋은가요?,record,False,False,False,False,,
Oblivion.esm,INFO,0002413E,,NAM1,0,,,Is everything all right? You look a bit ill.,괜찮아요? 당신은 조금 안좋아 보여요.,record,False,False,False,False,,
Oblivion.esm,INFO,000086B9,,NAM1,0,,,Is everything all right? You look a bit ill.,괜찮아요? 당신은 조금 안좋아 보여요.,record,False,False,False,False,,
Oblivion.esm,INFO,0018AD5D,,NAM1,0,,,How could the Nine let this happen? Are they angry with us?,어째서 나인 디바인(Nine)은 보고만 있는거지? 우리가 뭘 잘못했지?,record,True,True,False,False,HIGH,Nine
Oblivion.esm,INFO,0018AD5F,,NAM1,0,,,"I've looked everywhere. Perhaps she's still in Kvatch, in a basement, hiding?",모두 찾아봤어. 그녀는 아직 크바치(Kvatch)에 있는 것 같아. 지하실에라도 숨었을까?,record,True,True,False,False,HIGH,Kvatch
Oblivion.esm,INFO,0018AD61,,NAM1,0,,,"I'm just tired. I can't face it. I have to start over, from nothing.","난 완전히 지쳤어. 싸울 힘도 없고, 아무것도 할 수가 없어.",record,False,False,False,False,,
Oblivion.esm,INFO,0018AD63,,NAM1,0,,,Kvatch is finished. There's nothing left.,크바치(Kvatch)는 끝났어. 아무것도 남은게 없어.,record,True,True,False,False,HIGH,Kvatch
Oblivion.esm,INFO,000CD301,,NAM1,0,,,This is Lynda Carter...,나는 린다 카터(Lynda Carter)... ,record,True,True,False,False,HIGH,"Lynda, Carter"
Oblivion.esm,INFO,000A7156,,NAM1,0,,,"You must be the Gray Fox. Your reputation precedes you, as I'm sure you know.","당신은 그레이 폭스이어야만 합니다. 당신도 알고 있겠지만, 당신의 평판은 당신보다 앞서 갑니다.",record,False,False,False,False,,
Oblivion.esm,INFO,0003AB30,,NAM1,0,,,You're the Gray Fox! Please don't hurt me!,당신은 그레이 폭스(Gray Fox)요! 제발 해치지 마시오!,record,True,True,False,False,HIGH,"Gray, Fox"
Oblivion.esm,INFO,0003AB37,,NAM1,0,,,It's the Gray Fox! I can't believe it's really you!,그레이 폭스야! 난 정말 당신을 믿을 수 없어!,record,False,False,False,False,,
Oblivion.esm,INFO,0003AB3A,,NAM1,0,,,You're the Gray Fox! Thank you for everything you've done to help us here in the waterfront.,당신은 그레이 폭스(Gray Fox)요! 워트프론트 여기에서 우리를 도와주신 모든것에 감사 드립니다.,record,True,True,False,False,HIGH,"Gray, Fox"
Oblivion.esm,INFO,0003AB3C,,NAM1,0,,,You're the Gray Fox!,당신은 그레이 폭스(Gray Fox)요!,record,True,True,False,False,HIGH,"Gray, Fox"
Oblivion.esm,INFO,000165A9,,NAM1,0,,,Many thanks. I'm preparing the ship for her return.,많이 감사합니다. 귀환을 위해 준비하고 있습니다.,record,False,False,False,False,,
Oblivion.esm,INFO,00022B39,,NAM1,0,,,"I'm here for my book. Mankar Camoran's ""Commentaries,"" Volume Three.","내 책, 맨카 케모런(Mankar Camoran)의 ""논평집"" 3권을 가지러 왔소.",record,True,True,False,False,HIGH,"Mankar, Camoran"
Oblivion.esm,INFO,00062C83,,NAM1,0,,,You choose to share your time with me? You humble me.,내게 시간을 할애해 주신다고요? 황송하군요.,record,False,False,False,False,,
Oblivion.esm,INFO,0002ACBE,,NAM1,0,,,Hello there.,안녕하세요.,record,False,False,False,False,,
Oblivion.esm,INFO,000817BB,,NAM1,0,,,How may I assist you?,제가 어떻게 도와드릴까요?,record,False,False,False,False,,
Oblivion.esm,INFO,0001BAC9,,NAM1,0,,,"I am at your service, Arch-Mage.",아크메이지여 무엇을 원하시나요.,record,False,False,False,False,,
Oblivion.esm,INFO,0001BACA,,NAM1,0,,,"What can I do for you, Arch-Mage?",아크메이지여 무엇을 도와드릴까요?,record,False,False,False,False,,
Oblivion.esm,INFO,0001BACD,,NAM1,0,,,"Greetings, Master-Wizard.","안녕하세요, 마스터위저드.",record,False,False,False,False,,
Oblivion.esm,INFO,0001BACE,,NAM1,0,,,"Hello, Master-Wizard.","안녕하신가요, 마스터위저드.",record,False,False,False,False,,
Oblivion.esm,INFO,0001BACF,,NAM1,0,,,"Greetings, Wizard.",안녕하세요. 위저드.,record,False,False,False,False,,
Oblivion.esm,INFO,0001BAD0,,NAM1,0,,,"Hello, Wizard.","안녕하신가요, 위저드.",record,False,False,False,False,,
Oblivion.esm,INFO,0001BAD1,,NAM1,0,,,"Greetings, Warlock.",안녕하세요. 워록.,record,False,False,False,False,,
Oblivion.esm,INFO,0001BAD2,,NAM1,0,,,"Hello, Warlock.",안녕하신가요. 워록.,record,False,False,False,False,,
Oblivion.esm,INFO,0001BAD3,,NAM1,0,,,"Greetings, Magician.",안녕하세요. 매지션.,record,False,False,False,False,,
Oblivion.esm,INFO,0001BAD4,,NAM1,0,,,"Hello, Magician.",안녕하신가요. 매지션.,record,False,False,False,False,,
Oblivion.esm,INFO,0001BAD5,,NAM1,0,,,"Greetings, Conjurer.",안녕하세요. 컨져러.,record,False,False,False,False,,
Oblivion.esm,INFO,0001BAD6,,NAM1,0,,,"Hello, Conjurer.",안녕하신가요. 컨져러.,record,False,False,False,False,,
Oblivion.esm,INFO,0001BAD7,,NAM1,0,,,"Greetings, Evoker.",안녕하세요. 에보커.,record,False,False,False,False,,
Oblivion.esm,INFO,0001BAD8,,NAM1,0,,,"Hello, Evoker.",안녕하신가요. 에보커.,record,False,False,False,False,,
Oblivion.esm,INFO,0001BAD9,,NAM1,0,,,"Greetings, Journeyman.",안녕하세요. 저니맨.,record,False,False,False,False,,
Oblivion.esm,INFO,0001BADA,,NAM1,0,,,"Hello, Journeyman.",안녕하신가요. 저니맨.,record,False,False,False,False,,
Oblivion.esm,INFO,0001BADB,,NAM1,0,,,"Greetings, Apprentice.",안녕하세요. 어프랜티스.,record,False,False,False,False,,
Oblivion.esm,INFO,0001BADC,,NAM1,0,,,"Hello, Apprentice.",안녕하신가요. 어프랜티스.,record,False,False,False,False,,
Oblivion.esm,INFO,0001BADD,,NAM1,0,,,"What is it, Associate?",무슨일인가요??,record,False,False,False,False,,
Oblivion.esm,INFO,0001BADE,,NAM1,0,,,"Hello, Associate.",안녕하신가요.,record,False,False,False,False,,
Oblivion.esm,INFO,0001BADF,,NAM1,0,,,"Well met, guildmate.","반갑군요, 길드 동료여.",record,False,False,False,False,,
Oblivion.esm,INFO,0001BAE0,,NAM1,0,,,"Greetings, guildmate.","안녕하세요, 길드 동료여.",record,False,False,False,False,,
Oblivion.esm,INFO,0001BAE1,,NAM1,0,,,"Hello, guildmate.","안녕하십니까, 길드 동료여.",record,False,False,False,False,,
Oblivion.esm,INFO,00056E66,,NAM1,0,,,Your Grace.,안녕하십니까?,record,False,False,False,False,,
Oblivion.esm,INFO,0018AE75,,NAM1,0,,,The Moth Priests seem agitated today.,나방 사제들이 오늘 흥분한 것 같은데.,record,False,False,False,False,,
Oblivion.esm,INFO,0018AE76,,NAM1,0,,,I pulled duty outside the Imperial Libray tonight. Curse my luck. Being that close to the Elder Scrolls gives me the creeps.,엘더스크롤 가까이 있다는 게 약간 소름 끼쳐. 난 오늘 밤 제국 도서관에서 근무를 해야 한다구. 저주받을 내 운 같으니.,record,False,False,False,False,,
Oblivion.esm,INFO,0018AE77,,NAM1,0,,,I don't see how the Empire can survive without an emperor.,황제 없이 제국이 어떻게 살아남을지 궁금하군.,record,False,False,False,False,,
Oblivion.esm,INFO,0008673C,,NAM1,0,,,Barkeep! A drink for my friend!,주인장! 내 친구에게 술 한잔 주시오!,record,False,False,False,False,,
Oblivion.esm,INFO,00027999,,NAM1,0,,,Have you heard? Someone's been murdered! One of us!,얘기 들었어? 사람이 살해 당했어요! 우리 중 하나가!,record,False,False,False,False,,
Oblivion.esm,INFO,00029486,,NAM1,0,,,What kind of party is this? Someone has been murdered!,이게 무슨 일인가요? 누군가가 살해되었습니다!,record,False,False,False,False,,
Oblivion.esm,INFO,00029487,,NAM1,0,,,Is that why someone invited us here? To kill us? This is horrible!,그것이 누군가가 우리를 여기로 초대한 이유입니까? 우리를 죽이려고? 정말 끔찍한 일이군요!,record,False,False,False,False,,
Oblivion.esm,INFO,00029488,,NAM1,0,,,"Are you all right? This murder has us all on edge, I know.",너 괜찮니? 내가 보기에 이 살인은 우리 모두를 안절부절못하게 하는군요.,record,False,False,False,False,,
Oblivion.esm,INFO,00029489,,NAM1,0,,,I know someone's been murdered and we're all on edge. Just try to remain calm. I'll get to the bottom of this.,누군가가 살해당했고 다들 동요하고 있단 거 압니다. 일단 침착하려고 해 보세요. 제가 조사해 보겠습니다.,record,False,False,False,False,,
Oblivion.esm,INFO,0002948A,,NAM1,0,,,"So, here we all are. It certainly is a nice house.","그러면, 여기 우리 모두가 있습니다. 확실히 좋은 집입니다.",record,False,False,False,False,,
Oblivion.esm,INFO,000352A6,,NAM1,0,,,This citizen is accusing you of stealing the bust of Llathasa from Cheydinhal. I even found the bust in your cabinet. What do you have to say?,이 시민이 Cheydinhal에서 Llathasa의 입상을 훔친 당신을 고발합니다. 나는 이미 당신의 장식장에서 입상을 발견했습니다. 더 이상 무슨 말이 필요합니까?,record,False,True,False,False,MEDIUM,"Cheydinhal, Llathasa"
Oblivion.esm,INFO,0001470A,,NAM1,0,,,I've been looking for you!,당신을 찾고 있었소!,record,False,False,False,False,,
Oblivion.esm,INFO,0001473C,,NAM1,0,,,Come. We must talk.,어서 와라. 얘기 좀 하지.,record,False,False,False,False,,
Oblivion.esm,INFO,000C47ED,,NAM1,0,,,M'aiq greets you.,마이크(M'aiq)는 당신을 반깁니다.,record,True,True,False,False,HIGH,M'aiq
Oblivion.esm,INFO,00071F6D,,NAM1,0,,,You are a skillful thief. The guild is lucky to have you.,당신은 실력 있는 도둑이죠. 당신이 있는 건 길드에 행운이에요.,record,False,False,False,False,,
Oblivion.esm,INFO,00071F6E,,NAM1,0,,,The Gray Fox appreciates all you've done for the guild.,그레이 폭스는 당신이 길드를 위해 해준 모든 것에 대해 감사 드립니다.,record,False,False,False,False,,
Oblivion.esm,INFO,0003C178,,NAM1,0,,,"I see you're a follower of the Gray Fox, too.",난 당신이 그레이 폭스의 후계자라고 봐요.,record,False,False,False,False,,
Oblivion.esm,INFO,0018D928,,NAM1,0,,,"Welcome back, traveler.","다시 방문했군요, 여행자씨.",record,False,False,False,False,,
Oblivion.esm,INFO,000C453E,,NAM1,0,,,Well met.,반갑소.,record,False,False,False,False,,
Oblivion.esm,INFO,000C4534,,NAM1,0,,,Well met.,반갑소.,record,False,False,False,False,,
Oblivion.esm,INFO,000C4535,,NAM1,0,,,Hello.,여어.,record,False,False,False,False,,
Oblivion.esm,INFO,000C4536,,NAM1,0,,,I bid you welcome.,환영하오.,record,False,False,False,False,,
Oblivion.esm,INFO,0006155A,,NAM1,0,,,That good-for-nothing husband's going to be very surprised if he crawls back here. Very surprised.,만일 보잘 것 없는 남편이 굽실거리며 돌아온다면 놀랄 거에요. 매우 놀랄 거에요.,record,False,False,False,False,,
Oblivion.esm,INFO,0006155B,,NAM1,0,,,What do you want?,뭘 원해요?,record,False,False,False,False,,
Oblivion.esm,INFO,001885D5,,NAM1,0,,,Did you fare well?,성공했어?,record,False,False,False,False,,
Oblivion.esm,INFO,001885E0,,NAM1,0,,,Ohhhh... what am I to do? They're gone... all gone.,아아아아... 어떻게 하면 좋을까? 사라져 버렸어... 전부.,record,False,False,False,False,,
Oblivion.esm,INFO,00189CFB,,NAM1,0,,,Well met. I trust no great harm has befallen you.,반갑습니다. 큰 위험이 당신에게 닥치지 않았기를 믿습니다.,record,False,False,False,False,,
Oblivion.esm,INFO,00189D09,,NAM1,0,,,"If you're here to rob me, I'm afraid I have nothing left.",강도질을 할거면 유감이군.,record,False,False,False,False,,
Oblivion.esm,INFO,0018ABD3,,NAM1,0,,,I could use some good news right about now.,바로 지금쯤이면 뭔가 좋은 소식이 있어야 할 텐데요.,record,False,False,False,False,,
Oblivion.esm,INFO,0018ABD5,,NAM1,0,,,Thank goodness someone that can help is here!,도와줄 수 있는 사람이 여기 있어서 감사할 뿐이에요!,record,False,False,False,False,,
Oblivion.esm,INFO,0018B9FC,,NAM1,0,,,I feel much better now that you're here.,당신이 여기 계셔서 굉장히 안심이 됩니다.,record,False,False,False,False,,
Oblivion.esm,INFO,0018AFDC,,NAM1,0,,,Welcome to Shardrock.,Shardrock에서 오신 걸 환영합니다.,record,False,True,False,False,MEDIUM,Shardrock
Oblivion.esm,INFO,0018D929,,NAM1,0,,,"So, what brings you here today?","그래서, 오늘은 내게 뭘 가져왔죠?",record,False,False,False,False,,
Oblivion.esm,INFO,000919C1,,NAM1,0,,,Welcome.,안녕하시오.,record,False,False,False,False,,
Oblivion.esm,INFO,0009198B,,NAM1,0,,,Greetings to you.,만나서 반갑소.,record,False,False,False,False,,
Oblivion.esm,INFO,0009198C,,NAM1,0,,,"My pleasure, really.",별말씀을.,record,False,False,False,False,,
Oblivion.esm,INFO,0009198D,,NAM1,0,,,"Please, go ahead.",말씀하세요.,record,False,False,False,False,,
Oblivion.esm,INFO,0009198E,,NAM1,0,,,Well met.,반갑소.,record,False,False,False,False,,
Oblivion.esm,INFO,00091991,,NAM1,0,,,"Please, by all means.","부디, 제발.",record,False,False,False,False,,
Oblivion.esm,INFO,00091992,,NAM1,0,,,It is a privilege.,영광이오.,record,False,False,False,False,,
Oblivion.esm,INFO,00091993,,NAM1,0,,,"Good tidings, citizen.","희소식이오, 시민.",record,False,False,False,False,,
Oblivion.esm,INFO,000919C2,,NAM1,0,,,Fine greetings to you.,만나서 반갑소.,record,False,False,False,False,,
Oblivion.esm,INFO,00091994,,NAM1,0,,,A pleasure to see you.,만나서 기쁘오.,record,False,False,False,False,,
Oblivion.esm,INFO,0009199F,,NAM1,0,,,"Tidings, citizen.","소식이요, 시민.",record,False,False,False,False,,
Oblivion.esm,INFO,000919A1,,NAM1,0,,,Go ahead.,뭐든지.,record,False,False,False,False,,
Oblivion.esm,INFO,000919A2,,NAM1,0,,,Greetings.,반갑소.,record,False,False,False,False,,
Oblivion.esm,INFO,000919A3,,NAM1,0,,,Yes?,네?,record,False,False,False,False,,
Oblivion.esm,INFO,000919A4,,NAM1,0,,,What's this about?,무슨 일이죠?,record,False,False,False,False,,
Oblivion.esm,INFO,000919A5,,NAM1,0,,,I'm listening.,들어보지.,record,False,False,False,False,,
Oblivion.esm,INFO,000919A6,,NAM1,0,,,Let's hear it.,한번 들어나 보자구.,record,False,False,False,False,,
Oblivion.esm,INFO,000919A7,,NAM1,0,,,Anytime now.,언제든지.,record,False,False,False,False,,
Oblivion.esm,INFO,000919A9,,NAM1,0,,,How can I help you?,어떻게 도와줄까요?,record,False,False,False,False,,
Oblivion.esm,INFO,000919B5,,NAM1,0,,,Say it.,말해.,record,False,False,False,False,,
Oblivion.esm,INFO,000919B7,,NAM1,0,,,So tiresome.,귀찮은데.,record,False,False,False,False,,
Oblivion.esm,INFO,000919B9,,NAM1,0,,,Come on.,어서.,record,False,False,False,False,,
Oblivion.esm,INFO,000919BA,,NAM1,0,,,Quickly now.,간단히.,record,False,False,False,False,,
Oblivion.esm,INFO,000919BB,,NAM1,0,,,What?,뭐죠?,record,False,False,False,False,,
Oblivion.esm,INFO,000919BC,,NAM1,0,,,Go away.,저리가.,record,False,False,False,False,,
Oblivion.esm,INFO,000919BE,,NAM1,0,,,Hurry up.,서둘러.,record,False,False,False,False,,
Oblivion.esm,INFO,000919BF,,NAM1,0,,,Yes?,네?,record,False,False,False,False,,
Oblivion.esm,INFO,0007B797,,NAM1,0,,,"Honor the guild, friend.","길드의 명예, 친구.",record,False,False,False,False,,
Oblivion.esm,INFO,00071DC0,,NAM1,0,,,Guildmaster! How about that!,길드마스터! 이건 어떻습니까?,record,False,False,False,False,,
Oblivion.esm,INFO,00071DC1,,NAM1,0,,,"Yes, Guildmaster? What can I do for you?","네, 길드마스터? 무엇을 도와드리면 돼겠습니까?",record,False,False,False,False,,
Oblivion.esm,INFO,00071DC3,,NAM1,0,,,Heard they made you master. Gods help us all.,그들이 너를 마스터 시킨걸 들었다. 신들이 우리를 도와줄거다.,record,False,False,False,False,,
Oblivion.esm,INFO,00071E0E,,NAM1,0,,,"What's on your mind, Guildmaster? Need me to kill something?","너의 생각은 어떻냐?, 길드마스터? 무언가 죽이기 위해 나를 필요로 하는거냐?",record,False,False,False,False,,
Oblivion.esm,INFO,00071E75,,NAM1,0,,,Master... I'll never get used to saying that. What can I do for you?,마스터(Mater)...나는 결코 그런이야기를 하는데 익숙하지 않다. 무엇을 원하나?,record,True,True,False,False,HIGH,Mater
Oblivion.esm,INFO,00071E95,,NAM1,0,,,What do you need... Master? ,"마스터, 무엇이 필요하나요? ",record,False,False,False,False,,
Oblivion.esm,INFO,00026BB0,,NAM1,0,,,Is that a bit of frostbite I see? Hehehe.,내가 보고 있는 게 그 얼음조각이라고요? 헤헤헤.,record,False,False,False,False,,
Oblivion.esm,INFO,00026BB1,,NAM1,0,,,Welcome back to the University. It's good to see you again.,대학에 돌아온 걸 환영해요. 당신을 다시 보게 돼서 기쁘군요.,record,False,False,False,False,,
Oblivion.esm,INFO,000980C9,,NAM1,0,,,How nice to see you again.,다시 만나 반가워요.,record,False,False,False,False,,
Oblivion.esm,INFO,0004F9C7,,NAM1,0,,,You've done it!,해내셨군요!,record,False,False,False,False,,
Oblivion.esm,INFO,0004F9C8,,NAM1,0,,,I see you haven't yet been able to drop the staff in Darkfathom Cave.,아직 당신이 어두운 측연 동굴에 가서 그 지팡이를 두고 오지 않았단 걸 알아요.,record,False,False,False,False,,
Oblivion.esm,INFO,000C42C3,,NAM1,0,,,That's the last of them!,그것들의 최후입니다!,record,False,False,False,False,,
Oblivion.esm,INFO,000C42C4,,NAM1,0,,,Stand your ground!,물러서지 마세요! ,record,False,False,False,False,,
Oblivion.esm,INFO,000C42C6,,NAM1,0,,,"Please, do what you can to protect Antus. He's just a kid.","부탁입니다, 안투스를 지켜주세요. 그 앤 정말 어립니다.",record,False,False,False,False,,
Oblivion.esm,INFO,0002B3D0,,NAM1,0,,,Welcome back.,돌아온 걸 환영합니다.,record,False,False,False,False,,
Oblivion.esm,INFO,000C42CA,,NAM1,0,,,"What can I do for you, stranger?",도와드릴까요?,record,False,False,False,False,,
Oblivion.esm,INFO,000C42CB,,NAM1,0,,,Victory!,이겼다!,record,False,False,False,False,,
Oblivion.esm,INFO,000C42CC,,NAM1,0,,,Don't falter! We have them! We have them!,머뭇거리지마! 우리가 잡는다! 우리가 잡는다고! As if in battle,record,False,True,False,False,MEDIUM,"As, if, in, battle"
Oblivion.esm,INFO,000C42CD,,NAM1,0,,,"You can do it, Antus. You can do it... just follow big brother's lead...","넌 할 수 있어, Antus. 넌 할 수 있다고... 단지 큰 형의 지시만 따르면 되는 거야... ",record,False,True,False,False,MEDIUM,Antus
Oblivion.esm,INFO,0002B3D1,,NAM1,0,,,You again. Are you ready yet?,다시 왔군. 이제 준비됐어?,record,False,False,False,False,,
Oblivion.esm,INFO,000C42D0,,NAM1,0,,,Who are you?,넌 누구지?,record,False,False,False,False,,
Oblivion.esm,INFO,000C42D3,,NAM1,0,,,You're back! You must tell me everything!,자네가 돌아왔구먼! 내게 모두 말해보게!,record,False,False,False,False,,
Oblivion.esm,INFO,000C42D4,,NAM1,0,,,"Please, don't waste time speaking to an old man. Go and help my sons.","제발, 늙은이와 얘기하느라 시간을 낭비하지 말아주게. 가서 내 아들들을 도와줘.",record,False,False,False,False,,
Oblivion.esm,INFO,0002AD89,,NAM1,0,,,"Hello. You haven't seen my sons, have you? They went off into the forest to fight those monsters, and I'm worried about them.","안녕하신가? 자넨 내 아들들을 본 적이 없겠군, 그렇지? 그 애들은 괴물들과 싸우기 위해 숲으로 갔어. 난 그 애들이 걱정된다네.",record,False,False,False,False,,
Oblivion.esm,INFO,000093B1,,NAM1,0,,,It's good to be home.,집에 있으니 기쁘기 그지 없네.,record,False,False,False,False,,
Oblivion.esm,INFO,00033579,,NAM1,0,,,"Thanks to you, Cheydinhal is safe.","당신 덕분에, 셰이딘홀은 안전합니다.",record,False,False,False,False,,
Oblivion.esm,INFO,0003357A,,NAM1,0,,,It's good to set my foot upon the soil of my home.,고향 땅을 밟아보는 기분이 정말 좋군.,record,False,False,False,False,,
Oblivion.esm,INFO,0003357B,,NAM1,0,,,What a horrible turn of events.,이런 끔찍한 일이 벌어지다니.,record,False,False,False,False,,
Oblivion.esm,INFO,0003357D,,NAM1,0,,,"Strange... with all the lava, you'd think I'd be warm, but all I feel is a bone-chilling cold. Perhaps it's fear...","이상하군... 용암 때문에 더울 것 같은데, 뼛속까지 시린 한기가 느껴집니다. 공포 때문이겠죠... ",record,False,False,False,False,,
Oblivion.esm,INFO,00084B3B,,NAM1,0,,,"If it wasn't for you, I never would have found Reynald. Thank you.","당신이 아니었다면, 전 결코 레이날드를 찾지 못했을 겁니다. 고맙습니다.",record,False,False,False,False,,
Oblivion.esm,INFO,0002B7A5,,NAM1,0,,,I can't believe I've been reunited with my brother!,내 형제와 재회하다니 믿지 못하겠어요!,record,False,False,False,False,,
Oblivion.esm,INFO,00084B3D,,NAM1,0,,,"How can I help you today, friend?","오늘은 어떻게 도와줄까요, 친구?",record,False,False,False,False,,
Oblivion.esm,INFO,00084B43,,NAM1,0,,,Hail!,여!,record,False,False,False,False,,
Oblivion.esm,INFO,00024157,,NAM1,0,,,"You don't look well, my friend. You should seek a healer.",몸상태가 좋지 않은 것 같군요. 치료를 받아 보는게 좋겠어요.,record,False,False,False,False,,
Oblivion.esm,INFO,00024159,,NAM1,0,,,Have you been to a Healer recently? Because you don't look so good.,최근에 치료는 받았습니까? 상태가 그리 좋아 보이진 않군요.,record,False,False,False,False,,
Oblivion.esm,INFO,0001C147,,NAM1,0,,,I have the diary!,내가 일기를 가지고 있다!,record,False,False,False,False,,
Oblivion.esm,INFO,00064FF3,,NAM1,0,,,I can't believe I'm alive!,내가 살아있다는 것이 믿기질 않군요!,record,False,False,False,False,,
Oblivion.esm,INFO,00064FF4,,NAM1,0,,,Are they gone?,그들은 떠났나요?,record,False,False,False,False,,
Oblivion.esm,INFO,0000BF56,,NAM1,0,,,The lifter of curses returns!,저주를 해제한 영웅이 돌아왔군요!,record,False,False,False,False,,
Oblivion.esm,INFO,0000BCC3,,NAM1,0,,,Meet you at The Count's Arms. Good luck.,백작의 권력 여관에서 만나죠. 행운을 빕니다.,record,False,False,False,False,,
Oblivion.esm,INFO,0000BCC4,,NAM1,0,,,Whew. That was scary.,휴. 저건 무섭군요.,record,False,False,False,False,,
Oblivion.esm,INFO,0000BCC6,,NAM1,0,,,Just hold the ghosts off while I figure out how to open this damn door.,내가 이 빌어먹을 문을 어떻게 열지 생각하는 동안 당신은 유령이나 떨어뜨려 주세요.,record,False,False,False,False,,
Oblivion.esm,INFO,0000BCC8,,NAM1,0,,,What was that?,저게 뭐죠?,record,False,False,False,False,,
Oblivion.esm,INFO,000229FE,,NAM1,0,,,You still here?,아직도 여기서 얼쩡대나?,record,False,False,False,False,,
Oblivion.esm,INFO,000229FF,,NAM1,0,,,Yer botherin' me again?,다시 날 귀찮게 하려고?,record,False,False,False,False,,
Oblivion.esm,INFO,00022A00,,NAM1,0,,,Eh?,에?,record,False,False,False,False,,
Oblivion.esm,INFO,00022A02,,NAM1,0,,,I fear grave tidings.,그가 죽었을까 봐 두려워요.,record,False,False,False,False,,
Oblivion.esm,INFO,00022A03,,NAM1,0,,,Any word of Aleron?,알레론 에 대한 어떤 말이라도 있나요?,record,False,False,False,False,,
Oblivion.esm,INFO,00022A06,,NAM1,0,,,I really need your help.,정말 당신의 도움이 필요해요.,record,False,False,False,False,,
Oblivion.esm,INFO,0003CA77,,NAM1,0,,,At last we meet in the flesh.,마침내 살아서 만나는군요.,record,False,False,False,False,,
Oblivion.esm,INFO,00015E01,,NAM1,0,,,Can ya spare a coin?,한푼 줍쇼.,record,False,False,False,False,,
Oblivion.esm,INFO,00054219,,NAM1,0,,,I've got your horse saddled and waiting for you.,말에 안장을 얹고 당신을 기다리고 있었습니다.,record,False,False,False,False,,
Oblivion.esm,INFO,0005421A,,NAM1,0,,,Here is your horse.,여기 당신의 말이 있습니다.,record,False,False,False,False,,
Oblivion.esm,INFO,000545F9,,NAM1,0,,,He's been fed and well rested for you.,당신을 위해 그 놈은 잘 먹이고 잘 쉬었습니다.,record,False,False,False,False,,
Oblivion.esm,INFO,0005421B,,NAM1,0,,,You'r horse has been saddled.,당신의 말에 장비를 장착했습니다.,record,False,False,False,False,,
Oblivion.esm,INFO,0005421C,,NAM1,0,,,Are you ready to ride?,타실 준비가 되셨나요?,record,False,False,False,False,,
Oblivion.esm,INFO,0005421D,,NAM1,0,,,You have purchased a fine piece of horseflesh.,당신은 가장 좋은 말고기를 구매하셨습니다.,record,False,False,False,False,,
Oblivion.esm,INFO,000545FA,,NAM1,0,,,I have your horse right here.,여기에 당신의 말을 가지고 있습니다.,record,False,False,False,False,,
Oblivion.esm,INFO,00026BCB,,NAM1,0,,,I'm here to relieve you.,교대하려고 왔네.,record,False,False,False,False,,
Oblivion.esm,INFO,00026BCC,,NAM1,0,,,I'm your relief.,내가 교대자네.,record,False,False,False,False,,
Oblivion.esm,INFO,00026BCD,,NAM1,0,,,You're off duty now.,자넨 이제 비번일세.,record,False,False,False,False,,
Oblivion.esm,INFO,00026BCE,,NAM1,0,,,Go take your break.,가서 좀 쉬어두라고.,record,False,False,False,False,,
Oblivion.esm,INFO,0018AE78,,NAM1,0,,,"All citizens are welcome in the Imperial Palace, at least on the first two floors. ",임페리얼 궁전은 적어도 일층과 이층에 한해서 만큼은 모든 시민들에게 개방되어 있소.,record,False,False,False,False,,
Oblivion.esm,INFO,0018AE79,,NAM1,0,,,"Remember, trespassing in the Imperial Palace is a serious crime. Do not venture beyond the first and second floors.","기억하십시오, 제국 황궁에 무단 침입하는 것은 심각한 범죄입니다. 1층과 2층 외에는 출입이 금지되어 있습니다.",record,False,False,False,False,,
Oblivion.esm,INFO,0000A170,,NAM1,0,,,It looks thievy to this one.,그것은 훔친 것처럼 보입니다.,record,False,False,False,False,,
Oblivion.esm,INFO,0000BF97,,NAM1,0,,,We meet again.,다시 만났네요.,record,False,False,False,False,,
Oblivion.esm,INFO,0000BF98,,NAM1,0,,,You must be the new slop drudge.,너는 새로운 slop drudge 같군.,record,False,True,False,False,MEDIUM,"slop, drudge"
Oblivion.esm,INFO,0000BF9A,,NAM1,0,,,Help!,도와줘!,record,False,False,False,False,,
Oblivion.esm,INFO,0003375F,,NAM1,0,,,Let me handle this.,내가 이걸 처리하게 해주게.,record,False,False,False,False,,
Oblivion.esm,INFO,0004CFA8,,NAM1,0,,,"Changed your mind, have you? The offer's still good.",생각을 좀 바꿔 보시죠? 저희는 항상 좋은것만 제공합니다.,record,False,False,False,False,,
Oblivion.esm,INFO,0004CFAA,,NAM1,0,,,What do you want?,무슨 용건입니까?,record,False,False,False,False,,
Oblivion.esm,INFO,0008DFD6,,NAM1,0,,,Get to the Sigil Keep!,시질 성채로 가십시오!,record,False,False,False,False,,
Oblivion.esm,INFO,0008DFD7,,NAM1,0,,,Get the key!,열쇠를 찾아!,record,False,False,False,False,,
Oblivion.esm,INFO,00028F80,,NAM1,0,,,Umm ... no time to talk.,음 ... 이야기하고 있을 시간은 없어.,record,False,False,False,False,,
Oblivion.esm,INFO,000AF05D,,NAM1,0,,,I can't believe it's over... that giant demon... the Dragon... what happened? Have we won?,끝났다는 게 믿기지가 않아... 그 거대한 악마... 드래곤... 무슨 일이 일어난 거지? 우리가 이긴 건가?,record,False,False,False,False,,
Oblivion.esm,INFO,000AF05F,,NAM1,0,,,Did you see it? The avatar of Akatosh himself? There it is! The monument to our deliverance!,보여? 아카토쉬(Akatosh)의 화신 맞지? 바로 그거야! 해방의 상징이라구!,record,True,True,False,False,HIGH,Akatosh
Oblivion.esm,INFO,000AF065,,NAM1,0,,,We're alive! You did it! You beat that monster! We won!,우린 살았어! 당신이 해냈어! 괴물을 물리쳤다구! 우리가 이겼어!,record,False,False,False,False,,
Oblivion.esm,INFO,000366DF,,NAM1,0,,,I've put myself in your hands.,자네 손에 달렸네.,record,False,False,False,False,,
Oblivion.esm,INFO,0018BAA7,,NAM1,0,,,All hail the Champion of Cyrodiil!,시로딜의 챔피언 만세!,record,False,False,False,False,,
Oblivion.esm,INFO,000AF064,,NAM1,0,,,"How can I assist you, Champion?","뭘 도와드릴까요, 챔피언?",record,False,False,False,False,,
Oblivion.esm,INFO,000AF066,,NAM1,0,,,"What do you need, Champion?","뭐가 필요하시오, 챔피언?",record,False,False,False,False,,
Oblivion.esm,INFO,0006A82B,,NAM1,0,,,This had better be good...,점차 좋아질 거요... ,record,False,False,False,False,,
Oblivion.esm,INFO,0018BAA5,,NAM1,0,,,It's... It's you! The Hero of Kvatch! This is truly an honor!,당신... 당신이군요! 크바치의 영웅! 이거 정말 영광입니다!,record,False,False,False,False,,
Oblivion.esm,INFO,0018BAA6,,NAM1,0,,,"Hail, good citizen! How can I be of service?","여어, 선량한 시민! 도움이 필요한가?",record,False,False,False,False,,
Oblivion.esm,INFO,0018B189,,NAM1,0,,,"What is it, citizen?","무슨 일이오, 시민?",record,False,False,False,False,,
Oblivion.esm,INFO,000ADC5A,,NAM1,0,,,I wish I could have helped you deal with the rest of those Mythic Dawn bastards. But it seems you did all right on your own.,"자네와 함께 빌어먹을 미식 던(Mythic Dawn) 놈들을 처치하고 싶지만, 알아서 잘 처리하리라 믿네.",record,True,True,False,False,HIGH,"Mythic, Dawn"
Oblivion.esm,INFO,00038BB8,,NAM1,0,,,Good work tracking down the Mythic Dawn's secret shrine. We finally took the fight to the enemy.,미식 던(Mythic Dawn)의 비밀 성지를 캐낸 건 잘 했네. 우린 결국은 적과 맞서게 될걸세.,record,True,True,False,False,HIGH,"Mythic, Dawn"
Oblivion.esm,INFO,00038BB9,,NAM1,0,,,I'll feel better when you've eliminated those spies. There's no telling what they may be planning.,스파이가 제거되어야 안심할 것 같네. 그래야 놈들의 계획이 무산될 테니 말일세.,record,False,False,False,False,,
Oblivion.esm,INFO,00038BBA,,NAM1,0,,,Have you spoken to Martin yet? The plans you found make it clear that time is short.,마틴께 상의해 보았나? 놈들의 계획대로라면 시간이 없어.,record,False,False,False,False,,
Oblivion.esm,INFO,00038BBB,,NAM1,0,,,"I've made some progress with the Mysterium Xarxes, finally!",자서스(Xarxes) 신비에 대해 약간의 진전이 있었네!,record,True,True,False,False,HIGH,Xarxes
Oblivion.esm,INFO,00038BBC,,NAM1,0,,,The Mysterium Xarxes is the most dangerous daedric sorcery I've ever encountered.,자서스(Xarxes) 신비는 내가 접해본 것 중 가장 위험한 데이드릭 마법이네.,record,True,True,False,False,HIGH,Xarxes
Oblivion.esm,INFO,00038BBD,,NAM1,0,,,"I can't escape the Xarxes, even in my dreams. I wonder if my warding spells will be enough.",꿈에서 조차도 자서스(Xarxes)에 시달리고 있네. 내 보호 주문이 통할지 걱정이네.,record,True,True,False,False,HIGH,Xarxes
Oblivion.esm,INFO,00038BBE,,NAM1,0,,,I'll have to proceed cautiously with the Mysterium Xarxes. It is exceedingly dangerous.,아주 조심스럽게 자서스(Xarxes) 신비에 다가가야 해. 이건 정말 위험한 일이네.,record,True,True,False,False,HIGH,Xarxes
Oblivion.esm,INFO,0003664D,,NAM1,0,,,Dawn is breaking.,여명이 밝았도다.,record,False,False,False,False,,
Oblivion.esm,INFO,00038FC8,,NAM1,0,,,I have good news! I've made some progress on deciphering the gate-opening ritual.,좋은 소식이네! 문을 열 의식을 해독하는데 다소 진전이 있었네.,record,False,False,False,False,,
Oblivion.esm,INFO,00038FC9,,NAM1,0,,,I'm glad to see you. I'm finally starting to unlock the secrets of the second half of the gate-opening ritual.,만나서 반갑군요. 관문을 여는 의식의 두 번째 부분을 해독하려던 참이었습니다.,record,False,False,False,False,,
Oblivion.esm,INFO,000A7158,,NAM1,0,,,"Hello, my friend.","안녕하신가, 친구.",record,False,False,False,False,,
Oblivion.esm,INFO,000327B5,,NAM1,0,,,I don't suppose you've found those fugitives yet.,자네 아직 그 탈주범들을 찾지 못한 것으로 보이는군.,record,False,False,False,False,,
Oblivion.esm,INFO,000327B7,,NAM1,0,,,Shouldn't you be in Bravil? Being useful?,자네 브라빌에 있지 않았나? 쓸모 있어지기 위해서 말이야?,record,False,False,False,False,,
Oblivion.esm,INFO,000335D9,,NAM1,0,,,About time.,뭘 꾸물거리죠?,record,False,False,False,False,,
Oblivion.esm,INFO,00033B1E,,NAM1,0,,,"Thanks, friend.","고마워, 친구.",record,False,False,False,False,,
Oblivion.esm,INFO,00033B21,,NAM1,0,,,"In sooth, mostly goodly done.","참으로, 멋지게 되었다.",record,False,False,False,False,,
Oblivion.esm,INFO,00033B26,,NAM1,0,,,We is most pleased... eth... ified.,우리는 유쾌해졌다.. ,record,False,False,False,False,,
Oblivion.esm,INFO,00033763,,NAM1,0,,,Quite satisfactory.,매우 만족스러워요.,record,False,False,False,False,,
Oblivion.esm,INFO,0003376D,,NAM1,0,,,Shall we go?,갈까요?,record,False,False,False,False,,
Oblivion.esm,INFO,00033781,,NAM1,0,,,Oh. Yes. How do you do?,아. 네. 처음 뵙겠소.,record,False,False,False,False,,
Oblivion.esm,INFO,0004F3EB,,NAM1,0,,,You should be helping out Elante by now.,"자네 Elante를 도와주게, 지금 당장.",record,False,True,False,False,MEDIUM,Elante
Oblivion.esm,INFO,0003375A,,NAM1,0,,,No sweat.,별로 않좋군.,record,False,False,False,False,,
Oblivion.esm,INFO,00033775,,NAM1,0,,,Ready?,정말이오?,record,False,False,False,False,,
Oblivion.esm,INFO,0004F3E7,,NAM1,0,,,You and Maglir need to catch those thieves.,당신과 Maglir 는 이 도둑들을 처리해야하오.,record,False,True,False,False,MEDIUM,Maglir
Oblivion.esm,INFO,0004F3EC,,NAM1,0,,,Bastards. Take my flagon....,썩을놈. 내 포도주병을 가져가.,record,False,False,False,False,,
Oblivion.esm,INFO,00033753,,NAM1,0,,,Is it safe now?,이제 안전하나요?,record,False,False,False,False,,
Oblivion.esm,INFO,0003376E,,NAM1,0,,,Welcome!,환영해요!,record,False,False,False,False,,
Oblivion.esm,INFO,0004F3E5,,NAM1,0,,,Shouldn't you be helping Norbert Lelles?,당신은  Norbert Lelles를 돕고있어야 하지 않나요?,record,False,True,False,False,MEDIUM,"Norbert, Lelles"
Oblivion.esm,INFO,00033752,,NAM1,0,,,What did you do to my little rats?,내 귀여운 쥐들에게 무슨 짓을 했죠?,record,False,False,False,False,,
Oblivion.esm,INFO,0001E0D4,,NAM1,0,,,"Hello again, my friend.","다시 만나 반갑군요, 나의 친구여.",record,False,False,False,False,,
Oblivion.esm,INFO,00028F81,,NAM1,0,,,Can't you see that I'm very busy?!,바쁜 게 안 보이나요!,record,False,False,False,False,,
Oblivion.esm,INFO,0018D7D9,,NAM1,0,,,I need a moment of your time. It's urgent.,잠시 시간 좀 내줘. 긴급 사항이야.,record,False,False,False,False,,
Oblivion.esm,INFO,0018D7DA,,NAM1,0,,,"Ah, there you are. We need to talk.","아, 여기 있었군. 얘기 좀 하세.",record,False,False,False,False,,
Oblivion.esm,INFO,0018D7DB,,NAM1,0,,,Do you have a moment? There's something we need to discuss.,시간 어때? 의논할게 좀 있어.,record,False,False,False,False,,
Oblivion.esm,INFO,0018D7DC,,NAM1,0,,,"I need to talk to you, soldier to soldier. ",군인 대 군인으로 할 얘기가 있네. ,record,False,False,False,False,,
Oblivion.esm,INFO,0018D7DD,,NAM1,0,,,Something's come up. It can't wait.,"할말이 있어, 시급해.",record,False,False,False,False,,
Oblivion.esm,INFO,00038FC5,,NAM1,0,,,I'm close to understanding the complete gate-opening ritual. The final section is almost within my grasp.,의식에 필요한 것들을 모두 알 것 같군. 이젠 마지막 부분도 거의 이해될 것 같네.,record,False,False,False,False,,
Oblivion.esm,INFO,000B121A,,NAM1,0,,,New blood. What is it?,새로운 피 그것은 뭐지?,record,False,False,False,False,,
Oblivion.esm,INFO,000B121B,,NAM1,0,,,Hmmm. Another comes to us. What is it?,흠. 다른사람들이 온다. 그것뭐지?,record,False,False,False,False,,
Oblivion.esm,INFO,00071DC2,,NAM1,0,,,"You finish the clean-up, new blood. Look in the houses. Get moving, so we can go home.",새로운 피가 깔끔하게 마무리할거다. 집을 조사해라. 집에 가기위해 움직여라.,record,False,False,False,False,,
Oblivion.esm,INFO,000A564A,,NAM1,0,,,Do something!,뭐든 행동하게!,record,False,False,False,False,,
Oblivion.esm,INFO,000335D5,,NAM1,0,,,You're okay.,당신은 괜찮아요.,record,False,False,False,False,,
Oblivion.esm,INFO,000335DE,,NAM1,0,,,Whatcha got?,무엇을 가지고 있소?,record,False,False,False,False,,
Oblivion.esm,INFO,000335E6,,NAM1,0,,,Don't butt in.,참견 마시오.,record,False,False,False,False,,
Oblivion.esm,INFO,000335EF,,NAM1,0,,,Thanks again.,다시 한 번 감사드리오.,record,False,False,False,False,,
Oblivion.esm,INFO,000335F3,,NAM1,0,,,I'm waiting.,기다리고 있겠습니다.,record,False,False,False,False,,
Oblivion.esm,INFO,000335F9,,NAM1,0,,,This is not your affair.,이건 당신의 일이 아니오.,record,False,False,False,False,,
Oblivion.esm,INFO,000335FF,,NAM1,0,,,We're in your debt.,우리가 당신에게 빚을 졌군.,record,False,False,False,False,,
Oblivion.esm,INFO,00033600,,NAM1,0,,,Do I want to hear this?,내가 이것을 들어도 되겠습니까?,record,False,False,False,False,,
Oblivion.esm,INFO,00033604,,NAM1,0,,,You're being rude.,당신 무례하군.,record,False,False,False,False,,
Oblivion.esm,INFO,0003360D,,NAM1,0,,,"Go ahead, boot.","전진하게, 신병.",record,False,False,False,False,,
Oblivion.esm,INFO,0003360E,,NAM1,0,,,"Report, soldier.","보고하게, 병사",record,False,False,False,False,,
Oblivion.esm,INFO,000535F3,,NAM1,0,,,You must make them stop!,당신은 그들을 멈추게 해야 하오.,record,False,False,False,False,,
Oblivion.esm,INFO,00033B29,,NAM1,0,,,Let's go.,어서 가자.,record,False,False,False,False,,
Oblivion.esm,INFO,00033B34,,NAM1,0,,,Good to see you.,만나서 반가워요.,record,False,False,False,False,,
Oblivion.esm,INFO,00033B38,,NAM1,0,,,Nice.,훌륭하군.,record,False,False,False,False,,
Oblivion.esm,INFO,00033B3C,,NAM1,0,,,Ready?,준비됬나?,record,False,False,False,False,,
Oblivion.esm,INFO,00033B40,,NAM1,0,,,About time.,시간이 없어요.,record,False,False,False,False,,
Oblivion.esm,INFO,00033B43,,NAM1,0,,,Good enough!,친절도 해라!,record,False,False,False,False,,
Oblivion.esm,INFO,00033B45,,NAM1,0,,,Let's take them!,어서 처리하자고!,record,False,False,False,False,,
Oblivion.esm,INFO,00033B46,,NAM1,0,,,All right!,좋았어!,record,False,False,False,False,,
Oblivion.esm,INFO,000335DC,,NAM1,0,,,That wasn't so bad.,나쁘진 않군요.,record,False,False,False,False,,
Oblivion.esm,INFO,000335E8,,NAM1,0,,,Ready?,준비됐어요?,record,False,False,False,False,,
Oblivion.esm,INFO,00066F2F,,NAM1,0,,,How's the fishing trip going?,낚시 여행은 어떻게 됐나?,record,False,False,False,False,,
Oblivion.esm,INFO,00036304,,NAM1,0,,,Silencer! You have returned! What news of the traitor?,사이랜서! 당신이 돌아왔군! 무슨 배신자의 소식이라도?,record,False,False,False,False,,
Oblivion.esm,INFO,0003C17A,,NAM1,0,,,The Gray Fox protects you.,그레이 폭스가 당신을 지켜줄 거요.,record,False,False,False,False,,
Oblivion.esm,INFO,00071F4E,,NAM1,0,,,"Hail, friend!","안녕하신가, 친구!",record,False,False,False,False,,
Oblivion.esm,INFO,00071F50,,NAM1,0,,,"Hello, fellow adventurer!","안녕하세요, 동료 모험가!",record,False,False,False,False,,
Oblivion.esm,INFO,000513BD,,NAM1,0,,,"Heh, heh.","헤, 헤.",record,False,False,False,False,,
Oblivion.esm,INFO,000335D7,,NAM1,0,,,"Yes, Master. You need me?","네, Master, 당신은 나를 필요로 합니까?",record,False,True,False,False,MEDIUM,Master
Oblivion.esm,INFO,000A564B,,NAM1,0,,,We've got work to do.,우리는 할일이 있다.,record,False,False,False,False,,
Oblivion.esm,INFO,0006DC2B,,NAM1,0,,,Get yer Black Horse Courier here!,여기 블랙 호스 신문입니다!,record,False,False,False,False,,
Oblivion.esm,INFO,0006DC2C,,NAM1,0,,,Everybody needs a copy of the Black Horse Courier!,모두들 오늘의 블랙 호스 신문입니다!,record,False,False,False,False,,
Oblivion.esm,INFO,0006DC2D,,NAM1,0,,,Don't be the last to read today's Black Horse Courier!,오늘의 블랙 호스 신문입니다. 늦지 않게 서두르세요!,record,False,False,False,False,,
Oblivion.esm,INFO,000B166C,,NAM1,0,,,Looking for other jobs? Don't look at me.,다른 직업을 구합니까? 나에게 기대하지말아요.,record,False,False,False,False,,
Oblivion.esm,INFO,00023E4E,,NAM1,0,,,Well I'll be a spotted Snow Bear -- a customer!,"잘 오세요, 난 언제나 여기 있습니다 -- 손님!",record,False,False,False,False,,
Oblivion.esm,INFO,0006A829,,NAM1,0,,,"Pardon me, noble Scholar, but... Could I speak with you a minute?","실례해요, 존경하는 학자님, 그런데 잠시만 얘기할 수 있을까요?",record,False,False,False,False,,
Oblivion.esm,INFO,0018BB03,,NAM1,0,,,Speak.,말하시오.,record,False,False,False,False,,
Oblivion.esm,INFO,0007028D,,NAM1,0,,,"Mind telling me why you're sneakin' about? I don't think I have to tell you what the Legion thinks of thieves, now do I?","네 놈이 몰래 기어들어온 이유를 내 마음이 말해주더군. 제국군이 도둑을 어떻게 생각하는지에 대해서 말할 필요가 없다고 생각하는데, 듣고 싶나?",record,False,False,False,False,,
Oblivion.esm,INFO,0007028E,,NAM1,0,,,"Whoa, girl! Whoa! Easy now... It's all right. Sorry, civilian. My steed gets spooked a bit easily. It's all those damn goblins and trolls, you see. ","워,워! 진정해... 됐어요, 죄송합니다. 제 말은 좀 쉽게 겁에 질리거든요. 이게 당신도 봤을 그 망할 고블린과 트롤들 때문입니다. ",record,False,False,False,False,,
Oblivion.esm,INFO,00061458,,NAM1,0,,,Shhh! You'll spook the deer!,쉿! 사슴이 놀라겠어!,record,False,False,False,False,,
Oblivion.esm,INFO,0018BC20,,NAM1,0,,,"You have my ear, citizen.","말하세요, 시민.",record,False,False,False,False,,
Oblivion.esm,INFO,0006A847,,NAM1,0,,,Apprentice! Wait right there. We need to talk.,견습생이여! 거기에 잠시만요. 말 좀 합시다.,record,False,False,False,False,,
Oblivion.esm,INFO,00069477,,NAM1,0,,,"Fellow magister, may I speak with you?","동료 마법사 님, 잠시 시간좀 내 주시겠어요?",record,False,False,False,False,,
Oblivion.esm,INFO,0006A848,,NAM1,0,,,"I know you're busy, but I need a moment of your time.","바쁜건 알지만, 잠시 방해하도록 할게요.",record,False,False,False,False,,
Oblivion.esm,INFO,0006A849,,NAM1,0,,,Magister! We must talk! Please... It's rather urgent.,마법사 님! 할 이야기가 있어요! 제발요... 꽤 급한 일이에요.,record,False,False,False,False,,
Oblivion.esm,INFO,0006A84A,,NAM1,0,,,"Excuse me, fellow magister. Is now a good time to talk?","실례합니다, 동료 마법사 님. 잠시 시간 좀 뺐어도 되겠습니까? ",record,False,False,False,False,,
Oblivion.esm,INFO,0006A84B,,NAM1,0,,,"Ahh, magister. I just remembered, there's something I'd like to discuss with you.","아아, 마법사 님. 방금 기억났는데, 당신과 잠시 토의할 게 있어요.",record,False,False,False,False,,
Oblivion.esm,INFO,000688EF,,NAM1,0,,,Baurus. I want you to know... I don't blame you for what happened. You did everything you could. I'm glad to have you here by my side.,"보러스(Baurus), 알아 주게... 어떤 일이 있었던지 난 원망하지 않네. 자네는 최선을 다했어. 자네가 여기 내 곁에 있는 것이 기쁘네.",record,True,True,False,False,HIGH,Baurus
Oblivion.esm,INFO,0006833E,,NAM1,0,,,"Bladesman, I was wondering if I might have a word?","블레이드 여러분, 할말을 좀 해도 될까요?",record,False,False,False,False,,
Oblivion.esm,INFO,00068340,,NAM1,0,,,"Excuse me. If you have a moment, I would speak with you.",실례하네. 잠시 할 말이 있네.,record,False,False,False,False,,
Oblivion.esm,INFO,000688F0,,NAM1,0,,,Hail Blade. Do you have a moment to talk?,"여, 병사. 잠시 얘기 좀 할까?",record,False,False,False,False,,
Oblivion.esm,INFO,000688F1,,NAM1,0,,,Baurus. Good to see you.,"보러스(Baurus), 안녕.",record,True,True,False,False,HIGH,Baurus
Oblivion.esm,INFO,000688F2,,NAM1,0,,,Caroline. Don't let me keep you.,"캐롤라인(Caroline), 수고하게.",record,True,True,False,False,HIGH,Caroline
Oblivion.esm,INFO,000688F3,,NAM1,0,,,"Belisarius, how are you?","벨리사리우스(Belisarius), 안녕?",record,True,True,False,False,HIGH,Belisarius
Oblivion.esm,INFO,000688F4,,NAM1,0,,,"Hail, Cyrus.","이 보게, 사이러스(Cyrus).",record,True,True,False,False,HIGH,Cyrus
Oblivion.esm,INFO,000688F5,,NAM1,0,,,"Jena, good day to you.","제나(Jena), 좋은 하루.",record,True,True,False,False,HIGH,Jena
Oblivion.esm,INFO,000688F6,,NAM1,0,,,"Roliand, all's well, I trust.","롤리안드(Roliand), 잘 될 거야, 날 믿게.",record,True,True,False,False,HIGH,Roliand
Oblivion.esm,INFO,000688F7,,NAM1,0,,,Captain. Carry on.,"대장, 계속 수고.",record,False,False,False,False,,
Oblivion.esm,INFO,000688F8,,NAM1,0,,,"Good day, Jauffre.","좋은 날이군요, 죠프리(Jauffre).",record,True,True,False,False,HIGH,Jauffre
Oblivion.esm,INFO,000688F9,,NAM1,0,,,"Hail, Blade. What news?","이 보게, 병사. 무슨 일 있나?",record,False,False,False,False,,
Oblivion.esm,INFO,00067DBD,,NAM1,0,,,My lord... I would speak with you.,주군... 드릴 말씀이 있습니다.,record,False,False,False,False,,
Oblivion.esm,INFO,00068341,,NAM1,0,,,"My lord, I was wondering if I could speak with you. I understand that you have many more pressing concerns...","주군, 중요한 일이 많으신 줄 알고 있습니다만... 잠시 말씀 드려도 괜찮겠습니까?",record,False,False,False,False,,
Oblivion.esm,INFO,00067DC1,,NAM1,0,,,"My lord, please excuse my presumption, but I would speak with you.","주군, 무례를 용서하시길... 드릴 말씀이 있습니다.",record,False,False,False,False,,
Oblivion.esm,INFO,000688FA,,NAM1,0,,,"Good day to you, my lord.",안녕하십니까 주군.,record,False,False,False,False,,
Oblivion.esm,INFO,00066F31,,NAM1,0,,,Hello.,안녕하신가?,record,False,False,False,False,,
Oblivion.esm,INFO,00066F32,,NAM1,0,,,The fishing is best when it's raining like this. The fish all come right to the top. It's like they're waiting to be caught.,낚시는 이처럼 비 올 때가 가장 좋은 법이지. 물고기들이 모두 위로 모이거든. 마치 잡히길 기다리는 것처럼 말일세.,record,False,False,False,False,,
Oblivion.esm,INFO,00068853,,NAM1,0,,,"Finally, I'll be able to retire.","마침내, 은퇴할 수 있게 됐어.",record,False,False,False,False,,
Oblivion.esm,INFO,0007B722,,NAM1,0,,,"Still staying away from my fishing spots? I may be retired but they're still mine, you understand?","아직도 내 낚시터에서 얼쩡대나? 내가 은퇴했을지 언정 여전히 거긴 내 소유라네, 알겠나?",record,False,False,False,False,,
Oblivion.esm,INFO,0007B727,,NAM1,0,,,"Yessir, no more fish for me. Just long peaceful days ahead for ol' Aelwin Merowald.",내게는 더 필요가 없네. 늙은 Aelwin Merowald에겐 긴 평화로운 날들이 있을 뿐이야.,record,False,True,False,False,MEDIUM,"Aelwin, Merowald"
Oblivion.esm,INFO,000363BA,,NAM1,0,,,Oh. It's you again.,오. 당신이구려.,record,False,False,False,False,,
Oblivion.esm,INFO,00062C87,,NAM1,0,,,To what do I owe this pleasure?,이 기쁨을 어떻게 보답해야 할지?,record,False,False,False,False,,
Oblivion.esm,INFO,00062C88,,NAM1,0,,,"Should you need something, I will be happy to oblige.","뭔가 필요하다면, 내 기꺼이 들어 드리리다.",record,False,False,False,False,,
Oblivion.esm,INFO,00062C97,,NAM1,0,,,"How fair thee, friend?","친구, 상태는 어떤가?",record,False,False,False,False,,
Oblivion.esm,INFO,00062C98,,NAM1,0,,,"Welcome. Please, don't be shy. I'm listening.",어서오세요. 아무쪼록 주저하지 마시고 얘기해 보세요.,record,False,False,False,False,,
Oblivion.esm,INFO,00062CA7,,NAM1,0,,,"How does the day greet you, friend?","안녕, 친구.",record,False,False,False,False,,
Oblivion.esm,INFO,00062CA8,,NAM1,0,,,May I help you?,도움이 필요한가요?,record,False,False,False,False,,
Oblivion.esm,INFO,00062CB7,,NAM1,0,,,"I'm listening, please, go ahead.",들을테니 어서 말해봐요.,record,False,False,False,False,,
Oblivion.esm,INFO,00062CB8,,NAM1,0,,,"Go ahead, I'm listening.","말 하시오, 들어 주겠소.",record,False,False,False,False,,
Oblivion.esm,INFO,00062CC7,,NAM1,0,,,I suppose I have a moment. What is it?,"잠시만요, 뭡니까?",record,False,False,False,False,,
Oblivion.esm,INFO,00062CC8,,NAM1,0,,,Do you need something?,뭔가가 필요한가요?,record,False,False,False,False,,
Oblivion.esm,INFO,00062CD7,,NAM1,0,,,"I am busy, so, if you will excuse me.","실례지만, 바쁘네요.",record,False,False,False,False,,
Oblivion.esm,INFO,00062CD8,,NAM1,0,,,I hope this won't take long.,길지 않길 바라겠소.,record,False,False,False,False,,
Oblivion.esm,INFO,00062CE7,,NAM1,0,,,Is it necessary that you speak with me?,나와 얘기할 필요가 있는 건가?,record,False,False,False,False,,
Oblivion.esm,INFO,00062CE8,,NAM1,0,,,Be quick about this or find someone else to talk to.,이야기 하려면 서둘러 주겠나. 아니면 다른 사람을 찾아보던가.,record,False,False,False,False,,
Oblivion.esm,INFO,00062CF4,,NAM1,0,,,You hardly seem worth talking to.,댁과 애기할 아무런 가치도 없어뵈는군.,record,False,False,False,False,,
Oblivion.esm,INFO,00062C86,,NAM1,0,,,I'm very happy to make your acquaintance.,당신을 알게되서 기쁘군요.,record,False,False,False,False,,
Oblivion.esm,INFO,00062C89,,NAM1,0,,,I am never too busy for good talk.,좋은 이야기라면 못할것도 없지.,record,False,False,False,False,,
Oblivion.esm,INFO,00062C96,,NAM1,0,,,"Please, join me.","제발, 들어줘.",record,False,False,False,False,,
Oblivion.esm,INFO,00062C99,,NAM1,0,,,It's so good to meet you.,만나서 너무 좋군요.,record,False,False,False,False,,
Oblivion.esm,INFO,00062CA6,,NAM1,0,,,"Walk with virtue, friend.","미덕과 함께 걸으시오, 친구.",record,False,False,False,False,,
Oblivion.esm,INFO,00062CA9,,NAM1,0,,,May I help you?,도와 드릴까요?,record,False,False,False,False,,
Oblivion.esm,INFO,00062CB6,,NAM1,0,,,I'm listening. Go ahead.,들어보겠소. 해보시오.,record,False,False,False,False,,
Oblivion.esm,INFO,00062CB9,,NAM1,0,,,You may speak.,말하셔도 좋습니다.,record,False,False,False,False,,
Oblivion.esm,INFO,00062CC6,,NAM1,0,,,"What is it, sera?","뭐야, sera?",record,False,True,False,False,MEDIUM,sera
Oblivion.esm,INFO,00062CC9,,NAM1,0,,,"What is it, muthsera?","뭐야, muthsera?",record,False,True,False,False,MEDIUM,muthsera
Oblivion.esm,INFO,00062CD6,,NAM1,0,,,Spit it out or hit the road.,"빨리 말하든지, 아님 절루가.",record,False,False,False,False,,
Oblivion.esm,INFO,00062CD9,,NAM1,0,,,"Whatever you're looking for, I'm sure I don't know how to find it.","뭘 찾는진 몰라도, 난 모른다는 것만은 분명합니다.",record,False,False,False,False,,
Oblivion.esm,INFO,00062CE6,,NAM1,0,,,"If you'll excuse me, I don't have time for you right now. Or ever.","실례지만, 지금 좀 시간이 없어요. 그럼.",record,False,False,False,False,,
Oblivion.esm,INFO,00062CE9,,NAM1,0,,,What hole did you crawl out of?,어느 구멍에서 나온거야?,record,False,False,False,False,,
Oblivion.esm,INFO,00062CF5,,NAM1,0,,,You remind me of my homeland. During the Blight.,당신을 보니 제 고향이 떠오르는군요. 황폐한 시기의.,record,False,False,False,False,,
Oblivion.esm,INFO,00062C85,,NAM1,0,,,"Welcome! If you wish to talk, it is really no trouble at all.","환영합니다. 대화하길 원하신다면, 전혀 문제될거 없습니다.",record,False,False,False,False,,
Oblivion.esm,INFO,00062C8A,,NAM1,0,,,How delightful! Welcome.,반갑군! 환영합니다.,record,False,False,False,False,,
Oblivion.esm,INFO,00062C95,,NAM1,0,,,An honor to be sure.,정말 영광입니다.,record,False,False,False,False,,
Oblivion.esm,INFO,00062C9A,,NAM1,0,,,"You're in good company, friend. Welcome.","염려 말아, 친구. 해보게.",record,False,False,False,False,,
Oblivion.esm,INFO,00062CA5,,NAM1,0,,,"You seem quite intriguing. Please, share your thoughts.","흥미로워 보이네요. 어디, 의견을 나눠 봅시다.",record,False,False,False,False,,
Oblivion.esm,INFO,00062CAA,,NAM1,0,,,Greetings. What exactly do you require of me?,안녕하세요. 제게 원하는 바가 있나요?,record,False,False,False,False,,
Oblivion.esm,INFO,00062CB5,,NAM1,0,,,I see you. Hello.,만나서 반갑군요.,record,False,False,False,False,,
Oblivion.esm,INFO,00062CBA,,NAM1,0,,,"All right then, I'm listening.","그래, 들어보죠.",record,False,False,False,False,,
Oblivion.esm,INFO,00062CC5,,NAM1,0,,,Any time now.,언제든지.,record,False,False,False,False,,
Oblivion.esm,INFO,00062CCA,,NAM1,0,,,"Ah, how quaint. How do you do?","오, 이럴수가. 안녕하세요?",record,False,False,False,False,,
Oblivion.esm,INFO,00062CD5,,NAM1,0,,,Identify yourself.,신분을 밝혀라.,record,False,False,False,False,,
Oblivion.esm,INFO,00062CDA,,NAM1,0,,,Is it necessary that you speak with ME?,정말 나와 얘기하지 않으면 안되는건가?,record,False,False,False,False,,
Oblivion.esm,INFO,00062CE5,,NAM1,0,,,Ask a commoner.,다른녀석에게 물어봐.,record,False,False,False,False,,
Oblivion.esm,INFO,00062CEA,,NAM1,0,,,You creatures are all the same.,당신 같은 족속은 모두 똑같지.,record,False,False,False,False,,
Oblivion.esm,INFO,00062CF6,,NAM1,0,,,This is an unwelcome surprise.,그다지 반갑지 않은데.,record,False,False,False,False,,
Oblivion.esm,INFO,00062C84,,NAM1,0,,,May you walk on warm sands.,가는길 평탄하기를.,record,False,False,False,False,,
Oblivion.esm,INFO,00062C8B,,NAM1,0,,,"Warm day to you, friend.","친구여, 따뜻해지면 좋겠어.",record,False,False,False,False,,
Oblivion.esm,INFO,00062C94,,NAM1,0,,,"Sugar and sands, friend.","정과 용기를, 친구여.",record,False,False,False,False,,
Oblivion.esm,INFO,00062C9B,,NAM1,0,,,Good friend. This is an honor.,멋진 친구. 이거 영광인데.,record,False,False,False,False,,
Oblivion.esm,INFO,00062CA4,,NAM1,0,,,"Swift hunting, friend.","어서 처리하게, 친구.",record,False,False,False,False,,
Oblivion.esm,INFO,00062CAB,,NAM1,0,,,Its scent is unfamiliar.,익숙지 않은 향기다.,record,False,False,False,False,,
Oblivion.esm,INFO,00062CB4,,NAM1,0,,,It has no master?,네 주인은?,record,False,False,False,False,,
Oblivion.esm,INFO,00062CBB,,NAM1,0,,,Good hunting.,행운을 비네.,record,False,False,False,False,,
Oblivion.esm,INFO,00062CC4,,NAM1,0,,,You have words?,할 말이 있나?,record,False,False,False,False,,
Oblivion.esm,INFO,00062CCB,,NAM1,0,,,Speak while the sands are warm.,모래가 식기전에 말해줘.,record,False,False,False,False,,
Oblivion.esm,INFO,00062CD4,,NAM1,0,,,Khajiit has no words for you.,Khajiit은 너와 말하지 않는다.,record,False,True,False,False,MEDIUM,Khajiit
Oblivion.esm,INFO,00062CDB,,NAM1,0,,,It comes near. What does it want?,아... 뭔가왔다. 이녀석은 뭘 원할까?,record,False,False,False,False,,
Oblivion.esm,INFO,00062CE4,,NAM1,0,,,To greet you? Or eat you?,맞이할까? 아니면 먹어줘?,record,False,False,False,False,,
Oblivion.esm,INFO,00062CEB,,NAM1,0,,,Go away. Do not come back.,다른데로 가. 다신 오지마.,record,False,False,False,False,,
Oblivion.esm,INFO,00062CF7,,NAM1,0,,,Can it speak? Can it make words?,대화할수 있나? 말할수 있나?,record,False,False,False,False,,
Oblivion.esm,INFO,00062C8C,,NAM1,0,,,"Well, here's a fine one! Speak freely.","음, 괜찮네! 마음놓고 말해보게.",record,False,False,False,False,,
Oblivion.esm,INFO,00062C93,,NAM1,0,,,"Hail and welcome, friend. Hail!","환영하네, 친구. 어서오게!",record,False,False,False,False,,
Oblivion.esm,INFO,00062C9C,,NAM1,0,,,Salute! Welcome! Please say your piece.,어서 오십시오! 뭐든지 말해 주세요.,record,False,False,False,False,,
Oblivion.esm,INFO,00062CA3,,NAM1,0,,,This is a grand day. Greetings.,오늘은 멋진 날이오. 안녕하신가.,record,False,False,False,False,,
Oblivion.esm,INFO,00062CAC,,NAM1,0,,,"Today's your lucky day, so let's hear it.","오늘은 재수가 좋네요, 어디 한번 들어보죠.",record,False,False,False,False,,
Oblivion.esm,INFO,00062CB3,,NAM1,0,,,"I take it you want something. Well, what is it?","당신은 뭔가 원하고 있나본데, 그래, 그게 뭔가?",record,False,False,False,False,,
Oblivion.esm,INFO,00062CBC,,NAM1,0,,,What's your story?,할 말이 뭡니까?,record,False,False,False,False,,
Oblivion.esm,INFO,00062CC3,,NAM1,0,,,May the wind be on your back.,만사 순풍하시오.,record,False,False,False,False,,
Oblivion.esm,INFO,00062CCC,,NAM1,0,,,Head on.,해봐.,record,False,False,False,False,,
Oblivion.esm,INFO,00062CD3,,NAM1,0,,,Say your piece or stand aside.,확실히 말하던가 아니면 절루가.,record,False,False,False,False,,
Oblivion.esm,INFO,00062CDC,,NAM1,0,,,Someone should teach you some manners.,너는 누군가에게 매너를 좀 배워야겠다.,record,False,False,False,False,,
Oblivion.esm,INFO,00062CE3,,NAM1,0,,,"Bother me again, and you might live to regret it.","또 참견해봐라, 살아있는걸 후회하게 해줄테니.",record,False,False,False,False,,
Oblivion.esm,INFO,00062CEC,,NAM1,0,,,You remind me of a witch I once knew. I hate witches.,너를 보고 있으면 마녀(witches)가 생각이 난다. 나는 마녀가 싫다.,record,True,True,False,False,HIGH,witches
Oblivion.esm,INFO,00062CF3,,NAM1,0,,,Get out of here before you get hurt.,다치기 전에 여기서 나가.,record,False,False,False,False,,
Oblivion.esm,INFO,00062CF8,,NAM1,0,,,Are you here to challenge me? I don't think so.,나에게 도전하려는 건가? 무리라고 보는데.,record,False,False,False,False,,
Oblivion.esm,INFO,00062C82,,NAM1,0,,,"I feel I can truly share with you, without fear.",나는 아무 문제없이 당신과 해 나갈 것이오.,record,False,False,False,False,,
Oblivion.esm,INFO,00062C8D,,NAM1,0,,,A sincere welcome to you. May you be forever blessed.,진심으로 환영합니다. 당신께 축복이 영원하기를.,record,False,False,False,False,,
Oblivion.esm,INFO,00062C92,,NAM1,0,,,"A hail and hardy welcome, friend.","어서와. 환영하네, 친구.",record,False,False,False,False,,
Oblivion.esm,INFO,00062C9D,,NAM1,0,,,Such good company. Welcome.,아주 멋진 친구로구만. 환영하네.,record,False,False,False,False,,
Oblivion.esm,INFO,00062CA2,,NAM1,0,,,Do not fear. I will assist you however I can.,걱정하지마. 어떻게든 맞춰줄테니.,record,False,False,False,False,,
Oblivion.esm,INFO,00062CAD,,NAM1,0,,,May your kills be quick and many.,재빠르게 더많이 해치워버려.,record,False,False,False,False,,
Oblivion.esm,INFO,00062CB2,,NAM1,0,,,Ask and I will listen.,물어봐 내가 들어 줄테니.,record,False,False,False,False,,
Oblivion.esm,INFO,00062CBD,,NAM1,0,,,You seek my help?,내 도움을 원하나?,record,False,False,False,False,,
Oblivion.esm,INFO,00062CC2,,NAM1,0,,,Fight well.,무운을.,record,False,False,False,False,,
Oblivion.esm,INFO,00062CCD,,NAM1,0,,,Blade and bone. Speak to me.,검과 뼈에 걸고. 말해봐.,record,False,False,False,False,,
Oblivion.esm,INFO,00062CD2,,NAM1,0,,,"Hurry up, before I change my mind.","서둘러, 내 마음이 바뀌기 전에.",record,False,False,False,False,,
Oblivion.esm,INFO,00062CDD,,NAM1,0,,,Annoying creature.,성가신 놈.,record,False,False,False,False,,
Oblivion.esm,INFO,00062CE2,,NAM1,0,,,I haven't time for fools.,난 바보를 상대할 시간은 없다.,record,False,False,False,False,,
Oblivion.esm,INFO,00062CED,,NAM1,0,,,By what right do you disturb me?,"무슨 권리로, 날 이렇게 불쾌하게 하는거지?",record,False,False,False,False,,
Oblivion.esm,INFO,00062CF2,,NAM1,0,,,I've killed far worse than you.,난 너보다 훨씬 더 죽여줬지.,record,False,False,False,False,,
Oblivion.esm,INFO,00062C81,,NAM1,0,,,What did I do to deserve this honor?,내가 뭘했다고 이런 영광을?,record,False,False,False,False,,
Oblivion.esm,INFO,00062C8E,,NAM1,0,,,The pleasure is all mine.,기쁘군요.,record,False,False,False,False,,
Oblivion.esm,INFO,00062C91,,NAM1,0,,,I like what I see.,난 내가 보는게 좋아.,record,False,False,False,False,,
Oblivion.esm,INFO,00062C9E,,NAM1,0,,,"Well, what have we here?","글쎄, 여기서 뭐 하는 거야?",record,False,False,False,False,,
Oblivion.esm,INFO,00062CA1,,NAM1,0,,,"Anytime, friend. I'm right here.","언제든지, 친구. 난 여기에 있어.",record,False,False,False,False,,
Oblivion.esm,INFO,00062CAE,,NAM1,0,,,"So, what's this about?","그래, 무슨 용건이오?",record,False,False,False,False,,
Oblivion.esm,INFO,00062CB1,,NAM1,0,,,What's your story?,무슨 할말이 있소?,record,False,False,False,False,,
Oblivion.esm,INFO,00062CBE,,NAM1,0,,,You've got my ear. Let's hear it.,당신 내 귀를 사로 잡는군. 한번 들어 보자구.,record,False,False,False,False,,
Oblivion.esm,INFO,00062CC1,,NAM1,0,,,Talk is free. What do you want?,말하는 거야 자유지. 뭘 원하는 거야?,record,False,False,False,False,,
Oblivion.esm,INFO,00062CCE,,NAM1,0,,,What brings you here?,무슨 일로 여기 온거야?,record,False,False,False,False,,
Oblivion.esm,INFO,00062CD1,,NAM1,0,,,Nothing's keeping you here. So move on.,여기 있을 필요 없어. 자 움직이자.,record,False,False,False,False,,
Oblivion.esm,INFO,00062CDE,,NAM1,0,,,Keep walking.,전진하게.,record,False,False,False,False,,
Oblivion.esm,INFO,00062CE1,,NAM1,0,,,"If you're looking for trouble, you're getting very warm.","문제거리를 찾고있는 거라면, 지금이 바로 그래.",record,False,False,False,False,,
Oblivion.esm,INFO,00062CEE,,NAM1,0,,,I don't think so.,그렇게 생각하지 않아.,record,False,False,False,False,,
Oblivion.esm,INFO,00062CF1,,NAM1,0,,,Get lost.,꺼져.,record,False,False,False,False,,
Oblivion.esm,INFO,00062C80,,NAM1,0,,,"If there is anything I can do, I am humbly at your service.","뭔가 할 수 있는 일이 있으면, 사양말고 말해 주세요.",record,False,False,False,False,,
Oblivion.esm,INFO,00062C8F,,NAM1,0,,,I have a feeling that you and I are about to become very close.,우리 사이가 아주 가까워진듯 하군요.,record,False,False,False,False,,
Oblivion.esm,INFO,00062C90,,NAM1,0,,,Greetings and salutations.,만나서 반갑습니다.,record,False,False,False,False,,
Oblivion.esm,INFO,00062C9F,,NAM1,0,,,This is a wondrous encounter. Welcome.,이거 참 멋진 만남이로군요. 환영합니다.,record,False,False,False,False,,
Oblivion.esm,INFO,00062CA0,,NAM1,0,,,"I'm so happy to see you, I could burst!",만나서 영광입니다. 너무 기쁘네요!,record,False,False,False,False,,
Oblivion.esm,INFO,00062CAF,,NAM1,0,,,"Interesting, go on.","흥미롭군, 계속해.",record,False,False,False,False,,
Oblivion.esm,INFO,00062CB0,,NAM1,0,,,From where do you hail?,어디서 오셨나요?,record,False,False,False,False,,
Oblivion.esm,INFO,00062CBF,,NAM1,0,,,"I don't know if I can help you, but I'll try.","도움이 될 수 있을지 모르겠지만, 도와줄게요.",record,False,False,False,False,,
Oblivion.esm,INFO,00062CC0,,NAM1,0,,,How do you do?,처음 뵙겠소.,record,False,False,False,False,,
Oblivion.esm,INFO,00062CCF,,NAM1,0,,,Do you want something from me?,내게 원하는게 있나요?,record,False,False,False,False,,
Oblivion.esm,INFO,00062CD0,,NAM1,0,,,I don't like you much.,당신 별로 맘에 안들어.,record,False,False,False,False,,
Oblivion.esm,INFO,00062CDF,,NAM1,0,,,Can't you find someone else to bother?,귀찮게 할사람이 나밖에 없나?,record,False,False,False,False,,
Oblivion.esm,INFO,00062CE0,,NAM1,0,,,Can't you see I wish to be left alone!,내가 혼자 있고 싶어 하는게 안보이나!,record,False,False,False,False,,
Oblivion.esm,INFO,00062CEF,,NAM1,0,,,You annoy even me.,정말 귀찮게 하는군.,record,False,False,False,False,,
Oblivion.esm,INFO,00062CF0,,NAM1,0,,,I really don't want you around me.,제 주변에서 기웃거리지 좀 마시죠.,record,False,False,False,False,,
Oblivion.esm,INFO,00091A76,,NAM1,0,,,Blessed we are.,우리에게 가호를.,record,False,False,False,False,,
Oblivion.esm,INFO,00091A77,,NAM1,0,,,"Greetings, honored friend.","안녕히, 자랑스런 친구여.",record,False,False,False,False,,
Oblivion.esm,INFO,00091A78,,NAM1,0,,,"Yes, honored guest?","네, 손님?",record,False,False,False,False,,
Oblivion.esm,INFO,00091A79,,NAM1,0,,,"A visitor, yes?","손님, 어쩐일로?",record,False,False,False,False,,
Oblivion.esm,INFO,00091A7A,,NAM1,0,,,Honored one.,자랑스런이여.,record,False,False,False,False,,
Oblivion.esm,INFO,00091A7D,,NAM1,0,,,Yes?,네?,record,False,False,False,False,,
Oblivion.esm,INFO,00091A82,,NAM1,0,,,Tidings.,새소식이오.,record,False,False,False,False,,
Oblivion.esm,INFO,00091A83,,NAM1,0,,,Fresh game.,신선한데.,record,False,False,False,False,,
Oblivion.esm,INFO,00091A84,,NAM1,0,,,The prey approaches.,먹이감이 오는군.,record,False,False,False,False,,
Oblivion.esm,INFO,00091A85,,NAM1,0,,,Questions?,질문있나?,record,False,False,False,False,,
Oblivion.esm,INFO,00091A86,,NAM1,0,,,This scent is foul.,고약한 냄새.,record,False,False,False,False,,
Oblivion.esm,INFO,00091A8C,,NAM1,0,,,Hiss!,쉿!,record,False,False,False,False,,
Oblivion.esm,INFO,00091A8D,,NAM1,0,,,Unwelcome it is.,반갑지 않아.,record,False,False,False,False,,
Oblivion.esm,INFO,00091A8F,,NAM1,0,,,A hated one.,꼴보기 싫은놈.,record,False,False,False,False,,
Oblivion.esm,INFO,0018AFDD,,NAM1,0,,,Hello there.,안녕하세요.,record,False,False,False,False,,
Oblivion.esm,INFO,0000A251,,NAM1,0,,,"Ah, the Prowler approaches.","아, 절도범이 가까이 오는군.",record,False,False,False,False,,
Oblivion.esm,INFO,0018AE7A,,NAM1,0,,,Please show your respect for the Imperial Palace by keeping your voice down.,제국 황궁에서는 목소리를 낮추는 예의를 갖추십시오.,record,False,False,False,False,,
Oblivion.esm,INFO,0018AE7B,,NAM1,0,,,"All visitors to the Imperial Palace are asked to keep their voices down, especially if the Council is in session.","모든 임페리얼 궁전 방문자들은 특히, 위원회가 회의 중일 때는 목소리를 낮춰야 하오.",record,False,False,False,False,,
Oblivion.esm,INFO,00073B4B,,NAM1,0,,,"Step back, plague bearer.","저리가, 전염병자.",record,False,False,False,False,,
Oblivion.esm,INFO,00073B60,,NAM1,0,,,Take your flies and your sores over there.,네 파리들과 상처를 저기로 가져 가라고.,record,False,False,False,False,,
Oblivion.esm,INFO,00073B61,,NAM1,0,,,Get a cure! And keep your distance.,치료를 받아! 그리고 거리를 유지해.,record,False,False,False,False,,
Oblivion.esm,INFO,00073B62,,NAM1,0,,,Gods! Pox and rot! Get away from me!,젠장 할! 천연두와 부패병! 내게서 떨어져!,record,False,False,False,False,,
Oblivion.esm,INFO,00073B63,,NAM1,0,,,"Shoo! Flies, lice and disease? No, thank you.","쉿! 파리와 이에다 질병이라고? 아니, 사양할게.",record,False,False,False,False,,
Oblivion.esm,INFO,0006FDAE,,NAM1,0,,,"All's quiet, eh? Times like this I think the thieves are all away on holiday.","모든 게 조용하군, 그렇지? 이럴 때 난 도둑들이 모두 휴가를 떠났다는 생각이 들더라구.",record,False,False,False,False,,
Oblivion.esm,INFO,0007028C,,NAM1,0,,,"Hail, fellow horseman! All's quiet in your stretch of the wild, I hope.","반갑네, 친구. 자네 구역이 조용하길 바라네.",record,False,False,False,False,,
Oblivion.esm,INFO,0006FDB0,,NAM1,0,,,So? What do you have to report?,그래서? 무슨 보고할 거라도 있나?,record,False,False,False,False,,
Oblivion.esm,INFO,0006FDB3,,NAM1,0,,,"You look tired, my friend. I hope you're holding up all right.","피곤해 보이는군, 친구. 좋아지길 바래.",record,False,False,False,False,,
Oblivion.esm,INFO,0006FDC8,,NAM1,0,,,"What do you say, pal? Seen any action?","뭐라고 말하는 건가, 친구? 뭐라도 봤어?",record,False,False,False,False,,
Oblivion.esm,INFO,0006FDC9,,NAM1,0,,,"How goes it, friend? Keeping the killers and cutpurses at bay?","어떻게 지내나, 친구? 살인자와 소매치기들이 아직 만에 있나?",record,False,False,False,False,,
Oblivion.esm,INFO,0018AD65,,NAM1,0,,,I'm just lucky to be alive.,살아남은 게 행운이야.,record,False,False,False,False,,
Oblivion.esm,INFO,0018AD67,,NAM1,0,,,"I just can't sleep. I lie down and close my eyes, but I can't stop thinking about it.",잠을 이룰 수가 없어. 누워서 눈을 감아도 그 생각 때문에 잘 수가 없어.,record,False,False,False,False,,
Oblivion.esm,INFO,0018AD69,,NAM1,0,,,"It's the smell, really. Smoke and fire. And something worse. In the ruins.",온통 화염과 연기 냄세 뿐이군. 폐허도 이보단 덜 할거야.,record,False,False,False,False,,
Oblivion.esm,INFO,0018A955,,NAM1,0,,,"Waiting's been difficult, I hope your journey was successful.",기다리는 게 힘들더군. 자네 여행이 성공적이었기 바라네.,record,False,False,False,False,,
Oblivion.esm,INFO,0018A956,,NAM1,0,,,Ten years of research down the drain...,십 년의 연구가 수포로 돌아갔네... ,record,False,False,False,False,,
Oblivion.esm,INFO,00028BBB,,NAM1,0,,,Yeah?,응?,record,False,False,False,False,,
Oblivion.esm,INFO,001885DC,,NAM1,0,,,I'm so happy to see you again!,다시 만나 정말 기뻐요!,record,False,False,False,False,,
Oblivion.esm,INFO,00189186,,NAM1,0,,,"Sorry, I have little time to speak.","미안합니다, 이야기할 시간이 거의 없군요.",record,False,False,False,False,,
Oblivion.esm,INFO,00189D0C,,NAM1,0,,,You are always welcome at Harm's Folly.,함의 어리석음는 언제든지 그대를 환영합니다.,record,False,False,False,False,,
Oblivion.esm,INFO,0018A961,,NAM1,0,,,"Now that I have my notes back, my research continues.","이제 내 노트가 돌아왔기에, 연구는 계속됩니다.",record,False,False,False,False,,
Oblivion.esm,INFO,0018ABD9,,NAM1,0,,,I'm at your disposal.,당신의 뜻에 따르겠습니다.,record,False,False,False,False,,
Oblivion.esm,INFO,0018B9FF,,NAM1,0,,,Hail!,안녕!,record,False,False,False,False,,
Oblivion.esm,INFO,0018D936,,NAM1,0,,,Back again I see!,다시 만났구나!,record,False,False,False,False,,
Oblivion.esm,INFO,00061568,,NAM1,0,,,"Ah, my savior. Back again for a visit are we?","아, 나의 구원자여. 우리를 방문하기 위해서 돌아와 주신 건가요?",record,False,False,False,False,,
Oblivion.esm,INFO,0018917B,,NAM1,0,,,"So, what's the news from Greyland?",그래 그레이랜드 건으로 진전은 있나?,record,False,False,False,False,,
Oblivion.esm,INFO,00189183,,NAM1,0,,,"Well met, adventurer. A moment of your time if you please.","만나서 반갑네, 모험가, 괜찮으면 시간좀 내줄수 있겠나?",record,False,False,False,False,,
Oblivion.esm,INFO,0015974C,,NAM1,0,,,Oh. It's you.,"오, 당신이군요.",record,False,False,False,False,,
Oblivion.esm,INFO,0004ED60,,NAM1,0,,,"Whew. I've never worked so hard on a formula in my life, but I got your Grand Elixir of Exploration done.",휴. 내 인생에서 이토록 열심히 일한 적이 없었어요. 그래도 당신의 고급 영약이 완성됐습니다.,record,False,False,False,False,,
Oblivion.esm,INFO,0004E954,,NAM1,0,,,Shhhhhh!,쉬쉬쉿!,record,False,False,False,False,,
Oblivion.esm,INFO,0004E955,,NAM1,0,,,"Researching the Elixir has been exhausting, but well worth the time.","엘릭서 연구는 힘이 드는 일이지만, 충분히 그만한 가치가 있지요.",record,False,False,False,False,,
Oblivion.esm,INFO,0004ED61,,NAM1,0,,,Your Strong Elixir is complete. I think you'll be pleased with the results.,강력 영약이 완료되었습니다. 결과에 만족하실 거라 봅니다.,record,False,False,False,False,,
Oblivion.esm,INFO,0004E956,,NAM1,0,,,The process of alchemy is much easier when the alchemist isn't being bothered.,연금술사가 방해받지 않아야 연금술의 공정이 더 편해지겠지요.,record,False,False,False,False,,
Oblivion.esm,INFO,0004E957,,NAM1,0,,,Please tell me you have more Nirnroot for me.,더 많은 넌루트를 가지고 와준건가? 제발 그렇다고 해주게.,record,False,False,False,False,,
Oblivion.esm,INFO,0004ED62,,NAM1,0,,,"One Moderate Elixir of Exploration, coming right up!",중급 탐험의 영약 하나 대령이요!,record,False,False,False,False,,
Oblivion.esm,INFO,0004E958,,NAM1,0,,,Need I remind you once more?,다시 한번 더 알려줘야 겠나요?,record,False,False,False,False,,
Oblivion.esm,INFO,0004E959,,NAM1,0,,,Come across any more Nirnroot?,더 많은 넌루트를 찾아냈나요?,record,False,False,False,False,,
Oblivion.esm,INFO,0004ED63,,NAM1,0,,,Your Elixir is ready!,당신의 영약이 준비되었습니다!,record,False,False,False,False,,
Oblivion.esm,INFO,0004E95A,,NAM1,0,,,Please...,제발... ,record,False,False,False,False,,
Oblivion.esm,INFO,0004E95B,,NAM1,0,,,Welcome back.,돌아오신걸 환영합니다.,record,False,False,False,False,,
Oblivion.esm,INFO,0004E95C,,NAM1,0,,,Don't leave before you hear what I have to tell you. You'll regret it.,해줄 말이 있으니 듣기전에 떠나지 마세요. 그렇지 않으면 후회할게 분명합니다.,record,False,False,False,False,,
Oblivion.esm,INFO,0004E95D,,NAM1,0,,,What brings you to my little home underground?,무슨 일로 내 작은 집 지하에 오셨나요?,record,False,False,False,False,,
Oblivion.esm,INFO,0004E95F,,NAM1,0,,,Welcome to my home underground. Hehe.,우리 집 지하에 오신 것을 환영합니다. 헤헤.,record,False,False,False,False,,
Oblivion.esm,INFO,0004F9C9,,NAM1,0,,,Darkfathom Cave awaits you.,어두운 측연 동굴이 당신을 기다립니다.,record,False,False,False,False,,
Oblivion.esm,INFO,0004F9CA,,NAM1,0,,,I hope you've made the necessary preparations.,당신이 충분한 준비를 했길 빌어요.,record,False,False,False,False,,
Oblivion.esm,INFO,0004F9CB,,NAM1,0,,,These scamps are making my home smell like a barn.,이놈의 스캠프들이 제 집을 냄새나는 헛간처럼 만들고 있어요.,record,False,False,False,False,,
Oblivion.esm,INFO,0004F9CC,,NAM1,0,,,"Damn it, now they're into my pantry!","빌어먹을, 지금 그 놈들이 내 식료품실에 있다고요!",record,False,False,False,False,,
Oblivion.esm,INFO,0004F9CE,,NAM1,0,,,Whatever you do... don't leave me alone with these things!,당신이 뭘 하던 간에... 이것들과 나만 남겨두고 가지 마세요!,record,False,False,False,False,,
Oblivion.esm,INFO,0004F9CF,,NAM1,0,,,Please! Help me!,제발! 도와주세요!,record,False,False,False,False,,
Oblivion.esm,INFO,00094EBE,,NAM1,0,,,The staff and the scamps are gone! You must have made it to Darkfathom Cave.,그 지팡이와 스캠프들이 사라지다니! 당신이 어두운 측연 동굴에 그걸 두고 온 게 틀림없군요!,record,False,False,False,False,,
Oblivion.esm,INFO,00094EC0,,NAM1,0,,,You've returned. And with the little ones in tow. Lovely.,돌아왔군요. 더불어 그 작은 것들과 함께 말이죠. 잘났군요.,record,False,False,False,False,,
Oblivion.esm,INFO,00094EC5,,NAM1,0,,,Are you here to help Rosentia?,혹시 로젠티아를 도와주러 오셨나요?,record,False,False,False,False,,
Oblivion.esm,INFO,0002C2F3,,NAM1,0,,,I'm waiting for that book.,저는 그 책을 기다리고 있어요.,record,False,False,False,False,,
Oblivion.esm,INFO,0002C2F8,,NAM1,0,,,I am anxious to hear news of the book.,책의 소식을 정말 듣고 싶군요.,record,False,False,False,False,,
Oblivion.esm,INFO,00033535,,NAM1,0,,,Be careful in here.,이 안에서는 조심하세요.,record,False,False,False,False,,
Oblivion.esm,INFO,000236DA,,NAM1,0,,,I'm a busy man. What is it?,난 바쁘오. 무슨 일이오?,record,False,False,False,False,,
Oblivion.esm,INFO,000236DB,,NAM1,0,,,"By the gods, what do you want?","신의 뜻으로, 뭘 원하시오?",record,False,False,False,False,,
Oblivion.esm,INFO,00146850,,NAM1,0,,,Well met!,잘 만났소!,record,False,False,False,False,,
Oblivion.esm,INFO,00038F27,,NAM1,0,,,I was praying for your swift return.,당신의 빠른 귀환을 위해 기도하고 있었어요.,record,False,False,False,False,,
Oblivion.esm,INFO,0003C3B7,,NAM1,0,,,Stand clear!,물러 나시오!,record,False,False,False,False,,
Oblivion.esm,INFO,0003C33C,,NAM1,0,,,You must have a deathwish.,죽고 싶어 환장했나.,record,False,False,False,False,,
Oblivion.esm,INFO,0003C33D,,NAM1,0,,,What now?,지금 뭐라 했나?,record,False,False,False,False,,
Oblivion.esm,INFO,0003C33E,,NAM1,0,,,Can't you see that I'm busy?,내가 바쁜 게 안보이나?,record,False,False,False,False,,
Oblivion.esm,INFO,0003C33F,,NAM1,0,,,"I don't know you, and I don't care to know you.",난 널 알지도 못할 뿐더러 알고 싶지도 않아.,record,False,False,False,False,,
Oblivion.esm,INFO,0003C340,,NAM1,0,,,Stop gettin' in my way!,내 길을 막지 마요!,record,False,False,False,False,,
Oblivion.esm,INFO,0003C341,,NAM1,0,,,Wha'? You say somethin'?,뭐? 당신 뭐라고 한 거요?,record,False,False,False,False,,
Oblivion.esm,INFO,0000BCC1,,NAM1,0,,,The manor is finally cleansed.,저택이 마침내 정화되었습니다.,record,False,False,False,False,,
Oblivion.esm,INFO,00086769,,NAM1,0,,,All that work gone to waste.,모든게 쓸모 없어졌어.,record,False,False,False,False,,
Oblivion.esm,INFO,0003D4DE,,NAM1,0,,,Hi there.,안녕하신가.,record,False,False,False,False,,
Oblivion.esm,INFO,0003D4E2,,NAM1,0,,,Sorry. Can't talk right now.,미안하군. 지금 당장은 얘기할수 없습니다.,record,False,False,False,False,,
Oblivion.esm,INFO,0008676C,,NAM1,0,,,I can't believe it.,믿을수가 없군.,record,False,False,False,False,,
Oblivion.esm,INFO,0003D4E4,,NAM1,0,,,How nice to see you again.,다시 만나서 반갑소.,record,False,False,False,False,,
Oblivion.esm,INFO,0003D4DC,,NAM1,0,,,Got a lot to do here. We can talk later in Anvil.,여기선 할 일이 많네. 나중에 엔빌에서 얘기할수 있을걸세.,record,False,False,False,False,,
Oblivion.esm,INFO,0003D4E3,,NAM1,0,,,Surprised to see us?,우릴 보고 놀랬지?,record,False,False,False,False,,
Oblivion.esm,INFO,0003C97B,,NAM1,0,,,My friend!,내 친구!,record,False,False,False,False,,
Oblivion.esm,INFO,0003CC2E,,NAM1,0,,,Such a pleasure to be in good company.,좋은 사람과 알게 되어서 참 좋군요.,record,False,False,False,False,,
Oblivion.esm,INFO,0009079F,,NAM1,0,,,"Oh, the big tough slayer has returned... tremble in fear! Ahahaha!","오, 거칠고 용맹한 살해자가 돌아왔다... 공포로 떨어라! 하하하하!",record,False,False,False,False,,
Oblivion.esm,INFO,000907A3,,NAM1,0,,,Aleron... my sweet husband...,알레론... 사랑스런 내 남편...,record,False,False,False,False,,
Oblivion.esm,INFO,00022A01,,NAM1,0,,,Oh my poor Aleron...,이런 불쌍한 Aleron... ,record,False,True,False,False,MEDIUM,Aleron
Oblivion.esm,INFO,000908E8,,NAM1,0,,,Something the matter with your eyes? There will be if you keep gawkin' at me like that.,당신 눈이 뭔가 문제 있습니까? 그렇게 나를 얼빠진듯이 쳐다보면은 후환이 있을 겁니다.,record,False,False,False,False,,
Oblivion.esm,INFO,00053749,,NAM1,0,,,What's your problem?,뭐가 문제야?,record,False,False,False,False,,
Oblivion.esm,INFO,000908EF,,NAM1,0,,,Stupid... just plain stupid.,바보... 그냥 단순히 멍청한 놈.,record,False,False,False,False,,
Oblivion.esm,INFO,000914D7,,NAM1,0,,,Stand aside!,물러서시오!,record,False,False,False,False,,
Oblivion.esm,INFO,0003C33B,,NAM1,0,,,"Come to gloat, eh? Well, you'll get no apologies from me.","우쭐대러 왔냐, 어? 흥, 내가 사과라도 할 줄 알았냐.",record,False,False,False,False,,
Oblivion.esm,INFO,000914DA,,NAM1,0,,,(Hic) Eh?,(딸꾹) 에?,record,False,False,False,False,,
Oblivion.esm,INFO,000914DD,,NAM1,0,,,You'll have to excuse me.,나에게 양해를 구해야겠군요.,record,False,False,False,False,,
Oblivion.esm,INFO,0003C343,,NAM1,0,,,Well met!,반갑소!,record,False,False,False,False,,
Oblivion.esm,INFO,000914E0,,NAM1,0,,,So much to do.,할게 너무 많아.,record,False,False,False,False,,
Oblivion.esm,INFO,0003C352,,NAM1,0,,,Thank you for visiting me.,절 찾아와 주셔서 감사합니다.,record,False,False,False,False,,
Oblivion.esm,INFO,0003C366,,NAM1,0,,,What's done is done.,이미 끝난 일은 끝난 일이죠.,record,False,False,False,False,,
Oblivion.esm,INFO,000919CA,,NAM1,0,,,Bradon... I'll miss you...,Bradon... 당신이 보고 싶어... ,record,False,True,False,False,MEDIUM,Bradon
Oblivion.esm,INFO,00038F26,,NAM1,0,,,Sorry.,미안 해요.,record,False,False,False,False,,
Oblivion.esm,INFO,00038F28,,NAM1,0,,,Hello.,안녕하세요.,record,False,False,False,False,,
Oblivion.esm,INFO,00038F2E,,NAM1,0,,,Hello and well met.,"안녕하세요, 잘 만났군요.",record,False,False,False,False,,
Oblivion.esm,INFO,000919CB,,NAM1,0,,,Sorry.,미안해요.,record,False,False,False,False,,
Oblivion.esm,INFO,00038F32,,NAM1,0,,,Hello again.,다시 만났네요.,record,False,False,False,False,,
Oblivion.esm,INFO,00038F34,,NAM1,0,,,Always a pleasure.,언제라도 괜찮습니다.,record,False,False,False,False,,
Oblivion.esm,INFO,0001C4C9,,NAM1,0,,,It's wonderful to see you again.,당신을 다시 만나서 황홀합니다.,record,False,False,False,False,,
Oblivion.esm,INFO,00132AA6,,NAM1,0,,,"Welcome back, milord.","잘 돌아왔습니다, 주인님.",record,False,False,False,False,,
Oblivion.esm,INFO,00132AA7,,NAM1,0,,,"Welcome back, milady.","잘 돌아왔습니다, 마님.",record,False,False,False,False,,
Oblivion.esm,INFO,00033578,,NAM1,0,,,A hearty hello to you. So good to see you again!,진심으로 환영합니다. 다시 만나게 되어 좋군요!,record,False,False,False,False,,
Oblivion.esm,INFO,00033586,,NAM1,0,,,Fellow Knight! I bid you welcome.,동료 기사여! 그대를 환영하네.,record,False,False,False,False,,
Oblivion.esm,INFO,00143EB5,,NAM1,0,,,"I'm honored by your presence, friend.","당신의 존재만으로도 영광입니다, 친구.",record,False,False,False,False,,
Oblivion.esm,INFO,000093B0,,NAM1,0,,,"It's good to see you, serjo.","다시 만나서 반갑습니다, 형제여.",record,False,False,False,False,,
Oblivion.esm,INFO,000093BD,,NAM1,0,,,Please leave me alone. I have important things to do.,제발 날 내버려 주십시오. 해야 할 중요한 것들이 있습니다.,record,False,False,False,False,,
Oblivion.esm,INFO,000093BE,,NAM1,0,,,"Hello again, muthsera.","또 뵙네요, 무세라.",record,False,False,False,False,,
Oblivion.esm,INFO,0008DA83,,NAM1,0,,,Excuse me.,실례합니다.,record,False,False,False,False,,
Oblivion.esm,INFO,0008DA8A,,NAM1,0,,,You grace my presence once again.,당신을 다시 뵙게 되어 정말 기쁩니다.,record,False,False,False,False,,
Oblivion.esm,INFO,0008DA93,,NAM1,0,,,Bastard.,나쁜 놈.,record,False,False,False,False,,
Oblivion.esm,INFO,00143F0F,,NAM1,0,,,There's nothing else to say.,딱히 말씀드릴 건 없습니다.,record,False,False,False,False,,
Oblivion.esm,INFO,00143F10,,NAM1,0,,,What?,뭐죠?,record,False,False,False,False,,
Oblivion.esm,INFO,0001E0D3,,NAM1,0,,,I'm pleased to see you again.,당신을 다시 뵙게 돼서 정말 기쁩니다.,record,False,False,False,False,,
Oblivion.esm,INFO,000980CD,,NAM1,0,,,Hmph.,흠.,record,False,False,False,False,,
Oblivion.esm,INFO,000980D0,,NAM1,0,,,"Good evening, sister.","안녕하십니까, 자매님.",record,False,False,False,False,,
Oblivion.esm,INFO,0001E0DA,,NAM1,0,,,"Good evening, brother.","안녕하세요, 형제님.",record,False,False,False,False,,
Oblivion.esm,INFO,000980D4,,NAM1,0,,,Important things to do... so many important things to do.,해야 할 중요한 일... 해야 할 더욱 중요한 일들.,record,False,False,False,False,,
Oblivion.esm,INFO,000980D8,,NAM1,0,,,I've more important things to do than chat with you right now.,나는 지금 당신과 얘기하는 것보다 해야 할 더 중요한 것이 있습니다.,record,False,False,False,False,,
Oblivion.esm,INFO,000980EE,,NAM1,0,,,"Sorry, I'm too busy to speak to you now.","미안, 지금 당신에게 얘기하기에는 너무 바빠요.",record,False,False,False,False,,
Oblivion.esm,INFO,00146812,,NAM1,0,,,"Yes, sister?","그래, 자매님?",record,False,False,False,False,,
Oblivion.esm,INFO,00146813,,NAM1,0,,,"Yes, brother?","예, 형제여?",record,False,False,False,False,,
Oblivion.esm,INFO,00146814,,NAM1,0,,,"Hello again, sister.","다시 만났네요, 자매님.",record,False,False,False,False,,
Oblivion.esm,INFO,00146815,,NAM1,0,,,"Hello again, brother.","다시 만났네요, 형제님.",record,False,False,False,False,,
Oblivion.esm,INFO,00146816,,NAM1,0,,,"Hello, my friend.","안녕, 내 친구.",record,False,False,False,False,,
Oblivion.esm,INFO,0001E7CA,,NAM1,0,,,It is a privilege to see you again.,다시 보게 되어 영광입니다.,record,False,False,False,False,,
Oblivion.esm,INFO,000165A8,,NAM1,0,,,You're always welcome here.,당신은 여기에서 언제든 환영합니다.,record,False,False,False,False,,
Oblivion.esm,INFO,000165B4,,NAM1,0,,,"Please, return anytime friend.","제발, 언제든지 돌아오게 친구.",record,False,False,False,False,,
Oblivion.esm,INFO,000980C6,,NAM1,0,,,Uh huh?,응?,record,False,False,False,False,,
Oblivion.esm,INFO,000980CE,,NAM1,0,,,Yes?,네?,record,False,False,False,False,,
Oblivion.esm,INFO,0004E953,,NAM1,0,,,So good of you to drop by again.,다시 들러줘서 너무 좋군요.,record,False,False,False,False,,
Oblivion.esm,INFO,0004F9C6,,NAM1,0,,,I'm feeling much better now that the house is free of those ugly creatures.,그 추한 생물이 이 집에 없어지니 기분이 훨씬 좋습니다.,record,False,False,False,False,,
Oblivion.esm,INFO,00094EBB,,NAM1,0,,,Rosentia sent word ahead that she has you to thank for freeing her of those accursed little beasts.,그 저주받을 작은 짐승놈들로부터 해방시켜 주셔서 로젠티아가 감사의 인사를 보내 왔습니다.,record,False,False,False,False,,
Oblivion.esm,INFO,000BE5E8,,NAM1,0,,,It's good to see you again.,다시 만나서 좋군요.,record,False,False,False,False,,
Oblivion.esm,INFO,00035744,,NAM1,0,,,Oh. It's you.,"오, 당신이군요.",record,False,False,False,False,,
Oblivion.esm,INFO,00035745,,NAM1,0,,,It's nice to see you again.,만나서 반갑습니다.,record,False,False,False,False,,
Oblivion.esm,INFO,00035746,,NAM1,0,,,"Welcome back, my friend.","돌아오신 걸 환영합니다, 친구여.",record,False,False,False,False,,
Oblivion.esm,INFO,00035749,,NAM1,0,,,I sing your praises and welcome you again.,당신을 찬양하며 환영하는 바입니다.,record,False,False,False,False,,
Oblivion.esm,INFO,0003574A,,NAM1,0,,,My heart is broken.,내 마음이 찢어질 듯 아프네요.,record,False,False,False,False,,
Oblivion.esm,INFO,00159756,,NAM1,0,,,What?,뭐죠?,record,False,False,False,False,,
Oblivion.esm,INFO,00159757,,NAM1,0,,,Hello milord.,안녕하세요 주인님.,record,False,False,False,False,,
Oblivion.esm,INFO,00159758,,NAM1,0,,,Hello milady.,안녕하세요 마님.,record,False,False,False,False,,
Oblivion.esm,INFO,00092639,,NAM1,0,,,Get away from me!,내게서 떨어져!,record,False,False,False,False,,
Oblivion.esm,INFO,0003D4BA,,NAM1,0,,,I knew you'd show up.,당신이 본색을 드러낼 줄 알고 있었죠.,record,False,False,False,False,,
Oblivion.esm,INFO,0003D4BB,,NAM1,0,,,Wasn't I clear?,내가 명확하게 하지 않았나요?,record,False,False,False,False,,
Oblivion.esm,INFO,0003D4BC,,NAM1,0,,,Don't keep us waiting. I hate to wait.,기다리게 하지 마세요. 기다리는 건 질색이니까.,record,False,False,False,False,,
Oblivion.esm,INFO,0003D4BD,,NAM1,0,,,Hmmm. You may be just what we've been looking for.,흠. 당신은 우리가 찾고 있는 사람에 딱 맞는 인물이군요.,record,False,False,False,False,,
Oblivion.esm,INFO,0003D4BF,,NAM1,0,,,"Yes, you'll do just fine. Signy will tell you all the details.","그래요, 당신은 정말 멋진 일을 하게 될 거에요. 시그니가 자세히 말해줄 겁니다.",record,False,False,False,False,,
Oblivion.esm,INFO,0003D4C3,,NAM1,0,,,You're an anxious one.,당신은 정말 멋진 사람이군요.,record,False,False,False,False,,
Oblivion.esm,INFO,0003A90A,,NAM1,0,,,"Well now, who do we have here?",무슨 이야기 하려고?,record,False,False,False,False,,
Oblivion.esm,INFO,0003A90B,,NAM1,0,,,"Hello, my friend.","안녕, 친구.",record,False,False,False,False,,
Oblivion.esm,INFO,0003A90C,,NAM1,0,,,Oh. You... Hi.,아. 당신... 안녕하신가요.,record,False,False,False,False,,
Oblivion.esm,INFO,0003B358,,NAM1,0,,,What are you waiting for? Kill me!,무얼 주저해? 날 죽이라구!,record,False,False,False,False,,
Oblivion.esm,INFO,0003A90D,,NAM1,0,,,Start talkin' already!,빨리 말해봐!,record,False,False,False,False,,
Oblivion.esm,INFO,0002AE09,,NAM1,0,,,"Ah, I sense a gambling man!","아, 도박하는 남자가 느껴지는 군!",record,False,False,False,False,,
Oblivion.esm,INFO,0002AE0A,,NAM1,0,,,"Ah, I sense a woman of chance!","아, 운 좋은 여인이 느껴지는 군!",record,False,False,False,False,,
Oblivion.esm,INFO,000AED3E,,NAM1,0,,,"By Azura, by Azura, by Azura! It's the Grand Champion! I can't believe it's you! Standing here! Next to me!","아주라, 아주라, 아주라시여! 그랜드 챔피언이라니! 당신이 여기 제 옆에! 서 있다니 믿기지가 않습니다!",record,False,False,False,False,,
Oblivion.esm,INFO,000B97E2,,NAM1,0,,,Excuse me...,실례합니다...,record,False,False,False,False,,
Oblivion.esm,INFO,0003E1D1,,NAM1,0,,,The horror. The horror.,무섭다. 무서워.,record,False,False,False,False,,
Oblivion.esm,INFO,0003E1E4,,NAM1,0,,,Whatever shall we do?,도대체 무슨일을?,record,False,False,False,False,,
Oblivion.esm,INFO,0003E1E5,,NAM1,0,,,We should get out of here.,여기서 탈출할수 밖에.,record,False,False,False,False,,
Oblivion.esm,INFO,0003E1EC,,NAM1,0,,,Could it be the K'Sharra?,이것은 크'샤라의 예언인가?,record,False,False,False,False,,
Oblivion.esm,INFO,0003E1EE,,NAM1,0,,,These are troubling signs.,이것은 재앙의 징조다.,record,False,False,False,False,,
Oblivion.esm,INFO,0003E1EF,,NAM1,0,,,This doesn't look good. Not good at all.,이건 좋아 보이지 않아. 큰일이야.,record,False,False,False,False,,
Oblivion.esm,INFO,0003E1FB,,NAM1,0,,,Welcome to Border Watch.,Border Watch에 잘 오셨습니다.,record,False,True,False,False,MEDIUM,"Border, Watch"
Oblivion.esm,INFO,0003E210,,NAM1,0,,,You're always welcome in Border Watch!,Border Watch는 언제든 당신을 환영합니다!,record,False,True,False,False,MEDIUM,"Border, Watch"
Oblivion.esm,INFO,00028C77,,NAM1,0,,,Time is wasting. We must move swiftly!,시간이 없어. 신속하게 움직여!,record,False,False,False,False,,
Oblivion.esm,INFO,0008DD56,,NAM1,0,,,Peryite save us!,Peryite가 우리를 구하신다!,record,False,True,False,False,MEDIUM,Peryite
Oblivion.esm,INFO,0008DD58,,NAM1,0,,,Where is our Lord?,우리의 군주는 어디에?,record,False,False,False,False,,
Oblivion.esm,INFO,0008DD59,,NAM1,0,,,"Lord, where are you?","군주여, 어디에 계십니까?",record,False,False,False,False,,
Oblivion.esm,INFO,0008DD5A,,NAM1,0,,,"I am sorry, Lord.","죄송합니다, 군주여.",record,False,False,False,False,,
Oblivion.esm,INFO,0008DD5B,,NAM1,0,,,Never again. Never again.,두번 다시는 안된다. 두번 다시는.,record,False,False,False,False,,
Oblivion.esm,INFO,0008DD5C,,NAM1,0,,,Order is restored.,질서는 바로 잡혔다.,record,False,False,False,False,,
Oblivion.esm,INFO,0008DD5D,,NAM1,0,,,Thank Peryite we've been saved!,우리를 구원해 주신 Peryite께 감사드립니다!,record,False,True,False,False,MEDIUM,Peryite
Oblivion.esm,INFO,0008DD62,,NAM1,0,,,What fools we are!,우린 얼마나 어리석은가!,record,False,False,False,False,,
Oblivion.esm,INFO,0008DA85,,NAM1,0,,,Hey there.,이봐요.,record,False,False,False,False,,
Oblivion.esm,INFO,0008DA88,,NAM1,0,,,If only we had our home back...,우리 집을 되찾을수만 있다면... ,record,False,False,False,False,,
Oblivion.esm,INFO,0009407F,,NAM1,0,,,Ahhh. So good to be back home.,아아아. 집에 돌아오니 너무 좋군요.,record,False,False,False,False,,
Oblivion.esm,INFO,0008DA8D,,NAM1,0,,,You have but to lead us to Weatherleah.,저희를 웨더리아로 인도해 주시길 부탁드립니다.,record,False,False,False,False,,
Oblivion.esm,INFO,0008DA8E,,NAM1,0,,,Is your weapon stained with the foul blood of the ogres?,오우거들의 더러운 피로 당신의 무기가 더럽혀진 건 아닌가요?,record,False,False,False,False,,
Oblivion.esm,INFO,0008DA96,,NAM1,0,,,Do I sense good news?,좋은 소식인가요?,record,False,False,False,False,,
Oblivion.esm,INFO,0008DA99,,NAM1,0,,,Nothing is as important as a man's home. We must have ours back.,사람에게 집만큼 중요한 것은 또 없습니다. 저희는 꼭 집을 되찾을 겁니다.,record,False,False,False,False,,
Oblivion.esm,INFO,00089934,,NAM1,0,,,"Perchance, dare I ask another favor?","혹시, 또 부탁할수 있을까요?",record,False,False,False,False,,
Oblivion.esm,INFO,0008DA8B,,NAM1,0,,,I've heard what you've done.,당신이 한 일을 들었습니다.,record,False,False,False,False,,
Oblivion.esm,INFO,0008DA92,,NAM1,0,,,Again we meet.,다시 만났군요.,record,False,False,False,False,,
Oblivion.esm,INFO,0008DA97,,NAM1,0,,,Hey there.,이봐요.,record,False,False,False,False,,
Oblivion.esm,INFO,0008DA9F,,NAM1,0,,,There's nothing else to say.,딱히 말씀드릴 건 없습니다.,record,False,False,False,False,,
Oblivion.esm,INFO,0008DAA0,,NAM1,0,,,What?,뭐죠?,record,False,False,False,False,,
Oblivion.esm,INFO,0008DAA1,,NAM1,0,,,You're back. I trust everything went as planned?,돌아왔군. 모든 게 계획대로 됐다고 믿어도 되겠나?,record,False,False,False,False,,
Oblivion.esm,INFO,0008DAA3,,NAM1,0,,,Why are you still here?,왜 아직도 여기 있는 건가?,record,False,False,False,False,,
Oblivion.esm,INFO,00089932,,NAM1,0,,,"Excuse me, may I have a moment of your time?","잠시 실례, 시간을 좀 내 줄 수 있겠나?",record,False,False,False,False,,
Oblivion.esm,INFO,0003EAAA,,NAM1,0,,,What's going on here? Who's this?,여기서 뭐하고 있지? 이 놈은 누군가?,record,False,False,False,False,,
Oblivion.esm,INFO,00047359,,NAM1,0,,,"Please, don't let Anaxes loose! He torments us night and day!","제발, 아나제스(Anaxes)를 풀어주지 마시오! 그는 우릴 밤낮으로 괴롭힌다오!",record,True,True,False,False,HIGH,Anaxes
Oblivion.esm,INFO,0004735A,,NAM1,0,,,Just leave us alone. We have enough troubles here in the Savage Garden without you adding to them.,우릴 그냥 내버려 두시오. 당신이 보태지 않아도 야생의 정원에서 충분히 괴롭소.,record,False,False,False,False,,
Oblivion.esm,INFO,0004735B,,NAM1,0,,,"You're not one of us, are you? Are you here to destroy Gaiar Alata and end our nightmare?","우리들 중 하나가 아니군요, 그렇죠? 가이아 알라타(Gaiar Alata)를 파괴하고 우리의 악몽을 끝내러 오셨나요?",record,True,True,False,False,HIGH,"Gaiar, Alata"
Oblivion.esm,INFO,0004735C,,NAM1,0,,,I will soon earn the Master's favor and be granted entry into the Forbidden Grotto.,나는 곧 마스터의 신임을 얻어서 금단의 동굴로 들어가는 것이 용인 될 것이오.,record,False,False,False,False,,
Oblivion.esm,INFO,0004735D,,NAM1,0,,,What news from Tamriel? Is Lord Dagon's victory almost complete?,탐리엘의 새로운 소식 없소? 데이건 군주의 승리가 거의 마무리됐다던지 하는 그런 소식 말이오?,record,False,False,False,False,,
Oblivion.esm,INFO,0004735E,,NAM1,0,,,How can you be here? The Master said you were dead!,어떻게 여기 있소? 마스터께서 당신이 죽었다던데!,record,False,False,False,False,,
Oblivion.esm,INFO,0004735F,,NAM1,0,,,"You're new to Gaiar Alata, aren't you?",가이아 알라타(Gaiar Alata)에 처음이죠? 그렇죠?,record,True,True,False,False,HIGH,"Gaiar, Alata"
Oblivion.esm,INFO,00088B34,,NAM1,0,,,"Please, end this nightmare if you can.","할 수 있으면, 부디 악몽을 끝내 주시오.",record,False,False,False,False,,
Oblivion.esm,INFO,00088B37,,NAM1,0,,,Leave me alone.,날 내버려 두시오.,record,False,False,False,False,,
Oblivion.esm,INFO,0003E8F1,,NAM1,0,,,"Begone, mortal.","물러가라, 필멸자.",record,False,False,False,False,,
Oblivion.esm,INFO,00084B44,,NAM1,0,,,Hmmm... you look familiar. If only I could remember.,흐음... 당신 낯이 익군요. 내가 기억할 수 있다면 좋겠는데.,record,False,False,False,False,,
Oblivion.esm,INFO,0002524F,,NAM1,0,,,"Unless there's a drink in this for me, you might as well stop talking.","날 위해 이걸 마시지 않으면, 말 하는 것 또한 멈출 지 몰라요.",record,False,False,False,False,,
Oblivion.esm,INFO,0005C0FB,,NAM1,0,,,All honor to the Masque.,Masque에 경례.,record,False,True,False,False,MEDIUM,Masque
Oblivion.esm,INFO,0005C0FA,,NAM1,0,,,"Greetings, Goldbrand.","안녕하세요, Goldbrand.",record,False,True,False,False,MEDIUM,Goldbrand
Oblivion.esm,INFO,0005C0F3,,NAM1,0,,,"Greetings, Star-Bearer.","안녕하세요, Star-Bearer.",record,False,True,False,False,MEDIUM,Star-Bearer
Oblivion.esm,INFO,0005C0B9,,NAM1,0,,,"He sees all, knows all.","그는 모두를 보고 있고, 알고 있지.",record,False,False,False,False,,
Oblivion.esm,INFO,0005C0BA,,NAM1,0,,,All honor to the Hide and the Wearer.,Hide and the Wearer에 경례.,record,False,True,False,False,MEDIUM,"Hide, and, the, Wearer"
Oblivion.esm,INFO,0005C0BB,,NAM1,0,,,"Greetings, Volendrung.","안녕하세요, Volendrung.",record,False,True,False,False,MEDIUM,Volendrung
Oblivion.esm,INFO,0005C0BC,,NAM1,0,,,All honor to the Ebony Blade.,Ebony Blade에 경례.,record,False,True,False,False,MEDIUM,"Ebony, Blade"
Oblivion.esm,INFO,0005C0BD,,NAM1,0,,,We bow before the Ring.,우리는 Ring에 복종한다.,record,False,True,False,False,MEDIUM,Ring
Oblivion.esm,INFO,0005C0BE,,NAM1,0,,,"We honor you, Mace-Bearer.","Mace-Bearer여, 당신에게 명예를.",record,False,True,False,False,MEDIUM,Mace-Bearer
Oblivion.esm,INFO,0005C0BF,,NAM1,0,,,We kiss the Ring.,Ring에 키스를.,record,False,True,False,False,MEDIUM,Ring
Oblivion.esm,INFO,0005C0C0,,NAM1,0,,,The Key opens all doors.,이 열쇠로 모든 문을 열수있다.,record,False,False,False,False,,
Oblivion.esm,INFO,0005C0C1,,NAM1,0,,,"We greet you, Spellbreaker.","Spellbreaker여, 안녕하세요.",record,False,True,False,False,MEDIUM,Spellbreaker
Oblivion.esm,INFO,0005C0C2,,NAM1,0,,,We honor the Rose and its bearer.,장미꽃과 그에 어울리는 분에게 경의를.,record,False,False,False,False,,
Oblivion.esm,INFO,0005C0C3,,NAM1,0,,,A merry dance for the Lord of Chance.,Lord of Chance을 위해 신나는 댄스를.,record,False,True,False,False,MEDIUM,"Lord, of, Chance"
Oblivion.esm,INFO,0005C0C4,,NAM1,0,,,The Skull sees.,Skull이 보고 계신다.,record,False,True,False,False,MEDIUM,Skull
Oblivion.esm,INFO,0005C0C5,,NAM1,0,,,Yes?,네?,record,False,False,False,False,,
Oblivion.esm,INFO,0005C0C7,,NAM1,0,,,What?,뭐죠?,record,False,False,False,False,,
Oblivion.esm,INFO,0005C0C8,,NAM1,0,,,So?,그래서?,record,False,False,False,False,,
Oblivion.esm,INFO,000243C0,,NAM1,0,,,Do you have a proposition?,뭔가 제안이라도 있나?,record,False,False,False,False,,
Oblivion.esm,INFO,0002441D,,NAM1,0,,,What more can I do for you?,제가 무엇을 더 도와 드릴까요?,record,False,False,False,False,,
Oblivion.esm,INFO,0007B799,,NAM1,0,,,Umbra will feast on your soul.,움브라가 자네의 영혼을 먹어치울거요.,record,False,False,False,False,,
Oblivion.esm,INFO,000B52A5,,NAM1,0,,,Get out of here while you can.,가능한 빨리 나가 주게.,record,False,False,False,False,,
Oblivion.esm,INFO,000579BD,,NAM1,0,,,All hail the Corrupter of Souls., 영혼타락자에 경례.,record,False,False,False,False,,
Oblivion.esm,INFO,000579C6,,NAM1,0,,,Blessings of the Lady upon you.,Lady의 가호가 있기를.,record,False,True,False,False,MEDIUM,Lady
Oblivion.esm,INFO,0005C0C9,,NAM1,0,,,Speak.,말해봐.,record,False,False,False,False,,
Oblivion.esm,INFO,0005C0CA,,NAM1,0,,,Careful...,조심해... ,record,False,False,False,False,,
Oblivion.esm,INFO,0005C0CB,,NAM1,0,,,Well?,으응?,record,False,False,False,False,,
Oblivion.esm,INFO,0005C0DB,,NAM1,0,,,Okay...,알았어... ,record,False,False,False,False,,
Oblivion.esm,INFO,0005323A,,NAM1,0,,,I expected you back sooner.,더 일찍 올줄로 예상했는데.,record,False,False,False,False,,
Oblivion.esm,INFO,0004C5B3,,NAM1,0,,,Have you been to Wellspring Grove?,Wellspring 동굴에 가본 적 있나?,record,False,True,False,False,MEDIUM,Wellspring
Oblivion.esm,INFO,00053244,,NAM1,0,,,"I've been waiting for you, Associate.",자네를 기다리고 있었다네.,record,False,False,False,False,,
Oblivion.esm,INFO,0001FE8E,,NAM1,0,,,Welcome to the Chironasium.,키로나지움에 어서 오십시오.,record,False,False,False,False,,
Oblivion.esm,INFO,00036417,,NAM1,0,,,Dawn is breaking.,여명이 밝았도다.,record,False,False,False,False,,
Oblivion.esm,INFO,0003641A,,NAM1,0,,,"Greet the new day, brother.","여명이 밝았도다, 형제여.",record,False,False,False,False,,
Oblivion.esm,INFO,0003641B,,NAM1,0,,,"Greet the new day, sister.","여명이 밝았도다, 자매여.",record,False,False,False,False,,
Oblivion.esm,INFO,00097CBE,,NAM1,0,,,Dawn is breaking.,여명이 밝았도다.,record,False,False,False,False,,
Oblivion.esm,INFO,0004BF9D,,NAM1,0,,,"The Palace is cut off, sire. We were the last to make it through from the Legion Compound.","궁전이 고립됐습니다, 폐하. 남은 병력이 없습니다.",record,False,False,False,False,,
Oblivion.esm,INFO,000579C8,,NAM1,0,,,"Please, leave me in peace.","제발, 가만히 내버려둬.",record,False,False,False,False,,
Oblivion.esm,INFO,00038FC6,,NAM1,0,,,I've been looking for you. We have a situation in Bruma that I need you to deal with.,당신을 본 적이 있소. 우린 브루마처럼 당신의 도움이 필요한 상황이오.,record,False,False,False,False,,
Oblivion.esm,INFO,00038FC7,,NAM1,0,,,Have you helped Captain Burd and his men close the Oblivion Gate yet?,벌써 버드(Burd)의 경비대를 도와서 오블리비언 게이트를 닫았나?,record,True,True,False,False,HIGH,Burd
Oblivion.esm,INFO,0003A84B,,NAM1,0,,,I think we'd better get that Gate closed.,게이트를 닫는 게 좋겠소.,record,False,False,False,False,,
Oblivion.esm,INFO,0003A84C,,NAM1,0,,,Thanks for coming. We could use your help.,와줘서 고맙소. 당신의 도움이 필요하오.,record,False,False,False,False,,
Oblivion.esm,INFO,0003CA86,,NAM1,0,,,"Please... help me, I can't remember anything.",부탁이에요... 절 도와 주세요. 난 아무것도 기억할 수 없어요.,record,False,False,False,False,,
Oblivion.esm,INFO,0003CA8F,,NAM1,0,,,We must get out of this place!,우린 이곳에서 나가야만 해요!,record,False,False,False,False,,
Oblivion.esm,INFO,0003CA92,,NAM1,0,,,My word! You startled me! Are you real?,어이구 야! 깜짝 놀랐어요! 당신 진짠가요?,record,False,False,False,False,,
Oblivion.esm,INFO,0003CC2B,,NAM1,0,,,How did I get here? Do you know the way out?,어떻게 내가 여기 있죠? 나가는 길을 아나요?,record,False,False,False,False,,
Oblivion.esm,INFO,0003CC80,,NAM1,0,,,Welcome back to the true world.,현실 세계에 돌아온걸 환영해요.,record,False,False,False,False,,
Oblivion.esm,INFO,0003CCAF,,NAM1,0,,,"There isn't any more to say. Please, lay down and sleep.",더 이상 말할게 없군요. 부디 누워 잠드세요.,record,False,False,False,False,,
Oblivion.esm,INFO,0003CCB0,,NAM1,0,,,"This is your last chance to get ready. Once you're asleep, there's no coming back until Henantier awakens.","이것이 준비하실 마지막 기회입니다. 일단 잠들고 나시면, 헤낸티어가 깰 때까진 돌아올 수 없습니다.",record,False,False,False,False,,
Oblivion.esm,INFO,0003CCB1,,NAM1,0,,,We've arrived.,우린 도착했어요.,record,False,False,False,False,,
Oblivion.esm,INFO,0003CCC3,,NAM1,0,,,"Be patient, all will be explained.",인내심을 가져요. 모두 잘 풀릴 겁니다.,record,False,False,False,False,,
Oblivion.esm,INFO,0003CCE9,,NAM1,0,,,I hope you've prepared yourself. The journey you're to undertake could be dangerous.,준비 잘했기를 바래요. 당신에게 맡겨진 이 여행은 위험할 수 있습니다.,record,False,False,False,False,,
Oblivion.esm,INFO,0003CCEB,,NAM1,0,,,Were you looking for me?,날 찾고 있었습니까?,record,False,False,False,False,,
Oblivion.esm,INFO,0003CD00,,NAM1,0,,,"Excuse me, madam.","실례해요, 아가씨.",record,False,False,False,False,,
Oblivion.esm,INFO,0003CD53,,NAM1,0,,,"Excuse me, sir.","실례합니다, 선생님.",record,False,False,False,False,,
Oblivion.esm,INFO,0003CD60,,NAM1,0,,,Hello to you.,반가워요.,record,False,False,False,False,,
Oblivion.esm,INFO,000243BE,,NAM1,0,,,You seek the way?,길을 찾고 있는가?,record,False,False,False,False,,
Oblivion.esm,INFO,000A9344,,NAM1,0,,,"So, have you managed to persuade Herminia Cinna to part with the Ayleid Crown?","그래, Ayleid 왕관을 건네달라고 Herminia Cinna를 어떻게든 설득해보셨습니까?",record,False,True,False,False,MEDIUM,"Ayleid, Herminia, Cinna"
Oblivion.esm,INFO,000A9345,,NAM1,0,,,"Even in its ruined state, it is magnificent, isn't it? In the days of its power, Nenalata must have been glorious indeed.","심지어 폐허가 된 상태에서조차 장엄하기 그지 없군요, 그렇지 않나요? 힘이 있었던 시대에, Nenalata는 실로 영광스러웠음이 틀림없어요.",record,False,True,False,False,MEDIUM,Nenalata
Oblivion.esm,INFO,000A944B,,NAM1,0,,,I've got a bad feeling about this...,이것에 관해선 나쁜 느낌이 들었네... ,record,False,False,False,False,,
Oblivion.esm,INFO,000A5655,,NAM1,0,,,This can't be happening. This is horrible.,이건 쉽게넘어갈일이 아니야. 끔찍해.,record,False,False,False,False,,
Oblivion.esm,INFO,000A3DF0,,NAM1,0,,,I've been waiting for you.,널 기다리고 있었어.,record,False,False,False,False,,
Oblivion.esm,INFO,0003357E,,NAM1,0,,,I fear we're in over our heads.,우리가 감당 못할 짓을 한 건 아닌지 두렵군요.,record,False,False,False,False,,
Oblivion.esm,INFO,00033583,,NAM1,0,,,Ahh... help at last.,"아, 마지막 순간에 도와줘.",record,False,False,False,False,,
Oblivion.esm,INFO,0000BCC9,,NAM1,0,,,This isn't my idea of a good time.,내 생각에 시기가 좋지 않은 것 같군요.,record,False,False,False,False,,
Oblivion.esm,INFO,0000BCCB,,NAM1,0,,,I'm ready as I'll ever be.,전 준비가 완전히 끝났습니다.,record,False,False,False,False,,
Oblivion.esm,INFO,0000BCCF,,NAM1,0,,,Yes?,네?,record,False,False,False,False,,
Oblivion.esm,INFO,0000BCD0,,NAM1,0,,,Oh! Errr... Hello.,오! 음... 안녕하신가요?,record,False,False,False,False,,
Oblivion.esm,INFO,0000BCD4,,NAM1,0,,,You traveled a great distance to find me.,날 찾으러 상당히 먼 거리를 왔군요.,record,False,False,False,False,,
Oblivion.esm,INFO,0000BCD6,,NAM1,0,,,Ah... you've returned.,아... 당신 돌아왔군요.,record,False,False,False,False,,
Oblivion.esm,INFO,0000BCE3,,NAM1,0,,,"Hello, good sir.","안녕, 멋진 양반?",record,False,False,False,False,,
Oblivion.esm,INFO,0000BCE4,,NAM1,0,,,"Hello, good lady.",안녕?.,record,False,False,False,False,,
Oblivion.esm,INFO,0005374B,,NAM1,0,,,Our conversations are done. There's nothing else to say.,우리 대화는 끝났다. 더는 말할 게 없어.,record,False,False,False,False,,
Oblivion.esm,INFO,0005374C,,NAM1,0,,,"Well, what're you just standing there for?","글쎄, 단지 거기 서 있으면 뭐가 되나?",record,False,False,False,False,,
Oblivion.esm,INFO,0005374D,,NAM1,0,,,I thought that I was perfectly clear.,내가 완벽하게 처리했다고 생각했지.,record,False,False,False,False,,
Oblivion.esm,INFO,0005374E,,NAM1,0,,,I guess I was wrong about you.,너에 대해 오해했다고 생각해.,record,False,False,False,False,,
Oblivion.esm,INFO,0005374F,,NAM1,0,,,What're you looking at?,뭘 찾고 있어?,record,False,False,False,False,,
Oblivion.esm,INFO,00053755,,NAM1,0,,,He told you where it is?,그가 너에게 그것이 어디있는지 말했어?,record,False,False,False,False,,
Oblivion.esm,INFO,00015305,,NAM1,0,,,Have a seat. Please.,앉으세요. 제발.,record,False,False,False,False,,
Oblivion.esm,INFO,0009F912,,NAM1,0,,,You have work to do. Go on. Get out of here.,자네는 해야 할 일이 있을터. 어서. 가보게.,record,False,False,False,False,,
Oblivion.esm,INFO,0009F985,,NAM1,0,,,Don't let the ogres get me!,오우거들한테 들키면 안 돼!,record,False,False,False,False,,
Oblivion.esm,INFO,0009F996,,NAM1,0,,,The poor man's terrified.,저 불쌍한 남자는 두려워하고 있어요.,record,False,False,False,False,,
Oblivion.esm,INFO,00015306,,NAM1,0,,,Please don't hurt me!,절 해치지 마세요!,record,False,False,False,False,,
Oblivion.esm,INFO,000363CA,,NAM1,0,,,I'm on my way to talk to Itius Hayn.,난 Itius Hayn에게 말하러 가는 길이오.,record,False,True,False,False,MEDIUM,"Itius, Hayn"
Oblivion.esm,INFO,000363CB,,NAM1,0,,,I'm trying to find Itius Hayn.,Itius Hayn을 찾는 중이오.,record,False,True,False,False,MEDIUM,"Itius, Hayn"
Oblivion.esm,INFO,00036606,,NAM1,0,,,I'd like to report a crime. Watch Captain Avidius stole all my money while I was shopping in Jensine's Merchandise.,범죄를 보고하고 싶습니다. 경비병 대장 아비디우스가 내가 젠신의 상품점에서 장을 보는 동안 내 돈 전부를 강탈해갔습니다.,record,False,False,False,False,,
Oblivion.esm,INFO,000982BE,,NAM1,0,,,The Gray Fox is waiting for you.,그레이 폭스가 당신을 기다리고 있습니다.,record,False,False,False,False,,
Oblivion.esm,INFO,0009D9F1,,NAM1,0,,,There are torches in the barrel.,통에 횃불이 있습니다.,record,False,False,False,False,,
Oblivion.esm,INFO,0009D9F2,,NAM1,0,,,Hello stranger.,안녕하시오 이방인.,record,False,False,False,False,,
Oblivion.esm,INFO,000982C4,,NAM1,0,,,Welcome to the Temple of the Ancestor Moths.,고대 모스의 사원에 오신 것을 환영합니다.,record,False,False,False,False,,
Oblivion.esm,INFO,000982C5,,NAM1,0,,,You may join us for morning prayers in the chapel.,당신은 사원의 아침기도에 참여할 수 있습니다.,record,False,False,False,False,,
Oblivion.esm,INFO,000982C0,,NAM1,0,,,I hope you have found your stay here pleasant.,여기에서 쾌적히 숙박할 곳을 찾았으면 좋겠네.,record,False,False,False,False,,
Oblivion.esm,INFO,000982CA,,NAM1,0,,,We might be able to grow turnips next spring.,우리는 내년 봄에는 순무(turnip)를 기를 수 있을 겁니다.,record,True,True,False,False,HIGH,turnip
Oblivion.esm,INFO,000982CB,,NAM1,0,,,"The latest batch of silk is ready, brother Hridi.",마지막 비단 뭉치가 준비되었습니다. Hridi 형제님.,record,False,True,False,False,MEDIUM,Hridi
Oblivion.esm,INFO,000982CE,,NAM1,0,,,"Brother Hridi, your homily was most inspiring.","Hridi 형제님, 당신의 강론은 매우 감동적이었습니다.",record,False,True,False,False,MEDIUM,Hridi
Oblivion.esm,INFO,000982CF,,NAM1,0,,,"The silk gardens are doing well, brother Hjar.","비단 정원은 아주 잘 되었습니다, Hjar 형제님.",record,False,True,False,False,MEDIUM,Hjar
Oblivion.esm,INFO,000982D2,,NAM1,0,,,"Brother Hjar, we must clean the chapel soon.","Hjar 형제님, 우리는 곧 교회를 청소해야 합니다.",record,False,True,False,False,MEDIUM,Hjar
Oblivion.esm,INFO,000982D7,,NAM1,0,,,"The cemetary is well tended, brother Holger.","묘지는 잘 관리되어 있군요, Holger 형제님.",record,False,True,False,False,MEDIUM,Holger
Oblivion.esm,INFO,000982DF,,NAM1,0,,,"Brother Holger, we need to prepare for the ritual of purity by the next full moon.","Holger 형제님, 우리는 다음 보름달이 뜨기 전에 순결의 의식을 준비해야 합니다.",record,False,True,False,False,MEDIUM,Holger
Oblivion.esm,INFO,000982E2,,NAM1,0,,,Are this month's silks ready?,이 달의 비단은 준비 됐습니까?,record,False,False,False,False,,
Oblivion.esm,INFO,0009DADE,,NAM1,0,,,Moth's blessing upon you.,당신에게 Moth의 축복이 깃들기를.,record,False,True,False,False,MEDIUM,Moth
Oblivion.esm,INFO,000982BD,,NAM1,0,,,"Carry on, soldier.","계속하시오, 병사.",record,False,False,False,False,,
Oblivion.esm,INFO,0000A252,,NAM1,0,,,I'm rather busy.,너무 바쁩니다.,record,False,False,False,False,,
Oblivion.esm,INFO,00015F0C,,NAM1,0,,,Welcome to my hideout.,나의 은신처에 오신 것을 환영합니다.,record,False,False,False,False,,
Oblivion.esm,INFO,000982C2,,NAM1,0,,,The situation is not good. We have to act now.,상황이 좋지 않아. 우리는 지금 행동해야 합니다.,record,False,False,False,False,,
Oblivion.esm,INFO,000982C7,,NAM1,0,,,A string of thefts should do the trick.,일련의 절도는 성공해야만 합니다.,record,False,False,False,False,,
Oblivion.esm,INFO,000982C8,,NAM1,0,,,"The plan should work, with the Shadow's blessing.",그 계획은 그림자의 축복과 함께 이루어질 것입니다.,record,False,False,False,False,,
Oblivion.esm,INFO,000982CC,,NAM1,0,,,We need more pressure on Lex. He's a stubborn fetcher.,우리는 렉스에게 더 많은 압박을 가할 필요가 있습니다. 그는 고집불통입니다.,record,False,False,False,False,,
Oblivion.esm,INFO,000982CD,,NAM1,0,,,I have word that two of the jobs were successful.,내가 그 일중 두가지를 성공시켰습니다.,record,False,False,False,False,,
Oblivion.esm,INFO,000982D0,,NAM1,0,,,"No sign of the Gray Fox, sir.","그레이 폭스의 흔적이 없습니다, 대장님.",record,False,False,False,False,,
Oblivion.esm,INFO,000982D1,,NAM1,0,,,I'm looking for the Gray Fox. What can you tell me?,난 그레이 폭스를 찾고 있습니다. 나한테 할말이 없습니까?,record,False,False,False,False,,
Oblivion.esm,INFO,000982DA,,NAM1,0,,,I have an arrest warrant for the Gray Fox. Do you know where he is?,난 그레이 폭스에 대한 체포 영장을 발부했습니다. 당신은 그가 어디 있는지 아는가요?,record,False,False,False,False,,
Oblivion.esm,INFO,000982DB,,NAM1,0,,,The Gray Fox is hiding nearby. What do you know about him?,그레이 폭스가 근처에 숨어있습니다. 그에 대해 아는가요?,record,False,False,False,False,,
Oblivion.esm,INFO,0009837A,,NAM1,0,,,A curse on that Hieronymus Lex!,Hieronymus Lex에게 저주를!,record,False,True,False,False,MEDIUM,"Hieronymus, Lex"
Oblivion.esm,INFO,0009837B,,NAM1,0,,,I hope the Imperial Watch goes away soon.,난 제국의 경비대가 빨리 떠나길 바랍니다.,record,False,False,False,False,,
Oblivion.esm,INFO,0009837C,,NAM1,0,,,How are we supposed to live under this curfew?,어떻게 우리는 통행금지령 아래에서 살고 있는 거야?,record,False,False,False,False,,
Oblivion.esm,INFO,0009837D,,NAM1,0,,,Damn Watchmen!,빌어먹을 경비병!,record,False,False,False,False,,
Oblivion.esm,INFO,0009837E,,NAM1,0,,,We have to stay in our homes while the Watch searches for the Gray Fox.,그레이 폭스에 대한 조사를 하는 동안 우리는 집안에 머물려야 합니다. ,record,False,False,False,False,,
Oblivion.esm,INFO,0009837F,,NAM1,0,,,I'll never tell those damn Watchmen about the Gray Fox!,난 그레이 폭스에 대해 그 망할 경비병에게는 말 안할 거야!,record,False,False,False,False,,
Oblivion.esm,INFO,00098380,,NAM1,0,,,I've told the Watch that I don't know anything about the Gray Fox.,나는 그레이 폭스에 대해서는 아무것도 모른다고 얘기했습니다.,record,False,False,False,False,,
Oblivion.esm,INFO,00028BBC,,NAM1,0,,,Should we do anything about...?,우리가 무엇이라도 해야 하지... ?,record,False,False,False,False,,
Oblivion.esm,INFO,00028BBD,,NAM1,0,,,What?,뭐죠?,record,False,False,False,False,,
Oblivion.esm,INFO,00028BBE,,NAM1,0,,,Know anything about the stranger?,이방인에 대해 뭐 아는 것 있나?,record,False,False,False,False,,
Oblivion.esm,INFO,00028BBF,,NAM1,0,,,Know anything about the stranger?,이방인에 대해 뭐 아는 것 있나?,record,False,False,False,False,,
Oblivion.esm,INFO,00028BC0,,NAM1,0,,,What do you want?,뭘 원해?,record,False,False,False,False,,
Oblivion.esm,INFO,00028BC1,,NAM1,0,,,"You're not welcome here, stranger.","당신은 여기서 환영 받지 않는다고, 이방인.",record,False,False,False,False,,
Oblivion.esm,INFO,00028BC2,,NAM1,0,,,"Better be moving along, outsider.","옆으로 비키십시오, 외부인.",record,False,False,False,False,,
Oblivion.esm,INFO,00028BC8,,NAM1,0,,,We don't like strangers meddling in our affairs.,우리는 이방인들이 우리 일에 간섭하는 걸 좋아하지 않아.,record,False,False,False,False,,
Oblivion.esm,INFO,0001C4CA,,NAM1,0,,,I hope you bring good news.,당신이 좋은 소식을 가져왔기 바래요.,record,False,False,False,False,,
Oblivion.esm,INFO,0001C4CB,,NAM1,0,,,I knew I could count on you.,당신에게 기대할 수 있다는 걸 알았죠.,record,False,False,False,False,,
Oblivion.esm,INFO,0001C4CC,,NAM1,0,,,Reconsider?,재고해봤나요?,record,False,False,False,False,,
Oblivion.esm,INFO,0001C4CD,,NAM1,0,,,It's a pleasure to see you.,만나서 기뻐요.,record,False,False,False,False,,
Oblivion.esm,INFO,0007B7D3,,NAM1,0,,,Good day to you.,좋은 하루 되시길.,record,False,False,False,False,,
Oblivion.esm,INFO,0001E0D5,,NAM1,0,,,Do you return triumphant?,의기양양하게 돌아온 겁니까?,record,False,False,False,False,,
Oblivion.esm,INFO,0001E0D6,,NAM1,0,,,Have you discovered the truth?,진실을 알아냈습니까?,record,False,False,False,False,,
Oblivion.esm,INFO,0001E0D7,,NAM1,0,,,Thank you for sparing me.,나를 관대히 대해줘서 감사합니다..,record,False,False,False,False,,
Oblivion.esm,INFO,0001E0D8,,NAM1,0,,,"Please, hear me out.",제발 내 말을 끝까지 들어주세요.,record,False,False,False,False,,
Oblivion.esm,INFO,0001E0D9,,NAM1,0,,,Stay away!,참견하지 말아요!,record,False,False,False,False,,
Oblivion.esm,INFO,0001E0DB,,NAM1,0,,,I hope you've returned victorious.,당신이 좋은 소식을 가지고 왔기 바랍니다.,record,False,False,False,False,,
Oblivion.esm,INFO,0001E0DC,,NAM1,0,,,You fool!,바보 같으니!,record,False,False,False,False,,
Oblivion.esm,INFO,0001E0DD,,NAM1,0,,,You look uneasy. I hope things are going well.,불안해 보이는 군요. 난 모든 게 잘 될 거라 믿습니다.,record,False,False,False,False,,
Oblivion.esm,INFO,0001E0DE,,NAM1,0,,,"Anything you require, you're welcome to it.","당신이 원하는 게 무엇이든, 맘대로 하셔도 됩니다.",record,False,False,False,False,,
Oblivion.esm,INFO,0001E0DF,,NAM1,0,,,You're welcome here.,여기에 온 걸 환영합니다.,record,False,False,False,False,,
Oblivion.esm,INFO,000980D5,,NAM1,0,,,"Yes, sister?","안녕하시오, 자매?",record,False,False,False,False,,
Oblivion.esm,INFO,0001E0E0,,NAM1,0,,,"Yes, brother?","안녕하시오, 형제?",record,False,False,False,False,,
Oblivion.esm,INFO,0001E0E1,,NAM1,0,,,I'm pleased you've joined us.,당신이 우리와 함께 해서 기쁘군요.,record,False,False,False,False,,
Oblivion.esm,INFO,0001E0E2,,NAM1,0,,,I'm honored by your presence.,당신이 참여해서 영광입니다.,record,False,False,False,False,,
Oblivion.esm,INFO,000980DB,,NAM1,0,,,"Hello again, sister.","안녕하시오, 자매.",record,False,False,False,False,,
Oblivion.esm,INFO,0001E0E3,,NAM1,0,,,"Hello again, brother.","안녕하시오, 형제.",record,False,False,False,False,,
Oblivion.esm,INFO,0001E0E4,,NAM1,0,,,"Hello again, fellow vampire hunter.","안녕하십니까, 뱀파이어 사냥꾼 동료여.",record,False,False,False,False,,
Oblivion.esm,INFO,0001E0E8,,NAM1,0,,,Nice to meet you.,만나서 반갑군요.,record,False,False,False,False,,
Oblivion.esm,INFO,0001E0F6,,NAM1,0,,,Yes?,네?,record,False,False,False,False,,
Oblivion.esm,INFO,000980EF,,NAM1,0,,,Good. You're back.,좋아요. 돌아오셨군요.,record,False,False,False,False,,
Oblivion.esm,INFO,0001E0F7,,NAM1,0,,,"Please, I must speak.",말 좀 드려도 될까요?,record,False,False,False,False,,
Oblivion.esm,INFO,000227E0,,NAM1,0,,,You fool!,얼간아!,record,False,False,False,False,,
Oblivion.esm,INFO,000227E2,,NAM1,0,,,Eh?,뭐야?,record,False,False,False,False,,
Oblivion.esm,INFO,000165AA,,NAM1,0,,,This ship doesn't move 'til I know that Ormil's safe.,제가 오르밀이 안전하다는 걸 알기 전까지 이 배는 움직이지 않을 겁니다.,record,False,False,False,False,,
Oblivion.esm,INFO,000165AB,,NAM1,0,,,Nice work.,멋졌습니다.,record,False,False,False,False,,
Oblivion.esm,INFO,000165AC,,NAM1,0,,,Top deck clear yet?,상부 갑판은 아직인가요?,record,False,False,False,False,,
Oblivion.esm,INFO,000165AF,,NAM1,0,,,I'm staying right here... where it's safe.,난 바로 여기에 머물고 있소... 그게 안전하거든.,record,False,False,False,False,,
Oblivion.esm,INFO,000165B2,,NAM1,0,,,About time someone showed up.,누군가 나타났던 때요.,record,False,False,False,False,,
Oblivion.esm,INFO,00026BB2,,NAM1,0,,,Yes?,네?,record,False,False,False,False,,
Oblivion.esm,INFO,00026BB3,,NAM1,0,,,Welcome to the Alchemy Headquarters.,연금술의 총본산에 온 걸 환영해요.,record,False,False,False,False,,
Oblivion.esm,INFO,000980CB,,NAM1,0,,,What can I do for you this fine day?,이 좋은 날 무엇을 도와드릴까요?,record,False,False,False,False,,
Oblivion.esm,INFO,00026BB5,,NAM1,0,,,You're back!,자네 돌아왔구먼!,record,False,False,False,False,,
Oblivion.esm,INFO,00026BB6,,NAM1,0,,,I can't wait until I gaze upon the Tears with my own eyes.,내 두 눈으로 그 눈물을 볼 때까지 기다릴 수 없을 것 같네.,record,False,False,False,False,,
Oblivion.esm,INFO,00026BB7,,NAM1,0,,,Dig up any more information?,다른 정보라도 더 알아냈는가?,record,False,False,False,False,,
Oblivion.esm,INFO,00026BB8,,NAM1,0,,,Back again so soon I see.,참 빨리도 돌아왔구먼.,record,False,False,False,False,,
Oblivion.esm,INFO,00026BB9,,NAM1,0,,,I hope Julienne was helpful.,줄리엔이 도움이 됐길 바라네.,record,False,False,False,False,,
Oblivion.esm,INFO,00026BBA,,NAM1,0,,,Aren't you supposed to be on your way to the Imperial City?,임페리얼 시티에 가기로 하지 않았나?,record,False,False,False,False,,
Oblivion.esm,INFO,00026BBB,,NAM1,0,,,I'm hoping you can help.,자네가 도와줬으면 하네만.,record,False,False,False,False,,
Oblivion.esm,INFO,00035747,,NAM1,0,,,"Greetings, investigator.","반갑습니다, 조사관님.",record,False,False,False,False,,
Oblivion.esm,INFO,00035748,,NAM1,0,,,Hello. Welcome to Castle Chorrol.,안녕하세요. 코롤 성에 오신 것을 환영합니다.,record,False,False,False,False,,
Oblivion.esm,INFO,0015974E,,NAM1,0,,,I sing your praises and welcome you again.,당신을 찬양하며 환영하는 바입니다.,record,False,False,False,False,,
Oblivion.esm,INFO,00038F29,,NAM1,0,,,I was praying for your swift return.,당신의 빠른 귀환을 위해 기도하고 있었어요.,record,False,False,False,False,,
Oblivion.esm,INFO,00038F2A,,NAM1,0,,,Yes?,네?,record,False,False,False,False,,
Oblivion.esm,INFO,00038F2B,,NAM1,0,,,Hello.,안녕하세요.,record,False,False,False,False,,
Oblivion.esm,INFO,00038F2C,,NAM1,0,,,Perhaps you can help me.,아마도 당신이 날 도울 수 있을 것 같군요.,record,False,False,False,False,,
Oblivion.esm,INFO,0006C2A8,,NAM1,0,,,Please leave me be...,제발 날 내버려 두세요... ,record,False,False,False,False,,
Oblivion.esm,INFO,000343E7,,NAM1,0,,,"Ah yes, the Mythic Dawn scholar. What else can I help you with?","아 네, 미식 던(Mythic Dawn)을 연구하는 학자가 맞소. 또 어떤 도움이 필요하시오?",record,True,True,False,False,HIGH,"Mythic, Dawn"
Oblivion.esm,INFO,000343EA,,NAM1,0,,,I'm surprised to see you here. Have you been to talk to Baurus in the Imperial City yet?,여기서 보게 되다니 놀랍군. 임페리얼시티에 있는 보러스는 아직 만나보지 않은 건가?,record,False,False,False,False,,
Oblivion.esm,INFO,000343F1,,NAM1,0,,,"We will exact our revenge on the Mythic Dawn for the Emperor's murder. By the holy blood of Talos, Mankar Camoran will pay for his crimes!",미식 던(Mythic Dawn)의 황제 시해에 대해서는 엄중한 복수를 할걸세. 신성한 탈로스의 피로 맨카 케모런(Mankar Camoran)의 죄값을 받아낼 것이야!,record,True,True,False,False,HIGH,"Mythic, Dawn, Mankar, Camoran"
Oblivion.esm,INFO,000343F2,,NAM1,0,,,It sounds like you and Baurus are making progress in your hunt for the Amulet of Kings. Good work.,자네와 보러스가 왕의 아뮬렛을 되찾는 일에 진전이 있다고 들었네. 잘하고 있네.,record,False,False,False,False,,
Oblivion.esm,INFO,000343F3,,NAM1,0,,,"Once you locate the Mythic Dawn's shrine to Mehrunes Dagon, we may have a chance to recover the Amulet!","일단 자네가 메르네스 데이건(Mehrunes Dagon)이 있는 미식 던(Mythic Dawn) 성지의 위치만 파악하면, 아뮬렛을 되찾을 기회가 있을 걸세!",record,True,True,False,False,HIGH,"Mehrunes, Dagon, Mythic, Dawn"
Oblivion.esm,INFO,00097586,,NAM1,0,,,So wonderful to see you again. I don't know what I would have done without your help.,당신을 다시 만나다니 정말 멋진 날이군요. 당신의 도움이 없었다면 내가 뭘 해야 했을 지 모를 거에요.,record,False,False,False,False,,
Oblivion.esm,INFO,00097587,,NAM1,0,,,"Oh, I'll never get that crystal ball back. Not with those frightful spirits floating around...","오, 전 그 수정구를 되찾지 못할 거에요. 주위를 떠다니는 그 소름 끼치는 유령들만 없다면... ",record,False,False,False,False,,
Oblivion.esm,INFO,00097588,,NAM1,0,,,Oh! You've returned! I do hope you have good news.,오! 돌아왔군요! 당신이 좋은 소식을 가져 왔길 빌어요.,record,False,False,False,False,,
Oblivion.esm,INFO,0008655D,,NAM1,0,,,Have you anything new to report?,새로운 사실이라도 있소?,record,False,False,False,False,,
Oblivion.esm,INFO,00129BE5,,NAM1,0,,,"Can I help you, sister?","자매, 도와드릴까요?",record,False,False,False,False,,
Oblivion.esm,INFO,00129BE6,,NAM1,0,,,"Can I help you, brother?","뭘 도와줄까, 형제여?",record,False,False,False,False,,
Oblivion.esm,INFO,00129BE7,,NAM1,0,,,"Yes, ma'am? What can I do for you?","네, 무엇을 도와드릴까요?",record,False,False,False,False,,
Oblivion.esm,INFO,00129BE8,,NAM1,0,,,"Yes, sir? What can I do for you?","네, 무엇을 도와드릴까요?",record,False,False,False,False,,
Oblivion.esm,INFO,00129BE9,,NAM1,0,,,"What is it, boot?","무엇이지, 장화?",record,False,False,False,False,,
Oblivion.esm,INFO,00033DDB,,NAM1,0,,,"Join the Guild, and fight for gold.",길드에 가입해라. 그리고 돈을 위해 싸워라.,record,False,False,False,False,,
Oblivion.esm,INFO,00033DDD,,NAM1,0,,,Looking for action? Think about the Fighters Guild.,화끈한걸 찾니? 파이터길드(Fighters Guild)에 와라.,record,True,True,False,False,HIGH,"Fighters, Guild"
Oblivion.esm,INFO,000908D4,,NAM1,0,,,Have you found Black Brugo?,블랙 브루고를 찾았소?,record,False,False,False,False,,
Oblivion.esm,INFO,000908E4,,NAM1,0,,,How goes the battle?,전투는 어땠소?,record,False,False,False,False,,
Oblivion.esm,INFO,00090B64,,NAM1,0,,,I'm gonna go get me some black bows. Tag along if you like.,난 블랙보우 몇 개를 가지러 갈 거야. 네가 원한다면 쫓아와도 좋아.,record,False,False,False,False,,
Oblivion.esm,INFO,00090B65,,NAM1,0,,,Time to relax.,긴장을 풀라고.,record,False,False,False,False,,
Oblivion.esm,INFO,00090B7E,,NAM1,0,,,You! You make me vomit!,너! 넌 날 폭발하게 만들어!,record,False,False,False,False,,
Oblivion.esm,INFO,000343E3,,NAM1,0,,,You arrived just in time.,마침 제때 돌아와 주었군.,record,False,False,False,False,,
Oblivion.esm,INFO,000343E5,,NAM1,0,,,I fear the enemy came here for the Amulet of Kings.,놈들이 왕의 아뮬렛을 노리고 온 거라면 큰일이네... ,record,False,False,False,False,,
Oblivion.esm,INFO,000343EF,,NAM1,0,,,We should get Martin to Cloud Ruler Temple immediately.,마틴을 즉시 클라우드 룰러(Cloud Ruler) 사원으로 모셔야 해.,record,True,True,False,False,HIGH,"Cloud, Ruler"
Oblivion.esm,INFO,000343F0,,NAM1,0,,,Is something wrong? Why are we stopping?,뭐가 잘못됐나? 왜 멈췄지?,record,False,False,False,False,,
Oblivion.esm,INFO,00037B4E,,NAM1,0,,,"Grandmaster, is this ... ?","단장님, 이 분은... ?",record,False,False,False,False,,
Oblivion.esm,INFO,00090990,,NAM1,0,,,"Out of the frying pan into the fire, eh?","팬이 불 속으로 날아들었군, 훗?",record,False,False,False,False,,
Oblivion.esm,INFO,00090991,,NAM1,0,,,"This wasn't part of the plan, was it?","이것도 계획의 일부는 아닌 것 같은데, 그렇지 않소?",record,False,False,False,False,,
Oblivion.esm,INFO,0008676E,,NAM1,0,,,What took you so long?,무었 때문에 이렇게 오래 걸렸어요?,record,False,False,False,False,,
Oblivion.esm,INFO,0008676F,,NAM1,0,,,It's about time you got here.,이건 시간과의 문제에요.,record,False,False,False,False,,
Oblivion.esm,INFO,00086770,,NAM1,0,,,What now?,이번엔 뭐죠?,record,False,False,False,False,,
Oblivion.esm,INFO,00086782,,NAM1,0,,,We've been waiting for you.,우리는 당신을 기다리고 있었어요.,record,False,False,False,False,,
Oblivion.esm,INFO,00086784,,NAM1,0,,,There is still a chance to strike back at the Necromancers.,아직 네크로맨서들에게 한방 먹일 수 있어요.,record,False,False,False,False,,
Oblivion.esm,INFO,0008674B,,NAM1,0,,,The guild needs you more than ever.,길드에는 어느 때보다 자네가 필요해.,record,False,False,False,False,,
Oblivion.esm,INFO,00086742,,NAM1,0,,,"What can I do for you now, my friend?","뭘 도와줄까, 친구여?",record,False,False,False,False,,
Oblivion.esm,INFO,0008673B,,NAM1,0,,,"Ah, we meet again. No hard feelings, I hope!","아, 다시 만났군. 바라건대, 나쁘게 생각하지 말게나!",record,False,False,False,False,,
Oblivion.esm,INFO,0008673D,,NAM1,0,,,"Don't worry, I hold no grudges. You bested me! I am man enough to admit it!","걱정 말게, 난 아무 유감도 없으니까. 자넨 날 이겼어! 난 그걸 인정할 만큼 충분한 남자라네!",record,False,False,False,False,,
Oblivion.esm,INFO,00086745,,NAM1,0,,,"And here you are again, my friend!","그래서 다시 여기에 왔군, 내 친구여!",record,False,False,False,False,,
Oblivion.esm,INFO,000A944C,,NAM1,0,,,"Umbacano nearly did us in this time, and no mistake.","의심의 여지 없이, 움바카노는 우리를 모두 죽일 뻔 했다네.",record,False,False,False,False,,
Oblivion.esm,INFO,0008655E,,NAM1,0,,,"Thanks again, buddy.","다시 한번 고마워, 친구.",record,False,False,False,False,,
Oblivion.esm,INFO,0008655F,,NAM1,0,,,Remember me?,날 기억해?,record,False,False,False,False,,
Oblivion.esm,INFO,00086563,,NAM1,0,,,You want to speak to me?,당신이 나와 이야기를 하고 싶다고 했소?,record,False,False,False,False,,
Oblivion.esm,INFO,00091B45,,NAM1,0,,,You are Weebam-Na?,네가 Weebam-Na야?,record,False,True,False,False,MEDIUM,Weebam-Na
Oblivion.esm,INFO,00086565,,NAM1,0,,,"Mogens is dead, the bastard!","Mogens는 죽었어, 그 빌어먹을 자식! ",record,False,True,False,False,MEDIUM,Mogens
Oblivion.esm,INFO,00086567,,NAM1,0,,,Where's Fisherman's Rock?,낚시꾼의 바위가 어디야?,record,False,False,False,False,,
Oblivion.esm,INFO,00086568,,NAM1,0,,,Where's Weebam-Na?,Weebam-Na는 어디에 있지?,record,False,True,False,False,MEDIUM,Weebam-Na
Oblivion.esm,INFO,0008656B,,NAM1,0,,,What are you looking at?,뭘 찾고 있어?,record,False,False,False,False,,
Oblivion.esm,INFO,00033D0C,,NAM1,0,,,It's a great loss.,그것은 매우 큰 손실이다.,record,False,False,False,False,,
Oblivion.esm,INFO,00033D0D,,NAM1,0,,,I fear the worst.,최악의 경우 나는 두렵다.,record,False,False,False,False,,
Oblivion.esm,INFO,00033D10,,NAM1,0,,,We need your help.,우리들은 당신의 도움이 간절하다.,record,False,False,False,False,,
Oblivion.esm,INFO,000514BC,,NAM1,0,,,Thought I sent you to Harlun's Watch.,우리들은 당신의 도움이 간절하다.,record,False,False,False,False,,
Oblivion.esm,INFO,000514BF,,NAM1,0,,,It's been horrible. Horrible.,그것은 무시무시했었다. 무서웠었다.,record,False,False,False,False,,
Oblivion.esm,INFO,00033B23,,NAM1,0,,,I hate my life.,내 인생이 증오스럽군.,record,False,False,False,False,,
Oblivion.esm,INFO,00033B2C,,NAM1,0,,,Praise the Nine!,나인 디바인(Nine)을 찬양하십시오!,record,True,True,False,False,HIGH,Nine
Oblivion.esm,INFO,00033B2F,,NAM1,0,,,"Alessia, hear our prayer.","Alessia, 우리의 기도를 들어주소서.",record,False,True,False,False,MEDIUM,Alessia
Oblivion.esm,INFO,0004F3E9,,NAM1,0,,,You've got a contract. Shouldn't you be in Bruma?,자넨 청부를 받았네. 왜 브루마(Bruma)에 있지 않은건가?,record,True,True,False,False,HIGH,Bruma
Oblivion.esm,INFO,0003376A,,NAM1,0,,,What do you have?,뭘 가져왔나?,record,False,False,False,False,,
Oblivion.esm,INFO,0003377F,,NAM1,0,,,Get moving.,움직이게.,record,False,False,False,False,,
Oblivion.esm,INFO,0003378B,,NAM1,0,,,More trouble.,문제가 크군.,record,False,False,False,False,,
Oblivion.esm,INFO,00033756,,NAM1,0,,,Yes?,네?,record,False,False,False,False,,
Oblivion.esm,INFO,00033765,,NAM1,0,,,"At your service, Master.",당신의 명령대로 마스터.,record,False,False,False,False,,
Oblivion.esm,INFO,0003377C,,NAM1,0,,,So? What happened?,그래서 어떻게 됐나?,record,False,False,False,False,,
Oblivion.esm,INFO,00033789,,NAM1,0,,,Well?,그래서? ,record,False,False,False,False,,
Oblivion.esm,INFO,0003378D,,NAM1,0,,,One last time.,마지막으로.,record,False,False,False,False,,
Oblivion.esm,INFO,0003379E,,NAM1,0,,,You've done well.,잘했네. ,record,False,False,False,False,,
Oblivion.esm,INFO,00033754,,NAM1,0,,,Well?,음?,record,False,False,False,False,,
Oblivion.esm,INFO,00033772,,NAM1,0,,,How'd it go?,어떻게 그곳을 가지?,record,False,False,False,False,,
Oblivion.esm,INFO,00033783,,NAM1,0,,,Don't talk to me.,조용히해.,record,False,False,False,False,,
Oblivion.esm,INFO,00033787,,NAM1,0,,,Go on.,계속가자.,record,False,False,False,False,,
Oblivion.esm,INFO,00033796,,NAM1,0,,,You can do this.,너는 이걸 할수있어.,record,False,False,False,False,,
Oblivion.esm,INFO,0003376B,,NAM1,0,,,"Oh, you're such a sweetie!","오,당신은 정말 사랑스럽군요!",record,False,False,False,False,,
Oblivion.esm,INFO,0004F549,,NAM1,0,,,Why aren't you finding Pinarus?,왜 Pinarus 를 찾지 않나요?,record,False,True,False,False,MEDIUM,Pinarus
Oblivion.esm,INFO,00033779,,NAM1,0,,,"Oh, my poor little rats!","오, 내 불쌍한 작은 쥐들!",record,False,False,False,False,,
Oblivion.esm,INFO,0004F3EE,,NAM1,0,,,"Don't you have a rat problem to be handling, boot?",자네는 처리해야 할 쥐문제가 있을텐데?,record,False,False,False,False,,
Oblivion.esm,INFO,0004F54B,,NAM1,0,,,Shouldn't have any more problems with those cats.,더이상 저 고양이들로 인한 문제는 없겠죠.,record,False,False,False,False,,
Oblivion.esm,INFO,0004F54D,,NAM1,0,,,Let's kill us some big cats.,저 덩치큰 고양이들을 죽여봅시다.,record,False,False,False,False,,
Oblivion.esm,INFO,0004F54F,,NAM1,0,,,What can I do for you?,무엇을 원하시나요?,record,False,False,False,False,,
Oblivion.esm,INFO,0007B79C,,NAM1,0,,,"Get to it, rat girl.","어서요, 쥐소녀.",record,False,False,False,False,,
Oblivion.esm,INFO,0007B79E,,NAM1,0,,,"Get to it, rat boy.","어서요, 들쥐 씨.",record,False,False,False,False,,
Oblivion.esm,INFO,00033751,,NAM1,0,,,We need to talk.,이야기좀 하지.,record,False,False,False,False,,
Oblivion.esm,INFO,00033774,,NAM1,0,,,Let's talk.,이야기좀 하지.,record,False,False,False,False,,
Oblivion.esm,INFO,00033785,,NAM1,0,,,You ready?,준비 됐나?,record,False,False,False,False,,
Oblivion.esm,INFO,00033788,,NAM1,0,,,We've been had.,우린 이미 다 됐잖아.,record,False,False,False,False,,
Oblivion.esm,INFO,0003378C,,NAM1,0,,,Let's go.,가자.,record,False,False,False,False,,
Oblivion.esm,INFO,000337A1,,NAM1,0,,,Good work.,좋았어.,record,False,False,False,False,,
Oblivion.esm,INFO,00033750,,NAM1,0,,,We're making progress.,우리 일이 진전을 보이는군.,record,False,False,False,False,,
Oblivion.esm,INFO,00033776,,NAM1,0,,,You got him?,그를 잡았나? ,record,False,False,False,False,,
Oblivion.esm,INFO,0003377A,,NAM1,0,,,Can't quit now.,지금 그만둘순 없어.,record,False,False,False,False,,
Oblivion.esm,INFO,00071E0F,,NAM1,0,,,"I am at your mercy for now, scum.","내게 자비를 빌라고, 쓰레기.",record,False,False,False,False,,
Oblivion.esm,INFO,00071E11,,NAM1,0,,,Get away! You will die here!,꺼져라! 네놈은 여기서 죽을 거다!,record,False,False,False,False,,
Oblivion.esm,INFO,0003374F,,NAM1,0,,,Good enough.,아주 좋아요. ,record,False,False,False,False,,
Oblivion.esm,INFO,00033771,,NAM1,0,,,"No more delays, please.","부탁이니까,더이상 늦으면 안돼요.",record,False,False,False,False,,
Oblivion.esm,INFO,00033786,,NAM1,0,,,"Oh, look. You again.","이런, 또 당신이네요. ",record,False,False,False,False,,
Oblivion.esm,INFO,000335D6,,NAM1,0,,,What's the story on Maglir and his contract?,Maglir와 그의 의뢰에 대한 이야기가 뭐지?,record,False,True,False,False,MEDIUM,Maglir
Oblivion.esm,INFO,000335DA,,NAM1,0,,,Go ahead.,어서 해요.,record,False,False,False,False,,
Oblivion.esm,INFO,000335ED,,NAM1,0,,,Glad to meet you.,만나서 반가워요.,record,False,False,False,False,,
Oblivion.esm,INFO,000335D8,,NAM1,0,,,What?,뭐라고 했소?,record,False,False,False,False,,
Oblivion.esm,INFO,000335E0,,NAM1,0,,,Get a move on.,움직이시오.,record,False,False,False,False,,
Oblivion.esm,INFO,000335E1,,NAM1,0,,,Ready for duty?,임무를 위한 준비가 되었소?,record,False,False,False,False,,
Oblivion.esm,INFO,00022E0D,,NAM1,0,,,Wait! I need to speak with you!,잠깐! 난 당신과 얘기하고 싶어요!,record,False,False,False,False,,
Oblivion.esm,INFO,00022E0E,,NAM1,0,,,It is good to see you again.,다시 만나게 되어 좋군요.,record,False,False,False,False,,
Oblivion.esm,INFO,00022E0F,,NAM1,0,,,I've been waiting for you. Have a seat.,당신을 기다리고 있었소. 앉으시오.,record,False,False,False,False,,
Oblivion.esm,INFO,0007B472,,NAM1,0,,,You're back! Have a seat and tell me everything.,돌아 왔구나! 앉아서 모든 것을 말해봐.,record,False,False,False,False,,
Oblivion.esm,INFO,0007B473,,NAM1,0,,,Thank you for convincing her to meet with me.,날 만나도록 그녀를 설득해 주셔서 감사합니다.,record,False,False,False,False,,
Oblivion.esm,INFO,00022E10,,NAM1,0,,,Take your time.,천천히 하시오.,record,False,False,False,False,,
Oblivion.esm,INFO,00022E11,,NAM1,0,,,Are you still here?,당신 아직 거기 있어요?,record,False,False,False,False,,
Oblivion.esm,INFO,00034470,,NAM1,0,,,"Greetings, mage.","안녕한가, 메이지.",record,False,False,False,False,,
Oblivion.esm,INFO,00034471,,NAM1,0,,,"Nothing to see here, citizen.",여긴 아무것도 없소.,record,False,False,False,False,,
Oblivion.esm,INFO,00035A30,,NAM1,0,,,"Uhh, hello.","어어, 안녕하세요.",record,False,False,False,False,,
Oblivion.esm,INFO,00035A31,,NAM1,0,,,Hmm. You don't look like a vampire...,흠. 당신은 뱀파이어같지는 않군요... ,record,False,False,False,False,,
Oblivion.esm,INFO,00085212,,NAM1,0,,,I got nothing to say.,나는 할말 없소.,record,False,False,False,False,,
Oblivion.esm,INFO,00033538,,NAM1,0,,,Any progress to report?,무언가 진전이 있었어요?,record,False,False,False,False,,
Oblivion.esm,INFO,000835C2,,NAM1,0,,,What do you want now?,또 무엇을 원하나요?,record,False,False,False,False,,
Oblivion.esm,INFO,0001D0E9,,NAM1,0,,,"This is a restricted area, I'm afraid. Guild mages only.",미안하지만 이곳은 출입금지 구역이에요. 오직 길드 메이지만 들어올 수 있어요.,record,False,False,False,False,,
Oblivion.esm,INFO,000835C3,,NAM1,0,,,I hope the work at Vahtacen goes well.,바타켄의 일이 잘 풀리면 좋겠군요.,record,False,False,False,False,,
Oblivion.esm,INFO,000835FE,,NAM1,0,,,There's more work to be done.,더 해야할 일이 있어요.,record,False,False,False,False,,
Oblivion.esm,INFO,00033DEA,,NAM1,0,,,Is there any news?,무슨 소식이라도 있습니까?,record,False,False,False,False,,
Oblivion.esm,INFO,00033DEF,,NAM1,0,,,Welcome to the Imperial Orrery.,임페리얼 Orrey에 어서오십시오.,record,False,True,False,False,MEDIUM,Orrey
Oblivion.esm,INFO,000835C1,,NAM1,0,,,I don't have time to help you now!,당신을 도울 시간이 없어요! ,record,False,False,False,False,,
Oblivion.esm,INFO,0001C4CE,,NAM1,0,,,"Welcome back, milord.",잘 돌아왔습니다.,record,False,False,False,False,,
Oblivion.esm,INFO,0001C4CF,,NAM1,0,,,"Welcome back, milady.",잘 돌아왔어요.,record,False,False,False,False,,
Oblivion.esm,INFO,00053758,,NAM1,0,,,"Stick with the plan, and everything should go smoothly.","계획대로만 하면, 다 술술 풀릴거야.",record,False,False,False,False,,
Oblivion.esm,INFO,00053759,,NAM1,0,,,"Welcome back to the world, convict! Hahaha.","밖으로 돌아온 걸 환영해, 죄수! 하하하.",record,False,False,False,False,,
Oblivion.esm,INFO,0005375A,,NAM1,0,,,Did that fetcher give you any information?,뭔가 정보라도 알려 주던가?,record,False,False,False,False,,
Oblivion.esm,INFO,0005375B,,NAM1,0,,,I don't know what else to say.,뭘 말할 지 모르겠군.,record,False,False,False,False,,
Oblivion.esm,INFO,0005327B,,NAM1,0,,,Change your mind?,마음을 바꿨어?,record,False,False,False,False,,
Oblivion.esm,INFO,00053773,,NAM1,0,,,What do you want?,뭘 원해?,record,False,False,False,False,,
Oblivion.esm,INFO,00053796,,NAM1,0,,,"You have no rights here, convict.","너에겐 권리가 없다, 죄인.",record,False,False,False,False,,
Oblivion.esm,INFO,00053742,,NAM1,0,,,Welcome back.,돌아 오신걸 환영합니다.,record,False,False,False,False,,
Oblivion.esm,INFO,0001C148,,NAM1,0,,,"I had the diary, but one of them stole it from me.","일기를 내가 가지고 있었는데, 그들 중 하나가 내게서 훔쳐갔어.",record,False,False,False,False,,
Oblivion.esm,INFO,00035A1C,,NAM1,0,,,Get out of my way.,저리 꺼져.,record,False,False,False,False,,
Oblivion.esm,INFO,0004798C,,NAM1,0,,,Hmmm. Maybe he lives in the Elven Gardens district.,흐~음. 어쩌면 그자는 엘븐 가든 지역에 살고 있을지도.,record,False,False,False,False,,
Oblivion.esm,INFO,00035A21,,NAM1,0,,,Psst. Over here.,어이. 이쪽이야.,record,False,False,False,False,,
Oblivion.esm,INFO,00035A26,,NAM1,0,,,I don't like the look of you. Keep moving.,무슨 그따위 모습을 하고 있는거야. 저리 가.,record,False,False,False,False,,
Oblivion.esm,INFO,0004798D,,NAM1,0,,,Is it midnight yet?,자정이 아직 안됐나?,record,False,False,False,False,,
Oblivion.esm,INFO,0004798E,,NAM1,0,,,I see there are too many thieves in the city.,이 도시는 도둑이 너무 많은 것 같아. 지긋지긋해.,record,False,False,False,False,,
Oblivion.esm,INFO,000549BD,,NAM1,0,,,I've won the competition! My membership into the guild is assured.,나의 승리다! 이것으로 나의 길드 입회가 확정됐어.,record,False,False,False,False,,
Oblivion.esm,INFO,000514B1,,NAM1,0,,,"La la la, la la la la...",라 라 라 라 라 라 라... ,record,False,False,False,False,,
Oblivion.esm,INFO,000514B2,,NAM1,0,,,"Oh dear, whatever could you want?","오 이런, 당신은 무엇을 원하십니까?",record,False,False,False,False,,
Oblivion.esm,INFO,000513BB,,NAM1,0,,,What do you want?,무엇을 원하십니까?,record,False,False,False,False,,
Oblivion.esm,INFO,0001E06C,,NAM1,0,,,Any news about the amulet?,목걸이 일에 조금 진척이 있었나요?,record,False,False,False,False,,
Oblivion.esm,INFO,0001E06E,,NAM1,0,,,"Greetings, child.","안녕, 아이야.",record,False,False,False,False,,
Oblivion.esm,INFO,0001FBB8,,NAM1,0,,,"I... do not feel well. Please, excuse me.",저... 는 지금 기분이 좋지 않군요. 실례하겠습니다.,record,False,False,False,False,,
Oblivion.esm,INFO,000BE55E,,NAM1,0,,,Salutations.,안녕하세요.,record,False,False,False,False,,
Oblivion.esm,INFO,0002C2FC,,NAM1,0,,,What news about Earana?,Earana에 관해 뭔가 알아냈는가?,record,False,True,False,False,MEDIUM,Earana
Oblivion.esm,INFO,0004DE88,,NAM1,0,,,Hey! Whoa! You shouldn't sneak up on people like that!,헤이! 와우! 그런 식으로 사람들한테 몰래 접근할 게 아니었어!,record,False,False,False,False,,
Oblivion.esm,INFO,0004DE89,,NAM1,0,,,"Oh, Faelian, dear Faelian... why must you ruin both our lives?","오! Faelain, 사랑하는 Faelian! 당신은 왜 우리 모두의 삶을 망치려고 하나요...",record,False,True,False,False,MEDIUM,"Faelain, Faelian"
Oblivion.esm,INFO,0003402A,,NAM1,0,,,"Brother, if I may have a word.","이봐, 할 얘기가 있어.",record,False,False,False,False,,
Oblivion.esm,INFO,0003402B,,NAM1,0,,,"Sister, if I may have a word.","이봐, 할 얘기가 있어.",record,False,False,False,False,,
Oblivion.esm,INFO,0003402C,,NAM1,0,,,"Excuse me, Brother. Can you spare a moment?","실례, 시간 좀 있나?",record,False,False,False,False,,
Oblivion.esm,INFO,0003402D,,NAM1,0,,,"Excuse me, Sister. Can you spare a moment?","실례, 시간 좀 있나?",record,False,False,False,False,,
Oblivion.esm,INFO,000614EC,,NAM1,0,,,I've been meaning to speak with you.,난 당신과 얘기하고 싶었습니다.,record,False,False,False,False,,
Oblivion.esm,INFO,0004CFAB,,NAM1,0,,,I hope you have some good news this time.,이번에는 좋은 소식을 가져 왔길 바라네,record,False,False,False,False,,
Oblivion.esm,INFO,0004CFAC,,NAM1,0,,,Ah! The triumphant Associate returns!,아! Associate가 개선장군이 되서 돌아왔군!,record,False,True,False,False,MEDIUM,Associate
Oblivion.esm,INFO,00023E4D,,NAM1,0,,,You have arrived at last!,당신이 마지막으로 도착했습니다!,record,False,False,False,False,,
Oblivion.esm,INFO,0002528F,,NAM1,0,,,I am honored by your presence. How can Ocheeva be of assistance?,나는 당신이 있어서 영광입니다. 어떻게 Ocheeva에게 도움이 될 수 있습니까?,record,False,True,False,False,MEDIUM,Ocheeva
Oblivion.esm,INFO,00025291,,NAM1,0,,,"You are finding your contracts agreeable, I hope?","당신은 기분 좋은 계약을 찾아낸 건 아니지, 그렇지?",record,False,False,False,False,,
Oblivion.esm,INFO,00025293,,NAM1,0,,,"I do not know what Lucien sees in you, but this Sanctuary is cursed by your presence.","루시엔이 당신에게서 무엇을 봤는지 모르지만, 당신이 존재함으로써 성역이 저주받았어.",record,False,False,False,False,,
Oblivion.esm,INFO,0002526A,,NAM1,0,,,"Ah, here you are. So good to finally meet you.","아, 여기 있습니다. 결국에 당신을 만나서 잘되었습니다.",record,False,False,False,False,,
Oblivion.esm,INFO,0002526C,,NAM1,0,,,"You are like a dark gift from the Night Mother herself. Please, tell me how I can help.","당신은 나이트 마더로부터의 어둠의 선물이군요. 제발, 내가 어떻게 도울 수 말해주시오.",record,False,False,False,False,,
Oblivion.esm,INFO,0002526F,,NAM1,0,,,"Hello, my Brother.","안녕, 형제여.",record,False,False,False,False,,
Oblivion.esm,INFO,00025270,,NAM1,0,,,"Hello, my Sister.","안녕, 자매여.",record,False,False,False,False,,
Oblivion.esm,INFO,00025276,,NAM1,0,,,Were I not ordered to assist you I would forgo the Tenets and feast on your blood!,나는 당신이 나에게 율법을 무시하고 피의 잔치를 하도록 돕기로 한 게 아니야!,record,False,False,False,False,,
Oblivion.esm,INFO,00025277,,NAM1,0,,,I've heard so much about you. Welcome to our family!,난 당신에 대해 많이 들었습니다. 우리가족에게 오신 것을 환영합니다!,record,False,False,False,False,,
Oblivion.esm,INFO,00025278,,NAM1,0,,,So good to see you! Is there anything you need?,만나서 좋습니다! 뭐 필요한 게 있나요?,record,False,False,False,False,,
Oblivion.esm,INFO,00025279,,NAM1,0,,,Hello again. ,다시 만났군요.,record,False,False,False,False,,
Oblivion.esm,INFO,0002527A,,NAM1,0,,,Seeing you in this Sanctuary makes me wish I were back on the streets.,이 성역에서 당신을 보고 있으니 마치 내가 그 거리로 돌아온 것처럼 소망하게 만드는 군요.,record,False,False,False,False,,
Oblivion.esm,INFO,0002527B,,NAM1,0,,,"I wish to welcome you to this Sanctuary, my newest Brother.","나는 이 성역에 오신 당신을 환영합니다, 내 새 형제여.",record,False,False,False,False,,
Oblivion.esm,INFO,0002527C,,NAM1,0,,,"I wish to welcome you to this Sanctuary, my newest Sister.","나는 이 성역에 오신 당신을 환영합니다, 내 새 자매여.",record,False,False,False,False,,
Oblivion.esm,INFO,0002527D,,NAM1,0,,,"It fills my heart with warmth to see you again, Brother.",당신을 다시 만나게 되어 가슴이 따뜻해져 옵니다. 형제여.,record,False,False,False,False,,
Oblivion.esm,INFO,0002527E,,NAM1,0,,,"It fills my heart with warmth to see you again, Sister.",당신을 다시 만나게 되어 가슴이 따뜻해져 옵니다. 자매여.,record,False,False,False,False,,
Oblivion.esm,INFO,0002527F,,NAM1,0,,,"Ah, greetings.","아, 안녕하시오.",record,False,False,False,False,,
Oblivion.esm,INFO,00025280,,NAM1,0,,,My scales grow cold whenever you approach.,당신이 다가올 때마다 내 비늘이 써늘해져.,record,False,False,False,False,,
Oblivion.esm,INFO,00025281,,NAM1,0,,,It is an honor to make your acquaintance.,당신과 친분을 만들게 되어 영광입니다.,record,False,False,False,False,,
Oblivion.esm,INFO,00025282,,NAM1,0,,,Seeing you again is like a blessing from the Night Mother herself!,당신을 다시 볼 수 있다니 나이트 마더의 축복 같군요!,record,False,False,False,False,,
Oblivion.esm,INFO,00025283,,NAM1,0,,,"What is it, Sister?","뭐, 자매입니까?",record,False,False,False,False,,
Oblivion.esm,INFO,00025284,,NAM1,0,,,"What is it, Brother?","뭐, 형제입니까?",record,False,False,False,False,,
Oblivion.esm,INFO,00025285,,NAM1,0,,,You. I hoped Sithis would have claimed you by now.,너. 나는 Sithis가 당장 당신의 목숨을 빼앗기를 바랬습니다.,record,False,True,False,False,MEDIUM,Sithis
Oblivion.esm,INFO,00025286,,NAM1,0,,,There you are! Welcome! Welcome!,여기 있었네! 환영합니다! 환영합니다!,record,False,False,False,False,,
Oblivion.esm,INFO,00025287,,NAM1,0,,,"Hail, my Brother!","만세, 나의 형제!",record,False,False,False,False,,
Oblivion.esm,INFO,00025288,,NAM1,0,,,"Hail, my Sister!","만세, 나의 자매!",record,False,False,False,False,,
Oblivion.esm,INFO,0002528B,,NAM1,0,,,"If not for the Tenets, I would slay you where you stand!","아니 율법만 아니라면, 난 당신을 그 자리에서 죽일 거야!",record,False,False,False,False,,
Oblivion.esm,INFO,0002528C,,NAM1,0,,,Get away from me....,저리가... ,record,False,False,False,False,,
Oblivion.esm,INFO,00181C29,,NAM1,0,,,"Ah, there you are! It's good to see you again! No, really, I mean it!","만나서 반갑네 친구. 아니야, 진심일세.",record,False,False,False,False,,
Oblivion.esm,INFO,000252CB,,NAM1,0,,,"But why, Sister? Why must I use stealth? Sneaking around in the shadows is so very... slow.  ","그런데 왜, 자매님? 내가 왜 은닉을 사용해야 합니까? 어둠 속에서 은닉하는 것은 아주 아주.느립니다.",record,False,False,False,False,,
Oblivion.esm,INFO,00025072,,NAM1,0,,,I speak for the Night Mother.,난 나이트 마더를 대표해 말한다.,record,False,False,False,False,,
Oblivion.esm,INFO,00009174,,NAM1,0,,,May we forever serve the Night Mother.,언제나 나이트마더를 섬기리라!,record,False,False,False,False,,
Oblivion.esm,INFO,00009175,,NAM1,0,,,You are like an unholy vision. So beautiful.,자네는 정말 사악해 보이는군... 아름다워.,record,False,False,False,False,,
Oblivion.esm,INFO,00009176,,NAM1,0,,,The Black Hand welcomes you!,Black Hand에 들어온 것을 환영하네!,record,False,True,False,False,MEDIUM,"Black, Hand"
Oblivion.esm,INFO,00009177,,NAM1,0,,,"Greetings, fellow Speaker.","환영하네, 후임 스피커여.",record,False,False,False,False,,
Oblivion.esm,INFO,0000917C,,NAM1,0,,,Betrayer! I have found you at last! Your reckoning is at hand!,배신자! 내가 마침내 당신을 찾았소! 귀하에 대한 심판이 닥쳤어!,record,False,False,False,False,,
Oblivion.esm,INFO,0000917D,,NAM1,0,,,Silencer! What news do you bring?,침묵자! 어떤 소식을 가져왔지?,record,False,False,False,False,,
Oblivion.esm,INFO,0000A0E9,,NAM1,0,,,You honor us with your presence.,당신을 뵙게 되어 영광입니다.,record,False,False,False,False,,
Oblivion.esm,INFO,00053872,,NAM1,0,,,"Ah, you have arrived. Come now, we must speak. The Black Hand has need of your... talents.","아, 당신이 도착했습니다. 자, 우리 얘기해봅시다. The Black Hand는 당신의 도움... 재능이 필요합니다.",record,False,True,False,False,MEDIUM,"The, Black, Hand"
Oblivion.esm,INFO,00053873,,NAM1,0,,,"Yes, my child?","왜, 꼬마야?",record,False,False,False,False,,
Oblivion.esm,INFO,00053874,,NAM1,0,,,"What is it, Silencer?","침묵자, 이게 뭐요?",record,False,False,False,False,,
Oblivion.esm,INFO,00025290,,NAM1,0,,,Always a pleasure!,언제나 기쁩니다!,record,False,False,False,False,,
Oblivion.esm,INFO,00025292,,NAM1,0,,,You need something? A room maybe?,뭐가 필요하죠? 아마도 방이 필요하신가?,record,False,False,False,False,,
Oblivion.esm,INFO,00025269,,NAM1,0,,,"By Ysmer's beard, not you again!","Ysmir의 수염에 걸고, 또 당신인가!",record,False,True,False,False,MEDIUM,Ysmir
Oblivion.esm,INFO,0002526B,,NAM1,0,,,"Well, well. Who might you be?","이런, 이런. 당신은 누구요?",record,False,False,False,False,,
Oblivion.esm,INFO,0002526D,,NAM1,0,,,"I can't help but smile when I see you, friend.","돕진 못해도 마주치면 웃어는 주겠소, 친구.",record,False,False,False,False,,
Oblivion.esm,INFO,0002526E,,NAM1,0,,,Yeah?,예?,record,False,False,False,False,,
Oblivion.esm,INFO,00025271,,NAM1,0,,,I didn't think Manheim allowed dogs in here.,나는 Manheim이 여기에 개를 허용했다고 생각하지 않았어요.,record,False,True,False,False,MEDIUM,Manheim
Oblivion.esm,INFO,00025272,,NAM1,0,,,Agh! Go away! Go away!,아! 저리가! 저리가!,record,False,False,False,False,,
Oblivion.esm,INFO,0002529B,,NAM1,0,,,"You ain't one of me crew. What business ye be havin' here, mate?","당신은 나의 부하가 아니야. 어떤 일로 당신은 여기 있는 거지, 친구?",record,False,False,False,False,,
Oblivion.esm,INFO,0002529C,,NAM1,0,,,[Gasp!] A burglar!,[헉!] 강도다!,record,False,False,False,False,,
Oblivion.esm,INFO,0002D922,,NAM1,0,,,You do NOT belong in here!,네놈은 여기 있으면 안 돼!,record,False,False,False,False,,
Oblivion.esm,INFO,00036312,,NAM1,0,,,What is this interruption?,이것이 중단입니까?,record,False,False,False,False,,
Oblivion.esm,INFO,00049190,,NAM1,0,,,"There once was hardy young lad of the sea... A Redguard of courage and honor was he... Sail on, my Cyrus, sail on...","언젠가 이 바다의 튼튼한 젊은이가 있었지... Redguard 용기와 명예를 가진 그가... 항해하자, 내 사이러스, 항해하자... ",record,False,True,False,False,MEDIUM,Redguard
Oblivion.esm,INFO,0002F257,,NAM1,0,,,*Gasp!*,*헉*,record,False,False,False,False,,
Oblivion.esm,INFO,0002F258,,NAM1,0,,,Hides-His-Heart will be here any moment!,Hides-His-Heart가 곳 여기 올겁니다.,record,False,True,False,False,MEDIUM,Hides-His-Heart
Oblivion.esm,INFO,00086965,,NAM1,0,,,Oh! Oh look! My goodness... Two people here to confront me! Whatever shall I do?,"오! 오, 봐! 세상에... 두 사람을 여기에서 대면하게 되는가! 내가 무엇을 해야 하는가?",record,False,False,False,False,,
Oblivion.esm,INFO,0002D396,,NAM1,0,,,Ooohhh...,오오오... ,record,False,False,False,False,,
Oblivion.esm,INFO,0002EDD0,,NAM1,0,,,"Oh, my head...","오, 머리야... ",record,False,False,False,False,,
Oblivion.esm,INFO,0002EDD1,,NAM1,0,,,I... I must get to the Grey Mare. Must get away from here... ,난... 나는 회색의 암말(Grey Mare)에 가야 합니다. 여기서 멀리 떨어져... ,record,True,True,False,False,HIGH,"Grey, Mare"
Oblivion.esm,INFO,0002EE99,,NAM1,0,,,"Ah, the Gray Mare! Chorrol's finest repository of wine, women and song!","아, 회색의 암말(Gray Mare)! Chorrol 최고의 와인과 여자 그리고 노래가 있는 곳!",record,True,True,False,False,HIGH,"Gray, Mare, Chorrol"
Oblivion.esm,INFO,0002F52E,,NAM1,0,,,Oooohhh...,오오오... ,record,False,False,False,False,,
Oblivion.esm,INFO,00086966,,NAM1,0,,,"I have a job to do, and nothing will stand in my way!","난 할 일이 있고, 아무것도 나의 길을 막을 수 없어!",record,False,False,False,False,,
Oblivion.esm,INFO,00023E6F,,NAM1,0,,,"You've got to get me out of here! Come on, open the door!","날 여기서 나가게 해주시겠어요! 어서, 문을 열어주시오!",record,False,False,False,False,,
Oblivion.esm,INFO,0002948B,,NAM1,0,,,Hello there. ,안녕하세요.,record,False,False,False,False,,
Oblivion.esm,INFO,0002948C,,NAM1,0,,,I can't quite decide where I should look. I don't want to break anything but the chest of gold could be hidden anywhere.,나는 어디를 보아야 할지 잘 결정할 수가 없군요. 난 어딘가 숨겨져있을 황금의 상자를 제외하고는 아무것도 부수길 원하지 않습니다.,record,False,False,False,False,,
Oblivion.esm,INFO,0002974A,,NAM1,0,,,Two of us have been murdered! One of us is a killer! But who?,우리들 중 두 사람이 살해당했습니다! 우리 중 하나가 범인입니다! 하지만 누가?,record,False,False,False,False,,
Oblivion.esm,INFO,0002974B,,NAM1,0,,,It's not safe to be alone. I certainly don't want to be the third victim.,혼자 있는 것은 안전하지 않습니다. 난 분명히 말해 세번째 희생자가 되고 싶지 않습니다.,record,False,False,False,False,,
Oblivion.esm,INFO,0002974C,,NAM1,0,,,"This house is a deathtrap! We're being killed off, one by one!",이 집은 죽음의 함정입니다! 우리는 하나씩 살해당할 것입니다!,record,False,False,False,False,,
Oblivion.esm,INFO,0002974D,,NAM1,0,,,So many people dead. I just don't know who to trust anymore.,그래서 많은 사람들이 죽었습니다. 나는 단지 누구를 더 신뢰해야 할지 모르겠습니다.,record,False,False,False,False,,
Oblivion.esm,INFO,000852BD,,NAM1,0,,,It's... it's you... you're the only one left. You did it! You killed them all!,그건... 당신... 당신만 남았어요. 당신이 했군요! 당신이 그들 모두를 죽였어!,record,False,False,False,False,,
Oblivion.esm,INFO,000852BE,,NAM1,0,,,"So that's it. It's down to you and me. I know I'm no killer, so that means...","그게 그거야. 그것은 당신과 나의 책임입니다. 난 살인자가 아니에요, 그래서 그 뜻은... ",record,False,False,False,False,,
Oblivion.esm,INFO,0008670F,,NAM1,0,,,"You and I are the only ones left, but we're not alone in this house. That killer is in here with us, hiding. But where?","당신과 나만 남아 있지만, 우리는 이 집에서 혼자가 아니에요. 그 범인은 여기에 숨어있습니다. 하지만 어디에?",record,False,False,False,False,,
Oblivion.esm,INFO,00092D87,,NAM1,0,,,You and I are the only ones left. But we did it. We survived. We... we won!,"당신과 나만 남아 있지만, 그러나 우리는 그것을 이루었습니다. 우리는...우리는 승리하였습니다.",record,False,False,False,False,,
Oblivion.esm,INFO,000837E9,,NAM1,0,,,Aha! There you are. Took you long enough to get here.,아하! 여기 있습니다. 이것을 얻기에 너무 오래 걸렸습니다.,record,False,False,False,False,,
Oblivion.esm,INFO,000837EA,,NAM1,0,,,What? Still here?,뭐? 아직 계신가요?,record,False,False,False,False,,
Oblivion.esm,INFO,0004A987,,NAM1,0,,,Time for you to cash in on my success.,내 성공으로 당신이 이득을 볼 시간이 왔어요.,record,False,False,False,False,,
Oblivion.esm,INFO,0004A988,,NAM1,0,,,No time to talk. I've got a job to do.,대화할 시간 없어요. 전 할일이 있다구요.,record,False,False,False,False,,
Oblivion.esm,INFO,00048702,,NAM1,0,,,"Need a hand, Associate?",도움이 필요합니까?,record,False,False,False,False,,
Oblivion.esm,INFO,0000BF34,,NAM1,0,,,"What now, guildmate?","뭐죠, 길드 동료여?",record,False,False,False,False,,
Oblivion.esm,INFO,0000BF35,,NAM1,0,,,"Help, help! You've got to do something!","사람살려, 나죽네! 날좀 도와줘요!",record,False,False,False,False,,
Oblivion.esm,INFO,00049807,,NAM1,0,,,I hope you've found Erthor.,어소르 씨를 찾았기를 바라죠.,record,False,False,False,False,,
Oblivion.esm,INFO,0000BF36,,NAM1,0,,,"I hope this is important, Associate.",이건 중요한거 같군요. 길드원님,record,False,False,False,False,,
Oblivion.esm,INFO,00049812,,NAM1,0,,,"Martin Septim, on behalf of the Elder Council, I accept your claim to the Imperial Throne. We should arrange the coronation ceremony as soon as ...","원로위원회의 이름으로, 마틴 셉팀을 제국의 황제로서 그 권리를 인정합니다. 준비되는 대로, 될 수 있는 한 빠른 시일 내에 대관식을 거행... ",record,False,False,False,False,,
Oblivion.esm,INFO,000146F0,,NAM1,0,,,"Chancellor Ocato! The city is under attack! Oblivion Gates have opened, and daedra are inside the walls! The guard is overwhelmed!",오카토(Ocato) 위원장님! 시가 공격 당하고 있습니다! 오블리비언 게이트가 열리고 데이드라들이 성 안으로 침입했습니다! 경비대로는 역부족입니다!,record,True,True,False,False,HIGH,Ocato
Oblivion.esm,INFO,000146F1,,NAM1,0,,,"Your Highness, what are your orders? Shall the Guard fall back to the Palace?","전하, 명령을 내려주십시오. 경비대를 궁전으로 철수시킬까요?",record,False,False,False,False,,
Oblivion.esm,INFO,00049813,,NAM1,0,,,"Sire, Chancellor Ocato is expecting you. He had word of your arrival in the capital.","폐하, 오카토(Ocato) 위원장께서 기다리고 계십니다. 폐하께서 중앙 회의실로 도착하실 것으로 알고 있습니다.",record,True,True,False,False,HIGH,Ocato
Oblivion.esm,INFO,0004D0B0,,NAM1,0,,,"Everything is ready for Martin's arrival, don't worry.",마틴(Martin)을 맞이할 준비가 되어 있네.,record,True,True,False,False,HIGH,Martin
Oblivion.esm,INFO,0004D0B1,,NAM1,0,,,You made it! Not that I was worried about you.,역시 해냈군요! 해 낼 줄 알았어요.,record,False,False,False,False,,
Oblivion.esm,INFO,0004D0B2,,NAM1,0,,,Welcome to the Imperial Palace.,임페리얼 궁전에 오신걸 환영합니다.,record,False,False,False,False,,
Oblivion.esm,INFO,0004D0B3,,NAM1,0,,,"Do you think we have a chance, sir?",우리에게 기회가 온 걸까요?,record,False,False,False,False,,
Oblivion.esm,INFO,0004D0B4,,NAM1,0,,,"Do you think we have a chance, ma'am?",우리에게 기회가 온 걸까요?,record,False,False,False,False,,
Oblivion.esm,INFO,0004D0B5,,NAM1,0,,,The daedra seemed to come out of nowhere!,데이드라들이 어디서 나타났는지 모르겠어!,record,False,False,False,False,,
Oblivion.esm,INFO,0004D0B6,,NAM1,0,,,I heard that Oblivion Gates are opening all over the city!,오블리비언 게이트가 온 도시에 열렸다는군!,record,False,False,False,False,,
Oblivion.esm,INFO,0004D0B7,,NAM1,0,,,We just made it through to the Palace. The Market District was swarming with daedra.,길을 확보해야 해. 상가 지역은 이미 데이드라들로 덮였어.,record,False,False,False,False,,
Oblivion.esm,INFO,00015E02,,NAM1,0,,,Have pity sir. I gots nothin' ta eat.,한푼 만 줍쇼. 종일 굶었다오.,record,False,False,False,False,,
Oblivion.esm,INFO,00015E03,,NAM1,0,,,"Have pity beautiful lady, I gots nothin' ta eat.","아름다운 숙녀님, 한푼 만 줍쇼. 종일 굶었다오.",record,False,False,False,False,,
Oblivion.esm,INFO,00015E04,,NAM1,0,,,A coin for an old beggar?,늙은 거지에게 한푼 만 줍쇼.,record,False,False,False,False,,
Oblivion.esm,INFO,00015E05,,NAM1,0,,,Me children are starving. Please help.,애기가 굶고 있어요. 도와 주세요.,record,False,False,False,False,,
Oblivion.esm,INFO,00015E06,,NAM1,0,,,Have pity on an old war veteran.,역전의 용사에게 도움을... ,record,False,False,False,False,,
Oblivion.esm,INFO,00015E07,,NAM1,0,,,Spare a coin for the infirm?,불쌍히 여겨 한푼 줍쇼.,record,False,False,False,False,,
Oblivion.esm,INFO,00015E08,,NAM1,0,,,I'm only asking for a single coin.,한푼 만 도와주세요.,record,False,False,False,False,,
Oblivion.esm,INFO,00015E09,,NAM1,0,,,Who will help an old beggar?,누가 늙은 거지 좀 도와주세요.,record,False,False,False,False,,
Oblivion.esm,INFO,00015E0A,,NAM1,0,,,Have mercy. Just one coin.,한 푼의 자비를 베푸세요.,record,False,False,False,False,,
Oblivion.esm,INFO,0003C342,,NAM1,0,,,Flyyyin'... flyyin' in the skyyyy.... cliff racer flys so high.... flyinnn'...,나아아네... 하느으으으을... 나아아아네.... 절벽 질주자가 아주 높이 나아안다네... ,record,False,False,False,False,,
Oblivion.esm,INFO,0003C344,,NAM1,0,,,"I've come from speaking with Count Indarys, and I've news for you.",인다리스 백작님과 얘기하다 왔는데... 새로운 소식이 있습니다.,record,False,False,False,False,,
Oblivion.esm,INFO,0003C345,,NAM1,0,,,I must speak to the Count.,백작님께 말해야만 합니다.,record,False,False,False,False,,
Oblivion.esm,INFO,0003C346,,NAM1,0,,,I trust there were no run-ins with the guards in the barracks.,막사에 있는 경비병들과 싸움이 없었다는 걸 믿습니다.,record,False,False,False,False,,
Oblivion.esm,INFO,0003C347,,NAM1,0,,,I must speak to the Count.,백작님께 말해야만 합니다.,record,False,False,False,False,,
Oblivion.esm,INFO,0003C348,,NAM1,0,,,"I feel Ulrich's eyes upon me as we speak, so be brief.","우리가 얘기할 때, 울리히가 감시한다는 느낌이 들어요. 그러니 짧게 말해요.",record,False,False,False,False,,
Oblivion.esm,INFO,0003C349,,NAM1,0,,,Yes?,네?,record,False,False,False,False,,
Oblivion.esm,INFO,0003C367,,NAM1,0,,,I'm very disappointed at the decision you've made.,그런 결정을 내리시다니 아주 실망스럽습니다.,record,False,False,False,False,,
Oblivion.esm,INFO,0003C368,,NAM1,0,,,I did what needed to be done.,내가 해야 할 것들은 했어요.,record,False,False,False,False,,
Oblivion.esm,INFO,0003C369,,NAM1,0,,,"That's all I'll be needing you for. Stay and watch, but don't interfere.",당신이 필요한 것 뿐이에요. 간섭하지 말고 보고만 있어요.,record,False,False,False,False,,
Oblivion.esm,INFO,0003C36A,,NAM1,0,,,"Please, go get Ulrich and convince him to follow you here. I'll do the rest.","어서, 울리히 그 놈을 찾아서 당신을 따라 오도록 설득하십시오. 나머진 제가 하겠습니다.",record,False,False,False,False,,
Oblivion.esm,INFO,0003C36B,,NAM1,0,,,Is something amiss? You have an ashen look on your face that tells me so.,뭐가 잘못됐나요? 당신 얼굴이 창백한 걸 보니 무슨 소식이 있나 봅니다.,record,False,False,False,False,,
Oblivion.esm,INFO,0003C36C,,NAM1,0,,,I'm glad to see you've returned.,돌아오신 걸 보니 기쁘군요.,record,False,False,False,False,,
Oblivion.esm,INFO,0003C38B,,NAM1,0,,,Hello.,안녕하세요.,record,False,False,False,False,,
Oblivion.esm,INFO,0003C14B,,NAM1,0,,,They say there's a gate opened outside the city! Let's go!,시 외곽에 차원문이 열렸다고 한다! 가보자!,record,False,False,False,False,,
Oblivion.esm,INFO,0003D4C6,,NAM1,0,,,You look like you can hold your own in a fight.,당신은 싸움에서 자기 스스로를 지킬 수 있을 것 같군요.,record,False,False,False,False,,
Oblivion.esm,INFO,0003D4CD,,NAM1,0,,,"Hey there, handsome.","이봐요, 거기... 잘 생긴 양반.",record,False,False,False,False,,
Oblivion.esm,INFO,0003D4DB,,NAM1,0,,,Hey there.,"이봐요, 거기.",record,False,False,False,False,,
Oblivion.esm,INFO,0003D4DD,,NAM1,0,,,"You look upset that we deceived you. Please, don't be.",우리가 당신을 속여서 당황한 것 같군요. 부디 진정하세요.,record,False,False,False,False,,
Oblivion.esm,INFO,0003D4DF,,NAM1,0,,,"I heard you made contact with the gang. Beauties, aren't they?","당신이 그 범죄단과 접촉했다고 들었습니다. 미인들이죠, 그렇지 않나요?",record,False,False,False,False,,
Oblivion.esm,INFO,0003D4E0,,NAM1,0,,,Don't just stand around here.,이 주변에서 얼쩡대지 말아요.,record,False,False,False,False,,
Oblivion.esm,INFO,0003D4E1,,NAM1,0,,,Eh?,에?,record,False,False,False,False,,
Oblivion.esm,INFO,00132A8C,,NAM1,0,,,Surprised to see us?,우리를 보고 놀랐나요?,record,False,False,False,False,,
Oblivion.esm,INFO,0003D4E5,,NAM1,0,,,Have you located their hideaway?,그들의 은신처를 찾았나요?,record,False,False,False,False,,
Oblivion.esm,INFO,0003D4E6,,NAM1,0,,,Have any success at The Flowing Bowl?,넘치는 그릇 여관에서 뭔가 알아내셨나요?,record,False,False,False,False,,
Oblivion.esm,INFO,0003D4E7,,NAM1,0,,,I've already told you pretty much everything I know about their gang.,난 이미 당신에게 그 범죄단에 대해 알고 있는 모든 것을 말해 드렸습니다.,record,False,False,False,False,,
Oblivion.esm,INFO,0003D4E8,,NAM1,0,,,Back so soon?,곧 가실 건가요?,record,False,False,False,False,,
Oblivion.esm,INFO,0003D4E9,,NAM1,0,,,Change your mind?,마음이 바뀌셨나요?,record,False,False,False,False,,
Oblivion.esm,INFO,0003D4EA,,NAM1,0,,,Please hear me out.,제발 내 말 좀 들어보세요.,record,False,False,False,False,,
Oblivion.esm,INFO,0003D4EB,,NAM1,0,,,Hello there.,안녕하세요.,record,False,False,False,False,,
Oblivion.esm,INFO,0003A84D,,NAM1,0,,,I sure don't like the looks of that Gate.,물론 나는 그 게이트가 보기 싫소.,record,False,False,False,False,,
Oblivion.esm,INFO,0003A84E,,NAM1,0,,,Do you really think we can close that thing?,정말 그걸 닫을 수 있다고 보시오?,record,False,False,False,False,,
Oblivion.esm,INFO,0003A84F,,NAM1,0,,,We've got to get out of here!,해치웁시다!,record,False,False,False,False,,
Oblivion.esm,INFO,0003A850,,NAM1,0,,,I sure hope you know what you're doing.,뭐를 해야 할지 알았으면 좋겠소.,record,False,False,False,False,,
Oblivion.esm,INFO,0003A851,,NAM1,0,,,"So far, so good.",지금까지는 좋아.,record,False,False,False,False,,
Oblivion.esm,INFO,0003A852,,NAM1,0,,,I don't like the looks of this.,이런 건 좋아하지 않아.,record,False,False,False,False,,
Oblivion.esm,INFO,000981D3,,NAM1,0,,,Hello.,안녕하세요.,record,False,False,False,False,,
Oblivion.esm,INFO,000A715A,,NAM1,0,,,Take care.,조심해.,record,False,False,False,False,,
Oblivion.esm,INFO,000ADC6C,,NAM1,0,,,Good to see you.,만나뵙게 되어 영광입니다.,record,False,False,False,False,,
Oblivion.esm,INFO,00064D27,,NAM1,0,,,Yes?,네?,record,False,False,False,False,,
Oblivion.esm,INFO,000ADD07,,NAM1,0,,,"What do you need, friend?","뭐 필요한 거라도, 친구?",record,False,False,False,False,,
Oblivion.esm,INFO,00038F2F,,NAM1,0,,,Whatever I can do...,내가 할 수 있는 건 뭐든지...,record,False,False,False,False,,
Oblivion.esm,INFO,00038F30,,NAM1,0,,,Hello!,안녕하시오!,record,False,False,False,False,,
Oblivion.esm,INFO,00038F31,,NAM1,0,,,Excuse me.,실례하겠습니다.,record,False,False,False,False,,
Oblivion.esm,INFO,00038F33,,NAM1,0,,,You're back. What news do you bring me?,돌아왔군요. 무슨 소식이라도 있습니까?,record,False,False,False,False,,
Oblivion.esm,INFO,00038F35,,NAM1,0,,,You're back. What news do you bring me?,돌아왔군요. 무슨 소식이라도 있습니까?,record,False,False,False,False,,
Oblivion.esm,INFO,00038F36,,NAM1,0,,,What is it now?,이번엔 무슨 일인가?,record,False,False,False,False,,
Oblivion.esm,INFO,00038F37,,NAM1,0,,,I've much to tell you.,당신에게 말할 게 많습니다.,record,False,False,False,False,,
Oblivion.esm,INFO,00038F38,,NAM1,0,,,I can't speak to you right now.,지금 당장 당신과 얘기할 수 없습니다.,record,False,False,False,False,,
Oblivion.esm,INFO,00038F39,,NAM1,0,,,"Oh, you're back.","오, 돌아왔군요.",record,False,False,False,False,,
Oblivion.esm,INFO,00038F3A,,NAM1,0,,,I don't know what else to tell you.,당신에게 말할 게 뭐가 있는지 모르겠군요.,record,False,False,False,False,,
Oblivion.esm,INFO,00038F3B,,NAM1,0,,,Halt!,멈춰요!,record,False,False,False,False,,
Oblivion.esm,INFO,0003C14C,,NAM1,0,,,"Good to see you, sir. We won't forget how you helped Anvil.",반갑군요. Anvil에 대한 도움을 잊지 않을 거에요.,record,False,True,False,False,MEDIUM,Anvil
Oblivion.esm,INFO,0003C14D,,NAM1,0,,,"Good to see you, ma'am. We won't forget how you helped Anvil.",반갑군요. Anvil에 대한 도움을 잊지 않을 거에요.,record,False,True,False,False,MEDIUM,Anvil
Oblivion.esm,INFO,0003C14E,,NAM1,0,,,"You're the one that saved Cheydinhal from that Oblivion Gate, aren't you?","오블리비언 게이트로부터 Cheydinhal을 구한 사람이군요, 그렇죠?",record,False,True,False,False,MEDIUM,Cheydinhal
Oblivion.esm,INFO,0003C14F,,NAM1,0,,,You don't need to worry about the daedra taking Bruma. You've got the best soldiers in Cyrodiil here now.,브루마(Bruma)를 데이드라에게 빼앗길 염려는 할 필요 없소. 시로딜 최고의 병사들이 여기 모였소.,record,True,True,False,False,HIGH,Bruma
Oblivion.esm,INFO,0003C150,,NAM1,0,,,I'm looking forward to some payback for what those bastards did to Kvatch.,크바치에서 놈들에게 진 빚을 돌려주고야 말겠소.,record,False,False,False,False,,
Oblivion.esm,INFO,0003C151,,NAM1,0,,,How long will Bruma need our help? Count Caro's orders were to return to Leyawiin as soon as Bruma was secure.,브루마(Bruma)에 얼마나 있어야 겠소? 카로(Caro) 백작께선 브루마의 안전이 확보되는 데로 곧장 레이어윈(Leyawiin)으로 돌아오라고 명하셨소.,record,True,True,False,False,HIGH,"Bruma, Caro, Leyawiin"
Oblivion.esm,INFO,0003C152,,NAM1,0,,,I can't wait to get back to Skingrad. I ain't cut out for this damned weather.,스킨그라드(Skingrad)로 돌아가야 겠소. 빌어먹을 날씨를 견딜 수 없소.,record,True,True,False,False,HIGH,Skingrad
Oblivion.esm,INFO,0003C153,,NAM1,0,,,"Do you think the attack will come soon, ma'am?",곧 공격이 시작 될까요?,record,False,False,False,False,,
Oblivion.esm,INFO,0003C154,,NAM1,0,,,"Do you think the attack will come soon, sir?",곧 공격이 시작 될까요?,record,False,False,False,False,,
Oblivion.esm,INFO,0003C155,,NAM1,0,,,"Congratulations on your victory, sir.",멋진 승리였어!,record,False,False,False,False,,
Oblivion.esm,INFO,0003C156,,NAM1,0,,,"Congratulations on your victory, ma'am.",멋진 승리였어!,record,False,False,False,False,,
Oblivion.esm,INFO,00054672,,NAM1,0,,,Do you think we stand a chance?,우리에게 기회가 있을까요?,record,False,False,False,False,,
Oblivion.esm,INFO,00054673,,NAM1,0,,,Let's teach those bastards a lesson!,놈들에게 한 수 가르쳐 주자!,record,False,False,False,False,,
Oblivion.esm,INFO,00054674,,NAM1,0,,,There's no way I'm going in there!,방법이 없소. 안으로 들어가겠소!,record,False,False,False,False,,
Oblivion.esm,INFO,00037F5A,,NAM1,0,,,"Welcome aboard, sir. It will be an honor to serve with you.",입단을 환영해. 같이 일하게 되어 영광이군.,record,False,False,False,False,,
Oblivion.esm,INFO,00037F5B,,NAM1,0,,,"Welcome aboard, ma'am. It will be an honor to serve with you.",입단을 환영해. 같이 일하게 되어 영광이군.,record,False,False,False,False,,
Oblivion.esm,INFO,00037F5C,,NAM1,0,,,"Good morning, ma'am.",굿 모닝.,record,False,False,False,False,,
Oblivion.esm,INFO,00037F5D,,NAM1,0,,,"Good afternoon, ma'am.",굿 에프터눈.,record,False,False,False,False,,
Oblivion.esm,INFO,00037F5E,,NAM1,0,,,"Good evening, ma'am.",굿 이브닝.,record,False,False,False,False,,
Oblivion.esm,INFO,00037F5F,,NAM1,0,,,"Good morning, sir.",굿 모닝.,record,False,False,False,False,,
Oblivion.esm,INFO,00037F60,,NAM1,0,,,"Good afternoon, sir.",굿 에프터눈.,record,False,False,False,False,,
Oblivion.esm,INFO,00037F61,,NAM1,0,,,"Good evening, sir.",굿 이브닝.,record,False,False,False,False,,
Oblivion.esm,INFO,0008B5FE,,NAM1,0,,,Sir.,형제.,record,False,False,False,False,,
Oblivion.esm,INFO,0008B5FF,,NAM1,0,,,Ma'am.,자매.,record,False,False,False,False,,
Oblivion.esm,INFO,00037F62,,NAM1,0,,,Hail.,안녕하십니까.,record,False,False,False,False,,
Oblivion.esm,INFO,00046307,,NAM1,0,,,"You did it, Captain! You closed the Oblivion Gate! We didn't think we'd ever see you alive again!","해냈어요, 대장! 대장이 오블리비언 게이트를 닫았어요! 다시는 살아서 못 보는 줄 알았어요!",record,False,False,False,False,,
Oblivion.esm,INFO,00088B33,,NAM1,0,,,What news from Tamriel?,탐리엘의 새로운 소식 없어?,record,False,False,False,False,,
Oblivion.esm,INFO,00088B35,,NAM1,0,,,The Eternal Garden... I used to dream about coming here. The Master made it sound so wonderful.,야생의 정원... 여기 오는 게 꿈이었어. 마스터께서 정말 멋지게 만드셨어.,record,False,False,False,False,,
Oblivion.esm,INFO,00088B36,,NAM1,0,,,I wonder how long we've been here? There's no way to keep track of time.,얼마나 더 여기 있어야 하지? 시간을 잴 수도 없어.,record,False,False,False,False,,
Oblivion.esm,INFO,00088B38,,NAM1,0,,,"If I could kill myself, I would.",죽을 수만 있다면 죽고 싶어.,record,False,False,False,False,,
Oblivion.esm,INFO,00088B39,,NAM1,0,,,Mankar Camoran has a lot to answer for. No wonder he never comes down to the Eternal Garden.,맨카 케모런(Mankar Camoran)은 많은 걸 해명해야 해. 그는 절대 야생의 정원으로 내려오지 않을거야.,record,True,True,False,False,HIGH,"Mankar, Camoran"
Oblivion.esm,INFO,00088B3D,,NAM1,0,,,Dawn is breaking.,여명이 밝았도다.,record,False,False,False,False,,
Oblivion.esm,INFO,00088B3E,,NAM1,0,,,The Master will call us back to Tamriel soon. I'm sure of it.,마스터께서 곧 우릴 탐리엘(Tamriel)로 불러주실 거야. 난 확신해.,record,True,True,False,False,HIGH,Tamriel
Oblivion.esm,INFO,00088B3F,,NAM1,0,,,I never tire of the beauty of Gaiar Alata.,가이아 알라타(Gaiar Alata)의 아름다움은 절대 질리지 않아.,record,True,True,False,False,HIGH,"Gaiar, Alata"
Oblivion.esm,INFO,00088B42,,NAM1,0,,,I feel sure the Master will recognize my efforts and summon me to the Forbidden Grotto soon.,마스터께서 곧 나의 노고를 알아주시고 금단의 동굴로 불러주실 것 같은 확신이 들어.,record,False,False,False,False,,
Oblivion.esm,INFO,00088B45,,NAM1,0,,,Do you think we're safe for a few minutes?,우리가 몇 분 동안이나 안전할 것 같아?,record,False,False,False,False,,
Oblivion.esm,INFO,00088B46,,NAM1,0,,,I don't see any of them around right now.,이젠 주변에 더 이상 그들이 보이질 않아.,record,False,False,False,False,,
Oblivion.esm,INFO,00088B69,,NAM1,0,,,What?,뭐죠?,record,False,False,False,False,,
Oblivion.esm,INFO,00088B6A,,NAM1,0,,,I don't feel like talking right now.,지금은 얘기할 기분이 아니야.,record,False,False,False,False,,
Oblivion.esm,INFO,0000345C,,NAM1,0,,,What do you want?,뭘 원하시죠?,record,False,False,False,False,,
Oblivion.esm,INFO,0000345D,,NAM1,0,,,Hey! I've been looking for you.,헤이! 당신을 찾고 있었습니다.,record,False,False,False,False,,
Oblivion.esm,INFO,00017DD9,,NAM1,0,,,"No sign of Armand Christophe, Sir.",아만드 크리스토프의 흔적은 없습니다.,record,False,False,False,False,,
Oblivion.esm,INFO,00017C5E,,NAM1,0,,,Any sign of Armand Christophe?,아르망 크리스토프의 흔적은 아직인가?,record,False,False,False,False,,
Oblivion.esm,INFO,0001E7E7,,NAM1,0,,,Can you tell me where Armand Christophe is hiding?,아르망 크리스토프가 어디 숨었는지 알려줄 수 있나?,record,False,False,False,False,,
Oblivion.esm,INFO,00017C49,,NAM1,0,,,Have you seen Armand Christophe?,아르망 크리스토프를 혹시 보았나?,record,False,False,False,False,,
Oblivion.esm,INFO,0000A22E,,NAM1,0,,,What are you doing here?,당신 여기서 무엇을 하고 있소?,record,False,False,False,False,,
Oblivion.esm,INFO,0000A22F,,NAM1,0,,,You're a welcome sight.,반갑습니다.,record,False,False,False,False,,
Oblivion.esm,INFO,00035A1E,,NAM1,0,,,Ah! Our newest member.,아! 새로운 길드원이군.,record,False,False,False,False,,
Oblivion.esm,INFO,00034459,,NAM1,0,,,"Can I help you, Pickpocket?","뭘 도와드릴까요, 소매기치(Pickpocket)?",record,True,True,False,False,HIGH,Pickpocket
Oblivion.esm,INFO,000976AC,,NAM1,0,,,You have kept your word. Now I will keep mine. What is it you wish to know?,당신은 약속을 지키셨습니다. 이제 나도 지킬 것입니다. 당신이 알고 싶은 것이 뭐에요?,record,False,False,False,False,,
Oblivion.esm,INFO,00015F0E,,NAM1,0,,,Are we there yet?,아직 그곳에 멀었나?,record,False,False,False,False,,
Oblivion.esm,INFO,0000BF9B,,NAM1,0,,,You are a welcome sight!,당신을 환영합니다!,record,False,False,False,False,,
Oblivion.esm,INFO,0004B771,,NAM1,0,,,"You will be sweet, bloody nectar for the lady.","당신은 여성에게 달콤하고도, 피비린내 나는 꿀입니다.",record,False,False,False,False,,
Oblivion.esm,INFO,0008547E,,NAM1,0,,,Hey! You said you would unlock the door!,헤이! 당신이 문을 딸 수 있을 거라고 했잖아!,record,False,False,False,False,,
Oblivion.esm,INFO,00085919,,NAM1,0,,,Out of the way slop drudge.,길을 비켜라 slop drudge.,record,False,True,False,False,MEDIUM,"slop, drudge"
Oblivion.esm,INFO,0008591A,,NAM1,0,,,"Shouldn't you be feeding the prisoners, slop drudge?","죄수들에게 먹이를 주어야 하지 않나, slop drudge?",record,False,True,False,False,MEDIUM,"slop, drudge"
Oblivion.esm,INFO,000153B1,,NAM1,0,,,"Well met, old friend!","반갑소, 오랜 친구!",record,False,False,False,False,,
Oblivion.esm,INFO,0009DED8,,NAM1,0,,,You don't belong here.,당신은 여기에 있으면 안됩니다.,record,False,False,False,False,,
Oblivion.esm,INFO,0009F913,,NAM1,0,,,The Gray Fox is inside.,그레이 폭스가 안에 있습니다.,record,False,False,False,False,,
Oblivion.esm,INFO,0009F914,,NAM1,0,,,He's waiting inside.,그가 안에서 기다리고 있습니다.,record,False,False,False,False,,
Oblivion.esm,INFO,0001482F,,NAM1,0,,,Old friend!,오래된 친구!,record,False,False,False,False,,
Oblivion.esm,INFO,00014830,,NAM1,0,,,Welcome. Let's talk.,환영하네. 그럼 얘기를 시작하자고.,record,False,False,False,False,,
Oblivion.esm,INFO,000982BF,,NAM1,0,,,Don't keep the Gray Fox waiting.,그레이 폭스 님을 기다리시게 하지 말도록.,record,False,False,False,False,,
Oblivion.esm,INFO,0000349F,,NAM1,0,,,Glad to see you!,당신을 만나게 되어 기쁘군요!,record,False,False,False,False,,
Oblivion.esm,INFO,000034A0,,NAM1,0,,,The blessing of the Fox upon you.,당신에게 폭스의 축복이 내리길.,record,False,False,False,False,,
Oblivion.esm,INFO,000034A1,,NAM1,0,,,"Ah, the Thieves Guild's new favorite.","아, 도둑 길드에 새로이 좋아하는.",record,False,False,False,False,,
Oblivion.esm,INFO,000343E4,,NAM1,0,,,There is nothing more important now than locating Martin and bringing him safely back here.,이제 가장 시급한 일은 마틴(Martin)을 찾아 안전하게 데려오는 일일세.,record,True,True,False,False,HIGH,Martin
Oblivion.esm,INFO,000366E0,,NAM1,0,,,You're back. Did you bring help?,돌아 왔군. 도와주겠소?,record,False,False,False,False,,
Oblivion.esm,INFO,000366C6,,NAM1,0,,,Thank you...,감사하오... ,record,False,False,False,False,,
Oblivion.esm,INFO,000366CF,,NAM1,0,,,Please...,부탁이오... ,record,False,False,False,False,,
Oblivion.esm,INFO,00036607,,NAM1,0,,,"Audens Avidius, you are under arrest for extortion and petty theft. Surrender peacefully and keep what little dignity you have left.","Audens Avidius, 넌 금품 강요와 사소한 절도죄로 체포된다. 조용히 항복해서 조금이라도 품위를 지켜라.",record,False,True,False,False,MEDIUM,"Audens, Avidius"
Oblivion.esm,INFO,000363B7,,NAM1,0,,,Did you hear what happened to Ruslan and Luronk? One of the Watchmen fleeced them for all their coin!,Ruslan과 Luronk에게 무슨 일이 생겼는지 들었어요? 경비대원 중의 하나가 그들의 돈을 빼앗아 갔데요!,record,False,True,False,False,MEDIUM,"Ruslan, Luronk"
Oblivion.esm,INFO,000363BB,,NAM1,0,,,Ruslan and Luronk are going around saying that some of the Imperial Watch are corrupt.,Ruslan과Luronk는 Imperial 경비대의 일부가 타락했다고 말하고 다니는 중이죠.,record,False,True,False,False,MEDIUM,"Ruslan, Luronk, Imperial"
Oblivion.esm,INFO,000363E1,,NAM1,0,,,Audens Avidius escaped from prison!,Audens Avidius가 감옥에서 탈출했데요! ,record,False,True,False,False,MEDIUM,"Audens, Avidius"
Oblivion.esm,INFO,000363E3,,NAM1,0,,,The Imperial Watch is asking around for anyone that might have seen Audens Avidius. He's escaped from prison!,Imperial 경비대가 Audens Avidius를 본 사람이 있는지 묻고 다니고 있습니다. 그자가 탈옥했다는 거에요!,record,False,True,False,False,MEDIUM,"Imperial, Audens, Avidius"
Oblivion.esm,INFO,000343B5,,NAM1,0,,,"Hello, father.","안녕하세요, 아버지.",record,False,False,False,False,,
Oblivion.esm,INFO,000343B8,,NAM1,0,,,"How are you doing, dear?","안녕, 아가 뭐하고 있는 거니?",record,False,False,False,False,,
Oblivion.esm,INFO,000343BE,,NAM1,0,,,"What is it, Barthel?","뭐, 이게 뭐죠, Barthel님?",record,False,True,False,False,MEDIUM,Barthel
Oblivion.esm,INFO,000343F5,,NAM1,0,,,My head is still spinning from everything that has happened. I'll need some time to adjust.,최근의 일들이 머리 속에서 여전히 복잡하게 얽혀있어. 정리할 시간이 필요해.,record,False,False,False,False,,
Oblivion.esm,INFO,00065555,,NAM1,0,,,That's three more that won't be reporting back to their Master.,놈들이 더 이상 마스터에게 보고하는 일은 없겠군.,record,False,False,False,False,,
Oblivion.esm,INFO,000A31BD,,NAM1,0,,,I haven't turned up anything new on my end yet.,그 후로 새로운 사실은 아직 밝혀내지 못했네.,record,False,False,False,False,,
Oblivion.esm,INFO,00033B25,,NAM1,0,,,Thank you.,고마워요.,record,False,False,False,False,,
Oblivion.esm,INFO,00033B2B,,NAM1,0,,,Did you find them?,그들을 찾았나요?,record,False,False,False,False,,
Oblivion.esm,INFO,00033B32,,NAM1,0,,,Can you help me?,날 도와줄 수 있나요?,record,False,False,False,False,,
Oblivion.esm,INFO,000327C2,,NAM1,0,,,Welcome to Water's Edge!,워터스 엣지에 어서 오십시오!,record,False,False,False,False,,
Oblivion.esm,INFO,000327C3,,NAM1,0,,,Welcome to our humble village.,우리의 소박한 마을에 방문해 준 걸 환영합니다.,record,False,False,False,False,,
Oblivion.esm,INFO,000327C6,,NAM1,0,,,Why aren't you in Water's Edge?,자네 왜 Water's Edge에 가 있지 않은 건가?,record,False,True,False,False,MEDIUM,"Water's, Edge"
Oblivion.esm,INFO,00033B30,,NAM1,0,,,"Hither to me, good varlet.",나에게 와라 착한 종아.,record,False,False,False,False,,
Oblivion.esm,INFO,00033B37,,NAM1,0,,,Speaketh you on.,어서 말씀하시오.,record,False,False,False,False,,
Oblivion.esm,INFO,00033B3A,,NAM1,0,,,Please don't tell anyone.,제발 아무말도 하지마라.,record,False,False,False,False,,
Oblivion.esm,INFO,00033B3E,,NAM1,0,,,This is so embarrassing.,이건 정말 수치스럽군요.,record,False,False,False,False,,
Oblivion.esm,INFO,000514C2,,NAM1,0,,,Didn't I send you to see Lord Rugdumph?,나는 러그덤프 영주를 보기위해  너를 보내지않았냐?,record,False,False,False,False,,
Oblivion.esm,INFO,00033588,,NAM1,0,,,Hey...,이봐... ,record,False,False,False,False,,
Oblivion.esm,INFO,0003358B,,NAM1,0,,,The Knights of the Thorn triumph once again!,가시의 기사단(Knights of the Thorn)이 다시 일어섰도다!,record,True,True,False,False,HIGH,"Knights, of, the, Thorn"
Oblivion.esm,INFO,00033590,,NAM1,0,,,I long to spill more foul daedra blood this day... for Cheydinhal!,셰이딘홀을 위해 오늘 사악한 데이드라의 피를 보리라!,record,False,False,False,False,,
Oblivion.esm,INFO,0003359B,,NAM1,0,,,This place is cursed... we must not let its spoiled ichor spill into our fair lands.,이곳은 저주 받았어... 이 기운이 우리의 고귀한 땅에 흘러들 게 내버려 둬선 안돼.,record,False,False,False,False,,
Oblivion.esm,INFO,0003359D,,NAM1,0,,,Hmph...,흠... ,record,False,False,False,False,,
Oblivion.esm,INFO,0003359C,,NAM1,0,,,I suppose you'll do...,해낼 거라 믿어... ,record,False,False,False,False,,
Oblivion.esm,INFO,0003359F,,NAM1,0,,,"I'm honored by your presence, friend.","당신의 존재만으로도 영광입니다, 친구.",record,False,False,False,False,,
Oblivion.esm,INFO,000335A0,,NAM1,0,,,You've done it!,해내셨군요!,record,False,False,False,False,,
Oblivion.esm,INFO,000335A1,,NAM1,0,,,Yes?,네?,record,False,False,False,False,,
Oblivion.esm,INFO,000335A2,,NAM1,0,,,Whatever comes out of that portal... Cheydinhal is ready.,"저 포탈에서 뭐가 나오든, Cheydinhal은 준비가 되어 있소.",record,False,True,False,False,MEDIUM,Cheydinhal
Oblivion.esm,INFO,00033541,,NAM1,0,,,Hail! This area is extremely dangerous. I'd recommend leaving quickly.,이봐! 여긴 매우 위험해. 어서 떠나는 게 좋을 거야.,record,False,False,False,False,,
Oblivion.esm,INFO,000335A4,,NAM1,0,,,"Well met, adventurer.","반갑소, 나그네.",record,False,False,False,False,,
Oblivion.esm,INFO,00025DE9,,NAM1,0,,,"You handled yourself pretty well back there. Just keep out of our way, got it?","자신이나 잘 돌봐. 걸리적거리지 말고, 알았어?",record,False,False,False,False,,
Oblivion.esm,INFO,00025DEA,,NAM1,0,,,"If you want to help, prisoner, keep alert and let us do our job.","죄수, 돕고 싶으면 방해나 안되도록 조심해.",record,False,False,False,False,,
Oblivion.esm,INFO,000227AD,,NAM1,0,,,Don't get in our way.,걸리적 거리지 마라.,record,False,False,False,False,,
Oblivion.esm,INFO,000227AF,,NAM1,0,,,"I've still got my eye on you, prisoner.","죄수, 지켜보고 있다.",record,False,False,False,False,,
Oblivion.esm,INFO,000227B2,,NAM1,0,,,"I follow the Emperor's orders, but that doesn't mean I trust you.",황제의 지시에 따르겠지만 널 믿진 않아.,record,False,False,False,False,,
Oblivion.esm,INFO,0004EA44,,NAM1,0,,,"Are you all right, sire? We're clear, for now.",무사하십니까 폐하? 모두 처치했습니다.,record,False,False,False,False,,
Oblivion.esm,INFO,0001E79D,,NAM1,0,,,"Hello, my friend.","안녕하세요, 내 친구여.",record,False,False,False,False,,
Oblivion.esm,INFO,0001E7A2,,NAM1,0,,,Glad to see you are well.,당신이 괜찮은 것 같아 기쁘군요.,record,False,False,False,False,,
Oblivion.esm,INFO,0001E7A9,,NAM1,0,,,Hello again.,다시 인사하겠습니다.,record,False,False,False,False,,
Oblivion.esm,INFO,0001E7AC,,NAM1,0,,,Welcome to The Copious Coinpurse!,막대한 동전지갑(Copious Coinpurse)에 잘 오셨습니다!,record,True,True,False,False,HIGH,"Copious, Coinpurse"
Oblivion.esm,INFO,000227B4,,NAM1,0,,,Stick close and you'll be alright.,꼭 붙어 있기만 하면 돼.,record,False,False,False,False,,
Oblivion.esm,INFO,000227B5,,NAM1,0,,,The Blades have gotten the Emperor out of worse situations than this.,블레이드는 지금보다 더 나쁜 상황에서도 황제를 호위한 적이 있어.,record,False,False,False,False,,
Oblivion.esm,INFO,0002466F,,NAM1,0,,,I don't like it. It's too quiet.,기분 나쁘게 너무 조용한데.,record,False,False,False,False,,
Oblivion.esm,INFO,000227B7,,NAM1,0,,,"Stand aside, prisoner!","비켜 서라, 죄수!",record,False,False,False,False,,
Oblivion.esm,INFO,00027326,,NAM1,0,,,"Keep quiet, and stay out of the way.","조용히 하고, 길을 막아서지 마라.",record,False,False,False,False,,
Oblivion.esm,INFO,00024670,,NAM1,0,,,"This doesn't concern you, prisoner.","참견하지 마, 죄수.",record,False,False,False,False,,
Oblivion.esm,INFO,0002732A,,NAM1,0,,,Don't try anything. I'm watching you.,"그러지 마라, 지켜보고 있다.",record,False,False,False,False,,
Oblivion.esm,INFO,00024671,,NAM1,0,,,"Stay back, prisoner.","죄수, 물러서라.",record,False,False,False,False,,
Oblivion.esm,INFO,0002732B,,NAM1,0,,,Don't get too close.,너무 긴장할거 없어.,record,False,False,False,False,,
Oblivion.esm,INFO,0002732C,,NAM1,0,,,"Do as you're told, and you'll be all right.","시키는 대로만 하면, 아무 일 없을 거야.",record,False,False,False,False,,
Oblivion.esm,INFO,000227B8,,NAM1,0,,,Protect yourself...,조심하게... ,record,False,False,False,False,,
Oblivion.esm,INFO,000227BB,,NAM1,0,,,There's trouble ahead.,앞으로 고난이 있을 걸세.,record,False,False,False,False,,
Oblivion.esm,INFO,000517A5,,NAM1,0,,,Be careful...,조심해... ,record,False,False,False,False,,
Oblivion.esm,INFO,000227BA,,NAM1,0,,,I believe you and I were fated to meet today.,오늘 우리가 만 난건 운명이야.,record,False,False,False,False,,
Oblivion.esm,INFO,000517A6,,NAM1,0,,,Don't make them wait.,그들을 기다리게 하지 말게.,record,False,False,False,False,,
Oblivion.esm,INFO,000517A7,,NAM1,0,,,Don't provoke them. They don't trust you.,그들을 자극하지 말게. 그들은 자넬 믿지 않아.,record,False,False,False,False,,
Oblivion.esm,INFO,000517A8,,NAM1,0,,,I don't know where they're going.,그들이 가는 곳이 어딘지 모르네.,record,False,False,False,False,,
Oblivion.esm,INFO,000517A9,,NAM1,0,,,I'm following them.,그들을 따라가고 있네.,record,False,False,False,False,,
Oblivion.esm,INFO,000517AA,,NAM1,0,,,They're just doing their duty.,그들은 자신들의 의무를 다할 뿐이야.,record,False,False,False,False,,
Oblivion.esm,INFO,000517AB,,NAM1,0,,,Be patient.,견뎌내.,record,False,False,False,False,,
Oblivion.esm,INFO,00027336,,NAM1,0,,,Not much farther.,너무 멀리 떨어지지 말게.,record,False,False,False,False,,
Oblivion.esm,INFO,000517AC,,NAM1,0,,,The end is in sight.,곧 끝이네.,record,False,False,False,False,,
Oblivion.esm,INFO,00053713,,NAM1,0,,,I told you to stay with the Emperor!,황제를 보위하라고 했다!,record,False,False,False,False,,
Oblivion.esm,INFO,000517AD,,NAM1,0,,,I'm ready.,준비됐소.,record,False,False,False,False,,
Oblivion.esm,INFO,0001CE00,,NAM1,0,,,Well met.,반갑습니다.,record,False,False,False,False,,
Oblivion.esm,INFO,0001E7CD,,NAM1,0,,,You seem in good spirits... do you have good news?,기분이 좋아 보이는군요... 좋은 소식이라도 있나요?,record,False,False,False,False,,
Oblivion.esm,INFO,0001E7D1,,NAM1,0,,,Any new information come to light?,어떤 새로운 소식이라도 드러났나요?,record,False,False,False,False,,
Oblivion.esm,INFO,0001E7E9,,NAM1,0,,,Good to see you again.,다시 보게 돼 반갑군요.. ,record,False,False,False,False,,
Oblivion.esm,INFO,0001E847,,NAM1,0,,,"Welcome to Jensine's ""Good As New"" Merchandise!","어서 오세요, 젠신(Jensine)의 ""Good As New"" 상점입니다!",record,True,True,False,False,HIGH,"Jensine, Good, As, New"
Oblivion.esm,INFO,0001CE01,,NAM1,0,,,Hello.,안녕하세요?,record,False,False,False,False,,
Oblivion.esm,INFO,00026BBC,,NAM1,0,,,Well...,음...,record,False,False,False,False,,
Oblivion.esm,INFO,00026BBD,,NAM1,0,,,Pardon me...,실례하네... ,record,False,False,False,False,,
Oblivion.esm,INFO,00026DAA,,NAM1,0,,,We should be on our way.,우리는 우리의 방법대로 해야 합니다.,record,False,False,False,False,,
Oblivion.esm,INFO,000A9786,,NAM1,0,,,The Gray Fox is waiting inside.,그레이 폭스가 안에서 기다리고 있습니다.,record,False,False,False,False,,
Oblivion.esm,INFO,001778C0,,NAM1,0,,,"Welcome to this holy library, Lady Camoran","이 거룩한 도서관에 오신 것을 환영합니다, 레이디 Camoran님",record,False,True,False,False,MEDIUM,Camoran
Oblivion.esm,INFO,0014C717,,NAM1,0,,,The prophecies are vague on this point. Cross check it.,예언은 이 지점에서 모호합니다. 그것을 재차 검토해 봅시다.,record,False,False,False,False,,
Oblivion.esm,INFO,0014C718,,NAM1,0,,,Transfer that scroll to the archives.,그 스크롤을 기록소로 보내시오.,record,False,False,False,False,,
Oblivion.esm,INFO,0014C719,,NAM1,0,,,Remember to keep the blindfold on. Your eyes must only be used to read the scrolls.,눈가리개를 유지하도록 하십시오. 눈은 스크롤을 읽을 때에만 사용해야 합니다.,record,False,False,False,False,,
Oblivion.esm,INFO,00022A0A,,NAM1,0,,,"Excuse me, my lord.",실례합니다.,record,False,False,False,False,,
Oblivion.esm,INFO,00022A0D,,NAM1,0,,,"Excuse me, my lady.","실례할게요, 아가씨.",record,False,False,False,False,,
Oblivion.esm,INFO,00022A11,,NAM1,0,,,How did you fare?,어떻게 됐나?,record,False,False,False,False,,
Oblivion.esm,INFO,00022A12,,NAM1,0,,,You must get us out of here.,자넨 우리를 여기서 빠져나가게 해야 해.,record,False,False,False,False,,
Oblivion.esm,INFO,00022A13,,NAM1,0,,,Oh no...,오... 안돼...,record,False,False,False,False,,
Oblivion.esm,INFO,00022B3A,,NAM1,0,,,Good riddance.,"거참, 시원하오.",record,False,False,False,False,,
Oblivion.esm,INFO,00022B3B,,NAM1,0,,,That's a real shame.,정말 창피하군요.,record,False,False,False,False,,
Oblivion.esm,INFO,0018BC96,,NAM1,0,,,Look at the muscles on you!,몸짱이로다!,record,False,False,False,False,,
Oblivion.esm,INFO,0018BC97,,NAM1,0,,,You're a sneaky looking sort.,잠입에 능하겠군요.,record,False,False,False,False,,
Oblivion.esm,INFO,0018BC98,,NAM1,0,,,You have the hands of a healer.,치료에 재능이 있군요.,record,False,False,False,False,,
Oblivion.esm,INFO,0018BC9B,,NAM1,0,,,There's an air of Mysticism about you.,당신은 신비로운 분위기를 풍기는군요.,record,False,False,False,False,,
Oblivion.esm,INFO,0018BC9F,,NAM1,0,,,You have the eyes of a trained marksman.,훈련된 궁사의 눈빛을 가지고 있군요.,record,False,False,False,False,,
Oblivion.esm,INFO,0018BCA0,,NAM1,0,,,You look like a bright one.,총명해 보이는군요.,record,False,False,False,False,,
Oblivion.esm,INFO,0018BCB4,,NAM1,0,,,You have the hands of an illusionist.,예술적인 재능이 있군요.,record,False,False,False,False,,
Oblivion.esm,INFO,0018BCB5,,NAM1,0,,,Seems you've bloodied your knuckles a few times.,당신의 주먹은 몇 차례 피투성이가 된 것처럼 보이군요.,record,False,False,False,False,,
Oblivion.esm,INFO,0018BCB6,,NAM1,0,,,There's a charge in the air. Been casting some destruction spells?,공중에 마나가 있군요. 파괴마법을 좀 써왔나봐요?,record,False,False,False,False,,
Oblivion.esm,INFO,0018BCB7,,NAM1,0,,,You smell of death. Been conjuring up dead things?,죽음의 냄새가 나는군요. 살아있지 않은 것들을 소환하셨나요?,record,False,False,False,False,,
Oblivion.esm,INFO,0018BCB8,,NAM1,0,,,You look like you've swung a mace or two in your time.,평생 철퇴를 한두 번쯤 휘두른 것 같은 얼굴이군.,record,False,False,False,False,,
Oblivion.esm,INFO,0018BCB9,,NAM1,0,,,Looks like you're handy with a blade.,보아하니 당신은 검을 다루는데 익숙한 것 같군요.,record,False,False,False,False,,
Oblivion.esm,INFO,0018BCBA,,NAM1,0,,,You're a fit one. Been running a lot?,건강한 사람이군요. 러닝은 자주 하는가요?,record,False,False,False,False,,
Oblivion.esm,INFO,000C4596,,NAM1,0,,,You've got a real bounce to your step. I'll bet you're quite the acrobat.,정말 탄력적인 걸음걸이를 가졌군요. 당신은 상당한 곡예술사라고 확신합니다.,record,False,False,False,False,,
Oblivion.esm,INFO,000C4597,,NAM1,0,,,How about mixing up some potions? You look like quite the alchemist.,몇 가지 포션을 혼합하는 방법을 알고 있나요? 당신은 제법 연금술사 같아 보이네요.,record,False,False,False,False,,
Oblivion.esm,INFO,000C4598,,NAM1,0,,,You look skilled in Alteration. Maybe you can teach me something.,당신은 숙련된 변이마법사 같군요. 아마 당신은 내게 뭔가를 가르쳐 주실 수 있을 겁니다.,record,False,False,False,False,,
Oblivion.esm,INFO,000C4599,,NAM1,0,,,You've got the hands of a smith. Must have spent some time repairing your gear.,당신은 장인의 손을 하고 있군요. 장비 수리에 상당한 시간을 투자한게 분명하군요.,record,False,False,False,False,,
Oblivion.esm,INFO,000C459A,,NAM1,0,,,Your shield arm looks strong.,방패를 착용한 모습이 강해 보이는군요.,record,False,False,False,False,,
Oblivion.esm,INFO,000C459B,,NAM1,0,,,You look like someone who's comfortable in heavy armor.,중무장한 모습이 편안해 보이는군.,record,False,False,False,False,,
Oblivion.esm,INFO,000C459C,,NAM1,0,,,I heard you know how to move in light armor.,난 당신이 경무장을 어떻게 다루지는 안다고 들었어요.,record,False,False,False,False,,
Oblivion.esm,INFO,000C459D,,NAM1,0,,,You look like a shrewd businessman.,당신은 약삭빠른 사업가처럼 보이는군.,record,False,False,False,False,,
Oblivion.esm,INFO,000C45A2,,NAM1,0,,,You've got some nimble fingers. What have you been getting into?,당신은 아주 교묘한 손놀림을 가지고 있네요. 들어가본데는 어딥니까?,record,False,False,False,False,,
Oblivion.esm,INFO,000C45A3,,NAM1,0,,,You've got quite the silver tongue.,당신은 아주 언변이 뛰어나군요.,record,False,False,False,False,,
Oblivion.esm,INFO,0002B470,,NAM1,0,,,Good morning.,굿 모닝.,record,False,False,False,False,,
Oblivion.esm,INFO,0003AA95,,NAM1,0,,,Morning.,모닝.,record,False,False,False,False,,
Oblivion.esm,INFO,0002B471,,NAM1,0,,,Good afternoon.,굿 에프터눈.,record,False,False,False,False,,
Oblivion.esm,INFO,0003AA96,,NAM1,0,,,Afternoon.,에프터눈.,record,False,False,False,False,,
Oblivion.esm,INFO,0002B472,,NAM1,0,,,Good evening.,굿 이브닝.,record,False,False,False,False,,
Oblivion.esm,INFO,0003AA97,,NAM1,0,,,Evening.,이브닝.,record,False,False,False,False,,
Oblivion.esm,INFO,0002B474,,NAM1,0,,,Good evening.,굿 이브닝.,record,False,False,False,False,,
Oblivion.esm,INFO,0003AA98,,NAM1,0,,,Evening.,이브닝.,record,False,False,False,False,,
Oblivion.esm,INFO,00024122,,NAM1,0,,,Hello!,안녕하세요!,record,False,False,False,False,,
Oblivion.esm,INFO,00025678,,NAM1,0,,,Hi there!,여어! 안녕!,record,False,False,False,False,,
Oblivion.esm,INFO,00025679,,NAM1,0,,,Well met!,반갑네!,record,False,False,False,False,,
Oblivion.esm,INFO,0002567A,,NAM1,0,,,Good to see you!,만나서 기뻐요!,record,False,False,False,False,,
Oblivion.esm,INFO,0002412F,,NAM1,0,,,Hi!,안녕!,record,False,False,False,False,,
Oblivion.esm,INFO,00024131,,NAM1,0,,,How are you?,잘지냈어?,record,False,False,False,False,,
Oblivion.esm,INFO,00088FA8,,NAM1,0,,,"You're making me nervous, sneaking around like that. Just make sure you keep your hands to yourself.",주변에서 얼쩡되니 무지 신경쓰이는데. 함부로 손 놀리지 마라.,record,False,False,False,False,,
Oblivion.esm,INFO,0002411F,,NAM1,0,,,Greetings!,반갑습니다!,record,False,False,False,False,,
Oblivion.esm,INFO,0002B5D0,,NAM1,0,,,"Greetings, Imperial.","반갑소, 임페리얼.",record,False,False,False,False,,
Oblivion.esm,INFO,0002B5D1,,NAM1,0,,,"Greetings, Imperial brother.","반갑소, 임페리얼 형제.",record,False,False,False,False,,
Oblivion.esm,INFO,0002B5D2,,NAM1,0,,,"Greetings, Imperial sister.","반갑소, 임페리얼 자매.",record,False,False,False,False,,
Oblivion.esm,INFO,0002B5D3,,NAM1,0,,,"Greetings, Khajiit.","안녕, 카짓.",record,False,False,False,False,,
Oblivion.esm,INFO,0002B5D4,,NAM1,0,,,"Greetings, clan-mate.","반갑소, 동족.",record,False,False,False,False,,
Oblivion.esm,INFO,0002B5D5,,NAM1,0,,,"Greetings, Argonian.","안녕, 아르고니안.",record,False,False,False,False,,
Oblivion.esm,INFO,0002B5D6,,NAM1,0,,,"Greetings, marsh-friend.","반갑소, 동지.",record,False,False,False,False,,
Oblivion.esm,INFO,0002B5D7,,NAM1,0,,,"Greetings, Orc.","반갑소, 오크.",record,False,False,False,False,,
Oblivion.esm,INFO,0002B5D8,,NAM1,0,,,"Greetings, blood of Orsinium.","반갑소, 오시늄(Orsinium)의 핏줄이여.",record,True,True,False,False,HIGH,Orsinium
Oblivion.esm,INFO,0002B5D9,,NAM1,0,,,"Greetings, Nord.","안녕, 노드.",record,False,False,False,False,,
Oblivion.esm,INFO,0002B5DA,,NAM1,0,,,"Greetings, son of Skyrim.","안녕, 스키림(Skyrim)의 후손이여.",record,True,True,False,False,HIGH,Skyrim
Oblivion.esm,INFO,0002B5DB,,NAM1,0,,,"Greetings, daughter of Skyrim.","안녕, 스키림(Skyrim)의 여식이여.",record,True,True,False,False,HIGH,Skyrim
Oblivion.esm,INFO,0002B5DC,,NAM1,0,,,"Greetings, Redguard.","반갑소, 레드가드.",record,False,False,False,False,,
Oblivion.esm,INFO,0002B5DD,,NAM1,0,,,"Greetings, child of the Ra Gada.","반갑소, 라 가다(Ra Gada)의 후손이여.",record,True,True,False,False,HIGH,"Ra, Gada"
Oblivion.esm,INFO,0002B5DE,,NAM1,0,,,"Greetings, High Elf.","안녕, 하이엘프.",record,False,False,False,False,,
Oblivion.esm,INFO,0002B5DF,,NAM1,0,,,"Greetings, fellow Altmer.","안녕, 알트머(Altmer).",record,True,True,False,False,HIGH,Altmer
Oblivion.esm,INFO,0002B5E0,,NAM1,0,,,"Greetings, Dunmer.","반갑소, 던머(Dunmer).",record,True,True,False,False,HIGH,Dunmer
Oblivion.esm,INFO,0002B5E1,,NAM1,0,,,"Greetings, my Dunmer brother.","반갑소, 던머(Dunmer) 형제.",record,True,True,False,False,HIGH,Dunmer
Oblivion.esm,INFO,0002B5E2,,NAM1,0,,,"Greetings, my Dunmer sister.","반갑소, 던머(Dunmer) 자매.",record,True,True,False,False,HIGH,Dunmer
Oblivion.esm,INFO,0002B5E3,,NAM1,0,,,"Greetings, Bosmer.","안녕, 보스머(Bosmer).",record,True,True,False,False,HIGH,Bosmer
Oblivion.esm,INFO,0002B5E4,,NAM1,0,,,"Greetings, brother Bosmer.","안녕, 보스머(Bosmer) 형제.",record,True,True,False,False,HIGH,Bosmer
Oblivion.esm,INFO,0002B5E5,,NAM1,0,,,"Greetings, sister Bosmer.","안녕, 보스머(Bosmer) 자매.",record,True,True,False,False,HIGH,Bosmer
Oblivion.esm,INFO,0002B5E6,,NAM1,0,,,"Greetings, Breton.","안녕, 브리튼(Breton).",record,True,True,False,False,HIGH,Breton
Oblivion.esm,INFO,0002B5E7,,NAM1,0,,,"Greetings, fellow Breton.","반갑소, 브리튼 양반.",record,False,False,False,False,,
Oblivion.esm,INFO,00024129,,NAM1,0,,,How are you?,어떤가요?,record,False,False,False,False,,
Oblivion.esm,INFO,0002567B,,NAM1,0,,,Hello.,안녕하세요.,record,False,False,False,False,,
Oblivion.esm,INFO,0002567C,,NAM1,0,,,Well met.,반갑네.,record,False,False,False,False,,
Oblivion.esm,INFO,000256BD,,NAM1,0,,,Greetings to you.,반갑습니다.,record,False,False,False,False,,
Oblivion.esm,INFO,000256D1,,NAM1,0,,,Hi there.,안녕하신가.,record,False,False,False,False,,
Oblivion.esm,INFO,000256C1,,NAM1,0,,,Hail.,안녕.,record,False,False,False,False,,
Oblivion.esm,INFO,000256D2,,NAM1,0,,,How do you do?,처음 뵙겠소.,record,False,False,False,False,,
Oblivion.esm,INFO,000256E1,,NAM1,0,,,Hello there.,안녕하시오.,record,False,False,False,False,,
Oblivion.esm,INFO,0002413D,,NAM1,0,,,How goes it?,어떻소?,record,False,False,False,False,,
Oblivion.esm,INFO,00024141,,NAM1,0,,,What is it?,뭐요?,record,False,False,False,False,,
Oblivion.esm,INFO,0003AA99,,NAM1,0,,,Hello.,안녕.,record,False,False,False,False,,
Oblivion.esm,INFO,0003AA9A,,NAM1,0,,,Oh. Hello.,"아, 안녕.",record,False,False,False,False,,
Oblivion.esm,INFO,0003AA9B,,NAM1,0,,,It's you. Hi.,당신이군. 안녕.,record,False,False,False,False,,
Oblivion.esm,INFO,00024145,,NAM1,0,,,Why do you bother me? Go away!,뭐야 귀찮게? 꺼져!,record,False,False,False,False,,
Oblivion.esm,INFO,0018B5C2,,NAM1,0,,,What do you want?,뭡니까?,record,False,False,False,False,,
Oblivion.esm,INFO,0018B5C3,,NAM1,0,,,What is it?,무슨 일이죠?,record,False,False,False,False,,
Oblivion.esm,INFO,00022A92,,NAM1,0,,,"I see you've returned safely, Associate.",전 당신이 무사히 돌아올줄 알았어요.,record,False,False,False,False,,
Oblivion.esm,INFO,00022A93,,NAM1,0,,,Stay back! We mustn't be seen!,가만히 있어요! 우리가 눈에 띄어서는 안되요! ,record,False,False,False,False,,
Oblivion.esm,INFO,00022A94,,NAM1,0,,,"Keep your distance, Associate.",어느정도 거리를 유지 하세요.,record,False,False,False,False,,
Oblivion.esm,INFO,0002ACBC,,NAM1,0,,,"Quickly, we must speak.","빨리요, 반드시 할 이야기가 있어요.",record,False,False,False,False,,
Oblivion.esm,INFO,0002ACBF,,NAM1,0,,,Have you completed your task?,임무를 완수 하셨나요?,record,False,False,False,False,,
Oblivion.esm,INFO,000175B8,,NAM1,0,,,"Oh, you're still alive! I was worried!","오, 아직 살아 있었군요! 정말 걱정했어요! ",record,False,False,False,False,,
Oblivion.esm,INFO,0001E54E,,NAM1,0,,,"Can I help you, Associate?",제가 무언가 도와드릴까요?,record,False,False,False,False,,
Oblivion.esm,INFO,0001E0F8,,NAM1,0,,,What can I do for you?,무얼 도와 드릴까요?,record,False,False,False,False,,
Oblivion.esm,INFO,0001C4D5,,NAM1,0,,,"Well met, milord.",반갑습니다.,record,False,False,False,False,,
Oblivion.esm,INFO,0001C4D6,,NAM1,0,,,"Well met, milady.",반갑군요.,record,False,False,False,False,,
Oblivion.esm,INFO,0001C4D9,,NAM1,0,,,"We have awaited your arrival, messenger.","전령이여, 우리는 아주 오랫동안 자네가 도착하기를 기다려 왔다네.",record,False,False,False,False,,
Oblivion.esm,INFO,000175BD,,NAM1,0,,,Don't you have somewhere else to be?,다른곳에 갈 데은 없습니까?,record,False,False,False,False,,
Oblivion.esm,INFO,000175BE,,NAM1,0,,,What do you want?,뭘 원하나요?,record,False,False,False,False,,
Oblivion.esm,INFO,000093B2,,NAM1,0,,,On through you go.,계속하게.,record,False,False,False,False,,
Oblivion.esm,INFO,000093B3,,NAM1,0,,,Let me go paint us a way out of here.,이제 우리가 나갈길을 그리겠네.,record,False,False,False,False,,
Oblivion.esm,INFO,000093B9,,NAM1,0,,,I must have that Brush.,그 붓을 가져야 해.,record,False,False,False,False,,
Oblivion.esm,INFO,000093BA,,NAM1,0,,,Any luck?,어떻게 잘 됐나?,record,False,False,False,False,,
Oblivion.esm,INFO,000093BB,,NAM1,0,,,We must get out of this place.,우린 이곳에서 나가야만 하네.,record,False,False,False,False,,
Oblivion.esm,INFO,000093BC,,NAM1,0,,,Oh! You startled me!,아! 놀래라!,record,False,False,False,False,,
Oblivion.esm,INFO,000093BF,,NAM1,0,,,"Oh, thank you!","오, 고마워요!",record,False,False,False,False,,
Oblivion.esm,INFO,000093C0,,NAM1,0,,,You've returned! But where is Rythe?,돌아왔군요! 그런데 라이스 그이는 어디있죠?,record,False,False,False,False,,
Oblivion.esm,INFO,000093C1,,NAM1,0,,,"Please hurry, I fear Rythe is in danger.","제발 서둘러주세요, 라이스가 위험에 빠진 것 같아 두려워요.",record,False,False,False,False,,
Oblivion.esm,INFO,000093C2,,NAM1,0,,,"Please, I don't know where to turn.","부탁입니다, 어떻게 해야 할 지 모르겠어요.",record,False,False,False,False,,
Oblivion.esm,INFO,000093C3,,NAM1,0,,,"Please hurry, I fear Rythe is in danger.","제발 서둘러주세요, 라이스가 위험에 빠진 것 같아 두려워요.",record,False,False,False,False,,
Oblivion.esm,INFO,000093C4,,NAM1,0,,,"Can you help me, please?",저를 도와주실수 있으세요?,record,False,False,False,False,,
Oblivion.esm,INFO,0001C146,,NAM1,0,,,Aren't you an ugly one.,정말 못생겼군 그래.,record,False,False,False,False,,
Oblivion.esm,INFO,00035A23,,NAM1,0,,,I've been looking for you.,당신을 찾고 있었다.,record,False,False,False,False,,
Oblivion.esm,INFO,00035A1B,,NAM1,0,,,You look like someone I might be able to help.,자넨 내 도움이 필요한 사람 같은데.,record,False,False,False,False,,
Oblivion.esm,INFO,00035A22,,NAM1,0,,,I'm not sure I can trust you. Why don't you just move along.,당신을 믿어도 되는지 잘 모르겠어요. 그냥 가시는 게 어때요.,record,False,False,False,False,,
Oblivion.esm,INFO,000165B6,,NAM1,0,,,Land ho!,육지다!,record,False,False,False,False,,
Oblivion.esm,INFO,000165B8,,NAM1,0,,,What a fool I was.,내가 얼마나 어리석었는지.,record,False,False,False,False,,
Oblivion.esm,INFO,000165BA,,NAM1,0,,,"I abhor killing, but you did the right thing.","난 살인을 혐오합니다만, 당신은 옳은 일을 했어요.",record,False,False,False,False,,
Oblivion.esm,INFO,000165BB,,NAM1,0,,,Selene'll get what's coming to her when we arrive home.,Selene은 우리가 집에 도착하면 어떻게든 처리될 겁니다.,record,False,True,False,False,MEDIUM,Selene
Oblivion.esm,INFO,000165BD,,NAM1,0,,,Remove the prisoner.,범죄자를 제거해요.,record,False,False,False,False,,
Oblivion.esm,INFO,000165BF,,NAM1,0,,,I'm in your debt.,당신에게 빚이 있어요.,record,False,False,False,False,,
Oblivion.esm,INFO,000165C1,,NAM1,0,,,Please help me.,제발 날 도와주세요.,record,False,False,False,False,,
Oblivion.esm,INFO,000627E6,,NAM1,0,,,What can I do for you?,뭘 도와드릴까요?,record,False,False,False,False,,
Oblivion.esm,INFO,000165C4,,NAM1,0,,,"Please, leave me be.","부탁이야, 날 내버려 둬.",record,False,False,False,False,,
Oblivion.esm,INFO,000165C5,,NAM1,0,,,I'm your prisoner.,난 네 포로야.,record,False,False,False,False,,
Oblivion.esm,INFO,000165C6,,NAM1,0,,,What the... ?,뭐... ?,record,False,False,False,False,,
Oblivion.esm,INFO,0001648D,,NAM1,0,,,You have returned!,돌아오셨군요!,record,False,False,False,False,,
Oblivion.esm,INFO,00014658,,NAM1,0,,,Don't interrupt me.,날 방해하지 마십시오.,record,False,False,False,False,,
Oblivion.esm,INFO,00014659,,NAM1,0,,,What do you want?,무엇을 원하시오?,record,False,False,False,False,,
Oblivion.esm,INFO,0001465A,,NAM1,0,,,"Welcome, honored cat burglar.","환영합니다, 영광스런 cat burglar.",record,False,True,False,False,MEDIUM,"cat, burglar"
Oblivion.esm,INFO,000982C1,,NAM1,0,,,You must be the one.,당신은 동류가 틀림없습니다.,record,False,False,False,False,,
Oblivion.esm,INFO,000982C3,,NAM1,0,,,You aren't a member of the castle staff. What are you doing here?,당신은 성에서 일하는 직원이 아닌데요. 여기서 뭐 하시는 겁니까?,record,False,False,False,False,,
Oblivion.esm,INFO,000982C6,,NAM1,0,,,You look familiar. Do I know you?,당신 낯이 익군. 내가 아는 분입니까?,record,False,False,False,False,,
Oblivion.esm,INFO,000982C9,,NAM1,0,,,State your business.,용무를 말씀하십시오.,record,False,False,False,False,,
Oblivion.esm,INFO,0000A173,,NAM1,0,,,"You are in good spirits today, milady","오늘은 기분이 좋아 보이군요, 마님",record,False,False,False,False,,
Oblivion.esm,INFO,00046009,,NAM1,0,,,You look lost.,길을 잃은 것처럼 보이군요.,record,False,False,False,False,,
Oblivion.esm,INFO,0004600C,,NAM1,0,,,Oh my! Are you an adventurer?,오 이런! 당신은 모험가(adventurer)요?,record,True,True,False,False,HIGH,adventurer
Oblivion.esm,INFO,0003574B,,NAM1,0,,,My fate is in your hands.,제 운명은 당신 손에 달렸습니다.,record,False,False,False,False,,
Oblivion.esm,INFO,0003574C,,NAM1,0,,,Any luck yet?,혹시 잘 됐습니까?,record,False,False,False,False,,
Oblivion.esm,INFO,0003574D,,NAM1,0,,,"Hello, fellow magician.","안녕하세요, 동료 매지션이여.",record,False,False,False,False,,
Oblivion.esm,INFO,00035750,,NAM1,0,,,Hello.,안녕하세요.,record,False,False,False,False,,
Oblivion.esm,INFO,00035757,,NAM1,0,,,What?,뭐죠?,record,False,False,False,False,,
Oblivion.esm,INFO,00035758,,NAM1,0,,,You again?,또 당신입니까?,record,False,False,False,False,,
Oblivion.esm,INFO,0003575B,,NAM1,0,,,Eh?,어이?,record,False,False,False,False,,
Oblivion.esm,INFO,000038D4,,NAM1,0,,,"Welcome to the Great Hall of Castle Chorrol, milord.","코롤 성의 대회랑에 오신 걸 환영합니다, 신사분.",record,False,False,False,False,,
Oblivion.esm,INFO,000038D5,,NAM1,0,,,"Welcome to the Great Hall of Castle Chorrol, milady.","코롤 성의 대회랑에 오신 걸 환영합니다, 숙녀분.",record,False,False,False,False,,
Oblivion.esm,INFO,000038D6,,NAM1,0,,,Hello milord.,안녕하세요.,record,False,False,False,False,,
Oblivion.esm,INFO,000038D7,,NAM1,0,,,Hello milady.,안녕하세요.,record,False,False,False,False,,
Oblivion.esm,INFO,0002B46E,,NAM1,0,,,"This is a stopgap hello because none of the other Hellos have blank LinkFrom lists. Mark will fix this soon, I bet.",이것은 개발하는 동안 임시로 추가된 HELLO 글입니다. 다른 LinkFrom 목록이 없는 HELLO 항목이 없었기 때문에. 이 부분은 Mark를 해결 해주는 것입니다.,record,False,True,False,False,MEDIUM,"HELLO, LinkFrom, HELLO, Mark"
Oblivion.esm,INFO,0002B47D,,NAM1,0,,,ABOVE HERE ARE GREETINGS THAT CAN LINK TO OTHER GREETINGS,이 문장은 게임내의 테스트를 위한 것으로 번역을 생략합니다.,record,False,False,False,False,,
Oblivion.esm,INFO,0002B47E,,NAM1,0,,,Good morning.,굿 모닝.,record,False,False,False,False,,
Oblivion.esm,INFO,0002B47F,,NAM1,0,,,Good afternoon.,굿 에프터눈.,record,False,False,False,False,,
Oblivion.esm,INFO,0002B480,,NAM1,0,,,Good evening.,굿 이브닝.,record,False,False,False,False,,
Oblivion.esm,INFO,0002B481,,NAM1,0,,,Good evening.,굿 이브닝.,record,False,False,False,False,,
Oblivion.esm,INFO,0002B482,,NAM1,0,,,Hello!,안녕하세요!,record,False,False,False,False,,
Oblivion.esm,INFO,0002B483,,NAM1,0,,,Yes?,네?,record,False,False,False,False,,
Oblivion.esm,INFO,0002B485,,NAM1,0,,,Hi there!,여어! 안녕!,record,False,False,False,False,,
Oblivion.esm,INFO,0002B487,,NAM1,0,,,Well met!,잘만났어!,record,False,False,False,False,,
Oblivion.esm,INFO,0002B488,,NAM1,0,,,Good to see you!,만나서 반가워요!,record,False,False,False,False,,
Oblivion.esm,INFO,0002B48A,,NAM1,0,,,How are you today?,오늘 좀 어때요?,record,False,False,False,False,,
Oblivion.esm,INFO,0002B48C,,NAM1,0,,,How are you today?,오늘 좀 어때요?,record,False,False,False,False,,
Oblivion.esm,INFO,0002B48D,,NAM1,0,,,Good to see you.,만나서 반갑습니다.,record,False,False,False,False,,
Oblivion.esm,INFO,0002B48F,,NAM1,0,,,Well met.,잘만났어.,record,False,False,False,False,,
Oblivion.esm,INFO,0002B490,,NAM1,0,,,Hello!,안녕하세요!,record,False,False,False,False,,
Oblivion.esm,INFO,0002B491,,NAM1,0,,,Hail.,안녕.,record,False,False,False,False,,
Oblivion.esm,INFO,0002B492,,NAM1,0,,,Hi there.,안녕하신가.,record,False,False,False,False,,
Oblivion.esm,INFO,0002B493,,NAM1,0,,,How do you do?,처음 뵙겠소.,record,False,False,False,False,,
Oblivion.esm,INFO,0002B494,,NAM1,0,,,Hello there.,안녕하시오.,record,False,False,False,False,,
Oblivion.esm,INFO,0002B495,,NAM1,0,,,Greetings!,반갑소!,record,False,False,False,False,,
Oblivion.esm,INFO,0002B496,,NAM1,0,,,Hello.,안녕하세요.,record,False,False,False,False,,
Oblivion.esm,INFO,0002B497,,NAM1,0,,,How goes it?,어떻소?,record,False,False,False,False,,
Oblivion.esm,INFO,0002B5EE,,NAM1,0,,,"What do you want, Breton trash?",뭘 원하나? 브리튼 잡종.,record,False,False,False,False,,
Oblivion.esm,INFO,0002B5EF,,NAM1,0,,,"What is it, pondscum?","무슨 일이오, pondscum?",record,False,True,False,False,MEDIUM,pondscum
Oblivion.esm,INFO,0002B5F0,,NAM1,0,,,"What do you want, ashborn?","뭘 원하지, ashborn?",record,False,True,False,False,MEDIUM,ashborn
Oblivion.esm,INFO,0002B5F1,,NAM1,0,,,"Something on your mind, goldenrod?","마음에 드는 게 있습니까, Goldenrod여?",record,False,True,False,False,MEDIUM,Goldenrod
Oblivion.esm,INFO,0002B5F2,,NAM1,0,,,"Speak, Imperial dog.","말해, 임페리얼 개.",record,False,False,False,False,,
Oblivion.esm,INFO,0002B5F3,,NAM1,0,,,"Something on your mind, furlicker?","마음에 드는 게 있습니까, furlicker여?",record,False,True,False,False,MEDIUM,furlicker
Oblivion.esm,INFO,0002B5F4,,NAM1,0,,,"Speak, snowman, and stop wasting my time.","말하라고, 눈사람, 시간낭비 하지 말자고.",record,False,False,False,False,,
Oblivion.esm,INFO,0002B5F5,,NAM1,0,,,"You have something to say, dungheap?","할 얘기라도 있소, dungheap?",record,False,True,False,False,MEDIUM,dungheap
Oblivion.esm,INFO,0002B5F6,,NAM1,0,,,"Come to bother me with a war story, Redguard?","전쟁 이야기로 나를 괴롭히러 왔나, 레드가드?",record,False,False,False,False,,
Oblivion.esm,INFO,0002B5F7,,NAM1,0,,,"What do you want, treehugger?","뭘 원하시오, treehugger?",record,False,True,False,False,MEDIUM,treehugger
