file,record_type,formid,editor_id,field,occurrence,quest_stage,quest_stage_occurrence,source_english,translation_korean,origin,flag_korean_english_parentheses,flag_english_remnant,flag_topic_system_candidate,flag_decode_unknown,review_priority,english_tokens
Oblivion.esm,INFO,00098156,,NAM1,0,,,No one goes through this door unless under the Captain's orders.,대장의 명령 없이는 아무도 이 문을 통과하지 못한다!,record,False,False,False,False,,
Oblivion.esm,INFO,00098155,,NAM1,0,,,No one goes through this door unless under the Captain's orders.,대장의 명령 없이는 아무도 이 문을 통과하지 못한다!,record,False,False,False,False,,
Oblivion.esm,DIAL,00098102,MS48IlendSlowDown,FULL,0,,,It's all right. What's going on?,괜찮은가. 무슨 일이오?,record,False,False,True,False,TOPIC_CHECK,
Oblivion.esm,INFO,00098154,,NAM1,0,,,"Captain Matius sent us in to try and close the gate. We were ambushed, trapped, and picked off.",게이트를 닫으려고 마티우스(Matius) 대장이 우리를 보냈소. 우리는 매복하고 있던 적의 함정에 빠져 모두 붙잡혔소.,record,True,True,False,False,HIGH,Matius
Oblivion.esm,INFO,00098154,,NAM1,1,,,"I managed to escape, but the others are strewn across that bridge. They took Menien off to the big tower. You've got to save him!","난 어떻게든 탈출했지만, 다른 대원들은 다리 있는 곳에서 모두 흩어졌소. 메니언(Menien)은 놈들에게 잡혀 커다란 타워로 끌려갔소. 그를 구해주시오!",record,True,True,False,False,HIGH,Menien
Oblivion.esm,INFO,00098154,,NAM1,2,,,I'm getting out of here!,난 여기서 그만 나가야겠소!,record,False,False,False,False,,
Oblivion.esm,DIAL,00098103,MS48DremoraRankSlayer,FULL,0,,,"My rank is Daedra-Slayer, dark spawn!","내 계급은 데이드라-슬레이어(Daedra-Slayer)다, 어둠의 사자다!",record,True,True,True,False,HIGH,Daedra-Slayer
Oblivion.esm,DIAL,00098104,MS48DremoraRankCitizen,FULL,0,,,I am a citizen of the Empire!,나는 제국의 시민입니다.,record,False,False,True,False,TOPIC_CHECK,
Oblivion.esm,DIAL,00098105,MS48DremoraRankHero,FULL,0,,,I am a Hero! Prepare to die!,나는 영웅이다. 각오해라!,record,False,False,True,False,TOPIC_CHECK,
Oblivion.esm,DIAL,00098106,MS48DremoraBloodRefuse,FULL,0,,,I refuse. These things are my own.,거절한다. 그것은 모두 내것이다.,record,False,False,True,False,TOPIC_CHECK,
Oblivion.esm,DIAL,00098107,MS48DremoraBloodWoodElven,FULL,0,,,My blood is Wood Elven!,내 피는 우드 엘프(Wood Elven)!,record,True,True,True,False,HIGH,"Wood, Elven"
Oblivion.esm,DIAL,00098108,MS48DremoraBloodNord,FULL,0,,,My blood is Nord!,내 피는 노드(Nord)!,record,True,True,True,False,HIGH,Nord
Oblivion.esm,DIAL,00098109,MS48DremoraBloodRedguard,FULL,0,,,My blood is Redguard!,내 피는 레드가드(Redguard)!,record,True,True,True,False,HIGH,Redguard
Oblivion.esm,DIAL,0009810A,Ms48DremoraBloodOrcish,FULL,0,,,My blood is Orcish!,내 피는 오르시스(Orcish)!,record,True,True,True,False,HIGH,Orcish
Oblivion.esm,DIAL,0009810B,MS48DremoraBloodKhajiit,FULL,0,,,My blood is Khajiit!,내 피는 카짓(Khajiit)!,record,True,True,True,False,HIGH,Khajiit
Oblivion.esm,DIAL,0009810D,MS48DremoraBloodImperial,FULL,0,,,My blood is Imperial!,내 피는 임페리얼(Imperial)!,record,True,True,True,False,HIGH,Imperial
Oblivion.esm,DIAL,0009810E,MS48DremoraBloodHighElven,FULL,0,,,My blood is High Elven!,내 피는 하이 엘프(High Elven)!,record,True,True,True,False,HIGH,"High, Elven"
Oblivion.esm,DIAL,00098112,Help,FULL,0,,,Help,도움,record,False,False,True,False,TOPIC_CHECK,
Oblivion.esm,INFO,00098144,,NAM1,0,,,"You want to help? You're kidding, right?",돕겠다고? 농담하시오 지금?,record,False,False,False,False,,
Oblivion.esm,INFO,00098144,,NAM1,1,,,"Hmm... if you're serious, maybe I can put you to use. It'll likely mean your death, though.","뭐, 정말 돕겠다면 당신을 써먹을 수도 있겠지. 그 말은 당신이 죽을 수도 있다는 말이오.",record,False,False,False,False,,
Oblivion.esm,INFO,00098144,,NAM1,2,,,Are you sure?,그래도 돕겠소?,record,False,False,False,False,,
Oblivion.esm,DIAL,00098114,MS48SavlianWhatDoing,FULL,0,,,What will you do now?,이제 뭘 할겁니까?,record,False,False,True,False,TOPIC_CHECK,
Oblivion.esm,INFO,00098143,,NAM1,0,,,The only thing we can do.,"우리가 할 수 있는 유일한 일은, 현재의 위치를 사수하는 것이오.",record,False,False,False,False,,
Oblivion.esm,INFO,00098143,,NAM1,1,,,"We'll try to hold our ground, that's what. If we can't hold this barricade, those beasts could march right down and overrun the encampment.","여기의 바리케이트가 무너지면, 그 괴물들은 저 아래의 캠프 마저 쳐부술 것이오.",record,False,False,False,False,,
Oblivion.esm,INFO,00098143,,NAM1,2,,,I have to try and protect the few civilians that are left. It's all I can do now.,"남은 주민들이라도 지키는 것, 지금으로서는 그것이 내가 할 수 있는 전부요.",record,False,False,False,False,,
Oblivion.esm,DIAL,00098115,MS48SavlianCanIHelp,FULL,0,,,Is there anything I can do to help?,뭔가 도와 줄 수 있습니까?,record,False,False,True,False,TOPIC_CHECK,
Oblivion.esm,DIAL,00098116,MS48SalvianWhatHappened,FULL,0,,,What happened here?,여기서 무슨 일이 있었던 거야?,record,False,False,True,False,TOPIC_CHECK,
Oblivion.esm,INFO,00098142,,NAM1,0,,,"We lost the damned city, that's what happened!","도시를 완전히 잃어버렸지, 그게 일어난 일이요!",record,False,False,False,False,,
Oblivion.esm,INFO,00098142,,NAM1,1,,,"It was too much, too fast. We were overwhelmed. Couldn't even get everyone out. There are still people trapped in there.","놈들은 너무 많았고, 너무 신속했죠. 우린 완전히 압도당했고. 모두를 구하지도 못했습니다. 아직도 안에 갇혀 있는 이들이 있어요.",record,False,False,False,False,,
Oblivion.esm,INFO,00098142,,NAM1,2,,,"Some made it into the Chapel, but others were just run down in the streets. The Count and his men are still holed up in the castle.","일부 주민들은 성당으로 피했지만, 대부분은 대책 없이 길거리로 내달렸소. 백작님과 수행원들은 아직 성안에 남아 있소.",record,False,False,False,False,,
Oblivion.esm,INFO,00098142,,NAM1,3,,,"And now we can't even get back into the city to help them, with that damned Oblivion Gate blocking the way.","그들을 구하고 싶어도, 저 빌어먹을 오블리비언 게이트가 길을 막고 있으니 도시로 들어갈 수조차 없습니다.",record,False,False,False,False,,
Oblivion.esm,DIAL,00098117,MS40Conversation,FULL,0,,,MS40Conversation,MS40 대화,record,False,True,True,False,TOPIC_CHECK,MS
Oblivion.esm,INFO,0009813C,,NAM1,0,,,"What? Janus... please, no. Let me sleep. Please, let me sleep.","뭐? 야누스... 제발. 제발 자게 해주시오. 제발, 잠 좀 자게 해줘요.",record,False,False,False,False,,
Oblivion.esm,INFO,0009813D,,NAM1,0,,,It's all right... it's all right. I've come to give you peace at last.,그건 괜찮아요... 그건 괜찮아요. 난 당신에게 마침내 평화를 주려고 왔습니다.,record,False,False,False,False,,
Oblivion.esm,INFO,0009813E,,NAM1,0,,,I can... rest? Truly?,내가 쉴 수? 정말로요?,record,False,False,False,False,,
Oblivion.esm,INFO,0009813F,,NAM1,0,,,"Yes, my dear. Just drink this, and it will all be better.","그래, 내 사랑. 그냥 이것을 마셔요, 모든 게 좋아 질 겁니다.",record,False,False,False,False,,
Oblivion.esm,INFO,00098140,,NAM1,0,,,"Oh, Janus. Thank you... thank you for saving me.","오, 야누스. 감사합니다... 나를 구해주소서 감사합니다.",record,False,False,False,False,,
Oblivion.esm,INFO,00098141,,NAM1,0,,,"Rona, my dear, it's time to wake up.","Rona, 내 사랑, 일어날 시간이라오.",record,False,True,False,False,MEDIUM,Rona
Oblivion.esm,INFO,00098124,,NAM1,0,,,I can bring her around for a short time. You must be quick.,내가 재빨리 그녀를 데려올 수 있습니다. 당신은 서둘러야 합니다.,record,False,False,False,False,,
Oblivion.esm,DIAL,00098118,MS40Choice3B,FULL,0,,,I don't have the cure yet.,아직 치료약이 없습니다.,record,False,False,True,False,TOPIC_CHECK,
Oblivion.esm,INFO,0009813B,,NAM1,0,,,I see. Please find me when you do. The Count is eager to receive it.,알겠어요. 제발 당신이 그렇게 되면 나를 찾아 오세요. 백작은 그것을 받으려고 할겁니다.,record,False,False,False,False,,
Oblivion.esm,DIAL,00098119,MS40Choice3A,FULL,0,,,I have the cure.,치료약을 가지고 있습니다.,record,False,False,True,False,TOPIC_CHECK,
Oblivion.esm,INFO,00098139,,NAM1,0,,,"Yes, it seems that you do. The Count will be pleased.","네, 그것은 당신이 할 수 있을 것 같습니다. 백작님 게서 기뻐하실 겁니다.",record,False,False,False,False,,
Oblivion.esm,INFO,00098139,,NAM1,1,,,"Please, follow me.","제발, 날 따라와.",record,False,False,False,False,,
Oblivion.esm,INFO,0009813A,,NAM1,0,,,You do not have the cure. Please do not attempt to deceive me.,당신은 치료법이 없습니다. 제발 날 속이려고 시도하지 마세요.,record,False,False,False,False,,
Oblivion.esm,INFO,0009813A,,NAM1,1,,,Return when you possess a cure. Then I shall take you to the Count.,당신이 치료법을 가지게 되면 돌아오세요. 그럼 백작님에게 데려다 드리겠습니다.,record,False,False,False,False,,
Oblivion.esm,INFO,0009819F,,NAM1,0,,,"The three of you should be prepared by now, but as you see we have a new recruit with us as well. I'll need a word with you, recruit.","앞에 세명, 너희는 이미 준비가 끝났겠지만 지금 신참이 한명 가세했다. 신참! 너에게 할 말이 있다. ",record,False,False,False,False,,
Oblivion.esm,INFO,000981A0,,NAM1,0,,,"Apparently, they've been giving the locals some trouble. Shouldn't be a problem for you four, though.","언뜻봐서는, 그들이 그곳에 약간의 문제를 일으키는듯 하더군. 그렇지만 너희 4명이면 문제가 되지 않을거다.",record,False,False,False,False,,
Oblivion.esm,INFO,000981A1,,NAM1,0,,,The four of you have a mission. The settlement of Water's Edge has contracted us to take care of some goblins in the area.,너희 네명에게 임무가 주어졌다. Water's Edge의 주민들이 그 지역에 출몰하는 고블린을 제거해 달란다.,record,False,True,False,False,MEDIUM,"Water's, Edge"
Oblivion.esm,DIAL,00098166,FGD07Choice5,FULL,0,,,Sit down. Now.,앉아있어.,record,False,False,True,False,TOPIC_CHECK,
Oblivion.esm,INFO,0009819E,,NAM1,0,,,"Fine. You don't scare me. Beat me, torture me. I'll never talk to you.",좋아. 넌 날 겁줄수 없어. 날 때리고 고문해도 난 한마디도 하지 않을거야.,record,False,False,False,False,,
Oblivion.esm,DIAL,00098167,FGD07Choice4,FULL,0,,,Tell me the secret of your strength.,네 힘의 비밀을 알려줘.,record,False,False,True,False,TOPIC_CHECK,
Oblivion.esm,INFO,0009819B,,NAM1,0,,,Nothing more! I choose death!  Long live the Blackwood Company!,어쩔수 없군! 난 죽음을 선택하겠어! 블랙우드여 컴퍼니여 영원하라!,record,False,False,False,False,,
Oblivion.esm,INFO,0009819C,,NAM1,0,,,Never! I would rather die! I will tell you nothing!,절대로! 난 차라리 죽고말겠어! 난 절대 당신에게 아무런 얘기도 하지 않을거야! ,record,False,False,False,False,,
Oblivion.esm,INFO,0009819D,,NAM1,0,,,Never! I would rather die! I will tell you nothing!,절대! 차라리 죽고말지! 난 당신에게 아무 얘기도 하지 않겠어!,record,False,False,False,False,,
Oblivion.esm,DIAL,00098168,FGD07Choice3,FULL,0,,,Who leads the Blackwood Company?,누가 블랙우드 컴퍼니를 이끄나?,record,False,False,True,False,TOPIC_CHECK,
Oblivion.esm,INFO,00098199,,NAM1,0,,,"Forgive me, my master.... It is Ri'Zikar! He leads us! And he will have your head. He will kill you all!","절 용서해주세요, 주인님.... 이건 Ri'Zikar의 탓이에요! 그가 우릴 이끌었어요! 그가 당신을 죽일거에요! 당신의 머리를 가져갈거에요! ",record,False,True,False,False,MEDIUM,Ri'Zikar
Oblivion.esm,INFO,0009819A,,NAM1,0,,,No! I will not betray him! I will not tell you!,안돼! 난 그를 배신할수 없어! 난 당신에게 절대 얘기하지 않을거야!,record,False,False,False,False,,
Oblivion.esm,DIAL,000981BB,HackdirtStrangerResponse,FULL,0,,,HackdirtStrangerResponse,핵더트 낯선 사람 반응,record,False,False,True,False,TOPIC_CHECK,
Oblivion.esm,INFO,000981DA,,NAM1,0,,,I don't like the way he's poking around.,그놈이 여기저기 찔러보는게 마음에 안 드는군.,record,False,False,False,False,,
Oblivion.esm,INFO,000981DB,,NAM1,0,,,I don't like the way she's poking around.,그년이 여기저기 찔러보는게 마음에 안 드는군.,record,False,False,False,False,,
Oblivion.esm,INFO,000981DC,,NAM1,0,,,Better keep an eye on him.,저놈을 계속 주시해라.,record,False,False,False,False,,
Oblivion.esm,INFO,000981DD,,NAM1,0,,,Better keep an eye on her.,저년을 계속 주시해라.,record,False,False,False,False,,
Oblivion.esm,INFO,000981DE,,NAM1,0,,,The Brethren won't like it.,형제들께서 좋아하지 않으시겠군.,record,False,False,False,False,,
Oblivion.esm,DIAL,000981E3,LordDradEstates,FULL,0,,,Lord Drad Estates,드래드(Drad) 경의 장원,record,True,True,True,False,HIGH,Drad
Oblivion.esm,INFO,000981FB,,NAM1,0,,,"The land is good, the farm productive. But it's mining the wealth from beneath the land that will make my fortune.","좋은 토지다, 밭은 비옥하고. 게다가 그 땅 아래에는 나를 부유하게 만들어 줄 풍부한 광산이 있지.",record,False,False,False,False,,
Oblivion.esm,INFO,000981FC,,NAM1,0,,,"The land is good, the farm productive. The mine's under construction, but once it's working, it will make my fortune.","좋은 토지다, 밭은 비옥하고. 공사중인 광산은, 일단 가동되면, 나를 부유하게 만들 것이오.",record,False,False,False,False,,
Oblivion.esm,INFO,000981FD,,NAM1,0,,,"Drad purchased the land and title from Council. It cost him a fortune, and he's determined to make it pay.","Drad는 평의회(Council)로부터 토지와 작위를 샀습니다. 그것에 재산을 소모했기에, 그는 본전을 건지려고 마음먹었죠.",record,True,True,False,False,HIGH,"Drad, Council"
Oblivion.esm,DIAL,000981E4,DaedraShrineTopic,FULL,0,,,Daedra shrines,데이드라 성소,record,False,False,True,False,TOPIC_CHECK,
Oblivion.esm,INFO,000A4959,,NAM1,0,,,"You mean the shrine to Nocturnal? That's north of Leyawiin, east of the Lower Niben.","녹터널의 성소를 말하시는 겁니까? 레이야윈 북쪽, 니벤 저지대 동쪽에 있습니다.",record,False,False,False,False,,
Oblivion.esm,INFO,000A4958,,NAM1,0,,,"Yes, in fact, up in the Imperial Reserve, a long way north-north-west of Skingrad, I came upon a Sanguine shrine.","예, 사실, 임페리얼 리저브에서 위로, 스킨그라드의 북북서 방향으로 멀리 떨어진 곳에서, Sanguine 성지를 발견했습니다.",record,False,True,False,False,MEDIUM,Sanguine
Oblivion.esm,INFO,000A4958,,NAM1,1,,,Gave it a wide berth. I'm a goblin hunter. Don't want to tangle with those Daedra worshippers.,난 그걸 피했어요. 난 고블린 사냥꾼입니다. 데이드라 숭배자들과 얽히고 싶진 않거든요.,record,False,False,False,False,,
Oblivion.esm,INFO,000A383D,,NAM1,0,,,"I can think of three. The Hircine shrine is south of town, northeast of Bravil, between the Upper Niben and the Green Road.","세 가지가 있습니다. Hircine 성지는 마을 남쪽, 브라빌 북동쪽, 어퍼 니벤(Upper Niben)과 그린 로드(Green Road) 사이에 위치하고 있어요.",record,True,True,False,False,HIGH,"Hircine, Upper, Niben, Green, Road"
Oblivion.esm,INFO,000A383D,,NAM1,1,,,The Mephala shrine is northeast of the junction of the Red Ring Road and the Silver Road.,Mephala 성지는 레드 링 로드(Red Ring Road)와 실버 로드(Silver Road)의 교차점 북동쪽에 있구요.,record,True,True,False,False,HIGH,"Mephala, Red, Ring, Road, Silver, Road"
Oblivion.esm,INFO,000A383D,,NAM1,2,,,"I've heard there's a Vaermina shrine at the headwaters of the Reed River, though I've never been there myself.","Vaermina 성지가 리드 리버(Reed River)의 상류에 있다고 들은 적이 있는데, 직접 가보진 못했습니다.",record,True,True,False,False,HIGH,"Vaermina, Reed, River"
Oblivion.esm,INFO,000A495A,,NAM1,0,,,"I saw a big statue of Malacath, west of Fort Sutch, west of the Gold Road to Hammerfell. Looked like Daedra worshippers to me.","Fort Sutch의 서쪽, Hammerfell로 가는 Gold Road의 서쪽에서, Malacath의 커다란 상을 봤소. 내게는 데이드라 숭배자들처럼 보였소.",record,False,True,False,False,MEDIUM,"Fort, Sutch, Hammerfell, Gold, Road, Malacath"
Oblivion.esm,INFO,000A495B,,NAM1,0,,,"There's a Malacath shrine west of Fort Sutch, west of the Gold Road to Hammerfell. But I stay away. I like my skin on the outside, in one piece.","Fort Sutch의 서쪽, Hammerfell로 가는 Gold Road의 서쪽에 Malacath의 성지가 있어요. 하지만 난 가까이 가진 않죠. 내 가죽이 벗겨지는 건 싫거든요.. ",record,False,True,False,False,MEDIUM,"Fort, Sutch, Hammerfell, Gold, Road, Malacath"
Oblivion.esm,INFO,000981FF,,NAM1,0,,,The Azura coven in the Jeralls north of Cheydinhal... nice folks. Nothing like the blood-drinking Daedra worshippers everyone raves about.,"쉐이딘홀 북쪽의 제랄(Jeralls) 산맥에 위치한 Azura 마녀 집단은... 좋은 사람들입니다. 사람들이 헛소리 하는, 흡혈 데드라 신도들과는 거리가 멀죠.",record,True,True,False,False,HIGH,"Jeralls, Azura"
Oblivion.esm,INFO,000981FF,,NAM1,1,,,"A waste of time, of course, worshipping gods in the first place. But at least they're not raving lunatics.","물론, 애초에 신들을 섬기는 건 시간 낭비지만요. 하지만 적어도 그들은 미쳐 날뛰진 않습니다.",record,False,False,False,False,,
Oblivion.esm,INFO,00154CDF,,NAM1,0,,,"A shrine to Azura lies in the Jerall Mountains, far to the north, towards the Skyrim border.","스카이림 경계 방향으로, 제랄 산맥 북쪽 방향 먼 곳에 아주라의 성소가 위치해 있습니다.",record,False,False,False,False,,
Oblivion.esm,INFO,00154CDF,,NAM1,1,,,And I think there's a shrine to Boethia high in the Valus Mountains southeast of Cheydinhal.,셰이딘홀 남동쪽 발루스 산맥에 보에디아 성소가 높이 솟아 있는 것 같더군요.,record,False,False,False,False,,
Oblivion.esm,DIAL,000981E5,DaedraCultTopic,FULL,0,,,Daedra cults,데이드라 숭배(Daedra cults),record,True,True,True,False,HIGH,"Daedra, cults"
Oblivion.esm,INFO,000A495D,,NAM1,0,,,What makes you think I'd know anything about that...,뭐때문에 내가 그걸 알 거라고 생각하는 건지... ,record,False,False,False,False,,
Oblivion.esm,INFO,000A495D,,NAM1,1,,,"... But it just so happens I've run into some Sanguine worshippers up in the Imperial Reserve, a long way north-north-west of Skingrad.",... 하지만 공교롭게도 임페리얼 리저브 위쪽에서 Sanguine 숭배자 몇 사람들과 우연히 만났던 적은 있어요.,record,False,True,False,False,MEDIUM,Sanguine
Oblivion.esm,INFO,000A495D,,NAM1,2,,,"Can't give you any better directions, unfortunately. Traveled mostly at night with a guide, and didn't see much on the way.","안타깝게도, 더 제대로 된 위치를 알려줄 수가 없군요. 가이드와 밤에 주로 여행을 했던 터라 길을 자세히 보진 못했거든요.",record,False,False,False,False,,
Oblivion.esm,INFO,00098200,,NAM1,0,,,"Daedra cults aren't necessarily evil, of course. In nearby Morrowind, for example, they worship Daedra in the Temple.","물론, 데이드라 문화가 반드시 사악한 건 아닙니다. 예컨대, 모로윈드 근처에서는 사람들이 사원에서 데이드라를 숭배해요.",record,False,False,False,False,,
Oblivion.esm,INFO,00098200,,NAM1,1,,,"The Azura shrine north of town, up Lake Arrius way, for instance. I know a Dark Elf there. Nothing evil about him.","예를 들면, 마을 북쪽, 아리우스(Arrius) 호수 위쪽으로 Azura 성지가 있어요. 난 그곳의 다크 엘프를 한 명 알고 있죠. 그 사람은 사악하지 않거든요.",record,True,True,False,False,HIGH,"Arrius, Azura"
Oblivion.esm,DIAL,000981E6,CheydinhalTopicBorba04,FULL,0,,,Daedric shrines,데이드릭 성지(Daedric shrines),record,True,True,True,False,HIGH,"Daedric, shrines"
Oblivion.esm,DIAL,000982AE,TG08BlindMonks,FULL,0,,,Blind monks,맹인 수도승,record,False,False,True,False,TOPIC_CHECK,
Oblivion.esm,INFO,000983AC,,NAM1,0,,,We serve the retired Moth priests from the Imperial City. The work they do leads to progressive blindess.,우리는 임페리얼 시티로부터 은퇴한 모스 승려들을 위해 일하고 있어요. 그들이 하는 일이 점진적으로 그들을 장님이 되게 하죠.,record,False,False,False,False,,
Oblivion.esm,INFO,000983AC,,NAM1,1,,,They live in utter darkness in the secret catacombs. Of course it doesn't affect them because they are blind.,그분들은 비밀 납골당에서 완전한 암흑 속에서 살고 계십니다. 물론 애초에 맹인들이 되셔서 어둠에 딱히 영향을 받지는 않으십니다.,record,False,False,False,False,,
Oblivion.esm,INFO,000983AD,,NAM1,0,,,I don't understand what you mean. We can see just fine.,무슨 말을 하는지 이해할 수 없군요. 우린 잘 볼 수 있어요.,record,False,False,False,False,,
Oblivion.esm,DIAL,000982AF,TG08ShowEntrance,FULL,0,,,Where are the catacombs?,지하 납골당의 위치는?,record,False,False,True,False,TOPIC_CHECK,
Oblivion.esm,INFO,000983AA,,NAM1,0,,,"Okay, okay, I'll show you. But only because you are my dear friend. Follow me.",좋아요. 좋아. 내가 안내하죠. 이건 당신이 내 친구이기 때문이에요. 날 따라와요.,record,False,False,False,False,,
Oblivion.esm,INFO,000983AA,,NAM1,1,,,Please be discreet and don't bother the other monks.,부디 예를 갖추고 다른 수도승들을 방해하지 마세요.,record,False,False,False,False,,
Oblivion.esm,INFO,000983AB,,NAM1,0,,,I can't reveal that! It would be far to dangerous. I don't know you that well.,그건 알려줄 수 없어요! 그건 너무 위험해요. 당신을 그렇게 잘 알지 못하는걸요.,record,False,False,False,False,,
Oblivion.esm,DIAL,000982B0,TGNoPayFines,FULL,0,,,I'll work out my problems on my own.,자력으로 문제를 해결하겠소.,record,False,False,True,False,TOPIC_CHECK,
Oblivion.esm,INFO,000983A8,,NAM1,0,,,"It's your prison sentence, not mine.","그야 네 자유지, 나와는 상관없고.",record,False,False,False,False,,
Oblivion.esm,INFO,000983A9,,NAM1,0,,,This one hopes the hunter enjoys the cage.,감옥 생활을 즐기는 사냥꾼이 되고싶은 모양이군.,record,False,False,False,False,,
Oblivion.esm,DIAL,000982B1,TGPayFines,FULL,0,,,I'll pay off my fines.,벌금을 청산합니다.,record,False,False,True,False,TOPIC_CHECK,
Oblivion.esm,INFO,000983A6,,NAM1,0,,,Consider it done. I will get rid of all your criminal warrants.,맡겨봐. 자네의 범죄 내역을 모두 지워주겠어.,record,False,False,False,False,,
Oblivion.esm,INFO,000983A7,,NAM1,0,,,It will be done. I will shred all of the hunter's criminal warrants.,잘 될거예요. 사냥꾼의 범죄 내역을 모두 없애주겠습니다.,record,False,False,False,False,,
Oblivion.esm,DIAL,000982B2,TGPayCrimeGold,FULL,0,,,Pay off my fines and bounty,벌금과 수배 청산,record,False,False,True,False,TOPIC_CHECK,
Oblivion.esm,INFO,000983A3,,NAM1,0,,,"You can pay your fines to the guards, serve your time, or pay me half and I'll fix them all.","경비병에게 벌금을 지불하거나 복역하고 싶지 않으면, 나에게 반액을 지불하게나. 그럼 녀석들과 뒷거래를 통해 처리해 주겠네.",record,False,False,False,False,,
Oblivion.esm,INFO,000983A4,,NAM1,0,,,"The hunter can pay his fines to the guards, serve his time, or pay this one half and they will all go away.","사냥꾼은 경비병에게 벌금을 지불하거나 복역하고 싶지 않으면, 그 반액으로 경비병을 물러나게 할 수 있네.",record,False,False,False,False,,
Oblivion.esm,INFO,000983A5,,NAM1,0,,,Armand Christophe and S'krivva have special arrangements with the guards and judges throughout Cyrodiil.,아몬드 크리스토퍼(Armand Christophe)와 S'krivva는 시로딜의 경비원과 판사들과 특별한 협정을 가지고 있지.,record,True,True,False,False,HIGH,"Armand, Christophe, S'krivva"
Oblivion.esm,INFO,000983A5,,NAM1,1,,,"They can make all your outstanding warrants go away, for only half the price of the fines.",그들은 너의 모든 현상금과 벌금을 날려버릴 수 있어. 단 절반의 가격으로 말이지.,record,False,False,False,False,,
Oblivion.esm,DIAL,000982B3,TG07WhereLetter,FULL,0,,,Where is the letter?,편지는 어디에 있습니까?,record,False,False,True,False,TOPIC_CHECK,
Oblivion.esm,INFO,000983A2,,NAM1,0,,,"The letter is currently in steward Dairihill's desk. She has lied to Lady Umbranox, telling her that the letter has yet to arrive.",그 편지는 현재 집사 다리힐(Dairihill)의 책상에 있네. 그녀는 움브라녹스(Umbranox) 여사에게 아직 편지가 도착하지 않았다고 거짓말하고 있네.,record,True,True,False,False,HIGH,"Dairihill, Umbranox"
Oblivion.esm,DIAL,000982B4,TG07WhatIsPlan,FULL,0,,,What is the plan?,어떤 계획입니까?,record,False,False,True,False,TOPIC_CHECK,
Oblivion.esm,INFO,000983A1,,NAM1,0,,,"Countess Umbranox of Anvil, is hunting for a new captain of her guard. The Legion Commander of the Imperial Watch sent her a list of candidates.",앤빌의 움브라녹스(Umbranox) 백작부인은 자신의 새로운 경비대 대장을 뽑으려고 하고 있지. 임페리얼 경비대의 사령관은 그녀에게 후보자 리스트를 보냈다네.,record,True,True,False,False,HIGH,Umbranox
Oblivion.esm,INFO,000983A1,,NAM1,1,,,The Gray Fox wants this list replaced with one that highly recommends Hieronymus Lex. From Anvil he can do little harm to the guild.,그레이 폭스는 히에로니무스 렉스(Hieronymus Lex)를 강력 추천하는 리스트로 바꿔치기 하려고 하네. 앤빌에서는 그가 길드에 악영향을 끼치지 못할꺼야.,record,True,True,False,False,HIGH,"Hieronymus, Lex"
Oblivion.esm,DIAL,000982B5,TG07GiveForgedLetter,FULL,0,,,Sure. What do I care who delivers it?,"좋소, 그걸 전달할 이에게 어떻게 마음을 표현해야 할지?",record,False,False,True,False,TOPIC_CHECK,
Oblivion.esm,INFO,000983A0,,NAM1,0,,,Smart move. I hold the power in this castle. Don't forget it. Here is a small token of my esteem.,영리한 행동이요. 난 이 성의 권력을 가지고 있소. 잊지 마시오. 그리고 이건 내 존경의 표시요.,record,False,False,False,False,,
Oblivion.esm,DIAL,000982B6,TG07KeepForgedLetter,FULL,0,,,I think I'll deliver this personally.,이것은 내가 직접 전달할 생각이오.,record,False,False,True,False,TOPIC_CHECK,
Oblivion.esm,INFO,0009839F,,NAM1,0,,,You insolent... do you know who I am? I'll see that Countess Umbranox knows what kind of a fetcher you are!,건방진... 내가 누군지 알아? 당신이라는 급사를 움브라녹스(Umbranox) 백작부인이 아는지 두고 보겠어!,record,True,True,False,False,HIGH,Umbranox
Oblivion.esm,DIAL,000982B7,TG07NewCaptain,FULL,0,,,New Guard Captain,새로운 경비대장,record,False,False,True,False,TOPIC_CHECK,
Oblivion.esm,INFO,00098399,,NAM1,0,,,You have the Imperial Watch recommendation for my new guard captain?,당신이 새 경비대 대장을 위한 임페리얼 경비대 추천서를 가지고 있나요?,record,False,False,False,False,,
Oblivion.esm,INFO,00098399,,NAM1,1,,,"Normally these missives are handled by my steward, Dairihill. Let me see that.",보통은 이러한 공문들은 내 집사인 다리힐(Dairihill)에 의해 처리됩니다만. 어디 한번 봅시다.,record,True,True,False,False,HIGH,Dairihill
Oblivion.esm,INFO,00098399,,NAM1,2,,,Hmmm. Hieronymus Lex looks like the best choice. I was about to give the position to Dairihill's cousin.,흐음. 히에로니무스 렉스(Hieronymus Lex)가 최고의 선택으로 보이는군요. 사실 다리힐(Dairihill)의 사촌에게 이 자리를 줄 예정이었어요.,record,True,True,False,False,HIGH,"Hieronymus, Lex, Dairihill"
Oblivion.esm,INFO,00098399,,NAM1,3,,,I have the orders right there. I'll fill in his name and you can deliver it to Captain Lex. Thank you courier. My steward will tip you.,"바로 내릴 명령이 있어요. 내가 그의 이름을 채울 테니 렉스(Lex) 대장에게 이걸 전해주세요. 고마워요, 급사. 내 집사가 팁을 줄 거예요.",record,True,True,False,False,HIGH,Lex
Oblivion.esm,INFO,0009839A,,NAM1,0,,,This matter will have to wait. I hold court in the great hall in the morning.,이 사안은 기다려야 할 것이네. 아침에 그레이트 홀(Great Hall)에서 집회를 가질거요.,record,True,True,False,False,HIGH,"Great, Hall"
Oblivion.esm,INFO,0009839B,,NAM1,0,,,"You what! But I didn't... I mean, of course. I'll take that letter now. I'll personally make sure that Lady Umbranox gets it.",당신 뭐라고! 하지만 난 아직... 내 말은 물론이지. 난 지금 그 편지를 가져야겠네. 내가 개인적으로 움브라녹스(Umbranox) 여사에게 전해줄 것이네.,record,True,True,False,False,HIGH,Umbranox
Oblivion.esm,INFO,0009839C,,NAM1,0,,,She wants me to tip you! You add insult to injury. You cost my cousin a chance at that job. Take your money and get out of my sight!,그녀는 너에게 팁을 주라고 했지! 너는 아픔에 모욕을 더하는군. 넌 내 사촌의 취직 기회를 날려버렸어. 돈을 가지고 내 눈 앞에서 사라져!,record,False,False,False,False,,
Oblivion.esm,INFO,0009839D,,NAM1,0,,,Yes. My cousin is in line to take up the position. He is eminently qualified.,예. 내 사촌은 그 자리를 차지할거에요. 그는 탁월하게 자격이 있지요.,record,False,False,False,False,,
Oblivion.esm,INFO,0009839E,,NAM1,0,,,"I've been reassigned! This is outrageous! The Gray Fox had a hand in this, I know it.","내가 전출되다니! 정말 기가 막히군! 그레이 폭스가 이번에 한몫 한 모양이군, 나도 알지.",record,False,False,False,False,,
Oblivion.esm,INFO,0009839E,,NAM1,1,,,"I am bound by duty and honor to obey this order. After all these years, he has finally won.","난 그 명령에 복종하도록 임무와 명예에 구속되어 있지. 세월이 흐른 후, 마침내 그가 승리했군.",record,False,False,False,False,,
Oblivion.esm,INFO,0009839E,,NAM1,2,,,Maybe fate will be kind and deliver him to me in Anvil.,만약 운명이 따라준다면 그를 앤빌에 있는 나에게 보내주겠지.,record,False,False,False,False,,
Oblivion.esm,DIAL,000982B8,TG07DairihillOffice,FULL,0,,,Dairihill's Office,다이리힐의 사무실(Dairihill's Office),record,True,True,True,False,HIGH,"Dairihill's, Office"
Oblivion.esm,INFO,00098397,,NAM1,0,,,"To be honest, I couldn't give you directions to any special room in the castle. Anyone in the castle can tell you though.","솔직하게 말하면, 난 성안의 비밀장소로 가는 방법을 알려줄 수 없어요. 성안의 누군가는 말해줄 수 있겠지요.",record,False,False,False,False,,
Oblivion.esm,INFO,00098397,,NAM1,1,,,"However, I'll tell you for free that there are many secrets in that Castle. There are secret ways, and secret people. Find the blacksmith.","아무튼, 성안에는 많은 비밀들이 존재한다고 말하고 싶군요. 거기에는 많은 비밀통로들과 비밀요원들이 있죠. 대장장이를 찾아가 보세요.",record,False,False,False,False,,
Oblivion.esm,INFO,00098398,,NAM1,0,,,"Looking for the steward, are you? Her office is in the private chambers. But she's not there much.",집사를 찾고 있나요? 그죠? 그녀의 사무실은 사설 공간에 있지요. 하지만 그녀는 그곳에 자주 있지는 않아요.,record,False,False,False,False,,
Oblivion.esm,INFO,00098398,,NAM1,1,,,You can find her in the audience chamber in the mornings. She dines with the Countess from evening's eighth bell until midnight.,오전에는 접견실에서 그녀를 보실 수 있을 거에요. 저녁 7시부터 12시까지는 백작부인과 저녁 식사를 하죠.,record,False,False,False,False,,
Oblivion.esm,DIAL,000982B9,TG07NoBribeBeggar2,FULL,0,,,Wait! I remember. Thanks anyway.,잠깐! 생각 났어요. 어쨌든 고맙소.,record,False,False,True,False,TOPIC_CHECK,
Oblivion.esm,INFO,00098396,,NAM1,0,,,I hope your feet are faster than your wits.,니 발이 니 위트보다 더 빠르길 바라네.,record,False,False,False,False,,
Oblivion.esm,DIAL,000982BA,TG07BribeBeggar2,FULL,0,,,I can offer you 5 coins.,5 골드 제공할 수 있습니다.,record,False,False,True,False,TOPIC_CHECK,
Oblivion.esm,INFO,00098395,,NAM1,0,,,Does the Lonely Suitor Lodge sound familiar? Try there.,혹시 고독한 구혼자의 오두막이라고 아시나요? 거기 가보세요.,record,False,False,False,False,,
Oblivion.esm,DIAL,000982BB,TG07WhereSkrivva,FULL,0,,,Where is Skrivva?,스크리바(S'Krivva)는 어디 있소?,record,True,True,True,False,HIGH,S'Krivva
Oblivion.esm,INFO,00098394,,NAM1,0,,,Your poor memory is my good fortune. What's it worth to ya?,당신의 나쁜 기억력은 내 행운이죠. 얼마나 줄 거요?,record,False,False,False,False,,
Oblivion.esm,DIAL,0009CE41,MQ13MartinD2,FULL,0,,,As you command.,폐하의 뜻에 따르겠습니다.,record,False,False,True,False,TOPIC_CHECK,
Oblivion.esm,INFO,0009CE84,,NAM1,0,,,"Please, my friend. I need your judgement, not your obedience.","친구여. 내가 필요한 건 자네의 복종이 아니라, 자네의 판단이라네.",record,False,False,False,False,,
Oblivion.esm,INFO,0009CE84,,NAM1,1,,,I explain myself to you so you understand me. And so you can explain to the Countess.,내 설명을 자네는 이해했어. 마찬가지로 자네도 백작부인을 설득할 수 있을 걸세.,record,False,False,False,False,,
Oblivion.esm,INFO,0009CE84,,NAM1,2,,,I'm afraid she may take a bit more convincing than you.,그녀가 자네보다 설득력이 뛰어날까 봐 걱정이군.,record,False,False,False,False,,
Oblivion.esm,DIAL,0009CE42,MQ13MartinD1,FULL,0,,,It's too risky. I'll lead the battle.,위험부담이 너무 큽니다. 제가 전투를 이끌겠습니다.,record,False,False,True,False,TOPIC_CHECK,
Oblivion.esm,INFO,0009CE83,,NAM1,0,,,Remember when we first met in Kvatch? I told you that I didn't want any part of the gods' plan.,크바치에서 우리가 처음 만났을 때를 기억하는가? 난 신의 계획의 일부가 되는데 동의할 수 없다고 했었지.,record,False,False,False,False,,
Oblivion.esm,INFO,0009CE83,,NAM1,1,,,I still don't know if there is a divine plan. But I've come to realize that it doesn't matter.,난 아직도 신의 계획인지 아닌지 모르겠어. 하지만 이제는 그것이 중요한 게 아니라는 사실을 알았네.,record,False,False,False,False,,
Oblivion.esm,INFO,0009CE83,,NAM1,2,,,"What matters is that we act. That we do what's right, when confronted with evil.","중요한 건 우리의 행동에 있네. 악과 마주했을 때, 옳다고 생각하는 대로 하는 것.",record,False,False,False,False,,
Oblivion.esm,INFO,0009CE83,,NAM1,3,,,"That's what you did at Kvatch. It wasn't the gods that saved us, it was you.",자네가 크바치에서 했던 것. 우리를 구한 건 신이 아니라 바로 자네였어.,record,False,False,False,False,,
Oblivion.esm,INFO,0009CE83,,NAM1,4,,,Were you acting for the gods? I don't know. But now it's my turn to act.,"그게 신의 뜻에 의한 것일까? 난 모르겠네 만, 이제는 내가 행동할 차례라네.",record,False,False,False,False,,
Oblivion.esm,DIAL,0009CE43,MQ13MartinC2,FULL,0,,,There's really no other way?,그게 정말 유일한 방법입니까?,record,False,False,True,False,TOPIC_CHECK,
Oblivion.esm,DIAL,0009CE44,MQ13MartinC1,FULL,0,,,At least you'll be safe here.,적어도 폐하의 안전은 확보돼야 합니다.,record,False,False,True,False,TOPIC_CHECK,
Oblivion.esm,INFO,0009CE82,,NAM1,0,,,"No. I'll lead the defense of Bruma myself. If I am to be Emperor, it's time I started acting like one.","아니야. 내가 직접 브루마의 방어를 지휘하겠어. 내가 황제가 될 사람이라면, 지금이 바로 그에 걸맞은 모습을 보여줄 때야.",record,False,False,False,False,,
Oblivion.esm,DIAL,0009DB21,Peacefultown,FULL,0,,,Peaceful town,평화로운 도시,record,False,False,True,False,TOPIC_CHECK,
Oblivion.esm,DIAL,0009E094,Dark19Choice2E,FULL,0,,,"Follow me, and keep pace.",지금의 페이스로 난 따라와.,record,False,False,True,False,TOPIC_CHECK,
Oblivion.esm,INFO,0009E66F,,NAM1,0,,,"Of course, dear Listener! I am with you!","물론입니다, 리스너(Listener)시여! 당신과 함께 하겠습니다!",record,True,True,False,False,HIGH,Listener
Oblivion.esm,DIAL,0009E095,Dark19Choice2D,FULL,0,,,Begone! I am done with you!,가도 좋다! 너와 용무는 끝났다!,record,False,False,True,False,TOPIC_CHECK,
Oblivion.esm,INFO,0009E66E,,NAM1,0,,,Y... Yes dear Listener! I... I will wait in the Sanctuary until you have further need of me!,예.. 예 리스너(Listener)시여! 저... 저는 당신이 저를 필요로 하실 때까지 성역(Sanctuary)에서 대기하겠습니다!,record,True,True,False,False,HIGH,"Listener, Sanctuary"
Oblivion.esm,DIAL,0009E096,Dark19Choice2C,FULL,0,,,"Stay here, underling.",여기 있어라. 말단.,record,False,False,True,False,TOPIC_CHECK,
Oblivion.esm,INFO,0009E66D,,NAM1,0,,,"Of course, Listener! I will remain here until you say otherwise!","물론입니다, 리스너[Listener]시여! 다른 일을 시키실 때까지 여기에 남아 있겠습니다!",record,False,True,False,False,MEDIUM,Listener
Oblivion.esm,DIAL,0009E097,Dark19Choice2B,FULL,0,,,"Follow me, with utmost haste!",되도록 빨리 날 따라와!,record,False,False,True,False,TOPIC_CHECK,
Oblivion.esm,INFO,0009E66A,,NAM1,0,,,"Of course, great Listener! Your word is law!","물론입니다, 위대한 리스너(Listener)시여! 당신의 말은 법입니다.",record,True,True,False,False,HIGH,Listener
Oblivion.esm,DIAL,0009E098,Dark19Choice2A,FULL,0,,,"Follow me, but remain hidden!",숨은 채로 날 따라와!,record,False,False,True,False,TOPIC_CHECK,
Oblivion.esm,INFO,0009E65C,,NAM1,0,,,"Yes, honored Listener! I shall become shadow!","예, 명예로운 리스너(Listener)시여! 당신의 그림자가 되겠습니다!",record,True,True,False,False,HIGH,Listener
Oblivion.esm,INFO,0009E683,,NAM1,0,,,"Yes, honored Listener! I shall become shadow!","예, 명예로운 리스너(Listener)시여! 당신의 그림자가 되겠습니다!",record,True,True,False,False,HIGH,Listener
Oblivion.esm,INFO,0009E688,,NAM1,0,,,"Yes, honored Listener! I shall become shadow!","예, 명예로운 리스너(Listener)시여! 당신의 그림자가 되겠습니다!",record,True,True,False,False,HIGH,Listener
Oblivion.esm,DIAL,0009E099,Dark19Choice1B,FULL,0,,,"As you were, Murderer.","명령을 취소한다, 머더러(Murderer).",record,True,True,True,False,HIGH,Murderer
Oblivion.esm,INFO,0009E65A,,NAM1,0,,,"May... May Sithis keep you safe, most revered Listener. If you ever need my help, you need only ask!",시... 시디스(Sithis)께서 당신을 안전하게 지켜주시길. 누구보다도 존귀하신 리스너(Listener)시여! 언제라도 제 도움이 필요하시면 불러만 주십시오!,record,True,True,False,False,HIGH,"Sithis, Listener"
Oblivion.esm,DIAL,0009E0D0,Dark19Choice1A,FULL,0,,,Travel with me. Serve your Listener.,따라와라. 네 청취자에게 봉사하라.,record,False,False,True,False,TOPIC_CHECK,
Oblivion.esm,INFO,0009E2EC,,NAM1,0,,,"Oh! It... It seems you already have a family member traveling with you, dear Listener. Perhaps I can help, when you are done with their services?","오! 리스너(Listener)시여, 이미 동행하는 가족이 있군요. 혹시 그들의 봉사가 끝나면 제가 도와드릴 수 있을까요?",record,True,True,False,False,HIGH,Listener
Oblivion.esm,INFO,0009E2F3,,NAM1,0,,,"Oh! It... It seems you already have a family member traveling with you, dear Listener. Perhaps I can help, when you are done with their services?","오! 리스너(Listener)시여, 이미 동행하는 가족이 있군요. 혹시 그들의 봉사가 끝나면 제가 도와드릴 수 있을까요?",record,True,True,False,False,HIGH,Listener
Oblivion.esm,INFO,0009E4C1,,NAM1,0,,,"Oh! It... It seems you already have a family member traveling with you, dear Listener. Perhaps I can help, when you are done with their services?","오! 리스너(Listener)시여, 이미 동행하는 가족이 있군요. 혹시 그들의 봉사가 끝나면 제가 도와드릴 수 있을까요?",record,True,True,False,False,HIGH,Listener
Oblivion.esm,INFO,0009E641,,NAM1,0,,,"Yes, most revered Listener! My bow is yours!","예, 누구보다도 존귀하신 청취자시여! 제 활은 당신의 것입니다!",record,False,False,False,False,,
Oblivion.esm,INFO,0009E64F,,NAM1,0,,,"Yes, most revered Listener! My spells will serve Sithis until I lie cold and dead!","예, 누구보다도 존귀하신 청취자시여! 제 주문은 제가 죽을 때까지 시디스를 섬길 것입니다!",record,False,False,False,False,,
Oblivion.esm,INFO,0009E65B,,NAM1,0,,,"Yes, most revered Listener! My blade will rend flesh at your command!","예, 누구보다도 존귀하신 청취자시여! 제 검은 당신의 명령에 따라 살점을 찢을 것입니다!",record,False,False,False,False,,
Oblivion.esm,INFO,0009F9C2,,NAM1,0,,,"Alas for the honor of Valenwood, the Wood Elf has fallen.",아아 Valenwood의 명예여! 우드 엘프는 떨어졌다.,record,False,True,False,False,MEDIUM,Valenwood
Oblivion.esm,INFO,0009F9C1,,NAM1,0,,,"In the scales of testing, Redguard, you are tried and found wanting.","이것은 시험을 위한 저울이였다. 레드가드여, 너는 시험받았지만 역부족이었던 같다.",record,False,False,False,False,,
Oblivion.esm,INFO,0009F9C0,,NAM1,0,,,"Alas, poor Orc. This was not your finest hour.","아아, 불쌍한 오크. 너의 최고의 시간은 아니었구나.",record,False,False,False,False,,
Oblivion.esm,INFO,0009F9BF,,NAM1,0,,,I must confess... that Nord was a disappointment.,난 인정하지 않으면 안된다... 노드는 나를 실망시켰다.,record,False,False,False,False,,
Oblivion.esm,INFO,0009F9BE,,NAM1,0,,,Another one bites the dust. The Khajiit is done.,또 한 명이 떨어져 나갔다. 카짓은 끝났다.,record,False,False,False,False,,
Oblivion.esm,INFO,0009F9BD,,NAM1,0,,,No. I'm afraid this Imperial was not the one.,다르다. 이 임페리얼은 내가 바라고 있던게 아니다.,record,False,False,False,False,,
Oblivion.esm,INFO,0009F9BC,,NAM1,0,,,The price of failure? A final fanfare for the High Elf. Farewell.,실패의 대가? 하이엘프를 위해 최후의 팡파레를. 안녕이다.,record,False,False,False,False,,
Oblivion.esm,INFO,0009F9BB,,NAM1,0,,,"A valiant effort, Dark Elf, but take comfort. Your spirit is mine.",용감하게 싸운 다크엘프여. 위안을 얻거라. 네 영혼은 나의 것이 된다.,record,False,False,False,False,,
Oblivion.esm,INFO,0009F9BA,,NAM1,0,,,"What a pity. For the Breton, it is over.","애처롭구나. 브리튼이여, 이것으로 끝이다.",record,False,False,False,False,,
Oblivion.esm,INFO,0009F9B9,,NAM1,0,,,How sad. The Argonian was a poor thing. Let her go.,슬프도다. 아르고니안은 변변치 못했다. 그녀를 보내줘라.,record,False,False,False,False,,
Oblivion.esm,DIAL,0009F977,ChallengeWoodElf,FULL,0,,,ChallengeWoodElf,도전 우드 엘프,record,False,False,True,False,TOPIC_CHECK,
Oblivion.esm,INFO,0009F9B8,,NAM1,0,,,"Through the gate, my Wood Elf waits! Hurry, and do not disappoint me.","문을 지나가라, 나의 우드 엘프가 기다리고 있다! 서둘러라, 나를 실망시키지 말거라.",record,False,False,False,False,,
Oblivion.esm,DIAL,0009F978,ChallengeRedguard,FULL,0,,,ChallengeRedguard,도전 레드가드,record,False,False,True,False,TOPIC_CHECK,
Oblivion.esm,INFO,0009F9B7,,NAM1,0,,,"Greet the war-hardened Redguard! Fight for my glory, Chosen One!","전쟁으로 단련된 레드가드를 맞이해라! 나의 영광을 위해서 싸워라, 선택받은 자여!",record,False,False,False,False,,
Oblivion.esm,DIAL,0009F979,ChallengeOrc,FULL,0,,,ChallengeOrc,도전 오크,record,False,False,True,False,TOPIC_CHECK,
Oblivion.esm,INFO,0009F9B6,,NAM1,0,,,The gate is open. Go forth and greet my Chosen Orc.,"문은 열려 있다. 앞으로 나아가서, 내가 선택한 오크를 맞이하거라.",record,False,False,False,False,,
Oblivion.esm,DIAL,0009F97A,ChallengeNord,FULL,0,,,ChallengeNord,도전 노드,record,False,False,True,False,TOPIC_CHECK,
Oblivion.esm,INFO,0009F9B5,,NAM1,0,,,This Nord is an animal... a glorious beast. Watch her teeth... she bites!,이 노드는 야수로다.. 훌륭한 짐승이다. 그녀의 이빨을 주의하거라... 물어뜯길것이다!,record,False,False,False,False,,
Oblivion.esm,DIAL,0009F97B,ChallengeKhajiit,FULL,0,,,ChallengeKhajiit,도전 카짓,record,False,False,True,False,TOPIC_CHECK,
Oblivion.esm,INFO,0009F9B4,,NAM1,0,,,My Khajiit is quick and cunning! Go! Seek him out! See whose blood is quicker.,나의 카짓은 신속하고 교활하다! 가서 그를 찾아내거라! 어느 쪽의 피가 더 빨리 흐르는지 보겠다.,record,False,False,False,False,,
Oblivion.esm,INFO,0009F9B3,,NAM1,0,,,"With his keen mind and eyes, the Imperial measures you. Give him what he seeks.","그 날카로운 심안으로, 임페리얼은 그대의 능력을 판단할것이다. 그가 찾아낸걸 보여주거라.",record,False,False,False,False,,
Oblivion.esm,DIAL,0009F97D,ChallengeHighElf,FULL,0,,,ChallengeHighElf,도전 하이 엘프,record,False,False,True,False,TOPIC_CHECK,
Oblivion.esm,INFO,0009F9B2,,NAM1,0,,,Your High Elf opponent is cool and confident. Go! Let the contest begin.,그대의 상대인 하이엘프는 냉정하고 자신감에 넘쳐있다. 가라! 경기를 사작하라.,record,False,False,False,False,,
Oblivion.esm,DIAL,0009F97E,ChallengeDarkElf,FULL,0,,,ChallengeDarkElf,도전 다크 엘프,record,False,False,True,False,TOPIC_CHECK,
Oblivion.esm,INFO,0009F9B1,,NAM1,0,,,The Dark Elves are my favored people. But I am fair-minded... the outcome is in your hands.,다크엘프는 나의 호의를 얻고 있는 백성이다. 그러나 나는 공정하다... 결과는 그대의 손에 달려있다.,record,False,False,False,False,,
Oblivion.esm,DIAL,0009F97F,ChallengeBreton,FULL,0,,,ChallengeBreton,도전 브리튼,record,False,False,True,False,TOPIC_CHECK,
Oblivion.esm,INFO,0009F9B0,,NAM1,0,,,"Here you face the swift and subtle Breton. Go through the gate, Chosen, and test your fate.","여기서 그대는 재빠르고 음흉한 브리튼과 마주한다. 문을 통과해라, 그대의 운명을 시험하거라.",record,False,False,False,False,,
Oblivion.esm,INFO,0009F9AF,,NAM1,0,,,"Beyond this gate is my Argonian challenger. She is a clever thing, and eager for your blood.","이 문 너머로 나의 아르고니안 도전자가 있다. 그녀는 영리하고, 그대의 피를 노리고 있다.",record,False,False,False,False,,
Oblivion.esm,DIAL,0009F981,Farewell,FULL,0,,,Farewell,작별,record,False,False,True,False,TOPIC_CHECK,
Oblivion.esm,INFO,0009F9AE,,NAM1,0,,,"I have opened a portal for your return to the world of men. Go now, Chosen One, and claim your prize.","그대가 원래의 세계로 귀환하기 위한 입구를 열었다. 가거라, 선택된 자여. 그리고 그대의 보상을 요구하거라.",record,False,False,False,False,,
Oblivion.esm,DIAL,0009F982,Praise,FULL,0,,,Praise,칭찬,record,False,False,True,False,TOPIC_CHECK,
Oblivion.esm,INFO,0009F9A4,,NAM1,0,,,"The others are dust! You alone, Argonian, remain, First and Last! Beyond the next gate, your portal waits.","다른자들은 먼지가 되었다! 모든 이들 중에서 아르고니안, 그대만이 남았다! 다음은 옆의 문을 지나거라. 너를 위한 입구가 기다리고 있다.",record,False,False,False,False,,
Oblivion.esm,INFO,0009F9A5,,NAM1,0,,,"The others are dust! You alone, Breton, remain, First and Last! Beyond the next gate, your portal waits.","다른자들은 먼지가 되었다! 모든 이들 중에서 브리튼, 그대만이 남았다! 다음은 옆의 문을 지나거라. 너를 위한 입구가 기다리고 있다.",record,False,False,False,False,,
Oblivion.esm,INFO,0009F9A6,,NAM1,0,,,"The others are dust! You alone, Dark Elf, remain, First and Last! Go now! Beyond the next gate, your portal waits.","다른자들은 먼지가 되었다! 모든 이들 중에서 다크엘프, 그대만이 남았다! 다음은 옆의 문을 지나거라. 너를 위한 입구가 기다리고 있다.",record,False,False,False,False,,
Oblivion.esm,INFO,0009F9A7,,NAM1,0,,,"The others are dust! You alone, High Elf, remain, First and Last! Go now! Beyond the next gate, your portal waits.","다른자들은 먼지가 되었다! 모든 이들 중에서 하이엘프, 그대만이 남았다! 다음은 옆의 문을 지나거라. 너를 위한 입구가 기다리고 있다.",record,False,False,False,False,,
Oblivion.esm,INFO,0009F9A8,,NAM1,0,,,"The others are dust! You alone, Imperial, remain, First and Last! Go now! Beyond the next gate, your portal waits.","다른자들은 먼지가 되었다! 모든 이들 중에서 임페리얼, 그대만이 남았다! 다음은 옆의 문을 지나거라. 너를 위한 입구가 기다리고 있다.",record,False,False,False,False,,
Oblivion.esm,INFO,0009F9A9,,NAM1,0,,,"The others are dust! You alone, Khajiit, remain, First and Last! Go now! Beyond the next gate, your portal waits.","다른자들은 먼지가 되었다! 모든 이들 중에서 카짓, 그대만이 남았다! 다음은 옆의 문을 지나거라. 너를 위한 입구가 기다리고 있다.",record,False,False,False,False,,
Oblivion.esm,INFO,0009F9AA,,NAM1,0,,,"The others are dust! You alone, Nord, remain, First and Last! Go now! Beyond the next gate, your portal waits.","다른자들은 먼지가 되었다! 모든 이들 중에서 노드, 그대만이 남았다! 다음은 옆의 문을 지나거라. 너를 위한 입구가 기다리고 있다.",record,False,False,False,False,,
Oblivion.esm,INFO,0009F9AB,,NAM1,0,,,"The others are dust! You alone, Orc, remain, First and Last! Go now! Beyond the next gate, your portal waits.","다른자들은 먼지가 되었다! 모든 이들 중에서 오크, 그대만이 남았다! 다음은 옆의 문을 지나거라. 너를 위한 입구가 기다리고 있다.",record,False,False,False,False,,
Oblivion.esm,INFO,0009F9AC,,NAM1,0,,,"The others are dust! You alone, Redguard, remain, First and Last! Go now! Beyond the next gate, your portal waits.","다른자들은 먼지가 되었다! 모든 이들 중에서 레드가드, 그대만이 남았다! 다음은 옆의 문을 지나거라. 너를 위한 입구가 기다리고 있다.",record,False,False,False,False,,
Oblivion.esm,INFO,0009F9AD,,NAM1,0,,,"The others are dust! You alone, Wood Elf, remain, First and Last! Go now! Beyond the next gate, your portal waits.","다른자들은 먼지가 되었다! 모든 이들 중에서 우드엘프, 그대만이 남았다! 다음은 옆의 문을 지나거라. 너를 위한 입구가 기다리고 있다.",record,False,False,False,False,,
Oblivion.esm,DIAL,0009F983,Salutation,FULL,0,,,Salutation,인사,record,False,False,True,False,TOPIC_CHECK,
Oblivion.esm,INFO,0009F99A,,NAM1,0,,,"Welcome, Argonian, to the Tournament of Ten Bloods. To your right, through each of nine gates, another Chosen awaits you.","10종 혈전에 온걸 환영한다, 아르고니안. 그대의 오른쪽 9개의 문 각각의 너머에, 다른 선택된 이가 그대를 기다리고 있을것이다.",record,False,False,False,False,,
Oblivion.esm,INFO,0009F99B,,NAM1,0,,,"Welcome, Breton, to the Tournament of Ten Bloods. To your right, through each of nine gates, another Chosen awaits you.","10종 혈전에 온걸 환영한다, 브리튼. 그대의 오른쪽 9개의 문 각각의 너머에, 다른 선택된 이가 그대를 기다리고 있을것이다.",record,False,False,False,False,,
Oblivion.esm,INFO,0009F99C,,NAM1,0,,,"Welcome, Dark Elf, to the Tournament of Ten Bloods. To your right, through each of nine gates, another Chosen awaits you.","10종 혈전에 온걸 환영한다, 다크엘프. 그대의 오른쪽 9개의 문 각각의 너머에, 다른 선택된 이가 그대를 기다리고 있을것이다.",record,False,False,False,False,,
Oblivion.esm,INFO,0009F99D,,NAM1,0,,,"Welcome, High Elf, to the Tournament of Ten Bloods. To your right, through each of nine gates, another Chosen awaits you.","10종 혈전에 온걸 환영한다, 하이엘프. 그대의 오른쪽 9개의 문 각각의 너머에, 다른 선택된 이가 그대를 기다리고 있을것이다.",record,False,False,False,False,,
Oblivion.esm,INFO,0009F99E,,NAM1,0,,,"Welcome, Imperial, to the Tournament of Ten Bloods. To your right, through each of nine gates, another Chosen awaits you.","10종 혈전에 온걸 환영한다, 임페리얼. 그대의 오른쪽 9개의 문 각각의 너머에, 다른 선택된 이가 그대를 기다리고 있을것이다.",record,False,False,False,False,,
Oblivion.esm,INFO,0009F99F,,NAM1,0,,,"Welcome, Khajiit, to the Tournament of Ten Bloods. To your right, through each of nine gates, another Chosen awaits you.","10종 혈전에 온걸 환영한다, 카짓. 그대의 오른쪽 9개의 문 각각의 너머에, 다른 선택된 이가 그대를 기다리고 있을것이다.",record,False,False,False,False,,
Oblivion.esm,INFO,0009F9A0,,NAM1,0,,,"Welcome, Nord, to the Tournament of Ten Bloods. To your right, through each of nine gates, another Chosen awaits you.","10종 혈전에 온걸 환영한다, 노드. 그대의 오른쪽 9개의 문 각각의 너머에, 다른 선택된 이가 그대를 기다리고 있을것이다.",record,False,False,False,False,,
Oblivion.esm,INFO,0009F9A1,,NAM1,0,,,"Welcome, Orc, to the Tournament of Ten Bloods. To your right, through each of nine gates, another Chosen awaits you.","10종 혈전에 온걸 환영한다, 오크. 그대의 오른쪽 9개의 문 각각의 너머에, 다른 선택된 이가 그대를 기다리고 있을것이다.",record,False,False,False,False,,
Oblivion.esm,INFO,0009F9A2,,NAM1,0,,,"Welcome, Redguard, to the Tournament of Ten Bloods. To your right, through each of nine gates, another Chosen awaits you.","10종 혈전에 온걸 환영한다, 레드가드. 그대의 오른쪽 9개의 문 각각의 너머에, 다른 선택된 이가 그대를 기다리고 있을것이다.",record,False,False,False,False,,
Oblivion.esm,INFO,0009F9A3,,NAM1,0,,,"Welcome, Wood Elf, to the Tournament of Ten Bloods. To your right, through each of nine gates, another Chosen awaits you.","10종 혈전에 온걸 환영한다, 우드엘프. 그대의 오른쪽 9개의 문 각각의 너머에, 다른 선택된 이가 그대를 기다리고 있을것이다.",record,False,False,False,False,,
Oblivion.esm,DIAL,0009FD69,TG01Lockpicks,FULL,0,,,"Lockpicks, 5 gold each","락픽, 1개당 5골드.",record,False,False,True,False,TOPIC_CHECK,
Oblivion.esm,INFO,0009FD6D,,NAM1,0,,,Here you go.,자 여기.,record,False,False,False,False,,
Oblivion.esm,INFO,0009FD6E,,NAM1,0,,,You don't have enough coin to buy one.,동전이 부족한데.,record,False,False,False,False,,
Oblivion.esm,INFO,000A2E57,,NAM1,0,,,Thank you! Let's get out of here!,감사합니다! 여기서 나가요!,record,False,False,False,False,,
Oblivion.esm,INFO,000A2E58,,NAM1,0,,,Have you seen my horse? I can't leave her here!,제 말을 보셨나요? 전 여기에 제 말을 두고 갈 수 없어요!,record,False,False,False,False,,
Oblivion.esm,DIAL,000A31AC,GenericBanditC,FULL,0,,,"Please, I don't have any money.","제발, 한푼도 없어요.",record,False,False,True,False,TOPIC_CHECK,
Oblivion.esm,INFO,000A333B,,NAM1,0,,,That's fine. This one will kill you for free.,"좋아, 죽어서 자유로워지게 해 주지.",record,False,False,False,False,,
Oblivion.esm,INFO,000A343E,,NAM1,0,,,Why does this one always have to get the beggars?,"제길, 왜 거지같은 것들만 걸리지?",record,False,False,False,False,,
Oblivion.esm,INFO,000A348B,,NAM1,0,,,Times are hard when a robber can't even make an honest living.,강도가 성실하게 살지 못하는 것은 세월이 그만큼 험하기 때문이지.,record,False,False,False,False,,
Oblivion.esm,DIAL,000A31AD,GenericBanditB,FULL,0,,,No. Take it from me if you can.,"글쎄, 뺏을 수 있으면 뺏어 봐.",record,False,False,True,False,TOPIC_CHECK,
Oblivion.esm,INFO,000A333A,,NAM1,0,,,"Actually, that's the way this one prefers it.","맞아, 사실 네가 선택할 수 있는 길은 하나 밖에 없었어.",record,False,False,False,False,,
Oblivion.esm,INFO,000A333C,,NAM1,0,,,Easily done.,쉬운 일이지.,record,False,False,False,False,,
Oblivion.esm,INFO,000A333D,,NAM1,0,,,We can play it that way if you like.,원한다면 그렇게 해 주지.,record,False,False,False,False,,
Oblivion.esm,DIAL,000A31AE,GenericBanditA,FULL,0,,,[Pay 100 gold.],[100골드 지불.],record,False,False,True,False,TOPIC_CHECK,
Oblivion.esm,INFO,000A31C6,,NAM1,0,,,Good choice.,훌륭한 선택이야.,record,False,False,False,False,,
Oblivion.esm,INFO,000A31C7,,NAM1,0,,,You're smarter than you look.,보기보단 눈치가 있군.,record,False,False,False,False,,
Oblivion.esm,INFO,000A31C8,,NAM1,0,,,"Thanks. Until next time, ha ha ha.","고마워. 다음에 또, 하하하.",record,False,False,False,False,,
Oblivion.esm,DIAL,000A31AF,MQ12MartinB,FULL,0,,,[Give him the Great Welkynd Stone],[Great Welkynd Stone 건네기],record,False,True,True,False,TOPIC_CHECK,"Great, Welkynd, Stone"
Oblivion.esm,INFO,000270FF,,NAM1,0,,,I never thought to see a Great Welkynd Stone! As beautiful as all the old tales tell...,그레이트 웰킨드 스톤(Great Welkynd Stone)을 보게 될 줄이야! 듣던 대로 아름답군... ,record,True,True,False,False,HIGH,"Great, Welkynd, Stone"
Oblivion.esm,INFO,000270FF,,NAM1,1,,,"But of course its beauty is a mask for its deadly power, like everything crafted by the Ayleids.","물론, 그 아름다움 뒤에는 끔찍한 힘을 숨기고 있겠지. 아일레이드인(Ayleids)들이 만든 것들 모두가 그러하듯이 말이야.",record,True,True,False,False,HIGH,Ayleids
Oblivion.esm,INFO,000270FF,,NAM1,2,,,"Now we need only one more item, and we'll be ready to open a portal to Mankar Camoran's realm...","이제 우린 하나의 유물만 더 구하면 되는군, 그리고 우린 맨카 케모런(Mankar Camoran)의 왕국으로 가는 포탈을 열 준비를 하는거지... ",record,True,True,False,False,HIGH,"Mankar, Camoran"
Oblivion.esm,DIAL,000A31B0,MQ12MartinA2,FULL,0,,,I had a choice?,내게 선택권은 있습니까?,record,False,False,True,False,TOPIC_CHECK,
Oblivion.esm,INFO,000A31C5,,NAM1,0,,,Yes. You did. I can't force you to do anything. I understand that. And I thank you.,"맞아, 그렇지. 자네에게 강요할 수 없다는 걸 알고 있네. 고맙게 생각하고 있네.",record,False,False,False,False,,
Oblivion.esm,DIAL,000A31B1,MQ12MartinA1,FULL,0,,,I said I'd get it.,가져올 거라고 했습니다.,record,False,False,True,False,TOPIC_CHECK,
Oblivion.esm,INFO,000A31C4,,NAM1,0,,,You did. I can count on you.,그랬나. 자네는 의지할 수가 있겠어.,record,False,False,False,False,,
Oblivion.esm,DIAL,000A31B2,MQ05BaurusSewerB3,FULL,0,,,"Don't worry, I never fail.",걱정 마. 절대 실패하지 않아.,record,False,False,True,False,TOPIC_CHECK,
Oblivion.esm,INFO,000A31C2,,NAM1,0,,,Then I'm lucky you're here to save my skin. Come on. Let's do this.,네가 있어서 정말 다행이다. 어디 한번 해보자고.,record,False,False,False,False,,
Oblivion.esm,DIAL,000A31B3,MQ05BaurusSewerB2,FULL,0,,,I understand. We'll do it - together.,알고있어. 해보자고 - 함께.,record,False,False,True,False,TOPIC_CHECK,
Oblivion.esm,INFO,000A31C1,,NAM1,0,,,I'm glad to have you at my back. Okay. Let's do this.,"네가 있어서 든든해. 좋아, 한번 해보자고.",record,False,False,False,False,,
Oblivion.esm,DIAL,000A31B4,MQ05BaurusSewerB1,FULL,0,,,You leave me little choice.,선택의 여지가 없군요.,record,False,False,True,False,TOPIC_CHECK,
Oblivion.esm,INFO,000A31C0,,NAM1,0,,,That's right. Everything depends on this. So don't screw it up.,그래 맞아. 모든 게 여기 달려있어. 망쳐서는 안돼.,record,False,False,False,False,,
Oblivion.esm,DIAL,000A31B5,MQ05BaurusSewerA,FULL,0,,,I'm ready when you are.,난 준비 됐어. 준비 됐어?,record,False,False,True,False,TOPIC_CHECK,
Oblivion.esm,INFO,000A31BF,,NAM1,0,,,"Listen. I may not survive this. But if I don't, you must. You must recover the book and find the Amulet of Kings.","이봐, 혹시 내가 죽더라도 넌 반드시 살아 남아서 꼭 책을 찾고 왕의 아뮬렛을 회수해야 해.",record,False,False,False,False,,
Oblivion.esm,DIAL,000A344F,FGD08Choice6,FULL,0,,,What happened here?,여기서 무슨 일이 있었던 거야?,record,False,False,True,False,TOPIC_CHECK,
Oblivion.esm,INFO,000A345D,,NAM1,0,,,"I wish I knew. They're all dead. All of them. Even my poor, sweet Biene. You... you're the one who helped her, aren't you?","나도 내가 알았으면 좋겠네. 그들은 전부 죽었어. 모조리. 심지어 내 가련하고 사랑스러운 Biene마저. 너... 그애를 도왔던 사람중에 한명이지, 그렇지?",record,False,True,False,False,MEDIUM,Biene
Oblivion.esm,INFO,000A345D,,NAM1,1,,,You helped her pay my debt. I heard about you. She never hurt anyone! Who could have done this? What monster would do this?,당신이 그애를 도와 내 빚을 갚도록 도와주었지.. 그 얘기는 들었어.. 그녀는 아무도 해치지 않았어! 대체 누가한짓이지? 대체 어떤 괴물이 이런일을 저지른거야?,record,False,False,False,False,,
Oblivion.esm,INFO,000A345D,,NAM1,2,,,"It wasn't the goblins. It had to have been bandits. But, why? We have nothing! Please go. I must bury our dead.","고블린들이 아니야. 이건 산적들에 의한일이야. 하지만, 어째서? 우린 아무것도 가진게 없다고! 제발 가줘. 난 죽은사람들의 장례를 치뤄줘야하니까.",record,False,False,False,False,,
Oblivion.esm,DIAL,000A3450,FGD08Choice5,FULL,0,,,What happened?,무슨 일인가요?,record,False,False,True,False,TOPIC_CHECK,
Oblivion.esm,INFO,000A3456,,NAM1,0,,,That's what I was getting ready to ask you. You were found unconscious on the streets in Leyawiin.,그건 내가 물어보려던 거야. 넌 정신을 잃은 채 Leyawiin 거리에 쓰러져 있었다.,record,False,True,False,False,MEDIUM,Leyawiin
Oblivion.esm,INFO,000A3456,,NAM1,1,,,"Some of your Guild brothers found you and brought you to me. Good to see some of them think like we do. Now, what happened out there?","길드 동료들이 널 찾아서 내게 데리고 왔지. 동료들이 우리와 뜻을 같이해 줘서 다행이야. 이제, 무슨 일이 있었는지 기억나나?",record,False,False,False,False,,
Oblivion.esm,DIAL,000A3810,ImperialCityTopicLuther03,FULL,0,,,I'm looking for Daedric shrines.,데이드릭 성지를(Daedric shrines)을 찾고 있소.,record,True,True,True,False,HIGH,"Daedric, shrines"
Oblivion.esm,DIAL,000A383E,MS13WhoAreYou,FULL,0,,,Who are you?,댁은 누구시죠?,record,False,False,True,False,TOPIC_CHECK,
Oblivion.esm,INFO,000A3847,,NAM1,0,,,Who am I? I'm shocked you don't know.,내가 누구지? 충격을 받아서 자네가 누군지도 모르겠군.,record,False,False,False,False,,
Oblivion.esm,INFO,000A3847,,NAM1,1,,,"My name is Farwil Indarys, son of Count Andel Indarys of Cheydinhal. The wounded one is Bremman Senyan. We are members of the Knights of the Thorn.","나는 파윌 인더리즈(Farwil Indarys), Cheydinhal의 백작이신 안델 인더리즈(Andel Indarys) 백작의 아들이고, 부상당한 자는 브레먼 쎄니언(Bremman Senyan)이라고 하네. 우리는 가시의 기사단(Knights of the Thorn)의 일원이지.",record,True,True,False,False,HIGH,"Farwil, Indarys, Cheydinhal, Andel, Indarys, Bremman, Senyan, Knights, of, the, Thorn"
Oblivion.esm,INFO,000A3847,,NAM1,2,,,"We've sworn to protect Cheydinhal from any threat, and we've entered this Oblivion gate to do just that.","우리는 그 어떤 위협으로부터도 Cheydinhal을 지키기로 맹세했고, 맹세를 지키기 위해 이 오블리비언 게이트에 들어왔네.",record,False,True,False,False,MEDIUM,Cheydinhal
Oblivion.esm,INFO,000A3A57,,NAM1,0,,,Hold there! Stop fighting! I surrender! I'll give you the carving!,거기 있게! 싸움을 멈추자고! 항복이야! 그 석상을 자네에게 주겠네!,record,False,False,False,False,,
Oblivion.esm,DIAL,000A3DEA,MS40RewardGold,FULL,0,,,I'll take the gold.,돈을 받겠소.,record,False,False,True,False,TOPIC_CHECK,
Oblivion.esm,INFO,000A3DF6,,NAM1,0,,,I understand. Accept this knowing that you have my thanks. And farewell.,알았다. 내가 너에게 감사하고 있다는 것을 알아줬으면 한다. 그럼 안녕히.,record,False,False,False,False,,
Oblivion.esm,DIAL,000A3DEB,MS40RewardVampire,FULL,0,,,Make me a vampire.,뱀파이어로 만들어 주시오.,record,False,False,True,False,TOPIC_CHECK,
Oblivion.esm,INFO,000A3DF7,,NAM1,0,,,"This is not a gift to be taken lightly. It may cause you harm in the long run, but at least you already know a way to rid yourself of it.","이 선물은 가볍게 생각할 일이 아닙니다. 그것은 당신이 장기적으로 손해를 볼 수도 있지만, 적어도 당신은 이미 치료법을 압니다.",record,False,False,False,False,,
Oblivion.esm,INFO,000A3DF7,,NAM1,1,,,"Once you have the disease for several days, rest and let the effects take hold. And please, be careful. Good luck.","일단 당신이 며칠 동안 그 질병을 가지고 있었다면 , 휴식하면서 그 효과를 유지하세요. 그리고 제발, 조심하세요. 행운을 빕니다.",record,False,False,False,False,,
Oblivion.esm,DIAL,000A3DEC,RewardTopic,FULL,0,,,Reward,보수,record,False,False,True,False,TOPIC_CHECK,
Oblivion.esm,INFO,000A3DF2,,NAM1,0,,,"It seems you've been cured of vampirism yourself, so I can offer no help in that regard. I can, however, present you with a sum of money.","당신은 뱀파이어 병을 치료한 것 같군요, 그래서 내가 아무런 도움을 주지 못한 것을 고려했습니다. 나는 그래서 당신에게 많은 돈을 제시하겠습니다.",record,False,False,False,False,,
Oblivion.esm,INFO,000A3DF2,,NAM1,1,,,"Thank you again. I shall rest easier now, knowing that Rona no longer suffers.",다시 한번 감사합니다. 나는 Rona가 더 이상 고통스럽지 않다는 것을 알고 편히 휴식할 수 있을 겁니다.,record,False,True,False,False,MEDIUM,Rona
Oblivion.esm,INFO,000A3DF4,,NAM1,0,,,"Given your present condition, the main gift I would offer is useless. I can, however, offer you a monetary reward for your troubles.","당신의 현재 상태를 감안할 때, 내가 줄 수 있는 중요한 선물이 쓸모 없을 것 같군요. 내 말은, 그러나, 당신에게 당신의 문제에 대한 금전적인 보상을 제공할 수 있습니다.",record,False,False,False,False,,
Oblivion.esm,INFO,000A3DF4,,NAM1,1,,,"Thank you again. I shall rest easier now, knowing that Rona no longer suffers.",다시 한번 감사합니다. 나는 Rona가 더 이상 고통스럽지 않다는 것을 알고 편히 휴식할 수 있을 겁니다.,record,False,True,False,False,MEDIUM,Rona
Oblivion.esm,INFO,000A3DF5,,NAM1,0,,,"I can offer you money, of course, but given my condition, I am in a position to offer you something relatively unique.","내가 당신에게, 물론, 돈을 제공할 수 있지만, 내 상황을 고려할 때, 당신에게 상대적으로 독특한 무엇인가를 제공 할 수 있어서 기쁘게 생각합니다.",record,False,False,False,False,,
Oblivion.esm,INFO,000A3DF5,,NAM1,1,,,"If you wish, you can become a vampire. It will be slightly painful, but far easier on you than... other methods.","당신이 원한다면, 당신은 뱀파이어가 될 수 있습니다. 그것은 약간 고통스럽지만, 그러나 멀리 보면 쉬운 것입니다... 다른 방법보다.",record,False,False,False,False,,
Oblivion.esm,INFO,000A3DF5,,NAM1,2,,,Which would you prefer?,어느 것이 더 좋습니까?,record,False,False,False,False,,
Oblivion.esm,DIAL,000A4957,LeyawiinTopicWitseidutsei04,FULL,0,,,Know any Daedric shrines?,데이드릭 성지(Daedric shrines) 어디라도 알고 있습니까?,record,True,True,True,False,HIGH,"Daedric, shrines"
Oblivion.esm,DIAL,000A55F0,MS27HerminiaF1,FULL,0,,,So what about this other Crown?,그럼 다른 왕관은 어떻소?,record,False,False,True,False,TOPIC_CHECK,
Oblivion.esm,INFO,000A5608,,NAM1,0,,,"My crown, the one Umbacano covets, belonged to the ruler of Nenalata.",Umbacano가 몹시 탐내는 내 왕관은 Nenalata의 지배자가 소유했던 겁니다.,record,False,True,False,False,MEDIUM,"Umbacano, Nenalata"
Oblivion.esm,INFO,000A5608,,NAM1,1,,,"I've learned of another crown, entombed with the last ruler of the rival city of Lindai.",난 또 다른 왕관에 대해서 알아냈어요. 라이벌 도시였던 Lindai의 마지막 지배자와 같이 묻혀졌던 거죠.,record,False,True,False,False,MEDIUM,Lindai
Oblivion.esm,INFO,000A5608,,NAM1,2,,,"Since Umbacano has never laid eyes on the real Crown of the Ayleids, I doubt he could tell the difference.",Umbacano는 절대 진짜 Ayleid 왕관을 본 적이 없으니까 그 차이를 알지 못할 거에요.. ,record,False,True,False,False,MEDIUM,"Umbacano, Ayleid"
Oblivion.esm,INFO,000A5608,,NAM1,3,,,"In any case, the other is also a real Ayleid Crown... just not the right one.","여하튼, 다른 것 또한 진짜 Ayleid 왕관입니다... 단지 그가 원하는 게 아닐 뿐이죠.",record,False,True,False,False,MEDIUM,Ayleid
Oblivion.esm,INFO,000A5608,,NAM1,4,,,I think we could all sleep better if you brought him Lindai's crown instead of the Crown of Nenalata.,만약 당신이 Nenalata의 왕관 대신에 Lindai의 왕관을 그에게 가져다 준다면 우리 모두 좀 더 나은 잠을 잘 수 있다고 생각해요.,record,False,True,False,False,MEDIUM,"Nenalata, Lindai"
Oblivion.esm,INFO,000A5608,,NAM1,5,,,Here. I happen to have the key you'll need to enter the royal burial chamber in Lindai. I hope you'll make the right choice.,여기요. Lindai에 있는 왕의 묘실에 들어가는데 필요한 열쇠를 우연히 내가 손에 넣었어요. 당신이 올바른 선택을 하길 바랍니다.,record,False,True,False,False,MEDIUM,Lindai
Oblivion.esm,DIAL,000A55F1,MS27HerminiaE1,FULL,0,,,"What do you mean, another Crown?",무슨 뜻이지? 다른 왕관?,record,False,False,True,False,TOPIC_CHECK,
Oblivion.esm,INFO,000A5607,,NAM1,0,,,"My own research into the Late Ayleid Period suggests that there was not a single Ayleid ruler, but many.",후기 Ayleid 시대에 관한 내 연구는 Ayleid의 지배자가 하나가 아니라 많았다는 걸 암시하고 있어요.. ,record,False,True,False,False,MEDIUM,"Ayleid, Ayleid"
Oblivion.esm,INFO,000A5607,,NAM1,1,,,"They were a bitterly divided people, with many warlords vying against each other for power.","그들은 몹시 제 각각인 사람들이었고, 서로의 힘에 대항해 많은 격렬한 다툼을 벌였죠.",record,False,False,False,False,,
Oblivion.esm,INFO,000A5607,,NAM1,2,,,Their ultimate demise was wrought by their own civil strife at least as much as by the rebellion of their human slaves.,그들의 궁극적인 종말은 적어도 그들의 인간 노예들의 반란과 같을 정도의 그들 시민들의 투쟁에 의해 찾아왔던 거에요.,record,False,False,False,False,,
Oblivion.esm,DIAL,000A55F2,MS27HerminiaD2,FULL,0,,,Umbacano will not give up.,움바카노(Umbacano)는 포기하지 않을 것이다.,record,True,True,True,False,HIGH,Umbacano
Oblivion.esm,INFO,000A5606,,NAM1,0,,,"You're right. Even if I persuade you, he'll send someone else, someone less amenable to reason.","당신 말이 맞아요. 내가 당신을 설득한다 하더라도, 그는 또 다른 사람을 보낼 거에요, 조금도 도리에 따르지 않는 사람을 말이죠.",record,False,False,False,False,,
Oblivion.esm,INFO,000A5606,,NAM1,1,,,But what if... what if you brought him another Ayleid Crown?,하지만 그... 당신이 다른 Ayleid 왕관을 그에게 가져다 준다면 어떨까요?,record,False,True,False,False,MEDIUM,Ayleid
Oblivion.esm,DIAL,000A55F3,MS27HerminiaD1,FULL,0,,,I promised to bring him the Crown...,그에게 왕관을 가져 온다고 약속했다...,record,False,False,True,False,TOPIC_CHECK,
Oblivion.esm,INFO,000A5605,,NAM1,0,,,Yes. I understand. He wants an Ayleid Crown. But does it have to be my Ayleid Crown? What if you brought him... another crown?,알아요. 이해해요. 그는 Ayleid 왕관을 원하죠. 하지만 그게 내 Ayleid 왕관일 필요는 없잖아요? 당신이 그에게 가져다 준 것이... 다른 왕관이라면요?,record,False,True,False,False,MEDIUM,"Ayleid, Ayleid"
Oblivion.esm,DIAL,000A55F4,MS27HerminiaC1,FULL,0,,,How is the Ayleid Crown dangerous?,아일레이드 왕관(Ayleid Crown)은 어떻게 위험한가?,record,True,True,True,False,HIGH,"Ayleid, Crown"
Oblivion.esm,INFO,000A5604,,NAM1,0,,,"I'm afraid I don't know for sure. I wish I had a more persuasive answer, but hear me out.","유감이지만, 나도 확실히 몰라요. 더 설득력 있는 대답이 있었다면 좋겠지만 말이죠. 하지만 끝까지 들으세요.",record,False,False,False,False,,
Oblivion.esm,INFO,000A5604,,NAM1,1,,,The Crown of the Ayleids which Umbacano wants is not simply an ancient work of art.,Umbacano가 원하는 Ayleid들의 왕관은 단순히 고대 예술 작품이 아니에요.,record,False,True,False,False,MEDIUM,"Umbacano, Ayleid"
Oblivion.esm,INFO,000A5604,,NAM1,2,,,"It has certain superficial magic powers, true, but its real power is hidden.","사실, 그건 어떤 표면상의 마법력을 갖고 있어요. 하지만 그것의 진짜 힘은 숨겨져 있답니다.",record,False,False,False,False,,
Oblivion.esm,INFO,000A5604,,NAM1,3,,,"However, my studies of the ancient texts make clear that it is the key to dangerous magical powers which should be left dormant.","어쨌든, 고대 문자에 관한 내 연구들은 그것이 위험한 마법력을 해방시킬 수 있는 열쇠라는 걸 분명히 하고 있어요.",record,False,False,False,False,,
Oblivion.esm,DIAL,000A55F5,MS27HerminiaB2,FULL,0,,,Umbacano's goals are not my concern.,움바카노(Umbacano)의 목적은 관심없다.,record,True,True,True,False,HIGH,Umbacano
Oblivion.esm,INFO,000A5603,,NAM1,0,,,"You may think so, in your ignorance. But I take a larger view. As a scholar of the Ayleids, I have no wish to see their evil power return.","무식하면, 그렇게 생각할 수도 있겠죠. 하지만 난 더 커다란 시야로 보고 있습니다. Ayleid를 연구하는 학자로서, 난 그들의 악마의 힘이 되살아는 걸 바라지 않아요.",record,False,True,False,False,MEDIUM,Ayleid
Oblivion.esm,DIAL,000A55F6,MS27HerminiaA3,FULL,0,,,You'd better sell it to me.,내게 그것을 파는게 좋을 거야.,record,False,False,True,False,TOPIC_CHECK,
Oblivion.esm,INFO,000A5602,,NAM1,0,,,"So, Umbacano has resorted to hired thugs now?","그래서, Umbacano가 지금 청부업자를 보냈단 건가요?",record,False,True,False,False,MEDIUM,Umbacano
Oblivion.esm,INFO,000A5602,,NAM1,1,,,"If you think me defenseless, you may be surprised. I'm more dangerous than I look.","당신이 날 무방비라고 생각한다면, 깜짝 놀랄 지도 몰라요. 난 보기보단 더 위험하거든요.",record,False,False,False,False,,
Oblivion.esm,INFO,000A5602,,NAM1,2,,,Perhaps you could overpower me and take the Crown. Perhaps. But I urge you to reconsider.,아마도 당신이 날 제압하고 왕관을 가져갈 수도 있겠죠. 아마도요. 하지만 난 당신이 재고할 것을 권해요.,record,False,False,False,False,,
Oblivion.esm,INFO,000A5602,,NAM1,3,,,"In the wrong hands, the Crown of the Ayleids could be very dangerous. And Umbacano is definitely the wrong hands.","그릇된 손에선, Ayleid의 왕관은 아주 위험해질 수 있습니다. 그리고 Umbacano가 확실히 그릇된 손이랍니다.",record,False,True,False,False,MEDIUM,"Ayleid, Umbacano"
Oblivion.esm,DIAL,000A55F7,MS27HerminiaB1,FULL,0,,,Umbacano is a harmless collector.,움바카노(Umbacano)는 무해로운 수집가입니다.,record,True,True,True,False,HIGH,Umbacano
Oblivion.esm,INFO,000A5601,,NAM1,0,,,Far from it. His interest in the Ayleids is not that of a mere scholar. He hopes to unlock the secrets of their magical power.,그것과는 거리가 멀다고요. Ayleid에 대한 그의 관심은 단순한 학자로서가 아니에요. 그는 그들의 마법력의 비밀을 풀고 싶어해요.,record,False,True,False,False,MEDIUM,Ayleid
Oblivion.esm,INFO,000A5601,,NAM1,1,,,"And if you know anything about Ayleid-ruled Cyrodiil, that should make you very uneasy.","그리고 당신이 Cyrodiil을 지배한 Ayleid에 대해 아는 게 있다면, 그게 당신을 아주 불안하게 만들 겁니다.",record,False,True,False,False,MEDIUM,"Cyrodiil, Ayleid"
Oblivion.esm,DIAL,000A55F8,MS27HerminiaA2,FULL,0,,,Umbacano will pay well for it.,움바카노(Umbacano)는 값을 잘 치뤄줄 것이오.,record,True,True,True,False,HIGH,Umbacano
Oblivion.esm,INFO,000A5600,,NAM1,0,,,I will never allow the Crown to fall into Umbacano's hands. He is far more dangerous than you realize.,난 절대로 왕관이 Umbacano의 손에 떨어지는 걸 허락하지 않을 겁니다. 그는 당신이 생각하는 것보다 훨씬 더 위험한 사람이에요.,record,False,True,False,False,MEDIUM,Umbacano
Oblivion.esm,DIAL,000A55F9,MS27HerminiaA1,FULL,0,,,I'm not working for Umbacano.,움바카노(Umbacano)를 위해 일하고 있지 않습니다.,record,True,True,True,False,HIGH,Umbacano
Oblivion.esm,INFO,000A55FF,,NAM1,0,,,Save your breath. He's the only one who knows I have it. He's tried to get it from me for years.,잠자코 있어요. 그는 내가 그걸 갖고 있다는 걸 아는 유일한 사람이에요. 그는 수년 동안 내게서 그걸 얻으려고 시도해왔다구요.,record,False,False,False,False,,
Oblivion.esm,INFO,000A55FF,,NAM1,1,,,I will never allow the Crown to fall into Umbacano's hands. He is far more dangerous than you realize.,난 절대로 Umbacano의 손에 왕관을 넘기지 않을 겁니다. 그는 당신이 생각하는 것보다 훨씬 더 위험한 사람이랍니다.,record,False,True,False,False,MEDIUM,Umbacano
Oblivion.esm,INFO,000A5658,,NAM1,0,,,You are no longer one of us! Fighters Guild spy! Traitor! Your life is forfeit!,네놈은 더이상 동료가 아니다!  파이터 길드의 스파이놈!  배신자!  네놈의 목숨을 몰수하겠다!,record,False,False,False,False,,
Oblivion.esm,INFO,000A5654,,NAM1,0,,,Get moving! Kill the goblins! All of them!,움직여! 고블린을 죽여버려! 모조리!,record,False,False,False,False,,
Oblivion.esm,DIAL,000A6560,MS27UmbacanoWait,FULL,0,,,Wait here.,여기서 기다리시오.,record,False,False,True,False,TOPIC_CHECK,
Oblivion.esm,INFO,000A6589,,NAM1,0,,,Very well. Scout ahead and return when it is safe.,좋습니다. 가서 살펴보고 안전하거든 돌아오세요.,record,False,False,False,False,,
Oblivion.esm,DIAL,000A6561,MS27UmbacanoFollow,FULL,0,,,Follow me.,따라오시오.,record,False,False,True,False,TOPIC_CHECK,
Oblivion.esm,INFO,000A6588,,NAM1,0,,,Lead the way.,앞장 서세요.,record,False,False,False,False,,
Oblivion.esm,DIAL,000A6562,MS27UmbacanoD1,FULL,0,,,What do you need me to do?,왜 날 필요로 하는거요?,record,False,False,True,False,TOPIC_CHECK,
Oblivion.esm,INFO,000A6583,,NAM1,0,,,"In order to bring my research on the last king of the Ayleids to its final stage, I need to go to the Throne Room of Nenalata.","Ayleid의 마지막 왕에 대한 내 연구가 최종 단계에 이르기 위해서, 난 Nenalata의 왕좌의 방에 가야할 필요가 있습니다.",record,False,True,False,False,MEDIUM,"Ayleid, Nenalata"
Oblivion.esm,INFO,000A6583,,NAM1,1,,,"While I am not without means of defending myself, I believe you would be an invaluable companion on such an expedition.","내 스스로를 지킬 수단 없이는 있지 못한다고는 하나, 난 당신이 그런 탐험에서 매우 귀중한 동료가 돼줄 거라고 믿고 있습니다.",record,False,False,False,False,,
Oblivion.esm,INFO,000A6583,,NAM1,2,,,Your reward will be whatever plunder you wish to carry off from Nenalata.,Nenalata에서 가지고 나오고 싶은 것은 무엇이든 약탈하는 게 당신의 보상이 될 겁니다.,record,False,True,False,False,MEDIUM,Nenalata
Oblivion.esm,INFO,000A6583,,NAM1,3,,,"Since the Throne Room has been sealed since the time of the Ayleids, it should provide rich pickings.","왕좌의 방은 Ayleid 시대 이후로 봉인되었기 때문에, 값비싼 부장품들이 많을 거에요.",record,False,True,False,False,MEDIUM,Ayleid
Oblivion.esm,DIAL,000A6563,MS27UmbacanoC3,FULL,0,,,I don't have the Crown yet.,아직 왕관을 가지고 있지 않습니다.,record,False,False,True,False,TOPIC_CHECK,
Oblivion.esm,INFO,000A6585,,NAM1,0,,,Then why do you interrupt me? You will not find the Crown here. Begone.,그럼 왜 나를 방해하는 겁니까? 여기에선 왕관을 못 찾을 겁니다. 가세요.,record,False,False,False,False,,
Oblivion.esm,DIAL,000A6564,MS27UmbacanoC2,FULL,0,,,[Give him the Crown of Lindai],[린다이의 왕관 전달],record,False,False,True,False,TOPIC_CHECK,
Oblivion.esm,INFO,000A6584,,NAM1,0,,,Interesting... these markings are unexpected... the royal glyph is not as described by Sorcalin...,흥미롭군요... 이 무늬들은 의외네요... 왕실의 문자가 소칼린이 묘사한 것과는 다른데...,record,False,False,False,False,,
Oblivion.esm,INFO,000A6584,,NAM1,1,,,But no matter! This is clearly authentic Ayleid workmanship. Later ages have never seen the like.,하지만 문제없습니다! 이것은 분명 진짜 에일리드의 작품입니다. 후기 시대에선 결코 그 같은 걸 본 적이 없어요.,record,False,False,False,False,,
Oblivion.esm,INFO,000A6584,,NAM1,2,,,To think that I hold hold the very crown that once graced the brow of the last Ayleid king...,한때 마지막 Ayleid 왕의 이마를 아름답게 장식했던 바로 그 왕관이 내 손에 있다니... ,record,False,True,False,False,MEDIUM,Ayleid
Oblivion.esm,INFO,000A6584,,NAM1,3,,,Even to gaze upon it would have been death to anyone of the lesser races in the old days...,옛날에는 응시하는 것만으로도 하찮은 종족들은 누구든 죽음을 맞이했겠죠...,record,False,False,False,False,,
Oblivion.esm,INFO,000A6584,,NAM1,4,,,"I thank you again for your efforts. I have one final task for you, if you are still willing to face danger on my behalf.","다시 한 번 당신의 노력에 감사드립니다. 아직도 저를 위해 위험을 감수할 용기가 있다면, 마지막으로 한 가지 임무를 맡기겠습니다.",record,False,False,False,False,,
Oblivion.esm,DIAL,000A6565,MS27UmbacanoC1,FULL,0,,,[Give him the Crown of Nenalata],[네날라타 왕관(Crown of Nenalata) 전달],record,True,True,True,False,HIGH,"Crown, of, Nenalata"
Oblivion.esm,INFO,000A6582,,NAM1,0,,,Ah! Magnificent! This is my greatest prize yet!,아! 장엄합니다! 이것은 내 가장 위대한 소득이에요!,record,False,False,False,False,,
Oblivion.esm,INFO,000A6582,,NAM1,1,,,To think that I hold the very crown that once graced the brow of the last Ayleid king...,한때 마지막 Ayleid 왕의 이마를 아름답게 장식했던 바로 그 왕관이 내 손에 있다니... ,record,False,True,False,False,MEDIUM,Ayleid
Oblivion.esm,INFO,000A6582,,NAM1,2,,,Even to gaze upon it would have been death to anyone of the lesser races in the old days...,옛날에는 응시하는 것만으로도 하찮은 종족들은 누구든 죽음을 맞이했겠죠... ,record,False,False,False,False,,
Oblivion.esm,INFO,000A6582,,NAM1,3,,,"I thank you again for your efforts. I have one final task for you, if you are still willing to face danger on my behalf.",당신의 노력에 다시 한 번 감사 드립니다. 당신이 날 대신해 여전히 위험에 나설 의향이 있다면 마지막 일이 있습니다.,record,False,False,False,False,,
Oblivion.esm,DIAL,000A6566,MS27UmbacanoB2,FULL,0,,,I'm not interested right now.,지금은 흥미 없습니다.,record,False,False,True,False,TOPIC_CHECK,
Oblivion.esm,INFO,000A6580,,NAM1,0,,,You disappoint me. I was counting on your help.,날 실망시키는군요. 난 당신의 도움을 기대하고 있었어요.,record,False,False,False,False,,
Oblivion.esm,DIAL,000A6567,MS27UmbacanoB1,FULL,0,,,I'll see you at Nenalata.,네날라타(Nenalata)에서 만납시다.,record,True,True,True,False,HIGH,Nenalata
Oblivion.esm,INFO,000A657F,,NAM1,0,,,"Very well. Three days, then. Don't be late.","아주 좋습니다. 그럼, 3일 후에 뵙죠. 늦지 마세요.",record,False,False,False,False,,
Oblivion.esm,DIAL,000A6568,MS27UmbacanoA3,FULL,0,,,I have the crown you're looking for.,당신이 찾는 왕관을 가지고 있습니다.,record,False,False,True,False,TOPIC_CHECK,
Oblivion.esm,INFO,000A657B,,NAM1,0,,,Really? You astonish me! May I see it?,정말입니까? 당신이 날 놀래 키는군요! 내가 그걸 봐도 될까요?,record,False,False,False,False,,
Oblivion.esm,DIAL,000A6569,MS27CrownLindai,FULL,0,,,Lindai,린다이(Lindai),record,True,True,True,False,HIGH,Lindai
Oblivion.esm,INFO,000A6575,,NAM1,0,,,"The Ayleid city of Lindai was a bitter rival to Nenalata, the city of the so-called ""Last King of the Ayleids.""","Lindai라는 Ayleid 도시는 소위 ""Ayleid의 마지막 왕""이라고 불린 Nenalata의 라이벌 도시였습니다. ",record,False,True,False,False,MEDIUM,"Lindai, Ayleid, Ayleid, Nenalata"
Oblivion.esm,INFO,000A6575,,NAM1,1,,,Umbacano may not be able to tell the difference between the Crown of Lindai and the Crown of Nenalata.,Umbacano는 Lindai의 왕관과 Nenalata의 왕관의 차이점을 말할 수 없을 거에요.,record,False,True,False,False,MEDIUM,"Umbacano, Lindai, Nenalata"
Oblivion.esm,INFO,000A6575,,NAM1,2,,,It's at least worth a try. I know I don't want to find out what terrible power Umbacano could unleash using the Crown of Nenalata.,적어도 노력할 가치는 있죠. 난 Umbacano가 Nenalata의 왕관을 사용해 끔찍한 힘을 해방하는 걸 원치 않습니다.,record,False,True,False,False,MEDIUM,"Umbacano, Nenalata"
Oblivion.esm,DIAL,000A7151,TG11MillonaGetUp,FULL,0,,,TG11MillonaGetUp,TG11 밀로나 일어나,record,False,True,True,False,TOPIC_CHECK,TG
Oblivion.esm,INFO,000A7153,,NAM1,0,,,He looks familiar...,그는 익숙한 것 같구,record,False,False,False,False,,
Oblivion.esm,DIAL,000A7880,IngredFWine,FULL,0,,,Wine,와인(Wine),record,True,True,True,False,HIGH,Wine
Oblivion.esm,DIAL,000A7881,IngredFWheat,FULL,0,,,Wheat,밀(Wheat),record,True,True,True,False,HIGH,Wheat
Oblivion.esm,DIAL,000A7882,IngredFWatermelon,FULL,0,,,Watermelon,수박(Watermelon),record,True,True,True,False,HIGH,Watermelon
Oblivion.esm,DIAL,000A7883,IngredFTomato,FULL,0,,,Tomato,토마토(Tomato),record,True,True,True,False,HIGH,Tomato
Oblivion.esm,DIAL,000A7884,IngredFTobacco,FULL,0,,,Tobacco,담배(Tobacco),record,True,True,True,False,HIGH,Tobacco
Oblivion.esm,DIAL,000A7885,IngredFSweetroll,FULL,0,,,Sweetroll,스위트롤(Sweetroll),record,True,True,True,False,HIGH,Sweetroll
Oblivion.esm,DIAL,000A7886,IngredFSweetcake,FULL,0,,,Sweetcake,스위트케익(Sweetcake),record,True,True,True,False,HIGH,Sweetcake
Oblivion.esm,DIAL,000A7887,IngredFStrawberry,FULL,0,,,Strawberry,딸기(Strawberry),record,True,True,True,False,HIGH,Strawberry
Oblivion.esm,DIAL,000A7888,IngredFRice,FULL,0,,,Rice,쌀(Rice),record,True,True,True,False,HIGH,Rice
Oblivion.esm,DIAL,000A7889,IngredFRadish,FULL,0,,,Radish,무우(Radish),record,True,True,True,False,HIGH,Radish
Oblivion.esm,DIAL,000A788A,IngredFPumpkin,FULL,0,,,Pumpkin,호박(Pumpkin),record,True,True,True,False,HIGH,Pumpkin
Oblivion.esm,DIAL,000A788B,IngredFPotato,FULL,0,,,Potato,감자(Potato),record,True,True,True,False,HIGH,Potato
Oblivion.esm,DIAL,000A788C,IngredFPear,FULL,0,,,Pear,배(Pear),record,True,True,True,False,HIGH,Pear
Oblivion.esm,DIAL,000A788D,IngredFOnion,FULL,0,,,Onion,양파(Onion),record,True,True,True,False,HIGH,Onion
Oblivion.esm,DIAL,000A788E,IngredFMead,FULL,0,,,Mead,벌꿀술(Mead),record,True,True,True,False,HIGH,Mead
Oblivion.esm,DIAL,000A788F,IngredFLettuce,FULL,0,,,Lettuce,양상추(Lettuce),record,True,True,True,False,HIGH,Lettuce
Oblivion.esm,DIAL,000A7890,IngredFLeek,FULL,0,,,Leek,부추(Leek),record,True,True,True,False,HIGH,Leek
Oblivion.esm,DIAL,000A7891,IngredFHam,FULL,0,,,Ham,햄(Ham),record,True,True,True,False,HIGH,Ham
Oblivion.esm,DIAL,000A7892,IngredFGrape,FULL,0,,,Grape,포도(Grape),record,True,True,True,False,HIGH,Grape
Oblivion.esm,DIAL,000A7893,IngredFFlour,FULL,0,,,Flour,밀가루(Flour),record,True,True,True,False,HIGH,Flour
Oblivion.esm,DIAL,000A7894,IngredFCyrodillicWhiskey,FULL,0,,,Cyrodillic Whiskey,시로딜 위스키(Cyrodillic Whiskey),record,True,True,True,False,HIGH,"Cyrodillic, Whiskey"
Oblivion.esm,DIAL,000A7895,IngredFCyrodillicBrandy,FULL,0,,,Cyrodillic Brandy,시로딜 블랜디(Cyrodillic Brandy),record,True,True,True,False,HIGH,"Cyrodillic, Brandy"
Oblivion.esm,DIAL,000A7896,IngredFCorn,FULL,0,,,Corn,옥수수(Corn),record,True,True,True,False,HIGH,Corn
Oblivion.esm,DIAL,000A7897,IngredFCheese,FULL,0,,,Cheese,치즈(Cheese),record,True,True,True,False,HIGH,Cheese
Oblivion.esm,DIAL,000A7898,IngredFCarrot,FULL,0,,,Carrot,당근(Carro),record,True,True,True,False,HIGH,Carro
Oblivion.esm,DIAL,000A7899,IngredFBread,FULL,0,,,Bread,빵(Bread),record,True,True,True,False,HIGH,Bread
Oblivion.esm,DIAL,000A789A,IngredFBlackberry,FULL,0,,,Blackberry,검정딸기(Blackberry),record,True,True,True,False,HIGH,Blackberry
Oblivion.esm,DIAL,000A789B,IngredFBeer,FULL,0,,,Beer,맥주(Beer),record,True,True,True,False,HIGH,Beer
Oblivion.esm,DIAL,000A789C,IngredFBeef,FULL,0,,,Beef,쇠고기(Beef),record,True,True,True,False,HIGH,Beef
Oblivion.esm,DIAL,000A789D,IngredFApple,FULL,0,,,Apple,사과(Apple),record,True,True,True,False,HIGH,Apple
Oblivion.esm,DIAL,000A789E,IngredFAle,FULL,0,,,Ale,에일맥주(Ale),record,True,True,True,False,HIGH,Ale
Oblivion.esm,DIAL,000A789F,IngredIWhiteSeedPod,FULL,0,,,White Seed Pod,흰 콩깍지(White Seed Pod),record,True,True,True,False,HIGH,"White, Seed, Pod"
Oblivion.esm,DIAL,000A78A0,IngredITinderPolypore,FULL,0,,,Tinder Polypore,틴더 폴리포어(Tinder Polypore),record,True,True,True,False,HIGH,"Tinder, Polypore"
Oblivion.esm,DIAL,000A78A1,IngredISummerBolete,FULL,0,,,Summer Bolete,서머 볼릿(Summer Bolete),record,True,True,True,False,HIGH,"Summer, Bolete"
Oblivion.esm,DIAL,000A78A2,IngredIStinkhorn,FULL,0,,,Stinkhorn,곰보버섯(Stinkhorn),record,True,True,True,False,HIGH,Stinkhorn
Oblivion.esm,DIAL,000A78A3,IngredISteelBlueEntoloma,FULL,0,,,Steel Blue Entoloma,스틸블루 엔톨마(Steel Blue Entoloma),record,True,True,True,False,HIGH,"Steel, Blue, Entoloma"
Oblivion.esm,DIAL,000A78A4,IngredIthymeSprig,FULL,0,,,Thyme Sprig,백리향 가지(Thyme Sprig),record,True,True,True,False,HIGH,"Thyme, Sprig"
Oblivion.esm,DIAL,000A78A5,IngredISomnaliusFrond,FULL,0,,,Somnalius Frond,섬날러스 잎(Somnalius Frond),record,True,True,True,False,HIGH,"Somnalius, Frond"
Oblivion.esm,DIAL,000A78A6,IngredISeeds,FULL,0,,,Seeds,씨앗(Seeds),record,True,True,True,False,HIGH,Seeds
Oblivion.esm,DIAL,000A78A7,IngredIRootPulp,FULL,0,,,Root Pulp,뿌리 액즙(Root Pulp),record,True,True,True,False,HIGH,"Root, Pulp"
Oblivion.esm,DIAL,000A78A8,IngredIRedwortFlower,FULL,0,,,Redwort Flower,레드워트 꽃(Redwort Flower),record,True,True,True,False,HIGH,"Redwort, Flower"
Oblivion.esm,DIAL,000A78A9,IngredINightshadeRoot,FULL,0,,,Nightshade,나이트쉐이드(Nightshade),record,True,True,True,False,HIGH,Nightshade
Oblivion.esm,DIAL,000A78AA,IngredIStJohnsWortNectar,FULL,0,,,St. John's Wort Nectar,성 존의 맥아즙(St. John's Wort Nectar),record,True,True,True,False,HIGH,"St, John's, Wort, Nectar"
Oblivion.esm,DIAL,000A78AB,IngredIMandrakeRoot,FULL,0,,,Mandrake Root,맨드레이크 뿌리(Mandrake Root),record,True,True,True,False,HIGH,"Mandrake, Root"
Oblivion.esm,DIAL,000A78AC,IngredIAloeVeraLeaves,FULL,0,,,Aloe Vera Leaves,알로에 베라 잎(Aloe Vera Leaves),record,True,True,True,False,HIGH,"Aloe, Vera, Leaves"
Oblivion.esm,DIAL,000A78AD,IngredIIronwoodNut,FULL,0,,,Ironwood Nut,흑단나무 열매(Ironwood Nut),record,True,True,True,False,HIGH,"Ironwood, Nut"
Oblivion.esm,DIAL,000A78AE,IngredIGreenStainCup,FULL,0,,,Green Stain Cup,그린스테인 컵(Green Stain Cup),record,True,True,True,False,HIGH,"Green, Stain, Cup"
Oblivion.esm,DIAL,000A78AF,IngredIGinseng,FULL,0,,,Ginseng,인삼(Ginseng),record,True,True,True,False,HIGH,Ginseng
Oblivion.esm,DIAL,000A78B0,IngredIGinkgoLeaf,FULL,0,,,Ginkgo Leaf,은행 잎(Ginkgo Leaf),record,True,True,True,False,HIGH,"Ginkgo, Leaf"
Oblivion.esm,DIAL,000A78B1,IngredIGarlic,FULL,0,,,Garlic,마늘(Garlic),record,True,True,True,False,HIGH,Garlic
Oblivion.esm,DIAL,000A78B2,IngredIFlyAmanita,FULL,0,,,Fly Amanita,광대 버섯(Fly Amanita),record,True,True,True,False,HIGH,"Fly, Amanita"
Oblivion.esm,DIAL,000A78B3,IngredIEmeticRussula,FULL,0,,,Emetic Russula,이메틱 러슐라(Emetic Russula),record,True,True,True,False,HIGH,"Emetic, Russula"
Oblivion.esm,DIAL,000A78B4,IngredIElfCup,FULL,0,,, Elf Cup,엘프 컵(Elf Cup),record,True,True,True,False,HIGH,"Elf, Cup"
Oblivion.esm,DIAL,000A78B5,IngredIDryadsSaddlePolypore,FULL,0,,,Dryads Saddle Polypore,드라이어드 새들 폴리포어(Dryads Saddle Polypore),record,True,True,True,False,HIGH,"Dryads, Saddle, Polypore"
Oblivion.esm,DIAL,000A78B6,IngredIDragonsTongue,FULL,0,,,Dragons Tongue,드래곤텅(Dragons Tongue),record,True,True,True,False,HIGH,"Dragons, Tongue"
Oblivion.esm,DIAL,000A78B7,IngredICloudedFunnel,FULL,0,,,Clouded Funnel,구름 갈때기 버섯(Clouded Funnel),record,True,True,True,False,HIGH,"Clouded, Funnel"
Oblivion.esm,DIAL,000A78B8,IngredICinnabarPolypore,FULL,0,,,Cinnabar Polypore,시너바 폴리포어(Cinnabar Polypore),record,True,True,True,False,HIGH,"Cinnabar, Polypore"
Oblivion.esm,DIAL,000A78B9,IngredIBogBeacon,FULL,0,,,Bog Beacon,보그비콘(Bog Beacon),record,True,True,True,False,HIGH,"Bog, Beacon"
Oblivion.esm,DIAL,000A78BA,IngredIBlackTooth,FULL,0,,,Black Tooth,검정 이빨(Black Tooth),record,True,True,True,False,HIGH,"Black, Tooth"
Oblivion.esm,DIAL,000A78BB,IngredIBlackSeedPod,FULL,0,,,Black Seed Pod,검정 콩깍지(Black Seed Pod),record,True,True,True,False,HIGH,"Black, Seed, Pod"
Oblivion.esm,DIAL,000A78BC,IngredIBelladonnaBerries,FULL,0,,,Belladonna Berries,벨라도나 베리(Belladonna Berries),record,True,True,True,False,HIGH,"Belladonna, Berries"
Oblivion.esm,DIAL,000A78BD,IngredIArrowroot,FULL,0,,,Arrowroot,칡(Arrowroot),record,True,True,True,False,HIGH,Arrowroot
Oblivion.esm,DIAL,000A78BE,IngredIAlkanetFlower,FULL,0,,,Alkanet Flower,알칸나 꽃(Alkanet Flower),record,True,True,True,False,HIGH,"Alkanet, Flower"
Oblivion.esm,DIAL,000A78BF,IngredIAlderBracket,FULL,0,,,Alder Bracket,오리나무 받침대(Alder Bracket),record,True,True,True,False,HIGH,"Alder, Bracket"
Oblivion.esm,DIAL,000A78C0,MG19No,FULL,0,,,"No, I don't think so.","아니, 나는 그렇게 생각하지 않습니다.",record,False,False,True,False,TOPIC_CHECK,
Oblivion.esm,DIAL,000A78C1,MG19Yes,FULL,0,,,"Yes, I'm certain.","네, 나는 확신합니다.",record,False,False,True,False,TOPIC_CHECK,
Oblivion.esm,DIAL,000A78C2,IngredDifferentType,FULL,0,,,A different type.,다른 유형.,record,False,False,True,False,TOPIC_CHECK,
Oblivion.esm,DIAL,000A78C3,IngredOGorvix,FULL,0,,,Gorvix,고빅스(Gorvix),record,True,True,True,False,HIGH,Gorvix
Oblivion.esm,DIAL,000A78C4,IngredOSpiddalStick,FULL,0,,,Spiddal Stick,스피들 스틱(Spiddal Stick),record,True,True,True,False,HIGH,"Spiddal, Stick"
Oblivion.esm,DIAL,000A78C5,IngredOCrawflesh,FULL,0,,,Crawflesh,모이주머니고기(Crawflesh),record,True,True,True,False,HIGH,Crawflesh
Oblivion.esm,DIAL,000A78C6,IngredOHarrada,FULL,0,,,Harrada,헤레다(Harrada),record,True,True,True,False,HIGH,Harrada
Oblivion.esm,DIAL,000A78C7,IngredOBloodgrass,FULL,0,,,Bloodgrass,혈초(Bloodgrass),record,True,True,True,False,HIGH,Bloodgrass
Oblivion.esm,DIAL,000A78C8,IngredOShemoke,FULL,0,,,Shemoke,시모크(Shemoke),record,True,True,True,False,HIGH,Shemoke
Oblivion.esm,DIAL,000A78C9,MG19Nevermind,FULL,0,,,Nevermind.,걱정 마세요.,record,False,False,True,False,TOPIC_CHECK,
Oblivion.esm,DIAL,000A78CA,MG19Oblivion,FULL,0,,,Materials from Oblivion,오블리비언에서 온 물질,record,False,False,True,False,TOPIC_CHECK,
Oblivion.esm,DIAL,000A78CB,MG19Creature,FULL,0,,,Creature Ingredients,크리처 재료,record,False,False,True,False,TOPIC_CHECK,
Oblivion.esm,DIAL,000A78CC,MG19Flora,FULL,0,,,Flora,식물,record,False,False,True,False,TOPIC_CHECK,
Oblivion.esm,DIAL,000A78CD,MG19Foodstuffs,FULL,0,,,Foodstuffs,식료품,record,False,False,True,False,TOPIC_CHECK,
Oblivion.esm,DIAL,000A78D2,IngredientCollection,FULL,0,,,Ingredient Collection,재료 수집,record,False,False,True,False,TOPIC_CHECK,
Oblivion.esm,INFO,000279E1,,NAM1,0,,,"As the Arch-Mage, you are entitled to certain privileges. In addition to the full use of all Guild facilities, there is one service available to you.",아크메이지로서 당신은 특정한 특권을 가지게 될 거에요. 길드건물에 대한 자유로운 사용권리 의외에 당신에게 드리는 서비스가 하나 더 있어요.,record,False,False,False,False,,
Oblivion.esm,INFO,000279E1,,NAM1,1,,,Julienne Fanis has long served Arch-Mage Traven in collecting alchemical ingredients for his personal research.,Julienne Fanis는 아크메이지 Traven이 그의 개인적인 연구를 위한 연금술 재료를 모으는것을 도와 왔어요.,record,False,True,False,False,MEDIUM,"Julienne, Fanis, Traven"
Oblivion.esm,INFO,000279E1,,NAM1,2,,,"As the new Arch-Mage, I'm sure she'll extend the service to you as well. At your convenience, consult her at the Lustratorium.","새로운 아크메이지로써, 저는 그녀가 당신에게도 같은 일을 해 줄것이라 믿어요. 당신이 편할때 Lustratorium으로 가서 그녀와 만나보세요.",record,False,True,False,False,MEDIUM,Lustratorium
Oblivion.esm,INFO,000AEF8D,,NAM1,0,,,"Ah, yes. Arch-Mage Traven was quite fond of making potions in his spare time. So much so, in fact, that it became difficult for me to meet his needs.","아, 맞아요. 아치메이지 트래븐 님께선 남는 시간에 물약을 만드시는 걸 즐기셨죠. 사실, 너무 좋아하셔서, 나중엔 제가 요구를 들어드리기가 힘들 정도였어요.",record,False,False,False,False,,
Oblivion.esm,INFO,000AEF8D,,NAM1,1,,,I finally accomodated him by enchanting a very special chest for him. You'll find it in the Arch Mage's quarters.,그래서 저는 결국 그에게 enchant된 특별한 상자를 드렸죠. 당신은 그것을 아크메이지의 방에서 찾을수 있으을 거에요.,record,False,True,False,False,MEDIUM,enchant
Oblivion.esm,INFO,000AEF8D,,NAM1,2,,,"Once a week, place a single ingredient in the chest. After twenty-four hours, you'll find a sizable quantity of the ingredient available for use.","일주일에 1번, 그 상자에 1가지 재료를 넣으세요. 24시간이 지나면, 그 재료가 꽤나 많이 불어나 있는 것을 볼 수 있으실 겁니다.",record,False,False,False,False,,
Oblivion.esm,INFO,000AEF8D,,NAM1,3,,,"Do be prompt in collecting them, however. Anything left in the chest for a full week will be destroyed.","하지만, 꼭 회수하시는 걸 잊지 마세요. 넣은 채로 일주일이 지난 재료는 파괴되고 말겁니다.",record,False,False,False,False,,
Oblivion.esm,INFO,000AEF8D,,NAM1,4,,,"And before you ask, yes this only works with ingredients. Be very careful in what you place in that chest. I can't be held responsible.","그리고 질문하시기 전에 대답하자면, 네 이건 오직 재료에만 적용됩니다. 상자에 넣는 물건에 각별히 주의하세요. 제 책임은 아닙니다.",record,False,False,False,False,,
Oblivion.esm,INFO,000A9349,,NAM1,0,,,This is it! Just as Sorcalin described it! Follow me!,이게 그거요! 바로 Sorcalin이 묘사했던 대로야! 날 따라와요!,record,False,True,False,False,MEDIUM,Sorcalin
Oblivion.esm,INFO,000A934A,,NAM1,0,,,Av Auri-El ye Tamri-El dellevoy an Arpen Aran tarnabye!,아브 아우리-엘 예 탐리-엘 델데보리 안 아르펜 아란 타그나베!,record,False,False,False,False,,
Oblivion.esm,INFO,000A934B,,NAM1,0,,,Here it is... the throne of the last king of the Ayleids. And so it falls to me to begin the restoration of our ancient glory...,여기가... Ayleid 마지막 왕의 왕좌. 그리하여 나에게 우리 선조의 영광의 회복을 시작하게 하는구나... ,record,False,True,False,False,MEDIUM,Ayleid
Oblivion.esm,INFO,000A934C,,NAM1,0,,,Av Sunna Tam Riel arctavoy an Arpen Aran malaburo!,아브 수나 탐 리엘 아르타보이 안 아르펜 아란 마라부로!,record,False,False,False,False,,
Oblivion.esm,INFO,000A934D,,NAM1,0,,,"Arise, my people! The restoration of Tam Riel begins today!","일어나라, 나의 신민들이여! 탐 리엘의 회복이 오늘 시작하는도다!",record,False,False,False,False,,
Oblivion.esm,DIAL,000A9443,NenalataTopic,FULL,0,,,NenalataTopic,네날라타 토픽,record,False,False,True,False,TOPIC_CHECK,
Oblivion.esm,INFO,000A944F,,NAM1,0,,,"That was a bad fix and no mistake. One of the worst I've ever been in. You saved us both, my friend.","거긴 더럽게도 위험한 곳이었지, 정말이야. 내가 있어 봤던 최악의 장소 중 하나였어. 자네가 우리 둘을 구했네, 나의 친구여.",record,False,False,False,False,,
Oblivion.esm,INFO,000A9480,,NAM1,0,,,"Read it, and gain knowledge of yourself. Go now. Learn, and remember.","그것을 읽고 자신의 지식을 높여라. 가보거라. 깨닫거라, 잊지 말거라.",record,False,False,False,False,,
Oblivion.esm,INFO,000A9482,,NAM1,0,,,"You have served me well, and I am pleased. I give you this, the Oghma Infinium. Knowledge given by me to Xarxes is recorded within.",너는 나를 잘 보필하였다. 기쁘게 생각하노라. Oghma Infinium을 주겠다. Xarxes에 내가 전해준 지식이 기록되어 있을것이다.,record,False,True,False,False,MEDIUM,"Oghma, Infinium, Xarxes"
Oblivion.esm,INFO,000A9483,,NAM1,0,,,"I give you a spell to trap these souls. Return to me when you have finished. When you do, I will further your journey on your true path.","이 영혼을 사로잡는 주문을 주겠다. 끝마치면 내게로 돌아오거라. 그리하면, 그대의 여로를 진실된 방향으로 인도하겠다.",record,False,False,False,False,,
Oblivion.esm,INFO,000A9484,,NAM1,0,,,"My followers seek to perform a divination. For this, they need souls, one of each of the sentient races. You will provide these.","나의 신도들은 예언의 이행을 바라고있다. 이를 위해, 지성을 가진 모든 종족의 영혼이 하나씩 필요하다. 그것을 제공해 주어라.",record,False,False,False,False,,
Oblivion.esm,INFO,000A948C,,NAM1,0,,,"I see you have served my brethren, and now you come to serve me. I am Hermaeus Mora. Past, present, and future are as one to me.","그대가 나의 신자들을 돕는 것을 지켜 보았다. 그리고 지금 나를 돕기 위해 와 주었는가. 나는 Hermaeus Mora이다. 나에겐 과거와 현재, 그리고 미래가 모두 하나로다.",record,False,True,False,False,MEDIUM,"Hermaeus, Mora"
Oblivion.esm,DIAL,000A974A,IngredIWormwoodLeaves,FULL,0,,,Wormwood Leaves,쑥 잎(Wormwood Leaves),record,True,True,True,False,HIGH,"Wormwood, Leaves"
Oblivion.esm,DIAL,000A974B,IngredIWoadSprig,FULL,0,,,Woad Sprig,셀비어 가지(Woad Sprig),record,True,True,True,False,HIGH,"Woad, Sprig"
Oblivion.esm,DIAL,000A974C,IngredIWaterHyacinthNectar,FULL,0,,,Water Hyacinth Nectar,히야신스 즙(Water Hyacinth Nectar),record,True,True,True,False,HIGH,"Water, Hyacinth, Nectar"
Oblivion.esm,DIAL,000A974D,IngredIVipersBuglossLeaves,FULL,0,,,Viper's Bugloss Leaves,지칫과 약초잎(Viper's Bugloss Leaves),record,True,True,True,False,HIGH,"Viper's, Bugloss, Leaves"
Oblivion.esm,DIAL,000A974E,IngredISorcerersVioletLeaves,FULL,0,,,Sorcerer's Violet Leaves,마법사의 제비꽃잎(Sorcerer's Violet Leaves),record,True,True,True,False,HIGH,"Sorcerer's, Violet, Leaves"
Oblivion.esm,DIAL,000A974F,IngredISageSprig,FULL,0,,,Sage Sprig,산쑥 가지(Sage Sprig),record,True,True,True,False,HIGH,"Sage, Sprig"
Oblivion.esm,DIAL,000A9750,IngredISacredLotusSeeds,FULL,0,,,Sacred Lotus Seeds,신성한 로터스열매의 씨앗(Sacred Lotus Seeds),record,True,True,True,False,HIGH,"Sacred, Lotus, Seeds"
Oblivion.esm,DIAL,000A9751,IngredIRosemarySprig,FULL,0,,,Rosemary Sprig,로즈마리 가지(Rosemary Sprig),record,True,True,True,False,HIGH,"Rosemary, Sprig"
Oblivion.esm,DIAL,000A9752,IngredIPrimroseLeaves,FULL,0,,,Primrose Leaves,앵초 잎(Primrose Leaves),record,True,True,True,False,HIGH,"Primrose, Leaves"
Oblivion.esm,DIAL,000A9753,IngredIPoppySeeds,FULL,0,,,Poppy Seeds,양귀비 씨앗(Poppy Seeds),record,True,True,True,False,HIGH,"Poppy, Seeds"
Oblivion.esm,DIAL,000A9754,IngredIPeonySeeds,FULL,0,,,Peony Seeds,모란 씨앗(Peony Seeds),record,True,True,True,False,HIGH,"Peony, Seeds"
Oblivion.esm,DIAL,000A9755,IngredIMugwortSeeds,FULL,0,,,Mugwort Seeds,쑥 씨앗(Mugwort Seeds),record,True,True,True,False,HIGH,"Mugwort, Seeds"
Oblivion.esm,DIAL,000A9756,IngredIMotherwortSprig,FULL,0,,,Motherwort Sprig,익모초 가지(Motherwort Sprig),record,True,True,True,False,HIGH,"Motherwort, Sprig"
Oblivion.esm,DIAL,000A9757,IngredIMorningGloryRootPulp,FULL,0,,,Morning Glory Root Pulp,나팔꽃 뿌리 액즙(Morning Glory Root Pulp),record,True,True,True,False,HIGH,"Morning, Glory, Root, Pulp"
Oblivion.esm,DIAL,000A9758,IngredIMonkshoodRootPulp,FULL,0,,,Monkshood Root Pulp,투구꽃 뿌리 액즙(Monkshood Root Pulp),record,True,True,True,False,HIGH,"Monkshood, Root, Pulp"
Oblivion.esm,DIAL,000A9759,IngredIMintLeaves,FULL,0,,,Mint Leaves,박하 잎(Mint Leaves),record,True,True,True,False,HIGH,"Mint, Leaves"
Oblivion.esm,DIAL,000A975A,IngredIMilkThistleSeeds,FULL,0,,,Milk Thistle Seeds,밀크 엉겅퀴 씨앗(Milk Thistle Seeds),record,True,True,True,False,HIGH,"Milk, Thistle, Seeds"
Oblivion.esm,DIAL,000A975B,IngredIMayLilyNectar,FULL,0,,,May Lily Nectar,메이 나리 과즙(May Lily Nectar),record,True,True,True,False,HIGH,"May, Lily, Nectar"
Oblivion.esm,DIAL,000A975C,IngredILavenderSprig,FULL,0,,,Lavender Sprig,라벤다 가지(Lavender Sprig),record,True,True,True,False,HIGH,"Lavender, Sprig"
Oblivion.esm,DIAL,000A975D,IngredILadysSmockLeaves,FULL,0,,,Lady's Smock Leaves,여인의 외투 잎(Lady's Smock Leaves),record,True,True,True,False,HIGH,"Lady's, Smock, Leaves"
Oblivion.esm,DIAL,000A975E,IngredILadysMantleLeaves,FULL,0,,,Lady's Mantle Leaves,여인의 망또 잎(Lady's Mantle Leaves),record,True,True,True,False,HIGH,"Lady's, Mantle, Leaves"
Oblivion.esm,DIAL,000A975F,IngredIFlaxSeeds,FULL,0,,,Flax Seeds,아마 씨앗(Flax Seeds),record,True,True,True,False,HIGH,"Flax, Seeds"
Oblivion.esm,DIAL,000A9760,IngredIFennelSeeds,FULL,0,,,Fennel Seeds,회향 씨앗(Fennel Seeds),record,True,True,True,False,HIGH,"Fennel, Seeds"
Oblivion.esm,DIAL,000A9761,IngredIColumbineRootPulp,FULL,0,,,Columbine Root Pulp,매발톱꽃 뿌리 액즙(Columbine Root Pulp),record,True,True,True,False,HIGH,"Columbine, Root, Pulp"
Oblivion.esm,DIAL,000A983F,UmbacanoBribeB2,FULL,0,,,Maybe another time I'll treat you.,다음에 한잔 하도록 하죠.,record,False,False,True,False,TOPIC_CHECK,
Oblivion.esm,INFO,000A9851,,NAM1,0,,,"Sure, sounds good. See you around.","물론, 그거 좋죠. 거기서 보자구요.",record,False,False,False,False,,
Oblivion.esm,DIAL,000A9840,UmbacanoBribeB1,FULL,0,,,Here's 100 gold. Have a drink on me.,여기 100골 있어요. 술한잔 하세요.,record,False,False,True,False,TOPIC_CHECK,
Oblivion.esm,INFO,000A9850,,NAM1,0,,,"You're a real friend of the working stiff, you know that? Maybe I'll see you there tonight, and we can drink to your generosity.",당신은 정말 일 밖에 모르는 딱딱한 사람이군요. 오늘 밤 거기서 만나 편하게 한 잔 합시다.,record,False,False,False,False,,
Oblivion.esm,DIAL,000A9841,UmbacanoBribeA2,FULL,0,,,"Sure, whatever you say.","그래, 당신 뜻대로 하죠.",record,False,False,True,False,TOPIC_CHECK,
Oblivion.esm,INFO,000A984F,,NAM1,0,,,"Just making conversation, buddy.","그냥 얘기나 하자고, 친구.",record,False,False,False,False,,
Oblivion.esm,DIAL,000A9842,UmbacanoBribeA1,FULL,0,,,The Tiber Septim Hotel? Expensive.,타이버셉팀 호텔? 고급이지.,record,False,False,True,False,TOPIC_CHECK,
Oblivion.esm,INFO,000A984E,,NAM1,0,,,Damn straight. I can only treat myself when I'm feeling flush.,이런 바로 맞혔군요. 이렇게 부끄러울 때는 한 턱 낼 수 밖에 없겠네요.,record,False,False,False,False,,
Oblivion.esm,DIAL,000AA077,MQ02PrivateBusiness,FULL,0,,,My business is private.,미안하지만 비밀입니다.,record,False,False,True,False,TOPIC_CHECK,
Oblivion.esm,INFO,000AA090,,NAM1,0,,,I see. Strange visitors appearing late at night... happens all the time here.,알았어요. 낯선 방문자들은 대게 늦은 밤에 나타나는군요... 지금 이런 시간에 말이죠.,record,False,False,False,False,,
Oblivion.esm,INFO,000AA090,,NAM1,1,,,Go on. I think you'll find what you're looking for upstairs.,가보세요. 당신 스스로 원하는걸 찾을 것 같군요.,record,False,False,False,False,,
Oblivion.esm,INFO,000AA091,,NAM1,0,,,Indeed. Another mysterious visitor.,과연. 또 한 명의 신비스러운 방문자군.,record,False,False,False,False,,
Oblivion.esm,INFO,000AA091,,NAM1,1,,,"Well, go ahead. You know what you're looking for. I'll just go back to my reading.","좋아, 가보시오. 뭘 찾는지 알만하군. 나는 읽던 거나 마저 읽어야겠소.",record,False,False,False,False,,
Oblivion.esm,DIAL,000AA078,MQ02SpeakToJauffre,FULL,0,,,I must speak to Jauffre.,죠프리를 만나야 합니다.,record,False,False,True,False,TOPIC_CHECK,
Oblivion.esm,INFO,000AA08E,,NAM1,0,,,I think he's sleeping. But it must be important... go ahead upstairs and wake him.,그는 잠들었을 겁니다. 하지만 뭔가 중요한 일이겠군요... 가서 깨워보세요.,record,False,False,False,False,,
Oblivion.esm,INFO,000AA08F,,NAM1,0,,,He's upstairs. Go ahead.,그는 이층 어딘가에 있을 거요. 가보시오.,record,False,False,False,False,,
Oblivion.esm,DIAL,000AA099,IngredCVoidSalts,FULL,0,,,Void Salts,보이드 소금(Void Salts),record,True,True,True,False,HIGH,"Void, Salts"
Oblivion.esm,DIAL,000AA09A,IngredCVenison,FULL,0,,,Venison,사슴고기(Venison),record,True,True,True,False,HIGH,Venison
Oblivion.esm,DIAL,000AA09B,IngredCVampireDust,FULL,0,,,Vampire Dust,뱀파이어 재(Vampire Dust),record,True,True,True,False,HIGH,"Vampire, Dust"
Oblivion.esm,DIAL,000AA09C,IngredCTrollFat,FULL,0,,,Troll Fat,트롤 지방(Troll Fat),record,True,True,True,False,HIGH,"Troll, Fat"
Oblivion.esm,DIAL,000AA09D,IngredCTaproot,FULL,0,,,Taproot,원뿌리(Taproot),record,True,True,True,False,HIGH,Taproot
Oblivion.esm,DIAL,000AA09E,IngredCScampSkin,FULL,0,,,Scamp Skin,스캠프 껍질(Scamp Skin),record,True,True,True,False,HIGH,"Scamp, Skin"
Oblivion.esm,DIAL,000AA09F,IngredCScales,FULL,0,,,Scales,비늘(Scales),record,True,True,True,False,HIGH,Scales
Oblivion.esm,DIAL,000AA0A0,IngredCRatMeat,FULL,0,,,Rat Meat,쥐 고기(Rat Meat),record,True,True,True,False,HIGH,"Rat, Meat"
Oblivion.esm,DIAL,000AA0A1,IngredCOgresTeeth,FULL,0,,,Ogres Teeth,오거 이빨(Ogres Teeth),record,True,True,True,False,HIGH,"Ogres, Teeth"
Oblivion.esm,DIAL,000AA0A2,IngredCMutton,FULL,0,,,Mutton,양고기(Mutton),record,True,True,True,False,HIGH,Mutton
Oblivion.esm,DIAL,000AA0A3,IngredCMortFlesh,FULL,0,,,Mort Flesh,죽은 살덩이(Mort Flesh),record,True,True,True,False,HIGH,"Mort, Flesh"
Oblivion.esm,DIAL,000AA0A4,IngredCMinotaurHorn,FULL,0,,,Minotaur Horn,미노타우로스 뿔(Minotaur Horn),record,True,True,True,False,HIGH,"Minotaur, Horn"
Oblivion.esm,DIAL,000AA0A5,IngredCLionPelt,FULL,0,,,Lion Pelt,사자 가죽(Lion Pelt),record,True,True,True,False,HIGH,"Lion, Pelt"
Oblivion.esm,DIAL,000AA0A6,IngredCImpGall,FULL,0,,,Imp Gall,임프 담즙(Imp Gall),record,True,True,True,False,HIGH,"Imp, Gall"
Oblivion.esm,DIAL,000AA0A7,IngredCGlowDust,FULL,0,,,Glow Dust,글로우더스트(Glow Dust),record,True,True,True,False,HIGH,"Glow, Dust"
Oblivion.esm,DIAL,000AA0A8,IngredCFrostSalts,FULL,0,,,Frost Salts,냉동 소금(Frost Salts),record,True,True,True,False,HIGH,"Frost, Salts"
Oblivion.esm,DIAL,000AA0AA,IngredCEctoplasm,FULL,0,,,Ectoplasm,엑토플라즘(Ectoplasm),record,True,True,True,False,HIGH,Ectoplasm
Oblivion.esm,DIAL,000AA0AB,IngredCDreughWax,FULL,0,,,Dreugh Wax,드레흐 왁스(Dreugh Wax),record,True,True,True,False,HIGH,"Dreugh, Wax"
Oblivion.esm,DIAL,000AA0AC,IngredCDaedrothTeeth,FULL,0,,,Daedroth Teeth,데이드로쓰 이빨(Daedroth Teeth),record,True,True,True,False,HIGH,"Daedroth, Teeth"
Oblivion.esm,DIAL,000AA0AD,IngredCDaedraVenin,FULL,0,,,Daedra Venin,데이드라 베닌(Daedra Venin),record,True,True,True,False,HIGH,"Daedra, Venin"
Oblivion.esm,DIAL,000AA0AE,IngredCDaedraSilk,FULL,0,,,Daedra Silk,데이드라 실크(Daedra Silk),record,True,True,True,False,HIGH,"Daedra, Silk"
Oblivion.esm,DIAL,000AA0AF,IngredCDaedraHeart,FULL,0,,,Daedra Heart,데이드라 심장(Daedra Heart),record,True,True,True,False,HIGH,"Daedra, Heart"
Oblivion.esm,DIAL,000AA0B0,IngredCCrabMeat,FULL,0,,,Crab Meat,게살(Crab Meat),record,True,True,True,False,HIGH,"Crab, Meat"
Oblivion.esm,DIAL,000AA0B2,IngredCBonemeal,FULL,0,,,Bonemeal,뼛가루(Bonemeal),record,True,True,True,False,HIGH,Bonemeal
Oblivion.esm,DIAL,000AA285,Invest,FULL,0,,,Invest 500 gold in this shop,이 상점에 500 골드를 투자하세요.,record,False,False,True,False,TOPIC_CHECK,
Oblivion.esm,INFO,000AA28C,,NAM1,0,,,I would gladly let you invest in my shop! The extra coin will allow me to purchase more goods from adventurers such as yourself.,투자를 환영합니다! 여유 자금은 당신 같은 모험가로부터 더 많은 상품을 구입하는데 쓰일 겁니다.,record,False,False,False,False,,
Oblivion.esm,DIAL,000AA286,TG11Sneak,FULL,0,,,Shhh! Follow me quietly.,"쉿, 조용히 따라오시오.",record,False,False,True,False,TOPIC_CHECK,
Oblivion.esm,DIAL,000ACE06,GottlesfontPrioryTopic,FULL,0,,,Gottlesfont Priory,고틀스폰트 수도원,record,False,False,True,False,TOPIC_CHECK,
Oblivion.esm,INFO,000ACE82,,NAM1,0,,,"The Sisters of Gottlesfont gather Steel Blue Entoloma and Lady's Mantle Leaves. Take what you need, and you're welcome to gather mushrooms nearby.","Gottlesfont의 수녀들은 Steel Blue Entoloma와 Lady's Mantle Leaves를 모으고 있습니다. 당신이 필요한 걸 가져 가시고, 근처의 버섯들은 편한대로 따서 쓰세요.",record,False,True,False,False,MEDIUM,"Gottlesfont, Steel, Blue, Entoloma, Lady's, Mantle, Leaves"
Oblivion.esm,INFO,000ACE83,,NAM1,0,,,"Lady's Mantle Leaves are helpful in healing wounds, whether applied directly or compounded in potions. We have plenty. Help yourself.","Lady's Mantle Leaves는 상처를 낫게 해주는 효능이 있죠. 원료 그대로 쓰거나, 아니면 포션을 만드는 재료로 쓰기도 해요. 우리에겐 아주 많이 있으니까, 걱정말고 맘껏 쓰셔도 된답니다.",record,False,True,False,False,MEDIUM,"Lady's, Mantle, Leaves"
Oblivion.esm,DIAL,000ADC40,ImperialDragonArmorTopic,FULL,0,,,Imperial Dragon Armor,임페리얼 드래곤 갑옷(Imperial Dragon Armor),record,True,True,True,False,HIGH,"Imperial, Dragon, Armor"
Oblivion.esm,INFO,000ADE2B,,NAM1,0,,,"Imperial Dragon armor is normally worn only by the Emperor himself. But you deserve no less, Champion.","보통은, 임페리얼 드래곤 갑옷은 황제만 입을 수 있네. 하지만 자넨 충분히 입을 만하네, 챔피언.",record,False,False,False,False,,
Oblivion.esm,DIAL,000ADC41,MQChampionOfCyrodiil,FULL,0,,,Champion of Cyrodiil,시로딜의 챔피언,record,False,False,True,False,TOPIC_CHECK,
Oblivion.esm,INFO,000ADD4D,,NAM1,0,,,"In my capacity as Lord High Chancellor of the Elder Council, I hereby proclaim you Champion of Cyrodiil!","원로위원회 위원장의 권한으로, 자네에게 시로딜의 챔피언 칭호를 내리겠네!",record,False,False,False,False,,
Oblivion.esm,INFO,000ADD4D,,NAM1,1,,,"And, as a small token of gratitude for your service to the Empire, I have ordered a suit of Imperial Dragon armor made for you.","또한 제국에 보여준 자네의 봉사에 대한 작은 감사의 표시로, 자네를 위해 임페리얼 드래곤 갑옷의 제작을 주문해 놓겠네.",record,False,False,False,False,,
Oblivion.esm,INFO,000ADE33,,NAM1,0,,,"You have earned the highest rank possible in the Order of the Dragon, the illustrious order of Imperial knights founded by Tiber Septim himself.",자네는 타이버 셉팀께서 뛰어난 임페리얼 기사들로 손수 만드신 드래곤 조직의 최고 계급에 올랐네.,record,False,False,False,False,,
Oblivion.esm,INFO,000ADE33,,NAM1,1,,,It is a high honor. Only six other Champions have been awarded in the history of the Empire.,이것은 큰 영예일세. 제국의 역사에서 지금까지 챔피언 칭호를 받은 사람은 모두 여섯 명 밖에 없네.,record,False,False,False,False,,
Oblivion.esm,DIAL,000ADC42,MQ16OcatoD,FULL,0,,,But the gates are sealed.,하지만 게이트들은 봉인되었습니다.,record,False,False,True,False,TOPIC_CHECK,
Oblivion.esm,INFO,000ADD46,,NAM1,0,,,Yes. Sealed forever. Mehrunes Dagon and his ilk can never threaten Tamriel again.,그렇네. 영원히 봉인되었네. 메르네스 데이건과 그의 종족들은 다시는 탐리엘을 위협하지 못할 걸세.,record,False,False,False,False,,
Oblivion.esm,INFO,000ADD46,,NAM1,1,,,"Martin is dead. But he died an emperor, and a hero to rival Tiber Septim.","마틴은 죽었지만 그는 타이버 셉팀에 못지 않은 황제로서, 영웅으로서 죽었네.",record,False,False,False,False,,
Oblivion.esm,DIAL,000ADC43,MQ16OcatoC,FULL,0,,,"...and Martin's blood, too...","...그리고 마틴의 피, 역시...",record,False,False,True,False,TOPIC_CHECK,
Oblivion.esm,INFO,000ADD45,,NAM1,0,,,Then Martin is gone...,그렇게 마틴은 가셨군... ,record,False,False,False,False,,
Oblivion.esm,DIAL,000ADC44,OcatoTopic,FULL,0,,,Chancellor Ocato,오카토(Ocato) 위원장,record,True,True,True,False,HIGH,Ocato
Oblivion.esm,INFO,000ADD34,,NAM1,0,,,"As the head of the Elder Council, High Chancellor Ocato is the de facto ruler of the Empire for the time being.","원로위원회의 수장으로서, 대 오카토(Ocato) 위원장은 그 동안 제국의 실질적인 통치자였죠.",record,True,True,False,False,HIGH,Ocato
Oblivion.esm,INFO,000ADD37,,NAM1,0,,,I don't envy the High Chancellor his position. It can't be easy trying to rule an empire without an emperor.,그의 대 위원장 자리가 부럽지 않소. 황제 없는 제국을 이끄는 건 쉬운 일이 아니오.,record,False,False,False,False,,
Oblivion.esm,INFO,000ADD3C,,NAM1,0,,,He thinks to use his position as head of the Elder Council to make himself Emperor. He will not succeed.,원로위원회의 위원장이라는 지위를 이용해서 스스로 황제가 되려고 생각하고 있소. 성공할 수 없을 것이오.,record,False,False,False,False,,
Oblivion.esm,INFO,000ADD3D,,NAM1,0,,,Chancellor Ocato has performed heroically. No one else could have held the Empire together during this crisis.,오카토(Ocato) 위원장은 위원장으로서의 역할을 영웅적으로 잘 수행하고 있어요. 이런 위기에서 제국을 유지할 수 있는 사람은 많지 않죠.,record,True,True,False,False,HIGH,Ocato
Oblivion.esm,INFO,000ADD3E,,NAM1,0,,,The head of the Elder Council and a trusted servant of the Empire. No one is better suited to guide us through these troubled times.,원로위원회의 수장이며 신임 받는 제국의 관리시오. 이런 험난한 시기에 그 분 만큼 잘 이끌어 나갈 지도자도 드물 것이오.,record,False,False,False,False,,
Oblivion.esm,INFO,000ADD3F,,NAM1,0,,,"He and the rest of the Elder Council care nothing for Cyrodiil. They focus obsessively on the provinces, leaving us to fend for ourselves.","그와 원로위원회 위원들은 시로딜(Cyrodiil) 걱정은 안중에도 없소. 그들의 관심은 온통, 각 지방이야 어떻게 버텨나가던 말던, 연방을 유지하는 것에만 쏠려 있소.",record,True,True,False,False,HIGH,Cyrodiil
Oblivion.esm,INFO,000ADD41,,NAM1,0,,,"He served Emperor Uriel for many years, and so far he has done well in an impossible situation.",오랫동안 유리엘(Uriel) 황제를 모시면서 어려운 상황을 잘 극복해 내셨죠.,record,True,True,False,False,HIGH,Uriel
Oblivion.esm,INFO,000ADD49,,NAM1,0,,,Chancellor Ocato isn't seeing any visitors.,오카토(Ocato) 위원장은 어떤 방문자도 만나지 않소.,record,True,True,False,False,HIGH,Ocato
Oblivion.esm,DIAL,000ADC45,MQ16OcatoF,FULL,0,,,What about the Empire?,이제 제국은 어떻게 되는 겁니까?,record,False,False,True,False,TOPIC_CHECK,
Oblivion.esm,DIAL,000ADC46,MQ16OcatoE,FULL,0,,,What about the Empire?,이제 제국은 어떻게 되는 겁니까?,record,False,False,True,False,TOPIC_CHECK,
Oblivion.esm,INFO,000ADD1E,,NAM1,0,,,This victory is not without cost. We've lost Martin Septim. What an emperor he might have made.,이 승리는 희생을 통해 이루어졌어. 우리는 마틴 셉팀(Martin Septim)을 잃었네. 그는 진정한 황제였어.,record,True,True,False,False,HIGH,"Martin, Septim"
Oblivion.esm,INFO,000ADD1E,,NAM1,1,,,"His sacrifice was necessary, but it leaves the Empire without an emperor.","그의 희생은 갚진 것이었지만, 제국은 황제를 잃었어.",record,False,False,False,False,,
Oblivion.esm,INFO,000ADD1E,,NAM1,2,,,I don't know what happens now. There are troubled times ahead for the Empire.,이제 어떻게 될지는 모르겠네. 제국은 앞으로도 많은 시련을 겪겠지.,record,False,False,False,False,,
Oblivion.esm,INFO,000ADD1E,,NAM1,3,,,But now is not the time to worry about the future. Let's just give thanks that we're alive.,하지만 지금은 미래에 대해 걱정할 때가 아니네. 우리가 살아있음을 감사히 여기세.,record,False,False,False,False,,
Oblivion.esm,DIAL,000ADC47,MQ16OcatoB,FULL,0,,,Yes. He shattered the Amulet...,그렇습니다. 그는 아뮬렛과 함께 산산히...,record,False,False,True,False,TOPIC_CHECK,
Oblivion.esm,INFO,000ADD1D,,NAM1,0,,,The joined blood of kings and gods. The Amulet of Kings. The divine power of Akatosh.,왕들과 신들의 피의 결합. 왕의 아뮬렛. 아카토쉬의 신성한 힘.,record,False,False,False,False,,
Oblivion.esm,DIAL,000ADC49,MQ16OcatoA,FULL,0,,,Martin is gone.,마틴께서는 가셨습니다.,record,False,False,True,False,TOPIC_CHECK,
Oblivion.esm,INFO,000ADD1A,,NAM1,0,,,"What do you mean, gone?","무슨 소린가, 가셨다니?",record,False,False,False,False,,
Oblivion.esm,INFO,000ADD1A,,NAM1,1,,,"We saw the Temple dome explode, the avatar of Akatosh appear... that was Martin?","사원의 지붕이 폭발하고, 아카토쉬의 화신이 나타나는 걸 보았는데... 그게 마틴 이었나?",record,False,False,False,False,,
Oblivion.esm,DIAL,000AED3B,ArenaFanChoiceHold,FULL,0,,,"Wait here. Yes, right here. ","여기서 기다려. 그래, 바로 여기.",record,False,False,True,False,TOPIC_CHECK,
Oblivion.esm,INFO,000AED4E,,NAM1,0,,,"Here? Right here? What about, say... over there? No? Right here? All right then, you're the Grand Champion! Whatever you say!","여기서요? 여기서요? 아니면... 자기서요? 아니에요? 여기서요? 어... 알았어요, 당신은 그랜드 챔피언이니까요! 당신이 어떤 말을 하든 따를게요!",record,False,False,False,False,,
Oblivion.esm,DIAL,000AED3C,ArenaFanChoice1B,FULL,0,,,Follow your esteemed Grand Champion!,존경하는 그랜드 챔피언을 따르라!,record,False,False,True,False,TOPIC_CHECK,
Oblivion.esm,INFO,000AED46,,NAM1,0,,,"Golly, you're the best! I'm going to follow you and watch you and worship the ground you walk on! Let's go!",으헉! 당신이 최고에요! 난 당신을 언제나 따라다니면서 당신을 볼 거에요! 당신의 걸음은 저의 환호성으로 가득 차겠죠! 가요!,record,False,False,False,False,,
Oblivion.esm,DIAL,000AED3D,ArenaFanChoice1A,FULL,0,,,"Beat it, kid. I don't need a fan.","꺼져, 애송이. 팬따위는 필요 없어.",record,False,False,True,False,TOPIC_CHECK,
Oblivion.esm,INFO,000AED45,,NAM1,0,,,"Aw gee! You sure? Okay, well, I'll be hanging around the Arena grounds if you need someone to worship the ground you walk on. Bye!","으! 정말 요.. ? 좋아요, 알았어요. 전 항상 아레나 근처에 있을 테니, 당신을 숭배할 누군가가 필요하다면 찾아주세요... ",record,False,False,False,False,,
Oblivion.esm,INFO,000B1219,,NAM1,0,,,You'll find your equipment in that chest over there. And here's a little something for your efforts. Maybe we'll celebrate again sometime....,그대의 장비는 저 상자 안에 있다. 그리고 이건 그대의 노력에대한 작은 보답이다. 곧 우리 다시 즐길수 있기를... ,record,False,False,False,False,,
Oblivion.esm,INFO,000B121C,,NAM1,0,,,"A rousing success, mortal! And it appears you joined in the festivities as well. Good for you. You need to lighten up a bit.","눈부신 성공이구나, 필멸자여! 축제 참여에 능숙해진것 같구나. 아주 잘했다. 너는 긴장을 좀 풀 필요가 있구나.",record,False,False,False,False,,
Oblivion.esm,INFO,000B121D,,NAM1,0,,,"You should probably try to be inconspicuous. Or they might kill you. Oh, and the party is by invitation only. You'll have to find a way in. Have fun!",눈에 띄지 않도록. 그렇지 않으면 놈들은 그대를 죽이려고 할지도 모른다. 그 파티는 초대된 자만이 들어갈 수 있다. 입구를 찾아야 할 것이다. 즐겨보거라!,record,False,False,False,False,,
Oblivion.esm,INFO,000B121E,,NAM1,0,,,I want you to liven it up. Use this spell on the Countess and her guests. I think it will make the party much more interesting.,그대가 분위기를 좀 띄어 줬으면 한다. 이 주문을 후작과 손님들에게 걸어 보거라. 그러면 파티는 더욱 재미있게 될 것이다.,record,False,False,False,False,,
Oblivion.esm,INFO,000B121F,,NAM1,0,,,"The Castle Leyawiin is a dull, dreary place. The mistress is an especially somber soul, and tomorrow she will hold another excruciating dinner party.",Leyawiin 성은 따분하고 지루한 곳이다. 특히 거기 여주인은 칙칙한 영혼의 소유자지. 그리고 내일 그녀는 또 지루한 만찬회를 개최하려고 한다.,record,False,True,False,False,MEDIUM,Leyawiin
Oblivion.esm,INFO,000B1232,,NAM1,0,,,Ah... another mortal come to beg Sanguine to add a bit of spice to an otherwise drab existence. I would have you perform a service for me.,아... 또 필멸자가 Sanguine에게 따분한 일상에의 약간의 자극을 요구하러 왔구나. 그대가 도와줄 일을 내려주겠다.,record,False,True,False,False,MEDIUM,Sanguine
Oblivion.esm,DIAL,000B1663,FGD02Choice7,FULL,0,,,No.,아니요.,record,False,False,True,False,TOPIC_CHECK,
Oblivion.esm,INFO,000B1678,,NAM1,0,,,"That's fine. I'll buy elsewhere. If you change your mind, you'll know where to find me.","좋아. 나는 다른곳에서 살것이다. 마음이 바뀌면, 당신은 알고 있는 곳으로 나를 찾아 올 것이다.",record,False,False,False,False,,
Oblivion.esm,DIAL,000B1664,FGD02Choice6,FULL,0,,,Yes.,네.,record,False,False,True,False,TOPIC_CHECK,
Oblivion.esm,INFO,000B1677,,NAM1,0,,,Excellent. Here's your payment. Come back if you find more.,훌륭해. 여기 너의 보수다. 더 알아낸것이 있으면 돌아와라.,record,False,False,False,False,,
Oblivion.esm,DIAL,000B1665,FGD02Choice5,FULL,0,,,No.,아니요.,record,False,False,True,False,TOPIC_CHECK,
Oblivion.esm,INFO,000B1675,,NAM1,0,,,That's fine. I'll find them elsewhere.,좋아. 나는 다른곳에서 그들을 찾을거다..,record,False,False,False,False,,
Oblivion.esm,DIAL,000B1666,FGD02Choice4,FULL,0,,,Yes.,네.,record,False,False,True,False,TOPIC_CHECK,
Oblivion.esm,INFO,000B1674,,NAM1,0,,,Fine. Here's your money. Let me know if you find more.,좋아. 여기 너의 돈이다. 더 알아내면 나에게 알려줘라.,record,False,False,False,False,,
Oblivion.esm,DIAL,000B1667,OgreTeethTOPIC,FULL,0,,,Ogre Teeth,오거 이빨(Ogre Teeth),record,True,True,True,False,HIGH,"Ogre, Teeth"
Oblivion.esm,INFO,000B1673,,NAM1,0,,,I see you have some. I'll buy them in groups of five for 100 gold. Are you selling?,당신이 가진 걸 봤소. 다섯 개 당 100골드에 사겠소. 파시겠소?,record,False,False,False,False,,
Oblivion.esm,DIAL,000B1668,MinotaurHornTOPIC,FULL,0,,,Minotaur Horn,미노타우로스 뿔(Minotaur Horn),record,True,True,True,False,HIGH,"Minotaur, Horn"
Oblivion.esm,INFO,000B1676,,NAM1,0,,,I see you have some. I'll buy them in groups of five for 50 gold. Interested?,네가 가지고 있는 무언가를 나는 안다. 그것들을 5개 묶음에 50골드에 사지. 관심있냐?,record,False,False,False,False,,
Oblivion.esm,DIAL,000B97CB,HouseServantDrink,FULL,0,,,Drink,음료,record,False,False,True,False,TOPIC_CHECK,
Oblivion.esm,INFO,000B97E7,,NAM1,0,,,Certainly! Here you are. A nice mead will relax you.,물론이죠! 받으세요. 벌꿀 술 한잔이면 긴장도 좀 풀릴 테죠.,record,False,False,False,False,,
Oblivion.esm,INFO,000B97E8,,NAM1,0,,,"I'd love to oblige, but we have no kitchen.",그리 해드리고 싶지만 부엌이 없어요.,record,False,False,False,False,,
Oblivion.esm,DIAL,000B97CC,HouseServantFood,FULL,0,,,Food,음식,record,False,False,True,False,TOPIC_CHECK,
Oblivion.esm,INFO,000B97D9,,NAM1,0,,,Certainly! Here you are. Shepherd's Pie... my own recipe.,물론이죠! 자 드세요. Shepherd's Pie... 저만의 레시피에요.,record,False,True,False,False,MEDIUM,"Shepherd's, Pie"
Oblivion.esm,INFO,000B97E6,,NAM1,0,,,"I'd love to oblige, but we have no kitchen.",그리 해드리고 싶지만 부엌이 없어요,record,False,False,False,False,,
Oblivion.esm,DIAL,000B97CD,EyjaTopic,FULL,0,,,Eyja,에이자(Eyja),record,True,True,True,False,HIGH,Eyja
Oblivion.esm,INFO,000B97E5,,NAM1,0,,,Me? There's not much to say.,나 말인가요? 별로 얘기할만한 게 없군요.,record,False,False,False,False,,
Oblivion.esm,INFO,000B97E5,,NAM1,1,,,"I was orphaned when I was young, and don't even remember who my parents were. I'm not really sad about it; it was so long ago.","나는 어릴 때부터 고아였고, 부모가 누구인지도 기억하고 있지 않아요. 그래도 그다지 슬프지는 않아요. 아주 옛날 일이니까요.",record,False,False,False,False,,
Oblivion.esm,INFO,000B97E5,,NAM1,2,,,"Gunder took me in when I was but a teen, and I've lived there ever since. We've... shared a bed... but were never married.","아직 10대 때에 건더(Gunder)에게 거두어져, 그 이후 쭉 여기서 살아 왔어요. 우리는... 침대도 함께 썼지만... 결코 결혼은 하지 않았어요.",record,True,True,False,False,HIGH,Gunder
Oblivion.esm,INFO,000B97E5,,NAM1,3,,,"He's never been cruel to me, it's just that he's never been kind. It's as if I'm just another part of his shop.","그는 결코 저에게 심한 일은 하진 않았지만, 그렇다고 친절하게 대한 것은 아니에요. 마치 저는 그의 가게의 일부일 뿐인것 같았죠.",record,False,False,False,False,,
Oblivion.esm,INFO,000B97E5,,NAM1,4,,,But all that's different now. I'm glad to be serving you instead. I can see we will get along just fine!,하지만 지금은 전혀 달라요. 당신을 모시게 되서 기쁩니다. 분명 잘 해나갈 수 있을거에요!,record,False,False,False,False,,
Oblivion.esm,DIAL,000B97CE,HouseServantEyjaNo,FULL,0,,,"Not now, thanks.","지금은 아니지만, 고맙소.",record,False,False,True,False,TOPIC_CHECK,
Oblivion.esm,INFO,000B97E0,,NAM1,0,,,"Very well. If you change your mind, I'll be here.",좋아요. 여기서 기다릴테니 마음을 바꾸게 되면 언제라도 다시 찾아오세요,record,False,False,False,False,,
Oblivion.esm,DIAL,000B97CF,HouseServantEyjaYes,FULL,0,,,"Sounds good, I accept.","좋을것 같군, 계약하지.",record,False,False,True,False,TOPIC_CHECK,
Oblivion.esm,INFO,000B97E1,,NAM1,0,,,Excellent! I'll move in immediately!,잘됐군요! 바로 짐 싸서 가겠습니다!,record,False,False,False,False,,
Oblivion.esm,DIAL,000BBA97,SpeakerTopic,FULL,0,,,Speaker,스피커(Speaker),record,True,True,True,False,HIGH,Speaker
Oblivion.esm,INFO,000BBA99,,NAM1,0,,,"Yes, I am a Speaker, a representative of the Dark Brotherhood. My voice is the voice of the Black Hand, our organization's ruling body.","맞네, 내가 바로 스피커이네. 다크브라더후드의 대리인이지. 나의 목소리는 블랙핸드의 목소리이지. 블랙핸드는 브라더후드의 집행부라네.",record,False,False,False,False,,
Oblivion.esm,INFO,000BBA99,,NAM1,1,,,"One of my duties is to find exceptional individuals, such as yourself, and offer a place within our family.",내 임무중 하나는 자네와 같이 뛰어난 개개인을 찾아내는 거지. 그리곤 한 가족이 될 생각이 없냐고 제안한다네.,record,False,False,False,False,,
Oblivion.esm,DIAL,000BE40B,MS29ThoronirLater,FULL,0,,,Maybe later.,나중에.,record,False,False,True,False,TOPIC_CHECK,
Oblivion.esm,INFO,000BE40C,,NAM1,0,,,"Oh, very well. If you change your mind, let me know. It could prove quite lucrative for both of us.","오, 그래요. 마음이 바뀌면 내게 알려 주세요. 그것이 우리 둘에게 확실히 이득이라는 걸 증명할 수 있을 거에요.",record,False,False,False,False,,
Oblivion.esm,DIAL,000BE531,TG06EscapedPrisoners,FULL,0,,,TG06EscapedPrisoners,TG06 탈출한 죄수들,record,False,True,True,False,TOPIC_CHECK,TG
Oblivion.esm,INFO,000BE532,,NAM1,0,,,Escaping prisoners!,죄수들이 탈옥 중이오!,record,False,False,False,False,,
Oblivion.esm,DIAL,000BE55C,MS43HowDid,FULL,0,,,How did you know?,당신은 어떻게 알게 되었소?,record,False,False,True,False,TOPIC_CHECK,
Oblivion.esm,INFO,000BE560,,NAM1,0,,,"Frankly, the smell gave you away. You must have stepped in... well, let's just say something that isn't pleasant.","솔직히, 당신 몸에서 냄새가 나요. 당신은 틀림없이 그 집에... 우리 좋은 이야기만 하도록 하죠..",record,False,False,False,False,,
Oblivion.esm,INFO,000BE560,,NAM1,1,,,Just be sure and keep this quiet. If the other mages even knew that I was involved with Rosentia's new guests...,"비밀을 꼭 지키도록 하세요. 만일 다른 메이지들이 제가 그녀의 불청객과 관련 되어 있는 것이 알려진다면,",record,False,False,False,False,,
Oblivion.esm,INFO,000BE560,,NAM1,2,,,I could get kicked out of the guild!,저는 길드에서 쫓겨나고 말겁니다!,record,False,False,False,False,,
Oblivion.esm,DIAL,000BF16F,TG01JoinThievesGuild,FULL,0,,,Join the Thieves Guild,도둑 길드에 가입하기,record,False,False,True,False,TOPIC_CHECK,
Oblivion.esm,INFO,000355D1,,NAM1,0,,,"Not here. The Garden of Dareloth, on the Waterfront. Midnight. Be there.",여기선 안돼. 워터프론트(Waterfront)의 다렐로스(Dareloth)의 정원. 자정이네. 거기에 있게.,record,True,True,False,False,HIGH,"Waterfront, Dareloth"
Oblivion.esm,INFO,000355E9,,NAM1,0,,,You don't look very trustworthy. I have no idea what you are talking about.,당신은 그리 믿을만해 보이지 않는군요. 난 당신이 무슨 이야기를 하는지 모르겠어요.,record,False,False,False,False,,
Oblivion.esm,INFO,000039D8,,NAM1,0,,,Be patient and wait for the others. I need both the Wood Elf and the Argonian before I can begin.,인내심을 갖고 다른 이들을 기다리자고. 시작하기 전에 우드엘프와 아르고니안 두 명도 필요 하니까 말야.,record,False,False,False,False,,
Oblivion.esm,INFO,0004F9ED,,NAM1,0,,,Everyone is here. Let's begin. Each of you is seeking membership in the Thieves Guild.,"모두 모였으니, 슬슬 시작하지. 당신들 전부 도둑 길드를 찾는 것 같으니까.",record,False,False,False,False,,
Oblivion.esm,INFO,000343B9,,NAM1,0,,,I think we should just pack up and go home.,우린 바로 짐을 꾸려서 고향으로 가야 한다고 생각해요.,record,False,False,False,False,,
Oblivion.esm,DIAL,000C440D,MS37JulienneNo,FULL,0,,,No tales. Where can I find the Tears?,"그 이야기는 됐고, 어디서 눈물을 찾을 수 있어?",record,False,False,True,False,TOPIC_CHECK,
Oblivion.esm,INFO,000C440E,,NAM1,0,,,"Oh, very well. No need to be rude.","아, 그래요. 예의는 갖춰 주세요.",record,False,False,False,False,,
Oblivion.esm,INFO,000C440E,,NAM1,1,,,"If you want to find the Tears, I'd suggest reading a book called ""Knightfall."" The information inside may assist your search.","그 눈물에 대해서 알고 싶으면 ""Knightfall""이란 책을 읽어보길 바래요. 그 책에 있는 정보가 당신에게 도움이 될 지도 모르죠.",record,False,True,False,False,MEDIUM,Knightfall
Oblivion.esm,DIAL,000C453A,MSMiscFarwil,FULL,0,,,May I speak to him?,그와 이야기해도 되겠소?,record,False,False,True,False,TOPIC_CHECK,
Oblivion.esm,INFO,000C453D,,NAM1,0,,,I'm afraid he and the rest of the Knights are off on a mission... a secret mission.,미안하지만 그와 기사들은 임무 수행 중이오... 비밀 임무요.,record,False,False,False,False,,
Oblivion.esm,INFO,000C453D,,NAM1,1,,,"Perhaps if you return later, he'll be here.",다음에 다시 오면 만날 수 있을 것이오.,record,False,False,False,False,,
Oblivion.esm,DIAL,000C453B,MSMiscKotT,FULL,0,,,Knights of the Thorn,가시의 기사단,record,False,False,True,False,TOPIC_CHECK,
Oblivion.esm,INFO,000C453C,,NAM1,0,,,"We are led by Farwil Indarys. Yes, the Count's son himself.",우리는 파윌 인다리스의 지휘를 받고 있습니다. 그렇습니다. 백작님의 아들 말입니다.,record,False,False,False,False,,
Oblivion.esm,INFO,000C453C,,NAM1,1,,,Our job is to protect Cheydinhal from any aggressor. We are sworn to this duty and would die before letting any harm befall her.,"우리의 임무는 어떤 위협으로부터도 셰이딘홀을 안전하게 지키는 것입니다. 우리는 이 의무에 맹세를 했고, 맹세를 지키기 위해 목숨을 아끼지 않을 것입니다.",record,False,False,False,False,,
Oblivion.esm,INFO,000C453C,,NAM1,2,,,"There are seven of us here, including myself.",나를 포함해서 모두 일곱 명의 기사들이 있습니다.,record,False,False,False,False,,
Oblivion.esm,INFO,000C453C,,NAM1,3,,,"If you're here to join up, I'm afraid you'll have to speak with Farwil.","기사단에 들고 싶으면, 파윌에게 얘기해야 할 것입니다.",record,False,False,False,False,,
Oblivion.esm,INFO,000C4540,,NAM1,0,,,Hahaha! Knights of the Thorn!,푸하하! 가시의 기사단(Knights of the Thorn)!,record,True,True,False,False,HIGH,"Knights, of, the, Thorn"
Oblivion.esm,INFO,000C4540,,NAM1,1,,,"A thorn in our side is more like it! Those fools are nothing but a glorified club. They've never contributed to anything useful, and never will.","뒷동산의 가시가 더 낫겠군! 그 풋내기들은 겉만 번지르한 모임일 뿐이오. 쓸모 있는 일은 한 번도 한 적이 없고, 할 생각도 없지.",record,False,False,False,False,,
Oblivion.esm,DIAL,000C9FB2,TG11TalkToMillona15,FULL,0,,,TG11TalkToMillona15,TG11밀로나에게 대화 15,record,False,True,True,False,TOPIC_CHECK,TG
Oblivion.esm,INFO,0007BA9E,,NAM1,0,,,"From this moment forward, I renounce my life of crime forever. I am passing the Gray Cowl of the Thieves Guild to it's new guildmaster.","지금 이 순간부터, 난 영원히 범죄의 인생을 포기했습니다. 난 새로운 길드마스터에게 도둑 길드의 Gray Cowl을 넘겼습니다.",record,False,True,False,False,MEDIUM,"Gray, Cowl"
Oblivion.esm,DIAL,000C9FB3,TG11TalkToMillona14,FULL,0,,,TG11TalkToMillona14,TG11밀로나에게 대화 14,record,False,True,True,False,TOPIC_CHECK,TG
Oblivion.esm,INFO,00022E87,,NAM1,0,,,I guessed you would say these terrible things to me. That is why I brought my friend along.,나는 당신이 나에게 이러한 끔찍한 일을 말하려고 했다고 생각했습니다. 그것이 내가 내 친구와 같이 온 이유입니다.,record,False,False,False,False,,
Oblivion.esm,DIAL,000C9FB4,TG11TalkToMillona13,FULL,0,,,TG11TalkToMillona13,TG11밀로나에게 대화 13,record,False,True,True,False,TOPIC_CHECK,TG
Oblivion.esm,INFO,0007BA9D,,NAM1,0,,,"If you try to announce yourself as Corvus, I will deny you. I will deny you before the Emperor if I have to.","당신이 자신은 Corvus라고 발표한다면, 난 당신을 부인하겠어요. 나는 당신을 만약 그래야 한다면 황제앞 일지라도 부인 할겁니다.",record,False,True,False,False,MEDIUM,Corvus
Oblivion.esm,DIAL,000C9FB5,TG11TalkToMillona12,FULL,0,,,TG11TalkToMillona12,TG11밀로나에게 대화 12,record,False,True,True,False,TOPIC_CHECK,TG
Oblivion.esm,INFO,00022E86,,NAM1,0,,,"You have broken my heart for a second time. I cannot let the infamous criminal mastermind, the Gray Fox become the Count of Anvil.","당신이 두 번째로 내 가슴을 아프게 하는군요. 나는 그 악명 높은 악질 범죄자, 그레이 폭스가 앤빌의 백작이 되게 할 수 없습니다.",record,False,False,False,False,,
Oblivion.esm,DIAL,000C9FB6,TG11TalkToMillona11,FULL,0,,,TG11TalkToMillona11,TG11밀로나에게 대화 11,record,False,True,True,False,TOPIC_CHECK,TG
Oblivion.esm,INFO,00022E85,,NAM1,0,,,"I've stood right next to you, and you didn't even know it. I cried out to you ""Here I am! It's me, Corvus!"" but you just looked at me, confused.","바로 당신 옆에 있어도, 당신은 알아보지 못했소. 나는 당신에게 외쳤지 ""여기 내가 있소! 나로 나요, Corvus!"" 그러나 당신은 단지 혼란스럽게 날 쳐다볼 뿐이었소.",record,False,True,False,False,MEDIUM,Corvus
Oblivion.esm,DIAL,000C9FB7,TG11TalkToMillona10,FULL,0,,,TG11TalkToMillona10,TG11밀로나에게 대화 10,record,False,True,True,False,TOPIC_CHECK,TG
Oblivion.esm,INFO,00022E84,,NAM1,0,,,You mean you were unable to return?,당신이 돌아올 수 없었다는 뜻인가요?,record,False,False,False,False,,
Oblivion.esm,INFO,0007BA9C,,NAM1,0,,,"Once I donned the cowl, no-one in all of Tamriel could recognize me. With the cowl I became the Gray Fox. Without it, I was a stranger, even to you.","일단 이것을 착용하고 나서는, Tamriel의 모든 사람이 날 알아 보지 못했다오. 이것을 함께라면 나는 그레이 폭스가 되었소. 그게 없으면, 난 당신에게도조차 이방인일 뿐이었다오.",record,False,True,False,False,MEDIUM,Tamriel
Oblivion.esm,INFO,0007BA9B,,NAM1,0,,,"""Whoever wears Nocturnal's cowl shall have his name stricken from history."" ","""누군가 Nocturnal's cowl을 입는다면 그의 이름은 역사에 않좋게 남을 것이다."" ",record,False,True,False,False,MEDIUM,"Nocturnal's, cowl"
Oblivion.esm,INFO,00022E83,,NAM1,0,,,"Ten years ago I inherited this cowl from the former guildmaster of the Thieves Guild. I became the new guildmaster, but I also received it's curse.","10년전 내가 도둑길드 전 길드마스터로부터 이것을 상속해서 새 길드마스터가 되었지만, 저주도 함께 받았다오.",record,False,False,False,False,,
Oblivion.esm,INFO,00022E82,,NAM1,0,,,Corvus! Is it really you? Ten years I've waited for word from you. Why did you hide from me?,Corvus! 그게 정말인가요? 10년동안 당신으로부터 소식을 기다렸습니다. 왜 나한테서 사라진 거죠?,record,False,True,False,False,MEDIUM,Corvus
Oblivion.esm,INFO,00022E80,,NAM1,0,,,"I am also your missing husband, Corvus.","나는 당신의 실종된 남편, Corvus이기도 합니다.",record,False,True,False,False,MEDIUM,Corvus
Oblivion.esm,DIAL,000C9FBD,TG11TalkToMillona04,FULL,0,,,TG11TalkToMillona4,TG11밀로나에게 대화 4,record,False,True,True,False,TOPIC_CHECK,TG
Oblivion.esm,INFO,00022E7F,,NAM1,0,,,But...,하지만...,record,False,False,False,False,,
Oblivion.esm,DIAL,000C9FBE,TG11TalkToMillona03,FULL,0,,,TG11TalkToMillona3,TG11밀로나에게 대화 3,record,False,True,True,False,TOPIC_CHECK,TG
Oblivion.esm,INFO,00022E7E,,NAM1,0,,,"I am the Gray Fox, but you have not been betrayed.","내가 그레이 폭스지만, 당신은 배신을 해서는 안 되는 일이었습니다.",record,False,False,False,False,,
Oblivion.esm,INFO,00022E7D,,NAM1,0,,,You're the Gray Fox! I've been betrayed!,당신은 그레이 폭스(Gray Fox)요! 나는 배신을 당했어요!,record,True,True,False,False,HIGH,"Gray, Fox"
Oblivion.esm,DIAL,000CBC5B,MS04ClothesYes,FULL,0,,,"Sure, sounds good.","물론, 좋군요.",record,False,False,True,False,TOPIC_CHECK,
Oblivion.esm,DIAL,00146837,BattleMatronTopic,FULL,0,,,Battle Matron ,배틀 메이트론(Battle Matron),record,True,True,True,False,HIGH,"Battle, Matron"
Oblivion.esm,INFO,00146859,,NAM1,0,,,"That's Ysabel. She's sort of the Arena den mother. She handles the logistical stuff, as well as the training of the Grand Champion.",이사벨(Ysabel)을 말하는 거군. 그녀는 아레나 지하의 어머니로 통하지. 그랜드챔피언을 훈련시킴과 동시에 아레나 지하의 물품관리도 맡고 있어.,record,True,True,False,False,HIGH,Ysabel
Oblivion.esm,INFO,0014685A,,NAM1,0,,,"The Battle Matron serves as the Grand Champion's trainer and manager, among other things. Plus, I get to keep Owyn in line. Works for me.",Battle Maron 은 많은 일 중에서 그랜드 챔피언의 트레이너와 매니저 역할을 동시에 하지. 추가로 난 오윈(Owyn)라인을 지키고 있다네. 날 위해 일하게.,record,True,True,False,False,HIGH,"Battle, Maron, Owyn"
Oblivion.esm,INFO,0014685B,,NAM1,0,,,"That's Ysabel Andronicus, crabby old woman who sits over there. She's dear to me, so if you wrong her in any way, I'll rip your damn liver out.","이사벨(Ysabel) 안드로니쿠스를 말하는 거군. 저기 앉아있는 싸가지 없는 할망구 말이야. 말은 이렇게 해도,그녀는 나한테 소중한 사람이라고. 만약 네가 그녀에게 실수를 한다면, 난 네 주둥이를 찢어서 간을 뽑아버리겠어.",record,True,True,False,False,HIGH,Ysabel
Oblivion.esm,DIAL,00146838,GaidenShinjiTopic,FULL,0,,,Gaiden Shinji ,가이든 신지(Gaiden Shinji),record,True,True,True,False,HIGH,"Gaiden, Shinji"
Oblivion.esm,INFO,00146856,,NAM1,0,,,Who is Gaiden Shinji? Are you serious? ,Gaiden Shinji가 누구냐고? 너 진심이야? ,record,False,True,False,False,MEDIUM,"Gaiden, Shinji"
Oblivion.esm,INFO,00146856,,NAM1,1,,,"Gaiden Shinji was the first Arena Blademaster. It was he who oversaw construction of the Arena, back in the First Era. The Arena was... his dream.",Gaiden Shinji는 아레나의 첫번째 블레이드 마스터야. 그는 1세대 전부터 아레나의 건축을 보고있었대. 아레나는... 그의 꿈이였어.,record,False,True,False,False,MEDIUM,"Gaiden, Shinji"
Oblivion.esm,INFO,00146856,,NAM1,2,,,"To this day, an Arena combatant lives by Shinji's credo: ""The best techniques are passed on by the survivors."" To be the best, learn from the best.","오늘날, 투사들은 Gaiden Shinji의 신조에 맞춰 살고있지. ""최고의 기술은 곧 살아남는 것으로 넘어간다."" 최고가 되어라, 최고로부터 배워라.",record,False,True,False,False,MEDIUM,"Gaiden, Shinji"
Oblivion.esm,INFO,00146856,,NAM1,3,,,"Ironically, Shinji himself was killed, shortly after the Arena was completed. Even he could not survive the Thirty-Year Siege of Orsinium.","우습게도, 아레나가 완성된 다음에 그는 살해당하고 말았어. 그도 Orsinium의 포위로부터는 살아남을수 없었던거야.",record,False,True,False,False,MEDIUM,Orsinium
Oblivion.esm,INFO,00146857,,NAM1,0,,,"The first Arena Blademaster. Best damned warrior that ever lived, served the Order of Diagna. Got killed fighting the Orcs, Azura rest his soul.","최초의 블레이드 마스터다. 진짜 엄청난 전사였지. 디아그나(Diagna)의 기사이면서 말이야. 그가 오크에게 살해당한뒤, Azura는 그의 영혼을 휴식시켜줬다.",record,True,True,False,False,HIGH,"Diagna, Azura"
Oblivion.esm,INFO,00146858,,NAM1,0,,,"The history books detail his life as a warrior for the Order of Diagna, but he was also the first Blademaster. No Shinji, no Arena. Simple as that.","역사책은 그를 디아그나(Diagna)의 기사였다고 말하지만, 그는 아레나의 첫 번째 블레이드마스터였어. Shinji없이 아레나는 없는 거야. 간단한 이치지.",record,True,True,False,False,HIGH,"Diagna, Shinji"
Oblivion.esm,DIAL,00146839,BlademasterTopic,FULL,0,,,Blademaster ,블레이드마스터(Blademaster),record,True,True,True,False,HIGH,Blademaster
Oblivion.esm,INFO,00146853,,NAM1,0,,,"That's Owyn. He is in charge of the Arena. Arranges the fights, trains combatants, that sort of thing. Been that way since Gaiden Shinji.","오윈(Owyn)을 말하는군. 그는 싸움을 배치 하거나, 투사들을 훈련시킨다던가 뭐 그런일을 맡고 있지. Gaiden Shinji 때부터 말이야.",record,True,True,False,False,HIGH,"Owyn, Gaiden, Shinji"
Oblivion.esm,INFO,00146854,,NAM1,0,,,"That's me, genius. Down here, I'm the boss. I don't care if the Emperor's ghost is floating around. In the Bloodworks, he answers to me.",그건 바로 나를 말하는 거란다. 여기선 내가 짱이야. 지상에서 아무리 황제의 영혼이 떠돌고 다니고 있어도 난 신경 쓰지 않는다고. Bloodworks 안에서 그는 내게 답하지.,record,False,True,False,False,MEDIUM,Bloodworks
Oblivion.esm,INFO,00146855,,NAM1,0,,,"Owyn likes to think he's the boss, but without me, this place would fall apart. Who orders the ointment? Who mops up the blood? Me, that's who!",오윈(Owyn)은 자기가 보스라고 생각하는걸 좋아하지. 나는 아니야. 봐봐. 이 공간은 곧 무너지더라도 이상할게 없을것 같잖아. 누가 여기를 보수할까? 누가 위에서 흘러내려오는 피를 닦을까? 그건 바로 나라고!,record,True,True,False,False,HIGH,Owyn
Oblivion.esm,DIAL,0014683A,ArenaTopic,FULL,0,,,Arena ,아레나,record,False,False,True,False,TOPIC_CHECK,
Oblivion.esm,INFO,00146851,,NAM1,0,,,The Arena is the bloody jewel of the Imperial City. It's where all the best fighters from all over the Empire come to test their skills.,아레나는 임페리얼시티의 피의 보석과 같아. 시로딜 전 지역에서 강한 자들이 자신의 능력을 시험하기 위해 찾아오곤 하지.,record,False,False,False,False,,
Oblivion.esm,INFO,00146851,,NAM1,1,,,"If you think you've got what it takes, go talk to Owyn, the Blademaster. You'll find him in the Bloodworks, day and night.","뭐든 해보고 싶다면, Blade Master인 오윈(Owyn)에게 가봐. 그는 밤이든 낮이든 아레나의 지하에 있을테니까.",record,True,True,False,False,HIGH,"Blade, Master, Owyn"
Oblivion.esm,INFO,00146851,,NAM1,2,,,"But stay away from Ysabel, the Battle Matron. She doesn't deal with combatants, unless they want to challenge the Grand Champion.","하지만, Battle Maron 인 이사벨(Ysabel)에게서는 떨어져 있는게 좋을거야. 그녀는 그랜드챔피언에게 도전하는 투사가 아니면 신경도 쓰지 않으니까 말이야.",record,True,True,False,False,HIGH,"Battle, Maron, Ysabel"
Oblivion.esm,INFO,00146852,,NAM1,0,,,"It's our home away from home, isn't it? I guess you could say the Blademaster and Battle Matron are our mother and father, huh? Ha ha ha ha ha!",여긴 우리들에게는 또 다른 집과 같아. 넌 곧 Blade Master 와 Battle Maron 을 너의 어머니와 아버지처럼 여기게 될걸? 하하하하하!,record,False,True,False,False,MEDIUM,"Blade, Master, Battle, Maron"
Oblivion.esm,DIAL,0014C714,TG11PriestDeliverScroll,FULL,0,,,TG11PriestDeliverScroll,TG11 사제 두루마리 전달,record,False,True,True,False,TOPIC_CHECK,TG
Oblivion.esm,INFO,0014C71B,,NAM1,0,,,"Celia Camoran, I present to you the Elder Scroll you requested.","셀리아 케모런(Celia Camoran), 당신이 요청한 엘더스크롤을 제공합니다.",record,True,True,False,False,HIGH,"Celia, Camoran"
Oblivion.esm,DIAL,001778C3,MS48IlendA2,FULL,0,,,Hold on. I can use your help here.,기다려요. 여기서 날 도와주십시오.,record,False,False,True,False,TOPIC_CHECK,
Oblivion.esm,INFO,001778D0,,NAM1,0,,,"You're right. You're right. I can't just leave poor Menian to his fate. If he's still alive, we've got to try to save him.","맞소. 당신이 옳소. 가엾은 메니언(Menien)을 저대로 두고 갈 수는 없지. 그가 아직 살아있다면, 그를 구해야하오.",record,True,True,False,False,HIGH,Menien
Oblivion.esm,INFO,001778D0,,NAM1,1,,,Alright. Lead the way. Let's find Menian and get out of here.,좋소. 앞장서시오. 메니언(Menien)을 찾아 데리고 나갑시다.,record,True,True,False,False,HIGH,Menien
Oblivion.esm,DIAL,001778C4,MS48IlendA1,FULL,0,,,Fine. Captain Matius needs your help.,좋아. 마티우스 대장이 도움을 필요로 하고 있다.,record,False,False,True,False,TOPIC_CHECK,
Oblivion.esm,INFO,001778CF,,NAM1,0,,,The Captain is still holding the barricade? I figured I was the last one left alive.,대장이 아직 바리케이트를 지키고 있소? 혼자 남았을까 걱정이었소.,record,False,False,False,False,,
Oblivion.esm,INFO,001778CF,,NAM1,1,,,Alright. I'll try to get out of here and let the Captain know what's going on.,좋소. 여기서 나가 대장께 보고하고 합류하겠소.,record,False,False,False,False,,
Oblivion.esm,DIAL,001778D7,AdamusPhillidaTopic,FULL,0,,,Adamus Phillida ,아다무스 필리다(Adamus Phillida) ,record,True,True,True,False,HIGH,"Adamus, Phillida"
Oblivion.esm,INFO,001778E2,,NAM1,0,,,"The old man? Ha! He's easy to protect. Every day's the same. He vists the Coast Guard station, goes for a swim... never puts himself in harm's way. ","그 할아버지요? 하하, 보호하기가 쉽죠. 매일매일이 똑같아요. 연안수비대(Coast Guard Station)에 방문하시고, 수영하러 가시고... 절대로 위험을 자초하시지 않죠.",record,True,True,False,False,HIGH,"Coast, Guard, Station"
Oblivion.esm,INFO,001778E3,,NAM1,0,,,He... He's dead. And on my watch... I've failed... Failed everyone...,그가... 그는 죽었어요. 그리고 내 눈앞에서... 내가 실패했다고... 모두가 실패한... ,record,False,False,False,False,,
Oblivion.esm,DIAL,001885CE,SQ01No,FULL,0,,,Not today thanks.,오늘은 됐어요.,record,False,False,True,False,TOPIC_CHECK,
Oblivion.esm,INFO,001885DF,,NAM1,0,,,Very well. Come back if you change your mind.,그래. 맘이 바뀌면 다시 오라구.,record,False,False,False,False,,
Oblivion.esm,DIAL,001885CF,SQ01Yes,FULL,0,,,"Yes, please. Here's 25 gold.","네. 부탁해요, 여기 25골드 있습니다.",record,False,False,True,False,TOPIC_CHECK,
Oblivion.esm,INFO,001885DE,,NAM1,0,,,Hot out of the oven! Enjoy! Come back if you want more.,구운지 얼마 안되서 따끈따끈! 맛있게 먹어! 더 먹고 싶거든 언제든지 오셔.,record,False,False,False,False,,
Oblivion.esm,INFO,00088BD2,,NAM1,0,,,Please! Don't insult me! You don't have enough money to pay for my bread. Come back when you do!,어이! 웃기지 마! 빵 살 돈이 없잖아. 돈이 생기거든 다시 오셔!,record,False,False,False,False,,
Oblivion.esm,DIAL,001885D0,SQ01Bread,FULL,0,,,Potato Bread,감자 빵(Potato Bread),record,True,True,True,False,HIGH,"Potato, Bread"
Oblivion.esm,INFO,001885DD,,NAM1,0,,,Would you like to buy some of my Famous Potato Bread?,나의 Famous Potato Bread을 사고 싶은가요?,record,False,True,False,False,MEDIUM,"Famous, Potato, Bread"
Oblivion.esm,DIAL,001885D1,SQ01Potatoes,FULL,0,,,Jumbo Potatoes,점보 감자(Jumbo Potatoes),record,True,True,True,False,HIGH,"Jumbo, Potatoes"
Oblivion.esm,INFO,000C55C5,,NAM1,0,,,Oh my goodness! You found them! Ohhhh! I could kiss you!,"오오 신이시여, 그걸 찾았구만, 자네에게 키스라도 해줘야 할텐데...",record,False,False,False,False,,
Oblivion.esm,INFO,000C55C5,,NAM1,1,,,"As promised, I owe you a reward for your efforts. I present you with my first batch of Famous Potato Bread! More valuable than gold! Enjoy!","약속대로, 자네의 노력에 대한 대가를 빚진게 있으니, 내가 금방 구운 감자빵을 주도록 하겠네, 돈보다 더 가치 있을거야, 맛있게 먹게나!",record,False,False,False,False,,
Oblivion.esm,INFO,0018885E,,NAM1,0,,,"My potatoes are like my children. I care for and nurture each one individually. That way, they grow up to be big and strong.","나의 감자들은 내 아이들과 마찬가지야. 하나하나 소중히 돌봐줘서 키우고 있어. 그렇게 해야, 강하고 크게 자라나게 되는거야.",record,False,False,False,False,,
Oblivion.esm,INFO,001885DB,,NAM1,0,,,"Please, you must help me find them! If I don't have them for the next batch of my Famous Potato Bread, I don't know what I'll do!","제발...그걸 찾는데 도움을 주게!, 만일 그것이 없다면, 내가 굽는 유명한 감자빵을 만드는데 무엇을 해야 할지 모르겠다네.",record,False,False,False,False,,
Oblivion.esm,INFO,001885DB,,NAM1,1,,,"How stupid I was to leave them outside all alone like that! All I wanted to do was give them some sun. Next thing I knew, they were gone!","내가 바보였지, 어떻게 그것을 밖에 방치할 생각을 했는지.. 단지 햇빛을 받게 해주려고 했을 뿐인데, 그리고는 그것이 모두 사라져 버렸다네.",record,False,False,False,False,,
Oblivion.esm,INFO,001885DB,,NAM1,2,,,"I saw someone running off to the west, but I'm too frightened to journey into the woods alone. Please... can you help me? I'll pay you well, I swear!","나는 누군가 서쪽으로 달아나는 것을 보았네만 나 혼자 숲으로 들어 간다는게 너무 무서웠어, 제발.. 나를 도와줄수 있겠나? 후하게 보상해 주지. 맹세하네.",record,False,False,False,False,,
Oblivion.esm,DIAL,00189179,SQ02Skooma,FULL,0,,,Skooma Dealers,스쿠마 밀매꾼(Skooma Dealers),record,True,True,True,False,HIGH,"Skooma, Dealers"
Oblivion.esm,INFO,0018917C,,NAM1,0,,,You've done it! I can't even begin to thank you enough.,당신이 해내셨군요! 어떻게 감사 하다고 해야할지 모르겠습니다.,record,False,False,False,False,,
Oblivion.esm,INFO,0018917C,,NAM1,1,,,"By the Divines, I salute you in the name of the Legion. Here is your well-earned reward.","디바인의 이름으로, 병사로서의 예의로 경의를 표합니다. 여기 당신의 보상금이 있습니다.",record,False,False,False,False,,
Oblivion.esm,INFO,0018917D,,NAM1,0,,,Don't turn your back on Lonavo for a second. He wouldn't think twice about burying his blade there.,잠시라도 Lonavo에게서 등을 돌리지 말게. 그자는 자네 등에 검을 꽂는걸 망설이지 않을거야.,record,False,True,False,False,MEDIUM,Lonavo
Oblivion.esm,INFO,00189180,,NAM1,0,,,A small group of Skooma dealers led by a Dunmer named Kylius Lonavo is holed up in the Greyland Settlement just up the road.,소수의 스쿠마 거래상들을 이끄는 다크엘프 Kylius Lonavo가 바로 저 도로 위쪽에 거주하고 있습니다.,record,False,True,False,False,MEDIUM,"Kylius, Lonavo"
Oblivion.esm,INFO,00189180,,NAM1,1,,,"I've been trying to catch Lonavo for months, but every time I approach the place, his lookout sees me and he goes running.",저는 그를 잡으려고 몇주 동안을 노력했죠. 하지만 매번 그 집에 접근하면 그의 보초가 나를 발견하고 그는 도주하고 맙니다.,record,False,False,False,False,,
Oblivion.esm,INFO,00189180,,NAM1,2,,,I need someone to go in there and put a stop to those fetchers. I don't care what it takes. We must get that poison they're selling off the street.,저는 누군가 거기에 들어가서 마약 공급을 멈추게 해야합니다. 어떠한 대가를 치르게 되어도 상관 없습니다. 그들이 거리에서 그 독약을 판매하는 것을 멈추게 해야합니다.,record,False,False,False,False,,
Oblivion.esm,INFO,00189180,,NAM1,3,,,Bring me Lonavo's ring as proof he's... been dealt with... and I'll give you the bounty on him.,그가 한 일에 대한 대가로 그의 목덜미를 잡게 해주세요. 그에게 걸린 현상금을 드리겠습니다.,record,False,False,False,False,,
Oblivion.esm,DIAL,00189CF7,SQ03Continue,FULL,0,,,"I'm sorry Corrick, how can I help?","코릭, 무슨 일이세요?",record,False,False,True,False,TOPIC_CHECK,
Oblivion.esm,INFO,00189D08,,NAM1,0,,,I'll tell you how you can help.,제가 어떻게 도울지 말씀 드리죠.,record,False,False,False,False,,
Oblivion.esm,INFO,00189D08,,NAM1,1,,,Kill those things. Every last one of them! They destroyed eveything I hold dear!,그것들을 죽여 주세요. 마지막 한 놈까지 죽여 주세요. 그들은 제가 가진 소중한 것을 모두 파괴했어요!,record,False,False,False,False,,
Oblivion.esm,INFO,00189D08,,NAM1,2,,,"In their greed, the creatures grabbed a Jade Amulet off of Kayleen's... body. Bring me back that amulet, so I may use it to remember her by.",그들의 욕심으로 그들른 제 처의 시신에 있는 옥 아뮬렛을 가져 갔답니다. 그것을 제게 가져다 주세요. 그래서 그것으로 나마 그녀를 기억 할 수 있도록...,record,False,False,False,False,,
Oblivion.esm,DIAL,00189CF8,SQ03Avenge,FULL,0,,,Avenge,복수,record,False,False,True,False,TOPIC_CHECK,
Oblivion.esm,INFO,00189CF9,,NAM1,0,,,"Then it's finally done. The Goblins have paid with their blood, and my wife's brutal slaying is avenged.",그렇다면 그것으로 모두 끝이군요. 그들읜 그들의 죄를 피로 갚았습니다. 그리고 야만스럽게 죽임을 당한 제 처의 복수도 말이죠.,record,False,False,False,False,,
Oblivion.esm,INFO,00189CF9,,NAM1,1,,,"You risked life and limb for a cause that wasn't your own. For that, I'm grateful. Please, accept these gems as a token of my gratitude.",그 위험은 당신이 감수해야 할 것이 아니었습니다. 그것에 대해 기쁘게 감사히 생각합니다. 감사의 표시로 이 보석을 받아 주세요.,record,False,False,False,False,,
Oblivion.esm,INFO,00189CF9,,NAM1,2,,,"They're all I have left of value, but you must have them. I insist.","그것들은 제가 가진 가치 있는 것의 전부 입니다. 하지만, 그것은 당신의 받아 주셔야 합니다. 꼭 받아 주셔야만 합니다.",record,False,False,False,False,,
Oblivion.esm,INFO,00189CFC,,NAM1,0,,,But... this is amazing!,아니... 이거 놀랍군요!,record,False,False,False,False,,
Oblivion.esm,INFO,00189CFC,,NAM1,1,,,"I haven't tasked you to bring the amulet back to me, and yet you have. I don't know which of the Divines sent you, but I appreciate what you've done.","전 당신에게 그 아뮬렛을 제게 가져와 달라고 부탁한 적이 없습니다. 하지만 당신이 그걸 가져와 주셨군요. 디바인들 중의 누가 당신을 제게 보냈는지는 모르겠습니다만, 당신이 하신 일에 대해선 감사하고 있습니다.",record,False,False,False,False,,
Oblivion.esm,INFO,00189CFC,,NAM1,2,,,Those Goblins in Exhausted Mine you got this from killed my poor wife while I was away from home. Now I have my vengeance.,Exhausted Mine 에 있는 그 고블린들이 제가 집을 비웠을 때 제 불쌍한 아내를 죽이고 그 아뮬렛을 가져갔습니다. 이제 제 복수를 이뤘네요.,record,False,True,False,False,MEDIUM,"Exhausted, Mine"
Oblivion.esm,INFO,00189CFC,,NAM1,3,,,"And now you have a reward. Please, take it. It's everything I have left of value, but it's the least I can do.",그리고 여기 보답입니다. 부디 이걸 받아 주세요. 제가 할수 있는 최소한이지만 남아있는 값나가는 것들 전부입니다.,record,False,False,False,False,,
Oblivion.esm,INFO,00189D07,,NAM1,0,,,"Barely a week ago, I left Harm's Folly to go buy supplies as I usually do once a month. What a fool I was to leave my wife alone.","몇주전에, 저는 보통 한달에 한번 구입하는 생필품을 사기 위해 집을 떠났었죠. 내가 바보였지. 내 처를 집에 혼자 두다니.",record,False,False,False,False,,
Oblivion.esm,INFO,00189D07,,NAM1,1,,,"The Goblins must have been watching me, as they knew right when to strike. I could hear Kayleen's screams from far away.",고블린을 틀림 없이 저를 감시 했던겁니다. 그들이 언제 공격을 할지 알고 있었던 거죠. 저는 제 처 Kayleen의 비명 소리를 멀리서 들을 수 있었습니다.,record,False,True,False,False,MEDIUM,Kayleen
Oblivion.esm,INFO,00189D07,,NAM1,2,,,Those wretched beasts killed her! Filthy animals! Had I only been there to stop them!,그 비열한 짐승들이 제 처를 죽였습니다. 그 추악한 동물들이 말이죠! 내가 그곳에 있었다면 막을 수 있는 참사였죠!,record,False,False,False,False,,
Oblivion.esm,DIAL,0018A952,SQ04Continue,FULL,0,,,What did your research involve?,무슨 연구를 하고 있었습니까?,record,False,False,True,False,TOPIC_CHECK,
Oblivion.esm,INFO,0018A95D,,NAM1,0,,,"Well, if you must know, I've been studying the Welkynd Stones. Yes, the aquamarine colored crystals usually native to Ayleid ruins.","뭐, 자네가 알아야만 한다면야, 난 Welkynd Stone 을 연구해왔다네. 그래, 대개 Yes, Ayleid 유적에서 발견되는 청록색 크리스탈이지.",record,False,True,False,False,MEDIUM,"Welkynd, Stone, Yes, Ayleid"
Oblivion.esm,INFO,0018A95D,,NAM1,1,,,It seems I'm the first to discover them growing in a natural cave. That's about all I can say about it.,그것들이 천연 동굴에서도 생성된다는 걸 내가 처음 발견한 것 같아. 그게 내가 말할 수 있는 전부일세.,record,False,False,False,False,,
Oblivion.esm,DIAL,0018A953,SQ04Notes,FULL,0,,,Research Notes,연구 기록,record,False,False,True,False,TOPIC_CHECK,
Oblivion.esm,INFO,0018A957,,NAM1,0,,,Splendid... just splendid!,훌륭하네... 정말 훌륭해!,record,False,False,False,False,,
Oblivion.esm,INFO,0018A957,,NAM1,1,,,I'd almost feared that you'd never return. I'm glad to see I was incorrect.,자네가 돌아오지 않을까 봐 거진 염려했었다네. 내가 틀렸다는 게 기쁘구먼.,record,False,False,False,False,,
Oblivion.esm,INFO,0018A957,,NAM1,2,,,"As promised, I'd like to compensate you for your efforts.",약속한대로 자네의 노력에 보답하고 싶네.,record,False,False,False,False,,
Oblivion.esm,INFO,0018A958,,NAM1,0,,,You're a clever one.,"자넨 재치 있는 사람이네,그려.",record,False,False,False,False,,
Oblivion.esm,INFO,0018A958,,NAM1,1,,,"I was hoping if someone came across my notes in that cave, they'd take the time to read them and trace me back to the Imperial Bridge Inn.","누군가가 동굴에서 내 노트를 발견해 내용을 읽고, 임페리얼 브릿지 여관(Imerial Bridge Inn)에 있는 나에게 전해주지 않을까 하고 빌고 있었네.",record,True,True,False,False,HIGH,"Imerial, Bridge, Inn"
Oblivion.esm,INFO,0018A958,,NAM1,2,,,"Being the first person to discover Welkynd Stones growing outside their natural environment, I was worried a rival researcher would snatch them.","통상의 환경외에서 성장한 Welkynd Stone을 발견한 최초의 인물이 되기 위해서, 노트가 다른 연구자에게 넘어갈까 염려하고 있었네.",record,False,True,False,False,MEDIUM,"Welkynd, Stone"
Oblivion.esm,INFO,0018A958,,NAM1,3,,,"Fortunately for me, you found them. Allow me to compensate you for the time it took you to travel here.",내겐 천만다행인 것이 자네가 그걸 찾았다는 걸세. 이것을 주려고 여기까지 여행한 자네에게 감사의 표시를 하도록 허락하게나.,record,False,False,False,False,,
Oblivion.esm,INFO,0018A95C,,NAM1,0,,,"I was doing some research in Bramblepoint Cave, and suddenly I was attacked. I grabbed everything I could and ran, but I fear I dropped my notes.","Bramblepoint Cave에서 몇가지 조사를 하고 있던중, 돌연 습격을 당한 것이네. 될 수 있는한 물건을 가지고 도망쳐 왔지만, 노트를 떨어뜨리고 와버린 것 같네.",record,False,True,False,False,MEDIUM,"Bramblepoint, Cave"
Oblivion.esm,INFO,0018A95C,,NAM1,1,,,"Those notes are very important to me and represent ten years of my life. If you could recover them, I'd be sure to reward you appropriately.","그 노트는, 나의 10년의 연구 성과이며, 매우 중요한 것이라네. 자네가 회수만 해 준다면, 반드시 답례를 해주겠네.",record,False,False,False,False,,
Oblivion.esm,DIAL,0018ABCC,SQ05RaelynntheGravefinder,FULL,0,,,Raelynn the Gravefinder,무덤추적자 레일린(Raelynn the Gravefinder),record,True,True,True,False,HIGH,"Raelynn, the, Gravefinder"
Oblivion.esm,INFO,0018ABD4,,NAM1,0,,,"I realize it's in poor taste to celebrate anyone's demise, but Raelynn was evil through-and-through. You've done the right thing.","누군가의 죽음이 축하할 만한 일은 아니지만, 그녀는 철저히 악마였습니다. 당신은 옳은 일을 하신 겁니다.. ",record,False,False,False,False,,
Oblivion.esm,INFO,0018ABD4,,NAM1,1,,,I believe we had a contract. Here's my part.,우리가 계약을 했었다고 생각하는데요. 여기 제 것이 있습니다.,record,False,False,False,False,,
Oblivion.esm,INFO,0018ABD6,,NAM1,0,,,"A few months ago, that witch of a Necromancer decided to inhabit Moss Rock Cavern just north of my inn.",몇 달 전에 그 네크로 맨서의 마녀가 제 여관의 북쪽에 있는 Moss Rock Carvern에 살기로 했습니다.,record,False,True,False,False,MEDIUM,"Moss, Rock, Carvern"
Oblivion.esm,INFO,0018ABD6,,NAM1,1,,,"I don't know what she does in there; frankly, I don't want to know. However, I do know that after she arrived, the woods at night became unsafe.","저는 그녀가 거기서 뭘하는지 몰랐죠. 솔직히, 알고 싶지도 않았구요. 그렇지만, 그녀가 온 이후 그 숲이 밤에는 안전치 않게 되었다는 것은 알수 있어요.",record,False,False,False,False,,
Oblivion.esm,INFO,0018ABD6,,NAM1,2,,,"I've seen undead of all types walking in the dark woods near the cave entrance. Now, this area's getting a bad reputation and my business has waned.","그 동굴 주면의 숲에서 온갖 언데드 들이 걸어 다니는 것을 보아 왔거든요. 이제 이 지역은 평판이 나빠지기 시작했고, 제 사업은 쇠퇴했어요.",record,False,False,False,False,,
Oblivion.esm,INFO,0018ABD6,,NAM1,3,,,"Every day, it seems the number of undead increase. If someone can get into the cave and kill Raelynn, maybe we can stem the tide.","매일 매일 그 언데드 들의 수가 증가 하는 것 같습니다. 누군가 그 동굴에 들어가 Raelynn을 죽인다면, 그 수가 늘어 나는 것을 방지 할 수 있을겁니다.",record,False,True,False,False,MEDIUM,Raelynn
Oblivion.esm,INFO,0018ABD6,,NAM1,4,,,Her death pays a handsome bounty. I hope you'll take advantage of the opportunity.,그녀의 죽음에 큰 현상금을 제공 할겁니다. 저는 당신이 이 좋은 기회를 잡으시길 바래요.,record,False,False,False,False,,
Oblivion.esm,INFO,0018AD6A,,NAM1,0,,,Gods. I don't even notice any more. I guess you can get used to anything.,"신이시여. 무슨 일인지는 모르겠지만, 익숙해지겠지요.",record,False,False,False,False,,
Oblivion.esm,INFO,0018AD68,,NAM1,0,,,I know what you're talking about. I don't even try. I just keep going until I drop.,무슨 말인지 알아. 난 바둥바둥 애쓰지는 않아. 다만 쓰러질 때까지 멈추지 않을 뿐이지.,record,False,False,False,False,,
Oblivion.esm,INFO,0018AD66,,NAM1,0,,,I'm angry. I want to stay angry. That anger keeps me going.,화가 나. 화나는걸 멈추고 싶지도 않아. 지금은 화가 나를 지탱해주고 있어.,record,False,False,False,False,,
Oblivion.esm,INFO,0018AD64,,NAM1,0,,,"Don't forget. Camoran Usurper burned Kvatch, too. Kvatch was rebuilt from ruins once before, and she'll do it again.",잊지 마. 약탈자 케모런(Camoran)이 크바치(Kvatch)를 또 태워 버렸어. 크바치(Kvatch)는 이전에도 폐허에서 일어선 적이 있고 이번에도 신은 다시 우릴 도울거야.,record,True,True,False,False,HIGH,"Camoran, Kvatch, Kvatch"
Oblivion.esm,INFO,0018AD62,,NAM1,0,,,Don't give up. You're not alone. And the chapels and the Elder Council will help us. It just takes time.,포기하지 맙시다. 우린 외롭지 않아요. 성당도 있고 원로위원회도 있어요. 단지 시간이 좀 걸릴 뿐이에요.,record,False,False,False,False,,
Oblivion.esm,INFO,0018AD60,,NAM1,0,,,"It's possible. Or maybe she got out, and she's looking for you, too?",신이 다시 돌아와 너를 봐줄 것 같아?,record,False,False,False,False,,
Oblivion.esm,INFO,0018AD5E,,NAM1,0,,,I don't know. What could we have done to deserve this?,도무지 모르겠어. 어떤 희망으로 견뎌내지?,record,False,False,False,False,,
Oblivion.esm,DIAL,0018AE73,GuardGoodbye,FULL,0,,,GuardGoodbye,경비병 작별 인사,record,False,False,True,False,TOPIC_CHECK,
Oblivion.esm,INFO,00026BC5,,NAM1,0,,,It's about time.,시간이 됐군.,record,False,False,False,False,,
Oblivion.esm,INFO,00026BC6,,NAM1,0,,,My feet are killing me.,발이 너무 무거워.,record,False,False,False,False,,
Oblivion.esm,INFO,00026BC7,,NAM1,0,,,"Another day, another septim.","또 다시, 또 다른 셉팀을.",record,False,False,False,False,,
Oblivion.esm,INFO,00026BD0,,NAM1,0,,,Good. I'm hungry.,좋아. 배고프군.,record,False,False,False,False,,
Oblivion.esm,DIAL,0018AE74,ImperialPalace,FULL,0,,,Imperial Palace,제국 궁전(Imperial Palace),record,True,True,True,False,HIGH,"Imperial, Palace"
Oblivion.esm,INFO,0018AE7D,,NAM1,0,,,"This is where the Emperor lives, when there is one. The council meets on the first floor.",이 곳은 황제가 계실 땐 황제의 거처였습니다. 회의는 1층에서 하죠.,record,False,False,False,False,,
Oblivion.esm,INFO,0018AE7D,,NAM1,1,,,The first and second floors are public. All other parts of the palace are strictly off limits.,1층과 2층은 개방되어 있습니다. 다른 모든 층들은 출입금지죠.,record,False,False,False,False,,
Oblivion.esm,DIAL,0018AFD4,SQ06Bears,FULL,0,,,Bears,곰,record,False,False,True,False,TOPIC_CHECK,
Oblivion.esm,INFO,0018AFD5,,NAM1,0,,,I can't believe it. ,믿을 수가 없군요. ,record,False,False,False,False,,
Oblivion.esm,INFO,0018AFD5,,NAM1,1,,,You actually did it!,당신이 정말 그걸 해내다니!,record,False,False,False,False,,
Oblivion.esm,INFO,0018AFD5,,NAM1,2,,,"Well, I hope this will eventually drive them away. There may be a few stragglers, but I think this should do it.","이 일이 언제 가는 그것들을 멀리 쫓아내길 바래요. 어슬렁거리는 놈들이 몇 마리 남아 있을지도 모르지만, 이 일은 그것을 가능하게 한다고 생각합니다.",record,False,False,False,False,,
Oblivion.esm,INFO,0018AFD5,,NAM1,3,,,"Now, how about that reward I promised?","자, 약속한 보상이 얼마였죠?",record,False,False,False,False,,
Oblivion.esm,INFO,0018AFD6,,NAM1,0,,,Let me see a fang.,엄니를 보여주세요.,record,False,False,False,False,,
Oblivion.esm,INFO,0018AFD6,,NAM1,1,,,"Hmmm... good. This has to be from one of the beasts. Excellent. Soon, you'll have them on the run.","흠... 좋아요. 이것은 그 짐승들 중의 하나에게서 취한 것이 틀림없군요. 훌륭합니다. 곧, 당신은 그것들을 처리하겠군요.",record,False,False,False,False,,
Oblivion.esm,INFO,0018AFE0,,NAM1,0,,,"I've had attacks on my small flock of sheep lately. I was hoping that building a fence would solve the problem, but it hasn't helped at all.",최근 제 작은 양떼가 공격받았답니다. 이 문제를 해결하려고 울타리를 세웠지만 그것은 전혀 도움이 되지 않았죠.,record,False,False,False,False,,
Oblivion.esm,INFO,0018AFE0,,NAM1,1,,,"Then, one day when I was just about to step outside, I saw the culprits. A group of West Weald Bears was dragging away a sheep carcass.","어느 날 밖으로 나가보니, West Weald Bear 무리가 제 양을 죽여 끌고 가지 뭡니까?",record,False,True,False,False,MEDIUM,"West, Weald, Bear"
Oblivion.esm,INFO,0018AFE0,,NAM1,2,,,"There's no way I can fight those ferocious beasts off on my own. If you could thin the population a bit, they would probably leave the area.",제 자신의 힘으론 그 잔인한 짐승들과 싸울 방법이 없었죠. 만약 당신이 그 개체 수를 줄일 수 있다면 필시 그 놈들은 그 지역을 떠나게 될 겁니다.,record,False,False,False,False,,
Oblivion.esm,INFO,0018AFE0,,NAM1,3,,,"I'll tell you what. Kill six of the things, bring me their fangs as proof, and I'll reward you well. Please, you're my only hope.",부탁할게요. 그 놈들 여섯 마리를 죽여서 그 증거로 놈들의 엄니를 가져와 주세요. 잘 보상해드리겠습니다. 부탁입니다. 당신이 제 희망이에요.. ,record,False,False,False,False,,
Oblivion.esm,INFO,0018B210,,NAM1,0,,,"Bastards. If I ever got a hold of one of them, I'd put 'em in the fire, like the old days.","잡종들. 내가 그 놈들을 잡는다면, 예전처럼 불 속으로 처넣고 말겠어.",record,False,False,False,False,,
Oblivion.esm,INFO,0018B211,,NAM1,0,,,"I heard the same thing. I'm not sure I believe it though. I mean, who would be crazy enough to help the daedra invade Tamriel?", 나도 같은 말을 들었어. 믿기는 하지만 확신은 할 수 없어. 데이드라가 탐리엘(Tamriel)에 침입하는것을 도와줄 만큼 미친 놈이 있을까?,record,True,True,False,False,HIGH,Tamriel
Oblivion.esm,INFO,0018B20F,,NAM1,0,,,I just don't think about it. The Elder Council will take care of things. Sooner or later.,그렇치만은 않타고 보네. 조만간 원로 위원회가 사태를 수습할걸세.,record,False,False,False,False,,
Oblivion.esm,INFO,0018B20C,,NAM1,0,,,No. They were taken by surprise. I'm sure the Legion has everything under control.,"아니, 불의의 습격을 당했을 뿐입니다. 제국군은 사태를 파악하고 있을거라 생각해요.",record,False,False,False,False,,
Oblivion.esm,INFO,0018B20D,,NAM1,0,,,"I don't know... first the emperor and his sons murdered, now this... yet I fear that the worst is still to come.","모르겠군... 처음 황제와 그의 후계자들이 살해되고, 이제는... 이미 최악의 상황은 아닌지 두렵군.",record,False,False,False,False,,
Oblivion.esm,INFO,0018B20E,,NAM1,0,,,I don't know. I hear that those Oblivion Gates are opening everywhere. They say the Legion is stretched to the limit across the Empire.,모르겠군. 저 오블리비언 게이트들이 곳곳에서 열리고 있다고 들었어. 그들의 군대는 제국의 국경까지 뻗어있다고 하더군.,record,False,False,False,False,,
Oblivion.esm,DIAL,0018BC21,MS14ChoiceHeardYes,FULL,0,,,There's no time for idle chatter.,수다떨 시간은 없습니다.,record,False,False,True,False,TOPIC_CHECK,
Oblivion.esm,INFO,0018BC2A,,NAM1,0,,,"Oh. Yes, of course you're right. I shouldn't be telling stories when he could be in danger.","아, 네. 당신말이 맞아요. 그가 위험한데 이런 말을 할 시간이 없죠..",record,False,False,False,False,,
Oblivion.esm,DIAL,0018BC22,MS14TruepaintTopicNo,FULL,0,,,No thanks. How do we get out of here?,"아니, 괜찮아요. 어떻게 여기를 빠져나가죠?",record,False,False,True,False,TOPIC_CHECK,
Oblivion.esm,INFO,0018BC29,,NAM1,0,,,Our only hope is to defeat the Painted Trolls.,"좋아, 우리의 유일한 희망은 Painted Troll들을 쓸어버리는 걸세. ",record,False,True,False,False,MEDIUM,"Painted, Troll"
Oblivion.esm,DIAL,0018BC2D,Gift,FULL,0,,,Gift,선물,record,False,False,True,False,TOPIC_CHECK,
Oblivion.esm,INFO,0018BC2F,,NAM1,0,,,"A gift, for me?",선물을? 나에게?,record,False,False,False,False,,
Oblivion.esm,INFO,0018BC2F,,NAM1,1,,,"Oh, my. This is from Pranal, isn't it? He's such a sweet man. I do enjoy his company, but I'm afraid I just don't have romantic feelings for him.","어머나. Pranal이 보냈죠, 맞죠? 그는 정말 상큼한 남자에요. 그와 교제하는건 좋아요. 근데 유감이지만 딱히 로맨틱한 감정을 갖고 있는건 아니에요.",record,False,True,False,False,MEDIUM,Pranal
Oblivion.esm,INFO,0018BC2F,,NAM1,2,,,"Well, these are simply beautiful. Thank you so much. And there's no need to let him know that I know where they came from. You understand.",고마워요. 솔직히 말해서 기뻐요. 그래도 그에게 이런 일을 할 필요는 없다고 전해주세요. 아시겠죠?,record,False,False,False,False,,
Oblivion.esm,INFO,0018BC30,,NAM1,0,,,"Ah, wonderful! I'm sure they'll make her happy. It's the least I can do; she's brought so much joy into my life, whether she knows it or not.","오, 대단하군! 그녀가 분명 기뻐 할거야. 그녀가 알고 있는지 모르겠지만, 이것은 내 인생을 기쁨으로 채워준 그녀에게 주는 자그마한 선물이야.",record,False,False,False,False,,
Oblivion.esm,INFO,0018BC30,,NAM1,1,,,"Thank you for indulging an old man's whims. Now, you wanted to learn something about Heavy Armor, didn't you? I think I can help.",늙은 노인의 변덕과 상대해줘서 고마워. 지금 중무장에 대해서 배우고 싶지 않아? 내가 도울수 있을거야.,record,False,False,False,False,,
Oblivion.esm,INFO,0018BC31,,NAM1,0,,,Just give them to her; say they're from a friend. She doesn't need to know I'm the one responsible.,전해주기만 해주게; 친구가 주는거라고 말해줘. 보낸 사람이 나란걸 그녀가 알 필요는 없어요.,record,False,False,False,False,,
Oblivion.esm,INFO,0018BC33,,NAM1,0,,,"Ah, these look lovely. I'm sure she'll like them.","아, 사랑스러워요. 그녀도 마음에 들어 할게 분명합니다.",record,False,False,False,False,,
Oblivion.esm,INFO,0018BC33,,NAM1,1,,,You just go give them to her. No need to let her know where they came from; it doesn't matter. So long as she's happy.,당신은 그녀에게 전해주기만 하면 돼요. 그녀가 이것이 누구에게서 왔는지 알 필요는 없어요: 그것은 중요하지 않아요. 그녀가 행복할 수 있다면요.,record,False,False,False,False,,
Oblivion.esm,INFO,0018BC39,,NAM1,0,,,"When you've got the silver pitcher and the four glasses, let me know. I can't wait to see the look on her face.","당신이 실버피처 1개와 실버 글래스4개를 구했을 때, 알려주게. 나는 빨리 그녀의 얼굴을 보고 싶네.",record,False,False,False,False,,
Oblivion.esm,DIAL,0018BC2E,MaleneTopic,FULL,0,,,Malene,멀린(Malene),record,True,True,True,False,HIGH,Malene
Oblivion.esm,INFO,0018BC38,,NAM1,0,,,"I'm no fool. I know she'd never be interested in an old man like me. It's enough just to be around her, to be in her company.","나는 바보가 아니야. 그녀가 나 같은 늙은 남자에게 흥미가 없다는 건 알고 있어. 그저 그녀의 곁에 있는 것만으로, 그녀의 친구로 있는 것만으로 충분해.",record,False,False,False,False,,
Oblivion.esm,INFO,0018BC38,,NAM1,1,,,"Well, if you're dead set on learning something from me, then how about you do a little something for me, first? Something for her, to be honest.","그래, 다만 나에게서 배우고 싶다면, 먼저 나에게 뭔가 해달라고 할까? 그녀를 위한 무엇인가를 성실하게 하게. ",record,False,False,False,False,,
Oblivion.esm,INFO,0018BC38,,NAM1,2,,,"I'd like to get her a gift of a sort. Nothing terribly fancy, and something useful.... How about a nice silver pitcher, and a set of four glasses.",작은 선물을 그녀에게 전달하고 싶군. 몹시 특이한 것은 쓰임새가 없어 안된다고 하고... 실버 피처1개와 실버 글래스 4개가 어떤가.,record,False,False,False,False,,
Oblivion.esm,INFO,0018BC38,,NAM1,3,,,"Here's 50 gold to cover the costs; that should be more than enough. Come see me when you've got everything, and we'll talk more.","50골드 그 정도면 될 거야; 그것이면 충분할거야. 모두 손에 넣으면 날 만나러 와, 그러면 더 이야기해보자.",record,False,False,False,False,,
Oblivion.esm,DIAL,0018BC59,Message,FULL,0,,,Message for J'baana,즈바나(J'baana)를 위한 전갈,record,True,True,True,False,HIGH,J'baana
Oblivion.esm,INFO,0018BC5A,,NAM1,0,,,"Ah, yes. Thank you.","아, 네. 고맙습니다.",record,False,False,False,False,,
Oblivion.esm,INFO,0018BC5A,,NAM1,1,,,I see nothing has changed. How... disappointing.,바뀐게 아무것도 없지 않나. 매우... 실망이군.,record,False,False,False,False,,
Oblivion.esm,INFO,0018BC5A,,NAM1,2,,,"Nevertheless, you have done your part. Now, if you wish to learn from me, I have much I can teach you.",그래도 어쨋든 자넨 자네 일을 해냈군. 이제 나에게 배우고 싶다면 자네에게 가르쳐 줄 수 있는 게 많지.,record,False,False,False,False,,
Oblivion.esm,INFO,0018BC5C,,NAM1,0,,,I've given you the message. There's nothing more I can do.,자네에게 이미 말하지 않았나. 더 이상 내가 할 수 있는 건 없다구.,record,False,False,False,False,,
Oblivion.esm,INFO,0018BC66,,NAM1,0,,,What?,뭐?,record,False,False,False,False,,
Oblivion.esm,INFO,0018BC66,,NAM1,1,,,I... J'baana was informed already.... The delays are not my fault...,난... 즈바나는 이미 언제일지 알려줬어요.... 지연된 시간은 제 탓이 아니에요... ,record,False,False,False,False,,
Oblivion.esm,INFO,0018BC66,,NAM1,2,,,"Here, take this to him. It is not my fault. The job will be finished, I swear it.","여기요, 이걸 그에게 가지고 가세요. 그건 내 잘못이 아닙니다. 그 일은 끝날 겁니다. 맹세해요.",record,False,False,False,False,,
Oblivion.esm,DIAL,0018BD83,DirectionsServices,FULL,0,,,Where are the services?,편의를 제공하는 상점은 어디에 있나요?,record,False,False,True,False,TOPIC_CHECK,
Oblivion.esm,INFO,0018BD8C,,NAM1,0,,,"The smith is next to the north gate. The general trader is in Harborside, outside the wall.","대장간은 북쪽 성문옆에 있네. 잡화점은 항구근처에, 성곽밖에 있지.",record,False,False,False,False,,
Oblivion.esm,INFO,0018BD91,,NAM1,0,,,"The smith is near the harbor. The general trader is to the east, by the river. The mage's shop is between the castle bridge and the harbor bridge.","대장간은 선착장근처에 있어. 잡화점은 동쪽에, 강옆에 있지. 마법상점은 성으로 가는 다리와 선착장다리 사이에 있다네.",record,False,False,False,False,,
Oblivion.esm,INFO,0018BD95,,NAM1,0,,,"The general trader and clothier and armorer are on the terraces to the west. The smith is north, next to the wall.","잡화점, 의복점 그리고 갑옷상점은 서쪽의 주택지구에 있습니다. 대장간은 북쪽에, 성벽옆에 있지요.",record,False,False,False,False,,
Oblivion.esm,INFO,0018BD98,,NAM1,0,,,"A smith, book shop, and general trader are west of the river, near the west gate.","대장간, 서점, 그리고 잡화점은 강 서쪽에, 서쪽성문에 가까이 있습니다.",record,False,False,False,False,,
Oblivion.esm,INFO,0018BD9C,,NAM1,0,,,The general trader and smith are near the fountain. The book store is up the street towards the chapel.,잡화상과 대장간은 분수 근처에 있습니다. 서점은 예배당으로 향하는 거리위에 있어요.,record,False,False,False,False,,
Oblivion.esm,INFO,0018BDA4,,NAM1,0,,,"The smith, alchemist, and general trader are centrally located inside the north walls.","대장간, 연금술사, 그리고 잡화점은 북쪽성벽안에 있네.",record,False,False,False,False,,
Oblivion.esm,INFO,0018BDA8,,NAM1,0,,,"You'll find smiths, alchemists, booksellers, mage shops, clothiers, armorers, and general traders in the Market District.","당신은 대장간, 연금술사, 서점, 마법상점, 의복점, 갑옷상점 그리고 잡화점을 시장지구에서 찾을수 있습니다.",record,False,False,False,False,,
Oblivion.esm,DIAL,0018BD84,DirectionsSleep,FULL,0,,,Where can I sleep?,잠 잘 곳은 어디 있나요?,record,False,False,True,False,TOPIC_CHECK,
Oblivion.esm,INFO,0018BD8E,,NAM1,0,,,The Count's Arms is next to the north gate.,Count's Arms은 북쪽성문옆에 있어요.,record,False,True,False,False,MEDIUM,"Count's, Arms"
Oblivion.esm,INFO,0018BD90,,NAM1,0,,,"Silverhome-on-the-Water is where the north wall meets the river. The Lonely Suitor Lodge is in the port, across the south bridge.",Silverhome-on-the-Water은 북쪽성벽과 강이 맞나는곳에 있어요. Lonely Suitor Lodge는 남쪽의 다리를 거너서 나오는 선착장에 있지요.,record,False,True,False,False,MEDIUM,"Silverhome-on-the-Water, Lonely, Suitor, Lodge"
Oblivion.esm,INFO,0018BD94,,NAM1,0,,,"The Jerall View is on the terraces, near the castle gate and facing the chapel. Olav's is next to the east gate.","Jerall View 는 주택지구에, 궁전성문옆에 예배당과 마주보고 있습니다. Olav's 는 동쪽성물 옆에 있어요.",record,False,True,False,False,MEDIUM,"Jerall, View, Olav's"
Oblivion.esm,INFO,0018BD97,,NAM1,0,,,Both inns are next to the west gate.,여관들은 서쪽성문 옆에 있습니다.,record,False,False,False,False,,
Oblivion.esm,INFO,0018BD9B,,NAM1,0,,,The Oak and Crosier and the Grey Mare are near the gate and fountain.,The Oak and Crosier 와 Grey Mare 는 성문과 분수가까이에 있습니다.,record,False,True,False,False,MEDIUM,"The, Oak, and, Crosier, Grey, Mare"
Oblivion.esm,INFO,0018BDA3,,NAM1,0,,,"The West Weald Inn is across from the guilds inside the north walls. Two Sisters' Lodge is inside the south walls, in the west, near the gate.","West Weald Inn 은 북쪽성곽안의 길드 건너편에 있습니다. Two Sisters' Lodge 는 남쪽성곽안에, 서쪽으로, 게이트 근처에 있어요.",record,False,True,False,False,MEDIUM,"West, Weald, Inn, Two, Sisters', Lodge"
Oblivion.esm,INFO,0018BDA7,,NAM1,0,,,"Merchant's Inn in the Market, King and Queen in Elven Gardens, the Tiber Septim in Talos Plaza, and All-Saints in Temple District. ","Merchant's Inn 은 마켓지구에, King and Queen은 Elven Gardens에, Tiber Septim 은 Talos Plaza에, 그리고 All-Saints 는  Temple District 에 위치해 있습니다. ",record,False,True,False,False,MEDIUM,"Merchant's, Inn, King, and, Queen, Elven, Gardens, Tiber, Septim, Talos, Plaza, All-Saints"
Oblivion.esm,INFO,0018BDA7,,NAM1,1,,,"There's also the Bloated Float on the Waterfront, but that's not a very nice neighborhood.","선착장에는 Bloated Float 도 있습니다만, 별로 좋지않은 이웃이지요.",record,False,True,False,False,MEDIUM,"Bloated, Float"
Oblivion.esm,DIAL,0018BD85,DirectionsGuilds,FULL,0,,,Where are the guilds?,길드는 어디 있나요?,record,False,False,True,False,TOPIC_CHECK,
Oblivion.esm,INFO,0018BD8D,,NAM1,0,,,"The guilds are near the north wall, Fighters Guild west of the north gate, and Mages Guild to the east.","길드는 북쪽성곽근처에, 파이터길드는 북쪽성문 서쪽에, 메이지길드는 동쪽에 있습니다.",record,False,False,False,False,,
Oblivion.esm,INFO,0018BD8F,,NAM1,0,,,"The Fighters Guild is east, by the bridge to the castle. The Mages Guild is south, by the bridge to the port.","파이터길드는 동쪽에, 성으로 향하는 다리옆에 있습니다. 메이지길드는 남쪽, 선착장으로 가는 다리 옆에 있습니다.",record,False,False,False,False,,
Oblivion.esm,INFO,0018BD93,,NAM1,0,,,"The guilds are in a row, in the center of town below the terraces, north of the chapel.","길드들은 일열로 있어요, 주택지구 아래의 마을중심에서, 예배당 북쪽에요.",record,False,False,False,False,,
Oblivion.esm,INFO,0018BD96,,NAM1,0,,,"The guilds are west of the river, south of the west gate.","길드들은 강 서쪽에, 서쪽성문 남쪽에 있습니다.",record,False,False,False,False,,
Oblivion.esm,INFO,0018BD9A,,NAM1,0,,,"The guilds are north, near the Great Oak.","길드는 북쪽에, 위대한 오크나무근처에 있습니다.",record,False,False,False,False,,
Oblivion.esm,INFO,0018BD9E,,NAM1,0,,,"The Mages Guild is south of the chapel, by the west wall. The Fighters Guild is across the street from the Mages Guild.","메이지길드는 예배당 남쪽에, 서쪽성문 옆에 있어요, 파이터 길드는 메이지길드 건너편에 있어요.",record,False,False,False,False,,
Oblivion.esm,INFO,0018BDA2,,NAM1,0,,,"The guilds are inside the north walls, to the west.","길드들은 북쪽 성곽안쪽에, 서쪽방향에 있어요.",record,False,False,False,False,,
Oblivion.esm,INFO,0018BDA6,,NAM1,0,,,"There are no guild halls in the City, but the Arcane University is on an island outside the walls, south of the Arboretum.","이 도시에는 길드가 없습니다, 하지만 아케인대학은 성곽밖의 섬에, 수목원 남쪽에 있어요.",record,False,False,False,False,,
Oblivion.esm,DIAL,0018BD86,DirectionsLandmarks,FULL,0,,,Tell me about landmarks.,시가지 안내를 부탁해요.,record,False,False,True,False,TOPIC_CHECK,
Oblivion.esm,INFO,0018BD88,,NAM1,0,,,"The docks, harbor, lighthouse, and castle are outside the walls to the south.","부두, 선착장, 등대, 그리고 성은 성벽밖의 남쪽에 있어요.",record,False,False,False,False,,
Oblivion.esm,INFO,0018BD88,,NAM1,1,,,"Inside the walls, the chapel is in the east, the residences in the west, and the guilds in between.","성벽안에는, 예배당은 동쪽에, 주거지역은 서쪽, 그리고 길드들은 그 사이에 있습니다.",record,False,False,False,False,,
Oblivion.esm,INFO,0018BD89,,NAM1,0,,,The castle is east. The chapel is northwest. The shops and guilds are mostly along the north wall and river. The port is over a bridge to the south.,"예배당은 서북쪽에, 상점과 길드는 대부분 북쪽성벽과 강을 따라 있습니다. 항구는 남쪽으로 향하는 다리건너에 있어요.",record,False,False,False,False,,
Oblivion.esm,INFO,0018BD8A,,NAM1,0,,,"The castle is north, on the hill. The guilds and shops are west of the river. The homes are east of the river.","성은 북쪽에, 언덕위에 있습니다. 길드와 상점들은 강 서쪽에 있어요. 집들은 강 동쪽에 있고요.",record,False,False,False,False,,
Oblivion.esm,INFO,0018BD92,,NAM1,0,,,"The castle is to the west, the chapel and houses to the south, and guilds and shops to the north.","성은 서쪽에, 예배당과 집들은 남쪽, 그리고 길드와 상점은 북쪽에 있습니다.",record,False,False,False,False,,
Oblivion.esm,INFO,0018BD99,,NAM1,0,,,"The castle is to the east. Inns are near the gate and fountain. Guilds are north, by the Great Oak.","성은 동쪽에 있습니다. 여관은 성문과 분수 근처에 있습니다. 길드는 북쪽, 위대한 오크나무 옆에 있어요.",record,False,False,False,False,,
Oblivion.esm,INFO,0018BD99,,NAM1,1,,,Shops are near the fountain and up the street west to the chapel.,상점들은 분수근처와 예배당 서쪽의 거리위쪽에 있습니다.,record,False,False,False,False,,
Oblivion.esm,INFO,0018BD99,,NAM1,2,,,"Weynon Priory is outside the south gate, just past the stables.","Weynon Priory 는 남쪽 성문 밖에 있어요, 바로 마구간을 지나서 말이죠.",record,False,True,False,False,MEDIUM,"Weynon, Priory"
Oblivion.esm,INFO,0018BDA0,,NAM1,0,,,"The castle's to the east, and the chapel near the west gate.","성은 동쪽에, 그리고 예배당은 서쪽성문과 가까이 있습니다.",record,False,False,False,False,,
Oblivion.esm,INFO,0018BDA0,,NAM1,1,,,"Shops, guilds, and inns are south of the chapel, and some shops are by the north wall.","상점, 길드 그리고 여인숙들은 예배당 남쪽에 있고, 몇몇 상점들은 북쪽 성벽옆에 있습니다.",record,False,False,False,False,,
Oblivion.esm,INFO,0018BDA1,,NAM1,0,,,"The castle is on a hill outside the walls, south of town.","성은 성벽 밖의 언덕위에, 마을 남쪽에 있어요.",record,False,False,False,False,,
Oblivion.esm,INFO,0018BDA1,,NAM1,1,,,"Shops and guilds are mostly inside the north walls, while the chapel, homes, and one inn are inside the south walls.","상점과 길드들은 대부분 북쪽 성벽안에 있고, 예배당, 집, 그리고 여관은 남쪽성벽안에 있습니다.",record,False,False,False,False,,
Oblivion.esm,INFO,0018BDA5,,NAM1,0,,,The Imperial Palace is at the center. The six districts are arranged around the Palace like spokes of a wheel.,"황궁은 중심에 있어요. 여섯개의 지구가 궁전을 둘러서, 마치 수레바퀴의 살처럼 되어있습니다.",record,False,False,False,False,,
Oblivion.esm,INFO,0018BDA5,,NAM1,1,,,"Starting in the northeast, moving clockwise, you have the Market, Arena, Arboretum, Temple, Talos Plaza, and Elven Gardens districts. ","북쪽맨끝에서부터 시계방향으로 돌면, 상가지구, 아레나, 수목원, 신전, 탈로스 플라자, 그리고 엘븐 정원지구가 있습니다. ",record,False,False,False,False,,
Oblivion.esm,INFO,0018BDA5,,NAM1,2,,,The Waterfront is south of Temple District. The Arcane University is south of the Arboretum. The Imperial Prison is north of Market District.,"부두는 신전지구의 남쪽에 있습니다. 아케인대학은 수목은 남쪽에, 감옥은 상가지구 북쪽에 있습니다.",record,False,False,False,False,,
Oblivion.esm,DIAL,0018BD87,Directions,FULL,0,,,Directions,안내,record,False,False,True,False,TOPIC_CHECK,
Oblivion.esm,INFO,0018BD8B,,NAM1,0,,,What are you looking for?,무엇을 찾으시나요?,record,False,False,False,False,,
Oblivion.esm,DIAL,0018D142,TrainingArmorerNothing,FULL,0,,,Nothing.,아무것도.,record,False,False,True,False,TOPIC_CHECK,
Oblivion.esm,INFO,0018D160,,NAM1,0,,,"Can't say I'm surprised. Few recognize the name anymore, even though he was famous. Had a book written about him, in fact!","별로 놀랍진 않군요, 소수의 사람만이 그 이름을 아직까지 기억하죠, 한떄는 유명했지만. 사실 그에 관한 책이 있습니다.",record,False,False,False,False,,
Oblivion.esm,INFO,0018D160,,NAM1,1,,,"I don't have a copy myself, but there was one in First Edition last time I was browsing there. At least some people take an interest in history.","나는 그 사본을 갖고 있지 않지만, 저번에 둘러보다가 First Edition 에 하나 있던건 봤어요. 적어도 몇사람들은 역사에 관심이 있지요. ",record,False,True,False,False,MEDIUM,"First, Edition"
Oblivion.esm,DIAL,0018D143,TrainingArmorerHazadir,FULL,0,,,He won the Armorer's Challenge.,그는 대장장이(Armorer)의 도전에 이겼소.,record,True,True,True,False,HIGH,Armorer
Oblivion.esm,INFO,0018D15F,,NAM1,0,,,"Well, well!","이것참, 흐음!",record,False,False,False,False,,
Oblivion.esm,INFO,0018D15F,,NAM1,1,,,So you do know a thing or two... Hazadir was my great-great grandsire's sister's-son. Bet you didn't know that!,이제 어느정도 아셨나요... Hazadir 는 저의 할아버지의 할아버지의 누나의 아들입니다. 아마 당신도 그건 몰랐겠죠!,record,False,True,False,False,MEDIUM,Hazadir
Oblivion.esm,INFO,0018D15F,,NAM1,2,,,"All right. You're not hopeless. You want training, I'll train you.","좋습니다. 당신은 희망이 있어요. 훈련을 원한다면, 해드리죠.",record,False,False,False,False,,
Oblivion.esm,DIAL,0018D144,TrainingAlterationNo,FULL,0,,,No.,아니요.,record,False,False,True,False,TOPIC_CHECK,
Oblivion.esm,INFO,0018D15A,,NAM1,0,,,"A pity. I was looking forward to this. Perhaps some other time, then.",오 이런. 저는 이걸 기다려왔어요. 뭔가 다른때를 원했지만요.,record,False,False,False,False,,
Oblivion.esm,DIAL,0018D145,TrainingAlterationYes,FULL,0,,,"Yes, I'm ready.",네. 준비됐소.,record,False,False,True,False,TOPIC_CHECK,
Oblivion.esm,INFO,0018D158,,NAM1,0,,,Very well. We shall speak again in three hours. Good luck to you.,좋아요. 세시간내에 이야기를 끝내죠. 행운을.,record,False,False,False,False,,
Oblivion.esm,DIAL,0018D1DB,PrisonVisitor,FULL,0,,,Visit a prisoner,죄수를 방문하세요,record,False,False,True,False,TOPIC_CHECK,
Oblivion.esm,INFO,0018D1FE,,NAM1,0,,,Certainly. I'll unlock the door for you. Of course I have to stay with you in there.,문을 열어드리겠습니다. 당연히 저는 당신하고 같이 붙어있어야 하지만요.,record,False,False,False,False,,
Oblivion.esm,INFO,0018D1FF,,NAM1,0,,,I'll get the lock. Don't be touchin' any of them. I'll be keeping a close eye on you.,자물쇠를 가져오겠어요. 아무것도 만지지 마세요. 전 당신을 지켜보고 있습니다.,record,False,False,False,False,,
Oblivion.esm,INFO,0018D200,,NAM1,0,,,If you must. Don't try anything funny though. I'll be following you.,정말 그러시다면요. 하지만 수상한짓을 하려하지마세요. 제가 따라가 드리죠.,record,False,False,False,False,,
Oblivion.esm,INFO,0018D201,,NAM1,0,,,What a bother. Don't be too long about it. I gotta stay with you so there isn't any funny business.,성가시군요. 너무 오래 끌지는 마세요. 수상한짓을 할지모르니 감시하겠습니다.,record,False,False,False,False,,
Oblivion.esm,INFO,0018D202,,NAM1,0,,,I suppose I have to. Keep your hands to yourself in there. I'll be right next to you the whole time.,원하는대로 해드려야 겠군요. 손은 제자리에 두세요. 저는 계속 옆에 있겠습니다.,record,False,False,False,False,,
Oblivion.esm,INFO,0018D203,,NAM1,0,,,"What for? Never mind. I don't really care. Oh, and I have to be with you. Them's the rules.","뭐 떄문에요? 아닙니다. 제가알바는 아니죠. 오, 그리고 저는 당신곁에 있어야 합니다. 규정상 그래야 하거든요.",record,False,False,False,False,,
Oblivion.esm,INFO,000732B3,,NAM1,0,,,"Since we don't have any Argonians, I can allow it. The Countess won't allow visitors to Argonian prisoners. I'll be watching though.","아르고니안은 없으니, 허락해드리겠습니다. 여백작은 방문자가 아르고니안 죄수와 만나게 허락하지 않아요. 전 옆에서 감시하겠습니다.",record,False,False,False,False,,
Oblivion.esm,DIAL,0018D7D3,BladesTalk5,FULL,0,,,BladesTalk5,블레이드 대화5,record,False,False,True,False,TOPIC_CHECK,
Oblivion.esm,INFO,00067DC8,,NAM1,0,,,"Thank you for your courtesy, sir. If you ever need a friendly ear, I'm always available, night or day.",호의에 감사 드립니다. 원하시면 언제든지 말벗이 되어 드리겠습니다.,record,False,False,False,False,,
Oblivion.esm,INFO,00068347,,NAM1,0,,,"I... I'm glad you wanted to talk. You'll always have my sword, of course. But you have my ear as well. Anytime. As a friend.","아... 같이 얘기할 수 있어 영광입니다. 제 검은 언제나 곁에 있을 것입니다. 또한 제 귀 또한 언제나 열려 있습니다. 언제나, 친구처럼.",record,False,False,False,False,,
Oblivion.esm,INFO,00068348,,NAM1,0,,,"In truth, I welcome the chance to talk. For I feel a kinship toward you I cannot explain. We are brothers, bound by duty and destiny.",얘기할 기회가 있어서 다행이네. 뭐라 설명할 순 없지만 자네와는 가까운 뭔가가 느껴져. 왠지 운명으로 연결되어있는 거 같네.,record,False,False,False,False,,
Oblivion.esm,INFO,00068349,,NAM1,0,,,"Well, my friend, let's hope it doesn't come to that, hmm? We'll get through this together... as brothers.","좋아, 친구. 아직은 괜찮다는 것에 희망을 가지세. 음? 그보다 우리가 함께 헤쳐나갈 수 있네... 형제처럼 말일세.",record,False,False,False,False,,
Oblivion.esm,INFO,0006834A,,NAM1,0,,,"The darkest days surely lie ahead. But I know that the Blades will stand true for the Empire, as they always have.",암흑의 날이 임박했네. 그러나 난 알고 있네. 항상 그랬듯이 블레이드가 제국을 위해 일어서리란 것을 말일세.,record,False,False,False,False,,
Oblivion.esm,INFO,0006834B,,NAM1,0,,,"Only a fool would doubt the valor of the Blades, but I must ask the same of you. Do not doubt my valor, do not doubt my resolve. I will not fail you.",어리석은 자들이나 블레이드의 용기를 의심할 테지. 하지만 자네에게 똑같이 말하겠네. 나의 용기와 결심에 대해 염려하지 말게. 난 결코 자네들을 실망시키지 않을 것이네.,record,False,False,False,False,,
Oblivion.esm,INFO,0018D7FB,,NAM1,0,,,"Right. Well, we'll all have to remain extra vigilant. But enough chatter. Back to our duties, eh? ","그렇고 말고, 좋아. 아직 경계를 서야 할 곳이 남아 있어. 의논은 충분히 했으니, 이제 임무를 다하자. 어때? ",record,False,False,False,False,,
Oblivion.esm,INFO,0018D7FC,,NAM1,0,,,"It's pretty clear, isn't it? We failed once. We must not fail again. But let us discuss this no more. Come what may, the Blades will stand ready!",이젠 명백해. 우린 한번 실패했어. 또다시 실패하는 일이 있어선 안돼. 이건 말할 필요도 없어. 어떤 상황에도 블레이드는 준비하고 있을 것이네!,record,False,False,False,False,,
Oblivion.esm,INFO,0018D7FD,,NAM1,0,,,"We must not relax our guard, not even for a second. We'll talk more about this later.  ",한 순간이라도 방심해선 안되네. 이 문제는 나중에 좀더 얘기해보세. ,record,False,False,False,False,,
Oblivion.esm,INFO,0018D7FE,,NAM1,0,,,"Aye, comrade, we'd best stay sharp. Who knows what tomorrow brings. As for the present, we'd best get back to our duties.","좋네, 동지. 우리는 바짝 긴장해 있네. 내일은 기약할 수 없어. 현재 주어진 임무에 최선을 다 하세.",record,False,False,False,False,,
Oblivion.esm,INFO,0018D7FF,,NAM1,0,,,"The Emperor's death was a harsh lesson to learn. We can never be too vigilant. But now is the time for action, not talk. There is work to be done.",황제의 죽음은 가혹한 교훈이었네. 우리는 너무 방심했어. 그러나 말이 필요 없네. 이제는 행동할 때야. 우리에겐 할 일이 있어.,record,False,False,False,False,,
Oblivion.esm,DIAL,0018D7D4,BladesTalk4,FULL,0,,,BladesTalk4,블레이드 대화4,record,False,False,True,False,TOPIC_CHECK,
Oblivion.esm,INFO,00067DC5,,NAM1,0,,,"Please, there's no need to apologize. If anyone should be sorry, it's me. You're busy, and I'm distracting you from your work.","이러지 말게, 사과할 필요 없네. 누군가 사과해야 한다면, 내가 해야 하네. 바쁜 자네의 마음을 내가 어지럽히고 있지 않은가.",record,False,False,False,False,,
Oblivion.esm,INFO,0006834C,,NAM1,0,,,"You and the other Blades have extended me every courtesy. But please, don't forget, I'm just a man. I need the company of friends, like any other.",여러분 블레이드들은 감당할 수 없을 정도로 최선을 다해 정중히 대해주고 있네. 하지만 부디 잊지 말게. 나도 사람일 뿐이네. 나도 누구나처럼 곁에 있을 친구가 필요하네.,record,False,False,False,False,,
Oblivion.esm,INFO,0006834D,,NAM1,0,,,"No, my friend, it's all right. It's just that, being a Septim is much... lonelier than I could have imagined. Perhaps my father felt the same way.","아니네 친구, 아무 문제 없네. 다만 셉팀의 핏줄을 잇는다는 것이... 상상하기 힘든 만큼 외로운 길이라는 것 뿐일세. 아마 아버지께서도 같이 느꼈을 테지.",record,False,False,False,False,,
Oblivion.esm,INFO,0006834E,,NAM1,0,,,"Darkness may be upon us all, but the people of the Empire -- my Empire -- are worth fighting for! I just wanted you to know... I won't let you down.","어둠이 우리를 뒤덮는다 해도, 나의 제국, 나의 백성들을 위해 싸울 가치가 있다네! 단지 말해 두고 싶은 건... 절대 자네를 실망시키지 않겠다는 것이네.",record,False,False,False,False,,
Oblivion.esm,INFO,0006834F,,NAM1,0,,,"If I may be so bold... you are the true Dragonborn, sir, there's no one here that doubts it. Any one of us would gladly die so that you may live.","황송하오나 폐하, 폐하께서는 진정한 드래곤의 후손이십니다. 누구도 부인할 수 없는 사실입니다. 저희 블레이드의 그 누구라도 폐하를 위해서라면 기꺼이 목숨까지도 바칠 것입니다.",record,False,False,False,False,,
Oblivion.esm,INFO,00068350,,NAM1,0,,,"I have trained my entire life for the crisis that is now upon us. When the moment comes, I will gladly lay down my life for the Empire!","저는 일생을 오늘과 같은 위기 상황에 대비해 왔습니다. 그 순간이 오면, 저는 기꺼이 제국을 위해 목숨을 바칠 것입니다!",record,False,False,False,False,,
Oblivion.esm,INFO,00067DC6,,NAM1,0,,,"Just know, that whatever you need, we will give gladly. Our hearts, our blades, our lives if need be. Long live the Septim bloodline!","필요하시면 그게 뭐든, 우리의 마음이든, 검이든, 생명이든, 기꺼이 바칠 것이란 것만 알아 주십시오. 셉팀 가의 영광을 위하여!",record,False,False,False,False,,
Oblivion.esm,INFO,0018D7F6,,NAM1,0,,,"What concerns one of us, concerns all of us. We are Blades, after all. ",우리들 중 누구 하나의 문제는 우리 모두의 문제일세. 우리는 모두 블레이드가 아닌가. ,record,False,False,False,False,,
Oblivion.esm,INFO,0018D7F7,,NAM1,0,,,"You know how it is. There are whispers in the halls of Cloud Ruler, as in any other place. But it matters not. The Blades stand united!",자네도 알지 않은가? 클라우드 룰러 사원이든 어디든 소문은 떠돌기 마련이지. 하지만 문제될게 뭐 있겠나. 블레이드는 굳건히 뭉쳐져 있네!,record,False,False,False,False,,
Oblivion.esm,INFO,0018D7F8,,NAM1,0,,,"We are one mind and one blade, of course.","당연하지, 우리는 하나의 마음, 하나의 검으로 뭉쳐져 있어.",record,False,False,False,False,,
Oblivion.esm,INFO,0018D7F9,,NAM1,0,,,"You know that no matter what happens, no matter what fate befalls us, together we honor the memory of Uriel Septim.","자네도 마찬가지겠지만, 그 어떤 일, 그 어떤 운명 앞에서도 함께 유리엘 셉팀을 섬긴 영광을 기억할걸세.",record,False,False,False,False,,
Oblivion.esm,INFO,0018D7FA,,NAM1,0,,,"The bond we share is unbreakable, is it not? The Blades are as one, on this and every other matter.","우리는 끊을래야 끊어질 수 없는 관계지, 그렇지 않은가? 이 문제뿐 아니라 모든 일에 있어서 블레이드는 모두가 하나이네.",record,False,False,False,False,,
Oblivion.esm,DIAL,0018D7D5,BladesTalk3,FULL,0,,,BladesTalk3,블레이드 대화3,record,False,False,True,False,TOPIC_CHECK,
Oblivion.esm,INFO,0018D7F1,,NAM1,0,,,"Hmmm. Yes, yes, I see your point. And the others feel the same way?","흠... 알았어, 무슨 말인지 알겠어. 다른 대원들도 같은 생각이겠지?",record,False,False,False,False,,
Oblivion.esm,INFO,0018D7F2,,NAM1,0,,,"There is much wisdom in your words, my friend. Have you discussed this with the others?","자네 말이 일리가 있어, 친구. 다른 대원들과도 얘기해 봤어?",record,False,False,False,False,,
Oblivion.esm,INFO,0018D7F3,,NAM1,0,,,"I've come to value your judgement, and your experience. Your wisdom does us all a great service.",자네의 판단과 경험이 값지군. 자네의 지혜는 우리에게 큰 도움이 될 걸세.,record,False,False,False,False,,
Oblivion.esm,INFO,0018D7F4,,NAM1,0,,,"We're all on edge, and for good reason. But we can't give in to panic. Let's deal with this together, as the Blades always have.",우리는 조금 들떠있긴 하지만 혼란스러울 정도는 아냐. 항상 그래왔듯이 블레이드가 다 함께 나누자구.,record,False,False,False,False,,
Oblivion.esm,INFO,0018D7F5,,NAM1,0,,,"This has been a concern of mine as well. And I take it the others, they're of the same mind?",나 역시도 그 생각이네. 그 외에 다른 것도 있고 말일세. 다른 대원들도 같은 생각이야?,record,False,False,False,False,,
Oblivion.esm,INFO,00067DC4,,NAM1,0,,,"Please forgive me, sir. The others and I, we're just... well, we're glad to have you here with us, sir. We just want to make sure you're safe.","용서하십시오, 폐하. 저희들은 단지... 네, 폐하께서 저희와 같이 계셔서 기쁩니다. 저희는 폐하의 온전한 안전을 원할 뿐입니다.",record,False,False,False,False,,
Oblivion.esm,INFO,00068351,,NAM1,0,,,"[Sigh.] Look at me, acting the paranoid fool. I apologize, my lord. I meant no disrespect. My nerves are taut as a bowstring!","이런, 날 좀 봐, 바보같이 굴다니. 죄송합니다, 주군. 결례를 범하려고 한 건 아닙니다. 제 신경이 활처럼 곤두서 가지고 그만!",record,False,False,False,False,,
Oblivion.esm,INFO,00068352,,NAM1,0,,,"I'm sorry, sir. We're all a bit jumpy. What did you need?","죄송합니다, 폐하. 우리 모두 약간 들떠 있었습니다. 필요하신 게 무엇입니까?",record,False,False,False,False,,
Oblivion.esm,INFO,00068353,,NAM1,0,,,"Thank you for your kind words. I never knew my father, but he must have been proud to call the Blades his protectors. I know I am.","그렇게 말해줘 고맙네. 난 아버지를 본적이 없네만, 그 분은 분명 블레이드를 자랑스러워 하실 것이네. 내가 아네.",record,False,False,False,False,,
Oblivion.esm,INFO,00068354,,NAM1,0,,,"No matter what happens, you must know... You must all know, that I am eternally grateful for the service you Blades have provided. ","앞으로 어떤 일이 일어나든, 나는 블레이드가 내게 해주었던 일들을 영원히 감사하게 될 것이란 걸, 자네와 모두는 알아주기 바라네. ",record,False,False,False,False,,
Oblivion.esm,INFO,00068355,,NAM1,0,,,You do me too much honor. For who am I? The bastard heir of a dead Emperor.,나를 너무 과분하게 대하지 말게. 내가 누군가? 죽은 황제의 서자일 뿐일세.,record,False,False,False,False,,
Oblivion.esm,DIAL,0018D7D6,BladesTalk2,FULL,0,,,BladesTalk2,블레이드 대화2,record,False,False,True,False,TOPIC_CHECK,
Oblivion.esm,INFO,00067DC3,,NAM1,0,,,"Oh, for the love of Akatosh, would everyone just please calm down! I'm fine. And I don't need anything. I just... I just wanted to talk. That's all.","오, 아카토쉬(Akatosh)의 사랑이 모두에게 안정을 주소서! 난 괜찮네. 또한, 아무것도 필요 없네. 난... 난 그저 대화를 하고 싶었을 뿐이야. 그게 다네.",record,True,True,False,False,HIGH,Akatosh
Oblivion.esm,INFO,0018D7E9,,NAM1,0,,,It's the Great Hall. Those high windows -- they're not nearly as secure as they should be. If an assassin or spy should gain entrance...,중앙 홀이 문제야. 바로 그 큰 창문들 말이지. 큰 창문은 안전하지가 못해. 자객이나 스파이들이 숨어들기에 딱 좋단 말이야.,record,False,False,False,False,,
Oblivion.esm,INFO,0018D7EA,,NAM1,0,,,"It's Martin. His security, I mean. I'm just not sure we're doing enough. He is the last of the Septim line. His death would spell our doom.","마틴의 신변보호에 대해서 말인데, 그의 안전이 충분한지 확신이 서질 않아. 마틴은 셉팀 가의 유일한 생존자야. 그의 죽음은 곧 우리의 파멸이라구.",record,False,False,False,False,,
Oblivion.esm,INFO,0018D7EB,,NAM1,0,,,I can't stop thinking about... about the Emperor. We failed. We failed because we got complacent. We got arrogant. Now the Empire's paying the price.,황제의 죽음을 잊을 수가 없어. 우리의 실수였어. 우리는 너무 태만했어. 오만해진 우리의 실수가 제국을 위험에 빠뜨렸어.,record,False,False,False,False,,
Oblivion.esm,INFO,0018D7EC,,NAM1,0,,,The Mythic Dawn. What do we really know about them? How far into the Empire have they infiltrated? They could have sympathizers... and spies.,"미식 던(Mythic Dawn)말인데, 우리가 미식 던(Mythic Dawn)에 대해 아는게 뭐지? 어느정도로 제국에 침투해 있는지, 동조세력이나 스파이를 심어놨는지 아무것도 알지 못하고 있어.",record,True,True,False,False,HIGH,"Mythic, Dawn, Mythic, Dawn"
Oblivion.esm,INFO,0018D7ED,,NAM1,0,,,The plane of Oblivion. We know so little about it. What if the Daedra we've seen are only the beginning? I think we should prepare for the worst.,"오블리비언 차원 말인데, 우리는 아는 게 거의 없어. 최근 나타난 데이드라가 단지 시작에 불과하다면? 우린 최악의 상황에 대비해야만 해.",record,False,False,False,False,,
Oblivion.esm,INFO,0018D7EE,,NAM1,0,,,"Cloud Ruler Temple is home to the Blades, and has served us well. But I fear an assault. Mythic Dawn, Daedra... maybe both. We must be ready.",클라우드 룰러 사원은 블레이드의 근거지이자 훌륭한 요새지. 하지만 놈들의 기습이 걱정이야. 미식 던(Mythic Dawn)... 데이드라... 아마 둘 다겠지. 우린 준비해야만 해.,record,True,True,False,False,HIGH,"Mythic, Dawn"
Oblivion.esm,INFO,0018D7EF,,NAM1,0,,,"Martin is safe, and the Temple is secure. But there's a storm brewing. I can feel it... feel it in my bones. The worst is yet to come, mark my words.",마틴께서는 안전하고 클라우드 룰러 사원도 튼튼하네. 하지만 거센 바람이 다가 오고 있어. 나는 그것을 느껴... 뼛속 깊숙이 말일세. 최악의 상황은 이미 시작됐네. 명심해야 해.,record,False,False,False,False,,
Oblivion.esm,INFO,0018D7F0,,NAM1,0,,,"The Empire has been saved, but the Septim bloodline, it's... it's broken. There is no Emperor. I can't help but feel a bit... obsolete.",제국은 구했지만 셉팀의 혈통은 끊어졌어. 우린 황제를 잃었어. 나 자신이 한없이 작고 초라하게 느껴져.,record,False,False,False,False,,
Oblivion.esm,INFO,00068356,,NAM1,0,,,"Ha ha ha ha ha! Well, no one could ever accuse you Blades of being lax, I'll give you that. No, there's no need for alarm. I just wanted to talk. ","하하하하하! 좋아, 누구도 블레이드가 느슨하다고 하지는 못하겠군. 내가 보장하지. 아냐, 비상을 걸 필요는 없네. 난 그저 대화를 하고 싶었을 뿐이네. ",record,False,False,False,False,,
Oblivion.esm,INFO,00068357,,NAM1,0,,,"No no no no... It's all right... Everything's fine. There's no cause for alarm, really. I only wanted to share a few words. With a friend. ","아니, 아니, 아니, 괜찮네. 아무 문제 없네. 비상을 걸 필요는 없어. 정말이네. 그저 친구와 몇 마디 나누고 싶었을 뿐이네. ",record,False,False,False,False,,
Oblivion.esm,INFO,00068358,,NAM1,0,,,"Of course, sire. I just wanted to let you know you're safe here, sir. Cloud Ruler is secure, and the Blades stand ready.","죄송합니다, 폐하. 저는 단지 폐하께 안전하다는 말씀을 드리고 싶었습니다. 클라우드 룰러는 안전하며 블레이드는 만반의 태세를 갖추고 있습니다.",record,False,False,False,False,,
Oblivion.esm,INFO,00068359,,NAM1,0,,,"Sire... we failed your father. The shame we all carry... But we will not fail you!  History will not repeat itself, of this you have my solemn vow!",폐하... 저희는 선대 황제를 지키지 못했습니다. 그것은 저희 모두의 불명예입니다. 하지만 폐하만은 반드시 지킬 것입니다! 같은 실수는 두 번 다시 없을 것을 분명히 맹세합니다!,record,False,False,False,False,,
Oblivion.esm,INFO,0006835A,,NAM1,0,,,"Well... I just wanted to say how honored I am... How honored we all are... by your presence, I mean.","저는 단지... 폐하의 존재가 제게 얼마나 영광스러운지, 저희 모두에게 얼마나 영광스러운지 말씀 드리고 싶었습니다.",record,False,False,False,False,,
Oblivion.esm,DIAL,0018D7D7,BladesTalk1,FULL,0,,,BladesTalk1,블레이드 대화1,record,False,False,True,False,TOPIC_CHECK,
Oblivion.esm,INFO,00067DC2,,NAM1,0,,,"Of course, my lord. If there's anything you need, anything at all, just name it. Have you been threatened?","예, 주군. 필요한 게 있으면 뭐든 말씀만 하십시오. 위협을 느끼고 계신 건 아니시겠지요?",record,False,False,False,False,,
Oblivion.esm,INFO,0006835B,,NAM1,0,,,"Yes, sire. What is it you need? You're not in danger, are you? My sword is yours!","예, 폐하. 무엇이 필요하십니까? 위험에 처하신 건 아니시겠지요? 제 검이 폐하를 지킬 것입니다!",record,False,False,False,False,,
Oblivion.esm,INFO,0006835C,,NAM1,0,,,"Is everything all right, my lord? Has Cloud Ruler been breached? I told the others the Great Hall wasn't secure! Those damn high windows...",괜찮으십니까 주군? 놈들이 쿨라우드 룰러에 침입했나요? 중앙 홀은 안전하지 못하다고 그렇게 말했거늘! 쓸모 없이 크기만 한 창문들... ,record,False,False,False,False,,
Oblivion.esm,INFO,0006835D,,NAM1,0,,,"""My lord""? That isn't necessary. I'm just a man. Just a citizen of the Empire, trying to do his duty. Just like you.","""주군""? 그렇게 부를 필요는 없네. 나는 평범한 일원일 뿐이야. 제국의 시민으로 할 일을 할 뿐이지. 자네처럼 말일세.",record,False,False,False,False,,
Oblivion.esm,INFO,00067DC9,,NAM1,0,,,"You may have as much of my time as you need, so long as you stop calling me ""lord."" My name is Martin.","나를 ""주군""이라고 부르지 않을때 까지 얼마나 오래 걸리든 상관치 않겠네만, 내 이름은 마틴일세.",record,False,False,False,False,,
Oblivion.esm,INFO,00067DCA,,NAM1,0,,,"Please, Blade, say what you will, but let us forgo these absurd formalities. I am no ""lord"" yet. I would remain plain Martin for a while.","제발, 병사. 뭐라고 불러도 좋네. 하지만 황실의 예우만은 사양하네. 나는 아직 ""주군""이 아니라네. 잠시만이라도 평범한 마틴으로 대해주게.",record,False,False,False,False,,
Oblivion.esm,INFO,00068907,,NAM1,0,,,By all means. What do you need?,뭐든 분부만 하십시오.,record,False,False,False,False,,
Oblivion.esm,INFO,0018D7E3,,NAM1,0,,,Of course. What troubles you?,물론. 근심이라도 있나?,record,False,False,False,False,,
Oblivion.esm,INFO,0018D7E4,,NAM1,0,,,"Aye, Blademaiden. What's on your mind?","자매, 무슨 일이야?",record,False,False,False,False,,
Oblivion.esm,INFO,0018D7E5,,NAM1,0,,,"Aye, Bladesman. What's on your mind?","형제, 무슨 일이야?",record,False,False,False,False,,
Oblivion.esm,INFO,0018D7E6,,NAM1,0,,,"Please, speak freely.","기꺼이, 뭐든 말해봐.",record,False,False,False,False,,
Oblivion.esm,INFO,0018D7E7,,NAM1,0,,,"What do you need, comrade? My ear, my sword? Name it.","뭐 필요해, 동지? 귀를 빌려줘? 검을 빌려줘? 말만 해.",record,False,False,False,False,,
Oblivion.esm,INFO,0018D7E8,,NAM1,0,,,"Are we not Blades, joined by battle and brotherhood? Need you even ask?",우린 수많은 전투를 함께한 형제 블레이드네. 뭐든 말해보게.,record,False,False,False,False,,
Oblivion.esm,DIAL,0018D922,ShadowbanishWine,FULL,0,,,Shadowbanish Wine,쉐도우베니쉬 와인(Shadowbanish Wine),record,True,True,True,False,HIGH,"Shadowbanish, Wine"
Oblivion.esm,INFO,0018D92E,,NAM1,0,,,"Well, apparently the wine is so rare because it was only made in one tiny batch. It's the product of an alchemist who was also a vintner.",한묶음정도 밖에 생산되지 않았기에 그 와인은 정말 귀하지. 그것은 포도주상인이기도 하였던 한 연금술사가 만든거야.,record,False,False,False,False,,
Oblivion.esm,INFO,0018D92E,,NAM1,1,,,"Besides tasting incredible, the magic within the wine allows the imbiber to be gifted with Night Eye!",맛도 일품일뿐 아니라 마시게 되면 Night Eye 의 효과를 얻게 되지.,record,False,True,False,False,MEDIUM,"Night, Eye"
Oblivion.esm,INFO,0018D92E,,NAM1,2,,,The vintner made it special for the Legion soldiers posted at the forts when they were active long ago.,그 포도주 상인은 오래전의 성채에 주둔하던 병사들을 위해 특별히 그 와인을 만들었어.,record,False,False,False,False,,
Oblivion.esm,INFO,0018D92E,,NAM1,3,,,"It was perfect for keeping lookouts warm on cold nights and helping them see better in the dark. Clever, eh?",추운날 보초설떄 몸을 따뜻히 하는 동시에 밤에 더 잘보이게 하기 위함이지. 영리하지 않나?,record,False,False,False,False,,
Oblivion.esm,DIAL,0018D923,SQ08Wine,FULL,0,,,Wine,와인,record,False,False,True,False,TOPIC_CHECK,
Oblivion.esm,INFO,0018D925,,NAM1,0,,,"You have more? Amazing! Well, as promised, your finder's fee once again.","더있단 말인가? 굉장하군! 음, 약속한대로 수수료를 주겠네.",record,False,False,False,False,,
Oblivion.esm,INFO,0018D92A,,NAM1,0,,,"If I'm to buy the wine from you, you need to have it with you.","내가 자네한테서 와인을 사려면,자네가 그것을 갖고 있어야 하네.",record,False,False,False,False,,
Oblivion.esm,INFO,0018D924,,NAM1,0,,,I'm at a loss for words. You actually found six!,말이 안나오는군. 정말 여섯개를 다 찾아왔잖아!,record,False,False,False,False,,
Oblivion.esm,INFO,0018D924,,NAM1,1,,,These will hold an honored place in my collection! I don't know what else to say but thank you.,이것들이 내 콜렉션을 장식할거야! 정말 고맙다는 말밖에 할수가 없군.,record,False,False,False,False,,
Oblivion.esm,INFO,0018D924,,NAM1,2,,,"Oh! I almost forgot. Here's your finder's fee. Worth every single coin, I assure you.",오! 잊을뻔했군. 여기 보상금이네. 한품도 빠짐없이 다 챙겨놨네.,record,False,False,False,False,,
Oblivion.esm,INFO,0018D924,,NAM1,3,,,"I'll tell you what else I'll do since you seem so resourceful. If you find any more bottles of the wine, I'll gladly pay you well for them.","자네는 믿을만하니 내 말하지. 만약 다른 와인을 찾아오면, 내 후하게 쳐주겠네.",record,False,False,False,False,,
Oblivion.esm,INFO,0018D92B,,NAM1,0,,,By the Divines! You found some? Fantastic!,신이시여! 찾아냈단 말인가? 환상적이야!,record,False,False,False,False,,
Oblivion.esm,INFO,0018D92B,,NAM1,1,,,Hang onto it for now. I must have six before I'll be truly satisfied. Then I'll have more than anyone else in Cyrodiil!,죽을각오로 찾아내게. 그 여섯개를 다 갖기전엔 만족하지 못해. 만약 가지게 된다면 시로딜에서 나보다 많이 갖고 있는사람은 없을거야!,record,False,False,False,False,,
Oblivion.esm,INFO,0018D92D,,NAM1,0,,,"Yes actually, I'm quite fond of collecting all manners of wines from all over Tamriel.",사실 나는 탐리엘의 모든 종류의 와인을 수집하는걸 즐기지.,record,False,False,False,False,,
Oblivion.esm,INFO,0018D92D,,NAM1,1,,,But one vintage continues to elude me; Shadowbanish Wine. How I'd love to add it to my collection.,하지만 하나가 나한테서 벗어나고 있어; Shadowbanish Wine. 어서 내 콜렉션이 넣고 싶네.,record,False,True,False,False,MEDIUM,"Shadowbanish, Wine"
Oblivion.esm,INFO,0018D92D,,NAM1,2,,,"Say, that gives me an idea. You look like the adventuring type. If you can retrieve six bottles of Shadowbanish Wine, I'll gladly pay you well.","그래서 말이야. 자네는 모험을 좋아하는것 같군. 만약 자네가 Shadowbanish Wine 여섯개를 다 구해온다면, 내 크게 보상하도록 하지.",record,False,True,False,False,MEDIUM,"Shadowbanish, Wine"
Oblivion.esm,INFO,0018D92D,,NAM1,3,,,All I know about them is that they're found in the many fort ruins scattered all over Cyrodiil.,내가 아는건 그것들이 시로딜전역에 퍼져있는 파괴된 성채에서 많이 발견된다는 것 뿐이네.,record,False,False,False,False,,
Oblivion.esm,QUST,00089888,SESacellum,FULL,0,,,Sacellum Speeches,사셀룸 연설,record,False,False,False,False,,
Oblivion.esm,QUST,00081DD5,SE46,FULL,0,,,The Great Divide,대분수령,record,False,False,False,False,,
Oblivion.esm,QUST,00081DD5,SE46,CNAM,0,10,0,"A resident of Split has told me I should speak to Horkvir Bear-Arm to help solve the problem of all the doubles in this town. There are two Horkvir Bear-Arms in town, so I can speak to either one.",대분수령,record,False,False,False,False,,
Oblivion.esm,QUST,00081DD5,SE46,CNAM,1,12,0,The Demented Horkvir Bear-Arm has suggested I kill all the Manics in town. He'll reward me if I do.,디멘시아의 인격인 호크비르 베어-암은 나에게 마을내의 모든 매니아의 인격을 제거해준다면 보답해 주겠다고 했다.,record,False,False,False,False,,
Oblivion.esm,QUST,00081DD5,SE46,CNAM,2,13,0,The Manic Horkvir Bear-Arm has suggested I kill all the Demented in town. He'll reward me if I do.,매니아의 호크비르 베어-암은 나에게 마을내의 모든 디멘시아의 인격을 제거해준다면 보답해 주겠다고 했다.,record,False,False,False,False,,
Oblivion.esm,QUST,00081DD5,SE46,CNAM,3,15,0,I've agreed to kill all of the Manics living in Split.,나는 스플릿에 살고 있는 모든 매니아의 인격을 죽여주기로 했다.,record,False,False,False,False,,
Oblivion.esm,QUST,00081DD5,SE46,CNAM,4,16,0,I've agreed to kill all of the Demented in Split.,나는 스플릿에 살고 있는 모든 디멘시아의 인격을 죽여주기로 했다.,record,False,False,False,False,,
Oblivion.esm,QUST,00081DD5,SE46,CNAM,5,20,0,Horkvir Bear-Arm living on the Dementia side of Split is dead.,호크비르 베어-암은 스플릿의 디멘시아 구역에서 생을 마감했다.,record,False,False,False,False,,
Oblivion.esm,QUST,00081DD5,SE46,CNAM,6,20,1,Horkvir Bear-Arm living on the Mania side of Split is dead.,호크비르 베어-암은 스플릿의 매니아 구역에서 생을 마감했다.,record,False,False,False,False,,
Oblivion.esm,QUST,00081DD5,SE46,CNAM,7,30,0,Jastira Nanus living on the Dementia side of Split is dead.,자스티라 나누스는 스플릿의 디멘시아 구역에서 생을 마감했다.,record,False,False,False,False,,
Oblivion.esm,QUST,00081DD5,SE46,CNAM,8,30,1,Jastira Nanus living on the Mania side of Split is dead.,자스티라 나누스는 스플릿의 매니아 구역에서 생을 마감했다.,record,False,False,False,False,,
Oblivion.esm,QUST,00081DD5,SE46,CNAM,9,40,0,J'zidzo living on the Dementia side of Split is dead.,즈'지드조는 스플릿의 디멘시아 구역에서 생을 마감했다.,record,False,False,False,False,,
Oblivion.esm,QUST,00081DD5,SE46,CNAM,10,40,1,J'zidzo living on the Mania side of Split is dead.,즈'지드조는 스플릿의 매니아 구역에서 생을 마감했다.,record,False,False,False,False,,
Oblivion.esm,QUST,00081DD5,SE46,CNAM,11,50,0,Atrabhi living on the Dementia side of Split is dead.,아트라비는 스플릿의 디멘시아 구역에서 생을 마감했다.,record,False,False,False,False,,
Oblivion.esm,QUST,00081DD5,SE46,CNAM,12,50,1,Atrabhi living on the Mania side of Split is dead.,아트라비는 스플릿의 매니아 구역에서 생을 마감했다.,record,False,False,False,False,,
Oblivion.esm,QUST,00081DD5,SE46,CNAM,13,60,0,Urul gro-Agamph living on the Dementia side of Split is dead.,우룰 그로-아감프는 디멘시아 구역에서 생을 마감했다.,record,False,False,False,False,,
Oblivion.esm,QUST,00081DD5,SE46,CNAM,14,60,1,Urul gro-Agamph living on the Mania side of Split is dead.,우룰 그로-아감프는 매니아 구역에서 생을 마감했다.,record,False,False,False,False,,
Oblivion.esm,QUST,00081DD5,SE46,CNAM,15,70,0,All of the Demented residents of Split are dead. I should return to Horkvir Bear-Arm for my reward.,스플릿에 거주하는 모든 디멘시아의 인격이 죽었고 나는 호크비르 베어-암에게 보상를 받으러 가야할 것이다.,record,False,False,False,False,,
Oblivion.esm,QUST,00081DD5,SE46,CNAM,16,70,1,All of the Manic residents of Split are dead. I should return to Horkvir Bear-Arm for my reward.,스플릿에 거주하는 모든 매니아의 인격이 죽었고 나는 호크비르 베어-암에게 보상를 받으러 가야할 것이다.,record,False,False,False,False,,
Oblivion.esm,QUST,00081DD5,SE46,CNAM,17,200,0,"Since all the Manic duplicates in Split are dead, Horkvir Bear-Arm gave me my reward.",스플릿의 모든 복제 매니아의 인격이 죽자 호크비르 베어-암은 나에게 보상을 주었다.,record,False,False,False,False,,
Oblivion.esm,QUST,00081DD5,SE46,CNAM,18,200,1,"Since all the Demented duplicates in Split are dead, Horkvir Bear-Arm gave me my reward.",스플릿의 모든 복제 디멘시아의 인격이 죽자 호크비르 베어-암은 나에게 보상을 했다.,record,False,False,False,False,,
Oblivion.esm,QUST,00081DD5,SE46,CNAM,19,210,0,I've killed a resident of Split without reason. I will not be able to restore the balance here.,내가 아무이유 없이 스플릿의 거주민을 죽였기 때문에 이곳의 평화를 복구할 수 없게 되었다.,record,False,False,False,False,,
Oblivion.esm,QUST,00081DD5,SE46,CNAM,20,210,1,I killed one of the Demented residents of Split. I won't get rewarded for my efforts.,내가 스플릿에 거주하는 디멘시아의 인격을 죽였기 때문에 내 일에 대한 보상을 받을 수 없게 되었다.,record,False,False,False,False,,
Oblivion.esm,QUST,00081DD5,SE46,CNAM,21,210,2,I killed one of the Manic residents of Split. I won't get rewarded for my efforts.,내가 스플릿에 거주하는 매니아의 인격을 죽였기 때문에 내 일에 대한 보상을 받을 수 없게 되었다.,record,False,False,False,False,,
Oblivion.esm,QUST,000790CF,SE40,FULL,0,,,Falling Awake,깨어나다,record,False,False,False,False,,
Oblivion.esm,QUST,000790CF,SE40,CNAM,0,10,0,Amiable Fanriene has asked me to find him some place to sleep outside. I should find someone who sleeps outside and ask for their help in finding a good place to sleep outside.,깨어나다,record,False,False,False,False,,
Oblivion.esm,QUST,000790CF,SE40,CNAM,1,20,0,I've been directed to Uungor as a likely candidate to give up his sleeping spot for Amiable.,운고르라는 자가 괜찮을 듯 싶다. 애미어블에게 잠잘 곳을 넘기라고 말해보라는 조언을 들었다.,record,False,False,False,False,,
Oblivion.esm,QUST,000790CF,SE40,CNAM,2,30,0,Uungor doesn't trust me enough to agree to switch sleeping accommodations with Amiable Fanriene. I need to to make him more disposed to the idea. Maybe one of the others knows something that will work.,웅고어(Uungor)는 아미어블(Amiable Fanriene)과 잠잘 곳을 바꾸라는 내 말을 전혀 믿지 않았다. 그가 그럴 마음이 내키도록 만들어야 한다. 아마 다른 노숙자들이 방법을 알고 있을지 모른다.,record,True,True,False,False,HIGH,"Uungor, Amiable, Fanriene"
Oblivion.esm,QUST,000790CF,SE40,CNAM,3,30,1,Uungor doesn't trust me enough to agree to switch sleeping accommodations with Amiable Fanriene. I need to to make him more disposed to the idea.,웅고어(Uungor)는 아미어블(Amiable Fanriene)과 잠잘 곳을 바꾸라는 내 말을 전혀 믿지 않았다. 그가 그럴 마음이 내키도록 만들어야 한다.,record,True,True,False,False,HIGH,"Uungor, Amiable, Fanriene"
Oblivion.esm,QUST,000790CF,SE40,CNAM,4,35,0,Fimmion gave me Uungor's lucky grapes. I should bring them to him.,피미온은 나에게 운고르의 행운의 포도를 주었다. 그걸 운고르에게 가져다 주어야 한다.,record,False,False,False,False,,
Oblivion.esm,QUST,000790CF,SE40,CNAM,5,40,0,Uungor has agreed to switch beds with Amiable Fanriene. I should return to Amiable and tell him the good news.,운고르는 애미어블 판리엔과 잠자리를 바꾸기로 했다. 애미어블에게 돌아가 이 좋은 소식을 알려줘야 겠다.,record,False,False,False,False,,
Oblivion.esm,QUST,000790CF,SE40,CNAM,6,50,0,Uungor is dead. Amiable Fanriene can now use his bedroll to sleep in. I should go tell Amiable the good news.,운고르가 죽었다. 애미어블 판리엔은 운고르의 자리에서 잘수 있게 되었다. 애미어블에게 이 소식을 일려줘야 겠다.,record,False,False,False,False,,
Oblivion.esm,QUST,000790CF,SE40,CNAM,7,200,0,Amiable Fanriene is grateful that I have found him a safe place to sleep outside. He should be able to get some sleep now.,애미어블 판리엔은 안전하게 노숙할만한 곳을 찾아준데 대해 감사했다. 이제 마음놓고 잘 수 있을 것이다.,record,False,False,False,False,,
Oblivion.esm,QUST,00078513,SE45,FULL,0,,,The Fork of Horripilation,소름 돋는 포크,record,False,False,False,False,,
Oblivion.esm,QUST,00078513,SE45,CNAM,0,5,0,"Because Bolwing is dead, I have no way to get more information about the Fork of Horripilation. Maybe I'll get lucky and find it during my travels in the Shivering Isles. Sadly, that is the best the I can hope for now.",소름 돋는 포크,record,False,False,False,False,,
Oblivion.esm,QUST,00078513,SE45,CNAM,1,10,0,"Big-Head has asked me to find the Fork of Horripilation. It's obviously important to him, and he has offered me a reward for its return. Big-Head has given me a charm that should allow me to speak with the beggar Bolwing.","Big-Head는 나에게 소름의 포크(Fork of Horripilation)를 찾아오라고 했다. 확실히 그에게는 중요한것이고, 내가 찾아오면 내게 보상을 해 주기로 했다. Big-Head는 나에게 거지 Bolwing과 얘기할 수 있는 매력을 주었다.",record,True,True,False,False,HIGH,"Big-Head, Fork, of, Horripilation, Big-Head, Bolwing"
Oblivion.esm,QUST,00078513,SE45,CNAM,2,20,0,I've spoken to the beggar Bolwing. He tells me that the Fork of Horripilation is being fought over by groups of Heretics and Zealots. I'll have to get it from them.,난 거지 볼윙과 얘기해 봤다. 그는 소름 돋는 포크는 이교도와 광신도들 무리에서 발견된다고 했다. 그들로부터 가져와야 한다.,record,False,False,False,False,,
Oblivion.esm,QUST,00078513,SE45,CNAM,3,50,0,I have found the Fork of Horripilation. I should return it to Big-Head.,난 소름의 포크(Fork of Horripilation)를 찾았다. 나는 이걸 Big-Head에게 가져다 줘야한다.,record,True,True,False,False,HIGH,"Fork, of, Horripilation, Big-Head"
Oblivion.esm,QUST,00078513,SE45,CNAM,4,200,0,I have returned the Fork of Horripilation to Big-Head. He has told me a secret as a reward.,나는 소름의 포크(Fork of Horripilation)를 Big-Head에게 돌려주었다. 그는 보상으로 비밀을 알려주었다.,record,True,True,False,False,HIGH,"Fork, of, Horripilation, Big-Head"
Oblivion.esm,QUST,00078513,SE45,CNAM,5,205,0,Big Head is dead. I can never return the Fork of Horripilation to him.,빅 헤드는 죽었다. 난 절대로 그에게서 소름 돋는 포크를 돌려받을 수 없을 것이다.,record,False,False,False,False,,
Oblivion.esm,QUST,00078512,SE44,FULL,0,,,The Coming Storm,다가오는 폭풍,record,False,False,False,False,,
Oblivion.esm,QUST,00078512,SE44,CNAM,0,10,0,"Ahjazda believes the world is ending soon, so she's gathering supplies. She would like me to find three items she's still missing: the Amulet of Disintegration, the Ring of Desiccation, and the Calming Pants.",다가오는 폭풍,record,False,False,False,False,,
Oblivion.esm,QUST,00078512,SE44,CNAM,1,20,0,I've found the Calming Pants.,진정의 바지를 찾았다,record,False,False,False,False,,
Oblivion.esm,QUST,00078512,SE44,CNAM,2,30,0,I've found the Amulet of Disintegration.,분해의 아뮬렛을 찾았다.,record,False,False,False,False,,
Oblivion.esm,QUST,00078512,SE44,CNAM,3,40,0,I've found the Ring of Desiccation.,건조의 반지을 찾았다.,record,False,False,False,False,,
Oblivion.esm,QUST,00078512,SE44,CNAM,4,50,0,I've brought Ahjazda the Calming Pants.,아자즈다에게 진정의 바지를 가져다 주었다.,record,False,False,False,False,,
Oblivion.esm,QUST,00078512,SE44,CNAM,5,60,0,I've brought Ahjazda the Amulet of Disintegration.,아자즈다에게 분해의 아뮬렛을 가져다 주었다.,record,False,False,False,False,,
Oblivion.esm,QUST,00078512,SE44,CNAM,6,70,0,I've brought Ahjazda the Ring of Desiccation.,아자즈다에게 건조의 반지를 가져다 주었다.,record,False,False,False,False,,
Oblivion.esm,QUST,00078512,SE44,CNAM,7,80,0,I've found the last of the items that Ahjazda requires. I should return them to her.,아자즈다에게 필요한 마지막 아이템을 찾았다. 이것들을 그녀에게 가져다 주어야 한다..,record,False,False,False,False,,
Oblivion.esm,QUST,00078512,SE44,CNAM,8,200,0,Ahjazda has rewarded me for bringing her all the items she requested.,아자즈다는 아이템을 전부 찾아준데에 대한 보답을 해 주었다.,record,False,False,False,False,,
Oblivion.esm,QUST,00078512,SE44,CNAM,9,201,0,Ahjazda is dead and will no longer need the items she requested I find.,아자즈다는 죽었고 내게 찾아달라고 한 아이템이 더 이상 필요없게 되었다.,record,False,False,False,False,,
Oblivion.esm,QUST,00073236,SE42,FULL,0,,,Work is Never Done,일은 끝이 없다,record,False,False,False,False,,
Oblivion.esm,QUST,00073236,SE42,CNAM,0,10,0,"Tove the Unrestful is looking for calipers and tongs. He says he'll pay five gold each for them. I don't remember agreeing to help him, but somehow I am.","Tove the Unrestful는 집게와 부젓가락을 찾고있다. 그는 내가 그것들을 가져올때 마다 5골드씩 쳐주기로 했다. 난 그를 돕는걸 동의하지 못했던 걸로 기억나지만, 어찌됬던간에 해버렸다.",record,False,True,False,False,MEDIUM,"Tove, the, Unrestful"
Oblivion.esm,QUST,00073236,SE42,CNAM,1,200,0,"Tove seems to have run out of uses for calipers and tongs. However, I earned a tidy little sum off of him in the mean time.","Tove는 집게와 부젓가락을 다 써버린것 처럼 보인다. 하지만, 나는 그동안 괜찮은 돈을 벌었다.",record,False,True,False,False,MEDIUM,Tove
Oblivion.esm,QUST,00073236,SE42,CNAM,2,210,0,Tove is dead. I'll never find another buyer for these useless Calipers and Tongs.,Tove는 죽었다. 나는 이 쓸모없는 집게들과 부젓가락들을 사줄 다른 소비자를 구할수 없을것이다.,record,False,True,False,False,MEDIUM,Tove
Oblivion.esm,QUST,00071FE1,SE43,FULL,0,,,Ushnar's Terror,우쉬나르의 공포,record,False,False,False,False,,
Oblivion.esm,QUST,00071FE1,SE43,CNAM,0,10,0,"Ushnar gro-Shadborgob has asked me to make Bhisha the Khajiit ""disappear."" He seems to have a unhealthy fear of cats. Ushnar said he would pay me to do it, buy he was somewhat vague about the nature of the payment.","Ushnar gro-Shadborgob는 나에게 Bhisha the Khajiit를 ""사라지게"" 해달라고 했다. 그는 병적으로 고양이를 싫어하는 것 같다. Ushnar said he would pay me to do it, buy he was somewhat vague about the nature of the payment.",record,False,True,False,False,MEDIUM,"Ushnar, gro-Shadborgob, Bhisha, the, Khajiit, Ushnar, said, he, would, pay, me, to"
Oblivion.esm,QUST,00071FE1,SE43,CNAM,1,100,0,I have convinced Bhisha to leave Crucible. Ushnar won't ever have to worry about him again. I need to tell Ushnar about it.,나는 비샤가 크루시블을 떠나도록 했다. 우쉬나르는 그의 문제로 다시 고민하지 않을 것 이다. 우쉬나르에게 이 얘기를 해 줘야 한다.,record,False,False,False,False,,
Oblivion.esm,QUST,00071FE1,SE43,CNAM,2,110,0,"Bhisha is dead. Fortunately, Ushnar didn't care how he died. I'll need to let Ushnar know that Bhisha won't trouble him any more.",비샤는 죽었다. 다행스럽게도 우쉬나르는 그가 죽든말든 신경쓰지 않는다. 난 우쉬나르에게 더이상 비샤가 문제 되지 않을것 이란걸 알려 줘야 한다.,record,False,False,False,False,,
Oblivion.esm,QUST,00071FE1,SE43,CNAM,3,200,0,Ushnar was very grateful. He gave me one of his former dogs as a pet. There was something strange about how he phrased it though.,우쉬나르는 매우 고마워 한다. 그는 나에게 애완용 개 중 한마리를 주었다. 그가 말한 것중에 뭔가 이상한 것이 있었다.,record,False,False,False,False,,
Oblivion.esm,QUST,0006D602,SE41,FULL,0,,,A Liquid Solution,액체 해결책,record,False,False,False,False,,
Oblivion.esm,QUST,0006D602,SE41,CNAM,0,5,0,"I've spoken to Sickly Bernice in New Sheoth. It seems she believes she is dying of some horrible malady, and only I can locate the cure. Strangely, she looks well to me, but she promises a reward for the cure's return. Perhaps I should hear her out.","뉴 쉐오스(New Sheoth)에서 병약한 버니스(Bernice)와 이야기를 나눴다. 그녀는 끔찍한 병으로 죽어가고 있으며, 내가 치료약을 가져다 줄 수 있다고 믿고 있었다. 기묘하게도 나에게는 그녀가 무척 건강해 보인다. 그녀는 약을 가져다 주면 보상해 주겠다고 했다. 그녀의 말을 끝까지 들어봐야겠다.",record,True,True,False,False,HIGH,"New, Sheoth, Bernice"
Oblivion.esm,QUST,0006D602,SE41,CNAM,1,10,0,Sickly Bernice has told me the cure for her mysterious malady is a sample of water from a pool at the bottom of Knotty Bramble that she calls aquanostrum. She's marked the location on my map. I should make my way there and recover this miraculous antidote.,"병약한 버니스(Bernice)는  이 불가사의한 병의 치료제가 노트 브램블(Knotty Bramble)의 최하층에 있는 연못, aquanostrum의 물이라고 했다. 그녀는 내가 가진 지도에 위치를 표시해 주었다. 거기로 가서 그 신비로운 치료제를 채취해와야 한다.",record,True,True,False,False,HIGH,"Bernice, Knotty, Bramble, aquanostrum"
Oblivion.esm,QUST,0006D602,SE41,CNAM,2,20,0,I've entered Knotty Bramble. I should make my way carefully to the pool Sickly Bernice spoke of and recover a sample of aquanostrum.,"노티 브램블(Knotty Bramble)에 들어왔다. 병약한 버니스(Bernice)가 말해준 연못으로 가서, aquanostrum의 물 한 병을 채취해야 한다.",record,True,True,False,False,HIGH,"Knotty, Bramble, Bernice, aquanostrum"
Oblivion.esm,QUST,0006D602,SE41,CNAM,3,25,0,I've arrived at the pool Sickly Bernice described. I should get as close as possible to the statue in its center to gather a sample of the aquanostrum.,병약한 Bernice가 말해준 곳에 도착했다. 될 수 있는 한 석상으로 가까이 가서 Aquanostrum의 물을 채취해야 겠다.,record,False,True,False,False,MEDIUM,"Bernice, Aquanostrum"
Oblivion.esm,QUST,0006D602,SE41,CNAM,4,30,0,I've recovered a sample of aquanostrum from the pool Sickly Bernice described. I should return to New Sheoth and present it to her for my well-deserved reward.,병약한 Bernice가 말해준 연못에서 Aquanostrum의 물 한 병을 채취했다. New Sheoth로 돌아가 약을 주고 보답을 받아야겠다.,record,False,True,False,False,MEDIUM,"Bernice, Aquanostrum, New, Sheoth"
Oblivion.esm,QUST,0006D602,SE41,CNAM,5,100,0,Sickly Bernice has rewarded me for recovering the cure to her ailment.,병약한 버니스는 병을 치료할 약을 갖다 준 보답을 해 주었다.,record,False,False,False,False,,
Oblivion.esm,QUST,00066EBE,SE34,FULL,0,,,To Help A Hero,영웅을 돕기 위해,record,False,False,False,False,,
Oblivion.esm,QUST,00066EBE,SE34,CNAM,0,5,0,"I've recovered an unusual amulet with the markings of a group calling itself The Knights of the Thorn. On the back, there is an inscription that reads ""To Pyke, from Farwil."" I can only assume that Pyke is here in the Shivering Isles. If I can find him, I'm sure he will be happy to get his medallion back.","난 가시의 기사(Kinghts of the Thorn)무리에게서 희귀한 무늬가 있는 아뮬렛을 발견했다. 뒤에는 ""Pyke에게, Farwil보냄""이라는 편지가 있었다. 난 Pyke가 쉬버링 아일즈(Shivering Isles)에 산다는것만 추측 할 수 있다. 그를 찾을수 있다면, 그는 그의 메달을 돌려받아 기뻐할 것이다.",record,True,True,False,False,HIGH,"Kinghts, of, the, Thorn, Pyke, Farwil, Pyke, Shivering, Isles"
Oblivion.esm,QUST,00066EBE,SE34,CNAM,1,10,0,"I've met a man named Pyke in the Hale Settlement. He claims to be something called a ""Knight of the Thorn""; an elite group of knights from Cyrodiil. In a recent clash with some Grummites, he lost his Knights of the Thorn medallion and wants me to recover it from Fetid Grove, which he marked on my map.","난 Pyke라는 남자를 Hale Settlement에서 만났다. 그는 ""가시의 기사(Knight of the Thorn)""에 대해 주장하고 있다. 최근 몇 그루미테(Grummite)들 과의 접전에서, 그는 그의 장미의 기사(Knights of the Thorn)메달을 잃어버렸고 그가 지도에 표시해둔 Fetid Grove에서 내가 그걸 되찾아오길 바라고 있다.",record,True,True,False,False,HIGH,"Pyke, Hale, Settlement, Knight, of, the, Thorn, Grummite, Knights, of, the, Thorn"
Oblivion.esm,QUST,00066EBE,SE34,CNAM,2,20,0,I have arrived at Fetid Grove. I should seek out Pyke's medallion within.,난 Fetid Grove에 도착했다. 난 Pyke의 메달을 찾아봐야 된다.,record,False,True,False,False,MEDIUM,"Fetid, Grove, Pyke"
Oblivion.esm,QUST,00066EBE,SE34,CNAM,3,30,0,I've recovered Pyke's Medallion. I should now return to the Hale Settlement and bring Pyke his missing property.,난 Pyke의 메달을 되찾았다. 난 이제 Hale Settlement으로 돌아가서 Pyke에게 그가 잃어버린 물건을 돌려줘야 한다.,record,False,True,False,False,MEDIUM,"Pyke, Hale, Settlement, Pyke"
Oblivion.esm,QUST,00066EBE,SE34,CNAM,4,100,0,"Pyke was overjoyed at the return of his Medallion, and has rewarded me with a gift.","Pyke는 그의 메달을 되찾아서 매우 기뻐하고, 나에게 선물과 함께 보상을 주었다.",record,False,True,False,False,MEDIUM,Pyke
Oblivion.esm,QUST,00061C51,SE36,FULL,0,,,Final Resting,마지막 안식,record,False,False,False,False,,
Oblivion.esm,QUST,00061C51,SE36,CNAM,0,10,0,Hirrus Clutumnus told me to meet him after dark at the sewer grate northeast of the statue of Sheogorath sitting on his throne.,마지막 안식,record,False,False,False,False,,
Oblivion.esm,QUST,00061C51,SE36,CNAM,1,15,0,"Hirrus Clutumnus asked me for a favor, I've turned him down.","히루스 클루텀누스는 나에게 부탁을 했고, 난 거절했다.",record,False,False,False,False,,
Oblivion.esm,QUST,00061C51,SE36,CNAM,2,20,0,Hirrus Clutumnus has asked that I kill him.,히루스 클루텀누스는 나보고 자기를 죽여달라고 했다.,record,False,False,False,False,,
Oblivion.esm,QUST,00061C51,SE36,CNAM,3,30,0,"Hirrus Clutumnus is dead, just as he wanted. I can now get my reward from his house. The key should be on his corpse.","히루스 클루텀누스가 원한대로, 그는 죽었다. 난 이제 그의 집에서 내 보상들을 받을 수 있다. 열쇠는 그의 시체 안에 있을것이다.",record,False,False,False,False,,
Oblivion.esm,QUST,00061C51,SE36,CNAM,4,40,0,I have Hirrus Clutumnus' house key. I should go claim my reward from his jewelry box.,난 히루스 클루텀누스의 집 열쇠를 가졌다. 난 그의 집으로 가서 내 보상을 요구할수 있다.,record,False,False,False,False,,
Oblivion.esm,QUST,00061C51,SE36,CNAM,5,200,0,I've claimed my reward.,난 내 보상을 받았다.,record,False,False,False,False,,
Oblivion.esm,QUST,00061C51,SE36,CNAM,6,210,0,Hirrus Clutumnus is dead. I'll never find out what he wanted.,히루스 클루텀누스는 죽었다. 난 그가 원했던걸 절대로 알 수 없을것이다.,record,False,False,False,False,,
Oblivion.esm,QUST,0005E2B7,SE11FIN,FULL,0,,,SE11 Post-Quest,SE11 퀘스트 후,record,False,True,False,False,MEDIUM,SE
Oblivion.esm,QUST,0005E2B6,SE08FIN,FULL,0,,,SE08 Post-Quest,SE08 퀘스트 후,record,False,True,False,False,MEDIUM,SE
Oblivion.esm,QUST,0005DAAD,SEBed,FULL,0,,,SE Bed Rental,SE 침대 대여,record,False,True,False,False,MEDIUM,SE
Oblivion.esm,QUST,0004A755,SE04Shell,FULL,0,,,Understanding Madness,광기를 이해하기,record,False,False,False,False,,
Oblivion.esm,QUST,0004A755,SE04Shell,CNAM,0,3,0,Sheogorath has given me the ability to summon Haskill. He's very insistent and won't tell me what he wants of me until I do it.,쉐오고라스(Sheogorath)는 나에게 하스킬(Haskill)을 소환하는 능력을 주었다. 그는 내가 소환할때까지 아무런 요구도 하지 않을것이다.,record,True,True,False,False,HIGH,"Sheogorath, Haskill"
Oblivion.esm,QUST,0004A755,SE04Shell,CNAM,1,5,0,"I need to report to Sheogorath that Xedilian is working, and that Knights of Order have appeared in the Shivering Isles.","난 쉐오고라스(Sheogorath)에게 세들리안(Xedilian)이 운영되고있고, 질서의 기사들(Kights of Order) 이 쉬버링 아일즈(Shivering Isles)에 나타났다는걸 알려야 한다.",record,True,True,False,False,HIGH,"Sheogorath, Xedilian, Kights, of, Order, Shivering, Isles"
Oblivion.esm,QUST,0004A755,SE04Shell,CNAM,2,10,0,"I need to speak to the Duke of Mania and the Duchess of Dementia, as Sheogorath wishes for me to better understand the inner workings of his Realm.",쉐오고라스(Sheogorath)가 원하는대로 난 매니아(Mania)의 공작과 디멘티아(Dementia)의 공작부인과 얘기 하는게 그의 왕국 아래서 일하는것 보다 이해하기 쉬울것이다.,record,True,True,False,False,HIGH,"Sheogorath, Mania, Dementia"
Oblivion.esm,QUST,0004A755,SE04Shell,CNAM,3,20,0,I have finished Thadon's task. I should now speak with Syl in the House of Dementia.,난 테이든(Thadon)의 청탁을 끝냈다. 난 디멘티아(Dementia)의 Syl과 얘기해 봐야 한다.,record,True,True,False,False,HIGH,"Thadon, Dementia, Syl"
Oblivion.esm,QUST,0004A755,SE04Shell,CNAM,4,20,1,I have finished Thadon's task. I should return to Sheogorath and tell him I've done as he asked.,난 테이든(Thadon)의 청탁을 끝냈다. 난 쉐오고라스(Sheogorath)에게 그가 시킨일이 끝났다고 얘기해야 한다.,record,True,True,False,False,HIGH,"Thadon, Sheogorath"
Oblivion.esm,QUST,0004A755,SE04Shell,CNAM,5,30,0,I have finished Syl's task. I should now speak with Thadon in the House of Mania.,난 Syl의 청탁을 끝냈다. 난 이제 매니아(Mania)의 테이든(Thadon)과 얘기해 봐야 한다.,record,True,True,False,False,HIGH,"Syl, Mania, Thadon"
Oblivion.esm,QUST,0004A755,SE04Shell,CNAM,6,30,1,I have finished Syl's task. I should return to Sheogorath and tell him I've done as he asked.,난 Syl의 청탁을 끝냈다. 난 이제 쉐오고라스(Sheogorath)에게 돌아가서 그가 시킨일이 끝났다고 얘기해야 한다.,record,True,True,False,False,HIGH,"Syl, Sheogorath"
Oblivion.esm,QUST,0004A755,SE04Shell,CNAM,7,200,0,"Now that I've become a member of the courts of both of the Dukes of Madness, I should return to Sheogorath and report my progress.","이제 난 매드니스의 공작들(Dukes of Madness)과 다름없는 지위인 조신이 되었고, 쉐오고라스(Sheogorath)에게 돌아가서 나의 성과를 보고해야 한다.",record,True,True,False,False,HIGH,"Dukes, of, Madness, Sheogorath"
Oblivion.esm,QUST,00046F66,SE09Misc,FULL,0,,,Holds infos for scripted experiment scene,스크립트 실험 장면의 정보 보관,record,False,False,False,False,,
Oblivion.esm,QUST,0004594C,SE04Fin,FULL,0,,,SE04 Post Quest,SE04 퀘스트 후,record,False,True,False,False,MEDIUM,SE
Oblivion.esm,QUST,00045764,SECrime,FULL,0,,,SE Crime dialogue,SE 범죄 대화,record,False,True,False,False,MEDIUM,SE
Oblivion.esm,QUST,000452EA,SE37,FULL,0,,,Taxonomy of Obsession,집착의 분류,record,False,False,False,False,,
Oblivion.esm,QUST,000452EA,SE37,CNAM,0,10,0,Mirili Ulven of Highcross is willing to pay 10 gold coins for samples of various rare items. She'll only pay for one sample of each though. She gave me a list of the items she is interested in.,집착의 분류,record,False,False,False,False,,
Oblivion.esm,QUST,000452EA,SE37,CNAM,1,20,0,Mirili Ulven has asked that I capture a Baliwog for her. All I need to do is get it close to her and she'll subdue it. She has promised to reward me handsomely.,"미릴리 울벤은 내가 발리워그를 생포해 오길 원하고있다. 내가 해야 할 일은 그녀에게 그것을 가져다 주는 것 이고, 그녀는 그걸 길들일 것이다. 그녀는 후한 보상을 약속할 것이다.",record,False,False,False,False,,
Oblivion.esm,QUST,000452EA,SE37,CNAM,2,25,0,Mirili Ulven has paid me for capturing a Baliwog.,미릴리 울벤은 내가 발리워그를 생포한 것에 대한 보상을 주었다.,record,False,False,False,False,,
Oblivion.esm,QUST,000452EA,SE37,CNAM,3,30,0,Mirili Ulven has asked that I capture an Elytra for her. All I need to do is get it close to her and she'll subdue it. She has promised to reward me handsomely.,"미릴리 울벤은 나에게 엘리트라를 생포해 오라고 했다. 내가 해야 할 일은 그녀에게 그것을 가져다 주는 것 이고, 그녀는 그걸 길들일 것이다. 그녀는 후한 보상을 약속할 것이다.",record,False,False,False,False,,
Oblivion.esm,QUST,000452EA,SE37,CNAM,4,35,0,Mirili Ulven has paid me for capturing an Elytra.,미릴리 울벤은 내가 엘리트라를 생포한 것에 대한 보상을 주었다.,record,False,False,False,False,,
Oblivion.esm,QUST,000452EA,SE37,CNAM,5,40,0,Mirili Ulven has asked that I capture a Gnarl for her. All I need to do is get it close to her and she'll subdue it. She has promised to reward me handsomely.,"미릴리 울벤은 나에게 그나를을 생포해 달라고 했다. 내가 해야 할 일은 그녀에게 그것을 가져다 주는 것 이고, 그녀는 그걸 길들일 것이다. 그녀는 후한 보상을 약속할 것이다.",record,False,False,False,False,,
Oblivion.esm,QUST,000452EA,SE37,CNAM,6,45,0,Mirili Ulven has paid me for capturing a Gnarl.,미릴리 울벤은 내가 그나를을 생포한 것에 대한 보상을 주었다.,record,False,False,False,False,,
Oblivion.esm,QUST,000452EA,SE37,CNAM,7,50,0,Mirili Ulven has asked that I capture a Scalon for her. All I need to do is get it close to her and she'll subdue it. She has promised to reward me handsomely.,"미릴리 울벤은 나에게 스캘론을 생포해 달라고 부탁했다. 내가 해야 할 일은 그녀에게 그것을 가져다 주는 것 이고, 그녀는 그걸 길들일 것이다. 그녀는 후한 보상을 약속할 것이다.",record,False,False,False,False,,
Oblivion.esm,QUST,000452EA,SE37,CNAM,8,55,0,Mirili Ulven has paid me for capturing a Scalon.,미릴리 울벤은 내가 스캘론을 생포한 것에 대한 보상을 주었다.,record,False,False,False,False,,
Oblivion.esm,QUST,000452EA,SE37,CNAM,9,200,0,Mirili has all of her plants and animals now. Her beastiary is complete and her taxonomy of plantlife is complete.,Mirili은 원하는 식물과 동물들을 모두 얻었다. 그녀의 동식물 수집과 분류는 끝났다.,record,False,True,False,False,MEDIUM,Mirili
Oblivion.esm,QUST,000452EA,SE37,CNAM,10,210,0,Mirili Ulven has died. I'll never understand what she was trying to accomplish with her taxonomy.,미릴리 울벤은 죽었다. 난 그녀가 무엇을 분류하려고 했는지 알지 못할 것이다.,record,False,False,False,False,,
Oblivion.esm,QUST,00044C44,SE35,FULL,0,,,Brithaur,브리타우르,record,False,False,False,False,,
Oblivion.esm,QUST,00044C44,SE35,CNAM,0,10,0,"I've heard that Earil has a problem with Brithaur, and wants something done about it. I should go and speak to him about it.",브리타우르,record,False,False,False,False,,
Oblivion.esm,QUST,00044C44,SE35,CNAM,1,20,0,"Earil has offered me a reward if I can 'get rid' of Brithaur. I'll need to find a way to get Brithaur to stop stealing from the shops in New Sheoth. Before I make any hasty decisions, perhaps I should speak with Brithaur.","이어릴은 내가 브리타우르를 '제거'해주면 돈을 주기로 했다. 난 브리타우르가 뉴 셰오스의 가게에서 물건을 못 훔치게 하는 방법을 알아내야 겠다. 내가 성급한 판단을 내리기 전에, 나는 브리타우르와 얘기해 봐야 한다.",record,False,False,False,False,,
Oblivion.esm,QUST,00044C44,SE35,CNAM,2,30,0,"Brithaur has refused to stop his crime spree because his ""collection"" isn't complete. I may be able to use this to my advantage. I need to bring five Flawless Pearls to him. Otherwise, I may have to seek more creative or violent means to obtain Earil's reward.","브리타우르는 그의 '수집'이 끝나지 않았기 때문에 범죄행위를 멈출수 없다고 했다. 이것을 내 이점으로 사용할 수 있을것이다. 난 그에게서 다섯개의 완벽한 진주를 줘야 한다. 그렇지 않다면, 나는 좀더 창조적 혹은 폭력적인 방법으로 이어릴의 보상을 탈 것이다.",record,False,False,False,False,,
Oblivion.esm,QUST,00044C44,SE35,CNAM,3,40,0,I've given Brithaur five flawless pearls. He's now agreed to leave the shopkeepers of Crucible alone. I should go tell Earil the good news.,나는 브리타우르에게 다섯개의 흠없는 진주를 주었다. 그는 이제 크루시블의 상인들을 떠나기로 했다. 난 이어릴에게가서 이 좋은 소식을 전해야 한다.,record,False,False,False,False,,
Oblivion.esm,QUST,00044C44,SE35,CNAM,4,60,0,Brithaur is dead. I should tell Earil that he is no longer a problem.,브리타우르는 죽었다. 난 이어릴에게 더 이상 그는 문제가 되지 않을것이라 얘기해야 한다.,record,False,False,False,False,,
Oblivion.esm,QUST,00044C44,SE35,CNAM,5,70,0,"Due to my influence in New Sheoth with the House of Dementia, Kithlan has agreed to have Brithaur thrown in the dungeon permanently for his crimes. I should tell Earil the good news.","내가 디멘시아와 뉴 셰오스에 끼치는 영향력 덕분에, 키슬란은 브리타우르에게 그의 범죄에 대한 대가를 물어 영구히 지하감옥에 가두는 데 동의했다. 이어릴에게 이 희소식을 전해야겠다.",record,False,False,False,False,,
Oblivion.esm,QUST,00044C44,SE35,CNAM,6,200,0,"Earil thanked me for taking care of Brithaur, and has given me a reward.","이어릴은 내가 브리타우르를 해결해 준것을 고맙게 여기고, 나에게 보상을 주었다.",record,False,False,False,False,,
Oblivion.esm,QUST,0004340C,SE38,FULL,0,,,The Museum of Oddities,기묘한 물건 박물관,record,False,False,False,False,,
Oblivion.esm,QUST,0004340C,SE38,CNAM,0,10,0,"Una Armina, the proprietor of the Museum of Oddities in Crucible, told me that she is always looking for new exhibits for her museum. If I find anything ""odd,"" I should bring it to her.",기묘한 물건 박물관,record,False,False,False,False,,
Oblivion.esm,QUST,0004340C,SE38,CNAM,1,20,0,"Una Armina was pleased with the ""blind"" Watcher's Eye that I brought for her museum. I should bring her any new Oddities that I find.","우나 아르미나는 내가 박물관에 가져다준 ""눈먼"" 감시자의 눈을 마음에 들어 했다. 새로운 진귀한 물건을 찾으면 그녀에게 가져다줘야겠다.",record,False,False,False,False,,
Oblivion.esm,QUST,0004340C,SE38,CNAM,2,21,0,Una Armina paid me for the deformed Swamp Tentacle that I brought for her museum. I should bring her any new Oddities that I find.,우나 아르미나는 내가 박물관에 가져다준 변형된 늪지 촉수를 받은 댓가로 금화를 지불했다. 아르미나에게 새 기묘한 물건들을 더 가져다줘야 겠다.,record,False,False,False,False,,
Oblivion.esm,QUST,0004340C,SE38,CNAM,3,22,0,Una Armina was pleased with the Sheogorath-shaped lump of amber that I brought for her museum. I should bring her any new Oddities that I find.,우나 아르미나는 내가 박물관에 가져다준 셰오고라스 모양의 호박 덩어리에 만족했다. 아르미나에게 새 기묘한 물건들을 더 가져다줘야 겠다.,record,False,False,False,False,,
Oblivion.esm,QUST,0004340C,SE38,CNAM,4,23,0,Una Armina was very happy with the Pelvis of Pelagius. I should bring her any new oddities I find.,우나 아르미나는 펠라기우스의 골반뼈를 받고 매우 기뻐했다. 아르미나에게 새 기묘한 물건들을 더 가져다줘야 겠다.,record,False,False,False,False,,
Oblivion.esm,QUST,0004340C,SE38,CNAM,5,24,0,Una Armina was happy to add Din's Ashes as an exhibit in her Museum of Oddities. I should bring her any new Oddities that I find.,우나 아르미나는 딘의 유골을 기묘한 물건 박물관의 전시물로 추가하게 되어 기뻐했다. 아르미나에게 새 기묘한 물건들을 더 가져다줘야 겠다.,record,False,False,False,False,,
Oblivion.esm,QUST,0004340C,SE38,CNAM,6,25,0,"I brought Una Armina a Two-Headed Septim I found, and she was happy to add it to her museum. I should bring her any new Oddities that I find.","나는 우나 아르미나에게 내가 찾은 두 머리의 셉팀을 가져다주었고, 아르미나는 그것을 박물관의 전시물로 추가하게 되어 기뻐했다. 아르미나에게 새 기묘한 물건들을 더 가져다줘야 겠다.",record,False,False,False,False,,
Oblivion.esm,QUST,0004340C,SE38,CNAM,7,26,0,"Una Armina was pleased with the ""soul tomato"" I brought for her Museum of Oddities. I should bring her any new Oddities that I find.","우나 아르미나는 진귀한 물건 박물관에 가져다준 ""영혼 토마토""를 마음에 들어 했다. 새로운 진귀한 물건을 찾으면 그녀에게 가져다줘야겠다.",record,False,False,False,False,,
Oblivion.esm,QUST,0004340C,SE38,CNAM,8,27,0,Una Armina was pleased with the unusual Mixing Bowl I brought her. I should bring her any new Oddities that I find.,우나 아르미나는 내가 가져다준 특이한 배합 사발에 만족했다. 아르미나에게 새 기묘한 물건들을 더 가져다줘야 겠다.,record,False,False,False,False,,
Oblivion.esm,QUST,0004340C,SE38,CNAM,9,28,0,Una Armina was pleased with the Hound's Tooth Key I brought for her museum. I should bring her any new Oddities that I find.,우나 아르미나는 내가 박물관에 가져다준 사냥개의 이빨 열쇠를 받고 기뻐했다. 아르미나에게 새 기묘한 물건들을 더 가져다줘야 겠다.,record,False,False,False,False,,
Oblivion.esm,QUST,0004340C,SE38,CNAM,10,29,0,Una Armina was happy to add my Dagger of Friendship as an exhibit in her Museum of Oddities. I should bring her any new Oddities that I find.,우나 아르미나는 우정의 단검을 기묘한 물건 박물관의 전시품으로 추가하게 되자 기뻐했다. 아르미나에게 새 기묘한 물건들을 더 가져다줘야 겠다.,record,False,False,False,False,,
Oblivion.esm,QUST,0004340C,SE38,CNAM,11,30,0,"I brought Una Armina the Ring of Disrobing I found. She was pleased with it, and asked me to bring her any new Oddities I find.","우나 아르미나에게 내가 찾은 탈의의 반지를 가져다주었다. 아르미나는 그것을 받고 기뻐하며, 새로운 기묘한 물건들을 찾아 가져다 달라고 부탁했다.",record,False,False,False,False,,
Oblivion.esm,QUST,0004340C,SE38,CNAM,12,31,0,Una Armina was pleased with the Mute Screaming Maw that I brought for her museum. I should bring her any new Oddities that I find.,우나 아르미나는 박물관에 가져다준 소리 없는 비명의 아가리를 마음에 들어 했다. 새로운 진귀한 물건을 찾으면 그녀에게 가져다줘야겠다.,record,False,False,False,False,,
Oblivion.esm,QUST,0004340C,SE38,CNAM,13,50,0,I found a Blind Watcher's Eye. This might be something Una Armina would want for the Museum of Oddities.,눈먼 감시자의 눈알을 발견했다. 이건 우나 아르미나가 기묘한 물건 박물관에 전시하고 싶어 할지도 모른다.,record,False,False,False,False,,
Oblivion.esm,QUST,0004340C,SE38,CNAM,14,51,0,I found a Deformed Swamp Tentacle. This might be something Una Armina would want for the Museum of Oddities.,변형된 늪지 촉수를 발견했다. 이건 우나 아르미나가 기묘한 물건 박물관에 전시하고 싶어 할지도 모른다.,record,False,False,False,False,,
Oblivion.esm,QUST,0004340C,SE38,CNAM,15,52,0,I found a lump of Amber that looks vaguely like Sheogorath. This might be something Una Armina would want for the Museum of Oddities.,얼핏 셰오고라스를 닮은 호박 덩어리를 발견했다. 이건 우나 아르미나가 기묘한 물건 박물관에 전시하고 싶어 할지도 모른다.,record,False,False,False,False,,
Oblivion.esm,QUST,0004340C,SE38,CNAM,16,53,0,"I've found an ancient pelvic bone with a small inscription that reads ""Pelagius III, 3rd Sun's Dawn."" This might be something Una Armina would want for the Museum of Oddities.","""펠라기우스 3세, 선즈 던 3일""이라는 작은 글귀가 새겨진 고대의 골반뼈를 발견했다. 우나 아르미나가 진귀한 물건 박물관에 두고 싶어 할지도 모르겠다.",record,False,False,False,False,,
Oblivion.esm,QUST,0004340C,SE38,CNAM,17,54,0,I found the ashes of someone named Din in an urn deep in the ruins of Ebrocca. This might be something Una Armina would want for the Museum of Oddities.,에브로카 유적 깊은 곳에 있던 항아리에서 딘이라는 이름으로 불리던 사람의 유골을 발견했다. 이건 우나 아르미나가 기묘한 물건 박물관에 전시하고 싶어 할지도 모른다.,record,False,False,False,False,,
Oblivion.esm,QUST,0004340C,SE38,CNAM,18,55,0,I've found an unusual two-headed septim coin. This might be something Una Armina would want for the Museum of Oddities.,희귀한 두 머리의 셉팀을 발견했다. 이건 우나 아르미나가 기묘한 물건 박물관에 전시하고 싶어 할지도 모른다.,record,False,False,False,False,,
Oblivion.esm,QUST,0004340C,SE38,CNAM,19,56,0,I've found a tomato which seems to act as a soul gem. This might be something Una Armina would want for the Museum of Oddities.,소울 젬처럼 작용하는 토마토를 발견했다. 이건 우나 아르미나가 기묘한 물건 박물관에 전시하고 싶어 할지도 모른다.,record,False,False,False,False,,
Oblivion.esm,QUST,0004340C,SE38,CNAM,20,57,0,I've found an unusual alchemical Mixing Bowl. This might be something Una Armina would want for the Museum of Oddities.,특이한 연금술 배합 사발을 발견했다. 이건 우나 아르미나가 기묘한 물건 박물관에 전시하고 싶어 할지도 모른다.,record,False,False,False,False,,
Oblivion.esm,QUST,0004340C,SE38,CNAM,21,58,0,I've found an unusual key made out of a Hound's Tooth. This might be something Una Armina would want for the Museum of Oddities.,사냥개의 이빨로 만든 특이한 열쇠를 발견했다. 이건 우나 아르미나가 기묘한 물건 박물관에 전시하고 싶어 할지도 모른다.,record,False,False,False,False,,
Oblivion.esm,QUST,0004340C,SE38,CNAM,22,59,0,"I've found a Dagger of Friendship, which seems to heal anyone it strikes. This might be something Una Armina would want for the Museum of Oddities.","우정의 단검을 발견했는데, 이것에 닿으면 누구든 치유되는 것 같다. 이건 우나 아르미나가 기묘한 물건 박물관에 전시하고 싶어 할지도 모른다.",record,False,False,False,False,,
Oblivion.esm,QUST,0004340C,SE38,CNAM,23,60,0,I've found a Ring of Disrobing. which forces anyone wearing it to remove all their clothes. This might be something Una Armina would want for the Museum of Oddities.,"탈의의 반지를 발견했는데, 이것을 착용하는 사람은 모두 옷을 벗게 된다. 이건 우나 아르미나가 기묘한 물건 박물관에 전시하고 싶어 할지도 모른다.",record,False,False,False,False,,
Oblivion.esm,QUST,0004340C,SE38,CNAM,24,61,0,"I've found a Mute Screaming Maw, which seems like something Una Armina might want to display at her Museum of Oddities.",침묵 속에 절규하는 혹부리를 발견했다. 이건 우나 아르미나가 기묘한 물건 박물관에 전시하고 싶어 할 만한 물건일 것이다.,record,False,False,False,False,,
Oblivion.esm,QUST,0004340C,SE38,CNAM,25,190,0,Una Armina is dead. There's no point in looking for any more exhibits for her Museum of Oddities.,우나 아르미나는 죽었다. 더이상 기묘한 물건 박물관에 놓을 전시품을 모으러 갈 이유가 없어졌다.,record,False,False,False,False,,
Oblivion.esm,QUST,0004340C,SE38,CNAM,26,200,0,I've found all the interesting items for which Una Armina was searching.,나는 우나 아르미나가 찾고 있던 흥미로운 물건들을 모두 찾았다.,record,False,False,False,False,,
Oblivion.esm,QUST,00042B9C,SE39,FULL,0,,,Everything In Its Place,모든 것이 제자리에,record,False,False,False,False,,
Oblivion.esm,QUST,00042B9C,SE39,CNAM,0,10,0,"Ranaar-Jo of Fellmoor is in desperate need of help, except he won't trust me until I've earned Kishashi's trust. I should find her and win her over.",Ranaar-Jo of Fellmoor 는 내가 키샤시(Kishashi)의 신뢰를 얻기 전까지 나의 도움을 필요치 않는다. 그녀를 찾아서 얻어야 겠다.,record,True,True,False,False,HIGH,"Ranaar-Jo, of, Fellmoor, Kishashi"
Oblivion.esm,QUST,00042B9C,SE39,CNAM,1,20,0,I need to get Kishashi to trust me. She mentioned needing five Pod Pits.,난 키샤시의 신뢰를 얻어야한다. 그녀는 내게 5개의 완두콩 씨를 원한다고 말했다.,record,False,False,False,False,,
Oblivion.esm,QUST,00042B9C,SE39,CNAM,2,20,1,"Ranarr-Jo is in need of a hero, but Kishashi won't tell me more until she can trust me. If I want to know more, I need to get her to trust me. She mentioned needing five pod pits.","라나르-조는 영웅을 필요로 하지만, 키샤시는 그녀가 나를 더 신뢰할수 있을때까지 아무런 말도 하지 않았다. 더 알고싶다면, 그녀가 나를 믿도록 만들어야 한다. 그녀는 5개의 완두콩 씨앗들을 요구했다.",record,False,False,False,False,,
Oblivion.esm,QUST,00042B9C,SE39,CNAM,3,30,0,I've given Kishashi five Pod Pits. That made her happy. She should trust me now.,"난 키샤시에게 5개의 완두콩 씨앗을 주었다. 그것이 그녀를 기쁘게 만들었고, 이제 나를 신뢰할수 있을것이다.",record,False,False,False,False,,
Oblivion.esm,QUST,00042B9C,SE39,CNAM,4,40,0,I've acquired a spoon from Kishashi that supposedly will get Ranarr-Jo to trust me. I should talk to him.,나는 키샤시로부터 라나르-조가 날 믿을수 있게하는 숟가락을 얻었다. 그와 얘기해야 겠다.,record,False,False,False,False,,
Oblivion.esm,QUST,00042B9C,SE39,CNAM,5,45,0,I've given Ranarr-Jo a spoon from Kishashi. It apparently is a sign he should trust me.,난 키샤시에게 라나르-조가 준 숟가락을 주었다. 그가 나를 믿을수 있다는 상징으로 보인다.,record,False,False,False,False,,
Oblivion.esm,QUST,00042B9C,SE39,CNAM,6,50,0,"Ranarr-Jo has asked me to wreck Cindanwe's house, and steal her notebook.","라나르-조는 나에게 신단웨의 집을 파괴하고, 그녀의 공책을 훔쳐오라고 부탁했다.",record,False,False,False,False,,
Oblivion.esm,QUST,00042B9C,SE39,CNAM,7,60,0,I've put Cindanwe's house in disarray.,나는 신단웨의 집을 혼란에 빠트렸다.,record,False,False,False,False,,
Oblivion.esm,QUST,00042B9C,SE39,CNAM,8,60,1,I should speak with Ranarr-Jo to tell him the mission is accomplished.,난 라나르-조에게 임무를 성공했다고 말해야 한다.,record,False,False,False,False,,
Oblivion.esm,QUST,00042B9C,SE39,CNAM,9,65,0,Cindanwe of Fellmoor is dead. I should check her corpse to see if she had anything interesting on her when she died.,펠무어의 신단웨는 죽었다. 난 그녀의 시체에 뭔가 흥미로운게 있는지 확인해 봐야 할 것이다.,record,False,False,False,False,,
Oblivion.esm,QUST,00042B9C,SE39,CNAM,10,65,1,Cindanwe of Fellmoor is dead. I should speak with Ranarr-Jo to tell him the mission is accomplished.,펠무어의 신단웨는 죽었다. 난 라나르-조에게 그가 준 임무가 성공적이였다고 말할것이다.,record,False,False,False,False,,
Oblivion.esm,QUST,00042B9C,SE39,CNAM,11,70,0,I've acquired Cindanwe's notebook. Maybe I should talk to the other people in the settlement about this.,신단웨의 공책을 획득했다. 다른사람들 에게 이 공책에 대한 출처를 알아봐야 겠다.,record,False,False,False,False,,
Oblivion.esm,QUST,00042B9C,SE39,CNAM,12,70,1,I've acquired Cindanwe's notebook. I should speak with Ranarr-Jo to tell him the mission is accomplished.,난 신단웨의 공책을 얻었다. 라나르-조에게 임무가 완수되었다고 말해야 할 것이다.,record,False,False,False,False,,
Oblivion.esm,QUST,00042B9C,SE39,CNAM,13,200,0,Ranarr-Jo is grateful that I've taken care of Cindanwe. Now he and his neighbors can live in peace.,라나르-조는 내가 신단웨를 챙겨준 것에 대해 고마워 하고 있다. 이제 그와 그의 이웃은 평화속에 살수 있을것이다.,record,False,False,False,False,,
Oblivion.esm,QUST,00042B9C,SE39,CNAM,14,210,0,Ranarr-Jo is dead. I'll never know what he needed help with now.,라나르-조는 죽었다. 이제 그가 무슨 도움을 원하는지 알수 없을것이다.,record,False,False,False,False,,
Oblivion.esm,QUST,00042B9C,SE39,CNAM,15,210,1,Ranarr-Jo is dead. I suppose he won't have to worry about Cindanwe now.,라나르-조는 죽었다. 이제 그는 신단웨에 대한 걱정이 없어질 것이다.,record,False,False,False,False,,
Oblivion.esm,QUST,00042B9C,SE39,CNAM,16,220,0,Kishashi is dead. I'll never be able to earn her trust now. Ranarr-Jo will just have to deal with things on his own.,키샤시는 죽었다. 난 절대로 그녀의 신뢰를 얻을수 없을것이다. 라나르-조는 자기 혼자서 일을 처리해야 할것이다.,record,False,False,False,False,,
Oblivion.esm,QUST,0003BE84,SENQDWilderness,FULL,0,,,SE Wilderness NQD,SE 황야 NQD,record,False,True,False,False,MEDIUM,"SE, NQD"
Oblivion.esm,QUST,0003B819,SE14,FULL,0,,,The Prince of Madness,광기의 군주,record,False,False,False,False,,
Oblivion.esm,QUST,0003B819,SE14,CNAM,0,5,0,Jyggalag has spoken to me and told me the Greymarch is ended and the forces of Order have retreated. Haskill will likely know how I should proceed.,광기의 군주,record,False,False,False,False,,
Oblivion.esm,QUST,0001E985,SENQDMania,FULL,0,,,SE Mania NQD,SE 매니아 NQD,record,False,True,False,False,MEDIUM,"SE, NQD"
Oblivion.esm,QUST,00019516,SE06Battle,FULL,0,,,Cylarne battle,사일란 전투,record,False,False,False,False,,
Oblivion.esm,QUST,00018E8C,SE00,FULL,0,,,SE main story general,SE 메인 스토리 일반,record,False,True,False,False,MEDIUM,SE
Oblivion.esm,QUST,00017D0F,SE03A,FULL,0,,,Baiting the Trap,덫을 놓기,record,False,False,False,False,,
Oblivion.esm,QUST,00017D0F,SE03A,CNAM,0,5,0, I should now make my way back to New Sheoth and report my success to Sheogorath.,덫을 놓기,record,False,False,False,False,,
Oblivion.esm,QUST,00017D0F,SE03A,CNAM,1,10,0,"I've met Kiliban Nyrandil inside one of the many observation rooms of Xedilian. It also appears that Xedilian has its first visitors, a group of adventurers. It's up to me to decide whether to allow Xedilian to kill them or drive them insane.","제딜리안의 여러 관찰실 중 하나에서 킬리반 니란딜이란 자를 만났다. 제딜리안이 재가동 된 후, 첫 방문객인 모험가 일행이 나타났다. 제딜리안을 통해 저들을 죽일지 미치게 만들지는 내 마음이다.",record,False,False,False,False,,
Oblivion.esm,QUST,00017D0F,SE03A,CNAM,2,15,0,"I've unleashed the Giant Gnarl on the adventurers in Xedilian. With the threat of what he perceived as certain death knocking at his door, Lewin the Rogue has gone insane. I should make my way to the next observation room and choose how the adventurers will encounter their next obstacle.",제딜리안으로 들어온 모험가들에게 가짜 거대한 나를을 풀어버렸다. 죽음이 눈앞에 닥친 것으로 착각한 불량배 루윈은 그만 미쳐버렸다. 다음 관찰실로 가서 모험가들이 맞닥뜨릴 다음 고난을 골라봐야 겠다.,record,False,False,False,False,,
Oblivion.esm,QUST,00017D0F,SE03A,CNAM,3,15,1,"I've unleashed the Gnarl Swarm on the adventurers in Xedilian. Unable to survive their onslaught, Lewin the Rogue has been slain. I should make my way to the next observation room and choose how the adventurers will encounter their next obstacle.",제딜리안으로 들어온 모험가들에게 나를 무리를 풀어버렸다. 놈들의 맹공에 불량배 루윈이 죽음을 당했다. 다음 관찰실로 가서 모험가들이 맞닥뜨릴 고난을 골라봐야 겠다.,record,False,False,False,False,,
Oblivion.esm,QUST,00017D0F,SE03A,CNAM,4,20,0,"I've caused Syndelius the Mage to go insane by pouring hundreds of keys on the ground which convinced him that one of them opened the gate to the huge treasure pile. All that remains now is the leader of the group, Grommok. I should make my way to the last observation room and choose how the stubborn Orc will encounter his final obstacle.",마법사 신델리우스는 수백 개의 열쇠 속에서 거대한 보물더미가 있는 문을 열 열쇠를 찾을 수 있다고 확신하더만 미쳐버렸다. 남은 것은 그룹의 리더인 그롬목 뿐이다. 마지막 관찰실로 가서 저 고집쟁이 오크가 당할 재난을 골라봐야 겠다.,record,False,False,False,False,,
Oblivion.esm,QUST,00017D0F,SE03A,CNAM,5,20,1,"Using a huge pile of treasure as bait, I lured the two remaining adventurers into a fire trap. Syndelius the Mage didn't survive the blast, leaving only their leader, Grommok. I should make my way to the last observation room and choose how the stubborn Orc will encounter his final obstacle.","엄청난 크기의 보물 더미를 미끼로 써서, 남은 두 모험가를 파이어 트랩으로 끌어들였다. 마법사 신델리우스는 불덩이를 맞고 죽어버렸고, 그롬목만이 살아남았다. 이제 마지막 방으로 가서 저 고집쟁이 오크가 맞당뜨릴 재난을 결정해야 한다.",record,False,False,False,False,,
Oblivion.esm,QUST,00017D0F,SE03A,CNAM,6,50,0,"By making Grommok think that he actually died and became a ghost, I've driven him insane. Now that all of the adventurers have been dealt with, I should speak to Kiliban.",그롬목에게 자신이 죽어서 유령이 되었다고 생각하게 만들었더니 미쳐버렸다. 이로서 모험가 일당은 전부 처리했다. 킬리반과 이야기 해 봐야겠다.,record,False,False,False,False,,
Oblivion.esm,QUST,00017D0F,SE03A,CNAM,7,50,1,"I've caused the death of the remaining Orc adventurer, Grommok, by animating the zombies in the final room of Xedilian. Now that all of the adventurers have been dealt with, I should speak to Kiliban.",마지막 남은 오크 모험가 그롬목은 내가 되살려낸 좀비들의 손에 죽고 말았다. 이로서 모험가 일당은 전부 처리했다. 킬리반과 이야기 해 봐야겠다.,record,False,False,False,False,,
Oblivion.esm,QUST,00017D0F,SE03A,CNAM,8,55,0,Kiliban Nyrandil has told me to meet him in Xedilian's reception chamber where I can recover the defeated adventurer's gear. I should use the final transport pad and make my way there now.,킬리반 니란딜은 제딜리안의 접대실로 오면 죽어버린 모험가들의 장비를 챙겨주겠다고 했다. 이제 마지막 순간이동진을 써서 거기로 가야겠다.,record,False,False,False,False,,
Oblivion.esm,QUST,00017D0F,SE03A,CNAM,9,60,0,I've received some items and gold from Kiliban Nyrandil that had belonged to the adventurers. I can now safely report back to Sheogorath that Xedilian is in full operation.,킬리반 니란딜에게서 모험가들 것이었던 아이템과 골드를 받았다. 이제 셰오고라스에게 돌아가 제딜리안이 제대로 돌아간다고 보고할 수 있게 되었다.,record,False,False,False,False,,
Oblivion.esm,QUST,00017D0F,SE03A,CNAM,10,70,0,"Before exiting Xedilian, I was attacked by three unusual beings in equally strange armor. I should ask Kiliban if he knows anything about them.","제딜리안을 떠나기 전에, 똑같이 이상한 갑옷을 착용한 정체불명의 존재들이 날 공격했다. 킬리반에게 이놈들에 대해 아는 것이 없는가 물어봐야겠다.",record,False,False,False,False,,
Oblivion.esm,QUST,00017D0F,SE03A,CNAM,11,200,0,"Kiliban explained the identity of the strange beings, calling them Knights of Order. He seemed very dismayed and wishes me to hasten to Sheogorath and report their presence.",킬리반은 질서의 기사라는 이상한 존재들에 대해 설명해 주었다. 그는 무척이나 당황한 듯 했고 나에게 서둘러 셰오고라스에게 가서 그들의 존재에 대해 보고하라고 말해 주었다.,record,False,False,False,False,,
Oblivion.esm,QUST,00015641,SE13,FULL,0,,,The End of Order,질서의 종말,record,False,False,False,False,,
Oblivion.esm,QUST,00015641,SE13,CNAM,0,6,0,"The Captain of my Palace Guard needs my assistance at once. The messenger didn't know any details, but it sounds urgent.","왕궁 수비군의 지휘관이 내게 지원을 요청했다. 전령은 자세한 사항을 모르지만, 매우 급한 듯 하다.",record,False,False,False,False,,
Oblivion.esm,QUST,00015641,SE13,CNAM,1,9,0,The Captain of my Palace Guard has informed me that an Obelisk has activated in the Palace courtyard! It seems that Order is launching its final attempt to take control of the Shivering Isles. I need to defeat Jyggylag and his minions once and for all.,왕궁 수비군의 지휘관은 궁 정원에 있던 오벨리스크가 활동을 시작했다고 내게 알려왔다! 정화(Order)의 군대가 쉬버링 아일랜드(Shivering Isles)를 정복하기 위한 마지막 진공을 시작한 모양이다. 무슨일이 있어도 지갈랙(Jyggalag)과 그의 수하들을 패배시켜야 한다.,record,True,True,False,False,HIGH,"Order, Shivering, Isles, Jyggalag"
Oblivion.esm,QUST,00015641,SE13,CNAM,2,10,0,An Obelisk has activated in the Palace courtyard! It seems that Order is launching its final attempt to take control of the Shivering Isles. I need to defeat Jyggalag and his minions once and for all.,궁 정원의 첫번째 오벨리스카가 활동하기 시작했다! 질서의 군대가 쉬버링 아일즈를 정복하기 위한 마지막 진공을 시작한 모양이다. 무슨일이 있어도 지갈랙과 그의 수하들을 패배시켜야 한다.,record,False,False,False,False,,
Oblivion.esm,QUST,00015641,SE13,CNAM,3,20,0,A second Obelisk has activated. I need to shut it down to stop the Knights from overwhelming the defenders.,두번째 오벨리스크가 활동하기 시작했다. 기사들이 방어군을 유린하기 전에 오베리스크를 무력화 시켜야 한다.,record,False,False,False,False,,
Oblivion.esm,QUST,00015641,SE13,CNAM,4,30,0,A third Obelisk has activated. I need to shut it down.,세번째 오벨리스크가 활동하기 시작했다. 그것을 무력화 시켜야만 한다.,record,False,False,False,False,,
Oblivion.esm,QUST,00015641,SE13,CNAM,5,50,0,Another Obelisk has activated. Jyggylag appeared to grow stronger when it activated. Perhaps shutting down the Obelisks will weaken him.,또 다른 오벨리스크가 활동하기 시작했다. 오벨리스크가 활동하니 지갈랙(Jyggylag)이 훨씬 강력해진 듯 하다. 오벨리스크를 무력화하면 지갈랙(Jyggylag)은 약해질 것이다.,record,True,True,False,False,HIGH,"Jyggylag, Jyggylag"
Oblivion.esm,QUST,00015641,SE13,CNAM,6,50,1,Another Obelisk has activated. I should shut it down to weaken Jyggylag.,또 다른 오벨리스크가 활동하기 시작했다. 지갈랙(Jyggylag)을 약화시키려면 오벨리스크를 무력화해야 한다.,record,True,True,False,False,HIGH,Jyggylag
Oblivion.esm,QUST,00015641,SE13,CNAM,7,60,0,Another Obelisk has activated. Jyggalag appeared to grow stronger when it activated. Perhaps shutting down the Obelisks will weaken him.,또 다른 오벨리스크가 활성화됐다. 활성화되자 지갈랙이 더 강해진 듯했다. 오벨리스크를 정지시키면 그를 약화시킬 수 있을지도 모른다.,record,False,False,False,False,,
Oblivion.esm,QUST,00015641,SE13,CNAM,8,60,1,Another Obelisk has activated. I should shut it down to weaken Jyggalag.,또 다른 오벨리스크가 활동하기 시작했다. 오벨리스크가 활동하니 지갈랙이 훨씬 강력해진 듯 하다. 오벨리스크를 무력화하면 지갈랙은 약해질 것이다.,record,False,False,False,False,,
Oblivion.esm,QUST,00015641,SE13,CNAM,9,80,0,Shutting down the Obelisks appears to weaken Jyggalag of some of his powers. I should deactivate as many Obelisks as I can to weaken Jyggalag.,"오벨리스크를 무력화 시키니 지갈랙의 힘이 어느 정도 약해즌 듯 싶다. 가능한한 많은 오벨리스크가 활동하지 못하게 해야, 지갈랙을 약하게 만들 수 있을 것이다.",record,False,False,False,False,,
Oblivion.esm,QUST,00015639,SE30,FULL,0,,,The Antipodean Hammer,대지 반대편 망치,record,False,False,False,False,,
Oblivion.esm,QUST,00015639,SE30,CNAM,0,10,0,I've heard that a smith in New Sheoth is collecting Amber.,대지 반대편 망치,record,False,False,False,False,,
Oblivion.esm,QUST,00015639,SE30,CNAM,1,15,0,"I've found an unusual item called a matrix. It looks like a mold of some kind, and seems magical. I should ask around. Someone in the Shivering Isles must know what this is used for.","주형이라고 불리는 희귀한 물건을 발견했다. 무언가의 틀처럼 보였고, 신비해 보였다. 주변에 물어봐야 할것 같다. 쉬버링 아일즈의 누군가는 반드시 이게 무슨 용도로 사용되는 것 인지 알것이다.",record,False,False,False,False,,
Oblivion.esm,QUST,00015639,SE30,CNAM,2,15,1,I've found a matrix that looks like it might be a mold for a different type of item. I should ask around. Someone in the Shivering Isles must know what these things are for.,난 다른 물건의 틀로 보이는 주형을 발견했다. 주변에 물어봐야 할것 같다. 쉬버링 아일즈의 누군가는 이것들이 무슨 용도로 쓰이는지 알것이다.,record,False,False,False,False,,
Oblivion.esm,QUST,00015639,SE30,CNAM,3,20,0,I've met Dumag gro-Bonk who lives in New Sheoth. He can forge things from Amber.,뉴 셰오스에사는 두마그 그로-봉크를 만났다. 그가 앰버을 제련해줄수 있을것이다.,record,False,False,False,False,,
Oblivion.esm,QUST,00015639,SE30,CNAM,4,25,0,Dumag gro-Bonk told me Amber can be found in root tunnel systems and on Gnarl.,두마그 그로-봉크는 앰버이 나를 굴에서 발견된다고 말했다.,record,False,False,False,False,,
Oblivion.esm,QUST,00015639,SE30,CNAM,5,26,0,Dumag gro-Bonk will not make any Amber items for me until I am more experienced. [Must be level 8 or higher],두마그 그로-봉크는 내가 더 경험을 쌓을때 까지 어떤 것도 만들어 주지 않을것이다.[레벨 8 이상],record,False,False,False,False,,
Oblivion.esm,QUST,00015639,SE30,CNAM,6,30,0,"Dumag gro-Bonk told me about magical weapon and armor ""Matrices"" he can use to create magical weapons and armor. If I find a matrix he'll be able to make a magical item.","두마그 그로-봉크는 그가 만들 수 있는 신비한 무기와 갑옷인 주형 장비""에 에 대해 말해주었다. 만약 내가 모암을 발견하면, 그는 신비한 물건들을 만들어 줄것이다.",record,False,False,False,False,,
Oblivion.esm,QUST,00015639,SE30,CNAM,7,110,0,I've heard that a smith in New Sheoth is collecting Madness Ore.,뉴 셰오스의 한 대장장이가 매드니스 광석을 모은다는 소문을 들었다.,record,False,False,False,False,,
Oblivion.esm,QUST,00015639,SE30,CNAM,8,115,0,"I've found an unusual item called a matrix. It looks like a mold of some kind, and seems magical. I should ask around. Someone in the Shivering Isles must know what this is used for.","주형이라고 불리는 희귀한 물건을 발견했다. 무언가의 틀처럼 보였고, 신비해 보였다. 주변에 물어봐야 할것 같다. 쉬버링 아일즈의 누군가는 반드시 이게 무슨 용도로 사용되는 것 인지 알것이다. ",record,False,False,False,False,,
Oblivion.esm,QUST,00015639,SE30,CNAM,9,115,1,I've found a matrix that looks like it might be a mold for a different type of armor. I should ask around. Someone in the Shivering Isles must know what these things are for.,난 다른 물건의 틀로 보이는 주형을 발견했다. 주변에 물어봐야 할것 같다. 쉬버링 아일즈의 누군가는 이것들이 무슨 용도로 쓰이는지 알것이다.,record,False,False,False,False,,
Oblivion.esm,QUST,00015639,SE30,CNAM,10,120,0,I've met Cutter of New Sheoth. She can forge items from Madness Ore.,뉴 셰오스에서 커터라는 자와 만났다. 그녀는 매드니스 광석으로 물건을 제련해 줄수 있을것이다.,record,False,False,False,False,,
Oblivion.esm,QUST,00015639,SE30,CNAM,11,125,0,Cutter told me Madness Ore can be found in old ruins and is often carried by Grummites.,커터는 매드니스 광석이 오래된 유적이나 가끔 그러마이트가 가지고 있다고 했다.,record,False,False,False,False,,
Oblivion.esm,QUST,00015639,SE30,CNAM,12,126,0,Cutter will not make any Madness items for me until I am more experienced. [Must be level 8 or higher],커터는 내가 더 경험을 쌓기 전까지 아무것도 만들어 주지 않을것이다. [레벨 8 이상],record,False,False,False,False,,
Oblivion.esm,QUST,00015639,SE30,CNAM,13,130,0,"Cutter told me about magical weapon and armor ""Matrices"" she can use to create magical weapons and armor. If I find a matrix she'll be able to make a magical item.","커터는 내게 그녀가 만들 수 있는 신비한 무기와 갑옷인 ""주형 장비""에 대해 말해주었다. 내가 주형을 가져다 주면 그녀가 신비한 물건들을 만들어 줄것이다.",record,False,False,False,False,,
Oblivion.esm,QUST,0001383C,SE12,FULL,0,,,The Roots of Madness,매드니스 뿌리,record,False,False,False,False,,
Oblivion.esm,QUST,0001383C,SE12,CNAM,0,10,0,Something is wrong with the Font of Madness. It won't accept the Staff of Sheogorath and imbue it with power as Dyus described. Perhaps Haskill will know what's wrong with it.,매드니스 뿌리,record,False,False,False,False,,
Oblivion.esm,QUST,0001383C,SE12,CNAM,1,20,0,"The Font of Madness has been poisoned by Order! If it becomes fully Ordered, the realm is lost and Jyggalag has won. Haskill suspects that Order has somehow gained access to the Pools of Madness that nourish the Font. I need to enter the Fountainhead beneath the Tree and find the source of the poison before it is too late.","광기의 원천이 정화의 기운에 오염되었다! 샘이 완전히 질서화된다면, 이 세계는 지갈랙의 손에 떨어지고 승리는 그의 것이 될 것이다. 하스킬은 어떻게 해서인지 질서의 군대가 광기의 원천으로 들어간 것으로 보고있다. 너무 늦기 전에 나무 아래의 샘의 원천으로 들어가 오염의 원인을 찾아봐야 한다.",record,False,False,False,False,,
Oblivion.esm,QUST,0001383C,SE12,CNAM,2,30,0,I've witnessed a gnarl removing the Order crystals that were poisoning a door here in the Fountainhead. It seems that the tame gnarls here can halt the spread of Order throughout the dungeon. I may be able to use their help as I work my way to the Pools of Mania and Dementia.,나를이 문을 뒤덮고 있던 수정을 제거하는 것을 보았다. 이곳의 길들여진 나를들은 동굴로 퍼지는 질서의 기운을 막을 수 있는 것 같다. 매니아와 디멘시아의 연못으로 가기 위해서는 이것들을 잘 이용해야 겠다.,record,False,False,False,False,,
Oblivion.esm,QUST,0001383C,SE12,CNAM,3,50,0,"Just as Haskill suspected, Jyggalag's priests are poisoning the roots of the Tree of Madness. I have cleansed one of the minor pools, but I must find the Pools of Mania and Dementia in order to save the Tree.","하스킬이 예상했던대로 지갈랙의 사제들이 광기의 나무의 뿌리를 오염시키고 있었다. 작은 연못 하나를 처리했지만, 나무를 구하기 위해서는 매니아와 디멘시아의 연못을 찾아야만 한다.",record,False,False,False,False,,
Oblivion.esm,QUST,0001383C,SE12,CNAM,4,60,0,I've discovered a chrysalis that generates a tame Gnarl Cultivator. Perhaps these gnarls can help me halt the spread of Order throughout the Fountainhead.,고치에서 길들여진 나를이 나오는 것을 발견했다. 아마 이 나를들이 샘의 원천을 통해 퍼지는 질서의 기운을 막아내는 데 도움이 될 것이다.,record,False,False,False,False,,
Oblivion.esm,QUST,0001383C,SE12,CNAM,5,150,0,I've killed the Priests of Order who had cursed the Pool of Mania. Now to cleanse the Pool of Dementia.,광기의 웅덩이를 저주한 질서의 사제들을 죽였다. 이제 광증의 웅덩이를 정화해야 한다.,record,False,False,False,False,,
Oblivion.esm,QUST,0001383C,SE12,CNAM,6,150,1,"I've killed the Priests of Order who had cursed the Pool of Mania. The traitor, Thadon, was among them. Now that I've cleansed both Pools that feed the Font of Madness, I should be able to imbue the Staff of Sheogorath with power.",매니아의 연못에 저주를 걸던 질서의 사제를를 죽였다. 이제 디멘시아의 연못을 되찾을 때다.,record,False,False,False,False,,
Oblivion.esm,QUST,0001383C,SE12,CNAM,7,150,2,"I've killed the Priests of Order who had cursed the Pool of Mania. The traitor, Syl, was among them. Now that I've cleansed both Pools that feed the Font of Madness, I should be able to  imbue the Staff of Sheogorath with power.","매니아(Mania)의 연못에 저주를 걸던 정화(Order)의 사제들을 죽였다. 함께 있던 배신자 실(Syl)도 죽여버렸다. 광기의 샘(Font of Madness)을 채우는 두 연못을 되찾았으니, 지팡이에 쉐오고라스(Sheogorath)의 힘을 불어넣어야 겠다.",record,True,True,False,False,HIGH,"Mania, Order, Syl, Font, of, Madness, Sheogorath"
Oblivion.esm,QUST,0001383C,SE12,CNAM,8,160,0,I've killed the Priests of Order who had cursed the Pool of Dementia. Now to cleanse the Pool of Mania.,광증의 웅덩이를 저주한 질서의 사제들을 죽였다. 이제 광기의 웅덩이를 정화해야 한다.,record,False,False,False,False,,
Oblivion.esm,QUST,0001383C,SE12,CNAM,9,160,1,"I've killed the Priests of Order who had cursed the Pool of Dementia. The traitor, Thadon, was among them. Now that I've cleansed both Pools that feed the Font of Madness, I should be able to imbue the Staff of Sheogorath with power.",디멘시아의 연못에 저주를 걸던 질서의 사제를를 죽였다. 이제 매니아의 연못을 되찾을 때다.,record,False,False,False,False,,
Oblivion.esm,QUST,0001383C,SE12,CNAM,10,160,2,"I've killed the Priests of Order who had cursed the Pool of Dementia. The traitor, Syl, was among them. Now that I've cleansed both Pools that feed the Font of Madness, I should be able to imbue the Staff of Sheogorath with power.","디멘시아의 연못에 저주를 걸던 질서의 사제를들을 죽였다 함께 있던 배신자 테이던도 죽여버렸다. 광기의 원천을 채우는 두 연못을 되찾았으니, 지팡이에 셰오고라스의 힘을 불어넣어야 겠다.",record,False,False,False,False,,
Oblivion.esm,QUST,0001383C,SE12,CNAM,11,200,0,I have immersed my Staff in the Font of Madness. I have gained the power of Sheogorath.,광기의 원천에 지팡이를 담갔다. 이제 셰오고라스의 힘은 나의 것이 되었다.,record,False,False,False,False,,
Oblivion.esm,QUST,00013643,SE11b,FULL,0,,,The Trial of Reflection,반성의 시험,record,False,False,False,False,,
Oblivion.esm,QUST,00013642,SE11a,FULL,0,,,The Liturgy of Vision,비전의 전례,record,False,False,False,False,,
Oblivion.esm,QUST,00013642,SE11a,CNAM,0,95,0,I've have Ciirta's left eye. I should now seek out the second item that I need to create the Staff of Sheogorath.,시어타(Ciirta)의 왼쪽 눈을 손에 넣었다. 이제 쉐오고라스(Sheogorath)의 지팡이를 만들어내는데 필요한 두번째 아이템을 찾아야 한다.,record,True,True,False,False,HIGH,"Ciirta, Sheogorath"
Oblivion.esm,QUST,00013642,SE11a,CNAM,1,96,0,I've have Ciirta's left eye.,시어타(Ciirta)의 왼쪽 눈을 손에 넣었다.,record,True,True,False,False,HIGH,Ciirta
Oblivion.esm,QUST,000135ED,SE07B,FULL,0,,,Ritual of Mania,매니아의 의식,record,False,False,False,False,,
Oblivion.esm,QUST,000135ED,SE07B,CNAM,0,5,0,I should begin asking around New Sheoth about Thadon's court and learn the best way to get him to overdose on Greenmote without his knowledge.,매니아의 의식,record,False,False,False,False,,
Oblivion.esm,QUST,000135ED,SE07B,CNAM,1,10,0,"It was suggested that I speak to Thadon's steward, Wide-Eye. I was told I could find her in the House of Mania or elsewhere in New Sheoth.",테이던의 대신인 와이드-아이를 만나보라는 조언을 들었다. 뉴 셰오스나 매니아의 성 어느 한곳에서 그녀를 발견할 수 있을 것이라 한다.,record,False,False,False,False,,
Oblivion.esm,QUST,000135ED,SE07B,CNAM,2,15,0,"Wide-Eye has described to me a bit of her routine. I'll need to find where she gets Greenmote from and obtain some without being discovered. Wide-Eye mentions she does a ""special errand"" at noon every day, I should follow her and see where she goes.","와이드-아이는 내게 자신에 일상에 대해서 말해주었다. 그녀가 말한 곳으로 숨어들어가 그린모트를 손에 넣어야한다. 그녀는 매일 낮 정오에 ""특별한 직무""를 수행한다고 하니, 그녀의 뒤를 밟아봐야겠다.",record,False,False,False,False,,
Oblivion.esm,QUST,000135ED,SE07B,CNAM,3,18,0,I've followed Wide-Eye to a unremarkable alcove in the Palace courtyard. I should watch from this vantage point to see what she does.,성 정원의 한쪽 구석까지 와이드-아이를 따라갔다. 들키지 않을 만한 곳에서 그녀가 뭘 하는지 지켜봐야겠다.,record,False,False,False,False,,
Oblivion.esm,QUST,000135ED,SE07B,CNAM,4,20,0,I've observed Wide-Eye activating the secret entrance to the Greenmote Silo. I need to get inside and procure two extra doses of the potent drug without getting caught.,와이드-아이가 그린모트 저장고로 통하는 비밀통로를 여는 것을 보았다. 몰래 숨어들어가서 들키지 않고 두 번 먹을 분량의 그린모트를 손에 넣어야만한다.,record,False,False,False,False,,
Oblivion.esm,QUST,000135ED,SE07B,CNAM,5,25,0,"I've obtained two doses of Greenmote. I now need to sneak into Thadon's kitchen sometime before eight o'clock and attempt to slip an extra dose into his evening meal and into his wine without being seen, otherwise try again tomorrow night. Gundlar prepare the meal in the morning, so I'll have to wait until the afternoon to poison his food.",두 번 먹을 분량의 Greenmote을 손에 넣었다. 저녁 8시가 되기전에 주방으로 숨어들어가 저녁식사와 와인에다 Greenmote을 몰래 넣어야한다. 건들러(Gundlar)는 오전에 식사준비를 하니 Greenmote을 섞어 넣으려면 오후까지 기다려야만 한다.,record,True,True,False,False,HIGH,"Greenmote, Greenmote, Gundlar, Greenmote"
Oblivion.esm,QUST,000135ED,SE07B,CNAM,6,30,0,I've slipped an extra dose of Greenmote into Thadon's meal and Thadon's wine. I should proceed to the dining area at eight o'clock for the evening feast and watch the effect the Greenmote overdose has on Thadon.,테이던의 식사와 포도주에다 그린모트를 섞어넣었다. 저녁 8시에 식사하는 곳으로 가서 치사량의 그린모트를 먹은 테이던이 어떻게 되나 지켜봐야겠다.,record,False,False,False,False,,
Oblivion.esm,QUST,000135ED,SE07B,CNAM,7,35,0,"I've entered the main hall in the House of Mania, and the evening feast is underway. I should watch the effect the Greenmote overdose has on Thadon.",매니아 성의 메인홀에 들어서니 모두들 식사중이었다. 치사량의 그린모트가 어떤 효과를 보여줄지 지켜봐야겠다.,record,False,False,False,False,,
Oblivion.esm,QUST,000135ED,SE07B,CNAM,8,35,1,I've entered the main hall in the House of Mania later than expected to find Thadon already dead from his Greenmote overdose. I should now collect as much of his tainted blood as possible.,치사량의 그린모트를 먹은 테이던은 이미 죽었을 것이라 예상하고 매니아 성의 메인홀에 들어가 보았다. 가능한한 빨리 그린모트 성분이 남아있는 그의 피를 받아야한다.,record,False,False,False,False,,
Oblivion.esm,QUST,000135ED,SE07B,CNAM,9,40,0,"After Thadon rose to deliver an odd soliloquy, he clutched his heart and fell to the ground dead. I should now collect as much of his tainted blood as possible.","테이던은 상기된 채로 이상한 시를 ??더만, 가슴을 부여잡고는 바닥에 죽어 널브러졌다. 가능한한 빨리 그린모트 성분이 남아있는 그의 피를 받아야한다.",record,False,False,False,False,,
Oblivion.esm,QUST,000135ED,SE07B,CNAM,10,45,0,I've obtained Thadon's drug-tainted blood. I now need to make my way back to the Altar of Arden-Sul at the Sacellum.,테이던에게서 그린모트 성분이 남아있는 피를 받아내었다. 이제 사셀룸에 있는 아덴-술의 제단으로 돌아가야한다.,record,False,False,False,False,,
Oblivion.esm,QUST,000135ED,SE07B,CNAM,11,50,0,"After touching the Altar of Arden-Sul, there was a brief flash of light. Dervenin, the High Priest of Mania, has now proclaimed me Duchess of Mania. I should speak with Sheogorath about the next step in his plan.","아덴-술의 제단에 피를 바치니, 잠시 불빛이 번쩍거렸다. 매니아의 최고 사제인 더베닌은 나를 매니아의 공작으로 선포했다. 셰오고라스에게서 다음 계획에 대해 들어봐야겠다.",record,False,False,False,False,,
Oblivion.esm,QUST,000135ED,SE07B,CNAM,12,50,1,"After touching the Altar of Arden-Sul, there was a brief flash of light. Dervenin, the High Priest of Mania, has now proclaimed me Duke of Mania.  I should speak with Sheogorath about the next step in his plan.","아덴-술의 제단에 피를 바치니, 잠시 불빛이 번쩍거렸다. 매니아의 최고 사제인 더베닌은 나를 매니아의 공작으로 선포했다. 셰오고라스에게서 다음 계획에 대해 들어봐야겠다.",record,False,False,False,False,,
Oblivion.esm,QUST,000135ED,SE07B,CNAM,13,55,0,"After informing Sheogorath of my victory, Syl, the Duchess of Dementia became furious. Before she stormed out of the Sacellum, she threatened that we hadn't heard the last of her. I should continue speaking to Sheogorath to receive my rewards of office.","나의 승리를 셰오고라스에게 알리니, 디멘시아의 여공작인 실이 화가 난 채로 나타나 우리를 위협했다. 셰오고라스에게서 다음 계획에 대해 들어봐야겠다.",record,False,False,False,False,,
Oblivion.esm,QUST,000135ED,SE07B,CNAM,14,200,0,Sheogorath has awarded me the Ring of Lordship. I am now officially Duchess of Mania of the Shivering Isles.,쉐오고라스가 내게 군주의 반지를 내렸다. 이제 나는 공식적으로 쉬버링 아일즈 광기의 공작이다.,record,False,False,False,False,,
Oblivion.esm,QUST,000135ED,SE07B,CNAM,15,200,1,Sheogorath has awarded me the Ring of Lordship. I am now officially Duke of Mania of the Shivering Isles.,셰오고라스가 나에게 지배자의 반지를 수여했다. 나는 이제 공식적으로 매니아의 공작이 되었다.,record,False,False,False,False,,
Oblivion.esm,QUST,000135EC,SE07A,FULL,0,,,Ritual of Dementia,디멘시아의 의식,record,False,False,False,False,,
Oblivion.esm,QUST,000135EC,SE07A,CNAM,0,5,0,"To learn more about Syl's routine, I should begin by asking around New Sheoth about Syl to determine the best way to get close enough to kill her.",디멘시아의 의식,record,False,False,False,False,,
Oblivion.esm,QUST,000135EC,SE07A,CNAM,1,10,0,"I've discovered that Syl tends to stay out of public sight, and lets members of her court perform her day-to-day needs. It was suggested I seek out Anya Herrick, her Courtier and Kithlan, her Steward for more information. Perhaps if I can convince them to see things my way, I'll get some help from them.",실이 대중에게 모습을 드러내지 않고 측근에게 그날그날의 일을 시킨다는 것을 알았다. 더 정보를 얻어내기 위해서는 그녀의 가신인 앤야 헤릭과 대신인 키슬란을 만나보라는 조언을 들었다. 그들을 내쪽으로 끌어들인다면 분명 도움이 될 것이다.,record,False,False,False,False,,
Oblivion.esm,QUST,000135EC,SE07A,CNAM,2,15,0,"I've informed Anya Herrick of my plans to replace Syl. She seems somewhat hesitant, but claims she will create a distraction and rid the interior of the Dementia wing of the Palace of its Elite Dark Seducers. I should now attempt to speak with Kithlan.",실을 죽이고자 하는 계획을 앤야 헤릭에게 알렸다. 그녀는 잠시 주저하는 듯 하더니 실을 호위하는 엘리트 다크 세듀서의 주의를 끌어 실의 침소를 뜨게 만들겠다고 했다. 이제 키슬란과 대화를 시도해봐야 겠다.,record,False,False,False,False,,
Oblivion.esm,QUST,000135EC,SE07A,CNAM,3,15,1,"I've informed Kithlan of my plans to replace Syl. He seems eager to help, and has provided me with a key to the Dementia wing of the Palace. I should now attempt to speak with Anya Herrick.",실을 죽이고자 하는 계획을 키슬란에게 알렸다. 그는 기꺼이 돕겠다고 하고는 실의 침소로 통하는 문의 열쇠를 넘겨주었다. 이제 앤야 헤릭과 대화를 시도해 봐야겠다.,record,False,False,False,False,,
Oblivion.esm,QUST,000135EC,SE07A,CNAM,4,20,0,"I've informed Anya Herrick of my plans to replace Syl. She seems somewhat hesitant, but claims she will create a distraction and rid the interior of the Dementia wing of the Palace of its Elite Dark Seducers. I should now infiltrate Syl's wing of the Palace, and end the Duchess of Dementia's life.",실을 죽이고자 하는 계획을 앤야 헤릭에게 알렸다. 그녀는 잠시 주저하는 듯 하더니 실을 호위하는 엘리트 다크 세듀서의 주의를 끌어 실의 침소를 뜨게 만들겠다고 했다. 난 실의 침소로 몰래 숨어들어가 디멘시아 여공작의 삶을 끝내도록 해야겠다.,record,False,False,False,False,,
Oblivion.esm,QUST,000135EC,SE07A,CNAM,5,20,1,"I've informed Kithlan of my plans to replace Syl. He seems eager to help, and has provided me with a key to the Dementia wing of the Palace. I should now infiltrate Syl's wing of the Palace, and end the Duchess of Dementia's life.",실을 죽이고자 하는 계획을 키슬란에게 알렸다. 그는 기꺼이 돕겠다고 하고는 실의 침소로 통하는 문의 열쇠를 넘겨주었다. 난 실의 침소로 몰래 숨어들어가 디멘시아 여공작의 삶을 끝내도록 해야겠다.,record,False,False,False,False,,
Oblivion.esm,QUST,000135EC,SE07A,CNAM,6,22,0,I've entered Syl's Private Chambers. I now need to locate Syl herself and put an end to her reign as Duke of Dementia.,난 실(Syl)의 침소로 들어왔다. 이제 그녀가 있는 곳을 찾아 디멘시아(Dementia)의 통치자로서 벌이는 그녀의 폭정을 끝내야한다. ,record,True,True,False,False,HIGH,"Syl, Dementia"
Oblivion.esm,QUST,000135EC,SE07A,CNAM,7,25,0,I've been duped! The woman in Syl's bed was merely a decoy. Kithlan has told me that Syl must have used her escape tunnel to make good her escape from the Palace. I should immediately pursue Syl before she gets away.,속았다!. 실의 침대위에 있는 여자는 실의 미끼였다. 키슬란은 그녀가 비밀통로를 통해 성을 빠져나갔다고 말해주었다. 실이 완전히 도망쳐 버리기 전에 즉시 그녀의 뒤를 쫒아야겠다.,record,False,False,False,False,,
Oblivion.esm,QUST,000135EC,SE07A,CNAM,8,28,0,I have discovered the secret door Kithlan described. I should activate the hidden switch and proceed inside in pursuit of Syl.,키슬란이 말해준 곳에서 비밀문을 발견했다. 숨겨진 스위치를 찾아서 문을 열고 실을 계속 추격해야 한다.,record,False,False,False,False,,
Oblivion.esm,QUST,000135EC,SE07A,CNAM,9,30,0,I've slain Syl. I should now remove her heart.,실을 죽였다. 이제 그녀의 심장을 꺼내야 한다.,record,False,False,False,False,,
Oblivion.esm,QUST,000135EC,SE07A,CNAM,10,35,0,I've removed Syl's heart. I now need to make my way back to the Altar of Arden-Sul at the Sacellum.,실의 심장을 잘라냈다. 이제 사셀룸에 있는 아덴-술의 제단으로 돌아가야한다.,record,False,False,False,False,,
Oblivion.esm,QUST,000135EC,SE07A,CNAM,11,40,0,"After touching the Altar of Arden-Sul, there was a brief flash of light. Arctus, the High Priest of Dementia, has now proclaimed me Duchess of Dementia.","아덴-술(Arden-Sul)의 제단에 심장을 바치니, 잠시 불빛이 번쩍거렸다. 디멘시아(Dementia)의 최고 사제인 악투스(Arctus)는 나를 디멘시아(Dementia)의 공작으로 선포했다. ",record,True,True,False,False,HIGH,"Arden-Sul, Dementia, Arctus, Dementia"
Oblivion.esm,QUST,000135EC,SE07A,CNAM,12,40,1,"After touching the Altar of Arden-Sul, there was a brief flash of light. Arctus, the High Priest of Dementia, has now proclaimed me Duke of Dementia.","아덴-술(Arden-Sul)의 제단에 심장을 바치니, 잠시 불빛이 번쩍거렸다. 디멘시아(Dementia)의 최고 사제인 악투스(Arctus)는 나를 디멘시아(Dementia)의 공작으로 선포했다. ",record,True,True,False,False,HIGH,"Arden-Sul, Dementia, Arctus, Dementia"
Oblivion.esm,QUST,000135EC,SE07A,CNAM,13,45,0,"After informing Sheogorath of my victory, Thadon, the Duke of Mania became furious. Before he departed the Sacellum, he threatened that we hadn't heard the last of him. I should speak with Sheogorath about the next step in his plan.","나의 승리를 쉐오고라스(Sheogorath)에게 알리니, 매니아(Mania)의 공작인 테이든(Thadon)이 화가 난 채로 나타나 우리를 위협했다. 쉐오고라스(Sheogorath)에게서 다음 계획에 대해 들어봐야겠다.",record,True,True,False,False,HIGH,"Sheogorath, Mania, Thadon, Sheogorath"
Oblivion.esm,QUST,000135EC,SE07A,CNAM,14,200,0,Sheogorath has awarded me the Ring of Lordship. I am now officially Duchess of Dementia of the Shivering Isles.,쉐오고라스가 내게 군주의 반지를 내렸다. 이제 나는 공식적으로 쉬버링 아일즈 광증의 공작이다.,record,False,False,False,False,,
Oblivion.esm,QUST,000135EC,SE07A,CNAM,15,200,1,Sheogorath has awarded me the Ring of Lordship. I am now officially Duke of Dementia of the Shivering Isles.,셰오고라스가 나에게 지배자의 반지를 수여했다. 나는 이제 공식적으로 디멘시아의 공작이 되었다.,record,False,False,False,False,,
Oblivion.esm,QUST,000135EB,SE03,FULL,0,,,A Better Mousetrap,좋은 쥐덫,record,False,False,False,False,,
Oblivion.esm,QUST,000135EB,SE03,CNAM,0,5,0,I should speak to Sheogorath and see if he has any further need of me.,쉐오고라스(Sheogorath)에게 내가 할 일이 있는지 물어봐야겠다. ,record,True,True,False,False,HIGH,Sheogorath
Oblivion.esm,QUST,000135EB,SE03,CNAM,1,8,0,"I've been given the Manual of Xedilian and a strange device called an Attenuator of Judgment by Sheogorath. I've been directed to proceed to Xedilian, and to return the place to working order. I should either read the Manual or speak to Sheogorath's Chamberlain, Haskill, to familiarize myself with the strange dungeon.",시딜리안(Xidilian)에 대한 책자와 Attenuator of Judgment라는 이상한 장치를 받았다. 시딜리안으로 가서 그곳이 제대로 돌아가도록 만들어야 한다. 책자를 읽어보던지 쉐오고라스의 하수인인 하스킬에게 물어봐서 그곳에 대해 알아봐야만 한다.,record,True,True,False,False,HIGH,"Xidilian, Attenuator, of, Judgment"
Oblivion.esm,QUST,000135EB,SE03,CNAM,2,10,0,"I've learned that in order to restore Xedilian, I must activate the Resonator of Judgment. To do so, I will need to find three Focus Crystals and place them each in a Judgment Nexus, which will prepare the Resonator for attunement. I should proceed to Xedilian now and begin my search.",시딜리안(Xidilian)을 복구하기 위해서는 Resonator of Jedgment를 가동시켜야 한다는 걸 알았다. 그러려면 3개의 포커스 크리스탈을 찾아서 Judement Nexus라는 곳에 가져다 놓아야 한다. 시딜리안으로 가서 조사를 시작해야겠다.,record,True,True,False,False,HIGH,"Xidilian, Resonator, of, Jedgment, Judement, Nexus"
Oblivion.esm,QUST,000135EB,SE03,CNAM,3,15,0,I've entered Xedilian. I should now begin locating the Focus Crystals that link the Resonator of Judgment with the rest of the dungeon.,시딜리안(Xidilian)에 들어섰다. Focus Crystal들을 찾아서 Resonator of Judgment에 연결되도록 배치시켜야 한다.,record,True,True,False,False,HIGH,"Xidilian, Focus, Crystal, Resonator, of, Judgment"
Oblivion.esm,QUST,000135EB,SE03,CNAM,4,20,0,"I've discovered the first of the three Focus Crystals. It was affixed to the top of a Grummite Shaman's Crystal Staff. I think they are using the crystals as a power source for their weapons. Now that I've removed it from the staff, I should place the Focus Crystal in its Judgment Nexus to continue.",첫번째 크리스탈을 발견했다. Grummite Shaman의 크리스탈 지팡이에 고정되어 있었다. 놈들은 무기의 힘의 원천으로 크리스탈을 사용했던 것 같다. 지팡에에서 크리스탈을 떼어내어 Judgment Nexus에 가져다 놔야겠다.,record,False,True,False,False,MEDIUM,"Grummite, Shaman, Judgment, Nexus"
Oblivion.esm,QUST,000135EB,SE03,CNAM,5,25,0,I've placed the first Focus Crystal into its Nexus. I can now continue searching for Focus Crystals.,첫번째 Focus Crystal을 넥서스(Nexus)에 올려놓았다. 나머지 Focus Crystal을 찾아봐야 겠다.,record,True,True,False,False,HIGH,"Focus, Crystal, Nexus, Focus, Crystal"
Oblivion.esm,QUST,000135EB,SE03,CNAM,6,30,0,I've discovered the second Focus Crystal. I should place it in its Judgment Nexus to continue.,두번째 Focus Crystal을 찾아냈다. 이것을 Judgment Nexus에 가져다 놔야한다.,record,False,True,False,False,MEDIUM,"Focus, Crystal, Judgment, Nexus"
Oblivion.esm,QUST,000135EB,SE03,CNAM,7,35,0,I've placed the second Focus Crystal into its Nexus. I can now continue searching for the final Focus Crystal.,두번째 Focus Crystal을 Nexus에 가져다 놓았다. 계속해서 마지막 Focus Crystal을 찾아봐야 한다.,record,False,True,False,False,MEDIUM,"Focus, Crystal, Nexus, Focus, Crystal"
Oblivion.esm,QUST,000135EB,SE03,CNAM,8,40,0,I've discovered the third and final Focus Crystal. I should place it in its Judgment Nexus to continue.,세번째이자 마지막 Focus Crystal을 찾아냈다. 이것을 Judgment Nexus에 가져다 놔야한다.,record,False,True,False,False,MEDIUM,"Focus, Crystal, Judgment, Nexus"
Oblivion.esm,QUST,000135EB,SE03,CNAM,9,45,0,I've placed the third and final Focus Crystal into its Judgment Nexus. The path to the Resonator of Judgment itself is now clear. My next task should be to attune the Resonator by using the Attenuator of Judgment that Sheogorath provided me.,마지막 Focus Crystal을 Judgment Nexus에 가져다 놓으니 Resonator of Judgment로 가는 길이 열렸다. 이제 쉐오고라스가 나에게 준 Attenuator of Judgment로 Resonator of Judgment를 조율해야한다.,record,False,True,False,False,MEDIUM,"Focus, Crystal, Judgment, Nexus, Resonator, of, Judgment, Attenuator, of, Judgment, Resonator, of"
Oblivion.esm,QUST,000135EB,SE03,CNAM,10,200,0,The Resonator of Judgment has been attuned.,The Resonator of Judgment를 조율했다.,record,False,True,False,False,MEDIUM,"The, Resonator, of, Judgment"
Oblivion.esm,QUST,000135B4,SE08,FULL,0,,,Retaking The Fringe,프린지 탈환,record,False,False,False,False,,
Oblivion.esm,QUST,000135B4,SE08,CNAM,0,5,0,"Angry over Syl's replacement as the Duchess of Dementia, Thadon has betrayed Sheogorath and joined with the forces of Order. According to Thadon, Order has already taken the Fringe. I should travel to the Fringe and investigate his claims.",프린지 탈환,record,False,False,False,False,,
Oblivion.esm,QUST,000135B4,SE08,CNAM,1,5,1,"Angry over Thadon's replacement as the Duke of Mania, Syl has betrayed Sheogorath and joined with the forces of Order. According to Syl, Order has already taken the Fringe. I should travel to the Fringe and investigate her claims.",프린지 탈환,record,False,False,False,False,,
Oblivion.esm,QUST,000135B4,SE08,CNAM,2,10,0,I've arrived in the Fringe to find that it has been completely conquered by the forces of Order. Passwall may have been attacked. I should take a closer look.,질서의 군대가 완전히 장악했는지 알아보기 위해 섬 외곽으로 왔다. 패스월이 공격받았을 지도 모른다. 마을로 들어가봐야 겠다.,record,False,False,False,False,,
Oblivion.esm,QUST,000135B4,SE08,CNAM,3,25,0,"I've talked to Grakendo Udico about what has happened in Passwall. Order has been attacking the town non-stop. She's asked for my help in protecting the Passwall. I must place the Dark Seducers in the best positions possible to prepare for the attack. When I am satisfied, I should speak to the Grekendo.",그라켄도 우디코(Grakendo Udico)와 패스월에서 벌어진 일에 대해 대화를 나눠 보았다. 정화(Order)의 군대는 쉴새없이 공격해오는 중이었고 그녀는 패스월(Passwall)을 방어해 낼 수 있도록 나에게 도움을 요청했다. 난 the Dark Seducer 병사들의 진형을 짜야만한다. 다 되면 그라켄도(Grakendo)에게 알려주어야 겠다.,record,True,True,False,False,HIGH,"Grakendo, Udico, Order, Passwall, the, Dark, Seducer, Grakendo"
Oblivion.esm,QUST,000135B4,SE08,CNAM,4,25,1,I've talked to Grakendo Udico about what has happened in Passwall. Order has been attacking the town non-stop. She's asked for my help in protecting the Passwall. I should provide what aid I can and speak to her when I'm ready.,"그라켄도 우디코와 패스월에서 벌어진 일에 대해 대화를 나눠 보았다. 질서의 군대는 쉴새없이 공격해오는 중이었고 그녀는 패스월을 방어해 낼 수 있도록 나에게 도움을 요청했다. 병사들에게 할 수 있는 지원을 해주고, 전투준비가 되면 그녀에게 알려주어야 겠다. ",record,False,False,False,False,,
Oblivion.esm,QUST,000135B4,SE08,CNAM,5,25,2,"I've talked to Aurig Desha about what has happened in Passwall. Order has been attacking the town non-stop. She's asked for my help in protecting the Passwall. I must place the Golden Saints in the best positions possible to prepare for the attack. When I am satisfied, I should speak to the Aurig.",오리그 데샤와 패스월에서 벌어진 일에 대해 대화를 나눠 보았다. 질서의 군대는 쉴새없이 공격해오는 중이었고 그녀는 패스월을 방어해 낼 수 있도록 나에게 도움을 요청했다. 난 골든 세인트 병사들의 진형을 짜야만한다. 다 되면 오리그에게 알려주어야 겠다.,record,False,False,False,False,,
Oblivion.esm,QUST,000135B4,SE08,CNAM,6,25,3,I've talked to Aurig Desha about what has happened in Passwall. Order has been attacking the town non-stop. She's asked for my help in protecting the Passwall. I should provide what aid I can and speak to her when I'm ready.,"오리그 데샤와 패스월에서 벌어진 일에 대해 대화를 나눠 보았다. 질서의 군대는 쉴새없이 공격해오는 중이었고 그녀는 패스월을 방어해 낼 수 있도록 나에게 도움을 요청했다. 병사들에게 할 수 있는 지원을 해주고, 전투준비가 되면 그녀에게 알려주어야 겠다. ",record,False,False,False,False,,
Oblivion.esm,QUST,000135B4,SE08,CNAM,7,26,0,The forces of Order are advancing on Passwall. We must defeat them all.,질서의 군대가 진격해오고 있다. 놈들을 물리쳐야만 한다.,record,False,False,False,False,,
Oblivion.esm,QUST,000135B4,SE08,CNAM,8,30,0,The force of Knights attacking Passwall have been eliminated. I should speak to Grakendo Udico about the situation.,패스월을 공격해오던 기사들을 전부 없애버렸다. 그라켄도 우디코와 현재 상황에 대해 상의해 봐야겠다.,record,False,False,False,False,,
Oblivion.esm,QUST,000135B4,SE08,CNAM,9,30,1,The force of Knights attacking Passwall have been eliminated. I should speak to Aurig Desha about the situation.,패스월을 공격해오던 기사들을 전부 없애버렸다. 오리그 데샤와 현재 상황에 대해 상의해 봐야겠다.,record,False,False,False,False,,
Oblivion.esm,QUST,000135B4,SE08,CNAM,10,35,0,The Dark Seducer commander Grakendo Udico has a plan to retake Passwall. I need to slip through the gate into the ruins of Xeddefen while her Dark Seducers distract the knights. They will continue to hold the line at Passwall. I have to use this opportunity to slip into Xeddefen and find Order's source of power.,다크 세듀서 지휘자인 그라켄도 우디코에게는 패스월을 수복할 계획이 있었다. 난 다크 세듀서 병사들이 기사들의 주의를 끄는 동안 제데펜의 폐허로 잠입해야만 한다. 그들은 패스월의 방어선을 유지하겠다고 했다. 이 기회를 활용해서 제데펜으로 숨어들어가 적들의 힘의 원천을 파괴해야 한다.,record,False,False,False,False,,
Oblivion.esm,QUST,000135B4,SE08,CNAM,11,35,1,The Golden Saint commander Aurig Desha has a plan to retake Passwall. I need to slip through the gate into the ruins of Xeddefen while her Golden Saints distract the knights. They will continue to hold the line at Passwall. I have to use this opportunity to slip into Xeddefen and find Order's source of power.,골든 세인트 지휘자인 오리그 데샤에게는 패스월을 수복할 계획이 있었다. 난 골든 세인트 병사들이 기사들의 주의를 끄는 동안 제데펜의 폐허로 잠입해야만 한다. 그들은 패스월의 방어선을 유지하겠다고 했다. 이 기회를 활용해서 제데펜으로 숨어들어가 적들의 힘의 원천을 파괴해야 한다.,record,False,False,False,False,,
Oblivion.esm,QUST,000135B4,SE08,CNAM,12,40,0,"The counterattack on Xeddefen has begun. Kiskella Udico and her Dark Seducers will distract the knights. While the Dark Seducers fight, I need to slip past the gates of Xeddefen and locate the source of the Spire's power.","제데펜에 대한 역습이 시작되었다. 그라켄도 우디코와 그녀의 병사들은 기사들의 주의를 끌 것이다. 다크 세듀서 병사들이 싸우는 동안 제데펜으로 잠입해서, 첨탑의 힘의 원천을 찾아내야 한다.",record,False,False,False,False,,
Oblivion.esm,QUST,000135B4,SE08,CNAM,13,40,1,"The counterattack on Xeddefen has begun. Aureg Desha and her Golden Saints will distract the knights. While the Golden Saints fight, I need to slip past the gates of Xeddefen and locate the source of the Spire's power.","제데펜(Xeddefen)에 대한 역습이 시작되었다. 오리그 데샤(Aurig Desha)와 그녀의 병사들은 기사들의 주의를 끌 것이다. The Golden Saint 병사들이 싸우는 동안 제데펜(Xeddefen)으로 잠입해서, 첨탑의 힘의 원천을 찾아내야 한다.",record,True,True,False,False,HIGH,"Xeddefen, Aurig, Desha, The, Golden, Saint, Xeddefen"
Oblivion.esm,QUST,000135B4,SE08,CNAM,14,45,0,I've made my way into the ruins of Xeddefen. I must seek out the spire's source of power and find a way to deactivate it.,제데펜의 폐허에 도착했다. 첨탑의 힘의 원천을 찾아 그것을 무력화 시켜야만 한다.,record,False,False,False,False,,
Oblivion.esm,QUST,000135B4,SE08,CNAM,15,50,0,I've discovered the source of Order's power -- an obelisk is having its power amplified by the spire that leads to the center of Passwall. I must find a way to shut down the obelisk. ,힘의 원천을 찾아냈다. 첨탑에 의해 그 힘이 증폭되는 오벨리스크이다. 오벨리스크를 무력화 시킬 방법을 찾아봐야겠다.,record,False,False,False,False,,
Oblivion.esm,QUST,000135B4,SE08,CNAM,16,70,0,I've overloaded the obelisk and collapsed the spire. The caverns are now coming down around me and I must escape before I'm trapped.,오벨리스크에 과부하를 주어 첨탑을 붕괴시켜 버렸다. 동굴이 무너져내리기 시작했으니 갇히기 전에 여기서 빠져나가야 겠다.,record,False,False,False,False,,
Oblivion.esm,QUST,000135B4,SE08,CNAM,17,80,0,I've survived the collapsing ruins of Xeddefen. I should seek out Grakendo Udico and ask her how the battle above ground went.,제데펜의 폐허가 붕괴되었지만 난 그곳에서 빠져나왔다. 그라켄도 우디코를 찾아 지상의 전투가 어찌 되었는지 물어봐야 겠다.,record,False,False,False,False,,
Oblivion.esm,QUST,000135B4,SE08,CNAM,18,80,1,I've survived the collapsing ruins of Xeddefen. I should seek out Aurig Desha and ask her how the battle above ground went.,제데펜의 폐허가 붕괴되었지만 난 그곳에서 빠져나왔다. 오리그 데샤를 찾아 지상의 전투가 어찌 되었는지 물어봐야 겠다.,record,False,False,False,False,,
Oblivion.esm,QUST,000135B4,SE08,CNAM,19,100,0,Passwall has been liberated and the forces of Order have been defeated. I should speak with Sheogorath. ,패스월(Passwall)은 해방되었고. 정화(Order)의 군대는 패배했다. 쉐오고라스(Sheogorath)와 이야기해 봐야겠다.,record,True,True,False,False,HIGH,"Passwall, Order, Sheogorath"
Oblivion.esm,QUST,000135B2,SE11,FULL,0,,,Symbols of Office,직위의 상징,record,False,False,False,False,,
Oblivion.esm,QUST,000135B2,SE11,CNAM,0,5,0,"Now that I have secured the stronghold of the Golden Saints, I should speak to Sheogorath about our next step.",직위의 상징,record,False,False,False,False,,
Oblivion.esm,QUST,000135B2,SE11,CNAM,1,5,1,"Now that I have secured the stronghold of the Dark Seducers, I should speak to Sheogorath about our next step.",직위의 상징,record,False,False,False,False,,
Oblivion.esm,QUST,000135B2,SE11,CNAM,2,10,0,Sheogorath has vanished before we could complete the plan to stop the forces of Order. Perhaps Haskill will know what steps we should take.,질서의 군대를 막아낼 계획이 성공하기도 전에 셰오고라스는 사라져 버렸다. 다음으로 해야 할 일은 하스킬이 알고 있을 것이다.,record,False,False,False,False,,
Oblivion.esm,QUST,000135B2,SE11,CNAM,3,20,0,"Before I can claim the Throne of Madness and stop the forces of Order, I must remake the Staff of Sheogorath. Haskill has advised me to seek out a remnant of the great library of Jyggalag in Knifepoint Hollow. ","쉐오고라스(Sheogorath)의 지팡이를 다시 만들어내야, 광기의 왕좌(Throne of Madness)에 올라 정화(Order)의 군대를 막아낼 수 있다. 해스킬(Haskill)은 나이프포인트 할로우(Knifepoint Hollow)에 있는 지갈랙(Jyggalag)의 대도서관(Great Library)으로 가서 그곳의 마지막 생존자를 만나보라고 내게 조언해 주었다.",record,True,True,False,False,HIGH,"Sheogorath, Throne, of, Madness, Order, Haskill, Knifepoint, Hollow, Jyggalag, Great, Library"
Oblivion.esm,QUST,000135B2,SE11,CNAM,4,35,0,I've spoken with Dyus about the staff of Sheogorath. He is the remnant of the library that Haskill spoke of.,다이우스에게서 셰오고라스의 지팡이에 대한 설명을 들었다. 그는 하스킬이 말해주었던 도서관의 마지막 생존자이다.,record,False,False,False,False,,
Oblivion.esm,QUST,000135B2,SE11,CNAM,5,50,0,"In order to remake the Staff of Sheogorath, Dyus requires two items. I must seek out the Eye of Ciirta and a Branch of the Tree of Shades. The first is an eye that has seen something that no other has. I can acquire this item from a woman named Ciirta in the Howling Halls. The second item is a branch of the Tree of Shades, an ancient tree that grows in the Grove of Reflection in the ruins of Milchar.","셰오고라스의 지팡이를 다시 만들어내기 위해서는 시르타의 눈과 그림자의 나무의 가지를 찾아와야만 한다. 첫번째 것은 그 누구도 보지 못한 것을 본 눈이며, 울부짖는 홀에 있는 시르타라는 여성에게서 그것을 얻을 수 있을 것이다. 두번째 아이템은 그림자의 나무의 가지이고, 밀카르의 반영의 숲에서 자라고 있는 고목에서 찾을 수 있다고 한다.",record,False,False,False,False,,
Oblivion.esm,QUST,000135B2,SE11,CNAM,6,100,0,"I've spoken with one of Ciirta's followers outside of the Howling Halls. She said that I should be safe inside so long as I wear the robes of the Apostles and do not take any suspicious action. If I can avoid confrontation, I might be able to make it to Ciirta without alerting all of them.","울부짖는 홀에서 시르타의 추종자를 만났다. 사제들의 로브를 입고 의심받을 짓만 하지 않으면 해를 입지 않을 것이라 말해주었다. 의심받지 않을 수만 있다면, 아무 문제 없이 시르타에게 접근할 수 있을 것이다.",record,False,False,False,False,,
Oblivion.esm,QUST,000135B2,SE11,CNAM,7,105,0,"I've been approached by a Khajiit named Ra'kheran. He has offered to kill Ciirta for me if I assist him in his plan to take over the Apostles of the Song. As he cannot be seen gathering weapons, he's asked me to bring him three Apostle Daggers. If he carries this plan out, I should be able to take Ciirta's eye after she is dead. ","라키란(Ra'kheran)이라는 카짓(Khajiit)이 내게 접근해 왔다. 사제들을 장악할 자신의 계획을 도와주면, 대신 시어타(Ciirta)를 죽여주겠다고 했다. 자신은 몰래 무기를 모을 수가 없으니, 내게 사제들의 검 세 개를 가져다 달라고 했다. 라키란(Ra'kheran)이 성공한다면, 시어타(Ciirta)가 죽은 다음 그녀의 눈을 손에 넣을 수 있을 것이다.",record,True,True,False,False,HIGH,"Ra'kheran, Khajiit, Ciirta, Ra'kheran, Ciirta"
Oblivion.esm,QUST,000135B2,SE11,CNAM,8,110,0,I've accepted Ra'kheran's offer. He wants me to bring him three Apostle Daggers. He will then carry out his revolt against Ciirta and I should be able to retrieve her eye.,난 라'키란의 제안을 받아들였다. 그는 내가 사제의 단검 세 개를 가져다 주길 바라고 있다. 단검을 얻게되면 라'키란은 반란을 일으킬 것이고 난 시르타의 눈을 손에 넣을 수 있을 것이다.,record,False,False,False,False,,
Oblivion.esm,QUST,000135B2,SE11,CNAM,9,111,0,"Ra'kheran is dead. Without his help, I'll have to kill Ciirta myself. ",라키란(Ra'kheran)이 죽었다. 이제 내가 직접 시어타(Ciirta)를 죽여야 한다.,record,True,True,False,False,HIGH,"Ra'kheran, Ciirta"
Oblivion.esm,QUST,000135B2,SE11,CNAM,10,112,0,I have refused to give Ra'kheran the daggers that he needs to kill Ciirta. I should return to him if I change my mind.,라'키란에게 시르타를 죽이는데 필요한 단검을 주지 않기로 했다. 마음이 바뀌면 그를 다시 만나봐야 겠다.,record,False,False,False,False,,
Oblivion.esm,QUST,000135B2,SE11,CNAM,11,112,1,I have collected the three daggers that Ra'kheran has asked for. I should return to him so that he can kill Ciirta.,라'키란이 모아달라고 한 단검 세 개를 손에 넣었다. 라'키란에게 가져다 주어서 시르타를 죽이도록 해야겠다.,record,False,False,False,False,,
Oblivion.esm,QUST,000135B2,SE11,CNAM,12,115,0,I've given Ra'kheran the daggers that he needs to begin his revolt against Ciirta. I should follow him and retrieve Ciirta's eye once she is dead.,라'키란에게 반란에 필요한 단검을 주었다. 그를 따라가서 시르타가 죽었을때 눈을 손에 넣어야 겠다.,record,False,False,False,False,,
Oblivion.esm,QUST,000135B2,SE11,CNAM,13,140,0,"Ra'kheran's betrayal of Ciirta has been successful. Now that she is dead, taking her eye should be a simple matter.","라'키란이 일으킨 시르타에 대한 반란이 성공했다. 그녀가 죽었으니, 눈을 얻는 것은 식은 죽 먹기이다.",record,False,False,False,False,,
Oblivion.esm,QUST,000135B2,SE11,CNAM,14,140,1,Ciirta is dead. Taking her eye should be a simple matter now.,시르타는 죽었다. 그녀의 눈을 손에 넣는 일은 이제 간단해 졌다.,record,False,False,False,False,,
Oblivion.esm,QUST,000135B2,SE11,CNAM,15,150,0,"I've arrived in the Grove of Reflection. According to Dyus, I must locate the Tree of Shades and find a way to reveal my true self before I will be allowed to take one of its branches.",반영의 숲에 도착했다. 다이우스의 설명에 따르면 그림자의 나무를 찾아내서 내 자신의 진짜 모습을 드러내야 가지를 얻게 될 수 있다고 한다.,record,False,False,False,False,,
Oblivion.esm,QUST,000135B2,SE11,CNAM,16,160,0,"After I approached the Grove Of Reflection, a shadowy image of myself appeared from the waters of the grove and attacked me. I defeated it, and now the Tree of Shades is beckoning to me...","반영의 숲에 들어간 후, 숲의 연못에서 내 자신의 그림자 형상이 나타나 날 공격했다. 형상을 쓰러뜨리자, 그늘 나무(Tree of Shades)가 내게 손짓하기 시작했다.",record,True,True,False,False,HIGH,"Tree, of, Shades"
Oblivion.esm,QUST,000135B2,SE11,CNAM,17,190,0,"As Dyus requested, I've taken a branch of the Tree of Shades. I should now seek out Ciirta in the Howling Halls.","다이우스가 말한대로, 그림자의 나무의 가지를 손에 넣었다. 이제 울부짖는 홀에서 시르타를 찾아봐야 겠다.",record,False,False,False,False,,
Oblivion.esm,QUST,000135B2,SE11,CNAM,18,191,0,I've have Ciirta's eye. I should now seek out the second item that I need to create the Staff of Sheogorath.,시르타의 눈을 손에 넣었다. 이제 셰오고라스의 지팡이를 만들어내는데 필요한 두번째 아이템을 찾아야 한다.,record,False,False,False,False,,
Oblivion.esm,QUST,000135B2,SE11,CNAM,19,195,0,I have both items that Dyus needs to recreate the Staff of Sheogorath. I should return to Knifepoint Hollow and speak with him.,다이우스가 셰오고라스의 지팡이의 지팡이를 만들어 내는데 필요한 두 아이템을 전부 찾아냈다. 나이프포인트 공동으로 돌아가 그와 이야기해 봐야겠다.,record,False,False,False,False,,
Oblivion.esm,QUST,000135B2,SE11,CNAM,20,200,0,"With the Staff of Sheogorath now in my possession, I should make my way to the Tree of Madness in Sheogorath's throne room. There I can tap into the tree's power and begin my transformation.","셰오고라스의 지팡이를 손에 넣었으니, 셰오고라스의 알현실에 있는 광기의 나무로 가야겠다. 그곳에서 지팡이에 힘을 불어넣어, 신이 되어야만 한다.",record,False,False,False,False,,
Oblivion.esm,QUST,00013564,SE09,FULL,0,,,Rebuilding the Gatekeeper,관문지기를 재생시키기,record,False,False,False,False,,
Oblivion.esm,QUST,00013564,SE09,CNAM,0,10,0,Sheogorath has tasked me with rebuilding the Gatekeeper. He has given me instructions to visit the powerful sorceress named Relmyna Verenim in Xaselm to petition her assistance.,쉐오고라스(Sheogorath)는 내게 문지기를 다시 만들어내는 임무를 주었다. 그는 자셀름(Xaselm)에 있는 강력한 여마법사 렐미나 베레님(Relmyna Verenim)을 만나 도움을 청하라고 했다.,record,True,True,False,False,HIGH,"Sheogorath, Xaselm, Relmyna, Verenim"
Oblivion.esm,QUST,00013564,SE09,CNAM,1,20,0,"Relmyna has asked me to enter the depths of the Gardens of Flesh and Bone, and retrieve some mystical components needed for the ceremony to create the new Gatekeeper. I am to return with Blood Liqueur, Osseous Marrow, Dermis Membrane, and the Essence of Breath. She has given me a key that I can use to get into the Gardens and directly to her Sanctum when I return.","렐미나(Relmyna)는 나에게 뼈와 살의 정원(Flesh and Bones)에 있는 던전으로 들어가서 문지기를 다시 만들어 내는데 필요한 마법재료를 구해오라고 시켰다. 피의 리큐르(Blood Liqueur), 뼈호박(Osseous Marrow), 피부꽃의 껍질(Dermis Membrane), 그리고 숨결의 정수(the Essence of Breath)를 찾아 돌아가야 한다. 그녀는 나에게 정원과 그녀의 성소를 드나들 수 있는 열쇠를 주었다.",record,True,True,False,False,HIGH,"Relmyna, Flesh, and, Bones, Blood, Liqueur, Osseous, Marrow, Dermis, Membrane, the, Essence"
Oblivion.esm,QUST,00013564,SE09,CNAM,2,30,0,I have collected a vial of Blood Liqueur.,피의 리큐르(Blood Liqueur)를 구했다.,record,True,True,False,False,HIGH,"Blood, Liqueur"
Oblivion.esm,QUST,00013564,SE09,CNAM,3,40,0,I have retrieved Osseous Marrow. ,뼈호박(Osseous Marrow)을 구했다. ,record,True,True,False,False,HIGH,"Osseous, Marrow"
Oblivion.esm,QUST,00013564,SE09,CNAM,4,45,0,I have retrieved Dermis Membrane. ,피부꽃의 껍질(Dermis Membrane)을 구했다. ,record,True,True,False,False,HIGH,"Dermis, Membrane"
Oblivion.esm,QUST,00013564,SE09,CNAM,5,55,0,I have captured the Essence of Breath. ,숨결의 정수(the Essence of Breath)를 구했다.,record,True,True,False,False,HIGH,"the, Essence, of, Breath"
Oblivion.esm,QUST,00013564,SE09,CNAM,6,60,0,I now have all of the items required by Relmyna Verenim. I should return to her. ,렐미나 베레님(Relmyna Verenim)이 원하는 모든 재료를 찾아냈다. 그녀에게 돌아가야 겠다. ,record,True,True,False,False,HIGH,"Relmyna, Verenim"
Oblivion.esm,QUST,00013564,SE09,CNAM,7,70,0,"Relmyna has instructed me to choose the body parts with which we will create the new Gatekeeper. I am to pick out a head, a torso, a heart, a right arm, a left arm, and legs. I should speak with her when I am finished. ","렐미나(Relmyna)는 나에게 새로운 문지기의 몸을 구성할 사지를 정하라고 했다. 머리 하나, 몸통 하나, 심장 하나, 왼팔, 오른팔, 양다리를 정해야 한다. 결정되면 렐미나(Relmyna)에게 알려주어야 겠다.",record,True,True,False,False,HIGH,"Relmyna, Relmyna"
Oblivion.esm,QUST,00013564,SE09,CNAM,8,75,0,I have finished selecting the body parts for the Gatekeeper. I should return to Relmyna Verenim now. ,문지기의 몸이 될 몸의 각 부분을 정했다. 이제 렐미나 베레님(Relmyna Verenim)에게 가 봐야겠다. ,record,True,True,False,False,HIGH,"Relmyna, Verenim"
Oblivion.esm,QUST,00013564,SE09,CNAM,9,80,0,I am to meet Relmyna Verenim at the statue of Lord Sheogorath in the Fringe where we will perform the ceremony to build the Gatekeeper. ,쉐오고라스(Sheogorath)의 흉상 앞에서 렐미나 베레님(Relmyna Verenim)을 만나기로 했다. 그곳에서 문지기를 만드는 의식을 치를 것이다.,record,True,True,False,False,HIGH,"Sheogorath, Relmyna, Verenim"
Oblivion.esm,QUST,00013564,SE09,CNAM,10,85,0,I have arrived at the statue of Sheogorath. I should speak with Relmyna.,쉐오고라스(Sheogorath)의 흉상 앞에 도착했다. 렐미나(Relmyna)와 대화를 나눠봐야 겠다.,record,True,True,False,False,HIGH,"Sheogorath, Relmyna"
Oblivion.esm,QUST,00013564,SE09,CNAM,11,85,1,I have arrived at the statue of Sheogorath. I should speak with Relmyna Verenim when she arrives. ,쉐오고라스(Sheogorath)의 흉상 앞에 도착했다. 렐미나(Relmyna)가 도착하면 대화를 나눠봐야 겠다.,record,True,True,False,False,HIGH,"Sheogorath, Relmyna"
Oblivion.esm,QUST,00013564,SE09,CNAM,12,90,0,"Relmyna will perform the ceremonial magic, and I am to follow her instructions during the ceremony. ","렐미나(Relmyna)는 마법 의식을 치를 것이고, 난 그녀의 지시에 따라야 한다.",record,True,True,False,False,HIGH,Relmyna
Oblivion.esm,QUST,00013564,SE09,CNAM,13,170,0,The Gatekeeper has been rebuilt. I should return to Sheogorath with news of my success. ,문지기가 다시 만들어졌다. 쉐오고라스(Sheogorath)에게 돌아가 이 소식을 알려야한다.,record,True,True,False,False,HIGH,Sheogorath
Oblivion.esm,QUST,00013564,SE09,CNAM,14,200,0,Sheogorath is pleased with my progress.,쉐오고라스(Sheogorath)는 내가 이뤄낸 일에 기뻐했다.,record,True,True,False,False,HIGH,Sheogorath
Oblivion.esm,QUST,0001354B,SE10,FULL,0,,,The Helpless Army,무력한 군대,record,False,False,False,False,,
Oblivion.esm,QUST,0001354B,SE10,CNAM,0,5,0,A messenger has arrived for me in Sheogorath's throne room.,무력한 군대,record,False,False,False,False,,
Oblivion.esm,QUST,0001354B,SE10,CNAM,1,10,0,"I need to travel to Pinnacle Rock, and help the Dark Seducers retake their stronghold from the forces of Order.","피나클 록으로 가서, 다크 세듀서가 정화의 군대에게서 요새를 되찾도록 도와줘야 한다.",record,False,False,False,False,,
Oblivion.esm,QUST,0001354B,SE10,CNAM,2,15,0,"I need to travel to Brellach, and help the Golden Saints retake their stronghold from the forces of Order.","브렐라흐으로 가서, 골든 세인트가 정화의 군대에게서 요새를 되찾도록 도와줘야 한다.",record,False,False,False,False,,
Oblivion.esm,QUST,0001354B,SE10,CNAM,3,20,0,I have arrived at Pinnacle Rock. I need to locate the Dark Seducer Captain and rescue her.,피나클 록에 도착했다. 이제 다크 세듀서의 지휘관을 찾아서 구해내야 한다.,record,False,False,False,False,,
Oblivion.esm,QUST,0001354B,SE10,CNAM,4,25,0,I have arrived at Brellach. I need to locate the Golden Saint Captain and rescue her.,브렐라흐에 도착했다. 이제 골든 세인트의 지휘관을 찾아서 구해내야 한다.,record,False,False,False,False,,
Oblivion.esm,QUST,0001354B,SE10,CNAM,5,30,0,I need to reach the Wellspring of the Mazken within Pinnacle Rock.,피나클 록 중심부에 있는 원천으로 가야한다.,record,False,False,False,False,,
Oblivion.esm,QUST,0001354B,SE10,CNAM,6,35,0,I need to reach the Wellspring of the Aureal within Brellach.,브렐라흐 중심부에 있는 아우리얼의 원천으로 가야한다.,record,False,False,False,False,,
Oblivion.esm,QUST,0001354B,SE10,CNAM,7,40,0,Something has happened to the Wellspring of the Mazken in Pinnacle Rock. I need to proceed on my own to restore it.,피나클 록의 원천에 무슨 일이 벌어진 모양이다. 나 혼자서라도 그곳을 수복해야만 한다.,record,False,False,False,False,,
Oblivion.esm,QUST,0001354B,SE10,CNAM,8,45,0,Something has happened to the Wellspring of the Aureal in Brellach. I need to proceed on my own to restore it. ,브렐락(Pinnacle Rock)의 Wellspring에 무슨 일이 벌어진 모양이다. 나 혼자서라도 그곳을 수복해야만 한다.,record,True,True,False,False,HIGH,"Pinnacle, Rock, Wellspring"
Oblivion.esm,QUST,0001354B,SE10,CNAM,9,48,0,I've located the Wellspring of the Mazken. It's been covered in Order crystals; I'll need to destroy them to restore the Wellspring.,"마즈켄의 원천에 도착했다. 그곳은 정화의 수정로 뒤덮여 있었다. 원천을 되찾고자 한다면, 수정을 파괴해야한다.",record,False,False,False,False,,
Oblivion.esm,QUST,0001354B,SE10,CNAM,10,49,0,The Wellspring of the Mazken has been restored. I need to help Dylora defeat the remnants of the forces of Order.,마즈켄의 원천을 되찾았다. 다일로라를 도와 적의 잔존병력을 해치워야한다.,record,False,False,False,False,,
Oblivion.esm,QUST,0001354B,SE10,CNAM,11,50,0,The remaining forces of Order have been defeated. I should speak with Dylora.,정화의 군대의 잔존병력은 패배했다. 다일로라와 대화해 봐야겠다.,record,False,False,False,False,,
Oblivion.esm,QUST,0001354B,SE10,CNAM,12,50,1,The Wellspring of the Mazken has been restored. I need to speak with Dylora.,마즈켄의 원천을 되찾았다. 다일로라와 대화해 봐야겠다.,record,False,False,False,False,,
Oblivion.esm,QUST,0001354B,SE10,CNAM,13,53,0,I've located the Wellspring of the Aureal. It's been covered in Order crystals; I'll need to destroy them to restore the Wellspring.,"아우리얼의 원천에 도착했다. 그곳은 정화의 수정로 뒤덮여 있었다. 원천을 되찾고자 한다면, 수정을 파괴해야한다.",record,False,False,False,False,,
Oblivion.esm,QUST,0001354B,SE10,CNAM,14,54,0,The Wellspring of the Aureal has been restored. I need to help Staada defeat the remnants of the forces of Order.,아우리얼의 원천을 되찾았다. 스타다를 도와 적의 잔존병력을 해치워야한다.,record,False,False,False,False,,
Oblivion.esm,QUST,0001354B,SE10,CNAM,15,55,0,The remaining forces of Order have been defeated. I should speak to Staada.,화의 군대의 잔존병력은 패배했다. 스타다와 대화해 봐야겠다.,record,False,False,False,False,,
Oblivion.esm,QUST,0001354B,SE10,CNAM,16,55,1,The Wellspring of the Aureal has been restored. I need to speak with Staada.,아우리얼의 원천을 되찾았다. 스타다와 대화해 봐야겠다.,record,False,False,False,False,,
Oblivion.esm,QUST,0001354B,SE10,CNAM,17,100,0,"Dylora thanked me for helping the Dark Seducers secure their stronghold, and has given me the ability to summon her kind. She has also given me a set of matching armor.","다일로라는 자신들의 요새를 되찾게 해 준데 대해 감사했다. 그녀는 다크 세듀서를 소환할 수 있는 능력을 주었으며, 나에게 잘 맞는 갑옷도 한 벌 주었다.",record,False,False,False,False,,
Oblivion.esm,QUST,0001354B,SE10,CNAM,18,200,0,"Staada thanked me for helping the Golden Saints secure their stronghold, and has given me the ability to summon her kind. She has also given me a set of matching armor.","스타다는 자신들의 요새를 되찾게 해 준데 대해 감사했다. 그녀는 골든 세인트를 소환할 수 있는 능력을 주었으며, 나에게 잘 맞는 갑옷도 한 벌 주었다.",record,False,False,False,False,,
Oblivion.esm,QUST,0001351B,SE05,FULL,0,,,The Lady of Paranoia,편집증의 여인,record,False,False,False,False,,
Oblivion.esm,QUST,0001351B,SE05,CNAM,0,10,0,"I need to travel to the House of Dementia, and seek an audience with Syl.",편집증의 여인,record,False,False,False,False,,
Oblivion.esm,QUST,0001351B,SE05,CNAM,1,15,0,Kithlan has told me that Lady Syl is especially reclusive lately. I may be able to catch her in the garden late around midnight.,키슬란(Kithlan)은 최근 실(Syl) 공작부인께서 적적하게 지내신다고 말해 주었다. 한밤중에 정원에서 그녀를 만나볼 수 있을 것이다.,record,True,True,False,False,HIGH,"Kithlan, Syl"
Oblivion.esm,QUST,0001351B,SE05,CNAM,2,20,0,I have been tasked with finding the people conspiring against Lady Syl. I need to find and speak to Herdir. He can always be found at the torture chamber in the House of Dementia.,실 여공작에 대한 반역 음모를 꾸민 자들에 대한 조사를 명 받았다. 헤르디르란 자를 만나봐야 한다. 그는 디멘시아 성의 고문실에 항상 있다고 한다.,record,False,False,False,False,,
Oblivion.esm,QUST,0001351B,SE05,CNAM,3,30,0,Herdir has agreed to accompany me. I need to speak with people in Crucible for information about this supposed conspiracy. Perhaps starting with those close to Syl would be useful.,헤르디르는 나와 동행하기로 했다. 음모에 대한 정보를 캐내기 위해 크루시블의 백성들을 심문해 봐야한다. 실 여공작과 가까운 자들부터 시작해야겠다.,record,False,False,False,False,,
Oblivion.esm,QUST,0001351B,SE05,CNAM,4,40,0,I have been told that Anya Herrick may know something about a conspiracy. I should find and interrogate her. ,안냐 헤릭(Anya Herric)이 음모해 대해 무언가 알고 있다는 말을 들었다. 그녀를 심문해 봐야겠다.,record,True,True,False,False,HIGH,"Anya, Herric"
Oblivion.esm,QUST,0001351B,SE05,CNAM,5,45,0,Anya Herrick refuses to speak with me. I need Herdir with me to help convince her to talk. ,안냐 헤릭(Anya Herric)이 나와 이야기하길 거부했다. 그녀가 말하게 하려면 허디어(Herdir)가 필요하다.,record,True,True,False,False,HIGH,"Anya, Herric, Herdir"
Oblivion.esm,QUST,0001351B,SE05,CNAM,6,50,0,Anya Herrick has named Ma'zaddha as being involved in some sort of plot against Lady Syl. I should find and speak to him. ,안냐 헤릭(Anya Herric)은 실(Syl) 공작부인에 대한 음모에 연루된 자로 마자다(Ma'zaddha)라는 자를 언급했다.그자를 만나 심문해 봐야겠다.,record,True,True,False,False,HIGH,"Anya, Herric, Syl, Ma'zaddha"
Oblivion.esm,QUST,0001351B,SE05,CNAM,7,55,0,Ma'zaddha refuses to give me any information. I need evidence that he's involved; I should speak to the citizens of Crucible to learn more.,마'자다가 정보를 주길 거부했다. 그가 연루됬다는 증거가 필요하다. 크루시블의 백성들과 더 이야기 해 봐야겠다. ,record,False,False,False,False,,
Oblivion.esm,QUST,0001351B,SE05,CNAM,8,60,0,I've been told that Ma'zaddha has been meeting Nelrene late at night in Crucible. I'll need to find them and listen in on their conversation.,마'자다가 한밤중에 넬렌을 만난다는 것을 알아냈다. 그들을 찾아내 대화를 들어봐야 한다.,record,False,False,False,False,,
Oblivion.esm,QUST,0001351B,SE05,CNAM,9,65,0,"I was discovered while attempting to overhear Mazaddha's conversation with Nelrene. I will have to try again another night, and be more careful to remain undetected. ",마자다(Ma'zaddha)와 넬린(Nelrene)의 대화를 엿들으려다 발각되고 말았다. 내일 밤에 다시 시도해 봐야겠다. 이번에는 들키지 않도록 조심해야한다.,record,True,True,False,False,HIGH,"Ma'zaddha, Nelrene"
Oblivion.esm,QUST,0001351B,SE05,CNAM,10,70,0,I've overheard Ma'zaddha and Nelrene speaking. I need to confront Ma'zaddha with this information. ,마'자다와 넬렌의 대화를 엿들었다. 이 정보로 마'자다를 다그쳐야겠다.,record,False,False,False,False,,
Oblivion.esm,QUST,0001351B,SE05,CNAM,11,80,0,"Ma'zaddha admitted to being involved in a plot to kill Lady Syl. He's asked for time to learn more about who's behind it. I should meet him at his house in one day's time. In the meantime, I should investigate Nelrene's role in this.",마'자다는 자신이 실 여공작을 암살하는 음모에 연루됬다고 시인했다. 놈은 누가 배후에 있는지 알아볼 시간을 달라고 했다. 다음날 놈의 집에서 만나봐야 한다.그 사이에 이 음모에서 넬렌의 역활도 조사해 봐야겠다.,record,False,False,False,False,,
Oblivion.esm,QUST,0001351B,SE05,CNAM,12,90,0,"Nelrene has denied involvement in any sort of conspiracy. I'll need to be more persuasive with her, or find direct evidence she's involved. ","넬린(Nelrene)은 어떤 음모에도 참가한적이 없다고 부인했다. 그녀를 더 심문해 보던지, 그녀가 연루됐다는 직접적인 증거를 찾아봐야겠다.",record,True,True,False,False,HIGH,Nelrene
Oblivion.esm,QUST,0001351B,SE05,CNAM,13,92,0,I've found Ma'zaddha dead in his home. I should see if he was holding any evidence of this conspiracy.,마'자다가 집에서 죽어있는 것을 발견했다. 혹시 놈이 증거품을 가지고 있는지 조사해봐야한다. ,record,False,False,False,False,,
Oblivion.esm,QUST,0001351B,SE05,CNAM,14,95,0,I found a key on Ma'zaddha's body; he has hidden evidence somewhere that may help my investigation. I'll need to find it.,마'자다의 몸에서 열쇠를 하나 발견했다. 수사에 도움이 될만한 증거를 집안 어딘가에 숨겨놓은 것이 틀림없다.그걸 찾아내야겠다.,record,False,False,False,False,,
Oblivion.esm,QUST,0001351B,SE05,CNAM,15,100,0,I have found the items Ma'zaddha hid in his house. There is evidence of Muurine's involvement; this should be enough to get her to confess.,마자다(Ma'zaddha)가 숨겨놓은 아이템을 찾아냈다. 뮤린(Muurene)이 연관되었다는 증거이다. 이것으로 그녀가 털어놓게 할 수 있을 것이다.,record,True,True,False,False,HIGH,"Ma'zaddha, Muurene"
Oblivion.esm,QUST,0001351B,SE05,CNAM,16,100,1,"I have found the items Ma'zaddha hid in his house. The evidence points to Nelrene, and I should confront her about it. ","마자다(Ma'zaddha)가 숨겨놓은 아이템을 찾아냈다. 증거는 넬린(Nelrene)을 가리키니, 이것으로 넬린(Nelrene)과 대면해 봐야겠다.",record,True,True,False,False,HIGH,"Ma'zaddha, Nelrene, Nelrene"
Oblivion.esm,QUST,0001351B,SE05,CNAM,17,110,0,Nelrene has admitted to being involved in the conspiracy. I now have enough evidence to confront Muurine.,넬렌은 음모에 연루됬음을 시인했다. 이제 뮤린과 대면할 충분한 증거를 확보했다.,record,False,False,False,False,,
Oblivion.esm,QUST,0001351B,SE05,CNAM,18,110,1,"Nelrene admits to being involved in a conspiracy, and has named Muurine as the architect of the plot. I'll need more evidence before confronting Muurine.",넬렌은 음모에 연루됬음을 시인했고 음모의 배후자로 뮤린이란 자를 지적했다. 뮤린과 대면하기 전에 증거가 필요할 것이다.,record,False,False,False,False,,
Oblivion.esm,QUST,0001351B,SE05,CNAM,19,120,0,"I have confronted Muurine, who has confessed to trying to kill Lady Syl. I should report this news to Lady Syl at once.",난 뮤린과 대면했고 그녀는 실 여공작을 암살하려 했다고 시인했다.  이 사실을 실 여공작께 즉시 보고해야 한다.,record,False,False,False,False,,
Oblivion.esm,QUST,0001351B,SE05,CNAM,20,130,0,Lady Syl has asked me to meet her in the torture chamber. I should travel there immediately.,실 여공작은 고문실에서 만나자고 말씀하셨다. 즉시 그곳으로 가야한다.,record,False,False,False,False,,
Oblivion.esm,QUST,0001351B,SE05,CNAM,21,200,0,"The conspiracy has been stamped out. Lady Syl has executed Muurine, and thanked me for my help. ",음모는 막을 내렸다. 실(Syl) 공작부인은 뮤린(Murrine)을 처형했고 내 도움에 감사했다.,record,True,True,False,False,HIGH,"Syl, Murrine"
Oblivion.esm,QUST,000133BF,SE01Door,FULL,0,,,A Door in Niben Bay,니벤 만의 문,record,False,False,False,False,,
Oblivion.esm,QUST,000133BF,SE01Door,CNAM,0,10,0,I've found a strange door in Niben Bay.,니벤 만의 문,record,False,False,False,False,,
Oblivion.esm,QUST,000133BF,SE01Door,CNAM,1,10,1,I have heard a rumor that a strange doorway has appeared on a small island in the Niben Bay. I should investigate. ,수상한 문이 니븐 베이(Niben Bay)의 작은 섬에 나타났다는 소문을 들었다. 조사해 봐야겠다.,record,True,True,False,False,HIGH,"Niben, Bay"
Oblivion.esm,QUST,000133BF,SE01Door,CNAM,2,20,0,"A guard, Gaius Prentus, has approached me. He tells me that the people here have all returned from inside this strange gate, and all are now mad. ",Gaius Prentus라는 근위병은 이 수상한 문으로 들어갔다 나온 자는 전부 미쳤다고 나에게 말해주었다.,record,False,True,False,False,MEDIUM,"Gaius, Prentus"
Oblivion.esm,QUST,000133BF,SE01Door,CNAM,3,30,0,I have entered the gate and been greeted by a man named Haskill. He tells me that he is the Chamberlain of Sheogorath. ,문으로 들어가니 해스킬(Haskill)이라는 자가 날 반겨주었다. 그는 자신이 쉐오고라스(Sheogorath)의 시종이라고 소개했다. ,record,True,True,False,False,HIGH,"Haskill, Sheogorath"
Oblivion.esm,QUST,000133BF,SE01Door,CNAM,4,40,0,Haskill has told me that his Lord Sheogorath is searching for a mortal to become his champion. I should speak again with Haskill when I have made my decision.,하스킬은 셰오고라스가 자신의 챔피언이 되어줄 인간을 찾고 있다고 말해주었다. 어찌할지 결정하면 하스킬에게 말해 줘야겠다.,record,False,False,False,False,,
Oblivion.esm,QUST,000133BF,SE01Door,CNAM,5,50,0,"I have decided to attempt to become Sheogorath's champion. In order to meet Sheogorath, I must first pass through the Gates of Madness, guarded by the Gatekeeper.",난 쉬버링 아일즈에 들어섰다. 셰오고라스의 영토로 들어가기 위해서는 먼저 관문지기가 지키는 광기의 관문을 통과해야만 한다.,record,False,False,False,False,,
Oblivion.esm,QUST,000133BF,SE01Door,CNAM,6,200,0,"I have decided to attempt to become Sheogorath's champion. In order to meet Sheogorath, I must first pass through the Gates of Madness, guarded by the Gatekeeper.",난 쉬버링 아일즈에 들어섰다. 셰오고라스의 영토로 들어가기 위해서는 먼저 관문지기가 지키는 광기의 관문을 통과해야만 한다.,record,False,False,False,False,,
Oblivion.esm,QUST,00012105,SE04,FULL,0,,,Addiction,중독,record,False,False,False,False,,
Oblivion.esm,QUST,00012105,SE04,CNAM,0,5,0,I need to speak with Thadon in order to learn more about the realm of Mania. ,매니아(Mania)에 대해 더 알아보기 위해 테이든(Thadon)과 대화를 나누어봐야 한다.,record,True,True,False,False,HIGH,"Mania, Thadon"
Oblivion.esm,QUST,00012105,SE04,CNAM,1,10,0,"Thadon has asked that I retrieve for him the Chalice of Reversal. I need to find someone in his court, or in Syl’s, who knows where it might be.",테이든은 역행의 잔(Chalice of Reversal)을 되찾아달라고 나에게 부탁했다. 그의 궁정이나 실(Syl)의 궁정에서 잔이 어딨는지 알만한 사람을 찾아봐야겠다.,record,True,True,False,False,HIGH,"Chalice, of, Reversal, Syl"
Oblivion.esm,QUST,00012105,SE04,CNAM,2,20,0,"Wide-Eye has told me that the Chalice of Reversal is locked away in Dunroot Burrow. I’ll need to ingest Felldew to enter the Burrow, and pass through to reach the Chalice. ",와이드-아이(Wide-Eye)는 역행의 잔(Chalice of Reversal)이 던루트(Dunroot) 동굴에 숨겨져 있다고 말해 주었다. 동굴에 들어가서 잔을 찾으려면 펠듀(Felldew)를 먹어야 한다.,record,True,True,False,False,HIGH,"Wide-Eye, Chalice, of, Reversal, Dunroot, Felldew"
Oblivion.esm,QUST,00012105,SE04,CNAM,3,30,0,"Kithlan has told me that the Chalice of Reversal is locked away in Dunroot Burrow. I’ll need to ingest Felldew to enter the Burrow, and pass through to reach the tower. ",키슬란(Kithlan)은 역행의 잔(Chalice of Reversal)이 던루트(Dunroot) 동굴에 숨겨져 있다고 말해 주었다. 동굴에 들어가서 잔을 찾으려면 펠듀(Felldew)를 먹어야 한다.,record,True,True,False,False,HIGH,"Kithlan, Chalice, of, Reversal, Dunroot, Felldew"
Oblivion.esm,QUST,00012105,SE04,CNAM,4,40,0,I’ve taken Felldew in order to enter Dunroot Burrow. I shall have to be careful as I proceed through the Burrow. ,던루트(Dunroot) 동굴로 들어가기 위해 펠듀(Felldew)를 먹었다. 조심해서 동굴을 수색해 봐야겠다.,record,True,True,False,False,HIGH,"Dunroot, Felldew"
Oblivion.esm,QUST,00012105,SE04,CNAM,5,45,0,"The effects of Felldew have worn off, and withdrawal is setting in. I need to either reach the Chalice of Reversal quickly, or find more Felldew as I make my way through the Burrow.","펠듀(Felldew)의 효력이 끝나 금단증상이 나타나기 시작했다. 역행의 잔(Chalice of Reversal)을 빨리 찾아내던가, 펠듀(Felldew)를 더 찾아내서 먹어야한다.",record,True,True,False,False,HIGH,"Felldew, Chalice, of, Reversal, Felldew"
Oblivion.esm,QUST,00012105,SE04,CNAM,6,50,0,I have survived Dunroot Burrow. Now I need to search the tower above for the Chalice of Reversal.,던루트(Dunroot) 동굴을 무사히 빠져나왔다. 탑에서 역행의 잔(Chalice of Reversal)을 찾아봐야 겠다.,record,True,True,False,False,HIGH,"Dunroot, Chalice, of, Reversal"
Oblivion.esm,QUST,00012105,SE04,CNAM,7,60,0,I have the Chalice of Reversal. It should be delivered to Thadon as soon as possible.,역행의 잔(Chalice of Reversal)을 찾아냈다. 가능한한 빨리 테이든(Thadon)에게 잔을 가져다 주어야겠다.,record,True,True,False,False,HIGH,"Chalice, of, Reversal, Thadon"
Oblivion.esm,QUST,00012105,SE04,CNAM,8,100,0,"I have delivered the Chalice of Reversal to Thadon, and he has granted me a place in his court.",테이든(Thadon)에게 잔을 찾아다 주었다. 테이든은 감사의 뜻으로 날 그의 대신으로 임명했다.,record,True,True,False,False,HIGH,Thadon
Oblivion.esm,QUST,00012105,SE04,CNAM,9,200,0,"I have delivered the Chalice of Reversal to Thadon, and he has granted me a place in his court.",테이든(Thadon)에게 잔을 찾아다 주었다. 테이든은 감사의 뜻으로 날 그의 대신으로 임명했다.,record,True,True,False,False,HIGH,Thadon
Oblivion.esm,QUST,000120EA,SE07,FULL,0,,,Ritual of Accession,계승 의식,record,False,False,False,False,,
Oblivion.esm,QUST,000120EA,SE07,CNAM,0,5,0,I should report to Sheogorath that I have lit the Great Torch as he requested.,계승 의식,record,False,False,False,False,,
Oblivion.esm,QUST,000120EA,SE07,CNAM,1,8,0,"I've been directed by Sheogorath become the sovereign of Mania or Dementia. He's suggested I speak to Arctus, High Priest of Dementia or Dervenin, High Priest of Mania at the Sacellum Arden-Sul here in New Sheoth to learn more.",쉐오고라스는 나에게 매니아(Mania)나 디멘시아(Dementia)의 통치자가 되라고 명했다. 더 알아보려면 디멘시아(Dementia)의 최고 사제인 악투스(Arctus)나 매니아(Mani)의 최고 사제인 더베닌(Dervenin)과 이야기해 보아야 겠다. ,record,True,True,False,False,HIGH,"Mania, Dementia, Dementia, Arctus, Mani, Dervenin"
Oblivion.esm,QUST,000120EA,SE07,CNAM,2,10,0,"I've spoken to Arctus, High Priest of Dementia. The Ritual of Accession for Dementia is simple; Syl would have to be slain by the proposed successor, and her heart brought to the Altar of Arden-Sul at the Sacellum. I should now speak to Dervenin to learn of Mania's ritual.",디멘시아의 최고 사제인 아크투스와 이야기해 보았다. 디멘시아의 계승의식은 간단하다. 다음 계승자는 실을 죽이고 그녀의 심장을 아덴-술의 제단에 바치면 되는 것이었다. 매니아의 의식에 대해 알아보려면 더베닌과 이야기 해 보아야 한다.,record,False,False,False,False,,
Oblivion.esm,QUST,000120EA,SE07,CNAM,3,10,1,"I've spoken to Dervenin, High Priest of Mania. The Ritual of Accession for Mania requires the current ruler to commit suicide by taking three doses of Greenmote, which is lethal. Then his drug-tainted blood must be brought to the Altar of Arden-Sul at the Sacellum. I should now speak to Arctus to learn of Dementia's ritual.",매니아의 최고 사제인 더베닌과 이야기해 보았다. 매니아의 계승의식은 간단하다. 다음 계승자는 치사량이 되는 세 번 먹을 분량의 그린모트를 현재의 통치자에게 먹이고 그린모트 성분이 남은 생혈을 아덴-술의 제단에 바치면 되는 것이었다. 디멘시아의 의식에 대해 알아보려면 아크투스와 이야기 해 보아야 한다.,record,False,False,False,False,,
Oblivion.esm,QUST,000120EA,SE07,CNAM,4,15,0,"I've spoken to Arctus, High Priest of Dementia. The Ritual of Accession for Dementia is simple; Syl would have to be slain by the proposed successor, and her heart brought to the Altar of Arden-Sul at the Sacellum. After I decide which ritual to undertake, I should return to Sheogorath and inform him of my choice.","디멘시아의 최고 사제인 아크투스와 이야기해 보았다. 디멘시아의 계승의식은 간단하다. 다음 계승자는 실을 죽이고 그녀의 심장을 아덴-술의 제단에 바치면 되는 것이었다. 어느 쪽 의식을 치를지 결정한 후, 셰오고라스에게 되돌아가 내가 결심한 바를 알려주어야 겠다. ",record,False,False,False,False,,
Oblivion.esm,QUST,000120EA,SE07,CNAM,5,15,1,"I've spoken to Dervenin, High Priest of Mania. The Ritual of Accession for Mania requires the current ruler to commit suicide by taking three doses of Greenmote, which is lethal. Then his drug-tainted blood must be brought to the Altar of Arden-Sul at the Sacellum. After I decide which ritual to undertake, I should return to Sheogorath and inform him of my choice.","매니아의 최고 사제인 더베닌과 이야기해 보았다. 매니아의 계승의식은 간단하다. 다음 계승자는 치사량이 되는 세 번 먹을 분량의 그린모트를 현재의 통치자에게 먹이고 그린모트 성분이 남은 생혈을 아덴-술의 제단에 바치면 되는 것이었다. 어느 쪽 의식을 치를지 결정한 후, 셰오고라스에게 되돌아가 내가 결심한 바를 알려주어야 겠다. ",record,False,False,False,False,,
Oblivion.esm,QUST,000120EA,SE07,CNAM,6,200,0,I've spoken to Sheogorath and chosen the Ritual of Accession for Dementia.,난 셰오고라스에게 디멘시아의 계승 의식을 치르겠다고 말해주었다.,record,False,False,False,False,,
Oblivion.esm,QUST,000120EA,SE07,CNAM,7,200,1,I've spoken to Sheogorath and chosen the Ritual of Accession for Mania.,난 셰오고라스에게 매니아의 계승 의식을 치르겠다고 말해주었다.,record,False,False,False,False,,
Oblivion.esm,QUST,000120E9,SE06,FULL,0,,,The Cold Flame of Agnon,아그논의 차가운 불꽃,record,False,False,False,False,,
Oblivion.esm,QUST,000120E9,SE06,CNAM,0,8,0,"Sheogorath wants me to relight the Great Torch of New Sheoth. I need to go to the ruins of Cylarne, kindle the Flame of Agnon there, and return with its holy fire. Sheogorath warned me that the Golden Saints and Dark Seducers who guard the shrine often fight each other, so I should proceed cautiously.",아그논의 차가운 불꽃,record,False,False,False,False,,
Oblivion.esm,QUST,000120E9,SE06,CNAM,1,9,0,I have arrived at the ruins of Cylarne. I will need to speak to the commanders of the Golden Saints and Dark Seducers to find out how to light the Flame of Agnon.,사일란의 폐허에 도착했다. 골든 세인트와 다크 세듀서의 지휘관을 만나 아그논의 불꽃을 어떻게 피워야 할지 상의해 봐야한다.,record,False,False,False,False,,
Oblivion.esm,QUST,000120E9,SE06,CNAM,2,10,0,"I spoke to a Dark Seducer guarding the ruins of Cylarne. She told me that the Flame of Agnon can only be lit by the Dark Seducers or Golden Saints at the two altars that feed the Flame, the Altars of Rapture and Depair. I need to help one side or the other take control of both altars so that they will light the Flame for me.",사이란(Cylarne)의 폐허를 지키는 Dark Seducer와 대화해 보았다. 애그넌(Agnon)의 불꽃을 밝히려면 환희와 제단과 절망의 제단에 Dark Secucer나 Golden Saint가 불을 피워야 한다고 말해 주었다.,record,True,True,False,False,HIGH,"Cylarne, Dark, Seducer, Agnon, Dark, Secucer, Golden, Saint"
Oblivion.esm,QUST,000120E9,SE06,CNAM,3,10,1,"I should speak to Ulfri, the Dark Seducer commander, about kindling the Flame of Agnon.",아그논의 불꽃을 피우는 일을 다크 세듀서의 지휘관인 울프리와 상의해 봐야겠다.,record,False,False,False,False,,
Oblivion.esm,QUST,000120E9,SE06,CNAM,4,15,0,"I spoke to a Golden Saint guarding the ruins of Cylarne. She told me that the Flame of Agnon can only be lit by the Dark Seducers or Golden Saints at the two altars that feed the Flame, the Altars of Rapture and Despair. I need to help one side or the other take control of both altars so that they will light the Flame for me.",사일란의 폐허를 지키는 골든 세인트와 대화해 보았다. 아그논의 불꽃을 밝히려면 환희와 제단과 절망의 제단에 다크 세듀서나 골든 세인트가 불을 피워야 한다고 말해 주었다.,record,False,False,False,False,,
Oblivion.esm,QUST,000120E9,SE06,CNAM,5,15,1,"I should speak to Kaneh, the Golden Saint commander, about kindling the Flame of Agnon.",아그논의 불꽃을 피우는 일을 골든 세인트의 지휘관인 카네와 상의해 봐야겠다.,record,False,False,False,False,,
Oblivion.esm,QUST,000120E9,SE06,CNAM,6,30,0,"I overheard two Golden Saint officers arguing about the best way to attack the Dark Seducers. The lieutenant, Mirel, mentioned something about the Underdeep, a secret side passage leading to the Dark Seducer altar. I should find out more about this passage from Mirel.",두 명의 골든 세인트 지휘관이 다크 세듀서들을 공격할 방법을 놓고 논쟁을 벌이는 것을 보았다. 부관인 미렐은 다크 세듀서의 제단으로 이어지는 비밀통로가 있다고 언급했다. 미렐에게서 이 통로에 대해 더 알아보아야 겠다.,record,False,False,False,False,,
Oblivion.esm,QUST,000120E9,SE06,CNAM,7,35,0,"Mirel, the Golden Saint lieutenant, told me that his scouts have recently discovered a side passage leading to the Altar of Despair through the Underdeep. He believes an attack down this route will take the Dark Seducers by surprise, but has not been able to convince his commander, Kaneh.",골든 세인트 부관인 미렐은 최근 그의 정찰병이 언더딥을 통해 절망의 제단으로 이어지는 샛길을 발견했다고 말해주었다. 그는 이 루트를 통해 다크 세듀서들을 기습할 수 있을 것으로 보고 있다. 하지만 그의 상관인 카네를 설득하지 못하고 있다.,record,False,False,False,False,,
Oblivion.esm,QUST,000120E9,SE06,CNAM,8,35,1,"Mirel, the Golden Saint lieutenant, told me that his scouts have recently discovered a side passage leading to the Altar of Despair through the Underdeep. He believes an attack down this route will take the Dark Seducers by surprise. I should scout the Dark Seducer deployments in both the side passage and the main passage and find out if Mirel is right.",골든 세인트 부관인 미렐은 최근 그의 정찰병이 언더딥을 통해 절망의 제단으로 이어지는 샛길을 발견했다고 말해주었다. 그는 이 루트를 통해 다크 세듀서들을 기습할 수 있을 것으로 보고 있다. 양쪽 통로의 다크 세듀서의 병력 배치를 살펴보고 미렐의 말이 맞는지 알아봐야겠다.,record,False,False,False,False,,
Oblivion.esm,QUST,000120E9,SE06,CNAM,9,37,0,"The Underdeep is only lightly defended by the Dark Seducers. It appears that they do not believe the Golden Saints will attack this way. I should survey the Dark Seducer deployments along the main passage leading to the Altar of Despair, and then report my findings to Kaneh.",언더딥은 다크 세듀서의 방어가 허술하다. 골든 세인트가 이쪽으로 공격하리라고는 생각하지 않는 듯하다. 절망의 제단으로 이어지는 주 통로의 다크 세듀서 배치를 정찰한 뒤 카네에게 보고해야 한다.,record,False,False,False,False,,
Oblivion.esm,QUST,000120E9,SE06,CNAM,10,37,1,"The Dark Seducers are defending the main passage to the Altar of Despair in strength. The Underdeep, by contrast, appears to be only lightly defended. This information might convince Kaneh to attack through the Underdeep.",언더딥에는 몇 명안되는 다크 세듀서만이 배치되었다. 이길로 골든 세인트가 공격해 오리 않으리라 예상한 모양이다. 절망의 제단으로 이어지는 중앙통로의 다크 세듀서 병력 배치를 확인하고 카네에게 이 사실을 알려주어야 겠다.,record,False,False,False,False,,
Oblivion.esm,QUST,000120E9,SE06,CNAM,11,38,0,The main passage leading to the Altar of Despair is strongly defended by the Dark Seducers. I should scout the Underdeep to see if it might provide an easier attack route.,절망의 제단으로 이어지는 주 통로는 다크 세듀서가 강하게 방어하고 있다. 언더딥이 더 쉬운 공격로가 될 수 있는지 정찰해야 한다.,record,False,False,False,False,,
Oblivion.esm,QUST,000120E9,SE06,CNAM,12,38,1,The Dark Seducers are defending the main passage to the Altar of Despair in strength. The route through the Underdeep appears to be only lightly defended. This information might convince Kaneh to attack through the Underdeep.,다크 세듀서는 절망의 제단으로 이어지는 중앙통로를 강력하게 방어하고 있다. 언더딥을 정찰해서 쉬운 공격루트를 찾을 수 있는지 알아봐야겠다.,record,False,False,False,False,,
Oblivion.esm,QUST,000120E9,SE06,CNAM,13,40,0,"I have learned that the Flame of Agnon can only be lit by the Dark Seducers or Golden Saints at the two altars that feed the Flame, the Altars of Rapture and Depair. I need to help one side or the other take control of both altars so that they will light the Flame for me.",애그넌(Agnon)의 불꽃을 밝히려면 환희와 제단과 절망의 제단에 Dark Secucer나 Golden Saint가 불을 피워야 한다는 것을 알았다. 어느 한 쪽이 두 제단을 전부 차지할 수 있게 도와서 그들이 불을 피우도록 해야한다.,record,True,True,False,False,HIGH,"Agnon, Dark, Secucer, Golden, Saint"
Oblivion.esm,QUST,000120E9,SE06,CNAM,14,40,1,"I spoke with Kaneh, the commander of the Golden Saints in Cylarne. She is preparing to assault the altar controlled by the Dark Seducers, and believes that with my help, they could finally drive the Seducers out of Cylarne. Once she controls both altars, she will be glad to light the Flame of Agnon for me.","사이란에 주둔하고 있는 골든 세인트의 지휘관, 카네와 대화해 보았다. 그녀는 다크 세듀서가 점령한 제단을 공격해 들어갈 준비를 하고 있으며, 내 도움만 있으면 사일란에서 세듀서들을 축출해 낼 수 있을 것으로 보고있다. 그녀가 양쪽 제단을 점령하게 되면 나를 위해 아그논의 불꽃을 기꺼이 피워줄 것이다.",record,False,False,False,False,,
Oblivion.esm,QUST,000120E9,SE06,CNAM,15,42,0,I told Kaneh I wasn't ready to help her attack the Dark Seducers. I should probably speak to the Dark Seducers' commander before deciding which side I want to help.,카네에게 아직 다크 세듀서를 공격할 준비가 되지 않았다고 말했다. 어느 편을 도울지 결정하기 전에 다크 세듀서의 지휘관과 이야기해 보는 편이 좋겠다.,record,False,False,False,False,,
Oblivion.esm,QUST,000120E9,SE06,CNAM,16,42,1,"Both commanders have promised to light the Flame of Agnon for me if I help them defeat their rivals. Now I need to decide which side I will help, and how.",카네에게 난 아직 다크 세듀서를 공격할 준비가 되지 않았다고 말했다. 어느 쪽을 도울지 결정하기 전에 다크 세듀서의 지휘관도 만나봐야 할 것 같다.,record,False,False,False,False,,
Oblivion.esm,QUST,000120E9,SE06,CNAM,17,45,0,"I told Kaneh that I would scout the Dark Seducer positions and report back to her. I should check their deployments in both the main passage and the Underdeep, so that I can recommend the best way to assault the Altar of Despair.",카네에게 다크 세듀서의 병력배치를 정찰하여 알려주겠다고 말했다. 중앙통로와 언더딥의 병력배치를 조사하면 절망의 제단으로 공격할 최적의 루트를 추천할 수 있을 것이다.,record,False,False,False,False,,
Oblivion.esm,QUST,000120E9,SE06,CNAM,18,50,0,I told Kaneh that I would help her defeat the Dark Seducers who control the Altar of Despair. We attack immediately.,카네에게 절망의 제단을 장악한 다크 세듀서를 물리치는 일을 돕겠다고 했다. 즉시 공격한다.,record,False,False,False,False,,
Oblivion.esm,QUST,000120E9,SE06,CNAM,19,50,1,My report that the Underdeep was lightly defended convinced Kaneh that this was the better attack route. I need to help the Golden Saints get through the Underdeep before the Dark Seducers realize what is happening.,카네에게 절망의 제단을 차지하고 있는 다크 세듀서를 쳐부수는 데 도움을 주겠다고 말했다. 즉시 공격해 들어갈 것이다.,record,False,False,False,False,,
Oblivion.esm,QUST,000120E9,SE06,CNAM,20,50,2,"Now that Ulfri’s troops are redeployed to defend the Underdeep, Kaneh’s attack down the main passage should catch the Dark Seducers completely off guard. I should help Kaneh defeat Ulfri and take control of the Altar of Despair.","이제 울프리(Ulfri)의 병력은 Underdeep을 방어하기 위해 재배치되었고, 카나(Kaneh)는 Dark Seducer의 병력이 완전히 사라진 중앙통로를 공격해 들어갈 것이다. 울프리(Ulfri)를 격퇴하고 절망의 제단을 차지할 수 있도록 카나(Kaneh)를 도와야 겠다.",record,True,True,False,False,HIGH,"Ulfri, Underdeep, Kaneh, Dark, Seducer, Ulfri, Kaneh"
Oblivion.esm,QUST,000120E9,SE06,CNAM,21,50,3,I convinced Kaneh to attack through the Underdeep. Ulfri will be pleased when I lead the Golden Saints into her trap. I should help destroy the Golden Saints once the Dark Seducers spring their ambush.,"이제 울프리의 병력은 언더딥을 방어하기 위해 재배치되었고, 카네는 다크 세듀서의 병력이 완전히 사라진 중앙통로를 공격해 들어갈 것이다. 울프리를 격퇴하고 절망의 제단을 차지할 수 있도록 카네를 도와야 겠다.",record,False,False,False,False,,
Oblivion.esm,QUST,000120E9,SE06,CNAM,22,60,0,"I have learned that the Flame of Agnon can only be lit by the Dark Seducers or Golden Saints at the two altars that feed the Flame, the Altars of Rapture and Depair. I need to help one side or the other take control of both altars so that they will light the Flame for me.",애그넌(Agnon)의 불꽃을 밝히려면 환희와 제단과 절망의 제단에 Dark Secucer나 Golden Saint가 불을 피워야 한다는 것을 알았다. 어느 한 쪽이 두 제단을 전부 차지할 수 있게 도와서 그들이 불을 피우도록 해야한다.,record,True,True,False,False,HIGH,"Agnon, Dark, Secucer, Golden, Saint"
Oblivion.esm,QUST,000120E9,SE06,CNAM,23,60,1,"I spoke with Ulfri, the commander of the Dark Seducers in Cylarne. She is preparing to defend her position against a Golden Saint attack, and promised that if I help her destroy the Golden Saints, she will light the Flame of Agnon for me.","사이란에 주둔하고 있는 다크 세듀서의 지휘관, 울프리와 대화해 보았다. 그녀는 골든 세인트의 공격에 대비한 방어 준비 중이며, 골든 세인트를 격퇴하는데 도움을 준다면 날 위해 아그논의 불꽃을 피워주겠다고 약속했다.",record,False,False,False,False,,
Oblivion.esm,QUST,000120E9,SE06,CNAM,24,62,0,I told Ulfri I wasn't ready to help her defeat the Golden Saints. I should probably speak to the Golden Saints commander before deciding which side I want to help.,울프리에게 아직 골든 세인트를 물리칠 준비가 되지 않았다고 말했다. 어느 편을 도울지 결정하기 전에 골든 세인트의 지휘관과 이야기해 보는 편이 좋겠다.,record,False,False,False,False,,
Oblivion.esm,QUST,000120E9,SE06,CNAM,25,62,1,"Both commanders have promised to light the Flame of Agnon for me if I help them defeat their rivals. Now I need to decide which side I will help, and how.",울프리에게 난 아직 골든 세인트를 공격할 준비가 되지 않았다고 말했다. 어느 쪽을 도울지 결정하기 전에 골든 세인트의 지휘관도 만나봐야 할 것 같다.,record,False,False,False,False,,
Oblivion.esm,QUST,000120E9,SE06,CNAM,26,65,0,"I told Ulfri that I would try to find out the Golden Saints' attack plans, and then report back to her. She suggested that I speak to Kaneh, the Saints' commander, who should be at their main encampment at the Altar of Rapture.",울프리에게 골든 세인트의 공격계획을 알아내어 알려주겠다고 말했다. 울프리는 환희의 제단에 위치한 골든 세인트의 주진지로 가서 지휘관인 카네를 만나보길 제안했다.,record,False,False,False,False,,
Oblivion.esm,QUST,000120E9,SE06,CNAM,27,70,0,I agreed to help Ulfri defeat the Golden Saints. Her scouts report that the Saints have launched their attack. I should follow Ulfri and help her destroy the Golden Saints.,골든 세인트를 격퇴하는 데 울프리에게 도움을 주기로 했다. 그녀의 정찰대는 골든 세인트들이 공격을 시작했다고 보고했다. 울프리를 따라가서 골든 세인트를 격퇴하도록 도와야 한다.,record,False,False,False,False,,
Oblivion.esm,QUST,000120E9,SE06,CNAM,28,75,0,I told Ulfri that I could lead the Golden Saints into an ambush if she redeployed her troops into the Underdeep. She agreed to my plan. Now I must return to Kaneh and decide who I want to betray.,병력을 언더딥에 잠복시키면 골든 세인트들을 잠복한 곳으로 이끌고 오겠다고 울프리에게 말해 주었다. 그녀는 내 계획에 찬성했다. 배신하기로 마음먹은 카네에게 되돌아 가야겠다.,record,False,False,False,False,,
Oblivion.esm,QUST,000120E9,SE06,CNAM,29,120,0,The Golden Saint commander is dead. I should finish off the remaining Golden Saints in Cylarne to complete the Dark Seducers' victory.,골든 세인트의 지휘관이 죽었다. 골든 세인트의 잔존 병력을 해치우고 다크 세듀서의 승리로 이끌어야 한다.,record,False,False,False,False,,
Oblivion.esm,QUST,000120E9,SE06,CNAM,30,120,1,The Dark Seducer commander is dead. I should finish off the remaining Dark Seducers in Cylarne to complete the Golden Saints' victory.,다크 세듀서의 지휘관이 죽었다. 다크 세듀서의 잔존 병력을 해치우고 골든 세인트의 승리로 이끌어야 한다.,record,False,False,False,False,,
Oblivion.esm,QUST,000120E9,SE06,CNAM,31,124,0,Kaneh wants me to open a gate that is blocking the progress of the Golden Saints' attack. She and her troops will hold their position until I find a way to open the gate.,카네는 골든 세인트가 공격해 들어갈 수 있도록 문을 열어주길 바라고 있다. 내가 문을 열어줄 방법을 찾을 때까지 현재 위치에서 대기하겠다고 말했다.,record,False,False,False,False,,
Oblivion.esm,QUST,000120E9,SE06,CNAM,32,125,0,I've opened the gate. The Golden Saints can now continue their attack. I should accompany them and help them destroy the rest of the Dark Seducers in Cylarne.,문을 열었다. 이제 골든 세인트는 다시 공격해 들어갈 수 있다. 이들과 함께 남은 다크 세듀서 병력을 사일란에서 격퇴해야 한다.,record,False,False,False,False,,
Oblivion.esm,QUST,000120E9,SE06,CNAM,33,130,0,The Golden Saints in Cylarne have been utterly destroyed. I should speak to Ulfri about lighting the Flame of Agnon now that her forces control both of the altars.,사일란에 있는 골든 세인트는 완전히 격퇴되었다. 양쪽 제단을 조정하여 아그논의 불꽃을 밝히도록 울프리에게 이야기 해야겠다.,record,False,False,False,False,,
Oblivion.esm,QUST,000120E9,SE06,CNAM,34,140,0,The Dark Seducers in Cylarne have been utterly destroyed. I should speak to Kaneh about lighting the Flame of Agnon now that her forces control both of the altars.,사일란에 있는 다크 세듀서는 완전히 격퇴되었다. 양쪽 제단을 조정하여 아그논의 불꽃을 밝히도록 카네에게 이야기 해야겠다.,record,False,False,False,False,,
Oblivion.esm,QUST,000120E9,SE06,CNAM,35,150,0,"Kaneh thanked me for my help in securing Cylarne for the Golden Saints. She is now heading for the Altar of Despair, where she says she will ""sacrifice herself"" to kindle the Flame of Agnon. I should accompany her and see what happens.",카네는 골든 세인트가 사일란을 점령할 수 있게 도와준데 대해 감사했다. 그녀는 아그논의 불꽃을 밝히기 위해 자신을 희생해야 한다고 하며 절망의 제단으로 향했다. 그녀를 따라가 무슨 일이 벌어질지 지켜봐야겠다.,record,False,False,False,False,,
Oblivion.esm,QUST,000120E9,SE06,CNAM,36,150,1,"Ulfri thanked me for my help in securing Cylarne for the Dark Seducers. She is now heading for the Altar of Despair, where she says she will ""sacrifice herself"" to kindle the Flame of Agnon. I should accompany her and see what happens.",울프리는 다크 세듀서가 사일란을 점령할 수 있게 도와준데 대해 감사했다. 그녀는 아그논의 불꽃을 밝히기 위해 자신을 희생해야 한다고 하며 절망의 제단으로 향했다. 그녀를 따라가 무슨 일이 벌어질지 지켜봐야겠다.,record,False,False,False,False,,
Oblivion.esm,QUST,000120E9,SE06,CNAM,37,170,0,Kaneh sacrificed herself on the Altar of Despair in order to light the Flame of Agnon. I can now retrieve the Flame from the courtyard and bring it back to New Sheoth as Sheogorath commanded.,카네는 아그논의 불꽃을 피우기 위해 절망의 제단에서 자신을 희생했다. 이제 셰오고라스의 명령대로 안마당에서 불꽃을 얻어 뉴 셰오스로 돌아가야 한다.,record,False,False,False,False,,
Oblivion.esm,QUST,000120E9,SE06,CNAM,38,175,0,Ulfri sacrificed herself on the Altar of Despair in order to light the Flame of Agnon. I can now retrieve the Flame from the courtyard and bring it back to New Sheoth as Sheogorath commanded.,울프리는 아그논의 불꽃을 피우기 위해 절망의 제단에서 자신을 희생했다. 이제 셰오고라스의 명령대로 안마당에서 불꽃을 얻어 뉴 셰오스로 돌아가야 한다.,record,False,False,False,False,,
Oblivion.esm,QUST,000120E9,SE06,CNAM,39,190,0,I stepped into the Flame of Agnon and am now ablaze with the holy fire. I should return to New Sheoth and light the Great Torch in the Sacellum Arden-Sul.,난 아그논의 불꽃으로 걸어들어갔고 이제 내 몸은 성스러운 불꽃으로 타오르고 있다. 뉴 셰오스로 되돌아가 사셀룸 아덴-술에 있는 위대한 봉화에 불을 붙여야 한다.,record,False,False,False,False,,
Oblivion.esm,QUST,000120DA,SE32,FULL,0,,,Ghosts of Vitharn,바이탄의 유령,record,False,False,False,False,,
Oblivion.esm,QUST,000120DA,SE32,CNAM,0,1,0,I have eliminated one of the four Fanatic raiders that came in from the dungeons. Only three to go.,던전을 통해 들어온 파나틱 돌격대 네 명 중 하나를 제거했다. 세 명 남았다.,record,False,False,False,False,,
Oblivion.esm,QUST,000120DA,SE32,CNAM,1,2,0,I have eliminated two of the four Fanatic raiders that came in from the dungeons. Only two more to go.,던전을 통해 들어온 파나틱 돌격대 네 명 중 둘을 제거했다. 두 명 남았다.,record,False,False,False,False,,
Oblivion.esm,QUST,000120DA,SE32,CNAM,2,10,0,I heard a rumor about the fortress of Vitharn in the far south of the Shivering Isles. Someday I should investigate it.,쉬버링 아일즈 최남단의 바이탄이라는 요새에 대한 소문을 들었다. 언젠가 조사해봐야겠다.,record,False,False,False,False,,
Oblivion.esm,QUST,000120DA,SE32,CNAM,3,11,0,"There are ghostly warriors fighting in this place. Their battle cries lead me to believe this place is named Vitharn. Something strange is going on here. I can see the fortress keep, but there is no obvious entrance. I'll have to search around for a hidden way in. Even then, I'm not sure what I'll find.",유령전사들이 이곳에서 싸우고 있다. 그들의 함성에 이끌려 온 이곳은 바이탄이라 한다. 여기서 무언가 이상한 일이 벌어지고 있다. 요새화 된 성은 있는데 확실한 입구가 없다. 어딘가 숨겨진 길이 있나 찾아봐야 겠다. 무슨 일이 밝혀질지 예상하기 힘들다.,record,False,False,False,False,,
Oblivion.esm,QUST,000120DA,SE32,CNAM,4,20,0,"I met a ghost named Count Cirion in the haunted keep of Vitharn. Unfortunately, I insulted him before he could tell me his tale. Now I'm locked into the keep. There must be a way out. Maybe I can talk to the other ghosts.",바이탄의 귀신들린 성에서 시리온 백작이라는 유령을 만났다. 재수없게도 이야기의 전모를 듣기도 전에 그에게 무례하게 굴어서 결국 성에 갇히게 되었다. 분명 나갈 길이 있을 것이다. 다른 유령들과도 이야기 해 봐야겠다.,record,False,False,False,False,,
Oblivion.esm,QUST,000120DA,SE32,CNAM,5,20,1,The ghost of Count Cirion has told me a tale of tragedy. The people of Vitharn were overrun by invaders centuries ago. Four defenders in the bailey failed in their duties. Now cursed to relive the last moments of the invasion over and over. Count Cirion has begged me to put the shades of his people to rest. I have no idea how to do this. Maybe the ghosts themselves can tell me.,시리온 백작의 유령이 비극적인 이야기를 들려주었다. 바이탄의 백성들은 수세기전 침략을 받았고 성 안에서 4인의 병사는 임무에 실패했다. 현재 저주받은 바이탄 백성들은 침략당한 순간을 끝도 없이 되풀이 하고 있다. 시리온 백작은 나에게 백성들의 원혼이 쉴 수 있게 해달라고 부탁했다. 어찌해야할지 알 수가 없다. 아마 다른 유령들이 나에게 알려 줄 수 있을 것이다.,record,False,False,False,False,,
Oblivion.esm,QUST,000120DA,SE32,CNAM,6,25,0,"Desideratus took his ""beloved"" and ran off. Obviously that isn't going to work. Hopefully he just put the doll back where I found it. I should go check. There must be some other way to use that doll to get him to stay and fight.","데시데라투스는 자신의 ""약혼녀""를 들고 도망쳐버렸다. 확실히 저 방법은 먹히지 않는다. 다행히 그는 인형이 원래 있던 자리에 되돌려 놓았다. 인형을 써서 그가 싸울 마음을 먹게 할 방법을 찾아봐야 겠다.",record,False,False,False,False,,
Oblivion.esm,QUST,000120DA,SE32,CNAM,7,30,0,"The ghost of Desideratus Annius told me he must get back home to protect his betrothed. Tragically, by leaving his post, they both perished. There must be something I can do to get him to stand fast. ",데시데라투스 안니우스는 약혼자를 보호하기 위해 집으로 돌아가야만 했었다. 슬프게도 그가 자신의 위치를 이탈했기 때문에 두 사람 모두 죽고 말았다. 어떻게 해서든 그를 싸우게 만들어야만 한다.,record,False,False,False,False,,
Oblivion.esm,QUST,000120DA,SE32,CNAM,8,40,0,"It seems that Desideratus ""betrothed"" is actually a child's doll. I'll have to think of some way to keep him from obessing about the doll.","디시드라투스(Desideratus)의 ""약혼녀""는 아이들의 인형이었던것 같다. 그가 인형에 집착하지 못하도록 할 방법을 찾아봐야한다.",record,True,True,False,False,HIGH,Desideratus
Oblivion.esm,QUST,000120DA,SE32,CNAM,9,45,0,"I have Desideratus doll, his ""betrothed."" There must be a way to use it to convince Desideratus to stay at his post.","데시데라투스의 ""약혼녀""인 인형을 찾았다. 데시데라투스가 자신의 위치를 사수하도록 설득할 방법을 찾아야만 한다.",record,False,False,False,False,,
Oblivion.esm,QUST,000120DA,SE32,CNAM,10,45,1,This ghostly doll is very odd. I have a feeling I should keep it with me for a while.,이 유령 인형은 어딘가 이상하다. 잠시 가지고 있어 봐야겠다.,record,False,False,False,False,,
Oblivion.esm,QUST,000120DA,SE32,CNAM,11,50,0,"I've burned the doll in the ghostly flames. Desideratus has no reason to find his betrothed now, because she is no more. I should go tell him.",인형을 유령불꽃에 태워버렸다. 더이상 약혼녀가 존재하지 않기 때문에 데시데라투스는 자신의 약혼녀를 찾아야 할 이유가 사라져버렸다. 그에게 말해주어야 겠다.,record,False,False,False,False,,
Oblivion.esm,QUST,000120DA,SE32,CNAM,12,50,1,"I've burned the doll in the ghostly flames. I don't know why I was able to do that, but there must have been some purpose.",유령불에 인형을 태워버렸다. 내가 왜 그랬는지는 모르겠지만 분명 이유가 있을 것이다.,record,False,False,False,False,,
Oblivion.esm,QUST,000120DA,SE32,CNAM,13,55,0,"I placed the ""betrothed"" doll on one of the invaders. Desideratus will have to fight them to rescue his ""betrothed"" now. I should go tell him.","침략자에게 ""약혼녀"" 인형을 넘겨버렸다. 데시데라투스는 자신의 ""약혼녀""를 구하려면 싸워야만 한다. 그에게 말해주어야 겠다.",record,False,False,False,False,,
Oblivion.esm,QUST,000120DA,SE32,CNAM,14,55,1,"Somehow one of the ghostly invaders accepted the doll from me. I don't know why, but there must be some purpose to it.",왜인지는 모르겠지만 침략자 한명이 나에게서 인형을 받아갔다. 분명 이유가 있을 것이다.,record,False,False,False,False,,
Oblivion.esm,QUST,000120DA,SE32,CNAM,15,60,0,"Desideratus did not take it well when I told him what I did to his betrothed. However, he is now motivated to stay at his post and fight the invading Fanatics.","데시데라투스는 내가 그의 약혼녀에게 한 일을 받아들이지 못했다. 그러나, 그는 위치를 사수하며 침략하는 파나틱인들과 싸우기로 마음을 먹었다.",record,False,False,False,False,,
Oblivion.esm,QUST,000120DA,SE32,CNAM,16,70,0,Althel the archer on the parapet has no arrows. She won't accept normal arrows. I'll have to find her arrows somewhere. She is perfectly positioned to fire into the Fanatic raiders. ,흉벽의 알텔이라는 궁수에게 화살이 없다. 보통 화살은 받지 못한다. 어딘가에서 그녀에게 줄 화살을 찾아야 한다. 그녀는 광신자 돌격대에게 화살을 먹여줄 완벽한 위치에 서 있다.,record,False,False,False,False,,
Oblivion.esm,QUST,000120DA,SE32,CNAM,17,80,0,Bat gro-Orkul is the warden of the armory. He refuses to give anything out. No wonder this place couldn't defend itself! I need to find a way to get those arrows for Althel.,바트 그로-오르쿨은 무기고 관리인이다. 그가 무기 지급을 거부했다. 당연히 이 성은 떨어질 수 밖에! 아델의 화살을 빼낼 방법을 찾아봐야 겠다.,record,False,False,False,False,,
Oblivion.esm,QUST,000120DA,SE32,CNAM,18,90,0,I've got the arrows. Now to get them to Althel.,화살을 얻었다. 알텔에게 가져다 주어야 겠다.,record,False,False,False,False,,
Oblivion.esm,QUST,000120DA,SE32,CNAM,19,90,1,These ghostly arrows are quite strange. I am unable to nock them though.,이 영적인 화살은 매우 이상하다. 이 화살로 활에 시위를 매길 수가 없다.,record,False,False,False,False,,
Oblivion.esm,QUST,000120DA,SE32,CNAM,20,95,0,Althel was grateful for the arrows. She is sure to bring down some of the invaders with them.,아델은 가져다 준 화살에 감사했다. 그 화살로 침략자들을 쓰러뜨릴 것이다.,record,False,False,False,False,,
Oblivion.esm,QUST,000120DA,SE32,CNAM,21,100,0,"The priest, Hloval Dreth, doesn't have nearly enough magicka to support the soldiers defending the gates. I need to find something that will boost his magicka. He won't take my earthly items, so it will have to be something in his spirit realm.",성직자 로발 드레스는 매지카가 부족해서 성문을 막는 병사들을 지원해주지 못하고 있다. 그의 매지카를 채워줄 무언가를 찾아야만 한다. 형체를 갖춘 물건은 받지를 못하니 영적인 유물을 찾아봐야 겠다.,record,False,False,False,False,,
Oblivion.esm,QUST,000120DA,SE32,CNAM,22,110,0,I found a ghostly Dagger of Depletion in Hloval Dreth's rooms. It should let him recharge his magicka. I wonder who or what he'll use it on?,로발 드레스의 방에서 고갈의 단검을 찾아냈다. 이것으로 그의 매지카를 채워줄 수 있다. 그는 이 단검을 누구에게 사용할까?,record,False,False,False,False,,
Oblivion.esm,QUST,000120DA,SE32,CNAM,23,110,1,I found a ghostly Dagger of Depletion. For some reason I am unable to wield it though.,고갈의 단검을 찾아냈다. 무슨 이유에서인지 그걸 휘두를 수가 없다.,record,False,False,False,False,,
Oblivion.esm,QUST,000120DA,SE32,CNAM,24,120,0,I found some ghostly welkynd stones. I might be able to use them to help Hloval Dreth.,영적인 웰킨드 스톤(welkynd stones)을 찾아냈다. 로발 드레쓰(Hloval Dreth)에게 쓸 수 있을지 모른다.,record,True,True,False,False,HIGH,"welkynd, stones, Hloval, Dreth"
Oblivion.esm,QUST,000120DA,SE32,CNAM,25,120,1,I found some ghostly welkynd stones. I can't seem to use them myself.,영적인 웰킨드 스톤(welkynd stones)을 찾아냈다. 내 자신에게는 이것을 쓸 수가 없다.,record,True,True,False,False,HIGH,"welkynd, stones"
Oblivion.esm,QUST,000120DA,SE32,CNAM,26,130,0,Hloval Dreth was grateful for the help. He is able to attack the Fanatic raiders now.,로발 드레스는 도움에 감사를 표했다. 이제 파나틱 돌격대를 공격할 수 있을 것이다.,record,False,False,False,False,,
Oblivion.esm,QUST,000120DA,SE32,CNAM,27,140,0,I have changed the actions of three of the defenders. Yet one of the Fanatics still gets past the defenders. There is nothing more I can do here. Maybe Count Cirion can help me.,방어 임무를 맡았던 3인의 과오를 돌려놓았다. 그래도 아직 광신자 한 명이 그들을 빠져나간다. 여기서는 더 이상 할 수 있는 것이 없다. 아마 시리온 백작이 도와줄 것이다.,record,False,False,False,False,,
Oblivion.esm,QUST,000120DA,SE32,CNAM,28,150,0,"Count Cirion has given me his helm. With it, I can take his place and do battle with Devoted Fanatic. Only then will the curse be lifted.",시리온 백작은 자신의 투구를 나에게 주었다. 투구를 쓰고 그를 대신해서 저주받은 광신자와 싸울 수가 있게 되었다. 그것만이 저주를 풀 유일한 방법이다.,record,False,False,False,False,,
Oblivion.esm,QUST,000120DA,SE32,CNAM,29,160,0,I have defeated the Devoted Fanatic. The curse of Vitharn has been lifted.,저주받은 광신자을 쓰러뜨렸다. 바이탄의 저주는 풀렸다.,record,False,False,False,False,,
Oblivion.esm,QUST,000120DA,SE32,CNAM,30,200,0,The ghosts of Vitharn have been laid to rest.,바이탄의 유령들은 평온속에 잠들었다.,record,False,False,False,False,,
Oblivion.esm,QUST,00011F9D,SE02,FULL,0,,,Through the Fringe of Madness,광기의 경계 너머로,record,False,False,False,False,,
Oblivion.esm,QUST,00011F9D,SE02,CNAM,0,5,0,"I have entered the Shivering Isles. In order to find the lord of this Realm, I must first pass through the Gates of Madness. ",난 쉬버링 아일랜드(Shivering Isles)에 들어섰다. 쉐오고라스(Sheogorath)의 영토로 들어가기 위해서는 먼저 광기의 문(The Gates of Madness)을 통과해야만 한다. ,record,True,True,False,False,HIGH,"Shivering, Isles, Sheogorath, The, Gates, of, Madness"
Oblivion.esm,QUST,00011F9D,SE02,CNAM,1,7,0,The Gates of Madness are locked. Haskill mentioned that the Gates were guarded by the Gatekeeper. He must have the keys.,광기의 관문은 잠겨있다. 하스킬은 관문지기가 문을 지키고 있다고 말해주었다. 열쇠는 틀림없이 관문지기에게 있을 것이다.,record,False,False,False,False,,
Oblivion.esm,QUST,00011F9D,SE02,CNAM,2,10,0,The formidable Gatekeeper has destroyed a party of adventurers. I should talk to the residents of Passwall before trying to deal with this creature.,무시무시한 관문지기는 모험가 일당을 몰살시켜 버렸다. 이 괴물을 상대하기 전에 패스월 마을 사람들과 이야기를 해봐야겠다.,record,False,False,False,False,,
Oblivion.esm,QUST,00011F9D,SE02,CNAM,3,20,0,I should talk to the sorceress Relmyna Verenim about the Gatekeeper. Jayred is still willing to come fight the Gatekeeper with me.,문지기에 대해 마법사 렐미나 베레님과 이야기해야 한다. 제이레드는 여전히 나와 함께 문지기와 싸울 생각이다.,record,False,False,False,False,,
Oblivion.esm,QUST,00011F9D,SE02,CNAM,4,20,1,"I should talk to the sorceress Relmyna Verenim about the Gatekeeper. I can also find Jayred to get the arrows made from dead Gatekeeper bones, once he is done making them.",렐미나 베레님과 관문지기에 대해 이야기를 나눠 봐야한다. 제이레드는 아직 나와 함께 관문지기와 싸워 줄 생각이다.,record,False,False,False,False,,
Oblivion.esm,QUST,00011F9D,SE02,CNAM,5,20,2,I should talk to the sorceress Relmyna Verenim about the Gatekeeper. I can also follow Jayred to the Gardens of Flesh and Bone.,렐미나 베레님과 관문지기에 대해 이야기를 나눠 봐야한다. 죽은 관문지기의 뼈로 만든 화살을 가지러 제이레드를 찾아가 볼 수도 있다.,record,False,False,False,False,,
Oblivion.esm,QUST,00011F9D,SE02,CNAM,6,20,3,I should talk to the sorceress Relmyna Verenim about the Gatekeeper. I can also tell Jayred I'm ready to go to the Gardens of Flesh and Bone.,렐미나 베레님과 관문지기에 대해 이야기를 나눠 봐야한다. 제이레드와 함께 살점과 뼈의 정원으로 찾아갈 준비도 되었다.,record,False,False,False,False,,
Oblivion.esm,QUST,00011F9D,SE02,CNAM,7,20,4,I should talk to the sorceress Relmyna Verenim about the Gatekeeper. I can also talk to Jayred about killing the Gatekeeper.,렐미나 베레님과 관문지기에 대해 이야기를 나눠 봐야한다. 제이레드에게 살점과 뼈의 정원으로 갈 준비가 되었다고 말해주어야 겠다.,record,False,False,False,False,,
Oblivion.esm,QUST,00011F9D,SE02,CNAM,8,20,5,I should talk to the sorceress Relmyna Verenim about the Gatekeeper.,렐미나 베레님과 관문지기에 대해 이야기를 나눠 봐야한다. 또한 제이레드와 관문지기를 죽일 방법도 상의해 봐야한다.,record,False,False,False,False,,
Oblivion.esm,QUST,00011F9D,SE02,CNAM,9,21,0,I should talk to Jayred about killing the Gatekeeper.,문지기를 죽이는 일에 대해 제이레드와 이야기해야 한다.,record,False,False,False,False,,
Oblivion.esm,QUST,00011F9D,SE02,CNAM,10,21,1,I should talk to Jayred about killing the Gatekeeper. I can also talk to Relmyna to learn more about the Gatekeeper.,제이레드와 관문지기를 죽일 방법을 상의해 봐야한다.,record,False,False,False,False,,
Oblivion.esm,QUST,00011F9D,SE02,CNAM,11,21,2,I should talk to Jayred about killing the Gatekeeper. I can also see if Nanette has anything interesting to say about the Gatekeeper.,제이레드와 관문지기를 죽일 방법을 상의해 봐야한다. 관문지기에 대해 더 알아보기 위해 렐미나와 대화를 해 볼 수도 있다.,record,False,False,False,False,,
Oblivion.esm,QUST,00011F9D,SE02,CNAM,12,21,3,"I should talk to Jayred about killing the Gatekeeper. I can also find Relmyna at midnight, and spy on her visit with the Gatekeeper.",제이레드와 관문지기를 죽일 방법을 상의해 봐야한다. 나네트가 관문지기에 대해 흥미있는 이야기를 해줄지 알아보러 갈 수도 있다.,record,False,False,False,False,,
Oblivion.esm,QUST,00011F9D,SE02,CNAM,13,21,4,I should talk to Jayred about killing the Gatekeeper. I can also get that handkerchief with Relmyna's tears.,제이레드와 관문지기를 죽일 방법을 상의해 봐야한다. 한밤중에 관문지기를 만나는 렐미나를 염탐하러 갈 수도 있다.,record,False,False,False,False,,
Oblivion.esm,QUST,00011F9D,SE02,CNAM,14,21,5,I should talk to Jayred about killing the Gatekeeper. I can also use Relmyna's Tears to harm the Gatekeeper.,제이레드와 관문지기를 죽일 방법을 상의해 봐야한다. 또한 렐미나의 눈물에 젖은 손수건도 얻으러 갈 수도 있다.,record,False,False,False,False,,
Oblivion.esm,QUST,00011F9D,SE02,CNAM,15,25,0,I should see if Nanette has anything interesting to say about the Gatekeeper.,나네트가 문지기에 대해 흥미로운 이야기를 알고 있는지 알아봐야 한다.,record,False,False,False,False,,
Oblivion.esm,QUST,00011F9D,SE02,CNAM,16,25,1,I should see if Nanette has anything interesting to say about the Gatekeeper. I can also talk to Jayred about killing the Gatekeeper.,나네트가 관문지기에 대해 흥미로운 사실을 알려줄 수 있는지 알아보러 가야한다.,record,False,False,False,False,,
Oblivion.esm,QUST,00011F9D,SE02,CNAM,17,25,2,I should see if Nanette has anything interesting to say about the Gatekeeper. I can also tell Jayred I'm ready to go to the Gardens of Flesh and Bone.,나네트가 관문지기에 대해 흥미로운 사실을 알려줄 수 있는지 알아보러 가야한다. 제이레드와 관문지기를 죽일 방법을 상의해 볼 수도 있다.,record,False,False,False,False,,
Oblivion.esm,QUST,00011F9D,SE02,CNAM,18,25,3,I should see if Nanette has anything interesting to say about the Gatekeeper. I can also follow Jayred to the Gardens of Flesh and Bone.,나네트가 관문지기에 대해 흥미로운 사실을 알려줄 수 있는지 알아보러 가야한다. 제이레드에게 살점과 뼈의 정원으로 갈 준비가 되었다고 말해주어야 겠다.,record,False,False,False,False,,
Oblivion.esm,QUST,00011F9D,SE02,CNAM,19,25,4,"I should see if Nanette has anything interesting to say about the Gatekeeper. I can also find Jayred to get the arrows made from dead Gatekeeper bones, once he is done making them.",나네트가 관문지기에 대해 흥미로운 사실을 알려줄 수 있는지 알아보러 가야한다. 제이레드와 함께 살점과 뼈의 정원으로 찾아갈 준비도 되었다.,record,False,False,False,False,,
Oblivion.esm,QUST,00011F9D,SE02,CNAM,20,25,5,I should see if Nanette has anything interesting to say about the Gatekeeper. Jayred is willing to come fight the Gatekeeper with me.,나네트가 관문지기에 대해 흥미로운 사실을 알려줄 수 있는지 알아보러 가야한다. 죽은 관문지기의 뼈로 만든 화살을 가지러 제이레드를 찾아가 볼 수도 있다.,record,False,False,False,False,,
Oblivion.esm,QUST,00011F9D,SE02,CNAM,21,30,0,"I should find Relmyna at midnight, and spy on her visit with the Gatekeeper.",자정에 렐미나를 찾아 문지기를 만나러 가는 모습을 엿봐야 한다.,record,False,False,False,False,,
Oblivion.esm,QUST,00011F9D,SE02,CNAM,22,30,1,"I should find Relmyna at midnight, and spy on her visit with the Gatekeeper. I can also talk to Jayred about killing the Gatekeeper.",한밤중에 관문지기를 만나는 렐미나를 염탐해야한다.,record,False,False,False,False,,
Oblivion.esm,QUST,00011F9D,SE02,CNAM,23,30,2,"I should find Relmyna at midnight, and spy on her visit with the Gatekeeper. I can also tell Jayred I'm ready to go to the Gardens of Flesh and Bone.",한밤중에 관문지기를 만나는 렐미나를 염탐해야한다. 또한 제이레드와 관문지기를 죽일 방법을 상의해 볼 수도 있다.,record,False,False,False,False,,
Oblivion.esm,QUST,00011F9D,SE02,CNAM,24,30,3,"I should find Relmyna at midnight, and spy on her visit with the Gatekeeper. I can also follow Jayred to the Gardens of Flesh and Bone.",한밤중에 관문지기를 만나는 렐미나를 염탐해야한다. 제이레드에게 살점과 뼈의 정원으로 갈 준비가 되었다고 말해주어야 겠다.,record,False,False,False,False,,
Oblivion.esm,QUST,00011F9D,SE02,CNAM,25,30,4,"I should find Relmyna at midnight, and spy on her visit with the Gatekeeper. I can also find Jayred to get the arrows made from dead Gatekeeper bones, once he is done making them.",한밤중에 관문지기를 만나는 렐미나를 염탐해야한다. 제이레드와 함께 살점과 뼈의 정원으로 찾아갈 준비도 됐다.,record,False,False,False,False,,
Oblivion.esm,QUST,00011F9D,SE02,CNAM,26,30,5,"I should find Relmyna at midnight, and spy on her visit with the Gatekeeper. Jayred is willing to come fight the Gatekeeper with me.",한밤중에 관문지기를 만나는 렐미나를 염탐해야한다. 죽은 관문지기의 뼈로 만든 화살을 가지러 제이레드를 찾아가 볼 수도 있다.,record,False,False,False,False,,
Oblivion.esm,QUST,00011F9D,SE02,CNAM,27,50,0,Jayred thinks he can make arrows that will harm the Gatekeeper from bones found in the Gardens of Flesh and Bone courtyard. I should speak with Jayred when I'm ready to go.,제이레드는 살과 뼈의 정원 안뜰에서 찾은 뼈로 문지기에게 상처를 입힐 화살을 만들 수 있다고 생각한다. 갈 준비가 되면 제이레드와 이야기해야 한다.,record,False,False,False,False,,
Oblivion.esm,QUST,00011F9D,SE02,CNAM,28,50,1,Jayred thinks he can make arrows that will harm the Gatekeeper from bones found in the Gardens of Flesh and Bone courtyard. I should speak with Jayred when I'm ready to go. I can also talk to Relmyna to learn more about the Gatekeeper.,제이레드는 살점과 뼈의 정원에서 찾은 뼈로 관문지기를 해칠수 있는 화살을 만들 수 있다고 믿고 있었다. 갈 준비가 되었다고 제이레드에게 말해주어야 한다.,record,False,False,False,False,,
Oblivion.esm,QUST,00011F9D,SE02,CNAM,29,50,2,Jayred thinks he can make arrows that will harm the Gatekeeper from bones found in the Gardens of Flesh and Bone courtyard. I should speak with Jayred when I'm ready to go. I can also see if Nanette has anything interesting to say about the Gatekeeper.,제이레드는 살점과 뼈의 정원에서 찾은 뼈로 관문지기를 해칠수 있는 화살을 만들 수 있다고 믿고 있었다. 갈 준비가 되었다고 제이레드에게 말해주어야 한다. 관문지기에 대해 더 알아보기 위해 렐미나와 대화를 해 볼 수도 있다.,record,False,False,False,False,,
Oblivion.esm,QUST,00011F9D,SE02,CNAM,30,50,3,"Jayred thinks he can make arrows that will harm the Gatekeeper from bones found in the Gardens of Flesh and Bone courtyard. I should speak with Jayred when I'm ready to go. I can also find Relmyna at midnight, and spy on her visit with the Gatekeeper.",제이레드는 살점과 뼈의 정원에서 찾은 뼈로 관문지기를 해칠수 있는 화살을 만들 수 있다고 믿고 있었다. 갈 준비가 되었다고 제이레드에게 말해주어야 한다. 나네트가 관문지기에 대해 흥미있는 이야기를 해줄지 알아보러 갈 수도 있다.,record,False,False,False,False,,
Oblivion.esm,QUST,00011F9D,SE02,CNAM,31,50,4,Jayred thinks he can make arrows that will harm the Gatekeeper from bones found in the Gardens of Flesh and Bone courtyard. I should speak with Jayred when I'm ready to go. I can also get that handkerchief with Relmyna's tears.,제이레드는 살점과 뼈의 정원에서 찾은 뼈로 관문지기를 해칠수 있는 화살을 만들 수 있다고 믿고 있었다. 갈 준비가 되었다고 제이레드에게 말해주어야 한다. 한밤중에 관문지기를 만나는 렐미나를 염탐하러 갈 수도 있다.,record,False,False,False,False,,
Oblivion.esm,QUST,00011F9D,SE02,CNAM,32,50,5,Jayred thinks he can make arrows that will harm the Gatekeeper from bones found in the Gardens of Flesh and Bone courtyard. I should speak with Jayred when I'm ready to go. I can also use Relmyna's Tears to harm the Gatekeeper.,제이레드는 살점과 뼈의 정원에서 찾은 뼈로 관문지기를 해칠수 있는 화살을 만들 수 있다고 믿고 있었다. 갈 준비가 되었다고 제이레드에게 말해주어야 한다. 또한 렐미나의 눈물에 젖은 손수건도 얻으러 갈 수도 있다.,record,False,False,False,False,,
Oblivion.esm,QUST,00011F9D,SE02,CNAM,33,60,0,"I should follow Jayred to the ""Gardens of Flesh and Bone.""","제이레드를 따라 ""살과 뼈의 정원""으로 가야 한다.",record,False,False,False,False,,
Oblivion.esm,QUST,00011F9D,SE02,CNAM,34,60,1,"I should follow Jayred to the ""Gardens of Flesh and Bone."" I can also talk to Relmyna to learn more about the Gatekeeper.","제이레드를 따라 ""살점과 뼈의 정원""으로 가야한다.",record,False,False,False,False,,
Oblivion.esm,QUST,00011F9D,SE02,CNAM,35,60,2,"I should follow Jayred to the ""Gardens of Flesh and Bone."" I can also see if Nanette has anything interesting to say about the Gatekeeper.","제이레드를 따라 ""살점과 뼈의 정원""으로 가야한다. 관문지기에 대해 더 알아보기 위해 렐미나와 대화를 해 볼 수도 있다.",record,False,False,False,False,,
Oblivion.esm,QUST,00011F9D,SE02,CNAM,36,60,3,"I should follow Jayred to the ""Gardens of Flesh and Bone."" I can also find Relmyna at midnight, and spy on her visit with the Gatekeeper.","제이레드를 따라 ""살점과 뼈의 정원""으로 가야한다. 나네트가 관문지기에 대해 흥미있는 이야기를 해줄지 알아보러 갈 수도 있다..",record,False,False,False,False,,
Oblivion.esm,QUST,00011F9D,SE02,CNAM,37,60,4,"I should follow Jayred to the ""Gardens of Flesh and Bone."" I can also get that handkerchief with Relmyna's tears.","제이레드를 따라 ""살점과 뼈의 정원""으로 가야한다. 한밤중에 관문지기를 만나는 렐미나를 염탐하러 갈 수도 있다.",record,False,False,False,False,,
Oblivion.esm,QUST,00011F9D,SE02,CNAM,38,60,5,"I should follow Jayred to the ""Gardens of Flesh and Bone."" I can also use Relmyna's Tears to harm the Gatekeeper.","제이레드를 따라 ""살점과 뼈의 정원""으로 가야한다. 또한 렐미나의 눈물에 젖은 손수건도 얻으러 갈 수도 있다.",record,False,False,False,False,,
Oblivion.esm,QUST,00011F9D,SE02,CNAM,39,80,0,Jayred has collected bone fragments from a skeleton of what appears to be another Gatekeeper. I should see Jayred in a few hours retrieve the arrows made from these fragments.,제이레드가 또 다른 문지기로 보이는 해골에서 뼛조각을 모았다. 몇 시간 뒤 제이레드를 찾아 이 조각으로 만든 화살을 받아야 한다.,record,False,False,False,False,,
Oblivion.esm,QUST,00011F9D,SE02,CNAM,40,80,1,Jayred has collected bone fragments from a skeleton of what appears to be another Gatekeeper. I should see Jayred in a few hours retrieve the arrows made from these fragments. I can also talk to Relmyna to learn more about the Gatekeeper.,제이레드는 또 다른 관문지기로 보이는 시체에서 뼈조각을 모았다. 몇시간 후에 제이레드를 만나 이 뼈조각으로 만든 화살을 얻어야 한다.,record,False,False,False,False,,
Oblivion.esm,QUST,00011F9D,SE02,CNAM,41,80,2,Jayred has collected bone fragments from a skeleton of what appears to be another Gatekeeper. I should see Jayred in a few hours retrieve the arrows made from these fragments. I can also see if Nanette has anything interesting to say about the Gatekeeper.,제이레드는 또 다른 관문지기로 보이는 시체에서 뼈조각을 모았다. 몇시간 후에 제이레드를 만나 이 뼈조각으로 만든 화살을 얻어야 한다. 관문지기에 대해 더 알아보기 위해 렐미나와 대화를 해 볼 수도 있다.,record,False,False,False,False,,
Oblivion.esm,QUST,00011F9D,SE02,CNAM,42,80,3,"Jayred has collected bone fragments from a skeleton of what appears to be another Gatekeeper. I should see Jayred in a few hours retrieve the arrows made from these fragments. I can also find Relmyna at midnight, and spy on her visit with the Gatekeeper.",제이레드는 또 다른 관문지기로 보이는 시체에서 뼈조각을 모았다. 몇시간 후에 제이레드를 만나 이 뼈조각으로 만든 화살을 얻어야 한다. 나네트가 관문지기에 대해 흥미있는 이야기를 해줄지 알아보러 갈 수도 있다.,record,False,False,False,False,,
Oblivion.esm,QUST,00011F9D,SE02,CNAM,43,80,4,Jayred has collected bone fragments from a skeleton of what appears to be another Gatekeeper. I should see Jayred in a few hours retrieve the arrows made from these fragments. I can also get that handkerchief with Relmyna's tears.,제이레드는 또 다른 관문지기로 보이는 시체에서 뼈조각을 모았다. 몇시간 후에 제이레드를 만나 이 뼈조각으로 만든 화살을 얻어야 한다. 한밤중에 관문지기를 만나는 렐미나를 염탐하러 갈 수도 있다.,record,False,False,False,False,,
Oblivion.esm,QUST,00011F9D,SE02,CNAM,44,80,5,Jayred has collected bone fragments from a skeleton of what appears to be another Gatekeeper. I should see Jayred in a few hours retrieve the arrows made from these fragments. I can also use Relmyna's Tears to harm the Gatekeeper.,제이레드는 또 다른 관문지기로 보이는 시체에서 뼈조각을 모았다. 몇시간 후에 제이레드를 만나 이 뼈조각으로 만든 화살을 얻어야 한다. 또한 렐미나의 눈물에 젖은 손수건도 얻으러 갈 수도 있다.,record,False,False,False,False,,
Oblivion.esm,QUST,00011F9D,SE02,CNAM,45,90,0,Jayred has finished the arrows and is willing to come fight the Gatekeeper with me.,제이레드가 화살을 완성했고 나와 함께 문지기와 싸우러 갈 생각이다.,record,False,False,False,False,,
Oblivion.esm,QUST,00011F9D,SE02,CNAM,46,90,1,Jayred has finished the arrows and is willing to come fight the Gatekeeper with me. I can also talk to Relmyna to learn more about the Gatekeeper.,제이레드는 화살을 다 만들었고 나와 함께 관문지기와 싸울 작정이다.,record,False,False,False,False,,
Oblivion.esm,QUST,00011F9D,SE02,CNAM,47,90,2,Jayred has finished the arrows and is willing to come fight the Gatekeeper with me. I can also see if Nanette has anything interesting to say about the Gatekeeper.,제이레드는 화살을 다 만들었고 나와 함께 관문지기와 싸울 작정이다. 관문지기에 대해 더 알아보기 위해 렐미나와 대화를 해 볼 수도 있다.,record,False,False,False,False,,
Oblivion.esm,QUST,00011F9D,SE02,CNAM,48,90,3,"Jayred has finished the arrows and is willing to come fight the Gatekeeper with me. I can also find Relmyna at midnight, and spy on her visit with the Gatekeeper.",제이레드는 화살을 다 만들었고 나와 함께 관문지기와 싸울 작정이다. 나네트가 관문지기에 대해 흥미있는 이야기를 해줄지 알아보러 갈 수도 있다.,record,False,False,False,False,,
Oblivion.esm,QUST,00011F9D,SE02,CNAM,49,90,4,Jayred has finished the arrows and is willing to come fight the Gatekeeper with me. I can also get that handkerchief with Relmyna's tears.,제이레드는 화살을 다 만들었고 나와 함께 관문지기와 싸울 작정이다. 한밤중에 관문지기를 만나는 렐미나를 염탐하러 갈 수도 있다.,record,False,False,False,False,,
Oblivion.esm,QUST,00011F9D,SE02,CNAM,50,90,5,Jayred has finished the arrows and is willing to come fight the Gatekeeper with me. I can also use Relmyna's Tears to harm the Gatekeeper.,제이레드는 화살을 다 만들었고 나와 함께 관문지기와 싸울 작정이다. 또한 렐미나의 눈물에 젖은 손수건도 얻으러 갈 수도 있다.,record,False,False,False,False,,
Oblivion.esm,QUST,00011F9D,SE02,CNAM,51,130,0,"The sorceress has dropped a handkerchief full of her tears, which apparently can hurt the Gatekeeper. I should get that handkerchief.",마법사가 눈물에 흠뻑 젖은 손수건을 떨어뜨렸다. 그 눈물은 문지기에게 상처를 입힐 수 있는 모양이다. 손수건을 가져와야 한다.,record,False,False,False,False,,
Oblivion.esm,QUST,00011F9D,SE02,CNAM,52,130,1,"The sorceress has dropped a handkerchief full of her tears, which apparently can hurt the Gatekeeper. I should get that handkerchief. I can also talk to Jayred about killing the Gatekeeper.",소서리스는 눈물을 훔친 손수건을 떨어뜨렸다. 눈물에는 관문지기를 죽일 힘이 있다! 저 손수건을 손에 넣어야한다.,record,False,False,False,False,,
Oblivion.esm,QUST,00011F9D,SE02,CNAM,53,130,2,"The sorceress has dropped a handkerchief full of her tears, which apparently can hurt the Gatekeeper. I should get that handkerchief. I can also tell Jayred I'm ready to go to the Gardens of Flesh and Bone.",소서리스는 눈물을 훔친 손수건을 떨어뜨렸다. 눈물에는 관문지기를 죽일 힘이 있다! 저 손수건을 손에 넣어야한다. 또한 제이레드와 관문지기를 죽일 방법을 상의해 볼 수도 있다.,record,False,False,False,False,,
Oblivion.esm,QUST,00011F9D,SE02,CNAM,54,130,3,"The sorceress has dropped a handkerchief full of her tears, which apparently can hurt the Gatekeeper. I should get that handkerchief. I can also follow Jayred to the Gardens of Flesh and Bone.",소서리스는 눈물을 훔친 손수건을 떨어뜨렸다. 눈물에는 관문지기를 죽일 힘이 있다! 저 손수건을 손에 넣어야한다. 제이레드에게 살점과 뼈의 정원으로 갈 준비가 되었다고 말해주어야 겠다.,record,False,False,False,False,,
Oblivion.esm,QUST,00011F9D,SE02,CNAM,55,130,4,"The sorceress has dropped a handkerchief full of her tears, which apparently can hurt the Gatekeeper. I should get  that handkerchief. I can also find Jayred to get the arrows made from dead Gatekeeper bones, once he is done making them.",소서리스는 눈물을 훔친 손수건을 떨어뜨렸다. 눈물에는 관문지기를 죽일 힘이 있다! 저 손수건을 손에 넣어야한다. 제이레드를 따라 살점과 뼈의 정원으로 갈 수도 있다.,record,False,False,False,False,,
Oblivion.esm,QUST,00011F9D,SE02,CNAM,56,130,5,"The sorceress has dropped a handkerchief full of her tears, which apparently can hurt the Gatekeeper. I should get that handkerchief. Jayred is still willing to come fight the Gatekeeper with me.",소서리스는 눈물을 훔친 손수건을 떨어뜨렸다. 눈물에는 관문지기를 죽일 힘이 있다! 저 손수건을 손에 넣어야한다. 죽은 관문지기의 뼈로 만든 화살을 가지러 제이레드를 찾아가 볼 수도 있다.,record,False,False,False,False,,
Oblivion.esm,QUST,00011F9D,SE02,CNAM,57,140,0,"I've squeezed the handkerchief full of the Sorceress' tears into a bottle. This may act as a poison to the Gatekeeper. I have a limited number of doses, so I will need to be careful using them.",마법사의 눈물이 밴 손수건을 짜서 병에 담았다. 문지기에게 독처럼 작용할지도 모른다. 사용할 수 있는 횟수가 제한되어 있으니 신중히 써야 한다.,record,False,False,False,False,,
Oblivion.esm,QUST,00011F9D,SE02,CNAM,58,140,1,"I've squeezed the handkerchief full of the Sorceress' tears into a bottle. This may act as a poison to the Gatekeeper. I have a limited number of doses, so I will need to be careful using them. I can also talk to Jayred about killing the Gatekeeper.",소서리스의 눈물이 듬뿍 담긴 손수건을 짜내어 병에 담았다. 관문지기에게 이 눈물은 독과 같이 작용할 것이다. 양이 얼마되지 않으니 무척 주의해서 써야겠다.,record,False,False,False,False,,
Oblivion.esm,QUST,00011F9D,SE02,CNAM,59,140,2,"I've squeezed the handkerchief full of the Sorceress' tears into a bottle. This may act as a poison to the Gatekeeper. I have a limited number of doses, so I will need to be careful using them.. I can also tell Jayred I'm ready to go to the Gardens of Flesh and Bone.",소서리스의 눈물이 듬뿍 담긴 손수건을 짜내어 병에 담았다. 관문지기에게 이 눈물은 독과 같이 작용할 것이다. 양이 얼마되지 않으니 무척 주의해서 써야겠다. 또한 제이레드와 관문지기를 죽일 방법을 상의해 볼 수도 있다.,record,False,False,False,False,,
Oblivion.esm,QUST,00011F9D,SE02,CNAM,60,140,3,"I've squeezed the handkerchief full of the Sorceress' tears into a bottle. This may act as a poison to the Gatekeeper. I have a limited number of doses, so I will need to be careful using them. I can also follow Jayred to the Gardens of Flesh and Bone.",소서리스의 눈물이 듬뿍 담긴 손수건을 짜내어 병에 담았다. 관문지기에게 이 눈물은 독과 같이 작용할 것이다. 양이 얼마되지 않으니 무척 주의해서 써야겠다. 제이레드에게 살점과 뼈의 정원으로 갈 준비가 되었다고 말해주어야 겠다.,record,False,False,False,False,,
Oblivion.esm,QUST,00011F9D,SE02,CNAM,61,140,4,"I've squeezed the handkerchief full of the Sorceress' tears into a bottle. This may act as a poison to the Gatekeeper. I have a limited number of doses, so I will need to be careful using them. I can also find Jayred to get the arrows made from dead Gatekeeper bones, once he is done making them.",소서리스의 눈물이 듬뿍 담긴 손수건을 짜내어 병에 담았다. 관문지기에게 이 눈물은 독과 같이 작용할 것이다. 양이 얼마되지 않으니 무척 주의해서 써야겠다. 제이레드를 따라 살점과 뼈의 정원으로 갈 수도 있다.,record,False,False,False,False,,
Oblivion.esm,QUST,00011F9D,SE02,CNAM,62,140,5,"I've squeezed the handkerchief full of the Sorceress' tears into a bottle. This may act as a poison to the Gatekeeper. I have a limited number of doses, so I will need to be careful using them. Jayred is still willing to come fight the Gatekeeper with me.",소서리스의 눈물이 듬뿍 담긴 손수건을 짜내어 병에 담았다. 관문지기에게 이 눈물은 독과 같이 작용할 것이다. 양이 얼마되지 않으니 무척 주의해서 써야겠다. 죽은 관문지기의 뼈로 만든 화살을 가지러 제이레드를 찾아가 볼 수도 있다.,record,False,False,False,False,,
Oblivion.esm,QUST,00011F9D,SE02,CNAM,63,150,0,The Gatekeeper is dead. I should retrieve the keys to the Gates of Madness from the Gatekeeper's corpse.,문지기가 죽었다. 관문지기의 시체에서 광기의 관문에 맞는 열쇠를 찾아봐야 겠다.,record,False,False,False,False,,
Oblivion.esm,QUST,00011F9D,SE02,CNAM,64,160,0,I have the Key to Mania and can enter through the Gates of Madness.,매니아로 가는 열쇠를 얻었다. 이제 광기의 관문으로 들어갈 수 있게 되었다.,record,False,False,False,False,,
Oblivion.esm,QUST,00011F9D,SE02,CNAM,65,161,0,I have the Key to Dementia and can enter through the Gates of Madness.,디멘시아로 가는 열쇠를 얻었다. 이제 광기의 관문으로 들어갈 수 있게 되었다.,record,False,False,False,False,,
Oblivion.esm,QUST,00011F9D,SE02,CNAM,66,162,0,I have both the Key to Mania and the Key to Dementia. I can go through either door of the Gates of Madness.,매니아와 디멘시아로 가는 문의 열쇠 둘 다 얻었다. 광기의 관문을 통해 어디로든 갈 수 있다.,record,False,False,False,False,,
Oblivion.esm,QUST,00011F9D,SE02,CNAM,67,190,0,I've entered the Shivering Isles. I should seek out Sheogorath.,쉬버링 아일즈에 들어섰다. 셰오고라스를 찾아봐야 한다.,record,False,False,False,False,,
Oblivion.esm,QUST,000CD300,lyndacarter,FULL,0,,,for mtv promo,mtv 프로모션용,record,False,True,False,False,MEDIUM,mtv
Oblivion.esm,QUST,000CBD06,TGGrayCowlBlocker,FULL,0,,,Gray Cowl Dialogue,회색 두건 대화,record,False,False,False,False,,
Oblivion.esm,QUST,000BF025,TG10BloodPrice,FULL,0,,,Blood Price,피의 대가,record,False,False,False,False,,
Oblivion.esm,QUST,000BF025,TG10BloodPrice,CNAM,0,100,0,I just killed someone while trying to get the Boots of Springheel Jak. That will cost me my Thieves Guild membership unless I can pay the blood price of 1000 gold for each murder. I can pay Armand.,피의 대가,record,False,False,False,False,,
Oblivion.esm,QUST,000BF025,TG10BloodPrice,CNAM,1,101,0,"The Gray Fox has revoked my Thieves Guild membership. If I want back in, I'll have to pay 1000 gold for each murder to satisfy the blood price. I can pay Armand.","그레이 폭스는 나의 도둑 길드원으로서의 자격을 박탈했다. 다시 돌아가기 위해서는, 내가 죽인 사람 당 1000골드의 피의 대가를 내야만 한다. 아르망에게 이를 내면 될 것이다.",record,False,False,False,False,,
Oblivion.esm,QUST,000BF025,TG10BloodPrice,CNAM,2,105,0,"I have been reinstated into the Thieves Guild. The blood price was steep, but worth it.",나는 다시 도둑 길드의 일원으로 인정받게 되었다. 피의 대가란 정말이지 엄청난 액수다. 하지만 그럴 만도 하다.,record,False,False,False,False,,
Oblivion.esm,QUST,000BF024,TG03BloodPrice,FULL,0,,,Blood Price,피의 대가(Blood Price),record,True,True,False,False,HIGH,"Blood, Price"
Oblivion.esm,QUST,000BF024,TG03BloodPrice,CNAM,0,30,0,"I have slain one of the residents of the Chapel of Arkay in Cheydinhal. I'll have to pay the blood price for it. Armand told me it is 1000 gold per person slain. Unfortunately, he will only talk to me after midnight in the Garden of Dareloth.","쉐이딘홀의 알케이(Arkay) 성당에 있는 사람들 중 하나를 살해했다. 나는 이에 해당하는 피 값을 내야만 한다. 아만드는 내가 죽인 사람 당 1000골드를 내야 한다고 말했다. 공교롭게도, 자정 이후에 다렐로쓰(Dareloth)의 정원에서만 그와 이야기 할 수 있을 것이다.",record,True,True,False,False,HIGH,"Arkay, Dareloth"
Oblivion.esm,QUST,000BF024,TG03BloodPrice,CNAM,1,31,0,"Armand is extremely unhappy. I have to pay a blood price of 1000 gold coins for each resident of Cheydinhal's Chapel that I killed. Until I do, I am out of the Thieves Guild. Unfortunately, he will only talk to me after midnight in the Garden of Dareloth.","아만드(Armand)의 심기가 극히 불편해 보인다. 쉐이딘홀의 알케이(Arkay) 성당에서 내가 죽인 사람 당 1000골드를 내야만 한다. 벌금을 낼 때까지 나는 도둑 길드(Thieves Guild)의 일원일 수 없다. 공교롭게도, 자정 이후에 다렐로쓰(Dareloth)의 정원에서만 그와 이야기 할 수 있을 것이다.",record,True,True,False,False,HIGH,"Armand, Arkay, Thieves, Guild, Dareloth"
Oblivion.esm,QUST,000BF024,TG03BloodPrice,CNAM,2,35,0,I paid my blood price. Armand has readmitted me into the Thieves Guild.,내가 죽인 자들의 피 값으로 벌금을 냈다. 아만드(Armand)는 다시 나를 도둑 길드(Thieves Guild)의 일원으로 받아주었다.,record,True,True,False,False,HIGH,"Armand, Thieves, Guild"
Oblivion.esm,QUST,000BF023,TG09BloodPrice,FULL,0,,,Blood Price,피의 대가,record,False,False,False,False,,
