file,record_type,formid,editor_id,field,occurrence,quest_stage,quest_stage_occurrence,source_english,translation_korean,origin,flag_korean_english_parentheses,flag_english_remnant,flag_topic_system_candidate,flag_decode_unknown,review_priority,english_tokens
Oblivion.esm,INFO,00036649,,NAM1,1,,,No ... that was the dream. I am awake now. I must fulfill my oath to the Emperor before I can finally rest.,아니야... 꿈이었어. 난 이제 깨어난 거야. 난 최후의 휴식 이전에 황제에게 한 마지막 맹세를 이행해야만 한다.,record,False,False,False,False,,
Oblivion.esm,INFO,0003664A,,NAM1,0,,,"I know you. You freed me. Free my brothers, if they are still enslaved. Together we will cleanse the Shrine of the Underking's foul magic.",알아보겠군. 나에게 자유를 주었지. 아직 사로잡혀 있는 형제들이 있다면 그들도 자유롭게 해다오. 함께 언더킹의 마법에 얼룩진 성지를 깨끗이 씻어낼 것이야.,record,False,False,False,False,,
Oblivion.esm,INFO,0003664B,,NAM1,0,,,Stand aside in the name of Tiber Septim and the Blades! Hinder me at your peril!,타이버 셉팀과 블레이드의 이름으로! 나를 방해하는 건 위험한 짓이다!,record,False,False,False,False,,
Oblivion.esm,INFO,00036617,,NAM1,0,,,You told her? What have you done? I'll be ruined! Thanks a lot.,그녀에게 말했나요? 대체 무슨짓을 한거에요? 전 이제 망했어요! 정말 고맙기도 해라.,record,False,False,False,False,,
Oblivion.esm,INFO,00036618,,NAM1,0,,,"Please, don't tell her what I've done. I can make it worth your while....",제발 그녀에게 제가 한짓을 말하지 마세요. 크게 보상해 드릴꼐요.,record,False,False,False,False,,
Oblivion.esm,INFO,00036619,,NAM1,0,,,Yes? What can I do for you?,네? 무엇을 원하시나요?,record,False,False,False,False,,
Oblivion.esm,INFO,0003661A,,NAM1,0,,,I think that'll be all of them. Can't imagine more in this area. You can go tell Arvena this is all taken care of. Good hunting.,이게 전부인것 같군요. 이 근처에 더 있을것 같지는 않아요. Arvena에게 가서 모두 처리했다고 전하세요.,record,False,True,False,False,MEDIUM,Arvena
Oblivion.esm,INFO,0003661B,,NAM1,0,,,"If they're out here, they'll be in this area. I can't imagine there are more than four of them. Let's take care of this.","그들이 성밖에 있다면, 이 지역에 있을겁니다. 네마리이상 있지는 않을거에요. 어서 처리합시다.",record,False,False,False,False,,
Oblivion.esm,INFO,0003661C,,NAM1,0,,,Let's see if we can't find those mountain lions.,그 퓨마들을 어서 찾으면 좋겠군요.,record,False,False,False,False,,
Oblivion.esm,INFO,0006EDEC,,NAM1,0,,,My rats are all dead! It's too late to do any more. I won't be needing your services any longer.,내 쥐들이 모두 죽었어요! 무슨 일을 하던간에 너무 늦었어요. 더이상 당신의 도움은 필요없어요.,record,False,False,False,False,,
Oblivion.esm,INFO,0003661D,,NAM1,0,,,"So, did you follow her? She's behind it, isn't she? Tell me what you found out!","그녀를 잘 조사했나요? 그녀가 배후에 있었죠, 그렇지 않나요? 알아낸걸 전부 말해주세요!",record,False,False,False,False,,
Oblivion.esm,INFO,0003661E,,NAM1,0,,,"Thank the gods you killed that thing. This is ridiculous! Someone's out to get me, to get my poor babies! I'll bet it's that Quill-Weave next door.",당신이 그것들을 없앤것을 신에게 감사드립니다. 정말 어처구니 없군요! 내 불쌍한 아가들을 죽이려고한 사람이 있을거에요! 그자가 옆집의 Quill-Weave 라는것에 대해 내기해도 좋아요.,record,False,True,False,False,MEDIUM,Quill-Weave
Oblivion.esm,INFO,0003661F,,NAM1,0,,,Don't just stand there! Go get that mountain lion!,여기에 서있지만 말고 가서 그 퓨마들을 어떻게 해봐요!,record,False,False,False,False,,
Oblivion.esm,INFO,00036620,,NAM1,0,,,You've got to take care of those mountain lions!,퓨마들을 제거하셨군요!  ,record,False,False,False,False,,
Oblivion.esm,INFO,00036621,,NAM1,0,,,You should be looking for Pinarus! What are you doing here?,당신은 Pinarus를 찾아야 해요! 여기서 뭐하는 거예요?,record,False,True,False,False,MEDIUM,Pinarus
Oblivion.esm,INFO,00036622,,NAM1,0,,,"Well, what have you found? Did you take care of my babies? What was going on down there?",뭔가 알아낸게 있나요? 내 아기들을 잘 보살폈나요? 저 아래에서 무슨일이 벌어지고 있죠?,record,False,False,False,False,,
Oblivion.esm,INFO,00085D61,,NAM1,0,,,Aren't you going to take care of this? What am I paying you for?,어서가서 이 임무를 완수하세요. 돈이 아깝지 않나요?,record,False,False,False,False,,
Oblivion.esm,INFO,000356A8,,NAM1,0,,,Ah... you must be from the Fighters Guild. Good. I have a problem. It has to do with the rats in my basement.,아... 파이터 길드에서 오셨군요. 다행이네요. 저한테 일이 좀 생겼어요. 그건 바로 제 지하실에 있는 쥐들에 관한 문제에요.,record,False,False,False,False,,
Oblivion.esm,INFO,0008320D,,NAM1,0,,,You need to help Arvena Thelas with her rat problem. What's on your mind?,당신은 Arvena Thelas 의 쥐와 관련된 문제를 도와야 합니다.,record,False,True,False,False,MEDIUM,"Arvena, Thelas"
Oblivion.esm,INFO,00035D8D,,NAM1,0,,,I was once the man known as Grantham Blakeley. Look for me in the mouth of the panther. Please... release me.,"나는 한 때, 그랜탐 블래클리(Grandtham Blakeley)라고 불리운 사람이었소. 나를 mouth of panther에서 찾아 주시오, 부탁이오.",record,True,True,False,False,HIGH,"Grandtham, Blakeley, mouth, of, panther"
Oblivion.esm,INFO,00053FF1,,NAM1,0,,,"Luronk and I have both testified against the Watch Captain, Hayn. Thank you for helping us find the courage to stand up for ourselves.",Luronk와 함께 경비 대장의 부정을 증언하고 왔어요. 일어서는 용기를 가르쳐 준 것은 당신입니다. 감사합니다.,record,False,True,False,False,MEDIUM,Luronk
Oblivion.esm,INFO,00053FF1,,NAM1,1,,,I hear that Audens Avidius is going to jail. Let's hope its a long sentence.,Audens Avidius의 수감이 결정되었다는군요. 충분히 복역해줬으면 하네요.,record,False,True,False,False,MEDIUM,"Audens, Avidius"
Oblivion.esm,INFO,00073479,,NAM1,0,,,"I've just been arrested for corruption, so I'm not in the mood to talk.","난 막 부패 혐의로 여기 들어 왔으니, 말할 기분이 아니라는 건 알 텐데.",record,False,False,False,False,,
Oblivion.esm,INFO,0007347A,,NAM1,0,,,Someday I'll get out of here and take my revenge on everyone that put me in prison.,언젠가 여기서 나가 날 감옥에 처넣은 모든 놈들에게 복수할 것이야.,record,False,False,False,False,,
Oblivion.esm,INFO,00033564,,NAM1,0,,,Yes? We should keep moving.,네? 우린 계속 움직여야 해요.,record,False,False,False,False,,
Oblivion.esm,INFO,00003921,,NAM1,0,,,Excellent. A fine example of a Daedric shrine. Sorry for the trouble getting here. Let's keep moving.,훌륭해요. Daedric 사당(shrine)의 좋은 예로군요.이곳에서 문제를 일으키는것은 유감이지만. 이동을 계속하죠.,record,True,True,False,False,HIGH,"Daedric, shrine"
Oblivion.esm,INFO,00002E45,,NAM1,0,,,What can I do for you? We need to head to that shrine.,내가 뭘 해야 하죠? 우린 그 사당(shrine)을 향해야 해요.,record,True,True,False,False,HIGH,shrine
Oblivion.esm,INFO,00003925,,NAM1,0,,,"Ah, you must be from the Fighters Guild. Excellent! I'm looking forward to our investigation. Fascinating subject, these Daedra.","아, 당신 파이터 길드에서 오셨군요. 좋아요! 난 우리의 조사를 기대하고 있었어요. 매혹적인 주제거든요. 이 Daedra는 말이에요.",record,False,True,False,False,MEDIUM,Daedra
Oblivion.esm,INFO,00002E49,,NAM1,0,,,Yes? Do you have questions about your contract?,응? 자네의 청부에 대한 질문이 있소?,record,False,False,False,False,,
Oblivion.esm,INFO,0001E8B1,,NAM1,0,,,"You need to get out of here. There's no telling who will come first, the Blades or more assassins.",이제 그만 떠나. 블레이드들이 먼저 올지 암살자들이 먼저 올지 누가 알겠어.,record,False,False,False,False,,
Oblivion.esm,INFO,0002E71F,,NAM1,0,,,"Lead on... to victory for the Knights of the Thorn! Oh, and you too of course.","앞서게, 가시의 기사단(Knights of the Thorn)의 승리를 위하여! 아, 물론 자네도.",record,True,True,False,False,HIGH,"Knights, of, the, Thorn"
Oblivion.esm,INFO,0002E723,,NAM1,0,,,It's about time someone got here. What took you so long?,이제야 오는 건가. 왜 이렇게 늦었나?,record,False,False,False,False,,
Oblivion.esm,INFO,000A3840,,NAM1,0,,,It's about time someone got here. What took you so long?,이제야 오는 건가. 왜 이렇게 늦었나?,record,False,False,False,False,,
Oblivion.esm,INFO,0002E725,,NAM1,0,,,"I'm sorry, I have to patrol the area... but you should hurry to Castle Cheydinhal. The Count doesn't like to be kept waiting.","미안합니다만, 이곳을 계속 순찰해야 합니다... 그치만 어서 셰이딘홀 성으로 가 보십시오. 백작님을 기다리시게 하시지 마십시오.",record,False,False,False,False,,
Oblivion.esm,INFO,0002F4FB,,NAM1,0,,,You've done it! But what of Farwil?,해 냈군요! 그런데 파윌(Farwil)은 어딨소?,record,True,True,False,False,HIGH,Farwil
Oblivion.esm,INFO,0003358C,,NAM1,0,,,You've done it! I never thought it possible!,해내셨군요! 정말 가능할 줄은 몰랐습니다!,record,False,False,False,False,,
Oblivion.esm,INFO,0003358C,,NAM1,1,,, I suppose Farwil will wish to talk to you now. Musn't keep the Count's son waiting.,파윌(Farwil)이 할 말이 있는 것 같소. 백작의 아들을 기다리게 할 순 없지 않겠소.,record,True,True,False,False,HIGH,Farwil
Oblivion.esm,INFO,0002FC38,,NAM1,0,,,"You're a brave soul to attempt entry to Oblivion. Hopefully, your skill matches your fortitude.",오블리비언 게이트에 들어갈 생각을 하다니 용기가 가상하오. 부디 그 의지만큼 실력이 있기를 바라겠소.,record,False,False,False,False,,
Oblivion.esm,INFO,0002FC3A,,NAM1,0,,,"Be glad to answer any other questions. Just keep your voice down, who knows what could slip out of that gate at any moment.",뭐든 기꺼이 대답해 주겠소. 다만 목소리를 낮추시오. 저 게이트에서 언제 뭐가 뛰쳐나올지 모르오.,record,False,False,False,False,,
Oblivion.esm,INFO,00030574,,NAM1,0,,,I'd advise you to keep your distance from that accursed portal.,저 저주받은 포탈에 가까이 가지 마시오.,record,False,False,False,False,,
Oblivion.esm,INFO,00032DFB,,NAM1,0,,,"Good work closing the Oblivion Gate, you've made my job much easier and safer. Thanks!",게이트를 닫다니 훌륭합니다. 덕분에 임무가 훨씬 편하고 안전해 졌습니다. 감사합니다!,record,False,False,False,False,,
Oblivion.esm,INFO,0003359E,,NAM1,0,,,"Good work closing the Oblivion Gate, you've made my job much easier and safer. Thanks!",게이트를 닫다니 훌륭합니다. 덕분에 임무가 훨씬 편하고 안전해 졌습니다. 감사 드려요!,record,False,False,False,False,,
Oblivion.esm,INFO,0003359E,,NAM1,1,,,"If you're looking for Amminus, he's resting in the Knights Lodge over there.",아미너스(Amminus)는 저너머 기사단 막사에서 쉬고 있을 겁니다.,record,True,True,False,False,HIGH,Amminus
Oblivion.esm,INFO,00032E04,,NAM1,0,,,Please speak to Amminus. He can tell you what you need to know.,알고 싶은 게 있으면 아미너스(Amminus)와 얘기해 보세요.,record,True,True,False,False,HIGH,Amminus
Oblivion.esm,INFO,000335A3,,NAM1,0,,,Amminus can answer any questions you may have. He should be resting in the Knights of the Thorn Lodge over yonder.,아미너스(Amminus)라면 어떤 질문이라도 답해줄 겁니다. 저너머 가시의 기사단 막사에서 쉬고 있을테니 가 보세요.,record,True,True,False,False,HIGH,Amminus
Oblivion.esm,INFO,00031D07,,NAM1,0,,,Charge the courtyard! Leave none of them standing!,안으로 돌격! 모조리 때려 눕혀라!,record,False,False,False,False,,
Oblivion.esm,INFO,0002B0A2,,NAM1,0,,,Get moving! We can't do a thing until you get those gates opened!,어서 가시오! 성문을 열기 전엔 아무것도 할 수 없소!,record,False,False,False,False,,
Oblivion.esm,INFO,0002AD77,,NAM1,0,,,"Dammit, this is no good!","제길, 뭔가 잘못됐어!",record,False,False,False,False,,
Oblivion.esm,INFO,0002AD77,,NAM1,1,,,"The gates are locked, and the only way to open them is from within the gatehouse.",성문이 잠겼소. 저 성문은 성루에서만 열 수 있소.,record,False,False,False,False,,
Oblivion.esm,INFO,0001E8B2,,NAM1,0,,,I thought so. A few rats and goblins won't give you any trouble.,"그럴 줄 알았어. 쥐 몇 마리, 고블린 몇 놈 쯤은 걱정 없겠군.",record,False,False,False,False,,
Oblivion.esm,INFO,00006924,,NAM1,0,,,"I wasn't far off. In any case, rats and goblins won't give you any trouble.","짐작한 대로군. 역시, 쥐나 고블린 따위가 문제가 되진 않겠군.",record,False,False,False,False,,
Oblivion.esm,INFO,00006925,,NAM1,0,,,"Really? I would never have guessed. Still, I don't think you'll have any trouble with rats and goblins.","진짜야? 의왼데... 어쨌든, 쥐나 고블린 따위에게 시달리지는 않겠군.",record,False,False,False,False,,
Oblivion.esm,INFO,0001E8DD,,NAM1,0,,,"We've failed. I've failed ... The Blades are sworn to protect the Emperor, and now he and all his heirs are dead.",실패야. 완전한 실패야... 황제의 보호를 맹세했건만 황제와 후계자는 모두 죽고 말았어.,record,False,False,False,False,,
Oblivion.esm,INFO,0001E8DD,,NAM1,1,,,"The Amulet, where's the Amulet of Kings? It wasn't on the Emperor's body.","그렇지, 아뮬렛! 왕의 아뮬렛이 없어졌다.",record,False,False,False,False,,
Oblivion.esm,INFO,00015B94,,NAM1,0,,,The Emperor! I must get to the Emperor!,폐하! 황제 폐하를 지켜야 해!,record,False,False,False,False,,
Oblivion.esm,INFO,0002AD84,,NAM1,0,,,Let me see your face...,얼굴을 보세나... ,record,False,False,False,False,,
Oblivion.esm,INFO,0002AD84,,NAM1,1,,,You are the one from my dreams...,꿈에서 본 그로군... ,record,False,False,False,False,,
Oblivion.esm,INFO,0002AD84,,NAM1,2,,,"Then the stars were right, and this is the day.",별들이 옳았어... 오늘이 바로 그날이군... ,record,False,False,False,False,,
Oblivion.esm,INFO,0002AD84,,NAM1,3,,,Gods give me strength.,신께서 힘을 주시는군... ,record,False,False,False,False,,
Oblivion.esm,INFO,00032469,,NAM1,0,,,They cannot understand why I trust you. They've not seen what I've seen.,다른 이들은 짐이 널 신뢰하는 이유를 모르겠지... 그들은 보지 못했으니... ,record,False,False,False,False,,
Oblivion.esm,INFO,00032469,,NAM1,1,,,How can I explain?,어떻게 설명할 수 있으랴... ,record,False,False,False,False,,
Oblivion.esm,INFO,00032469,,NAM1,2,,,Listen. You know the Nine? How They guide our fates with an invisible hand?,듣거라. 나인 디바인(Nine)을 아느냐? 우리의 운명을 인도하는 신의 보이지 않는 손을... ,record,True,True,False,False,HIGH,Nine
Oblivion.esm,INFO,00054824,,NAM1,0,,,I can go no further. You alone must stand against the Prince of Destruction and his mortal servants. He must not have the Amulet of Kings!,"더 이상은 갈 수가 없구나. 자, 왕의 아뮬렛을 받아라. 이제 네 혼자 파괴의 왕자와 그의 무리에 맞서야 한다. 왕의 아뮬렛을 절대 빼앗겨선 안 된다!",record,False,False,False,False,,
Oblivion.esm,INFO,00054824,,NAM1,1,,,Take the Amulet. Give it to Jauffre. He alone knows where to find my last son.,아뮬렛을 죠프리(Jauffre)에게 전해다오. 그는 나의 마지막 아들을 아는 유일한 사람이다.,record,True,True,False,False,HIGH,Jauffre
Oblivion.esm,INFO,00054824,,NAM1,2,,,"Find him, and close shut the jaws of Oblivion.",그를 찾아서 오블리비언의 입구를 닫아다오.,record,False,False,False,False,,
Oblivion.esm,INFO,0001E6FD,,NAM1,0,,,"My guards are strong and true, but even the might of the Blades cannot stand against the Power that rises to destroy us.","비록 블레이드의 세력이 우리를 파괴하려는 무리들의 세력에는 미치지 못하지만, 내 호위병들은 강하고 또한, 진실하다네.",record,False,False,False,False,,
Oblivion.esm,INFO,0001E6FD,,NAM1,1,,,"The Prince of Destruction awakes, born anew in blood and fire. These cutthroats are but his mortal pawns.",파괴의 왕자가 깨어났어. 피와 불 속에서 다시 태어났어. 이 살인자들은 그의 인간 주구들일 뿐이야.,record,False,False,False,False,,
Oblivion.esm,INFO,0001E6FD,,NAM1,2,,,"Take my Amulet. Give it to Jauffre. I have a secret son, and Jauffre alone knows where to find him.",아뮬렛을 받아. 죠프리(Jauffre)에게 전해 주게. 내겐 아무도 모르는 아들이 하나 있네. 죠프리(Jauffre)만이 그가 어디있는지 찾을 수 있다네.,record,True,True,False,False,HIGH,"Jauffre, Jauffre"
Oblivion.esm,INFO,0001E6FD,,NAM1,3,,,"Find the last of my blood, and close shut the marble jaws of Oblivion.",마지막 내 핏줄을 찾아서 오블리비언의 냉혹한 입구를 닫아주게.,record,False,False,False,False,,
Oblivion.esm,INFO,0002AD11,,NAM1,0,,,"The signs I read show the end of my path. My death, a necessary end, will come when it will come.",난 별자리에서 나의 최후를 보았네. 죽음... 피할 수 없는 종말... 언젠가 올 것은 오는 법.,record,False,False,False,False,,
Oblivion.esm,INFO,00025DEC,,NAM1,0,,,"Come with us. Your destiny is bound up with mine, and with the fate of Tamriel itself.",같이 가세나. 자네의 운명은 나와 밀접한 관계가 있어. 그리고 그건 탐리엘(Tamriel)의 운명과도 관계가 있다네.,record,True,True,False,False,HIGH,Tamriel
Oblivion.esm,INFO,000521E1,,NAM1,0,,,Come with us...,같이 가세나... ,record,False,False,False,False,,
Oblivion.esm,INFO,00025DF0,,NAM1,0,,,Here you must find your own path.,여기서 자네의 길을 찾게 될 거야.,record,False,False,False,False,,
Oblivion.esm,INFO,00025DF0,,NAM1,1,,,"But we will cross paths again before the end, I am sure of it.","끝이 오기 전에 다시 마주칠게 될 거야, 틀림없이.",record,False,False,False,False,,
Oblivion.esm,INFO,000359C3,,NAM1,0,,,This is only the beginning. Worse is yet to come.,이제 시작이야. 상황은 이미 나빠져 버렸어.,record,False,False,False,False,,
Oblivion.esm,INFO,0003246B,,NAM1,0,,,There's trouble ahead.,고난이 따를 걸세.,record,False,False,False,False,,
Oblivion.esm,INFO,00025DEB,,NAM1,0,,,"They're only trying to do their duty. Come, let us play our parts...","그들은 자신들 임무만 수행할 뿐이야. 자, 우리 일이나 하자고... ",record,False,False,False,False,,
Oblivion.esm,INFO,000178C5,,NAM1,0,,,"You may as well make yourself useful. Here, carry this torch and stick close.","임무를 주겠다. 자, 이 횃불을 잘 들고 떨어지지 말고 잘 따라와.",record,False,False,False,False,,
Oblivion.esm,INFO,00053263,,NAM1,0,,,You may as well make yourself useful. Carry that torch and stick close.,"임무를 주겠다. 자, 이 횃불을 잘 들고 뒤 쳐지지 말고 잘 따라와.",record,False,False,False,False,,
Oblivion.esm,INFO,00025DF5,,NAM1,0,,,"Don't speak to me again, unless you've gotten twenty minotaur horns. Then, perhaps we'll have something to discuss.","내게 말걸지 마라. minotaur뿔 20개를 가져온다면, 해줄 말이 있을거다.",record,False,True,False,False,MEDIUM,minotaur
Oblivion.esm,INFO,00025DFA,,NAM1,0,,,"You've killed another of your brothers! During other times, I'd have you killed for this. One chance. Bring me twenty minotaur horns.","넌 네 형제를 죽였다! 다른때 같았으면 네놈 역시 죽여버렸겠지만, 한번 기회를 주지. 내게 minotaur 뿔 20개를 가져와라.",record,False,True,False,False,MEDIUM,minotaur
Oblivion.esm,INFO,00025DFA,,NAM1,1,,,"Perhaps this exercise will help you build character, or vent your murderous rage elsewhere. Or, you'll die, and you won't be our problem. Now, go.","어쩌면 이 임무가 네 성격을 형성하는데 도움을 주던지 아니면 네 살육에 대한 갈망을 다른곳으로 돌려주겠지. 그것도 아니라면, 네놈이 죽임을 당하거나. 그러면 너는 더이상 우리의 문제거리가 안되겠지. 이제, 꺼져라.",record,False,False,False,False,,
Oblivion.esm,INFO,00025E14,,NAM1,0,,,"First a theft, and now a murder. Your crimes are escalating. You have one final chance. Go out and collect the horns of twenty minotaurs.","도둑질로 시작해서, 이젠 살인이라. 네놈의 범죄행위는 갈수록 가관이구만. 네겐 이제 마지막 기회만이 남았다. 가서 minotaur뿔 20개를 모아와라.",record,False,True,False,False,MEDIUM,minotaur
Oblivion.esm,INFO,00025E14,,NAM1,1,,,"If you succeed, perhaps you'll have learned something in that time. If you fail, perhaps you'll be dead, and no longer our problem. Now, go.","만약 성공한다면, 뭔가를 배워올거고. 실패한다면. 넌 죽는거지. 그리고 더이상 우리 골치를 썩이지도 않고 말야. 이제, 꺼져라.",record,False,False,False,False,,
Oblivion.esm,INFO,00025E15,,NAM1,0,,,"Another theft! This is your final chance. Go back into the field, and return to me with the horns of twenty minotaurs.",또 도둑질이냐! 이번이 마지막 기회다. 나가서 minotaur뿔 20개를 모은다음 내게 돌아와라.,record,False,True,False,False,MEDIUM,minotaur
Oblivion.esm,INFO,00025E15,,NAM1,1,,,"If you return, perhaps you'll have gained some measure of character. Perhaps, though, you'll die. Then you're no longer the guild's problem.","만약 돌아온다면, 넌 네 성질 죽이는법을 배울거고, 그렇지 않다면, 죽는거지. 그러면 넌 더이상 길드의 골칫거리가 되지 않을거다.",record,False,False,False,False,,
Oblivion.esm,INFO,00025E18,,NAM1,0,,,"First you murder, now you steal? Have you gone mad? You're a disgrace. I will offer you one final chance.","살인으로 시작해서, 이젠 도둑질까지? 너 돌았냐? 넌 길드의 치욕이다. 마지막으로 만회할 기회를 주도록 하지.",record,False,False,False,False,,
Oblivion.esm,INFO,00025E18,,NAM1,1,,,Return with 20 minotaur horns if you wish to rejoin the Fighters Guild. Perhaps you'll find redemption; perhaps you'll die trying. Go now.,"네가 만약 파이터 길드에 재가입하길 원한다면 minotaur 뿔 20개를 가져와라. 그럼 넌 구제받을수 있을거고, 아니라면 뿔을 구하는 도중에 죽임을 당하겠지. 이제 꺼져라. ",record,False,True,False,False,MEDIUM,minotaur
Oblivion.esm,INFO,00025E1C,,NAM1,0,,,"So, you've collected the pelts. I trust you've learned a lesson. Your rank is restored, along with all rights and responsibilities.","가죽을 모아왔구만. 네가 교훈을 얻었으리라 믿는다. 네 계급과 의무, 권리는 회복되었다.",record,False,False,False,False,,
Oblivion.esm,INFO,00025E1D,,NAM1,0,,,"You've been told what you must do in order to regain your standing, and you've not yet done it. Don't return until you have twenty bear pelts.",네 지위를 다시 얻기 위해 수행해야할 임무에 대해 들었을텐데? 그리고 넌 아직 그것을 수행하지 않았다. 곰 가죽(bear pelts) 20장을 모으기 전까지는 절대 돌아오지 마라.,record,True,True,False,False,HIGH,"bear, pelts"
Oblivion.esm,INFO,00025E1F,,NAM1,0,,,"You've murdered one of your brothers. While we may die in battle, we do not expect to die at the hands of our friends.","넌 네 형제를 죽었다. 우린 차라리 전투에서 죽을지언정, 친구의 손에 죽는건 원하지 않는다.",record,False,False,False,False,,
Oblivion.esm,INFO,00025E1F,,NAM1,1,,,I offer you a chance for redemption. Do not return until you have 20 bear pelts. Take this time to come to terms with what you've done.,구제받을 기회를 주지. 곰 가죽(bear pelts)20장을 모아오기 전까지는 길드에 돌아오지 마. 네놈이 한 짓에 대한 그 속죄의 시간을 받아들여라.,record,True,True,False,False,HIGH,"bear, pelts"
Oblivion.esm,INFO,00025E20,,NAM1,0,,,"You would steal from your brothers? If you had a need for something, why would you not just ask? I will give you a chance, though.","네 형제의 물건을 훔쳤다고? 만약 네가 뭔가 필요한게 있었다면, 왜 부탁하지 않았나? 하지만, 이번이 처음이니 기회를 한번 주지.",record,False,False,False,False,,
Oblivion.esm,INFO,00025E20,,NAM1,1,,,"As it is only your first offense, do not return until you have collected 20 bear pelts. Use this time to reflect on your actions.",곰 가죽(bear pelts) 20장을 모아오기 전까진 길드로 돌아오지 마라. 네가 한 짓에 대해 반성하는 시간이 되길 바란다.,record,True,True,False,False,HIGH,"bear, pelts"
Oblivion.esm,INFO,00025E21,,NAM1,0,,,None in the Fighters Guild will speak with you again. We have no desire to consort with common criminals.,파이터 길드의 아무도 너랑 다신 대화하지 않을것이다. 우린 범죄자와는 어울리지 않는다. ,record,False,False,False,False,,
Oblivion.esm,INFO,00025E22,,NAM1,0,,,"You've committed yet another crime against your Fighters Guild brothers. Go speak with Donton. Until then, goodbye.",넌 길드의 형제들을 대상으로 또 다른 범죄를 저질렀다. 가서 Donton에게 이야기해라. 잘 가도록. ,record,False,True,False,False,MEDIUM,Donton
Oblivion.esm,INFO,00025E24,,NAM1,0,,,"You've killed one of your Fighters Guild brothers! I'll have no more to do with you. If you have any hope of redemption, speak with Vilena Donton.","넌 길드의 형제를 살해했다!! 난 이제 너와는 아무것도 하지 않을거야. 만약 구제받기를 원한다면, Vilena Donton과 대화해봐.",record,False,True,False,False,MEDIUM,"Vilena, Donton"
Oblivion.esm,INFO,00025E2A,,NAM1,0,,,You've stolen from the Fighters Guild! Go speak with Vilena Donton. None of your brothers will deal with you until you atone for your actions.,넌 파이터길드원의 물건을 훔쳤다! 가서 Vilena Donton과 대화해봐라. 만약 네가 한 행동에 대해 속죄하지 않는다면  형제들은 너와 어울리지 않을거다.,record,False,True,False,False,MEDIUM,"Vilena, Donton"
Oblivion.esm,INFO,000178C6,,NAM1,0,,,"There's no time to talk now, prisoner. We've got to keep moving.",지금 얘기할 시간이 아니야 죄수. 우린 계속 가야 해.,record,False,False,False,False,,
Oblivion.esm,INFO,00032D3F,,NAM1,0,,,Maybe the Emperor is right about you. The best way you can help is to let us do our jobs and don't get in our way.,황제께서는 넌 잘 봤군. 돕고 싶으면 우릴 내버려두고 방해나 하지 마.,record,False,False,False,False,,
Oblivion.esm,INFO,000178C7,,NAM1,0,,,"The Emperor may trust you, but I don't. Stay out of our way.","황제께서는 널 믿지만 난 아냐, 방해하지 마.",record,False,False,False,False,,
Oblivion.esm,INFO,000178C8,,NAM1,0,,,I told you to keep out of our way.,방해하지 말라고 했을 텐데.,record,False,False,False,False,,
Oblivion.esm,INFO,00029F84,,NAM1,0,,,This is official business. Do not interfere.,지금 임무수행 중이야. 방해하지 마.,record,False,False,False,False,,
Oblivion.esm,INFO,00029F85,,NAM1,0,,,This is official business. Do not interfere.,지금 임무수행 중이야. 방해하지 마.,record,False,False,False,False,,
Oblivion.esm,INFO,0001D039,,NAM1,0,,,Yeah?,뭐요?,record,False,False,False,False,,
Oblivion.esm,INFO,0001E7C0,,NAM1,0,,,It is good to see you again. ,당신을 다시 보게 돼서 기쁘군요. ,record,False,False,False,False,,
Oblivion.esm,INFO,0001E7C9,,NAM1,0,,,Were you able to stop Agarmir?,아가미르를 막을 수 있었나요?,record,False,False,False,False,,
Oblivion.esm,INFO,0001D03F,,NAM1,0,,,Welcome back.,어서 오세요.,record,False,False,False,False,,
Oblivion.esm,INFO,0001E7CE,,NAM1,0,,,Why are you following me? Please... go away. I'm quite busy.,왜 절 따라오는 거죠? 제발... 가 주세요. 전 매우 바쁘답니다.,record,False,False,False,False,,
Oblivion.esm,INFO,0000B2B9,,NAM1,0,,,What kind of deal can I make for you today?,오늘은 어떤 거래를 원하세요?,record,False,False,False,False,,
Oblivion.esm,INFO,0000B2DA,,NAM1,0,,,I have been anxiously awaiting your return.,당신이 돌아오길 매우 기다렸어요.,record,False,False,False,False,,
Oblivion.esm,INFO,0000B2DB,,NAM1,0,,,Any news about that certain task we discussed?,우리가 얘기했던 어떤 일에 대한 새로운 소식이라도 있나요?,record,False,False,False,False,,
Oblivion.esm,INFO,0001671C,,NAM1,0,,,"Feel free to browse, friend. It's nice to see a new shopper. I was afraid I lost any hope of new business ever since Thoronir opened up.",편하게 둘러 보세요. 처음 오셨죠? 반갑습니다. 쏘로니어(Thoronir)가 개업한 뒤로는 장사가 잘안되서 걱정입니다.,record,True,True,False,False,HIGH,Thoronir
Oblivion.esm,INFO,0001CE96,,NAM1,0,,,Why are you here? You are still too pleasing to speak with Namira. Begone.,넌 왜 여기 있어? Namira와 얘기하기에는 친밀도가 넘쳐 흐르잖아. 썩 꺼져.,record,False,True,False,False,MEDIUM,Namira
Oblivion.esm,INFO,0001CE97,,NAM1,0,,,Talk to Hjolfrodi. I can't help you.,흐졸프로디(Hjolfrodi)와 얘기해 보세요. 난 도와줄 수가 없군요.,record,True,True,False,False,HIGH,Hjolfrodi
Oblivion.esm,INFO,0012DD31,,NAM1,0,,,Don't talk to me. Talk to the one in the robes.,내게 말하지 말고 로브 입고있는 저 사람에게 말해 보세요.,record,False,False,False,False,,
Oblivion.esm,INFO,0012DD32,,NAM1,0,,,"Who are you? Why do you invade our place of worship? Surely, you don't think yourself worthy to visit Namira's shrine.","뉘시오? 왜 우리의 참배 장소를 침입하였소? 물론, 스스로 나미라(Namira) 성지를 찾을 자격이 있다고 생각하는 건 아니겠지.",record,True,True,False,False,HIGH,Namira
Oblivion.esm,INFO,00084AA3,,NAM1,0,,,"Leave us, creature of light.","우릴 내버려둬, 빛의 종자야.",record,False,False,False,False,,
Oblivion.esm,INFO,0000B5AB,,NAM1,0,,,"Feel free to browse, friend.",편하게 둘러 보세요.,record,False,False,False,False,,
Oblivion.esm,INFO,00095A88,,NAM1,0,,,Good day to you.,좋은 하루가 되길.,record,False,False,False,False,,
Oblivion.esm,INFO,0000B5BD,,NAM1,0,,,"Incredible, we've been trying to solve this for months. A job well done.","믿기 어렵지만, 우린 이 문제를 해결하기 위해 몇 달을 노력해 왔어요. 잘 된 일이죠.",record,False,False,False,False,,
Oblivion.esm,INFO,0001671F,,NAM1,0,,,"Say, you look like someone that could help us out. Having a bit of trouble with another merchant in town who goes by the name Thoronir.","이봐요, 당신은 우리를 도와 줄 수 있을 것 같은 사람처럼 보이는군요. 쏘로니어라고 하는 이 마을의 또 다른 상인과 관련된 문제입니다만.",record,False,False,False,False,,
Oblivion.esm,INFO,0000BC51,,NAM1,0,,,May I help you?,도와 드릴까요?,record,False,False,False,False,,
Oblivion.esm,INFO,00023DB9,,NAM1,0,,,Well met.,반갑군요.,record,False,False,False,False,,
Oblivion.esm,INFO,0000BC8E,,NAM1,0,,,"By the Divines, you've done it!","신이시여, 당신이 해냈군요!",record,False,False,False,False,,
Oblivion.esm,INFO,00016720,,NAM1,0,,,"Finally! A new customer! Please... look around. Just promise me you won't buy from that fetcher, Thoronir.",드디어! 새로운 손님이다! 어서... 둘러 보세요. 터무니 없이 판매하는 쏘로니어(Thoronir)에게서 사지 않기만을 바랄 뿐입니다.,record,True,True,False,False,HIGH,Thoronir
Oblivion.esm,INFO,0000BC8F,,NAM1,0,,,"If you have any questions about the merchandise, you've but to ask.",상품에 대한 질문이 있으시면 문의해주십시오.,record,False,False,False,False,,
Oblivion.esm,INFO,00023DE1,,NAM1,0,,,Hi.,안녕하세요?,record,False,False,False,False,,
Oblivion.esm,INFO,0000BC91,,NAM1,0,,,I've already heard the news! Well done!,난 이미 그 소식을 들었어요! 잘 했어요!,record,False,False,False,False,,
Oblivion.esm,INFO,0000BCA7,,NAM1,0,,,"I have everything for the budding alchemist under one roof. Far more than Thoronir would ever have, despite his horrid business ethics.",여기 신진 연금술사를 위한 모든것이 한곳에 준비되있습니다. 끔찍한 직업 윤리의식의 쏘로니어가 가진 것보다도 훨씬 더 많이 있지요.,record,False,False,False,False,,
Oblivion.esm,INFO,0000BC92,,NAM1,0,,,I have everything for the budding alchemist under one roof.,여기 신진 연금술사를 위한 모든것이 한곳에 준비되있습니다.,record,False,False,False,False,,
Oblivion.esm,INFO,00023DE9,,NAM1,0,,,Hello.,안녕하세요?,record,False,False,False,False,,
Oblivion.esm,INFO,00037828,,NAM1,0,,,We should go to the Imperial City at once. Lead on.,즉시 임페리얼 시티로 가야 하네. 앞장서게.,record,False,False,False,False,,
Oblivion.esm,INFO,00037829,,NAM1,0,,,What is it?,뭔가?,record,False,False,False,False,,
Oblivion.esm,INFO,0004D16C,,NAM1,0,,,"By ancient tradition, I may not present myself as a candidate for the throne. I need you to formally present my claim to Chancellor Ocato.","내려오는 관습에 따라, 내가 스스로 왕권을 주장할 수는 없네. 오카토(Ocato) 위원장에게 내 권리를 정식으로 제기하기 위해서는 자네가 필요해.",record,True,True,False,False,HIGH,Ocato
Oblivion.esm,INFO,0003782A,,NAM1,0,,,Let's continue on to the Elder Council Chambers. Delay is dangerous.,원로위원실로 어서 가세. 지체하면 위험해.,record,False,False,False,False,,
Oblivion.esm,INFO,0004D0A8,,NAM1,0,,,"Mehrunes Dagon knows that if I can reach the Temple of the One and light the Dragonfires, he has lost. Come on!","메르네스 데이건(Mehrunes Dagon)은, 내가 신의 사원으로 가서 드래곤파이어를 점화하면, 자신이 실패한다는 것을 알고 있어. 어서 가세!",record,True,True,False,False,HIGH,"Mehrunes, Dagon"
Oblivion.esm,INFO,0004D0A9,,NAM1,0,,,Come on! We have to protect Martin until he can light the Dragonfires in the Temple!,가자고! 마틴(Martin)께서 사원의 드래곤파이어를 점화할 때까지 그분을 보호해야 해!,record,True,True,False,False,HIGH,Martin
Oblivion.esm,INFO,0004D0AA,,NAM1,0,,,Good to see you again. I told Martin that Mankar Camoran was no match for you.,다시 보게 되어 반갑네. 마틴께 맨카 케모런 따위는 자네 상대가 되지 않을 거라고 말씀 드렸었지.,record,False,False,False,False,,
Oblivion.esm,INFO,0004D0AB,,NAM1,0,,,"Good to see you again, sir. Martin was worried, but I knew you would bring back the Amulet of Kings for him.","또 보는군. 마틴(Martin)께서는 걱정하셨지만, 난 왕의 아뮬렛을 가져올 줄 알고 있었어.",record,True,True,False,False,HIGH,Martin
Oblivion.esm,INFO,0004D0AC,,NAM1,0,,,"Good to see you again, ma'am. Martin was worried, but I knew you would bring back the Amulet of Kings for him.","또 보는군. 마틴(Martin)께서는 걱정하셨지만, 난 왕의 아뮬렛을 가져올 줄 알고 있었어.",record,True,True,False,False,HIGH,Martin
Oblivion.esm,INFO,0004BF9A,,NAM1,0,,,Time is pressing. Martin must relight the Dragonfires before the enemy can stop us.,한시가 급하네. 적들의 준동이 있기 전에 마틴께서 드래곤파이어를 재 점화해야만 해.,record,False,False,False,False,,
Oblivion.esm,INFO,0004BF9B,,NAM1,0,,,We have to get Martin to the Temple of the One or Mehrunes Dagon has won after all.,마틴을 유일의 신전으로 모셔야 하네. 아니면 메이룬스 데이건을 이길 수 없어.,record,False,False,False,False,,
Oblivion.esm,INFO,0004BF9C,,NAM1,0,,,"I hope Martin knows what to do now. I will die by his side, if this is the end.","마틴께 방법이 있었으면 좋겠네. 이게 마지막이라면, 난 그의 곁을 지키다 죽을 것이네.",record,False,False,False,False,,
Oblivion.esm,INFO,000146ED,,NAM1,0,,,I have been expecting you. The full Council has already considered the matter of Martin's claim to the Imperial Throne in detail.,기다리고 있었습니다. 원로위원 전체회의에서 이미 제국의 왕권에 대한 마틴의 권리를 상세히 검토했습니다.,record,False,False,False,False,,
Oblivion.esm,INFO,0004D0AD,,NAM1,0,,,Where is Martin? I was told that he had arrived in the capital.,마틴께선 어디 계신가? 중앙 회의실에서 만나기로 했네만.,record,False,False,False,False,,
Oblivion.esm,INFO,000272BA,,NAM1,0,,,I'm waiting to discuss our battle plans with the Countess. Have you told her to meet me here yet?,백작부인과 작전 계획에 대해 의논하려고 기다리는 중이네. 그녀에게 여기서 만나자고 전했는가?,record,False,False,False,False,,
Oblivion.esm,INFO,000272BB,,NAM1,0,,,Let the Countess know I'll be waiting for her in the Chapel of Talos. ,탈로스(Talos) 성당에서 기다린다고 백작부인께 전해주게. ,record,True,True,False,False,HIGH,Talos
Oblivion.esm,INFO,0003D7F2,,NAM1,0,,,"When you're ready for battle, the Countess will order her men to stop closing the Gates outside the city.","자네가 전투준비가 완료되면, 백작부인께서 병사들에게 도시 외곽의 게이트 닫는 것을 멈추라고 명령하실 걸세.",record,False,False,False,False,,
Oblivion.esm,INFO,0003D7F3,,NAM1,0,,,"My place is on the battlefield. The time for hiding in Cloud Ruler Temple is over. Come, let us go down to battle together.","내가 있을 곳은 전장이네. 클라우드 룰러 사원에 숨어 지내던 때는 지났어. 가세, 함께 싸워보세.",record,False,False,False,False,,
Oblivion.esm,INFO,0003D7F4,,NAM1,0,,,We must hold the line until the Great Gate opens!,그레이트 게이트가 열릴 때까지 물러서선 안돼!,record,False,False,False,False,,
Oblivion.esm,INFO,000272BC,,NAM1,0,,,Greetings. What news from Cloud Ruler Temple?,반갑군요. 클라우드 룰러 사원에서 무슨 일이죠?,record,False,False,False,False,,
Oblivion.esm,INFO,000272BD,,NAM1,0,,,"I will call out my militia if necessary, but must we truly stand alone? I don't think we can survive the daedric onslaught.",시민군 소집은 필연적이겠죠. 하지만 우리 힘만으로 될까요? 데이드릭의 맹공에 살아남을 사람이 하나도 없을 거에요.,record,False,False,False,False,,
Oblivion.esm,INFO,000276A3,,NAM1,0,,,"Some help is better than nothing, but my militia are farmers and shopkeepers, not soldiers. I would recommend delaying until more help can arrive.","작은 도움이라도 전혀 없는 것보단 낫겠죠. 하지만 우리 시민군은 군인이 아니라, 농부나 상인 같은 사람들이에요. 더 많은 지원군이 도착할 때까지 작전을 늦출 수 밖에 없어요.",record,False,False,False,False,,
Oblivion.esm,INFO,000276A4,,NAM1,0,,,I appreciate the help that you have brought to Bruma. I begin to think we have a chance.,브루마를 위해 지원군을 모집한 당신의 노력을 인정해요. 해낼 수 있겠다는 생각이 들기 시작했어요.,record,False,False,False,False,,
Oblivion.esm,INFO,000276A4,,NAM1,1,,,But my militia is no substitute for trained soldiers. Can we not wait for more help to arrive?,하지만 시민군으로 훈련된 병사를 대신할 순 없어요. 좀 더 많은 지원군을 모을 수 없을까요?,record,False,False,False,False,,
Oblivion.esm,INFO,000276A5,,NAM1,0,,,"You are a diplomat as well as a warrior, it seems! I would prefer more men, of course, but if we must offer battle now, so be it.","당신은 전사 보다는 외교관이 더 어울리는 군요! 물론, 누구보다 우선적으로 발탁하고 싶군요. 하지만 지금 우리에게 전투가 더 시급하다면, 그렇게 해야죠.",record,False,False,False,False,,
Oblivion.esm,INFO,000276A6,,NAM1,0,,,"I am ready for battle when you are, champion. What say you?","용사, 전투 준비가 다 됐어요. 당신은 어떠세요?",record,False,False,False,False,,
Oblivion.esm,INFO,000276A7,,NAM1,0,,,Come with me to the Chapel of Talos. I wish to speak with your lord.,함께 탈로스(Talos) 성당으로 가요. 당신의 주군과 얘기해보고 싶군요.,record,True,True,False,False,HIGH,Talos
Oblivion.esm,INFO,0003D7F5,,NAM1,0,,,Your place is on the battlefield. I have trusted you this far. Do not fail me.,당신이 있을 곳은 전장이에요. 당신을 믿어요. 실패하지 마세요.,record,False,False,False,False,,
Oblivion.esm,INFO,0003C145,,NAM1,0,,,"We won't let you down, sir. The daedra will be sorry they messed with Bruma.",실망시키지 않을 거요. 데이드라들에게 브루마를 어지럽힌 대가를 치르게 해 주겠소.,record,False,False,False,False,,
Oblivion.esm,INFO,0003C146,,NAM1,0,,,"We won't let you down, ma'am. The daedra will be sorry they messed with Bruma.",실망시키지 않을 거요. 데이드라들에게 브루마를 어지럽힌 대가를 치르게 해 주겠소.,record,False,False,False,False,,
Oblivion.esm,INFO,0003D8C1,,NAM1,0,,,Send them back to Oblivion! We'll hold the city in case any of them break through.,놈들을 오블리비언으로 돌려보내 버리시오! 시가지는 우리가 어떤 일이 있어도 지키겠소.,record,False,False,False,False,,
Oblivion.esm,INFO,0003D7F9,,NAM1,0,,,I wish we had more real soldiers.,좀더 많은 군인들이 있길 바랬소.,record,False,False,False,False,,
Oblivion.esm,INFO,0003D7FA,,NAM1,0,,,We'll stand our ground as long as we can.,"할 수 있는 한, 오래 버틸 것이오.",record,False,False,False,False,,
Oblivion.esm,INFO,000270E9,,NAM1,0,,,"The last item for the ritual still eludes me, I'm afraid. The Mysterium Xarxes gives up its secrets reluctantly.",의식을 위한 마지막 유물을 알 수가 없어 두렵네. 어쩌면 자서스(Xarxes) 신비가 비밀의 접근을 막고 있는 것 같아.,record,True,True,False,False,HIGH,Xarxes
Oblivion.esm,INFO,000270E9,,NAM1,1,,,"The supporting glyphs all point to Oblivion, but the signifier of the main symbol matches nothing ... ",나타난 표시는 오블리비언의 모든 지점을 가리키고 있어. 하지만 주요 표식은 아무 것과도 일치가 되지 않는군... ,record,False,False,False,False,,
Oblivion.esm,INFO,000270E9,,NAM1,2,,,I'm sorry to burden you with my problems. I'll do my best to have an answer by the time you return with the Great Welkynd Stone.,내 짐을 자네에게 지우는 것 같아 미안하네. 자네가 그레이트 웰킨드 스톤(Great Welkynd Stone)을 가져올 동안 해석을 위한 최선을 다하겠네.,record,True,True,False,False,HIGH,"Great, Welkynd, Stone"
Oblivion.esm,INFO,0002711A,,NAM1,0,,,I've made no progress on the fourth item. And every day that passes brings the Mythic Dawn closer to victory.,네 번째 유물은 아직 알아내지 못했네. 우리가 지체하는 만큼 미식 던(Mythic Dawn)은 승리에 다가가게 될거야.,record,True,True,False,False,HIGH,"Mythic, Dawn"
Oblivion.esm,INFO,00027120,,NAM1,0,,,"Don't forget, Captain Burd needs your help to close the Oblivion Gate outside of Bruma.","잊지 말게, 브루마(Bruma) 외곽의 오블리비언 게이트를 닫기 위해 버드(Burd) 대장이 도움을 기다리고 있네.",record,True,True,False,False,HIGH,"Bruma, Burd"
Oblivion.esm,INFO,00026EE9,,NAM1,0,,,"Thanks for coming. Since we had the Hero of Kvatch available, I didn't think it made sense to try this on our own the first time.",와줘서 고맙소. 처음이어서 어떻게 해야 할 지 도무지 모르겠소. 크바치(Kvatch) 영웅의 경험을 따르겠소.,record,True,True,False,False,HIGH,Kvatch
Oblivion.esm,INFO,00026EE9,,NAM1,1,,,We're ready when you are. Just say the word and we'll follow you into that hell-spawned Gate.,"당신만 괜찮으면 우리는 준비됐소. 한마디만 하면, 우린 당신을 따라 지옥의 게이트로 들어가겠소.",record,False,False,False,False,,
Oblivion.esm,INFO,0003A844,,NAM1,0,,,We're ready when you are.,당신만 괜찮으면 우리는 준비됐소.,record,False,False,False,False,,
Oblivion.esm,INFO,0003A845,,NAM1,0,,,Let's make these bastards sorry they messed with Bruma.,놈들에게 브루마를 더럽힌 걸 후회하게 해주자.,record,False,False,False,False,,
Oblivion.esm,INFO,00026EEB,,NAM1,0,,,"It was an honor to serve with you, ma'am. Now that I've seen how it's done, I think my guardsmen and I can handle any new Gates that open near Bruma.",함께 해서 영광이었소. 이젠 어떻게 하는지 알았소. 이제 브루마 근처에선 다른 게이트가 열리더라도 우리 경비대가 처리할 수 있겠소.,record,False,False,False,False,,
Oblivion.esm,INFO,00026EEC,,NAM1,0,,,"It was an honor to serve with you, sir. Now that I've seen how it's done, I think my guardsmen and I can handle any new Gates that open near Bruma.",함께 해서 영광이었소. 이젠 어떻게 하는지 알았소. 이제 브루마 근처에선 다른 게이트가 열리더라도 우리 경비대가 처리할 수 있겠소.,record,False,False,False,False,,
Oblivion.esm,INFO,00026EED,,NAM1,0,,,"Thanks for your help closing that Gate. Don't worry, we can handle anything else they throw at us.","게이트를 닫는데 도움을 줘서 고맙소. 걱정 마시오, 우린 이제 스스로 해결할 수 있소.",record,False,False,False,False,,
Oblivion.esm,INFO,00046308,,NAM1,0,,,This is no place I ever wanted to find myself. I don't see how we can ...,이런 곳일 줄은 몰랐소. 뭘 할 수 있을지 도무지... ,record,False,False,False,False,,
Oblivion.esm,INFO,00046308,,NAM1,1,,,"No ... no, we can do this. We have to do this. We have no choice.","아니지... 아니야, 우린 할 수 있어. 우린 해야만 해. 선택의 여지가 없어.",record,False,False,False,False,,
Oblivion.esm,INFO,00046308,,NAM1,2,,,I'm glad you're here. We wouldn't have a chance otherwise. What's our next move?,당신이 있어 다행이오. 그렇지 않았으면 방법이 없었을 것이오. 다음은 뭡니까?,record,False,False,False,False,,
Oblivion.esm,INFO,00026EEE,,NAM1,0,,,"What's the plan, sir?",어쩔 계획입니까?,record,False,False,False,False,,
Oblivion.esm,INFO,00026EEF,,NAM1,0,,,"What's the plan, ma'am?",어쩔 계획입니까?,record,False,False,False,False,,
Oblivion.esm,INFO,0003A846,,NAM1,0,,,Do we really have to go into that thing?,정말로 저런 곳에 들어가야 합니까?,record,False,False,False,False,,
Oblivion.esm,INFO,0003A847,,NAM1,0,,,I don't think we're going to make it out of here alive.,살아서 나가게 되리라 생각되지 않는군요.,record,False,False,False,False,,
Oblivion.esm,INFO,0003A848,,NAM1,0,,,The Captain's in charge. I'll follow his orders.,대장은 사기가 충만하오. 그의 명령을 따를 것이오.,record,False,False,False,False,,
Oblivion.esm,INFO,0003A849,,NAM1,0,,,"We really taught those bastards a lesson, didn't we ma'am?","우리가 놈들에게 뭔가 보여줬소, 그렇죠?",record,False,False,False,False,,
Oblivion.esm,INFO,0003A84A,,NAM1,0,,,"We really taught those bastards a lesson, didn't we sir?","우리가 놈들에게 뭔가 보여줬소, 그렇죠?",record,False,False,False,False,,
Oblivion.esm,INFO,00026D90,,NAM1,0,,,I am very disappointed. I had hoped we would not meet again under these circumstances.,나는 매우 실망했네. 더이상 이러한 상황에서 만나길 원하진 않았는데. ,record,False,False,False,False,,
Oblivion.esm,INFO,00026D90,,NAM1,1,,,You have been suspended from the guild for the death of a guild member. Are you willing to do what is necessary to make amends?,자네는 길드원을 살해한 혐의로 길드에서 제명되었네. 다시 들어오기 위해 필요한 일을 할 용의가 있는가?,record,False,False,False,False,,
Oblivion.esm,INFO,00026D92,,NAM1,0,,,I am very disappointed. I had hoped we would not meet again under these circumstances.,나는 매우 실망했네. 더이상 이러한 상황에서 만나길 원하진 않았는데. ,record,False,False,False,False,,
Oblivion.esm,INFO,00026D92,,NAM1,1,,,You have been suspended from the guild for theft. Are you willing to do what is necessary to make amends?,자네는 길드원을 살해한 혐의로 길드에서 제명되었네. 다시 들어오기 위해 필요한 일을 할 용의가 있는가?,record,False,False,False,False,,
Oblivion.esm,INFO,0002006A,,NAM1,0,,,I hope Martin knows what he's doing with that evil book. I fear for what it could do to him if he's not careful.,"마틴께서 그 사악한 책에서 뭘 좀 알아냈으면 좋겠네 만, 무리하시다가 무슨 일이라도 생길까 걱정이네.",record,False,False,False,False,,
Oblivion.esm,INFO,0002006B,,NAM1,0,,,What have you learned about the spies?,스파이에 대해서 뭐 좀 알아냈나?,record,False,False,False,False,,
Oblivion.esm,INFO,00026ADE,,NAM1,0,,,"I wish there were children here. Scrumptious, darling children. I haven't eaten in so long. Ravel will tell me what to do. You, too.",여기에 아이들이 있었면 좋을텐데. 멋지고 사랑스런 아이들. 난 너무 오래 굶었어. Ravel라면 뭘 해야할지 가르쳐 주겠지. 너에게도.,record,False,True,False,False,MEDIUM,Ravel
Oblivion.esm,INFO,00026F90,,NAM1,0,,,"I will not fight you, friend. I have taken a vow. My gods will protect me.","친구여, 난 당신과 싸울 생각은 없소. 나는 맹세했다오. 신이 나를 지켜줄 것이오.",record,False,False,False,False,,
Oblivion.esm,INFO,00026AAA,,NAM1,0,,,"I would ask that you not bother me, especially in this place.",특히 이 곳에서는 나를 방해하지 않았으면 하네.,record,False,False,False,False,,
Oblivion.esm,INFO,00026FC2,,NAM1,0,,,"I would prefer you leave, friend. Please.","친구여, 가는편이 좋을 것이오. 부탁이네.",record,False,False,False,False,,
Oblivion.esm,INFO,000B52A3,,NAM1,0,,,Don't go stirring up trouble.,문제를 일으키지 마시오.,record,False,False,False,False,,
Oblivion.esm,INFO,00185319,,NAM1,0,,,What else do you need? We don't want any trouble.,무엇을 하고 싶은거요? 트러블은 사절이오.,record,False,False,False,False,,
Oblivion.esm,INFO,00026AAB,,NAM1,0,,,Welcome to Pell's Gate. What brings you around here?,펠스 게이트(Pell's Gate)에 어서 오십시오. 여기엔 무슨용무로 왔습니까?,record,True,True,False,False,HIGH,"Pell's, Gate"
Oblivion.esm,INFO,00026AAD,,NAM1,0,,,"Welcome to Pell's Gate, friend.","펠스 게이트(Pell's Gate)에 어서 오십시오, 친구여.",record,True,True,False,False,HIGH,"Pell's, Gate"
Oblivion.esm,INFO,00026AB0,,NAM1,0,,,There is nothing more to say. Leave me.,너에게 이이상 할 말은 없다. 내게 말걸지 마라.,record,False,False,False,False,,
Oblivion.esm,INFO,0007B7A8,,NAM1,0,,,I assume you've made your choice. Umbra hungers. What shall it be?,아무래도 결단한 것 같구나. 움브라는 굶주려 있다. 자 시작할까?,record,False,False,False,False,,
Oblivion.esm,INFO,00026AB1,,NAM1,0,,,You risk much by speaking to me. You should leave this place. Now.,넌 내게 말을 거는 위험을 무릅쓰는군. 이곳을 당장 떠나는 게 좋을 거다. 당장.,record,False,False,False,False,,
Oblivion.esm,INFO,00024FF9,,NAM1,0,,,"It is unfortunate that we should meet for the first time under these circumstances, Associate.",우리가 처음 만나게 되는 상황이 이런 일 때문인 것은 유감스럽군. ,record,False,False,False,False,,
Oblivion.esm,INFO,00024FF9,,NAM1,1,,,"You have been found guilty of theft. As such, your guild privileges have been suspended.","자네는 도둑질을 했고, 따라서 자네가 길드에서 가지던 모든 권리는 효력이 정지되었네. ",record,False,False,False,False,,
Oblivion.esm,INFO,00024FF9,,NAM1,2,,,"If you wish to be reinstated, you must perform a service for the guild. Are you willing to do so?","만약 자네가 다시 들어오고 싶다면, 길드를 위해 어떠한 일을 해 주어야 하네. 그렇게 하겠는가?",record,False,False,False,False,,
Oblivion.esm,INFO,0002501A,,NAM1,0,,,"It is unfortunate that we should meet under these circumstances, Associate.",우리가 처음 만나게 되는 상황이 이런 일 때문인 것은 유감스럽군.,record,False,False,False,False,,
Oblivion.esm,INFO,0002501A,,NAM1,1,,,"You have been found guilty of killing a guild member. As such, your guild privileges have been suspended.","자네는 길드원을 살해한 죄를 범했고, 따라서 자네가 길드에서 가지던 모든 권리는 효력이 정지되었네.",record,False,False,False,False,,
Oblivion.esm,INFO,0002501A,,NAM1,2,,,"If you wish to be reinstated, you must perform a service for the guild. Are you willing to do so?","만약 자네가 다시 들어오고 싶다면, 길드를 위해 어떠한 일을 해 주어야 하네. 그렇게 하겠는가?",record,False,False,False,False,,
Oblivion.esm,INFO,00025022,,NAM1,0,,,"It is unfortunate that we should meet under these circumstances, Associate.",우리가 처음 만나게 되는 상황이 이런 일 때문인 것은 유감스럽군.,record,False,False,False,False,,
Oblivion.esm,INFO,00025022,,NAM1,1,,,"You have been found guilty of theft. As such, your guild privileges have been suspended.","자네는 도둑질을 했고, 따라서 자네가 길드에서 가지던 모든 권리는 효력이 정지되었네.",record,False,False,False,False,,
Oblivion.esm,INFO,00025022,,NAM1,2,,,"If you wish to be reinstated, you must perform a service for the guild. Are you willing to do so?","만약 자네가 다시 들어오고 싶다면, 길드를 위해 어떠한 일을 해 주어야 하네. 그렇게 하겠는가?",record,False,False,False,False,,
Oblivion.esm,INFO,00024DA5,,NAM1,0,,,You need to take care of you problems with the guild before we can talk.,우리가 이야기하기 전에 당신의 길드문제를 알아서 해결해야 합니다.,record,False,False,False,False,,
Oblivion.esm,INFO,00022F4C,,NAM1,0,,,Are you ready for one last great heist?,마지막 위대한 절도를 위한 준비가 되어있나?,record,False,False,False,False,,
Oblivion.esm,INFO,00024DA6,,NAM1,0,,,Have you decided?,정하셨나요?,record,False,False,False,False,,
Oblivion.esm,INFO,00022DB6,,NAM1,0,,,You have the scroll? I can hardly believe it! The odds were clearly against you. Capital job! Capital!,자네가 스크롤을 가졌다고? 도저히 믿을 수 없구먼! 승산은 확실히 자네에게 있었군. 최고의 일! 최고야!,record,False,False,False,False,,
Oblivion.esm,INFO,00022DB6,,NAM1,1,,,"I have spent seven years learning how to translate this scroll. Even so, I will need a while to decipher what I have sought so desperately.","난 7년동안이나 스크롤을 번역하는 방법을 터득하는데 시간을 보냈네. 그럼에도 불구하고, 내가 필사적으로 찾으려는 것을 해독하려면 시간이 꽤 필요하다네.",record,False,False,False,False,,
Oblivion.esm,INFO,00032E12,,NAM1,0,,,You don't have the scroll? Then we have nothing to talk about.,스크롤이 없다고? 그럼 우리는 할 얘기가 없소.,record,False,False,False,False,,
Oblivion.esm,INFO,0001FB60,,NAM1,0,,,I have another message from the Gray Fox.,그레이 폭스께서 전하시는 또 다른 전언이 있다.,record,False,False,False,False,,
Oblivion.esm,INFO,00022E00,,NAM1,0,,,You are looking well.,매우 잘 찾았습니다.,record,False,False,False,False,,
Oblivion.esm,INFO,00022E02,,NAM1,0,,,You should be on your way by now.,당신은 당장 해야 합니다.,record,False,False,False,False,,
Oblivion.esm,INFO,00022E8A,,NAM1,0,,,The Gray Cowl is now yours. You are the new guildmaster of the Thieves Guild.,회색 가면은 이제 자네 꺼네. 자네는 도둑길드의 새로운 길드마스터라네.,record,False,False,False,False,,
Oblivion.esm,INFO,00022E8A,,NAM1,1,,,You will find that history has been altered tonight. Such is the power of Nocturnal's curse that lifting it can alter time itself.,자네는 오늘밤 역사가 바뀐다는 걸 알게 될 거야. 녹터널(Nocturnal) 저주의 힘을 제거하는 것은 시간 그 자체도 변경할 수 있다네.,record,True,True,False,False,HIGH,Nocturnal
Oblivion.esm,INFO,000A9785,,NAM1,0,,,Get inside. The Gray Fox is not a patient man.,들어가세요. 그레이 폭스께선 그리 인내심이 많지 않으십니다.,record,False,False,False,False,,
Oblivion.esm,INFO,001778BF,,NAM1,0,,,Hey! You aren't Celia Camoran! There's an intruder in the library! Protect the scrolls!,어이! 넌 셀리아 캐모런이 아니잖아! 도서관에 침입자가 있다! 두루마리를 보호하라!,record,False,False,False,False,,
Oblivion.esm,INFO,00022E59,,NAM1,0,,,Have you reconsidered?,재고해봤나?,record,False,False,False,False,,
Oblivion.esm,INFO,00022E5C,,NAM1,0,,,"S'Drassa of the Mages Guild, Evoker and Alchemist. And also, in his scant free time, a Trainer in Alchemy.",메이지 길드의 에보커 이자 알케미 공부에 시간도 모자라는 알케미스트 S'drassa라고 하네,record,False,True,False,False,MEDIUM,S'drassa
Oblivion.esm,INFO,00022E5C,,NAM1,1,,,But... perhaps you are an adventurer? Could you assist me in acquiring something for my crystal collection?,"메이지 길드의 스'드라사라 합니다. 구현술사 계급 마법사며 연금술사이죠. 그리고, 부족한 시간을 쪼개어 연금술 훈련도 제공합니다.",record,False,False,False,False,,
Oblivion.esm,INFO,00047767,,NAM1,0,,,Excuse me. Perhaps you're an adventurer? Could you assist me in acquiring something for my crystal collection?,실례하네. 보아하니 자넨 모험가 같은데? 내 수집물인 어떤 크리스탈을 찾는데 도와줄 수 있겠나?,record,False,False,False,False,,
Oblivion.esm,INFO,00023F39,,NAM1,0,,,Who are you? What do you want? I ain't done nothin'!,당신은 누구입니까? 뭘 원하는 거야? 난 아무것도 안 했어!,record,False,False,False,False,,
Oblivion.esm,INFO,00022B11,,NAM1,0,,,Sit down. Don't say anything. Just do what I say.,앉아. 아무 말도 하지마. 그냥 시키는 대로 해.,record,False,False,False,False,,
Oblivion.esm,INFO,00022B12,,NAM1,0,,,I'm being watched. Just sit down. Don't say anything.,난 감시 당하고 있어. 아무 말도 하지 말고 그냥 앉아.,record,False,False,False,False,,
Oblivion.esm,INFO,00022B13,,NAM1,0,,,Listen. I'm going to get up in a minute and walk out of here. That guy in the corner behind me will follow me. You follow him.,들어 봐. 잠시 후 내가 일어서 나갈 거야. 그러면 저쪽 구석에 있는 녀석이 날 따라 올 거야. 네가 그 놈 뒤를 밟아.,record,False,False,False,False,,
Oblivion.esm,INFO,00022B19,,NAM1,0,,,I told you to stay back and keep an eye on the guy who was watching me.,뒤에서 나를 미행하는 녀석이나 감시하란 말이야!.,record,False,False,False,False,,
Oblivion.esm,INFO,00022B1A,,NAM1,0,,,"Search his body. I'll keep an eye out, in case any of his friends are nearby.",녀석을 뒤져봐. 나는 밖을 감시할게. 다른 패거리가 있을지도 몰라.,record,False,False,False,False,,
Oblivion.esm,INFO,00022B1D,,NAM1,0,,,"Good work. I am glad to see you, by the way. You just caught me at a bad time.","잘 했어. 그건 그렇고, 다시 만나 반가워. 하필 이럴 때 만나네.",record,False,False,False,False,,
Oblivion.esm,INFO,00022B8B,,NAM1,0,,,You're not easy to get a hold of. What have you found out?,만나기가 쉽지 않네. 뭐 좀 알아냈어?,record,False,False,False,False,,
Oblivion.esm,INFO,00022CEB,,NAM1,0,,,Alright. The room with the table is just through this door. I always wondered who put it there.,"좋아. 탁자가 있는 방은 이 문 바로 뒤야. 누가 만나러 갈건 지 생각해 봤는데,",record,False,False,False,False,,
Oblivion.esm,INFO,00022CEB,,NAM1,1,,,"I happen to know that if you go up the stairs there, you can get a vantage point on the meeting room.","내가 보기에 계단 위를 확보하면, 만나는 장소를 한눈에 볼 수 있고, 유리한 위치를 점할 수 있어.",record,False,False,False,False,,
Oblivion.esm,INFO,00022CEB,,NAM1,2,,,I think I'd better be the one to handle the meeting. You'll be my backup. Keep watch from above in case of trouble.,내가 만나러 가는 게 좋겠어. 계단 위에 숨어있다가 상황이 발생하면 엄호해 줘.,record,False,False,False,False,,
Oblivion.esm,INFO,00034241,,NAM1,0,,,"Aren't you supposed to be going to see Tar-Meena? I have plenty of leads of my own to track down, don't worry.","아직 타르 미너(Tar-Meena)를 만나보지 않았어? 난 잘 되고 있어, 내 걱정은 마.",record,True,True,False,False,HIGH,Tar-Meena
Oblivion.esm,INFO,00034242,,NAM1,0,,,"I think you're onto something with those books. You should finish tracking them all down, and then we'll see what we've got.",책들에 대해서 무언가 알아낸 것 같군요. 그들을 추격해서 모조리 쓰러뜨리세요. 그럼 우리가 원하는걸 얻을 수 있을 겁니다.,record,False,False,False,False,,
Oblivion.esm,INFO,00034243,,NAM1,0,,,So far Mankar Camoran's books are our best lead. You should keep working on getting copies of all four.,오랫동안 맨카 케모런(Mankar Camoran)의 책은 우리의 최고 필독서였지. 항상 네권 모두 지니고 있어야 한다.,record,True,True,False,False,HIGH,"Mankar, Camoran"
Oblivion.esm,INFO,00034244,,NAM1,0,,,"I know the part of the sewers you were talking about. Follow me, I'll show you.","네가 말한 하수구가 어디인지 알아. 따라 와, 가르쳐줄게.",record,False,False,False,False,,
Oblivion.esm,INFO,00022CEC,,NAM1,0,,,"So, here's the plan. I'll meet with the Sponsor, while you cover me from the upper gallery. What do you think?","자, 계획이 있어. 내가 전도사와 만나겠어. 넌 그 동안 위에서 날 엄호하는 거지. 어때?",record,False,False,False,False,,
Oblivion.esm,INFO,0003450F,,NAM1,0,,,You're taking the meeting. You'd better get in there before they realize you didn't come alone.,넌 놈들과 만나야 해. 혼자가 아니란 걸 놈들이 눈치채기 전에 어서 가 있어.,record,False,False,False,False,,
Oblivion.esm,INFO,00034510,,NAM1,0,,,We agreed I would meet the Sponsor. You need to get out of sight before you blow the whole meeting.,내가 전도사를 만나기로 했잖아. 놈들이 오기 전에 어서 숨어.,record,False,False,False,False,,
Oblivion.esm,INFO,00034511,,NAM1,0,,,"That could have gone smoother. Can't say I minded killing a few more of these bastards, though. Get the book and let's get out of here.","이놈들 몇 놈 더 죽이는 게 문제가 아니지만, 잘 처치해 버렸다. 책 챙겨서 나가자.",record,False,False,False,False,,
Oblivion.esm,INFO,00034512,,NAM1,0,,,Get the book and let's go.,책 챙겨서 가자.,record,False,False,False,False,,
Oblivion.esm,INFO,00034513,,NAM1,0,,,"Now that you have all four books, you should be able to handle things from here.",이제 네 권 모두 구했어. 이걸로 뭔가 알아낼 수 있을 거야.,record,False,False,False,False,,
Oblivion.esm,INFO,00034513,,NAM1,1,,,I'm going to Cloud Ruler Temple. My place is at Martin's side.,난 클라우드 룰러(Cloud Ruler) 사원으로 갈 거야. 마틴(Martin)의 곁을 지키겠어.,record,True,True,False,False,HIGH,"Cloud, Ruler, Martin"
Oblivion.esm,INFO,00034514,,NAM1,0,,,What do you need?,뭐 필요해?,record,False,False,False,False,,
Oblivion.esm,INFO,00033FC2,,NAM1,0,,,This whole business of being heir to the throne will take some getting used to.  Please bear with me.,왕위를 계승하는 일들이 내겐 익숙하지가 않군. 이해해주기 바라네.,record,False,False,False,False,,
Oblivion.esm,INFO,00033FCD,,NAM1,0,,,"While I'm getting oriented here, you should follow Jauffre's orders.",내가 이곳에 적응할 때 까지는 죠프리와 상의하게.,record,False,False,False,False,,
Oblivion.esm,INFO,00094C35,,NAM1,0,,,"Move along, friend.","꺼지시지, 친구.",record,False,False,False,False,,
Oblivion.esm,INFO,000C099D,,NAM1,0,,,Ah. You must be the one I got the message about. How can I help you?,"아, 계시를 받고 당신이 올걸 알고 있었소. 어떻게 도와 드릴까요?",record,False,False,False,False,,
Oblivion.esm,INFO,000A31C3,,NAM1,0,,,You were told to sit down. Are you incapable of following such simple instructions?,앉으라고 얘기했을 텐데. 그런 단순한 지시도 못 따를 정도로 멍청한가?,record,False,False,False,False,,
Oblivion.esm,INFO,00094C37,,NAM1,0,,,"I'm sorry, but I'm late for an appointment. I've no time to talk now.","미안하오, 난 약속 시간에 늦었소. 얘기할 시간이 없소.",record,False,False,False,False,,
Oblivion.esm,INFO,00094C38,,NAM1,0,,,You must not have heard me the first time. Good day!,내 얘길 못 들은 모양이구려. 잘 가시오!,record,False,False,False,False,,
Oblivion.esm,INFO,00094C39,,NAM1,0,,,Are you deaf? Leave me alone!,귀 먹었소? 날 내버려 두시오!,record,False,False,False,False,,
Oblivion.esm,INFO,0002006D,,NAM1,0,,,I need some time to study the Mysterium Xarxes. I'll let you know when I learn something.,자서스(Xarxes) 신비를 연구하는 데는 시간이 좀 걸리네. 뭔가 알게 되면 자네에게 알려주겠네.,record,True,True,False,False,HIGH,Xarxes
Oblivion.esm,INFO,0002006E,,NAM1,0,,,I've deciphered part of the ritual needed to open a portal to Camoran's Paradise.,케모런의 낙원으로 가는 포탈을 여는데 필요한 의식 부분을 해석했네.,record,False,False,False,False,,
Oblivion.esm,INFO,0002006E,,NAM1,1,,,"The Xarxes mentions four items needed for the ritual, but so far I have only deciphered one of them: the 'blood of a Daedra Lord'.","자서스(Xarxes)에는 의식을 위해서 네 가지의 물품이 필요한 것으로 나와 있네, 하지만 이제 그 중 하나만 겨우 해석해 냈네. 그것은 '데이드라 군주의 피'일세.",record,True,True,False,False,HIGH,Xarxes
Oblivion.esm,INFO,0002006E,,NAM1,2,,,"In fact, daedric artifacts are known to be formed from the essence of a Daedric Lord, from whence they derive their great power.","사실상, 데이드릭 유물들은 데이드라 군주들이 자신들의 거대한 힘을 끌어낼 때, 그들의 정수로부터 형성된다고 알려져 있지.",record,False,False,False,False,,
Oblivion.esm,INFO,0002006E,,NAM1,3,,,"Not an easy thing to come by, obviously, but we will need a daedric artifact. Bring it to me when you have acquired one.",그걸 얻는 건 명백히 어려운 일이야. 하지만 우린 데이드릭 유물이 필요하네. 그걸 찾아서 내게 가져다 주게.,record,False,False,False,False,,
Oblivion.esm,INFO,000221F5,,NAM1,0,,,I've made some progress on the Mysterium Xarxes. I think I've identified the section that deals with opening a portal to Camoran's Paradise.,자서스(Xarxes) 신비에 대해 약간의 진전이 있었네. 케모런(Camoran)의 낙원으로 가는 포탈을 여는 방법에 관한 단락을 찾은 것 같아.,record,True,True,False,False,HIGH,"Xarxes, Camoran"
Oblivion.esm,INFO,00020070,,NAM1,0,,,I'm still studying the Mysterium Xarxes. Its corrupting power is terrible.,여전히 자서스(Xarxes) 신비를 연구 중이네. 그것의 사악한 힘이 지독해.,record,True,True,False,False,HIGH,Xarxes
Oblivion.esm,INFO,0001F85B,,NAM1,0,,,You'd better go talk to Jeanne before she really loses it.,정말로 그걸 잃어버리기 전에 당신이 가서 말하는게 낫겠군요.,record,False,False,False,False,,
Oblivion.esm,INFO,00031036,,NAM1,0,,,Hello there. I hear you've been looking for me.,안녕하시오. 나를 찾는다고 들었소만.,record,False,False,False,False,,
Oblivion.esm,INFO,00031036,,NAM1,1,,,"Please, don't be mad. We were just having some fun.",제발 진정하시오. 우린 그저 웃자고 한일이오.,record,False,False,False,False,,
Oblivion.esm,INFO,00031036,,NAM1,2,,,"We just get tired of Jeanne lording her position over us, when she barely knows anything about magic. Every now and then, we like to trick her.",우리는 Jeanne이 마법에 대해 아무것도 모르면서 계급으로 우리위에 군림하는것에 염증이 나고 있소. 이따금 그녀를 속이곤 하지.,record,False,True,False,False,MEDIUM,Jeanne
Oblivion.esm,INFO,00031036,,NAM1,3,,,"We figured it was time to move on to a new prank. This one was getting boring, anyway. So you can tell her you've found me!", 새로운 장난을 칠때가 되었다고 생각하던 참이었소. 이건 이제 지겨워졌거든. 그녀에게 날 찾았다고 말하시오.,record,False,False,False,False,,
Oblivion.esm,INFO,0001F85C,,NAM1,0,,,"You just couldn't wait, could you? So impatient...","기다릴 수 없을 거에요, 그렇죠? 성급하군요..",record,False,False,False,False,,
Oblivion.esm,INFO,0001F85C,,NAM1,1,,,"Well, at least you took care of Jeanne's book. We'll be able to laugh over that one for weeks, I bet.","좋소, 아무튼 당신이 Jeanne의 책을 가져왔군. 우리는 일주일 동안은 웃을수 있을거요. 내 장담하지.",record,False,True,False,False,MEDIUM,Jeanne
Oblivion.esm,INFO,0001F85C,,NAM1,2,,,"You'd better go tell her you found me. That way you, at least, can get out of here.",그녀에게 가서 나를 찾았다고 말해요. 저리로 나갈수는 있을거요.,record,False,False,False,False,,
Oblivion.esm,INFO,0001F85D,,NAM1,0,,,"Oh, come on! You couldn't even follow through with getting that book from Jeanne's room? That would've been hilarious!","오, 설마! Jeanne의 방에서 그 책을 가져오는 일도 못하겠다는 말이오? 이거 재미있군!",record,False,True,False,False,MEDIUM,Jeanne
Oblivion.esm,INFO,0001F85D,,NAM1,1,,,"Well, fine. You go tell Jeanne you found me. You're the big hero. Whoopee. I'm going back to work. I was tired of being see-through, anyway.","음, 좋아. Jeanne에게 나를 찾았다고 해요. 대단한 영웅이군. 우아. 일이나 하러 가야겠소. 어쨋든 투명질에 지칠 지경이오.",record,False,True,False,False,MEDIUM,Jeanne
Oblivion.esm,INFO,0001F85E,,NAM1,0,,,"What, you couldn't be bothered to find out what Volanaro wanted you to do? ",Volanaro가 당신에게 뭘 원하는지도 찾아보지 않을 생각이오? ,record,False,True,False,False,MEDIUM,Volanaro
Oblivion.esm,INFO,0001F85E,,NAM1,1,,,"And it would've been so much fun, too.",그리고 그것도 매우 재미있었을 거요.,record,False,False,False,False,,
Oblivion.esm,INFO,0001F85E,,NAM1,2,,,"Well, you found me. Congratulations. Go tell Jeanne, if you must.",날 찾았군. 축하하오. 가서 Jeanne에게 말하시오.,record,False,True,False,False,MEDIUM,Jeanne
Oblivion.esm,INFO,0001F85F,,NAM1,0,,,"Oh, you're no fun at all!","오, 재미라곤 없는 사람이군!",record,False,False,False,False,,
Oblivion.esm,INFO,0001F85F,,NAM1,1,,,"It was just a harmless little prank, that's all. Why did you have to go and ruin it?","그냥 작은 장난일 뿐이오, 그게 다지. 왜 망쳐버리려 하는 거요?",record,False,False,False,False,,
Oblivion.esm,INFO,0001F85F,,NAM1,2,,,"Well, I guess we'll go back to the drawing board. Fine, go tell Jeanne you found me. I was getting tired of being invisible all the time, anyway.","좋소, 다시 일하러 가야 겠군. Jeanne에게 날 찾았다고 말하시오. 슬슬 투명하게 있는것에 질리던 참이오.",record,False,True,False,False,MEDIUM,Jeanne
Oblivion.esm,INFO,0003103A,,NAM1,0,,,Ready to find J'skar?,J'skar를 찾을 준비가 됐나요?,record,False,True,False,False,MEDIUM,J'skar
Oblivion.esm,INFO,0001F860,,NAM1,0,,,Have you pulled that little prank yet?,아직도 수작부리고 있는거요?,record,False,False,False,False,,
Oblivion.esm,INFO,0001F421,,NAM1,0,,,I'm afraid there isn't much else to tell you. Just be careful.,당신에게 달리 더 말할 수 없는 게 유감이군요. 부디 조심해주세요.,record,False,False,False,False,,
Oblivion.esm,INFO,0001F429,,NAM1,0,,,"I'm sorry to impose upon you like this, but I'm in need of assistance, and I don't know what to do. My husband, Aleron, is missing.","이런 부탁을 드려서 죄송하지만, 저는 당신의 도움이 필요합니다. 그리고 저는 어떻게 해야 할지 모르겠어요. 제 남편 Aleron이 실종됐습니다",record,False,True,False,False,MEDIUM,Aleron
Oblivion.esm,INFO,0001FDB2,,NAM1,0,,,"You've killed all three? Wonderful! Now you must find the key. According to Kurdan, it should be on one of their bodies.","당신이 세 명 모두를 죽였다고? 굉장하군! 이제 열쇠를 찾아야 하네. Kurdan에 의하면, 그건 그 놈들 중 누군가의 몸에 있을 걸세.",record,False,True,False,False,MEDIUM,Kurdan
Oblivion.esm,INFO,0001FDB4,,NAM1,0,,,"I don't trust Kurdan. Even if the hunters are beaten, make sure you watch your back.",난 Kurdan을 믿지 않아. 만약 사냥꾼들이 지더라도 당신 등 뒤를 조심하라구.,record,False,True,False,False,MEDIUM,Kurdan
Oblivion.esm,INFO,0001FDB6,,NAM1,0,,,"I only wish to return home and be with my wife, Ursanne.","난 단지 집에 돌아가고 싶을 뿐이네. 그리고 내 아내, Ursanne와 함께 있고 싶을 뿐이야.",record,False,True,False,False,MEDIUM,Ursanne
Oblivion.esm,INFO,0001FDB9,,NAM1,0,,,"It appears as though Kurdan has tricked another poor soul with his ""axe"" story.","이것은 Kurdan이 그의 ""도끼"" 이야기로 불쌍한 한 명의 영혼을 더 속였다는 것이구만.",record,False,True,False,False,MEDIUM,Kurdan
Oblivion.esm,INFO,00026D58,,NAM1,0,,,I've figured out another item needed for the ritual to open the portal to Camoran's Paradise.,케모런(Camoran)의 낙원으로 가는 포탈을 여는 의식에 필요한 다른 물품을 알아냈어.,record,True,True,False,False,HIGH,Camoran
Oblivion.esm,INFO,00026D58,,NAM1,1,,,The second item is the counterpart to the first: the blood of a Divine. This was a terrible puzzle to me. ,두 번째 물품은 첫 번째 것과는 상대적인 것이야. 나인 디바인(Divine)중 한 분의 피. 이번 건 아주 어렵게 풀어냈다네. ,record,True,True,False,False,HIGH,Divine
Oblivion.esm,INFO,00026D58,,NAM1,2,,,"Unlike the Daedra Lords, the gods have no artifacts, and do not physically manifest themselves in our world.","데이드라 군주들과는 달리, 나인 디바인 신들은 유물이 없네. 스스로 세상에 유물로 증거하시진 않으시지.",record,False,False,False,False,,
Oblivion.esm,INFO,00026D58,,NAM1,3,,,"How then to obtain the blood of a god? But Jauffre solved it. The blood of Tiber Septim himself, who became one of the Divines.","그런데 어떻게 신의 피를 얻을 수 있겠나? 죠프리가 해답을 가지고 있네. 나인 디바인 중 한 분이 되신 타어버 셉팀(Tiber Septim), 그 분의 피.",record,True,True,False,False,HIGH,"Tiber, Septim"
Oblivion.esm,INFO,00026D58,,NAM1,4,,,"This is a secret remembered only by the Blades, passed down from one Grandmaster to the next. Jauffre should tell it to you himself.",이건 역대 블레이드의 단장에게서 단장에게로만 비밀리에 전해져 내려온 기록이네. 죠프리 스스로 자네에게 얘기해 줘야만 알 수 있네.,record,False,False,False,False,,
Oblivion.esm,INFO,000270EB,,NAM1,0,,,Thank Akatosh you're here! I have deciphered the final item for the ritual to open a portal to Camoran's Paradise!,"아카토쉬(Akatosh)시여, 감사합니다! 케모런(Camoran)의 낙원으로 가는 포탈을 여는 의식에 필요한 마지막 물품을 해석해냈네!",record,True,True,False,False,HIGH,"Akatosh, Camoran"
Oblivion.esm,INFO,00026D5D,,NAM1,0,,,The next section of the Mysterium Xarxes is very difficult. I haven't deciphered the rest of the ritual yet. I hope you are making better progress.,자서스(Xarxes) 신비의 다음 부분이 정말 어려워. 의식의 나머지 부분을 아직 해석하지 못했네. 자네의 일이라도 진전이 있었으면 좋겠네.,record,True,True,False,False,HIGH,Xarxes
Oblivion.esm,INFO,00033FBF,,NAM1,0,,,"What can I do for you, sir?",뭐가 필요해?,record,False,False,False,False,,
Oblivion.esm,INFO,00033FC0,,NAM1,0,,,"What can I do for you, ma'am?",뭐가 필요해?,record,False,False,False,False,,
Oblivion.esm,INFO,00038FBD,,NAM1,0,,,You should be gathering the items Martin needs for the Mysterium Xarxes ritual. There's no time to lose.,자서스(Xarxes) 신비 의식에 필요한 유물들을 수집해야 하네. 낭비하고 있을 시간이 없어.,record,True,True,False,False,HIGH,Xarxes
Oblivion.esm,INFO,0006BED3,,NAM1,0,,,A victory beyond hope! You and Martin defeated Mehrunes Dagon in the very moment of his triumph! All hail the Champion of Tamriel!,희망찬 승리야! 자네와 마틴이 승리를 눈앞에 둔 메르네스 데이건을 물리쳤어! 탐리엘 챔피언의 영광일세!,record,False,False,False,False,,
Oblivion.esm,INFO,0006BED4,,NAM1,0,,,"What can I do for you, Blade?","뭐 필요한가, 대원?",record,False,False,False,False,,
Oblivion.esm,INFO,0006BED5,,NAM1,0,,,"What can I do for you, Savior of Tamriel?","뭘 해드릴까요, 탐리엘의 구세주?",record,False,False,False,False,,
Oblivion.esm,INFO,00038FAB,,NAM1,0,,,What is it?,무슨 일인가?,record,False,False,False,False,,
Oblivion.esm,INFO,0005D2C6,,NAM1,0,,,"I know that you are on an important mission for the Blades. Please, if you need a horse, take mine from the Priory stables.",블레이드를 위한 중요한 임무를 수행 중 이란 걸 압니다. 말이 필요하면 수도원 마구간에서 내 말을 타고 가세요.,record,False,False,False,False,,
Oblivion.esm,INFO,0003C13A,,NAM1,0,,,I look forward to fighting these daedra side by side with the Hero of Kvatch.,나는 크바치(Kvatch)의 영웅과 함께 데이드라와 싸우게 될 것입니다.,record,True,True,False,False,HIGH,Kvatch
Oblivion.esm,INFO,0003C13C,,NAM1,0,,,Let's talk after the battle is won.,얘기는 나중에 하죠.,record,False,False,False,False,,
Oblivion.esm,INFO,0003C13D,,NAM1,0,,,"Hail, daedra-slayer!","데이드라의 저승사자, 만세!",record,False,False,False,False,,
Oblivion.esm,INFO,0003C13E,,NAM1,0,,,"So, you're the famous Hero of Kvatch.","그래, 당신이 그 유명한 크바치의 영웅이로군.",record,False,False,False,False,,
Oblivion.esm,INFO,0003C13F,,NAM1,0,,,I'm a bit busy here!,난 좀 바쁘오!,record,False,False,False,False,,
Oblivion.esm,INFO,0003C140,,NAM1,0,,,"Congratulations on your victory. Your fame was well-deserved, it seems.",승리를 축하해요. 역시 당신의 명성은 헛된 것이 아니었어요.,record,False,False,False,False,,
Oblivion.esm,INFO,0003C147,,NAM1,0,,,"Congratulations on your victory! I admit, I thought your plan would lead to disaster, but you came through for Bruma. I won't forget it.","축하하오, 당신의 승리요! 인정하오, 난 당신들의 계획이 재앙을 가져올 거라 생각했었소. 하지만 당신은 브루마(Bruma)의 은인이오. 잊지 않겠소.",record,True,True,False,False,HIGH,Bruma
Oblivion.esm,INFO,0003C144,,NAM1,0,,,We did it! We showed those damned daedra a thing or two!,우리가 해냈소! 저 빌어먹을 데이드라 놈들을 물리쳤소!,record,False,False,False,False,,
Oblivion.esm,INFO,00073925,,NAM1,0,,,"My friend! It is good to see you again. You risked your life to save me, a stranger. You are truly among the blessed of Arkay's children.","친구여! 다시 보니 정말 반갑군요. 당신은 날 처음 보는데도, 목숨을 아끼지 않고 절 구해 주셨죠. 당신은 실로 아케이의 축복받은 자녀와 같은 분입니다.",record,False,False,False,False,,
Oblivion.esm,INFO,00073925,,NAM1,1,,,"As a small token of my gratitude, please allow me to share with you some of my small store of knowledge of the healing arts.","제 작은 감사의 표시로, 제 치유 기술에 대한 지식의 일부를 당신과 공유할 수 있도록 해 주십시오.",record,False,False,False,False,,
Oblivion.esm,INFO,00073926,,NAM1,0,,,Arkay's blessings upon you.,알케이(Arkay)께서 인도하시길.,record,True,True,False,False,HIGH,Arkay
Oblivion.esm,INFO,0003C148,,NAM1,0,,,I was honored to fight by your side again.,다시 같이 싸울 수 있어서 영광이었어.,record,False,False,False,False,,
Oblivion.esm,INFO,0006BED7,,NAM1,0,,,Martin couldn't have done it without you. I count you among the greatest heroes of the Blades.,자네가 없었더라면 마틴은 해내지 못 했을 거야. 자네를 블레이드 최고의 영웅으로 기억할걸세.,record,False,False,False,False,,
Oblivion.esm,INFO,0006BED7,,NAM1,1,,,"To think we'd end up here, after such a beginning! Sending an escaped prisoner off with the Amulet of Kings...",생각해 보면 그렇게 시작해서 여기까지 왔네! 탈옥한 죄수에게 왕의 아뮬렛을 맡기다니... ,record,False,False,False,False,,
Oblivion.esm,INFO,0006BED7,,NAM1,2,,,"But I never doubted you, my friend. Emperor Uriel, he had the vision of the Dragonborn. He saw something in you. And he was right.","하지만 자넬 못 믿은 건 절대 아니라네, 친구. 황제 유리엘, 그는 드래곤의 탄생을 알고 있었어. 그는 자네에게서 무언가를 봤어. 그리고 그가 옳았어.",record,False,False,False,False,,
Oblivion.esm,INFO,00073927,,NAM1,0,,,I never had time to properly thank you for your help back in the Imperial City. I wouldn't have made it back here if it weren't for you.,일전에 임페리얼 시티에서 같이 완수했던 임무에 대해 감사를 전할 시간이 없었군. 네가 아니었다면 난 살아서 여기 있지 못했을 거야.,record,False,False,False,False,,
Oblivion.esm,INFO,00073927,,NAM1,1,,,"Now that we have a free moment, I thought you might be able to use some tricks I've picked up fighting with the Blades over the years.","이제 시간이 좀 났으니까, 아마도 내가 수 년간 블레이드에서 배운 전투 기술을 자네에게 전수할 수 있을 것 같은데.",record,False,False,False,False,,
Oblivion.esm,INFO,00073927,,NAM1,2,,,"Nobody who hasn't trained with the Blades will know these moves, so you should find them useful.","블레이드와 훈련하지 않은 사람들은 이 움직임을 결코 흉내낼 수 없으니, 아마 자네에게 매우 유용할 거야.",record,False,False,False,False,,
Oblivion.esm,INFO,00073927,,NAM1,3,,,"See, when they swing at you sidearm, you twist your wrist like this... exactly! You're a natural at this. Let me show you another one...","봐봐, 무기가 이렇게 옆으로 치고 들어올 때, 손목을 이렇게 비틀어서 하는 거야... 그렇지! 자넨 진짜로 타고났군. 한 가지 더 보여주겠네...",record,False,False,False,False,,
Oblivion.esm,INFO,0006BED8,,NAM1,0,,,"Whatever you need, friend.","필요한 건 뭐든 말만 해, 친구.",record,False,False,False,False,,
Oblivion.esm,INFO,0003C149,,NAM1,0,,,I wish I could have been at the battle. It sounds like you taught Mehrunes Dagon's boys a lesson they won't soon forget.,난 전장에 있고 싶었습니다. 당신이 메이룬스 데이건의 무리들에게 씻을 수 없는 치욕을 줬다고 들었습니다.,record,False,False,False,False,,
Oblivion.esm,INFO,0003D7F6,,NAM1,0,,,"We're going to show them daedra a thing or two, aren't we ma'am?","데이드라 따위는 아무것도 아니란 걸 보여줄 거요, 그렇지 않소?",record,False,False,False,False,,
Oblivion.esm,INFO,0003C14A,,NAM1,0,,,"We're going to show them daedra a thing or two, aren't we sir?","데이드라 따위는 아무것도 아니란 걸 보여줄 거요, 그렇지 않소?",record,False,False,False,False,,
Oblivion.esm,INFO,0001E8D0,,NAM1,0,,,Thanks for the rescue. I didn't think we would make it out of the Chapel alive. Perhaps Akatosh guided you to us.,구해줘서 감사하오. 살아서 성당 밖으로 나오지 못하는 줄 알았소. 아마도 아카토쉬(Akatosh)께서 당신을 보내신것인가 보오.,record,True,True,False,False,HIGH,Akatosh
Oblivion.esm,INFO,00064F39,,NAM1,0,,,"What is it, my friend?",무슨 일이지? 친구.,record,False,False,False,False,,
Oblivion.esm,INFO,00058E01,,NAM1,0,,,"I always wanted to see the Jerall Mountains. Beautiful, aren't they? Almost makes you forget why we're here.",난 항상 제랄(Jerall) 산맥을 동경해 왔어. 아름답지 않아? 우리가 여기 있는 이유를 거의 잊게 해주지.,record,True,True,False,False,HIGH,Jerall
Oblivion.esm,INFO,00058E02,,NAM1,0,,,"I'm sure you hear it all the time, but I'd like to thank you personally for closing that Oblivion Gate outside Cheydinhal.","자주 들었을 테지만, 직접 말하고 싶군요. Cheydinhal 외곽의 오블리비언 게이트를 닫아주어 정말 고마워요.",record,False,True,False,False,MEDIUM,Cheydinhal
Oblivion.esm,INFO,00058E02,,NAM1,1,,,"We were all expecting to become the next Kvatch, you know?",우린 모두 크바치처럼 되는 줄 알았어요. 아세요?,record,False,False,False,False,,
Oblivion.esm,INFO,00058E02,,NAM1,2,,,"With the Count worrying more about his son than the defense of the city, things were looking pretty grim.",백작은 도시의 방어보다 끔찍이도 위하는 아들 걱정이 우선이었죠.,record,False,False,False,False,,
Oblivion.esm,INFO,00058E02,,NAM1,3,,,"So, like I said, thanks. I'm glad I was able to come here and do my bit for our side, you know?","그래서, 말하고 싶어요, 고맙다라고. 돌아와 이웃을 위해 내 일을 할 수 있게 되어 다행이에요. 아세요?",record,False,False,False,False,,
Oblivion.esm,INFO,00058E03,,NAM1,0,,,The Mythic Dawn won't dare try anything now that the best soldiers in Cyrodiil are defending Bruma!,"시로딜(Cyrodiil) 최정예 병사들이 브루마를 지키는 한, 미식 던(Mythic Dawn)은 감히 도발하지 못 할꺼요!",record,True,True,False,False,HIGH,"Cyrodiil, Mythic, Dawn"
Oblivion.esm,INFO,00058E04,,NAM1,0,,,"Remember Kvatch, that's our watchword. We won't let that happen here, don't worry.","크바치(Kvatch)를 기억해, 이게 우리 구호요. 여기서 같은 일이 일어나도록 내버려 두지 않을 것이오, 걱정 마시오.",record,True,True,False,False,HIGH,Kvatch
Oblivion.esm,INFO,00058E05,,NAM1,0,,,I can't stay long. Count Caro's orders were to return to Leyawiin as soon as Bruma was safe.,오래 기다릴 수 없소. 카로(Caro) 백작께서 브루마(Bruma)가 안전해지는데로 곧장 레이어윈(Leyawiin)으로 돌아오라고 명령하셨소.,record,True,True,False,False,HIGH,"Caro, Bruma, Leyawiin"
Oblivion.esm,INFO,00058E06,,NAM1,0,,,Is it always this cold up here? This weather would freeze the arse off an ogre.,여긴 항상 이렇게 춥소? 이놈의 날씨는 도깨비 엉덩이도 얼려버리겠구만.,record,False,False,False,False,,
Oblivion.esm,INFO,00058E07,,NAM1,0,,,I hope there are more reinforcements on the way. We can't hold Bruma by ourselves!,지원군이 보강되어야 할 것 같군요. 우리 힘만으로 브루마(Bruma)를 지켜내는 건 무리에요!,record,True,True,False,False,HIGH,Bruma
Oblivion.esm,INFO,00058E08,,NAM1,0,,,It's good to see some reinforcements from across Cyrodiil. It's been too long since we all stood together in a common cause.,시로딜(Cyrodiil)의 지원군을 보니 반갑군요. 같은 문제로 함께 한 게 얼마만인지 모르겠군요.,record,True,True,False,False,HIGH,Cyrodiil
Oblivion.esm,INFO,00058E08,,NAM1,1,,,But so few ... surely the other cities will send help?,하지만 수가 좀... 다른 곳에서도 지원군을 보내겠죠?,record,False,False,False,False,,
Oblivion.esm,INFO,00058E09,,NAM1,0,,,The cities of Cyrodiil are finally rallying together to make a stand against the Oblivion invasion.,드디어 시로딜(Cyrodiil)의 도시들이 오블리비언 침공에 맞서 연합하고 있어요.,record,True,True,False,False,HIGH,Cyrodiil
Oblivion.esm,INFO,00058E09,,NAM1,1,,,I'm starting to think we might actually beat these bastards!,이젠 이 망나니들을 쳐부술 수 있을 것 같은 생각이 듭니다!,record,False,False,False,False,,
Oblivion.esm,INFO,0003C141,,NAM1,0,,,We won't let those daedra take Bruma.,저 데이드라들이 브루마(Bruma)를 차지하도록 내버려 두지 않겠소.,record,True,True,False,False,HIGH,Bruma
Oblivion.esm,INFO,0003C142,,NAM1,0,,,It's the waiting that gets to me. Why don't they just attack and get it over with?,난 기다리기만 하고 있어요. 왜 놈들은 공격해오지 않고 저러고만 있는 걸까요?,record,False,False,False,False,,
Oblivion.esm,INFO,0003C143,,NAM1,0,,,You helped our city fight off those damned daedra. Now it's our turn to help Bruma.,당신은 우리가 저 빌어먹을 데이드라들과 싸우는 것을 도왔어요. 이젠 우리가 브루마(Bruma)를 도울 차롑니다.,record,True,True,False,False,HIGH,Bruma
Oblivion.esm,INFO,000ADC5C,,NAM1,0,,,What happened? Where's Martin? I must congratulate him! Mehrunes Dagon is defeated! Cast back into Oblivion! We've won!,무슨 일이 일어난 거지? 마틴께서는 어디 계신가? 그분의 승리야! 메르네스 데이건을 물리쳤어! 오블리비언으로 날려버렸다구! 우리가 이겼어!,record,False,False,False,False,,
Oblivion.esm,INFO,000ADC5D,,NAM1,0,,,"Hail, Champion!","반갑네, 챔피언!",record,False,False,False,False,,
Oblivion.esm,INFO,000ADC60,,NAM1,0,,,"Is there something you need, Champion?","필요한 거라도 있나, 챔피언?",record,False,False,False,False,,
Oblivion.esm,INFO,000ADC66,,NAM1,0,,,Chancellor Ocato is expecting you. Proceed.,오카토(Ocato) 위원장께서 기다리고 계시오. 들어가시오.,record,True,True,False,False,HIGH,Ocato
Oblivion.esm,INFO,000748A1,,NAM1,0,,,"Regulus Terentius, Count Bravil. I'm really rather busy, and I doubt that you have anything to say that I need to hear.","브라빌(Bravil) 백작, 레굴루스 테렌티우스(Regulus Terentius) 백작이오. 아주 바쁘지만 언제나 주민들의 말에 귀 기울이고 있소.",record,True,True,False,False,HIGH,"Bravil, Regulus, Terentius"
Oblivion.esm,INFO,0001EE24,,NAM1,0,,,Are they gone? Is it safe to come back?,그들은 갔소? 이제 안전한 거요?,record,False,False,False,False,,
Oblivion.esm,INFO,00033DF3,,NAM1,0,,,Gods blood! They came out of nowhere. Have you seen Grandmaster Jauffre?,맙소사! 놈들이 어디서 나타난 건지 모르겠소. 죠프리 단장을 보지 못했소?,record,False,False,False,False,,
Oblivion.esm,INFO,0009098D,,NAM1,0,,,Come on! We need to help the Grandmaster!,갑시다! 단장을 도와야 하오!,record,False,False,False,False,,
Oblivion.esm,INFO,00033DF4,,NAM1,0,,,Poor Prior Maborel. He was dead when I came outside. Who could have done this?,가엾은 메이버렐... 내가 외출 중일 때 당했어요. 대체 누가 이런 짓을 한 거죠?,record,False,False,False,False,,
Oblivion.esm,INFO,00033DF5,,NAM1,0,,,Thanks for your help. I didn't think any of us were going to survive the attack.,도와줘서 감사해요. 이번 공격에 아무도 살아남지 못 하는 줄 알았어요.,record,False,False,False,False,,
Oblivion.esm,INFO,0001EE25,,NAM1,0,,,You're back. Thank Talos!,돌아왔군. 탈로스(Talos)시여 감사합니다!,record,True,True,False,False,HIGH,Talos
Oblivion.esm,INFO,0001EE25,,NAM1,1,,,They attacked without warning. I was praying in the Chapel when I heard Prior Maborel shout. I had just time to arm myself.,적들은 경고도 없이 공격해 왔어. 기도 드리는 중에 메이버렐 수도원장의 비명소리가 들렸네. 때마침 난 무장하고 있었지.,record,False,False,False,False,,
Oblivion.esm,INFO,0001EE25,,NAM1,2,,,The Amulet of Kings! I fear that was the target of this attack. I kept it in a secret room in Weynon House.,"참, 왕의 아뮬렛! 이번 공격이 아뮬렛을 노린 공격이 아닌지 모르겠네. 웨이넌 회관의 비밀 장소에 숨겨 뒀는데... ",record,False,False,False,False,,
Oblivion.esm,INFO,0001EE25,,NAM1,3,,,We need to go see if it is safe.,확인해 봐야겠어.,record,False,False,False,False,,
Oblivion.esm,INFO,0001EE26,,NAM1,0,,,The Amulet ... is it safe?,아뮬렛은... 무사한가?,record,False,False,False,False,,
Oblivion.esm,INFO,00090B4F,,NAM1,0,,,They've taken it! The Amulet of Kings is gone! The enemy has defeated us at every turn!,놈들이 가져갔다! 왕의 아뮬렛이 없어졌어! 적들은 우릴 완전히 꿰뚫고 있어!,record,False,False,False,False,,
Oblivion.esm,INFO,0001EE27,,NAM1,0,,,"As a Blade, my place is at Martin's side.","블레이드로서, 난 마틴의 곁을 지키고 있겠네.",record,False,False,False,False,,
Oblivion.esm,INFO,0009098E,,NAM1,0,,,I think we should find your friend Jauffre at once.,당신 친구 죠프리를 빨리 찾아야겠소.,record,False,False,False,False,,
Oblivion.esm,INFO,0009098F,,NAM1,0,,,Do you think there are any more of those assassins about?,다른 암살자들이 더 있을지도 모른다고 생각하고 있소?,record,False,False,False,False,,
Oblivion.esm,INFO,0006B1B2,,NAM1,0,,,Let's continue on to Cloud Ruler Temple. I haven't had a good night's sleep since Kvatch was attacked.,어서 클라우드 룰러(Cloud Ruler) 사원으로 갑시다. 크바치 공격 이후로 한번도 제대로 자 본 적이 없소.,record,True,True,False,False,HIGH,"Cloud, Ruler"
Oblivion.esm,INFO,0001EFE0,,NAM1,0,,,"Not much of a speech, was it? Didn't seem to bother them, though.","훌륭한 연설은 아니었어, 그렇지? 비록 지겨워하는 것 같진 않았지만 말이야.",record,False,False,False,False,,
Oblivion.esm,INFO,0001EFE0,,NAM1,1,,,The Blades saluting me and hailing me as Martin Septim...,블레이드는 마틴 셉팀(Martin Septim)으로서의 날 맞이하고 환영하는 것이겠지... ,record,True,True,False,False,HIGH,"Martin, Septim"
Oblivion.esm,INFO,0001EFE0,,NAM1,2,,,I don't mean to sound ungrateful. I know I would be dead by now if it weren't for you. Thank you.,부질없는 짓이었단 말은 아니네. 자네가 없었으면 난 죽었을 것이야. 고맙네.,record,False,False,False,False,,
Oblivion.esm,INFO,0001EFE0,,NAM1,3,,,But everyone expects me to suddenly know what to do. How to behave.,하지만 이들은 내게 별안간 어떻게 할 것인지 알아내기를 바라고 있어. 어떻게 대처해야 하는지.,record,False,False,False,False,,
Oblivion.esm,INFO,0001EFE0,,NAM1,4,,,They want an Emperor to tell them what to do. And I haven't the faintest idea...,무엇을 하라고 황제가 자신들에게 말해주길 바라지. 그러나 난 어떤 좋은 생각도 없고 말이야... ,record,False,False,False,False,,
Oblivion.esm,INFO,00064F38,,NAM1,0,,,Let's not keep the Blades waiting.,블레이드가 기다리고 있소.,record,False,False,False,False,,
Oblivion.esm,INFO,000981F1,,NAM1,0,,,You have entered a holy place. What is your business here?,당신은 신성한 장소에 들어섰소. 무슨 볼일로 여기 오셨소?,record,False,False,False,False,,
Oblivion.esm,INFO,0001EC3B,,NAM1,0,,,I have no more to say to you. Leave.,더이상 말할 수 없소. 나가시오.,record,False,False,False,False,,
Oblivion.esm,INFO,00026B65,,NAM1,0,,,"I welcome you to my humble home, stranger. What brings you to this place?","이방인이여, 누추한 내집에 오신걸 환영합니다. 무슨 일로 오셨나요?",record,False,False,False,False,,
Oblivion.esm,INFO,0009DB26,,NAM1,0,,,No repeat offenders! That's my motto!,범죄자에게 두 번이란 없다! 그게 내 좌우명이오!,record,False,False,False,False,,
Oblivion.esm,INFO,0009DB4D,,NAM1,0,,,"Thieves break in, but they don't break out... they break all over, when I'm finished with them.","도둑들이 침입하고 있지만, 아직 밖으로 나와 있지는 않소... 도둑질을 끝내는 순간, 내가 저놈들의 숨통을 끊어 줄거요.",record,False,False,False,False,,
Oblivion.esm,INFO,0009DB4E,,NAM1,0,,,"You're living on borrowed time, thief!","네놈이 살아있을 시간은 얼마 안남았다, 도둑놈!",record,False,False,False,False,,
Oblivion.esm,INFO,000981E9,,NAM1,0,,,I'm not the one you want to talk to.,나는 당신이 이야기 하고자 하는 사람이 아니오.,record,False,False,False,False,,
Oblivion.esm,INFO,000981F3,,NAM1,0,,,I am only a supplicant. Speak to the Dark Elf wearing the robes.,나는 단지 탄원자입니다. 로브를 입고있는 다크엘프에게 이야기 해보시오.,record,False,False,False,False,,
Oblivion.esm,INFO,0001EBD2,,NAM1,0,,,That's the last time you'll commit a crime in Bleaker's Way!,Bleaker's Way에서 죄를 짓는건 그게 마지막이다!,record,False,True,False,False,MEDIUM,"Bleaker's, Way"
Oblivion.esm,INFO,0009DB24,,NAM1,0,,,The Ulfgars are all dead. Whatever possessed them to attack us like that?,Ulfgars 일족은 모두 죽었다. 무엇에 사로잡혀서 그렇게 우리를 습격한 것일까?,record,False,True,False,False,MEDIUM,Ulfgars
Oblivion.esm,INFO,0009DB25,,NAM1,0,,,Damn the Ulfgar! They'll pay!,Ulfgar 자식들! 갚아주겠다!,record,False,True,False,False,MEDIUM,Ulfgar
Oblivion.esm,INFO,000981F7,,NAM1,0,,,What is it? There is trouble here in Bleaker's Way.,뭐냐? 여기 Bleaker's Way에 문제가 일어나고 있다.,record,False,True,False,False,MEDIUM,"Bleaker's, Way"
Oblivion.esm,INFO,0009F991,,NAM1,0,,,"Hail, traveler. You are welcome in Bleaker's Way.","어이, 나그네여. Bleaker's Way에 잘 오셨소.",record,False,True,False,False,MEDIUM,"Bleaker's, Way"
Oblivion.esm,INFO,0001ECDD,,NAM1,0,,,We know how to deal with criminals in Bleaker's Way!,Bleaker's Way에서의 범죄를 어떻게 대처하면 좋을지는 알고 있다!,record,False,True,False,False,MEDIUM,"Bleaker's, Way"
Oblivion.esm,INFO,0009DB2C,,NAM1,0,,,Every last Dark Elf in Bleaker's Way is dead. Such madness... how did it ever start?,Bleaker's Way에 있던 마지막 다크엘프들이 모두 죽었어. 이런 미친... 도대체 뭐가 시작되려는 거지?,record,False,True,False,False,MEDIUM,"Bleaker's, Way"
Oblivion.esm,INFO,0009DB2D,,NAM1,0,,,Where are those Dark Elves? Let me deal with them!,그 다크엘프들은 어디있어? 내가 놈들을 처리하겠어!,record,False,False,False,False,,
Oblivion.esm,INFO,000981F9,,NAM1,0,,,These are troubled times in Bleaker's Way. What do you want?,Bleaker's Way은 재앙의 시기에 놓여있다. 뭘 원하는거지?,record,False,True,False,False,MEDIUM,"Bleaker's, Way"
Oblivion.esm,INFO,0009F993,,NAM1,0,,,"Welcome to Bleaker's Way, stranger. What can I do for you?","이방인이여, Bleaker's Way에 오신 것을 환영합니다. 무슨 일인가요?",record,False,True,False,False,MEDIUM,"Bleaker's, Way"
Oblivion.esm,INFO,000982DE,,NAM1,0,,,The Gray Fox is waiting for you.,그레이 폭스께서 당신을 기다리신다.,record,False,False,False,False,,
Oblivion.esm,INFO,000982E3,,NAM1,0,,,Aren't you supposed to be on a quest for the Gray Fox?,자넨 그레이 폭스를 위해 일하는 중이지 않나?,record,False,False,False,False,,
Oblivion.esm,INFO,0001C4C8,,NAM1,0,,,"If you have the item my Lady seeks, I suggest you bring it to her. She hasn't slept a wink since you departed.",당신이 만약 내 여주인께서 찾고 있는 걸 가지고 있다면 그녀에게 드리길 제안하겠습니다. 당신이 출발한 뒤로 그녀는 한숨도 못 잤답니다.,record,False,False,False,False,,
Oblivion.esm,INFO,0001C48A,,NAM1,0,,,I'm sorry. You must speak to Countess Carvain for any further information.,미안합니다. 그 이상의 정보는 Carvain 백작부인과 얘기해야 합니다.,record,False,True,False,False,MEDIUM,Carvain
Oblivion.esm,INFO,0001C496,,NAM1,0,,,"Good day. I'm Tolgan, herald to Countess Narina Carvain here in Bruma. She requests your company at your earliest convenience.",안녕하세요. 난 Tolgan 라고 합니다. 이 곳 브루마의 Narina Carvain 백작부인의 전령이죠. 그녀는 당신이 형편 닿는 대로 조속히 만나고 싶어하십니다.,record,False,True,False,False,MEDIUM,"Tolgan, Narina, Carvain"
Oblivion.esm,INFO,000980CF,,NAM1,0,,,"Good day. I'm Tolgan, herald to Countess Narina Carvain.","안녕하세요. 난 Narina Carvain 백작부인의 전령, Tolgan 라고 합니다.",record,False,True,False,False,MEDIUM,"Narina, Carvain, Tolgan"
Oblivion.esm,INFO,000175B3,,NAM1,0,,,Have you found anything in Falcar's quarters?,팔카의 방에서 뭔가 찾아내신 게 있나요?,record,False,False,False,False,,
Oblivion.esm,INFO,000175B4,,NAM1,0,,,"I'm afraid some things have happened while you've been gone, Associate. It may affect your recommendation.",유감스럽지만 당신이 없는 사이에 일이 조금 일어났어요. 당신의 추천장에 영향을 줄지도 몰라요.,record,False,False,False,False,,
Oblivion.esm,INFO,0002D915,,NAM1,0,,,"They're all gone? I can leave the cave? Oh, thank you! I'm ever so grateful!",그들은 모두 사라졌나요? 동굴을 떠나도 되요? 오 고마워요! 정말 기쁘군요!,record,False,False,False,False,,
Oblivion.esm,INFO,0002D915,,NAM1,1,,,"You're heading back to Skingrad, aren't you? Could I... maybe come with you? It'd be safer, I think. So, what do you say?","당신은 스킨그라드로 돌아갈거죠? 그렇지요? 그럼... 내가 같이가도 될까요? 그게 더 안전할 것이라 생각하는데, 어때요?",record,False,False,False,False,,
Oblivion.esm,INFO,0002D916,,NAM1,0,,,You... how did you get in here? Are those horrible creatures gone?,당신... 어떻게 여기를 들어온 거요? 그 끔찍한 괴물들은 다 사라졌나요? ,record,False,False,False,False,,
Oblivion.esm,INFO,0002D916,,NAM1,1,,,I'm not going anywhere until they're gone! Horrible things!,그것들이 다 사라질 때까지 여기서 한발짝도 움직이지 않을거에요! 끔찍한 것들,record,False,False,False,False,,
Oblivion.esm,INFO,0002D917,,NAM1,0,,,Are the creatures gone? I want to get out of here. I've been trapped for days!,그 괴물들은 다 사라졌나요? 나는 여기서 이만 나가고 싶어요. 며칠이나 여기 갖혀있었단 말입니다!,record,False,False,False,False,,
Oblivion.esm,INFO,0002D917,,NAM1,1,,,I don't dare move a muscle until they're all dispatched!,그것들이 다 죽을 때까지 여기서 조금도 움직이지 않을 겁니다!,record,False,False,False,False,,
Oblivion.esm,INFO,0002D928,,NAM1,0,,,You'll be happy to know that Erthor is back in town. ,Erthor가 마을에 돌아온 것을 알려준다면 기뻐할 것이라 믿습니다. ,record,False,True,False,False,MEDIUM,Erthor
Oblivion.esm,INFO,0002D928,,NAM1,1,,,He knows to tell Adrienne that you're the one who rescued him. You should be able to tell her you've completed her little task.,그는 Adrienne에게 당신이 자신을 구출했다고 이야기해야 하는 것을 알고 있어요. 당신은 그녀에게 그녀의 작은 과제를 완수했다고 말할 수 있을 것입니다.,record,False,True,False,False,MEDIUM,Adrienne
Oblivion.esm,INFO,0002D928,,NAM1,2,,,"And let's just keep this little deal between us, shall we?",그리고 우리의 작은 거래는 둘만의 비밀로 하도록 하지요.,record,False,False,False,False,,
Oblivion.esm,INFO,0000BF37,,NAM1,0,,,"We'll talk more once I've finished getting Erthor back. For now, I have work to do.",Erthor가 되돌아온후 나와 다시한번 얘기해봅시다. 지금은 해야할 일이있군요.,record,False,True,False,False,MEDIUM,Erthor
Oblivion.esm,INFO,0002D91E,,NAM1,0,,,I hear you got quite a task from Adrienne.,Adrienne으로부터 상당한 과제를 받았다 들었어요,record,False,True,False,False,MEDIUM,Adrienne
Oblivion.esm,INFO,0004A989,,NAM1,0,,,"You're here about that recommendation, I presume. I'll need to speak with Erthor before I write it.",추천장을 위해 온 걸로 보이는군요. 하지만 그에 앞서 Erthor와 먼저 대화 해야겠어요.,record,False,True,False,False,MEDIUM,Erthor
Oblivion.esm,INFO,0004A98A,,NAM1,0,,,I trust you have good reason for interrupting me?,저를 방해한 적절한 이유가 뭐지요?,record,False,False,False,False,,
Oblivion.esm,INFO,0001BB29,,NAM1,0,,,May I answer any questions for you?,뭐든지 물어보세요.,record,False,False,False,False,,
Oblivion.esm,INFO,0001B944,,NAM1,0,,,"Have you changed your mind? I miss my husband, and fear the worst.","생각을 바꾸셨나요? 우리 남편이 그리워요, 그리고 너무 무서워요.. ",record,False,False,False,False,,
Oblivion.esm,INFO,0001B945,,NAM1,0,,,What can I help you with?,무엇을 도와드리죠?,record,False,False,False,False,,
Oblivion.esm,INFO,0001B92E,,NAM1,0,,,"I'm Tivela Lythandas. I apologize that I can't give you the respect a guest in my home would normally receive, but I am at my wit's end.",저는 Tivela Lythandas입니다. 제 집의 손님으로서의 예우를 해드리지 못할 것 같아 죄송스럽습니다. 지금 그런것을 할 기분이 아니거든요.,record,False,True,False,False,MEDIUM,"Tivela, Lythandas"
Oblivion.esm,INFO,0001B92E,,NAM1,1,,,"I am sorry to be so forward, but I desperately need your help. It seems that my husband, Rythe, has gone missing, and I just don't know what to do.","외람된 말이지만, 저는 지금 너무나도 도움이 필요해요. 제 남편 Rythe가 실종 된 것 같습니다. 어떻게 해야할지 모르겠어요.",record,False,True,False,False,MEDIUM,Rythe
Oblivion.esm,INFO,0001647E,,NAM1,0,,,"A final task awaits you, when you are ready. It is time for you to strike back at the King of Worms.",마지막 임무가 자네의 선택을 기다리고 있다네. 드디어 King of Worms 에게 반격을 가할 때가 왔어.,record,False,True,False,False,MEDIUM,"King, of, Worms"
Oblivion.esm,INFO,00016480,,NAM1,0,,,"I know what purpose this Soul Gem is meant to serve. It is meant to house my very own soul, to be absorbed by Mannimarco and increase his power.","이 소울젬이 무슨 목적으로 만들어 졌는지 알겠네. 이건 바로 내 영혼을 담기 위한 도구 로군. Mannimarco 에게 흡수되어서 그의 힘을 더 막강하게 만들기 위한 도구,",record,False,True,False,False,MEDIUM,Mannimarco
Oblivion.esm,INFO,00016480,,NAM1,1,,,"You were sent to acquire this gem so Mannimarco would not get his hands on it. With it, he would have marched on the University and come for me.","자넬 보낸 목적이 이 소울젬을 얻기 위한것 이었네. Mannimarco의 손에 이 소울젬이 들어가지 않게 하기 위해서. 그의 손에 들어갔다면,  그는 University 로 쳐들어 왔을테지.",record,False,True,False,False,MEDIUM,"Mannimarco, University"
Oblivion.esm,INFO,00016480,,NAM1,2,,,"There would have been little anyone could do to stop him. Now, however, I believe you have a chance to defeat him.","이제 그를 멈출수 있는 자는 거의 없다고 봐도 될테지. 하지만, 난 이제 자네가 그를 물리칠수 있는 기회를 얻었다고 믿고 있다네.",record,False,False,False,False,,
Oblivion.esm,INFO,00016480,,NAM1,3,,,"When you are ready, I have a final task for you to undertake. It will, undoubtedly, be the most important service you perform for the guild.","자네가 준비를 끝마치면, 난 이제 자네가 떠맡게될 임무를 돕기위한 마지막 일을 해야겠네. 이건 길드를 위해서 정말로 중요한 일이 될걸세.",record,False,False,False,False,,
Oblivion.esm,INFO,0001544B,,NAM1,0,,,"You're in charge. Let us know what positions we should take up, but be quick about it. The Necromancers could come out of there any time now.",이제는 당신이 책임자에요. 우리가 어디에 자리잡아야 할지 알려주세요. 하지만 빨리해 주세요. 네크로맨서들이 언제 올지 모른다구요.,record,False,False,False,False,,
Oblivion.esm,INFO,000151F4,,NAM1,0,,,This is it. The entrance to Silorn is just ahead.,여기에요. Silorn으로 들어가는 입구는 바로 조금만 가면 있어요.,record,False,True,False,False,MEDIUM,Silorn
Oblivion.esm,INFO,000151F4,,NAM1,1,,,"We've been watching the site for a while, and have tried to stay out of sight ever since the original plan was blown.",우리는 원래 계획이 날아간 후 그들의 시야를 피해 꽤 오랫동안 이곳을 감시하고 있었어요.,record,False,False,False,False,,
Oblivion.esm,INFO,000151F4,,NAM1,2,,,We were supposed to storm the place and take this gem they're holding. Only we can't. There's some sort of enchantment on the door.,"우리는 저곳을 습격해서 그들이 가지고 있는 gem을 탈취해야 했지만, 입구에 주문이 걸려 있어서 들어갈수가 없었어요. ",record,False,True,False,False,MEDIUM,gem
Oblivion.esm,INFO,000151F4,,NAM1,3,,,"With that door sealed, there's no way we're getting inside, so we'll have to wait for them to come out.",그 문이 잠겨 있어서 우리는 어찌 할 수 없었어요. 그래서 그들이 밖으로 나오기를 기다리고 있지요.,record,False,False,False,False,,
Oblivion.esm,INFO,000151F4,,NAM1,4,,,"Based on the activity I've seen, that should be very soon.","제가 관찰한 바에 따르면, 그들은 곧 나올 거에요.",record,False,False,False,False,,
Oblivion.esm,INFO,0001551C,,NAM1,0,,,"We'll talk when we're closer, so I can show you what we're facing. Not now.",더 가까이 가면 이야기하도록 하지요. 그래야 우리가 상대해야 할 것을 보여줄수 있을테니까요.,record,False,False,False,False,,
Oblivion.esm,INFO,000151F6,,NAM1,0,,,"You're here from the Council, aren't you?",Council이 당신을 보냈죠. 그렇죠?,record,False,True,False,False,MEDIUM,Council
Oblivion.esm,INFO,000151F6,,NAM1,1,,,Traven sent you? Just you?,Traven이 당신을 보냈어요? 당신 혼자?,record,False,True,False,False,MEDIUM,Traven
Oblivion.esm,INFO,000151F6,,NAM1,2,,,"That helps the odds, but not much. We're still going to be outnumbered. Follow me; I'll show you what we're up against.","도움이 안돼는건 아니지만, 큰 도움이랄수도 없군요. 우리는 여전히 숫적으로 불리해요. 저를 따라오세요. 우리가 맞서야 할 것을 보여드리죠.",record,False,False,False,False,,
Oblivion.esm,INFO,00037832,,NAM1,0,,,You've done it! Victory is within our grasp! Give the Amulet to Martin at once!,해냈어! 승리는 우리 손아귀에 있어! 어서 마틴에게 아뮬렛을 가져다 줘!,record,False,False,False,False,,
Oblivion.esm,INFO,0003C93E,,NAM1,0,,,"Since the Xivilai Anaxes, lord of the Savage Garden, has fallen, you must now face me in battle.",야생의 정원의 책임자 지빌라이 아나제스(Xivilai Anaxes)를 죽였으니 나와 싸워야 한다.,record,True,True,False,False,HIGH,"Xivilai, Anaxes"
Oblivion.esm,INFO,0003C93E,,NAM1,1,,,"There is but one path forward, and I hold the key.","나가는 길은 하나 뿐이고, 그 열쇠는 내가 가졌다.",record,False,False,False,False,,
Oblivion.esm,INFO,0003C93C,,NAM1,0,,,You destroyed the Sigil Tower at Ganonah. My kin say you fought well.,넌 가노나(Ganonah)의 시질 타워를 파괴한 자로군. 동료에게서 네가 훌륭하게 싸웠다는 얘길 들었다.,record,True,True,False,False,HIGH,Ganonah
Oblivion.esm,INFO,0003C80B,,NAM1,0,,,"You test my patience, mortal. You are in my service. I expect my orders to be carried out.","나의 인내력을 시험하지 마라, 인간. 넌 나를 섬기기로 했어. 나는 결과를 기다리고 있어.",record,False,False,False,False,,
Oblivion.esm,INFO,0003C93D,,NAM1,0,,,"You cannot deceive me. Anaxes has fallen. Now I must restore order to the Garden myself, and this angers me.",나를 속일 생각은 마라. 아나제스(Anaxes)는 죽었다. 이제 내가 손수 정원의 질서를 잡아야 한다는 사실이 나를 화나게 하는군.,record,True,True,False,False,HIGH,Anaxes
Oblivion.esm,INFO,0003C944,,NAM1,0,,,Anaxes is free. Order is restored to the Savage Garden. You have served me well.,아나제스(Anaxes)는 풀려났다. 야생의 정원의 질서가 돌아왔어. 네가 잘 해냈다.,record,True,True,False,False,HIGH,Anaxes
Oblivion.esm,INFO,0003C944,,NAM1,1,,,"In return for your service, I will give you the key to the Forbidden Grotto, if you still wish it.","너의 수고에 대한 보답으로, 원한다면 금단의 동굴로 가는 열쇠를 주겠다.",record,False,False,False,False,,
Oblivion.esm,INFO,0003EAC3,,NAM1,0,,,"This area is off limits, worm! Get back to your cage!","이곳은 접근금지 구역이다, 벌레 같은 놈! 우리로 돌아가라!",record,False,False,False,False,,
Oblivion.esm,INFO,0003EAC4,,NAM1,0,,,"You are not to speak to me, worm.",넌 내게 말을 할 수 없다. 이 벌레 같은 놈.,record,False,False,False,False,,
Oblivion.esm,INFO,00047355,,NAM1,0,,,You ... how can you be here?,당신... 어떻게 여기 있소?,record,False,False,False,False,,
Oblivion.esm,INFO,00047355,,NAM1,1,,,"No matter. You are too late to stop Lord Dagon's victory. Soon we will return to Tamriel, to rule over it as lords.",당신... 어떻게 여기에 온거지?,record,False,False,False,False,,
Oblivion.esm,INFO,00047355,,NAM1,2,,,While you will remain here in the Eternal Garden... forever.,"뭐, 상관 없지. 데이건 폐하의 승리를 막기엔 너무 늦었다. 우리는 곧 폐하께서 지배하는 탐리엘로 돌아가게 될 것이다.",record,False,False,False,False,,
Oblivion.esm,INFO,00047357,,NAM1,0,,,"So you found your way to Gaiar Alata at last. Don't we have enough troubles here, without you adding to them?",드디어 가이아 알라타(Gaiar Alata)를 찾아냈군요. 당신 아니어도 우린 여기서 충분히 괴롭소. 보태지 말아 주시겠소?,record,True,True,False,False,HIGH,"Gaiar, Alata"
Oblivion.esm,INFO,00047357,,NAM1,1,,,"Leave us alone. Your quarrel is with Mankar Camoran, not us poor fools.","우릴 내버려 두시오. 당신의 볼일은 맨카 케모런이지, 불쌍하고 어리석은 우리가 아니잖소.",record,False,False,False,False,,
Oblivion.esm,INFO,00047356,,NAM1,0,,,"Are you here to end this nightmare, and free us all from the Savage Garden?",여기의 악몽을 멈춰줄 수 있소? 우리를 야생의 정원에서 벗어나게 할 수 있소?,record,False,False,False,False,,
Oblivion.esm,INFO,00047358,,NAM1,0,,,"What do you want, mortal?","뭘 원하시오, 인간?",record,False,False,False,False,,
Oblivion.esm,INFO,0008B0AB,,NAM1,0,,,Come into the High Hall of Judgment. Let us test ourselves against one another once and for all.,심판의 홀로 들어오라. 각자 스스로를 시험해보자 모두가 끝날 때까지.,record,False,False,False,False,,
Oblivion.esm,INFO,0008B0AC,,NAM1,0,,,You came for the Amulet. Take it then!,아뮬렛 때문에 왔지 않나. 가져가 보라구!,record,False,False,False,False,,
Oblivion.esm,INFO,00014663,,NAM1,0,,,"Have you recovered either the Bloodworm Helm, or the Necromancer's Amulet?",Bloodworm Helm이나 Necromancer's Amulet을 되찾아 왔나?,record,False,True,False,False,MEDIUM,"Bloodworm, Helm, Necromancer's, Amulet"
Oblivion.esm,INFO,00014660,,NAM1,0,,,Have you recovered the Bloodworm Helm?,Bloodworm Helm은 가져왔나?,record,False,True,False,False,MEDIUM,"Bloodworm, Helm"
Oblivion.esm,INFO,0000C08D,,NAM1,0,,,"At the worst possible time, the Council is in ruins.",최악의 타이밍에 council은 산산조각났네.,record,False,True,False,False,MEDIUM,council
Oblivion.esm,INFO,0000C08D,,NAM1,1,,,"A course of action could not be agreed upon. Some felt that we are in danger of being exterminated, and that it is time to fight back.",도저히 앞으로의 행동방침을 통일할수 없었어. 일부는 지금 우리가 전멸의 위기에 있고 거기에 맞서 싸워야 한다고 주장했지.,record,False,False,False,False,,
Oblivion.esm,INFO,0000C08D,,NAM1,2,,,"Others felt it appropriate to fight fire with fire, as it were. The Council has shattered, and artifacts have been lost.",나머지는 불은 불로 대응하는 것이 적합하다고 생갔했네. Council은 분열되었고 아티팩트들은 사라졌지.,record,False,True,False,False,MEDIUM,Council
Oblivion.esm,INFO,0000C08D,,NAM1,3,,,The Necromancer's Amulet and the Bloodworm Helm have been taken.,그들이 Necromancer's Amulet과 Bloodworm Helm을 가져갔네.,record,False,True,False,False,MEDIUM,"Necromancer's, Amulet, Bloodworm, Helm"
Oblivion.esm,INFO,0004D0AE,,NAM1,0,,,I never thought it would come to this... the Amulet... Martin must use it against Him! We have no choice!,이렇게 되리라곤 전혀 생각지 못했어... 아뮬렛... 마틴(Martin)께서 그걸 사용해야 해! 다른 방법이 없어!,record,True,True,False,False,HIGH,Martin
Oblivion.esm,INFO,0004D0AF,,NAM1,0,,,I am at the Emperor Martin's command.,나는 마틴(Martin) 황제의 명을 따르오.,record,True,True,False,False,HIGH,Martin
Oblivion.esm,INFO,0001544C,,NAM1,0,,,Were you successful? Do you have the Black Soul Gem?,성공하셨나요? 검은 소울젬을 가지고 있나요?,record,False,False,False,False,,
Oblivion.esm,INFO,0001544D,,NAM1,0,,,"Go. Find Thalfin, and the other Battlemages. Stop the gem from reaching Mannimarco.",가게. Thalfin이라는 배틀메이지를 찾아서 gem이 Mannimarco에게로 가는 것을 막게.,record,False,True,False,False,MEDIUM,"Thalfin, gem, Mannimarco"
Oblivion.esm,INFO,000151F7,,NAM1,0,,,"Time is against us, and our enemies grow stronger. There is much to do, and little time in which to do it. Your next task is essential.","시간은 우리편이 아니고, 적들은 계속 강해지고 있네. 할것은 많지만, 그걸 할 시간은 적어. 자네의 다음 임무는 매우 중요하네.",record,False,False,False,False,,
Oblivion.esm,INFO,000982D8,,NAM1,0,,,"He's inside, downstairs. Don't keep him waiting.","그는 안쪽에, 아래층에 있어. 그를 기다리게 하지 마시오.",record,False,False,False,False,,
Oblivion.esm,INFO,000982DD,,NAM1,0,,,"Shhh! This is our time for silent prayer. You may wait outside, or quietly in here. We usually finish around the eleventh bell.",쉿! 조용히 기도하는 시간 입니다. 밖에서 기다리거나 여기서 조용히 있으시오. 보통 열 한번째 종이 치면 마무리합니다.,record,False,False,False,False,,
Oblivion.esm,INFO,000982E4,,NAM1,0,,,"What can this peaceful monk do for you, stranger?","평화로운 수도사(monk)에게 무엇을 원하십니까, 이방인?",record,True,True,False,False,HIGH,monk
Oblivion.esm,INFO,000146C7,,NAM1,0,,,"Well, well. This is quite a surprise. I thought you were Traven's lapdog, doing whatever he said, and yet here you are.","이런, 이런. 이건 꽤 뜻밖이군요. 저는 당신이 Traven의 말대로 따르는 그의 애완견인줄 알았는데 여기로 오다니.",record,False,True,False,False,MEDIUM,Traven
Oblivion.esm,INFO,000146C7,,NAM1,1,,,Good that you've finally seen the light. The cause will benefit from your assistance.,마침내 당신도 빛을 본거군요. 당신의 도움은 매우 도움이 될 거에요. ,record,False,False,False,False,,
Oblivion.esm,INFO,00014661,,NAM1,0,,,What are you doing here?,당신은 여기서 뭐하는 거에요?,record,False,False,False,False,,
Oblivion.esm,INFO,00014661,,NAM1,1,,,Well... Caranya will want to talk to you. You should go see her.,뭐... Caranya가 당신과 얘기하고 싶어할 거에요. 가서 그녀를 만나보세요.,record,False,True,False,False,MEDIUM,Caranya
Oblivion.esm,INFO,00014664,,NAM1,0,,,You'd better talk to Caranya before you do anything else.,여기서 무언가 하기 전에 먼저 Caranya와 만나보는게 좋겠어요.,record,False,True,False,False,MEDIUM,Caranya
Oblivion.esm,INFO,00014665,,NAM1,0,,,"If you're here to help, you'd best go see Caranya. She'll tell you what we need.","만약 당신이 여기 돕기위해 왔다면, 당신은 Caranya를 보는게 좋겠어요. 그녀가 우리가 무엇을 필요로 하는지 알려줄 거에요.",record,False,True,False,False,MEDIUM,Caranya
Oblivion.esm,INFO,000146CE,,NAM1,0,,,"Are you here about the Amulet? If so, Caranya has it.",Amulet에 대해 왔나요? 그건 Caranya가 가지고 있어요.,record,False,True,False,False,MEDIUM,"Amulet, Caranya"
Oblivion.esm,INFO,000146D2,,NAM1,0,,,We've been hard at work. Caranya is very determined. You should go talk to her.,우리는 열심히 일하고 있어요. Caranya는 거기에 대해 매우 단호하죠. 당신은 가서 그녀를 만나야 해요.,record,False,True,False,False,MEDIUM,Caranya
Oblivion.esm,INFO,00027F89,,NAM1,0,,,"What do you want? A job? If you want it from me, you'll have to join the Fighters Guild. Not that I'm sure you can cut it.","어떤걸 원하지? 일? 만약 나한테서 그걸 원한다면, 넌 반드시 파이터 길드에 가입해야돼. 네가 과연 그 일들을 잘 해나갈수 있을진 모르겠지만.",record,False,False,False,False,,
Oblivion.esm,INFO,00027F8A,,NAM1,0,,,"What can I do for you? Looking for some work? If so, the Fighters Guild can always use able-bodied new members.","어떻게 도와드릴까요? 일거리를 찾고계십니까? 그렇다면, 파이터 길드는 항상 힘있고 능력있는 새 멤버들을 동원한다는걸 알고계세요.",record,False,False,False,False,,
Oblivion.esm,INFO,00033D11,,NAM1,0,,,You look tough. Want to join the Fighters Guild?,너 강해보인다. 파이터길드에 가입하고 싶니?,record,False,False,False,False,,
Oblivion.esm,INFO,00033DCB,,NAM1,0,,,We're looking for recruits. Think you're tough enough to join the Fighters Guild?,우리는 신입을 모집하고 있어. 넌 자신이 파이터 길드에 가입하기 충분할 정도로 강하다고 생각해본적 없니?,record,False,False,False,False,,
Oblivion.esm,INFO,00033DCE,,NAM1,0,,,"Join the Fighters Guild? Fight, and get paid for it.","파이터 길드에 가입한다는거? 싸우고, 그 보상으로 돈을 받는거지.",record,False,False,False,False,,
Oblivion.esm,INFO,00033DCF,,NAM1,0,,,We're looking for recruits. Interested?,회원모집 중이오. 관심 있소?,record,False,False,False,False,,
Oblivion.esm,INFO,00033DD0,,NAM1,0,,,You're a likely looking prospect. Thinking about the Fighters Guild?,당신은 가능성이 있어 보이는군. 파이터길드에 대해 어떻게 생각하시오?,record,False,False,False,False,,
Oblivion.esm,INFO,00033DD1,,NAM1,0,,,"Good work, good pay. Want to join the Guild?",괜찮은 일과 괜찮은 급료가 있다네. 길드에 가입하고 싶은가?,record,False,False,False,False,,
Oblivion.esm,INFO,00033DD2,,NAM1,0,,,Looking for adventure? The Fighters Guild is a good place to start.,모험을 기대하나? 파이터길드는 그 출발로 괜찮은 곳이지.,record,False,False,False,False,,
Oblivion.esm,INFO,00033DD3,,NAM1,0,,,We're looking for fighters and adventurers. You should join up.,우린 전사들과 모험가들을 기다리고 있네. 당신 가입하게.,record,False,False,False,False,,
Oblivion.esm,INFO,00033DD4,,NAM1,0,,,"Come on. Join the Fighters Guild. See the world, and get paid for it.",그래. 파이터길드에 들어오게. 세상을 구경하고 그것에 대한 보상도 받을 수 있지.,record,False,False,False,False,,
Oblivion.esm,INFO,00033DD5,,NAM1,0,,,"You're not afraid of trouble, are you? You'd like the Fighters Guild.",당신은 분쟁을 겁내지 않는군. 그렇지 않소? 당신은 파이터길드가 마음에 들 것이오.,record,False,False,False,False,,
Oblivion.esm,INFO,00014677,,NAM1,0,,,Have you recovered the Necromancer's Amulet?,Necromancer's Amulet는 찾아왔나? ,record,False,True,False,False,MEDIUM,"Necromancer's, Amulet"
Oblivion.esm,INFO,00014656,,NAM1,0,,,Do I know you?,내가 당신을 아는가요?,record,False,False,False,False,,
Oblivion.esm,INFO,00014657,,NAM1,0,,,You're bothering me.,당신은 나를 귀찮게 하고 있소.,record,False,False,False,False,,
Oblivion.esm,INFO,000982D9,,NAM1,0,,,You must be the cat burglar I've been told to expect. Follow me.,자네는 기대가 된다는 그 도둑고양이(Cat Burglar)가 틀림없군. 날 따라오게나.,record,True,True,False,False,HIGH,"Cat, Burglar"
Oblivion.esm,INFO,0000C1C4,,NAM1,0,,,Thanks again for helping us. I'm sure Ormil will reward you appropriately.,우릴 도와줘서 다시 한번 감사하오. Ormil이 당신에게 적절한 보상을 할 거라고 믿소.,record,False,True,False,False,MEDIUM,Ormil
Oblivion.esm,INFO,0000C1C5,,NAM1,0,,,I'm sure Ormil can help you now. I'm busy trying to get us home.,Ormil이 지금 당신을 도울 수 있다고 확신하오. 난 우릴 집으로 운반하느라 바쁘오.,record,False,True,False,False,MEDIUM,Ormil
Oblivion.esm,INFO,0000C1C6,,NAM1,0,,,"Like I said, I'm not moving the Float until Ormil is safe.","내가 말했듯이, Ormil이 안전하기 전까진 이 배를 움직이지 않을 거요.",record,False,True,False,False,MEDIUM,Ormil
Oblivion.esm,INFO,0000C1C7,,NAM1,0,,,"Sounds like the coast is clear, so I'll make my way up to the ship's wheel. But I'm not moving this hulk an inch until Ormil is safe.",지금이 적기인 것처럼 들리는군. 그럼 난 배의 키를 잡겠소. 하지만 Ormil이 안전하기 전까진 이 배를 움직이지 않을 거요.,record,False,True,False,False,MEDIUM,Ormil
Oblivion.esm,INFO,0000C1C9,,NAM1,0,,,I'll wait on the tavern deck until you clear the top deck. That's where the ship's wheel is located.,당신이 상부 갑판을 정리하기 전까진 선술집용 갑판에서 기다리겠소. 배의 키가 거기에 있거든.,record,False,False,False,False,,
Oblivion.esm,INFO,0000C1D3,,NAM1,0,,,I'm not going to the top deck until it's safe.,안전해지기 전엔 상부 갑판에 가지 않을 거요.,record,False,False,False,False,,
Oblivion.esm,INFO,0000C1DC,,NAM1,0,,,"Thank you for freeing me. I'm Graman gro-Marad, the Bloated Float's bouncer and helmsman. I've been locked in that storage room for hours.","날 자유롭게 해줘서 감사하오. 난 Graman gro-Marad요, 선상 여관(Bloated Float)의 경비원이자 조타수지. 난 몇 시간동안 창고안에 갇혀 있었소.",record,True,True,False,False,HIGH,"Graman, gro-Marad, Bloated, Float"
Oblivion.esm,INFO,0000C1DC,,NAM1,1,,,"I don't know exactly what's going on, but not long ago, a gang of thieves calling themselves The Blackwater Brigands stormed the ship.","정확히 무슨 일이 일어난 지 모르오만, 얼마 전 스스로를 Blackwater Brigands라고 부르는 한 도둑의 무리가 배를 습격했소.",record,False,True,False,False,MEDIUM,"Blackwater, Brigands"
Oblivion.esm,INFO,0000C1DC,,NAM1,2,,,"They took myself and Ormil, the Float's owner, hostage and put the ship to sea. I have no idea what they're after.",그들은 나와 이 배의 주인인 Ormil을 인질로 잡아 배를 출항시켰소. 그후에 무슨 일이 있었는진 모르겠구려.,record,False,True,False,False,MEDIUM,Ormil
Oblivion.esm,INFO,0000C1DC,,NAM1,3,,,"If you can get me safely to the top deck, I can steer the Float home. But I'm not budging until the coast is clear.",당신이 나를 상부 갑판으로 안전하게 데려다 줄 수 있다면 내가 배를 조종해 집으로 돌릴 수 있소. 하지만 방해하는 자가 없기 전까진 난 움직이지 않을 거요.,record,False,False,False,False,,
Oblivion.esm,INFO,0000C1DC,,NAM1,4,,,"I'm used to dealing with drunken louts, not a gang of well-armed thieves.",난 술 취한 얼뜨기들을 다루는데 익숙하오만 잘 무장된 강도들은 그렇지 못하오.,record,False,False,False,False,,
Oblivion.esm,INFO,0000C1DE,,NAM1,0,,,I'll wait here until the tavern deck is clear.,선술집 갑판이 정리되기 전까지 여기서 기다리겠소.,record,False,False,False,False,,
Oblivion.esm,INFO,00188860,,NAM1,0,,,Move outta' my way.,비키시오.,record,False,False,False,False,,
Oblivion.esm,INFO,0000C202,,NAM1,0,,,I've nothing more to say to you.,더는 말할 게 없어.,record,False,False,False,False,,
Oblivion.esm,INFO,0000C203,,NAM1,0,,,I've already surrendered. What more do you want?,난 이미 항복했어. 뭘 더 원해?,record,False,False,False,False,,
Oblivion.esm,INFO,0000C1EA,,NAM1,0,,,How'd you get in here?,어떻게 여기 들어왔지?,record,False,False,False,False,,
Oblivion.esm,INFO,00015256,,NAM1,0,,,Wha- ? What are you doing up here? They find the Golden Galleon yet?,뭐.. 여기서 뭐 하는 거야? 그들은 아직 Golden Galleon을 찾지 못한 거야?,record,False,True,False,False,MEDIUM,"Golden, Galleon"
Oblivion.esm,INFO,00015257,,NAM1,0,,,Ho there! Where do you think you're going! Selene's not going to like this one bit... I wasn't to be disturbed!,이봐 거기! 어딜 갈 생각이야! Selene는 이런 걸 조금도 좋아하지 않아... 난 그녀를 방해하고 싶지 않다고!,record,False,True,False,False,MEDIUM,Selene
Oblivion.esm,INFO,000151E5,,NAM1,0,,,Hey! Who in Oblivion are you? You don't look like one of the Blackwater Brigands!,어이! Oblivion에 있던 게 너라고? 넌 Blackwater Brigands의 일원처럼 보이지 않는 걸!,record,False,True,False,False,MEDIUM,"Oblivion, Blackwater, Brigands"
Oblivion.esm,INFO,0000BEE3,,NAM1,0,,,Welcome back. An important task awaits you.,잘왔네. 중요한 임무가 기다리고 있어,record,False,False,False,False,,
Oblivion.esm,INFO,0000BEE4,,NAM1,0,,,"Greetings. It is high time that we meet face to face, don't you think?",만나서 반갑네. 어려운 때에 만나게 된것 같군. 그렇지 않나? ,record,False,False,False,False,,
Oblivion.esm,INFO,0000BEE4,,NAM1,1,,,"Raminus has told me good things about you. You have advanced quickly, and show great promise.",Raminus가 자네를 칭찬하더군. 자네는 빠르게 승진했고 큰 가능성도 보여줬어.,record,False,True,False,False,MEDIUM,Raminus
Oblivion.esm,INFO,0000BEE4,,NAM1,2,,,"I now intend to put your talents to a more direct test. I have a difficult task that you can, perhaps, assist with.",그래서 나는 자네의 능력을 좀더 직접적으로 시험해보고자 하네. 나는 자네가 도와줘야할 어려운 임무를 가지고 있네.,record,False,False,False,False,,
Oblivion.esm,INFO,0000BEE5,,NAM1,0,,,"You continue to do the guild proud. As such, a new task awaits you.","자네는 길드의 귀감일세. 그런고로, 새로운 임무가 기다리고 있네.",record,False,False,False,False,,
Oblivion.esm,INFO,0000BEE5,,NAM1,1,,,"This time, however, it comes from Arch-Mage Traven himself. You should go see him.",하지만 이번엔 아크메이지 Traven으로 부터 직접 내려온 거야. 그분에게 가보도록 하게. ,record,False,True,False,False,MEDIUM,Traven
Oblivion.esm,INFO,0000BE68,,NAM1,0,,,"Hello. You're from the Fighters Guild, I presume. It's good that you've arrived. We need your help with some disappearances.","안녕. 추측하건데, 파이터길드에서 왔군. 네가 온다는 소릴듣고 좋아했다. 우리들은 어떤실종에 대해 너의 도움이 간절하다.",record,False,False,False,False,,
Oblivion.esm,INFO,0001E894,,NAM1,0,,,"You wouldn't happen to be in the market for a home would you? If you are, I just happen to be selling a manor located right here in Anvil.","혹시 거주할 집을 구하고 있지는 않으십니까? 그렇다면, 때마침 제가 이곳 앤빌에 있는 저택을 매각하려 합니다만.",record,False,False,False,False,,
Oblivion.esm,INFO,0000A2B8,,NAM1,0,,,You look like one of the low lifes that infest this place.,당신은 이곳에 우글거리는 하층민중 하나인 것 같군요.,record,False,False,False,False,,
Oblivion.esm,INFO,00015F0A,,NAM1,0,,,It's good to see you.,만나서 반가워요.,record,False,False,False,False,,
Oblivion.esm,INFO,000982DC,,NAM1,0,,,I'm glad you're here. We have work to do.,다행히 당신이 여기 있었군요. 우리가 할 일이 있습니다.,record,False,False,False,False,,
Oblivion.esm,INFO,00098377,,NAM1,0,,,I'm busy now. You need to talk to Methredhel.,난 지금 바쁘네요. 당신은 Methredhel와 얘기해야 합니다.,record,False,True,False,False,MEDIUM,Methredhel
Oblivion.esm,INFO,00098378,,NAM1,0,,,The Imperial Watch has imposed a curfew. We have to remain in our homes until they catch the Gray Fox.,임페리얼 경비병은 통행금지령을 내렸다. 우리는 그들이 그레이 폭스를 잡을 때까지 집에 있어야 했어.,record,False,False,False,False,,
Oblivion.esm,INFO,00098379,,NAM1,0,,,"If you aren't going to tell me where to find the Gray Fox, I'm not interested.","그레이 폭스를 어디서 찾을 수 있는지 말하지 않는다면, 나는 관심 없어.",record,False,False,False,False,,
Oblivion.esm,INFO,0000A0F6,,NAM1,0,,,Are they.... are they gone?,녀... 녀석들은 갔나요?,record,False,False,False,False,,
Oblivion.esm,INFO,0000A0F6,,NAM1,1,,,"I was too afraid. I just couldn't move. I could hear the screaming, but I just couldn't move!","너무 무서웠어요. 움직일 수가 없었어요. 비명소리를 들었지만, 도저히 움직일 수가 없었어요!",record,False,False,False,False,,
Oblivion.esm,INFO,0000A0F6,,NAM1,2,,,He killed them all. Just... slaughtered them.,그 남자가 전부 죽였어요. 그냥... 학살해 버렸어요.,record,False,False,False,False,,
Oblivion.esm,INFO,0000A0F6,,NAM1,3,,,I... I saw his face. I saw the King of Worms!,제... 제가 봤습니다. 제가 벌레의 왕의 얼굴을 봤다고요!,record,False,False,False,False,,
Oblivion.esm,INFO,0000A0F7,,NAM1,0,,,Any word from Jeanne in Bruma?,브루마의 Jeanne과 만나봤나?,record,False,True,False,False,MEDIUM,Jeanne
Oblivion.esm,INFO,0000A0FA,,NAM1,0,,,"Speak with Jeanne Frasoric in Bruma, and see that she is all right.",브루마에 있는 Jeanne Frasoric과 만나게. 그리고 그녀가 괜찮은지 알아봐.,record,False,True,False,False,MEDIUM,"Jeanne, Frasoric"
Oblivion.esm,INFO,0000A0FB,,NAM1,0,,,The Council is in complete disarray at the news of Mannimarco's presence in Cyrodiil.,Council은 시로딜에 Mannimarco가 돌아왔다는 소식에 난장판이 되었어.,record,False,True,False,False,MEDIUM,"Council, Mannimarco"
Oblivion.esm,INFO,0000A0FB,,NAM1,1,,,"The King of Worms has obviously targeted the guild, but we have no idea why. No demands have been made.",King of Worms가 길드를 노렸다는 것은 확실하네. 그러나 왜 그랬는지는 몰라. 아무 요구도 없었네.,record,False,True,False,False,MEDIUM,"King, of, Worms"
Oblivion.esm,INFO,0000A0FB,,NAM1,2,,,"All of my attention is devoted to the Council. We must discern the reason for this sudden attack, and stop Mannimarco before he destroys us all.",내 모든 신경은 council에 있다네. 우리는 이 갑작스런 공격의 의미를 찾아야해. 그리고 Mannimarco가 우리를 모두 파괴하기 전에 그를 막아야하네.,record,False,True,False,False,MEDIUM,"council, Mannimarco"
Oblivion.esm,INFO,0000A0FB,,NAM1,3,,,I am unable to look into something that has been brought to my attention. Are you capable of going on my behalf?,내가 신경쓰이는게 생겼지만 나는 여기서 움직일수 없어. 자네가 나를 대신해 가주겠나? ,record,False,False,False,False,,
Oblivion.esm,INFO,000039BD,,NAM1,0,,,"Oh, no. Not another one.",오 이런. 또냐.,record,False,False,False,False,,
Oblivion.esm,INFO,000039BD,,NAM1,1,,,"Ahem. Citizen of... Skingrad. Please be advised that I am here on official business, and wish no harm...","에헴. 스킨그라드의... 시민이여. 나는 이곳에 공식적인 일로 온것으로, 그 어떠한 해도 끼칠 생각은 없소...",record,False,False,False,False,,
Oblivion.esm,INFO,000039BD,,NAM1,2,,,"... Oh, forget it. Let me guess: you're worried about what my men and I are doing here in town, right?","...이런 못해먹겠군. 내가 한번 맞춰보지: 당신은 나와 내 부하들이 마을에서 뭘 하는지 걱적되는 거지, 그렇지 않소?",record,False,False,False,False,,
Oblivion.esm,INFO,000039DA,,NAM1,0,,,"Good to see you again, friend. I don't suppose you've noticed anything out of the ordinary around here?","다시 봐서 기쁘군요, 친구여. 혹시 주변에서 뭔가 심상치 않은 일 눈치채신 거 없습니까?",record,False,False,False,False,,
Oblivion.esm,INFO,00034463,,NAM1,0,,,"Oh, you again. What do you want?","오, 당신이로군. 무슨일이요?",record,False,False,False,False,,
Oblivion.esm,INFO,00035A25,,NAM1,0,,,"Hello again, citizen.",다시 보는군요. 안녕하신가요.,record,False,False,False,False,,
Oblivion.esm,INFO,00034464,,NAM1,0,,,"Excuse me, citizen.",실례하겠소.,record,False,False,False,False,,
Oblivion.esm,INFO,00009180,,NAM1,0,,,"So, the work is complete. Now we can discuss the information I have for you.",드디어 다 처리되었군. 자 이제 자네를 위한 정보에 대해 이야기하도록 하지.,record,False,False,False,False,,
Oblivion.esm,INFO,00009181,,NAM1,0,,,"You make progress, but your work is not yet done.","꽤 진척을 보인것 같지만, 다 끝난건 아니잖나.",record,False,False,False,False,,
Oblivion.esm,INFO,00003997,,NAM1,0,,,"Welcome, guild mage. We meet again, although in different circumstances.",잘왔네 길드메이지. 다시 만났군. 좀 어려운 때이긴 하지만 말일세.,record,False,False,False,False,,
Oblivion.esm,INFO,00003997,,NAM1,1,,,"I fear this time you may find the results no more to your liking than the last. Less so, perhaps.",자네는 이번에 알게될 사실이 저번것보다 더 마음에 들지 않을거야. ,record,False,False,False,False,,
Oblivion.esm,INFO,00003997,,NAM1,2,,,"The information I have for your guild will not be met with smiles and hand-shakes, I fear.",내가 길드를 위해 가지고 있는 정보는 웃으며 건네줄 만한 것이 아니네.,record,False,False,False,False,,
Oblivion.esm,INFO,00003996,,NAM1,0,,,"Let us speak of the information I have for your guild, so that you may pass it on to your Council, and they may decide how to use it.",자네가 council에 보고할 수 있도록 자네 길드를 위해 내가 입수한 정보를 알려주도록 하지. 그러면 그들이 그 정보를 알아서 사용하겠지,record,False,True,False,False,MEDIUM,council
Oblivion.esm,INFO,000748A4,,NAM1,0,,,"The Count is on his way. Please, remain here and be patient.",백작님은 곧 오실 겁니다. 여기서 잠시만 기다려 주세요.,record,False,False,False,False,,
Oblivion.esm,INFO,0006143E,,NAM1,0,,,"You've seen Lucien Lachance, then? Good, good. I know whatever task he has for you will be carried out with skill and discretion.","Lucien Lachance를 만났다고? 좋군, 좋아. 그가 자네에게 내린 임무가 뭐든지, 그 일이 자네의 능력과 판단력으로 잘 처리될거라 믿네.",record,False,True,False,False,MEDIUM,"Lucien, Lachance"
Oblivion.esm,INFO,00033EE0,,NAM1,0,,,"You've given me new hope, friend. I really believe we can make Cropsford a home for ourselves.","당신은 우리에게 새로운 희망을 줬소, 친구여. 나는 지금 진심으로 Cropsford를 우리들의 집으로 만들 수 있다고 믿소.",record,False,True,False,False,MEDIUM,Cropsford
Oblivion.esm,INFO,00033EE1,,NAM1,0,,,"What do you think, friend? We've accomplished a lot since you last saw this place.","어떻게 생각하시오, 친구? 당신이 여기를 마지막으로 방문한 이후 많은 것을 이뤄냈소.",record,False,False,False,False,,
Oblivion.esm,INFO,00033EE3,,NAM1,0,,,"I'm proud of what we've built here. You should be, too. Cropsford wouldn't exist without the help you gave us.","여기를 개척하게 된 것이 자랑스러워요. 당신 역시 그럴테죠. Cropsford는 당신이 없었다면, 존재하지도 못했을 거에요.",record,False,True,False,False,MEDIUM,Cropsford
Oblivion.esm,INFO,00033EE4,,NAM1,0,,,"Hey, I was up in Cropsford the other day. It looks like they're really making a go of it. You did a good thing there, you know.","여어, 저번에 Cropsford에서 만났죠. 그 가족, 순조롭게 해나가고 있는것 같더라구요. 당신 정말 좋은 일을 한거에요.",record,False,True,False,False,MEDIUM,Cropsford
Oblivion.esm,INFO,00035671,,NAM1,0,,,I've told you all you need to know. Follow the road west out of town and through the High Pasture; the Count will meet you there at 2 AM.,저는 당신에게 필요한 모든 걸 이미 알려줬습니다. 길을 따라 마을 서쪽으로 나가서 목장을 가로질러 기다리도록 하세요. 백작님은 새벽 2시쯤 당신을 보실 겁니다.,record,False,False,False,False,,
Oblivion.esm,INFO,00035672,,NAM1,0,,,You there. I have an update for you.,거기 당신. 당신에게 알려줄 말이 있습니다.,record,False,False,False,False,,
Oblivion.esm,INFO,00035672,,NAM1,1,,,"The Count has agreed to see you, but not here.","백작님께서 당신을 보시기로 하셨지만, 여기선 아닙니다.",record,False,False,False,False,,
Oblivion.esm,INFO,00035672,,NAM1,2,,,"He wishes to meet with you north of the Cursed Mine outside of town, after 2 AM.",백작님은 새벽 2시 이후에 마을 밖에 있는 저주받은 광산 북쪽에서 당신을 보고자 하십니다.,record,False,False,False,False,,
Oblivion.esm,INFO,00035672,,NAM1,3,,,It would be wise of you to be on time.,늦지 않도록 하시는 게 좋을 겁니다.,record,False,False,False,False,,
Oblivion.esm,INFO,00035672,,NAM1,4,,,"Follow the road west out of Skingrad, through the High Pasture. The mine entrance is south of the road. The Count will meet you just outside it.",스킨그라드 서쪽의 도로로 가서 목장을 지나면 도로 남쪽에 광산 입구가 있을 겁니다. 백작님은 바로 그 밖에서 당신을 만날 예정이십니다.,record,False,False,False,False,,
Oblivion.esm,INFO,00035673,,NAM1,0,,,Has a day passed yet? No?,아직 하루가 지나지 않았죠? 네?,record,False,False,False,False,,
Oblivion.esm,INFO,00035673,,NAM1,1,,,"Then, as I told you, I don't have any new information for you, do I?","그렇다면, 이미 말했듯이 저는 당신에게 새롭게 할 말은 아무것도 없겠지요. 그렇지 않나요?",record,False,False,False,False,,
Oblivion.esm,INFO,00035676,,NAM1,0,,,"Yes? The Mages Guild, you say?",예? 메이지 길드라고요?,record,False,False,False,False,,
Oblivion.esm,INFO,00035676,,NAM1,1,,,"Oh, the Count is quite aware of your presence here. He simply has no interest in granting you an audience at this time.","오, 백작님은 당신이 여기 와있는걸 잘 알고 계십니다. 단지 지금은 만나고 싶지 않으신 것 뿐이에요.",record,False,False,False,False,,
Oblivion.esm,INFO,00035676,,NAM1,2,,,"Now that I've seen you myself, I can't say that I blame him.","지금 제가 당신을 보고 있노라니, 그분 심정을 이해할 수 있겠군요.",record,False,False,False,False,,
Oblivion.esm,INFO,00035676,,NAM1,3,,,"Nevertheless, I shall endeavor to change his mind on the subject. Return tomorrow - perhaps he will see you then.","그렇다해도, 그분이 생각을 바꾸도록 노력해 보기로 하지요. 내일 다시 오세요. 어쩌면 그때는 그가 당신을 볼지도 모르죠.",record,False,False,False,False,,
Oblivion.esm,INFO,00035677,,NAM1,0,,,You have your task. Perform it as well as you would any other.,자네은 할일 이 생겼어. 당신이 다른 일을 할 때처럼 이 일을 하길 바라네.,record,False,False,False,False,,
Oblivion.esm,INFO,00035679,,NAM1,0,,,I have a new task for you.,자네가 해야 할 일이 있다네.,record,False,False,False,False,,
Oblivion.esm,INFO,000356B7,,NAM1,0,,,It is time for decisive action. I have one more duty for you to perform.,이제 행동으로 보여야 할 시간이다. 자네가 해줘야 할 단 한가지 일이 더 있다. ,record,False,False,False,False,,
Oblivion.esm,INFO,00071E76,,NAM1,0,,,You! You've ruined everything! Why? WHY? I had a job! I had a home! You've taken it all! I'll kill you for this!,네놈이 모든걸 망쳐놨어! 왜? 어째서? 난 직업이 있었어! 집이 있었어! 네가 다 빼앗아가버렸어! 죽여버리겠다!!,record,False,False,False,False,,
Oblivion.esm,INFO,000355A2,,NAM1,0,,,"You have your task. Find Delmar, and ask for his help.",자네는 할일이 있을텐데. Delmar를 찾아서 그의 도움을 구하게.,record,False,True,False,False,MEDIUM,Delmar
Oblivion.esm,INFO,000355A4,,NAM1,0,,,What? Necromancers at the cave?,뭐라고? 동굴에 네크로멘서가 있었어?,record,False,False,False,False,,
Oblivion.esm,INFO,00035548,,NAM1,0,,,What have we here? Another plaything?,이게 뭐지? 새로운 장난감인가?,record,False,False,False,False,,
Oblivion.esm,INFO,00035548,,NAM1,1,,,"You'll dance for me, little one, yes, you will. I'll make your corpse dance, and then tear itself apart!","너는 나를 위해 춤추게 될 거란다 꼬마야. 그래, 난 네 시체도 춤추게 하고, 그리고나서 산산히 찢어버릴거야!",record,False,False,False,False,,
Oblivion.esm,INFO,0005C2FB,,NAM1,0,,,You should be out acquiring a Mage's Staff for yourself. What do you need?,자네는 지금 직접 메이지의 staff를 구하러 나가있어야 하잖나. 뭐가 필요하지?,record,False,True,False,False,MEDIUM,staff
Oblivion.esm,INFO,00034EA8,,NAM1,0,,,We come to the real work at last.,드디어 제대로 된 일을 하게 되는군.,record,False,False,False,False,,
Oblivion.esm,INFO,00034EA8,,NAM1,1,,,"You have, no doubt, seen some of the worst the guild has to offer. As much as we try to hold mages to a higher standard, they are only human.","당연하지만 자네는 이미 길드가 가지고 있는 나쁜 면을 보았을꺼야. 우리는 우리 메이지들의 수준을 높게 유지하려고 노력하지만, 그들도 결국 사람이라서.",record,False,False,False,False,,
Oblivion.esm,INFO,00034EA8,,NAM1,2,,,"What I hope you will now see is that while the guild can be disjointed and misused, it can also achieve some wonderful things. ","길드가 이렇게 분열되고 잘못 사용 되어 지기도 하지만, 이제부터는 그런 길드라도 가끔은 멋진 일들을 이룰수 있다는 것을 확인할 수 있기를 바라네. ",record,False,False,False,False,,
Oblivion.esm,INFO,00034EA8,,NAM1,3,,,"Now you have an opportunity to engage in more meaningful tasks, and continue with your advancement through the guild.",이제부터 자네는 지금보다 좀더 의미있는 일을 할 기회를 얻게 될 거야.,record,False,False,False,False,,
Oblivion.esm,INFO,0002C6A6,,NAM1,0,,,"Do you have the Mage's staff, Associate?",메이지의 staff를 찾았나요?,record,False,True,False,False,MEDIUM,staff
Oblivion.esm,INFO,0002C0CF,,NAM1,0,,,Any luck talking with Varon Vamori yet? It should be no trouble at all once you use that scroll.,Varon Vamori와의 대화에서 진전이 좀 있었나요? 그 scroll을 사용했다면 별 문제는 없었을 텐데요.,record,False,True,False,False,MEDIUM,"Varon, Vamori, scroll"
Oblivion.esm,INFO,0002F1F1,,NAM1,0,,,Are you ready to earn your recommendation now?,이제 추천장을 받으실 준비가 되셨나요?,record,False,False,False,False,,
Oblivion.esm,INFO,0002F1F3,,NAM1,0,,,"Hello there, Associate. You're here for a recommendation, I presume. Are you prepared to earn it?","반갑군요. 신입분. 분명, 추천장 때문에 여기 오셨겠죠? 얻을 준비는 되셨나요?",record,False,False,False,False,,
Oblivion.esm,INFO,0002FBAB,,NAM1,0,,,"Wha...? What do you want... friend? Wait... You're not my friend. If you were my friend., you'd give me something. Like, you know... skooma!","어... 왜 그래요 친구? 아니... 잠깐... 당신은 내 친구가 아니잖아? 만약 당신이 내 친구라면, 내게 뭔가를 줬을거야... 그러니까... 음, Skooma 라든가.",record,False,True,False,False,MEDIUM,Skooma
Oblivion.esm,INFO,0002FBAE,,NAM1,0,,,"Huh? What do you want? Sorry, can't talk... now. I'm with my... my lady friend here. Talk to me... later... Not here... Not in the hotel... Okay...","허? 원하는게 뭡니까? 미안하지만, 지금은 대화... 할 수 없어요. 저는... 그러니까, 여자친구랑 같이 있거든요. 나중... 에 말을... 걸어주세요... 여기서 말고요... 호텔안...에서도 안돼요. ",record,False,False,False,False,,
Oblivion.esm,INFO,0002FBB4,,NAM1,0,,,Oh... Hi. Hi again. You're the one who... who was going to bring me some skooma. To be my friend. Yeah... I remember you... now...,오... 안녕하세요. 다시 안녕하세요. 당신은 나에게 skooma를 가져다 준다고 한 사람이군요. 내친구가 되려고. 그래... 난 당신을 기억하죠... 지금은... ,record,False,True,False,False,MEDIUM,skooma
Oblivion.esm,INFO,0002FF08,,NAM1,0,,,"The High Elf Faelian now swims in the maelstrom of darkness at the feet of our Dread Father, Sithis. And, there were no witnesses to your handiwork.","이제 High Elf Faelian은 공포의 아버지 시시스의 발치에서 어둠의 폭풍속을 헤엄치고 있고, 자네가 일을 처리할 때 목격자도 없었군.",record,False,True,False,False,MEDIUM,"High, Elf, Faelian"
Oblivion.esm,INFO,0002FF08,,NAM1,1,,,"Because of the discretion you exercised, Captain Phillida will not suspect the Dark Brotherhood was involved, and will not meddle in our affairs.","자네가 일을 벌인 위치가 위치다보니, Captain Phillida도 다크브라더후드가 개입되어 있다고는 생각치 못할거야. 그리고 우리일에 참견하지도 못하겠지.",record,False,True,False,False,MEDIUM,"Captain, Phillida"
Oblivion.esm,INFO,0002FF08,,NAM1,2,,,"Here is your reward and bonus. Both have been well earned. Go now and rest, and may the Night Mother guard your dreams.",여기에 보수와 보너스가 있네. 잘했네. 이제 가서 좀 쉬게나. 나이트마더께서 자네의 잠자리를 지켜주시기를...,record,False,False,False,False,,
Oblivion.esm,INFO,000008D2,,NAM1,0,,,"The High Elf Faelian now swims in the maelstrom of darkness at the feet of our Dread Father, Sithis. And, there were no witnesses to your handiwork.","이제 High Elf Faelian은 공포의 아버지 시시스의 발치에서 어둠의 폭풍속을 헤엄치고 있고, 자네가 일을 처리할 때 목격자도 없었군.",record,False,True,False,False,MEDIUM,"High, Elf, Faelian"
Oblivion.esm,INFO,000008D2,,NAM1,1,,,"Because of the discretion you exercised, Captain Phillida will not suspect the Dark Brotherhood was involved, and will not meddle in our affairs.","자네가 일을 벌인 위치가 위치다보니, Captain Phillida도 다크브라더후드가 개입되어 있다고는 생각치 못할거야. 그리고 우리일에 참견하지도 못하겠지.",record,False,True,False,False,MEDIUM,"Captain, Phillida"
Oblivion.esm,INFO,000008D2,,NAM1,2,,,"Here is your reward and bonus. Both have been well earned. In addition, you have been advanced to the rank of Eliminator. ","여기에 보수와 보너스가 있네. 잘했네. 그리고, 이제 자네를 Eliminator로 임명하네.",record,False,True,False,False,MEDIUM,Eliminator
Oblivion.esm,INFO,000008D2,,NAM1,3,,,"I present to you now this key. It unlocks the well behind the Abandoned House above. Use it to gain hidden, quick access to this Sanctuary.","이 열쇠를 주지. 이건 '버려진 집' 뒤쪽에 있는 우물을 사용할 수 있게 해줄걸세. 빠르고, 은밀하게 Sanctuary로 들어올 수 있을거야.",record,False,True,False,False,MEDIUM,Sanctuary
Oblivion.esm,INFO,000008D2,,NAM1,4,,,"Go now and rest, and may the Night Mother haunt your dreams.",이제 가서 좀 쉬게나. 나이트마더께서 자네의 잠자리를 지켜주시기를...,record,False,False,False,False,,
Oblivion.esm,INFO,0002FF09,,NAM1,0,,,"Yes, Faelian has been killed, but you did not exercise discretion. How many witnesses were there? We may never know.","네, Faelian은 죽었습니다, 하지만 당신은 재량권을 행사하지 않았어요. 목격자가 얼마나 많이 있었는지 아시나요? 우리는 절대 알수 없습니다.",record,False,True,False,False,MEDIUM,Faelian
Oblivion.esm,INFO,0002FF09,,NAM1,1,,,"But you can be sure Adamus Phillida will suspect the Dark Brotherhood was involved, and will launch an investigation.","하지만 당신은 Adamus Phillida가 다크브라더후드가 연루되었다는 것을 의심하고, 조사를 시작할 것이라는 것을 확신하겠지요.",record,False,True,False,False,MEDIUM,"Adamus, Phillida"
Oblivion.esm,INFO,0002FF09,,NAM1,2,,,"I had hoped to avoid such an... irritation. Here is your reward, but the bonus is forfeit. Do try to be more careful next time, hmm?","내가 기피했던 그런... 과민반응이 있었군요. 여기 보상금이 있습니다만, 보너스는 몰수됩니다. 다음엔 더 조심하세요, 흠?",record,False,False,False,False,,
Oblivion.esm,INFO,0003489E,,NAM1,0,,,"Yes, Faelian has been killed, but you did not exercise discretion. How many witnesses were there? We may never know.","네, Faelian은 죽었습니다, 하지만 당신은 재량권을 행사하지 않았어요. 목격자가 얼마나 많이 있었는지 아시나요? 우리는 절대 알수 없습니다.",record,False,True,False,False,MEDIUM,Faelian
Oblivion.esm,INFO,0003489E,,NAM1,1,,,"But you can be sure Adamus Phillida will suspect the Dark Brotherhood was involved, and will launch an investigation.","하지만 당신은 Adamus Phillida가 다크브라더후드가 연루되었다는 것을 의심하고, 조사를 시작할 것이라는 것을 확신하겠지요.",record,False,True,False,False,MEDIUM,"Adamus, Phillida"
Oblivion.esm,INFO,0003489E,,NAM1,2,,,"I had hoped to avoid such an... irritation. Here is your reward, but the bonus is forfeit. Do try to be more careful next time, hmm?","내가 기피했던 그런... 과민반응이 있었군요. 여기 보상금이 있습니다만, 보너스는 몰수됩니다. 다음엔 더 조심하세요, 흠?",record,False,False,False,False,,
Oblivion.esm,INFO,0003489E,,NAM1,3,,,"Despite this recent lapse in professionalism, your overall efforts have been commendable. It's time you were advanced to the rank of Eliminator. ","최근 프로들의 경향에도 불구하고, 전반적인 노력은 훌륭하였습니다. 당신이 엘리미네이터의 등급으로 진급시킬 시간입니다.",record,False,False,False,False,,
Oblivion.esm,INFO,0003489E,,NAM1,4,,,"I present to you now this key. It unlocks the well behind the Abandoned House above. Use it to gain hidden, quick access to this Sanctuary.",지금 당신에게 이 열쇠를 드립니다. 이것으로 the abandoned House 위의 벽을 열 수 있습니다. 그것을 이용하여 은밀하고 재빠르게 이 성지로 출입할 수 있습니다.,record,False,True,False,False,MEDIUM,"the, abandoned, House"
Oblivion.esm,INFO,0003489E,,NAM1,5,,,"Go now and rest, and may the Night Mother haunt your dreams.","지금 가서 쉬세요, 그래서 나이트 마더가 당신의 꿈을 쫓아 다닐 수 있도록.",record,False,False,False,False,,
Oblivion.esm,INFO,0004D7E0,,NAM1,0,,,And what might you want... peasant?,그리고 당신이 원하는 것일 수도... 농부?,record,False,False,False,False,,
Oblivion.esm,INFO,0004D7E1,,NAM1,0,,,"Yes, good sir? How may I help you?","네, 잘 알겠습니다? 내가 어떻게 당신을 도와 드릴까요?",record,False,False,False,False,,
Oblivion.esm,INFO,0004D7E2,,NAM1,0,,,"Yes, my lady? How may I help you?","네, 부인? 내가 어떻게 당신을 도와 드릴까요?",record,False,False,False,False,,
Oblivion.esm,INFO,0004D7E3,,NAM1,0,,,"Ah, my dear friend. It is so good to see you.","아, 나의 친구. 당신을 만나게 되어서 좋습니다.",record,False,False,False,False,,
Oblivion.esm,INFO,00030204,,NAM1,0,,,Not now!,지금은 안돼요!,record,False,False,False,False,,
Oblivion.esm,INFO,00030205,,NAM1,0,,,"Not now, you fool!","지금 말고요, 이 바보야!",record,False,False,False,False,,
Oblivion.esm,INFO,0004F21E,,NAM1,0,,,It is ill-advised for us to speak.,별로 좋지않은 충고군요.,record,False,False,False,False,,
Oblivion.esm,INFO,00030206,,NAM1,0,,,"I'm afraid your journey ends here, traveler.",당신의 여행이 여기서 끝나지 않았으면 하네요.,record,False,False,False,False,,
Oblivion.esm,INFO,00030206,,NAM1,1,,,"I'll be taking whatever you're carrying. After you're dead, of course. I do hope it's more than the last few had. They were most disappointing.",당신이 운반하고 있는 모든걸 내가 가질겁니다. 물론 당신이 죽은 후에요. 저번보다 더 많았으면 좋겠군요.,record,False,False,False,False,,
Oblivion.esm,INFO,00030189,,NAM1,0,,,"Oh, don't let me bother you. You just stay safe on the road.","오, 방해하지 않겠습니다. 안전하게 여행하시면 됩니다.",record,False,False,False,False,,
Oblivion.esm,INFO,00030187,,NAM1,0,,,"Pardon me, but did I hear you say that you're a traveling merchant?","실례합니다만, 방금 혹시 여행중인 상인이라 하시지 않으셨나요?",record,False,False,False,False,,
Oblivion.esm,INFO,0004F21F,,NAM1,0,,,"Hello there! I must say, I'm quite surprised to see anyone else here.",안녕하십니까! 여기서 다른 사람을 보다니 놀랍군요,record,False,False,False,False,,
Oblivion.esm,INFO,0004F21F,,NAM1,1,,,"With all the trouble on the road recently, I expected to be the only one staying at the inn. It's a welcome surprise though, believe me.","요즘 길에서 일어나는 일때문에, 전 이 여관에서만 지내고 있답니다. 어쨋든 환영합니다.",record,False,False,False,False,,
Oblivion.esm,INFO,0004F21F,,NAM1,2,,,"Are you staying for a while, or simply just passing through?","여기에 머무르실건가요, 아니면 그저 지나가는 길인가요?",record,False,False,False,False,,
Oblivion.esm,INFO,0001C4AA,,NAM1,0,,,"Welcome to the Inn. If it's a room you're after, speak with Christophe.",저희 여관에 오신것을 환영 합니다. 묶으실 방을 찾으시려거든 Christophe를 찾아 주세요.,record,False,True,False,False,MEDIUM,Christophe
Oblivion.esm,INFO,0003009C,,NAM1,0,,,"Welcome to the Brina Cross Inn. Can I interest you in something to eat, or perhaps a bed for the night?",Brina Cross Inn에 오신걸 환영합니다. 먹을게 필요하신가요? 아니면 잠잘 침대요?,record,False,True,False,False,MEDIUM,"Brina, Cross, Inn"
Oblivion.esm,INFO,00022A7F,,NAM1,0,,,"Did I not tell you to avoid contact with us? Travel along the road, and act normally. We shall be shadowing you.","우리에게 오지 말라고 제가 말하지 않았나요? 길을 따라서 이동하면서, 자연스럽게 행동하세요. 그럼 우린 은밀히 당신을 뒤따라 갈테니까요.",record,False,False,False,False,,
Oblivion.esm,INFO,0006D810,,NAM1,0,,,You have your orders. Now carry them out.,지시는 내렸습니다. 이제 임무를 마치세요.,record,False,False,False,False,,
Oblivion.esm,INFO,0006D811,,NAM1,0,,,"We should speak in your room, where it is private. Not here.","당신의 방에서 예기해야 하겠군요, 사적인 공간에서요. 여기 말고요.",record,False,False,False,False,,
Oblivion.esm,INFO,0004F220,,NAM1,0,,,"You don't follow orders well, do you? You were supposed to find me before you spoke to anyone else here.",말을 제대로 안따르시는군요. 당신은 다른사람하고 대화하기 전해 저를 찾으셨어야 합니다.,record,False,False,False,False,,
Oblivion.esm,INFO,0004F220,,NAM1,1,,,"We shall look forward instead of back, however. You still have work to do.",후퇴하는것보다는 전진이 낫겠죠. 당신은 해야할 일이 있습니다.,record,False,False,False,False,,
Oblivion.esm,INFO,0004F220,,NAM1,2,,,"Rest here for the night, and then continue along the Gold Road, heading east towards Kvatch.","여기서 하룻밤을 쉬신후, 골드로드를 따라 계속 가세요. 동쪽의 크밧치를 향해서요.",record,False,False,False,False,,
Oblivion.esm,INFO,0004F220,,NAM1,3,,,"I shall be following out of sight, along with a fellow Battlemage. Make no attempts to speak to us; trust that we will protect you.","저는 안보이는곳에 있을겁니다, 다른 전투마법사와 함께요. 저희들에게 말을 걸려 하지 마세요; 우리가 당신을 지킬것을 믿어주세요.",record,False,False,False,False,,
Oblivion.esm,INFO,0004F220,,NAM1,4,,,"Should you be confronted by this cowardly mage, do not hesitate to protect yourself with whatever means possible.","이 비겁한 마법사와 맞서겠습니까, 가능한 모든수를 써서 당신을 보호하세요.",record,False,False,False,False,,
Oblivion.esm,INFO,0004F220,,NAM1,5,,,"Once the mage has revealed himself, we will step in and settle the matter quickly. Now, get yourself some sleep. You'll need to be well-rested.","마법사가 모습을 드러내면, 우리가 나서서 문제를 매듭질겁니다. 그러니 수면을 취하세요. 충분히 힘을 애껴야 합니다.",record,False,False,False,False,,
Oblivion.esm,INFO,00030207,,NAM1,0,,,"All right, it should be safe to speak here.","좋습니다, 여기는 안전하겠군요.",record,False,False,False,False,,
Oblivion.esm,INFO,00030207,,NAM1,1,,,"Once you've rested here, you need to continue along the Gold Road, heading east towards Kvatch.","여기서 쉬신후에, 당신은 골드로드를 따라 동쪽의 크밧치를 향해 가야 합니다.",record,False,False,False,False,,
Oblivion.esm,INFO,00030207,,NAM1,2,,,"I shall be following out of sight, along with a fellow Battlemage. Make no attempts to speak to us; trust that we will protect you.","저는 안보이는곳에 있을겁니다, 다른 전투마법사와 함께요. 저희들에게 말을 걸려 하지 마세요; 우리가 당신을 지킬것을 믿어주세요.",record,False,False,False,False,,
Oblivion.esm,INFO,00030207,,NAM1,3,,,"Should you be confronted by this cowardly mage, do not hesitate to protect yourself by whatever means possible.","이 비겁한 마법사와 맞서겠습니까, 가능한 모든수를 써서 당신을 보호해 보세요.",record,False,False,False,False,,
Oblivion.esm,INFO,00030207,,NAM1,4,,,"Once the mage has revealed himself, we will step in and settle the matter quickly. Now, get yourself some sleep. You'll need to be well-rested.","마법사가 모습을 드러내면, 우리가 나서서 문제를 매듭질겁니다. 그러니 수면을 취하세요. 충분히 힘을 애껴야 합니다.",record,False,False,False,False,,
Oblivion.esm,INFO,00030208,,NAM1,0,,,Don't speak to me further until you've rented a room. Then I'll come find you.,방을 빌리기 전에는 저에게 말걸지마세요. 그 후에 찾아가겠습니다.,record,False,False,False,False,,
Oblivion.esm,INFO,0002FD72,,NAM1,0,,,"Hello, stranger. What can I do for you?","안녕하세요, 낯선 이여. 뭘 도와드릴까요?",record,False,False,False,False,,
Oblivion.esm,INFO,0002FD72,,NAM1,1,,,"Carahil has sent you, has she not?","캐러힐 씨가 당신을 보내셨군요, 아닙니까?",record,False,False,False,False,,
Oblivion.esm,INFO,0002FD72,,NAM1,2,,,"Go and speak with Christophe. Rent a room for the night. Once you have your room, I will meet you there.","가서 크리스토프 씨랑 말하세요. 방 하나 빌리시고요. 방을 빌리시면, 거기서 만나죠.",record,False,False,False,False,,
Oblivion.esm,INFO,0002FD72,,NAM1,3,,,"If anyone asks, you are a traveling merchant, nothing more. Do not say otherwise to anyone.","누가 물으면, 당신은 그냥 여행중인 상인인 겁니다. 절대 다른 얘기 하시면 안 됩니다.",record,False,False,False,False,,
Oblivion.esm,INFO,0002FD72,,NAM1,4,,,"No, friend. I'm afraid I don't know the way to Cheydhinhal, but good luck in your travels. Please excuse me.",친구여. Cheydhinhal로 가는 길을 몰랐는데 마침잘됬습니다.,record,False,True,False,False,MEDIUM,Cheydhinhal
Oblivion.esm,INFO,0002EDD7,,NAM1,0,,,"So, what of the Rogue mage? Has he been found?","그래서, 그 난폭한 메이지가 어쨌다구요? 그를 이미 찾은건가요?",record,False,False,False,False,,
Oblivion.esm,INFO,0002EE3F,,NAM1,0,,,"Hello, Associate. To earn a recommendation from me, you need simply prove you are able-bodied and prepared to learn something in the process.","반가워요, Associate. 내 추천장을 받아가려거든, 그냥 단순히 몸 건강하고, 우리가 일 처리 하는데 필요한 필요한것들을 배울준비가 돼어 있다는것만 보여주는 걸로 충분해요.",record,False,True,False,False,MEDIUM,Associate
Oblivion.esm,INFO,00033EE2,,NAM1,0,,,Hello. I hope the goblins along the Yellow Road didn't give you any trouble.,여어. Yellow Road 지나는 길에 고블린과 문제 없길 바랄게요.,record,False,True,False,False,MEDIUM,"Yellow, Road"
Oblivion.esm,INFO,00033EF2,,NAM1,0,,,"Welcome, traveller. We're all so worried about the goblins, we may not be as hospitable as we should be.","환영합니다, 여행자여. 우리 모두가 고블린 때문에 곤란한 처지라, 충분한 대접을 할 수 없을지도 모르겠군요.",record,False,False,False,False,,
Oblivion.esm,INFO,0002F476,,NAM1,0,,,"Let me know as soon as Cropsford is cleared of goblins, so we can get back to building our new settlement.",Cropsford에서 고블린이 정리되서 개척을 재개할 수 있는 상태가 되면 알려 주시게.,record,False,True,False,False,MEDIUM,Cropsford
Oblivion.esm,INFO,00033EF3,,NAM1,0,,,"If you need anything, talk to my father-in-law. This whole expedition was his idea.",뭔가 필요하면 내 장인어른에게 말하시오. 이 모든 탐험이 그의 생각이었으니까.,record,False,False,False,False,,
Oblivion.esm,INFO,00033EF4,,NAM1,0,,,"If it's about Cropsford, please talk to my father. He'll know what to do.","Cropsford에 관한 거라면, 부디 내 아버지에게 말하세요. 그가 해야할 것을 알 겁니다.",record,False,True,False,False,MEDIUM,Cropsford
Oblivion.esm,INFO,000319CD,,NAM1,0,,,"Well met! Come, warm yourself by our fire.","잘 왔어요! 자, 모닥불 쬐도록 하세요.",record,False,False,False,False,,
Oblivion.esm,INFO,00003933,,NAM1,0,,,What's the status of the Stone of St. Alessia? Have you returned it to Cirroc yet?,St. Alessia의 돌(Stone)은 괜찮나? 아직 시록(Cirroc)에게 그것을 돌려주지 않은건가?,record,True,True,False,False,HIGH,"St, Alessia, Stone, Cirroc"
Oblivion.esm,INFO,00003934,,NAM1,0,,,Have you finished out your contract? You need to find that Stone.,자네의 청부를 끝마쳤나? 자네는 그 돌(Stone)을 찾아야 하네.,record,True,True,False,False,HIGH,Stone
Oblivion.esm,INFO,0000395E,,NAM1,0,,,"Here for more work, are you? I've got one last contract for you. First, though, a bit of bad news. Oreyn spoke with Vilena about your last mission.","다른 일을 받으러 왔군, 그렇지 않나? 자넬 위한 마지막 청부가 있네. 그 전에, 조금 나쁜 소식이 있어. Oreyn이 Vilena에게 최근 자네가 수행했던 임무에 대해 말했네.",record,False,True,False,False,MEDIUM,"Oreyn, Vilena"
Oblivion.esm,INFO,0000395E,,NAM1,1,,,"She didn't take the news well. Oreyn has been expelled. And, I'm sorry to do this, but you've been demoted to Defender. You'll be fine, though.","그녀는 그 소식을 기분좋게 받아들이진 못했네. Oreyn은 길드에서 제명되었지. 그리고, 유감이네만 자네는 Defender로 강등되었네.",record,False,True,False,False,MEDIUM,"Oreyn, Defender"
Oblivion.esm,INFO,000C8525,,NAM1,0,,,There's one last contract.,마지막 임무가 있네.,record,False,False,False,False,,
Oblivion.esm,INFO,00035F33,,NAM1,0,,,I'm really impressed. You made getting past that pillar look easy.,저는 정말 감동받았어요. 당신은 그 기둥을 지나는 것이 아무것도 아닌 것처럼 만들었어요.,record,False,False,False,False,,
Oblivion.esm,INFO,00035F35,,NAM1,0,,,"Sent you in to try your hand at the thing, have they?",그들이 이일을 당신에게 맡겨보려고 보냈군요. 그렇죠?,record,False,False,False,False,,
Oblivion.esm,INFO,00035F34,,NAM1,0,,,"Hey, you're not supposed to be here.",이봐요. 당신은 여기에 있으면 안되요.,record,False,False,False,False,,
Oblivion.esm,INFO,00035F36,,NAM1,0,,,Get that artifact back to Irlav at the Arcane University. He's in a better position to study it than I am. Or to assign someone else to do it...,그 유물을 아케인 대학의 Irlav에게 가져가세요. 그는 저보다 그것을 더 쉽게 연구할 수 있을 거에요. 아니면 다른 사람에게 그 일을 시키겠지요... ,record,False,True,False,False,MEDIUM,Irlav
Oblivion.esm,INFO,00035F37,,NAM1,0,,,What's that you have there?,당신이 가지고 있는 그건 뭔가요?,record,False,False,False,False,,
Oblivion.esm,INFO,00035F37,,NAM1,1,,,"That looks important, whatever it is. I think you've really found something!",그건 아주 중요해 보이는군요. 그게 무엇이든 간에 굉장한 것을 찾았군요! ,record,False,False,False,False,,
Oblivion.esm,INFO,00035F37,,NAM1,2,,,You'd best get that to Irlav back at the Imperial City as soon as possible. He'll want the mages there to examine it more closely.,당신이 그것을 최대한 빨리 임페리얼시티에 있는 Irlav에게 가지고 가는 것이 좋겠어요. 그는 거기있는 메이지들로 그것을 더 자세히 조사하고 싶어할 겁니다.,record,False,True,False,False,MEDIUM,Irlav
Oblivion.esm,INFO,00035F38,,NAM1,0,,,Have you found anything interesting in the ruins?,폐허에서 뭔가 재밋는 거라도 찾았나요?,record,False,False,False,False,,
Oblivion.esm,INFO,00035F39,,NAM1,0,,,"If there's anything about Vahtacen you need explained, let me know. I'll help if I can.",만약 Vahtacen에 대해서 뭔가 알고 싶은 것이 있다면 저에게 말하세요. 제가 할수 있는 데까지 도와드릴게요.,record,False,True,False,False,MEDIUM,Vahtacen
Oblivion.esm,INFO,00035F3F,,NAM1,0,,,You have business here? Don't tell me Jarol sent you...,여기 볼일이 있나요? 설마 Jarol이 당신을 보냈다고 하려는 것은 아니겠지요... ,record,False,True,False,False,MEDIUM,Jarol
Oblivion.esm,INFO,00035F40,,NAM1,0,,,"Get yourself to Vahtacen, and see if you can help Skaleel with whatever is holding up her progress.",Vahtacen으로 가세요. 그리고  Sakeel을 도와 그녀의 작업을 돕도록 해요. ,record,False,True,False,False,MEDIUM,"Vahtacen, Sakeel"
Oblivion.esm,INFO,00035F42,,NAM1,0,,,"Here about Vahtacen, are you?",Vahtacen 때문에 온거죠?,record,False,True,False,False,MEDIUM,Vahtacen
Oblivion.esm,INFO,00035F42,,NAM1,1,,,It's a damned shame. I haven't been giving the project the attention it deserves.,정말 유감스러운 일이에요. 저는 조사에 합당한 관심을 주지 못하고 있어요.,record,False,False,False,False,,
Oblivion.esm,INFO,00035F42,,NAM1,2,,,"The last report I received from Skaleel indicated there was some sort of problem. A blocked passage, or something, that they couldn't get past.",제가 Skaleel에게서 받은 마지막 보고서에 따르면 문제가 생긴것 같더군요. 막힌 통로나 뭐 그런 종류의. 그들은 거기를 지나갈 방법을 찾지 못한것 같더군요.,record,False,True,False,False,MEDIUM,Skaleel
Oblivion.esm,INFO,00035F42,,NAM1,3,,,"I'd investigate it further, but I'm needed here with the Council. Raminus says you've got a good head on your shoulders.","제가 가서 조사해 보고 싶지만, 저는 여기 council에 있을 필요가 있어요. Raminus는 당신 머리가 꽤 좋다고 하더군요.",record,False,True,False,False,MEDIUM,"council, Raminus"
Oblivion.esm,INFO,00035F42,,NAM1,4,,,"Look into it for me, will you? You can find Skaleel at the site. Access is restricted, so you'll need this key.",가서 저 대신 살펴봐 주세요? 그곳에서 Skaleel을 찾을 수 있을 거에요. 출입금지 구역이라서 들어가는데 이 열쇠가 필요할 거에요.,record,False,True,False,False,MEDIUM,Skaleel
Oblivion.esm,INFO,00095A87,,NAM1,0,,,"You should be helping Irlav Jarol, shouldn't you?",자네는 Irlav Jarol을 도와야 하네. 좋은가?,record,False,True,False,False,MEDIUM,"Irlav, Jarol"
Oblivion.esm,INFO,00035F44,,NAM1,0,,,"I have a new task for you, and I assure you there are no Necromancers involved.",자네에게 새로운 일이 생겼네. 그리고 이번엔 네크로맨서들과는 상관 없다고 단언하네.,record,False,False,False,False,,
Oblivion.esm,INFO,00035A34,,NAM1,0,,,"You have completed your tasks for the Count, have you not? Then please, wait here while I inform him.","백작님이 시키신 일을 다 처리하셨죠? 그럼 기다리세요, 제가 가서 그분을 불러오지요.",record,False,False,False,False,,
Oblivion.esm,INFO,00034475,,NAM1,0,,,"The Count appreciates your efforts, but as the vampires have not yet been dealt with, he has no interest in seeing you at this time.","백작님은 당신의 노력을 높이 평가하시지만, 뱀파이어들이 처리될때까지는 당신을 보지는 않으실 겁니다.",record,False,False,False,False,,
Oblivion.esm,INFO,00003999,,NAM1,0,,,"You are here to see the Count, yes? He has been expecting you. Please, wait here. I shall inform him of your arrival.",백작님을 보러 오셨죠? 기다리고 있었습니다. 여기서 기다려 주세요. 제가 가서 당신이 도착했다는 것을 알리도록 하지요.,record,False,False,False,False,,
Oblivion.esm,INFO,00009228,,NAM1,0,,,What news from Skingrad? I assume you've spoken to Count Hassildor.,스킨그라드에서 무슨 소릴 들었나? Hassildor 백작과 얘기해 봤겠지?,record,False,True,False,False,MEDIUM,Hassildor
Oblivion.esm,INFO,0000399B,,NAM1,0,,,You have your task. Return as soon as you have the information.,자네는 이제 할일이 있어. 정보를 얻게되는데로 바로 돌아오게.,record,False,False,False,False,,
Oblivion.esm,INFO,0000399D,,NAM1,0,,,"There is an urgent matter which requires your personal attention. This task falls to you, and only you.",자네의 개인적으로 처리해야 할 긴급한 문제가 생겼네.,record,False,False,False,False,,
Oblivion.esm,INFO,00007B30,,NAM1,0,,,"What is it, Associate? Do you need something?",무슨 일입니까? 무언가 원하시는 것이 있나요?,record,False,False,False,False,,
Oblivion.esm,INFO,00028BF7,,NAM1,0,,,"Can't you see I'm busy? Without the translation, this book is useless. Now go away and let me work.",제가 바쁜거 안보여요? 번역없이는 이책은 아무 쓸모도 없어요. 일 좀 하게 내버려줘요.,record,False,False,False,False,,
Oblivion.esm,INFO,00022493,,NAM1,0,,,"Well, if it isn't my little helper. Have you retrieved that book for me yet?","아, 저의 조력자 아닌가요. 아직 책을 가져오지 못했나요?",record,False,False,False,False,,
Oblivion.esm,INFO,00022496,,NAM1,0,,,"Be a dear, and fetch me that book like I asked. Hurry along now.",제가 원하는 책을 얌전히 가져와 주세요. 서둘러요.,record,False,False,False,False,,
Oblivion.esm,INFO,00023FF3,,NAM1,0,,,"You again. Have you reconsidered? The offer still stands. Say the word, and I'll tell you all about it.",또 당신이군요. 다시 숙고해 보았나요? 제안은 아직 유효해요. 하겠다고 한다면 바로 그것에 대해 이야기하도록 하지요.,record,False,False,False,False,,
Oblivion.esm,INFO,00022498,,NAM1,0,,,"Ah, yes. You are a Guild Mage, are you not? Yet, different from the others. Yes, yes -- this is good.","그래요. 당신은 길드의 메이지요 그렇지요? 그렇지만 다른사람과는 다르군요. 그래, 그래요 -- 이거 좋군요.",record,False,False,False,False,,
Oblivion.esm,INFO,00022498,,NAM1,1,,,"There's a small matter with which you may be able to assist. It's nothing worth involving your guild in, I assure you.",당신이 도와줄수 있을 작은 일이 있어요. 단언하는데 길드와는 전혀 관계없는 일이에요.,record,False,False,False,False,,
Oblivion.esm,INFO,00022498,,NAM1,2,,,"Best if kept just between us, yes? So, what say you?",저희 둘만의 비밀로 하면 좋겠군요. 그렇죠? 어떻게 하시겠어요?,record,False,False,False,False,,
Oblivion.esm,INFO,000277AB,,NAM1,0,,,Hello there. Hmm... you might do nicely. Are you interested in some work? I have a small task that needs accomplishing. You may be up to it.,거기 안녕하세요. 흐음... 당신이라면 될지도 모르겠군요. 도와주었으면 할 작은 일이 있는데 혹시 관심있어요?,record,False,False,False,False,,
Oblivion.esm,INFO,0002249A,,NAM1,0,,,"You're a bold little thing, aren't you? I'm afraid you're of no use to me. Goodbye.",당신은 참 뻔뻔스러운 사람이군요. 미안하지만 당신과는 일 없어요. 안녕히 가세요.,record,False,False,False,False,,
Oblivion.esm,INFO,0002249D,,NAM1,0,,,"Begone, weakling. I have no use for you.",의지박약의 사람에는 관심없어요. 사라지세요.,record,False,False,False,False,,
Oblivion.esm,INFO,000301D5,,NAM1,0,,,"You've got a lot of nerve, showing your face around here after what you done to us.","당신 참 뻔뻔스럽군요. 그런 일을 해놓고도, 이 근처에 자주 얼굴을 내미는군.",record,False,False,False,False,,
Oblivion.esm,INFO,000301D6,,NAM1,0,,,Hello friend. Stay a while and watch the sheep with me!,"안녕하시오, 친구. 잠시 동안 나와 같이 양이나 봅시다!",record,False,False,False,False,,
Oblivion.esm,INFO,000301D7,,NAM1,0,,,We'll never forget how you saved us from Ancotar's crazy magic. What can I do for you?,Ancotar의 미친 마법에서 우리를 구해준 것을 결코 잊지 않겠습니다. 무엇을 도와 드릴까요?,record,False,True,False,False,MEDIUM,Ancotar
Oblivion.esm,INFO,000301D8,,NAM1,0,,,"I'm not normally a bitter person, but you are not welcome here.","난 평상시는 모진 사람은 아니지만, 당신은 여기서는 환영 받지 못할거요.",record,False,False,False,False,,
Oblivion.esm,INFO,000301D9,,NAM1,0,,,"Ah, the savior of Aleswell! Whatever you need, I'm at your service.","아, Aleswell 의 구원자로군요! 뭐든 필요한 게 있다면 말만 하세요.",record,False,True,False,False,MEDIUM,Aleswell
Oblivion.esm,INFO,000301DA,,NAM1,0,,,"I told you not to come back here, and I meant it.",내가 여기에 다신 오지 말라고 했을 텐데.,record,False,False,False,False,,
Oblivion.esm,INFO,000301DB,,NAM1,0,,,"Oh, it's you. My brother goes on and on about you. I know you saved us and everything, but it does get tiresome after a while.","아아, 당신이군요. 내 동생은 당신 얘기 뿐이죠. 당신이 우리 모두를 구하고 한건 다 알지만 말이에요, 좀 있으니 넌더리가 다 나더군요. ",record,False,False,False,False,,
Oblivion.esm,INFO,000301DD,,NAM1,0,,,You better stay away from Diram. He's not very happy with you.,디람에게 가까이 가지 않는 게 좋을 거예요. 디람은 당신을 별로 좋아하지 않는 것 같으니까.,record,False,False,False,False,,
Oblivion.esm,INFO,000301E0,,NAM1,0,,,"You really enjoy this whole hero thing, don't you? Everybody fawning all over you? I'm not like that.","당신 정말 이 영웅 짓거리를 즐기고 있군요, 아닌가요? 모두가 당신한테 알랑거린다던지 말이에요. 난 그런 사람이 아니에요. ",record,False,False,False,False,,
Oblivion.esm,INFO,000301E1,,NAM1,0,,,"It's almost worth staying invisible forever, just to see how much it annoys Diram. But that doesn't make me like you any better.",이대로 영원히 투명한 채로도 나쁘지 않네. Diram이 얼마나 약올라 하는지도 볼거리고 말야. 하지만 딱히 당신이 마음에 든다는건 아니거든.,record,False,True,False,False,MEDIUM,Diram
Oblivion.esm,INFO,00030031,,NAM1,0,,,I have nothing to say to someone of your manifest stupidity.,나는 너같은 멍청이에게 더 할말이 없어!,record,False,False,False,False,,
Oblivion.esm,INFO,00028BDF,,NAM1,0,,,I'll not have anything to do with you. Begone.,당신과는 일없소. 가시오.,record,False,False,False,False,,
Oblivion.esm,INFO,00035587,,NAM1,0,,,"I need to rest now, regain my strength. Don't forget to take the heart of the Argonian Agent. Present that to Teinaava, and he'll be none the wiser.","나는 지금 내 힘을 회복하기 위해서 휴식이 필요합니다. Argonian 에이전트의 심장을 잊지 마세요. 그것을 Teinaava에게 가져다 주세요, 그리고 그가 제일 현명합니다.",record,False,True,False,False,MEDIUM,"Argonian, Teinaava"
Oblivion.esm,INFO,0002A36C,,NAM1,0,,,Leave! Right now! Or I call the guards!,나가! 당장. 아니면 경비병을 부르겠어!,record,False,False,False,False,,
Oblivion.esm,INFO,0002A370,,NAM1,0,,,Get out! Now! Or I call the guards!,꺼져! 당장! 아니면 경비병을 부르겠어!,record,False,False,False,False,,
Oblivion.esm,INFO,0002A373,,NAM1,0,,,There must be some mistake. You must not be in here now.,뭔가 착오가 있는듯 하군요. 당신은 지금 여기 있어선 안되요.,record,False,False,False,False,,
Oblivion.esm,INFO,0002A377,,NAM1,0,,,"You're not supposed to be here now. Leave, please.",지금 여기 있으면 안됩니다. 나가주세요.,record,False,False,False,False,,
Oblivion.esm,INFO,0002A378,,NAM1,0,,,Please leave. You shouldn't be here now.,제발 나가요. 지금 여기 있어선 안됩니다.,record,False,False,False,False,,
Oblivion.esm,INFO,0002A37A,,NAM1,0,,,You're trespassing. You should leave now.,당신 무단침입이야. 여기서 나가시오.,record,False,False,False,False,,
Oblivion.esm,INFO,0002A387,,NAM1,0,,,You shouldn't be here now. I insist you leave.,지금 여기 있으면 안됩니다. 나가도록 하세요.,record,False,False,False,False,,
Oblivion.esm,INFO,0002A388,,NAM1,0,,,"You can't be here now. Please leave, and quickly.",지금 여기 있는건 안되오. 어서 나가주시오.,record,False,False,False,False,,
Oblivion.esm,INFO,0002A38A,,NAM1,0,,,You don't belong here. Please leave. Now.,여긴 당신이 있을곳이 아니야. 당장 나가주시오.,record,False,False,False,False,,
Oblivion.esm,INFO,0002A38B,,NAM1,0,,,You're trespassing. Get out.,당신 무단침입이다. 꺼져.,record,False,False,False,False,,
Oblivion.esm,INFO,0002A38C,,NAM1,0,,,Leave. Now. You're trespassing.,당장 나가. 당신 무단침입이야.,record,False,False,False,False,,
Oblivion.esm,INFO,000A7159,,NAM1,0,,,"You've overstayed your welcome here, I'm afraid.","유감이지만, 환대 받을 시간은 이제 지났군요.",record,False,False,False,False,,
Oblivion.esm,INFO,00029204,,NAM1,0,,,I warned you! You'll be arrested for trespassing!,경고했어! 무단침입죄로 체포될 거야!,record,False,False,False,False,,
Oblivion.esm,INFO,00029205,,NAM1,0,,,"You're trespassing! Get out, or I call the guards!","무단침입이다. 꺼져, 안그러면 경비병을 부를테다!",record,False,False,False,False,,
Oblivion.esm,INFO,00029206,,NAM1,0,,,You're trespassing here. You'll have to leave.,당신 지금 무단침입이오. 나가야 할거요.,record,False,False,False,False,,
Oblivion.esm,INFO,00005670,,NAM1,0,,,"Dear Speaker, when darkness shrouds the Empire, we can travel to the resting place of the Night Mother, and begin the ritual of awakening.","친애하는 스피커여! 어둠이 제국을 덮으면, 우리는 나이트마더께서 쉬고계신 곳으로 여행할 수 있을거네. 그리곤 의식을 시작할 수 있겠지.",record,False,False,False,False,,
Oblivion.esm,INFO,00005671,,NAM1,0,,,"Greetings, Speaker. ","반갑네, 후임 스피커여.",record,False,False,False,False,,
Oblivion.esm,INFO,00005672,,NAM1,0,,,"Our troubles are almost at an end, Brother. Soon we will visit the Night Mother, and she will surely guide us.",우리의 '문제'는 이제 거의 끝나가네. 형제여. 이제 곧 우리는 나이트마더를 방문할 것이야. 그리고 어머니께선 우리를 인도해주실 걸세.,record,False,False,False,False,,
Oblivion.esm,INFO,00005673,,NAM1,0,,,"Our troubles are almost at an end, Sister. Soon we will visit the Night Mother, and she will surely guide us.",우리의 '문제'는 이제 거의 끝나가네. 자매여. 이제 곧 우리는 나이트마더를 방문할 것이야. 그리고 어머니께선 우리를 인도해주실 걸세.,record,False,False,False,False,,
Oblivion.esm,INFO,00005674,,NAM1,0,,,"Hello, fellow Speaker. Welcome to the Black Hand. So nice to see you're in one piece.","안녕하신가, 후임 스피커여. 블랙헨드에 온걸 환영하네. 이렇게 자네를 만나게 되서 정말 기쁘군.",record,False,False,False,False,,
Oblivion.esm,INFO,0006AAA8,,NAM1,0,,,"What... What is that? Is that a... a head? No... No, it can't be... I.... Um... Sorry, Speaker... I'm... distracted....","저... 저게 뭐지? 저건.... 머리? 아... 안돼, 이러면 안... 나.... 흠... 미안하네, 스피커.. 나는... 조금 심란하군....",record,False,False,False,False,,
Oblivion.esm,INFO,00054032,,NAM1,0,,,"Well now, what might you want?","자, 원하는게 뭡니까?",record,False,False,False,False,,
Oblivion.esm,INFO,000541D2,,NAM1,0,,,"Look, I... I got nothing else to say to you. Just leave me be!","봐요, 난... 난 아무것도 당신한테 할 말이 없어. 날 그냥 내버려둬!",record,False,False,False,False,,
Oblivion.esm,INFO,0002C825,,NAM1,0,,,This one still waits for what he earned. Do you have a better answer than last time we spoke?,난 아직도 내 몫을 기다리고 있습니다. 우리가 얘기했던 최종 시간보다 더 나은 대답이 있습니까?,record,False,False,False,False,,
Oblivion.esm,INFO,00086739,,NAM1,0,,,"You aren't brooding on that little unpleasantness at Malada, are you?","자넨 Malada에서의 작은 오해를 마음 쓰지 않는 모양이군, 그렇지?",record,False,True,False,False,MEDIUM,Malada
Oblivion.esm,INFO,00086743,,NAM1,0,,,You won the last round. I salute your bold spirit!,자네가 마지막 라운드를 이겼네. 자네의 강인한 정신에 경의를 표하지!,record,False,False,False,False,,
Oblivion.esm,INFO,00086744,,NAM1,0,,,And so we meet again. What can I do for you this time?,그래 다시 만났군. 이번엔 뭘 도와줄까?,record,False,False,False,False,,
Oblivion.esm,INFO,000251BC,,NAM1,0,,,"Valen Dreth lies dead, but why the unsanctioned bloodshed? You seem to lack... discipline. Here is your reward, but I'm afraid the bonus is forfeit. ","Valen Dreth가 죽었지만, 허가되지 않은 유혈사태는 무슨 일입니까? 당신은 부족한 것 같습니다... 규율이. 여기 보상입니다, 하지만 유감스럽게도 보너스는 몰수됩니다.",record,False,True,False,False,MEDIUM,"Valen, Dreth"
Oblivion.esm,INFO,00025273,,NAM1,0,,,"Wait, I know you... You... You're the one! That day the Emperor was killed! They went through your cell! You lucky bastard! But... You came back?",잠깐! 너를 알고있어... 너는... 너는 그들중 하나야! 황제가 죽던날 함께 있었지? 그들은 네 감방을 통해 빠져나갔지...넌 정말 운이 좋은 녀석이군! 그런데... 돌아온거야?,record,False,False,False,False,,
Oblivion.esm,INFO,00025273,,NAM1,1,,,"Come on, you've got to help me! Let old Valen out of this cell! You've got your freedom, now give me mine! What do you say, huh? Come on, friend!","어서, 나를 좀 도와줘. 늙은 Valen이 감옥을 벗어나게 도와줘. 너는 자유를 찾았잖아! 이제 내게 자유를 줘! 친구! 날 도와줘!",record,False,True,False,False,MEDIUM,Valen
Oblivion.esm,INFO,0004CAD8,,NAM1,0,,,"Wait, I know you... You... You're the one! That day the Emperor was killed! They went through your cell! You lucky strumpet! But... You came back?",잠깐! 너를 알고있어... 너는... 너는 그들중 하나야! 황제가 죽던날 함께 있었지? 그들은 네 감방을 통해 빠져나갔지...넌 정말 운이 좋은 년이군! 그런데... 돌아온거야?,record,False,False,False,False,,
Oblivion.esm,INFO,0004CAD8,,NAM1,1,,,"Come on, you've got to help me! Let old Valen out of this cell! You've got your freedom, now give me mine! What do you say, huh? Come on, friend!","어서, 나를 좀 도와줘. 늙은 Valen이 감옥을 벗어나게 도와줘. 너는 자유를 찾았잖아! 이제 내게 자유를 줘! 친구! 날 도와줘!",record,False,True,False,False,MEDIUM,Valen
Oblivion.esm,INFO,0002E91D,,NAM1,0,,,"You dare torment me? Valen Dreth? Let me out of this cell, you fetid piece of Guar dung!","네가 감히 나를 괴롭혀? Valen Dreth? 여기 감방에서 나가게 해, 당신은 Guar의 똥처럼 악취가 난다고!",record,False,True,False,False,MEDIUM,"Valen, Dreth, Guar"
Oblivion.esm,INFO,000281A3,,NAM1,0,,,Ready to test dialogue? Great! This should be my first time speaking with you.,이 문장은 게임내의 테스트를 위한 것으로 번역을 생략합니다.,record,False,False,False,False,,
Oblivion.esm,INFO,000281A5,,NAM1,0,,,"You've already talked to me if you see this. Also, you should see generic greetings about 50% of the time instead of this greeting.",이 문장은 게임내의 테스트를 위한 것으로 번역을 생략합니다.,record,False,False,False,False,,
Oblivion.esm,INFO,00034894,,NAM1,0,,,"Roderick may lie near death, but dead he is not. Until his soul has passed, our client -- and Sithis -- will not be satisfied.","지금 Roderick은 거의 죽은 거나 마찬가지지. 하지만 죽지는 않았어. 그의 영혼이 그의 몸을 떠날때까지, 우리의 고객과 시시스께서는 만족하시지 않을거야.",record,False,True,False,False,MEDIUM,Roderick
Oblivion.esm,INFO,00034895,,NAM1,0,,,"Ah, so you infiltrated Fort Sutch, remained undetected, and replaced the medicine with the poison I provided. You are truly a master of shadow!","아, Fort Sutch에 들키지 않고 잠입하는데 성공했군. 그리고 약을 성공적으로 바꿔치기 했어. 자네는 진정한 은신의 달인이네.",record,False,True,False,False,MEDIUM,"Fort, Sutch"
Oblivion.esm,INFO,00034895,,NAM1,1,,,"It pleases me greatly to offer you this reward, and a well-earned bonus. Go now. Rest. I'll have another contract ready whenever you are.","자네에게 이런 보상을 주게되어 기쁘군. 자, 이제 가서 쉬게나. 준비가 되었을 때 말하면, 다른 계약을 주겠네.",record,False,False,False,False,,
Oblivion.esm,INFO,00034896,,NAM1,0,,,"Roderick is dead, and Sithis is appeased. Unfortunately, the same is not true of the client who arranged this contract.","로데릭은 죽었습니다, 그리고 Sithis은 침묵합니다. 불행하게도, 이 살인청부는 의뢰인이 의도했던대로 실행되지 않았습니다.",record,False,True,False,False,MEDIUM,Sithis
Oblivion.esm,INFO,00034896,,NAM1,1,,,"You were to avoid detection and kill Roderick by means of poison, yet you failed to follow these parameters. ","들키지 않도록 하고 독약으로 로데릭을 죽이려고 했습니다, 그럼에도 불구하고 이런 변수를 따르는데 당신은 실패하였습니다.",record,False,False,False,False,,
Oblivion.esm,INFO,00034896,,NAM1,2,,,"Here is your reward, minus any bonus. It would seem you and Gogron share a similar... style. Now go, and do be more careful in the future.","여기 보너스를 제외한 보상금입니다. 당신과 Gogron은 비슷한...방식을 사용하는군요. 이제 가시오, 앞으로는 더욱 조심하시오.",record,False,True,False,False,MEDIUM,Gogron
Oblivion.esm,INFO,0008320C,,NAM1,0,,,You should be helping out Norbert Lelles. What's on your mind?,당신은 Norbert Lelles를 돕고 있어야 해요. 노닥거릴때가 아닙니다.,record,False,True,False,False,MEDIUM,"Norbert, Lelles"
Oblivion.esm,INFO,000B6BFF,,NAM1,0,,,No time to talk. Go away.,말할 시간 없으니까 꺼지세요.,record,False,False,False,False,,
Oblivion.esm,INFO,000146A0,,NAM1,0,,,You've got him. Let's talk about Ajum-Kajin.,그를 잡았군. 우리에게 Ajum-Kajin에 대해 얘기해봐.,record,False,True,False,False,MEDIUM,Ajum-Kajin
Oblivion.esm,INFO,000356B2,,NAM1,0,,,What is it? I need you to go get Ajum-Kajin.,뭐지? 자네가 Ajum-Kajin을 잡아오길 기다리고고있네.,record,False,True,False,False,MEDIUM,Ajum-Kajin
Oblivion.esm,INFO,000356E9,,NAM1,0,,,"Haven't written me off yet, huh? Good. If you're willing, there's more work to be done.","아직도 내게 빚이 남았나, 허? 좋아. 네가 그럴기라면, 아직 해야 할 일이 남아있다.",record,False,False,False,False,,
Oblivion.esm,INFO,0002888B,,NAM1,0,,,Good that you made it. You should talk to Rienna.,성공했군. Rienna와 대화하게나.,record,False,True,False,False,MEDIUM,Rienna
Oblivion.esm,INFO,000314F9,,NAM1,0,,,"It is a pleasure to meet you. I am Countess Valga of Chorrol. I wish I had time to chat, but I'm afraid I am in the middle of an investigation.",만나서 기뻐요. 코롤(Chorrol)의 백작 밸가(Valga) 입니다. 대화할 시간이 있었으면 좋겠군요. 하지만 최근 조사에 몰두하느라 여유가 없어요.,record,True,True,False,False,HIGH,"Chorrol, Valga"
Oblivion.esm,INFO,000314FC,,NAM1,0,,,"Words cannot to do justice for the joy I feel... many blessings upon you, my friend. I do not have much, but I wish to reward such valor.",말로는 기쁨을 표현하지 못하겠군요. 당신의 앞날에 큰 축복이 있기를 바래요. 가진 건 많지 않지만 당신의 배려에 보상하고 싶어요.,record,False,False,False,False,,
Oblivion.esm,INFO,000314FC,,NAM1,1,,,"Return to me in three weeks, and I'll have a special painting for you. It is the least I can do for you.",삼 주 후에 다시 오세요. 그때 특별한 그림을 하나 드리겠어요. 당신을 위해 내가 할 수 있는 최소한의 도리에요.,record,False,False,False,False,,
Oblivion.esm,INFO,000314FD,,NAM1,0,,,"It is with the warmest regards I welcome you again, my friend. But you have returned a bit too early. I should have the painting done soon.",당신을 환영하는 게 제가 할 수 있는 가장 따듯한 인사에요. 하지만 너무 빨리 오셨어요. 내가 그림을 더 일찍 끝냈어야 했었군요.,record,False,False,False,False,,
Oblivion.esm,INFO,000314FE,,NAM1,0,,,I understand the decision that you have made. And I accept my fate. Now please leave me to my thoughts.,당신의 결정을 이해해요. 운명을 받아들이겠어요. 이제 생각 좀 하게 날 좀 내버려 두세요.,record,False,False,False,False,,
Oblivion.esm,INFO,0000365C,,NAM1,0,,,Hello. Are you searching for something?,안녕하세요. 뭘 찾고 있나 보죠?,record,False,False,False,False,,
Oblivion.esm,INFO,000314FF,,NAM1,0,,,Hello again. I hope your search for the painting goes well.,또 보네요. 그림 찾는 일이 잘 되길 바래요.,record,False,False,False,False,,
Oblivion.esm,INFO,00031504,,NAM1,0,,,"Welcome to Chorrol Castle. I am Chanel, the court mage. What brings you to me today?",코롤(Chorrol) 성에 오신걸 환영합니다. 궁정 마법사 샤넬(Chanel)이에요. 내게 무슨 볼 일이시죠?,record,True,True,False,False,HIGH,"Chorrol, Chanel"
Oblivion.esm,INFO,0003150C,,NAM1,0,,,I suppose I should be happy to see you again. I'm not.,"다시 만나 기뻐해야 할 것 같소만, 기쁘지 않소.",record,False,False,False,False,,
Oblivion.esm,INFO,000038A7,,NAM1,0,,,So? You a living statue or are you gonna say something?,"뭐요? 석상처럼 서 있지만 말고, 내게 무슨 할 말이 있소?",record,False,False,False,False,,
Oblivion.esm,INFO,0003150D,,NAM1,0,,,Oh. It's Valga's errand boy! How goes the 'big important investigation'?,"오, 밸가(Valga)의 꼬붕! 그 대단하고 중요한 수사는 잘 되가오?",record,True,True,False,False,HIGH,Valga
Oblivion.esm,INFO,0003152B,,NAM1,0,,,What do you want?,뭘 원하시오?,record,False,False,False,False,,
Oblivion.esm,INFO,0015974B,,NAM1,0,,,"Hello. I am Laythe Wavrick, the Chief Herald and Countess Valga's attendant. Welcome to Chorrol.",안녕하세요. 수석 공보관이자 밸가(Valga) 백작님의 수행원인 리쓰 와브릭(Laythe Wavrick)입니다. 코롤(Chorrol)에 오신것을 환영합니다.,record,True,True,False,False,HIGH,"Valga, Laythe, Wavrick, Chorrol"
Oblivion.esm,INFO,000038D2,,NAM1,0,,,A pleasure to meet you again.,다시 만나서 반갑습니다.,record,False,False,False,False,,
Oblivion.esm,INFO,000038D3,,NAM1,0,,,Yes?,네?,record,False,False,False,False,,
Oblivion.esm,INFO,0000357A,,NAM1,0,,,Hello there. Is there something I can do for you?,거기 안녕하신가요. 뭔가 도와드려요?,record,False,False,False,False,,
Oblivion.esm,INFO,00002DC5,,NAM1,0,,,"Have you found ""Necromancer's Moon""?","""Necromancer's Moon""은 찾았나?",record,False,True,False,False,MEDIUM,"Necromancer's, Moon"
Oblivion.esm,INFO,00002DC7,,NAM1,0,,,"Err, look. If you're here for information, I'm afraid you'll have to find it on your own. I'm swamped right now; up to my ears in Necromancy.","어, 이봐요. 당신이 뭔가 정보를 얻기 위해 왔다면, 미안하지만 혼자 찾아야할 거에요. 제가 네크로맨시의 일로 정신이 없어서요.",record,False,False,False,False,,
Oblivion.esm,INFO,00002DC7,,NAM1,1,,,"Not practicing it, mind you. Wouldn't want anyone to think I was involved in that sort of thing. I simply meant researching it.",미리 말해두지만 그걸 수련하는 것은 아니에요. 그냥 연구한다는거죠. 누군가에게 제가 그것을 수련한다고 오해받기는 싫어요.,record,False,False,False,False,,
Oblivion.esm,INFO,000038AA,,NAM1,0,,,Have you been to the Dark Fissure yet? We need to know all we can about the Necromancers.,Dark Fissure에는 가 보았나? 우리는 네크로맨서들에 대해 최대한 많은걸 알 필요가 있어.,record,False,True,False,False,MEDIUM,"Dark, Fissure"
Oblivion.esm,INFO,00002DC2,,NAM1,0,,,"Bothiel may know more about this ""Shade of the Revenant"" referred to in the book you've given me. Speak with her.","Bothiel이 자네가 준 책에서 나온""Shade of the Revenant""에 대해 더 알고 있을지 모르지. 그녀와 이야기 해보게.",record,False,True,False,False,MEDIUM,"Bothiel, Shade, of, the, Revenant"
Oblivion.esm,INFO,00002DC8,,NAM1,0,,,Has Tar-Meena been of use in gathering information about the Necromancers?,네크로맨서에 대한 정보를 얻는데 Tar-Meena는 도움이 됬나?,record,False,True,False,False,MEDIUM,Tar-Meena
Oblivion.esm,INFO,00002DC9,,NAM1,0,,,Good work at Vahtacen. Jarol is quite pleased with the information now coming in about the site.,바타켄에서 아주 잘 해주었네. 발굴지에서 들어오는 정보에 자롤이 꽤 만족한 것 같더군.,record,False,False,False,False,,
Oblivion.esm,INFO,00002DC9,,NAM1,1,,,"There is another predicament which I believe you can also help resolve, if you feel ready for it.","자네의 도움이 필요한 문제가 하나 더 생겼는데, 준비 됐다면 말해주게나.",record,False,False,False,False,,
Oblivion.esm,INFO,000275CC,,NAM1,0,,,The sixth guest has finally arrived! Well it's about time! Do you know how long we've been waiting? It seems like an age!              ,"마침내 여섯번째 손님이 왔군요! 자, 이제 시작할 시간이네요. 우리가 얼마나 오래 기달렸는지 아세요? 한평생 같았다구요.",record,False,False,False,False,,
Oblivion.esm,INFO,000275CC,,NAM1,1,,,"Whoever invited us here must at least know us, don't you think? In any event, we're all stuck here together, so we might as well get acquainted.","우리를 여기로 초대한게 누구든지 간에, 그는 적어도 우리를 알고있긴 하겠죠? 그렇게 생각하지 않아요? 아무튼지간에, 우리는 모두 여기에 들어와 있어요. 우리는 좀 친해져야 한다구요.",record,False,False,False,False,,
Oblivion.esm,INFO,000275CC,,NAM1,2,,,"The rest of us have already traded introductions. I'm Matilde Petit. The others are Nels the Naughty, Neville, Dovesi Dran and Primo Antonius.","이미 와있던 사람들은 이미 서로 자기소개를 했어요. 저는 Matilde Petit이에요. 다른 사람들은 Nels the Naughty, Neville, Dovesi Dran 그리고 Primo Antonius에요.",record,False,True,False,False,MEDIUM,"Matilde, Petit, Nels, the, Naughty, Neville, Dovesi, Dran, Primo, Antonius"
Oblivion.esm,INFO,000275CC,,NAM1,3,,,"Now, who might you be? Please, tell us a little bit about yourself.","자, 이제 당신 소개를 해주세요. 당신은 누구죠?",record,False,False,False,False,,
Oblivion.esm,INFO,0002797F,,NAM1,0,,,Have you spoken to the other guests yet? I suggest you get to know everyone. Who knows how long we'll be stuck in this house together?,다른 손님을 아직 만나보지 않으셨어요? 당신이 모두와 알게 되게 하세요. 얼마나 오래 우리가 이 집에 함께 있을지 누가 알까요?,record,False,False,False,False,,
Oblivion.esm,INFO,00027980,,NAM1,0,,,"Now you listen to me. I don't like you. Understand? So why don't we both just stay out of each other's way, and be done with it.","당신은 지금 내 말 잘 들어. 난 당신을 좋아하지 않아. 알겠어? 그럼 왜 우리는 둘 다 각자의 길을 가지, 그러면 그것을 가지고 갈 수 있을거야.",record,False,False,False,False,,
Oblivion.esm,INFO,00027981,,NAM1,0,,,"Hello, dear! Listen, I've been thinking. Why don't we form a kind of alliance? If either one of us finds the chest of gold, we split it, 50/50!","오! 자기, 들어봐요. 내가 생각해 봤는데, 우리 일종의 동맹을 맺는게 어때요? 만약 우리중 하나가 금화상자를 찾으면, 50대 50으로 나누는 거에요.",record,False,False,False,False,,
Oblivion.esm,INFO,00027981,,NAM1,1,,,"With the two of us working together, we're sure to find the chest before anyone else. What do you say? Do you want to team up?","우리 둘이 함께 찾으면, 우리는 다른 누구보다도 먼저 금화 상자를 찾을 수 있을거에요. 어떻게 생각해요? 팀을 맺고 싶나요?",record,False,False,False,False,,
Oblivion.esm,INFO,00027982,,NAM1,0,,,"Oh, hello sweetie. So, no luck yet in finding the gold, I gather? I've been looking as well, but haven't found so much as a clue. ","오, 안녕 아가야. 그래서, 아직은 황금을 찾는 행운이 없었나 보지, 추측이지만? 나 또한 찾고 있단다, 하지만 실마리가 발견하지 않는구나.",record,False,False,False,False,,
Oblivion.esm,INFO,00028159,,NAM1,0,,,"Well, hello there. Nels is my name. Some call me Naughty, but don't you believe it! Hahahaha!","음, 안녕하세요. Nels가 제 이름입니다. 어떤이는 나를 Naughty라고 부르지만, 하지만 당신은 그것을 믿지 마세요! 하하!",record,False,True,False,False,MEDIUM,"Nels, Naughty"
Oblivion.esm,INFO,00027986,,NAM1,0,,,"It's funny. I like just about everyone, but the very sight of you makes me sick. Why don't you go look for the gold someplace else, friend. ","재밌네요. 내가 거의 모든 사람을 좋아합니다만, 당신의 노려봄은 아주 진절머리가 납니다. 당신은 왜 다른 곳으로 금을 찾으러 가지 않나요, 친구.",record,False,False,False,False,,
Oblivion.esm,INFO,00027987,,NAM1,0,,,"I'll let you in on a little secret. If I find the chest of gold, I'm going to open a tavern.  The Hoary Boar! It's been my dream since I was a boy.","당신에게 한 가지 비밀을 알려주지. 난 황금의 상자를 찾으면, 난 선술집을 열거야. The Hoary Boar! 내가 어렸을 때부터 그건 내 꿈이었습니다.",record,False,True,False,False,MEDIUM,"The, Hoary, Boar"
Oblivion.esm,INFO,0002799A,,NAM1,0,,,"Someone's been murdered! By Ysmir's beard, I need a drink!  ","사람이 살해당하고 있어요! Ysmir의 수염을 위하여, 나는 술이 필요해!",record,False,True,False,False,MEDIUM,Ysmir
Oblivion.esm,INFO,0002815A,,NAM1,0,,,"Well, my friend, the search is on, eh? I wonder how much gold is actually in the chest? A thousand pieces of gold? Ten thousand? ","음, 친구여, 조사중인가요, 허? 나는 그 상자에 얼만큼의 골드가 있을지 궁금합니다? 천 골드? 만 골드?",record,False,False,False,False,,
Oblivion.esm,INFO,0002815A,,NAM1,1,,,"I guess it all depends on the size of the chest. The bigger the better, of course, but where would our mysterious host have hidden such a thing?","모든 것은 상자의 크기에 달려있지, 클수록 좋지, 물론, 우리의 신비한 주인은 그런 것을 어디에 숨겨두었을까?",record,False,False,False,False,,
Oblivion.esm,INFO,0002815B,,NAM1,0,,,"Someone has been killed. I don't suppose you know anything about that, now do you? ","사람이 죽었습니다. 난 당신이 그것에 대해 아는 게 없다고 생각합니다, 그렇지 않나요?",record,False,False,False,False,,
Oblivion.esm,INFO,0002815C,,NAM1,0,,,"Have you heard, my friend? One of our fellow guests has been murdered! This bodes ill for our stay, and our search for the gold.","내 친구, 들어 봤어? 우리 손님 중 하나가 살해되었습니다! 이것은 우리의 머무름과 황금에 대한 조사에 나쁜 징조입니다.",record,False,False,False,False,,
Oblivion.esm,INFO,0002815D,,NAM1,0,,,"What do you want from me? For all I know, you could be the killer!   ","내게 뭘 원하는 거야? 내가 아는 한, 당신은 살인자가 될 수 있어요!",record,False,False,False,False,,
Oblivion.esm,INFO,0002815E,,NAM1,0,,,"Oh, this is just horrible! Who could do such a thing? Who could kill a defenseless person in cold blood? Greed truly brings out the worst in people.","오, 이건 정말 끔찍하다! 누가 이런 짓을 할 수 있을까? 누가 냉혈로 무방비한 사람을 죽일 수 있을까? 탐욕은 진정으로 사람을 최악으로 이끄는 구나.",record,False,False,False,False,,
Oblivion.esm,INFO,0002815F,,NAM1,0,,,"Please, sweetie, stay close to me.  The killer might strike again, whoever he... or she... is. ","제발, 당신, 가까이 있어줘요. 범인은 또다시 공격할겁니다, 그 또는 그녀 일수도",record,False,False,False,False,,
Oblivion.esm,INFO,00028160,,NAM1,0,,,"Two people are dead, and for all I know you could be the killer!","두 사람이 죽었지만, 내가 아는 것은 당신이 범인이었을지도 몰라!",record,False,False,False,False,,
Oblivion.esm,INFO,00028161,,NAM1,0,,,"My goodness, two of us are now dead! What's going on in this place?  ","세상에, 우리 중 둘이 이제 죽었어! 왜 이곳에서 무슨 일이 있는 거야?",record,False,False,False,False,,
Oblivion.esm,INFO,00028162,,NAM1,0,,,"I've been trying to figure out who our host might be. With two people dead, it almost seems like he set this party up just to kill us all! ","나는 누가 우리의 주체자인지 알아 내려고 했어요. 두 사람이 죽었는데, 그것은 마치 그가 우리를 죽이기 위해서 파티를 계획한 것처럼 보입니다!",record,False,False,False,False,,
Oblivion.esm,INFO,00028163,,NAM1,0,,,"Gasp! Oh... oh, it's you. What do you want? Why are you looking at me that way?  ","헉! 오... 오, 당신이군요. 뭘 원하는 거야? 왜 날 그런 식으로 보는 거야?",record,False,False,False,False,,
Oblivion.esm,INFO,00028164,,NAM1,0,,,Gasp! Oh... oh. I'm sorry. I... my nerves. I just want to get out of here. Three people have been murdered! I'm so very frightened!  ,헉! 오... 오. 미안해요. 난...혼란스럽습니다. 난 그냥 여기서 나가 싶군요. 3명이 살해되었습니다! 나는 매우 두렵습니다!,record,False,False,False,False,,
Oblivion.esm,INFO,00028165,,NAM1,0,,,"Gasp! Oh, thank goodness it's you, sweetie! Please, don't wander too far away. I feel safe with you.","헉! 오, 얘야 당신이 있어 다행입니다! 제발, 너무 멀리 돌아다니지 마세요. 난 당신과 함께 있을 때 안전하게 느낍니다.",record,False,False,False,False,,
Oblivion.esm,INFO,00028166,,NAM1,0,,,"Aggh! They're dead! All dead! And you... you're the only one left. It's you! Oh, gracious, no! Stay away from me!","아악! 그들이 죽었어! 다 죽었다고! 그리고 당신... 당신만 남아있어. 그것은 당신이야! 오, 이럴 수가, 안돼! 저리 가란 말야!",record,False,False,False,False,,
Oblivion.esm,INFO,00028167,,NAM1,0,,,"Aggh! They're dead! All of them, dead! Why? What's going on here? We need to get out of this place!",아악! 그들이 죽었어! 모두 다 죽었다고! 왜? 여기에 무슨 일이 있는 거야? 우리는 여길 나가야 겠어!,record,False,False,False,False,,
Oblivion.esm,INFO,00028168,,NAM1,0,,,We've got to get out of here! You understand me? We're the only ones left! We need to find a way out of this house! Come on!,우린 여기서 나가야 해요! 내 말 알겠어요? 우리 둘만 남았습니다! 우리는 이 집에서 나가는 방법을 찾아야 해요! 어서!,record,False,False,False,False,,
Oblivion.esm,INFO,0002821F,,NAM1,0,,,"Hello, I'm Dovesi. I'm very pleased to meet you. Now that you're here, we can really start looking for that chest of gold.","안녕하세요, 전 Dovesi라고 해요. 난 정말 당신을 만나서 기쁩니다. 이제는 당신이 여기에 있기때문에, 우리는 정말로 황금의 상자 찾기를 시작할 수 있습니다.",record,False,True,False,False,MEDIUM,Dovesi
Oblivion.esm,INFO,0002821F,,NAM1,1,,,"What I mean to say is, before you arrived, we all just sort of glanced around a bit. Now that we're all officially here, we can look in earnest!","제가 말하려는 것은, 당신이 도착하기 전에는, 우리 모두는 주위를 약간 훑어보았습니다. 우리 모두가 공식적으로 이곳에 도착했으므로, 우리는 제대로 살펴 볼 수 있습니다.",record,False,False,False,False,,
Oblivion.esm,INFO,00028220,,NAM1,0,,,"It's funny. I don't even know you, and already I don't like you.","재밌네요. 난 당신을 모르지만, 이미 당신을 좋아하지 않아.",record,False,False,False,False,,
Oblivion.esm,INFO,00028221,,NAM1,0,,,"This is all so strange, isn't it? I don't know why I was invited to come here, but the gold could really help my family. I do hope I find it.","이것은 모두 이상합니다, 그렇지 않나요? 내가 왜 이리로 오라는 초대를 받았는지 모르겠지만, 황금은 정말로 내 가족을 도울 수 있습니다. 내가 그것을 찾았으면 좋겠습니다.",record,False,False,False,False,,
Oblivion.esm,INFO,00028222,,NAM1,0,,,"You seem like a very nice person. I very much want to find the gold, but I wish you luck. May the best guest win. He he. ","당신은 매우 친절한 사람처럼 보이네요. 난 아주 많은 황금을 찾고 싶어요, 하지만 난 당신에게 행운을 기원합니다. 최고의 손님이 이기겠죠. 헤 헤.",record,False,False,False,False,,
Oblivion.esm,INFO,00028223,,NAM1,0,,,"I'm sorry, but I don't feel much like talking right now. Someone has been killed! Don't you even care?  ","미안해요, 하지만 난 지금 이야기를 하고 싶지 않습니다. 사람이 죽었습니다! 당신은 상관 없으신가요?",record,False,False,False,False,,
Oblivion.esm,INFO,00028224,,NAM1,0,,,I... I can't believe it's true. One of us is dead... and everyone else is convinced it was no accident. ,난... 난 그게 진실이라고 믿을 수 없습니다. 우리 중 하나가 죽었고... 모든 사람이 또 사고가 아니라고 확신합니다.,record,False,False,False,False,,
Oblivion.esm,INFO,00028225,,NAM1,0,,,Why? Why would someone do this? The taking of a life is against every principal I hold dear. It's something I just can't understand. ,왜? 누가 왜 이런 짓을 했을까? 살인은 내가 존중하는 모든 원칙에 반대됩니다. 나는 절대 알 수 없는 뭔가가 있습니다.,record,False,False,False,False,,
Oblivion.esm,INFO,00028226,,NAM1,0,,,"Two people dead, and you're still alive. I'm sorry, but you're starting to make me nervous. Please go away.","두 사람이 죽었어, 당신은 아직 살아 있군요. 미안 해요, 하지만 당신이 날 긴장하게 하는군요. 제발 저리 가세요.",record,False,False,False,False,,
Oblivion.esm,INFO,00028227,,NAM1,0,,,"Two of us, dead! Who would do this? And why? Is that why we're all here? To be killed like vermin? I feel like I'm going mad!",우리들 중 두 명이 죽었어요! 누가 이런 짓을 했을까? 그리고 왜? 그게 우리 모두가 여기에 온 이유인가? 바퀴벌레처럼 죽이려고? 점점 미쳐버릴 것 같습니다!,record,False,False,False,False,,
Oblivion.esm,INFO,00028228,,NAM1,0,,,"I don't care about the gold anymore. I just want to get out of here. I'm going to try all the windows and doors, and see if I can't get one open!","황금에 대해 신경 쓰지 않습니다. 그냥 여기서 나가 싶어. 집의 모든 문과 창문을 열려고 시도했는데, 어느 곳도 열리지 않았어!",record,False,False,False,False,,
Oblivion.esm,INFO,00028229,,NAM1,0,,,No.... no! You... you stay away from me! One of you is the killer... stay away from me! ,아니... 안돼! 너... 당신은 나에게서 떨어져! 당신들 중 하나는 범인이라고... 나에게서 떨어져!,record,False,False,False,False,,
Oblivion.esm,INFO,0002822A,,NAM1,0,,,Only three of us left... only three... ,오직 우리 중 셋만 남았어요... 오직 셋... ,record,False,False,False,False,,
Oblivion.esm,INFO,0002822B,,NAM1,0,,,"Only three of us left. I'm certainly no murderer, and I know it's not you. That leaves one person! We must protect ourselves... find weapons!   ","오직 우리들 중 세 명이 남았습니다. 난 분명 살인자가 아니에요, 그리고 당신이 아니라는걸 알아. 그럼 한 사람이 남지! 우린 스스로를 보호해야 합니다.. 무기를 찾아요!",record,False,False,False,False,,
Oblivion.esm,INFO,0002822C,,NAM1,0,,,"You... you're the only one left... By Azura, no! Please, please don't kill me. I beg of you! Spare my life! Aggghhh!","너... 당신은 유일하게 남았어... Azura시여, 안돼! 제발, 날 죽이지 말아요. 내가 당신께 빌께요! 살려주세요! 아아악악!",record,False,True,False,False,MEDIUM,Azura
Oblivion.esm,INFO,0002822D,,NAM1,0,,,Please. Please help me. I don't want to die. I just want to go home. Go home...,제발. 제발 도와주세요. 난 죽고 싶지 않습니다. 난 그냥 집에 가고 싶어요. 집으로... ,record,False,False,False,False,,
Oblivion.esm,INFO,0002822E,,NAM1,0,,,"We must escape! Do you understand? We're the only two left! We're next! If we don't find a way out of here, we're going to die!  ","우리는 반드시 탈출한다! 알겠어? 우리 2명만 남았어! 우리가 다음이라구! 우리가 여기서 나가는 방법을 찾지 못하면, 우린 죽을 거야!",record,False,False,False,False,,
Oblivion.esm,INFO,00028267,,NAM1,0,,,"So, you finally showed up. It's about time. People of my station are not accustomed to waiting.","그래서, 당신이 마침내 나타났다고. 바로 지금. 내 위치의 사람들은 기다리는 게 익숙하지 않습니다.",record,False,False,False,False,,
Oblivion.esm,INFO,00028268,,NAM1,0,,,I was just beginning to think I had something in common with the other guests. And then you showed up.,나는 그냥 내가 다른 손님들과 공통점이 있다고 생각하기 시작했습니다. 그리고 당신이 나타났습니다.,record,False,False,False,False,,
Oblivion.esm,INFO,00028269,,NAM1,0,,,"Well, here we all are. It's funny how money can bring people together, don't you think?  ","자, 여기에 우리가 모두 있군요. 돈이 어떻게 사람들을 모이게 하다니 웃기는 군요, 그렇게 않나요?",record,False,False,False,False,,
Oblivion.esm,INFO,0002826A,,NAM1,0,,,"So, are you ready to search for the chest of gold? I'm confident I'll find it. Not that I need the money, of course. My family is quite wealthy.  ","그래서, 당신은 황금의 상자를 찾을 준비됐나요? 그것을 찾을 수 있을 겁니다. 아니 나는 돈이 필요한 건 아니지만, 물론. 우리 가족은 아주 부자입니다.",record,False,False,False,False,,
Oblivion.esm,INFO,000286D0,,NAM1,0,,,"Get away from me, peasant. Someone has been murdered, and I'm rather unnerved by the whole thing.  ","저리 꺼져, 촌뜨기. 누군가가 살해되었으며, 차라리 모든 일에 기운이 빠졌어요.",record,False,False,False,False,,
Oblivion.esm,INFO,000286D1,,NAM1,0,,,Did you hear? Someone has been murdered! One of us! One of the guests!   ,너 들었어? 누군가가 살해되었습니다! 우리 중 하나! 손님 중 하나!,record,False,False,False,False,,
Oblivion.esm,INFO,000286D2,,NAM1,0,,,"I'm beginning to get a bad feeling about all of this. I'd leave right now, if I could. The money means nothing to me. I just thought it would be fun.","이 모든 것에 대해 안 좋은 느낌이 들기 시작했습니다. 내가 떠날 수 있다면, 나는 당장 떠날 텐데. 돈은 나에게 아무 의미도 없습니다. 난 그저 재미있을 거라 생각했습니다.",record,False,False,False,False,,
Oblivion.esm,INFO,000286D3,,NAM1,0,,,"Two people are dead, and for all I know you could have killed them! Just leave me alone, you worthless peasant!","두 사람이 죽었어, 당신이 그들을 죽였을 수도 있지! 날 그냥 내버려둬, 당신은 쓸모 없는 촌뜨기야!",record,False,False,False,False,,
Oblivion.esm,INFO,000286D4,,NAM1,0,,,Two people are now dead. And for what? A trunk full of coins? How pathetic.  ,두 사람이 지금은 죽었어요. 무엇을 위해서요? 동전이 가득한 상자? 얼마나 한심한가요.,record,False,False,False,False,,
Oblivion.esm,INFO,000286D5,,NAM1,0,,,"Dear friend, have you heard? Two of the guests now lie dead! If I find out who did it, I may have to take matters into my own hands. ","친애하는 친구, 당신은 들었나요? 손님 두 명이 지금 죽은 체로 발견되었습니다! 누가 그랬는지 알게 되면, 내 손으로 문제를 처리할 것입니다.",record,False,False,False,False,,
Oblivion.esm,INFO,000286D6,,NAM1,0,,,"You... you're still alive... For all I know, you're the killer! You stand your ground, or so help me they'll be blood between us.  ","당신... 당신이 아직 살아 있었구나... 내가 아는 한, 당신이 살인자야! 당신 입장을 아세요, 또는 우리들 사이에서 피가 흐를 때 나를 도와 주세요.",record,False,False,False,False,,
Oblivion.esm,INFO,000286D7,,NAM1,0,,,"Three people now dead, and yet the two of us still live. Do you think I'm the killer? Because I most certainly wonder the same thing about you.  ",세 사람이 죽었고 아직은 우리들 중 두 명이 살아 있습니다. 당신은 내가 살인자라고 생각하십니까? 나는 아주 확실하게 당신에 대해서 똑같이 궁금하기 때문이죠.,record,False,False,False,False,,
Oblivion.esm,INFO,000286D8,,NAM1,0,,,"Dear friend, three of the guests have been killed! You and I, we must stay close. Band together, for mutual protection!  ","친애하는 친구여, 3명의 손님이 살해되었습니다! 자네와 나는, 우리는 가까이 붙어 있어야 합니다. 형제같이, 서로의 보호를 위해서!",record,False,False,False,False,,
Oblivion.esm,INFO,000286D9,,NAM1,0,,,"You... you murdering dog! How could you have killed all those people? For the gold, is that it? You filthy peasant!   ","당신... 당신 살인하는 개 같은 놈! 어떻게 그 사람들을 죽였지? 황금 때문에, 그런가요? 당신 더러운 촌뜨기!",record,False,False,False,False,,
Oblivion.esm,INFO,000286DA,,NAM1,0,,,I... I don't understand. You're the only one left. Why weren't you killed? No... no... it can't be... ,난... 이해가 안됩니다. 당신 단 하나 남아있어. 왜 죽지 않는 거죠? 아니... 안돼... 그럴 수 없는... ,record,False,False,False,False,,
Oblivion.esm,INFO,00028717,,NAM1,0,,,"Listen to me! The others, they're all dead! Someone has been coming in here and killing them! That means there must be a way out!   ","내 말 잘 들어! 다른 사람들은, 그들은 모두 죽었어! 누군가 여기에 들어와 그들을 죽이고 있다고! 그것은 밖으로 나가는 길다는 뜻입니다!",record,False,False,False,False,,
Oblivion.esm,INFO,0002871F,,NAM1,0,,,"Well, look at you. Two people have been horribly murdered, and you're right as rain. Strikes me as odd, that does.","자, 봐요. 두 사람이 끔찍하게 살해당했습니다, 그리고 당신은 건강하군요. 혼자 있을 때 나를 공격 가능할 만큼, 그 정도로.",record,False,False,False,False,,
Oblivion.esm,INFO,00028720,,NAM1,0,,,"Two people, dead. If anyone else drops, I swear I'm going to gather every drop of alcohol in this house and drink myself into a stupor.","두 사람, 죽었어. 누구라도 떨어진다면, 내가 이 집에서 모든 술을 모아서 무감각해질 때까지 마실 것을 맹세합니다.",record,False,False,False,False,,
Oblivion.esm,INFO,00028721,,NAM1,0,,,"I haven't seen death like this in a long, long time. It's a bit more than my nerves can handle, I'm afraid. ",나는 이 같은 죽음을 오랫동안 보지 못했어요. 내가 견딜 수 있는 것보다 힘들군요. 나는 두렵습니다.,record,False,False,False,False,,
Oblivion.esm,INFO,00028721,,NAM1,1,,,"I plan to gather up every drop of drink in this house and keep it to myself, if things get any worse around here. I find comfort there, you see.","내가 이 집의 모든 술을 모아서 나한테 쏟아 넣을 거야, 여기 상황이 더 나빠질지라도, 거기서 위안을 찾을 거야. 당신은 알겠지.",record,False,False,False,False,,
Oblivion.esm,INFO,00028722,,NAM1,0,,,"You're enjoying all of this, aren't you? You like seeing us squirm! What in blazes is going on here? Do you have something to do with this?",당신은 이 모든 것을 즐기고 계시네요 그렇죠? 당신은 우리에게 어색해 하는군요! 도대체 이곳에서 무슨 일이 있는 건가요? 당신이 이것으로 뭔가를 해야 하나요?,record,False,False,False,False,,
Oblivion.esm,INFO,00028723,,NAM1,0,,,"Three people... murdered. I know I shouldn't go wandering off alone right now, but for the love of Ysmir, I need a drink!","3명이... 살해당했습니다. 난 지금 혼자서 헤매지 말아야지만, Ysmir의 사랑을 위하여, 술 한 잔 해야겠어요!",record,False,True,False,False,MEDIUM,Ysmir
Oblivion.esm,INFO,00028723,,NAM1,1,,,I need to find some real spirits. I think I saw some mead down in the basement. I don't care if it's not safe! It's my nerves! I need to calm down.,나는 진짜 술이 필요합니다. 지하실에 벌꿀 술을 본 것 같군요. 그 곳이 안전한지는 상관 없어! 내 맘이야! 진정시킬 것이 필요합니다.,record,False,False,False,False,,
Oblivion.esm,INFO,00028724,,NAM1,0,,,"My friend, please stay safe! Three of us have been murdered! Besides you and me, there's only one guest left, if you know what I'm saying.","친구, 조심하세요! 우리들 중 세 명이 살해당했습니다! 무슨 말인지 안다면 당신과 나, 그리고 한 명의 손님만 남았습니다.",record,False,False,False,False,,
Oblivion.esm,INFO,00028724,,NAM1,1,,,"I've seen death like this before. Many years ago, my daughter was murdered by bandits who came to our village. I'm sorry... I... I need a drink.","이런 죽음을 난 예전에 봤어요. 수 년 전에, 내 딸이 마을에 온 산적에 의해 살해 당했어요. 미안합니다... 난... 난 술 한잔 해야겠어요.",record,False,False,False,False,,
Oblivion.esm,INFO,000852DC,,NAM1,0,,,"Please, not now. I just want to be by myself for a bit.","제발, 지금 말고요. 전 그냥 잠시 혼자가 되고 싶어요.",record,False,False,False,False,,
Oblivion.esm,INFO,00028725,,NAM1,0,,,"By the gods, you're the only one left. It was you! How could you? How could you have killed all those people? You won't take me so easily!","신의 뜻대로, 당신밖에 남지 않았어. 그것은 당신이었어! 어떻게 그럴 수 있나요? 어떻게 그 사람들 모두를 죽일 수 있었나요? 당신은 쉽게 나를 죽일 수 없을 겁니다!",record,False,False,False,False,,
Oblivion.esm,INFO,00028726,,NAM1,0,,,"You! What do you want? If you're looking for something to drink, I can't help you. It's mine. It's all mine. It's the only thing I have...","너! 뭘 원하는 거야? 뭔가 마실 것을 찾고 있다면, 난 당신을 도울 수 없습니다. 이건 내 꺼야. 다 내 거라고. 그것만이 내가 가진 유일한... ",record,False,False,False,False,,
Oblivion.esm,INFO,00028727,,NAM1,0,,,"You want to know something, my friend? I just don't care anymore. We're the only two left. I know I didn't kill those people, so that leaves you.","뭔가를 알고 싶은가, 친구? 더 이상 아무 상관 없어. 우리들 중 2명만 남았지. 나는 그 사람들을 죽이지 않았어요, 그러면 당신이 남지.",record,False,False,False,False,,
Oblivion.esm,INFO,00028727,,NAM1,1,,,"And now you're here to kill me, right? Well, let's get this over with.","그리고 지금 여기에서 날 죽일 거죠, 맞죠? 자, 빨리 끝내죠.",record,False,False,False,False,,
Oblivion.esm,INFO,00028B7D,,NAM1,0,,,"Ah yes, the sixth guest. I'm Neville. It's nice to make your acquaintance.","아 그래, 여섯 번째 손님. 나는 Neville입니다. 당신과 친분을 쌓게되어 좋군요.",record,False,True,False,False,MEDIUM,Neville
Oblivion.esm,INFO,00028B7E,,NAM1,0,,,"You're starting to crowd me, friend. Why don't you just back off, eh?  ","당신이 나를 둘러싸고 있군요, 친구. 물러서지 않을래요, 허?",record,False,False,False,False,,
Oblivion.esm,INFO,00028B7F,,NAM1,0,,,"Well, that chest of gold is supposed to be in here somewhere. Though why someone would invite us all here just to give it away is quite the mystery.","음, 황금의 상자는 여기 어딘가에 있을 겁니다. 누군가가 우리 모두를 이곳에 초대해서 그것을 제공하는 이유가 있겠지만 아주 신비합니다.",record,False,False,False,False,,
Oblivion.esm,INFO,00028B80,,NAM1,0,,,"You want my honest opinion? This whole setup -- the party, the chest of gold -- it doesn't make any sense. ","당신은 내 솔직한 의견을 원한다고? 이 모든 설정은 - 파티, 황금의 상자는 - 말이 안 된다고.",record,False,False,False,False,,
Oblivion.esm,INFO,00028B80,,NAM1,1,,,"Why would someone invite us here? Why would they just give away an entire chest of gold? If I didn't know better, I'd say this whole thing is a trap.","누가 무슨 이유로 여기에 우리를 초대했을까? 왜 그들은 황금의 상자 전체를 제공할까요? 더 자세히 알지 못하지만, 이 모든 일들이 함정이라고 말하고 싶습니다.",record,False,False,False,False,,
Oblivion.esm,INFO,00028B80,,NAM1,2,,,"So, why am I here? Greed, my friend. I need the gold. I served the Legion proudly for twenty-three years, but pride doesn't put food on my table.","그럼, 내가 왜 여기 있냐고? 욕심이지, 친구. 난 황금 필요해. 내가 23년동안 자랑스럽게 군단에 봉사했지만, 자부심은 내 식탁에서 음식이 되지 않더군.",record,False,False,False,False,,
Oblivion.esm,INFO,00028B81,,NAM1,0,,,"Someone's been killed, and as far as I'm concerned, you're one of the prime suspects. You watch your step. ","누군가가 살해당했습니다, 당신도 주요 용의자라서 나는 걱정됩니다. 당신은 발걸음을 조심해.",record,False,False,False,False,,
Oblivion.esm,INFO,00028B82,,NAM1,0,,,Locked inside a house with five strangers. It sounded like  a trap when I read the invitation. Looks like I was right!  ,5명의 낯선 이와 집안에 갇혔습니다. 내가 초대장를 읽었을 때 함정 같았습니다. 내가 옳았다고!,record,False,False,False,False,,
Oblivion.esm,INFO,00028B83,,NAM1,0,,,"A guest has been murdered. So it begins. You mark my words. This entire party is a trap. Someone wants us all dead, and now they have their chance.","손님이 살해되었습니다. 그럼 시작합니다. 당신은 내 말을 잘 들어 두세요. 이 모든 파티가 함정입니다. 누군가가 우리가 모두 죽기를 바랍니다, 그리고 지금 그들은 기회가 있습니다.",record,False,False,False,False,,
Oblivion.esm,INFO,00028BE9,,NAM1,0,,,"Well, well, look who's here. It's the number one suspect in the cold-blooded murder of two innocent people. I'm watching you, scum.","이런, 이런, 이게 누구신가. 이것은 두 명의 무고한 사람들을 살인한 냉혈 살인 용의자 아닌가. 내가 널 지켜보고 있어, 쓰레기 같은 놈.",record,False,False,False,False,,
Oblivion.esm,INFO,00028BEA,,NAM1,0,,,"I'd say that with two people dead, it's time for everyone to pull together. We need to watch out for each other, stay in a group. ","죽은 두 사람과 함께라고 말하고 싶지만, 모든 사람들이 함께 있어야 할 시간입니다. 우리는 각각 서로에 대해 조심해야 합니다, 함께 머무르면서.",record,False,False,False,False,,
Oblivion.esm,INFO,00028BEB,,NAM1,0,,,"We're being stalked, like animals in the forest. I'm still not sure if the killer is one of the other guests, or is hiding somewhere in the house.","우리는, 숲 속의 동물처럼 쫓기고 있습니다. 난 아직도 범인이 다른 손님 중 하나인지, 아니면 이 집 어딘가에 숨어 있는 지 확신할 수 없습니다.",record,False,False,False,False,,
Oblivion.esm,INFO,00028BEB,,NAM1,1,,,"One thing I do know is that the killer won't just stop with two. They never do. You and I, we need to watch each other's backs.","제가 아는 한가지는 범인이 두 명으로 멈추지 않을 것입니다. 그들은 절대 그렇게 안 하지. 자네와 나, 우리는 서로를 엄호해야 합니다.",record,False,False,False,False,,
Oblivion.esm,INFO,00028BEB,,NAM1,2,,,I've got my old Legion armor and sword in a chest upstairs. It's time I geared up and showed this coward just who he's dealing with!,나는 위층 상자에 내 옛 군대의 갑옷과 칼이 있습니다. 내가 준비해서 이 겁쟁이에게 누구를 상대하고 있는지 보여 줄 것입니다.,record,False,False,False,False,,
Oblivion.esm,INFO,0008585C,,NAM1,0,,,"Don't worry, my friend. I'm going to show this slinking cutthroat how the Imperial Legion takes care of things.","걱정하지 마십시오, 내 친구. 이 은밀한 살인자에게 제국의 레기온이 어떻게 그것을 처리하는지 보여주겠습니다.",record,False,False,False,False,,
Oblivion.esm,INFO,00028BEC,,NAM1,0,,,"Come to have a few words before you slit my throat? That's right, I know you did it. I can't prove it yet, but you mark my words: You're going down!","당신이 내 목을 자르기 전에 몇 마디 나누고 싶군요? 네, 난 당신이 그것을 했는지 알아요. 아직 그것을 증명할 수 없지만, 당신은 내 말을 기억해 둬요 : 당신은 쓰러질 거야!",record,False,False,False,False,,
Oblivion.esm,INFO,00028BED,,NAM1,0,,,"I've been doing some thinking. About you. It's kind of interesting that you were the last guest to arrive, don't you think?  ",좀 생각을 해 봤는데. 당신에 대해서. 마지막 손님으로 도착했다는 것이 흥미롭군요. 그렇게 생각하지 않나요?,record,False,False,False,False,,
Oblivion.esm,INFO,00028BED,,NAM1,1,,,"And now, three people lie dead, and you look as if you haven't a care in the world. It just looks a bit... suspicious. That's all I'm saying.","그리고 이제, 세 사람이 죽었습니다, 당신은 이 세상에서 관심이 없는 것처럼 보이네요. 그냥 조금...의심스러워 보이네요. 그것이 내가 하고 싶은 말 전부입니다.",record,False,False,False,False,,
Oblivion.esm,INFO,00028BEE,,NAM1,0,,,"There you are. Listen, I've searched every inch of this house. It's sealed up tight. There's no way in or out, and there's nobody hiding anyplace.","당신 여기 있었군요. 이봐요, 난 이 집을 구석구석을 수색했습니다. 모든 것이 막혀 있습니다. 들어오거나 나갈 방법이 없고, 어디에도 숨을 곳이 없습니다.",record,False,False,False,False,,
Oblivion.esm,INFO,00028BEE,,NAM1,1,,,"That means the killer has been inside with us all along. You and I aren't murderers, so that leaves one person! We must prepare to defend ourselves! ","이것은 살인자가 우리 안에 함께 있다는 것을 의미합니다. 당신과 내가 살인자가 아니니, 그럼 한 사람만 남았네요! 그것은 Nels, 그 불한당이군요!",record,False,True,False,False,MEDIUM,Nels
Oblivion.esm,INFO,0008585D,,NAM1,0,,,"There you are. Listen, I've searched every inch of this house. It's sealed up tight. There's no way in or out, and there's nobody hiding anyplace.","당신 여기 있었군요. 이봐요, 난 이 집을 구석구석을 수색했습니다. 모든 것이 막혀 있습니다. 들어오거나 나갈 방법이 없고, 어디에도 숨을 곳이 없습니다.",record,False,False,False,False,,
Oblivion.esm,INFO,0008585D,,NAM1,1,,,"That means the killer has been inside with us all along. You and I aren't murderers, so that leaves one person! It's Nels the Naughty!","이것은 살인자가 우리 안에 함께 있다는 것을 의미합니다. 당신과 내가 살인자가 아니니, 그럼 한 사람만 남았네요! 그것은 Nels, 그 불한당이군요!",record,False,True,False,False,MEDIUM,Nels
Oblivion.esm,INFO,00028BEF,,NAM1,0,,,"Well, here we both are. Retired Imperial Legion officer and hired assassin. So, who do you work for? The Dark Brotherhood? The Morag Tong? No matter.","음, 여기에 우리 둘 다 있군요. 은퇴한 제국 군단의 장교와 고용된 자객. 그런데, 당신 누구를 위해 일하는데? 다크 브라더후드? Morag Tong? 상관없어.",record,False,True,False,False,MEDIUM,"Morag, Tong"
Oblivion.esm,INFO,00028BEF,,NAM1,1,,,I've faced your kind before. You're a coward. You use stealth and lies to destroy innocent lives. All of that ends now! Prepare to meet your doom!,당신 같은 사람을 만난 적이 있습니다. 겁쟁이지. 당신은 무고한 생명을 파괴하기 위해 은밀과 거짓을 이용하지. 모든 것은 이제 끝이야! 당신의 파멸을 준비해!,record,False,False,False,False,,
Oblivion.esm,INFO,00028BF1,,NAM1,0,,,"I was wondering when you'd get to me. I have to give you some credit. You had me fooled. You made me trust you, which is not an easy thing.","난 당신이 날 잡을 줄 알고 궁금했습니다. 당신에게 신용을 주어야 했습니다. 당신은 날 바보로 취급했습니다. 내가 당신을 신용하게 만들었는데, 그것은 쉬운 일이 아니었습니다.",record,False,False,False,False,,
Oblivion.esm,INFO,00028BF1,,NAM1,1,,,"Oh, and the chest of gold was a nice touch. I knew it was all too good to be true, but I guess my greed got the best of me.","아, 그리고 황금상자는 좋은 시도였습니다. 난 그게 사실이기에는 너무 좋다고 생각했지만, 내 탐욕이 나를 잡아먹었습니다.",record,False,False,False,False,,
Oblivion.esm,INFO,00028BF1,,NAM1,2,,,But I'm afraid your little game is over now. I've killed more assassins in my day than I can count. So let's get this over with!,그러나 나는 유감스럽게도 당신의 작은 게임은 이제 끝났군요. 나는 하루에 셀 수 없을 만큼 많은 자객을 죽인 적이 있습니다. 그럼 이걸로 끝내 봅시다!,record,False,False,False,False,,
Oblivion.esm,INFO,00085973,,NAM1,0,,,"Well, that's it, my friend. We're the last. And that damned assassin is still hiding out in this house somewhere.","음, 이제 끝이야, 친구. 우리가 마지막이야. 그리고 그 저주받은 암살자는 아직도 이 집 어딘가에 숨어있다고.",record,False,False,False,False,,
Oblivion.esm,INFO,00085973,,NAM1,1,,,I guess there's only one thing left for me to do. I'm going to find an axe and do my best to chop that damn door down and get us out of here!,이곳에서 한 가지 내가 할 일이 남은 것 같아요. 나는 도끼를 찾아서 문을 절단하고 여기서 벗어나려고 합니다.,record,False,False,False,False,,
Oblivion.esm,INFO,00085974,,NAM1,0,,,"Don't you worry, my friend. I'll get us out of here!","걱정하지 마십시오, 내 친구. 나는 여기에서 우리를 벗어 나게 할겁니다!",record,False,False,False,False,,
Oblivion.esm,INFO,000837E7,,NAM1,0,,,"So, the last guest finally arrives. I'll tell you what I told all the others. You go in, I lock the door. You don't come out 'til it's over.","아, 마지막 손님이 도착하셨군. 모두에게 말해준 걸, 당신에게도 말해주겠소. 당신이 들어가면, 난 문을 잠금니다. 당신은 파티가 끝날때까지 나오지 못해요.",record,False,False,False,False,,
Oblivion.esm,INFO,000837E7,,NAM1,1,,,"Now I'll tell you what I didn't tell everyone else. We have the same Mother, you and I. And she wants you to have this. It's the key to the house.",이제 다른 분들에게 말하지 않은 걸 말씀드리죠. 당신과 저는 같은 어머니를 섬깁니다. 그분이 이걸 당신께 전하라 하셨습니다. 이 저택의 열쇠입니다.,record,False,False,False,False,,
Oblivion.esm,INFO,000837E7,,NAM1,2,,,"I guess someone else has already told you the other details. Kill all the guests then leave, right? Well, you'd better get in there. Time to mingle. ","누군가가 당신에게 세부사항에 대해서 말했을 거라 생각되는군요. 모든 손님을 죽이고 나서 떠나세요. 알겠죠? 이제, 들어가보는게 좋을것 같군요. 놀아줄 시간입니다.",record,False,False,False,False,,
Oblivion.esm,INFO,000837E8,,NAM1,0,,,"Well, what are you waiting for. There's a party, and you're the guest of honor. All I get to do is lock the damn door. You get to have all the fun.","그럼, 무엇을 기다리고 있나요. 파티가 있고, 당신은 주빈입니다. 내가 해야 할 일은 그 젠장 맞을 문을 잠그는 것입니다. 재미있게 보내시오.",record,False,False,False,False,,
Oblivion.esm,INFO,0002DB92,,NAM1,0,,,"Yes? Is there something I can help you with, Associate?",예? 제가 뭔가 도와드릴까요? ?,record,False,False,False,False,,
Oblivion.esm,INFO,00034861,,NAM1,0,,,"Ah, child. I thank you for helping me.","오, 아이야. 도와줘서 정말 고맙구나.",record,False,False,False,False,,
Oblivion.esm,INFO,00034861,,NAM1,1,,,"With the voices quieted for now, the words you seek have come to me. You shall have my... recommendation.",목소리는 이제 조용해졌어. 네가 원하는 말이 드디어 떠올랐구나. 너는 내 ... 추천장을 받게 될 거야.,record,False,False,False,False,,
Oblivion.esm,INFO,00034861,,NAM1,2,,,"Though I must warn you. I have seen things in your future. Things which may be, and things which will be.",너에게 경고해 주어야 겠구나. 나는 네 미래를 보았어. 일어날 수도 있는 일들과 일어나게 될 일을 말이야.,record,False,False,False,False,,
Oblivion.esm,INFO,00034861,,NAM1,3,,,"It will be up to you to decide the fate of many. Life and death are strange things, easily manipulated, and both will be altered by your hands.",너는 많은 사람들의 운명을 결정하게 될거야. 삶과 죽음은 이상한 것들이야. 쉽게 변형 가능하고 모두 네 의지에 따라 바뀌게 될 거란다.,record,False,False,False,False,,
Oblivion.esm,INFO,0001FC4A,,NAM1,0,,,"You seek more from me, child? It is as I have seen.",내게 더 물을것이 있니 아이야? 내가 본 그대로구나.,record,False,False,False,False,,
Oblivion.esm,INFO,0001FC4A,,NAM1,1,,,"I know what you would ask. You would bring light to that which is in darkness, bring silence to the voices so loud. I know where you must go.",나는 네가 무얼 물어볼지 알고 있단다. 너는 어둠속에서 빛을 밝히고 시끄러운 목소리에 조용함을 찾아주겠지. 난 네가 어디로 가야 할지 안단다.,record,False,False,False,False,,
Oblivion.esm,INFO,0001FC4A,,NAM1,2,,,"Blood ran blue, and dragons flew high. Under broken towers and broken bodies it now lies, waiting to be found.",피는 차가워지고 드래곤들은 높이 날았지. 그것은 쓰러진 탑과 무너진 신체 아래에서 자기를 찾아주길 기다리고 있단다.,record,False,False,False,False,,
Oblivion.esm,INFO,0001FC4A,,NAM1,3,,,"What was my sire's must be mine, if you would have the words you seek. You must go and find his stone.",내 선조의 것은 나의 것이겠지. 네가 원하는 것은 그의 돌을 찾아야 얻을 수 있을 거란다.,record,False,False,False,False,,
Oblivion.esm,INFO,00034863,,NAM1,0,,,"Nothing has changed, child. The voices still cry out, and I am unable to hear. If they can be sealed away, our work may begin.","아무것도 바뀌지 않았단다 아이야. 목소리들은 여전히 울고 있고, 나는 그외에는 아무것도 들을수 없어. 그들의 목소리가 사라지고 나서야 우리 일을 할수 있을 거란다.",record,False,False,False,False,,
Oblivion.esm,INFO,0001E065,,NAM1,0,,,"Have you reconsidered, child? Will you aid me?",다시 생각해 보았니 아이야? 나를 도와주겠어? ,record,False,False,False,False,,
Oblivion.esm,INFO,0002DB93,,NAM1,0,,,"You seek wisdom from me, child? Ah, no. You seek words.","나에게 지식을 구하러 왔니 아이야? 아, 아니야. 나에게 말을 구하러 온 것이구나.",record,False,False,False,False,,
Oblivion.esm,INFO,0002DB93,,NAM1,1,,,"Words are... difficult. They come and go. The voices, though. So loud they are, they drown out the words.",말은... 어려워. 떠올랐다가 금방 사라지진단다. 하지만 목소리들은 시끄럽게 울며 다른걸 압도해 버리지.,record,False,False,False,False,,
Oblivion.esm,INFO,0002DB93,,NAM1,2,,,"Without my amulet, my stone to lock the voices away, the words will never come and stay.","내 목걸이가 없으면, 내 돌이 이 목소리를 막아주지 않는다면, 네가 원하는 말은 결코 떠오르지 않을 거란다.",record,False,False,False,False,,
Oblivion.esm,INFO,0002DB93,,NAM1,3,,,"Would you lift your hands to help another, to help me find the words?",네 손을 내밀어 나를 도와 이 말을 찾을 수 있도록 도와주지 않겠니? ,record,False,False,False,False,,
Oblivion.esm,INFO,0002DB95,,NAM1,0,,,"You speak, yet I cannot hear. You listen, yet I cannot speak. When the voices grow quiet, then shall our time be at hand.","너는 말하지만, 나는 들을수 없구나. 네가 듣고자 하지만, 나는 아직 말할 수 없단다. 목소리가 조용해지고 나면 모든 일을 해결할 수 있을거야.",record,False,False,False,False,,
Oblivion.esm,INFO,0002DB95,,NAM1,1,,,"Agata has heard the voices, though I speak for them all. It is to her you must now go.","내가 목소리를 말한 것이지만, 아가타는 그 목소리를 들은 적이 있단다. 네가 찾아야 할 이는 바로 그녀란다.",record,False,False,False,False,,
Oblivion.esm,INFO,00035E05,,NAM1,0,,,"Do we know each other? There's something familiar about you, but I just can't place it.",우리가 아는 사인가요? 당신이 낯익군요...설명할 수는 없지만요.,record,False,False,False,False,,
Oblivion.esm,INFO,000224C5,,NAM1,0,,,I don't care how bad I need the business. You ain't welcome here. ,내가 얼마나 그 사업이 필요한지 상관없어. 당신은 여기에서 환영하지 않습니다.,record,False,False,False,False,,
Oblivion.esm,INFO,000224C6,,NAM1,0,,,"Yeah, I still got rooms. What do you need?","그래요, 여전히 객실 있습니다. 뭐가 필요합니까?",record,False,False,False,False,,
Oblivion.esm,INFO,000224C8,,NAM1,0,,,"Hail, friend. Good to see you again. What can old Manheim help you with?","안녕하신가, 친구. 다시 만나서 반갑습니다. 늙은 Manheim이 무엇을 도와드릴까요?",record,False,True,False,False,MEDIUM,Manheim
Oblivion.esm,INFO,000224EA,,NAM1,0,,,"Hello stranger. We don't get many visitors around here. Makes things pretty lonely for me, if you know what I mean.","안녕하세요, 이방인이여. 여기는 방문자가 많지 않습니다. 덕분에 난 무척 쓸쓸하답니다. 이해가 될려나요.",record,False,False,False,False,,
Oblivion.esm,INFO,000224F1,,NAM1,0,,,You make me sick! Now get out of here before I have Manheim throw you out!,지긋지긋하게 만드는군요! Manheim이 당신을 내쫓기 전에 여기서 나가세요!,record,False,True,False,False,MEDIUM,Manheim
Oblivion.esm,INFO,000224F2,,NAM1,0,,,"Still here, stranger? You're not actually renting a room, are you?","아직 여기 있었나요, 이방인? 방을 빌리고 있는 손님인건 아니겠죠?",record,False,False,False,False,,
Oblivion.esm,INFO,000224F3,,NAM1,0,,,"It's good to see you, friend. This inn has been cheerless for far too long.","환영합니다, 친구. 이 여관은 너무 오랫동안 활기가 없었어요.",record,False,False,False,False,,
Oblivion.esm,INFO,000224F4,,NAM1,0,,,I... I ain't got nothing to say! Now leave me be!,난... 난 아무것도 말 못 해! 이제 날 좀 내버려 두시오!,record,False,False,False,False,,
Oblivion.esm,INFO,00023F33,,NAM1,0,,,Huh? You're not Gromm. Get out of my home! I don't want you here!,응? 당신은 Gromm이 아니야. 내 집에서 나가! 여기 있으면 안돼!,record,False,True,False,False,MEDIUM,Gromm
Oblivion.esm,INFO,0002D923,,NAM1,0,,,"The Master doesn't like visitors. Leave this house. Now. If you're still here in twenty seconds, I will be forced to crush you.","마스터는 방문자를 좋아하지 않는다. 이 집에서 나가도록. 당장. 20초 이내에 안나가면, 강제로 내쫓겠다.",record,False,False,False,False,,
Oblivion.esm,INFO,0004C05C,,NAM1,0,,,"For your sake, you'd better be on your way to the door.",자신의 몸을 위해서도 나가는 편이 좋을거요.,record,False,False,False,False,,
Oblivion.esm,INFO,0007327B,,NAM1,0,,,"Baenlin... Oh Baenlin... I loved ya, old man. I loved ya... But I couldn't protect ya... Oh Baenlin! Waaaahhhhh! [sobbing]","Baenlin... 오 Baenlin... 난 당신을 사랑했어, 늙은이, 난 당신을 사랑했어... 하지만 당신을 보호할 수가 없었어... 오 Baenlin! 와아아아아악! [흑흑]",record,False,True,False,False,MEDIUM,"Baenlin, Baenlin, Baenlin"
Oblivion.esm,INFO,0002F4D9,,NAM1,0,,,"You... You're not the one Lachance was talking about! Please... Please, don't kill me! You can take anything you like, then just leave!","당신... 당신은 Lachance가 얘기했던 사람이 아니잖아! 제발... 제발, 날 죽이지 마! 당신은 네가 원하는 것을 가지고, 그냥 떠나주시오!",record,False,True,False,False,MEDIUM,Lachance
Oblivion.esm,INFO,0002F4DA,,NAM1,0,,,"Please, just take what you want and leave! I won't call the guards, I swear!","제발, 당신이 원하는 걸 가지고 떠나! 난 경비를 호출하지 않았습니다, 맹세해요!",record,False,False,False,False,,
Oblivion.esm,INFO,0002FF0A,,NAM1,0,,,Huh? Sorry... I ain't interested....,응? 죄송합니다... 나도 별로 관심이 없고... ,record,False,False,False,False,,
Oblivion.esm,INFO,00036311,,NAM1,0,,,"I'm sorry, but I'm really not one for engaging in conversation. Please, leave me.",미안합니다. 당신과 잡답할 상대가 될 수는 없습니다. 혼자있게 해주세요.,record,False,False,False,False,,
Oblivion.esm,INFO,0004918E,,NAM1,0,,,"Beautiful, isn't she? The Marie Elena. Damn fine ship, with a damn fine crew. I should know, I'm her first mate. Malvulis is my name.",아! 정말 아름답지 않아? Marie Elena! 젠장맞게 멋진 배야! 젠장맞게 훌륭한 선원들도 있지! 나는 이 배의 일등 항해사 Malvulis라네.,record,False,True,False,False,MEDIUM,"Marie, Elena, Malvulis"
Oblivion.esm,INFO,0004918E,,NAM1,1,,,"So believe me when I tell you we don't like it when people snoop around in our affairs. You get near that ship, and my men will run you through.","우리는 누가 우리 배 주변을 어슬렁 거리는걸 좋아하지 않지. 만약 네가 우리 배 쪽으로 접근한다면, 선원들이 널 가만두지 않을껄? 내 말 이해했냐? 네가 저 배에 다가가면, 넌 죽음에 이르게 될꺼야. 이제 내 앞에서 꺼져!",record,False,False,False,False,,
Oblivion.esm,INFO,0004918F,,NAM1,0,,,"I hope I made myself clear the first time. If you get near that ship, you'll end up dead. Now get out of my face.",한번만에 제대로 이해하길 바래. 만약 네가 배 근처에 있다면 넌 죽은 목숨이오. 이제 내 앞에서 꺼져. ,record,False,False,False,False,,
Oblivion.esm,INFO,000493FB,,NAM1,0,,,"I ain't got nothin' to say to you, fancy pants. So why don't you mind your own business, huh?","당신이랑 말하는게 불가능하지는 않소, 멋진 양반. 그래 당신 일을 말해보시오. 엉?",record,False,False,False,False,,
Oblivion.esm,INFO,000661F5,,NAM1,0,,,"I have no time for your pathetic attempts at small talk. Now walk away, before I get... nasty.",난 너 따위와 담소하고 있을 시간같은거 없어. 꺼지라고.... 내가 화내기 전에.,record,False,False,False,False,,
Oblivion.esm,INFO,000661F6,,NAM1,0,,,"No! You filthy guttersnipe! You won't get away with this! By Sithis, if I could only move my arms, I'd rip that smile right off your face!","안돼! 당신 더러운 하층민 같은 놈! 너는 절대로 빠져 나갈 수 없어! 시디스에 걸고, 만약 내 팔을 움직일 수 있다면, 내가 너의 얼굴에서 그 미소를 뭉개줄테다!",record,False,False,False,False,,
Oblivion.esm,INFO,0007327C,,NAM1,0,,,"Hmm? Oh, Caenlin's my name. Maybe you knew my uncle, Baenlin? He died recently. Stuffed head fell on him. Very tragic. Well, goodbye.                ","흠? 오, Caenlin이 내 이름이야. 혹시 당신은 내 삼촌, Baenlin을 아시나요? 그는 최근에 돌아가셨어요. 머리 조각상이 그에게 떨었습니다. 매우 비극적이죠. 그럼, 안녕히 가세요.",record,False,True,False,False,MEDIUM,"Caenlin, Baenlin"
Oblivion.esm,INFO,0007327D,,NAM1,0,,,"Hmm? Oh, Caenlin's my name. Maybe you knew my uncle, Baenlin? He died recently. It was all very tragic. I'm heartbroken, of course. Well, goodbye.","흠? 오, Caenlin이 내 이름이야. 혹시 당신은 내 삼촌, Baenlin을 아시나요? 그는 최근에 돌아가셨어요. 그것은 모두 매우 비극적입니다. 물론 나도 상처받았습니다. 그럼, 안녕히 가세요.",record,False,True,False,False,MEDIUM,"Caenlin, Baenlin"
Oblivion.esm,INFO,00071D4F,,NAM1,0,,,"So I wanted somebody murdered! So I prayed to the Night Mother! What, is that a crime now? They even took my house, those bastards! Agghhh!    ","그래서 죽이고 싶었던 것이다! 그래서 나이트 마더에게 기원한 것이다! 뭐, 범죄라고? 놈들은 심지어 내 집을 앗아갔어, 개자식들! 아아악!",record,False,False,False,False,,
Oblivion.esm,INFO,000BE336,,NAM1,0,,,"Sorry, no time to talk! I have to deliver these copies of the Black Horse Courier! Here, take a copy! It's free!","미안합니다, 이야기할 시간이 없습니다! 나는 Black Horse Courier의 복사본을 배달해야 합니다! 자, 사본을 받으세요! 무료입니다!",record,False,True,False,False,MEDIUM,"Black, Horse, Courier"
Oblivion.esm,INFO,000BE337,,NAM1,0,,,"Sorry, no time to talk! I have to deliver these copies of the Black Horse Courier! Have you heard of the Blackwood Company? Read all about them!","미안합니다, 이야기할 시간이 없습니다! 나는 Black Horse Courier의 복사본을 배달해야 합니다! 당신은 Blackwood Company에 대하여 들어 보셨어요? 그들에 대한 모든 것을 읽어주세요!",record,False,True,False,False,MEDIUM,"Black, Horse, Courier, Blackwood, Company"
Oblivion.esm,INFO,000BE338,,NAM1,0,,,"Sorry, no time to talk! I have to deliver these copies of the Black Horse Courier! Here, have one of the latest editions, free as always!","미안합니다, 이야기할 시간이 없습니다! 나는 Black Horse Courier의 복사본을 배달해야 합니다! 여기있습니다, 최신판중 하나는 언제나처럼 무료입니다!",record,False,True,False,False,MEDIUM,"Black, Horse, Courier"
Oblivion.esm,INFO,000BE339,,NAM1,0,,,"Sorry, no time to talk! I have to deliver these copies of the Black Horse Courier! Have the latest edition, free as always! It's about the Gray Fox!","미안합니다, 이야기할 시간이 없습니다! 나는 Black Horse Courier의 복사본을 배달해야 합니다! 언제나처럼 최신판이 무료입니다! 그레이 폭스에 관해서입니다!",record,False,True,False,False,MEDIUM,"Black, Horse, Courier"
Oblivion.esm,INFO,000BE33A,,NAM1,0,,,"Sorry, no time to talk! I have copies of the Black Horse Courier to deliver! Here's one of the latest! The Imperial Legion commander's been murdered!","미안합니다, 이야기할 시간이 없습니다! 나는 배달할 Black Horse Courier 복사본을 가지고 있습니다! 여기 최신판입니다! 제국 군단의 지휘관은 살해 당했습니다!",record,False,True,False,False,MEDIUM,"Black, Horse, Courier"
Oblivion.esm,INFO,000BE33B,,NAM1,0,,,"Sorry, no time to talk! I have to deliver these copies of the Black Horse Courier! Here, have the latest edition! Some Elf in Bruma got killed!","미안합니다, 이야기할 시간이 없습니다! 나는 Black Horse Courier의 복사본을 배달해야 합니다! 여기있습니다, 최신판으로! 어떤 엘프가 Bruma에서 죽었습니다!",record,False,True,False,False,MEDIUM,"Black, Horse, Courier, Bruma"
Oblivion.esm,INFO,000BE342,,NAM1,0,,,"Sorry, no time to talk! I have to deliver these copies of the Black Horse Courier! Here, have a copy! The Night Mother rituals are on the rise!","미안합니다, 이야기할 시간이 없습니다! 나는 Black Horse Courier의 복사본을 배달해야 합니다! 자, 사본을 가지세요! 나이트 마더에 의식이 증가하고 있습니다!",record,False,True,False,False,MEDIUM,"Black, Horse, Courier"
Oblivion.esm,INFO,000C45BB,,NAM1,0,,,"You need something... special? Check out my wares. You won't find this stuff at your local general store, that's for damn sure. ","뭔가가 필요합니까... 특별한 것? 나의 물건을 확인해보십시오. 당신은 일반 지역가게에서 이런 물건을 찾을 수 없을 것입니다, 그건 확실해.",record,False,False,False,False,,
Oblivion.esm,INFO,0002809B,,NAM1,0,,,"Please, let me out of here! You must help me escape. I think these creatures plan to do something horrible to me tonight!",제발 절 여기서 꺼내 주세요! 저 좀 탈출하게 도와주세요. 아무래도 오늘 밤 이 괴물 놈들이 뭔가 끔찍한 짓을 제게 할 건가 봐요!,record,False,False,False,False,,
Oblivion.esm,INFO,0002809C,,NAM1,0,,,"Hello, I don't think we've met.  Are you new in town?",안녕하세요? 우린 만난 적이 없는 것 같군요. 이 마을에 처음인가요?,record,False,False,False,False,,
Oblivion.esm,INFO,000280C5,,NAM1,0,,,"I'm don't mean to impose, but I'm hoping you can help me.  My daughter, Dar-Ma is missing and I don't know what to do.  ","강요하는 것은 아닙니다만, 당신이 절 도와주셨으면 합니다. 제 딸, Dar-Ma가 실종되었답니다. 전 어찌해야 할 지 모르겠어요. ",record,False,True,False,False,MEDIUM,Dar-Ma
Oblivion.esm,INFO,00017786,,NAM1,0,,,What are you doing? We can't talk in front of him!,뭐 하는 거요? 저 사람앞에서는 얘기할 수 없어!,record,False,False,False,False,,
Oblivion.esm,INFO,00017787,,NAM1,0,,,You came. Good. I don't have much time. I have to get to the Gathering before I'm missed.,왔군요. 나에게는 시간이 많지 않습니다. 의심받기 전에 집회에 참가해야만 해요.,record,False,False,False,False,,
Oblivion.esm,INFO,000A2E56,,NAM1,0,,,I can't be seen talking to you. I've done what I can. Now it's up to you.,당신과 이야기하는 모습을 들키면 안됩니다. 말해야 할건 다했습니다. 이제 당신에게 달렸어요.,record,False,False,False,False,,
Oblivion.esm,INFO,00028211,,NAM1,0,,,"Let me give you some advice, stranger.  Leave.  Now.  You ain't welcome here.","충고 하나 해주지, 이방인. 꺼져라. 당장. 넌 여기서 환영받지 못한다.",record,False,False,False,False,,
Oblivion.esm,INFO,0002873C,,NAM1,0,,,You're not welcome around here.,당신은 이곳에서 환영받지 못한다.,record,False,False,False,False,,
Oblivion.esm,INFO,00028212,,NAM1,0,,,We don't like strangers poking their noses into our business.,우리는 낯선 사람이 이것 저것 캐고 다니는 걸 좋아하지 않아.,record,False,False,False,False,,
Oblivion.esm,INFO,00028213,,NAM1,0,,,"If you're not careful, the brethren will have to teach you a lesson.","조심하지 않으면, 형제들이 널 가만두지 않을 거다.",record,False,False,False,False,,
Oblivion.esm,INFO,00028737,,NAM1,0,,,Hello my friend.  I will never forget your daring rescue.  What can I do for you?,"안녕하세요, 나의 친구여. 당신이 용감하게 절 구해준 것을 절대 잊지 않을 겁니다. 오늘은 뭘 도와드릴까요?",record,False,False,False,False,,
Oblivion.esm,INFO,00028738,,NAM1,0,,,"I'm always glad to see you, handsome.","당신을 만나면, 언제나 기분이 좋군요.",record,False,False,False,False,,
Oblivion.esm,INFO,0002C58E,,NAM1,0,,,"Azani Blackheart is dead, and our brothers avenged.","Azani Blackheart는 죽었다. 이로써, 우리 형제들의 복수를 한거야!",record,False,True,False,False,MEDIUM,"Azani, Blackheart"
Oblivion.esm,INFO,0002C592,,NAM1,0,,,We don't have time to talk. I want to find Blackheart. What do you need?,잡담이나 하고 있을 시간이 없다고. Blackheart 그놈을 빨리 찾아야돼. 대체 왜 그러는건데?,record,False,True,False,False,MEDIUM,Blackheart
Oblivion.esm,INFO,000F593E,,NAM1,0,,,He's here somewhere. I know it.,여기 어딘가에 그놈이 있을거야. 난 알아,record,False,False,False,False,,
Oblivion.esm,INFO,0002FF28,,NAM1,0,,,"Nothing! I knew it! Azani Blackheart isn't here, alive or dead.","없잖아! Azani Blackheart 그 자식이 죽었는지 살았는진 몰라도, 여기엔 없다고!",record,False,True,False,False,MEDIUM,"Azani, Blackheart"
Oblivion.esm,INFO,0005439E,,NAM1,0,,,Let's look around.,이제 주위를 둘러 보자고,record,False,False,False,False,,
Oblivion.esm,INFO,00098195,,NAM1,0,,,Let's get moving. Head to Arpenia.,빨리 Arpenia로 가자고.,record,False,True,False,False,MEDIUM,Arpenia
Oblivion.esm,INFO,000B6C01,,NAM1,0,,,Meet me at the Fighters Guild in Leyawiin. We've got work to do.,레이어윈(Leyawiin)의 파이터 길드로 와서 날 찾아. 해야할 일이 생겼어.,record,True,True,False,False,HIGH,Leyawiin
Oblivion.esm,INFO,0002C595,,NAM1,0,,,We need to check out Arpenia. Come on. I'll follow you.,Arpenia를 한번 둘러 봐야겠네. 이리와. 나를 잘 따라와라.,record,False,True,False,False,MEDIUM,Arpenia
Oblivion.esm,INFO,0002C59C,,NAM1,0,,,Have you changed your mind about helping me?,"그래, 이제 날 도와주기로 마음을 바꾼거야?",record,False,False,False,False,,
Oblivion.esm,INFO,0002C59F,,NAM1,0,,,I need your help now. Have you made up your mind?,"지금 니 도움이 필요해. 그래, 마음은 정했나?",record,False,False,False,False,,
Oblivion.esm,INFO,000146A1,,NAM1,0,,,Good. You're here. We've got duties to attend to.,좋아. 여기 있어봐. 지금 우리는 해야할 일이 있으니.,record,False,False,False,False,,
Oblivion.esm,INFO,00002E58,,NAM1,0,,,I said we'd speak later. What do you need?,내 분명이 나중에 이야기 하자고 했을텐데. 대체 뭔가?,record,False,False,False,False,,
Oblivion.esm,INFO,00003431,,NAM1,0,,,"Ah, it's you. I figured you'd be by soon.","오, 너구나. 생각했던 대로 금방 이군..",record,False,False,False,False,,
Oblivion.esm,INFO,000008C2,,NAM1,0,,,"As I mentioned, I have no more contracts available. You'll need to speak with Ocheeva. But first you should go and sleep! Your dark gift awaits...","내가 언급했듯이, 나와 더 이상 계약할 수 없습니다. 당신은 Ocheeva과 얘기해야 합니다. 하지만 먼저 당신이 가서 잠을 자야합니다! 당신의 어둠의 선물이 기다리고... ",record,False,True,False,False,MEDIUM,Ocheeva
Oblivion.esm,INFO,000008D1,,NAM1,0,,,Greetings... greetings fellow stalker of the damned! Enjoy your new gift. And don't forget to speak with Ocheeva! She has a contract waiting for you.,안녕하시오... 인사하는 저주받은 동료 스토커! 당신의 새 선물을 즐기시오. 그리고 Ocheeva과의 이야기하는 것을 잊지 마세요! 그녀는 살인청부로 당신을 기다리고 있습니다.,record,False,True,False,False,MEDIUM,Ocheeva
Oblivion.esm,INFO,000008D3,,NAM1,0,,,"Ah, greetings. I have been waiting for you. As Vicente surely told you, your time working with him has come to an end.  ","반갑네. 자네를 기다리고 있었어. Vicente가 자네에게 말했듯이, 자네가 그와 함께하는 시간은 이제 끝났네.",record,False,True,False,False,MEDIUM,Vicente
Oblivion.esm,INFO,000008D3,,NAM1,1,,,"From now on, you will receive all assignments directly from me. In fact, your next contract is available now.","지금부터는 나에게서 직접 임무를 받게 될거야. 사실, 자네의 다음 임무는 이미 준비되어 있다네.",record,False,False,False,False,,
Oblivion.esm,INFO,00023E3C,,NAM1,0,,,"Welcome, dear Sister! So good to finally meet you! I hope you're getting along all right. If you need anything, anything at all, you need only ask.","잘 왔어, 친애하는 자매여! 만나서 반가워! 네가 잘해내길 바래. 필요한게 있다면 뭐든지 물어봐도 좋아.",record,False,False,False,False,,
Oblivion.esm,INFO,00023E3E,,NAM1,0,,,"Hello, dearest Sister. Is there something I can help you with?",안녕. 내가 가장 좋아하는 자매여. 내가 도와 줄것이 있니?,record,False,False,False,False,,
Oblivion.esm,INFO,00023E3F,,NAM1,0,,,"Welcome, brother. So good to finally meet you. I hope you're getting along all right.","환영합니다, 형제여. 결국 당신을 만나게 되어서 좋군요. 난 당신과 잘 지냈으면 좋겠네요.",record,False,False,False,False,,
Oblivion.esm,INFO,00023E51,,NAM1,0,,,"Yes, dearest Brother? Is there something I can help you with?","네, 존경하는 형제여? 제가 당신을 도울 수 있는 일이 있나요?",record,False,False,False,False,,
Oblivion.esm,INFO,000251C0,,NAM1,0,,,Yes? Is there something you need?,네? 당신이 필요한 게 있나요?,record,False,False,False,False,,
Oblivion.esm,INFO,000251C3,,NAM1,0,,,Why do you insist on annoying me?,왜 당신은 나에게 성가신 주장을 합니까?,record,False,False,False,False,,
Oblivion.esm,INFO,000251C9,,NAM1,0,,,"Welcome! Welcome to the family! I'd hug you, but Ocheeva told me not to.","아! 환영해! 정말로 환영해! 너를 껴안아 주고 싶지만, 오치바가 그러지 말라더군.",record,False,False,False,False,,
Oblivion.esm,INFO,000251CB,,NAM1,0,,,"I know what you're thinking! Gogron, he's too big to be sneaky! Well you're right! Me, I like to just go in and hack my targets to pieces. Ha! ","난 네가 무슨 생각하는지 알아! Gogron은 잠행하기엔 너무 커! 음, 네가 맞아! 나는 그냥 목표에게 다가서서 목표를 조각조각 썰어버리는걸 좋아해. 하! ",record,False,True,False,False,MEDIUM,Gogron
Oblivion.esm,INFO,000251D3,,NAM1,0,,,"You and I, we've got to stick together, eh? The others, they don't understand. Orcs may not be quiet, but can anyone kill as well as us? Never!","자네와 나는, 함께 붙어있었죠? 다른 사람들은 이해를 못해요. 오크가 조용하지는 않을지라도, 우리만큼 누가 살인할 수 있나요? 절대로!",record,False,False,False,False,,
Oblivion.esm,INFO,000251D4,,NAM1,0,,,"Yes, Brother? What can old Gogron do for you?","어, 형제여? Gogron선배에게 무엇을 바라나?",record,False,True,False,False,MEDIUM,Gogron
Oblivion.esm,INFO,000251D5,,NAM1,0,,,"Yes, Sister? What can old Gogron do for you?","어, 자매여? Gogron선배에게 무엇을 바라나?",record,False,True,False,False,MEDIUM,Gogron
Oblivion.esm,INFO,000251D6,,NAM1,0,,,"We are kin, yet I cannot help but despise you. Leave my sight, before I do something I regret.","우리는 가족이지만, 아직 나는 도울 수도 없고 당신을 경멸합니다. 내 눈앞에서 꺼져, 내가 뭔가 후회할만한 일을 하기 전에.",record,False,False,False,False,,
Oblivion.esm,INFO,000251D7,,NAM1,0,,,You. What do you want?,너. 뭘 원하는 거야?,record,False,False,False,False,,
Oblivion.esm,INFO,000251D8,,NAM1,0,,,"I welcome you to our family, and this Sanctuary. May you find yourself at home here, in the loving embrace of our Lady the Night Mother.  ",여기에 온걸 진심으로 환영하네. 이곳을 집같이 여기도록 하라구. 자네는 곧 나이트마더의 환대를 편안하게 느낄걸세.,record,False,False,False,False,,
Oblivion.esm,INFO,000251D9,,NAM1,0,,,"You are Argonian, yes, but you are no Shadowscale! What chaos you must have known as a hatchling! Thank Sithis you have come home at last. Welcome.","당신은 Argonian이지만, 네, 하지만 당신은 Shadowscale이 아닙니다! 어떤 혼돈속이라도 당신은 어린 존재로 알려져 있어야합니다! 당신이 마침내 집으로 돌아와서 Sithis께 감사 드립니다. 환영합니다.",record,False,True,False,False,MEDIUM,"Argonian, Shadowscale, Sithis"
Oblivion.esm,INFO,000251DA,,NAM1,0,,,"Ah, dear friend, may I steal a moment of your time? I have a rather delicate situation I was hoping you could help me with.","아, 친구! 내가 자네와 이야기할 시간좀 있을까? 자네가 처리해줬으면 하는 미묘한 문제가 있네.",record,False,False,False,False,,
Oblivion.esm,INFO,000251DA,,NAM1,1,,,"This is a personal matter, and will have no bearing on your standing within the Dark Brotherhood. Would you like to hear more?",이건 개인적인 문제야. 다크브라더후드와는 전혀 상관이 없네. 더 들어보겠나?,record,False,False,False,False,,
Oblivion.esm,INFO,00035588,,NAM1,0,,,It's good to see you again! I hope your contracts have been giving you much pleasure.,다시 만나 반갑네! 자네가 맡은 살인 청부가 큰 즐거움을 주고 있기를 바라지.,record,False,False,False,False,,
Oblivion.esm,INFO,000251DB,,NAM1,0,,,Hello. What is it I can do for you?,안녕. 뭘 도와줄까?,record,False,False,False,False,,
Oblivion.esm,INFO,000251DC,,NAM1,0,,,Why do you bother me?,왜 나를 귀찮게 합니까?,record,False,False,False,False,,
Oblivion.esm,INFO,000251DD,,NAM1,0,,,"Warmest welcomes to you. I am Telaendril, Wood Elf and loyal daughter of Sithis. I hope you find our Sanctuary to your liking.","정말 환영해. 내 이름은 Telaendril, 우드엘프이고 Sithis의 충실한 딸이지. 나는 네가 Sanctuary를 좋아하게 되길 바래.",record,False,True,False,False,MEDIUM,"Telaendril, Sithis, Sanctuary"
Oblivion.esm,INFO,000251DE,,NAM1,0,,,"Hello, Brother. It's good to see you again. The Night Mother has been smiling upon you, I hope.","안녕하세요, 형제여. 다시 만나서 좋군요. 나이트 마더가 당신에게 미소 짓게 되길 바랍니다.",record,False,False,False,False,,
Oblivion.esm,INFO,000251DF,,NAM1,0,,,"Hello, sweet Sister. It warms my heart to see you again. The Night Mother has been smiling upon you, I hope.","안녕하세요, 예쁜 자매님. 당신을 다시 보고 가슴이 따뜻해 지군요. 나이트 마더가 당신에게 미소 짓게 되길 바랍니다.",record,False,False,False,False,,
Oblivion.esm,INFO,000251E0,,NAM1,0,,,"Hello, Brother. How can I help you?","안녕하세요, 형제여. 내가 어떻게 당신을 도와 드릴까요?",record,False,False,False,False,,
Oblivion.esm,INFO,000251E1,,NAM1,0,,,"Hello, Sister. Can I help you with something?","안녕하세요, 자매님. 제가 뭘 도와 드릴까요?",record,False,False,False,False,,
Oblivion.esm,INFO,000251E2,,NAM1,0,,,I find your very presence foul. Say what you will and then leave my sight!,난 당신의 존재가 구역질 납니다. 하고 싶은 말을 하고 내 눈앞에서 사라져!,record,False,False,False,False,,
Oblivion.esm,INFO,000251E3,,NAM1,0,,,"Greetings, Brother. I do hope you are well.","환영하네, 형제여. 내가 어떻게 도와줄까?",record,False,False,False,False,,
Oblivion.esm,INFO,000251E4,,NAM1,0,,,"Greetings, Sister. I do hope you are well.","환영하네, 자매여. 내가 어떻게 도와줄까?",record,False,False,False,False,,
Oblivion.esm,INFO,000251FE,,NAM1,0,,,If it isn't the newest member of the family. Let's get one thing straight -- the Tenets prevent me from killing you. But I don't have to like you.,"네가 풋내기 같아서 하는 말인데, Tenets가 내가 널 죽이지 못하게 하는 것 뿐이야. 나는 네가 싫어.",record,False,True,False,False,MEDIUM,Tenets
Oblivion.esm,INFO,000251FE,,NAM1,1,,,"I'll sell you equipment, but only because Ocheeva is making me. This family doesn't need any... outsiders.","나는 너에게 장비와 도구를 판매할거야, 하지만 오치바가 시켜서 그런것 뿐이야. 우리 가족은 아무것도 필요하지 않아, 특히 이방인은!",record,False,False,False,False,,
Oblivion.esm,INFO,000251FF,,NAM1,0,,,"You again? I thought I'd made it clear I'm not looking for a friend. If you're here to buy or sell something, get on with it already!","또 너냐? 내가 친구를 찾는 게 아니라고 분명히 했습니다. 당신이 여기서 무엇인가를 사거나 팔려고 했다면, 이미 가지고 있을 것을 가지고 가세요!",record,False,False,False,False,,
Oblivion.esm,INFO,00092D79,,NAM1,0,,,"Ah, there you are! Look... I've been thinking, and... Well... I guess I just want to say I'm sorry for the way I've treated you in the past.         ",아! 잠깐 나좀 보지... 내가 생각을 좀 해봤는데 말이야... 음... 그러니까 내가 그동안 자네를 대한것에 대해 미안하다고 말해야 될 것 같아서. ,record,False,False,False,False,,
Oblivion.esm,INFO,00092D79,,NAM1,1,,,"I mean, look at you! The things you've accomplished! You've obviously proven yourself a valuable member of this Sanctuary.",내 말은 그러니까... 자네가 이룩한 것을 보자니 자네는 분명 브라더후드의 소중한 식구라는걸 알게 되었다는 거지.,record,False,False,False,False,,
Oblivion.esm,INFO,00092D79,,NAM1,2,,,"So let's start over, shall we? I know from now on, you and I are going to be great friends! Now, is there something you'd like to buy or sell?","그래서 말인데, 이제 새로 시작해 보자구. 그래주겠나? 나는 지금부터 자네와 내가 훌륭한 친구가 될 수 있으리라고 믿네! 자, 뭐 팔거사 사야할 물건이라도 있나?",record,False,False,False,False,,
Oblivion.esm,INFO,00092D7A,,NAM1,0,,,"Hey, there's my new pal! So what can I do for you? Need some items? Or maybe you're ready to unload something? Whatever you need!",아! 내 새로운 친구! 내가 뭘 도와줄수 있지? 물건이 필요한가? 아니면 내려놓을 짐이 있나? 원하는걸 말만하게!,record,False,False,False,False,,
Oblivion.esm,INFO,00035597,,NAM1,0,,,"Ah, have you reconsidered my offer? Do you wish to eliminate that treasonous Shadowscale for me?","아, 당신이 내 제안을 생각해 봤나? 당신이 날 위해 그 반역의 Shadowscale를 제거해 주시겠습니까?",record,False,True,False,False,MEDIUM,Shadowscale
Oblivion.esm,INFO,00035598,,NAM1,0,,,"You come speak with me, yet you do not bear Scar-Tail's heart. Please, you must slay that traitorous snake so Ocheeva and I can find peace!","여기 와서 나와 이야기해봅시다, 당신은 아직 Sca-Tail의 심장을 전달하지 않았습니다. 제발, 당신은 그 반역의 뱀을 처단해야만 Ocheeva와 내가 평화로와 질 수 있습니다.",record,False,True,False,False,MEDIUM,"Sca-Tail, Ocheeva"
Oblivion.esm,INFO,00035599,,NAM1,0,,,"Ha! Yes! That is an Argonian heart, of that I am sure! You have slain Scar-Tail! Well done! Please, take these boots as payment for your services!","오, 좋았어. Argonian의 심장! 그래! 자네가 Scar-Tail을 처리했군. 잘했네. 부탁이니, 이 부츠를 받아주게나.",record,False,True,False,False,MEDIUM,"Argonian, Scar-Tail"
Oblivion.esm,INFO,00035599,,NAM1,1,,,"They are called the Boots of Bloody Bounding, and carry a powerful enchantment. I'm sure you will find them most useful.",이건 Boots of Bloody Bounding이라고 불리네. 강력한 마법의 힘을 가지고 있지. 난 이것이 자네에게 유용할거라 믿어 의심치 않네.,record,False,True,False,False,MEDIUM,"Boots, of, Bloody, Bounding"
Oblivion.esm,INFO,0002D28A,,NAM1,0,,,"Greetings, citizen. Is there something I can do for you? Are you perhaps interested in joining the Mages Guild?",안녕하신가요. 무엇을 도와드릴까요? 혹시 메이지 길드에 들어오는데 관심 있으십니까?,record,False,False,False,False,,
Oblivion.esm,INFO,0002EDDA,,NAM1,0,,,Hello there. Is there something with which I can assist you? Perhaps you're curious about joining the Mages Guild?,거기 안녕하십니까. 제가 도와드릴 일이 있습니까? 혹시 메이지 길드에 들어오는 데에 관해서 알고 싶으신건 아닙니까?,record,False,False,False,False,,
Oblivion.esm,INFO,0002EDDB,,NAM1,0,,,Are you here about joining the Mages Guild?,메이지 길드에 가입하시기 위해 오셨나요?,record,False,False,False,False,,
Oblivion.esm,INFO,0002EDDC,,NAM1,0,,,"Hmm, what? I'm rather busy right now.",흠... 네? 저는 지금 조금 바쁩니다만,record,False,False,False,False,,
Oblivion.esm,INFO,0002EDDC,,NAM1,1,,,"Oh, is this about joining the Mages Guild? I suppose I could spare the time, if necessary.","오, 메이지 길드에 가입하기 위해 오셨습니까? 필요하다면 제가 조금 시간을 내 드리지요.",record,False,False,False,False,,
Oblivion.esm,INFO,0002EDEA,,NAM1,0,,,"Did you want something? You're not here to join the Mages Guild, are you?",무었을 원하셨지요? 혹시 메이지 길드에 들어오기 위해 오신건 아니시겠지요?,record,False,False,False,False,,
Oblivion.esm,INFO,0002EDEE,,NAM1,0,,,Hello there! Are you here to join the Mages Guild?,거기 안녕하신가요? 메이지 길드에 들어오기 위해 오셨습니까?,record,False,False,False,False,,
Oblivion.esm,INFO,0002EDF5,,NAM1,0,,,"Greetings, child. The Mages Guild has a future for you, I believe. I have seen it. You should consider joining.",어서오너라 아이야. 메이지 길드에는 너의 미래가 준비되어 있단다. 나는 보았어. 길드에 들어오는 것을 고려해보는게 좋겠다.,record,False,False,False,False,,
Oblivion.esm,INFO,0002C51A,,NAM1,0,,,"You must be Umbacano's new plaything. Well met! I am Claude Maric, another pawn in Umbacano's game.",분명 자네가 움바카노의 새로운 장기말이겠구만. 반갑군! 난 클로드 마릭이라네. 움바카노의 게임 속 또 다른 장기말이지.,record,False,False,False,False,,
Oblivion.esm,INFO,0002C51A,,NAM1,1,,,"I always enjoy meeting my rival treasure hunters. What, did you think you were the only one? Ha ha ha! Come, let us have a drink together.","항상 라이벌 보물 사냥꾼과 만나는 것을 기대하고 있었지. 뭐, 너 혼자라고 생각하고 있었나? 하 하 하! 좋아, 같이 술이나 한 잔 하지.",record,False,False,False,False,,
Oblivion.esm,INFO,0002AEF9,,NAM1,0,,,"Come, I have much to tell you. A tavern is right over here. We will drink a toast to Umbacano.","이리 오게, 자네에게 말할 게 많아. 여기 너머 바로 선술집이 있지. 우린 Umbacano를 위해 건배할 걸세.",record,False,True,False,False,MEDIUM,Umbacano
Oblivion.esm,INFO,0002B09A,,NAM1,0,,,"Now then, I propose a toast. To Umbacano, may his purse never run dry!","자 그럼, 내가 건배를 제안하지. Umbacano를 위해, 결코 마르지 않을 지도 모를 그의 목적을 위해!",record,False,True,False,False,MEDIUM,Umbacano
Oblivion.esm,INFO,0002F08C,,NAM1,0,,,Now is not the time!,시간이 없어요. 어서!,record,False,False,False,False,,
Oblivion.esm,INFO,0002F08D,,NAM1,0,,,"Ohhh... I'm a bit stiff, but quite fine otherwise. Ah yes, the Undercroft. My family members are buried here, you know.","오우우... 좀 뻣뻣하긴 한데, 꽤 괜찮습니다. 아 그렇죠, 지하 묘지. 제 가족들이 여기 묻혀 있답니다.",record,False,False,False,False,,
Oblivion.esm,INFO,0002F08D,,NAM1,1,,,"Which... um... leads me to something I may have failed to mention before. My ancestors will see my ""revival"" as a desecration of their tomb.","그... 음... 미처 말씀드리지 못한게 생각났는데 말입니다. 제 조상님들께선 저의 ""부활""을 무덤에 대한 모독이라 여기실 겁니다.",record,False,False,False,False,,
Oblivion.esm,INFO,0002F08D,,NAM1,2,,,This Undercroft is... well... quite cursed. Any desecration will cause my ancestors to rise from their graves and defend their resting place.,이 지하 묘지는... 그... 저주가 좀 강합니다. 어떤 모독행위든 제 조상들께선 무덤에서 일어나 자신들의 안식처를 지키려 들 것입니다.,record,False,False,False,False,,
Oblivion.esm,INFO,0002F08D,,NAM1,3,,,I can hear them coming as we speak! You must protect me... escort me to the Gray Mare where I can buy passage out of Chorrol!,"그러니까, 음...그들의 안식처를 지키기 위해서요. 우리가 말하고 있을 때 뭔가 오는 소리를 들었어요... 당신은 저를 지켜주어야만 해요. 제가 Chorrol을 벗어날 수 있도록 Gray Mare까지 데려다 주세요",record,False,True,False,False,MEDIUM,"Chorrol, Gray, Mare"
Oblivion.esm,INFO,0002F08D,,NAM1,4,,,"*Gasp!* Here they come! Oh my, Aunt Margaret! You are looking the worse for wear...","*헉!* 저기 옵니다! 세상에, 마가렛 이모! 엄청 끔찍해 보이잖아...",record,False,False,False,False,,
Oblivion.esm,INFO,0002D393,,NAM1,0,,,"Ah, so Motierre has escaped? Well done! As payment, I am pleased to award you this amulet, Cruelty's Heart, as well as another advancement in rank.","아, Motierre가 탈출했다고? 잘했네. 자네에게 이 목걸이를 주게되어 기쁘군. 이건 ruelty's Heart네. 또 자네의 계급도 올라가게 되었어.",record,False,True,False,False,MEDIUM,"Motierre, ruelty's, Heart"
Oblivion.esm,INFO,0002D393,,NAM1,1,,,"I hereby bestow upon you the title of Eliminator. Your blood is cold, your heart hard. You exemplify everything the Dark Brotherhood stands for.","이제 자네를 Eliminator로 임명하네. 자네의 피는 차갑고, 자네의 의지는 결연해. 자네의 모든것은 다크브라더후드에 귀감이 되고있네.",record,False,True,False,False,MEDIUM,Eliminator
Oblivion.esm,INFO,0002D393,,NAM1,2,,,"I present to you now this key. It unlocks the well behind the Abandoned House above. Use it to gain hidden, quick access to this Sanctuary.","자네에게 이 열쇠를 주지. 이건 '버려진 집' 뒤쪽에 있는 우물을 사용할 수 있게 해줄걸세. 빠르고, 은밀하게 Sanctuary로 들어올 수 있을거야.",record,False,True,False,False,MEDIUM,Sanctuary
Oblivion.esm,INFO,0002D3A3,,NAM1,0,,,"So, you are here to kill Motierre, eh? Well he's mine, and nothing will stand in my way!","그래, 여기 모티에르를 죽이러 왔다, 엉? 근데 그놈은 내 거고, 어떤 것도 내 앞길을 막을 수는 없다!",record,False,False,False,False,,
Oblivion.esm,INFO,0002EE29,,NAM1,0,,,Is it not safe? Do you want me to wait here?,안전하지 않은가요? 당신은 내가 여기서 기다리길 원하시나요?,record,False,False,False,False,,
Oblivion.esm,INFO,0002EE2D,,NAM1,0,,,"Ah, the Gray Mare! From here I will be able to arrange for transportation out of Cyrodiil! You have served me well, assassin.","아! Gray Mare! 이제 저는 여기서 Cyrodiil을 벗어날 수 있어요. 어쌔신님, 잘 대해 주어서 고마워요.",record,False,True,False,False,MEDIUM,"Gray, Mare, Cyrodiil"
Oblivion.esm,INFO,0002EE2D,,NAM1,1,,,Francois is forever in your debt! Farewell!,프랑수아는 당신께 평생을 빚졌습니다! 그럼 안녕히!,record,False,False,False,False,,
Oblivion.esm,INFO,0002EE2E,,NAM1,0,,,"Thanks again, assassin. Your services have been invaluable. Soon I will find passage out of Cyrodiil, and be rid of those moneylenders forever!","다시 한번 감사 드려요, 암살자. 귀하의 서비스는 매우 가치가 있었습니다. 곧 내가 Cyrodiil를 벗어난다면, 그리고 그 대금업자를 영원히 제거할 겁니다!",record,False,True,False,False,MEDIUM,Cyrodiil
Oblivion.esm,INFO,0002EE2F,,NAM1,0,,,"So, the enforcer Hides-His-Heart has been killed. He was to bear witness to Motierre's death, and report back to his superiors.  ","그래서, 집행자 Hides-His-Hearts가 죽었습니다. 그는 Motierre의 죽음을 목격하였고, 다시 자신의 상사에게 보고했습니다.",record,False,True,False,False,MEDIUM,"Hides-His-Hearts, Motierre"
Oblivion.esm,INFO,0002EE2F,,NAM1,1,,,"By failing to fulfill this contract, you have brought shame upon us all. Leave me now, and contemplate your uselessness as a member of this family.","이 살인청부 이행에 실패해서, 우리 모두에게 부끄러움을 가져왔다. 당장 나를 떠나시오, 그리고 가족의 일원으로 당신의 무능함을 심사숙고 하시오.",record,False,False,False,False,,
Oblivion.esm,INFO,0002EE30,,NAM1,0,,,"So, Francois Motierre has been killed. He hired us, sacrificed his own mother's blood, and we could not even fulfill our end of the bargain.","그래서, Francois Motierre가 죽었습니다. 그는 자신의 어머니의 피를 희생하여 우리를 고용하였습니다, 그래서 우리도 협상의 목적을 달성할 수 없었습니다.",record,False,True,False,False,MEDIUM,"Francois, Motierre"
Oblivion.esm,INFO,0002EE30,,NAM1,1,,,"By failing to fulfill this contract, you have brought shame upon us all. Leave me now, and contemplate your uselessness as a member of this family.","이 살인청부 이행에 실패해서, 우리 모두에게 부끄러움을 가져왔다. 당장 나를 떠나시오, 그리고 가족의 일원으로 당신의 무능함을 심사숙고 하시오.",record,False,False,False,False,,
Oblivion.esm,INFO,00023E7A,,NAM1,0,,,I can't thank you enough for helping to reunite me with Reynald. I never would have guessed he was still alive.,Reynald와 내가 재회하도록 도와준 것에 대해서 얼마나 감사한 지 모르겠습니다. 난 그가 아직도 살아있을 줄은 몰랐어요.,record,False,True,False,False,MEDIUM,Reynald
Oblivion.esm,INFO,00023E7A,,NAM1,1,,,"We have much to discuss, but if you have time, I'd beg you stay a moment longer and hear about our home, Weatherleah.","우리는 의논해야 할것이 많지만, 당신이 시간이 있다면, 좀 더 머물면서 우리의 집 Weatherleah에 대하여 듣고 싶습니다.",record,False,True,False,False,MEDIUM,Weatherleah
Oblivion.esm,INFO,00023E7C,,NAM1,0,,,I can't stop to talk now. I've got to go meet my brother!,지금 멈춰서 얘기할 시간 없어요. 내 형제를 만나러 가야 합니다!,record,False,False,False,False,,
Oblivion.esm,INFO,00023E7D,,NAM1,0,,,Is there something I can do for you?,도움이 필요 한가요?,record,False,False,False,False,,
Oblivion.esm,INFO,0002B72F,,NAM1,0,,,"My good friend! Let me drink to your health! For saving my brother ... no, for finding him ... or was it for finding me? Anyway, bottoms up!",멋진 친구여! 당신의 건강을 위해 마십시다! 내 형제를 구한 것을 위해... 아니 그를 찾은 걸 위해... 아니 날 찾은 거였나? 어쨌거나 쭉 들이킵시다!,record,False,False,False,False,,
Oblivion.esm,INFO,00023E7B,,NAM1,0,,,"Would you look at this! My brother - my spitting image - is here! I can't thank you enough, friend.","이걸 봐요! 날 빼 닮은 내 형제가 여기 있다고요! 당신에게 뭐라고 감사해야 할 지 모르겠군요, 나의 친구여.",record,False,False,False,False,,
Oblivion.esm,INFO,00023E7B,,NAM1,1,,,"Unfortunately, my hangover is making it difficult to think straight. You're best off speaking to Guilbert for now.","유감스럽게도, 숙취 때문에 똑바로 생각하기가 어렵군요. 우선 길버트와 얘기하는 게 가장 좋겠어요.",record,False,False,False,False,,
Oblivion.esm,INFO,0002B730,,NAM1,0,,,"Ah, it's you! You're the one... err... who are you again?","아, 당신이군요! 당신은 그러니까... 에... 누구시더라?",record,False,False,False,False,,
Oblivion.esm,INFO,0002B730,,NAM1,1,,,"Right, right. You were finding that fellow who's stolen my name. Have you had any luck?","맞다, 맞아. 내 이름을 훔친 놈을 찾고 있었지. 일은 잘 됐수? ",record,False,False,False,False,,
Oblivion.esm,INFO,00023E7F,,NAM1,0,,,Hello love. I'll have another bottle of wine if you please. And do hurry - the last 5 barmaids I've talked to never came back...,"안녕, 귀염둥이. 괜찮다면 와인 한 병이 더 필요한 데 말이지. 그러니까 서둘러줘요. 최종적으로 5번이나 여종업원에게 얘기했는데 감감 무소식이란 말이야... ",record,False,False,False,False,,
Oblivion.esm,INFO,00023E7F,,NAM1,1,,,"Wait... you don't work here, do you? But you do work for me. At least, you're supposed to be working for me. Off you go, then.","가만.. 당신은 여기서 일하지 않지, 그렇죠? 하지만 날 위해서 일하지. 적어도 날 위해서 일하는 것으로 생각되는데. 그럼 착수하시구려. ",record,False,False,False,False,,
Oblivion.esm,INFO,00023E80,,NAM1,0,,,"Ugh. You're about the ugliest barmaid I've ever seen, and that's saying quite a bit. Come to bring me another round, have you?",우. 당신은 내가 본 중에 가장 심술궂은 여종업원이군. 그래서 꽤 많이 얘기하는데 말야. 술이 있으면 하나 더 가져오라고.,record,False,False,False,False,,
Oblivion.esm,INFO,00023E80,,NAM1,1,,,My mistake - shouldn't you be on the other side of Cyrodiil by now? ,이런. 당신은 지금 Cyrodiil 반대편에 있어야 하지 않수? ,record,False,True,False,False,MEDIUM,Cyrodiil
Oblivion.esm,INFO,00023E81,,NAM1,0,,,"I swear I didn't know that was your pig. Eh? Oh. Sorry, I looked like someone else just then.","당신의 돼지 같은 놈 따위 모른다고 맹세한다니까. 에? 오, 미안하오, 마침 그때의 다른 사람으로 착각했구려. ",record,False,False,False,False,,
Oblivion.esm,INFO,00023E81,,NAM1,1,,,"Or rather, you did. Yes, that's it. *hic* Aren't you doing a job for me? You should be off, then.","정확히 말하자면, 당신이 그런 거였지만. 맞아, 그랬지. *끅* 날 위해 일하는 중 아니었수? 그럼, 계속 하시 구랴.",record,False,False,False,False,,
Oblivion.esm,INFO,00023E82,,NAM1,0,,,"We've met before, haven't we?...  I don't... owe you money, do I?","우린 전에 만난 적이 있어요, 그렇죠?... 난 당신에게 돈을 지불해야 할 의무가 없구요... 맞죠? ",record,False,False,False,False,,
Oblivion.esm,INFO,00023E82,,NAM1,1,,,"Ah! No, I've got it. You're going to find the fellow trading on my name. Good show - carry on. *hic*","아! 아니다, 있었지. 당신이 내 이름을 이용하는 놈을 찾을 예정이지. 계속 잘 해보시구랴. *끅*",record,False,False,False,False,,
Oblivion.esm,INFO,00023E84,,NAM1,0,,,"If I've told you once, I've told you a thousand times, I've NEVER been to Cheydinhal! I.... oh, hang on. You're someone else.","수천번째 하는 말하지만, 난 결코 Cheydinhal에 있던 적이 없었다고... 난... 오, 잠시만. 당신은 딴 사람이군요.",record,False,True,False,False,MEDIUM,Cheydinhal
Oblivion.esm,INFO,00023E84,,NAM1,1,,,"Apologies, my good friend. I mistook you for someone else. Always being asked about it, I am. 'Didn't I see you in Cheydinhal?', they say.","이거 미안하게 됐군요, 멋진 친구. 내가 당신을 다른 사람으로 잘못 봤네요. 항상 그런 질문을 받아요. 'Cheydinhal에서 날 보지 않았어요?' 그들이 말하는 거죠.",record,False,True,False,False,MEDIUM,Cheydinhal
Oblivion.esm,INFO,00023E84,,NAM1,2,,,"Well I'm sick of it. Sick and tired, tired and sick. And perhaps a little drunk. But nevermind. You look like the honest sort, so I've a job for you.","정말 넌더리 날 지경이에요. 넌더리 나서 피곤하고, 피곤해서 넌더리 나고. 그리고 술이 좀 문제이고. 각설하고. 당신은 똑똑한 부류로 보이는군요. 그래서 말인데, 당신에게 일을 주겠어요.",record,False,False,False,False,,
Oblivion.esm,INFO,00023E84,,NAM1,3,,,"You're going to travel to Cheydinhal, and find out what sort of imposter is trying to besmirch my good name. And you're going to tell him... *hic*",당신은 Cheydihal로 가야할 겁니다. 그리고 어떤 놈의 사기꾼이 내 좋은 이름을 더럽히고 있는건지 찾아내는 거죠. 그리고 그에게 말하는 겁니다... *끅*,record,False,True,False,False,MEDIUM,Cheydihal
Oblivion.esm,INFO,00023E84,,NAM1,4,,,... You're going to tell him I am quite capable of besmirching my good name on my own. He should cease and desist immediately.,"... 그에게 말하는 거에요, 내 좋은 이름을 더럽히는건 나 하나만으로도 충분하다고. 즉시 그만두고 멈추라고 말이죠.",record,False,False,False,False,,
Oblivion.esm,INFO,00023E84,,NAM1,5,,,"There's fifty gold pieces in it for you, friend... right then. Off you go.","당신에게 50골드를 주죠, 친구... 그럼 됐어요. 착수해요. ",record,False,False,False,False,,
Oblivion.esm,INFO,0002E5A4,,NAM1,0,,,I find it surprising that you're speaking to me again without having completed your task.,자신이 할 일조차 완수하지 못하고 나에게 다시 말을 거는 것이 참 놀랍군.,record,False,False,False,False,,
Oblivion.esm,INFO,0002E5A6,,NAM1,0,,,"What is it, Associate? Don't tell me you're here for a recommendation.",도대체 뭔가? 추천장을 위해 왔다고 말하려는 것은 아니겠지?,record,False,False,False,False,,
Oblivion.esm,INFO,0002AB50,,NAM1,0,,,"Allow me to introduce myself. My name is Jollring. I come on behalf of my master, Umbacano.",제 소개를 해도 되겠습니까? 제 이름은 Jollring이라고 합니다. 전 제 주인님이신 Umbacano를 대신해서 온 것이지요.,record,False,True,False,False,MEDIUM,"Jollring, Umbacano"
Oblivion.esm,INFO,0002AB50,,NAM1,1,,,He asked me to deliver this note. I believe it is an invitation to visit him at his manor in the Imperial City.,그는 제게 이 짧은 편지를 당신에게 전하라고 하셨습니다. 전 그것이 Imperial City에 있는 그의 저택으로 방문해달라는 초대장이라고 믿어요.,record,False,True,False,False,MEDIUM,"Imperial, City"
Oblivion.esm,INFO,0002B459,,NAM1,0,,,Welcome. My master instructed me to show you up immediately. Please follow me.,어서 오세요. 제 주인님은 즉시 당신을 모셔 오라고 지시하셨습니다. 부디 절 따라 오시지요.,record,False,False,False,False,,
Oblivion.esm,INFO,0002B45E,,NAM1,0,,,Thank you for coming. You may recognize that statue over there on the table. The very one that you recently sold -- for less than its true worth.,와 주셔서 감사합니다. 탁자 위에 있는 석상을 알아보셨을 지도 모르겠군요. 바로 당신이 최근에 판 것이지요. 그것의 진짜 가치보다 적은 가격으로 말입니다.,record,False,False,False,False,,
Oblivion.esm,INFO,0002B45E,,NAM1,1,,,"As you may know, I am somewhat of an enthusiast for Ayleid antiquities. In my own modest way, I have amassed a rather considerable collection.","아실 지도 모르겠습니다만, 난 다소 고대 Ayleid의 열광자라고 할 수 있죠. 온당한 방법으로 꽤 적지 않은 수집품들을 모아 왔구요.",record,False,True,False,False,MEDIUM,Ayleid
Oblivion.esm,INFO,0002B45E,,NAM1,2,,,I have recently become interested in obtaining the complete set of these ancient statues. I believe that ten still exist.,최근엔 이런 고대 석상들의 완벽한 세트를 얻는 데 관심을 갖게 됐어요. 난 아직도 10개가 존재한다고 믿고 있죠.,record,False,False,False,False,,
Oblivion.esm,INFO,0002B45E,,NAM1,3,,,"No mere shopkeeper knows their true worth. If you bring them to me when you find them, I will pay you double for each one.","단순한 가게 주인들은 그것들의 진짜 가치를 모릅니다. 만일 당신이 그것들 찾아서 내게 가져 온다면, 각각 두 배의 가격을 지불해 드리겠습니다.",record,False,False,False,False,,
Oblivion.esm,INFO,000844BB,,NAM1,0,,,Yes? You have something of interest to me?,네? 뭔가 내 흥미를 끌만한 거라도 가지고 있나요?,record,False,False,False,False,,
Oblivion.esm,INFO,0002B461,,NAM1,0,,,"Ah, yes. My treasure-hunting friend. What can I do for you?","아, 그래요. 내 보물 사냥꾼 친구군요. 뭘 도와 드릴까요?",record,False,False,False,False,,
Oblivion.esm,INFO,0002D921,,NAM1,0,,,Huh? You're not Gromm. Who are you? Why are you in my home?,응? 당신은 Gromm이 아니야. 당신은 누구입니까? 왜 내 집에 있습니까?,record,False,True,False,False,MEDIUM,Gromm
Oblivion.esm,INFO,000253B8,,NAM1,0,,,Every moment that Baenlin draws breath is an affront to Sithis and the Night Mother. Fulfill the contract and honor the Brotherhood as you should.,Baenlin이 숨을 내쉬는 것은 매 순간이 나이트마더와 시시스에 대한 모욕이라네. 임무를 수행하고 브라더후드를 영광되게 하길!,record,False,True,False,False,MEDIUM,Baenlin
Oblivion.esm,INFO,000275BE,,NAM1,0,,,"So, are you ready to mingle with the doomed house guests? The contract is waiting.","아, 저주 받은 손님들과 함게 어울릴 준비가 되어있나? 청부가 들어와있네.",record,False,False,False,False,,
Oblivion.esm,INFO,0002A2AC,,NAM1,0,,,Greetings. I see you've been keeping yourself busy. This is good. I believe it's time for you to perform some duties for your Guild.,반갑군. 최근 바쁘게 지냈던 것 같은데. 잘하고 있어. 이제 드디어 자네가 길드를 위한 임무를 좀 해 줄 때가 와서 말이지.,record,False,False,False,False,,
Oblivion.esm,INFO,00028A25,,NAM1,0,,,What is it now?,또 뭐죠?,record,False,False,False,False,,
Oblivion.esm,INFO,00028A26,,NAM1,0,,,Good to see you again. What can I do for you?,다시 보게 되다니 반갑네요. 뭘 도와 드릴까요?,record,False,False,False,False,,
Oblivion.esm,INFO,0001DC28,,NAM1,0,,,"Ah, you came. You're sure you weren't followed? Good, I thought I could trust you. Nobody else in town. They're all in on it ... all watching me.","아, 왔군. 미행이 붙지는 않았겠지? 좋아, 당신이라면 믿을 수 있다고 생각했거든. 도시는 아무도 못 믿어. 다들 한통속이야... 날 지켜보고 있다고.",record,False,False,False,False,,
Oblivion.esm,INFO,0001DC28,,NAM1,1,,,"Well.  Yes.  I need you to do something for me.  I'll pay you -- gold.  You like gold, don't you?  Lots of gold.",그래. 좋아. 당신이 날 위해 일을 좀 해줘야겠어. 돈으로 보수를 주지. 골드 좋아하지? 많은 골드 말야.,record,False,False,False,False,,
Oblivion.esm,INFO,0001DC28,,NAM1,2,,,"Here's my problem. I'm being followed. Watched. Marukhati Selectives, maybe. Not sure. I'm a threat, you see? To their plans. I know too much.","내 문제는 이거야. 난 미행당하고 있어. 감시당한다고. 아마, 마루카티 특임대일지도. 모르겠어. 난 위협받는다고, 알겠지? 놈들 계획 때문에 말야. 내가 아는 게 너무 많아서 그래.",record,False,False,False,False,,
Oblivion.esm,INFO,0001DC28,,NAM1,3,,,"I need you to check out some people for me, the ones that are following me.  Watch them, see where they go, who they report to. Will you help me?","나는 니가 나를 위해 몇몇 사람들을 조사했으면 해, 나를 따라 다니는 사람들 말이야. 그들을 감시해, 어디에 가는지 누구에게 보고하는지 지켜봐. 나를 도와 줄꺼지?",record,False,False,False,False,,
Oblivion.esm,INFO,0001DCC6,,NAM1,0,,,"So, you saw Bernadette Peneles, did you?  She WAS watching me and following me, wasn't she?","그래, Bernadette Peneles를 지켜봤지, 그렇지? 그녀는 나를 감시하고 따라 다녔지, 그렇지?",record,False,True,False,False,MEDIUM,"Bernadette, Peneles"
Oblivion.esm,INFO,0001DC29,,NAM1,0,,,Tell me what you learned about Toutius Sextius.,Toutius Sextius에 대해 알게 된 것을 말해봐.,record,False,True,False,False,MEDIUM,"Toutius, Sextius"
Oblivion.esm,INFO,0002366D,,NAM1,0,,,"So, what did you discover about the upstanding Davide Surilie?","그럼, 넌 Davide Surilie이 정직한 사람이라고 말하는 거야?",record,False,True,False,False,MEDIUM,"Davide, Surilie"
Oblivion.esm,INFO,00023675,,NAM1,0,,,Have you... done... what I asked?,내가... 부탁한 건... 다 처리했지?,record,False,False,False,False,,
Oblivion.esm,INFO,0001DC2B,,NAM1,0,,,"You said you wanted me to solve this myself. And I am. Drastic measures. Didn't want to, but you're right, it is the only way.","내 문제는 내가 해결하기를 원한다고 당신이 말했어. 그리고 나는 극단적인 조치를 취할거야. 원치는 않았어, 하지만 당신이 옳았어, 이것이 유일한 방법이야.",record,False,False,False,False,,
Oblivion.esm,INFO,0001DC2B,,NAM1,1,,,"Um, no, I don't know the way to the Imperial City.  You'll have to ask someone else.","음, 아니, 나는 임페리얼 시티로 가는 길을 몰라. 다른 사람에게 물어봐야 할꺼야.",record,False,False,False,False,,
Oblivion.esm,INFO,0001DC2C,,NAM1,0,,,You fool!  You'll ruin everything!  We can't be seen talking together!,이런 바보야! 니가 모든 것을 망칠거야! 우리가 같이 이야기하는 모습이 보여서는 안된다 말야!,record,False,False,False,False,,
Oblivion.esm,INFO,0001DC2C,,NAM1,1,,,"Um, no, I don't know the way to the Imperial City.  You'll have to ask someone else.","음, 아니, 나는 임페리얼 시티로 가는 길을 몰라. 다른 사람에게 물어봐야 할꺼야.",record,False,False,False,False,,
Oblivion.esm,INFO,00000923,,NAM1,0,,,"We can't be seen talking!  I waited for you last night behind the Great Chapel, where WERE you?!  I'll meet you there tonight.","같이 이야기하는 모습이 보여서는 안돼! 대성당 뒤에서 어젯밤 당신을 기다렸어, 도데체 어디에 있었던거야?! 오늘밤 거기서 만나자.",record,False,False,False,False,,
Oblivion.esm,INFO,00000923,,NAM1,1,,,"Yes, the Gold Road does pass through Skingrad.  I, too, find it fascinating.","예, 골드로드는 스킨그라드를 통과해서 지나가죠. 나, 역시, 멋지다는 것을 알아요.",record,False,False,False,False,,
Oblivion.esm,INFO,00000921,,NAM1,0,,,"I told you not to speak to me in public! We'll meet tonight, at the place we discussed.","사람들이 있는 곳에서 얘기하지 말라고 했잖아! 오늘밤, 우리가 의논했던 장소에서 만나지.",record,False,False,False,False,,
Oblivion.esm,INFO,00000921,,NAM1,1,,,"Ah, sorry, I have no idea what time it is.","아, 미안, 몇시인지 몰랐어.",record,False,False,False,False,,
Oblivion.esm,INFO,00022508,,NAM1,0,,,"I've already given you everything you need. Unless I'm mistaken, we have little more to say to one another.","저는 이미 당신에게 필요한 건 모두 드렸어요. 제가 틀린 게 아니라면, 우리 사이에 더 할 말은 없을 것 같네요.",record,False,False,False,False,,
Oblivion.esm,INFO,00022509,,NAM1,0,,,"Hello, my little friend. I have something that might interest you...","안녕, 작은 친구여. 자네가 관심을 가질 만한 게 있네...",record,False,False,False,False,,
Oblivion.esm,INFO,00022509,,NAM1,1,,,"I've committed most of the book to memory, but I took the time to write down a passage you might find useful.",책 내용은 거의 다 외웠거든요. 당신에게 쓸모 있을 거 같은 구절을 적어 놨어요.,record,False,False,False,False,,
Oblivion.esm,INFO,00022509,,NAM1,2,,,"It contains instructions for acquiring a very special power. You'll want to read it carefully, and then return to Cloud Top.",아주 특별한 힘을 얻는 방법이 적혀 있네. 잘 읽어 본 뒤 클라우드 탑으로 돌아가게.,record,False,False,False,False,,
Oblivion.esm,INFO,00022509,,NAM1,3,,,I consider this to be more than a worthy reward for your help; I believe you'll agree... assuming you're careful.,"아주 특별한 힘을 얻는 방법에 대한 지침이 담겨 있어요. 주의 깊게 읽어보시고, 다시 구름의 정상으로 가보세요.",record,False,False,False,False,,
Oblivion.esm,INFO,00022488,,NAM1,0,,,"Can't you see I'm busy? Without the translation, this book is useless. Now go away and let me work.",제가 바쁜거 안 보여요? 번역을 하지 않으면 이 책은 아무 쓸모도 없어요. 이제 제 일을 방해하지 말아요.,record,False,False,False,False,,
Oblivion.esm,INFO,0001E84F,,NAM1,0,,,I must put this book in a safe place. I have no time to talk now.,나는 이 책을 당장 안전한 곳에 보관해야 해. 자네와 이야기할 시간이 없네.,record,False,False,False,False,,
Oblivion.esm,INFO,000277ED,,NAM1,0,,,"Back again, are you? Do you have the book THIS time?",돌아왔군요. '이번엔' 책을 가지고 왔나요?,record,False,False,False,False,,
Oblivion.esm,INFO,00028BF8,,NAM1,0,,,Any progress yet? You should be working on getting the book for me.,좀 진전이 있었어요? 저를 위해 책을 찾는 노력을 계속하도록 하세요.,record,False,False,False,False,,
Oblivion.esm,INFO,00028BF8,,NAM1,1,,,You don't want to fail me again.,절 더이상 실망시키지 말아요.,record,False,False,False,False,,
Oblivion.esm,INFO,00028BFC,,NAM1,0,,,I grow weary of waiting. Where is my book?,슬슬 기다리기도 지치는군요. 내 책은 어디에 있죠?,record,False,False,False,False,,
Oblivion.esm,INFO,00002DAD,,NAM1,0,,,"Oh, back again? I don't know what else you could need. I gave you the list. That  should tell you where you can find my children, and what they want.","아, 다시 말해달라고? 나는 당신이 뭐가 필요한지 모르겠군. 난 당신에게 목록을 주었다. 거기에서 내 아이들을 찾을 수 있을 겁니다, 그리고 그들이 원하는 것도.",record,False,False,False,False,,
Oblivion.esm,INFO,00002DAD,,NAM1,1,,,"Now please, make sure my gifts get to the children. I'm counting on you!","이제 제발, 내 선물은 아이들에게 도착했는지 확인해 주세요. 당신을 믿습니다!",record,False,False,False,False,,
Oblivion.esm,INFO,00002DAE,,NAM1,0,,,Yeah? What're you lookin' at?,네? 무엇을 찾는거죠?,record,False,False,False,False,,
Oblivion.esm,INFO,00002DD4,,NAM1,0,,,Looking for a room?,방 찾으세요?,record,False,False,False,False,,
Oblivion.esm,INFO,00002DD9,,NAM1,0,,,Yes? Is there something you need?,네? 도와드릴 것이 있나요?,record,False,False,False,False,,
Oblivion.esm,INFO,0000091D,,NAM1,0,,,I don't really feel comfortable talking to you right now.,지금 당신과 얘기하는 게 정말 편하지가 않아요.,record,False,False,False,False,,
Oblivion.esm,INFO,00000927,,NAM1,0,,,Leave me alone!  I can't talk right now!,날 내버려 둬요! 지금은 말 못해요!,record,False,False,False,False,,
Oblivion.esm,INFO,00000929,,NAM1,0,,,"Yes, I think ... no.  Wait.  Never mind.  I must go now.","그래요, 내 생각엔... 아니에요. 기다려요. 신경 쓰지 말아요. 지금 가봐야 해요.",record,False,False,False,False,,
Oblivion.esm,INFO,00030030,,NAM1,0,,,Oblivion take you! What is it you want from me?,오블리비언이 너를 잠식할거야! 나에게 뭔하는게 뭐야?,record,False,False,False,False,,
Oblivion.esm,INFO,00000856,,NAM1,0,,,Look what you've done! Spoiled my invisibility! This is my reward for trying to help the wretched villagers?,네가 무슨짓을 했는지 보라구! 나의 투명화 마법을 망쳐놓다니! 이것이 그 비참한 마을사람들을 도우려 애쓴것에 대한 내 보답이란 말이냐?,record,False,False,False,False,,
Oblivion.esm,INFO,0000085B,,NAM1,0,,,What is it now?,또 무슨일이야?,record,False,False,False,False,,
Oblivion.esm,INFO,00030032,,NAM1,0,,,Excuse me. We have a small problem that we hope you can help us with.,"실례합니다 , 우리는 당신이 해결해 주셨으면 하는 작은 문제를 겪고 있습니다.",record,False,False,False,False,,
Oblivion.esm,INFO,00030032,,NAM1,1,,,You may be wondering why you can't see me. We are all wondering the same thing.,"제가 눈에 보이지 않으니 의아해 하실텐데, 그것은 저도 마찬가지 랍니다.",record,False,False,False,False,,
Oblivion.esm,INFO,0003013C,,NAM1,0,,,"Thank you, thank you! I can't tell you how good it feels to be able to see myself again.","고마워요, 고마워요! 내 자신을 또 볼 수 있다는 게 얼마나 기쁜건지 어떻게 말로 설명할 수가 없군요. ",record,False,False,False,False,,
Oblivion.esm,INFO,0003013C,,NAM1,1,,,"My sisters, on the other hand ... I wouldn't mind if they had stayed invisible! Ha ha ha!",내 여동생들은 글쎄.. 투명한 채로 남아도 별로 상관하지 않지만 말이에요! 하하하! ,record,False,False,False,False,,
Oblivion.esm,INFO,0003013C,,NAM1,2,,,"Ah, me... Friend, you are welcome at the Aleswell Inn anytime. Free of charge.","아.. 내 친구여, Aleswell Inn 은 언제나 당신을 환영할 거에요. 무료로 말이에요.",record,False,True,False,False,MEDIUM,"Aleswell, Inn"
Oblivion.esm,INFO,0003013D,,NAM1,0,,,What? Ancotar gave you TWO scrolls and you wasted them both?!,뭐요? Ancotar가 두개의 스크롤을 줬는데 두개 다 헛되이 써버렸다고?!,record,False,True,False,False,MEDIUM,Ancotar
Oblivion.esm,INFO,0003013D,,NAM1,1,,,"We trusted you to help, and you betrayed us! It would be best if you left this town and never came back.","우리는 당신을 믿었건만, 우리의 기대를 배신한거요! 이 마을을 나간다면 다시는 돌아오지 않는게 좋을거요.",record,False,False,False,False,,
Oblivion.esm,INFO,0003013B,,NAM1,0,,,Have you talked to Ancotar yet? Can he make us visible again?,Ancotat에게 아직 말해보지 않았나요? 그가 우리를 다시 보이게 할 수 있다고 했나요? ,record,False,True,False,False,MEDIUM,Ancotat
Oblivion.esm,INFO,000301DC,,NAM1,0,,,"Oh, really? I'm invisible, you say? Thanks for letting me know. Talk to my brother Diram if you want to know all about it.","아 그래요? 내가 투명하다, 이 말씀이죠? 알려줘서 고맙네요. 이 모든 것에 대해 알고 싶다면 내 동생인 Diram 이랑 얘기해보세요.",record,False,True,False,False,MEDIUM,Diram
Oblivion.esm,INFO,000301DE,,NAM1,0,,,"Sometimes, people who are invisible are trying to get some privacy. Diram will be glad to talk your ear off about the whole mess.","가끔은, 투명인간들도 자기 사생활을 갖고 갖고싶을 때가 있는거에요. Diram 이라면 기꺼이 당신 귀청이 떨어질때까지 이 난장판에 대해 말해줄거에요.",record,False,True,False,False,MEDIUM,Diram
Oblivion.esm,INFO,000301DF,,NAM1,0,,,"We've all agreed to let Diram be our spokesman. You'll find him in the inn, if you look very carefully.",우린 우리 대변인이 Diram이라는데 모두 동의했소. 좀 더 주의깊게 찾아보면 여관에 있는 그를 찾을 것이오.,record,False,True,False,False,MEDIUM,Diram
Oblivion.esm,INFO,000301E2,,NAM1,0,,,Talk to Diram in the inn. I'm tired of this minstrel's freakshow our town has turned into.,여관에 있는 Diram 한테나 얘기해보시오. 음유시인의 익살판으로 변해버린 우리 마을에 난 완전히 질려버렸으니까. ,record,False,True,False,False,MEDIUM,Diram
Oblivion.esm,INFO,0002AD78,,NAM1,0,,,We've got to make it to the castle!,우린 성에 도착했소!,record,False,False,False,False,,
Oblivion.esm,INFO,0002AD79,,NAM1,0,,,"Are you ready to go? We need your help getting to the castle, but we need to move soon.",준비됐소? 성을 탈환하기 위해서 도움이 필요하오. 시간이 별로 없소.,record,False,False,False,False,,
Oblivion.esm,INFO,0002AD7A,,NAM1,0,,,"We've done good work, but this is no time to start patting each other on the back. There's still much to do.",잘 해냈습니다. 하지만 아직 안심하긴 이릅니다. 여전히 할 일이 많이 남아 있습니다.,record,False,False,False,False,,
Oblivion.esm,INFO,0002AD7A,,NAM1,1,,,"We need to get to the castle. That's where Count Goldwine and his men should be. Last I saw, they were trying to fortify the castle from an attack.",성으로 가야합니다. 골드와인 백작님과 수행원들이 그곳에 있습니다. 그들은 성에서 적의 공격에 대비하고 있었습니다.,record,False,False,False,False,,
Oblivion.esm,INFO,0002AD7A,,NAM1,2,,,"If the Count is still alive, it's my duty to assist him, even if it means giving up my life. If you're with me, we need to get going.",백작님이 살아계신다면 죽음을 무릅쓰고라도 구해내야 합니다. 함께 할거면 지금 갑시다.,record,False,False,False,False,,
Oblivion.esm,INFO,00023F34,,NAM1,0,,,"What in blazes! You ain't one of me crew! Ye best start explainin' yerself, mate, if ye want to get off this ship alive!",네놈은 누구야? 내 승무원이 아니잖아! 어디 한번 설명해 봐라. 네가 만약 살아서 이 배를 내리고 싶다면 말이야.,record,False,False,False,False,,
Oblivion.esm,INFO,0003103B,,NAM1,0,,,Any luck finding J'skar?,J'skar를 찾는건 잘 돼나요?,record,False,True,False,False,MEDIUM,J'skar
Oblivion.esm,INFO,0002D58E,,NAM1,0,,,"Why, hello there!","오, 안녕하시오?",record,False,False,False,False,,
Oblivion.esm,INFO,0002D58E,,NAM1,1,,,"You must be new. Oh, it's so nice to see new faces in the guild!","신입이로군. 오, 길드에 신입이 들어오다니 기분좋은걸!",record,False,False,False,False,,
Oblivion.esm,INFO,0002D58E,,NAM1,2,,,"If you ever need anything, just let me know. I have friends in all sorts of high places, you know, so I can get things done that others can't.","당신이 원하는게 있다면 말만하시오. 나는 높은 곳에 친구가 많지, 다른 사람이 구할수 없는 것도 가능해.",record,False,False,False,False,,
Oblivion.esm,INFO,0002D58E,,NAM1,3,,,"And if I can do anything for you, I'd be happy to! Someday, maybe you could return the favor!","내가 당신에게 도움이 된다면, 매우 기쁠거요! 친절은 언젠가 돌아오는 법이니까!",record,False,False,False,False,,
Oblivion.esm,INFO,0002D58F,,NAM1,0,,,"Hello, Associate. If you need anything, just let me know.","안녕하시오. 어소시에이트. 뭐 필요한게 있으면, 알려주시오.",record,False,False,False,False,,
Oblivion.esm,INFO,0002EE5D,,NAM1,0,,,Got nothing else to say to you. Get out of here before I get angry.,너에게 더이상 해줄말은 없다. 열받기 전에 어서 여기서 사라져.,record,False,False,False,False,,
Oblivion.esm,INFO,0002EE5E,,NAM1,0,,,"You again. I imagine I know why you're here, guild rat.",또 네놈이냐. 왜 왔을지 짐작이 간다. 길드의 쥐새끼.,record,False,False,False,False,,
Oblivion.esm,INFO,0002EE5F,,NAM1,0,,,What is it? Shouldn't you be taking care of Maglir's contract?,뭔데? 네가 Maglir의 의뢰를 맡아야 하지 않았었나?,record,False,True,False,False,MEDIUM,Maglir
Oblivion.esm,INFO,0002EE61,,NAM1,0,,,Yes? I assume you've spoken to that lout Maglir?,그래? 난 네가 얼간이 Maglir에게 이야기한줄 알았는데?,record,False,True,False,False,MEDIUM,Maglir
Oblivion.esm,INFO,0002EE62,,NAM1,0,,,What is it? You're supposed to find Maglir.,그게 뭔데? 네가 Maglir를 찾기로 했잖아.,record,False,True,False,False,MEDIUM,Maglir
Oblivion.esm,INFO,0002EE75,,NAM1,0,,,You again. Fine. I imagine you're looking for work from me.,다시 왔구만. 좋아. 나한테 일거리를 찾으러 온거겠지.,record,False,False,False,False,,
Oblivion.esm,DIAL,000000D2,HELLO,FULL,0,,,HELLO,안녕하세요,record,False,False,True,False,TOPIC_CHECK,
Oblivion.esm,INFO,00097621,,NAM1,0,,,"Well, look who's here! You! How about that?","아, 누가 있을까하고 생각하면! 너인가! 그래서 어때?",record,False,False,False,False,,
Oblivion.esm,INFO,00082643,,NAM1,0,,,You are not one of us.,당신은 이곳 사람이 아니군.,record,False,False,False,False,,
Oblivion.esm,INFO,00072DB5,,NAM1,0,,,"Stop following me, you smelly cat!","붙어 오는 것을 그만두어라, 고양이가 냄새가 난다!",record,False,False,False,False,,
Oblivion.esm,INFO,00091B29,,NAM1,0,,,Our love has made me the happiest woman in the Isles.,저희들 사랑은 나를 Isles로 제일 행복한 여성으로 해 주었어요.,record,False,True,False,False,MEDIUM,Isles
Oblivion.esm,INFO,00091B2A,,NAM1,0,,,"Do you miss your home, love?","집이 그리워졌지 않은, 당신?",record,False,False,False,False,,
Oblivion.esm,INFO,00091B49,,NAM1,0,,,"Hello, my darling. Are you having a good day?","안녕하세요, 가장 사랑하는 사람. 오늘은 좋은 일 따뜻한?",record,False,False,False,False,,
Oblivion.esm,INFO,0006EA95,,NAM1,0,,,"Please, tell me you have my remedy... I can't hold out much longer!","제발, 치료약을 가져왔다고 말해주세요... 더이상은 버틸수가 없어요!",record,False,False,False,False,,
Oblivion.esm,INFO,0006EAA0,,NAM1,0,,,Oh... hello.,아... 안녕하세요.,record,False,False,False,False,,
Oblivion.esm,INFO,00066EAC,,NAM1,0,,,"Welcome back, my friend.","잘 돌아와 준, 친구야.",record,False,False,False,False,,
Oblivion.esm,INFO,00066FF0,,NAM1,0,,,Good day to you.,군에게 좋은 1일을.,record,False,False,False,False,,
Oblivion.esm,INFO,0008EF52,,NAM1,0,,,"Thanks to me, things are going well here.",나한테 감사하는 게 좋을걸요. 이곳의 문제는 전부 해결됬으니 말이오.,record,False,False,False,False,,
Oblivion.esm,INFO,00082472,,NAM1,0,,,You... Your Grace. We did not expect you here.,저... 전하. 여기 오시리라 생각도 못했습니다.,record,False,False,False,False,,
Oblivion.esm,INFO,00082473,,NAM1,0,,,Have you brought reinforcements?,지원 병력을 데리고 오신 겁니까?,record,False,False,False,False,,
Oblivion.esm,INFO,00082474,,NAM1,0,,,Your Grace...,전하...,record,False,False,False,False,,
Oblivion.esm,INFO,00082475,,NAM1,0,,,We will hold the line.,이 방어선을 사수하겠습니다.,record,False,False,False,False,,
Oblivion.esm,INFO,00082476,,NAM1,0,,,"We will not fail you, Your Grace.",실망시켜드리지 않겠습니다.,record,False,False,False,False,,
Oblivion.esm,INFO,00082477,,NAM1,0,,,May the Madgod watch over you.,광기의 신께서 지켜봐 지켜봐 주시길.,record,False,False,False,False,,
Oblivion.esm,INFO,00082478,,NAM1,0,,,How did you survive the collapse?,전하 어떻게 살아남으신 겁니까?,record,False,False,False,False,,
Oblivion.esm,INFO,00082479,,NAM1,0,,,Your Grace! You're alive!,전하! 살아계셨군요!,record,False,False,False,False,,
Oblivion.esm,INFO,00014B50,,NAM1,0,,,"Approach, Duke of Mania. The time is near and I am fading...","다가오라, 매니아(Mania)의 공작이여. 내가 사라질 때가 다 되었구나...",record,True,True,False,False,HIGH,Mania
Oblivion.esm,INFO,0008D315,,NAM1,0,,,"Approach, Duchess of Mania. The time is near and I am fading...","다가오라, 매니아(Mania)의 공작이여, 내가 사라질 때가 다 되었구나...",record,True,True,False,False,HIGH,Mania
Oblivion.esm,INFO,00014B52,,NAM1,0,,,"Approach, Duke of Dementia. The time is near and I am fading...","다가오라, 디멘시아(Dementia)의 공작이여, 내가 사라질 때가 다 되었구나... ",record,True,True,False,False,HIGH,Dementia
Oblivion.esm,INFO,0008D316,,NAM1,0,,,"Approach, Duchess of Dementia. The time is near and I am fading...","다가오라, 디멘시아(Dementia)의 공작이여, 내가 사라질 때가 다 되었구나...",record,True,True,False,False,HIGH,Dementia
Oblivion.esm,INFO,0001EBF4,,NAM1,0,,,"Step forward, herald of madness. Speak with me if you would.","앞으로 오라, 광기의 선구자여. 이야기 좀 하도록 하지.",record,False,False,False,False,,
Oblivion.esm,INFO,00081D62,,NAM1,0,,,Hello there! Can I cut you a deal?,안녕! 한몫 챙기고 싶지 않아?,record,False,False,False,False,,
Oblivion.esm,INFO,00067701,,NAM1,0,,,Shoo. Go. Begone. Things to do.,쉿 쉿. 저쪽 갈 수 있어라. 일치 앞. 해야 할 일이 있겠지?,record,False,False,False,False,,
Oblivion.esm,INFO,00067707,,NAM1,0,,,"Well, look who's here! You! How about that?",이게 누구야! 자네로군! 그래 어떤가?,record,False,False,False,False,,
Oblivion.esm,INFO,0001B689,,NAM1,0,,,My people long to be laid to rest. Please help them.,내 백성들은 안식을 원하오. 그들을 도와주시오.,record,False,False,False,False,,
Oblivion.esm,INFO,0001B68A,,NAM1,0,,,You there. I'm watching you. Not so close to the armory door.,거기 당신. 보고 있으니까 무기고에 접근 하지않는 게 좋아.,record,False,False,False,False,,
Oblivion.esm,INFO,0008EFC9,,NAM1,0,,,Those Fanatics are so tiresome. Do they have to interrupt our feast?,저 파나틱인(Fanatics)인들은 무척 피곤하군요. 꼭 이렇게 연회를 망쳐야만 하나?,record,True,True,False,False,HIGH,Fanatics
Oblivion.esm,INFO,0008EFCA,,NAM1,0,,,Could someone muffle the door? The sounds of combat are disturbing me.,누가 문 틈 좀 막아줄래요? 전쟁하는 소리가 무척 짜증나네요.,record,False,False,False,False,,
Oblivion.esm,INFO,0008EFCB,,NAM1,0,,,Why should I help defend Vitharn? Isn't that was the soldiers are paid to do?,내가 왜 바이탄(Vitharn) 방어를 도와야 해? 돈 받는 병사들이 할 일 아냐?,record,True,True,False,False,HIGH,Vitharn
Oblivion.esm,INFO,0008EFCC,,NAM1,0,,,Let the soldiers fight the Fanatics. I have better things to do.,파나틱(Fanatic)인들은 병사들이 맞아 싸우라고 해요. 난 따로 할 일이 있어서요.,record,True,True,False,False,HIGH,Fanatic
Oblivion.esm,INFO,0008EFCD,,NAM1,0,,,"I'm not some commoner to take up a sword. Let the rabble risk their lives, not me.",내게 검을 들을 의무는 없어요. 전쟁은 다른사람들이나 하라고 해요.,record,False,False,False,False,,
Oblivion.esm,INFO,0008EFCE,,NAM1,0,,,It is the role of lesser men to fight for those of noble blood.,평민들이 귀족을 위해 싸우는 것은 당연한 일이죠. ,record,False,False,False,False,,
Oblivion.esm,INFO,0008EFCF,,NAM1,0,,,I'm praying for the gods to protect me from the Fanatics.,파나틱인(Fanatics)들에게서 우릴 지켜달라고 신들께 기도합시다.,record,True,True,False,False,HIGH,Fanatics
Oblivion.esm,INFO,000452E3,,NAM1,0,,,"Do you have any shoes? No? Mirili offered me some shoes if I ran an errand for her research. I just ran instead. Say, do you have any shoes?","구두를 가지지 않아? 없어? Mirili가, 만약 조사를 위해서(때문에) 심부름꾼 해 주면(자) 구두를 준다 라고 했어. 그러니까 대신에 갔어. 응, 구두를 가지지 않아?",record,False,True,False,False,MEDIUM,Mirili
Oblivion.esm,INFO,000452E7,,NAM1,0,,,Can you spare some coins? I need a drink.,몇개인가 돈을 나누어 주지 않겠어? 음료가 필요해.,record,False,False,False,False,,
Oblivion.esm,INFO,000452EB,,NAM1,0,,,"I tried to tidy up for Mirili, but she just shooed me away. Then she had the nerve to ask for my help fetching things for her research. ",Mirili를 위해서(때문에) 정리하려고 했다. 그렇지만 그녀는 나를 쫓아버렸다. 그리고 그림들 까는 것도 그녀의 조사를 위해서(때문에) 물건을 취해 오도록(듯이) 나에게 도움을 요구해 왔어.,record,False,True,False,False,MEDIUM,Mirili
Oblivion.esm,INFO,000452F0,,NAM1,0,,,Can I tidy up for you? Your house is always such a mess.,군을 위해서(때문에) 정리할 수 있어? 너의 집은 언제나 이런 식으로 산란응이겠지.,record,False,False,False,False,,
Oblivion.esm,INFO,0008F556,,NAM1,0,,,Well? Do you want your pay or not?,그래서? 지불했으면 좋은거야? 갖고 싶지 않은거야?,record,False,False,False,False,,
Oblivion.esm,INFO,000452F2,,NAM1,0,,,I need help collecting Swamp Tentacles. I'll even pay you.,Swamp Tentacle를 모으는 것을 도와 주지 않을까. 비록 당신에게라도 보수는 지불해요.,record,False,True,False,False,MEDIUM,"Swamp, Tentacle"
Oblivion.esm,INFO,000452F5,,NAM1,0,,,Would you be willing to collect some Flame Stalk for me?,나를 위해서(때문에) 몇개의 Flame Stalk를 모을 생각은 있는 것일까?,record,False,True,False,False,MEDIUM,"Flame, Stalk"
Oblivion.esm,INFO,00081D63,,NAM1,0,,,Good to see you again. Do you need me to sharpen your blades?,다시 보니 반갑군. 칼 좀 갈아줄까?,record,False,False,False,False,,
Oblivion.esm,INFO,00081D66,,NAM1,0,,,Have you brought me some Madness Ore?,매드니스 광석을 가져왔습니까?,record,False,False,False,False,,
Oblivion.esm,INFO,00081D67,,NAM1,0,,,I have the sharpest blades. I test them out on myself before I put them on sale. They are deliciously keen.,"내 칼은 세상에서 제일 날카롭지. 팔기 전에 전부 내 몸에 시험해보는데, 아주 기가 막히게 잘 들더라고.",record,False,False,False,False,,
Oblivion.esm,INFO,00081D6A,,NAM1,0,,,Welcome!,환영합니다!,record,False,False,False,False,,
Oblivion.esm,INFO,00081D6B,,NAM1,0,,,"Back again, friend? ","돌아왔나, 친구?",record,False,False,False,False,,
Oblivion.esm,INFO,00081D75,,NAM1,0,,,Have you brought me any Amber?,앰버 좀 가져왔나?,record,False,False,False,False,,
Oblivion.esm,INFO,00081D76,,NAM1,0,,,My weapons and armor are fashionable and deadly. For the sophisticated warrior.,나의 무기와 방어구는 유행을 선도하고 치명적이야. 이것은 세련된 전사를 위해서 존재하지.,record,False,False,False,False,,
Oblivion.esm,INFO,000790A6,,NAM1,0,,,"Can't sleep... the walls, they'd fall on me. Can't have that.",잠을 잘 수가 없어... 벽이... 나한테 무너져 내릴거야. 깔려죽을 수야 없지.,record,False,False,False,False,,
Oblivion.esm,INFO,000790A7,,NAM1,0,,,I must be ready to run out at a moment's notice. Can't sleep.,무너지는 순간 도망쳐야 되요. 그래서 잠을 못자죠.,record,False,False,False,False,,
Oblivion.esm,INFO,000790A8,,NAM1,0,,,Can't sleep.,잠을 못자요.,record,False,False,False,False,,
Oblivion.esm,INFO,000790A9,,NAM1,0,,,Can't sleep at home so I just walk around. Can't sleep.,집에서 잘 수가 없어서 돌아다니는 중이에요.,record,False,False,False,False,,
Oblivion.esm,INFO,000790AA,,NAM1,0,,,I wish I could find a spot to sleep where the walls won't collapse on me. Can't have that.,벽이 무너지지 않을만한 그런 곳을 찾아냈으면 좋겠는데. 깔려죽을 수야 없지.,record,False,False,False,False,,
Oblivion.esm,INFO,000790C2,,NAM1,0,,,Can't sleep at home. Can't sleep. The walls aren't safe.,집에서 잘 수가 없어요. 벽이 무너질 것 같거든요.,record,False,False,False,False,,
Oblivion.esm,INFO,0007EC6E,,NAM1,0,,,"An honor as always, Your Grace.",전하께 언제나 영광이 함께하길.,record,False,False,False,False,,
Oblivion.esm,INFO,0007EC6F,,NAM1,0,,,"Good day, Your Grace.","안녕하십니까, 전하.",record,False,False,False,False,,
Oblivion.esm,INFO,0007EC70,,NAM1,0,,,"Your Grace, you honor us with your presence.","전하, 와 주셔서 영광입니다. ",record,False,False,False,False,,
Oblivion.esm,INFO,0007EC71,,NAM1,0,,,"Your return is most welcome, Your Grace.","돌아오신 걸 환영합니다, 전하.",record,False,False,False,False,,
Oblivion.esm,INFO,0007EC72,,NAM1,0,,,Hmph.,흠.,record,False,False,False,False,,
Oblivion.esm,INFO,0007EC73,,NAM1,0,,,"I welcome you, Your Grace.","환영합니다, 전하. ",record,False,False,False,False,,
Oblivion.esm,INFO,0007EC74,,NAM1,0,,,"It fills me with joy to welcome you, Your Grace!",기쁨으로 전하를 모실 수 있게 되어 영광입니다.,record,False,False,False,False,,
Oblivion.esm,INFO,0007EC75,,NAM1,0,,,"Hello, Your Grace.","안녕하십니까, 전하. ",record,False,False,False,False,,
Oblivion.esm,INFO,00082644,,NAM1,0,,,The light shines within us.,빛이 우리를 비춰 줄 겁니다.,record,False,False,False,False,,
Oblivion.esm,INFO,00082645,,NAM1,0,,,May you never darken.,어둠이 당신에게 찾아들지 않기를.,record,False,False,False,False,,
Oblivion.esm,INFO,00082646,,NAM1,0,,,The flesh is weak. The light is all.,육체는 약하고 빛은 모든 것일지니.,record,False,False,False,False,,
Oblivion.esm,INFO,00082647,,NAM1,0,,,Her song guides us.,그녀의 노래가 우리를 이끌어 줄 거요.,record,False,False,False,False,,
Oblivion.esm,INFO,0007300C,,NAM1,0,,,"I find it comforting to know when the end will come, and that there's nothing I can do about it.","마지막이 올 때, 그에 대해 아무것도 할 수 없다고 알면, 기운을 북돋울 수 있으면(자) 알았어.",record,False,False,False,False,,
Oblivion.esm,INFO,0008F131,,NAM1,0,,,"Greetings, friend!","오늘은, 친구야!",record,False,False,False,False,,
Oblivion.esm,INFO,0008F106,,NAM1,0,,,Hello there. You'd look great in my newest work.,"이런, 안녕하세요. 나의 최신의 걸작을 볼 수 있어요.",record,False,False,False,False,,
Oblivion.esm,INFO,0008F107,,NAM1,0,,,Oh... hello.,아<0xA1><0xA6>안녕하세요.,record,False,False,False,True,HIGH,
Oblivion.esm,INFO,0008F108,,NAM1,0,,,What?,무엇이야?,record,False,False,False,False,,
Oblivion.esm,INFO,0008F109,,NAM1,0,,,"Well, hello stranger.","어머나, 안녕하세요, 낯선 분.",record,False,False,False,False,,
Oblivion.esm,INFO,0008F10E,,NAM1,0,,,Mmmmm. Is that fresh bread I smell?,응? 막 구운 빵이 향기가 나겠어.,record,False,False,False,False,,
Oblivion.esm,INFO,0008F110,,NAM1,0,,,"I just thought you'd like to know, I'm overjoyed to bid you hello.",나는 너의 일을 알고 싶은데. 안녕하세요와 너에게 전해듣다니 기쁜 일입니다.,record,False,False,False,False,,
Oblivion.esm,INFO,0008F112,,NAM1,0,,,Good day to you!,안녕히 가세요!,record,False,False,False,False,,
Oblivion.esm,INFO,00040CBE,,NAM1,0,,,"No, no, don't come any closer. I have to finish my morning survey of the dewfall at four precise locations.","안 됨 안 됨, 가까워져 오지 않고. 나는 4개소의 정확한 위치에서 아침의 결로의 조사를 끝내지 않으면 안 돼.",record,False,False,False,False,,
Oblivion.esm,INFO,0004109A,,NAM1,0,,,I don't have time to talk. I'm in the middle of some very sensitive measurements.,나에게는 이야기를 하고 있을 틈은 없는거야. 나는 매우 정밀한 측정을 하고 있는 한중간이야.,record,False,False,False,False,,
Oblivion.esm,INFO,0004109B,,NAM1,0,,,Hold perfectly still! You're about to step on...,"움직이지 말고, 완전하게 멈추어! 당신은 밟아 청구서야 로 하고 있다<0xA1><0xA6>",record,False,False,False,True,HIGH,
Oblivion.esm,INFO,0004109C,,NAM1,0,,,Not now. I need to concentrate. Can't you see I'm in the middle of something?,지금은 안 됨. 나는 집중할 필요가 있어. 당신은 내가 무슨 한중간이나 이해할 수 없습니까?,record,False,False,False,False,,
Oblivion.esm,INFO,0004109D,,NAM1,0,,,I don't have time to talk. My work cannot wait.,이야기 하는 시간은 없습니다. 일이 나를 기다려 주지 않습니다.,record,False,False,False,False,,
Oblivion.esm,INFO,00040CC1,,NAM1,0,,,Things are always such a mess around here!,언제나 여기의 주위에는 쓰레기가 산란하고 있다!,record,False,False,False,False,,
Oblivion.esm,INFO,000410A1,,NAM1,0,,,Excuse me. I need to sweep right where you're standing.,미안합니다. 네가 서 있는 곳을 청소할 필요가 있습니다만.,record,False,False,False,False,,
Oblivion.esm,INFO,0008EF53,,NAM1,0,,,[yawns],[하품],record,False,False,False,False,,
Oblivion.esm,INFO,0008EF54,,NAM1,0,,,"No sign of trouble, Your Grace.","아무 이상 없습니다, 전하.",record,False,False,False,False,,
Oblivion.esm,INFO,0008EF55,,NAM1,0,,,"Xeddefen has been silent, Your Grace.","제데펜(Xeddefen)은 조용합니다, 전하",record,True,True,False,False,HIGH,Xeddefen
Oblivion.esm,INFO,00041206,,NAM1,0,,,Did you see my last performance? Did you like it?,제 마지막 공연 보셨나요? 맘에 드셨나요?,record,False,False,False,False,,
Oblivion.esm,INFO,0008152E,,NAM1,0,,,Have you seen my sanity? It went by here just a moment ago.,당신은 내가 제정신이라도 알았어? 일순간에 지나고 떠나면 지만.,record,False,False,False,False,,
Oblivion.esm,INFO,0007302C,,NAM1,0,,,Don't hurt me!,나를 상처 입히지 말아줘!,record,False,False,False,False,,
Oblivion.esm,INFO,0007302E,,NAM1,0,,,"Here kitty, kitty!","여기야 새끼 고양이 , 새끼 고양이!",record,False,False,False,False,,
Oblivion.esm,INFO,00073038,,NAM1,0,,,Seen any dead things laying around?,그것이 주위에서 가로놓여 죽어 있는 것을 보았어?,record,False,False,False,False,,
Oblivion.esm,INFO,0008E659,,NAM1,0,,,The Flame of Agnon! Sheogorath's blessing upon you!,아그논의 불꽃! 셰오고라스께서 당신을 축복하시길!,record,False,False,False,False,,
Oblivion.esm,INFO,0008E65A,,NAM1,0,,,All hail the victor of Cylarne! All hail the Great Torch of Mania!,Cylarne의 승자 만세! Mania의 Great Torch 만세!,record,False,True,False,False,MEDIUM,"Cylarne, Mania, Great, Torch"
Oblivion.esm,INFO,0008E65B,,NAM1,0,,,The Great Torch shines as a beacon of Mania!,Great Torch는 Mania의 화톳불로서 빛나고 있습니다!,record,False,True,False,False,MEDIUM,"Great, Torch, Mania"
Oblivion.esm,INFO,0008E65C,,NAM1,0,,,The Great Torch spreads the light of Dementia across the land!,위대한 성화는 디멘시아의 빛을 국중에 건너게 합니다!,record,False,False,False,False,,
Oblivion.esm,INFO,0008E65D,,NAM1,0,,,Why? Why would you light the Great Torch for Dementia?,왜야? 왜 너는 Dementia를 위해서(때문에) Great Torch에 화를 등불 했던 것이다?,record,False,True,False,False,MEDIUM,"Dementia, Great, Torch"
Oblivion.esm,INFO,0008E65E,,NAM1,0,,,Shame on you for polluting Crucible with the glaring light of Mania.,"현란한 매니아의 빛으로 크루시블을 더럽히는 등, 부끄러운줄 알아라.",record,False,False,False,False,,
Oblivion.esm,INFO,00019DA6,,NAM1,0,,,"What do you want, Inquisitor?",무엇인가 소망? 심문관.,record,False,False,False,False,,
Oblivion.esm,INFO,00081C4B,,NAM1,0,,,If only I could end it all... it's so simple. No. I mustn't do it myself. Maybe someone will accidentally knock me off the edge. That'd be wonderful!,"만약 스스로 모두를 끝내는 것이 가능한 한라면,<0xA1><0xA6>매우 단순하다. 아니. 나에게는 스스로 그렇게 할 수 없다. 아마, 누군가가 나를 우연히 밀어 떨어뜨려 주면(자). 그것이 제일이다!",record,False,False,False,True,HIGH,
Oblivion.esm,INFO,0008D320,,NAM1,0,,,"My hatchlings for you, Lord.","나의 아이들은 당신에게 마음에 들어 줄 수 있어요, Lord.",record,False,True,False,False,MEDIUM,Lord
Oblivion.esm,INFO,0008D321,,NAM1,0,,,My Lord! To what do I owe the honor?,My Lord! 내가 명예를 받는 것일까요?,record,False,True,False,False,MEDIUM,"My, Lord"
Oblivion.esm,INFO,0008D323,,NAM1,0,,,"Hail, My Lord.","환영합니다, My Lord.",record,False,True,False,False,MEDIUM,"My, Lord"
Oblivion.esm,INFO,0008D324,,NAM1,0,,,"Greetings, My Lord. I am at your service.","안녕히, My Lord. 당신에게 봉사하겠습니다.",record,False,True,False,False,MEDIUM,"My, Lord"
Oblivion.esm,INFO,0008D325,,NAM1,0,,,My Lord comes to rid us of the Scalon menace?,My Lord는 Scalon의 위협을 우리로부터 없애러 올 수 있었습니까?,record,False,True,False,False,MEDIUM,"My, Lord, Scalon"
Oblivion.esm,INFO,0008D32B,,NAM1,0,,,My Lord! You are here!,My Lord가! 여기에 있어요!,record,False,True,False,False,MEDIUM,"My, Lord"
Oblivion.esm,INFO,00081D61,,NAM1,0,,,Have you seen anything cuter than that?!,당신은 그것보다 사랑스러운 무엇인가를 보지 않았습니까?,record,False,False,False,False,,
Oblivion.esm,INFO,00081D64,,NAM1,0,,,"Huh. That beast looks godly, doesn't it?",. 그 짐승은 신들 사인이 아닌가?,record,False,False,False,False,,
Oblivion.esm,INFO,00081D65,,NAM1,0,,,The Madgod Himself! Come to get some advice from me!,Madgod 스스로 했는지! 나부터 조금 조언을 해요!,record,False,True,False,False,MEDIUM,Madgod
Oblivion.esm,INFO,00073043,,NAM1,0,,,"1, 2, 3, 4....","1, 2, 3, 4<0xA1><0xA6>.",record,False,False,False,True,HIGH,
Oblivion.esm,INFO,0007304C,,NAM1,0,,,Go away!,어딘가 갈 수 있어라!,record,False,False,False,False,,
Oblivion.esm,INFO,000730B7,,NAM1,0,,,I just thought of something funny.,꼭 유쾌한 일을 생각하고 있던 곳이야.,record,False,False,False,False,,
Oblivion.esm,INFO,000730C1,,NAM1,0,,,Talking wears me out.,이야기하는 것은 지친다.,record,False,False,False,False,,
Oblivion.esm,INFO,00073109,,NAM1,0,,,"Yes, I can take a moment to talk with you.","응, 이야기 하는 위의 시간은 있어요.",record,False,False,False,False,,
Oblivion.esm,INFO,00073111,,NAM1,0,,,"Won't someone end me? Take my life, please!",누군가 나를 죽여 주지 않는 것인지? 부탁하기 때문에 나의 생명을 빼앗아 줘!,record,False,False,False,False,,
Oblivion.esm,INFO,00073115,,NAM1,0,,,"What can I help you with, sweetheart?","무엇인가 조력할 수 있을까, 사랑스러운 사람이야.",record,False,False,False,False,,
Oblivion.esm,INFO,00073119,,NAM1,0,,,Would you like a blade to cut open your foes?,적을 여는 칼날은 좋아할까?,record,False,False,False,False,,
Oblivion.esm,INFO,0007311B,,NAM1,0,,,Psst! You got any Skooma?,조금! 너는 Skooma를 손에 넣었어?,record,False,True,False,False,MEDIUM,Skooma
Oblivion.esm,INFO,0007311D,,NAM1,0,,,"Sure, friend. Go right ahead. I have plenty of time to talk to you. Really, I do.","물론입니다, 친구야. 계속해 줘. 나는 몇 시간이라도 당신과 이야기할 수 있어요. 사실이라면도.",record,False,False,False,False,,
Oblivion.esm,INFO,0007311E,,NAM1,0,,,You remind me of a character from a book I'm reading.,당신은 지금 읽고 있는 책의 등장 인물을 생각나게 해요.,record,False,False,False,False,,
Oblivion.esm,INFO,00073124,,NAM1,0,,,Careful! Don't want to get squashed.,신중하게! 눌러진 구 없다.,record,False,False,False,False,,
Oblivion.esm,INFO,00071F53,,NAM1,0,,,No apples. Don't like apples. Got mutton? Fritters?,사과는 혐. 사과는 좋아하지 않는다. 양의 고기는 가지지 않아? 튀김은?,record,False,False,False,False,,
Oblivion.esm,INFO,00071F54,,NAM1,0,,,I've got fresh sticks. Guaranteed no leaves.,"나는 팔팔의 봉을 가지고 있다. 잎은 붙어 있지 않은, 보장할게.",record,False,False,False,False,,
Oblivion.esm,INFO,00071F55,,NAM1,0,,,I'm not like them. Are you? Are you one of them?,나는 그 애들과는 다르다. 너는은 어때? 너도 그 애들의 1명인가?,record,False,False,False,False,,
Oblivion.esm,INFO,00071FB1,,NAM1,0,,,I'm so full. Not the least bit hungry.,매우 만복입니다. 조금도 공복이 아닙니다.,record,False,False,False,False,,
Oblivion.esm,INFO,00071F56,,NAM1,0,,,The flame stalks are particularly bright this year.,Flame Stalk는 금년은 새삼스럽게 빛나고 있어요.,record,False,True,False,False,MEDIUM,"Flame, Stalk"
Oblivion.esm,INFO,00071F57,,NAM1,0,,,Are you just going to stand there?,다만 거기에 우뚝서고 있는 작정(생각)?,record,False,False,False,False,,
Oblivion.esm,INFO,00071FA4,,NAM1,0,,,Would you mind stepping to the side so I can sweep there?,거기를 청소할 수 있도록(듯이) 옆에 이동 해 줄 수 없습니까?,record,False,False,False,False,,
Oblivion.esm,INFO,00072DFE,,NAM1,0,,,Always a pleasure.,언제라도 환영이에요.,record,False,False,False,False,,
Oblivion.esm,INFO,00072DFF,,NAM1,0,,,Look at you! Still alive! For now.,너를 봐라! 아직 살아 있다! 현재는.,record,False,False,False,False,,
Oblivion.esm,INFO,00072E00,,NAM1,0,,,I see you there. What?,이런 곳에서 당신을 만나다니. 무엇이야?,record,False,False,False,False,,
Oblivion.esm,INFO,0007B31E,,NAM1,0,,,A splash of blue here... a dab of green there...,여기에는 파란색.... 저기에는 녹색.....,record,False,False,False,False,,
Oblivion.esm,INFO,0007B31F,,NAM1,0,,,"A genuine masterpiece comes from the heart, not the mind.","진짜의 걸작은 심정은 아니고, 애정으로부터 옵니다.",record,False,False,False,False,,
Oblivion.esm,INFO,0007B320,,NAM1,0,,,"Oh, what a delightful story! Brightens my day, it does.",", 뭐라고 하는 유쾌한 이야기일 것이다! 그것은 나의 하루를 빛낼 수 있어.",record,False,False,False,False,,
Oblivion.esm,INFO,0001F376,,NAM1,0,,,Tidings and welcome!,어서오시죠!,record,False,False,False,False,,
Oblivion.esm,INFO,0001F3B6,,NAM1,0,,,Another sheep returns to the flock.,다른 신도들은 그들의 무리에게로 돌아갔습니다.,record,False,False,False,False,,
Oblivion.esm,INFO,00083F62,,NAM1,0,,,Greetings and salutations!,안녕하세요!,record,False,False,False,False,,
Oblivion.esm,INFO,00080D88,,NAM1,0,,,Cylarne shall be ours.,Cylarne는 우리의 것이 될 것이다.,record,False,True,False,False,MEDIUM,Cylarne
Oblivion.esm,INFO,000826D4,,NAM1,0,,,The Mazken are unworthy to guard the Altar of Despair.,Mazken는 Despair의 제단을 지키는 것에 적합하지 않다.,record,False,True,False,False,MEDIUM,"Mazken, Despair"
Oblivion.esm,INFO,000826D5,,NAM1,0,,,The Altar of Rapture will be ours.,Rapture의 제단은 우리의 것이 될 것이다.,record,False,True,False,False,MEDIUM,Rapture
Oblivion.esm,INFO,000826D6,,NAM1,0,,,The Aureals will soon pay for their arrogance.,오리얼(Aureal)은 자신들의 오만함에 대한 댓가를 치를 것입니다.,record,True,True,False,False,HIGH,Aureal
Oblivion.esm,INFO,00019D6B,,NAM1,0,,,Another loony from that door!,미치광이가 또 문에서 튀어나오는군!,record,False,False,False,False,,
Oblivion.esm,INFO,00081DC3,,NAM1,0,,,Voices from nowhere. I don't get paid enough.,어디서 들려오는 목소리지? 그딴 봉급 받고 이런일을 해야 하다니.,record,False,False,False,False,,
Oblivion.esm,INFO,0001A110,,NAM1,0,,,Stay back. Isn't safe here.,물러서요. 여긴 위험합니다.,record,False,False,False,False,,
Oblivion.esm,INFO,00081D68,,NAM1,0,,,My Lord! I've been waiting so long for you to return!,My Lord! 당신이 돌아오는 것을 긴 일 기다리고 있었어요!,record,False,True,False,False,MEDIUM,"My, Lord"
Oblivion.esm,INFO,00081D69,,NAM1,0,,,My Lord Sheogorath!,나의 Lord Sheogorath님!,record,False,True,False,False,MEDIUM,"Lord, Sheogorath"
Oblivion.esm,INFO,00081D72,,NAM1,0,,,That's funny! I just thought I saw Sheogorath!,이건 이상한거야! 내가 Sheogorath님을 보았다고 사기다렸다!,record,False,True,False,False,MEDIUM,Sheogorath
Oblivion.esm,INFO,00081D73,,NAM1,0,,,"Oh, great... now I have to entertain a god.",이건 힘들다<0xA1><0xA6>나는 신을 즐겁게 하지 않으면 되지 않아.,record,False,False,False,True,HIGH,
Oblivion.esm,INFO,00081D78,,NAM1,0,,,Huh. I'd have thought a god would be taller than that.,에. 신은 좀 더 키가 크다고 생각하고 있었어요.,record,False,False,False,False,,
Oblivion.esm,INFO,00081D79,,NAM1,0,,,"1,2... It's the Madgod! Wow. Wow. 4, 12, 36....","1, 2<0xA1><0xA6>Madgod님! 어머. 조원. 4, 12, 36<0xA1><0xA6>.",record,False,True,False,True,HIGH,Madgod
Oblivion.esm,INFO,00081D7A,,NAM1,0,,,I bet Sheogorath has killed millions of things!,Sheogorath님은 몇백만도 죽인 것이 틀림없겠지요!,record,False,True,False,False,MEDIUM,Sheogorath
Oblivion.esm,INFO,00081D7B,,NAM1,0,,,My Lord Sheogorath!,Lord Sheogorath님!,record,False,True,False,False,MEDIUM,"Lord, Sheogorath"
Oblivion.esm,INFO,00081D7E,,NAM1,0,,,My Lord!,주님!,record,False,False,False,False,,
Oblivion.esm,INFO,00081D7F,,NAM1,0,,,I don't see Sheogorath. He's not real.,나는 Sheogorath님을 보지 않아요. 그는 진짜가 아니다.,record,False,True,False,False,MEDIUM,Sheogorath
Oblivion.esm,INFO,00081D80,,NAM1,0,,,Lord!,경!,record,False,False,False,False,,
Oblivion.esm,INFO,00081D81,,NAM1,0,,,Sheogorath must have Skooma!,Sheogorath 같으면 Skooma를 가지고 있는은 두군요!,record,False,True,False,False,MEDIUM,"Sheogorath, Skooma"
Oblivion.esm,INFO,00081D82,,NAM1,0,,,My Lord is looking sharp!,My Lord는 날카롭게 보여요!,record,False,True,False,False,MEDIUM,"My, Lord"
Oblivion.esm,INFO,00081D83,,NAM1,0,,,I must be dreaming!,나는 꿈을 꾸고 있는이 틀림없어요!,record,False,False,False,False,,
Oblivion.esm,INFO,00081D8B,,NAM1,0,,,Perhaps my Lord could help me die?,아마 my Lord는 내가 죽는 것을 도울 수 있는 것은 아닌지?,record,False,True,False,False,MEDIUM,"my, Lord"
Oblivion.esm,INFO,00081D8C,,NAM1,0,,,"Welcome, Madgod.","어서 오십시오, Madgod.",record,False,True,False,False,MEDIUM,Madgod
Oblivion.esm,INFO,00081D8F,,NAM1,0,,,Oh... I suppose I can make the effort to talk to you.,아<0xA1><0xA6>나는 당신과 이야기하는 노력을 할 수 있다고 생각합니다.,record,False,False,False,True,HIGH,
Oblivion.esm,INFO,0007D04F,,NAM1,0,,,Welcome to the Halcyon Conservatory.,Halcyon Conservatory에 어서 오십시오.,record,False,True,False,False,MEDIUM,"Halcyon, Conservatory"
Oblivion.esm,INFO,0007D050,,NAM1,0,,,Welcome to the House of Mania.,House of Mania에 어서 오십시오.,record,False,True,False,False,MEDIUM,"House, of, Mania"
Oblivion.esm,INFO,00081528,,NAM1,0,,,I've heard what you do to dogs., 개에게 무슨 짓을 하는지 들었어요.,record,False,False,False,False,,
Oblivion.esm,INFO,00081529,,NAM1,0,,,Why can't they understand me?,왜 그들은 나를 이해할 수 없겠지요?,record,False,False,False,False,,
Oblivion.esm,INFO,0008152A,,NAM1,0,,,Only you can eat the fruit of madness.,당신만이 매드니스의 프루츠를 먹을 수 있는 거에요.,record,False,False,False,False,,
Oblivion.esm,INFO,0008152B,,NAM1,0,,,Ooh! You have a nice stick!,우와! 당신은 멋진 봉을 가지고 있고들 사 있네요!,record,False,False,False,False,,
Oblivion.esm,INFO,0008152C,,NAM1,0,,,"Excuse me, my lord. I need to clean right where you're standing.",죄송합니다만 my lord. 당신이 서 있는 우측을 청소할 필요가 있습니다.,record,False,True,False,False,MEDIUM,"my, lord"
Oblivion.esm,INFO,0008152D,,NAM1,0,,,"I hardly need to tell you how important my work is, Lord Sheogorath.","나의 일이 얼마나 중요한가 당신에게 이야기할 필요는 없습니다, 셰오고라스 폐하.",record,False,False,False,False,,
Oblivion.esm,INFO,0008152F,,NAM1,0,,,"Can I show you my latest trick, Lord Sheogorath?",나의 최신의 곡예를 보셨습니까? 셰오고라스 폐하.,record,False,False,False,False,,
Oblivion.esm,INFO,00081530,,NAM1,0,,,My Lord! What brings you to my humble museum?,My Lord! 나의 허술한 박물관에 누가 동반이라고 왔습니까?,record,False,True,False,False,MEDIUM,"My, Lord"
Oblivion.esm,INFO,00081531,,NAM1,0,,,May I have a snippet of your hair for my museum?,제 박물관을 위해 당신 머리카락 몇 올 좀 가져가도 될까요?,record,False,False,False,False,,
Oblivion.esm,INFO,00060953,,NAM1,0,,,What?,무엇인가?,record,False,False,False,False,,
Oblivion.esm,INFO,000617C3,,NAM1,0,,,Hi.,이나.,record,False,False,False,False,,
Oblivion.esm,INFO,000617C4,,NAM1,0,,,Yes?,네?,record,False,False,False,False,,
Oblivion.esm,INFO,000617C5,,NAM1,0,,,Greetings.,안녕히.,record,False,False,False,False,,
Oblivion.esm,INFO,000617CA,,NAM1,0,,,Hello.,안녕하세요.,record,False,False,False,False,,
Oblivion.esm,INFO,0007A019,,NAM1,0,,,"At your command, Lord Sheogorath.","분부에 따릅니다, Lord Sheogorath님.",record,False,True,False,False,MEDIUM,"Lord, Sheogorath"
Oblivion.esm,INFO,0007A01D,,NAM1,0,,,"I stand ready, Lord.","준비는 갖추어지고 있습니다, Lord.",record,False,True,False,False,MEDIUM,Lord
Oblivion.esm,INFO,0008FA95,,NAM1,0,,,"The Saints stand strong, Your Grace.","세인트들은 강력한 그대로입니다, 저하.",record,False,False,False,False,,
Oblivion.esm,INFO,0008FA96,,NAM1,0,,,"Madgod's blessings, Your Grace.","광기의 신의 축복을, 저하.",record,False,False,False,False,,
Oblivion.esm,INFO,0008FA97,,NAM1,0,,,Your Grace.,저하.,record,False,False,False,False,,
Oblivion.esm,INFO,0008FA98,,NAM1,0,,,"Hail, Duke of Dementia.",디멘시아의 공작 만세.,record,False,False,False,False,,
Oblivion.esm,INFO,0008FA99,,NAM1,0,,,"Hail, Duchess of Dementia.",Dementia의 공작 만세.,record,False,True,False,False,MEDIUM,Dementia
Oblivion.esm,INFO,00061C78,,NAM1,0,,,"Speak, citizen.","이야기한다, 거주자야.",record,False,False,False,False,,
Oblivion.esm,INFO,00061C7D,,NAM1,0,,,"Speak quickly, mortal.","간략하게 이야기키, 정명의 사람이야.",record,False,False,False,False,,
Oblivion.esm,INFO,00061C7E,,NAM1,0,,,"Speak, sister.","이야기한다, 자매야.",record,False,False,False,False,,
Oblivion.esm,INFO,00061C7F,,NAM1,0,,,"Speak, dog.","이야기한다, 개째.",record,False,False,False,False,,
Oblivion.esm,INFO,00061C80,,NAM1,0,,,"Speak, brother.","이야기한다, 형제야.",record,False,False,False,False,,
Oblivion.esm,INFO,00061C96,,NAM1,0,,,"I am honored, mistress.","영광입니다, 여왕 각하.",record,False,False,False,False,,
Oblivion.esm,INFO,0007A021,,NAM1,0,,,"Your humble servant, My Lord.","겸허하게 봉사합니다, My Lord.",record,False,True,False,False,MEDIUM,"My, Lord"
Oblivion.esm,INFO,0007A01F,,NAM1,0,,,"You honor me, Lord.","당신은 나에게 있어 명예입니다, Lord.",record,False,True,False,False,MEDIUM,Lord
Oblivion.esm,INFO,0008FAA2,,NAM1,0,,,"You honor me, Your Grace.","당신은 나에게 있어 명예입니다, 각하.",record,False,False,False,False,,
Oblivion.esm,INFO,0008FAA3,,NAM1,0,,,"Your Seducers are at the ready, Your Grace.","당신의 세듀서들은 준비가 끝났습니다, 저하.",record,False,False,False,False,,
Oblivion.esm,INFO,0008FAA4,,NAM1,0,,,Your Grace.,각하.,record,False,False,False,False,,
Oblivion.esm,INFO,0008FAA5,,NAM1,0,,,"Madgod's blessings, Duke of Mania.","광기의 신의 축복을, 매니아의 공작이야.",record,False,False,False,False,,
Oblivion.esm,INFO,0008FAB1,,NAM1,0,,,"Madgod's blessings, Duchess of Mania.","광기의 신의 축복을, 매니아의 여공작이야.",record,False,False,False,False,,
Oblivion.esm,INFO,00061CCA,,NAM1,0,,,"Blessings, dark sister.","축복 저것, 어둠의 자매야.",record,False,False,False,False,,
Oblivion.esm,INFO,00061CB7,,NAM1,0,,,"Blessings, citizen.","축복 저것, 거주자야.",record,False,False,False,False,,
Oblivion.esm,INFO,00061CC9,,NAM1,0,,,How may I serve?,무엇인가 도움이 될 수 있을까?,record,False,False,False,False,,
Oblivion.esm,INFO,00061CCB,,NAM1,0,,,"Quickly, worm.","간략하게, 벌거지째.",record,False,False,False,False,,
Oblivion.esm,INFO,00061CCC,,NAM1,0,,,"Blessings, brother.","축복 저것, 형제야.",record,False,False,False,False,,
Oblivion.esm,INFO,00061CCD,,NAM1,0,,,"All glory, mistress.","모두가 명예입니다, 여왕 각하.",record,False,False,False,False,,
Oblivion.esm,INFO,00080D8E,,NAM1,0,,,"Cylarne is ours at last, thanks to you.",당신의 덕분에 Cylarne는 마침내 우리의 것입니다.,record,False,True,False,False,MEDIUM,Cylarne
Oblivion.esm,INFO,00080D8F,,NAM1,0,,,"The Mazken no longer defile holy Cylarne, thanks to you.",당신의 덕분에 이미 Mazken들이 성스러운 Cylarne를 더럽힐 것은 없습니다.,record,False,True,False,False,MEDIUM,"Mazken, Cylarne"
Oblivion.esm,INFO,00080D90,,NAM1,0,,,You helped us at Cylarne. The Mazken do not forget their friends.,당신은 Cylarne로 우리를 도와 주었습니다. Mazken는 친구를 잊지 않습니다.,record,False,True,False,False,MEDIUM,"Cylarne, Mazken"
Oblivion.esm,INFO,00080D91,,NAM1,0,,,"The Aureals no longer defile holy Cylarne, thanks to you.",당신의 덕분에 이미 Aureal들이 성스러운 Cylarne를 더럽힐 것은 없습니다.,record,False,True,False,False,MEDIUM,"Aureal, Cylarne"
Oblivion.esm,INFO,00081DCE,,NAM1,0,,,"An honor, Lord.","영광입니다, 폐하.",record,False,False,False,False,,
Oblivion.esm,INFO,00081DCF,,NAM1,0,,,Our Lord comes singing! Songs for Sheogorath!,우리들의 폐하꼐서 노래하듯이 와 주셨다! 셰오고라스 님의 노래!,record,False,False,False,False,,
Oblivion.esm,INFO,00081DD0,,NAM1,0,,,"You honor me with your presence, Lord Sheogorath.",당신의 존재는 저에게 있어 영광입니다. 셰오고라스 폐하.,record,False,False,False,False,,
Oblivion.esm,INFO,00081DD1,,NAM1,0,,,"I hope I live to speak with you again, Lord Sheogorath.",내가 당신과 다시 이야기할 때까지 살아있는 일을 바랍니다.,record,False,False,False,False,,
Oblivion.esm,INFO,00081DD2,,NAM1,0,,,Cheers to Sheogorath!,셰오고라스 님께 건배!,record,False,False,False,False,,
Oblivion.esm,INFO,00081DD3,,NAM1,0,,,The Madgod graces us!,광기의 신이 저희들에게 명예를 주어요!,record,False,False,False,False,,
Oblivion.esm,INFO,00081DD4,,NAM1,0,,,"I am honored, Lord.","영광으로 생각합니다, 폐하.",record,False,False,False,False,,
Oblivion.esm,INFO,00081CB0,,NAM1,0,,,"Yes, Your Grace?","예, 전하",record,False,False,False,False,,
Oblivion.esm,INFO,00081CB1,,NAM1,0,,,"Lead on, Your Grace.","먼저 가십시오, 전하. ",record,False,False,False,False,,
Oblivion.esm,INFO,00081CB2,,NAM1,0,,,"I am yours to command, Your Grace.",저는 전하의 것입니다. 분부에 따르겠습니다.,record,False,False,False,False,,
Oblivion.esm,INFO,00081CB3,,NAM1,0,,,"Lead on, Your Grace.","먼저 가십시오, 전하.",record,False,False,False,False,,
Oblivion.esm,INFO,00081CB4,,NAM1,0,,,"I am yours to command, Your Grace.",저는 전하의 것입니다. 분부에 따르겠습니다.,record,False,False,False,False,,
Oblivion.esm,INFO,0008118E,,NAM1,0,,,"Ah, returned from the Fringe I see.","아, Fringe로부터 돌아온 것 같다.",record,False,True,False,False,MEDIUM,Fringe
Oblivion.esm,INFO,00081190,,NAM1,0,,,Why are you here? I thought I gave you a task to complete.,왜 여기에 있어? 너에게는 완수 해야 할 임무를 준 것처럼 생각하지만.,record,False,False,False,False,,
Oblivion.esm,INFO,00081191,,NAM1,0,,,"Back so soon, and glowing with success, I see!","상당히 빨리 돌아왔지만 성공으로 키라취한데, 나에게는 안다!",record,False,False,False,False,,
Oblivion.esm,INFO,00081194,,NAM1,0,,,You dare disturb me in my sanctum?!?,내 성소에서 감히 날 방해해?!?,record,False,False,False,False,,
Oblivion.esm,INFO,00081195,,NAM1,0,,,Didn't I give you something to do?,내가 시킨 일이 있지 않았나?,record,False,False,False,False,,
Oblivion.esm,INFO,00081198,,NAM1,0,,,Back so soon? And here I was hoping you'd manage to get killed.,빨리 왔네? 가서 어떻게든 뒈지길 빌었건만.,record,False,False,False,False,,
Oblivion.esm,INFO,00081199,,NAM1,0,,,"Choices, choices. That took you long enough.",고르기만 하네. 작작 좀 고르시지.,record,False,False,False,False,,
Oblivion.esm,INFO,0008119A,,NAM1,0,,,Soon we will birth a new Gatekeeper!,곧 새로운 관문지기를 창조해내게 될거야!,record,False,False,False,False,,
Oblivion.esm,INFO,0008119B,,NAM1,0,,,Our child stands guard once again.,내 아이가 다시 지키기 시작했어.,record,False,False,False,False,,
Oblivion.esm,INFO,0001ACD2,,NAM1,0,,,You again? Really?,또 당신이야?,record,False,False,False,False,,
Oblivion.esm,INFO,0001AD47,,NAM1,0,,,You better have a very good reason to interrupt me!,쓸데없는 걸로 날 방해하지 않는게 좋을 걸.,record,False,False,False,False,,
Oblivion.esm,INFO,0001AD48,,NAM1,0,,,You try my patience. Out with it! ,내 인내심을 시험하는군. 꺼져버려!,record,False,False,False,False,,
Oblivion.esm,INFO,0001AD49,,NAM1,0,,,Why are you bothering me with that wagging tongue? Do you know how long it would waggle after I rip it from your mouth? I do. Don't tempt me.,"왜 그 나불대는 혓바닥으로 날 귀찮게 하는 거지? 그 혓바닥, 잘리고 나서 얼마나 더 파닥댈까? 진짜로 자르게 만들지 말아 줘.",record,False,False,False,False,,
Oblivion.esm,INFO,0001AD4A,,NAM1,0,,,It's been too long. Come here and hurt me a little.,대단히 오래간만이군요. 여기에 와 조금 나를 상처 입혀 줘.,record,False,False,False,False,,
Oblivion.esm,INFO,0001AD4B,,NAM1,0,,,You set my blood on fire. Come closer and burn me.,당신은 나의 피를 불타게 해요. 가까워져 나를 태워 줘.,record,False,False,False,False,,
Oblivion.esm,INFO,0001AD4C,,NAM1,0,,,"You wound me, and my heart bleeds with pleasure.","당신은 나를 상처 입혀요, 나의 심장은 기쁨으로 출혈해.",record,False,False,False,False,,
Oblivion.esm,INFO,00080D89,,NAM1,0,,,Victory is sweet!,승리는 기쁨이다!,record,False,False,False,False,,
Oblivion.esm,INFO,00080D8A,,NAM1,0,,,The Mazken do not forget their friends.,Mazken는 우리들의 친구를 잊지는 않는다.,record,False,True,False,False,MEDIUM,Mazken
Oblivion.esm,INFO,00080D8B,,NAM1,0,,,The Aureals do not forget their friends.,Aureal는 우리들의 친구를 잊지는 않는다.,record,False,True,False,False,MEDIUM,Aureal
Oblivion.esm,INFO,00080D8C,,NAM1,0,,,How may I serve?,무슨 용무지요?,record,False,False,False,False,,
Oblivion.esm,INFO,00080D8D,,NAM1,0,,,Sheogorath's blessings upon you.,쉐오고라스(Sheogorath) 폐하의 가호가 함께 하기를.,record,True,True,False,False,HIGH,Sheogorath
Oblivion.esm,INFO,0003E65F,,NAM1,0,,,Hail.,어서 오십시오.,record,False,False,False,False,,
Oblivion.esm,INFO,000807F2,,NAM1,0,,,I can't believe they're here!,놈들이 여기로 왔다니 믿기지가 않는군요!,record,False,False,False,False,,
Oblivion.esm,INFO,000807F3,,NAM1,0,,,I hope you're pleased with your earnings.,이걸로 만족하셨으면 좋겠군요.,record,False,False,False,False,,
Oblivion.esm,INFO,000807F0,,NAM1,0,,,Good to see you again!,다시 뵈니 반갑군요!,record,False,False,False,False,,
Oblivion.esm,INFO,0006A7FA,,NAM1,0,,,There isn't time for idle chatter.,조용히 대화를 나눌 시간이 없습니다.,record,False,False,False,False,,
Oblivion.esm,INFO,0007AC69,,NAM1,0,,,I thought we were done speaking.,화는 끝났다고 생각합니다.,record,False,False,False,False,,
Oblivion.esm,INFO,0007AC6A,,NAM1,0,,,You sure took your time.,시간을 소중히 해 주세요.,record,False,False,False,False,,
Oblivion.esm,INFO,0007AC6B,,NAM1,0,,,You looking for me?,나에게 용무입니까?,record,False,False,False,False,,
Oblivion.esm,INFO,0007AC6D,,NAM1,0,,,You got a problem?,무엇인가 문제에서도?,record,False,False,False,False,,
Oblivion.esm,INFO,0007AC6F,,NAM1,0,,,Welcome back.,돌아가세요.,record,False,False,False,False,,
Oblivion.esm,INFO,0007AC73,,NAM1,0,,,Hello again.,또 만났어요.,record,False,False,False,False,,
Oblivion.esm,INFO,0007AC77,,NAM1,0,,,"Welcome to Earil's Mysteries. As you probably guessed, I'm Earil.","Earil's Mysteries에 어서 오십시오. 상상대로, 내가 Earil입니다.",record,False,True,False,False,MEDIUM,"Earil's, Mysteries, Earil"
Oblivion.esm,INFO,0007AC78,,NAM1,0,,,Hello.,안녕하세요.,record,False,False,False,False,,
Oblivion.esm,INFO,000784B4,,NAM1,0,,,So good to see you.,군을 만날 수 있어 매우 기뻐.,record,False,False,False,False,,
Oblivion.esm,INFO,0007322A,,NAM1,0,,,I've just discovered that water is actually heavier than air. Who would have thought?,"방금, 물은 공기보다 무겁다는 발견한 참이다. 이런 일 생각나는 사람이 있다고 생각할까?",record,False,False,False,False,,
Oblivion.esm,INFO,0007322B,,NAM1,0,,,"A caliper a day makes the skyboat... wait, that doesn't rhyme.","하루에 캘리퍼 하나면 하늘배가... 잠깐, 운이 안 맞잖아.",record,False,False,False,False,,
Oblivion.esm,INFO,0007B321,,NAM1,0,,,"I do so admire good books, they fill my mind with such fantastic images.","나는 양서를 즐겨, 그것과 같은 공상적인 환상으로 나의 마음을 채우고 있습니다.",record,False,False,False,False,,
Oblivion.esm,INFO,00072E01,,NAM1,0,,,Every day is like being born. So new and so alive!,"매일 출생하고 나오는 것 같은 것입니다. 매우 새롭고, 매우 생기있게 하고 있다!",record,False,False,False,False,,
Oblivion.esm,INFO,00072E02,,NAM1,0,,,Can I help you?,은 조력할 수 있습니까?,record,False,False,False,False,,
Oblivion.esm,INFO,00072E03,,NAM1,0,,,Buy us a drink!,음료 한턱 내!,record,False,False,False,False,,
Oblivion.esm,INFO,00072E04,,NAM1,0,,,I've got my eye on you.,군보고 있겠어.,record,False,False,False,False,,
Oblivion.esm,INFO,00072E05,,NAM1,0,,,"Speak, while I can still hear you.",이야기 없음 있고. (듣)묻고 있을테니까.,record,False,False,False,False,,
Oblivion.esm,INFO,00072E06,,NAM1,0,,,Cats. Everywhere.,고양이째. 어디에라도 주거지.,record,False,False,False,False,,
Oblivion.esm,INFO,00072E07,,NAM1,0,,,Sing for Big Head.,Big Head를 위해서(때문에) 노래해.,record,False,True,False,False,MEDIUM,"Big, Head"
Oblivion.esm,INFO,00078209,,NAM1,0,,,"Hi there, Sparkles.","안녕하세요, 살고 하고 있구나.",record,False,False,False,False,,
Oblivion.esm,INFO,0007820A,,NAM1,0,,,"Hey there, Chief.","안녕하세요, 남편.",record,False,False,False,False,,
Oblivion.esm,INFO,0007820B,,NAM1,0,,,"How are you, pal?",건강한가? 파트너.,record,False,False,False,False,,
Oblivion.esm,INFO,00070400,,NAM1,0,,,"Busy day today, isn't it?",오늘은 바쁘지 않지 않을까?,record,False,False,False,False,,
Oblivion.esm,INFO,00072F0B,,NAM1,0,,,"Hmm, what? Oh, hello.","응, 응? 이런, 안녕하세요.",record,False,False,False,False,,
Oblivion.esm,INFO,00072F0C,,NAM1,0,,,What's the latest news?,최근 무엇인가 있었습니까?,record,False,False,False,False,,
Oblivion.esm,INFO,00072F0D,,NAM1,0,,,What are you doing here?,여기서 무엇을 하고 있습니다?,record,False,False,False,False,,
Oblivion.esm,INFO,00070404,,NAM1,0,,,"Looking, looking. Always looking, I am.","찾는 물건, 찾는 물건이야. 언제나 찾는 물건을 하고 있다, 나는.",record,False,False,False,False,,
Oblivion.esm,INFO,00072F16,,NAM1,0,,,Were you followed?,너 쫓기고 있는 거야?,record,False,False,False,False,,
Oblivion.esm,INFO,00072F17,,NAM1,0,,,What are you doing here?,여기서 무엇을 하고 있는거야?,record,False,False,False,False,,
Oblivion.esm,INFO,00072F18,,NAM1,0,,,What do you want?,무엇을 갖고 싶은 것인지?,record,False,False,False,False,,
Oblivion.esm,INFO,00071F45,,NAM1,0,,,Rany Roo! Rany Roo!,비가 오겠어<0xA1><0xAD><0xA3><0xA1>비를 조심해라<0xA1><0xAD><0xA3><0xA1>,record,False,False,False,True,HIGH,
Oblivion.esm,INFO,0007D46F,,NAM1,0,,,"I saw the Zaxer. And I magged it too. Aw, fribble!","자크셀을 톱 연주했다. 그랬더니 시끄러운 것뿐이었다. 만나는, 쓸데없게 보냈다!",record,False,False,False,False,,
Oblivion.esm,INFO,0008D7AE,,NAM1,0,,,Darkest blessings upon you.,당신에게 가장 어두운 축복을.,record,False,False,False,False,,
Oblivion.esm,INFO,00089887,,NAM1,0,,,Happy times! Happy days!,행복한 때! 행복한 날들!,record,False,False,False,False,,
Oblivion.esm,INFO,0007D470,,NAM1,0,,,Tell the daen! Tell the daen! Karn sky is relfing.,네야올 이야기해 줘! 오케스파 이야기해! 아이트고하늘이 마니우테 하고 있어.,record,False,False,False,False,,
Oblivion.esm,INFO,0008DB37,,NAM1,0,,,Smells of prey....,에모노가 냄새가 나군<0xA1><0xA6>.,record,False,False,False,True,HIGH,
Oblivion.esm,INFO,0008EA00,,NAM1,0,,,What is the meaning of this interruption?,이 중단에는 무엇인가 의미가 있습니다?,record,False,False,False,False,,
Oblivion.esm,INFO,0008EA01,,NAM1,0,,,Why look at you! ,은 너는 멋지다!,record,False,False,False,False,,
Oblivion.esm,INFO,0008EA05,,NAM1,0,,,Do you have the time?,시간 있습니까?,record,False,False,False,False,,
Oblivion.esm,INFO,0008EA1C,,NAM1,0,,,"And a good day to you, sir!","당신에게 있어 좋은 하루인 일을 기원해요, 서!",record,False,False,False,False,,
Oblivion.esm,INFO,0008EA1D,,NAM1,0,,,"And a good day to you, madam!","당신에게 있어 좋은 하루인 일을 기원해요, 마담!",record,False,False,False,False,,
Oblivion.esm,INFO,0008EA1E,,NAM1,0,,,Be careful. They're listening.,조심해. 그들은 (듣)묻고 있다.,record,False,False,False,False,,
Oblivion.esm,INFO,0008E4CA,,NAM1,0,,,"Oh, hello. Didn't realize anyone was there.","아, 안녕하세요. 누가 왔는 줄도 몰랐네요.",record,False,False,False,False,,
Oblivion.esm,INFO,0008E4CB,,NAM1,0,,,Yes? What'd I miss?,네? 무슨 말씀 하셨나요? ,record,False,False,False,False,,
Oblivion.esm,INFO,0008E4CC,,NAM1,0,,,Huh?,어머?,record,False,False,False,False,,
Oblivion.esm,INFO,0008E4D0,,NAM1,0,,,Everything's so dirty!,전부 다 더러워!,record,False,False,False,False,,
Oblivion.esm,INFO,0008E4D3,,NAM1,0,,,Do you really need to get so close?,꼭 그렇게 가까이 다가와야 되요?,record,False,False,False,False,,
Oblivion.esm,INFO,0008E4D4,,NAM1,0,,,Yuck.,윽.,record,False,False,False,False,,
Oblivion.esm,INFO,0008E4D5,,NAM1,0,,,"If you need something, better talk to me.",뭔가 필요하다면 나한테 말하는게 좋을 거요.,record,False,False,False,False,,
Oblivion.esm,INFO,0008E4D6,,NAM1,0,,,Don't be shy.,부끄러워 하지 말아요. ,record,False,False,False,False,,
Oblivion.esm,INFO,0008E4D7,,NAM1,0,,,I don't mind talking down to your level.,얼마든지 당신 수준에 맞춰 주겠소.,record,False,False,False,False,,
Oblivion.esm,INFO,0008E4D8,,NAM1,0,,,Did you hear that?,저 소리 들었나요?,record,False,False,False,False,,
Oblivion.esm,INFO,0008E4D9,,NAM1,0,,,It's so hard to concentrate with all that noise!,소음 때문에 뭐 하나 제대로 못하겠어요!,record,False,False,False,False,,
Oblivion.esm,INFO,0008E4DA,,NAM1,0,,,Whoa. What was that?,"어머, 무슨 소리 였죠? ",record,False,False,False,False,,
Oblivion.esm,INFO,0008E4DB,,NAM1,0,,,You've got nice bones.,당신 골격이 훌륭한데.,record,False,False,False,False,,
Oblivion.esm,INFO,0008E4DC,,NAM1,0,,,Killed anything?,뭐라도 죽였습니까?,record,False,False,False,False,,
Oblivion.esm,INFO,0008E4DD,,NAM1,0,,,I can hear the bones talking.,내게는 뼈들이 이야기하는 게 들려.,record,False,False,False,False,,
Oblivion.esm,INFO,0007EAB9,,NAM1,0,,,You better have a good reason for disturbing me.,쓸데없는 일로 날 방해하지 않는 게 좋을 거야.,record,False,False,False,False,,
Oblivion.esm,INFO,0007CC44,,NAM1,0,,,What is it? You try my patience!,"또 뭐야? 당신, 내 인내심을 시험하는 거야?",record,False,False,False,False,,
Oblivion.esm,INFO,0008E521,,NAM1,0,,,"This better be good, or you'll regret it.",그러는 게 좋을 걸. 안그러면 후회하게 될테니까.,record,False,False,False,False,,
Oblivion.esm,INFO,00042DB3,,NAM1,0,,,What can I do to you?,나에게 무엇인가 할 수 있는 것은 있을까?,record,False,False,False,False,,
Oblivion.esm,INFO,00072FE5,,NAM1,0,,,I hope you're enjoying the museum!,당신이 박물관을 즐기고 있다고(면) 바라요!,record,False,False,False,False,,
Oblivion.esm,INFO,00080D05,,NAM1,0,,,Take that!,이것으로 어때!,record,False,False,False,False,,
Oblivion.esm,INFO,00080D06,,NAM1,0,,,Ugh!,으!,record,False,False,False,False,,
Oblivion.esm,INFO,00080D07,,NAM1,0,,,Oh-ho!,오호!,record,False,False,False,False,,
Oblivion.esm,INFO,00080D08,,NAM1,0,,,Keep this fair!,정정당당하게 하자!,record,False,False,False,False,,
Oblivion.esm,INFO,00072DB6,,NAM1,0,,,Is that man-cat gone yet?,저녀석은-고양이는 아직 있는지?,record,False,False,False,False,,
Oblivion.esm,INFO,00072DB7,,NAM1,0,,,I like Ushnar's dog.,나는 Ushnar의 개를 좋아합니다.,record,False,True,False,False,MEDIUM,Ushnar
Oblivion.esm,INFO,00072DB8,,NAM1,0,,,"I don't like cats, which means I don't like you.",나는 고양이를 싫다. 즉 너가 싫다.,record,False,False,False,False,,
Oblivion.esm,INFO,0003B827,,NAM1,0,,,"Good cheer and jubilant welcome, lady.",환영합니다.,record,False,False,False,False,,
Oblivion.esm,INFO,0003B828,,NAM1,0,,,"Good cheer and jubilant welcome, lord.",환영합니다.,record,False,False,False,False,,
Oblivion.esm,INFO,0003B829,,NAM1,0,,,"Hello again, my friend.",또 보네. 친구.,record,False,False,False,False,,
Oblivion.esm,INFO,0003B82A,,NAM1,0,,,What?,뭐라고?,record,False,False,False,False,,
Oblivion.esm,INFO,000206AB,,NAM1,0,,,"I bid you a most gracious welcome, my lady.",전하의 분부를 받드는 것을 영광으로 알겠습니다.,record,False,False,False,False,,
Oblivion.esm,INFO,000206AC,,NAM1,0,,,"I bid you a most gracious welcome, my lord.",전하의 분부를 받드는 것을 영광으로 알겠습니다.,record,False,False,False,False,,
Oblivion.esm,INFO,0001F37A,,NAM1,0,,,Tidings and welcome!,어서오십시오!,record,False,False,False,False,,
Oblivion.esm,INFO,0001F3B7,,NAM1,0,,,"Hmmm? Oh, yes. The choice. Well, it's about time!","음? 오, 알겠습니다. 선택 하세요. 지금이 그때입니다!",record,False,False,False,False,,
Oblivion.esm,INFO,0001F3B9,,NAM1,0,,,Shouldn't you be on your way to the Sacellum?,당신은 사셀럼(Sacellum)으로 가야하지 않습니까?,record,True,True,False,False,HIGH,Sacellum
Oblivion.esm,INFO,00050A9E,,NAM1,0,,,"Ah, my favorite patron! Anything Odd to show me? Ha ha ha.","아, 나의 마음에 드는 손님! 무엇인가 기묘한 솜씨를 보여줄래? 오호호.",record,False,False,False,False,,
Oblivion.esm,INFO,00050A9F,,NAM1,0,,,Have you found any new Oddities?,무엇인가 새로운 기묘한 것을 찾아냈는지 해들?,record,False,False,False,False,,
Oblivion.esm,INFO,00045C78,,NAM1,0,,,"Alive and kicking, are you? Welcome back.",아직 원기왕성하군. 돌아온것을 환영하네.,record,False,False,False,False,,
Oblivion.esm,INFO,00018BFB,,NAM1,0,,,"Oh my. Look at you. You're in the thick of it now, aren't you?",오 이런. 꼴이 왜 이래? 불안해 보이는데? 괜찮아?,record,False,False,False,False,,
Oblivion.esm,INFO,000451D1,,NAM1,0,,,"You should be elsewhere right now, shouldn't you?",지금 당신은 다른곳에 있어야 하지 않아?,record,False,False,False,False,,
Oblivion.esm,INFO,00043E24,,NAM1,0,,,What are you doing here?,뭐하러 왔어?,record,False,False,False,False,,
Oblivion.esm,INFO,000432A9,,NAM1,0,,,I have some things for you.,드릴게 있습니다.,record,False,False,False,False,,
Oblivion.esm,INFO,0007E95F,,NAM1,0,,,"Ah, the ghost effect; an excellent demonstration of Xedilian's true power.","아, 유령 효과; 이것을 시연해 봄으로써 시딜리안(Xedilian)의 진짜 능력을 볼 있지요.",record,True,True,False,False,HIGH,Xedilian
Oblivion.esm,INFO,0007E960,,NAM1,0,,,Nothing warms the heart like the sound of rending flesh. Great choice!,살이 찢기는 소리만큼 흥분되는 것은 없지요. 훌륭한 선택입니다!,record,False,False,False,False,,
Oblivion.esm,INFO,0007E961,,NAM1,0,,,Last chamber... this should be entertaining.,마지막 방이군요... 분명 재미있을 겁니다.,record,False,False,False,False,,
Oblivion.esm,INFO,0007E962,,NAM1,0,,,Too bad none of those keys fit the lock... hahahaha!,안됐지만 저기에 진짜 열쇠는 없습니다. 하하하하하!,record,False,False,False,False,,
Oblivion.esm,INFO,0007E963,,NAM1,0,,,"Ah! The classic fire trap. Always a favorite, especially in the colder months.",아! 고전적인 파이어 트랩. 항상 즐겨쓰지요. 특히 추운 달에는 효과 만점이더군요.,record,False,False,False,False,,
Oblivion.esm,INFO,0007E964,,NAM1,0,,,"Another chamber, another victim to eliminate. Hurry, the anticipation is overwhelming!","다음 방으로 넘어갈때 마다, 새로운 희생자가 생깁니다. 서두르세요, 예상은 분명 틀릴겁니다!",record,False,False,False,False,,
Oblivion.esm,INFO,0007E3E8,,NAM1,0,,,Hehe. Watching them run from the Giant Gnarl gets me every time.,헤헤. 놈들이 거대 Gnarl에게서 도망다니는 꼴을 볼때마다 왜이리 재미있는지.,record,False,True,False,False,MEDIUM,Gnarl
Oblivion.esm,INFO,0007E3E9,,NAM1,0,,,Unleashed the swarm did we? Nothing like a little bloodlust to start the encounter off right.,Swarm들을 풀어놓았던가요? 피에 미쳐 날뛰는 놈들에게 정면을 맞설 만한 것은 없습니다.,record,False,True,False,False,MEDIUM,Swarm
Oblivion.esm,INFO,0007E3EA,,NAM1,0,,,"Time to choose! Oh, how I missed these moments... so exhilarating!","선택하실 때입니다! 아, 이 순간을 얼마나 고대했는지.. 정말 흥분되는군요!",record,False,False,False,False,,
Oblivion.esm,INFO,000432B4,,NAM1,0,,,Allow me to be your guide.,안내할 수 있도록 허락해 주십시오.,record,False,False,False,False,,
Oblivion.esm,INFO,000432B5,,NAM1,0,,,My goodness!,신이시여!,record,False,False,False,False,,
Oblivion.esm,INFO,00040BAF,,NAM1,0,,,Yes. What is it?,네. 무엇인가 용무로?,record,False,False,False,False,,
Oblivion.esm,INFO,0003B82B,,NAM1,0,,,"Greetings, friend.",반갑네. 친구.,record,False,False,False,False,,
Oblivion.esm,INFO,0003B82C,,NAM1,0,,,The stench of fresh blood in the air is thick.,이곳은 생피의 악취 때문에 답답하군요.,record,False,False,False,False,,
Oblivion.esm,INFO,0003B82D,,NAM1,0,,,What do you want?,무엇을 원합니까?,record,False,False,False,False,,
Oblivion.esm,INFO,0003B82E,,NAM1,0,,,You've forsaken the Demented and insulted the name of Arden-Sul. We have nothing to discuss.,당신은 디멘티드(Demented)를 저버리고 아덴-술(Arden-Sul)의 이름을 모욕했습니다. 더 이상 우리가 이야기할 것은 없습니다.,record,True,True,False,False,HIGH,"Demented, Arden-Sul"
Oblivion.esm,INFO,0003B82F,,NAM1,0,,,Pleasure and pain be with you.,쾌락과 고통이 그대와 함께하길.,record,False,False,False,False,,
Oblivion.esm,INFO,0003B830,,NAM1,0,,,"I bid you a most gracious welcome, my lady.",아주 정중히 당신을 초대합니다.,record,False,False,False,False,,
Oblivion.esm,INFO,0003B831,,NAM1,0,,,"I bid you a most gracious welcome, my lord.",아주 정중히 당신을 초대합니다.,record,False,False,False,False,,
Oblivion.esm,INFO,0001F37D,,NAM1,0,,,Tidings and welcome!,반갑습니다!,record,False,False,False,False,,
Oblivion.esm,INFO,0006A8AC,,NAM1,0,,,Good day to you!,안녕하십니까!,record,False,False,False,False,,
Oblivion.esm,INFO,000206AE,,NAM1,0,,,"How kind of you to grace the Sacellum with your presence, my lady.",전하께서 와주시다니 사셀럼(Sacellum)의 무한한 영광입니다.,record,True,True,False,False,HIGH,Sacellum
Oblivion.esm,INFO,000206AF,,NAM1,0,,,"How kind of you to grace the Sacellum with your presence, my lord.",전하께서 와주시다니 사셀럼(Sacellum)의 무한한 영광입니다.,record,True,True,False,False,HIGH,Sacellum
Oblivion.esm,INFO,000206B0,,NAM1,0,,,Another sheep returns to the flock.,다른 신도들은 그들의 무리에게로 돌아갔습니다.,record,False,False,False,False,,
Oblivion.esm,INFO,000206B2,,NAM1,0,,,The stench of fresh blood in the air is thick.,이곳은 생피의 악취 때문에 답답하군요.,record,False,False,False,False,,
Oblivion.esm,INFO,000206B3,,NAM1,0,,,What do you want?,무엇을 원합니까?,record,False,False,False,False,,
Oblivion.esm,INFO,000206B4,,NAM1,0,,,"Dark days, my lady.",어둠의 나날입니다.,record,False,False,False,False,,
Oblivion.esm,INFO,000206B5,,NAM1,0,,,"Dark days, my lord.",어둠의 나날입니다.,record,False,False,False,False,,
Oblivion.esm,INFO,000206B6,,NAM1,0,,,Do my eyes decieve me? You live?,내 눈이 어떻게 됬나? 살아있네?,record,False,False,False,False,,
Oblivion.esm,INFO,000206B7,,NAM1,0,,,Fool! Did you wish to have us both put to death?,바보 같으니! 우리 둘다 죽게 만들 작정이요?,record,False,False,False,False,,
Oblivion.esm,INFO,000206B8,,NAM1,0,,,I bid you welcome.,기꺼이 분부를 받들겠습니다.,record,False,False,False,False,,
Oblivion.esm,INFO,000206B9,,NAM1,0,,,"Welcome back, my lady.","다시오시다니 환영합니다, 전하.",record,False,False,False,False,,
