file,record_type,formid,editor_id,field,occurrence,quest_stage,quest_stage_occurrence,source_english,translation_korean,origin,flag_korean_english_parentheses,flag_english_remnant,flag_topic_system_candidate,flag_decode_unknown,review_priority,english_tokens
Oblivion.esm,WEAP,00016C8E,SEAmberMagicBow5,FULL,0,,,Perfect Amber Bow,완벽한 앰버 활,record,False,False,False,False,,
Oblivion.esm,WEAP,00016C8D,SEAmberMagicBow4,FULL,0,,,Grand Amber Bow,위대한 앰버 활,record,False,False,False,False,,
Oblivion.esm,WEAP,00016C8C,SEAmberMagicBow3,FULL,0,,,Very Fine Amber Bow,대단히 훌륭한 앰버 활,record,False,False,False,False,,
Oblivion.esm,WEAP,00016C8B,SEAmberMagicBow2,FULL,0,,,Fine Amber Bow,훌륭한 앰버 활,record,False,False,False,False,,
Oblivion.esm,WEAP,00016C8A,SEAmberMagicBow1,FULL,0,,,Amber Bow,앰버 활,record,False,False,False,False,,
Oblivion.esm,WEAP,00016C13,SEAmberSword5,FULL,0,,,Perfect Amber Sword,완벽한 황색 검,record,False,False,False,False,,
Oblivion.esm,WEAP,00016C12,SEAmberSword4,FULL,0,,,Grand Amber Sword,위대한 황색 검,record,False,False,False,False,,
Oblivion.esm,WEAP,00016C11,SEAmberSword3,FULL,0,,,Very Fine Amber Sword,대단히 훌륭한 황색 검,record,False,False,False,False,,
Oblivion.esm,WEAP,00016C10,SEAmberSword2,FULL,0,,,Fine Amber Sword,훌륭한 황색 검,record,False,False,False,False,,
Oblivion.esm,WEAP,00016C0F,SEAmberSword1,FULL,0,,,Amber Sword,황색 검,record,False,False,False,False,,
Oblivion.esm,WEAP,00016C0B,SEAmberMace5,FULL,0,,,Perfect Amber Mace,완벽한 황색 메이스,record,False,False,False,False,,
Oblivion.esm,WEAP,00016C0A,SEAmberMace4,FULL,0,,,Grand Amber Mace,위대한 황색 메이스,record,False,False,False,False,,
Oblivion.esm,WEAP,00016C09,SEAmberMace3,FULL,0,,,Very Fine Amber Mace,대단히 훌륭한 황색 메이스,record,False,False,False,False,,
Oblivion.esm,WEAP,00016C08,SEAmberMace2,FULL,0,,,Fine Amber Mace,훌륭한 황색 메이스,record,False,False,False,False,,
Oblivion.esm,WEAP,00016C07,SEAmberMace1,FULL,0,,,Amber Mace,황색 메이스,record,False,False,False,False,,
Oblivion.esm,WEAP,00016C03,SEAmberHammer5,FULL,0,,,Perfect Amber Hammer,완벽한 황색 해머,record,False,False,False,False,,
Oblivion.esm,WEAP,00016C02,SEAmberHammer4,FULL,0,,,Grand Amber Hammer,위대한 황색 해머,record,False,False,False,False,,
Oblivion.esm,WEAP,00016C01,SEAmberHammer3,FULL,0,,,Very Fine Amber Hammer,대단히 훌륭한 황색 해머,record,False,False,False,False,,
Oblivion.esm,WEAP,00016C00,SEAmberHammer2,FULL,0,,,Fine Amber Hammer,훌륭한 황색 해머,record,False,False,False,False,,
Oblivion.esm,WEAP,00016BFF,SEAmberHammer1,FULL,0,,,Amber Hammer,황색 해머,record,False,False,False,False,,
Oblivion.esm,WEAP,00016BFB,SEAmberBow5,FULL,0,,,Perfect Amber Bow,완벽한 앰버 활,record,False,False,False,False,,
Oblivion.esm,WEAP,00016BFA,SEAmberBow4,FULL,0,,,Grand Amber Bow,위대한 앰버 활,record,False,False,False,False,,
Oblivion.esm,WEAP,00016BF9,SEAmberBow3,FULL,0,,,Very Fine Amber Bow,대단히 훌륭한 앰버 활,record,False,False,False,False,,
Oblivion.esm,WEAP,00016BF8,SEAmberBow2,FULL,0,,,Fine Amber Bow,훌륭한 앰버 활,record,False,False,False,False,,
Oblivion.esm,WEAP,00016BF7,SEAmberBow1,FULL,0,,,Amber Bow,앰버 활,record,False,False,False,False,,
Oblivion.esm,WEAP,000135B9,SE11MinorStaffDementia,FULL,0,,,Incomplete Staff of Sheogorath,미완성된 쉐오고라스의 스태프,record,False,False,False,False,,
Oblivion.esm,WEAP,000135B8,SE11MinorStaffMania,FULL,0,,,Incomplete Staff of Sheogorath,미완성된 쉐오고라스의 스태프,record,False,False,False,False,,
Oblivion.esm,WEAP,00013579,SE09BreathNet,FULL,0,,,Breath Net,브레스 넷,record,False,False,False,False,,
Oblivion.esm,WEAP,00013441,SE03AdventurersSword,FULL,0,,,Grommok's Blade,그로목의 검,record,False,False,False,False,,
Oblivion.esm,WEAP,00012D17,SE32SilverDaggerAbsMagicka,FULL,0,,,Dagger of Depletion,고갈의 단검,record,False,False,False,False,,
Oblivion.esm,WEAP,0000CF1F,SQ10AfterRockshatter25,FULL,0,,,Rockshatter,바위분쇄기,record,False,False,False,False,,
Oblivion.esm,WEAP,0000CF1E,SQ10AfterRockshatter20,FULL,0,,,Rockshatter,바위분쇄기,record,False,False,False,False,,
Oblivion.esm,WEAP,0000CF1D,SQ10AfterRockshatter15,FULL,0,,,Rockshatter,바위분쇄기,record,False,False,False,False,,
Oblivion.esm,WEAP,0000CF1C,SQ10AfterRockshatter10,FULL,0,,,Rockshatter,바위분쇄기,record,False,False,False,False,,
Oblivion.esm,WEAP,0000CF1B,SQ10AfterRockshatter05,FULL,0,,,Rockshatter,바위분쇄기,record,False,False,False,False,,
Oblivion.esm,WEAP,0000CF1A,SQ10AfterRockshatter01,FULL,0,,,Rockshatter,바위분쇄기,record,False,False,False,False,,
Oblivion.esm,WEAP,000055AB,WeapSteelCutlassSharp,FULL,0,,,Sharpened Cutlass,강철 커틀라스,record,False,False,False,False,,
Oblivion.esm,WEAP,00014F15,TG11ElvenMace,FULL,0,,,Ayleid Mace,에일리드 철퇴,record,False,False,False,False,,
Oblivion.esm,WEAP,00014F14,TG11ElvenLongSword,FULL,0,,,Ayleid Long Sword,에일리드 장검,record,False,False,False,False,,
Oblivion.esm,WEAP,00014EC6,SQ10Rockshatter25,FULL,0,,,Rockshatter,바위분쇄기,record,False,False,False,False,,
Oblivion.esm,WEAP,00014EC5,SQ10Rockshatter20,FULL,0,,,Rockshatter,바위분쇄기,record,False,False,False,False,,
Oblivion.esm,WEAP,00014EC4,SQ10Rockshatter10,FULL,0,,,Rockshatter,바위분쇄기,record,False,False,False,False,,
Oblivion.esm,WEAP,00014EC3,SQ10Rockshatter05,FULL,0,,,Rockshatter,바위분쇄기,record,False,False,False,False,,
Oblivion.esm,WEAP,00014EC2,SQ10Rockshatter01,FULL,0,,,Rockshatter,바위분쇄기,record,False,False,False,False,,
Oblivion.esm,WEAP,00014D6A,OBDaedricBowHatred6,FULL,0,,,Hatreds Soul,증오의 영혼,record,False,False,False,False,,
Oblivion.esm,WEAP,00014D69,OBDaedricBowHatred5,FULL,0,,,Hatreds Soul,증오의 영혼,record,False,False,False,False,,
Oblivion.esm,WEAP,00014D68,OBDaedricBowHatred4,FULL,0,,,Hatreds Soul,증오의 영혼,record,False,False,False,False,,
Oblivion.esm,WEAP,00014D67,OBDaedricBowHatred3,FULL,0,,,Hatreds Soul,증오의 영혼,record,False,False,False,False,,
Oblivion.esm,WEAP,00014D66,OBDaedricBowHatred2,FULL,0,,,Hatreds Soul,증오의 영혼,record,False,False,False,False,,
Oblivion.esm,WEAP,00014D65,OBDaedricBowHatred1,FULL,0,,,Hatreds Soul,증오의 영혼,record,False,False,False,False,,
Oblivion.esm,WEAP,00014C70,OBDaedricMaceHatred6,FULL,0,,,Hatreds Heart,증오의 심장,record,False,False,False,False,,
Oblivion.esm,WEAP,00014C6F,OBDaedricMaceHatred5,FULL,0,,,Hatreds Heart,증오의 심장,record,False,False,False,False,,
Oblivion.esm,WEAP,00014C6E,OBDaedricMaceHatred4,FULL,0,,,Hatreds Heart,증오의 심장,record,False,False,False,False,,
Oblivion.esm,WEAP,00014C6D,OBDaedricMaceHatred3,FULL,0,,,Hatreds Heart,증오의 심장,record,False,False,False,False,,
Oblivion.esm,WEAP,00014C6C,OBDaedricMaceHatred2,FULL,0,,,Hatreds Heart,증오의 심장,record,False,False,False,False,,
Oblivion.esm,WEAP,000149EF,DremoraClaymoreEnchAbsorbMagicka,FULL,0,,,Retaliation of Spirit,영혼의 보복,record,False,False,False,False,,
Oblivion.esm,WEAP,000149ED,DremoraClaymoreEnchAbsorbHealth,FULL,0,,,Retaliation of Blood,피의 보복,record,False,False,False,False,,
Oblivion.esm,WEAP,000149EC,DremoraClaymoreEnchDmgHealthAndDmgMagicka,FULL,0,,,Retribution of Treachery,배신의 보복,record,False,False,False,False,,
Oblivion.esm,WEAP,000149EA,DremoraClaymoreEnchDmgPer,FULL,0,,,Retribution of Hypocrisy,위선자의 보복,record,False,False,False,False,,
Oblivion.esm,WEAP,000149E9,DremoraClaymoreEnchDmgWil,FULL,0,,,Retribution of Hubris,오만함의 보복,record,False,False,False,False,,
Oblivion.esm,WEAP,000149E8,DremoraClaymoreEnchDmgAgi,FULL,0,,,Retribution of Rapacity,탐욕의 보복,record,False,False,False,False,,
Oblivion.esm,WEAP,000149E7,DremoraClaymoreEnchDmgStr,FULL,0,,,Retribution of Aggression,침략의 보복,record,False,False,False,False,,
Oblivion.esm,WEAP,000149E6,DremoraClaymoreEnchDrainHvyArmAndDrainLitArm,FULL,0,,,Retribution of Cowardness,비겁함의 보복,record,False,False,False,False,,
Oblivion.esm,WEAP,000149E5,DremoraClaymoreEnchParalyze,FULL,0,,,Quintessence of Remorse,후회의 정수,record,False,False,False,False,,
Oblivion.esm,WEAP,000149E2,DremoraClaymoreEnchWeakFireAndFireDmg,FULL,0,,,Oblivion's Embrace,오블리비언 포옹,record,False,False,False,False,,
Oblivion.esm,WEAP,0001496B,DremoraLongSwordEnchDrainHealthAndDrainMagicka,FULL,0,,,Penance of Faithlessness,불신의 참회,record,False,False,False,False,,
Oblivion.esm,WEAP,0001496A,DremoraLongSwordEnchDrainPerAndDrainLuc,FULL,0,,,Penance of Deception,기만의 참회,record,False,False,False,False,,
Oblivion.esm,WEAP,00014969,DremoraLongSwordEnchDrainWilAndDrainInt,FULL,0,,,Penance of Pride,자존심의 참회,record,False,False,False,False,,
Oblivion.esm,WEAP,00014968,DremoraLongSwordEnchDrainAgiAndDrainSpe,FULL,0,,,Penance of Larceny,도둑질의 참회,record,False,False,False,False,,
Oblivion.esm,WEAP,00014967,DremoraLongSwordEnchDrainStrAndDrainEnd,FULL,0,,,Penance of Hatred,증오의 참회,record,False,False,False,False,,
Oblivion.esm,WEAP,00014966,DremoraLongSwordEncDrainBladeAndDrainBlunt,FULL,0,,,Penance of Animosity,적대감의 참회,record,False,False,False,False,,
Oblivion.esm,WEAP,00014963,DremoraLongSwordEncSilence,FULL,0,,,Essence of Regret,후회의 에센스,record,False,False,False,False,,
Oblivion.esm,WEAP,00014962,DremoraLongSwordEnchWeakFireAndFireDmg,FULL,0,,,Oblivion's Caress,오블리비언 애무,record,False,False,False,False,,
Oblivion.esm,WEAP,00014961,DremoraLongSwordEnchFireDmg,FULL,0,,,Purging Flame,정화하는 불꽃,record,False,False,False,False,,
Oblivion.esm,WEAP,00014960,DremoraLongSwordEnchWeakFire,FULL,0,,,Heat of Sinfulness,죄악의 열기,record,False,False,False,False,,
Oblivion.esm,WEAP,00014954,DremoraMaceEnchDrainFatigue,FULL,0,,,Burden of Sin,죄의 짐,record,False,False,False,False,,
Oblivion.esm,WEAP,00014953,DremoraMaceEnchDrainMagicka,FULL,0,,,Burden of Agnosticism,불가지론의 짐,record,False,False,False,False,,
Oblivion.esm,WEAP,00014952,DremoraMaceEnchDrainHealth,FULL,0,,,Burden of Flesh,육체의 짐,record,False,False,False,False,,
Oblivion.esm,WEAP,00014951,DremoraMaceEnchDrainAgi,FULL,0,,,Burden of Secrecy,비밀의 짐,record,False,False,False,False,,
Oblivion.esm,WEAP,00014950,DremoraMaceEnchDrainWil,FULL,0,,,Burden of Arrogance,오만의 짐,record,False,False,False,False,,
Oblivion.esm,WEAP,0001494F,DremoraMaceEnchDrainStr,FULL,0,,,Burden of Anger,분노의 짐,record,False,False,False,False,,
Oblivion.esm,WEAP,0001494E,DremoraMaceEnchLightAndDrainIllusion,FULL,0,,,Revealer of Iniquity,죄악을 드러내는 자,record,False,False,False,False,,
Oblivion.esm,WEAP,0001494D,DremoraMaceEnchBurden,FULL,0,,,Weight of Guilt,죄책감의 무게,record,False,False,False,False,,
Oblivion.esm,WEAP,0001494C,DremoraMaceEnchFireDmg,FULL,0,,,Gift of Flame,불의 선물,record,False,False,False,False,,
Oblivion.esm,WEAP,0001493D,DremoraMaceEnchWeakFire,FULL,0,,,Nearness of Evil,악의 근접,record,False,False,False,False,,
Oblivion.esm,WEAP,00014836,OBDaedricMaceHatred1,FULL,0,,,Hatreds Heart,증오의 심장,record,False,False,False,False,,
Oblivion.esm,WEAP,000CB6F3,MS29TrentiusMace,FULL,0,,,Calliben's Grim Retort,칼리벤의 냉혹한 반박,record,False,False,False,False,,
Oblivion.esm,WEAP,000CA159,UniqueWeapCleaver,FULL,0,,,Destarine's Cleaver,데스타린의 강철 발골도끼,record,False,False,False,False,,
Oblivion.esm,WEAP,000CA158,UniqueWeaponKorbansSaber,FULL,0,,,Captain Kordan's Saber,코르단 선장의 강철 곡도,record,False,False,False,False,,
Oblivion.esm,WEAP,000CA157,UniqueClubSubmission,FULL,0,,,Truncheon of Submission,복종의 곤봉,record,False,False,False,False,,
Oblivion.esm,WEAP,000CA156,UniqueWeapBlindness,FULL,0,,,Bow of Infliction,고통의 에보니 활,record,False,False,False,False,,
Oblivion.esm,WEAP,000CA155,UniqueWeapAkavari,FULL,0,,,Akavari Warblade,아카비르제 전쟁도,record,False,False,False,False,,
Oblivion.esm,WEAP,000CA154,UniqueWeapAcid,FULL,0,,,Akavari Sunderblade,아카비르제 파쇄도,record,False,False,False,False,,
Oblivion.esm,WEAP,000CA153,UniqueStaffApotheosis,FULL,0,,,Apotheosis,최고의 진수,record,False,False,False,False,,
Oblivion.esm,WEAP,000CA152,UniqueWeapHatred,FULL,0,,,Battleaxe of Hatred,증오의 연철 전투 도끼,record,False,False,False,False,,
Oblivion.esm,WEAP,000C891F,DarkWrathDagger,FULL,0,,,Dagger of Discipline,징계의 단검,record,False,False,False,False,,
Oblivion.esm,WEAP,000C798A,ReplicaWeapEbonyShortsword,FULL,0,,,Ebony Shortsword Replica,에보니 단검 복제품,record,False,False,False,False,,
Oblivion.esm,WEAP,000C7989,ReplicaWeapGlassShortsword,FULL,0,,,Glass Shortsword Replica,글래스 숏소드 복제품,record,False,False,False,False,,
Oblivion.esm,WEAP,000C7985,ReplicaWeapElvenShortsword,FULL,0,,,Elven Shortsword Replica,엘프 단검 복제품,record,False,False,False,False,,
Oblivion.esm,WEAP,000C7979,ReplicaWeapDwarvenBow,FULL,0,,,Dwarven Bow Replica,드워프 활 복제품,record,False,False,False,False,,
Oblivion.esm,WEAP,000C7973,ReplicaWeapGlassDagger,FULL,0,,,Glass Dagger Replica,글래스 단검 복제품,record,False,False,False,False,,
Oblivion.esm,WEAP,000C7610,FGBurzGlassMace15,FULL,0,,,Burz's Glass Mace,버즈의 글래스 철퇴,record,False,False,False,False,,
Oblivion.esm,WEAP,000C760F,FGBurzGlassMace10,FULL,0,,,Burz's Glass Mace,버즈의 글래스 철퇴,record,False,False,False,False,,
Oblivion.esm,WEAP,000C760E,FGBurzGlassMace5,FULL,0,,,Burz's Glass Mace,버즈의 글래스 철퇴,record,False,False,False,False,,
Oblivion.esm,WEAP,000C561F,ReplicaWeapEbonyMace,FULL,0,,,Ebony Mace Replica,에보니 철퇴 복제품,record,False,False,False,False,,
Oblivion.esm,WEAP,000C5616,ReplicaWeapEbonyDagger,FULL,0,,,Ebony Dagger Replica,에보니 단검 복제품,record,False,False,False,False,,
Oblivion.esm,WEAP,000C5608,ReplicaWeapGlassBattleAxe,FULL,0,,,Glass Battle Axe Replica,글래스 전투 도끼 복제품,record,False,False,False,False,,
Oblivion.esm,WEAP,000C5606,ReplicaWeapDwarvenClaymore,FULL,0,,,Dwarven Claymore Replica,드워프제 클레이모어 복제품,record,False,False,False,False,,
Oblivion.esm,WEAP,000C5604,ReplicaWeapEbonyWarHammer,FULL,0,,,Ebony Warhammer Replica,에보니 전투 망치 복제품,record,False,False,False,False,,
Oblivion.esm,WEAP,000C5602,ReplicaWeapDwarvenWarAxe,FULL,0,,,Dwarven War Axe Replica,드워프 손도끼 복제품,record,False,False,False,False,,
Oblivion.esm,WEAP,000C5601,ReplicaWeapGlassLongsword,FULL,0,,,Glass Longsword Replica,글래스 장검 복제품,record,False,False,False,False,,
Oblivion.esm,WEAP,000C55FF,ReplicaWeapElvenLongSword,FULL,0,,,Elven Long Sword Replica,엘프 장검 복제품,record,False,False,False,False,,
Oblivion.esm,WEAP,000C55E4,SvenjaBow,FULL,0,,,Frostwyrm Bow,서리 웜의 활,record,False,False,False,False,,
Oblivion.esm,WEAP,000BE5E0,MS27StaffofNenalata20,FULL,0,,,Staff of Nenalata,네날라타 지팡이,record,False,False,False,False,,
Oblivion.esm,WEAP,000BE5DF,MS27StaffofNenalata15,FULL,0,,,Staff of Nenalata,네날라타 지팡이,record,False,False,False,False,,
Oblivion.esm,WEAP,000BE5DE,MS27StaffofNenalata10,FULL,0,,,Staff of Nenalata,네날라타 지팡이,record,False,False,False,False,,
Oblivion.esm,WEAP,000BE5DD,MS27StaffofNenalata05,FULL,0,,,Staff of Nenalata,네날라타 지팡이,record,False,False,False,False,,
Oblivion.esm,WEAP,000BE5DC,MS27StaffofNenalata25,FULL,0,,,Staff of Nenalata,네날라타 지팡이,record,False,False,False,False,,
Oblivion.esm,WEAP,000BE322,MQMankarCamoranStaffL18,FULL,0,,,Mankar Camoran's Staff,맨카 캐모런의 지팡이,record,False,False,False,False,,
Oblivion.esm,WEAP,000BE321,MQMankarCamoranStaffL12,FULL,0,,,Mankar Camoran's Staff,맨카 캐모런의 지팡이,record,False,False,False,False,,
Oblivion.esm,WEAP,000BE320,MQMankarCamoranStaffL6,FULL,0,,,Mankar Camoran's Staff,맨카 캐모런의 지팡이,record,False,False,False,False,,
Oblivion.esm,WEAP,000733DD,ArenaDaedricBow,FULL,0,,,Daedric Bow,데이드라 활,record,False,False,False,False,,
Oblivion.esm,WEAP,000733DC,ArenaGlassBow,FULL,0,,,Glass Bow,글래스 활,record,False,False,False,False,,
Oblivion.esm,WEAP,000733DB,ArenaDwarvenBow,FULL,0,,,Dwarven Bow,드워프 활,record,False,False,False,False,,
Oblivion.esm,WEAP,000733DA,ArenaSilverBow,FULL,0,,,Silver Bow,은제 활,record,False,False,False,False,,
Oblivion.esm,WEAP,000733D9,ArenaSteelBow,FULL,0,,,Steel Bow,강철 활,record,False,False,False,False,,
Oblivion.esm,WEAP,000733D8,ArenaDaedricLongsword,FULL,0,,,Daedric Longsword,데이드라 장검,record,False,False,False,False,,
Oblivion.esm,WEAP,000732DE,ArenaEbonyLongsword,FULL,0,,,Ebony Longsword,에보니 롱소드,record,False,False,False,False,,
Oblivion.esm,WEAP,000732DD,ArenaGlassLongsword,FULL,0,,,Glass Longsword,글래스 장검,record,False,False,False,False,,
Oblivion.esm,WEAP,000732B6,ArenaDwarvenLongSword,FULL,0,,,Dwarven Longsword,드워프 장검,record,False,False,False,False,,
Oblivion.esm,WEAP,000B0705,MQMartinSword,FULL,0,,,Longsword of Frost,냉기의 롱소드,record,False,False,False,False,,
Oblivion.esm,WEAP,00082DE4,DarkInfernalFrost,FULL,0,,,Bow of Infernal Frost,지옥 냉기의 활,record,False,False,False,False,,
Oblivion.esm,WEAP,00082DE3,DarkPerdition,FULL,0,,,Perdition's Wrath,파멸의 분노,record,False,False,False,False,,
Oblivion.esm,WEAP,0006BD85,MS29AgarmirsSword25,FULL,0,,,Debaser,변조검,record,False,False,False,False,,
Oblivion.esm,WEAP,0006BD84,MS29AgarmirsSword20,FULL,0,,,Debaser,변조검,record,False,False,False,False,,
Oblivion.esm,WEAP,0006BD83,MS29AgarmirsSword15,FULL,0,,,Debaser,변조검,record,False,False,False,False,,
Oblivion.esm,WEAP,0006BD82,MS29AgarmirsSword10,FULL,0,,,Debaser,변조검,record,False,False,False,False,,
Oblivion.esm,WEAP,0006BD81,MS29AgarmirsSword05,FULL,0,,,Debaser,변조검,record,False,False,False,False,,
Oblivion.esm,WEAP,0006B843,BaurusAkaviriLongSword,FULL,0,,,Baurus's Akaviri Katana,보러스의 아카비르 카타나,record,False,False,False,False,,
Oblivion.esm,WEAP,0006B69B,MS31BlackwaterBlade25,FULL,0,,,Blackwater Blade,블랙워터 장검,record,False,False,False,False,,
Oblivion.esm,WEAP,0006B69A,MS31BlackwaterBlade20,FULL,0,,,Blackwater Blade,블랙워터 장검,record,False,False,False,False,,
Oblivion.esm,WEAP,0006B699,MS31BlackwaterBlade15,FULL,0,,,Blackwater Blade,블랙워터 장검,record,False,False,False,False,,
Oblivion.esm,WEAP,0006B698,MS31BlackwaterBlade10,FULL,0,,,Blackwater Blade,블랙워터 장검,record,False,False,False,False,,
Oblivion.esm,WEAP,0006B697,MS31BlackwaterBlade05,FULL,0,,,Blackwater Blade,블랙워터 장검,record,False,False,False,False,,
Oblivion.esm,WEAP,0006B671,MS13StaffIndarys25,FULL,0,,,Staff of Indarys,인다리스의 지팡이,record,False,False,False,False,,
Oblivion.esm,WEAP,0006B670,MS13StaffIndarys20,FULL,0,,,Staff of Indarys,인다리스의 지팡이,record,False,False,False,False,,
Oblivion.esm,WEAP,0006B66F,MS13StaffIndarys15,FULL,0,,,Staff of Indarys,인다리스의 지팡이,record,False,False,False,False,,
Oblivion.esm,WEAP,0006B66E,MS13StaffIndarys10,FULL,0,,,Staff of Indarys,인다리스의 지팡이,record,False,False,False,False,,
Oblivion.esm,WEAP,0006B66D,MS13StaffIndarys05,FULL,0,,,Staff of Indarys,인다리스의 지팡이,record,False,False,False,False,,
Oblivion.esm,WEAP,0006B665,MS13Thornblade25,FULL,0,,,Thornblade,가시의 검,record,False,False,False,False,,
Oblivion.esm,WEAP,0006B664,MS13Thornblade20,FULL,0,,,Thornblade,가시의 검,record,False,False,False,False,,
Oblivion.esm,WEAP,0006B663,MS13Thornblade15,FULL,0,,,Thornblade,가시의 검,record,False,False,False,False,,
Oblivion.esm,WEAP,0006B662,MS13Thornblade10,FULL,0,,,Thornblade,가시의 검,record,False,False,False,False,,
Oblivion.esm,WEAP,0006B661,MS13Thornblade05,FULL,0,,,Thornblade,가시의 검,record,False,False,False,False,,
Oblivion.esm,WEAP,0006B1C4,MS04Witsplinter25,FULL,0,,,Witsplinter,위트스플린터,record,False,False,False,False,,
Oblivion.esm,WEAP,0006B1C3,MS04Witsplinter20,FULL,0,,,Witsplinter,위트스플린터,record,False,False,False,False,,
Oblivion.esm,WEAP,0006B1C2,MS04Witsplinter15,FULL,0,,,Witsplinter,위트스플린터,record,False,False,False,False,,
Oblivion.esm,WEAP,0006B1C1,MS04Witsplinter10,FULL,0,,,Witsplinter,위트스플린터,record,False,False,False,False,,
Oblivion.esm,WEAP,0006B1C0,MS04Witsplinter05,FULL,0,,,Witsplinter,위트스플린터,record,False,False,False,False,,
Oblivion.esm,WEAP,0006B1B9,MS04Witsplinter01,FULL,0,,,Witsplinter,위트스플린터,record,False,False,False,False,,
Oblivion.esm,WEAP,0006AA99,DarkCaeliaLongsword,FULL,0,,,Caelia's Steel Longsword,케일리아의 강철 장검,record,False,False,False,False,,
Oblivion.esm,WEAP,00068C01,MS18Chillrend25,FULL,0,,,Chillrend,칠렌드,record,False,False,False,False,,
Oblivion.esm,WEAP,00068C00,MS18Chillrend20,FULL,0,,,Chillrend,칠렌드,record,False,False,False,False,,
Oblivion.esm,WEAP,00068BFF,MS18Chillrend15,FULL,0,,,Chillrend,칠렌드,record,False,False,False,False,,
Oblivion.esm,WEAP,00068BFE,MS18Chillrend10,FULL,0,,,Chillrend,칠렌드,record,False,False,False,False,,
Oblivion.esm,WEAP,00068BFD,MS18Chillrend05,FULL,0,,,Chillrend,칠렌드,record,False,False,False,False,,
Oblivion.esm,WEAP,00068BFC,MS18Chillrend01,FULL,0,,,Chillrend,칠렌드,record,False,False,False,False,,
Oblivion.esm,WEAP,00066C45,CGGoblinShamanStaff,FULL,0,,,Goblin Shaman Staff,고블린 주술사 지팡이,record,False,False,False,False,,
Oblivion.esm,WEAP,00066C44,CGAkaviriLongSwordRenault,FULL,0,,,Renault's Akaviri Katana,르노의 아카비르 카타나,record,False,False,False,False,,
Oblivion.esm,WEAP,00061421,SQ10Rockshatter15,FULL,0,,,Rockshatter,바위분쇄기,record,False,False,False,False,,
Oblivion.esm,WEAP,0018ABF9,FGC06WeapSteelBow,FULL,0,,,Steel Bow,강철 활,record,False,False,False,False,,
Oblivion.esm,WEAP,0018ABF8,FGC06WeapSteelWarhammer,FULL,0,,,Steel Warhammer,강철 전투 망치,record,False,False,False,False,,
Oblivion.esm,WEAP,0018ABF7,FGC06WeapSteelLongsword,FULL,0,,,Steel Longsword,강철 장검,record,False,False,False,False,,
Oblivion.esm,WEAP,00187BC7,MQ09Akaviri2HSword15,FULL,0,,,Mishaxhi's Cleaver,미샤크시의 군도,record,False,False,False,False,,
Oblivion.esm,WEAP,00187BC6,MQ09Akaviri2HSword10,FULL,0,,,Mishaxhi's Cleaver,미샤크시의 군도,record,False,False,False,False,,
Oblivion.esm,WEAP,00187BC5,MQ09Akaviri2HSword01,FULL,0,,,Mishaxhi's Cleaver,미샤크시의 군도,record,False,False,False,False,,
Oblivion.esm,WEAP,00187BC4,MQ09AkaviriFrostSword01,FULL,0,,,Northwind,북풍,record,False,False,False,False,,
Oblivion.esm,WEAP,00187BC3,MQ09AkaviriFrostSword20,FULL,0,,,Northwind,북풍,record,False,False,False,False,,
Oblivion.esm,WEAP,00187BC2,MQ09AkaviriFrostSword15,FULL,0,,,Northwind,북풍,record,False,False,False,False,,
Oblivion.esm,WEAP,00187BC1,MQ09AkaviriFrostSword10,FULL,0,,,Northwind,북풍,record,False,False,False,False,,
Oblivion.esm,WEAP,00187BC0,MQ09Akaviri2HSword20,FULL,0,,,Mishaxhi's Cleaver,미샤크시의 군도,record,False,False,False,False,,
Oblivion.esm,WEAP,00159829,CGClub,FULL,0,,,Club,클럽,record,False,False,False,False,,
Oblivion.esm,WEAP,000E945D,MG08RewardStaffTele15,FULL,0,,,Mage's Staff of Telekinesis,마법사의 염동력 지팡이,record,False,False,False,False,,
Oblivion.esm,WEAP,000E945C,MG08RewardStaffTele10,FULL,0,,,Mage's Staff of Telekinesis,마법사의 염동력 지팡이,record,False,False,False,False,,
Oblivion.esm,WEAP,000E945B,MG08RewardStaffTele05,FULL,0,,,Mage's Staff of Telekinesis,마법사의 염동력 지팡이,record,False,False,False,False,,
Oblivion.esm,WEAP,000E945A,MG08RewardStaffST15,FULL,0,,,Mage's Staff of Soul Trap,마법사의 소울 트랩 지팡이,record,False,False,False,False,,
Oblivion.esm,WEAP,000E9459,MG08RewardStaffST10,FULL,0,,,Mage's Staff of Soul Trap,마법사의 소울 트랩 지팡이,record,False,False,False,False,,
Oblivion.esm,WEAP,000E9458,MG08RewardStaffST05,FULL,0,,,Mage's Staff of Soul Trap,마법사의 소울 트랩 지팡이,record,False,False,False,False,,
Oblivion.esm,WEAP,000E9457,MG08RewardStaffSilence15,FULL,0,,,Mage's Staff of Silence,마법사의 침묵 지팡이,record,False,False,False,False,,
Oblivion.esm,WEAP,000E9456,MG08RewardStaffSilence10,FULL,0,,,Mage's Staff of Silence,마법사의 침묵 지팡이,record,False,False,False,False,,
Oblivion.esm,WEAP,000E9455,MG08RewardStaffSilence05,FULL,0,,,Mage's Staff of Silence,마법사의 침묵 지팡이,record,False,False,False,False,,
Oblivion.esm,WEAP,000E9454,MG08RewardStaffShock15,FULL,0,,,Mage's Staff of Shock,마법사의 전격 지팡이,record,False,False,False,False,,
Oblivion.esm,WEAP,000E9453,MG08RewardStaffShock10,FULL,0,,,Mage's Staff of Shock,마법사의 전격 지팡이,record,False,False,False,False,,
Oblivion.esm,WEAP,000E9452,MG08RewardStaffShock05,FULL,0,,,Mage's Staff of Shock,마법사의 전격 지팡이,record,False,False,False,False,,
Oblivion.esm,WEAP,000E9451,MG08RewardStaffPara15,FULL,0,,,Mage's Staff of Paralysis,마법사의 마비 지팡이,record,False,False,False,False,,
Oblivion.esm,WEAP,000E9450,MG08RewardStaffPara10,FULL,0,,,Mage's Staff of Paralysis,마법사의 마비 지팡이,record,False,False,False,False,,
Oblivion.esm,WEAP,000E944F,MG08RewardStaffPara01,FULL,0,,,Mage's Staff of Paralysis,마법사의 마비 지팡이,record,False,False,False,False,,
Oblivion.esm,WEAP,000E944E,MG08RewardStaffFrost15,FULL,0,,,Mage's Staff of Frost,마법사의 냉기 지팡이,record,False,False,False,False,,
Oblivion.esm,WEAP,000E944D,MG08RewardStaffFrost10,FULL,0,,,Mage's Staff of Frost,마법사의 냉기 지팡이,record,False,False,False,False,,
Oblivion.esm,WEAP,000E944C,MG08RewardStaffFrost05,FULL,0,,,Mage's Staff of Frost,마법사의 냉기 지팡이,record,False,False,False,False,,
Oblivion.esm,WEAP,000E944B,MG08RewardStaffFire15,FULL,0,,,Mage's Staff of Fire,마법사의 화염 지팡이,record,False,False,False,False,,
Oblivion.esm,WEAP,000E944A,MG08RewardStaffFire10,FULL,0,,,Mage's Staff of Fire,마법사의 화염 지팡이,record,False,False,False,False,,
Oblivion.esm,WEAP,000E9449,MG08RewardStaffFire05,FULL,0,,,Mage's Staff of Fire,마법사의 화염 지팡이,record,False,False,False,False,,
Oblivion.esm,WEAP,000E9448,MG08RewardStaffFire01,FULL,0,,,Mage's Staff of Fire,마법사의 화염 지팡이,record,False,False,False,False,,
Oblivion.esm,WEAP,000E9447,MG08RewardStaffDispel15,FULL,0,,,Mage's Staff of Dispel,마법사의 해제 지팡이,record,False,False,False,False,,
Oblivion.esm,WEAP,000E9446,MG08RewardStaffDispel10,FULL,0,,,Mage's Staff of Dispel,마법사의 해제 지팡이,record,False,False,False,False,,
Oblivion.esm,WEAP,000E9445,MG08RewardStaffDispel05,FULL,0,,,Mage's Staff of Dispel,마법사의 해제 지팡이,record,False,False,False,False,,
Oblivion.esm,WEAP,000E9444,MG08RewardStaffCharm15,FULL,0,,,Mage's Staff of Charm,마법사의 매혹 지팡이,record,False,False,False,False,,
Oblivion.esm,WEAP,000E9443,MG08RewardStaffCharm10,FULL,0,,,Mage's Staff of Charm,마법사의 매혹 지팡이,record,False,False,False,False,,
Oblivion.esm,WEAP,000E9442,MG08RewardStaffCharm05,FULL,0,,,Mage's Staff of Charm,마법사의 매혹 지팡이,record,False,False,False,False,,
Oblivion.esm,WEAP,000E78E5,WeapAkaviriLongSwordFine,FULL,0,,,Ancient Akaviri Katana,고대 아카비르제 카타나,record,False,False,False,False,,
Oblivion.esm,WEAP,00090616,WeapIronDaggerRusty,FULL,0,,,Rusty Iron Dagger,녹슨 연철 단검,record,False,False,False,False,,
Oblivion.esm,WEAP,00090615,WeapIronShortswordRusty,FULL,0,,,Rusty Iron Shortsword,녹슨 연철 숏소드,record,False,False,False,False,,
Oblivion.esm,WEAP,00090614,WeapIronMaceRusty,FULL,0,,,Rusty Iron Mace,녹슨 연철 철퇴,record,False,False,False,False,,
Oblivion.esm,WEAP,00090613,WeapIronWarAxeRusty,FULL,0,,,Rusty Iron War Axe,녹슨 연철 손도끼,record,False,False,False,False,,
Oblivion.esm,WEAP,0008DA4A,MDMehrunesRazor,FULL,0,,,Ceremonial Dagger,의식용 단검,record,False,False,False,False,,
Oblivion.esm,WEAP,000872AB,DremoraBow3Heavy,FULL,0,,,Dremora Heavy Bow,드레모라 무거운 활,record,False,False,False,False,,
Oblivion.esm,WEAP,000872AA,DremoraBow2Normal,FULL,0,,,Dremora Bow,드레모라 활,record,False,False,False,False,,
Oblivion.esm,WEAP,000872A9,DremoraBow1Light,FULL,0,,,Dremora Light Bow,드레모라 가벼운 활,record,False,False,False,False,,
Oblivion.esm,WEAP,00058EEC,MS27StaffofNenalata01,FULL,0,,,Staff of Nenalata,네날라타 지팡이,record,False,False,False,False,,
Oblivion.esm,WEAP,00056E50,StaffofUnholyTerror,FULL,0,,,Staff of Unholy Terror,부정한 공포의 지팡이,record,False,False,False,False,,
Oblivion.esm,WEAP,000AA01F,GoblinShamanStaff,FULL,0,,,Goblin Totem Staff,고블린 토템 지팡이,record,False,False,False,False,,
Oblivion.esm,WEAP,0009DB4F,DAVolendrung,FULL,0,,,Volendrung,볼렌드렁,record,False,False,False,False,,
Oblivion.esm,WEAP,0009DAC5,WeapAkaviriLongSword2H,FULL,0,,,Akaviri Dai-Katana,아카비르제 대 카타나,record,False,False,False,False,,
Oblivion.esm,WEAP,0009D9DA,TestStaff03,FULL,0,,,TestStaff03,테스트 지팡이 03,record,False,False,False,False,,
Oblivion.esm,WEAP,000980DF,MS12RuinedAkaviriLongSword,FULL,0,,,Ruined Akaviri Katana,파괴된 아카비르 카타나,record,False,False,False,False,,
Oblivion.esm,WEAP,000977D2,ArenaSilverBattleAxe,FULL,0,,,Silver BattleAxe,은제 전투 도끼,record,False,False,False,False,,
Oblivion.esm,WEAP,000977D1,ArenaIronLongsword,FULL,0,,,Iron Longsword,연철 롱소드,record,False,False,False,False,,
Oblivion.esm,WEAP,000977D0,ArenaEbonyBow,FULL,0,,,Ebony Bow,에보니 활,record,False,False,False,False,,
Oblivion.esm,WEAP,000977CF,ArenaEbonyWarAxe,FULL,0,,,Ebony War Axe,에보니 손도끼,record,False,False,False,False,,
Oblivion.esm,WEAP,000977CE,ArenaEbonyMace,FULL,0,,,Ebony Mace,에보니 철퇴,record,False,False,False,False,,
Oblivion.esm,WEAP,000977CD,ArenaElvenLongSword,FULL,0,,,Elven Long Sword,엘프 장검,record,False,False,False,False,,
Oblivion.esm,WEAP,000977CC,ArenaElvenBow,FULL,0,,,Elven Bow,엘프 활,record,False,False,False,False,,
Oblivion.esm,WEAP,000977CB,ArenaGlassWarHammer,FULL,0,,,Glass Warhammer,글래스 전투 망치,record,False,False,False,False,,
Oblivion.esm,WEAP,000977CA,ArenaDwarvenClaymore,FULL,0,,,Dwarven Claymore,드워프제 클레이모어,record,False,False,False,False,,
Oblivion.esm,WEAP,000977C9,ArenaAkaviriLongSword,FULL,0,,,Akaviri Katana,아카비르 카타나,record,False,False,False,False,,
Oblivion.esm,WEAP,000977C8,ArenaIronWarAxe,FULL,0,,,Iron War Axe,연철 손도끼,record,False,False,False,False,,
Oblivion.esm,WEAP,000977C7,ArenaSilverLongsword,FULL,0,,,Silver Longsword,은제 롱소드,record,False,False,False,False,,
Oblivion.esm,WEAP,000977C6,ArenaIronBow,FULL,0,,,Iron Bow,연철 활,record,False,False,False,False,,
Oblivion.esm,WEAP,000977C5,ArenaSilverShortsword,FULL,0,,,Silver Shortsword,은제 숏소드,record,False,False,False,False,,
Oblivion.esm,WEAP,000977C4,ArenaSilverMace,FULL,0,,,Silver Mace,은제 철퇴,record,False,False,False,False,,
Oblivion.esm,WEAP,000977C3,ArenaSteelLongsword,FULL,0,,,Steel Longsword,강철 장검,record,False,False,False,False,,
Oblivion.esm,WEAP,00095A3F,MS93Redwave30,FULL,0,,,Redwave,붉은 물결,record,False,False,False,False,,
Oblivion.esm,WEAP,00095A3E,MS93Redwave25,FULL,0,,,Redwave,붉은 물결,record,False,False,False,False,,
Oblivion.esm,WEAP,00095A3D,MS93Redwave20,FULL,0,,,Redwave,붉은 물결,record,False,False,False,False,,
Oblivion.esm,WEAP,00095A3C,MS93Redwave15,FULL,0,,,Redwave,붉은 물결,record,False,False,False,False,,
Oblivion.esm,WEAP,00095A3B,MS93Redwave10,FULL,0,,,Redwave,붉은 물결,record,False,False,False,False,,
Oblivion.esm,WEAP,00095A3A,MS93Redwave01,FULL,0,,,Redwave,붉은 물결,record,False,False,False,False,,
Oblivion.esm,WEAP,00095A39,MS93Redwave05,FULL,0,,,Redwave,붉은 물결,record,False,False,False,False,,
Oblivion.esm,WEAP,000936B3,TestEnchantLOTR,FULL,0,,,Mace of Doom,파멸의 철퇴,record,False,False,False,False,,
Oblivion.esm,WEAP,00091905,DarkBladeWoe30,FULL,0,,,Blade of Woe,비통의 단검,record,False,False,False,False,,
Oblivion.esm,WEAP,00091904,DarkBladeWoe25,FULL,0,,,Blade of Woe,비통의 단검,record,False,False,False,False,,
Oblivion.esm,WEAP,00091903,DarkBladeWoe20,FULL,0,,,Blade of Woe,비통의 단검,record,False,False,False,False,,
Oblivion.esm,WEAP,00091902,DarkBladeWoe15,FULL,0,,,Blade of Woe,비통의 단검,record,False,False,False,False,,
Oblivion.esm,WEAP,00091901,DarkBladeWoe10,FULL,0,,,Blade of Woe,비통의 단검,record,False,False,False,False,,
Oblivion.esm,WEAP,00091900,DarkBladeWoe05,FULL,0,,,Blade of Woe,비통의 단검,record,False,False,False,False,,
Oblivion.esm,WEAP,000918FF,DarkBladeWoe01,FULL,0,,,Blade of Woe,비통의 단검,record,False,False,False,False,,
Oblivion.esm,WEAP,000914D2,StaffofBanishment,FULL,0,,,Staff of Banishment,추방의 지팡이,record,False,False,False,False,,
Oblivion.esm,WEAP,000914D1,StaffoftheHealer,FULL,0,,,Staff of the Healer,치유사의 지팡이,record,False,False,False,False,,
Oblivion.esm,WEAP,000914D0,StaffoftheMundane,FULL,0,,,Staff of the Mundane,평범함의 지팡이,record,False,False,False,False,,
Oblivion.esm,WEAP,000914CF,StaffofVulnerability,FULL,0,,,Staff of Vulnerability,취약의 지팡이,record,False,False,False,False,,
Oblivion.esm,WEAP,000914CD,StaffofDiscord,FULL,0,,,Staff of Discord,불화의 지팡이,record,False,False,False,False,,
Oblivion.esm,WEAP,000914CC,StaffofLegion,FULL,0,,,Staff of Legion,군단의 지팡이,record,False,False,False,False,,
Oblivion.esm,WEAP,000914CB,StaffofSubmission,FULL,0,,,Staff of Submission,동물 복종의 지팡이,record,False,False,False,False,,
Oblivion.esm,WEAP,000914CA,StaffofShockDamageLesser,FULL,0,,,Lesser Staff of Lightning,하급 전격의 지팡이,record,False,False,False,False,,
Oblivion.esm,WEAP,000914C9,StaffofPacification,FULL,0,,,Staff of Pacification,동물 평정의 지팡이,record,False,False,False,False,,
Oblivion.esm,WEAP,000914C8,StaffofWeakness,FULL,0,,,Staff of Weakness,신체 약화의 지팡이,record,False,False,False,False,,
Oblivion.esm,WEAP,000914C7,StaffofThunderbolts,FULL,0,,,Staff of Thunderbolts,낙뢰의 지팡이,record,False,False,False,False,,
Oblivion.esm,WEAP,000914C6,StaffofHoarfrost,FULL,0,,,Staff of Hoarfrost,흰서리의 지팡이,record,False,False,False,False,,
Oblivion.esm,WEAP,000914C5,StaffofConflagration,FULL,0,,,Staff of Conflagration,대화재의 지팡이,record,False,False,False,False,,
Oblivion.esm,WEAP,000914C4,StaffofDiminishing,FULL,0,,,Staff of Diminishing,능력치 유출의 지팡이,record,False,False,False,False,,
Oblivion.esm,WEAP,000914C3,StaffofWithering,FULL,0,,,Staff of Withering,위축의 지팡이,record,False,False,False,False,,
Oblivion.esm,WEAP,000914C2,StaffofTurnUndeadAreaGreater,FULL,0,,,Greater Staff of the Grave,상급 언데드 무덤의 지팡이,record,False,False,False,False,,
Oblivion.esm,WEAP,000914C1,StaffofTurnUndeadArea,FULL,0,,,Staff of the Grave,중급 언데드 무덤의 지팡이,record,False,False,False,False,,
Oblivion.esm,WEAP,000914C0,StaffofTurnUndeadAreaLesser,FULL,0,,,Lesser Staff of the Grave,하급 언데드 무덤의 지팡이,record,False,False,False,False,,
Oblivion.esm,WEAP,000914BF,StaffofTelekinesisGreater,FULL,0,,,Greater Staff of Telekinesis,상급 염동력의 지팡이,record,False,False,False,False,,
Oblivion.esm,WEAP,000914BE,StaffofTelekinesis,FULL,0,,,Staff of Telekinesis,중급 염동력의 지팡이,record,False,False,False,False,,
Oblivion.esm,WEAP,000914BD,StaffofTelekinesisLesser,FULL,0,,,Lesser Staff of Telekinesis,하급 염동력의 지팡이,record,False,False,False,False,,
Oblivion.esm,WEAP,000914BC,StaffofSilenceGreater,FULL,0,,,Greater Staff of Silence,상급 침묵의 지팡이,record,False,False,False,False,,
Oblivion.esm,WEAP,000914BB,StaffofSilence,FULL,0,,,Staff of Silence,중급 침묵의 지팡이,record,False,False,False,False,,
Oblivion.esm,WEAP,000914BA,StaffofSilenceLesser,FULL,0,,,Lesser Staff of Silence,하급 침묵의 지팡이,record,False,False,False,False,,
Oblivion.esm,WEAP,000914B9,StaffofShockDamageAreaGreater,FULL,0,,,Greater Staff of Storms,상급 라이트닝 스톰의 지팡이,record,False,False,False,False,,
Oblivion.esm,WEAP,000914B8,StaffofShockDamageArea,FULL,0,,,Staff of Storms,중급 라이트닝 스톰의 지팡이,record,False,False,False,False,,
Oblivion.esm,WEAP,000914B7,StaffofShockDamageAreaLesser,FULL,0,,,Lesser Staff of Storms,하급 라이트닝 스톰의 지팡이,record,False,False,False,False,,
Oblivion.esm,WEAP,000914B6,StaffofShockDamageGreater,FULL,0,,,Greater Staff of Lightning,상급 전격의 지팡이,record,False,False,False,False,,
Oblivion.esm,WEAP,000914B5,StaffofShockDamage,FULL,0,,,Staff of Lightning,중급 전격의 지팡이,record,False,False,False,False,,
Oblivion.esm,WEAP,00091338,StaffofParalyzeAreaGreater,FULL,0,,,Greater Staff of Stopping,상급 범위 마비의 지팡이,record,False,False,False,False,,
Oblivion.esm,WEAP,00091337,StaffofParalyzeArea,FULL,0,,,Staff of Paralyzing Burst,중급 범위 마비의 지팡이,record,False,False,False,False,,
Oblivion.esm,WEAP,00091336,StaffofParalyzeAreaLesser,FULL,0,,,Lesser Staff of Stopping,하급 범위 마비의 지팡이,record,False,False,False,False,,
Oblivion.esm,WEAP,00091335,StaffofOpenGreater,FULL,0,,,Greater Staff of Open,상급 잠금 해제의 지팡이,record,False,False,False,False,,
Oblivion.esm,WEAP,00091334,StaffofOpenLesser,FULL,0,,,Lesser Staff of Open,하급 잠금 해제의 지팡이,record,False,False,False,False,,
Oblivion.esm,WEAP,00091333,StaffofOpen,FULL,0,,,Staff of Open,중급 잠금 해제의 지팡이,record,False,False,False,False,,
Oblivion.esm,WEAP,00091332,StaffofLightGreater,FULL,0,,,Greater Staff of Light,상급 마법불빛의 지팡이,record,False,False,False,False,,
Oblivion.esm,WEAP,00091331,StaffofLight,FULL,0,,,Staff of Light,중급 마법불빛의 지팡이,record,False,False,False,False,,
Oblivion.esm,WEAP,00091330,StaffofLightLesser,FULL,0,,,Lesser Staff of Light,하급 마법불빛의 지팡이,record,False,False,False,False,,
Oblivion.esm,WEAP,0009132F,StaffofFrostDamageAreaGreater,FULL,0,,,Greater Staff of Ice Storm,상급 아이스 스톰의 지팡이,record,False,False,False,False,,
Oblivion.esm,WEAP,0009132E,StaffofFrostDamageArea,FULL,0,,,Staff of Ice Storm,중급 아이스 스톰의 지팡이,record,False,False,False,False,,
Oblivion.esm,WEAP,0009132D,StaffofFrostDamageAreaLesser,FULL,0,,,Lesser Staff of Ice Storm,하급 아이스 스톰의 지팡이,record,False,False,False,False,,
Oblivion.esm,WEAP,0009132C,StaffofFrostDamageGreater,FULL,0,,,Greater Staff of Frost,상급 냉기의 지팡이,record,False,False,False,False,,
Oblivion.esm,WEAP,0009132B,StaffofFrostDamage,FULL,0,,,Staff of Frost,중급 냉기의 지팡이,record,False,False,False,False,,
Oblivion.esm,WEAP,0009132A,StaffofFrostDamageLesser,FULL,0,,,Lesser Staff of Frost,하급 냉기의 지팡이,record,False,False,False,False,,
Oblivion.esm,WEAP,00091329,StaffofFireDamageAreaGreater,FULL,0,,,Greater Staff of Fireball,상급 파이어볼의 지팡이,record,False,False,False,False,,
Oblivion.esm,WEAP,00091328,StaffofFireDamageArea,FULL,0,,,Staff of Fireball,중급 파이어볼의 지팡이,record,False,False,False,False,,
Oblivion.esm,WEAP,00091327,StaffofFireDamageAreaLesser,FULL,0,,,Lesser Staff of Fireball,하급 파이어볼의 지팡이,record,False,False,False,False,,
Oblivion.esm,WEAP,00091326,StaffofFireDamageGreater,FULL,0,,,Greater Staff of Fire,상급 화염의 지팡이,record,False,False,False,False,,
Oblivion.esm,WEAP,00091325,StaffofFireDamage,FULL,0,,,Staff of Fire,중급 화염의 지팡이,record,False,False,False,False,,
Oblivion.esm,WEAP,00091324,StaffofFireDamageLesser,FULL,0,,,Lesser Staff of Fire,하급 화염의 지팡이,record,False,False,False,False,,
Oblivion.esm,WEAP,00091323,StaffofDrainWillpowerLesser,FULL,0,,,Lesser Staff of Anarchy,하급 의욕감퇴의 지팡이,record,False,False,False,False,,
Oblivion.esm,WEAP,00091322,StaffofDrainWillpowerGreater,FULL,0,,,Greater Staff of Anarchy,상급 의욕감퇴의 지팡이,record,False,False,False,False,,
Oblivion.esm,WEAP,00091321,StaffofDrainWillpower,FULL,0,,,Staff of Anarchy,중급 의욕감퇴의 지팡이,record,False,False,False,False,,
Oblivion.esm,WEAP,00091320,StaffofDrainStrengthLesser,FULL,0,,,Lesser Staff of Fragility,하급 연약함의 지팡이,record,False,False,False,False,,
Oblivion.esm,WEAP,0009131F,StaffofDrainStrengthGreater,FULL,0,,,Greater Staff of Fragility,상급 연약함의 지팡이,record,False,False,False,False,,
Oblivion.esm,WEAP,0009131E,StaffofDrainStrength,FULL,0,,,Staff of Fragility,중급 연약함의 지팡이,record,False,False,False,False,,
Oblivion.esm,WEAP,0009131D,StaffofDrainSpeedLesser,FULL,0,,,Lesser Staff of Lethargy,하급 반응저하의 지팡이,record,False,False,False,False,,
Oblivion.esm,WEAP,0009131C,StaffofDrainSpeedGreater,FULL,0,,,Greater Staff of Lethargy,상급 반응저하의 지팡이,record,False,False,False,False,,
Oblivion.esm,WEAP,0009131B,StaffofDrainSpeed,FULL,0,,,Staff of Lethargy,중급 반응저하의 지팡이,record,False,False,False,False,,
Oblivion.esm,WEAP,00091317,StaffofDrainMagickaLesser,FULL,0,,,Lesser Staff of Sundering,하급 매지카 분산의 지팡이,record,False,False,False,False,,
Oblivion.esm,WEAP,00091316,StaffofDrainMagickaGreater,FULL,0,,,Greater Staff of Sundering,상급 매지카 분산의 지팡이,record,False,False,False,False,,
Oblivion.esm,WEAP,00091315,StaffofDrainMagicka,FULL,0,,,Staff of Sundering,중급 매지카 분산의 지팡이,record,False,False,False,False,,
Oblivion.esm,WEAP,00091314,StaffofDrainLuckLesser,FULL,0,,,Lesser Staff of the Doomed,하급 재액의 지팡이,record,False,False,False,False,,
Oblivion.esm,WEAP,00091313,StaffofDrainLuckGreater,FULL,0,,,Greater Staff of the Doomed,상급 재액의 지팡이,record,False,False,False,False,,
Oblivion.esm,WEAP,00091312,StaffofDrainLuck,FULL,0,,,Staff of the Doomed,중급 재액의 지팡이,record,False,False,False,False,,
Oblivion.esm,WEAP,00091311,StaffofDrainIntelligenceLesser,FULL,0,,,Lesser Staff of the Dazed,하급 혼미함의 지팡이,record,False,False,False,False,,
Oblivion.esm,WEAP,00091310,StaffofDrainIntelligenceGreater,FULL,0,,,Greater Staff of the Dazed,상급 혼미함의 지팡이,record,False,False,False,False,,
Oblivion.esm,WEAP,0009130F,StaffofDrainIntelligence,FULL,0,,,Staff of the Dazed,중급 혼미함의 지팡이,record,False,False,False,False,,
Oblivion.esm,WEAP,0009130B,StaffofDrainFatigue,FULL,0,,,Staff of the Weary,중급 피로감 누출의 지팡이,record,False,False,False,False,,
Oblivion.esm,WEAP,0009130A,StaffofDrainFatigueGreater,FULL,0,,,Greater Staff of the Weary,상급 피로감 누출의 지팡이,record,False,False,False,False,,
Oblivion.esm,WEAP,00091309,StaffofDrainFatigueLesser,FULL,0,,,Lesser Staff of the Weary,하급 피로감 누출의 지팡이,record,False,False,False,False,,
Oblivion.esm,WEAP,00091308,StaffofDrainEnduranceGreater,FULL,0,,,Greater Staff of the Plague,상급 성가심의 지팡이,record,False,False,False,False,,
Oblivion.esm,WEAP,00091307,StaffofDrainEndurance,FULL,0,,,Staff of the Plague,중급 성가심의 지팡이,record,False,False,False,False,,
Oblivion.esm,WEAP,00091306,StaffofDrainEnduranceLesser,FULL,0,,,Lesser Staff of the Plague,하급 성가심의 지팡이,record,False,False,False,False,,
Oblivion.esm,WEAP,00091305,StaffofDrainAgilityGreater,FULL,0,,,Greater Staff of the Oaf,상급 우둔함의 지팡이,record,False,False,False,False,,
Oblivion.esm,WEAP,00091304,StaffofDrainAgility,FULL,0,,,Staff of the Oaf,중급 우둔함의 지팡이,record,False,False,False,False,,
Oblivion.esm,WEAP,00091303,StaffofDrainAgilityLesser,FULL,0,,,Lesser Staff of the Oaf,하급 우둔함의 지팡이,record,False,False,False,False,,
Oblivion.esm,WEAP,00091302,StaffofDisintegrateWeaponGreater,FULL,0,,,Greater Staff of Ruin,상급 무기 붕괴의 지팡이,record,False,False,False,False,,
Oblivion.esm,WEAP,00091301,StaffofDisintegrateWeapon,FULL,0,,,Staff of Ruin,중급 무기 붕괴의 지팡이,record,False,False,False,False,,
Oblivion.esm,WEAP,00091300,StaffofDisintegrateWeaponLesser,FULL,0,,,Lesser Staff of Ruin,하급 무기 붕괴의 지팡이,record,False,False,False,False,,
Oblivion.esm,WEAP,000912FF,StaffofDispelGreater,FULL,0,,,Greater Staff of Dispel,상급 주문 해제의 지팡이,record,False,False,False,False,,
Oblivion.esm,WEAP,000912FE,StaffofDispel,FULL,0,,,Staff of Dispel,중급 주문 해제의 지팡이,record,False,False,False,False,,
Oblivion.esm,WEAP,000912FD,StaffofDispelLesser,FULL,0,,,Lesser Staff of Dispel,하급 주문 해제의 지팡이,record,False,False,False,False,,
Oblivion.esm,WEAP,000912FC,StaffofDisintegrateArmorGreater,FULL,0,,,Greater Staff of Corrosion,상급 방어구 침식의 지팡이,record,False,False,False,False,,
Oblivion.esm,WEAP,000912FB,StaffofDisintegrateArmor,FULL,0,,,Staff of Corrosion,중급 방어구 침식의 지팡이,record,False,False,False,False,,
Oblivion.esm,WEAP,000912FA,StaffofDisintegrateArmorLesser,FULL,0,,,Lesser Staff of Corrosion,하급 방어구 침식의 지팡이,record,False,False,False,False,,
Oblivion.esm,WEAP,000912F6,StaffofDemoralizeGreater,FULL,0,,,Greater Staff of Demoralize,상급 사기 저하의 지팡이,record,False,False,False,False,,
Oblivion.esm,WEAP,000912F5,StaffofDemoralize,FULL,0,,,Staff of Demoralize,중급 사기 저하의 지팡이,record,False,False,False,False,,
Oblivion.esm,WEAP,000912F4,StaffofDemoralizeLesser,FULL,0,,,Lesser Staff of Demoralize,하급 사기 저하의 지팡이,record,False,False,False,False,,
Oblivion.esm,WEAP,000912F3,StaffofDamageWillpowerLesser,FULL,0,,,Lesser Staff of Confusion,하급 의지 혼동의 지팡이,record,False,False,False,False,,
Oblivion.esm,WEAP,000912F2,StaffofDamageWillpowerGreater,FULL,0,,,Greater Staff of Confusion,상급 의지 혼동의 지팡이,record,False,False,False,False,,
Oblivion.esm,WEAP,000912F1,StaffofDamageWillpower,FULL,0,,,Staff of Confusion,중급 의지 혼동의 지팡이,record,False,False,False,False,,
Oblivion.esm,WEAP,000912F0,StaffofDamageStrengthLesser,FULL,0,,,Lesser Staff of Frailty,하급 허약함의 지팡이,record,False,False,False,False,,
Oblivion.esm,WEAP,000912EF,StaffofDamageStrengthGreater,FULL,0,,,Greater Staff of Frailty,상급 허약함의 지팡이,record,False,False,False,False,,
Oblivion.esm,WEAP,000912EE,StaffofDamageStrength,FULL,0,,,Staff of Frailty,중급 허약함의 지팡이,record,False,False,False,False,,
Oblivion.esm,WEAP,000912ED,StaffofDamageSpeedLesser,FULL,0,,,Lesser Staff of Apathy,하급 무반응의 지팡이,record,False,False,False,False,,
Oblivion.esm,WEAP,000912EC,StaffofDamageSpeedGreater,FULL,0,,,Greater Staff of Apathy,상급 무반응의 지팡이,record,False,False,False,False,,
Oblivion.esm,WEAP,000912EB,StaffofDamageSpeed,FULL,0,,,Staff of Apathy,중급 무반응의 지팡이,record,False,False,False,False,,
Oblivion.esm,WEAP,000912EA,StaffofDamagePersonalityLesser,FULL,0,,,Lesser Staff of the Pariah,하급 따돌림의 지팡이,record,False,False,False,False,,
Oblivion.esm,WEAP,000912E9,StaffofDamagePersonalityGreater,FULL,0,,,Greater Staff of the Pariah,상급 따돌림의 지팡이,record,False,False,False,False,,
Oblivion.esm,WEAP,000912E8,StaffofDamagePersonality,FULL,0,,,Staff of the Pariah,중급 따돌림의 지팡이,record,False,False,False,False,,
Oblivion.esm,WEAP,000912E7,StaffofDamageMagickaLesser,FULL,0,,,Lesser Staff of Severing,하급 매지카 단절의 지팡이,record,False,False,False,False,,
Oblivion.esm,WEAP,000912E6,StaffofDamageMagickaGreater,FULL,0,,,Greater Staff of Severing,상급 매지카 단절의 지팡이,record,False,False,False,False,,
Oblivion.esm,WEAP,000912E5,StaffofDamageMagicka,FULL,0,,,Staff of Severing,중급 매지카 단절의 지팡이,record,False,False,False,False,,
Oblivion.esm,WEAP,000912E4,StaffofDamageLuckLesser,FULL,0,,,Lesser Staff of Catastrophe,하급 재앙의 지팡이,record,False,False,False,False,,
Oblivion.esm,WEAP,000912E3,StaffofDamageLuckGreater,FULL,0,,,Greater Staff of Catastrophe,상급 재앙의 지팡이,record,False,False,False,False,,
Oblivion.esm,WEAP,000912E2,StaffofDamageLuck,FULL,0,,,Staff of Catastrophe,중급 재앙의 지팡이,record,False,False,False,False,,
Oblivion.esm,WEAP,000912E1,StaffofDamageEnduranceGreater,FULL,0,,,Greater Staff of Weakness,상급 의지 약화의 지팡이,record,False,False,False,False,,
Oblivion.esm,WEAP,000912E0,StaffofDamageIntelligenceLesser,FULL,0,,,Lesser Staff of Feeblemind,하급 정신박약의 지팡이,record,False,False,False,False,,
Oblivion.esm,WEAP,000912DF,StaffofDamageIntelligence,FULL,0,,,Staff of Feeblemind,중급 정신박약의 지팡이,record,False,False,False,False,,
Oblivion.esm,WEAP,000912DE,StaffofDamageHealthLesser,FULL,0,,,Lesser Staff of Sickness,하급 질환의 지팡이,record,False,False,False,False,,
Oblivion.esm,WEAP,000912DD,StaffofDamageHealthGreater,FULL,0,,,Greater Staff of Sickness,상급 질환의 지팡이,record,False,False,False,False,,
Oblivion.esm,WEAP,000912DC,StaffofDamageHealth,FULL,0,,,Staff of Sickness,중급 질환의 지팡이,record,False,False,False,False,,
Oblivion.esm,WEAP,000912DB,StaffofDamageFatigueLesser,FULL,0,,,Lesser Staff of Fatigue,하급 피로감의 지팡이,record,False,False,False,False,,
Oblivion.esm,WEAP,000912DA,StaffofDamageFatigueGreater,FULL,0,,,Greater Staff of Fatigue,상급 피로감의 지팡이,record,False,False,False,False,,
Oblivion.esm,WEAP,000912D9,StaffofDamageFatigue,FULL,0,,,Staff of Fatigue,중급 피로감의 지팡이,record,False,False,False,False,,
Oblivion.esm,WEAP,000912D8,StaffofBurdenLesser,FULL,0,,,Lesser Staff of Burden,하급 무게 증가의 지팡이,record,False,False,False,False,,
Oblivion.esm,WEAP,000912D7,StaffofDamageIntelligenceGreater,FULL,0,,,Greater Staff of Feeblemind,상급 정신박약의 지팡이,record,False,False,False,False,,
Oblivion.esm,WEAP,000912D6,StaffofDamageEndurance,FULL,0,,,Staff of Weakness,중급 의지 약화의 지팡이,record,False,False,False,False,,
Oblivion.esm,WEAP,000912D5,StaffofDamageEnduranceLesser,FULL,0,,,Lesser Staff of Weakness,하급 의지 약화의 지팡이,record,False,False,False,False,,
Oblivion.esm,WEAP,000912D4,StaffofDamageAgilityGreater,FULL,0,,,Greater Staff of Blundering,상급 머뭇거림의 지팡이,record,False,False,False,False,,
Oblivion.esm,WEAP,000912D3,StaffofDamageAgility,FULL,0,,,Staff of Blundering,중급 머뭇거림의 지팡이,record,False,False,False,False,,
Oblivion.esm,WEAP,000912D2,StaffofDamageAgilityLesser,FULL,0,,,Lesser Staff of Blundering,하급 머뭇거림의 지팡이,record,False,False,False,False,,
Oblivion.esm,WEAP,000912D1,StaffofCommandHumanoidGreater,FULL,0,,,Greater Staff of Domination,상급 지배의 지팡이,record,False,False,False,False,,
Oblivion.esm,WEAP,000912D0,StaffofCommandHumanoid,FULL,0,,,Staff of Domination,중급 지배의 지팡이,record,False,False,False,False,,
Oblivion.esm,WEAP,000912CF,StaffofCommandHumanoidLesser,FULL,0,,,Lesser Staff of Domination,하급 지배의 지팡이,record,False,False,False,False,,
Oblivion.esm,WEAP,000912CE,StaffofCommandCreatureGreater,FULL,0,,,Greater Staff of Taming,상급 조련의 지팡이,record,False,False,False,False,,
Oblivion.esm,WEAP,000912CD,StaffofCommandCreature,FULL,0,,,Staff of Taming,중급 조련의 지팡이,record,False,False,False,False,,
Oblivion.esm,WEAP,000912CC,StaffofCommandCreatureLesser,FULL,0,,,Lesser Staff of Taming,하급 조련의 지팡이,record,False,False,False,False,,
Oblivion.esm,WEAP,000912C8,StaffofCharmGreater,FULL,0,,,Greater Staff of Charm,상급 매혹의 지팡이,record,False,False,False,False,,
Oblivion.esm,WEAP,000912C7,StaffofCharm,FULL,0,,,Staff of Charm,중급 매혹의 지팡이,record,False,False,False,False,,
Oblivion.esm,WEAP,000912C6,StaffofCharmLesser,FULL,0,,,Lesser Staff of Charm,하급 매혹의 지팡이,record,False,False,False,False,,
Oblivion.esm,WEAP,000912C2,StaffofCalmGreater,FULL,0,,,Greater Staff of Calm,상급 진정의 지팡이,record,False,False,False,False,,
Oblivion.esm,WEAP,000912C1,StaffofCalm,FULL,0,,,Staff of Calm,중급 진정의 지팡이,record,False,False,False,False,,
Oblivion.esm,WEAP,000912C0,StaffofCalmLesser,FULL,0,,,Lesser Staff of Calm,하급 진정의 지팡이,record,False,False,False,False,,
Oblivion.esm,WEAP,000912BF,StaffofBurdenGreater,FULL,0,,,Greater Staff of Burden,상급 무게 증가의 지팡이,record,False,False,False,False,,
Oblivion.esm,WEAP,000912BE,StaffofBurden,FULL,0,,,Staff of Burden,중급 무게 증가의 지팡이,record,False,False,False,False,,
Oblivion.esm,WEAP,000912BD,TestStaffErik,FULL,0,,,Staff,테스트 지팡이,record,False,False,False,False,,
Oblivion.esm,WEAP,000908AD,MS92SteelBlackBow,FULL,0,,,Black Bow,검은 활,record,False,False,False,False,,
Oblivion.esm,WEAP,0004F790,MS43EverscampStaff,FULL,0,,,Staff of the Everscamp,영원 스캠프의 지팡이,record,False,False,False,False,,
Oblivion.esm,WEAP,0004F03A,EnchSilverWarhammerDraMagicka,FULL,0,,,Warhammer of Sapping,매지카 탈수의 은제 전투 망치,record,False,False,False,False,,
Oblivion.esm,WEAP,0004F038,EnchSilverWaraxeDraMagicka,FULL,0,,,War Axe of Sapping,매지카 탈수의 은제 손도끼,record,False,False,False,False,,
Oblivion.esm,WEAP,0004F036,EnchGlassWarAxeSoulTrap,FULL,0,,,War Axe of Beguilement,영혼 강탈의 글래스 손도끼,record,False,False,False,False,,
Oblivion.esm,WEAP,00047ACA,CGIronBow,FULL,0,,,Rusty Iron Bow,녹슨 연철 활,record,False,False,False,False,,
Oblivion.esm,WEAP,00047AC2,CGIronDagger,FULL,0,,,Rusty Iron Dagger,녹슨 연철 단검,record,False,False,False,False,,
Oblivion.esm,WEAP,00047ABF,CGSteelShortsword,FULL,0,,,Steel Shortsword,강철 숏소드,record,False,False,False,False,,
Oblivion.esm,WEAP,0004A24E,MGStaffofWorms,FULL,0,,,Staff of Worms,벌레의 지팡이,record,False,False,False,False,,
Oblivion.esm,WEAP,000493BD,MQOcatoStaff,FULL,0,,,Staff of the Battlemage,배틀메이지의 지팡이,record,False,False,False,False,,
Oblivion.esm,WEAP,000477FC,MQMankarCamoranStaffBase,FULL,0,,,Mankar Camoran's Staff,맨카 캐모런의 지팡이,record,False,False,False,False,,
Oblivion.esm,WEAP,00047372,HrormirsIcestaff,FULL,0,,,Hrormir's Icestaff,흐로미르의 얼음 지팡이,record,False,False,False,False,,
Oblivion.esm,WEAP,0003FBCE,MS40Dagger,FULL,0,,,Enchanted Dagger,마법부여된 단검,record,False,False,False,False,,
Oblivion.esm,WEAP,0003E9C4,DremoraClaymore,FULL,0,,,Dremora Claymore,드레모라제 클레이모어,record,False,False,False,False,,
Oblivion.esm,WEAP,0003E9C3,DremoraLongSword,FULL,0,,,Dremora Longsword,드레모라 장검,record,False,False,False,False,,
Oblivion.esm,WEAP,0003E9C2,DremoraMace,FULL,0,,,Dremora Mace,드레모라 철퇴,record,False,False,False,False,,
Oblivion.esm,WEAP,0003CD09,EnchDwarvenBattleAxeDamEndurance,FULL,0,,,Battle Axe of Enfeeblement,인내 쇠퇴의 드워프제 전투 도끼,record,False,False,False,False,,
Oblivion.esm,WEAP,0003CD08,EnchElvenBowStorm,FULL,0,,,Storm Bow,폭풍의 엘프제 활,record,False,False,False,False,,
Oblivion.esm,WEAP,0003CD07,EnchSilverWarAxeGhost,FULL,0,,,Ghost Axe,유령의 은제 손도끼,record,False,False,False,False,,
Oblivion.esm,WEAP,0003CD06,EnchElvenBowBlizzard,FULL,0,,,Blizzard Bow,눈보라의 엘프제 활,record,False,False,False,False,,
Oblivion.esm,WEAP,0003CD05,EnchGlassClaymoreBoreal,FULL,0,,,Boreal,북녘,record,False,False,False,False,,
Oblivion.esm,WEAP,0003CD04,EnchElvenBowDragonsBow,FULL,0,,,Dragon's Bow,드래곤의 엘프제 활,record,False,False,False,False,,
Oblivion.esm,WEAP,0003CD02,EnchGlassShortswordWounding,FULL,0,,,Sword of Wounding,상처의 글래스 숏소드,record,False,False,False,False,,
Oblivion.esm,WEAP,0003CD01,EnchElvenClaymoreImmolator,FULL,0,,,Immolator,화형집행자,record,False,False,False,False,,
Oblivion.esm,WEAP,0003CCFF,EnchDwarvenBattleAxeHazards,FULL,0,,,Axe of Hazards,재해의 드워프제 전투 도끼,record,False,False,False,False,,
Oblivion.esm,WEAP,0003CCFE,EnchEbonyClaymoreTempest,FULL,0,,,Tempest,템페스트,record,False,False,False,False,,
Oblivion.esm,WEAP,0003BF66,EnchDwarvenWarHammerPounder,FULL,0,,,Pounder,석공의 망치,record,False,False,False,False,,
Oblivion.esm,WEAP,0003BF65,EnchIronMaceLegion,FULL,0,,,Mace of Legion,군단의 연철 철퇴,record,False,False,False,False,,
Oblivion.esm,WEAP,0003BF64,EnchGlassWarAxeIcyDarkness,FULL,0,,,Axe of Icy Darkness,싸늘한 어둠의 글래스 손도끼,record,False,False,False,False,,
Oblivion.esm,WEAP,0003BF63,EnchIronLongswordSubmission,FULL,0,,,Sword of Submission,복종의 연철 롱소드,record,False,False,False,False,,
Oblivion.esm,WEAP,0003BF62,EnchEbonyMaceVoltag,FULL,0,,,Voltag,볼타그,record,False,False,False,False,,
Oblivion.esm,WEAP,0003BF61,EnchIronDaggerPacification,FULL,0,,,Dagger of Pacification,평정의 연철 단검,record,False,False,False,False,,
Oblivion.esm,WEAP,0003BF60,EnchElvenLongSwordFieryLight,FULL,0,,,Blade of Fiery Light,타오르는 빛의 엘프제 롱소드,record,False,False,False,False,,
Oblivion.esm,WEAP,0003E45E,EnchDwarvenBattleAxeNakedAxe,FULL,0,,,Naked Axe,무방비의 드워프제 전투 도끼,record,False,False,False,False,,
Oblivion.esm,WEAP,0003E45D,EnchElvenMaceMagesMace,FULL,0,,,Mage's Mace,메이지의 엘프제 철퇴,record,False,False,False,False,,
Oblivion.esm,WEAP,0003E45C,EnchGlassDaggerThievesDagger,FULL,0,,,Thieve's Dagger,도둑의 글래스 단검,record,False,False,False,False,,
Oblivion.esm,WEAP,0003E45B,ArenaSteelLongswordGladiator,FULL,0,,,Gladiator's Sword,글래디에이터의 검,record,False,False,False,False,,
Oblivion.esm,WEAP,0003CB6B,EnchSilverWarAxeDefiler,FULL,0,,,Defiler,모독자,record,False,False,False,False,,
Oblivion.esm,WEAP,0003CB6A,EnchSilverShortswordVampiresFang,FULL,0,,,Shortsword of the Fang,송곳니의 은제 숏쇼드,record,False,False,False,False,,
Oblivion.esm,WEAP,00035C27,EnchIronBattleAxeSoulTrap,FULL,0,,,Battle Axe of Souls,영혼의 연철 전투 도끼,record,False,False,False,False,,
Oblivion.esm,WEAP,00035AB6,EnchEbonyWarHammerTurnUndead,FULL,0,,,Warhammer of the Undead,언데드 축출의 에보니 전투 망치,record,False,False,False,False,,
Oblivion.esm,WEAP,00035AB3,EnchEbonyMaceTurnUndead,FULL,0,,,Mace of the Undead,언데드 축출의 에보니 철퇴,record,False,False,False,False,,
Oblivion.esm,WEAP,00035AAE,EnchDaedricWarHammerTurnUndead,FULL,0,,,Warhammer of Holy Light,신성한 빛의 데이드라제 전투 망치,record,False,False,False,False,,
Oblivion.esm,WEAP,00035A64,EnchDaedricMaceTurnUndead,FULL,0,,,Mace of Holy Light,신성한 빛의 데이드라제 철퇴,record,False,False,False,False,,
Oblivion.esm,WEAP,00035A24,EnchGlassWarHammerTurnUndead,FULL,0,,,Warhammer of Abeyance,언데드 금제의 글래스 전투 망치,record,False,False,False,False,,
Oblivion.esm,WEAP,000359E7,EnchGlassMaceTurnUndead,FULL,0,,,Mace of Abeyance,언데드 금제의 글래스 철퇴,record,False,False,False,False,,
Oblivion.esm,WEAP,00035644,EnchElvenWarHammerTurnUndead,FULL,0,,,Warhammer of Turning,언데드 위협의 엘프제 전투 망치,record,False,False,False,False,,
Oblivion.esm,WEAP,000353D4,EnchElvenMaceTurnUndead,FULL,0,,,Mace of Turning,언데드 위협의 엘프제 철퇴,record,False,False,False,False,,
Oblivion.esm,WEAP,000353D2,EnchDwarvenWarHammerTurnUndead,FULL,0,,,Warhammer of Aversion,언데드 혐오의 드워프제 전투 망치,record,False,False,False,False,,
Oblivion.esm,WEAP,000353D1,EnchDwarvenMaceTurnUndead,FULL,0,,,Mace of Aversion,언데드 혐오의 드워프제 철퇴,record,False,False,False,False,,
Oblivion.esm,WEAP,000353D0,EnchSteelMaceTurnUndead,FULL,0,,,Mace of Warding,언데드 배제의 강철 철퇴,record,False,False,False,False,,
Oblivion.esm,WEAP,000353CF,EnchSteelWarhammerTurnUndead,FULL,0,,,Warhammer of Warding,언데드 배제의 강철 전투 망치,record,False,False,False,False,,
Oblivion.esm,WEAP,000353CE,EnchIronWarhammerTurnUndead,FULL,0,,,Warhammer of the Grave,언데드 무덤의 연철 전투 망치,record,False,False,False,False,,
Oblivion.esm,WEAP,000353CC,EnchIronMaceTurnUndead,FULL,0,,,Mace of Repelling,언데드 격퇴의 연철 철퇴,record,False,False,False,False,,
Oblivion.esm,WEAP,000353CB,EnchEbonyWarAxeSoulTrap,FULL,0,,,War Axe of Soul Snares,영혼 올가미의 에보니 손도끼,record,False,False,False,False,,
Oblivion.esm,WEAP,000353CA,EnchEbonyBattleAxeSoulTrap,FULL,0,,,Battle Axe of Soul Snares,영혼 올가미의 에보니 전투 도끼,record,False,False,False,False,,
Oblivion.esm,WEAP,000353C5,EnchDaedricWarAxeSoulTrap,FULL,0,,,War Axe of Damnation,영혼 파멸의 데이드라제 손도끼,record,False,False,False,False,,
Oblivion.esm,WEAP,000353C2,EnchDaedricBattleAxeSoulTrap,FULL,0,,,Battle Axe of Damnation,영혼 파멸의 데이드라제 전투 도끼,record,False,False,False,False,,
Oblivion.esm,WEAP,0003539C,EnchGlassBattleAxeSoulTrap,FULL,0,,,Battle Axe of Beguilement,영혼 강탈의 글래스 전투 도끼,record,False,False,False,False,,
Oblivion.esm,WEAP,0003539B,EnchElvenWarAxeSoulTrap,FULL,0,,,War Axe of Deception,영혼 기만의 엘프제 손도끼,record,False,False,False,False,,
Oblivion.esm,WEAP,0003539A,EnchElvenBattleAxeSoulTrap,FULL,0,,,Battle Axe of Deception,영혼 기만의 엘프제 전투 도끼,record,False,False,False,False,,
Oblivion.esm,WEAP,00035398,EnchDwarvenWarAxeSoulTrap,FULL,0,,,War Axe of Soul Traps,소울 트랩의 드워프제 손도끼,record,False,False,False,False,,
Oblivion.esm,WEAP,00035397,EnchDwarvenBattleAxeSoulTrap,FULL,0,,,Battle Axe of Soul Traps,소울 트랩의 드워프제 전투 도끼,record,False,False,False,False,,
Oblivion.esm,WEAP,00035396,EnchSteelWarAxeSoulTrap,FULL,0,,,War Axe of Seduction,영혼 유혹의 강철 손도끼,record,False,False,False,False,,
Oblivion.esm,WEAP,00035385,EnchSteelBattleAxeSoulTrap,FULL,0,,,Quality Battle Axe Soul Trap,고품질 소울 트랩의 강철 전투 도끼,record,False,False,False,False,,
Oblivion.esm,WEAP,0003537A,EnchIronWarAxeSoulTrap,FULL,0,,,War Axe of Souls,영혼의 연철 손도끼,record,False,False,False,False,,
Oblivion.esm,WEAP,0002C298,EnchDaedricWarHammerStorm,FULL,0,,,Warhammer of Storms,폭풍의 데이드라제 전투 망치,record,False,False,False,False,,
Oblivion.esm,WEAP,0002C296,EnchDaedricWarAxeStorm,FULL,0,,,War Axe of Storms,폭풍의 데이드라제 손도끼,record,False,False,False,False,,
Oblivion.esm,WEAP,0002C292,EnchDaedricShortswordStorm,FULL,0,,,Shortsword of Storms,폭풍의 데이드라제 숏소드,record,False,False,False,False,,
Oblivion.esm,WEAP,0002C290,EnchDaedricMaceStorm,FULL,0,,,Mace of Storms,폭풍의 데이드라제 철퇴,record,False,False,False,False,,
Oblivion.esm,WEAP,0002C28F,EnchDaedricLongswordStorm,FULL,0,,,Longsword of Storms,폭풍의 데이드라제 롱소드,record,False,False,False,False,,
Oblivion.esm,WEAP,0002C28D,EnchDaedricDaggerStorm,FULL,0,,,Dagger of Storms,폭풍의 데이드라제 단검,record,False,False,False,False,,
Oblivion.esm,WEAP,0002C289,EnchDaedricClaymoreStorm,FULL,0,,,Claymore of Storms,폭풍의 데이드라제 클레이모어,record,False,False,False,False,,
Oblivion.esm,WEAP,0002C287,EnchDaedricBowStorm,FULL,0,,,Bow of Storms,폭풍의 데이드라제 활,record,False,False,False,False,,
Oblivion.esm,WEAP,0002C286,EnchDaedricBattleAxeStorm,FULL,0,,,Battle Axe of Storms,폭풍의 데이드라제 전투 도끼,record,False,False,False,False,,
Oblivion.esm,WEAP,0002C284,EnchEbonyWarHammerStorm,FULL,0,,,Warhammer of Lightning,번개폭풍의 에보니 전투 망치,record,False,False,False,False,,
Oblivion.esm,WEAP,0002C283,EnchEbonyWarAxeStorm,FULL,0,,,War Axe of Lightning,번개폭풍의 에보니 손도끼,record,False,False,False,False,,
Oblivion.esm,WEAP,0002C281,EnchEbonyShortswordStorm,FULL,0,,,Shortsword of Lightning,번개폭풍의 에보니 숏소드,record,False,False,False,False,,
Oblivion.esm,WEAP,0002C280,EnchEbonyMaceStorm,FULL,0,,,Mace of Lightning,번개폭풍의 에보니 철퇴,record,False,False,False,False,,
Oblivion.esm,WEAP,0002C27E,EnchEbonyLongswordStorm,FULL,0,,,Longsword of Lightning,번개폭풍의 에보니 롱소드,record,False,False,False,False,,
Oblivion.esm,WEAP,0002C27D,EnchEbonyDaggerStorm,FULL,0,,,Dagger of Lightning,번개폭풍의 에보니 단검,record,False,False,False,False,,
Oblivion.esm,WEAP,0002C27B,EnchEbonyClaymoreStorm,FULL,0,,,Claymore of Lightning,번개폭풍의 에보니 클레이모어,record,False,False,False,False,,
Oblivion.esm,WEAP,0002C27A,EnchEbonyBowStorm,FULL,0,,,Bow of Lightning,번개폭풍의 에보니 활,record,False,False,False,False,,
Oblivion.esm,WEAP,0002C278,EnchEbonyBattleAxeStorm,FULL,0,,,Battle Axe of Lightning,번개폭풍의 에보니 전투 도끼,record,False,False,False,False,,
Oblivion.esm,WEAP,0002C025,EnchGlassWarHammerLightning,FULL,0,,,Warhammer of the Dynamo,기전력의 글래스 전투 망치,record,False,False,False,False,,
Oblivion.esm,WEAP,0002C020,EnchGlassWarAxeLightning,FULL,0,,,War Axe of the Dynamo,기전력의 글래스 손도끼,record,False,False,False,False,,
Oblivion.esm,WEAP,0002C00E,EnchGlassShortswordLightning,FULL,0,,,Shortsword of the Dynamo,기전력의 글래스 숏소드,record,False,False,False,False,,
Oblivion.esm,WEAP,0002C00D,EnchGlassMaceLightning,FULL,0,,,Mace of the Dynamo,기전력의 글래스 철퇴,record,False,False,False,False,,
Oblivion.esm,WEAP,0002C00C,enchGlassLongswordLightning,FULL,0,,,Longsword of the Dynamo,기전력의 글래스 롱소드,record,False,False,False,False,,
Oblivion.esm,WEAP,0002BFFD,EnchGlassDaggerLightning,FULL,0,,,Dagger of the Dynamo,기전력의 글래스 단검,record,False,False,False,False,,
Oblivion.esm,WEAP,0002BFFC,EnchGlassClaymoreLightning,FULL,0,,,Claymore of the Dynamo,기전력의 글래스 클레이모어,record,False,False,False,False,,
Oblivion.esm,WEAP,0002BFFB,EnchGlassBowLightning,FULL,0,,,Bow of the Dynamo,기전력의 글래스 활,record,False,False,False,False,,
Oblivion.esm,WEAP,0002BFFA,EnchGlassBattleAxeLightning,FULL,0,,,Battle Axe of the Dynamo,기전력의 글래스 전투 도끼,record,False,False,False,False,,
Oblivion.esm,WEAP,0002BFF9,EnchElvenWarHammerLightning,FULL,0,,,Warhammer of Voltage,전압의 엘프제 전투 망치,record,False,False,False,False,,
Oblivion.esm,WEAP,0002BFF8,EnchElvenWarAxeLightning,FULL,0,,,War Axe of Voltage,전압의 엘프제 손도끼,record,False,False,False,False,,
Oblivion.esm,WEAP,0002BFF7,EnchElvenShortswordLightning,FULL,0,,,Shortsword of Voltage,전압의 엘프제 숏소드,record,False,False,False,False,,
Oblivion.esm,WEAP,0002BFF6,EnchElvenMaceLightning,FULL,0,,,Mace of Voltage,전압의 엘프제 철퇴,record,False,False,False,False,,
Oblivion.esm,WEAP,0002BFF5,EnchElvenLongSwordLightning,FULL,0,,,Long Sword of Voltage,전압의 엘프제 롱소드,record,False,False,False,False,,
Oblivion.esm,WEAP,0002BFF4,EnchElvenDaggerLightning,FULL,0,,,Dagger of Voltage,전압의 엘프제 단검,record,False,False,False,False,,
Oblivion.esm,WEAP,0002BFF3,EnchElvenClaymoreLightning,FULL,0,,,Claymore of Voltage,전압의 엘프제 클레이모어,record,False,False,False,False,,
Oblivion.esm,WEAP,0002BEB2,EnchElvenBowLightning,FULL,0,,,Bow of Voltage,전압의 엘프제 활,record,False,False,False,False,,
Oblivion.esm,WEAP,0002BDDD,EnchElvenBattleAxeLightning,FULL,0,,,Battle Axe of Voltage,전압의 엘프제 전투 도끼,record,False,False,False,False,,
Oblivion.esm,WEAP,0002BD6B,EnchDwarvenWarHammerBolt,FULL,0,,,Warhammer of Shocking,정전기의 드워프제 전투 망치,record,False,False,False,False,,
Oblivion.esm,WEAP,0002BD0F,EnchDwarvenWarAxeBolt,FULL,0,,,War Axe of Shocking,정전기의 드워프제 손도끼,record,False,False,False,False,,
Oblivion.esm,WEAP,0002BB17,EnchDwarvenShortSwordBolt,FULL,0,,,Shortsword of Shocking,정전기의 드워프제 숏소드,record,False,False,False,False,,
Oblivion.esm,WEAP,0002BAAA,EnchDwarvenMaceBolt,FULL,0,,,Mace of Shocking,정전기의 드워프제 철퇴,record,False,False,False,False,,
Oblivion.esm,WEAP,0002B8DD,EnchDwarvenLongSwordBolt,FULL,0,,,Longsword of Shocking,정전기의 드워프제 롱소드,record,False,False,False,False,,
Oblivion.esm,WEAP,0002B8D9,EnchDwarvenDaggerBolt,FULL,0,,,Dagger of Shocking,정전기의 드워프제 단검,record,False,False,False,False,,
Oblivion.esm,WEAP,0002B8D8,EnchDwarvenClaymoreBolt,FULL,0,,,Claymore of Shocking,정전기의 드워프제 클레이모어,record,False,False,False,False,,
Oblivion.esm,WEAP,0002B8D7,EnchDwarvenBowBolt,FULL,0,,,Bow of Shocking,정전기의 드워프제 활,record,False,False,False,False,,
Oblivion.esm,WEAP,0002B8D6,EnchDwarvenBattleAxeBolt,FULL,0,,,Battle Axe of Shocking,정전기의 드워프제 전투 도끼,record,False,False,False,False,,
Oblivion.esm,WEAP,0002B58C,EnchSteelWarhammerSpark,FULL,0,,,Warhammer of Jolts,전기충격의 강철 전투 망치,record,False,False,False,False,,
Oblivion.esm,WEAP,0002B58B,EnchSteelWarAxeSpark,FULL,0,,,War Axe of Jolts,전기충격의 강철 손도끼,record,False,False,False,False,,
Oblivion.esm,WEAP,0002B58A,EnchSteelMaceSpark,FULL,0,,,Mace of Jolts,전기충격의 강철 철퇴,record,False,False,False,False,,
Oblivion.esm,WEAP,0002B589,EnchSteelLongswordSpark,FULL,0,,,Longsword of Jolts,전기충격의 강철 롱소드,record,False,False,False,False,,
Oblivion.esm,WEAP,0002B588,EnchSteelDaggerSpark,FULL,0,,,Dagger of Jolts,전기충격의 강철 단검,record,False,False,False,False,,
Oblivion.esm,WEAP,0002B586,EnchSteelClaymoreSpark,FULL,0,,,Claymore of Jolts,전기충격의 강철 클레이모어,record,False,False,False,False,,
Oblivion.esm,WEAP,0002B585,EnchSteelBowSpark,FULL,0,,,Bow of Jolts,전기충격의 강철 활,record,False,False,False,False,,
Oblivion.esm,WEAP,0002B573,EnchSteelBattleAxeSpark,FULL,0,,,Quality Battle Axe Spark,고품질 전격의 강철 전투 도끼,record,False,False,False,False,,
Oblivion.esm,WEAP,0002B572,EnchIronWarhammerSpark,FULL,0,,,Warhammer of Sparks,전격의 연철 전투 망치,record,False,False,False,False,,
Oblivion.esm,WEAP,0002B571,EnchIronWarAxeSpark,FULL,0,,,War Axe of Sparks,전격의 연철 손도끼,record,False,False,False,False,,
Oblivion.esm,WEAP,0002B567,EnchIronShortswordSpark,FULL,0,,,Shortsword of Sparks,전격의 연철 숏소드,record,False,False,False,False,,
Oblivion.esm,WEAP,0002B566,EnchIronMaceSpark,FULL,0,,,Mace of Sparks,전격의 연철 철퇴,record,False,False,False,False,,
Oblivion.esm,WEAP,0002B565,EnchIronLongswordSpark,FULL,0,,,Longsword of Sparks,전격의 연철 롱소드,record,False,False,False,False,,
Oblivion.esm,WEAP,0002B564,EnchIronDaggerSpark,FULL,0,,,Dagger of Sparks,전격의 연철 단검,record,False,False,False,False,,
Oblivion.esm,WEAP,0002B563,EnchIronClaymoreSpark,FULL,0,,,Claymore of Sparks,전격의 연철 클레이모어,record,False,False,False,False,,
Oblivion.esm,WEAP,0002B562,EnchIronBowSpark,FULL,0,,,Bow of Sparks,전격의 연철 활,record,False,False,False,False,,
Oblivion.esm,WEAP,0002B561,EnchIronBattleAxeSpark,FULL,0,,,Battle Axe of Sparks,전격의 연철 전투 도끼,record,False,False,False,False,,
Oblivion.esm,WEAP,0002B560,EnchDaedricDaggerParalyze,FULL,0,,,Dagger of Paralysis,마비의 데이드라제 단검,record,False,False,False,False,,
Oblivion.esm,WEAP,0002B55F,EnchEbonyShortswordParalyze,FULL,0,,,Shortsword of Paralysis,마비의 에보니 숏소드,record,False,False,False,False,,
Oblivion.esm,WEAP,0002B559,EnchGlassBowSilence,FULL,0,,,Bow of Silence,침묵의 글래스 활,record,False,False,False,False,,
Oblivion.esm,WEAP,0002B558,EnchEbonyBowSilence,FULL,0,,,Bow of Quietus,고요함의 에보니 활,record,False,False,False,False,,
Oblivion.esm,WEAP,000230E4,EnchDaedricWarHammerBlizzard,FULL,0,,,Warhammer of Winter,겨울눈보라의 데이드라제 전투 망치,record,False,False,False,False,,
Oblivion.esm,WEAP,000230E3,EnchDaedricWarAxeBlizzard,FULL,0,,,War Axe of Winter,겨울눈보라의 데이드라제 손도끼,record,False,False,False,False,,
Oblivion.esm,WEAP,000230E2,EnchDaedricShortswordBlizzard,FULL,0,,,Shortsword of Winter,겨울눈보라의 데이드라제 숏소드,record,False,False,False,False,,
Oblivion.esm,WEAP,000230E1,EnchDaedricMaceBlizzard,FULL,0,,,Mace of Winter,겨울눈보라의 데이드라제 철퇴,record,False,False,False,False,,
Oblivion.esm,WEAP,000230E0,EnchDaedricLongswordBlizzard,FULL,0,,,Longsword of Winter,겨울눈보라의 데이드라제 롱소드,record,False,False,False,False,,
Oblivion.esm,WEAP,000230DF,EnchDaedricDaggerBlizzard,FULL,0,,,Dagger of Winter,겨울눈보라의 데이드라제 단검,record,False,False,False,False,,
Oblivion.esm,WEAP,000230DE,EnchDaedricClaymoreBlizzard,FULL,0,,,Claymore of Winter,겨울눈보라의 데이드라제 클레이모어,record,False,False,False,False,,
Oblivion.esm,WEAP,000230DD,EnchDaedricBowBlizzard,FULL,0,,,Bow of Winter,겨울눈보라의 데이드라제 활,record,False,False,False,False,,
Oblivion.esm,WEAP,000230D9,EnchDaedricBattleAxeBlizzard,FULL,0,,,Battle Axe of Winter,겨울눈보라의 데이드라제 전투 도끼,record,False,False,False,False,,
Oblivion.esm,WEAP,000230D3,EnchEbonyWarHammerBlizzard,FULL,0,,,Warhammer of Blizzards,눈보라의 에보니 전투 망치,record,False,False,False,False,,
Oblivion.esm,WEAP,000230AD,EnchEbonyWarAxeBlizzard,FULL,0,,,War Axe of Blizzards,눈보라의 에보니 손도끼,record,False,False,False,False,,
Oblivion.esm,WEAP,000230AC,EnchEbonyShortswordBlizzard,FULL,0,,,Shortsword of Blizzards,눈보라의 에보니 숏소드,record,False,False,False,False,,
Oblivion.esm,WEAP,000230AB,EnchEbonyMaceBlizzard,FULL,0,,,Mace of Blizzards,눈보라의 에보니 철퇴,record,False,False,False,False,,
Oblivion.esm,WEAP,000230A6,EnchEbonyLongswordBlizzard,FULL,0,,,Longsword of Blizzards,눈보라의 에보니 롱소드,record,False,False,False,False,,
Oblivion.esm,WEAP,00023098,EnchEbonyDaggerBlizzard,FULL,0,,,Dagger of Blizzards,눈보라의 에보니 단검,record,False,False,False,False,,
Oblivion.esm,WEAP,00023095,EnchEbonyClaymoreBlizzard,FULL,0,,,Claymore of Blizzards,눈보라의 에보니 클레이모어,record,False,False,False,False,,
Oblivion.esm,WEAP,0002308D,EnchEbonyBowBlizzard,FULL,0,,,Bow of Blizzards,눈보라의 에보니 활,record,False,False,False,False,,
Oblivion.esm,WEAP,0002308B,EnchEbonyBattleAxeBlizzard,FULL,0,,,Battle Axe of Blizzards,눈보라의 에보니 전투 도끼,record,False,False,False,False,,
Oblivion.esm,WEAP,00023087,EnchGlassWarHammerPolar,FULL,0,,,Warhammer of the Glacier,빙하의 글래스 전투 망치,record,False,False,False,False,,
Oblivion.esm,WEAP,00023003,EnchGlassWarAxePolar,FULL,0,,,War Axe of the Glacier,빙하의 글래스 손도끼,record,False,False,False,False,,
Oblivion.esm,WEAP,00022EBD,EnchGlassShortswordPolar,FULL,0,,,Shortsword of the Glacier,빙하의 글래스 숏소드,record,False,False,False,False,,
Oblivion.esm,WEAP,00022A2F,EnchGlassMacePolar,FULL,0,,,Mace of the Glacier,빙하의 글래스 철퇴,record,False,False,False,False,,
Oblivion.esm,WEAP,00022A2E,EnchGlassLongswordPolar,FULL,0,,,Longsword of the Glacier,빙하의 글래스 롱소드,record,False,False,False,False,,
Oblivion.esm,WEAP,00022A2C,EnchGlassDaggerPolar,FULL,0,,,Dagger of the Glacier,빙하의 글래스 단검,record,False,False,False,False,,
Oblivion.esm,WEAP,00022A2B,EnchGlassClaymorePolar,FULL,0,,,Claymore of the Glacier,빙하의 글래스 클레이모어,record,False,False,False,False,,
Oblivion.esm,WEAP,00022854,EnchGlassBowPolar,FULL,0,,,Bow of the Glacier,빙하의 글래스 활,record,False,False,False,False,,
Oblivion.esm,WEAP,00022738,EnchGlassBattleAxePolar,FULL,0,,,Battle Axe of the Glacier,빙하의 글래스 전투 도끼,record,False,False,False,False,,
Oblivion.esm,WEAP,00022650,EnchElvenWarHammerPolar,FULL,0,,,Warhammer of Freezing,빙결의 엘프제 전투 망치,record,False,False,False,False,,
Oblivion.esm,WEAP,00022647,EnchElvenWarAxePolar,FULL,0,,,War Axe of Freezing,빙결의 엘프제 손도끼,record,False,False,False,False,,
Oblivion.esm,WEAP,00022643,EnchElvenShortswordPolar,FULL,0,,,Shortsword of Freezing,빙결의 엘프제 숏소드,record,False,False,False,False,,
Oblivion.esm,WEAP,00022642,EnchElvenMacePolar,FULL,0,,,Mace of Freezing,빙결의 엘프제 철퇴,record,False,False,False,False,,
Oblivion.esm,WEAP,0002263D,EnchElvenLongSwordPolar,FULL,0,,,Long Sword of Freezing,빙결의 엘프제 롱소드,record,False,False,False,False,,
Oblivion.esm,WEAP,000225FC,EnchElvenDaggerPolar,FULL,0,,,Dagger of Freezing,빙결의 엘프제 단검,record,False,False,False,False,,
Oblivion.esm,WEAP,000225F6,EnchElvenClaymorePolar,FULL,0,,,Claymore of Freezing,빙결의 엘프제 클레이모어,record,False,False,False,False,,
Oblivion.esm,WEAP,000225DA,EnchElvenBowPolar,FULL,0,,,Bow of Freezing,빙결의 엘프제 활,record,False,False,False,False,,
Oblivion.esm,WEAP,000225D9,EnchElvenBattleAxePolar,FULL,0,,,Battle Axe of Freezing,빙결의 엘프제 전투 도끼,record,False,False,False,False,,
Oblivion.esm,WEAP,000225D8,EnchDwarvenWarHammerFreeze,FULL,0,,,Warhammer of Cold,추위의 드워프제 전투 망치,record,False,False,False,False,,
Oblivion.esm,WEAP,000225B4,EnchDwarvenWarAxeFreeze,FULL,0,,,War Axe of Cold,추위의 드워프제 손도끼,record,False,False,False,False,,
Oblivion.esm,WEAP,0002259C,EnchDwarvenShortSwordFreeze,FULL,0,,,Shortsword of Cold,추위의 드워프제 숏소드,record,False,False,False,False,,
Oblivion.esm,WEAP,0002258C,EnchDwarvenMaceFreeze,FULL,0,,,Mace of Cold,추위의 드워프제 철퇴,record,False,False,False,False,,
Oblivion.esm,WEAP,00022580,EnchDwarvenLongSwordFreeze,FULL,0,,,Longsword of Cold,추위의 드워프제 롱소드,record,False,False,False,False,,
Oblivion.esm,WEAP,0002257F,EnchDwarvenDaggerFreeze,FULL,0,,,Dagger of Cold,추위의 드워프제 단검,record,False,False,False,False,,
Oblivion.esm,WEAP,0002224D,EnchDwarvenClaymoreFreeze,FULL,0,,,Claymore of Cold,추위의 드워프제 클레이모어,record,False,False,False,False,,
Oblivion.esm,WEAP,000220F6,EnchDwarvenBowFreeze,FULL,0,,,Bow of Cold,추위의 드워프제 활,record,False,False,False,False,,
Oblivion.esm,WEAP,000220A8,EnchDwarvenBattleAxeFreeze,FULL,0,,,Battle Axe of Cold,추위의 드워프제 전투 도끼,record,False,False,False,False,,
Oblivion.esm,WEAP,0003DB91,EnchIronBowShiver,FULL,0,,,Bow of Frost,냉기의 연철 활,record,False,False,False,False,,
Oblivion.esm,WEAP,0003DB8F,EnchIronBattleAxeShiver,FULL,0,,,Battle Axe of Frost,냉기의 연철 전투 도끼,record,False,False,False,False,,
Oblivion.esm,WEAP,0003DB82,EnchSteelWarhammerShiver,FULL,0,,,Warhammer of Numbing,무감각의 강철 전투 망치,record,False,False,False,False,,
Oblivion.esm,WEAP,0003DB81,EnchSteelWarAxeShiver,FULL,0,,,War Axe of Numbing,무감각의 강철 손도끼,record,False,False,False,False,,
Oblivion.esm,WEAP,0003DB80,EnchSteelShortswordShiver,FULL,0,,,Shortsword of Numbing,무감각의 강철 숏소드,record,False,False,False,False,,
Oblivion.esm,WEAP,0003DB7F,EnchSteelMaceShiver,FULL,0,,,Mace of Numbing,무감각의 강철 철퇴,record,False,False,False,False,,
Oblivion.esm,WEAP,0003DB7E,EnchSteelLongswordShiver,FULL,0,,,Longsword of Numbing,무감각의 강철 롱소드,record,False,False,False,False,,
Oblivion.esm,WEAP,0003DB7D,EnchSteelDaggerShiver,FULL,0,,,Dagger of Numbing,무감각의 강철 단검,record,False,False,False,False,,
Oblivion.esm,WEAP,0003DB7C,EnchSteelClaymoreShiver,FULL,0,,,Claymore of Numbing,무감각의 강철 클레이모어,record,False,False,False,False,,
Oblivion.esm,WEAP,0003DB7B,EnchSteelBowShiver,FULL,0,,,Bow of Numbing,무감각의 강철 활,record,False,False,False,False,,
Oblivion.esm,WEAP,0003DB7A,EnchSteelBattleAxeShiver,FULL,0,,,Quality Battle Axe Shiver,고품질 전율의 강철 전투 도끼,record,False,False,False,False,,
Oblivion.esm,WEAP,0003DB79,EnchIronWarhammerShiver,FULL,0,,,Warhammer of Frost,냉기의 연철 전투 망치,record,False,False,False,False,,
Oblivion.esm,WEAP,0003DB78,EnchIronWarAxeShiver,FULL,0,,,War Axe of Frost,냉기의 연철 손도끼,record,False,False,False,False,,
Oblivion.esm,WEAP,0003DB77,EnchIronShortswordShiver,FULL,0,,,Shortsword of Frost,냉기의 연철 숏소드,record,False,False,False,False,,
Oblivion.esm,WEAP,0003DB76,EnchIronMaceShiver,FULL,0,,,Mace of Frost,냉기의 연철 철퇴,record,False,False,False,False,,
Oblivion.esm,WEAP,0003DB75,EnchIronLongswordShiver,FULL,0,,,Longsword of Frost,냉기의 연철 롱소드,record,False,False,False,False,,
Oblivion.esm,WEAP,0003DB74,EnchIronDaggerShiver,FULL,0,,,Dagger of Frost,냉기의 연철 단검,record,False,False,False,False,,
Oblivion.esm,WEAP,0003DB73,EnchIronClaymoreShiver,FULL,0,,,Claymore of Frost,냉기의 연철 클레이모어,record,False,False,False,False,,
Oblivion.esm,WEAP,0003DB26,EnchDaedricWarHammerScorch,FULL,0,,,Warhammer of the Inferno,지옥불의 데이드라제 전투 망치,record,False,False,False,False,,
Oblivion.esm,WEAP,0003DB25,EnchDaedricWarAxeScorch,FULL,0,,,War Axe of the Inferno,지옥불의 데이드라제 손도끼,record,False,False,False,False,,
Oblivion.esm,WEAP,0003DB24,EnchDaedricShortswordScorch,FULL,0,,,Shortsword of the Inferno,지옥불의 데이드라제 숏소드,record,False,False,False,False,,
Oblivion.esm,WEAP,0003DB23,EnchDaedricMaceScorch,FULL,0,,,Mace of the Inferno,지옥불의 데이드라제 철퇴,record,False,False,False,False,,
Oblivion.esm,WEAP,0003DB22,EnchDaedricLongswordScorch,FULL,0,,,Longsword of the Inferno,지옥불의 데이드라제 롱소드,record,False,False,False,False,,
Oblivion.esm,WEAP,0003DB21,EnchDaedricDaggerScorch,FULL,0,,,Dagger of the Inferno,지옥불의 데이드라제 단검,record,False,False,False,False,,
Oblivion.esm,WEAP,0003DB20,EnchDaedricClaymoreScorch,FULL,0,,,Claymore of the Inferno,지옥불의 데이드라제 클레이모어,record,False,False,False,False,,
Oblivion.esm,WEAP,0003DB1F,EnchDaedricBowScorch,FULL,0,,,Bow of the Inferno,지옥불의 데이드라제 활,record,False,False,False,False,,
Oblivion.esm,WEAP,0003DB1E,EnchDaedricBattleAxeScorch,FULL,0,,,Battle Axe of the Inferno,지옥불의 데이드라제 전투 도끼,record,False,False,False,False,,
Oblivion.esm,WEAP,0003DB1D,EnchEbonyWarHammerScorch,FULL,0,,,Warhammer of the Blaze,불길의 에보니 전투 망치,record,False,False,False,False,,
Oblivion.esm,WEAP,0003DB1C,EnchEbonyWarAxeScorch,FULL,0,,,War Axe of the Blaze,불길의 에보니 손도끼,record,False,False,False,False,,
Oblivion.esm,WEAP,0003DB1B,EnchEbonyShortswordScorch,FULL,0,,,Shortsword of the Blaze,불길의 에보니 숏소드,record,False,False,False,False,,
Oblivion.esm,WEAP,0003DB1A,EnchEbonyMaceScorch,FULL,0,,,Mace of the Blaze,불길의 에보니 철퇴,record,False,False,False,False,,
Oblivion.esm,WEAP,0003DB19,EnchEbonyLongswordScorch,FULL,0,,,Longsword of the Blaze,불길의 에보니 롱소드,record,False,False,False,False,,
Oblivion.esm,WEAP,0003DB18,EnchEbonyDaggerScorch,FULL,0,,,Dagger of the Blaze,불길의 에보니 단검,record,False,False,False,False,,
Oblivion.esm,WEAP,0003DB17,EnchEbonyClaymoreScorch,FULL,0,,,Claymore of the Blaze,불길의 에보니 클레이모어,record,False,False,False,False,,
Oblivion.esm,WEAP,0003DB16,EnchEbonyBowScorch,FULL,0,,,Bow of the Blaze,불길의 에보니 활,record,False,False,False,False,,
Oblivion.esm,WEAP,0003DB15,EnchEbonyBattleAxeScorch,FULL,0,,,Battle Axe of the Blaze,불길의 에보니 전투 도끼,record,False,False,False,False,,
Oblivion.esm,WEAP,0003DB14,EnchGlassWarHammerBlaze,FULL,0,,,Warhammer of Fire,화염불길의 글래스 전투 망치,record,False,False,False,False,,
Oblivion.esm,WEAP,0003DB13,EnchGlassWarAxeBlaze,FULL,0,,,War Axe of Fire,화염불길의 글래스 손도끼,record,False,False,False,False,,
Oblivion.esm,WEAP,0003DB12,EnchGlassShortswordBlaze,FULL,0,,,Shortsword of Fire,화염불길의 글래스 숏소드,record,False,False,False,False,,
Oblivion.esm,WEAP,0003DB11,EnchGlassMaceBlaze,FULL,0,,,Mace of Fire,화염불길의 글래스 철퇴,record,False,False,False,False,,
Oblivion.esm,WEAP,0003DB10,EnchGlassLongswordBlaze,FULL,0,,,Longsword of Fire,화염불길의 글래스 롱소드,record,False,False,False,False,,
Oblivion.esm,WEAP,0003DB0F,EnchGlassDaggerBlaze,FULL,0,,,Dagger of Fire,화염불길의 글래스 단검,record,False,False,False,False,,
Oblivion.esm,WEAP,0003DB0E,EnchGlassClaymoreBlaze,FULL,0,,,Claymore of Fire,화염불길의 글래스 클레이모어,record,False,False,False,False,,
Oblivion.esm,WEAP,0003DB0D,EnchGlassBowBlaze,FULL,0,,,Bow of Fire,화염불길의 글래스 활,record,False,False,False,False,,
Oblivion.esm,WEAP,0003DB0C,EnchGlassBattleAxeBlaze,FULL,0,,,Battle Axe of Fire,화염불길의 글래스 전투 도끼,record,False,False,False,False,,
Oblivion.esm,WEAP,0003DB0B,EnchElvenWarHammerBlaze,FULL,0,,,Warhammer of Flames,불길의 엘프제 전투 망치,record,False,False,False,False,,
Oblivion.esm,WEAP,0003DB0A,EnchElvenWarAxeBlaze,FULL,0,,,War Axe of Flames,불길의 엘프제 손도끼,record,False,False,False,False,,
Oblivion.esm,WEAP,0003DB09,EnchElvenShortswordBlaze,FULL,0,,,Shortsword of Flames,불길의 엘프제 숏소드,record,False,False,False,False,,
Oblivion.esm,WEAP,0003DB08,EnchElvenMaceBlaze,FULL,0,,,Mace of Flames,불길의 엘프제 철퇴,record,False,False,False,False,,
Oblivion.esm,WEAP,0003DB07,EnchElvenLongSwordBlaze,FULL,0,,,Long Sword of Flames,불길의 엘프제 롱소드,record,False,False,False,False,,
Oblivion.esm,WEAP,0003DB06,EnchElvenDaggerBlaze,FULL,0,,,Dagger of Flames,불길의 엘프제 단검,record,False,False,False,False,,
Oblivion.esm,WEAP,0003DB05,EnchElvenClaymoreBlaze,FULL,0,,,Claymore of Flames,불길의 엘프제 클레이모어,record,False,False,False,False,,
Oblivion.esm,WEAP,0003DB04,EnchElvenBowBlaze,FULL,0,,,Bow of Flames,불길의 엘프제 활,record,False,False,False,False,,
Oblivion.esm,WEAP,0003DB03,EnchElvenBattleAxeBlaze,FULL,0,,,Battle Axe of Flames,불길의 엘프제 전투 도끼,record,False,False,False,False,,
Oblivion.esm,WEAP,0003DB02,EnchDwarvenWarHammerFlame,FULL,0,,,Warhammer of Scorching,작열의 드워프제 전투 망치,record,False,False,False,False,,
Oblivion.esm,WEAP,0003DB01,EnchDwarvenWarAxeFlame,FULL,0,,,War Axe of Scorching,작열의 드워프제 손도끼,record,False,False,False,False,,
Oblivion.esm,WEAP,0003DB00,EnchDwarvenShortSwordFlame,FULL,0,,,Shortsword of Scorching,작열의 드워프제 숏소드,record,False,False,False,False,,
Oblivion.esm,WEAP,0003DAFF,EnchDwarvenMaceFlame,FULL,0,,,Mace of Scorching,작열의 드워프제 철퇴,record,False,False,False,False,,
Oblivion.esm,WEAP,0003DAFE,EnchDwarvenLongSwordFlame,FULL,0,,,Longsword of Scorching,작열의 드워프제 롱소드,record,False,False,False,False,,
Oblivion.esm,WEAP,0003DAFD,EnchDwarvenDaggerFlame,FULL,0,,,Dagger of Scorching,작열의 드워프제 단검,record,False,False,False,False,,
Oblivion.esm,WEAP,0003DAFC,EnchDwarvenClaymoreFlame,FULL,0,,,Claymore of Scorching,작열의 드워프제 클레이모어,record,False,False,False,False,,
Oblivion.esm,WEAP,0003DAFB,EnchDwarvenBowFlame,FULL,0,,,Bow of Scorching,작열의 드워프제 활,record,False,False,False,False,,
Oblivion.esm,WEAP,0003DAFA,EnchDwarvenBattleAxeFlame,FULL,0,,,Battle Axe of Scorching,작열의 드워프제 전투 도끼,record,False,False,False,False,,
Oblivion.esm,WEAP,0003DAF9,EnchSteelWarhammerEmber,FULL,0,,,Warhammer of Burning,타오름의 강철 전투 망치,record,False,False,False,False,,
Oblivion.esm,WEAP,0003DAF8,EnchSteelWarAxeEmber,FULL,0,,,War Axe of Burning,타오름의 강철 손도끼,record,False,False,False,False,,
Oblivion.esm,WEAP,0003DAF7,EnchSteelShortswordEmber,FULL,0,,,Shortsword of Burning,타오름의 강철 숏소드,record,False,False,False,False,,
Oblivion.esm,WEAP,0003DAF6,EnchSteelMaceEmber,FULL,0,,,Mace of Burning,타오름의 강철 철퇴,record,False,False,False,False,,
Oblivion.esm,WEAP,0003DAF5,EnchSteelLongswordEmber,FULL,0,,,Longsword of Burning,타오름의 강철 롱소드,record,False,False,False,False,,
Oblivion.esm,WEAP,0003DAF4,EnchSteelDaggerEmber,FULL,0,,,Dagger of Burning,타오름의 강철 단검,record,False,False,False,False,,
Oblivion.esm,WEAP,0003DAF3,EnchSteelClaymoreEmber,FULL,0,,,Claymore of Burning,타오름의 강철 클레이모어,record,False,False,False,False,,
Oblivion.esm,WEAP,0003DAF2,EnchSteelBowEmber,FULL,0,,,Bow of Burning,타오름의 강철 활,record,False,False,False,False,,
Oblivion.esm,WEAP,0003DAF1,EnchSteelBattleAxeEmber,FULL,0,,,Quality Battle Axe Ember,고품질 잉걸불의 강철 전투 도끼,record,False,False,False,False,,
Oblivion.esm,WEAP,0003DAF0,EnchIronWarhammerEmber,FULL,0,,,Warhammer of Embers,잉걸불의 연철 전투 망치,record,False,False,False,False,,
Oblivion.esm,WEAP,0003DAEF,EnchIronWarAxeEmber,FULL,0,,,War Axe of Embers,잉걸불의 연철 손도끼,record,False,False,False,False,,
Oblivion.esm,WEAP,0003DAEE,EnchIronShortswordEmber,FULL,0,,,Shortsword of Embers,잉걸불의 연철 숏소드,record,False,False,False,False,,
Oblivion.esm,WEAP,0003DAED,EnchIronMaceEmber,FULL,0,,,Mace of Embers,잉걸불의 연철 철퇴,record,False,False,False,False,,
Oblivion.esm,WEAP,0003DAEC,EnchIronLongswordEmber,FULL,0,,,Longsword of Embers,잉걸불의 연철 롱소드,record,False,False,False,False,,
Oblivion.esm,WEAP,0003DAEB,EnchIronDaggerEmber,FULL,0,,,Dagger of Embers,잉걸불의 연철 단검,record,False,False,False,False,,
Oblivion.esm,WEAP,0003DAEA,EnchIronClaymoreEmber,FULL,0,,,Claymore of Embers,잉걸불의 연철 클레이모어,record,False,False,False,False,,
Oblivion.esm,WEAP,0003DAE9,EnchIronBowEmber,FULL,0,,,Bow of Embers,잉걸불의 연철 활,record,False,False,False,False,,
Oblivion.esm,WEAP,0003DAE7,EnchIronBattleAxeEmber,FULL,0,,,Battle Axe of Embers,잉걸불의 연철 전투 도끼,record,False,False,False,False,,
Oblivion.esm,WEAP,0003D7EB,EnchElvenShortswordDraMagicka,FULL,0,,,Shortsword of Depletion,매지카 고갈의 엘프제 숏소드,record,False,False,False,False,,
Oblivion.esm,WEAP,0003D7EA,EnchElvenLongSwordDraMagicka,FULL,0,,,Long Sword of Depletion,매지카 고갈의 엘프제 롱소드,record,False,False,False,False,,
Oblivion.esm,WEAP,0003D7E9,EnchElvenDaggerDraMagicka,FULL,0,,,Dagger of Depletion,매지카 고갈의 엘프제 단검,record,False,False,False,False,,
Oblivion.esm,WEAP,0003D7E8,EnchElvenClaymoreDraMagicka,FULL,0,,,Claymore of Depletion,매지카 고갈의 엘프제 클레이모어,record,False,False,False,False,,
Oblivion.esm,WEAP,0003D7E7,EnchSilverShortswordDraMagicka,FULL,0,,,Shortsword of Sapping,매지카 탈수의 은제 숏소드,record,False,False,False,False,,
Oblivion.esm,WEAP,0003D7E6,EnchSilverMaceDraMagicka,FULL,0,,,Mace of Sapping,매지카 탈수의 은제 철퇴,record,False,False,False,False,,
Oblivion.esm,WEAP,0003D7E5,EnchSilverLongswordDraMagicka,FULL,0,,,Longsword of Sapping,매지카 탈수의 은제 롱소드,record,False,False,False,False,,
Oblivion.esm,WEAP,0003D7E4,EnchSilverDaggerDraMagicka,FULL,0,,,Dagger of Sapping,매지카 탈수의 은제 단검,record,False,False,False,False,,
Oblivion.esm,WEAP,0003D7E3,EnchSilverClaymoreDraMagicka,FULL,0,,,Claymore of Sapping,매지카 탈수의 은제 클레이모어,record,False,False,False,False,,
Oblivion.esm,WEAP,0003D7E2,EnchSilverBattleAxeDraMagicka,FULL,0,,,Battle Axe of Sapping,매지카 탈수의 은제 전투 도끼,record,False,False,False,False,,
Oblivion.esm,WEAP,0003D7E1,EnchDwarvenShortSwordDraHealth,FULL,0,,,Shortsword of Pain,고통의 드워프제 숏소드,record,False,False,False,False,,
Oblivion.esm,WEAP,0003D7E0,EnchDwarvenLongSwordDraHealth,FULL,0,,,Longsword of Pain,고통의 드워프제 롱소드,record,False,False,False,False,,
Oblivion.esm,WEAP,0003D7DF,EnchDwarvenDaggerDraHealth,FULL,0,,,Dagger of Pain,고통의 드워프제 단검,record,False,False,False,False,,
Oblivion.esm,WEAP,0003D7DE,EnchDwarvenClaymoreDraHealth,FULL,0,,,Claymore of Pain,고통의 드워프제 클레이모어,record,False,False,False,False,,
Oblivion.esm,WEAP,0003D7DD,EnchIronShortswordDraFatigue,FULL,0,,,Shortsword of Weariness,피로감의 연철 숏소드,record,False,False,False,False,,
Oblivion.esm,WEAP,0003D7DC,EnchIronLongswordDraFatigue,FULL,0,,,Longsword of Weariness,피로감의 연철 롱소드,record,False,False,False,False,,
Oblivion.esm,WEAP,0003D7DB,EnchIronDaggerDraFatigue,FULL,0,,,Dagger of Weariness,피로감의 연철 단검,record,False,False,False,False,,
Oblivion.esm,WEAP,0003D7DA,EnchIronClaymoreDraFatigue,FULL,0,,,Claymore of Weariness,피로감의 연철 클레이모어,record,False,False,False,False,,
Oblivion.esm,WEAP,0003D7D9,EnchSteelWarhammerDraStrength,FULL,0,,,Warhammer of Diminishing,근력 유출의 강철 전투 망치,record,False,False,False,False,,
Oblivion.esm,WEAP,0003D7D8,EnchSteelWarAxeDraLuck,FULL,0,,,War Axe of Diminishing,행운 유출의 강철 손도끼,record,False,False,False,False,,
Oblivion.esm,WEAP,0003D7D7,EnchSteelShortswordDraSpeed,FULL,0,,,Shortsword of Diminishing,속력 유출의 강철 숏소드,record,False,False,False,False,,
Oblivion.esm,WEAP,0003D7D6,EnchSteelMaceDraWillpower,FULL,0,,,Mace of Diminishing,의지 유출의 강철 철퇴,record,False,False,False,False,,
Oblivion.esm,WEAP,0003D7D5,EnchSteelLongswordDraAgility,FULL,0,,,Longsword of Diminishing,민첩 유출의 강철 롱소드,record,False,False,False,False,,
Oblivion.esm,WEAP,0003D7D4,EnchSteelDaggerDraIntelligence,FULL,0,,,Dagger of Diminishing,지능 유출의 강철 단검,record,False,False,False,False,,
Oblivion.esm,WEAP,0003D7D3,EnchSteelBattleAxeDraEndurance,FULL,0,,,Battle Axe of Diminishing,인내 유출의 강철 전투 도끼,record,False,False,False,False,,
Oblivion.esm,WEAP,0003D7D2,EnchSilverWarhammerDispel,FULL,0,,,Warhammer of Dispel,주문 해제의 은제 전투 망치,record,False,False,False,False,,
Oblivion.esm,WEAP,0003D7D1,EnchSilverWarAxeDispel,FULL,0,,,War Axe of Dispel,주문 해제의 은제 손도끼,record,False,False,False,False,,
Oblivion.esm,WEAP,0003D7D0,EnchSilverShortswordDispel,FULL,0,,,Shortsword of Dispel,주문 해제의 은제 숏소드,record,False,False,False,False,,
Oblivion.esm,WEAP,0003D7CF,EnchSilverMaceDispel,FULL,0,,,Mace of Dispel,주문 해제의 은제 철퇴,record,False,False,False,False,,
Oblivion.esm,WEAP,0003D7CE,EnchSilverLongswordDispel,FULL,0,,,Longsword of Dispel,주문 해제의 은제 롱소드,record,False,False,False,False,,
Oblivion.esm,WEAP,0003D7CD,EnchSilverDaggerDispel,FULL,0,,,Dagger of Dispel,주문 해제의 은제 단검,record,False,False,False,False,,
Oblivion.esm,WEAP,0003D7CC,EnchSilverClaymoreDispel,FULL,0,,,Claymore of Dispel,주문 해제의 은제 클레이모어,record,False,False,False,False,,
Oblivion.esm,WEAP,0003D7CB,EnchSilverBattleAxeDispel,FULL,0,,,Battle Axe of Dispel,주문 해제의 은제 전투 도끼,record,False,False,False,False,,
Oblivion.esm,WEAP,0003D7CA,EnchDaedricShortswordDisWeapon,FULL,0,,,Shortsword of Disintegration,무기 분쇄의 데이드라제 숏소드,record,False,False,False,False,,
Oblivion.esm,WEAP,0003D7C9,EnchDaedricLongswordDisWeapon,FULL,0,,,Longsword of Disintegration,무기 분쇄의 데이드라제 롱소드,record,False,False,False,False,,
Oblivion.esm,WEAP,0003D7C8,EnchDaedricDaggerDisWeapon,FULL,0,,,Dagger of Disintegration,무기 분쇄의 데이드라제 단검,record,False,False,False,False,,
Oblivion.esm,WEAP,0003D7C7,EnchDaedricClaymoreDisWeapon,FULL,0,,,Claymore of Disintegration,무기 분쇄의 데이드라제 클레이모어,record,False,False,False,False,,
Oblivion.esm,WEAP,0003D7C6,EnchEbonyShortswordDisWeapon,FULL,0,,,Shortsword of Shattering,무기 분열의 에보니 숏소드,record,False,False,False,False,,
Oblivion.esm,WEAP,0003D7C5,EnchEbonyLongswordDisWeapon,FULL,0,,,Longsword of Shattering,무기 분열의 에보니 롱소드,record,False,False,False,False,,
Oblivion.esm,WEAP,0003D7C4,EnchEbonyDaggerDisWeapon,FULL,0,,,Dagger of Shattering,무기 분열의 에보니 단검,record,False,False,False,False,,
Oblivion.esm,WEAP,0003D7C3,EnchEbonyClaymoreDisWeapon,FULL,0,,,Claymore of Shattering,무기 분열의 에보니 클레이모어,record,False,False,False,False,,
Oblivion.esm,WEAP,0003D7C2,EnchGlassShortswordDisWeapon,FULL,0,,,Shortsword of Fracturing,무기 파쇄의 글래스 숏소드,record,False,False,False,False,,
Oblivion.esm,WEAP,0003D7C1,EnchGlassLongswordDisWeapon,FULL,0,,,Longsword of Fracturing,무기 파쇄의 글래스 롱소드,record,False,False,False,False,,
Oblivion.esm,WEAP,0003D7C0,EnchGlassDaggerDisWeapon,FULL,0,,,Dagger of Fracturing,무기 파쇄의 글래스 단검,record,False,False,False,False,,
Oblivion.esm,WEAP,0003D7BF,EnchGlassClaymoreDisWeapon,FULL,0,,,Claymore of Fracturing,무기 파쇄의 글래스 클레이모어,record,False,False,False,False,,
Oblivion.esm,WEAP,0003D7BE,EnchElvenShortswordDisWeapon,FULL,0,,,Shortsword of Brittleness,무기 분해의 엘프제 숏소드,record,False,False,False,False,,
Oblivion.esm,WEAP,0003D7BD,EnchElvenLongSwordDisWeapon,FULL,0,,,Long Sword of Brittleness,무기 분해의 엘프제 롱소드,record,False,False,False,False,,
Oblivion.esm,WEAP,0003D7BC,EnchElvenDaggerDisWeapon,FULL,0,,,Dagger of Brittleness,무기 분해의 엘프제 단검,record,False,False,False,False,,
Oblivion.esm,WEAP,0003D7BB,EnchElvenClaymoreDisWeapon,FULL,0,,,Claymore of Brittleness,무기 분해의 엘프제 클레이모어,record,False,False,False,False,,
Oblivion.esm,WEAP,0003D7BA,EnchDwarvenShortSwordDisWeapon,FULL,0,,,Shortsword of Fragments,무기 열화의 드워프제 숏소드,record,False,False,False,False,,
Oblivion.esm,WEAP,0003D7B9,EnchDwarvenLongSwordDisWeapon,FULL,0,,,Longsword of Fragments,무기 열화의 드워프제 롱소드,record,False,False,False,False,,
Oblivion.esm,WEAP,0003D7B8,EnchDwarvenClaymoreDisWeapon,FULL,0,,,Claymore of Fragments,무기 열화의 드워프제 클레이모어,record,False,False,False,False,,
Oblivion.esm,WEAP,0003D7B7,EnchDwarvenDaggerDisWeapon,FULL,0,,,Dagger of Fragments,무기 열화의 드워프제 단검,record,False,False,False,False,,
Oblivion.esm,WEAP,0003B40F,EnchEbonyWarAxeDisArmor,FULL,0,,,War Axe of Rending,방어구 분열의 에보니 손도끼,record,False,False,False,False,,
Oblivion.esm,WEAP,0003B40E,EnchEbonyBattleAxeDisArmor,FULL,0,,,Battle Axe of Rending,방어구 분열의 에보니 전투 도끼,record,False,False,False,False,,
Oblivion.esm,WEAP,0003B40D,EnchDaedricWarAxeDisArmor,FULL,0,,,War Axe of Putrification,방어구 분쇄의 데이드라제 손도끼,record,False,False,False,False,,
Oblivion.esm,WEAP,0003B40C,EnchDaedricBattleAxeDisArmor,FULL,0,,,Battle Axe of Putrification,방어구 분쇄의 데이드라제 전투 도끼,record,False,False,False,False,,
Oblivion.esm,WEAP,0003B40B,EnchGlassWarAxeDisArmor,FULL,0,,,War Axe of Fracturing,방어구 파쇄의 글래스 손도끼,record,False,False,False,False,,
Oblivion.esm,WEAP,0003B40A,EnchElvenBattleAxeDisArmor,FULL,0,,,Battle Axe of Dissolution,방어구 분해의 엘프제 전투 도끼,record,False,False,False,False,,
Oblivion.esm,WEAP,0003B409,EnchElvenWarAxeDisArmor,FULL,0,,,War Axe of Dissolution,방어구 분해의 엘프제 손도끼,record,False,False,False,False,,
Oblivion.esm,WEAP,0003B408,EnchDwarvenWarAxeDisArmor,FULL,0,,,War Axe of Decay,방어구 열화의 드워프제 손도끼,record,False,False,False,False,,
Oblivion.esm,WEAP,0003B407,EnchDwarvenBattleAxeDisArmor,FULL,0,,,Battle Axe of Decay,방어구 열화의 드워프제 전투 도끼,record,False,False,False,False,,
Oblivion.esm,WEAP,0003B406,EnchDaedricWarHammerAbsMagicka,FULL,0,,,Warhammer of Transmogrify,주문 변형의 데이드라제 전투 망치,record,False,False,False,False,,
Oblivion.esm,WEAP,0003B405,EnchDaedricWarAxeAbsMagicka,FULL,0,,,War Axe of Transmogrify,주문 변형의 데이드라제 손도끼,record,False,False,False,False,,
Oblivion.esm,WEAP,0003B404,EnchDaedricMaceAbsMagicka,FULL,0,,,Mace of Transmogrify,주문 변형의 데이드라제 철퇴,record,False,False,False,False,,
Oblivion.esm,WEAP,0003B403,EnchDaedricBattleAxeAbsMagicka,FULL,0,,,Battle Axe of Transmogrify,주문 변형의 데이드라제 전투 도끼,record,False,False,False,False,,
Oblivion.esm,WEAP,0003B402,EnchEbonyBattleAxeAbsHealth,FULL,0,,,Battle Axe of Feeding,흡혈의 에보니 전투 도끼,record,False,False,False,False,,
Oblivion.esm,WEAP,0003B401,EnchEbonyWarAxeAbsHealth,FULL,0,,,War Axe of Feeding,흡혈의 에보니 손도끼,record,False,False,False,False,,
Oblivion.esm,WEAP,0003B400,EnchElvenWarAxeAbsFatigue,FULL,0,,,War Axe of Siphoning,피로도 흡수의 엘프제 손도끼,record,False,False,False,False,,
Oblivion.esm,WEAP,0003B3FF,EnchElvenBattleAxeAbsFatigue,FULL,0,,,Battle Axe of Siphoning,피로도 흡수의 엘프제 전투 도끼,record,False,False,False,False,,
Oblivion.esm,WEAP,0003B375,WeapClub,FULL,0,,,Club,곤봉,record,False,False,False,False,,
Oblivion.esm,WEAP,0003AF0F,EnchEbonyWarHammerDisArmor,FULL,0,,,Warhammer of Rending,방어구 분열의 에보니 전투 망치,record,False,False,False,False,,
Oblivion.esm,WEAP,0003AF0E,EnchEbonyMaceDisArmor,FULL,0,,,Mace of Rending,방어구 분열의 에보니 철퇴,record,False,False,False,False,,
Oblivion.esm,WEAP,0003AF0D,EnchDaedricMaceDisArmor,FULL,0,,,Mace of Putrification,방어구 분쇄의 데이드라제 철퇴,record,False,False,False,False,,
Oblivion.esm,WEAP,0003AF0C,EnchDaedricWarHammerDisArmor,FULL,0,,,Warhammer of Putrification,방어구 분쇄의 데이드라제 전투 망치,record,False,False,False,False,,
Oblivion.esm,WEAP,0003AF0B,EnchGlassWarHammerDisArmor,FULL,0,,,Warhammer of Fracturing,방어구 파쇄의 글래스 전투 망치,record,False,False,False,False,,
Oblivion.esm,WEAP,0003AF0A,EnchGlassMaceDisArmor,FULL,0,,,Mace of Fracturing,방어구 파쇄의 글래스 철퇴,record,False,False,False,False,,
Oblivion.esm,WEAP,0003AF09,EnchElvenWarHammerDisArmor,FULL,0,,,Warhammer of Dissolution,방어구 분해의 엘프제 전투 망치,record,False,False,False,False,,
Oblivion.esm,WEAP,0003AF08,EnchElvenMaceDisArmor,FULL,0,,,Mace of Dissolution,방어구 분해의 엘프제 철퇴,record,False,False,False,False,,
Oblivion.esm,WEAP,0003AF07,EnchDwarvenMaceDisArmor,FULL,0,,,Mace of Decay,방어구 열화의 드워프제 철퇴,record,False,False,False,False,,
Oblivion.esm,WEAP,0003AF06,EnchDwarvenWarHammerDisArmor,FULL,0,,,Warhammer of Decay,방어구 열화의 드워프제 전투 망치,record,False,False,False,False,,
Oblivion.esm,WEAP,0003AC89,EnchElvenBowDemoralize,FULL,0,,,Bow of Gloom,음울함의 엘프제 활,record,False,False,False,False,,
Oblivion.esm,WEAP,0003AC88,EnchDwarvenBowDemoralize,FULL,0,,,Bow of Despair,절망의 드워프제 활,record,False,False,False,False,,
Oblivion.esm,WEAP,0003AB87,EnchEbonyBowDamMagicka,FULL,0,,,Bow of Curses,매지카 저주의 에보니 활,record,False,False,False,False,,
Oblivion.esm,WEAP,0003AB75,EnchSilverClaymoreAbsMagicka,FULL,0,,,Claymore of Depletion,매지카 고갈의 은제 클레이모어,record,False,False,False,False,,
Oblivion.esm,WEAP,0003AB74,EnchSilverClaymoreDamMagicka,FULL,0,,,Claymore of Jinxing,매지카 불운의 은제 클레이모어,record,False,False,False,False,,
Oblivion.esm,WEAP,0003AB73,EnchSilverMaceDamMagicka,FULL,0,,,Mace of Jinxing,매지카 불운의 은제 철퇴,record,False,False,False,False,,
Oblivion.esm,WEAP,0003AB72,EnchSilverWaraxeDamMagicka,FULL,0,,,War Axe of Jinxing,매지카 불운의 은제 손도끼,record,False,False,False,False,,
Oblivion.esm,WEAP,0003AB71,EnchSilverShortswordDamMagicka,FULL,0,,,Shortsword of Jinxing,매지카 불운의 은제 숏소드,record,False,False,False,False,,
Oblivion.esm,WEAP,0003AB70,EnchSilverLongswordDamMagicka,FULL,0,,,Longsword of Jinxing,매지카 불운의 은제 롱소드,record,False,False,False,False,,
Oblivion.esm,WEAP,0003AB6F,EnchSilverBattleaxeDamMagicka,FULL,0,,,Battle Axe of Jinxing,매지카 불운의 은제 전투 도끼,record,False,False,False,False,,
Oblivion.esm,WEAP,0003AB6E,EnchSilverDaggerDamMagicka,FULL,0,,,Dagger of Jinxing,매지카 불운의 은제 단검,record,False,False,False,False,,
Oblivion.esm,WEAP,0003AB6D,EnchSilverWarhammerDamMagicka,FULL,0,,,Warhammer of Jinxing,매지카 불운의 은제 전투 망치,record,False,False,False,False,,
Oblivion.esm,WEAP,0003AB6C,EnchGlassBowDamHealth,FULL,0,,,Bow of Harm,상처의 글래스 활,record,False,False,False,False,,
Oblivion.esm,WEAP,0003AB6B,EnchDwarvenBowDamFatigue,FULL,0,,,Bow of Weariness,피로감의 드워프제 활,record,False,False,False,False,,
Oblivion.esm,WEAP,0003AB44,EnchElvenWaraxeDamLuck,FULL,0,,,War Axe of Weakness,행운 약화의 엘프제 손도끼,record,False,False,False,False,,
Oblivion.esm,WEAP,0003AB43,EnchElvenBattleaxeDamEndurance,FULL,0,,,Battle Axe of Weakness,인내 약화의 엘프제 전투 도끼,record,False,False,False,False,,
Oblivion.esm,WEAP,0003AB42,EnchElvenShortswordDamSpeed,FULL,0,,,Shortsword of Weakness,속력 약화의 엘프제 숏소드,record,False,False,False,False,,
Oblivion.esm,WEAP,0003AB41,EnchElvenLongswordDamAgility,FULL,0,,,Longsword of Weakness,민첩 약화의 엘프제 롱소드,record,False,False,False,False,,
Oblivion.esm,WEAP,0003AB40,EnchElvenMaceDamWillpower,FULL,0,,,Mace of Weakness,의지 약화의 엘프제 철퇴,record,False,False,False,False,,
Oblivion.esm,WEAP,0003AB3F,EnchElvenDaggerDamIntelligence,FULL,0,,,Dagger of Weakness,지능 약화의 엘프제 단검,record,False,False,False,False,,
Oblivion.esm,WEAP,0003AB3E,EnchElvenWarhammerDamStrength,FULL,0,,,Warhammer of Weakness,근력 약화의 엘프제 전투 망치,record,False,False,False,False,,
Oblivion.esm,WEAP,0003AA82,WeapSteelCutlass,FULL,0,,,Steel Cutlass,강철 커틀라스,record,False,False,False,False,,
Oblivion.esm,WEAP,0003A867,WeapIronWarhammerFine,FULL,0,,,Fine Iron Warhammer,고급 연철 전투 망치,record,False,False,False,False,,
Oblivion.esm,WEAP,0003A866,WeapIronWarAxeFine,FULL,0,,,Fine Iron War Axe,고급 연철 손도끼,record,False,False,False,False,,
Oblivion.esm,WEAP,0003A865,WeapIronShortswordFine,FULL,0,,,Fine Iron Shortsword,고급 연철 숏소드,record,False,False,False,False,,
Oblivion.esm,WEAP,0003A864,WeapIronMaceFine,FULL,0,,,Fine Iron Mace,고급 연철 철퇴,record,False,False,False,False,,
Oblivion.esm,WEAP,0003A863,WeapIronLongswordFine,FULL,0,,,Fine Iron Longsword,고급 연철 장검,record,False,False,False,False,,
Oblivion.esm,WEAP,0003A862,WeapIronDaggerFine,FULL,0,,,Fine Iron Dagger,고급 연철 단검,record,False,False,False,False,,
Oblivion.esm,WEAP,0003A861,WeapIronClaymoreFine,FULL,0,,,Fine Iron Claymore,고급 연철 클레이모어,record,False,False,False,False,,
Oblivion.esm,WEAP,0003A860,WeapIronBowFine,FULL,0,,,Fine Iron Bow,고급 연철 활,record,False,False,False,False,,
Oblivion.esm,WEAP,0003A85F,WeapIronBattleAxeFine,FULL,0,,,Fine Iron Battle Axe,고급 연철 전투 도끼,record,False,False,False,False,,
Oblivion.esm,WEAP,0003A85E,WeapSteelWarhammerFine,FULL,0,,,Fine Steel Warhammer,고급 강철 전투 망치,record,False,False,False,False,,
Oblivion.esm,WEAP,0003A85D,WeapSteelWarAxeFine,FULL,0,,,Fine Steel War Axe,고급 강철 손도끼,record,False,False,False,False,,
Oblivion.esm,WEAP,0003A85C,WeapSteelShortswordFine,FULL,0,,,Fine Steel Shortsword,고급 강철 숏소드,record,False,False,False,False,,
Oblivion.esm,WEAP,0003A85B,WeapSteelMaceFine,FULL,0,,,Fine Steel Mace,고급 강철 철퇴,record,False,False,False,False,,
Oblivion.esm,WEAP,0003A85A,WeapSteelLongswordFine,FULL,0,,,Fine Steel Longsword,고급 강철 장검,record,False,False,False,False,,
Oblivion.esm,WEAP,0003A859,WeapSteelDaggerFine,FULL,0,,,Fine Steel Dagger,고급 강철 단검,record,False,False,False,False,,
Oblivion.esm,WEAP,0003A858,WeapSteelClaymoreFine,FULL,0,,,Fine Steel Claymore,고급 강철 클레이모어,record,False,False,False,False,,
Oblivion.esm,WEAP,0003A857,WeapSteelBowFine,FULL,0,,,Fine Steel Bow,고급 강철 활,record,False,False,False,False,,
Oblivion.esm,WEAP,0003A856,WeapSteelBattleAxeFine,FULL,0,,,Fine Steel Battle Axe,고급 강철 전투 도끼,record,False,False,False,False,,
Oblivion.esm,WEAP,000389EB,EnchDwarvenWaraxeDamLuck,FULL,0,,,War Axe of Enfeeblement,행운 쇠퇴의 드워프제 손도끼,record,False,False,False,False,,
Oblivion.esm,WEAP,000389EA,EnchDwarvenWarhammerDamStrength,FULL,0,,,Warhammer of Enfeeblement,근력 쇠퇴의 드워프제 전투 망치,record,False,False,False,False,,
Oblivion.esm,WEAP,000389E9,EnchDwarvenMaceDamWillpower,FULL,0,,,Mace of Enfeeblement,의지 쇠퇴의 드워프제 철퇴,record,False,False,False,False,,
Oblivion.esm,WEAP,000389E8,EnchDwarvenLongswordDamAgility,FULL,0,,,Longsword of Enfeeblement,민첩 쇠퇴의 드워프제 롱소드,record,False,False,False,False,,
Oblivion.esm,WEAP,000389E7,EnchDwarvenShortswordDamSpeed,FULL,0,,,Shortsword of Enfeeblement,속력 쇠퇴의 드워프제 숏소드,record,False,False,False,False,,
Oblivion.esm,WEAP,000389E6,EnchDwarvenDaggerDamIntelligence,FULL,0,,,Dagger of Enfeeblement,지능 쇠퇴의 드워프제 단검,record,False,False,False,False,,
Oblivion.esm,WEAP,000387BE,EnchDaedricMaceBurden,FULL,0,,,Mace of Deadweight,중압의 데이드라제 철퇴,record,False,False,False,False,,
Oblivion.esm,WEAP,000387BD,EnchDaedricWarhammerBurden,FULL,0,,,Warhammer of Deadweight,중압의 데이드라제 전투 망치,record,False,False,False,False,,
Oblivion.esm,WEAP,000387BC,EnchEbonyMaceBurden,FULL,0,,,Mace of Excess,과잉의 에보니 철퇴,record,False,False,False,False,,
Oblivion.esm,WEAP,000387BB,EnchEbonyWarhammerBurden,FULL,0,,,Warhammer of Excess,과잉의 에보니 전투 망치,record,False,False,False,False,,
Oblivion.esm,WEAP,000387BA,EnchGlassMaceBurden,FULL,0,,,Mace of Encumbrance,훼방의 글래스 철퇴,record,False,False,False,False,,
Oblivion.esm,WEAP,000387B9,EnchGlassWarhammerBurden,FULL,0,,,Warhammer of Encumbrance,훼방의 글래스 전투 망치,record,False,False,False,False,,
Oblivion.esm,WEAP,000387B8,EnchElvenWarhammerBurden,FULL,0,,,Warhammer of Overload,과부하의 엘프제 전투 망치,record,False,False,False,False,,
Oblivion.esm,WEAP,000387B7,EnchElvenMaceBurden,FULL,0,,,Mace of Overload,과부하의 엘프제 철퇴,record,False,False,False,False,,
Oblivion.esm,WEAP,000387B6,EnchDwarvenMaceBurden,FULL,0,,,Mace of Burden,무게 증가의 드워프제 철퇴,record,False,False,False,False,,
Oblivion.esm,WEAP,000387B5,EnchDwarvenWarhammerBurden,FULL,0,,,Akaviri Warhammer Burden,무게 증가의 아카비르 전투 망치,record,False,False,False,False,,
Oblivion.esm,WEAP,000387B4,EnchSteelMaceBurden,FULL,0,,,Mace of Strain,압박의 강철 철퇴,record,False,False,False,False,,
Oblivion.esm,WEAP,000387B3,EnchSteelWarhammerBurden,FULL,0,,,Warhammer of Strain,압박의 강철 전투 망치,record,False,False,False,False,,
Oblivion.esm,WEAP,000387B2,EnchIronWarhammerBurden,FULL,0,,,Warhammer of Weight,무거움의 연철 전투 망치,record,False,False,False,False,,
Oblivion.esm,WEAP,000387B1,EnchIronMaceBurden,FULL,0,,,Mace of Weight,무거움의 연철 철퇴,record,False,False,False,False,,
Oblivion.esm,WEAP,000387B0,EnchSilverWarhammerAbsMagicka,FULL,0,,,Warhammer of Depletion,매지카 고갈의 은제 전투 망치,record,False,False,False,False,,
Oblivion.esm,WEAP,000387AF,EnchSilverWaraxeAbsMagicka,FULL,0,,,War Axe of Depletion,매지카 고갈의 은제 손도끼,record,False,False,False,False,,
Oblivion.esm,WEAP,000387AE,EnchSilverBattleaxeAbsMagicka,FULL,0,,,Battle Axe of Depletion,매지카 고갈의 은제 전투 도끼,record,False,False,False,False,,
Oblivion.esm,WEAP,000387AD,EnchSilverMaceAbsMagicka,FULL,0,,,Mace of Depletion,매지카 고갈의 은제 철퇴,record,False,False,False,False,,
Oblivion.esm,WEAP,000387AC,EnchSilverLongswordAbsMagicka,FULL,0,,,Longsword of Depletion,매지카 고갈의 은제 롱소드,record,False,False,False,False,,
Oblivion.esm,WEAP,000387AB,EnchSilverShortswordAbsMagicka,FULL,0,,,Shortsword of Depletion,매지카 고갈의 은제 숏소드,record,False,False,False,False,,
Oblivion.esm,WEAP,000387AA,EnchSilverDaggerAbsMagicka,FULL,0,,,Dagger of Depletion,매지카 고갈의 은제 단검,record,False,False,False,False,,
Oblivion.esm,WEAP,000387A9,EnchEbonyWarhammerAbsHealth,FULL,0,,,Warhammer of Feeding,흡혈의 에보니 전투 망치,record,False,False,False,False,,
Oblivion.esm,WEAP,000387A8,EnchEbonyMaceAbsHealth,FULL,0,,,Mace of Feeding,흡혈의 에보니 철퇴,record,False,False,False,False,,
Oblivion.esm,WEAP,000387A7,EnchElvenMaceAbsFatigue,FULL,0,,,Mace of Siphoning,피로도 흡수의 엘프제 철퇴,record,False,False,False,False,,
Oblivion.esm,WEAP,000387A6,EnchElvenWarhammerAbsFatigue,FULL,0,,,Warhammer of Siphoning,피로도 흡수의 엘프제 전투 망치,record,False,False,False,False,,
Oblivion.esm,WEAP,00038420,EnchGlassWaraxeAbsLuck,FULL,0,,,War Axe of Absorption,행운 흡수의 글래스 손도끼,record,False,False,False,False,,
Oblivion.esm,WEAP,0003841F,EnchGlassBattleaxeAbsEndurance,FULL,0,,,Battle Axe of Absorption,인내 흡수의 글래스 전투 도끼,record,False,False,False,False,,
Oblivion.esm,WEAP,0003841E,EnchGlassShortswordAbsSpeed,FULL,0,,,Shortsword of Absorption,속력 흡수의 글래스 숏쇼드,record,False,False,False,False,,
Oblivion.esm,WEAP,0003841D,EnchGlassLongswordAbsAgility,FULL,0,,,Longsword of Absorption,민첩 흡수의 글래스 롱소드,record,False,False,False,False,,
Oblivion.esm,WEAP,0003841C,EnchGlassMaceAbsWillpower,FULL,0,,,Mace of Absorption,의지 흡수의 글래스 철퇴,record,False,False,False,False,,
Oblivion.esm,WEAP,0003841B,EnchGlassWarhammerAbsStrength,FULL,0,,,Warhammer of Absorption,근력 흡수의 글래스 전투 망치,record,False,False,False,False,,
Oblivion.esm,WEAP,0003841A,EnchGlassDaggerAbsIntelligence,FULL,0,,,Dagger of Absorption,지능 흡수의 글래스 단검,record,False,False,False,False,,
Oblivion.esm,WEAP,0000172E,FGD05BlackheartSword,FULL,0,,,Sinweaver,죄의 직조공,record,False,False,False,False,,
Oblivion.esm,WEAP,000338A1,TestQASword2,FULL,0,,,Brother of Nab,나브의 형제,record,False,False,False,False,,
Oblivion.esm,WEAP,000336EE,TestQASword,FULL,0,,,Sword of Nab,나브의 검,record,False,False,False,False,,
Oblivion.esm,WEAP,000335AF,MS13StaffIndarys01,FULL,0,,,Staff of Indarys,인다리스의 지팡이,record,False,False,False,False,,
Oblivion.esm,WEAP,000335AE,MS13Thornblade01,FULL,0,,,Thornblade,가시의 검,record,False,False,False,False,,
Oblivion.esm,WEAP,0002627D,BoundBow,FULL,0,,,Bound Bow,"장비소환, 활",record,False,False,False,False,,
Oblivion.esm,WEAP,0002627C,BoundDagger,FULL,0,,,Bound Dagger,"장비소환, 단검",record,False,False,False,False,,
Oblivion.esm,WEAP,00026276,BoundAxe,FULL,0,,,Bound Axe,"장비소환, 손도끼",record,False,False,False,False,,
Oblivion.esm,WEAP,00026274,BoundMace,FULL,0,,,Bound Mace,"장비소환, 철퇴",record,False,False,False,False,,
Oblivion.esm,WEAP,00026273,BoundSword,FULL,0,,,Bound Sword,"장비소환, 대검",record,False,False,False,False,,
Oblivion.esm,WEAP,00022F82,CGAkaviriLongSwordGlenroy,FULL,0,,,Glenroy's Akaviri Katana,글렌로이의 아카비르 카타나,record,False,False,False,False,,
Oblivion.esm,WEAP,000228F0,DAWabbajack01,FULL,0,,,Wabbajack,와바잭 퀘스트,record,False,False,False,False,,
Oblivion.esm,WEAP,000228EF,DASanguineRose,FULL,0,,,Sanguine Rose,생귄의 장미,record,False,False,False,False,,
Oblivion.esm,WEAP,0001D0B4,MS29AgarmirsSword01,FULL,0,,,Debaser,변조검,record,False,False,False,False,,
Oblivion.esm,WEAP,00027117,DAMolagBalMace,FULL,0,,,Mace of Molag Bal,몰라그 발의 철퇴,record,False,False,False,False,,
Oblivion.esm,WEAP,00027116,DASkullCorruption,FULL,0,,,Skull of Corruption,타락의 두개골,record,False,False,False,False,,
Oblivion.esm,WEAP,00027112,DASpellBreaker,FULL,0,,,Spellbreaker,스펠브레이커,record,False,False,False,False,,
Oblivion.esm,WEAP,00027109,DAEbonyBlade,FULL,0,,,Ebony Blade,에보니 블레이드,record,False,False,False,False,,
Oblivion.esm,WEAP,00027108,OldDAVolendrung,FULL,0,,,Volendrung,볼렌드렁,record,False,False,False,False,,
Oblivion.esm,WEAP,00027105,DAGoldbrand,FULL,0,,,Goldbrand,골드브랜드,record,False,False,False,False,,
Oblivion.esm,WEAP,00026F98,DAMolagBalCursedMace,FULL,0,,,Cursed Mace,저주받은 철퇴,record,False,False,False,False,,
Oblivion.esm,WEAP,00026B22,DAClavicusUmbraSword,FULL,0,,,Umbra,움브라,record,False,False,False,False,,
Oblivion.esm,WEAP,00022BA8,Dark01KnifeBlade,FULL,0,,,Blade of Woe,비통의 단검,record,False,False,False,False,,
Oblivion.esm,WEAP,0001FE16,MG08RewardStaffDispel01,FULL,0,,,Mage's Staff of Dispel,마법사의 해제 지팡이,record,False,False,False,False,,
Oblivion.esm,WEAP,0001FE15,MG08RewardStaffTele01,FULL,0,,,Mage's Staff of Telekinesis,마법사의 염동력 지팡이,record,False,False,False,False,,
Oblivion.esm,WEAP,0001FE14,MG08RewardStaffST01,FULL,0,,,Mage's Staff of Soul Trap,마법사의 소울 트랩 지팡이,record,False,False,False,False,,
Oblivion.esm,WEAP,0001FE13,MG08RewardStaffSilence01,FULL,0,,,Mage's Staff of Silence,마법사의 침묵 지팡이,record,False,False,False,False,,
Oblivion.esm,WEAP,0001FE12,MG08RewardStaffPara05,FULL,0,,,Mage's Staff of Paralysis,마법사의 마비 지팡이,record,False,False,False,False,,
Oblivion.esm,WEAP,0001FE11,MG08RewardStaffCharm01,FULL,0,,,Mage's Staff of Charm,마법사의 매혹 지팡이,record,False,False,False,False,,
Oblivion.esm,WEAP,0001FE10,MG08RewardStaffShock01,FULL,0,,,Mage's Staff of Shock,마법사의 전격 지팡이,record,False,False,False,False,,
Oblivion.esm,WEAP,0001FE0F,MG08RewardStaffFrost01,FULL,0,,,Mage's Staff of Frost,마법사의 냉기 지팡이,record,False,False,False,False,,
Oblivion.esm,WEAP,0001FB1C,MQ06RumaStaff,FULL,0,,,Ruma's Staff,루마의 지팡이,record,False,False,False,False,,
Oblivion.esm,WEAP,0001ECE5,DAMephalaDalviluDagger,FULL,0,,,Dalvilu Cermonial Dagger,달빌루 가문의 의식용 단검,record,False,False,False,False,,
Oblivion.esm,WEAP,0001CED2,TestStaffApprentice01shock,FULL,0,,,Staff of Shock,전격의 지팡이,record,False,False,False,False,,
Oblivion.esm,WEAP,0001CECC,MS02StaffOfFlame,FULL,0,,,Staff of Flame,화염 지팡이,record,False,False,False,False,,
Oblivion.esm,WEAP,00015F2D,TestStaff,FULL,0,,,TestStaff,테스트 지팡이,record,False,False,False,False,,
Oblivion.esm,WEAP,0001C14B,TG01RohssansSword,FULL,0,,,Rohssan's Antique Cutlass,로산의 골동품 커틀라스,record,False,False,False,False,,
Oblivion.esm,WEAP,0000C201,MS31BlackwaterBlade01,FULL,0,,,Blackwater Blade,블랙워터 장검,record,False,False,False,False,,
Oblivion.esm,WEAP,0000BEA6,FGC09RugdumphSword,FULL,0,,,Rugdumph's Sword,러그덤프의 검,record,False,False,False,False,,
Oblivion.esm,WEAP,000091FB,FGC07AmelionSword,FULL,0,,,Brusef Amelion's Sword,브루세프 아멜리온의 검,record,False,False,False,False,,
Oblivion.esm,WEAP,00002DDF,TG05HrormirsIcestaff,FULL,0,,,Hrormir's Icestaff,흐로미르의 얼음 지팡이,record,False,False,False,False,,
Oblivion.esm,WEAP,00035E7C,WeapDaedricBow,FULL,0,,,Daedric Bow,데이드라제 활,record,False,False,False,False,,
Oblivion.esm,WEAP,00035E7B,WeapEbonyBow,FULL,0,,,Ebony Bow,에보니 활,record,False,False,False,False,,
Oblivion.esm,WEAP,00035E7A,WeapGlassBow,FULL,0,,,Glass Bow,글래스 활,record,False,False,False,False,,
Oblivion.esm,WEAP,00035E79,WeapDaedricWarHammer,FULL,0,,,Daedric Warhammer,데이드라제 전투 망치,record,False,False,False,False,,
Oblivion.esm,WEAP,00035E78,WeapDaedricClaymore,FULL,0,,,Daedric Claymore,데이드라제 클레이모어,record,False,False,False,False,,
Oblivion.esm,WEAP,00035E77,WeapDaedricBattleAxe,FULL,0,,,Daedric Battle Axe,데이드라제 전투 도끼,record,False,False,False,False,,
Oblivion.esm,WEAP,00035E76,WeapDaedricLongsword,FULL,0,,,Daedric Longsword,데이드라제 장검,record,False,False,False,False,,
Oblivion.esm,WEAP,00035E75,WeapDaedricMace,FULL,0,,,Daedric Mace,데이드라제 철퇴,record,False,False,False,False,,
Oblivion.esm,WEAP,00035E74,WeapDaedricWarAxe,FULL,0,,,Daedric War Axe,데이드라제 손도끼,record,False,False,False,False,,
Oblivion.esm,WEAP,00035E73,WeapDaedricShortsword,FULL,0,,,Daedric Shortsword,데이드라제 숏소드,record,False,False,False,False,,
Oblivion.esm,WEAP,00035E72,WeapDaedricDagger,FULL,0,,,Daedric Dagger,데이드라제 단검,record,False,False,False,False,,
Oblivion.esm,WEAP,00035E71,WeapEbonyWarHammer,FULL,0,,,Ebony Warhammer,에보니 전투 망치,record,False,False,False,False,,
Oblivion.esm,WEAP,00035E70,WeapEbonyClaymore,FULL,0,,,Ebony Claymore,에보니 클레이모어,record,False,False,False,False,,
Oblivion.esm,WEAP,00035E6F,WeapEbonyBattleAxe,FULL,0,,,Ebony Battle Axe,에보니 전투 도끼,record,False,False,False,False,,
Oblivion.esm,WEAP,00035E6E,WeapEbonyLongsword,FULL,0,,,Ebony Longsword,에보니 장검,record,False,False,False,False,,
Oblivion.esm,WEAP,00035E6D,WeapEbonyMace,FULL,0,,,Ebony Mace,에보니 철퇴,record,False,False,False,False,,
Oblivion.esm,WEAP,00035E6C,WeapEbonyWarAxe,FULL,0,,,Ebony War Axe,에보니 손도끼,record,False,False,False,False,,
Oblivion.esm,WEAP,00035E6B,WeapEbonyShortsword,FULL,0,,,Ebony Shortsword,에보니 숏소드,record,False,False,False,False,,
Oblivion.esm,WEAP,00035E6A,WeapEbonyDagger,FULL,0,,,Ebony Dagger,에보니 단검,record,False,False,False,False,,
Oblivion.esm,WEAP,00035E69,WeapElvenWarHammer,FULL,0,,,Elven Warhammer,엘프제 전투 망치,record,False,False,False,False,,
Oblivion.esm,WEAP,00035E68,WeapElvenClaymore,FULL,0,,,Elven Claymore,엘프제 클레이모어,record,False,False,False,False,,
Oblivion.esm,WEAP,00035E67,WeapElvenBattleAxe,FULL,0,,,Elven Battle Axe,엘프제 전투 도끼,record,False,False,False,False,,
Oblivion.esm,WEAP,00035E66,WeapElvenMace,FULL,0,,,Elven Mace,엘프제 철퇴,record,False,False,False,False,,
Oblivion.esm,WEAP,00035E65,WeapElvenWarAxe,FULL,0,,,Elven War Axe,엘프제 손도끼,record,False,False,False,False,,
Oblivion.esm,WEAP,00035E64,WeapElvenShortsword,FULL,0,,,Elven Shortsword,엘프제 숏소드,record,False,False,False,False,,
Oblivion.esm,WEAP,00035E63,WeapElvenDagger,FULL,0,,,Elven Dagger,엘프제 단검,record,False,False,False,False,,
Oblivion.esm,WEAP,00035E62,WeapGlassWarHammer,FULL,0,,,Glass Warhammer,글래스 전투 망치,record,False,False,False,False,,
Oblivion.esm,WEAP,00035E61,WeapGlassClaymore,FULL,0,,,Glass Claymore,글래스 클레이모어,record,False,False,False,False,,
Oblivion.esm,WEAP,00035E60,WeapGlassBattleAxe,FULL,0,,,Glass Battle Axe,글래스 전투 도끼,record,False,False,False,False,,
Oblivion.esm,WEAP,00035E5F,WeapGlassLongsword,FULL,0,,,Glass Longsword,글래스 장검,record,False,False,False,False,,
Oblivion.esm,WEAP,00035E5E,WeapGlassMace,FULL,0,,,Glass Mace,글래스 철퇴,record,False,False,False,False,,
Oblivion.esm,WEAP,00035E5D,WeapGlassWarAxe,FULL,0,,,Glass War Axe,글래스 손도끼,record,False,False,False,False,,
Oblivion.esm,WEAP,00035E5C,WeapGlassShortsword,FULL,0,,,Glass Shortsword,글래스 숏소드,record,False,False,False,False,,
Oblivion.esm,WEAP,00035E5B,WeapGlassDagger,FULL,0,,,Glass Dagger,글래스 단검,record,False,False,False,False,,
Oblivion.esm,WEAP,00035DD5,WeapDwarvenWarHammer,FULL,0,,,Dwarven Warhammer,드워프제 전투 망치,record,False,False,False,False,,
Oblivion.esm,WEAP,00035DD4,WeapDwarvenWarAxe,FULL,0,,,Dwarven War Axe,드워프제 손도끼,record,False,False,False,False,,
Oblivion.esm,WEAP,00035DD3,WeapDwarvenShortSword,FULL,0,,,Dwarven Shortsword,드워프제 숏소드,record,False,False,False,False,,
Oblivion.esm,WEAP,00035DD2,WeapDwarvenMace,FULL,0,,,Dwarven Mace,드워프제 철퇴,record,False,False,False,False,,
Oblivion.esm,WEAP,00035DD1,WeapDwarvenLongSword,FULL,0,,,Dwarven Longsword,드워프제 장검,record,False,False,False,False,,
Oblivion.esm,WEAP,00035DD0,WeapDwarvenDagger,FULL,0,,,Dwarven Dagger,드워프제 단검,record,False,False,False,False,,
Oblivion.esm,WEAP,00035DCF,WeapDwarvenClaymore,FULL,0,,,Dwarven Claymore,드워프제 클레이모어,record,False,False,False,False,,
Oblivion.esm,WEAP,00035DCE,WeapDwarvenBow,FULL,0,,,Dwarven Bow,드워프제 활,record,False,False,False,False,,
Oblivion.esm,WEAP,00035DCD,WeapDwarvenBattleAxe,FULL,0,,,Dwarven Battle Axe,드워프제 전투 도끼,record,False,False,False,False,,
Oblivion.esm,WEAP,000355A6,MG08Staff,FULL,0,,,Unfinished Staff,미완성 지팡이,record,False,False,False,False,,
Oblivion.esm,WEAP,0003489D,DBSteelBow30,FULL,0,,,Shadowhunt,그림자 사냥꾼,record,False,False,False,False,,
Oblivion.esm,WEAP,0003489C,DBSteelBow25,FULL,0,,,Shadowhunt,그림자 사냥꾼,record,False,False,False,False,,
Oblivion.esm,WEAP,0003489B,DBSteelBow20,FULL,0,,,Shadowhunt,그림자 사냥꾼,record,False,False,False,False,,
Oblivion.esm,WEAP,0003489A,DBSteelBow15,FULL,0,,,Shadowhunt,그림자 사냥꾼,record,False,False,False,False,,
Oblivion.esm,WEAP,00034899,DBSteelBow10,FULL,0,,,Shadowhunt,그림자 사냥꾼,record,False,False,False,False,,
Oblivion.esm,WEAP,00034898,DBSteelBow05,FULL,0,,,Shadowhunt,그림자 사냥꾼,record,False,False,False,False,,
Oblivion.esm,WEAP,00034897,DBSteelBow01,FULL,0,,,Shadowhunt,그림자 사냥꾼,record,False,False,False,False,,
Oblivion.esm,WEAP,000347F1,DBDaggerReward30,FULL,0,,,Sufferthorn,고통의 가시,record,False,False,False,False,,
Oblivion.esm,WEAP,000347F0,DBDaggerReward25,FULL,0,,,Sufferthorn,고통의 가시,record,False,False,False,False,,
Oblivion.esm,WEAP,000347EF,DBDaggerReward20,FULL,0,,,Sufferthorn,고통의 가시,record,False,False,False,False,,
Oblivion.esm,WEAP,000347EE,DBDaggerReward15,FULL,0,,,Sufferthorn,고통의 가시,record,False,False,False,False,,
Oblivion.esm,WEAP,000347ED,DBDaggerReward10,FULL,0,,,Sufferthorn,고통의 가시,record,False,False,False,False,,
Oblivion.esm,WEAP,000347EC,DBDaggerReward05,FULL,0,,,Sufferthorn,고통의 가시,record,False,False,False,False,,
Oblivion.esm,WEAP,000347EB,DBDaggerReward01,FULL,0,,,Sufferthorn,고통의 가시,record,False,False,False,False,,
Oblivion.esm,WEAP,0002C6A8,MG03Staff,FULL,0,,,Mages Staff,메이지의 지팡이,record,False,False,False,False,,
Oblivion.esm,WEAP,00028277,Dark05Blade,FULL,0,,,Languorwine Blade,랭거와인 단검,record,False,False,False,False,,
Oblivion.esm,WEAP,0002D72E,EnchSteelShortswordSpark,FULL,0,,,Shortsword of Jolts,전기충격의 강철 숏소드,record,False,False,False,False,,
Oblivion.esm,WEAP,0002D72B,FGD03BWCBlade,FULL,0,,,Broken Sword,부서진 검,record,False,False,False,False,,
Oblivion.esm,WEAP,00028BA0,MS16ChorrolLongSword,FULL,0,,,Honorblade of Chorrol,코롤 명예의 검,record,False,False,False,False,,
Oblivion.esm,WEAP,0002990E,SilvDagshimmerthorn,FULL,0,,,Shimmerstrike,빛나는 일격,record,False,False,False,False,,
Oblivion.esm,WEAP,00024DCA,WeapAkaviriLongSword,FULL,0,,,Akaviri Katana,아카비르제 카타나,record,False,False,False,False,,
Oblivion.esm,WEAP,00025231,WeapIronBow,FULL,0,,,Iron Bow,연철 활,record,False,False,False,False,,
Oblivion.esm,WEAP,00025227,WeapSilverBow,FULL,0,,,Silver Bow,은제 활,record,False,False,False,False,,
Oblivion.esm,WEAP,00025226,WeapSilverClaymore,FULL,0,,,Silver Claymore,은제 클레이모어,record,False,False,False,False,,
Oblivion.esm,WEAP,00025225,WeapSilverWarhammer,FULL,0,,,Silver Warhammer,은제 전투 망치,record,False,False,False,False,,
Oblivion.esm,WEAP,00025224,WeapSilverDagger,FULL,0,,,Silver Dagger,은제 단검,record,False,False,False,False,,
Oblivion.esm,WEAP,00025223,WeapSilverMace,FULL,0,,,Silver Mace,은제 철퇴,record,False,False,False,False,,
Oblivion.esm,WEAP,00025222,WeapSilverWarAxe,FULL,0,,,Silver War Axe,은제 손도끼,record,False,False,False,False,,
Oblivion.esm,WEAP,00025221,WeapSilverBattleAxe,FULL,0,,,Silver BattleAxe,은제 전투 도끼,record,False,False,False,False,,
Oblivion.esm,WEAP,00025220,WeapSilverShortsword,FULL,0,,,Silver Shortsword,은제 숏소드,record,False,False,False,False,,
Oblivion.esm,WEAP,0002521F,WeapSilverLongsword,FULL,0,,,Silver Longsword,은제 롱소드,record,False,False,False,False,,
Oblivion.esm,WEAP,0001C6CD,WeapIronClaymore,FULL,0,,,Iron Claymore,연철 클레이모어,record,False,False,False,False,,
Oblivion.esm,WEAP,00019172,WeapIronWarhammer,FULL,0,,,Iron Warhammer,연철 전투 망치,record,False,False,False,False,,
Oblivion.esm,WEAP,00019171,WeapIronDagger,FULL,0,,,Iron Dagger,연철 단검,record,False,False,False,False,,
Oblivion.esm,WEAP,00000D82,WeapIronMace,FULL,0,,,Iron Mace,연철 철퇴,record,False,False,False,False,,
Oblivion.esm,WEAP,00000D81,WeapIronWarAxe,FULL,0,,,Iron War Axe,연철 손도끼,record,False,False,False,False,,
Oblivion.esm,WEAP,00000D7F,WeapIronBattleAxe,FULL,0,,,Iron Battle Axe,연철 전투 도끼,record,False,False,False,False,,
Oblivion.esm,WEAP,00000C0D,WeapIronShortsword,FULL,0,,,Iron Shortsword,연철 숏소드,record,False,False,False,False,,
Oblivion.esm,WEAP,00000C0C,WeapIronLongsword,FULL,0,,,Iron Longsword,연철 장검,record,False,False,False,False,,
Oblivion.esm,WEAP,000229B3,WeapElvenLongSword,FULL,0,,,Elven Long Sword,엘프제 장검,record,False,False,False,False,,
Oblivion.esm,WEAP,000229B6,WeapSteelBattleAxe,FULL,0,,,Steel Battle Axe,강철 전투 도끼,record,False,False,False,False,,
Oblivion.esm,WEAP,000229B7,WeapSteelBow,FULL,0,,,Steel Bow,강철 활,record,False,False,False,False,,
Oblivion.esm,WEAP,000229B8,WeapSteelClaymore,FULL,0,,,Steel Claymore,강철 클레이모어,record,False,False,False,False,,
Oblivion.esm,WEAP,000229B9,WeapSteelDagger,FULL,0,,,Steel Dagger,강철 단검,record,False,False,False,False,,
Oblivion.esm,WEAP,000229BA,WeapSteelLongsword,FULL,0,,,Steel Longsword,강철 장검,record,False,False,False,False,,
Oblivion.esm,WEAP,000229BB,WeapSteelMace,FULL,0,,,Steel Mace,강철 철퇴,record,False,False,False,False,,
Oblivion.esm,WEAP,000229BC,WeapSteelShortsword,FULL,0,,,Steel Shortsword,강철 숏소드,record,False,False,False,False,,
Oblivion.esm,WEAP,000229BD,WeapSteelWarAxe,FULL,0,,,Steel War Axe,강철 손도끼,record,False,False,False,False,,
Oblivion.esm,WEAP,000229BE,WeapSteelWarhammer,FULL,0,,,Steel Warhammer,강철 전투 망치,record,False,False,False,False,,
Oblivion.esm,WEAP,000229BF,WeapElvenBow,FULL,0,,,Elven Bow,엘프제의 활,record,False,False,False,False,,
Oblivion.esm,AMMO,00092784,SE30MadnessMagicArrowC,FULL,0,,,Lesser Madness Arrow,작은 광기의 화살,record,False,False,False,False,,
Oblivion.esm,AMMO,00092783,SE30MadnessMagicArrowB,FULL,0,,,Unpolished Madness Arrow,투박한 광기의 화살,record,False,False,False,False,,
Oblivion.esm,AMMO,0009277E,SE30MadnessMagicArrowA,FULL,0,,,Impure Madness Arrow,더러운 광기의 화살,record,False,False,False,False,,
Oblivion.esm,AMMO,0009277C,SE30AmberMagicArrowC,FULL,0,,,Lesser Amber Arrow,작은 황색 화살,record,False,False,False,False,,
Oblivion.esm,AMMO,0009277B,SE30AmberMagicArrowB,FULL,0,,,Unpolished Amber Arrow,투박한 황색 화살,record,False,False,False,False,,
Oblivion.esm,AMMO,00092779,SE30AmberMagicArrowA,FULL,0,,,Impure Amber Arrow,더러운 황색 화살,record,False,False,False,False,,
Oblivion.esm,AMMO,000923BE,SE30MadnessArrowC,FULL,0,,,Lesser Madness Arrow,작은 광기의 화살,record,False,False,False,False,,
Oblivion.esm,AMMO,000923BD,SE30MadnessArrowB,FULL,0,,,Unpolished Madness Arrow,투박한 광기의 화살,record,False,False,False,False,,
Oblivion.esm,AMMO,000922E1,SE30MadnessArrowA,FULL,0,,,Impure Madness Arrow,더러운 광기의 화살,record,False,False,False,False,,
Oblivion.esm,AMMO,000922CA,SE30AmberArrowC,FULL,0,,,Lesser Amber Arrow,작은 황색 화살,record,False,False,False,False,,
Oblivion.esm,AMMO,000922C7,SE30AmberArrowB,FULL,0,,,Unpolished Amber Arrow,투박한 황색 화살,record,False,False,False,False,,
Oblivion.esm,AMMO,0009225B,SE30AmberArrowA,FULL,0,,,Impure Amber Arrow,더러운 황색 화살,record,False,False,False,False,,
Oblivion.esm,AMMO,0008E33C,SEGrummiteArrow5,FULL,0,,,Grummite Arrow,그러밋의 화살,record,False,False,False,False,,
Oblivion.esm,AMMO,0008E33B,SEGrummiteArrow4,FULL,0,,,Grummite Arrow,그러밋의 화살,record,False,False,False,False,,
Oblivion.esm,AMMO,0008E33A,SEGrummiteArrow3,FULL,0,,,Grummite Arrow,그러밋의 화살,record,False,False,False,False,,
Oblivion.esm,AMMO,0008E339,SEGrummiteArrow2,FULL,0,,,Grummite Arrow,그러밋의 화살,record,False,False,False,False,,
Oblivion.esm,AMMO,0007E0C0,SE02GKBoneArrow8,FULL,0,,,Gatekeeper Bone Arrow,문지기의 뼈로만든 화살,record,False,False,False,False,,
Oblivion.esm,AMMO,0007E0BF,SE02GKBoneArrow1,FULL,0,,,Gatekeeper Bone Arrow,문지기의 뼈로만든 화살,record,False,False,False,False,,
Oblivion.esm,AMMO,0007E0BE,SE02GKBoneArrow2,FULL,0,,,Gatekeeper Bone Arrow,문지기의 뼈로만든 화살,record,False,False,False,False,,
Oblivion.esm,AMMO,0007E0BD,SE02GKBoneArrow3,FULL,0,,,Gatekeeper Bone Arrow,문지기의 뼈로만든 화살,record,False,False,False,False,,
Oblivion.esm,AMMO,0007E0BC,SE02GKBoneArrow4,FULL,0,,,Gatekeeper Bone Arrow,문지기의 뼈로만든 화살,record,False,False,False,False,,
Oblivion.esm,AMMO,0007E0BB,SE02GKBoneArrow5,FULL,0,,,Gatekeeper Bone Arrow,문지기의 뼈로만든 화살,record,False,False,False,False,,
Oblivion.esm,AMMO,0007E0BA,SE02GKBoneArrow6,FULL,0,,,Gatekeeper Bone Arrow,문지기의 뼈로만든 화살,record,False,False,False,False,,
Oblivion.esm,AMMO,0007E0B9,SE02GKBoneArrow7,FULL,0,,,Gatekeeper Bone Arrow,문지기의 뼈로만든 화살,record,False,False,False,False,,
Oblivion.esm,AMMO,00079089,SEGrummiteArrow1,FULL,0,,,Grummite Arrow,그러밋의 화살,record,False,False,False,False,,
Oblivion.esm,AMMO,000788EF,SE02BoneArrow8,FULL,0,,,Bone Arrow,뼈로만든 화살,record,False,False,False,False,,
Oblivion.esm,AMMO,000788EE,SE02BoneArrow7,FULL,0,,,Bone Arrow,뼈로만든 화살,record,False,False,False,False,,
Oblivion.esm,AMMO,000788E3,SE02BoneArrow6,FULL,0,,,Bone Arrow,뼈로만든 화살,record,False,False,False,False,,
Oblivion.esm,AMMO,000788E2,SE02BoneArrow5,FULL,0,,,Bone Arrow,뼈로만든 화살,record,False,False,False,False,,
Oblivion.esm,AMMO,000788E1,SE02BoneArrow4,FULL,0,,,Bone Arrow,뼈로만든 화살,record,False,False,False,False,,
Oblivion.esm,AMMO,000788E0,SE02BoneArrow3,FULL,0,,,Bone Arrow,뼈로만든 화살,record,False,False,False,False,,
Oblivion.esm,AMMO,000788DF,SE02BoneArrow2,FULL,0,,,Bone Arrow,뼈로만든 화살,record,False,False,False,False,,
Oblivion.esm,AMMO,00062D0D,SE30MadnessArrow0,FULL,0,,,Crude Madness Arrow,조잡한 광기의 화살,record,False,False,False,False,,
Oblivion.esm,AMMO,00062D04,SE30MadnessArrow00,FULL,0,,,Brittle Madness Arrow,냉담한 광기의 화살,record,False,False,False,False,,
Oblivion.esm,AMMO,00042BE8,SEGoldenSaintArrow7,FULL,0,,,Lustrous Golden Arrow,빛나는 황금빛 화살,record,False,False,False,False,,
Oblivion.esm,AMMO,00042BE7,SEGoldenSaintArrow5,FULL,0,,,Burnished Golden Arrow,윤이나는 황금빛 화살,record,False,False,False,False,,
Oblivion.esm,AMMO,00042BE6,SEGoldenSaintArrow1,FULL,0,,,Corroded Golden Arrow,부식하는 황금빛 화살,record,False,False,False,False,,
Oblivion.esm,AMMO,00042BE5,SEDarkSeducerArrow8,FULL,0,,,Beguiling Dark Arrow,간파된 어둠의 화살,record,False,False,False,False,,
Oblivion.esm,AMMO,00042BE4,SEDarkSeducerArrow6,FULL,0,,,Alluring Dark Arrow,매혹적인 어둠의 화살,record,False,False,False,False,,
Oblivion.esm,AMMO,00042BE3,SEDarkSeducerArrow2,FULL,0,,,Loathsome Dark Arrow,기분나쁜 어둠의 화살,record,False,False,False,False,,
Oblivion.esm,AMMO,00041EBF,SE08GoldenSaintArrow,FULL,0,,,Golden Arrow,금빛 화살,record,False,False,False,False,,
Oblivion.esm,AMMO,00041EBE,SE08DarkSeducerArrow,FULL,0,,,Dark Arrow,어둠의 화살,record,False,False,False,False,,
Oblivion.esm,AMMO,0001F4AE,SE30MadnessMagicArrow1,FULL,0,,,Madness Arrow,매드니스 화살,record,False,False,False,False,,
Oblivion.esm,AMMO,0001F4AD,SE30MadnessMagicArrow2,FULL,0,,,Fine Madness Arrow,훌륭한 광기의 화살,record,False,False,False,False,,
Oblivion.esm,AMMO,0001F4AC,SE30MadnessMagicArrow3,FULL,0,,,Very Fine Madness Arrow,대단히 훌륭한 광기의 화살,record,False,False,False,False,,
Oblivion.esm,AMMO,0001F4AB,SE30MadnessMagicArrow4,FULL,0,,,Grand Madness Arrow,위대한 광기의 화살,record,False,False,False,False,,
Oblivion.esm,AMMO,0001F4AA,SE30MadnessMagicArrow5,FULL,0,,,Perfect Madness Arrow,완벽한 광기의 화살,record,False,False,False,False,,
Oblivion.esm,AMMO,0001F435,SE30MadnessArrow5,FULL,0,,,Perfect Madness Arrow,완벽한 광기의 화살,record,False,False,False,False,,
Oblivion.esm,AMMO,0001F434,SE30MadnessArrow4,FULL,0,,,Grand Madness Arrow,위대한 광기의 화살,record,False,False,False,False,,
Oblivion.esm,AMMO,0001F433,SE30MadnessArrow3,FULL,0,,,Very Fine Madness Arrow,대단히 훌륭한 광기의 화살,record,False,False,False,False,,
Oblivion.esm,AMMO,0001F432,SE30MadnessArrow2,FULL,0,,,Fine Madness Arrows,훌륭한 광기의 화살s,record,False,False,False,False,,
Oblivion.esm,AMMO,0001CE53,SE30MadnessArrow1,FULL,0,,,Madness Arrow,광기의 화살,record,False,False,False,False,,
Oblivion.esm,AMMO,0001A13B,SEDarkSeducerArrow4,FULL,0,,,Repulsive Dark Arrow,불쾌한 어둠의 화살,record,False,False,False,False,,
Oblivion.esm,AMMO,00017D33,SEGoldenSaintArrow3,FULL,0,,,Tarnished Golden Arrow,장님노린재의 황금빛 화살,record,False,False,False,False,,
Oblivion.esm,AMMO,00016CDF,SE30AmberMagicArrow5,FULL,0,,,Perfect Amber Arrow,완벽한 황색 화살,record,False,False,False,False,,
Oblivion.esm,AMMO,00016CDE,SE30AmberMagicArrow4,FULL,0,,,Grand Amber Arrow,위대한 황색 화살,record,False,False,False,False,,
Oblivion.esm,AMMO,00016CDD,SE30AmberMagicArrow3,FULL,0,,,Very Fine Amber Arrow,대단히 훌륭한 황색 화살,record,False,False,False,False,,
Oblivion.esm,AMMO,00016CDC,SE30AmberMagicArrow2,FULL,0,,,Fine Amber Arrow,훌륭한 황색 화살,record,False,False,False,False,,
Oblivion.esm,AMMO,00016CDB,SE30AmberMagicArrow1,FULL,0,,,Amber Arrow,앰버 화살,record,False,False,False,False,,
Oblivion.esm,AMMO,00016C82,SE30AmberArrow5,FULL,0,,,Perfect Amber Arrow,완벽한 황색 화살,record,False,False,False,False,,
Oblivion.esm,AMMO,00016C81,SE30AmberArrow4,FULL,0,,,Grand Amber Arrow,위대한 황색 화살,record,False,False,False,False,,
Oblivion.esm,AMMO,00016C80,SE30AmberArrow3,FULL,0,,,Very Fine Amber Arrow,대단히 훌륭한 황색 화살,record,False,False,False,False,,
Oblivion.esm,AMMO,00016C7F,SE30AmberArrow2,FULL,0,,,Fine Amber Arrow,훌륭한 황색 화살,record,False,False,False,False,,
Oblivion.esm,AMMO,00016C7E,SE30AmberArrow1,FULL,0,,,Amber Arrow,앰버 화살,record,False,False,False,False,,
Oblivion.esm,AMMO,000135A6,SE02BoneArrow1,FULL,0,,,Bone Arrow,뼈로만든 화살,record,False,False,False,False,,
Oblivion.esm,AMMO,00012D22,SE32ArrowSteel,FULL,0,,,Steel Arrow,강철로 된 화살,record,False,False,False,False,,
Oblivion.esm,AMMO,0000BAD9,EncArrow6GlassFireDamageLight,FULL,0,,,Arrow of Sunlight,광원의 화살,record,False,False,False,False,,
Oblivion.esm,AMMO,00008A4F,EncArrow1IronLight,FULL,0,,,Arrow of Light,빛나는 화살,record,False,False,False,False,,
Oblivion.esm,AMMO,00008A4E,EncArrow2SteelFireDamageLight,FULL,0,,,Flare Arrow,타오르는 화살,record,False,False,False,False,,
Oblivion.esm,AMMO,00008A4D,EncArrow5ElvenFireDamageLight,FULL,0,,,Arrow of Brilliance,광휘의 화살,record,False,False,False,False,,
Oblivion.esm,AMMO,00008A4C,EncArrow4DwarvenFireDamageLight,FULL,0,,,Arrow of Illumination,조명의 화살,record,False,False,False,False,,
Oblivion.esm,AMMO,00014EB3,EncArrowHatredsSoulTrap,FULL,0,,,Hatreds Soul Arrow,영혼 속박의 화살,record,False,False,False,False,,
Oblivion.esm,AMMO,000CD545,EncArrow5ElvenFrostArea,FULL,0,,,Arrow of the North Winds,북풍의 화살,record,False,False,False,False,,
Oblivion.esm,AMMO,000CD544,EncArrow8DaedricSilenceArea,FULL,0,,,Magebane Arrow,메이지의 파멸 화살,record,False,False,False,False,,
Oblivion.esm,AMMO,000CD543,EncArrow7EbonyShockArea,FULL,0,,,Arrow of Storm Strike,강타의 화살,record,False,False,False,False,,
Oblivion.esm,AMMO,000CD542,EncArrow6GlassFireArea,FULL,0,,,Arrow of Immolation,제물의 화살,record,False,False,False,False,,
Oblivion.esm,AMMO,000CD541,EncArrow5ElvenShockArea,FULL,0,,,Stormcall Arrow,혼란의 화살,record,False,False,False,False,,
Oblivion.esm,AMMO,000CD540,EncArrow4DwarvenFrostArea,FULL,0,,,Arrow of Savage Frost,강추위의 화살,record,False,False,False,False,,
Oblivion.esm,AMMO,000CD53F,EncArrow3SilverFireArea,FULL,0,,,Arrow of Cleansing,정화의 화살,record,False,False,False,False,,
Oblivion.esm,AMMO,000CBC55,TestMarkAEArrow,FULL,0,,,Test AE Arrow,테스트 AE 화살,record,False,True,False,False,MEDIUM,AE
Oblivion.esm,AMMO,00159676,EncArrow6GlassDamageMagicka,FULL,0,,,Arrow of Hexing,매지카 소진 화살,record,False,False,False,False,,
Oblivion.esm,AMMO,000872A7,DremoraArrow3Barbed,FULL,0,,,Dremora Barbed Arrow,드레모라 미늘 화살,record,False,False,False,False,,
Oblivion.esm,AMMO,000872A6,DremoraArrow2Broadhead,FULL,0,,,Dremora Broadhead Arrow,드레모라 굵은 화살촉 화살,record,False,False,False,False,,
Oblivion.esm,AMMO,000872A5,DremoraArrow1Field,FULL,0,,,Dremora Field Arrow,드레모라 야전 화살,record,False,False,False,False,,
Oblivion.esm,AMMO,0004BF11,EncArrow3SilverDispel,FULL,0,,,Arrow of Dispel,마법해제의 화살,record,False,False,False,False,,
Oblivion.esm,AMMO,0004BF10,EncArrow1IronFireDamage,FULL,0,,,Arrow of Embers,잉걸불의 화살,record,False,False,False,False,,
Oblivion.esm,AMMO,0004BF0F,EncArrow8DaedricShockDamage,FULL,0,,,Arrow of Storms,전격폭풍의 화살,record,False,False,False,False,,
Oblivion.esm,AMMO,0004BF0E,EncArrow8DaedricFrostDamage,FULL,0,,,Arrow of Winter,겨울의 화살,record,False,False,False,False,,
Oblivion.esm,AMMO,0004BF0D,EncArrow8DaedricFireDamage,FULL,0,,,Arrow of the Inferno,업화의 화살,record,False,False,False,False,,
Oblivion.esm,AMMO,0004BF0C,EncArrow7EbonyShockDamage,FULL,0,,,Arrow of Lightning,번개의 화살,record,False,False,False,False,,
Oblivion.esm,AMMO,0004BF0B,EncArrow7EbonyFrostDamage,FULL,0,,,Arrow of Blizzards,눈보라의 화살,record,False,False,False,False,,
Oblivion.esm,AMMO,0004BF0A,EncArrow7EbonyFireDamage,FULL,0,,,Arrow of the Blaze,불길의 화살,record,False,False,False,False,,
Oblivion.esm,AMMO,0004BF09,EncArrow6GlassShockDamage,FULL,0,,,Arrow of the Dynamo,전류의 화살,record,False,False,False,False,,
Oblivion.esm,AMMO,0004BF08,EncArrow6GlassFrostDamage,FULL,0,,,Arrow of the Glacier,빙하의 화살,record,False,False,False,False,,
Oblivion.esm,AMMO,0004BF07,EncArrow6GlassFireDamage,FULL,0,,,Arrow of Fire,화염의 화살,record,False,False,False,False,,
Oblivion.esm,AMMO,0004BF06,EncArrow5ElvenShockDamage,FULL,0,,,Arrow of Voltage,전압의 화살,record,False,False,False,False,,
Oblivion.esm,AMMO,0004BF05,EncArrow5ElvenFrostDamage,FULL,0,,,Arrow of Freezing,결빙의 화살,record,False,False,False,False,,
Oblivion.esm,AMMO,0004BF04,EncArrow5ElvenFireDamage,FULL,0,,,Arrow of Flames,불꽃의 화살,record,False,False,False,False,,
Oblivion.esm,AMMO,0004BF03,EncArrow4DwarvenShockDamage,FULL,0,,,Arrow of Shocking,감전의 화살,record,False,False,False,False,,
Oblivion.esm,AMMO,0004BF02,EncArrow4DwarvenFrostDamage,FULL,0,,,Arrow of Cold,추위의 화살,record,False,False,False,False,,
Oblivion.esm,AMMO,0004BF01,EncArrow4DwarvenFireDamage,FULL,0,,,Arrow of Scorching,작열의 화살,record,False,False,False,False,,
Oblivion.esm,AMMO,0004BF00,EncArrow3SilverDrainMagic,FULL,0,,,Arrow of Drain Magicka,매지카 누출의 화살,record,False,False,False,False,,
Oblivion.esm,AMMO,0004BEFF,EncArrow3SilverDamageMagic,FULL,0,,,Arrow of Jinxing,불운의 화살,record,False,False,False,False,,
Oblivion.esm,AMMO,0004BEFD,EncArrow2SteelShockDamage,FULL,0,,,Arrow of Jolts,전격의 화살,record,False,False,False,False,,
Oblivion.esm,AMMO,0004BEFC,EncArrow2SteelFrostDamage,FULL,0,,,Arrow of Numbing,무감각의 화살,record,False,False,False,False,,
Oblivion.esm,AMMO,0004BEFB,EncArrow2SteelFireDamage,FULL,0,,,Arrow of Burning,불타는 화살,record,False,False,False,False,,
Oblivion.esm,AMMO,0004BEFA,EncArrow1IronShockDamage,FULL,0,,,Arrow of Sparks,정전기의 화살,record,False,False,False,False,,
Oblivion.esm,AMMO,0004BEF9,EncArrow1IronFrostDamage,FULL,0,,,Arrow of Frost,냉기의 화살,record,False,False,False,False,,
Oblivion.esm,AMMO,0003266D,Dark09RoseofSithis,FULL,0,,,Rose of Sithis,시디스의 장미,record,False,False,False,False,,
Oblivion.esm,AMMO,0003BF67,EncArrow2SteelFrenzyArea,FULL,0,,,Arrow of Discord,충돌의 화살,record,False,False,False,False,,
Oblivion.esm,AMMO,0003DFDD,EncArrow5ElvenSilence,FULL,0,,,Arrow of Stillness,무언의 화살,record,False,False,False,False,,
Oblivion.esm,AMMO,0003DFDC,EncArrow4DwarvenSilence,FULL,0,,,Arrow of Silence,침묵의 화살,record,False,False,False,False,,
Oblivion.esm,AMMO,0003DFDB,EncArrow2SteelDemHuman,FULL,0,,,Arrow of Cowardice,두려움의 화살,record,False,False,False,False,,
Oblivion.esm,AMMO,0003DFDA,EncArrow1IronDemHuman,FULL,0,,,Arrow of Qualms,현기증의 화살,record,False,False,False,False,,
Oblivion.esm,AMMO,0003DFD9,EncArrow2SteelDemCreature,FULL,0,,,Arrow of Misery,고통의 화살,record,False,False,False,False,,
Oblivion.esm,AMMO,0003DFD8,EncArrow1IronDemCreature,FULL,0,,,Arrow of Fear,공포의 화살,record,False,False,False,False,,
Oblivion.esm,AMMO,0003DFD7,EncArrow5ElvenDamHealth,FULL,0,,,Arrow of Harm,손상의 화살,record,False,False,False,False,,
Oblivion.esm,AMMO,0003DFD6,EncArrow2SteelDamFatigue,FULL,0,,,Arrow of Fatigue,피로도의 화살,record,False,False,False,False,,
Oblivion.esm,AMMO,0003CB6C,EncArrow3SilverWithering,FULL,0,,,Arrow of Withering,쇠약의 화살,record,False,False,False,False,,
Oblivion.esm,AMMO,00022DB5,TG11ArrowExtrication,FULL,0,,,Arrow of Extrication,탈출용 화살 ,record,False,False,False,False,,
Oblivion.esm,AMMO,00022BE2,Arrow4Dwarven,FULL,0,,,Dwarven Arrow,드워프 화살,record,False,False,False,False,,
Oblivion.esm,AMMO,00022BE1,Arrow6Glass,FULL,0,,,Glass Arrow,유리 화살,record,False,False,False,False,,
Oblivion.esm,AMMO,0001EFD5,Arrow7Ebony,FULL,0,,,Ebony Arrow,흑단재 화살,record,False,False,False,False,,
Oblivion.esm,AMMO,0001EFD4,Arrow3Silver,FULL,0,,,Silver Arrow,은 화살,record,False,False,False,False,,
Oblivion.esm,AMMO,0001EFD3,Arrow8Daedric,FULL,0,,,Daedric Arrow,데드릭 화살,record,False,False,False,False,,
Oblivion.esm,AMMO,00017829,Arrow1Iron,FULL,0,,,Iron Arrow,철 화살,record,False,False,False,False,,
Oblivion.esm,AMMO,000229C1,Arrow2Steel,FULL,0,,,Steel Arrow,강철 화살,record,False,False,False,False,,
Oblivion.esm,AMMO,000229C0,Arrow5Elven,FULL,0,,,Elven Arrow,엘프제 화살,record,False,False,False,False,,
Oblivion.esm,NPC_,00096765,SEKnightOfOrderPatrol1,FULL,0,,,Knight of Order,질서의 기사,record,False,False,False,False,,
Oblivion.esm,NPC_,00095243,SE09KnightOfOrder,FULL,0,,,Knight of Order,질서의 기사,record,False,False,False,False,,
Oblivion.esm,NPC_,00094B5B,SEKnightOfOrder5Obelisk,FULL,0,,,Knight of Order,질서의 기사,record,False,False,False,False,,
Oblivion.esm,NPC_,00094B25,SEKnightOfOrder4Obelisk,FULL,0,,,Knight of Order,질서의 기사,record,False,False,False,False,,
Oblivion.esm,NPC_,00094AC9,SEKnightOfOrder3Obelisk,FULL,0,,,Knight of Order,질서의 기사,record,False,False,False,False,,
Oblivion.esm,NPC_,00094A38,SEKnightOfOrder2Obelisk,FULL,0,,,Knight of Order,질서의 기사,record,False,False,False,False,,
Oblivion.esm,NPC_,00094A28,SEKnightOfOrder1Obelisk,FULL,0,,,Knight of Order,질서의 기사,record,False,False,False,False,,
Oblivion.esm,NPC_,00092A88,SEPrisoner4Syl,FULL,0,,,Prisoner,죄수,record,False,False,False,False,,
Oblivion.esm,NPC_,00092A81,SEPrisoner2Syl,FULL,0,,,Prisoner,죄수,record,False,False,False,False,,
Oblivion.esm,NPC_,00092A77,SEPrisoner1Syl,FULL,0,,,Prisoner,죄수,record,False,False,False,False,,
Oblivion.esm,NPC_,0008F4F3,SE07EndSaint02,FULL,0,,,Golden Saint,골든 세인트,record,False,False,False,False,,
Oblivion.esm,NPC_,0008F4F2,SE07EndSaint01,FULL,0,,,Golden Saint,골든 세인트,record,False,False,False,False,,
Oblivion.esm,NPC_,0008F4F1,SE07EndSeducer02,FULL,0,,,Dark Seducer,다크 세듀서,record,False,False,False,False,,
Oblivion.esm,NPC_,0008F4F0,SE07EndSeducer01,FULL,0,,,Dark Seducer,다크 세듀서,record,False,False,False,False,,
Oblivion.esm,NPC_,0008F114,SE10OrderPriestNoRez,FULL,0,,,Priest of Order,질서 사제,record,False,False,False,False,,
Oblivion.esm,NPC_,0008EF81,SE04FelldewAddict03,FULL,0,,,Joofy the Brown,갈색의 주피,record,False,False,False,False,,
Oblivion.esm,NPC_,0008EF7E,SE04FelldewAddict02,FULL,0,,,Felldew Addict,펠듀 중독자,record,False,False,False,False,,
Oblivion.esm,NPC_,0008EF7C,SE04FelldewAddict01,FULL,0,,,Felldew Addict,펠듀 중독자,record,False,False,False,False,,
Oblivion.esm,NPC_,0008DBF7,SEPrisonSeducerFemaleBoss,FULL,0,,,Dark Seducer Turnkey,다크 세듀서 턴키,record,False,False,False,False,,
Oblivion.esm,NPC_,0008DBF6,SEPrisonSaintFemaleBoss,FULL,0,,,Golden Saint Turnkey,골든 세인트 열쇠,record,False,False,False,False,,
Oblivion.esm,NPC_,0008DB95,SEHillOfSuicidesGhost03,FULL,0,,,Ghost,유령,record,False,False,False,False,,
Oblivion.esm,NPC_,0008DB94,SEHillOfSuicidesGhost02,FULL,0,,,Ghost,유령,record,False,False,False,False,,
Oblivion.esm,NPC_,0008DB93,SEHillOfSuicidesGhost01,FULL,0,,,Ghost,유령,record,False,False,False,False,,
Oblivion.esm,NPC_,00089535,SE10Pinnacle05bTemplate,FULL,0,,,Knight of Order,질서의 기사,record,False,False,False,False,,
Oblivion.esm,NPC_,00089534,SE10Pinnacle04bTemplate,FULL,0,,,Knight of Order,질서의 기사,record,False,False,False,False,,
Oblivion.esm,NPC_,00089533,SE10Pinnacle04aTemplate,FULL,0,,,Knight of Order,질서의 기사,record,False,False,False,False,,
Oblivion.esm,NPC_,00082659,SE10DarkSeducerDead,FULL,0,,,Dark Seducer,다크 세듀서,record,False,False,False,False,,
Oblivion.esm,NPC_,000825AC,SE10KnightOfOrderDead,FULL,0,,,Knight of Order,질서의 기사,record,False,False,False,False,,
Oblivion.esm,NPC_,000825AB,SE10GoldenSaintDead,FULL,0,,,Golden Saint,골든 세인트,record,False,False,False,False,,
Oblivion.esm,NPC_,00082595,SEKilledBySheogorath,FULL,0,,,Sheogorath's Punished,셰오고라스의 처벌,record,False,False,False,False,,
Oblivion.esm,NPC_,00082577,SEPinnacleRockGuard,FULL,0,,,Dark Seducer Guard,다크 세듀서 경비병,record,False,False,False,False,,
Oblivion.esm,NPC_,00082574,SEBrellachGuard,FULL,0,,,Golden Saint Guard,골든 세인트 경비병,record,False,False,False,False,,
Oblivion.esm,NPC_,000823BE,SEMdesi,FULL,0,,,M'desi ,므'데시,record,False,False,False,False,,
Oblivion.esm,NPC_,000823BC,SEGadeneriRalvel,FULL,0,,,Gadeneri Ralvel,가데네리 라벨,record,False,False,False,False,,
Oblivion.esm,NPC_,000823BA,SELorenzBogTrotter,FULL,0,,,Lorenz Bog-Trotter,로렌츠 보그-트로터,record,False,False,False,False,,
Oblivion.esm,NPC_,000823B8,SESaloniaViria,FULL,0,,,Salonia Viria,살로니아 비리아,record,False,False,False,False,,
Oblivion.esm,NPC_,000823B5,SELimark,FULL,0,,,Limark,리마크,record,False,False,False,False,,
Oblivion.esm,NPC_,000823A9,XPEbroccaBody03,FULL,0,,,Dead Traveler,죽은 여행자,record,False,False,False,False,,
Oblivion.esm,NPC_,0008239E,XPEbroccaBody04,FULL,0,,,Dead Wood Elf,죽은 우드 엘프,record,False,False,False,False,,
Oblivion.esm,NPC_,00082393,XPEbroccaBody01,FULL,0,,,Dead Courier,죽은 택배,record,False,False,False,False,,
Oblivion.esm,NPC_,00082362,SEKnottyBramZealot01Dead,FULL,0,,,Preserved Zealot,보존된 광신도,record,False,False,False,False,,
Oblivion.esm,NPC_,00082361,SEKnottyBramZealot02Live,FULL,0,,,Zealot Guardian,광신도 수호자,record,False,False,False,False,,
Oblivion.esm,NPC_,00082360,SEKnottyBramZealot01Live,FULL,0,,,Zealot Guardian,광신도 수호자,record,False,False,False,False,,
Oblivion.esm,NPC_,000820B0,XPDeadVolunteer,FULL,0,,,Dead Volunteer,죽은 자원 봉사자,record,False,False,False,False,,
Oblivion.esm,NPC_,0008209F,SEDireWarrenTraelius,FULL,0,,,Traelius,트라엘리우스,record,False,False,False,False,,
Oblivion.esm,NPC_,0008209B,XPDireWarrenAlyssa,FULL,0,,,Alyssa,알리사,record,False,False,False,False,,
Oblivion.esm,NPC_,00081B83,SE10KnightSentryTemplate,FULL,0,,,Knight of Order,질서의 기사,record,False,False,False,False,,
Oblivion.esm,NPC_,00081B82,SE10Brellach04bTemplate,FULL,0,,,Knight of Order,질서의 기사,record,False,False,False,False,,
Oblivion.esm,NPC_,00081B15,SE10Brellach05bTemplate,FULL,0,,,Knight of Order,질서의 기사,record,False,False,False,False,,
Oblivion.esm,NPC_,0008146B,SEXiditteArbiter,FULL,0,,,Zealot Arbiter,광신도 신자 심판관,record,False,False,False,False,,
Oblivion.esm,NPC_,00081362,SEMazaddhaDead,FULL,0,,,Ma'zaddha,마'자다,record,False,False,False,False,,
Oblivion.esm,NPC_,00080DD7,SE08KnightOfOrderPasswallIInitialAttackTEMPLATE,FULL,0,,,Knight of Order,질서의 기사,record,False,False,False,False,,
Oblivion.esm,NPC_,000807FB,SE08KnightOfOrderPasswallBattleTEMPLATE,FULL,0,,,Knight of Order,질서의 기사,record,False,False,False,False,,
Oblivion.esm,NPC_,0007FDD1,SE08KnightDEAD,FULL,0,,,Knight of Order,질서의 기사,record,False,False,False,False,,
Oblivion.esm,NPC_,0007F47C,SEObelisk10Priest,FULL,0,,,Priest of Order,질서 사제,record,False,False,False,False,,
Oblivion.esm,NPC_,0007F47B,SEObelisk09Priest,FULL,0,,,Priest of Order,질서 사제,record,False,False,False,False,,
Oblivion.esm,NPC_,0007F47A,SEObelisk08Priest,FULL,0,,,Priest of Order,질서 사제,record,False,False,False,False,,
Oblivion.esm,NPC_,0007F479,SEObelisk07Priest,FULL,0,,,Priest of Order,질서 사제,record,False,False,False,False,,
Oblivion.esm,NPC_,0007F478,SEObelisk06Priest,FULL,0,,,Priest of Order,질서 사제,record,False,False,False,False,,
Oblivion.esm,NPC_,0007F477,SEObelisk05Priest,FULL,0,,,Priest of Order,질서 사제,record,False,False,False,False,,
Oblivion.esm,NPC_,0007F476,SEObelisk04Priest,FULL,0,,,Priest of Order,질서 사제,record,False,False,False,False,,
Oblivion.esm,NPC_,0007F475,SEObelisk03Priest,FULL,0,,,Priest of Order,질서 사제,record,False,False,False,False,,
Oblivion.esm,NPC_,0007F474,SEObelisk02Priest,FULL,0,,,Priest of Order,질서 사제,record,False,False,False,False,,
Oblivion.esm,NPC_,0007F473,SEObelisk01Priest,FULL,0,,,Priest of Order,질서 사제,record,False,False,False,False,,
Oblivion.esm,NPC_,0007F472,SEObelisk20Priest,FULL,0,,,Priest of Order,질서 사제,record,False,False,False,False,,
Oblivion.esm,NPC_,0007F471,SEObelisk19Priest,FULL,0,,,Priest of Order,질서 사제,record,False,False,False,False,,
Oblivion.esm,NPC_,0007F470,SEObelisk18Priest,FULL,0,,,Priest of Order,질서 사제,record,False,False,False,False,,
Oblivion.esm,NPC_,0007F46F,SEObelisk17Priest,FULL,0,,,Priest of Order,질서 사제,record,False,False,False,False,,
Oblivion.esm,NPC_,0007F46E,SEObelisk16Priest,FULL,0,,,Priest of Order,질서 사제,record,False,False,False,False,,
Oblivion.esm,NPC_,0007F46D,SEObelisk15Priest,FULL,0,,,Priest of Order,질서 사제,record,False,False,False,False,,
Oblivion.esm,NPC_,0007F46C,SEObelisk14Priest,FULL,0,,,Priest of Order,질서 사제,record,False,False,False,False,,
Oblivion.esm,NPC_,0007F46B,SEObelisk13Priest,FULL,0,,,Priest of Order,질서 사제,record,False,False,False,False,,
Oblivion.esm,NPC_,0007F46A,SEObelisk12Priest,FULL,0,,,Priest of Order,질서 사제,record,False,False,False,False,,
Oblivion.esm,NPC_,0007F469,SEObelisk11Priest,FULL,0,,,Priest of Order,질서 사제,record,False,False,False,False,,
Oblivion.esm,NPC_,0007EC00,SE07Xirethard02DarkSeducerMissile02,FULL,0,,,Dark Seducer Archer,다크 세듀서 아처,record,False,False,False,False,,
Oblivion.esm,NPC_,0007EBFF,SE07Xirethard02DarkSeducerMissile01,FULL,0,,,Dark Seducer Archer,다크 세듀서 아처,record,False,False,False,False,,
Oblivion.esm,NPC_,0007E22D,SE07Xirethard01DarkSeducerMelee04,FULL,0,,,Dark Seducer,다크 세듀서,record,False,False,False,False,,
Oblivion.esm,NPC_,0007E220,SE07Xirethard01DarkSeducerMelee03,FULL,0,,,Dark Seducer,다크 세듀서,record,False,False,False,False,,
Oblivion.esm,NPC_,0007E21F,SE07Xirethard01DarkSeducerMelee02,FULL,0,,,Dark Seducer,다크 세듀서,record,False,False,False,False,,
Oblivion.esm,NPC_,0007E20D,SE07Xirethard01DarkSeducerMelee01,FULL,0,,,Dark Seducer,다크 세듀서,record,False,False,False,False,,
Oblivion.esm,NPC_,0007E20A,SE07Xirethard01DarkSeducerMissile02,FULL,0,,,Dark Seducer Archer,다크 세듀서 아처,record,False,False,False,False,,
Oblivion.esm,NPC_,0007E205,SE07Xirethard01DarkSeducerMissile01,FULL,0,,,Dark Seducer Archer,다크 세듀서 아처,record,False,False,False,False,,
Oblivion.esm,NPC_,0007DD77,SE45ZealotLackey,FULL,0,,,Zealot Minion,광신도 추종자,record,False,False,False,False,,
Oblivion.esm,NPC_,0007DC03,SEKnottyBramZealot02Dead,FULL,0,,,Preserved Zealot,보존된 광신도,record,False,False,False,False,,
Oblivion.esm,NPC_,0007DB72,SEXPXavaraPatrolTemplate02,FULL,0,,,Zealot Neophyte,광신도 신자,record,False,False,False,False,,
Oblivion.esm,NPC_,0007DB45,SEXPXavaraPatrolTemplate01,FULL,0,,,Zealot Neophyte,광신도 신자,record,False,False,False,False,,
Oblivion.esm,NPC_,0007DB41,SE45HereticLackey,FULL,0,,,Heretic Lackey,이단자 하수인,record,False,False,False,False,,
Oblivion.esm,NPC_,0007DB2C,SE45HereticBoss,FULL,0,,,Heretic Crusader,이단자 성전사,record,False,False,False,False,,
Oblivion.esm,NPC_,0007DB28,SE45ZealotBoss,FULL,0,,,Zealot Crusader,광신도 성전사,record,False,False,False,False,,
Oblivion.esm,NPC_,0007D15E,SERottenPatrol04TEMPLATE,FULL,0,,,Zealot Neophyte,광신도 신자,record,False,False,False,False,,
Oblivion.esm,NPC_,0007D15D,SERottenPatrol03TEMPLATE,FULL,0,,,Zealot Neophyte,광신도 신자,record,False,False,False,False,,
Oblivion.esm,NPC_,0007B3A9,SE07BGoldenSaintSiloGuard04,FULL,0,,,Golden Saint Guard,골든 세인트 경비병,record,False,False,False,False,,
Oblivion.esm,NPC_,0007B3A8,SE07BGoldenSaintSiloGuard03,FULL,0,,,Golden Saint Guard,골든 세인트 경비병,record,False,False,False,False,,
Oblivion.esm,NPC_,0007B3A7,SE07BGoldenSaintSiloGuard02,FULL,0,,,Golden Saint Guard,골든 세인트 경비병,record,False,False,False,False,,
Oblivion.esm,NPC_,0007B3A6,SE07BGoldenSaintSiloGuard01,FULL,0,,,Golden Saint Guard,골든 세인트 경비병,record,False,False,False,False,,
Oblivion.esm,NPC_,0007B1FE,SE07BGoldenSaintPalaceGuard,FULL,0,,,Golden Saint Guard,골든 세인트 경비병,record,False,False,False,False,,
Oblivion.esm,NPC_,0007B13B,SE07BGoldenSaintPrivateQuartersGuard02,FULL,0,,,Golden Saint Guard,골든 세인트 경비병,record,False,False,False,False,,
Oblivion.esm,NPC_,00079F74,SEXeddefenc2PatrolGrummiteTemplate,FULL,0,,,Knight of Order,질서의 기사,record,False,False,False,False,,
Oblivion.esm,NPC_,00079AA9,SE08KnightHoldPositionWimpy,FULL,0,,,Knight of Order,질서의 기사,record,False,False,False,False,,
Oblivion.esm,NPC_,00078C32,SEKnightOfOrder5,FULL,0,,,Knight of Order,질서의 기사,record,False,False,False,False,,
Oblivion.esm,NPC_,00078C31,SEKnightOfOrder1,FULL,0,,,Knight of Order,질서의 기사,record,False,False,False,False,,
Oblivion.esm,NPC_,00078C04,SE08WalkToPasswallKnight,FULL,0,,,Knight of Order,질서의 기사,record,False,False,False,False,,
Oblivion.esm,NPC_,000786EC,SEXPxiditteC1AlchemyZealotTemplate,FULL,0,,,Zealot Neophyte,광신도 신자,record,False,False,False,False,,
Oblivion.esm,NPC_,00078207,SEPadEi,FULL,0,,,Pad-Ei,패드-에이,record,False,False,False,False,,
Oblivion.esm,NPC_,00076904,SEXiditteGuard,FULL,0,,,Zealot Guard,광신도 신자 경비병,record,False,False,False,False,,
Oblivion.esm,NPC_,00076472,SE32VitharnMatriach,FULL,0,,,Countess Cirion,시리온 여백작,record,False,False,False,False,,
Oblivion.esm,NPC_,00076467,SE32VitharnPatriach,FULL,0,,,Count Cirion,시리온 백작,record,False,False,False,False,,
Oblivion.esm,NPC_,000727E2,SE32TestJoelFanatic,FULL,0,,,Fanatic,광신자,record,False,False,False,False,,
Oblivion.esm,NPC_,000727C7,SE32TestJoelGhost,FULL,0,,,Vitharn Soldier,바이탄 병사,record,False,False,False,False,,
Oblivion.esm,NPC_,00071FBF,SEBeggarBhisha,FULL,0,,,Bhisha,비샤,record,False,False,False,False,,
Oblivion.esm,NPC_,0006D1F4,SE11Apostle08,FULL,0,,,Apostle,사도,record,False,False,False,False,,
Oblivion.esm,NPC_,0006989C,SEBeggarUungor,FULL,0,,,Uungor,운고르,record,False,False,False,False,,
Oblivion.esm,NPC_,0006989A,SEBeggarFimmion,FULL,0,,,Fimmion,피미온,record,False,False,False,False,,
Oblivion.esm,NPC_,00069895,SEBeggarGloorolros,FULL,0,,,Gloorolros,글루롤로스,record,False,False,False,False,,
Oblivion.esm,NPC_,0006988F,SEBeggarBolwing,FULL,0,,,Bolwing,볼윙,record,False,False,False,False,,
Oblivion.esm,NPC_,00066ECB,SEPyke,FULL,0,,,Pyke,파이크,record,False,False,False,False,,
Oblivion.esm,NPC_,000637AD,SE14DSEscort,FULL,0,,,Dark Seducer Escort,다크 세듀서 에스코트,record,False,False,False,False,,
Oblivion.esm,NPC_,0006374A,SE14GSEscort,FULL,0,,,Golden Saint Escort,골든 세인트 호위,record,False,False,False,False,,
Oblivion.esm,NPC_,00062D10,SE32Citizen01,FULL,0,,,Vitharn Ghost Citizen,바이탄 유령 시민,record,False,False,False,False,,
Oblivion.esm,NPC_,00062D0F,SE32Citizen03,FULL,0,,,Vitharn Ghost Citizen,바이탄 유령 시민,record,False,False,False,False,,
Oblivion.esm,NPC_,00061BD7,SEGoldenSaintGuardTEST1,FULL,0,,,Golden Saint Guard,골든 세인트 경비병,record,False,False,False,False,,
Oblivion.esm,NPC_,000607E1,SE14Juggler,FULL,0,,,Juggler,저글러,record,False,False,False,False,,
Oblivion.esm,NPC_,00060793,SEGrommokgroBarakGhosted,FULL,0,,,Grommok gro-Barak,그롬목 그로-바락,record,False,False,False,False,,
Oblivion.esm,NPC_,0005FA48,SENanetteDonOrdered,FULL,0,,,Nanette Don,나네트 던,record,False,False,False,False,,
Oblivion.esm,NPC_,0005FA47,SEJayredIceVeinsOrdered,FULL,0,,,Jayred Ice-Veins,제이레드 아이스-베인,record,False,False,False,False,,
Oblivion.esm,NPC_,0005FA45,SEFelasSarandasOrdered,FULL,0,,,Felas Sarandas,펠라스 사란다스,record,False,False,False,False,,
Oblivion.esm,NPC_,0005FA44,SEDredhwenOrdered,FULL,0,,,Dredhwen,드레드웬,record,False,False,False,False,,
Oblivion.esm,NPC_,0005A2A5,SEXPEbroccaMinion,FULL,0,,,Clanfather Malifant,클랜파더 말리판트,record,False,False,False,False,,
Oblivion.esm,NPC_,00059B53,SE07Xirethard01DarkSeducerDoorGuard01,FULL,0,,,Dark Seducer,다크 세듀서,record,False,False,False,False,,
Oblivion.esm,NPC_,00059B4C,SE07Xirethard01DarkSeducerPatrol01b,FULL,0,,,Dark Seducer,다크 세듀서,record,False,False,False,False,,
Oblivion.esm,NPC_,00059B4B,SE07Xirethard01DarkSeducerPatrol01a,FULL,0,,,Dark Seducer,다크 세듀서,record,False,False,False,False,,
Oblivion.esm,NPC_,000560D5,SE32Worshipper01,FULL,0,,,Vitharn Ghost Citizen,바이탄 유령 시민,record,False,False,False,False,,
Oblivion.esm,NPC_,0005609D,SE32Worshipper02,FULL,0,,,Vitharn Ghost Citizen,바이탄 유령 시민,record,False,False,False,False,,
Oblivion.esm,NPC_,00056039,SE07BGoldenSaintGardenGuard,FULL,0,,,Golden Saint Guard,골든 세인트 경비병,record,False,False,False,False,,
Oblivion.esm,NPC_,0005602E,SE07BGoldenSaintPrivateQuartersGuard01,FULL,0,,,Golden Saint Guard,골든 세인트 경비병,record,False,False,False,False,,
Oblivion.esm,NPC_,00055FEE,SE06DarkSeducerVictory,FULL,0,,,Dark Seducer,다크 세듀서,record,False,False,False,False,,
Oblivion.esm,NPC_,00055FED,SE06GoldenSaintVictory,FULL,0,,,Golden Saint,골든 세인트,record,False,False,False,False,,
Oblivion.esm,NPC_,00055877,SE07ASESylDouble,FULL,0,,,Syl,실,record,False,False,False,False,,
Oblivion.esm,NPC_,000554E8,SE10SeducerMaleWarrior4,FULL,0,,,Dark Seducer Warrior,다크 세듀서 전사,record,False,False,False,False,,
Oblivion.esm,NPC_,000554E7,SE10SeducerMaleWarrior3,FULL,0,,,Dark Seducer Warrior,다크 세듀서 전사,record,False,False,False,False,,
Oblivion.esm,NPC_,000554E6,SE10SeducerMaleWarrior2,FULL,0,,,Dark Seducer Warrior,다크 세듀서 전사,record,False,False,False,False,,
Oblivion.esm,NPC_,000554E5,SE10SeducerMaleWarrior1,FULL,0,,,Dark Seducer Warrior,다크 세듀서 전사,record,False,False,False,False,,
Oblivion.esm,NPC_,0005544F,SERottenDenZealotBoss2TEMPLATE,FULL,0,,,Zealot Neophyte,광신도 신자,record,False,False,False,False,,
Oblivion.esm,NPC_,00055422,SERottenPatrol07bTEMPLATE,FULL,0,,,Zealot Neophyte,광신도 신자,record,False,False,False,False,,
Oblivion.esm,NPC_,00055421,SERottenPatrol07aTEMPLATE,FULL,0,,,Zealot Neophyte,광신도 신자,record,False,False,False,False,,
Oblivion.esm,NPC_,00055199,SE08MiniBoss,FULL,0,,,Knight of Order,질서의 기사,record,False,False,False,False,,
Oblivion.esm,NPC_,00055139,SE07XirethardDarkSeducerPatrol04,FULL,0,,,Dark Seducer Archer,다크 세듀서 아처,record,False,False,False,False,,
Oblivion.esm,NPC_,00055127,SE07XirethardDarkSeducerPatrol03,FULL,0,,,Dark Seducer,다크 세듀서,record,False,False,False,False,,
Oblivion.esm,NPC_,00055126,SE07XirethardDarkSeducerPatrol01,FULL,0,,,Dark Seducer Mage,다크 세듀서 메이지,record,False,False,False,False,,
Oblivion.esm,NPC_,00055125,SE07XirethardDarkSeducerPatrol02,FULL,0,,,Dark Seducer Archer,다크 세듀서 아처,record,False,False,False,False,,
Oblivion.esm,NPC_,00055007,SEBreakneckNovitiate,FULL,0,,,Heretic Novitiate,이단자 수사,record,False,False,False,False,,
Oblivion.esm,NPC_,00055000,SEBreakneckPatrol02,FULL,0,,,Heretic Watchman,이단자 감시자,record,False,False,False,False,,
Oblivion.esm,NPC_,00054FE7,SEBreakneckPatrol01,FULL,0,,,Heretic Watchman,이단자 감시자,record,False,False,False,False,,
Oblivion.esm,NPC_,00054CD7,SE10SaintMaleWarrior4,FULL,0,,,Golden Saint Warrior,골든 세인트 전사,record,False,False,False,False,,
Oblivion.esm,NPC_,00054CD6,SE10SaintMaleWarrior3,FULL,0,,,Golden Saint Warrior,골든 세인트 전사,record,False,False,False,False,,
Oblivion.esm,NPC_,00054CD5,SE10SaintMaleWarrior2,FULL,0,,,Golden Saint Warrior,골든 세인트 전사,record,False,False,False,False,,
Oblivion.esm,NPC_,00054CD3,SE10SaintMaleWarrior1,FULL,0,,,Golden Saint Warrior,골든 세인트 전사,record,False,False,False,False,,
Oblivion.esm,NPC_,00054CA2,SE11Apostle07,FULL,0,,,Apostle,사도,record,False,False,False,False,,
Oblivion.esm,NPC_,00054CA1,SE11Apostle06,FULL,0,,,Apostle,사도,record,False,False,False,False,,
Oblivion.esm,NPC_,00054B43,SE09Victim06,FULL,0,,,Victim,피해자,record,False,False,False,False,,
Oblivion.esm,NPC_,00054B42,SE09Victim05,FULL,0,,,Victim,피해자,record,False,False,False,False,,
Oblivion.esm,NPC_,00054B41,SE09Victim04,FULL,0,,,Victim,피해자,record,False,False,False,False,,
Oblivion.esm,NPC_,00054984,SE06DarkSeducerMissileHoldPosition05,FULL,0,,,Dark Seducer,다크 세듀서,record,False,False,False,False,,
Oblivion.esm,NPC_,00054983,SE06DarkSeducerMissileHoldPosition04,FULL,0,,,Dark Seducer,다크 세듀서,record,False,False,False,False,,
Oblivion.esm,NPC_,00054982,SE06DarkSeducerMissileHoldPosition03,FULL,0,,,Dark Seducer,다크 세듀서,record,False,False,False,False,,
Oblivion.esm,NPC_,00054981,SE06DarkSeducerMissileHoldPosition01,FULL,0,,,Dark Seducer,다크 세듀서,record,False,False,False,False,,
Oblivion.esm,NPC_,00054980,SE06DarkSeducerMeleeAttackRoomA03,FULL,0,,,Dark Seducer,다크 세듀서,record,False,False,False,False,,
Oblivion.esm,NPC_,0005497F,SE06DarkSeducerMeleeAttackRoomA02,FULL,0,,,Dark Seducer,다크 세듀서,record,False,False,False,False,,
Oblivion.esm,NPC_,0005497E,SE06GoldenSaint05,FULL,0,,,Golden Saint,골든 세인트,record,False,False,False,False,,
Oblivion.esm,NPC_,0005497A,SE06GoldenSaint04,FULL,0,,,Golden Saint,골든 세인트,record,False,False,False,False,,
Oblivion.esm,NPC_,00054979,SE06GoldenSaint03,FULL,0,,,Golden Saint,골든 세인트,record,False,False,False,False,,
Oblivion.esm,NPC_,00054971,SE06GoldenSaint02,FULL,0,,,Golden Saint,골든 세인트,record,False,False,False,False,,
Oblivion.esm,NPC_,00053096,SE07ADarkSeducerEliteChambersGuard01,FULL,0,,,Dark Seducer Royal Guard,다크 세듀서 근위병,record,False,False,False,False,,
Oblivion.esm,NPC_,00053095,SE07ADarkSeducerEliteChambersGuard02,FULL,0,,,Dark Seducer Royal Guard,다크 세듀서 근위병,record,False,False,False,False,,
Oblivion.esm,NPC_,00052FE5,SE11Apostle05,FULL,0,,,Luminary Kaz,루미나리 카즈,record,False,False,False,False,,
Oblivion.esm,NPC_,00052FE4,SE11Apostle04,FULL,0,,,Apostle,사도,record,False,False,False,False,,
Oblivion.esm,NPC_,00052FE3,SE11Apostle03,FULL,0,,,Apostle,사도,record,False,False,False,False,,
Oblivion.esm,NPC_,00052F92,SE07ADarkSeducerEliteQuartersGuard02,FULL,0,,,Dark Seducer Royal Guard,다크 세듀서 근위병,record,False,False,False,False,,
Oblivion.esm,NPC_,00052F90,SE07ADarkSeducerEliteQuartersGuard01,FULL,0,,,Dark Seducer Royal Guard,다크 세듀서 근위병,record,False,False,False,False,,
Oblivion.esm,NPC_,00052F74,SE32Reveler06,FULL,0,,,Vitharn Reveler,바이탄 축제꾼,record,False,False,False,False,,
Oblivion.esm,NPC_,00052F72,SE32Reveler04,FULL,0,,,Vitharn Ghost Reveler,바이탄 유령 축제꾼,record,False,False,False,False,,
Oblivion.esm,NPC_,00052F70,SE32Reveler02,FULL,0,,,Vitharn Ghost Reveler,바이탄 유령 축제꾼,record,False,False,False,False,,
Oblivion.esm,NPC_,00052F6F,SE32Reveler01,FULL,0,,,Vitharn Ghost Reveler,바이탄 유령 축제꾼,record,False,False,False,False,,
Oblivion.esm,NPC_,00052F61,SE32Anglor,FULL,0,,,Anglor's Ghost,앵글로르의 유령,record,False,False,False,False,,
Oblivion.esm,NPC_,0005284D,SEZealot5BretonMale,FULL,0,,,Ascended Zealot,승천한 광신도,record,False,False,False,False,,
Oblivion.esm,NPC_,0005284C,SEZealot5BretonFemale,FULL,0,,,Ascended Zealot,승천한 광신도,record,False,False,False,False,,
Oblivion.esm,NPC_,0005284B,SEZealot4BretonMale,FULL,0,,,Zealot Patriarch,광신도 원로,record,False,False,False,False,,
Oblivion.esm,NPC_,0005284A,SEZealot4BretonFemale,FULL,0,,,Zealot Matriarch,광신도 여원로,record,False,False,False,False,,
Oblivion.esm,NPC_,00052849,SEZealot3BretonMale,FULL,0,,,Zealot Prosleytizer,광신도 개종자,record,False,False,False,False,,
Oblivion.esm,NPC_,00052848,SEZealot3BretonFemale,FULL,0,,,Zealot Prosleytizer,광신도 개종자,record,False,False,False,False,,
Oblivion.esm,NPC_,00052847,SEZealot2BretonMale,FULL,0,,,Zealot Missionary,광신도 선교사,record,False,False,False,False,,
Oblivion.esm,NPC_,00052846,SEZealot2BretonFemale,FULL,0,,,Zealot Missionary,광신도 선교사,record,False,False,False,False,,
Oblivion.esm,NPC_,00052845,SEZealot1BretonMale,FULL,0,,,Zealot Neophyte,광신도 신자,record,False,False,False,False,,
Oblivion.esm,NPC_,00052844,SEZealot1BretonFemale,FULL,0,,,Zealot Neophyte,광신도 신자,record,False,False,False,False,,
Oblivion.esm,NPC_,00052843,SEZealotBoss5HighElfFemale,FULL,0,,,Ascended Zealot,승천한 광신도,record,False,False,False,False,,
Oblivion.esm,NPC_,00052842,SEZealotBoss4BretonFemale,FULL,0,,,Zealot Matriarch,광신도 여원로,record,False,False,False,False,,
Oblivion.esm,NPC_,00052841,SEZealotBoss3HighElfFemale,FULL,0,,,Zealot Proselytizer,광신도 개종자,record,False,False,False,False,,
Oblivion.esm,NPC_,00052840,SEZealotBoss2BretonFemale,FULL,0,,,Zealot Missionary,광신도 선교사,record,False,False,False,False,,
Oblivion.esm,NPC_,0005283F,SEZealotBoss1BretonFemale,FULL,0,,,Zealot Neophyte,광신도 신자,record,False,False,False,False,,
Oblivion.esm,NPC_,0005283E,SEHereticBoss5HighElfMale,FULL,0,,,Transformed Heretic,변형된 이단자,record,False,False,False,False,,
Oblivion.esm,NPC_,0005283D,SEHereticBoss4HighElfMale,FULL,0,,,Heretic Warpriest,이단자 전쟁 사제,record,False,False,False,False,,
Oblivion.esm,NPC_,0005283C,SEHereticBoss3HighElfMale,FULL,0,,,Heretic Crusader,이단자 성전사,record,False,False,False,False,,
Oblivion.esm,NPC_,0005283B,SEHereticBoss2HighElfMale,FULL,0,,,Heretic Soldier,이단자 병사,record,False,False,False,False,,
Oblivion.esm,NPC_,0005283A,SEHereticBoss1HighElfMale,FULL,0,,,Heretic Novitiate,이단자 수사,record,False,False,False,False,,
Oblivion.esm,NPC_,00052839,SEHeretic5HighElfMale,FULL,0,,,Transformed Heretic,변형된 이단자,record,False,False,False,False,,
Oblivion.esm,NPC_,00052838,SEHeretic5HighElfFemale,FULL,0,,,Transformed Heretic,변형된 이단자,record,False,False,False,False,,
Oblivion.esm,NPC_,00052837,SEHeretic5BretonMale,FULL,0,,,Transformed Heretic,변형된 이단자,record,False,False,False,False,,
Oblivion.esm,NPC_,00052836,SEHeretic4BretonMale,FULL,0,,,Heretic Warpriest,이단자 전쟁 사제,record,False,False,False,False,,
Oblivion.esm,NPC_,00052835,SEHeretic4BretonFemale,FULL,0,,,Heretic Warpriest,이단자 전쟁 사제,record,False,False,False,False,,
Oblivion.esm,NPC_,00052834,SEHeretic4HighElfFemale,FULL,0,,,Heretic Warpriest,이단자 전쟁 사제,record,False,False,False,False,,
Oblivion.esm,NPC_,00052833,SEHeretic3HighElfMale,FULL,0,,,Heretic Crusader Witch,이단자 성전사 마녀,record,False,False,False,False,,
Oblivion.esm,NPC_,00052832,SEHeretic3HighElfFemale,FULL,0,,,Heretic Crusader,이단자 성전사,record,False,False,False,False,,
Oblivion.esm,NPC_,00052831,SEHeretic2HighElfMale,FULL,0,,,Heretic Soldier,이단자 병사,record,False,False,False,False,,
Oblivion.esm,NPC_,00052830,SEHeretic2HighElfFemale,FULL,0,,,Heretic Soldier,이단자 병사,record,False,False,False,False,,
Oblivion.esm,NPC_,0005282F,SEHeretic1HighElfMale,FULL,0,,,Heretic Novitiate,이단자 수사,record,False,False,False,False,,
Oblivion.esm,NPC_,0005282E,SEHeretic1HighElfFemale,FULL,0,,,Heretic Novitiate,이단자 수사,record,False,False,False,False,,
Oblivion.esm,NPC_,00052449,TestJuan,FULL,0,,,Bruce,브루스,record,False,False,False,False,,
Oblivion.esm,NPC_,00050C8F,SE32genericDefenderMissile03,FULL,0,,,Vitharn Ghost Archer,바이탄 유령 궁수,record,False,False,False,False,,
Oblivion.esm,NPC_,00050C8E,SE32genericDefenderMissile02,FULL,0,,,Vitharn Ghost Archer,바이탄 유령 궁수,record,False,False,False,False,,
Oblivion.esm,NPC_,00050C8D,SE32genericDefenderMissile01,FULL,0,,,Vitharn Ghost Archer,바이탄 유령 궁수,record,False,False,False,False,,
Oblivion.esm,NPC_,00050C8B,SE32GenericFanaticMissile03,FULL,0,,,Ghost Fanatic Archer,유령 광신자 궁수,record,False,False,False,False,,
Oblivion.esm,NPC_,00050C8A,SE32GenericFanaticMissile02,FULL,0,,,Ghost Fanatic Archer,유령 광신자 궁수,record,False,False,False,False,,
Oblivion.esm,NPC_,00050C89,SE32GenericFanaticMissile01,FULL,0,,,Ghost Fanatic Archer,유령 광신자 궁수,record,False,False,False,False,,
Oblivion.esm,NPC_,00050C88,SE32genericDefender03,FULL,0,,,Vitharn Ghost Soldier,바이탄 유령 병사,record,False,False,False,False,,
Oblivion.esm,NPC_,00050C87,SE32genericDefender02,FULL,0,,,Vitharn Ghost Soldier,바이탄 유령 병사,record,False,False,False,False,,
Oblivion.esm,NPC_,00050C86,SE32GenericFanatic03,FULL,0,,,Ghost Fanatic,유령 광신자,record,False,False,False,False,,
Oblivion.esm,NPC_,00050C85,SE32GenericFanatic02,FULL,0,,,Ghost Fanatic,유령 광신자,record,False,False,False,False,,
Oblivion.esm,NPC_,0004DAF7,SE05SummonedSeducer4,FULL,0,,,Dark Seducer,다크 세듀서,record,False,False,False,False,,
Oblivion.esm,NPC_,0004DAF3,SE05SummonedSeducer3,FULL,0,,,Dark Seducer,다크 세듀서,record,False,False,False,False,,
Oblivion.esm,NPC_,0004DAEE,SE05SummonedSeducer2,FULL,0,,,Dark Seducer,다크 세듀서,record,False,False,False,False,,
Oblivion.esm,NPC_,0004D7D0,SERottenPatrol06TEMPLATE,FULL,0,,,Zealot Neophyte,광신도 신자,record,False,False,False,False,,
Oblivion.esm,NPC_,0004D54F,SERottenPatrol05bTEMPLATE,FULL,0,,,Zealot Neophyte,광신도 신자,record,False,False,False,False,,
Oblivion.esm,NPC_,0004D52D,SERottenPatrol05aTEMPLATE,FULL,0,,,Zealot Neophyte,광신도 신자,record,False,False,False,False,,
Oblivion.esm,NPC_,0004BD31,SE14Healer1,FULL,0,,,Court Healer,궁정 치유사,record,False,False,False,False,,
Oblivion.esm,NPC_,0004BA28,SERottenDenZealotBoss1TEMPLATE,FULL,0,,,Zealot Neophyte,광신도 신자,record,False,False,False,False,,
Oblivion.esm,NPC_,0004BA06,SERottenPatrol02TEMPLATE,FULL,0,,,Zealot Neophyte,광신도 신자,record,False,False,False,False,,
Oblivion.esm,NPC_,0004B9FE,SERottenPatrol01TEMPLATE,FULL,0,,,Ascended Zealot,승천한 광신도,record,False,False,False,False,,
Oblivion.esm,NPC_,0004A871,SEDarkSeducerGuardPalacePatrol1,FULL,0,,,Dark Seducer Guard,다크 세듀서 경비병,record,False,False,False,False,,
Oblivion.esm,NPC_,0004A86F,SEGoldenSaintGuardPalacePatrol1,FULL,0,,,Golden Saint Guard,골든 세인트 경비병,record,False,False,False,False,,
Oblivion.esm,NPC_,0004A866,SE13GoldenSaintDead,FULL,0,,,Golden Saint,골든 세인트,record,False,False,False,False,,
Oblivion.esm,NPC_,000471C2,SE10Brellach04aTemplate,FULL,0,,,Knight of Order,질서의 기사,record,False,False,False,False,,
Oblivion.esm,NPC_,0004683B,SE14VoiceofSheogorath,FULL,0,,,Voice,음성,record,False,False,False,False,,
Oblivion.esm,NPC_,00046836,SE14DSFemaleMelee,FULL,0,,,Dark Seducer,다크 세듀서,record,False,False,False,False,,
Oblivion.esm,NPC_,00046830,SE14GSFemaleMelee,FULL,0,,,Golden Saint,골든 세인트,record,False,False,False,False,,
Oblivion.esm,NPC_,000467CE,SEDarkSeducerGuardPatrolNight,FULL,0,,,Dark Seducer Guard,다크 세듀서 경비병,record,False,False,False,False,,
Oblivion.esm,NPC_,000467A3,SEGoldenSaintGuardPatrolDay,FULL,0,,,Golden Saint Guard,골든 세인트 경비병,record,False,False,False,False,,
Oblivion.esm,NPC_,000467A0,SEGoldenSaintGuardPatrolNight,FULL,0,,,Golden Saint Guard,골든 세인트 경비병,record,False,False,False,False,,
Oblivion.esm,NPC_,0004679F,SEGoldenSaintGuardPatrol3,FULL,0,,,Golden Saint Guard,골든 세인트 경비병,record,False,False,False,False,,
Oblivion.esm,NPC_,0004679E,SEDarkSeducerGuardPatrolDay,FULL,0,,,Dark Seducer Guard,다크 세듀서 경비병,record,False,False,False,False,,
Oblivion.esm,NPC_,000459C1,SEDarkSeducerGuardWilderness1,FULL,0,,,Dark Seducer Guard,다크 세듀서 경비병,record,False,False,False,False,,
Oblivion.esm,NPC_,000459C0,SEDarkSeducerGuardWildernessOfficer,FULL,0,,,Dark Seducer Kiskedrig,다크 세듀서 키스케드리그,record,False,False,False,False,,
Oblivion.esm,NPC_,000459A9,SESummonDarkSeducerFemale,FULL,0,,,Dark Seducer,다크 세듀서,record,False,False,False,False,,
Oblivion.esm,NPC_,000459A8,SESummonGoldenSaintFemale,FULL,0,,,Golden Saint,골든 세인트,record,False,False,False,False,,
Oblivion.esm,NPC_,00045946,SEGoldenSaintGuardWilderness1,FULL,0,,,Golden Saint Guard,골든 세인트 경비병,record,False,False,False,False,,
Oblivion.esm,NPC_,0004593F,SEGoldenSaintGuardWildernessOfficer,FULL,0,,,Golden Saint Aurgezel,골든 세인트 오우르젤,record,False,False,False,False,,
Oblivion.esm,NPC_,000457D9,SEGoldenSaintGuardPost,FULL,0,,,Golden Saint Guard,골든 세인트 경비병,record,False,False,False,False,,
Oblivion.esm,NPC_,00045762,SEDarkSeducerGuardPost,FULL,0,,,Dark Seducer Guard,다크 세듀서 경비병,record,False,False,False,False,,
Oblivion.esm,NPC_,0004566E,SE09Victim03,FULL,0,,,Victim,피해자,record,False,False,False,False,,
Oblivion.esm,NPC_,00045631,SE14Dancer1,FULL,0,,,Dancer,댄서,record,False,False,False,False,,
Oblivion.esm,NPC_,00045512,SE08KnightHoldPosition,FULL,0,,,Knight of Order,질서의 기사,record,False,False,False,False,,
Oblivion.esm,NPC_,00045418,TRAPVictimDarkSeducer,FULL,0,,,Dark Seducer,다크 세듀서,record,False,False,False,False,,
Oblivion.esm,NPC_,0004412A,SE06DarkSeducerUlfriBodyguard02,FULL,0,,,Dark Seducer,다크 세듀서,record,False,False,False,False,,
Oblivion.esm,NPC_,000440FB,SE09ExperimentCorpse02,FULL,0,,,Test Subject,테스트 대상,record,False,False,False,False,,
Oblivion.esm,NPC_,00044044,SE09ExperimentCorpse01,FULL,0,,,Test Subject,테스트 대상,record,False,False,False,False,,
Oblivion.esm,NPC_,00043F17,SE06DarkSeducerMeleeAttackRoomA01,FULL,0,,,Dark Seducer,다크 세듀서,record,False,False,False,False,,
Oblivion.esm,NPC_,00043825,SE09Victim02,FULL,0,,,Victim,피해자,record,False,False,False,False,,
Oblivion.esm,NPC_,00043824,SE09Victim01,FULL,0,,,Victim,피해자,record,False,False,False,False,,
Oblivion.esm,NPC_,00042FED,SE05SeducerEscort,FULL,0,,,Dark Seducer,다크 세듀서,record,False,False,False,False,,
Oblivion.esm,NPC_,00041D90,SEYngvar,FULL,0,,,Yngvar Doom-Sayer,종말예언자 잉그바르,record,False,False,False,False,,
Oblivion.esm,NPC_,00041713,SEDarkSeducerMaleMelee,FULL,0,,,Dark Seducer,다크 세듀서,record,False,False,False,False,,
Oblivion.esm,NPC_,00041712,SEGoldenSaintMaleMelee,FULL,0,,,Golden Saint,골든 세인트,record,False,False,False,False,,
Oblivion.esm,NPC_,00041512,SEGoldenSaintFemaleMage,FULL,0,,,Golden Saint Mage,골든 세인트 메이지,record,False,False,False,False,,
Oblivion.esm,NPC_,00041511,SEDarkSeducerFemaleMage,FULL,0,,,Dark Seducer Mage,다크 세듀서 메이지,record,False,False,False,False,,
Oblivion.esm,NPC_,00041510,SEGoldenSaintFemaleBoss,FULL,0,,,Golden Saint,골든 세인트,record,False,False,False,False,,
Oblivion.esm,NPC_,0004150F,SEDarkSeducerFemaleBoss,FULL,0,,,Dark Seducer,다크 세듀서,record,False,False,False,False,,
Oblivion.esm,NPC_,0004136D,SE08GoldenSaintDeadMale,FULL,0,,,Golden Saint,골든 세인트,record,False,False,False,False,,
Oblivion.esm,NPC_,0004136C,SE08DarkSeducerDeadMale,FULL,0,,,Dark Seducer,다크 세듀서,record,False,False,False,False,,
Oblivion.esm,NPC_,00041281,SEHereticBoss5BretonMale,FULL,0,,,Transformed Heretic,변형된 이단자,record,False,False,False,False,,
Oblivion.esm,NPC_,00041280,SEHereticBoss4BretonMale,FULL,0,,,Heretic Warpriest,이단자 전쟁 사제,record,False,False,False,False,,
Oblivion.esm,NPC_,0004127F,SEHereticBoss3BretonMale,FULL,0,,,Heretic Crusader,이단자 성전사,record,False,False,False,False,,
Oblivion.esm,NPC_,0004127E,SEHereticBoss2BretonMale,FULL,0,,,Heretic Soldier,이단자 병사,record,False,False,False,False,,
Oblivion.esm,NPC_,0004127D,SEHereticBoss1BretonMale,FULL,0,,,Heretic Novitiate,이단자 수사,record,False,False,False,False,,
Oblivion.esm,NPC_,0004127A,SEHeretic3BretonMale,FULL,0,,,Heretic Crusader Witch,이단자 성전사 마녀,record,False,False,False,False,,
Oblivion.esm,NPC_,00041279,SEHeretic2BretonMale,FULL,0,,,Heretic Soldier,이단자 병사,record,False,False,False,False,,
Oblivion.esm,NPC_,00041278,SEHeretic1BretonMale,FULL,0,,,Heretic Novitiate,이단자 수사,record,False,False,False,False,,
Oblivion.esm,NPC_,00041277,SEHeretic5BretonFemale,FULL,0,,,Transformed Heretic,변형된 이단자,record,False,False,False,False,,
Oblivion.esm,NPC_,00041276,SEHeretic4HighElfMale,FULL,0,,,Heretic Warpriest,이단자 전쟁 사제,record,False,False,False,False,,
Oblivion.esm,NPC_,00041275,SEHeretic3BretonFemale,FULL,0,,,Heretic Crusader,이단자 성전사,record,False,False,False,False,,
Oblivion.esm,NPC_,00041274,SEHeretic2BretonFemale,FULL,0,,,Heretic Soldier,이단자 병사,record,False,False,False,False,,
Oblivion.esm,NPC_,00041273,SEHeretic1BretonFemale,FULL,0,,,Heretic Novitiate,이단자 수사,record,False,False,False,False,,
Oblivion.esm,NPC_,000411F3,SEThaedil,FULL,0,,,Thaedil,테이딜,record,False,False,False,False,,
Oblivion.esm,NPC_,0004119D,SEZealot5HighElfFemale,FULL,0,,,Ascended Zealot,승천한 광신도,record,False,False,False,False,,
Oblivion.esm,NPC_,0004119C,SEZealot4HighElfFemale,FULL,0,,,Zealot Matriarch,광신도 여원로,record,False,False,False,False,,
Oblivion.esm,NPC_,0004119B,SEZealot3HighElfFemale,FULL,0,,,Zealot Prosleytizer,광신도 개종자,record,False,False,False,False,,
Oblivion.esm,NPC_,0004119A,SEZealot2HighElfFemale,FULL,0,,,Zealot Missionary,광신도 선교사,record,False,False,False,False,,
Oblivion.esm,NPC_,00041199,SEZealot1HighElfFemale,FULL,0,,,Zealot Neophyte,광신도 신자,record,False,False,False,False,,
Oblivion.esm,NPC_,00041198,SEZealot5HighElfMale,FULL,0,,,Ascended Zealot,승천한 광신도,record,False,False,False,False,,
Oblivion.esm,NPC_,00041197,SEZealot4HighElfMale,FULL,0,,,Zealot Patriarch,광신도 원로,record,False,False,False,False,,
Oblivion.esm,NPC_,00041196,SEZealot3HighElfMale,FULL,0,,,Zealot Prosleytizer,광신도 개종자,record,False,False,False,False,,
Oblivion.esm,NPC_,00041195,SEZealot2HighElfMale,FULL,0,,,Zealot Missionary,광신도 선교사,record,False,False,False,False,,
Oblivion.esm,NPC_,00041194,SEZealot1HighElfMale,FULL,0,,,Zealot Neophyte,광신도 신자,record,False,False,False,False,,
Oblivion.esm,NPC_,00041193,SEZealotBoss5BretonFemale,FULL,0,,,Ascended Zealot,승천한 광신도,record,False,False,False,False,,
Oblivion.esm,NPC_,00041192,SEZealotBoss4HighElfFemale,FULL,0,,,Zealot Matriarch,광신도 여원로,record,False,False,False,False,,
Oblivion.esm,NPC_,00041191,SEZealotBoss3BretonFemale,FULL,0,,,Zealot Proselytizer,광신도 개종자,record,False,False,False,False,,
Oblivion.esm,NPC_,00041190,SEZealotBoss2HighElfFemale,FULL,0,,,Zealot Missionary,광신도 선교사,record,False,False,False,False,,
Oblivion.esm,NPC_,0004118F,SEZealotBoss1HighElfFemale,FULL,0,,,Zealot Neophyte,광신도 신자,record,False,False,False,False,,
Oblivion.esm,NPC_,0003DBBC,SE32genericDefender01,FULL,0,,,Vitharn Ghost Soldier,바이탄 유령 병사,record,False,False,False,False,,
Oblivion.esm,NPC_,0003DBAA,SE32GenericFanatic01,FULL,0,,,Ghost Fanatic,유령 광신자,record,False,False,False,False,,
Oblivion.esm,NPC_,0001D9D8,SE08XeddefenNPC04,FULL,0,,,Refugee,난민,record,False,False,False,False,,
Oblivion.esm,NPC_,0001D9D7,SE08XeddefenNPC03,FULL,0,,,Refugee,난민,record,False,False,False,False,,
Oblivion.esm,NPC_,0001D9D6,SE08XeddefenNPC02,FULL,0,,,Refugee,난민,record,False,False,False,False,,
Oblivion.esm,NPC_,0001D9D5,SE08XeddefenNPC01,FULL,0,,,Refugee,난민,record,False,False,False,False,,
Oblivion.esm,NPC_,0001D9D4,SE08XeddefenNPC05,FULL,0,,,Refugee,난민,record,False,False,False,False,,
Oblivion.esm,NPC_,0001B658,SE10SeducerWarriorDead1,FULL,0,,,Dark Seducer Warrior,다크 세듀서 전사,record,False,False,False,False,,
Oblivion.esm,NPC_,0001B5B6,SE10KnightTemplate,FULL,0,,,Knight of Order,질서의 기사,record,False,False,False,False,,
Oblivion.esm,NPC_,0001B038,SE10SaintWarriorDead1,FULL,0,,,Golden Saint Warrior,골든 세인트 전사,record,False,False,False,False,,
Oblivion.esm,NPC_,0001ACC5,SE13GoldenSaintGeneric2,FULL,0,,,Golden Saint,골든 세인트,record,False,False,False,False,,
Oblivion.esm,NPC_,0001AC94,SE13DarkSeducerGeneric2,FULL,0,,,Dark Seducer,다크 세듀서,record,False,False,False,False,,
Oblivion.esm,NPC_,0001AC91,SE13GoldenSaintPlayer,FULL,0,,,Golden Saint,골든 세인트,record,False,False,False,False,,
Oblivion.esm,NPC_,0001AC90,SE13GoldenSaintGenericOfficer,FULL,0,,,Golden Saint Auredel,골든 세인트 오우르델,record,False,False,False,False,,
Oblivion.esm,NPC_,0001AC8F,SE13DarkSeducerGenericOfficer,FULL,0,,,Dark Seducer Grakedrig,다크 세듀서 그라케드릭,record,False,False,False,False,,
Oblivion.esm,NPC_,0001AC8E,SE13GoldenSaintGeneric1,FULL,0,,,Golden Saint,골든 세인트,record,False,False,False,False,,
Oblivion.esm,NPC_,0001AC8D,SE13DarkSeducerGeneric1,FULL,0,,,Dark Seducer,다크 세듀서,record,False,False,False,False,,
Oblivion.esm,NPC_,0001AC8C,SE13DarkSeducerPlayer,FULL,0,,,Dark Seducer,다크 세듀서,record,False,False,False,False,,
Oblivion.esm,NPC_,0001A7ED,SE13KnightOfOrderRespawn,FULL,0,,,Knight of Order,질서의 기사,record,False,False,False,False,,
Oblivion.esm,NPC_,0001A7A7,SE13GoldenSaintPalace,FULL,0,,,Golden Saint,골든 세인트,record,False,False,False,False,,
Oblivion.esm,NPC_,0001A7A3,SE13DarkSeducerPalace,FULL,0,,,Dark Seducer,다크 세듀서,record,False,False,False,False,,
Oblivion.esm,NPC_,0001A795,SE13GoldenSaintMessenger,FULL,0,,,Golden Saint,골든 세인트,record,False,False,False,False,,
Oblivion.esm,NPC_,0001A792,SE13DarkSeducerMessenger,FULL,0,,,Dark Seducer,다크 세듀서,record,False,False,False,False,,
Oblivion.esm,NPC_,0001A790,SE13GoldenSaintCaptain,FULL,0,,,Aurmazl Zudeh,아우르마즐 주데,record,False,False,False,False,,
Oblivion.esm,NPC_,0001A78E,SE13DarkSeducerCaptain,FULL,0,,,Autkendo Jansa,오우트켄도 잔사,record,False,False,False,False,,
Oblivion.esm,NPC_,0001A769,SE32Fanatic7,FULL,0,,,Ghost Fanatic,유령 광신자,record,False,False,False,False,,
Oblivion.esm,NPC_,0001A768,SE32Fanatic6,FULL,0,,,Ghost Fanatic,유령 광신자,record,False,False,False,False,,
Oblivion.esm,NPC_,0001A767,SE32Defender4,FULL,0,,,Vitharn Ghost Soldier,바이탄 유령 병사,record,False,False,False,False,,
Oblivion.esm,NPC_,0001A766,SE32Defender3,FULL,0,,,Vitharn Ghost Soldier,바이탄 유령 병사,record,False,False,False,False,,
Oblivion.esm,NPC_,0001A765,SE32Defender2,FULL,0,,,Vitharn Ghost Soldier,바이탄 유령 병사,record,False,False,False,False,,
Oblivion.esm,NPC_,0001A764,SE32Defender1,FULL,0,,,Vitharn Ghost Soldier,바이탄 유령 병사,record,False,False,False,False,,
Oblivion.esm,NPC_,0001A763,SE32Fanatic8,FULL,0,,,Ghost Fanatic,유령 광신자,record,False,False,False,False,,
Oblivion.esm,NPC_,0001A3AA,SE32Fanatic5,FULL,0,,,Ghost Fanatic,유령 광신자,record,False,False,False,False,,
Oblivion.esm,NPC_,0001A388,SE11ApostleTraitor02,FULL,0,,,Apostle,사도,record,False,False,False,False,,
Oblivion.esm,NPC_,0001A1B2,SE06DarkSeducerMissileRedeploy03,FULL,0,,,Dark Seducer,다크 세듀서,record,False,False,False,False,,
Oblivion.esm,NPC_,0001A1B1,SE06DarkSeducerMissileRedeploy02,FULL,0,,,Dark Seducer,다크 세듀서,record,False,False,False,False,,
Oblivion.esm,NPC_,0001A165,SE06DarkSeducerUlfriBodyguard01,FULL,0,,,Dark Seducer,다크 세듀서,record,False,False,False,False,,
Oblivion.esm,NPC_,0001A13E,SE06DarkSeducerMissileRedeploy01,FULL,0,,,Dark Seducer,다크 세듀서,record,False,False,False,False,,
Oblivion.esm,NPC_,0001A13D,SE06DarkSeducerMeleeRedeploy01,FULL,0,,,Dark Seducer,다크 세듀서,record,False,False,False,False,,
Oblivion.esm,NPC_,0001A13C,SE06DarkSeducerMeleeHoldPosition,FULL,0,,,Dark Seducer,다크 세듀서,record,False,False,False,False,,
Oblivion.esm,NPC_,0001A117,SEBelmyneDreleth,FULL,0,,,Belmyne Dreleth,벨미네 드렐레스,record,False,False,False,False,,
Oblivion.esm,NPC_,0001A116,SESfara,FULL,0,,,S'fara,스'파라,record,False,False,False,False,,
Oblivion.esm,NPC_,00019D74,SE12OrderPriestGeneric1,FULL,0,,,Priest of Order,질서 사제,record,False,False,False,False,,
Oblivion.esm,NPC_,00019CE0,TestJoelSE09Spook,FULL,0,,,Spook,스푸크,record,False,False,False,False,,
Oblivion.esm,NPC_,00019848,SE03KnightofOrderTemplate,FULL,0,,,Knight of Order,질서의 기사,record,False,False,False,False,,
Oblivion.esm,NPC_,0001951C,SE06DarkSeducerMissileHoldPosition02,FULL,0,,,Dark Seducer,다크 세듀서,record,False,False,False,False,,
Oblivion.esm,NPC_,00018FDB,SE02OrcAdventurer1,FULL,0,,,Adventurer,모험가,record,False,False,False,False,,
Oblivion.esm,NPC_,00018FDA,SE02OrcAdventurer2,FULL,0,,,Adventurer,모험가,record,False,False,False,False,,
Oblivion.esm,NPC_,00018FD9,SE02OrcAdventurer3,FULL,0,,,Adventurer,모험가,record,False,False,False,False,,
Oblivion.esm,NPC_,00018FD8,SE02OrcAdventurer4,FULL,0,,,Adventurer,모험가,record,False,False,False,False,,
Oblivion.esm,NPC_,00018F8F,SEStela,FULL,0,,,Stela,스텔라,record,False,False,False,False,,
Oblivion.esm,NPC_,00018DBF,SE06DarkSeducerWarden,FULL,0,,,Vika,비카,record,False,False,False,False,,
Oblivion.esm,NPC_,00018DBE,SE06GoldenSaintWarden,FULL,0,,,Chuna,츄나,record,False,False,False,False,,
Oblivion.esm,NPC_,00018C68,SELewinTilwald,FULL,0,,,Lewin Tilwald,루윈 틸왈드,record,False,False,False,False,,
Oblivion.esm,NPC_,00018C66,SESyndeliusGatharian,FULL,0,,,Syndelius Gatharian,신델리우스 가타리안,record,False,False,False,False,,
Oblivion.esm,NPC_,00018C65,SEGrommokgroBarak,FULL,0,,,Grommok gro-Barak,그롬목 그로-바락,record,False,False,False,False,,
Oblivion.esm,NPC_,00018C63,SEKilibanNyrandil,FULL,0,,,Kiliban Nyrandil,킬리반 니란딜,record,False,False,False,False,,
Oblivion.esm,NPC_,0001803E,SE08KnightWave,FULL,0,,,Knight of Order,질서의 기사,record,False,False,False,False,,
Oblivion.esm,NPC_,00017D00,SE10SeducerWarrior2,FULL,0,,,Dark Seducer Warrior,다크 세듀서 전사,record,False,False,False,False,,
Oblivion.esm,NPC_,00017CFD,SE10SeducerWarrior1,FULL,0,,,Dark Seducer Warrior,다크 세듀서 전사,record,False,False,False,False,,
Oblivion.esm,NPC_,00017C82,SE08c2PriestNPCunique,FULL,0,,,Priest of Order,질서 사제,record,False,False,False,False,,
Oblivion.esm,NPC_,00017C6B,SE08c2Patrol,FULL,0,,,Knight of Order,질서의 기사,record,False,False,False,False,,
Oblivion.esm,NPC_,00017854,SEUrulGoAgamphDementia,FULL,0,,,Urul gro-Agamph,우룰 그로-아감프,record,False,False,False,False,,
Oblivion.esm,NPC_,0001783D,SEJzidzoDementia,FULL,0,,,J'zidzo,즈'지드조,record,False,False,False,False,,
Oblivion.esm,NPC_,0001783A,SEJastiraNanusDementia,FULL,0,,,Jastira Nanus,자스티라 나누스,record,False,False,False,False,,
Oblivion.esm,NPC_,0001746E,SEDylora,FULL,0,,,Dylora,다일로라,record,False,False,False,False,,
Oblivion.esm,NPC_,0001745F,SE10SaintWarrior2,FULL,0,,,Golden Saint Warrior,골든 세인트 전사,record,False,False,False,False,,
Oblivion.esm,NPC_,0001745C,SE10SaintWarrior1,FULL,0,,,Golden Saint Warrior,골든 세인트 전사,record,False,False,False,False,,
Oblivion.esm,NPC_,0001743F,SE08GoldenSaint04,FULL,0,,,Golden Saint Soldier,골든 세인트 병사,record,False,False,False,False,,
Oblivion.esm,NPC_,0001743E,SE08GoldenSaint03,FULL,0,,,Golden Saint Soldier,골든 세인트 병사,record,False,False,False,False,,
Oblivion.esm,NPC_,0001743D,SE08GoldenSaint02,FULL,0,,,Golden Saint Soldier,골든 세인트 병사,record,False,False,False,False,,
Oblivion.esm,NPC_,0001743C,SE08GoldenSaint01,FULL,0,,,Golden Saint Soldier,골든 세인트 병사,record,False,False,False,False,,
Oblivion.esm,NPC_,00017439,SE08GoldenSaintAurigDesha,FULL,0,,,Aurig Desha,오리그 데샤,record,False,False,False,False,,
Oblivion.esm,NPC_,00017438,SE08DarkSeducerDeadFemale,FULL,0,,,Dark Seducer,다크 세듀서,record,False,False,False,False,,
Oblivion.esm,NPC_,00017437,SE08DarkSeducer04,FULL,0,,,Dark Seducer Soldier,다크 세듀서 병사,record,False,False,False,False,,
Oblivion.esm,NPC_,00017436,SE08DarkSeducer03,FULL,0,,,Dark Seducer Soldier,다크 세듀서 병사,record,False,False,False,False,,
Oblivion.esm,NPC_,00017435,SE08DarkSeducer02,FULL,0,,,Dark Seducer Soldier,다크 세듀서 병사,record,False,False,False,False,,
Oblivion.esm,NPC_,00017434,SE08DarkSeducer01,FULL,0,,,Dark Seducer Soldier,다크 세듀서 병사,record,False,False,False,False,,
Oblivion.esm,NPC_,00017433,SE08DarkSeducerGrakendoUdico,FULL,0,,,Grakendo Udico,그라켄도 우디코,record,False,False,False,False,,
Oblivion.esm,NPC_,00017432,SE08GoldenSaintDeadFemale,FULL,0,,,Golden Saint,골든 세인트,record,False,False,False,False,,
Oblivion.esm,NPC_,0001723C,SE07ADarkSeducerEliteBodyguard,FULL,0,,,Dark Seducer Royal Guard,다크 세듀서 근위병,record,False,False,False,False,,
Oblivion.esm,NPC_,000171DE,SE08c1Priest02,FULL,0,,,Priest of Order,질서 사제,record,False,False,False,False,,
Oblivion.esm,NPC_,000171C5,SE12OrderPriestMania2,FULL,0,,,Priest of Order,질서 사제,record,False,False,False,False,,
Oblivion.esm,NPC_,000171C4,SE12OrderPriestDementia3,FULL,0,,,Priest of Order,질서 사제,record,False,False,False,False,,
Oblivion.esm,NPC_,000171C2,SE12OrderPriestDementia2,FULL,0,,,Priest of Order,질서 사제,record,False,False,False,False,,
Oblivion.esm,NPC_,000171C1,SE12OrderPriestDementia1,FULL,0,,,Priest of Order,질서 사제,record,False,False,False,False,,
Oblivion.esm,NPC_,000171C0,SE12OrderPriestMania3,FULL,0,,,Priest of Order,질서 사제,record,False,False,False,False,,
Oblivion.esm,NPC_,0001719A,SE08KnightBasicPackage,FULL,0,,,Knight of Order,질서의 기사,record,False,False,False,False,,
Oblivion.esm,NPC_,00017062,TestJoelPawnKnight03,FULL,0,,,Pawn One,전당포,record,False,False,False,False,,
Oblivion.esm,NPC_,00017061,TestJoelKnight02,FULL,0,,,Pawn One,전당포,record,False,False,False,False,,
Oblivion.esm,NPC_,00017060,TestJoelPawnKnight01,FULL,0,,,Pawn One,전당포,record,False,False,False,False,,
Oblivion.esm,NPC_,0001705F,SE08c1PriestNPCunique,FULL,0,,,Priest of Order,질서 사제,record,False,False,False,False,,
Oblivion.esm,NPC_,00016FC1,SE12OrderPriestMania1,FULL,0,,,Priest of Order,질서 사제,record,False,False,False,False,,
Oblivion.esm,NPC_,00016B8E,SEStaada,FULL,0,,,Staada,스타다,record,False,False,False,False,,
Oblivion.esm,NPC_,00016B75,SE11Rakheran,FULL,0,,,Ra'kheran,라'키란,record,False,False,False,False,,
Oblivion.esm,NPC_,0001681B,SEAdeo,FULL,0,,,Adeo,아데오,record,False,False,False,False,,
Oblivion.esm,NPC_,00016819,SEIssmi,FULL,0,,,Issmi,이스미,record,False,False,False,False,,
Oblivion.esm,NPC_,00016569,SEHorkvirBearArmDementia,FULL,0,,,Horkvir Bear-Arm,호크비르 베어-암,record,False,False,False,False,,
Oblivion.esm,NPC_,000164C1,SE10Seducer,FULL,0,,,Dark Seducer Messenger,다크 세듀서 메신저,record,False,False,False,False,,
Oblivion.esm,NPC_,000164BF,SE10Saint,FULL,0,,,Golden Saint Messenger,골든 세인트 전령,record,False,False,False,False,,
Oblivion.esm,NPC_,000158A2,SEOrderPriest5,FULL,0,,,Priest of Order,질서 사제,record,False,False,False,False,,
Oblivion.esm,NPC_,000158A1,SEOrderPriest4,FULL,0,,,Priest of Order,질서 사제,record,False,False,False,False,,
Oblivion.esm,NPC_,000158A0,SEOrderPriest3,FULL,0,,,Priest of Order,질서 사제,record,False,False,False,False,,
Oblivion.esm,NPC_,00015867,SEAtrabhiDementia,FULL,0,,,Atrabhi,아트라비,record,False,False,False,False,,
Oblivion.esm,NPC_,0001584C,TestJoelPawn01,FULL,0,,,Pawn One,전당포,record,False,False,False,False,,
Oblivion.esm,NPC_,00015662,SEKnightOfOrderRespawn,FULL,0,,,Knight of Order,질서의 기사,record,False,False,False,False,,
Oblivion.esm,NPC_,000155A4,SEBrithaur,FULL,0,,,Brithaur,브리타우르,record,False,False,False,False,,
Oblivion.esm,NPC_,000155A3,SEHirrusClutumnus,FULL,0,,,Hirrus Clutumnus,히루스 클루텀누스,record,False,False,False,False,,
Oblivion.esm,NPC_,000155A2,SEMazaddha,FULL,0,,,Ma'zaddha,마'자다,record,False,False,False,False,,
Oblivion.esm,NPC_,000155A1,SESicklyBernice,FULL,0,,,Sickly Bernice,병약한 버니스,record,False,False,False,False,,
Oblivion.esm,NPC_,000155A0,SEAhjazda,FULL,0,,,Ahjazda,아자즈다,record,False,False,False,False,,
Oblivion.esm,NPC_,0001559F,SEEaril,FULL,0,,,Earil,이어릴,record,False,False,False,False,,
Oblivion.esm,NPC_,0001559E,SEUnaArmina,FULL,0,,,Una Armina,우나 아르미나,record,False,False,False,False,,
Oblivion.esm,NPC_,0001559D,SEDumagGraBonk,FULL,0,,,Dumag gro-Bonk,두마그 그로-봉크,record,False,False,False,False,,
Oblivion.esm,NPC_,0001559C,SECaldanaMonrius,FULL,0,,,Caldana Monrius,칼다나 몬리우스,record,False,False,False,False,,
Oblivion.esm,NPC_,0001559B,SEUshnarGroShadborgob,FULL,0,,,Ushnar gro-Shadborgob,우쉬나르 그로-샤드보르고브,record,False,False,False,False,,
Oblivion.esm,NPC_,0001559A,SESontaire,FULL,0,,,Sontaire,손테어,record,False,False,False,False,,
Oblivion.esm,NPC_,00015599,SERunsInCircles,FULL,0,,,Runs-in-Circles,원형으로 달리는,record,False,False,False,False,,
Oblivion.esm,NPC_,00015598,SERelan,FULL,0,,,Relan,렐란,record,False,False,False,False,,
