file,record_type,formid,editor_id,field,occurrence,quest_stage,quest_stage_occurrence,source_english,translation_korean,origin,flag_korean_english_parentheses,flag_english_remnant,flag_topic_system_candidate,flag_decode_unknown,review_priority,english_tokens
Oblivion.esm,DIAL,0001DB14,MS23RalsaGreet,FULL,0,,,"It's alright, Ralsa. Continue.","좋소, 랄사(Ralsa). 계속 하시오.",record,True,True,True,False,HIGH,Ralsa
Oblivion.esm,INFO,0001DB1F,,NAM1,0,,,"Thank you. Gilen always tends to exaggerate, but in this case he sounded earnest which worries me a bit...","감사합니다. Gilen은 늘 과장하는 습관이 있어서요. 하지만, 이번에는 나에게 부탁 하는 것에 대해 그의 진실함이 보였습니다.",record,False,True,False,False,MEDIUM,Gilen
Oblivion.esm,INFO,0001DB1F,,NAM1,1,,,He said to tell you that the matter he needs help with is of the utmost importance to the citizens of the Imperial City.,그는 당신에게 임페리얼 씨티의 시민들에게 가장 중요한 일에 대해 도움을 주실 일이 있다고 전하라고 했습니다.,record,False,False,False,False,,
Oblivion.esm,INFO,0001DB1F,,NAM1,2,,,You're to meet him at Seridur's house which is located in the Temple District. He said all will be explained when you get there.,당신은 Temple District에 있는 Seridur's house에 가셔서 그를 만나 보세요. 당신이 그곳으로 가면 그가 모든걸 설명 할겁니다.,record,False,True,False,False,MEDIUM,"Temple, District, Seridur's, house"
Oblivion.esm,INFO,0001DB1F,,NAM1,3,,,That's all he told me to say.,이것이 그가 내게 알려드리라고 한 전부 입니다.,record,False,False,False,False,,
Oblivion.esm,DIAL,0001DC10,ToutiusSextiusTopic,FULL,0,,,Toutius Sextius,토티어스 섹스티어스(Toutius Sextius),record,True,True,True,False,HIGH,"Toutius, Sextius"
Oblivion.esm,INFO,0001DC47,,NAM1,0,,,"He lives in the large house between the Low Gate and the East Bridge. Alone -- suspicious, don't you think?","그는 로우 게이트(Low Gate)와 이스트 브리지(East Bridge)사이의 큰 집에서 살아요. 혼자서요. 의심쩍죠, 그렇게 생각 안 해요?",record,True,True,False,False,HIGH,"Low, Gate, East, Bridge"
Oblivion.esm,INFO,00025B37,,NAM1,0,,,"Thanks to you, his sinister plans have now been revealed to me.","당신 덕분이야, 녀석의 사악한 계획은 이제 밝혀졌어.",record,False,False,False,False,,
Oblivion.esm,INFO,00025B38,,NAM1,0,,,"I was sure he was part of the conspiracy. Sure of it. I guess it just goes to show ... well, we'll see what it goes to show, won't we?","나는 그가 음모의 일부분이었다고 확신했어. 맹세하지. 일단... 그렇게 보인거일 뿐이지만, 이제 명백한 뭔가를 보게될게야, 그렇지?",record,False,False,False,False,,
Oblivion.esm,DIAL,0001DC11,MS38Next,FULL,0,,,What else do you want me to do?,그밖에 무엇을 해야 하나요?,record,False,False,True,False,TOPIC_CHECK,
Oblivion.esm,INFO,00023669,,NAM1,0,,,"Toutius Sextius, do you know him? A quiet fellow, appears harmless enough, but I've identified him as one of my key suspects.","Toutius Sextius, 그를 알고 있나? 조용한 녀석이고 비록 해롭게 보이진 않지만, 난 녀석을 가장 중요한 혐의자중 한명으로 생각하고 있어.",record,False,True,False,False,MEDIUM,"Toutius, Sextius"
Oblivion.esm,INFO,00023669,,NAM1,1,,,"He's a clever one, no doubt about it. Eyes in the back of his head, always seems to know when I'm watching.  But that's where you come in.","그는 영리한 녀석이야, 의심할 여지가 없지. 머리 뒤에 눈이 달린 것처럼 내가 지켜볼 때면 항상 알아채는것 같아. 때문에 그것으로부터 시작해야 할꺼야.",record,False,False,False,False,,
Oblivion.esm,INFO,00023669,,NAM1,2,,,You should wait outside his house and see what he does when he's not watching me. I'll meet you here tomorrow night to get your report.,너는 그의 집 밖에서 기다렸다가 나를 감시하지 않을 때 그가 무엇을 하는지 알아봐라. 나는 내일 밤 여기서 너의 보고를 기다리겠다.,record,False,False,False,False,,
Oblivion.esm,INFO,0001DC33,,NAM1,0,,,"Do you know Davide Surilie? Yes, of the famous Surilie Vineyards. Pillar of the community, et cetera. Who would ever suspect him?","Davide Surilie를 아나요? 네, 유명한 Surilie 포도원. 지역 사회의 기둥, 기타 등등. 도대체 누가 그를 의심하겠습니까?",record,False,True,False,False,MEDIUM,"Davide, Surilie, Surilie"
Oblivion.esm,INFO,0001DC33,,NAM1,1,,,Perfect cover for the ringleader of the whole conspiracy! He watches my house constantly. You'll see.,모든 음모의 주모자에게서 보호해 주시오! 그는 줄곧 내 집을 감시했어. 당신도 알거야.,record,False,False,False,False,,
Oblivion.esm,INFO,0001DC33,,NAM1,2,,,"He leaves his house early each morning. Watch him and report back to me here, at midnight as usual. Make sure he doesn't notice you!",그는 매일 아침 일찍 집을 나올거야. 지켜 본 후에 평소처럼 자정이 되면 나에게 보고해. 그가 눈치채지 않도록 주의해!,record,False,False,False,False,,
Oblivion.esm,DIAL,0001DC12,MS38Reward,FULL,0,,,What about the reward you promised?,약속의 보수는?,record,False,False,True,False,TOPIC_CHECK,
Oblivion.esm,INFO,0001DC32,,NAM1,0,,,"Ah, of course. The gold. Here. But there is someone else I need you to investigate.","아, 물론. 골드. 여기. 하지만 네가 조사해 줬으면 하는 다른 사람이 더 있어.",record,False,False,False,False,,
Oblivion.esm,INFO,00023664,,NAM1,0,,,"Yes, the gold that you value so highly. I wonder, what price betrayal ... never mind that. We shall see ... I do have one more name for you.","예, 자네가 그렇게나 가치있어 하는 골드. 궁금하군, 배신의 가격은 얼마일지 ... 신경쓰지 말게나. 알게 되겠지. 네가 맡아줄 사람이 한명 더 있다.",record,False,False,False,False,,
Oblivion.esm,INFO,00023665,,NAM1,0,,,"Here you go, my friend. Trust me, you've earned it. There is one last person that needs looking into, though.","이거 받게나, 나의 친구. 정말이야, 니가 벌어 들인거야. 아직 조사가 필요한 마지막 한 사람이 남았어.",record,False,False,False,False,,
Oblivion.esm,INFO,00023666,,NAM1,0,,,"Yes, of course, here is your precious gold. Now I need you to investigate one more person for me.","예, 물론, 여기 소중한 골드 받게나. 이제 나를 위해 한 사람 더 조사해 줬으면 해.",record,False,False,False,False,,
Oblivion.esm,INFO,0002585C,,NAM1,0,,,"Here's the gold, as promised. I always pay my debts, and then some. Do the last .. task ... in that note, and I will pay you much, much more.","골드 받게나, 약속했던. 나는 항상 빚은 갚지, 그러고 나선 몇가지. 그 공책에 있는 마지막 ... 임무 ... 를 해주게, 그러면 더 많이 지불할꺼야, 더 많이.",record,False,False,False,False,,
Oblivion.esm,INFO,00023668,,NAM1,0,,,You certainly earned this. Take it with my thanks. I believe it must have been fate that brought the two of us together. Goodbye.,"확실히 자네가 이걸 벌었어. 나의 감사와 함께 받아주게. 나는 우리 둘이 함께 했던건, 운명이었다고 믿어. 굿바이.",record,False,False,False,False,,
Oblivion.esm,INFO,0002367A,,NAM1,0,,,"By all means. I would have paid any amount to be rid of those watching eyes, always watching me ... but never again! Ha ha ha! I'm FREE!!","아무렴. 나는 저 감시하는 눈들을 제거하기 위해선 어떤 금액이라도 지불할거야, 항상 나를 감시하는 ... 하지만 다시는 결코! 하 하 하! 나는 자유다!",record,False,False,False,False,,
Oblivion.esm,DIAL,0001DC13,MS38DSNo,FULL,0,,,Davide Surilie is not spying on you.,Davide Surilie는 당신을 감시하지 않습니다.,record,False,True,True,False,TOPIC_CHECK,"Davide, Surilie"
Oblivion.esm,INFO,00023670,,NAM1,0,,,"Just as I suspected!! They've gotten to you too! Not one of them involved in the conspiracy, and you expect me to believe that?!","내가 의심한 그대로야!! 그들도 당신에게 다가갔군! 그들 중 공모에 관여한 자가 한명도 없다고, 나보고 그것을 믿으라는 말인가?!",record,False,False,False,False,,
Oblivion.esm,INFO,00023670,,NAM1,1,,,Now I know for sure that they are all in on it. And therefore they all have to die. Starting with you!!,이제 확실히 알겠어 니들 모두 한통속이라는 것을. 그러니 그들 모두는 죽어야만 해. 너부터 시작이야!!,record,False,False,False,False,,
Oblivion.esm,INFO,00023671,,NAM1,0,,,Well then... I suppose I must believe you. At least now I can be sure... [Scribbles something on a piece of paper.] Here. This is your last task.,음 그러면... 나는 너를 믿어야만 하겠지. 적어도 지금 나는 확신해... [종이에 무언가를 갈겨 쓴다.] 여기. 이것이 마지막 과제물이야.,record,False,False,False,False,,
Oblivion.esm,INFO,000BE418,,NAM1,0,,,That is a relief... I was sure... but you have proved yourself... trustworthy. A friend indeed!,그건 다행이군... 확실히... 자네가 증명했으니... 신뢰할 수 있겠어. 진정한 친구!,record,False,False,False,False,,
Oblivion.esm,DIAL,0001DC14,MS38DSYes,FULL,0,,,You were right. He is spying on you.,당신이 맞아요. 그는 당신을 감시합니다.,record,False,False,True,False,TOPIC_CHECK,
Oblivion.esm,INFO,0002366F,,NAM1,0,,,"And so it all falls into place... yes, yes, it all makes sense now. [Scribbles something on a piece of paper.] Here. This is your last task.","모든게 이렇게 맞아 떨어지는군... 그래, 그래, 모든 것이 말이 돼. [종이에 무언가를 갈겨 쓴다.] 여기. 이것이 마지막 임무야.",record,False,False,False,False,,
Oblivion.esm,DIAL,0001DC18,MS38TSNo,FULL,0,,,Toutius Sextius is not watching you.,Toutius Sextius는 당신을 감시하지 않습니다.,record,False,True,True,False,TOPIC_CHECK,"Toutius, Sextius"
Oblivion.esm,INFO,0002366A,,NAM1,0,,,"So he really is innocent, then. Interesting ... perhaps they have been using him as a decoy, to draw my attention away from their real spies ...","그래 그가 정말로 결백하다고, 그러면. 흥미롭군... 아마 그들이 그를 미끼로서 사용해 온걸테지. 그들의 진짜 스파이로부터 내 눈을 돌리기위해 ...",record,False,False,False,False,,
Oblivion.esm,INFO,0002366B,,NAM1,0,,,Really?! So you're saying that neither Bernadette Peneles or Toutius Sextius is part of the conspiracy against me? Hard to believe.,정말로?! 그렇게 말하는거야 Bernadette Peneles와 Toutius Sextius 둘다 나에 대한 공모의 일부분이 아니었다고? 믿기 어렵군.,record,False,True,False,False,MEDIUM,"Bernadette, Peneles, Toutius, Sextius"
Oblivion.esm,DIAL,0001DC19,MS38TSYes,FULL,0,,,Toutius Sextius is spying on you.,Toutius Sextius가 당신을 감시합니다.,record,False,True,True,False,TOPIC_CHECK,"Toutius, Sextius"
Oblivion.esm,INFO,0002366E,,NAM1,0,,,"So I was right all along! You're doing excellent work, my friend.","그럼 내가 줄곧 옳았었다! 훌륭하게 일을 해내었어, 내 친구.",record,False,False,False,False,,
Oblivion.esm,DIAL,0001DC1A,MS38NotYet,FULL,0,,,I have nothing to report yet.,아직 보고할 것이 없어요.,record,False,False,True,False,TOPIC_CHECK,
Oblivion.esm,INFO,0001DC2F,,NAM1,0,,,"Then why do you waste my time!?  Do as you agreed, and meet me here tomorrow night!","그럼 왜 내 시간을 까먹는 거야!? 우리가 합의한 대로 하고, 내일 밤에 다시 여기서 만나자고!",record,False,False,False,False,,
Oblivion.esm,DIAL,0001DC1C,MS38BPNo,FULL,0,,,She wasn't watching or following you.,그녀는 당신을 감시하지도 미행하지도 않아요.,record,False,False,True,False,TOPIC_CHECK,
Oblivion.esm,INFO,0001DC30,,NAM1,0,,,Really? That is surprising. I was SURE she was watching me.,정말? 그거 놀랍군. 그 여자가 날 감시한다고 확신했었는데.,record,False,False,False,False,,
Oblivion.esm,DIAL,0001DC1E,MS38BPYes,FULL,0,,,"You were right, she is following you.","당신이 옳아요, 그녀는 당신을 미행해요.",record,False,False,True,False,TOPIC_CHECK,
Oblivion.esm,INFO,0001DC31,,NAM1,0,,,"Just as I thought, just as I thought. Excellent work. There will be a bonus in this for you, don't worry.","내가 생각한대로, 내가 생각한대로. 훌륭해. 여기에 보너스까지 들어있어, 걱정말라고.",record,False,False,False,False,,
Oblivion.esm,DIAL,0001DC25,MS38Decline,FULL,0,,,"No, I don't want to get involved.","아니오, 나는 관련되고 싶지 않아요.",record,False,False,True,False,TOPIC_CHECK,
Oblivion.esm,INFO,0001DC2E,,NAM1,0,,,"Oh, well... I, I understand. The danger is too great. You're right, you should stay out of this. I'll just have to solve this myself.","오, 음... 나, 나 알았어. 너무나 위험해. 당신이 옳았어, 너는 이일에 간섭하지마. 이 문제는 내가 스스로 해결해야만 해.",record,False,False,False,False,,
Oblivion.esm,DIAL,0001DC26,MS38Agree,FULL,0,,,"Yes, I will help you.","네, 돕겠습니다.",record,False,False,True,False,TOPIC_CHECK,
Oblivion.esm,INFO,0001DC2D,,NAM1,0,,,"Very good, you won't be sorry.  I'll pay you well, did I say that already?",아주 좋아. 절대 실망하지 않을 거야. 두둑하게 쳐주지. 내가 이미 말했던가?,record,False,False,False,False,,
Oblivion.esm,INFO,0001DC2D,,NAM1,1,,,"Let's start with Bernadette Peneles.  Be outside my house at 6 am, you'll see her watching me.  See where she goes and who she reports to.","Bernadette Peneles부터 시작하지. 오전 6시쯤 내 집 밖에서, 그녀가 나를 주시하는 것을 볼게 될거야. 그녀가 어디로 가고 누구에게 보고하는지 지켜봐.",record,False,True,False,False,MEDIUM,"Bernadette, Peneles"
Oblivion.esm,INFO,0001DC2D,,NAM1,2,,,"We'll meet here again tomorrow night.  Oh, and NEVER contact me in public.  They're watching.  They can't know you're helping me.","내일 밤에 여기서 다시 만나자고. 아, 그리고 공공장소에선 절대 말을 걸지 마. 다 지켜보고 있어. 날 돕는다는 게 알려져서는 안 돼.",record,False,False,False,False,,
Oblivion.esm,DIAL,0001DCB5,MS38DionneWarnChoice3,FULL,0,,,He asked me to help him out.,내게 도움을 부탁했소.,record,False,False,True,False,TOPIC_CHECK,
Oblivion.esm,INFO,0001DCC5,,NAM1,0,,,"Let me give you some advice. Glarthir is crazy. So far harmless crazy, but I keep an eye on him because it's my job to.","내 당신에게 조언을 좀 해주지. Glarthir는 미쳤소. 지금까진 해롭지 않게 미쳤지만, 내 직업상 항상 그를 주시 하고있지.",record,False,True,False,False,MEDIUM,Glarthir
Oblivion.esm,INFO,0001DCC5,,NAM1,1,,,"You don't want to get involved with him. I don't care how much he's paying you, it isn't worth it. Like I said, he's crazy.","그와 관여치 마시오. 당신한테 얼마나 지불했건 상관없소. 그럴 가치가 없소. 내 말했듯이, 그는 정상이 아니오.",record,False,False,False,False,,
Oblivion.esm,INFO,0001DCC5,,NAM1,2,,,"Since you were courteous enough to tell me the truth, I'll do the same by trusting you to talk to a guard if he asks you to do anything... strange.",사실을 공손하게 알려줬으니 나도 그에 답해 주겠소. 만약 그가 뭔가 수상쩍은... 것을 요구하면 경비에게 고발하시오. 자네를 믿어 주겠소.,record,False,False,False,False,,
Oblivion.esm,DIAL,0001DCB6,MS38DionneWarnChoice2,FULL,0,,,Just curious about him.,단지 그에대한 호기심으로.,record,False,False,True,False,TOPIC_CHECK,
Oblivion.esm,INFO,0001DCC3,,NAM1,0,,,"Fine. Play it that way. Let me give you some friendly advice. Glarthir is crazy. Maybe harmless crazy, maybe not.","좋아. 그렇게 하도록. 내가 친절하게 충고 좀 해주지. Glarthir는 미쳤어. 아마 해롭진 않게 미쳤어, 아닐지도 모르고.",record,False,True,False,False,MEDIUM,Glarthir
Oblivion.esm,INFO,0001DCC3,,NAM1,1,,,"Don't get involved with him. If he asks you to do anything... strange... you come see me first, got it? Or any of the town Guard. Let us handle it.","그와 관여하지 마시오. 만약 그가 어떤것이든... 수상한... 걸 요구한다면, 먼저 나를 보러 와야해, 알겠나? 아니면 도시 경비병 아무라도, 그러면 우리가 해결하겠소.",record,False,False,False,False,,
Oblivion.esm,DIAL,0001DCB7,MS38DionneWarnChoice1,FULL,0,,,None of your business.,쓸데없는 참견이오.,record,False,False,True,False,TOPIC_CHECK,
Oblivion.esm,INFO,0001DCC2,,NAM1,0,,,"It is my business.  Allow me to introduce myself: Captain Dion of the Count's Guard, at your service.","이게 내 일이오. 내 소개를 하도록 하겠소: 백작의 경비병 캡틴 Dion, 잘 부탁하오.",record,False,True,False,False,MEDIUM,Dion
Oblivion.esm,INFO,0001DCC2,,NAM1,1,,,"Now, you were telling me why you're interested in Glarthir.","이제, 왜 Glarthir에게 흥미가 있는지 이야기해 보시오.",record,False,True,False,False,MEDIUM,Glarthir
Oblivion.esm,DIAL,0001DCB8,BernadettePenelesTopic,FULL,0,,,Bernadette Peneles,베르나뎃 페네레스(Bernadette Peneles),record,True,True,True,False,HIGH,"Bernadette, Peneles"
Oblivion.esm,INFO,0001DCBA,,NAM1,0,,,"Her house is almost directly across the street from mine, southwest of the Great Chapel. Coincidence? I don't think so.","그녀의 집은, 대성당의 남서쪽, 내 집에서 바로 거리 맞은 편에 있습니다. 우연이라고요? 난 그렇게 생각 안 합니다.",record,False,False,False,False,,
Oblivion.esm,INFO,0002587B,,NAM1,0,,,I always suspected she was watching me. Thank you for finally confirming it.,나는 항상 그녀가 나를 감시한다고 의심해 왔어. 마침내 확신을 가지게 해줘서 고마워.,record,False,False,False,False,,
Oblivion.esm,INFO,00025887,,NAM1,0,,,I still can hardly believe she wasn't watching me. But it is a relief to be able to finally stop worrying about her.,나는 아직도 그녀가 나를 감시하지 않았다는 것을 믿을 수 없어. 그러나 그녀에대해 신경쓰지 않아도 되니 안심이군.,record,False,False,False,False,,
Oblivion.esm,DIAL,0001DCCD,Sanctuary,FULL,0,,,Sanctuary,성역(Sanctuary),record,True,True,True,False,HIGH,Sanctuary
Oblivion.esm,INFO,000251F5,,NAM1,0,,,"Ours is not the only Dark Brotherhood Sanctuary. There are others, hidden throughout Cyrodiil, each one overseen by a Speaker of the Black Hand.  ",이곳만이 우리의 유일한 성지인것은 아니네. Cyrodill에 또 다른 블랙핸드 스피커의 관리를 받는 성지가 하나 있지.,record,False,True,False,False,MEDIUM,Cyrodill
Oblivion.esm,INFO,000251F6,,NAM1,0,,,"This Sanctuary has been here since before even I joined the Dark Brotherhood, and that was two-hundred years ago.",이 생츄어리는 내가 막 길드에 들어왔을 때에도 있었어. 그건 이백년전의 일이지.,record,False,False,False,False,,
Oblivion.esm,INFO,000251F7,,NAM1,0,,,"Have you ever lived on the streets, struggled to survive? This Sanctuary is my home. Here I have the safety and love I've searched for all my life.",너 길거리에서 구걸하며 살아본적 있어? 여기 생츄어리는 나에겐 정말 집과 같은 곳이야!,record,False,False,False,False,,
Oblivion.esm,INFO,000251F8,,NAM1,0,,,"I've heard the Count of Cheydinhal knows about this Sanctuary. But he is offered much gold, as well as other... incentives, to keep his mouth shut. ",Cheydinhal의 영주가 생츄어리에 대해 알고 있다는 얘기를 들었어. 하지만 그는 많은 금과 ... 다른 인센티브를 받고 입을 다물기로 했다더군.,record,False,True,False,False,MEDIUM,Cheydinhal
Oblivion.esm,INFO,000251F9,,NAM1,0,,,"In truth, I miss the towering elms of my native Valenwood. But I was banished from there, for deeds I don't care to discuss. This is my home now.","사실, 나는 내고향 Valenwood의 높이 솟은 Elms들이 그리워. 나는 그곳에서 추방당했지. 하지만 난 그다지 신경쓰지 않아. 지금은 이곳이 내 집이니까.",record,False,True,False,False,MEDIUM,"Valenwood, Elms"
Oblivion.esm,INFO,000251FA,,NAM1,0,,,You know what they say -- home is where you hang your enemy's head.  ,이런말 알지? 집은 네 적들의 머리를 걸어 두는 곳이다.,record,False,False,False,False,,
Oblivion.esm,DIAL,0001DDFF,TestDoggy,FULL,0,,,Test Say Once,한 번 말하기 시험,record,False,False,True,False,TOPIC_CHECK,
Oblivion.esm,INFO,000281A7,,NAM1,0,,,I should only say this once. I will go away when you hit goodbye.,이 문장은 게임내의 테스트를 위한 것으로 번역을 생략합니다.,record,False,False,False,False,,
Oblivion.esm,DIAL,0001DE00,TestTodd,FULL,0,,,Test Random Percent,무작위 확률 테스트,record,False,False,True,False,TOPIC_CHECK,
Oblivion.esm,INFO,000281A8,,NAM1,0,,,"OK, let's test the random text. You should get this about half the time.",이 문장은 게임내의 테스트를 위한 것으로 번역을 생략합니다.,record,False,False,False,False,,
Oblivion.esm,INFO,000281A9,,NAM1,0,,,You should get this about 1/4 the time.,이 문장은 게임내의 테스트를 위한 것으로 번역을 생략합니다.,record,False,False,False,False,,
Oblivion.esm,INFO,000281AA,,NAM1,0,,,"You should get this about 1/4 the time, too. The best way to test this is the click about 10 times and just jot down on notebook what you get.",이 문장은 게임내의 테스트를 위한 것으로 번역을 생략합니다.,record,False,False,False,False,,
Oblivion.esm,DIAL,0001DE01,TestKurt,FULL,0,,,Test Disposition,호감도 테스트,record,False,False,True,False,TOPIC_CHECK,
Oblivion.esm,INFO,000281AB,,NAM1,0,,,"If you get this, my disp to you should be 70 or higher. use Angry and Happy to raise and lower my disp.",이 문장은 게임내의 테스트를 위한 것으로 번역을 생략합니다.,record,False,False,False,False,,
Oblivion.esm,INFO,000281AC,,NAM1,0,,,"If you get this, my disp is between 70 and 30. You should get info refusal for any lower. use Angry and Happy to raise and lower my disp.",이 문장은 게임내의 테스트를 위한 것으로 번역을 생략합니다.,record,False,False,False,False,,
Oblivion.esm,DIAL,0001DE02,TestEmil,FULL,0,,,Test Choices,시험 선택,record,False,False,True,False,TOPIC_CHECK,
Oblivion.esm,INFO,000281AD,,NAM1,0,,,OK. Pick one of the choices. The topics should've disappeared and you should only have two choices to pick from.,이 문장은 게임내의 테스트를 위한 것으로 번역을 생략합니다.,record,False,False,False,False,,
Oblivion.esm,DIAL,0001DE03,TestMike,FULL,0,,,Disposition Test,호감도 테스트,record,False,False,True,False,TOPIC_CHECK,
Oblivion.esm,INFO,0004897D,,NAM1,0,,,My Disp to you is now over 70.,이 문장은 게임내의 테스트를 위한 것으로 번역을 생략합니다.,record,False,False,False,False,,
Oblivion.esm,DIAL,0001DE17,TelaendrilTalk,FULL,0,,,TelaendrilTalk,텔렌드릴 대화,record,False,False,True,False,TOPIC_CHECK,
Oblivion.esm,DIAL,0001DE19,GogronTalk,FULL,0,,,GogronTalk,고그론의 대화,record,False,False,True,False,TOPIC_CHECK,
Oblivion.esm,DIAL,0001E063,MG07Choice1B,FULL,0,,,"No, I don't think so.","아니오, 안되겠습니다.",record,False,False,True,False,TOPIC_CHECK,
Oblivion.esm,INFO,0001E069,,NAM1,0,,,"A pity, but not unexpected. We shall speak again.","유감이지만, 예상못한건 아닙니다. 우리는 다시 이야기하게 될 거에요.",record,False,False,False,False,,
Oblivion.esm,DIAL,0001E064,MG07Choice1A,FULL,0,,,"Yes, I'll help.","네, 돕겠습니다.",record,False,False,True,False,TOPIC_CHECK,
Oblivion.esm,INFO,0001E068,,NAM1,0,,,"Then seek Agata, child. She will see the path, and set you on it. I must rest.",그럼 Agata를 찾거라 아이야. 그녀는 길을 보고 너를 안내해 줄거야. 나는 이만 쉬어야겠다.,record,False,True,False,False,MEDIUM,Agata
Oblivion.esm,DIAL,0001E088,TGNotInterestedGF,FULL,0,,,No. I'm just curious about him.,아니. 그냥 궁금했을 뿐이오.,record,False,False,True,False,TOPIC_CHECK,
Oblivion.esm,INFO,0001E093,,NAM1,0,,,He's a fairy tale. The Imperial Watch pretends there is a thief king named the Gray Fox who controls all the thieves in Cyrodiil.,그 사람은 상상 속의 인물입니다. 임페리얼 경비대가 시로딜에 있는 모든 거지를 배후에서 조종하는 그레이 폭스라는 도둑왕이 있다고 꾸며낸 거죠.,record,False,False,False,False,,
Oblivion.esm,DIAL,0001E089,TGHarmGrayFox,FULL,0,,,Yes. I want to rid the city of him.,녀석을 도시에서 쫒아내고 싶소.,record,False,False,True,False,TOPIC_CHECK,
Oblivion.esm,INFO,0001E092,,NAM1,0,,,I don't blame you. He's a menace to society. Let me know if you find out anything.,"당신을 탓하려는 게 아닙니다. 그는 우리 사회에 위협이 되는 존재지요. 뭐, 수상한 점이라도 발견하면 내게 알려주세요.",record,False,False,False,False,,
Oblivion.esm,DIAL,0001E08A,TGFindGrayFox,FULL,0,,,Yes. I want to work with him.,네. 그와 함께 일하고 싶소.,record,False,False,True,False,TOPIC_CHECK,
Oblivion.esm,INFO,0001E091,,NAM1,0,,,I think I trust you enough to tell you this secret.,당신에겐 비밀을 얘기해도 괜찮을 것 같소.,record,False,False,False,False,,
Oblivion.esm,INFO,0001E091,,NAM1,1,,,"To learn more about the Gray Fox, go to the Garden of Dareloth at midnight. Look in the Waterfront District of the Imperial City. I can say no more.","그레이 폭스(Gray Fox)에 대해서 더 많은 것을 알려면, 한밤중에 다렐로쓰(Dareloth)의 정원으로 가보시오. 임페리얼시티의 워터프론트 지구를 살펴 보시오. 더이상은 말할 게 없소.",record,True,True,False,False,HIGH,"Gray, Fox, Dareloth"
Oblivion.esm,DIAL,0001E3E9,SE07Decision,FULL,0,,,Decision,결정,record,False,False,True,False,TOPIC_CHECK,
Oblivion.esm,INFO,0001E3EC,,NAM1,0,,,A friendly word of warning before you choose.,선택하기 전에 내 친히 충고 한마디 해주지. ,record,False,False,False,False,,
Oblivion.esm,INFO,0001E3EC,,NAM1,1,,,"Once you have decided which Duke to replace, there's no turning back. One choice. No more, no less. Try not to do something stupid.","어느 쪽이든 자네가 대신하기로 결정하기만 하면, 되돌릴 수는 없네. 단 한번의 선택만이 있을 뿐, 그 이상도 이하도 아닐세. 멍청한 선택을 하지 않길 비네.",record,False,False,False,False,,
Oblivion.esm,INFO,0001E3EC,,NAM1,2,,,"So, which is it? What will it be? Mania? Dementia? The suspense is killing me. Or you, if I have to keep waiting.","그래, 어느쪽인가? 어느 쪽을 택할텐가? 매니아(Mania)? 디멘시아(Dementia)? 답답해 죽겠구만. 날 기다리게 하면 자네가 죽을 걸세.",record,True,True,False,False,HIGH,"Mania, Dementia"
Oblivion.esm,INFO,0001E3ED,,NAM1,0,,,Syl or Thadon? Which will it be?,"실(Syl)인가,  or 테이든(Thadon)인가? 어느 쪽인가?",record,True,True,False,False,HIGH,"Syl, or, Thadon"
Oblivion.esm,DIAL,0001E3EA,SE07ChNotYet,FULL,0,,,I am not ready to choose.,선택할 준비가 되지 않았습니다.,record,False,False,True,False,TOPIC_CHECK,
Oblivion.esm,INFO,0001E3EB,,NAM1,0,,,"I hate indecision! Or maybe I don't. Make up your mind, or I'll have your skin made into a hat -- one of those arrowcatchers. I love those hats!",난 주저하는게 가장 싫으네! 어쩌면 좋아할지도.... 결정을 내리게. 안그러면 자네 가죽으로 arrowcatcher(모자)를 만들어 내 수집품에 넣어버리겠네. 그 모자가 좋거든.,record,False,True,False,False,MEDIUM,arrowcatcher
Oblivion.esm,DIAL,0001E687,SE30ForgeArmor,FULL,0,,,Forge Armor,대장간 갑옷,record,False,False,True,False,TOPIC_CHECK,
Oblivion.esm,INFO,0005F8F1,,NAM1,0,,,I'd love to hammer Madness Armor to hold your shape. But you must provide some Madness Ore. Inspect the information I have posted.,"당신의 체형에 맞춘 Madness Armor를 퇴로 치고 싶다고 생각합니다. 그러나 그 때문에(위해)는, 당신은 몇개의 Madness Ore를 준비하지 않으면 안됩니다. 게시한 정보를 참고로 해 주세요.",record,False,True,False,False,MEDIUM,"Madness, Armor, Madness, Ore"
Oblivion.esm,INFO,0005F926,,NAM1,0,,,"I'd be happy to forge Amber armor for you, but you don't have enough Amber. Consult the information I have posted.","당신을 위해서(때문에) Amber제의 요로이를 주조하고 싶지만, 당신은 충분한 Amber를 가지고 있지 않은데. 게시되어 있는 정보를 참고로 해 줘.",record,False,True,False,False,MEDIUM,"Amber, Amber"
Oblivion.esm,INFO,0001F3EF,,NAM1,0,,,How can I help you?,도움이 될 수 있는 것은 걷는거야?,record,False,False,False,False,,
Oblivion.esm,INFO,0001F3F0,,NAM1,0,,,What do you require?,무엇인가 용무일까?,record,False,False,False,False,,
Oblivion.esm,INFO,0001F3F1,,NAM1,0,,,What is your wish?,어떻게 할까요?,record,False,False,False,False,,
Oblivion.esm,INFO,0001F3F2,,NAM1,0,,,What do you desire?,무엇이 소망입니까?,record,False,False,False,False,,
Oblivion.esm,DIAL,0001E73D,MQ02JauffreD4,FULL,0,,,"How can Oblivion threaten us, then?",오블리비언이 우리를 어떻게 위협한다는 거죠?,record,False,False,True,False,TOPIC_CHECK,
Oblivion.esm,INFO,0001E74F,,NAM1,0,,,I'm not sure. Only the Emperors truly understand the meaning behind the rituals of coronation.,나도 정확히는 알 수 없네. 오직 황제만이 대관식의 의식에 담긴 진정한 의미를 알겠지.,record,False,False,False,False,,
Oblivion.esm,INFO,0001E74F,,NAM1,1,,,The Amulet of Kings is ancient. Saint Alessia herself received it from the gods. It is a holy relic of great power.,왕의 아뮬렛은 역사가 깊네. 성 알리시아(Saint Alessia)께서 신으로 부터 친히 그것을 받았지. 그건 굉장한 힘을 지닌 신성한 유물이네.,record,True,True,False,False,HIGH,"Saint, Alessia"
Oblivion.esm,INFO,0001E74F,,NAM1,2,,,"When an Emperor is crowned, he uses the Amulet to light the Dragonfires at the Temple of the One in the Imperial City.","황제가 즉위하면, 아뮬렛으로 임페리얼시티의 신의 사원에서 드래곤파이어를 점화하네.",record,False,False,False,False,,
Oblivion.esm,INFO,0001E74F,,NAM1,3,,,"With the Emperor dead and no new heir crowned, the Dragonfires in the Temple will be dark, for the first time in centuries.","황제가 죽고 뒤를 이을 후계자가 없으면, 신의 사원의 드래곤파이어는 수세기 만에 처음으로 어두워질 것이네.",record,False,False,False,False,,
Oblivion.esm,INFO,0001E74F,,NAM1,4,,,It may be that the Dragonfires protected us from a threat that only the Emperor was aware of.,그것은 아마도 오직 황제만이 감지하는 위험으로부터 드래곤파이어가 우리를 지켜주기 위해서일 것이네.,record,False,False,False,False,,
Oblivion.esm,DIAL,0001E73E,MQ02JauffreE1,FULL,0,,,Where can I find Uriel's son?,유리엘의 아들은 어디에 있습니까?,record,False,False,True,False,TOPIC_CHECK,
Oblivion.esm,INFO,0001E74D,,NAM1,0,,,"His name is Martin. He is a priest in the Chapel of Akatosh in Kvatch. Yes, Kvatch.","그의 이름은 마틴(Martin)이네. 크바치(Kvatch)에 있는 아카토쉬(Akatosh) 성당의 사제로 있지. 아 그렇지, 크바치Kvatch)!",record,True,True,False,False,HIGH,"Martin, Kvatch, Akatosh, Kvatch"
Oblivion.esm,INFO,0001E74D,,NAM1,1,,,I cannot believe that the attack on Kvatch is a coincidence. The enemy seem to know all our secrets.,그러고 보니 크바치(Kvatch)에 대한 공격이 우연이 아니었군. 적들은 우리를 낱낱이 파악하고 있어.,record,True,True,False,False,HIGH,Kvatch
Oblivion.esm,INFO,0001E74D,,NAM1,2,,,"You must return to Kvatch at once, and rescue Martin if he lives. There is no time to lose!",즉시 크바치(Kvatch)로 가서 마틴(Martin)을 구하게. 시간이 없네!,record,True,True,False,False,HIGH,"Kvatch, Martin"
Oblivion.esm,INFO,0001E74D,,NAM1,3,,,"If there's anything you need, please ask. My resources here are limited, but I will help in any way I can.","필요한 것이 있으면 말하게. 여기서 내가 가진 건 얼마 되지 않지만, 최대한 돕겠네.",record,False,False,False,False,,
Oblivion.esm,INFO,0001E74E,,NAM1,0,,,"His name is Martin. He serves Akatosh in the Chapel in the city of Kvatch, south of here.",그의 이름은 마틴(Martin)이라고 하지. 그는 남쪽 크바치(Kvatch)의 아카토쉬(Akatosh) 성당에 사제로 있네.,record,True,True,False,False,HIGH,"Martin, Kvatch, Akatosh"
Oblivion.esm,INFO,0001E74E,,NAM1,1,,,"You must go to Kvatch and find him at once. If the enemy is aware of his existence, as seems likely, he is in terrible danger.",즉시 크바치(Kvatch)로 가서 그를 찾게. 혹시라도 적들이 그의 존재를 알아차리면 그는 끔찍한 위험에 처할 것이야.,record,True,True,False,False,HIGH,Kvatch
Oblivion.esm,INFO,0001E74E,,NAM1,2,,,"And please, let me know if there's anything you need. My resources here are limited, but I will help in any way I can.","그리고 필요한 게 있으면 말해보게. 비록 여기 내가 가진 건 얼마 되지 않지만, 어떻게든 돕겠네.",record,False,False,False,False,,
Oblivion.esm,DIAL,0001E73F,MQ02JauffreD3,FULL,0,,,The Emperor asked me to find his son.,황제께서는 자신의 아들을 찾으라셨습니다.,record,False,False,True,False,TOPIC_CHECK,
Oblivion.esm,INFO,0001E74C,,NAM1,0,,,"I am one of the few who know of his existence. Many years ago, I served as captain of Uriel's bodyguards, the Blades.","나는 그의 존재를 알고 있는 몇 안 되는 사람들 중 하나라네. 수 년 전, 나는 블레이드의 유리엘(Uriel) 경호원 대장으로 일했었지.",record,True,True,False,False,HIGH,Uriel
Oblivion.esm,INFO,0001E74C,,NAM1,1,,,One night Uriel called me in to his private chambers. A baby boy lay sleeping in a basket. Uriel told me to deliver him somewhere safe.,어느 날 밤 유리엘(Uriel)이 그의 침실로 나를 불렀네. 한 사내아이가 바구니속에서 자고 있었지. 유리엘(Uriel)은 내게 그 아이를 어디론가 안전한 곳으로 데려가달라고 했었네.,record,True,True,False,False,HIGH,"Uriel, Uriel"
Oblivion.esm,INFO,0001E74C,,NAM1,2,,,"He never told me anything else about the baby, but I knew it was his son. From time to time he would ask about the child's progress.","그는 내게 아이에 대해 아무런 말도 하지 않았지만, 나는 아이가 그의 아들이라는 것을 짐작했네. 가끔씩 그는 아이의 성장에 관해 묻곤 했지.",record,False,False,False,False,,
Oblivion.esm,INFO,0001E74C,,NAM1,3,,,"Now, it seems that this illegitimate son is the heir to the Septim Throne. If he yet lives.",이제는 이 사생아 아들이 셉팀(Septim) 왕좌의 후계자인 것 같군. 그가 아직 살아있다면 말이지.,record,True,True,False,False,HIGH,Septim
Oblivion.esm,DIAL,0001E740,MQ02JauffreC1,FULL,0,,,Tell the emperor's last words.,황제의 마지막 말 전하기.,record,False,False,True,False,TOPIC_CHECK,
Oblivion.esm,INFO,0001E74B,,NAM1,0,,,"As unlikely as your story sounds, I believe you. Only the strange destiny of Uriel Septim could have brought you to me carrying the Amulet of Kings.",믿기 힘들지만 자네 얘기를 믿을 수 밖에 없군. 유리엘 셉팀(Uriel Septim)의 기이한 운명이 자네에게 왕의 아뮬렛을 가져오도록 한 것 같네.,record,True,True,False,False,HIGH,"Uriel, Septim"
Oblivion.esm,DIAL,0001E795,MS29StopYes,FULL,0,,,"Yes, here is his shovel.","네, 여기 그의 삽이 있습니다.",record,False,False,True,False,TOPIC_CHECK,
Oblivion.esm,INFO,0001E840,,NAM1,0,,,"Then we can at last rest. I feared had he somehow bested you, I'd be next.  It is fortunate that your skills exceeded his.","이제 겨우 안심할 수 있겠군요. 혹시 그 자가 당신을 만에 하나 이겼다면, 다음엔 분명 저일테니 너무 두려웠습니다. 당신의 능력이 그 자를 훨씬 능가해서 다행입니다.",record,False,False,False,False,,
Oblivion.esm,INFO,0001E840,,NAM1,1,,,"I've come to some decisions. I intend to donate all of the money I have made, as well as what is left of these stolen items to the temple.","난 몇 가지 결단했습니다. 나머지 훔친 물건뿐만 아니라, 지금까지 얻은 돈도 모두 교회에 기부 할 생각입니다.",record,False,False,False,False,,
Oblivion.esm,INFO,0001E840,,NAM1,2,,,"I also want you to know that I had a long discussion with Jensine, and I have decided to join the Society.","또한 젠신과 오랫동안 논의를 하였고, 그 결과 상인 연합회에 가입했음을 당신께 알려드리고 싶었습니다.",record,False,False,False,False,,
Oblivion.esm,INFO,0001E840,,NAM1,3,,,"I realize you risked your life to give me a chance, and Thoronir never forgets things like that. Accept this ring as a humble reward.","당신은 목숨을 걸면서까지 제게 두 번째 기회를 주셨고, 소로니르는 절대 그것을 잊지 않을 것입니다. 이 반지를 작은 보상으로나마 드리겠습니다.",record,False,False,False,False,,
Oblivion.esm,INFO,0001E840,,NAM1,4,,,"It's the least I can do to say thank you. Now, don't be a stranger! The Copious Coinpurse is still in business.","이게 제가 드릴 수 있는 최대한의 감사군요. 자, 다시 한 번 잘 부탁드립니다! 돈많은 돈지갑 상점은 계속 영업중이니까요!",record,False,False,False,False,,
Oblivion.esm,INFO,0001E845,,NAM1,0,,,I don't think you have the proof we need to lock this crime down and point the blame at Agarmir. You better go back and check.,"이 범죄를 끝내고 Agarmir의 범죄를 분명히 할 수 있는 증거를, 당신은 가지고 있지 않은 것 같습니다. 되돌아가서 조사하는 편이 좋을 것입니다.",record,False,True,False,False,MEDIUM,Agarmir
Oblivion.esm,DIAL,0001E799,MS29StopNo,FULL,0,,,Not yet.,아직은 아닙니다.,record,False,False,True,False,TOPIC_CHECK,
Oblivion.esm,INFO,0001E841,,NAM1,0,,,You must hurry. We cannot let him do this horrible task any longer.,서둘러야 합니다. 더 이상 그가 이런 꺼림칙한 행위를 하게 놔두어서는 안됩니다.,record,False,False,False,False,,
Oblivion.esm,DIAL,0001E849,CGBaurusI,FULL,0,,,What about you? What will you do?,넌? 넌 뭘 할건데?,record,False,False,True,False,TOPIC_CHECK,
Oblivion.esm,INFO,00079441,,NAM1,0,,,"I'll stay here to guard the Emperor's body, and make sure no one follows you. You'd better get moving. May Talos guide you.","난 남아서 황제의 시신을 지켜야지. 또, 누가 널 쫓지 못하도록 하고... 그만 가는 게 좋겠다. 탈로스(Talos)의 가호가 있길.",record,True,True,False,False,HIGH,Talos
Oblivion.esm,INFO,00079441,,NAM1,1,,,"By the way, thanks for recovering my comrades' swords. I'll see that they are given a place of honor in the halls of the Blades.","참, 우리 동료의 검을 챙겨줘서 고마워. 블레이드의 명예의 전당에 헌액될거야.",record,False,False,False,False,,
Oblivion.esm,INFO,0001E90E,,NAM1,0,,,"I'll stay here to guard the Emperor's body, and make sure no one follows you. You'd better get moving. May Talos guide you.","난 남아서 황제의 시신을 지켜야지. 또, 누가 널 쫓지 못하도록 도 하고... 그만 가는 게 좋겠다. 탈로스(Talos)의 가호가 있길.",record,True,True,False,False,HIGH,Talos
Oblivion.esm,INFO,0001E90E,,NAM1,1,,,"By the way, thanks for recovering Captain Renault's sword. I'll see that it is given a place of honor in the halls of the Blades.","참, 레누알트(Renault) 대장의 검을 챙겨줘서 고마워. 블레이드의 명예의 전당에 헌액될거야.",record,True,True,False,False,HIGH,Renault
Oblivion.esm,INFO,00079442,,NAM1,0,,,"I'll stay here to guard the Emperor's body, and make sure no one follows you. You'd better get moving. May Talos guide you.","난 남아서 황제의 시신을 지켜야지. 또, 누가 널 쫓지 못하도록 하고... 그만 가는 게 좋겠다. 탈로스(Talos)의 가호가 있길.",record,True,True,False,False,HIGH,Talos
Oblivion.esm,INFO,00079442,,NAM1,1,,,"By the way, thanks for recovering Glenroy's sword. I'll see that it is given a place of honor in the halls of the Blades.","참, 글렌로이(Glenroy)의 검을 챙겨줘서 고마워. 블레이드의 명예의 전당에 헌액될거야.",record,True,True,False,False,HIGH,Glenroy
Oblivion.esm,INFO,00022F87,,NAM1,0,,,"I'll stay here to guard the Emperor's body, and make sure no one follows you. You'd better get moving. May Talos guide you.","난 남아서 황제의 시신을 지켜야지. 또, 누가 널 쫓지 못하도록 하고... 그만 가는 게 좋겠다. 탈로스(Talos)의 가호가 있길.",record,True,True,False,False,HIGH,Talos
Oblivion.esm,DIAL,0001E84C,CGBaurusH,FULL,0,,,No. Please explain more.,좀더 자세히 말해봐.,record,False,False,True,False,TOPIC_CHECK,
Oblivion.esm,INFO,0001E90D,,NAM1,0,,,Take it easy. You'll be fine. I know this is a lot to take in all at once.,"좋아, 쉽게 생각해. 한꺼번에 받아들이긴 너무 많긴 하지.",record,False,False,False,False,,
Oblivion.esm,INFO,0001E90D,,NAM1,1,,,No one's more surprised than me that I'm sending an escaped prisoner off with the Amulet of Kings!,탈옥한 죄수에게 왕의 아뮬렛을 맡기다니 있을 수 없는 일이지!,record,False,False,False,False,,
Oblivion.esm,INFO,0001E90D,,NAM1,2,,,"But the Emperor trusted you for a reason, and I trust the Emperor.",하지만 황제께서 널 믿는 데는 이유가 있겠지. 그리고 나 또한 황제를 믿어.,record,False,False,False,False,,
Oblivion.esm,INFO,0001E90D,,NAM1,3,,,The Amulet of Kings must get to Jauffre at Weynon Priory. He'll know what to do with it.,왕의 아뮬렛이 웨이넌(Weynon) 수도원의 죠프리(Jauffre)에게 전해지면 그는 어떤 일이 일어났는지 알게되겠지.,record,True,True,False,False,HIGH,"Weynon, Jauffre"
Oblivion.esm,INFO,0001E90D,,NAM1,4,,,Jauffre should know how to find the heir that the Emperor spoke of. The Amulet must reach Emperor Uriel's heir so a new emperor can be crowned!,"죠프리(Jauffre)는 황제께서 지목한 후계자를 찾을 방법을 알고 있을테고, 아뮬렛은 유리엘(Uriel) 황제의 후손에게 전해질 테고, 그러면 새로운 황제의 탄생이지!",record,True,True,False,False,HIGH,"Jauffre, Uriel"
Oblivion.esm,DIAL,0001E84E,MG05AChoice1B,FULL,0,,,I gave the book to Earana.,책을 에라나(Earana)에게 건네주었소.,record,True,True,True,False,HIGH,Earana
Oblivion.esm,INFO,0001E859,,NAM1,0,,,What? This is unacceptable!,뭐? 그건 용납할수 없네! ,record,False,False,False,False,,
Oblivion.esm,INFO,0001E859,,NAM1,1,,,At no time did I ever suggest that you should actually follow through and give her the book! It cannot be left in her hands!,내가 누누이 그녀에게 책을 주면 안된다 하지 않았소! 그 책은 그녀 손에 들어가면 안된단 말이오!,record,False,False,False,False,,
Oblivion.esm,INFO,0001E859,,NAM1,2,,,"You will retrieve the book immediately, if you have any intention of ever receiving a recommendation from me!",나에게 추천장을 받을 생각이 조금이라도 있다면 바로 책을 되찾아 오시오! ,record,False,False,False,False,,
Oblivion.esm,DIAL,0001E85B,TGNoPayExpelFine,FULL,0,,,I'm still raising the money.,아직 돈을 모으고 있습니다.,record,False,False,True,False,TOPIC_CHECK,
Oblivion.esm,INFO,0001E866,,NAM1,0,,,Then I have no use for you. Begone until you can pay the fine.,그러면 나를 당신을 위해 사용할 수 있습니다. 당신이 벌금을 지불할 수 있을 때까지 가십시오.,record,False,False,False,False,,
Oblivion.esm,INFO,0001E867,,NAM1,0,,,This one turns her back on the hunter. Return when the fine can be paid.,이것은 그녀를 the Hunter로 되돌립니다. 벌금을 지불하면 돌아오시오.,record,False,True,False,False,MEDIUM,"the, Hunter"
Oblivion.esm,DIAL,0001E85C,TGPayExpelFine,FULL,0,,,I will pay my fine.,벌금을 지불합니다.,record,False,False,True,False,TOPIC_CHECK,
Oblivion.esm,INFO,0001E865,,NAM1,0,,,Excellent! The guild accepts your... apology and welcomes you back into the fold.,훌륭합니다! 길드에서는 당신의... 사과를 받아드리고 다시 길드속으로 돌아온 당신을 환영합니다.,record,False,False,False,False,,
Oblivion.esm,INFO,0001EFC0,,NAM1,0,,,Sweet! The hunter is restored. The pride welcomes the hunter once again.,앗싸! The hunter가 복원되었습니다. The pride는 다신 한번 the hunter를 환영합니다.,record,False,True,False,False,MEDIUM,"The, hunter, The, pride, the, hunter"
Oblivion.esm,DIAL,0001E85D,TGCastOutTopic,FULL,0,,,Cast out of the Thieves Guild,도둑 길드에서 추방됨,record,False,False,True,False,TOPIC_CHECK,
Oblivion.esm,INFO,0001E863,,NAM1,0,,,You have been cast out for mistreating your fellow Thieves Guild members. In order to be returned to the rolls you must make reparations. ,당신은 도둑길드 회원에 학대로 추방 되었습니다. 길드원으로 돌아오기 위해서는 배상금을 지불하여야 합니다.,record,False,False,False,False,,
Oblivion.esm,INFO,0001E863,,NAM1,1,,,Are you ready to pay the fine?,당신은 벌금을 지불할 준비가 되셨나요?,record,False,False,False,False,,
Oblivion.esm,INFO,0001E864,,NAM1,0,,,"The hunter has performed foul deeds upon other members of the pride. The Thieves Guild prohibits murder, assault and theft against fellow members.","The Hunter는 자랑스러운 다른 길드원에게 역겨운 행동을 하였습니다. 도둑 길드에서는 길드원에 대한 살인, 폭행과 절도를 금지합니다.",record,False,True,False,False,MEDIUM,"The, Hunter"
Oblivion.esm,INFO,0001E864,,NAM1,1,,,The pride casts out the hunter until the fine is paid. Is the hunter prepared to pay the fine?,The pride는 세금을 낼 때까지 the hunter를 추방하였습니다. The hunter의 벌금을 지불할 준비가 되었나요?,record,False,True,False,False,MEDIUM,"The, pride, the, hunter, The, hunter"
Oblivion.esm,INFO,0001EFC3,,NAM1,0,,,I heard what you did. So did the guild Doyens. You've been cast out of the Thieves Guild.,네가 무슨 짓을 했는지 들었지. 길드 원로들도 들었다. 너는 도둑 길드에서 추방되었다.,record,False,False,False,False,,
Oblivion.esm,INFO,0001EFC3,,NAM1,1,,,Go talk to Armand or S'krivva. Pay the fine and you'll be reinstated.,아르망이나 스'크리바에게 가라. 벌금을 내면 본래의 자격을 회복할 수 있다.,record,False,False,False,False,,
Oblivion.esm,DIAL,0001E89C,CGBaurusG,FULL,0,,,"Yes, I understand.","좋아, 알았어.",record,False,False,True,False,TOPIC_CHECK,
Oblivion.esm,INFO,0001E90B,,NAM1,0,,,Good. The Emperor's trust was well-placed.,좋아. 황제의 신뢰가 헛되지 않았군.,record,False,False,False,False,,
Oblivion.esm,DIAL,0001E89D,CGBaurusF,FULL,0,,,"After the sewers, then what?",하수구를 지나고 나면?,record,False,False,True,False,TOPIC_CHECK,
Oblivion.esm,INFO,0001E90A,,NAM1,0,,,"You must get the Amulet to Jauffre. Take no chances, but proceed to Weynon Priory immediately. Got it?","아뮬렛을 죠프리(Jauffre)에게 전해야 해. 선택의 여지가 없어, 당장 웨이넌(Weynon) 수도원으로 출발해. 알았어?",record,True,True,False,False,HIGH,"Jauffre, Weynon"
Oblivion.esm,DIAL,0001E89E,CGBaurusE,FULL,0,,,The sewers?,하수구?,record,False,False,True,False,TOPIC_CHECK,
Oblivion.esm,INFO,0001E8EA,,NAM1,0,,,"There are rats and goblins down there... but from what I've seen of you, I'm guessing you are an experienced Acrobat. Am I right?",쥐와 고블린이 득실거리는 곳이지... 널 보아하니 그런 곳엔 익숙하겠군. 그렇지?,record,False,False,False,False,,
Oblivion.esm,INFO,0001E8EB,,NAM1,0,,,"There are rats and goblins down there... but from what I've seen of you, I'm guessing you are an experienced Agent. Am I right?",쥐와 고블린이 득실거리는 곳이지... 널 보아하니 그런 곳엔 익숙하겠군. 그렇지?,record,False,False,False,False,,
Oblivion.esm,INFO,0001E8EC,,NAM1,0,,,"There are rats and goblins down there... but from what I've seen of you, I'm guessing you are an experienced Archer. Am I right?",쥐와 고블린이 득실거리는 곳이지... 널 보아하니 그런 곳엔 익숙하겠군. 그렇지?,record,False,False,False,False,,
Oblivion.esm,INFO,0001E8ED,,NAM1,0,,,"There are rats and goblins down there... but from what I've seen of you, I'm guessing you are an experienced Assassin. Am I right?",쥐와 고블린이 득실거리는 곳이지... 널 보아하니 그런 곳엔 익숙하겠군. 그렇지?,record,False,False,False,False,,
Oblivion.esm,INFO,0001E8EE,,NAM1,0,,,"There are rats and goblins down there... but from what I've seen of you, I'm guessing you are an experienced Barbarian. Am I right?",쥐와 고블린이 득실거리는 곳이지... 널 보아하니 그런 곳엔 익숙하겠군. 그렇지?,record,False,False,False,False,,
Oblivion.esm,INFO,0001E8EF,,NAM1,0,,,"There are rats and goblins down there... but from what I've seen of you, I'm guessing you are an experienced Bard. Am I right?",쥐와 고블린이 득실거리는 곳이지... 널 보아하니 그런 곳엔 익숙하겠군. 그렇지?,record,False,False,False,False,,
Oblivion.esm,INFO,0001E8F0,,NAM1,0,,,"There are rats and goblins down there... but from what I've seen of you, I'm guessing you are an experienced Battlemage. Am I right?",쥐와 고블린이 득실거리는 곳이지... 널 보아하니 그런 곳엔 익숙하겠군. 그렇지?,record,False,False,False,False,,
Oblivion.esm,INFO,0001E8F1,,NAM1,0,,,"There are rats and goblins down there... but from what I've seen of you, I'm guessing you are an experienced Crusader. Am I right?",쥐와 고블린이 득실거리는 곳이지... 널 보아하니 그런 곳엔 익숙하겠군. 그렇지?,record,False,False,False,False,,
Oblivion.esm,INFO,0001E8F2,,NAM1,0,,,"There are rats and goblins down there... but from what I've seen of you, I'm guessing you are an experienced Healer. Am I right?",쥐와 고블린이 득실거리는 곳이지... 널 보아하니 그런 곳엔 익숙하겠군. 그렇지?,record,False,False,False,False,,
Oblivion.esm,INFO,0001E8F3,,NAM1,0,,,"There are rats and goblins down there... but from what I've seen of you, I'm guessing you're an experienced Knight. Am I right?",쥐와 고블린이 득실거리는 곳이지... 널 보아하니 그런 곳엔 익숙하겠군. 그렇지?,record,False,False,False,False,,
Oblivion.esm,INFO,0001E8F4,,NAM1,0,,,"There are rats and goblins down there... but from what I've seen of you, I'm guessing you are an experienced Mage. Am I right?",쥐와 고블린이 득실거리는 곳이지... 널 보아하니 그런 곳엔 익숙하겠군. 그렇지?,record,False,False,False,False,,
Oblivion.esm,INFO,0001E8F5,,NAM1,0,,,"There are rats and goblins down there... but from what I've seen of you, I'm guessing you are an experienced Monk. Am I right?",쥐와 고블린이 득실거리는 곳이지... 널 보아하니 그런 곳엔 익숙하겠군. 그렇지?,record,False,False,False,False,,
Oblivion.esm,INFO,0001E8F6,,NAM1,0,,,"There are rats and goblins down there... but from what I've seen of you, I'm guessing you are an experienced Nightblade. Am I right?",쥐와 고블린이 득실거리는 곳이지... 널 보아하니 그런 곳엔 익숙하겠군. 그렇지?,record,False,False,False,False,,
Oblivion.esm,INFO,0001E8F7,,NAM1,0,,,"There are rats and goblins down there... but from what I've seen of you, I'm guessing you are an experienced Pilgrim. Am I right?",쥐와 고블린이 득실거리는 곳이지... 널 보아하니 그런 곳엔 익숙하겠군. 그렇지?,record,False,False,False,False,,
Oblivion.esm,INFO,0001E8F8,,NAM1,0,,,"There are rats and goblins down there... but from what I've seen of you, I'm guessing you are an experienced Rogue. Am I right?",쥐와 고블린이 득실거리는 곳이지... 널 보아하니 그런 곳엔 익숙하겠군. 그렇지?,record,False,False,False,False,,
Oblivion.esm,INFO,0001E8F9,,NAM1,0,,,"There are rats and goblins down there... but from what I've seen of you, I'm guessing you are an experienced Scout. Am I right?",쥐와 고블린이 득실거리는 곳이지... 널 보아하니 그런 곳엔 익숙하겠군. 그렇지?,record,False,False,False,False,,
Oblivion.esm,INFO,0001E8FA,,NAM1,0,,,"There are rats and goblins down there... but from what I've seen of you, I'm guessing you are an experienced Sorcerer. Am I right?",쥐와 고블린이 득실거리는 곳이지... 널 보아하니 그런 곳엔 익숙하겠군. 그렇지?,record,False,False,False,False,,
Oblivion.esm,INFO,0001E8FC,,NAM1,0,,,"There are rats and goblins down there... but from what I've seen of you, I'm guessing you are an experienced Thief. Am I right?",쥐와 고블린이 득실거리는 곳이지... 널 보아하니 그런 곳엔 익숙하겠군. 그렇지?,record,False,False,False,False,,
Oblivion.esm,INFO,0001E8FD,,NAM1,0,,,"There are rats and goblins down there... but from what I've seen of you, I'm guessing you are an experienced Warrior. Am I right?",쥐와 고블린이 득실거리는 곳이지... 널 보아하니 그런 곳엔 익숙하겠군. 그렇지?,record,False,False,False,False,,
Oblivion.esm,INFO,0001E8FF,,NAM1,0,,,"There are rats and goblins down there... but from what I've seen of you, I'm guessing you are an experienced Witchhunter. Am I right?",쥐와 고블린이 득실거리는 곳이지... 널 보아하니 그런 곳엔 익숙하겠군. 그렇지?,record,False,False,False,False,,
Oblivion.esm,INFO,0001E901,,NAM1,0,,,"There are rats and goblins down there... but from what I've seen of you, I'm guessing you're experienced enough to handle them. Am I right?",쥐와 고블린이 득실거리는 곳이지... 널 보아하니 그런 곳엔 익숙하겠군. 그렇지?,record,False,False,False,False,,
Oblivion.esm,DIAL,0001E89F,CGBaurusD,FULL,0,,,How do I get there?,어떻게 가지?,record,False,False,True,False,TOPIC_CHECK,
Oblivion.esm,INFO,0001E8E9,,NAM1,0,,,"First you need to get out of here. Through that door must be the entrance to the sewers, past the locked gate. That's where we were heading.",먼저 여기를 벗어나야 해. 아까 잠겨있던 문은 틀림없이 하수구의 입구로 이어질 거야. 바로 우리 발 아래가 되겠군.,record,False,False,False,False,,
Oblivion.esm,INFO,0001E8E9,,NAM1,1,,,It's a secret way out of the Imperial City. Or it was supposed to be secret.,임페리얼시티의 비밀 통로지. 더 이상 비밀이 아닐지도 모르지만.,record,False,False,False,False,,
Oblivion.esm,INFO,0001E8E9,,NAM1,2,,,Here. You'll need this key for the last door into the sewers.,"자, 하수구로 통하는 마지막 문의 열쇠야.",record,False,False,False,False,,
Oblivion.esm,DIAL,0001E8A0,CGBaurusC,FULL,0,,,There is another heir.,다른 후계자가 있데.,record,False,False,True,False,TOPIC_CHECK,
Oblivion.esm,INFO,0001E8E8,,NAM1,0,,,Nothing I ever heard about. But Jauffre would be the one to know. He's the Grandmaster of my Order.,그래? 나로선 처음 듣는 얘기군. 하지만 죠프리(Jauffre)라면 알 만한 위치에 있지. 그는 우리 블레이드의 단장이야.,record,True,True,False,False,HIGH,Jauffre
Oblivion.esm,INFO,0001E8E8,,NAM1,1,,,"Although you may not think so to meet him. He lives quietly as a monk at Weynon Priory, near the city of Chorrol.","그를 만날 생각은 안 해봤겠지만, 그는 코롤(Chorrol)시 인근의 웨이넌(Weynon) 수도원에서 수도사처럼 조용히 살고 있지.",record,True,True,False,False,HIGH,"Chorrol, Weynon"
Oblivion.esm,DIAL,0001E8A1,CGBaurusB,FULL,0,,,I must take it to Jauffre.,죠프리에게 가져가야 해.,record,False,False,True,False,TOPIC_CHECK,
Oblivion.esm,INFO,0001E8E7,,NAM1,0,,,Jauffre? He said that? Why?,죠프리(Jauffre)에게? 그렇게 말씀하셨어? 왜?,record,True,True,False,False,HIGH,Jauffre
Oblivion.esm,DIAL,0001E8B0,CGBaurusA,FULL,0,,,The Emperor gave it to me.,황제께서 내게 주셨어.,record,False,False,True,False,TOPIC_CHECK,
Oblivion.esm,INFO,0001E8E6,,NAM1,0,,,Strange. He saw something in you. Trusted you.,그래? 믿을 수 없군. 황제께선 뭘 보고 널 믿으시지? 널 완전히 신뢰하시는군.,record,False,False,False,False,,
Oblivion.esm,INFO,0001E8E6,,NAM1,1,,,"They say it's the Dragon Blood, that flows through the veins of every Septim. They see more than lesser men.",드래곤의 피라고 불리는... 셉팀(Septim)가에 흐르는 핏줄... 그들은 보다 더 많은 것을 볼 수 있지.,record,True,True,False,False,HIGH,Septim
Oblivion.esm,INFO,0001E8E6,,NAM1,2,,,"The Amulet of Kings is a sacred symbol of the Empire. Most people think of the Red Dragon Crown, but that's just jewelry.",왕의 아뮬렛은 황제의 신성한 상징이야. 모두들 단순한 보석이 아니라 붉은 드래곤의 왕관이라고 생각하지.,record,False,False,False,False,,
Oblivion.esm,INFO,0001E8E6,,NAM1,3,,,"The Amulet has power. Only a true heir of the Blood can wear it, they say.",아뮬렛은 힘을 가지고 있어. 핏줄의 진정한 후계자만이 착용할 수 있다고 전해지지.,record,False,False,False,False,,
Oblivion.esm,INFO,0001E8E6,,NAM1,4,,,He must have given it to you for a reason. Did he say why?,황제께서 네게 준 이유가 있을 거야. 황제께서는 뭐라 셨나?,record,False,False,False,False,,
Oblivion.esm,DIAL,0001E8CC,MQ03ComeWithMe,FULL,0,,,Come with me to Weynon Priory.,웨이넌 수도원으로 함께 갑시다.,record,False,False,True,False,TOPIC_CHECK,
Oblivion.esm,INFO,0001E8D6,,NAM1,0,,,"No. I'm sorry, but even if what you say is true, I won't abandon these people to their fate.","안되오, 당신 얘기가 사실이라고 해도 나는 여기 사람들을 버려두고 떠날 수 없소.",record,False,False,False,False,,
Oblivion.esm,INFO,0001E8D6,,NAM1,1,,,I'll go with you when we can all leave here together.,"여기 있는 모두가 함께 떠날 수 있을 때, 그때 생각해 보겠소.",record,False,False,False,False,,
Oblivion.esm,INFO,0001E8D7,,NAM1,0,,,"You destroyed the Oblivion Gate, they say. You gave them hope. You helped them drive the daedra back.",당신이 오블리비언 게이트를 파괴했다고 들었소. 당신은 그들에게 희망을 주었소. 그들이 데이드라를 몰아낼 수 있도록 도운 것이오.,record,False,False,False,False,,
Oblivion.esm,INFO,0001E8D7,,NAM1,1,,,Yes. I'll come with you to Weynon Priory and hear what Jauffre has to say. Lead on.,"좋소, 당신과 함께 웨이넌 수도원으로 가서 죠프리(Jauffre)의 얘기를 들어보겠소. 앞장 서시오.",record,True,True,False,False,HIGH,Jauffre
Oblivion.esm,DIAL,0001E8CE,MQ03MartinC1,FULL,0,,,The daedra came here for you.,데이드라들은 당신 때문에 여기 온 겁니다.,record,False,False,True,False,TOPIC_CHECK,
Oblivion.esm,INFO,0001E8D5,,NAM1,0,,,An entire city destroyed to get at me? Why?,크바치 전체가 나 때문에 파괴되었다고? 어째서?,record,False,False,False,False,,
Oblivion.esm,INFO,0001E8D5,,NAM1,1,,,... Because I'm the emperor's son?,내가 황제의 아들이기 때문에?,record,False,False,False,False,,
Oblivion.esm,DIAL,0001E8CF,MQ03MartinA3,FULL,0,,,"You're Martin, right? The priest?","이곳의 사제, 마틴(Martin)인가?",record,True,True,True,False,HIGH,Martin
Oblivion.esm,INFO,00082DC5,,NAM1,0,,,Yes. I'm a priest. Do you need a priest? I don't think I'll be much help to you.,그렇소. 나는 사제요. 사제가 필요해서 온 것이오? 내가 당신에게 도움이 되리라곤 생각지 않소만.,record,False,False,False,False,,
Oblivion.esm,INFO,00082DC5,,NAM1,1,,,I'm having trouble understanding the gods right now.,나는 신께서 행하신 이번 일을 이해하기 위해 고민 중이오.,record,False,False,False,False,,
Oblivion.esm,INFO,00082DC5,,NAM1,2,,,"If all this is part of a divine plan, I'm not sure I want to have anything to do with it.","이 모든 게 신께서 계획하신 부분이라면, 난 대체 어떤 선택을 해야 할 지 모르겠소.",record,False,False,False,False,,
Oblivion.esm,DIAL,0001E968,SE10NM,FULL,0,,,Never mind.,괜찮아요.,record,False,False,True,False,TOPIC_CHECK,
Oblivion.esm,INFO,0001E96E,,NAM1,0,,,"As you wish, your Grace.","뜻대로 하겠습니다, 전하.",record,False,False,False,False,,
Oblivion.esm,DIAL,0001E969,SE10PinnacleRockInfo,FULL,0,,,Tell me more about Pinnacle Rock.,피나클 록에 대해 더 알려주세요.,record,False,False,True,False,TOPIC_CHECK,
Oblivion.esm,INFO,00043028,,NAM1,0,,,Pinnacle Rock was given to us by our Lord Sheogorath as a sanctuary and place of restoration.,피나클 록(Pinnacle Rock)은 쉐오고라스(Sheogorath) 폐하께서 내리신 곳입니다. 저희에게는 성역이자 회복의 장소이지요.,record,True,True,False,False,HIGH,"Pinnacle, Rock, Sheogorath"
Oblivion.esm,INFO,00043028,,NAM1,1,,,"It is our home. It is where our numbers are strengthened, and where we return to the realm from the Waters of Oblivion.","이곳은 우리의 고향입니다. 전력을 보강하고, 오블리비언(Oblivion)의 탁류에서 되돌아오는 곳이기도 하지요.",record,True,True,False,False,HIGH,Oblivion
Oblivion.esm,INFO,00043028,,NAM1,2,,,What else would you ask of me?,또 궁금하신 것이 있으십니까?,record,False,False,False,False,,
Oblivion.esm,DIAL,0001E96A,SEBrellachInfo,FULL,0,,,Tell me more about Brellach.,브렐라흐에 대해 더 알려주세요.,record,False,False,True,False,TOPIC_CHECK,
Oblivion.esm,INFO,0001E970,,NAM1,0,,,Brellach was given to us by our Lord Sheogorath as a sanctuary and place of restoration.,브렐락(Brellach)은 쉐오고라스(Sheogorath) 폐하께서 내리신 곳입니다. 저희에게는 성역이자 회복의 장소이지요.,record,True,True,False,False,HIGH,"Brellach, Sheogorath"
Oblivion.esm,INFO,0001E970,,NAM1,1,,,"It is our home. It is where our numbers are strengthened, and where we return to the realm from the Waters of Oblivion.","이곳은 우리의 고향입니다. 전력을 보강하고, 오블리비언(Oblivion)의 탁류에서 되돌아오는 곳이기도 하지요.",record,True,True,False,False,HIGH,Oblivion
Oblivion.esm,INFO,0001E970,,NAM1,2,,,What else would you ask of me?,궁금하신 게 또 있습니까?,record,False,False,False,False,,
Oblivion.esm,DIAL,0001E96B,SE10ChimeInfo,FULL,0,,,Tell me about these Chimes.,이 차임에 대해 알려주세요.,record,False,False,True,False,TOPIC_CHECK,
Oblivion.esm,INFO,0001E96F,,NAM1,0,,,They are a key part of the ceremony for restoring fallen comrades.,종은 죽은 동료들을 불러오는 의식에서 중요한 부분을 차지합니다.,record,False,False,False,False,,
Oblivion.esm,INFO,0001E96F,,NAM1,1,,,"The ringing of the chimes is said to help call the souls back to Brellach, guiding them to us, so they may return to our Lord's service.",종소리는 죽은 자의 영혼을 브렐락(Brellach)으로 불러 우리에게 인도합니다. 그리하여 쉐오고라스(Sheogorath) 폐하를 다시 섬길 수 있게 되는 것입니다.,record,True,True,False,False,HIGH,"Brellach, Sheogorath"
Oblivion.esm,INFO,0001E96F,,NAM1,2,,,What else would you ask of me?,또 궁금하신 것이 있으십니까?,record,False,False,False,False,,
Oblivion.esm,INFO,00043026,,NAM1,0,,,They are a key part of the ceremony for restoring fallen comrades.,종은 죽은 동료들을 불러오는 의식에서 중요한 부분을 차지합니다.,record,False,False,False,False,,
Oblivion.esm,INFO,00043026,,NAM1,1,,,"The ringing of the chimes is said to help call the souls back to Pinnacle Rock, guiding them to us, so they may return to our Lord's service.",종소리는 죽은 자의 영혼을 피나클 록(Pinnacle Rock)으로 불러 우리에게 인도합니다. 그리하여 쉐오고라스(Sheogorath) 폐하를 다시 섬길 수 있게 되는 것입니다.,record,True,True,False,False,HIGH,"Pinnacle, Rock, Sheogorath"
Oblivion.esm,INFO,00043026,,NAM1,2,,,What else would you ask of me?,또 궁금하신 것이 있습니까?,record,False,False,False,False,,
Oblivion.esm,DIAL,0001E96C,SE10WellspringInfo,FULL,0,,,Tell me about the Wellspring.,원천에 대해 알려주세요.,record,False,False,True,False,TOPIC_CHECK,
Oblivion.esm,INFO,0001E971,,NAM1,0,,,"The Wellspring is a cynosure, a place where the Animus of lost Aureal can return to this realm from the Waters of Oblivion.",수원(물이 나오는 근원지)은 등대와 같습니다. 죽은 오리얼(Aureal)의 영혼이 오블리비언(Oblivion)의 탁류에서 이 세계로 돌아올 수 있도록 인도하지요.,record,True,True,False,False,HIGH,"Aureal, Oblivion"
Oblivion.esm,INFO,0001E971,,NAM1,1,,,"The Darkness is a frightening place, even to us, and so our Lord has given us this beacon, a light to guide us back to Him.",우리에게 조차 암흑은 두렵습니다. 그래서 폐하께서는 어둠속의 등불을 하사하시어 우리가 돌아올 수 있도록 해 주신 것입니다.,record,False,False,False,False,,
Oblivion.esm,INFO,0001E971,,NAM1,2,,,What else would you ask of me?,물어보실 게 또 있습니까?,record,False,False,False,False,,
Oblivion.esm,INFO,00043027,,NAM1,0,,,"The Wellspring is a cynosure, a place where the Animus of lost Mazken can return to this realm from the Waters of Oblivion.",수원(물이 나오는 근원지)은 등대와 같습니다. 죽은 마즈켄(Mazken)의 영혼이 오블리비언(Oblivion)의 탁류에서 이 세계로 돌아올 수 있도록 인도하지요.,record,True,True,False,False,HIGH,"Mazken, Oblivion"
Oblivion.esm,INFO,00043027,,NAM1,1,,,"The Darkness is a frightening place, even to us, and so our Lord has given us this beacon, a light to guide us back to Him.",우리에게 조차 암흑은 두렵습니다. 그래서 폐하께서는 어둠속의 등불을 하사하시어 우리가 돌아올 수 있도록 해 주신 것입니다.,record,False,False,False,False,,
Oblivion.esm,INFO,00043027,,NAM1,2,,,What else would you ask of me?,또 궁금하신 점이 있으십니까?,record,False,False,False,False,,
Oblivion.esm,DIAL,0001EB74,SE08OrdersHelpDUPLICATE000,FULL,0,,,How do I issue orders?,명령은 어떻게 내리나요?,record,False,False,True,False,TOPIC_CHECK,
Oblivion.esm,DIAL,0001EB90,NivanDalviluTOPIC,FULL,0,,,Nivan Dalvilu,니반 달비루(Nivan Dalvilu),record,True,True,True,False,HIGH,"Nivan, Dalvilu"
Oblivion.esm,INFO,0001EBD6,,NAM1,0,,,I am Nivan Dalvilu.,내가 Nivan Dalvilu 요.,record,False,True,False,False,MEDIUM,"Nivan, Dalvilu"
Oblivion.esm,INFO,0001EBD9,,NAM1,0,,,"Dalvilu has been murdered, and we have been accused of the crime! Bastard elves! That they would dishonor us in this way....","Dalvilu가 살해당했어, 그리고 우리가 그 범죄의 피의자가 되버렸어! 엘프 새끼들! 이런식으로 우리를 모욕하려는 것은... ",record,False,True,False,False,MEDIUM,Dalvilu
Oblivion.esm,INFO,0001EBDA,,NAM1,0,,,The leader of the Dalvilu has been found dead. This is a sad day for all of Bleaker's Way.,Dalvilu의 지도자가 사망한 채로 발견됐소. Bleaker's Way의 모든 이들에게 슬픈 날이오.,record,False,True,False,False,MEDIUM,"Dalvilu, Bleaker's, Way"
Oblivion.esm,INFO,0001EBDB,,NAM1,0,,,"He leads the Dalvilu family. He is a wise man, and a powerful wizard.",그는 Dalvilu 일가를 이끌고 있소. 그는 현명하고 강력한 마법사이지.,record,False,True,False,False,MEDIUM,Dalvilu
Oblivion.esm,INFO,0001EBDC,,NAM1,0,,,"Nivan has been murdered, and by one of the Ulfgar clan! Barbaric Nords! Mindless animals! They will pay for their actions.",Nivan가 살해당했다. Ulfgar 일족 누군가의 짓이다! 야만스런 노드놈들! 머리빈 짐승같으니! 놈들은 그 행동에 대가를 치룰 것이다.,record,False,True,False,False,MEDIUM,"Nivan, Ulfgar"
Oblivion.esm,INFO,0001EBDD,,NAM1,0,,,"Nivan is murdered! How could this have happened? Everyone was fond of Nivan, including the Ulfgar clan. We must find the assassin.",Nivan이 살해당했다! 어떻게 이런 일이 일어날수 있는지? Ulfgar일족을 포함한 누구나가 Nivan을 좋아하고 있었어. 우리는 자객을 찾지 않으면 안된다.,record,False,True,False,False,MEDIUM,"Nivan, Ulfgar, Nivan"
Oblivion.esm,INFO,0001ECE2,,NAM1,0,,,"He is the head of our family. He works powerful magic, but his true gift is compromise. He is a wise, wise leader.","그는 우리 일족의 지도자요. 그는 강력한 마법을 발휘하지만, 진정한 재능은 타협이지. 그는 총명하고 현명한 지도자요.",record,False,False,False,False,,
Oblivion.esm,DIAL,0001EB94,HrolUlfgarTOPIC,FULL,0,,,Hrol Ulfgar,흐롤 울프가르(Hrol Ulfgar),record,True,True,True,False,HIGH,"Hrol, Ulfgar"
Oblivion.esm,INFO,0001EBCB,,NAM1,0,,,I am Hrol Ulfgar.,내가 Hrol Ulfgar요.,record,False,True,False,False,MEDIUM,"Hrol, Ulfgar"
Oblivion.esm,INFO,0001EBCD,,NAM1,0,,,"Hrol Ulfgar is dead, and his clan believes our family responsible! This is madness!",Hrol Ulfgar가 죽었어. 그리고 그의 일족은 우리 일족 탓이라고 생각하고 있어! 미친소리야!,record,False,True,False,False,MEDIUM,"Hrol, Ulfgar"
Oblivion.esm,INFO,0001EBCE,,NAM1,0,,,"Hrol Ulfgar is dead! I cannot imagine who would want to harm him. The culprit will be found, though.",Hrol Ulfgar가 죽었어! 그를 해치려 한 자라니 상상조차 할수 없어. 아무튼 범인은 발견될 것이야.,record,False,True,False,False,MEDIUM,"Hrol, Ulfgar"
Oblivion.esm,INFO,0001EBD1,,NAM1,0,,,Hrol Ulfgar leads the Ulfgar clan. He is a fierce warrior and a wise leader. All the Dalvilu respect the man.,Hrol Ulfgar은 Ulfgar 일족을 이끌고 있소. 그는 거친 전사면서 현명한 지도자이지. Dalvilu의 모두가 그남자를 존경하고 있소.,record,False,True,False,False,MEDIUM,"Hrol, Ulfgar, Ulfgar, Dalvilu"
Oblivion.esm,INFO,0001EBD3,,NAM1,0,,,"Hrol Ulfgar has been murdered, and the Dalvilu are responsible! They will pay for their treachery, the wretched Dunmer!","Hrol Ulfgar가 살해당했다, 그것은 Dalvilu 놈들 짓이다! 그들은 배신의 댓가를 치를 것이야, 비열한 Dunmer놈들!",record,False,True,False,False,MEDIUM,"Hrol, Ulfgar, Dalvilu, Dunmer"
Oblivion.esm,INFO,0001EBDE,,NAM1,0,,,"Hrol Ulfgar has been murdered. We will find the assassin, and he will pay dearly.",Hrol Ulfgar가 살해당했다. 우리 자객을 찾을 낼 것이다. 그 자는 비싼 대가를 치를 것이야.,record,False,True,False,False,MEDIUM,"Hrol, Ulfgar"
Oblivion.esm,INFO,0001ECE1,,NAM1,0,,,"He leads the Ulfgar clan. He is slow to anger, but fierce with his axe. All the clan values his leadership and judgement.",그는 Ulfgar 일족을 이끌고 있소. 그는 쉽게 화를 내진 않지만 그의 도끼는 아주 매섭지. 일족 모두가 그의 지도력과 판단을 존중하고 있소.,record,False,True,False,False,MEDIUM,Ulfgar
Oblivion.esm,DIAL,0001EB95,BleakersWayTopic,FULL,0,,,Bleaker's Way,블리커 웨이(Bleaker's Way),record,True,True,True,False,HIGH,"Bleaker's, Way"
Oblivion.esm,INFO,0001EBD7,,NAM1,0,,,Ulf the Bleaker settled here before Rayno Dalvilu and his family arrived. But the families have long lived together in peace.,음산한 울프(Ulf the Bleaker)가 여기 정착한 것은 Rayno Dalvilu와 그의 가족이 오기전의 일이었소. 하지만 그 가족들은 오랫동안 평화롭게 지내왔소.,record,True,True,False,False,HIGH,"Ulf, the, Bleaker, Rayno, Dalvilu"
Oblivion.esm,INFO,0001EBD7,,NAM1,1,,,"Nivan Dalvilu and I lead the community, and have done so for many years. It is an excellent arrangement.",Nivan Dalvilu와 내가 지역사회를 이끌고 있소. 그렇게 오랜 세월동안 지속되어 왔소. 훌륭한 합의지요.,record,False,True,False,False,MEDIUM,"Nivan, Dalvilu"
Oblivion.esm,INFO,0001EBDF,,NAM1,0,,,"Many years ago, this town was settled by Ulf the Bleaker. Soon after, Rayno Dalvilu and his family arrived.","몇 년 전, 이 마을에 Ulf Bleaker가 정착했소. 바로 뒤에, Rayno Dalvilu과 그의 가족이 왔지.",record,False,True,False,False,MEDIUM,"Ulf, Bleaker, Rayno, Dalvilu"
Oblivion.esm,INFO,0001EBDF,,NAM1,1,,,"Hrol Ulfgar and Nivan Dalvilu lead the community, and have done so for many years.",Hrol Ulfgar와 Nivan Dalvilu가 이 지역사회를 이끌고 있소. 그렇게 오랜 세월동안 지속되어 왔지.,record,False,True,False,False,MEDIUM,"Hrol, Ulfgar, Nivan, Dalvilu"
Oblivion.esm,INFO,0001ECDF,,NAM1,0,,,"Dalvilus have lived here peacefully with Ulfgars for generations. As leaders, Hrol Ulfgar and I work hard to preserve that tradition.","몇세대를 거쳐 여기에서 Dalvilu가족과 Ulfgar가족은 평화롭게 살아 왔소. 지도자로서, Hrol Ulfgar와 나는 그 전통을 유지하기 위해 열심히 일하고 있소.",record,False,True,False,False,MEDIUM,"Dalvilu, Ulfgar, Hrol, Ulfgar"
Oblivion.esm,INFO,0001ECE0,,NAM1,0,,,"We Dalvilus are good neighbors to the Ulfgars, and our leaders, Hrol Ulfgar and Nivan Dalvilu, work hard to keep it that way.",우리 Dalvilu가족은 Ulfgar가족과 좋은 이웃이지요. 우리의 지도자인 Hrol Ulfgar와 Nivan Dalvilu은 그런 모습을 유지하기 위해 열심히 일하고 있어요.,record,False,True,False,False,MEDIUM,"Dalvilu, Ulfgar, Hrol, Ulfgar, Nivan, Dalvilu"
Oblivion.esm,DIAL,0001EB96,ShrineofMephalaTOPIC,FULL,0,,,Shrine of Mephala,메팔라(Mephala) 성지,record,True,True,True,False,HIGH,Mephala
Oblivion.esm,INFO,0001ECE3,,NAM1,0,,,Mephala tugs the strings of mortals for her pleasure. Are you sure you desire audience with the Webspinner?,Mephala는 여흥을 위해서 필멸자들의 운명을 뒤에서 조정하시지. 자네는 Webspinner와의 알현을 분명 바라고 있겠지?,record,False,True,False,False,MEDIUM,"Mephala, Webspinner"
Oblivion.esm,DIAL,0001EB97,DABoethiaChoice2,FULL,0,,,I will not approach the shrine.,성지에 다가가지 않겠다.,record,False,False,True,False,TOPIC_CHECK,
Oblivion.esm,INFO,0001EC93,,NAM1,0,,,Your decision is a wise one. You would be foolish to think that you might gain the favor of Boethia.,현명한 결정이오. Boethia의 호의를 얻을 수 있을지도 모른다고 생각한다면 어리석을 뿐이오.,record,False,True,False,False,MEDIUM,Boethia
Oblivion.esm,DIAL,0001EB99,DABoethiaChoice1,FULL,0,,,I will approach the shrine.,성지에 다가가고 싶다.,record,False,False,True,False,TOPIC_CHECK,
Oblivion.esm,INFO,0001EC92,,NAM1,0,,,"You are brave. Or suicidal. Approach then, and make an offering. Boethia demands a daedra's heart.",자네는 용감하구나. 그렇지 않으면 자포자기인가. 다가가서 제물을 바치시오. Boethia는 데드라의 심장(daedra's heart)을 원하시고 있소.,record,True,True,False,False,HIGH,"Boethia, daedra's, heart"
Oblivion.esm,DIAL,0001EB9A,ShrineofBoethiaTOPIC,FULL,0,,,Shrine of Boethia,보에시아(Boethia) 성지,record,True,True,True,False,HIGH,Boethia
Oblivion.esm,INFO,0001EBD8,,NAM1,0,,,"You who have returned from Boethia's realm, approach the shrine and learn your fate.","Boethia의 영역에서 돌아온 자여, shrine으로 다가가서 자신의 운명을 깨닳으시오.",record,False,True,False,False,MEDIUM,"Boethia, shrine"
Oblivion.esm,INFO,0001EBE1,,NAM1,0,,,You have approached the shrine and spoken with Boethia. Enter the portal or do not.,그대는 shrine에 다가가 Boethia와 이야기했다. 입구에 들어갈건지 않을건지 결단하라.,record,False,True,False,False,MEDIUM,"shrine, Boethia"
Oblivion.esm,INFO,0001EC94,,NAM1,0,,,"You believe yourself worthy to approach the Shrine of Boethia? Perhaps. Or, perhaps you will be slaughtered. It is your choice.","그대는 스스로가 Boethia의 shrine에 다가갈 자격이 있다고 생각하나? 혹시, 아니 어쩌면 무참히 살해당할지도 모르지. 그것은 그대의 선택이다.",record,False,True,False,False,MEDIUM,"Boethia, shrine"
Oblivion.esm,DIAL,0001EB9B,DAHircineChoice2,FULL,0,,,I am prey.,나는 사냥감입니다.,record,False,False,True,False,TOPIC_CHECK,
Oblivion.esm,INFO,0001EC60,,NAM1,0,,,Then leave here. Run away. Run away quickly. Come back when you are worthy.,그럼 여기를 떠나라. 가라. 어서 가. 자격이 갖추어 졌을때에 다시 돌아와라.,record,False,False,False,False,,
Oblivion.esm,DIAL,0001EB9D,DAHircineChoice1,FULL,0,,,I am a hunter.,나는 사냥꾼입니다.,record,False,False,True,False,TOPIC_CHECK,
Oblivion.esm,INFO,0001EC5F,,NAM1,0,,,Do you think yourself a hunter? Then approach the Shrine of Hircine. Leave our lord an offering.,자신이 사냥꾼이라 생각하는가? 그럼 Hircine의 성지로 다가가서 우리의 주인에게 제물을 남기시오.,record,False,True,False,False,MEDIUM,Hircine
Oblivion.esm,INFO,0001EC5F,,NAM1,1,,,"Leave an offering of the pelt of a bear, or the pelt of a wolf at the shrine, and Hircine may find you worthy.",성지에 공물로써 곰가죽(bear pelt)이나 늑대가죽(wolf pelt)을 올리시오. 그러면 Hircine은 너의 자격을 인정할것이오.,record,True,True,False,False,HIGH,"bear, pelt, wolf, pelt, Hircine"
Oblivion.esm,INFO,0001EC5F,,NAM1,2,,,"Or, perhaps you will learn what it is to be the hunted.","아니, 어쩌면 당신은 사냥감이 되는게 어떤건지 알게 될지도.",record,False,False,False,False,,
Oblivion.esm,DIAL,0001EB9E,Unicorn,FULL,0,,,Unicorn,유니콘,record,False,False,True,False,TOPIC_CHECK,
Oblivion.esm,INFO,0001EC61,,NAM1,0,,,Lord Hircine has sent you to hunt the Unicorn? Count yourself doubly blessed.,Lord Hircine께서 당신을 유니콘 사냥에 내보냈다고? 당신은 2배로 축복받은 거라 여기라고.,record,False,True,False,False,MEDIUM,"Lord, Hircine"
Oblivion.esm,INFO,0001EC61,,NAM1,1,,,"Hircine has deigned to speak with you, and he has provided you with glorious prey. You have been greatly honored. Do not fail him.",Hircine은 당신과 기분 좋게 이야기 하셨다. 그리고 영광스런 전리품을 하사 하셨어. 크게 영광으로 생각해야 할 것이야. 그를 배신하지 말도록.,record,False,True,False,False,MEDIUM,Hircine
Oblivion.esm,INFO,0001EC53,,NAM1,0,,,"Here, we make sacrifice to the Lord Hircine. We pray for a True Hunt. We beg to be Honored Prey.","여기에서, 우리들은 Lord Hircine에게 희생물로 바쳐진다네. 우리는 진정한 사냥을 위해 기도하지. 우리는 영광스런 먹이감이 되기를 간절히 바라고 있소.",record,False,True,False,False,MEDIUM,"Lord, Hircine"
Oblivion.esm,DIAL,0001EBA0,DAMalacathChoice4,FULL,0,,,I admire your efforts.,당신의 노력에 감탄하오.,record,False,False,True,False,TOPIC_CHECK,
Oblivion.esm,INFO,0001EC3A,,NAM1,0,,,I am quite pleased with the ogre slaves in my Bleak Mine. No issues of slavery with brute beasts. Profitable. And legal.,나는 Bleak Mine에 오거노예가 아주 만족스럽소. 짐승을 노예로 부리는건 문제될거 없소. 이익도 되고. 법적으로도 전혀 문제 없지.,record,False,True,False,False,MEDIUM,"Bleak, Mine"
Oblivion.esm,DIAL,0001EBA1,DAMalacathChoice3,FULL,0,,,No creature should be a slave.,어떤 생물도 노예가 되어선 안된다.,record,False,False,True,False,TOPIC_CHECK,
Oblivion.esm,INFO,0001EC39,,NAM1,0,,,I don't believe I asked for your opinion on this matter. I am done speaking with you. Please leave my estate.,그 건에 관해서 댁의 의견을 구할 생각은 없소. 얘기는 끝났소. 내 땅에서 나가 주시오.,record,False,False,False,False,,
Oblivion.esm,DIAL,0001EBA2,DAMalacathChoice2,FULL,0,,,I will not approach the shrine.,성지에 다가가지 않겠다.,record,False,False,True,False,TOPIC_CHECK,
Oblivion.esm,INFO,0001EC3E,,NAM1,0,,,"Good thinking. You want to keep your good looks, go talk to some nice pretty gods.","좋은 생각이야. 네 멀쑥한 모습을 유지하고 싶다면, 다른 예쁘장한 신들 하고나 얘기하러 가.",record,False,False,False,False,,
Oblivion.esm,INFO,00026B5F,,NAM1,0,,,Afraid He might mess up that pretty face? Good thinking.,곱상한 그 얼굴을 엉망으로 만들까 두려운가? 좋은 생각이야.,record,False,False,False,False,,
Oblivion.esm,DIAL,0001EBA3,DAMalacathChoice1,FULL,0,,,I will approach the shrine.,성지에 다가가고 싶다.,record,False,False,True,False,TOPIC_CHECK,
Oblivion.esm,INFO,0001EC3D,,NAM1,0,,,Orcs are always welcome. But Malacath wants a present. Like Troll fat. And only Troll fat.,오크는 언제든지 환영한다. 하지만 Malacath는 공물을 원할거요. Troll fat(트롤지방)이 좋아. 오로지 Troll fat(트롤지방)뿐.,record,False,True,False,False,MEDIUM,"Malacath, Troll, fat, Troll, fat"
Oblivion.esm,INFO,00026B5E,,NAM1,0,,,Then go on and do your approaching. But Malacath wants a present. He likes Troll fat. And he likes only Troll fat.,그럼 앞으로 다가가 보시오. 하지만 Malacath는 공물을 원할거요. 그는 Troll fat(트롤지방)을 좋아하지. Troll fat(트롤지방)밖에 좋아하지 않지.,record,False,True,False,False,MEDIUM,"Malacath, Troll, fat, Troll, fat"
Oblivion.esm,DIAL,0001EBA4,LordDradTOPIC,FULL,0,,,Lord Drad,드래드(Drad) 영주,record,True,True,True,False,HIGH,Drad
Oblivion.esm,INFO,000981FA,,NAM1,0,,,Drad's a fancy pants who lives in a pretty house with a pretty wife because he screws over folks like you and me. He makes us puke.,Drad는 이쁘장한 집에서 곱상한 아내하고 잘난체하며 살고 있어. 근데 그게 다 그놈이 너와 나같은 부류를 속여서 쥐어짜기 때문인거지. 구역질이 나온다.,record,False,True,False,False,MEDIUM,Drad
Oblivion.esm,INFO,0001EC51,,NAM1,0,,,I am Lord Drad.,내가 Drad 경이오.,record,False,True,False,False,MEDIUM,Drad
Oblivion.esm,INFO,0001EC52,,NAM1,0,,,"He is my husband, a kind and gentle man. He has given me everything I might ever desire.",그는 제 남편이에요. 친절하고 신사적인 사람이죠. 그는 내가 원하는 거라면 뭐든지 들어준답니다.,record,False,False,False,False,,
Oblivion.esm,DIAL,0001EBA5,BleakMineTOPIC,FULL,0,,,Bleak Mine,블리크 광산(Bleak Mine),record,True,True,True,False,HIGH,"Bleak, Mine"
Oblivion.esm,INFO,00098202,,NAM1,0,,,"The source of my income, of course. I bought it for a song from a foolish Orc. My ogres mine the gold, and I reap the reward.","물론, 내 수입원이오. 거긴 멍청한 오크에게서 헐값으로 산거요. 내 오거들이 금을 파내고, 나는 수입을 확보하지.",record,False,False,False,False,,
Oblivion.esm,DIAL,0001EBA6,OgreSlaves,FULL,0,,,Ogre Slaves,오거 노예,record,False,False,True,False,TOPIC_CHECK,
Oblivion.esm,INFO,00026B66,,NAM1,0,,,"He works them in Bleak Mine. It's terrible. The guards beat the creatures mercilessly. That's all I can tell you. Now please, go.","남편은 그들을 Bleak Mine에서 일하게 했어요. 너무 지나친것 같아요. 경비들은 사정없이 그생물들을 때립니다. 내가 말할건 이것 뿐이에요. 이제, 가주세요.",record,False,True,False,False,MEDIUM,"Bleak, Mine"
Oblivion.esm,INFO,00026B69,,NAM1,0,,,"I can't tell you about that. Please, just go.","그건 말할 수 없어요. 제발, 그냥 가줘요.",record,False,False,False,False,,
Oblivion.esm,INFO,0001EC3C,,NAM1,0,,,"Can you think of a better use for the mindless beasts? Under my eye, they do some good in this world. ","자네는 그 무지한 짐승들에게 더 유용한 쓰임새가 있다고 생각 하나? 내 감시하에 있는한, 녀석들도 이 세상에 조금은 도움이 되고 있다고 보는데.",record,False,False,False,False,,
Oblivion.esm,INFO,0001EC4F,,NAM1,0,,,"Lord Malacath doesn't want the little brothers locked up, working like donkeys so men don't get their pretty pink hands all dirty. Makes Him mad.","Lord Malacath는 작은 형제들이 감금되어, 인간이 예쁘장한 손을 완전히 더럽히기 싫어서, 당나귀처럼 활용되고 있는 것을 바라고 있지 않는다. 그를 격노케 한다.",record,False,True,False,False,MEDIUM,"Lord, Malacath"
Oblivion.esm,DIAL,0001EBA7,ShrineofMalacathTOPIC,FULL,0,,,Shrine of Malacath,말라카스(Malacath) 성지,record,True,True,True,False,HIGH,Malacath
Oblivion.esm,INFO,0001EC2E,,NAM1,0,,,Malacath likes Orcs... when He likes anything. So you can approach the shrine. He won't hurt you. Really. Go ahead.,Malacath는 오크를 좋아해.... 격렬하게 좋아하고 있소. 그러니 당신은 성지에 가까이 갈 수 있소. 해를 입히진 않을 것이오. 정말이오. 가보시오.,record,False,True,False,False,MEDIUM,Malacath
Oblivion.esm,INFO,0001EC2F,,NAM1,0,,,You're not one of Malacath's favorite people. He likes Orcs. Too bad for you.  So you approach His shrine at your own risk.,너는 Malacath가 맘에 들어하는 종족이 아닌데. 그는 오크를 맘에 들어하지. 유감이지만 너는 아니야. 그러니 그의 성지가 접근해서 무슨 일이 일어날진 장담할수 없어.,record,False,True,False,False,MEDIUM,Malacath
Oblivion.esm,INFO,00098201,,NAM1,0,,,I guess you haven't heard. We don't like the 'beautiful people'. But maybe you can persuade me you're ugly inside...,"아무래도 모르는 것 같은데. 우리는 '아름다운 사람'을 좋아하지 않는다. 하지만 혹시 나를 납득시킬 수 있을지도 모르지, 너의 내면이 추하다는 것으로...",record,False,False,False,False,,
Oblivion.esm,DIAL,0001EBA8,DAVaerminaChoice2,FULL,0,,,I have no business here.,아무 볼일 없소.,record,False,False,True,False,TOPIC_CHECK,
Oblivion.esm,INFO,0001EC16,,NAM1,0,,,"Then perhaps you should go, lest Vaermina take interest in your dreams.",그렇다면 당신은 가야 할 지도 모른다. Vaermina가 당신의 꿈에 관심을 가지지 않도록.,record,False,True,False,False,MEDIUM,Vaermina
Oblivion.esm,DIAL,0001EBA9,DAVaerminaChoice1,FULL,0,,,I wish to speak with Vaermina.,버미나(Vaermina)와 얘기하고 싶소.,record,True,True,True,False,HIGH,Vaermina
Oblivion.esm,INFO,0001EC15,,NAM1,0,,,"To speak with Vaermina, you must offer a black soul gem to the Daedra Lord.","Vaermina와 말하기 위해선, 데드라 군주(Daedra Lord)에게 블랙 소울 젬(black soul gem)을 바쳐야 합니다.",record,True,True,False,False,HIGH,"Vaermina, Daedra, Lord, black, soul, gem"
Oblivion.esm,DIAL,0001EBAA,OrbofVaerminaTOPIC,FULL,0,,,Orb of Vaermina,버미나의 오브(Orb of Vaermina),record,True,True,True,False,HIGH,"Orb, of, Vaermina"
Oblivion.esm,DIAL,0001EBAB,ArkvedTOPIC,FULL,0,,,Arkved,아크베드(Arkved),record,True,True,True,False,HIGH,Arkved
Oblivion.esm,DIAL,0001EBAC,ShrineofVaerminaTOPIC,FULL,0,,,Shrine of Vaermina,베르미나(Vaermina) 성지,record,True,True,True,False,HIGH,Vaermina
Oblivion.esm,INFO,0001EC17,,NAM1,0,,,"Here we worship Vaermina, praying for her to grant us true visions. What is your business here?",우리는 Vaermina의 숭배자입니다. 우리에게 진실의 통찰력을 내려주시기를 기도하고 있습니다. 여기에 무슨 일로 왔습니까?,record,False,True,False,False,MEDIUM,Vaermina
Oblivion.esm,DIAL,0001EBAD,DAMeridiaChoice2,FULL,0,,,I am merely a traveller.,그냥 나그네입니다.,record,False,False,True,False,TOPIC_CHECK,
Oblivion.esm,DIAL,0001EBAE,HowlingCaveTOPIC,FULL,0,,,Howling Cave,울부짖는 동굴(Howling Cave),record,True,True,True,False,HIGH,"Howling, Cave"
Oblivion.esm,DIAL,0001EBAF,ShrineofMeridiaTOPIC,FULL,0,,,Shrine of Meridia,메리디아(Meridia) 성지,record,True,True,True,False,HIGH,Meridia
Oblivion.esm,INFO,0001EBFB,,NAM1,0,,,"Meridia has spoken to you, and for that, you are blessed.",Meridia께서 당신과 이야기했습니다. 그로인해 당신은 축복받았습니다.,record,False,True,False,False,MEDIUM,Meridia
Oblivion.esm,INFO,0001EBFC,,NAM1,0,,,"The spark of life is within you, and you are welcome here at Meridia's shrine. It is possible she will speak to you, under certain conditions.","생명의 불꽃이 당신 안에 있습니다. 고로 당신은 여기 Meridia의 성지에서 환영받습니다. 특정 조건하에, 당신은 그녀와 말할 수 있습니다.",record,False,True,False,False,MEDIUM,Meridia
Oblivion.esm,INFO,0001EBFC,,NAM1,1,,,"Leave an offering at this shrine. Meridia demands tribute in the form of the remains of her enemies, the undead.","이 성지에 공물을 올리세요. Meridia는 그녀의 적, 언데드의 잔재라는 형태의 공물을 원하고 계십니다.",record,False,True,False,False,MEDIUM,Meridia
Oblivion.esm,DIAL,0001EBB0,DAAzuraChoice2,FULL,0,,,I'm passing through.,지나가는 중이오.,record,False,False,True,False,TOPIC_CHECK,
Oblivion.esm,INFO,0001EBE5,,NAM1,0,,,"Then be on your way, lest you anger the Lady.",그렇다면 성녀님을 건드려 화나게 하지 마시오.,record,False,False,False,False,,
Oblivion.esm,DIAL,0001EBB1,DAAzuraChoice1,FULL,0,,,I wish to summon Azura.,아주라를 불러내고 싶습니다.,record,False,False,True,False,TOPIC_CHECK,
Oblivion.esm,INFO,0001EBE4,,NAM1,0,,,"If you wish to speak to the Lady, visit her shrine at dawn or dusk.","성녀님과 이야기하고 싶으시면, 새벽이나 황혼에 성소를 방문하십시오.",record,False,False,False,False,,
Oblivion.esm,INFO,0001EBE4,,NAM1,1,,,"Leave her an offering of glow dust, and perhaps she will deign to speak with you.","발광 가루를 공물로 바치신다면, 성녀님께서 당신과 이야기하실지도 모릅니다.",record,False,False,False,False,,
Oblivion.esm,DIAL,0001EC26,SE08PlaceGuardsEnd,FULL,0,,,That's all. Let's get started.,그게 다입니다. 시작합시다.,record,False,False,True,False,TOPIC_CHECK,
Oblivion.esm,INFO,0001DA84,,NAM1,0,,,"Very well, Your Grace.","좋습니다, 전하.",record,False,False,False,False,,
Oblivion.esm,INFO,0001EC28,,NAM1,0,,,"Very well, Your Grace.","좋습니다, 전하.",record,False,False,False,False,,
Oblivion.esm,DIAL,0001EE17,MQ04KeepMartinSafe,FULL,0,,,Where will Martin be safe?,어디 안전한 곳이 없겠습니까?,record,False,False,True,False,TOPIC_CHECK,
Oblivion.esm,INFO,0001EE2E,,NAM1,0,,,"Nowhere is truly safe against the power arrayed against us. But we must play for time, at least...","위험으로부터 진정 안전한 곳은 어디에도 없어. 하지만 우린 시간을 벌어야 해, 최소한... ",record,False,False,False,False,,
Oblivion.esm,INFO,0001EE2E,,NAM1,1,,,"Cloud Ruler Temple, I think. The hidden fortress of the Blades, in the mountains near Bruma. A few men can hold it against an army.",그렇지! 클라우드 룰러(Cloud Ruler) 사원이 있었지. 브루마(Bruma) 근교의 산에 있는 블레이드의 숨겨진 요새. 최소한의 인원으로도 적에게 맞설 수 있는 곳이지.,record,True,True,False,False,HIGH,"Cloud, Ruler, Bruma"
Oblivion.esm,INFO,0001EE2E,,NAM1,2,,,We should leave at once.,당장 떠나야겠어.,record,False,False,False,False,,
Oblivion.esm,DIAL,0001EE18,MQ04FoundMartin,FULL,0,,,I found Martin. He is safe.,마틴을 모셔왔습니다.,record,False,False,True,False,TOPIC_CHECK,
Oblivion.esm,INFO,0001EE2D,,NAM1,0,,,"So it has not all gone against us. Thank Talos for that! We gained Uriel's heir, and lost the Amulet of Kings.",모든 게 나쁘게 돌아가는 것만은 아니군. 그건 탈로스 신께 감사해야 해. 우린 왕의 아뮬렛을 잃었지만 유리엘(Uriel)의 후계자를 얻었어!,record,True,True,False,False,HIGH,Uriel
Oblivion.esm,INFO,0001EE2D,,NAM1,1,,,"Martin cannot stay here. We have driven them off, but they will be back once they learn of Martin's survival. Which they will.",마틴께서 여기 머물러선 안되네. 우리가 쫓아버렸지만 놈들은 언제고 다시 돌아와 마틴께서 살아있다는 것을 알게 될 걸세.,record,False,False,False,False,,
Oblivion.esm,DIAL,0001EE19,MQ04AmuletGone,FULL,0,,,The Amulet is gone.,아뮬렛이 없어졌습니다.,record,False,False,True,False,TOPIC_CHECK,
Oblivion.esm,INFO,0001EE2C,,NAM1,0,,,I should have known they could find it. Little can remain hid from a Daedra Lord. I underestimated the enemy. It will not happen again.,그들이 찾아낼 수 있다는 것에 대비했어야 했어. 데이드라 군주의 눈을 피한다는 건 결코 쉬운 일이 아니었네. 적을 과소평가 했어. 다시는 이런 일이 없을 것이야.,record,False,False,False,False,,
Oblivion.esm,INFO,0001EE2C,,NAM1,1,,,What of your mission to Kvatch?,크바치에서는 어떤 일이 있었나?,record,False,False,False,False,,
Oblivion.esm,DIAL,0001EE1A,MQ04CheckOnAmulet,FULL,0,,,I'll go check on the Amulet.,아뮬렛을 확인해 보겠습니다.,record,False,False,True,False,TOPIC_CHECK,
Oblivion.esm,INFO,0001EE2B,,NAM1,0,,,We'll go together. But I fear the worst.,같이 가보세. 왠지 불안하군.,record,False,False,False,False,,
Oblivion.esm,DIAL,0001EE1B,MQ04WheresJauffre,FULL,0,,,Where's Jauffre? Is he safe?,죠프리는 어디 있소? 그는 무사하오?,record,False,False,True,False,TOPIC_CHECK,
Oblivion.esm,INFO,0001EE2A,,NAM1,0,,,"I don't know. In the Chapel praying, I think. You must help us!",모르겠어요. 성당에서 기도 드리고 있었을 텐데... 우리를 좀 도와주세요!,record,False,False,False,False,,
Oblivion.esm,DIAL,0001EE1C,MQ04SlowDown,FULL,0,,,Hold on. Tell me what happened.,진정하시오. 무슨 일이오?,record,False,False,True,False,TOPIC_CHECK,
Oblivion.esm,INFO,0001EE29,,NAM1,0,,,I don't know! I think they're right behind me! Prior Maborel is dead!,도와주세요! 그들이 쫓아오고 있어요! 메이버렐(Maborel) 수도원장이 죽었어요!,record,True,True,False,False,HIGH,Maborel
Oblivion.esm,DIAL,0001EE1D,MQ04WeynonAttack,FULL,0,,,Who's attacking Weynon Priory?,누가 수도원을 공격했소?,record,False,False,True,False,TOPIC_CHECK,
Oblivion.esm,INFO,0001EE28,,NAM1,0,,,I was in the sheepfold when they attacked. I heard the Prior talking to someone. ,"그들이 쳐들어 왔을 때 난 양 우리에 있었는데, 누군가와 이야기하는 수도원장의 목소리를 들었어요. ",record,False,False,False,False,,
Oblivion.esm,INFO,0001EE28,,NAM1,1,,,"Looked around the corner to see who it was. They looked like travellers, ordinary. ",모퉁이 뒤에서 누군지 봤는데 평범한 여행객들 같아 보였어요. ,record,False,False,False,False,,
Oblivion.esm,INFO,0001EE28,,NAM1,2,,,Suddenly weapons appeared in their hands and they cut the Prior down before he could move! They saw me watching and I ran.,갑자기 그들이 무기를 꺼내 들더니 수도원장이 미처 피하기 전에 베어버렸어요! 그들은 내가 보고 있다는 것을 알아차렸고 난 도망쳐 왔어요.,record,False,False,False,False,,
Oblivion.esm,DIAL,0001EF6E,DANocturnalChoice2,FULL,0,,,I am only passing through.,단지 지나가는 길이었다.,record,False,False,True,False,TOPIC_CHECK,
Oblivion.esm,INFO,00026AC3,,NAM1,0,,,"Then leave, and forget you have ever seen this place.",그러면 떠나세요. 그리고 이 곳을 봤다는 것 조차 잊으세요.,record,False,False,False,False,,
Oblivion.esm,DIAL,0001EF6F,DANocturnalChoice1,FULL,0,,,I wish to approach the Shrine.,성지에 다가가고 싶다.,record,False,False,True,False,TOPIC_CHECK,
Oblivion.esm,INFO,00026AC1,,NAM1,0,,,"Perhaps you have been summoned. Perhaps Nocturnal desires your service, and has guided you here. Approach.",아마 당신은 초대받은 모양이군요. Nocturnal께서 당신의 도움을 바라고 당신을 이곳으로 인도하신 겁니다. 가까이 다가가세요.,record,False,True,False,False,MEDIUM,Nocturnal
Oblivion.esm,DIAL,0001EF70,WeebumNaTOPIC,FULL,0,,,Weebam-Na,위밤-나,record,False,False,True,False,TOPIC_CHECK,
Oblivion.esm,INFO,00026ABF,,NAM1,0,,,I am Weebam-Na. What do you want?,내가 위밤나(Weebam-Na)요. 뭘 원하슈?,record,True,True,False,False,HIGH,Weebam-Na
Oblivion.esm,INFO,00026AC5,,NAM1,0,,,"He's always got some scam going with Bejeen, his partner. You might find them both at Weebum-Na's house.",녀석은 늘상 파트너 베진(Bejeen)과 둘이서 사기같은 짓거리를 해왔지. 위밤나(Weebam-Na)의 집에서 둘을 만날 수 있을거요.,record,True,True,False,False,HIGH,"Bejeen, Weebam-Na"
Oblivion.esm,DIAL,0001EF71,BejeenTOPIC,FULL,0,,,Bejeen,베진(Bejeen),record,True,True,True,False,HIGH,Bejeen
Oblivion.esm,INFO,00026ABE,,NAM1,0,,,Yes? I am Bejeen.,예? 내가 베진(Bejeen)인데요.,record,True,True,False,False,HIGH,Bejeen
Oblivion.esm,INFO,00026AC6,,NAM1,0,,,She wasn't a bad sort until she hooked up with that rascal Weebam-Na. That's where you're likely to find her... at Weebam-Na's house.,그 깡패 위밤나(Weebam-Na)와 만나기 전에는 그녀는 나쁜 사람이 아니었어. 위밤나의 집에 가면 그녀를 만날 수 있을 거요.,record,True,True,False,False,HIGH,Weebam-Na
Oblivion.esm,DIAL,0001EF72,EyeofNocturnalTOPIC,FULL,0,,,Eye of Nocturnal,녹터널의 눈(Eye of Nocturnal),record,True,True,True,False,HIGH,"Eye, of, Nocturnal"
Oblivion.esm,INFO,00026AB5,,NAM1,0,,,Eye of Nocturnal? Doesn't sound familiar to me.,녹터널의 눈(Eye of Nocturnal)? 들은 기억이 없는데.,record,True,True,False,False,HIGH,"Eye, of, Nocturnal"
Oblivion.esm,INFO,00026AC0,,NAM1,0,,,"Why... why would you ask? I've never heard of it. No idea what you're talking about. And Weebam-Na doesn't know, either.",왜... 왜 그걸 묻는 거죠? 들어본 적도 없어요. 무슨말을 하는건지 전혀 모르겠군요. 게다가 위밤나도 역시 모를 거에요.,record,False,False,False,False,,
Oblivion.esm,INFO,00026AC7,,NAM1,0,,,Never heard of the thing. And neither has Bejeen. You ask too many questions.,그런 건 들어 본 적 없수다. 베진도 모를 거요. 당신 질문이 너무 많구먼.,record,False,False,False,False,,
Oblivion.esm,DIAL,0001EF73,ShrineofNocturnalTOPIC,FULL,0,,,Shrine of Nocturnal,녹터널(Nocturnal) 성지,record,True,True,True,False,HIGH,Nocturnal
Oblivion.esm,INFO,000B97C0,,NAM1,0,,,You have been given a task. Do it.,당신에겐 사명이 주어졌습니다. 이행하세요.,record,False,False,False,False,,
Oblivion.esm,INFO,000B97C4,,NAM1,0,,,"Approach the shrine, if you dare.",용기가 있다면 성지로 다가가세요.,record,False,False,False,False,,
Oblivion.esm,INFO,00026AC2,,NAM1,0,,,You should not be in this place. What is your business here? Do you believe yourself worthy to speak to Nocturnal?,이 곳은 당신이 있어야 할 곳이 아니오. 여기에 무슨 용무 입니까? 자신이 Nocturnal과 말을 나눌 자격이 있다고 생각합니까?,record,False,True,False,False,MEDIUM,Nocturnal
Oblivion.esm,DIAL,0001EFDC,MQ04MartinEmperor,FULL,0,,,And you will be the Emperor.,그리고 황제가 되시는 겁니다.,record,False,False,True,False,TOPIC_CHECK,
Oblivion.esm,INFO,0001EFE2,,NAM1,0,,,The Emperor... that's an idea that will take some getting used to.,황제라... 마음먹은 것을 몇 가지 해볼 순 있겠군.,record,False,False,False,False,,
Oblivion.esm,INFO,0001EFE2,,NAM1,1,,,"In any case, we need the Amulet first. Maybe Jauffre will know where to start.","어쨌든, 아뮬렛부터 찾아야 하네. 죠프리라면 어디서부터 시작해야 할지 알고 있을 거야.",record,False,False,False,False,,
Oblivion.esm,DIAL,0001EFDD,MQ04MartinGetAmulet,FULL,0,,,We need to get the Amulet back.,아뮬렛을 되찾아야 합니다.,record,False,False,True,False,TOPIC_CHECK,
Oblivion.esm,INFO,0001EFE1,,NAM1,0,,,Of course. The Amulet of Kings. So we... I... can take it to the Temple of the One and light the Dragonfires. And stop the Oblivion invasion.,"물론이지, 왕의 아뮬렛. 그래서 우리는... 나는 신의 사원에 그것을 가져가서 드래곤파이어를 점화하고, 그리고 오블리비언(Obilivion)의 공세를 막을 것이네.",record,True,True,False,False,HIGH,Obilivion
Oblivion.esm,DIAL,0001F103,MQ05ShrinePassword,FULL,0,,,Greet the new day.,새로운 날을 맞이하여.,record,False,False,True,False,TOPIC_CHECK,
Oblivion.esm,INFO,0001F10B,,NAM1,0,,,"Welcome, brother. The hour is late, but the Master still has need for willing hands. ","환영합니다, 형제여. 늦은 시간이지만 마스터께서는 아직 신도들을 기다리고 계시오. ",record,False,False,False,False,,
Oblivion.esm,INFO,0001F10B,,NAM1,1,,,You may pass into the Shrine. Harrow will take you to the Master for your initiation into the service of Lord Dagon.,형제는 성지로 가게 될 것이오. 해로우(Harrow)가 데이건(Dagon) 군주의 신자가 되기 위한 입회식을 위해 형제를 마스터에게 안내할 것이오.,record,True,True,False,False,HIGH,"Harrow, Dagon"
Oblivion.esm,INFO,0001F10B,,NAM1,2,,,Do not tarry. The time of Preparation is almost over. The time of Cleansing is near.,망설이지 마시오. 준비의 시간은 끝나가고 정화의 시간이 다가오고 있소.,record,False,False,False,False,,
Oblivion.esm,INFO,0001F874,,NAM1,0,,,"Welcome, sister. The hour is late, but the Master still has need for willing hands. ","환영합니다, 자매여. 늦은 시간이지만 마스터께서는 아직 신도들을 기다리고 계시오. ",record,False,False,False,False,,
Oblivion.esm,INFO,0001F874,,NAM1,1,,,You may pass into the Shrine. Harrow will take you to the Master for your initiation into the service of Lord Dagon.,자매는 성지로 가게 될 것이오. 해로우(Harrow)가 데이건(Dagon) 군주의 신자가 되기 위한 입회식을 위해 자매를 마스터에게 안내할 것이오.,record,True,True,False,False,HIGH,"Harrow, Dagon"
Oblivion.esm,INFO,0001F874,,NAM1,2,,,Do not tarry. The time of Preparation is almost over. The time of Cleansing is near.,망설이지 마시오. 준비의 시간은 끝나가고 정화의 시간이 다가오고 있소.,record,False,False,False,False,,
Oblivion.esm,DIAL,0001F143,MQ06NoGiveFinal,FULL,0,,,I'm not here to join the Order.,난 가입하려고 온 게 아니다.,record,False,False,True,False,TOPIC_CHECK,
Oblivion.esm,INFO,0001F16A,,NAM1,0,,,Then you have come here to die.,"그렇다면, 죽기 위해 왔군.",record,False,False,False,False,,
Oblivion.esm,DIAL,0001F144,MQ06NoGive,FULL,0,,,"No, I don't think so.","싫다, 소지품을 줄 수 없다.",record,False,False,True,False,TOPIC_CHECK,
Oblivion.esm,INFO,0001F169,,NAM1,0,,,"What? I must warn you, no one leaves this place who does not bind himself to the service of Lord Dagon.","뭐? 경고하건대, 데이건(Dagon) 군주를 섬길 것을 맹세하지 않고는 누구도 여길 떠날 수 없어.",record,True,True,False,False,HIGH,Dagon
Oblivion.esm,INFO,0001F169,,NAM1,1,,,But I am sure you will reconsider. You have proven yourself worthy and dedicated to have come this far.,"현명하게 판단하리라 생각한다. 넌 스스로의 가치를 입증했고 또, 이렇게 멀리까지 오는 걸 마다하지 않았어.",record,False,False,False,False,,
Oblivion.esm,INFO,0001F169,,NAM1,2,,,I ask you one last time: give me your possessions. The Master requires it of all initiates.,"네게 마지막으로 요구한다. 소지품을 내 놔라. 마스터께서 정하신, 모든 입회자들이 거쳐야 하는 과정이다.",record,False,False,False,False,,
Oblivion.esm,DIAL,0001F145,MQ06GivePossessions,FULL,0,,,[Give him all your possessions],[소지품 모두 주기],record,False,False,True,False,TOPIC_CHECK,
Oblivion.esm,INFO,0001F168,,NAM1,0,,,Very good. Follow me. I will take you to the Shrine.,좋아. 나를 따라오라. 성지로 갈 것이야.,record,False,False,False,False,,
Oblivion.esm,DIAL,0001F3B5,SE07Arden,FULL,0,,,Arden-Sul,아덴-술,record,False,False,True,False,TOPIC_CHECK,
Oblivion.esm,INFO,0001F3BA,,NAM1,0,,,Blasphemy! Never utter the name of the Dark Deceiver lightly!,불쾌해! 경솔하게 다크 디시버(Dark Deceiver)의 이름을 입에 담지 마십시오!,record,True,True,False,False,HIGH,"Dark, Deceiver"
Oblivion.esm,INFO,0001F3BA,,NAM1,1,,,"Though his body is beyond Oblivion, his soul encircles us... always watching, waiting to pounce with lethal aplomb.",그의 몸은 오블리비언(Oblivion) 넘어에 있지만 그의 영혼은 우리를 항상 지켜보고 태만함을 고쳐주기 기다리고 있습니다.,record,True,True,False,False,HIGH,Oblivion
Oblivion.esm,INFO,0001F3BA,,NAM1,2,,,He is the bringer of pain and pleasure; the blade that cuts through our sins like a scythe through wheat.,그는 고통과 안락을 가져다줍니다.,record,False,False,False,False,,
Oblivion.esm,INFO,0001F3BA,,NAM1,3,,,Only a true Demented can appreciate what it means to render his name.,오직 진실 된 디멘티드(Demented)만이 그의 이름을 식별해낼 수 있습니다.,record,True,True,False,False,HIGH,Demented
Oblivion.esm,INFO,0001F3BB,,NAM1,0,,,"Yes, Arden-Sul. Doesn't the name simply roll wonderfully off the tongue?","아, 아덴-술(Arden-Sul). 그 이름이 혀에서 멋지게 구르지 않습니까? ",record,True,True,False,False,HIGH,Arden-Sul
Oblivion.esm,INFO,0001F3BB,,NAM1,1,,,He was the sovereign of thought and a regnant artist. To call him a simple craftsman would not suffice; know him as the Artificer Superior.,"그분은 사려깊은 군주였으며, 영향력있는 명인이셨습니다. 단순한 장인(Craftsman)이 아닌 뛰어난 숙련공(Artificer)였지요.",record,True,True,False,False,HIGH,"Craftsman, Artificer"
Oblivion.esm,INFO,0001F3BB,,NAM1,2,,,Words dripped like honey from his tongue and his songs were intoned with extraordinary verisimilitude.,"꿀처럼 흐르는 그분의 명언과 노랫말에는 아주 특별한 진실성이 담겨있어, 사람들 입에서 즐겨 오르내립니다.",record,False,False,False,False,,
Oblivion.esm,INFO,0001F3BB,,NAM1,3,,,"Had we been blessed with his constant presence, the Isles would be a Maniac's paradise.","사라지지 않는 그분의 존재로 축복받았으니, 이 섬은 매니아(Mania) 백성들의 천국이 될 것입니다.",record,True,True,False,False,HIGH,Mania
Oblivion.esm,DIAL,0001F3BC,SE30ForgeMadnessAxeMagic,FULL,0,,,Magic Axe [2 pieces and matrix],마법 도끼 [2개 및 주형],record,False,False,True,False,TOPIC_CHECK,
Oblivion.esm,INFO,0001F3ED,,NAM1,0,,,Think of me fondly when you bury this axe deep into your foe's skull.,"당신이 적의 두개골에 이 도끼를 깊게 가라앉혔을 때는, 언제라도 상냥하게 나를 생각해 내.",record,False,False,False,False,,
Oblivion.esm,DIAL,0001F3BD,SE30ForgeMadnessAxe,FULL,0,,,War Axe [2 pieces],손도끼 [2개],record,False,False,True,False,TOPIC_CHECK,
Oblivion.esm,INFO,0001F3EC,,NAM1,0,,,"When you hack off an arm, the blood spurts out in surges.","당신이 팔을 잘게 자르면, 피는 물결과 같이 내뿜어요.",record,False,False,False,False,,
Oblivion.esm,DIAL,0001F3BE,SE30ForgeAmberMaceMagic,FULL,0,,,Magic Mace [2 pieces and matrix],마법 철퇴 [2개 및 주형],record,False,False,True,False,TOPIC_CHECK,
Oblivion.esm,INFO,0001F3EB,,NAM1,0,,,"Mama used to say, ""If sweet-talking doesn't work, try hitting him with a big stick!""","어머니는 말한 것이야,""만약 아첨뿐으로 일하지 않으면, 큰 봉으로 그 녀석을 때려 보는거야! ""는.",record,False,False,False,False,,
Oblivion.esm,DIAL,0001F3BF,SE30ForgeAmberMace,FULL,0,,,Mace [2 pieces],철퇴 [2개],record,False,False,True,False,TOPIC_CHECK,
Oblivion.esm,INFO,0001F3E9,,NAM1,0,,,"""Smacking an idiot in the head a few times is the surest way to win an argument,"" my Mama used to say.","""바보의 머리를 몇회인가 때리는 것이 논의에 이기는 가장 확실한 방법이다""는의가 어머니의 말이야.",record,False,False,False,False,,
Oblivion.esm,DIAL,0001F3C0,SE30ForgeMadnessClaymoreM,FULL,0,,,Magic Claymore [4 pieces and matrix],마법 클레이모어 [4개 및 주형],record,False,False,True,False,TOPIC_CHECK,
Oblivion.esm,INFO,0001F3DF,,NAM1,0,,,"When you are really angry, it feels good to hack into someone with a giant blade.","당신이 정말로 화나 있을 때는, 큰 칼날로 누군가를 쳐 자르면(자) 기분이 좋아요.",record,False,False,False,False,,
Oblivion.esm,DIAL,0001F3C1,SE30ForgeMadnessClaymore,FULL,0,,,Claymore [4 pieces],클레이모어 [4개],record,False,False,True,False,TOPIC_CHECK,
Oblivion.esm,INFO,0001F3DD,,NAM1,0,,,"With enough force, this will cleave through meat and bone. ","충분한 힘이 있으면, 이것은 고기나 뼈도 찢겠지요.",record,False,False,False,False,,
Oblivion.esm,DIAL,0001F3C2,SE30ForgeNevermind,FULL,0,,,Never mind.,괜찮아요.,record,False,False,True,False,TOPIC_CHECK,
Oblivion.esm,INFO,0001F3C8,,NAM1,0,,,As you wish.,마음대로 하는거야.,record,False,False,False,False,,
Oblivion.esm,INFO,000819AB,,NAM1,0,,,Maybe later.,또 이번이군요.,record,False,False,False,False,,
Oblivion.esm,DIAL,0001F413,AxeofDragol,FULL,0,,,Axe of Dragol,드라골의 도끼,record,False,False,True,False,TOPIC_CHECK,
Oblivion.esm,INFO,0001F431,,NAM1,0,,,"Yeah. It's a battleaxe with the word ""Dragol"" carved into the haft. Huge. You can't miss it. I ain't gonna draw you a picture.","그래. 그것은 ""Dragol"" 이라는 이름을 중간에 새긴, 전투용 도끼라네. 자넨 그걸 잃어버리면 곤란해. 난 자네가 원하는 걸 알려 주지 않을 테니까.",record,False,True,False,False,MEDIUM,Dragol
Oblivion.esm,INFO,0001FDB1,,NAM1,0,,,Aleron never mentioned it to me before.,Aleron은 전에 제겐 그걸 언급한 적이 없습니다.,record,False,True,False,False,MEDIUM,Aleron
Oblivion.esm,INFO,0001FDB5,,NAM1,0,,,Clever ruse. I wonder how many have died falling for it?,영리한 책략이지. 그것으로 인해 얼마나 많은 사람들이 죽었을지 궁금해.,record,False,False,False,False,,
Oblivion.esm,INFO,0001FDBA,,NAM1,0,,,You haven't guessed it yet? There never was any Axe of Dragol. It was just a ruse to lure you out here.,당신 아직 눈치 채지 못한 거야? 여기 그런 것은 없다고. 그것은 단지 당신을 이곳으로 유혹해서 오게 하기 위한 책략이라구.,record,False,False,False,False,,
Oblivion.esm,INFO,0001FDBA,,NAM1,1,,,"I fell for the same trick. In my case, he told me if I retrieved the axe, he'd erase my debts. I was such an idiot to believe him.","나도 같은 속임수에 빠진 거고. 나의 경우는 그 도끼를 가져다 주면, 빚을 탕감해 준다고 했지. 그를 믿은 내가 바보지.",record,False,False,False,False,,
Oblivion.esm,INFO,0001FDBA,,NAM1,2,,,"You're now the prey in Kurdan's insane hunt, just like I am. And here, we'll most likely die.","이제 당신도 나처럼 그의 사냥 놀이에 기도나 하라고, 그리고 여기서 우리는 죽게 될 거야.",record,False,False,False,False,,
Oblivion.esm,DIAL,0001F414,MS08KurdanBoatNo,FULL,0,,,"No, not yet.","아니요, 아직은 안 됩니다.",record,False,False,True,False,TOPIC_CHECK,
Oblivion.esm,INFO,0001F42F,,NAM1,0,,,"Fine. But you better not take too long. I want that axe, and I want it now.",좋아. 하지만 지나치게 길게 뜸들이지 않는 게 좋을 거야. 난 도끼를 원하고 지금 그걸 갖고 싶으니까.,record,False,False,False,False,,
Oblivion.esm,DIAL,0001F415,MS08KurdanBoatYes,FULL,0,,,"Yes, I'm ready.",네. 준비됬소.,record,False,False,True,False,TOPIC_CHECK,
Oblivion.esm,INFO,0001F430,,NAM1,0,,,Fine. I have it waitin' for you at the dock next to the magic shop. Now get outta my sight.,"좋아, 매직샵 건너에 있는 선착장에서 기다리겠네, 이제 내 눈앞에서 사라져.",record,False,False,False,False,,
Oblivion.esm,DIAL,0001F416,MS08KurdanIfIDont,FULL,0,,,If I don't return it?,내가 그걸 되돌리지 않는다면?,record,False,False,True,False,TOPIC_CHECK,
Oblivion.esm,INFO,0001F42E,,NAM1,0,,,"Then Aleron may not be coming home from his... ahhh, journey, for a very long time. Like permanently.",그러면 그가 집으로 돌아 가는 일은 없게 되겠지. 아... 주 오랜 시간이 걸릴 그의 여행으로부터 말이지. 아주 영원히.,record,False,False,False,False,,
Oblivion.esm,INFO,0001F42E,,NAM1,1,,,"Whenever yer ready, and it better be soon, I'll have a boat waitin' for you to get to Fort Grief Island.","떠날 준비가 됐다면, Fort Grief 섬으로 향하는 보트 한 척을 준비해 두겠네.",record,False,True,False,False,MEDIUM,"Fort, Grief"
Oblivion.esm,DIAL,0001F417,MS08KurdanJar,FULL,0,,,And what's that?,그것은 도대체?,record,False,False,True,False,TOPIC_CHECK,
Oblivion.esm,INFO,0001F42D,,NAM1,0,,,"I just learned that a family heirloom, the Axe of Dragol, which one of my stupid relatives lost, is located on Fort Grief Island in Niben Bay.","바보 같은 내 친척들이 잃어 버린 가보, Axe of Dragol 이 Niben Bay의 Fort Grief 섬에 있다는 걸 알게 되었지.",record,False,True,False,False,MEDIUM,"Axe, of, Dragol, Niben, Bay, Fort, Grief"
Oblivion.esm,INFO,0001F42D,,NAM1,1,,,"My informant tells me it's hidden in the main keep at the center. Dunno what's guardin' it, but I'm sure you can handle it.","내 정보통에 의하면 그것은 어떤 보호를 받고 있는지 모르지만, 안쪽 깊숙한 곳에 숨겨져 있다고 하네. 하지만 나는 자네가 그 일을 해낼 거라 생각해.",record,False,False,False,False,,
Oblivion.esm,INFO,0001F42D,,NAM1,2,,,"If you go there and bring it back to me, I'll tell you exactly where Aleron is.","만일 자네가 그곳에 가서 그것을 가져와 준다면, 정확하게 그가 어디에 있는지 알려 주지.",record,False,False,False,False,,
Oblivion.esm,DIAL,0001F418,MS08UrsanneNoWorry,FULL,0,,,I'll help you.,내가 돕겠소.,record,False,False,True,False,TOPIC_CHECK,
Oblivion.esm,INFO,0001F42C,,NAM1,0,,,"You... you will? Oh thank you! Please be careful, I don't wish any harm to befall you either.",당신이.. 당신이 도와주시겠어요? 정말 감사합니다. 하지만 조심하세요. 당신마저 다치는 것을 원하지 않아요.,record,False,False,False,False,,
Oblivion.esm,DIAL,0001F419,MS08UrsanneTell,FULL,0,,,What happened to Aleron?,알레론(Aleron)에게 무슨 일이 일어났나요?,record,True,True,True,False,HIGH,Aleron
Oblivion.esm,INFO,0001F42B,,NAM1,0,,,"Yesterday, the usurer, Kurdan gro-Dragol, sent for my husband to meet him at the Lonely Suitor Lodge. He hasn't returned since.","어제, 고리대금 업자 Kurdan gro-Dragol이 그를 불러서, 고독한 구혼자의 산장(Lonely Suitor Lodge)로 만나러 간 이후 그가 돌아오지 않았어요.",record,True,True,False,False,HIGH,"Kurdan, gro-Dragol, Lonely, Suitor, Lodge"
Oblivion.esm,INFO,0001F42B,,NAM1,1,,,"I fear for his life. Kurdan isn't known for his patience. Please, I'm not wealthy, but I'd give anything to see Aleron again.","저는 그의 생존 여부가 걱정돼요. Kurdan은 인내심이 없기로 알려진 사람이거든요. 부탁입니다... 저는 부유하지는 않지만, 그가 돌아 온다면 무엇이라도 드릴 수 있어요.",record,False,True,False,False,MEDIUM,Kurdan
Oblivion.esm,DIAL,0001F41A,AleronLocheTopic,FULL,0,,,Aleron Loche,알레론 로셰,record,False,False,True,False,TOPIC_CHECK,
Oblivion.esm,INFO,0001F422,,NAM1,0,,,Time's wastin'. He's safe... for now.,시간을 낭비하지마. 그는 안전해... 당분간은 말이지.,record,False,False,False,False,,
Oblivion.esm,INFO,0001F423,,NAM1,0,,,"Maybe I know him, maybe I don't. But since yer so interested, I know somethin' that could jar my memory.","아마 그를 알지도 모르지도 않지만, 그에 대해 궁금하다면 그에 대해 기억하기 전에 내게 한 가지 거슬리는 일이 있는데.",record,False,False,False,False,,
Oblivion.esm,INFO,0001F424,,NAM1,0,,,None of yer damn business. I'd tell you if I liked you... and I don't.,너완 상관없는 일이야. 내가 널 좋아한다면 말해줄 수 있겠지... 하지만 그렇지 않거든.,record,False,False,False,False,,
Oblivion.esm,INFO,0001FDB8,,NAM1,0,,,I knew it! I just knew he's gotten himself in hot water again. Please hurry and get him from that island.,난 알았어요! 그가 다시 곤경에 빠졌다는 걸. 부디 서둘러주세요. 그 섬에서 그를 데리고 와주세요.,record,False,False,False,False,,
Oblivion.esm,INFO,0001F425,,NAM1,0,,,"I do miss him so. And when he gets back, I'm gonna kill him for making me worry like this!","그는 사라졌어요. 그가 다시 돌아오면, 날 이렇게 걱정시킨 대가로 그를 죽일 거에요!",record,False,False,False,False,,
Oblivion.esm,INFO,0001F42A,,NAM1,0,,,"It all started when Aleron became foolish, and started gambling. He'd visit the arena every week and spend our hard earned money on bets.",이 모든 것은 그가 도박에 미치면서부터 시작됐죠. 그는 우리가 어렵게 번 돈으로 매주 투기장에 드나 들었어요.,record,False,False,False,False,,
Oblivion.esm,INFO,0001F42A,,NAM1,1,,,"I told him to stop, but he didn't listen. He was certain he could win us a fortune and move us somewhere nicer, like the Imperial City.","그만두라고 얘기했지만, 그이는 듣질 않았죠. 자기가 이길 거라고 확신하면서 돈만 따내면 여기보다 더 좋은, 임페리얼 시티같은 곳으로 이사가자고 하더군요.",record,False,False,False,False,,
Oblivion.esm,INFO,0001F42A,,NAM1,2,,,It didn't take long for Aleron to begin losing. He resorted to borrowing money from a usurer to cover his losses and place new bets.,돈을 잃기 시작하는 데 오래 걸리진 않았어요. 손실을 메꾸려고 고리대금업자한테 돈을 빌리면서 그걸로 계속 도박을 이어갔죠.,record,False,False,False,False,,
Oblivion.esm,INFO,0001F42A,,NAM1,3,,,"As you can imagine, it didn't pay off. He ended up owing around 500 gold. We could never have that kind of money to pay back the usurer.","짐작하시는 대로, 상황은 나아지지 않았죠. 그이는 결국 500 골드 가량의 빚을 졌습니다. 고리대금업자한테 돈을 갚아야 하는데 저희 힘으로는 도저히 그 돈을 마련할 수가 없어요.",record,False,False,False,False,,
Oblivion.esm,INFO,00071321,,NAM1,0,,,"Yeah, Ursanne's husband, Aleron is missing. Poor thing, I've seen her crying at the chapel. I hope someone can help her.","예, Ursanne의 남편, Aleron이 실종됐어요. 불쌍한 사람... 난 그녀가 성당에서 우는 걸 본 적이 있어요. 난 누군가 그녀를 도울 수 있기를 바래요.",record,False,True,False,False,MEDIUM,"Ursanne, Aleron"
Oblivion.esm,INFO,0001F875,,NAM1,0,,,"The Dragon Throne is empty, and we hold the Amulet of Kings!",드래곤 옥좌는 비어 있다. 그리고 왕의 아뮬렛은 우리가 차지했다!,record,False,False,False,False,,
Oblivion.esm,INFO,0001F876,,NAM1,0,,,Praise be to your Brothers and Sisters! Great shall be their reward in Paradise!,형제 자매를 위해 찬양하라. 낙원에서 큰 보상이 있을 것이다!,record,False,False,False,False,,
Oblivion.esm,INFO,0001FB31,,NAM1,0,,,Praise be!,찬양하라!,record,False,False,False,False,,
Oblivion.esm,INFO,0001FB32,,NAM1,0,,,Praise be!,찬양하라!,record,False,False,False,False,,
Oblivion.esm,INFO,00024E61,,NAM1,0,,,Praise be!,찬양하라!,record,False,False,False,False,,
Oblivion.esm,INFO,00024E62,,NAM1,0,,,Praise be!,찬양하라!,record,False,False,False,False,,
Oblivion.esm,INFO,0001F877,,NAM1,0,,,Hear now the words of Lord Dagon.,데이건(Dagon) 군주의 말을 전하노라.,record,True,True,False,False,HIGH,Dagon
Oblivion.esm,INFO,0001F878,,NAM1,0,,,"""When I walk the earth again, the Faithful among you shall receive your reward: to be set above all other Mortals forever.""","""내가 지상으로 돌아올 때, 너희 가운데 충실한 자들은 보상을 받을 것이다. 영원히 모두들 위에 군림하게 되리라.""",record,False,False,False,False,,
Oblivion.esm,INFO,0001F879,,NAM1,0,,,"""As for the rest: the weak shall be winnowed; the timid shall be cast down; the mighty shall tremble at my feet and pray for pardon.""","""그렇지 못한 것들 중, 약한 자들은 솎아내어 질 것이다. 겁 많은 자들은 나락으로 던져질 것이다. 강한 자들은 내 발 아래 떨며 용서를 구하게 될 것이다.""",record,False,False,False,False,,
Oblivion.esm,INFO,0001FB33,,NAM1,0,,,So sayeth Lord Dagon. Praise be.,데이건(Dagon) 군주의 말씀을 따르라. 찬양하라.,record,True,True,False,False,HIGH,Dagon
Oblivion.esm,INFO,0001FB34,,NAM1,0,,,So sayeth Lord Dagon. Praise be.,데이건(Dagon) 군주의 말씀을 따르라. 찬양하라.,record,True,True,False,False,HIGH,Dagon
Oblivion.esm,INFO,00024E68,,NAM1,0,,,So sayeth Lord Dagon. Praise be.,데이건(Dagon) 군주의 말씀을 따르라. 찬양하라.,record,True,True,False,False,HIGH,Dagon
Oblivion.esm,INFO,00024E69,,NAM1,0,,,So sayeth Lord Dagon. Praise be.,데이건(Dagon) 군주의 말씀을 따르라. 찬양하라.,record,True,True,False,False,HIGH,Dagon
Oblivion.esm,INFO,0001F87A,,NAM1,0,,,"Your reward, Brothers and Sisters! The time of Cleansing draws nigh. I go now to Paradise. I shall return with Lord Dagon at the coming of the Dawn!","형제 자매여, 보상의 시간, 정화의 시간이 다가오고 있다! 나는 지금 낙원으로 간다. 나는 여명이 오면 데이건(Dagon) 군주와 함께 돌아올 것이다!",record,True,True,False,False,HIGH,Dagon
Oblivion.esm,INFO,0001FB35,,NAM1,0,,,We have a new Sister who wishes to bind herself to the service of Lord Dagon.,여기에 데이건(Dagon) 군주를 섬기길 원하는 새로운 자매가 있다.,record,True,True,False,False,HIGH,Dagon
Oblivion.esm,INFO,0001FB36,,NAM1,0,,,We have a new Brother who wishes to bind himself to the service of Lord Dagon.,여기에 데이건(Dagon) 군주를 섬기길 원하는 새로운 형제가 있다.,record,True,True,False,False,HIGH,Dagon
Oblivion.esm,INFO,0001FB37,,NAM1,0,,,"Advance, initiate.","입회, 승인.",record,False,False,False,False,,
Oblivion.esm,INFO,0001FB39,,NAM1,0,,,She dares to touch the sacred Xarxes! Kill her!,감히 신성한 자서스(Xarxes)를 건드리다니! 죽여라!,record,True,True,False,False,HIGH,Xarxes
Oblivion.esm,INFO,0001FB3A,,NAM1,0,,,He dares to touch the sacred Xarxes! Kill him!,감히 신성한 자서스(Xarxes)를 건드리다니! 죽여라!,record,True,True,False,False,HIGH,Xarxes
Oblivion.esm,DIAL,0001FB3E,TG11FollowMe,FULL,0,,,Follow me,나를 따라오시오,record,False,False,True,False,TOPIC_CHECK,
Oblivion.esm,DIAL,0001FB41,TG11WaitHere,FULL,0,,,Wait here for me.,여기서 나를 기다리시오.,record,False,False,True,False,TOPIC_CHECK,
Oblivion.esm,DIAL,0001FB42,TG11P6RememberItAll,FULL,0,,,I can't remember all of this!,전부 기억할 순 없소!,record,False,False,True,False,TOPIC_CHECK,
Oblivion.esm,INFO,0001FB73,,NAM1,0,,,I have written it down for you in this book. I've chosen you because you are the best. Good luck.,내가 자네를 위해 이 책에 다 적어놨네. 자네가 최고이기 때문에 자네를 선택한 것이야. 행운을 비네.,record,False,False,False,False,,
Oblivion.esm,DIAL,0001FB43,TG11P5HowIsThat,FULL,0,,,How did you manage that?,어떻게 잘 다루나요?,record,False,False,True,False,TOPIC_CHECK,
Oblivion.esm,INFO,0001FB72,,NAM1,0,,,"I arranged for the notable Celia Camoran to want to read a particular Elder Scroll. Don't ask how. However, she will be... unavoidably detained.",난 특정 엘더스크롤을 읽기 원하는 셀리아 케모런(Celia Camoran)라는 인물을 예약해 놓았네. 방법은 묻지 말게나. 아무튼 그녀는.. 꼼짝없이 붙잡힐꺼야.,record,True,True,False,False,HIGH,"Celia, Camoran"
Oblivion.esm,INFO,0001FB72,,NAM1,1,,,You will take her place. Do not speak to the priests. They are blindfolded and will not realize it isn't her unless you speak.,자네는 그녀를 대신하게 될 거야. 승려들과는 얘기하지 말게나. 그들은 눈가리개를 하고 있으니 자네가 얘기하지 않는다면 눈치채지 못할 거야.,record,False,False,False,False,,
Oblivion.esm,INFO,0001FB72,,NAM1,2,,,"As the guildmaster, I am waiving bloodprice for anyone you kill during this heist. However, I can't stop the Watch from putting a price on your head.","길드마스터로써, 이 절도 중에 자네가 누굴 죽이더라도 피의 대가는 무시하겠네. 하지만 나도 자네 목의 현상금을 노리는 경비병은 멈출 수 없다네.",record,False,False,False,False,,
Oblivion.esm,DIAL,0001FB44,TG11P4IsThatAll,FULL,0,,,Is that all you know?,이것이 당신이 알고있는 전부인가?,record,False,False,True,False,TOPIC_CHECK,
Oblivion.esm,INFO,0001FB71,,NAM1,0,,,"Once you are inside the palace itself, you need to find the reading room. The blind priests will deliver a scroll to you there.","일단 궁전 안에 들어가게 되면, 자네는 열람실을 찾아야 하네. 거기에서 장님 승려들이 자네에게 스크롤을 전달해 줄 거야.",record,False,False,False,False,,
Oblivion.esm,DIAL,0001FB45,TG11P3Specifics,FULL,0,,,"What is this ""Old Way?""","""고대의 길?""이 무엇입니까?",record,False,False,True,False,TOPIC_CHECK,
Oblivion.esm,INFO,0001FB70,,NAM1,0,,,"My scrying with Savilla's Stone has provided clues, but not the details. I know the tools you will need there, but not the obstacles themselves.","사빌라(Savilla)의 돌은 많은 단서를 제공해 주었지만, 자세하지는 않네. 거기에서 많은 도구들이 필요할테지만, 장애물이 될만한 것들은 제외하게.",record,True,True,False,False,HIGH,Savilla
Oblivion.esm,INFO,0001FB70,,NAM1,1,,,The boots of Springheel Jak will allow you to leap to an unreachable place. They will also protect you from a long fall.,스프링힐 잭(Springheel Jak)의 부츠는 다다를수 없는 장소까지 도약할 수 있도록 해주지. 또한 높은곳에서 떨어져도 자네를 보호해줄걸세.,record,True,True,False,False,HIGH,"Springheel, Jak"
Oblivion.esm,INFO,0001FB70,,NAM1,2,,,The Arrow of Extrication is the only way to unlock the final door. Take them both.,해방의 화살(Arrow of Extrication)은 마지막 문을 열수 있는 유일한 방법이지. 둘 다 가지게나.,record,True,True,False,False,HIGH,"Arrow, of, Extrication"
Oblivion.esm,DIAL,0001FB46,TG11P2ActualEntrance,FULL,0,,,Where is the actual entrance?,진짜 입구는 어디 있나요?,record,False,False,True,False,TOPIC_CHECK,
Oblivion.esm,INFO,0001FB6F,,NAM1,0,,,In the Imperial Sewers. Here is the key for the gate to that section of the sewers. I picked the pocket of Ocato himself to get it.,임페리얼 하수구에 있네. 이건 하수구 그 구역의 문을 열기 위한 열쇠라네. 이것을 얻기 위해 오카토(Ocato)의 주머니를 소매치기 했다네.,record,True,True,False,False,HIGH,Ocato
Oblivion.esm,DIAL,0001FB47,TG11P1WhatIsPlan,FULL,0,,,What is the plan?,어떤 계획입니까?,record,False,False,True,False,TOPIC_CHECK,
Oblivion.esm,INFO,0001FB6E,,NAM1,0,,,The Elder Scrolls are kept in the Imperial Palace behind a door that cannot be breached.  Savilla's Stone has revealed a path around this door.,엘더스크롤은 뚫을 수 없는 문으로 임페리얼 궁전에서 지켜지고 있어. 사빌라(Savilla)의 돌은 그 문을 통과하는 길을 알려주지.,record,True,True,False,False,HIGH,Savilla
Oblivion.esm,INFO,0001FB6E,,NAM1,1,,,"You will have to travel the Old Way. Once used as an escape route for Imperial Emperors, it has been forgotten for centuries.","자네는 고대의 길(Old Way)로 이동해야 할꺼야. 한때 임페리얼 황제에 탈출 통로로 사용되었다고 하지만, 그 길은 수세기동안 잊혀졌지.",record,True,True,False,False,HIGH,"Old, Way"
Oblivion.esm,INFO,0001FB6E,,NAM1,2,,,"To unseal the entrance you must sneak into the basement of the palace and activate the Glass of Time, whatever that is.","그 입구를 드러내기 위해, 자네는 궁전 지하실로 몰래 들어가서 시간의 모래시계(Glass of Time)를 가동시켜야 하네. 그게 뭐든지 말야.",record,True,True,False,False,HIGH,"Glass, of, Time"
Oblivion.esm,DIAL,0001FB48,TG11Chosen,FULL,0,,,Heist partner selected,선택된 강도 파트너,record,False,False,True,False,TOPIC_CHECK,
Oblivion.esm,DIAL,0001FB49,TG11InterviewOthers,FULL,0,,,I'll get back to you.,당신에게 연락하겠소.,record,False,False,True,False,TOPIC_CHECK,
Oblivion.esm,DIAL,0001FB4A,TG11Choose,FULL,0,,,Join me in this heist.,이 강도에 날 넣어줘.,record,False,False,True,False,TOPIC_CHECK,
Oblivion.esm,DIAL,0001FB4B,TG11Interview,FULL,0,,,Why should I choose you?,왜 당신을 선택해야 하지?,record,False,False,True,False,TOPIC_CHECK,
Oblivion.esm,DIAL,0001FB4C,TG11Reject,FULL,0,,,That is too tough for me.,내겐 너무 어렵네요.,record,False,False,True,False,TOPIC_CHECK,
Oblivion.esm,INFO,0001FB63,,NAM1,0,,,I understand. I don't want anyone taking on this job unless they feel up to it. Return to me when you are more confident.,이해합니다. 난 해낼 것 같지 않는 사람이 일을 맡는걸 원치 않습니다. 좀더 확신이 되면 나에게 돌아오세요.,record,False,False,False,False,,
Oblivion.esm,DIAL,0001FB4D,TG11Accept,FULL,0,,,Glorious! When do we start?,대단해! 언제 시작하죠?,record,False,False,True,False,TOPIC_CHECK,
Oblivion.esm,INFO,0001FB62,,NAM1,0,,,Capital! I have worked for eleven years planning this heist. Savilla's Stone provided the last bit of information I needed.,최고야! 난 11년 동안 이 절도를 계획하고 있었네. 사빌라(Savilla)의 돌은 내가 필요한 마지막 정보를 제공해 주었네.,record,True,True,False,False,HIGH,Savilla
Oblivion.esm,DIAL,0001FB4E,TG11AmuseiDeliverMsg,FULL,0,,,What is the message?,전언은 뭐지?,record,False,False,True,False,TOPIC_CHECK,
Oblivion.esm,INFO,0001FB61,,NAM1,0,,,The Gray Fox requests a meeting. Please travel to Othrelo's house in the Imperial City Elven Gardens.,그레이 폭스가 만나기를 요청했다. 임페리얼 시티 엘븐 가든의 오스렐로스(Othrelos)의 집으로 향해주게.,record,True,True,False,False,HIGH,Othrelos
Oblivion.esm,INFO,0001FBB6,,NAM1,0,,,She is not well. I hope her amulet can be found soon.,그녀는 상태가 좋지 않아요. 빨리 그녀의 목걸이를 찾게 되었으면 좋겟어요.,record,False,False,False,False,,
Oblivion.esm,INFO,0001FBB7,,NAM1,0,,,Her condition remains unchanged. I appreciate you inquiring about her.,그녀의 상태는 아직 바뀌지 않았어요. 그녀를 위해 조사해 주어서 고마워요.,record,False,False,False,False,,
Oblivion.esm,DIAL,0001FD0D,BrumaTopic,FULL,0,,,Bruma,브루마,record,False,False,True,False,TOPIC_CHECK,
Oblivion.esm,INFO,0003C978,,NAM1,0,,,"Sorry. All I have is paints. Serviceable beasts, but nothing special. We Nords are no great fanciers of horse flesh, except in stews, I'm afraid.","미안하오. 내가 기르고 있는 것은 전부 얼룩말이오. 유용한 동물이지만 딱히 특별할 것도 없소. 우리 노드는 말고기를 그다지 애호하는 것도 아니고, 스튜는 제외지만. 미안하오.",record,False,False,False,False,,
Oblivion.esm,INFO,0003C97C,,NAM1,0,,,I'm new here in Bruma myself. I'm from down Heartland way. Nords up here... no offense... don't work as hard as us Imperial Heartlanders.,저도 브루마에 온지 얼마되지 않았습니다. Heartland에서 왔습니다. 여기 노드들은... 나쁜 뜻으로 말하는 건 아니지만... 우리 임페리얼 Heartlander처럼 열심히 일하진 않는군요.,record,False,True,False,False,MEDIUM,"Heartland, Heartlander"
Oblivion.esm,INFO,0003C97E,,NAM1,0,,,"The Countess is Heartland Nibenean, and so are most guildsmen and chapelmen, but most others are as Nordish as you'll find.","백작부인은 니베니안 지방 사람이에요. 그래서 대부분의 길드원들과 성직자들도 마찬가지이죠, 하지만 당신과 마주칠 대부분의 사람들은 노드인일 거에요.",record,False,False,False,False,,
Oblivion.esm,INFO,0003C97F,,NAM1,0,,,Lyra Rosentia collects Akaviri artifacts. She might have a project in mind. Her house is west of the chapel.,Lyra Rosentia는 Akaviri 유물들을 수집합니다. 그녀는 어떤 계획이 있는 것 같아요. 그녀의 집은 성당의 서쪽에 있죠.,record,False,True,False,False,MEDIUM,"Lyra, Rosentia, Akaviri"
Oblivion.esm,INFO,0003C985,,NAM1,0,,,Nords who drink either get friendly or mean. I'm here to deal with the mean ones.,술에 떡이된 노드는 호탕해지거나 심술쟁이가 되버리지. 나는 여기서 심술궂은 녀석들의 상대를 하고 있소.,record,False,False,False,False,,
Oblivion.esm,INFO,0003C987,,NAM1,0,,,"We're still in Cyrodiil here in Bruma, but just barely. We build for the cold, just like in Skyrim.","여기 브루마에서는, 우리들은 아직 시로딜의 영역내에 있는 겁니다. 하지만 아슬아슬한 정도지요. 스키림에서와 같이 추위에 대비한 건물을 세우고요.",record,False,False,False,False,,
Oblivion.esm,INFO,0003C989,,NAM1,0,,,"No need to go to the Imperial City. Bruma may look like a Skyrim town, but we've got all the comforts of the warm Nibenean south.","임페리얼 시티에 갈 필요가 없지. 브루마는 스키림 마을처럼 보일지도 모르지만, 따뜻한 남쪽 Nibenean의 편의 시설도 전부 갖추고 있거든.",record,False,True,False,False,MEDIUM,Nibenean
Oblivion.esm,INFO,0003C98B,,NAM1,0,,,We drink because we're happy. We're Nords. It's just the thick tongue and fat head the day after that makes me unhappy.,"우리가 마시는 건 우리가 행복하기 때문이야. 우리들은 노드. 다음날에 나를 불행하게 하는 건, 혀가 꼬이는 것과 머리가 무거워지는 것 정도지.",record,False,False,False,False,,
Oblivion.esm,INFO,0003C98D,,NAM1,0,,,"Just like Skyrim, except for all the tight-ass Heartlanders around. All work and chapel... no wonder they're so sour.",확실히 스키림인 것 같네요. 구두쇠같은 Heartlander 무리 전부를 제외하면 말이죠. 모든 일과 성당... 그들이 저렇게 기분이 꿀꿀한 것도 무리는 아니군요.,record,False,True,False,False,MEDIUM,Heartlander
Oblivion.esm,INFO,0003C98F,,NAM1,0,,,"I work hard. Folks like Skjorta and Olfand give us Nords a bad name, drinking and carrying on until all hours.",난 열심히 일하고 있어. Skjorta와 Olfand같은 녀석들은 우리 노드에게 나쁜 평판을 주고있어. 시종일관 술에 쩔어 시시껄렁한 소리나 지껄여대고 말야.,record,False,True,False,False,MEDIUM,"Skjorta, Olfand"
Oblivion.esm,INFO,0003C991,,NAM1,0,,,"We're trying to bring the comfort of the Chapel to the Nords here, but Bruma's Nords stick to their heathen gods and uncivilized practices.",우리는 여기에서 노드들에게 교회의 평온을 전파하려고 노력 중입니다. 하지만 브루마의 노드들은 완고하게 이교도나 미개한 관습을 버리지 않으려 합니다.,record,False,False,False,False,,
Oblivion.esm,INFO,0003C993,,NAM1,0,,,The Chapel has made enemies here in the past. The Nords prefer their dragon Ysmir to our Father Akatosh.,"과거에 있어서, 이 땅에서 교회는 적으로 여겨졌었습니다. 노드들은 우리의 아버지되는 아카토쉬(Akatosh)보다도, 그들의 신앙인 드래곤 Ysmir 쪽을 더 선호합니다.",record,True,True,False,False,HIGH,"Akatosh, Ysmir"
Oblivion.esm,INFO,0003C995,,NAM1,0,,,I'm here to show Bruma's errant Nords the path to the true faith. They must put aside their heathen gods and worship the Nine.,"제가 여기에 온 이유는 방황하는 노드들에게 진정한 믿음에 이르는 길을 보여주기 위함입니다. 그들은 이교신에의 믿음을 버리고, 나인 디바인을 숭배해야 할 것입니다.",record,False,False,False,False,,
Oblivion.esm,INFO,0003C997,,NAM1,0,,,"Some see only the conflicts between northern and southern cultures, but I see the way they are stronger when woven together.","북방 문화와 남방 문화의 충돌에만 관심을 갖는 사람도 있습니다. 하지만 저는 두 문화가 화합함으로써, 보다 더 강인해진다는 것을 알 수 있습니다.",record,False,False,False,False,,
Oblivion.esm,INFO,0003C999,,NAM1,0,,,"Captain Burd and I make a good pair. He understands Nords and the North, while I appreciate the subtleties of southern culture and politics.","Burd 대장과 저는 좋은 조합이라고 생각합니다. 그는 노드와 북방 지역에 대해 잘 이해하고 있고, 또한 나는 남방 문화의 섬세함이나 정책을 충분히 이해하고 있습니다.",record,False,True,False,False,MEDIUM,Burd
Oblivion.esm,INFO,0003C99B,,NAM1,0,,,I make sure my guards treat the local Nords and their ways with respect.,난 부하 경비병들에게 현지 노드들과 그들의 생활 방식을 존중하도록 지도하고 있습니다.,record,False,False,False,False,,
Oblivion.esm,INFO,0003C99D,,NAM1,0,,,"As Captain Burd says, we have to stay on the good side of the local Nords. It ain't their fault they're ignorant barbarians.","Burd 대장이 말한대로, 우리들은 현지 노드들을 받아 들여야 합니다. 미개한 야만인이라는 것이 그들의 결점은 아닙니다.",record,False,True,False,False,MEDIUM,Burd
Oblivion.esm,INFO,0003C99F,,NAM1,0,,,This is my first posting after Arcane University. The Countess and Burd like my work well enough.,여긴 아케인 대학 이후 내가 첫 번째로 임명 받은 곳이오. 백작부인과 Burd는 내가 아주 잘하고 있다는 걸 마음에 들어하지.,record,False,True,False,False,MEDIUM,Burd
Oblivion.esm,INFO,0003C9A2,,NAM1,0,,,"You get used to the cold. Got a good set of fur boots to keep my feet warm. Give a Nord a good thumping to keep the blood flowing, khah-khah-khah.","넌 추위에 익숙한 것 같은데. 발을 따뜻하게 하기 위해서도, 좋은 모피 부츠를 신어야지. 피가 잘 통하게 해준, Nord에게 한턱 쏘라구, 카카카.",record,False,True,False,False,MEDIUM,Nord
Oblivion.esm,INFO,0003C9A3,,NAM1,0,,,"Yeah, you think Bruma's cold, try a winter in the Wrothgarians. Bruma's a day at the beach.","아, 당신은 브루마가 춥다고 생각하나요? 한번 Wroghgarians의 겨울을 겪어봐요. 브루마의 하루는 해변가처럼 느껴질 겁니다.",record,False,True,False,False,MEDIUM,Wroghgarians
Oblivion.esm,INFO,0003C9A5,,NAM1,0,,,"You know what it's like. Make lots of friends, and look busy. Same as anywhere.","어떤 느낌인지 알 것 같아요. 친구가 많아지고, 바빠지죠. 어디서나 마찬가지예요.",record,False,False,False,False,,
Oblivion.esm,INFO,0003C9A7,,NAM1,0,,,It's a little too rugged up here for me. Add a couple hairs to a Nord and you've got a bear.,여기 기후는 내게 너무 어렵군요. 노드는 곰과 비교하면 털이 몇개 부족한 정도니까 별일이야 없겠죠.,record,False,False,False,False,,
Oblivion.esm,INFO,0003C9A9,,NAM1,0,,,"Well, sometimes I feel we're not welcome here. The Nords don't like Heartlanders very much.","뭐, 가끔은 우리가 여기서 환영받지 못한다고 느껴지는군요. 노드는 그다지 Heartlander를 좋아하지 않아요.",record,False,True,False,False,MEDIUM,Heartlander
Oblivion.esm,INFO,0003C9AB,,NAM1,0,,,"Plenty of mineral desposits in the Jerall Mountains. I'm out for weeks at a time by myself, but I don't mind it.","Jerall 산맥에는 광물이 풍부합니다. 나는 몇주간이나 쭉 혼자 나가는 일도 있지만, 즐겁고 질리지 않아요.",record,False,True,False,False,MEDIUM,Jerall
Oblivion.esm,INFO,0003C9AD,,NAM1,0,,,Bruma's a funny place... half Cyrodiil and half Skyrim. I'm old Nord all the way. I keep the old songs and stories alive.,브루마는 재미있는 곳... 반은 시로딜에 반은 스키림이지요. 나는 전통을 고수하고 있는 노드랍니다. 낡은 노래와 이야기를 계속해서 이어오고 있지요.,record,False,False,False,False,,
Oblivion.esm,INFO,0003C9AF,,NAM1,0,,,"Istirus and I used to be adventurers, but we've retired here. Bruma is far from civilization, but we're ready for a little peace and quiet.","Istirus와 난 모험가였지만, 여기에서 은퇴했습니다. 브루마는 문명에서 멀리 떨어져 있지만, 이 자그마한 평화와 정적이야말로, 우리가 추구하고 있는 것이지요.",record,False,True,False,False,MEDIUM,Istirus
Oblivion.esm,INFO,0003C9B1,,NAM1,0,,,"Bruma is a perfect town for a Nord man of leisure. Bracing mountain air, good food and drink, and lively Nord fellowship.","Bruma는 완벽한 거리지, 여가를 보내는 노드 사내에게는 말야. 상쾌한 산의 공기, 맛있는 밥, 그리고 유쾌한 노드 동료들이 있어.",record,False,True,False,False,MEDIUM,Bruma
Oblivion.esm,INFO,0003C9B3,,NAM1,0,,,"I'm sorry, but I really don't know much about the town itself.  I spend my time outdoors, walking the ridges and valleys.","미안하지만, 이 도시 자체는 그다지 잘 알고 있다고는 못하겠네요. 전 거의 밖에서 시간을 보내거든요. 산등성이나 산골짜기를 돌아다니면서요.",record,False,False,False,False,,
Oblivion.esm,INFO,0003C9B7,,NAM1,0,,,"I can't help myself. I'm just a sucker for well-heeled men. That Olav, for example, at the Tap and Tack. He's dreamy. And successful, too.",난 어쩔 수 없어. 그저 부자한테 약할 뿐이지. 예를 들면 Tap and Tack의 Olav. 그는 멋진 사람이야. 그리고 성공도 했겠다.,record,False,True,False,False,MEDIUM,"Tap, and, Tack, Olav"
Oblivion.esm,INFO,0003C9B9,,NAM1,0,,,I hate it here. Came here with Edla. All these snooty Southerners. And damn guards won't let anyone have any fun.,"Edla와 여기 들어왔지만, 이런 곳은 이젠 질렸어. 거만한 남방인. 그리고 엿같은 경비병들, 그놈들은 사람이 즐겁게 지내려고 하는걸 용납해 주질 않아.",record,False,True,False,False,MEDIUM,Edla
Oblivion.esm,INFO,0003C9BB,,NAM1,0,,,"One place is pretty much like another. Regner hates it, but Regner hates everything.",여기 풍경은 별로 바뀌지가 않아. Regner는 그걸 싫어하고 있지. 무엇보다 Regner는 모든것을 싫어하긴 하지만.,record,False,True,False,False,MEDIUM,"Regner, Regner"
Oblivion.esm,INFO,0003C9BD,,NAM1,0,,,"All I need is a roof, some bread, and blessings of the Nine. Bruma is Gods' country, and the Gods are good to me.","내게 필요한 건 지붕, 약간의 빵, 그리고 나인 디바인의 가호뿐이오. 브루마는 신의 나라, 그리고 신께서 내게 잘해 주시지.",record,False,False,False,False,,
Oblivion.esm,INFO,0003C9C1,,NAM1,0,,,I'm retired from public practice. I only take students in Alchemy to support my hobbies.,"일반적인 교육일은 그만뒀어. 연금술로 학생을 받는 것은, 단지 취미일 뿐이지.",record,False,False,False,False,,
Oblivion.esm,INFO,0018D2A2,,NAM1,0,,,"Captain Burd wanted to attack the Oblivion Gate immediately, but I ordered him to wait for you.","버드(Burd) 대장은 당장이라도 오블리비언 게이트를 공격하고 싶어하지만, 당신을 기다리라고 명령했어요.",record,True,True,False,False,HIGH,Burd
Oblivion.esm,INFO,0018D2A2,,NAM1,1,,,But you must hurry! I'm afraid of what might happen if the daedra are able to get a foothold here.,하지만 서둘러 주세요. 데이드라들이 이곳에 들이 닥치면 무슨 일이 벌어질지 걱정이에요.,record,False,False,False,False,,
Oblivion.esm,INFO,0018D2A3,,NAM1,0,,,The Captain said you've been inside one of those Oblivion Gate things. Said you knew how to destroy them. I sure hope you can help us.,대장이 말하길 당신이 오블리비언 게이트에 들어가본 적이 있다고 하더군요. 어떻게 파괴하는지 알 거라고 했어요. 우리를 꼭 도와줬으면 좋겠어요.,record,False,False,False,False,,
Oblivion.esm,INFO,0018D2A4,,NAM1,0,,,The Countess sent Captain Burd to deal with that Oblivion Gate outside of town. We're all praying that they'll be all right.,백작님께서 시 외각의 오블리비언 게이트를 처리하라고 버드(Burd) 대장을 보냈소. 우리는 그들이 무사하길 기도하고 있소.,record,True,True,False,False,HIGH,Burd
Oblivion.esm,INFO,0018D2A5,,NAM1,0,,,"If Captain Burd and the Guard can't close that Oblivion Gate, then what? Will Bruma be destroyed just like Kvatch?",버드(Burd) 대장과 경비대가 오블리비언 게이트를 닫지 못하면 어떻게 되는 거죠? 브루마(Bruma)도 크바치(Kvatch) 처럼 쑥대밭이 되는건가?,record,True,True,False,False,HIGH,"Burd, Bruma, Kvatch"
Oblivion.esm,INFO,00020087,,NAM1,0,,,We are from Bruma.,이 문장은 게임내의 테스트를 위한 것으로 번역을 생략합니다.,record,False,False,False,False,,
Oblivion.esm,DIAL,0001FDA6,ImperialCityTopic,FULL,0,,,Imperial City,임페리얼 시티,record,False,False,True,False,TOPIC_CHECK,
Oblivion.esm,INFO,0004762D,,NAM1,0,,,"It is a wonderful city, and I'm proud to have served her for 40 years. But I'm ready to retire, let the young folks take over the reins.",아름다운 도시오. 난 40년 동안 시를 위해 봉사한 것에 자부심을 느끼고 있소. 하지만 젊은 사람이 지휘할 수 있도록 물러날 준비가 되어 있소.,record,False,False,False,False,,
Oblivion.esm,INFO,0004762F,,NAM1,0,,,Never compromise. Never blink. Never wink at injustice. Never quit trying to make this a better city for everyone.,타협이란 없습니다. 묵인도 없습니다. 불의를 눈감아 주지도 않을 겁니다. 이 도시를 더 좋게 만들기 위한 이런 일들을 중도에 포기하는 일 또한 절대 없습니다.,record,False,False,False,False,,
Oblivion.esm,INFO,00047631,,NAM1,0,,,"I aim to keep an eye on things here in the city. Take it slow, get to know the people. Try not to get off on the wrong foot.",이 도시에 있는 모든 것들을 예의 주시하고 있습니다. 사람들을 천천히 사귀어 가도록 하십시오. 잘못된 길로 발걸음을 옮기는 우를 범하려 하지 마십시오.,record,False,False,False,False,,
Oblivion.esm,INFO,00047633,,NAM1,0,,,"When the city is quiet, everybody is happy. Right? If you like noise, maybe you're in the wrong place.","도시가 조용해지면 모두가 행복해지지. 그렇지? 혹시 소음을 좋아한다면, 현재 잘못된 곳에 있는 거야.",record,False,False,False,False,,
Oblivion.esm,INFO,00047639,,NAM1,0,,,"Before the Arcane University was founded in the second era, Crystal Tower on Summerset Isle was the source of all magical learning.",아케인 대학이 설립된 제 2연대기 이전에는 섬머셋 섬(Summerset Isle)에 세워진 크리스탈 타워(Crystal Tower)가 모든 마법을 배우는 원천이었네.,record,True,True,False,False,HIGH,"Summerset, Isle, Crystal, Tower"
Oblivion.esm,INFO,00047639,,NAM1,1,,,"Since then, the Imperial City has been Tamriel's foremost magical research center.","대학 설립 이후, 임페리얼 시티는 탐리엘 최고의 마법 연구의 중심지가 되었지. ",record,False,False,False,False,,
Oblivion.esm,INFO,0004763B,,NAM1,0,,,"You know, of course, the Imperial Palace is Ayleid. White Gold Tower, they called it, back in the Middle Merethic, when the Aldmeri ruled Tamriel.","물론 당신도 알겠지만, 제국 황궁은 에일리드 양식으로 지어졌습니다. 알드머족이 탐리엘을 지배하던 엘프의 시대 중기에 사람들은 그곳을 백금 탑이라고 불렀죠.",record,False,False,False,False,,
Oblivion.esm,INFO,000B0702,,NAM1,0,,,"The daedra did a lot of damage, but we'll rebuild. Before you know it, the city will be as good as new.","데이드라들에 대한 피해가 막심하오. 하지만 우린 다시 일어설 것이오. 알고 있는 예전보다, 더 새롭고 좋아질 것이오.",record,False,False,False,False,,
Oblivion.esm,INFO,000B0702,,NAM1,1,,,"Better, maybe, now that we've got the Dragon to watch over us.","나아진 점은, 우리를 지켜줄 드래곤을 가졌다는 것이오.",record,False,False,False,False,,
Oblivion.esm,INFO,000B0703,,NAM1,0,,,I can't get over the dragon statue in the Temple ruins. Tell me again how you and Martin defeated Mehrunes Dagon!,사원의 드래곤 상은 정말 불가사의하오. 한번만 더 들려주시오. 당신과 마틴이 메르네스 데이건을 어떻게 물리쳤소!,record,False,False,False,False,,
Oblivion.esm,INFO,000B0704,,NAM1,0,,,"Every time I walk past the Temple, I'll remember that terrible day and how you and Martin delivered us from destruction.","사원을 지날 때 마다 그 끔찍했던 날, 당신과 마틴이 우리를 파멸로부터 구해낸 일을 기억할 것이오.",record,False,False,False,False,,
Oblivion.esm,INFO,0004763D,,NAM1,0,,,How quaint. You seek to educate yourself. At the expense of my precious time. Go. Shoo. Bother someone else.,"참 기이하군. 배울 곳을 찾고 있군요. 내 귀중한 시간을 허비시키고 있다니. 가요, 훠이. 가서 다른 사람이나 괴롭히라구.",record,False,False,False,False,,
Oblivion.esm,INFO,0004763F,,NAM1,0,,,"I rarely leave the University, as I have all I need right here. If you need ingredients, try Ogier Georick at 'The Main Ingredient.'","나는 좀처럼 대학에서 나가지 않습니다. 필요한 것은 모두 여기에 있을테니까. 만약 재료가 필요하다면, 중앙 재료점(Main Ingredient)의 Ogier Georick을 찾아 가세요.",record,True,True,False,False,HIGH,"Main, Ingredient, Ogier, Georick"
Oblivion.esm,INFO,00047641,,NAM1,0,,,"What? There's a city out there? You don't say. What good is it, eh? Dirt. Horses. Idiots. Be my guest.","뭐요? 거기에 도시가 있다고? 입 다물어요. 그게 뭐가 좋아요? 더럽지. 말들에, 바보들까지. 맘대로 해요.",record,False,False,False,False,,
Oblivion.esm,INFO,00047643,,NAM1,0,,,"Too big for me. Loud. Dirty. Clowns, fools, brutes and thieves everywhere. I want to throw my gold away, I just dump it in Lake Rumare, save time.","내겐 너무 큰 도시요. 시끄럽고, 지저분하고, 우스꽝스럽고, 어리석고, 잔인하고, 도둑들 천지고. 청춘이 다시 돌아온다면, 루메어(Rumare) 호수에 파묻혀 지내고 싶소.",record,True,True,False,False,HIGH,Rumare
Oblivion.esm,INFO,00047646,,NAM1,0,,,Other arcane trainers in the City? Just one. Dovyn Aren. In the Market District. Basic instructor in Alteration.,"도시 내에 있는 다른 아케인 트레이너요? 딱 한 명 있죠. Dovyn Aren이라고, 상가(Market) 지역에 살아요. 변화 마법의 기초 교관이죠.",record,True,True,False,False,HIGH,"Dovyn, Aren, Market"
Oblivion.esm,INFO,00047648,,NAM1,0,,,Enchanting city. A real eye-full. Just walk and gawk. Stroll along the Greenway and around the Palace.,황홀한 도시죠. 넋을 잃고 걸어 보세요. 그린웨이(Greenway)와 궁전 주변을 따라 산책해 보세요.,record,True,True,False,False,HIGH,Greenway
Oblivion.esm,INFO,0004764A,,NAM1,0,,,"I like cities, and this is the biggest and the best. All races, cultures, cuisines, crafts... the City has them all.","난 도시를 좋아해요. 그리고 여기는 가장 크고 가장 좋은 도시죠. 모든 종족, 문화, 요리, 기교... 이 모든 게 다 있으니까요.",record,False,False,False,False,,
Oblivion.esm,INFO,0004764C,,NAM1,0,,,"I like to walk. You can walk for hours in the city. Always something to look at, someone to talk to.","난 걷는 걸 좋아해요. 이 도시에선 몇 시간 동안 걸을 수 있죠. 항상 뭔가 볼 거리가 있고, 이야기할 사람들이 있거든요.",record,False,False,False,False,,
Oblivion.esm,INFO,0004764E,,NAM1,0,,,The orrery here is the only one in Cyrodiil. There's one more in Hammerfell... the old one at Stros M'Kai.,여기에 있는 천문대(Orrery)는 시로딜(Cyrodiil)에서는 유일한 것이오. 시로딜 외에는 햄머펠(Hammerfell)에 하나가 더 있소. 그리고 스트로스 엠카이(Stros M'Kai)에 오래된 것이 또 하나 있소.,record,True,True,False,False,HIGH,"Orrery, Cyrodiil, Hammerfell, Stros, M'Kai"
Oblivion.esm,INFO,00047654,,NAM1,0,,,"If I don't have what you need, try Claudette Perrick at 'The Gilded Carafe'. That's right here in the Market District.","다른 걸 찾으시면, 클라우디트 페릭(Claudette Perrick)이 운영하는 '황금빛 유리병'에 한번 가 보시오. 바로 여기 상가 지역에 있소.",record,True,True,False,False,HIGH,"Claudette, Perrick"
Oblivion.esm,INFO,00047657,,NAM1,0,,,"This is the only book store in the city. There's also Renoit's Books in Chorrol, Mach-Na's in Cheydinhal, and Southern Books in Leyawiin.","우리는 이 도시에 유일한 서점입니다. 코롤에는 리노잇 서점(Renoit's Books), 쉐이딘홀에 마크-나(Mach-Na) 그리고 레이어윈에 남부 서점(Southern Books)이 있습니다.",record,True,True,False,False,HIGH,"Renoit's, Books, Mach-Na, Southern, Books"
Oblivion.esm,INFO,00047659,,NAM1,0,,,"My advice is take your time, walk around the Market District, see what's on offer. Don't buy until you've seen it all. Take your time.",내 충고는 시간을 들여서 상가(Market) 지역 주위를 걸어보라는 겁니다. 뭐가 매물로 나왔는지를 보는 거죠. 그것들 모두를 보기 전까진 사지 말아요. 여유를 가져요.,record,True,True,False,False,HIGH,Market
Oblivion.esm,INFO,0004765B,,NAM1,0,,,"You want to buy or sell, the City is great. You want free? Go down the holes, kill some monsters. Sell your loot back in the city!","당신이 뭔가를 사거나 팔고 싶을 땐, 이 도시가 최고입니다. 공짜를 원해요? 하수구로 내려 가서, 몬스터 몇 마릴 없애요. 그렇게 얻은 걸 도시에서 팔라구요!",record,False,False,False,False,,
Oblivion.esm,INFO,0004765D,,NAM1,0,,,"I have the best prices in town? Why? I'm smart, and you're smart. We know the right people, we get the best deals.","이 도시에서 내 가격대가 제일 좋은가요? 왜죠? 난 영리하거든요. 당신도 영리하구요. 우리가 적합한 사람이란 걸 알고서, 우리가 최상의 거래를 갖는 겁니다.",record,False,False,False,False,,
Oblivion.esm,INFO,0004765F,,NAM1,0,,,"While you're in the Market District, see  Rohssan's weapons at A Fighting Chance, and see Varnado and Maro Rufus at The Best Defense for armor.","상가 지역에 있는 동안, 파이팅 찬스(Fighting Chance)에서 Rohssan의 무기들을 보세요. 그리고 베스트 디펜스(Best Defense)에서 Varnado와 Maro Rufus가 파는 방어구들도 보구요.",record,True,True,False,False,HIGH,"Fighting, Chance, Rohssan, Best, Defense, Varnado, Maro, Rufus"
Oblivion.esm,INFO,00047661,,NAM1,0,,,"Look. It's big, see. REALLY big. Only way to learn it is to walk it. Look at everything, talk to everyone.","봐요. 정말 웅장해 보이지요. 직접 걸어다녀 봐야 알수 있을 겁니다. 모든 것을 보고, 모든 사람과 얘기해 보세요.",record,False,False,False,False,,
Oblivion.esm,INFO,00047663,,NAM1,0,,,"Crime in the City? You hear a lot of complaining, but it's really not so bad. The Thieves Guild is smart; they don't want any trouble with the Watch.",도시 내의 범죄? 많은 불평을 들었군요. 하지만 정말 아주 나쁜 건 아닙니다. 도둑 길드는 교활하거든요. 그들은 경비대와는 어떤 문젯거리도 원하지 않죠.,record,False,False,False,False,,
Oblivion.esm,INFO,00047665,,NAM1,0,,,"Everyone comes to the Big City to buy and sell. Why not? More stores, better selection, better prices.","물건을 사거나 팔거나 모두들 큰 도시에 모입니다. 그게 어때서요? 가게들 많지, 다양하게 선택할 수 있지, 가격 좋지.",record,False,False,False,False,,
Oblivion.esm,INFO,00047667,,NAM1,0,,,"It's a beautiful city. But stay away from the Waterfront. It's not dangerous, but it's dirty, and the beggars are a nuisance.","아름다운 도시죠. 하지만 워터프론트(Waterfront)는 멀리 하도록 하세요. 그곳이 위험하다는 게 아니라, 좀 지저분해요. 거지들이 상당히 귀찮게 하죠.",record,True,True,False,False,HIGH,Waterfront
Oblivion.esm,INFO,00047669,,NAM1,0,,,"The Black Horse Courier is run by three Khajiit brothers. They buy freelance stories with an Imperial stipend, and give the papers away for free.","블랙 호스 신문사(Black Horse Courier)는 카짓 삼형제에 의해 운영되죠. 그들은 임페리얼 당국에서 주는 운영비로 프리랜서들에게 이야기를 산 후, 무료 신문을 만들어서 배포해요.",record,True,True,False,False,HIGH,"Black, Horse, Courier"
Oblivion.esm,INFO,0004766B,,NAM1,0,,,It would be perfect... if the Watch could just get rid of the damn Thieves Guild. You don't have this problem in Anvil or Bruma.,완벽했을 겁니다... 경비대가 그 빌어먹을 도둑 길드만 제거할 수 있었다면 말이죠. 당신은 이런 문제를 앤빌이나 브루마에서 겪어보진 않았을 겁니다.,record,False,False,False,False,,
Oblivion.esm,INFO,0004766D,,NAM1,0,,,"Anyone can wear clothes. But the RIGHT clothes? That is not so easy. Go to any castle. They wear Palonirya's designs, or they're nobody.",누구나 옷을 입고 있겠죠. 하지만 제대로 된 옷일까요? 그건 그렇게 쉽지 않답니다. 아무 성이나 가보세요. 다들 Palonirya가 디자인한 옷을 입고 있으니까요. 그렇지 않으면 그들은 별 볼일 없는 사람들이구요.,record,False,True,False,False,MEDIUM,Palonirya
Oblivion.esm,INFO,0004766F,,NAM1,0,,,"No one can experience the City for you. You must go, walk, touch, see, feel, talk to everyone.","아무도 당신을 대신해 도시를 경험할 수는 없습니다. 당신이 가고, 걷고, 만지고, 보고, 느끼며, 사람들과 얘기해야만 하는 거에요.",record,False,False,False,False,,
Oblivion.esm,INFO,00047671,,NAM1,0,,,Where else? You have to be here. This is THE City. The BIG City. Why waste time in little places?,다른 곳? 지금 바로 여기요. 여기가 바로 그 큰 도시요. 왜 조그만 한 곳에 가서 시간을 낭비하겠소?,record,False,False,False,False,,
Oblivion.esm,INFO,00047673,,NAM1,0,,,"Also try my friend, Ogier Georick, The Main Ingredient, here in the District.","이 지역에 있는 내 친구, 중앙 재료점(Main Ingredient)의 Ogier Georick도 만나 봐요.",record,True,True,False,False,HIGH,"Main, Ingredient, Ogier, Georick"
Oblivion.esm,INFO,00047675,,NAM1,0,,,"Well, if you MUST have Heavy Armor, see Varnado. So heavy, so ugly... but it's your choice.","좋아요, 반드시 중무장이어야 한다면 버나도(Varnado)에게 가보세요. 무겁고, 흉하고... 당신의 선택이죠 뭐.",record,True,True,False,False,HIGH,Varnado
Oblivion.esm,INFO,00047677,,NAM1,0,,,"You want Light Armor? Pah! Why wear fluffy flutter, when you can wear real armor? But if you MUST have Light Armor, talk to Maro Rufus. Idiot.","경무장을 찾는다 구요? 하! 진짜 갑옷을 두고 왜 솜털 풀풀 날리는 걸 입을려구? 하지만 뭐, 꼭 경무장이어야 한다면 마로 루프스(Maro Rufus)에게 가 보시오. 멍청한 양반.",record,True,True,False,False,HIGH,"Maro, Rufus"
Oblivion.esm,INFO,00047679,,NAM1,0,,,"Varnado and Maro Rufus? They don't get along. I don't understand it. I just make the armor, and keep it in good shape.","Varnado와 Maro Rufus요? 그들은 사이가 좋지 않죠. 난 그게 이해가 안된다니까요. 난 그냥 갑옷을 만들고, 보기좋게 잘 놔두죠.",record,False,True,False,False,MEDIUM,"Varnado, Maro, Rufus"
Oblivion.esm,INFO,0004767B,,NAM1,0,,,"The Black Horse Courier brings the news of the people to the people. We are funded by the Empire, so our broadsheets are always free!","검은 말 신문사는 사람들에게 항상 최신 소식을 전한답니다. 저희는 제국에서 후원을 받기 때문에, 간행물은 언제나 무료랍니다!",record,False,False,False,False,,
Oblivion.esm,INFO,0004767D,,NAM1,0,,,"You see Khajiit always running through the City? You see Ra'Jiradh and his brothers! We bring the Black Horse Courier to the good citizens, yes?",항상 도시를 뛰어다니는 카짓을 본 적이 있어요? 당신은 Ra'jiradh와 그의 형제들을 본 거라구요! 우린 블랙 호스 신문(Black Horse Courier)을 선량한 시민들에게 나눠주고 있거든요. 알았죠?,record,True,True,False,False,HIGH,"Ra'jiradh, Black, Horse, Courier"
Oblivion.esm,INFO,0004767F,,NAM1,0,,,"We operate throughout the Imperial City and Cyrodiil. Very fast, very accurate. News happens? The Black Horse Courier is there!  ","우린 시로딜과 임페리얼 시티 전역에서 활동하고 있죠. 매우 빠르고, 매우 정확하죠. 뉴스가 생겼다구요? 블랙 호스 신문(Black Horse Courier)이 있습니다! ",record,True,True,False,False,HIGH,"Black, Horse, Courier"
Oblivion.esm,INFO,00047681,,NAM1,0,,,"You have complaints against merchants here? You file complaints with me. I fill out lots of forms, which go to a lot of people who ignore them.",이곳의 상인에게 불만이 있으면 제게 이의 신청하세요. 사례들이 쌓이면 그 상인은 신용을 잃을 겁니다.,record,False,False,False,False,,
Oblivion.esm,INFO,00047681,,NAM1,1,,,So what else did you expect? Justice? Go to the Chapel. Talk to Zenithar. He'll take care of everything.,뭐 특별한 거라도 기대했나요? 정의? 성당에 가서 제니타(Zenithar)에게나 말해보시죠. 그는 항상 진지하게 들어주죠.,record,True,True,False,False,HIGH,Zenithar
Oblivion.esm,INFO,00047683,,NAM1,0,,,A wealthy gentleman in the Talos Plaza district named Umbacano collects Ayleid artifacts. Perhaps he has use for someone like you.,탈로스 광장 구역의 부유한 신사인 움바카노 씨가 에일리드 유물들을 수집한다고 합니다. 아마 당신 정도 되는 분이라면 그분에게 도움이 되실지도요.,record,False,False,False,False,,
Oblivion.esm,INFO,00047685,,NAM1,0,,,Where can you find a bed in the City? I hear the Tiber Septim Hotel in Talos Plaza is very nice.,숙소를 찾고 있어요? 탈로스(Talos)광장의 타이버셉팀 호텔이 좋다더군요.,record,True,True,False,False,HIGH,Talos
Oblivion.esm,INFO,00047685,,NAM1,1,,,"In the Elven Gardens, Luther Broad's Boarding House may suit less discriminating customers.","엘븐 가든(Elven Gardens)에서는, Luther Broad의 하숙집이 사람을 차별하지 않아서 오히려 더 좋을 수가 있구요.",record,True,True,False,False,HIGH,"Elven, Gardens, Luther, Broad"
Oblivion.esm,INFO,00047685,,NAM1,2,,,Fighters Guild has no accommodations in town. Mages Guild members have their own quarters at the Arcane University.,이 도시엔 파이터 길드 지부가 없어요. 메이지 길드원들은 아케인 대학에 자기 숙소를 가지고 있죠.,record,False,False,False,False,,
Oblivion.esm,INFO,00047685,,NAM1,3,,,I can't recommend the Bloated Float on the Waterfront. The Waterfront is not a very desirable location.,워터프론트(Waterfront)에 있는 선상 여관(Bloated Float)은 그리 권할 만한 곳은 아니에요. 워터프론트(Waterfront)가 아주 바람직한 지역이 아니거든요.,record,True,True,False,False,HIGH,"Waterfront, Bloated, Float, Waterfront"
Oblivion.esm,INFO,00047687,,NAM1,0,,,"The Sintavs have always been one of the leading families in the City. We will refrain from contact with the Atius, unless provoked.","Sintav 가문은 이 도시를 이끌어 온 명문가 중 하나죠. 자극하지만 않는다면, 우린 Atius 가문과 접촉을 삼갈 겁니다.",record,False,True,False,False,MEDIUM,"Sintav, Atius"
Oblivion.esm,INFO,00047689,,NAM1,0,,,You just have to know the right people. Look up Ida Vlinorman and Othrelos in the Elven Gardens. They're the right people.,올바른 사람을 바로 알아야 해요. 엘븐 가든 지역의 Ida Vlinorman과 Othrelos가 올바른 사람들이죠.,record,False,True,False,False,MEDIUM,"Ida, Vlinorman, Othrelos"
Oblivion.esm,INFO,0004768B,,NAM1,0,,,"To know the right things, you have to know the right people. Ida Vlinorman, Mandil, Samuel Bantien, and Othrelos are the right people.","올바른 걸 알기 위해선, 올바른 사람들을 알아야 합니다. Ida Vlinorman, Mandil, Samuel Bantien, 그리고 Othrelos가 올바른 사람들이죠.",record,False,True,False,False,MEDIUM,"Ida, Vlinorman, Mandil, Samuel, Bantien, Othrelos"
Oblivion.esm,INFO,0004768C,,NAM1,0,,,"What Iniel says, goes. He says, lay off the Atius, I lay off the Atius. Simple.","Iniel이 말하는거, 이런거에요. 그가 말하길, Atius 가문에 간섭하는 걸 관두라고. 그리고 난 Atius 가문에 간섭하는 걸 그만두죠. 간단해요.",record,False,True,False,False,MEDIUM,"Iniel, Atius, Atius"
Oblivion.esm,INFO,0004768F,,NAM1,0,,,Things have been very quiet with the Atius. That suits me just fine. All this fighting is stupid. What are they fighting about? Just stupid pride.,Atius 가문과 정말 평온했던 적이 있습니다. 그게 내겐 너무 좋은데. 이 싸움은 정말 어리석은 짓이죠. 무엇 때문에 싸우는 걸까요? 바로 어리석은 자부심 때문이라고요.,record,False,True,False,False,MEDIUM,Atius
Oblivion.esm,INFO,00047691,,NAM1,0,,,"Daedric shrines nearby? I know of two. North of the city, south of Bruma, east of the Silver Road, is a Mephala shrine.","가까운 데이드릭 성지? 내가 두군데 알고 있소. 시의 북쪽, 브루마의 남쪽, 실버 로드의 동쪽, 그곳이 메팔라(Mephala) 성지.",record,True,True,False,False,HIGH,Mephala
Oblivion.esm,INFO,00047691,,NAM1,1,,,"East of the city, at the head of the Red River, is a shrine to Vaermina.","시의 동쪽, 레드리버의 상류, 그곳이 베르미나(Vaermina) 성지.",record,True,True,False,False,HIGH,Vaermina
Oblivion.esm,INFO,00047693,,NAM1,0,,,"You got to be careful. You don't want people taking notice. Just keep quiet, keep your head down.","조심해야 해요. 사람들의 주목을 받고 싶진 않잖아요. 고갤 숙이고, 그냥 조용히 있어요.",record,False,False,False,False,,
Oblivion.esm,INFO,00047695,,NAM1,0,,,I was in the Thieves Guild. But I'm out now. I retired. Too old for that foolishness. I don't keep up contacts. You get out? You stay out.,난 도둑길드 소속이었소. 지금은 나왔지만. 은퇴했지. 그런 바보같은 짓을 하기에는 너무 늙어버린터라. 이젠 그쪽하고 연락도 안해. 소문낼거요? 소문내시구려.,record,False,False,False,False,,
Oblivion.esm,INFO,00047697,,NAM1,0,,,"It's just a sport. Chapel climbing. The Watch doesn't like it, but you don't climb chapels while the Watch is standing around.","그건 그저 운동이에요. 성당 벽 오르기. 경비병들이 별로 좋아하지 않으니까, 그들이 근처에 있을 땐 성당 벽을 오르거나 하면 안되죠.",record,False,False,False,False,,
Oblivion.esm,INFO,00047699,,NAM1,0,,,"This city life is killing me. Work all day long. Drop dead, and they toss you in Lake Rumare. Just need to make my money at the Arena and live easy.",이 도시 생활이 날 죽이고 있어요. 하루 종일 일만 하죠. 죽게 되면 내 몸을 루메어(Rumare) 호수에다 던져 버리겠죠. 아레나에 가서 돈 좀 벌 필요가 있어요. 그리고 편하게 사는 거죠.,record,True,True,False,False,HIGH,Rumare
Oblivion.esm,INFO,0004769B,,NAM1,0,,,"The Watch can't touch me. I'm careful, private-like. Don't like people following me. Sure, it makes people nervous, seeing me sneak around. Too bad.","경비대도 날 건드리진 못해요. 난 주의 깊고, 개인 생활을 좋아하는 사람이니까. 날 따라 다니는 사람은 싫어요. 괜히 사람 신경 건드리고 주위나 두리번 거리게 하고. 아주 나빠요.",record,False,False,False,False,,
Oblivion.esm,INFO,0004769D,,NAM1,0,,,"It pays to know about locks and lockpicks. It's just a hobby, of course, but the average citizen feels more secure when he understands his own locks.","돈을 지불하면 자물쇠와 락픽에 대해 알게 된다는 겁니다. 물론, 단순한 취미이긴 하지만. 대체적으로 사람들은 자신의 자물쇠에 대해서 알게되면 더 안전한 걸 찾으려고 하죠.",record,False,False,False,False,,
Oblivion.esm,INFO,0004769F,,NAM1,0,,,"I like the ladies. It's been my weakness. But now I've got Romana, I stay away from the fleshpots.",난 여자를 좋아해요. 내 단점이죠. 하지만 Romana를 만난 후부터 환락가에는 가지 않게 됐어요.,record,False,True,False,False,MEDIUM,Romana
Oblivion.esm,INFO,000476A1,,NAM1,0,,,"It is SO hard to find a man you can trust in this big city. Sure, Tertius has had his share of girls. Just look at him. But all that's changed now.","이 큰 도시에서 믿을만한 사람을 한 명이라도 찾는다는 건 너무 힘들어요. 그래요. 테르티우스만 봐도 알 수 있죠. 한 때 그가 잘 나갈 땐, 그를 찾는 여자들이 많았는데 지금은 모든게 변해버렸죠.",record,False,False,False,False,,
Oblivion.esm,INFO,000476A3,,NAM1,0,,,"The Watch is so completely on my ass. So I got to lay low for a while. I got some dosh stashed, so I'm fine for now.",경비대는 나를 완전 골치 아프게 했어요. 그래서 난 돈을 감춰놓고 잠시 동안 숨어 있었죠. 그랬더니만 요새는 좀 잠잠하네요.,record,False,False,False,False,,
Oblivion.esm,INFO,000476A5,,NAM1,0,,,"Ra'jhan used to share a house, but not now. Ra'jhan is very proud, work so hard, now has house all his own.","Ra'Jhan은 방을 얻어 살곤 했어요, 하지만 지금은 안그래요. 열심히 일해서 내 집을 갖게 됐죠. Ra'Jhan은 매우 자랑스러워요.",record,False,True,False,False,MEDIUM,"Ra'Jhan, Ra'Jhan"
Oblivion.esm,INFO,000476A7,,NAM1,0,,,"Irene Metrick and I spend a lot of time together, true. We're just good friends. But don't tell Elisa. She wouldn't understand.",Irene Metrick과 난 많은 시간을 같이 보냈죠. 우린 좋은 친구입니다. 하지만 Elisa에겐 말하지 마세요. 그녀는 이해못할 테니까요.,record,False,True,False,False,MEDIUM,"Irene, Metrick, Elisa"
Oblivion.esm,INFO,000476A9,,NAM1,0,,,Roderic is looking around for a business to invest in. I know he'll find something soon.,Roderic은 투자할 만한 사업을 찾고 있어요. 곧 무언가를 찾지 않을까 싶네요.,record,False,True,False,False,MEDIUM,Roderic
Oblivion.esm,INFO,000476AB,,NAM1,0,,,"Whatever Uncle Iniel says. 'Lay off the Atius bastards,' he says, so we lay off.","Iniel 숙부가 말하는 건 뭐든지. 'Atius 놈들 괴롭히는 건 그만둬'라고 그가 말하면, 우린 그렇게 하죠.",record,False,True,False,False,MEDIUM,"Iniel, Atius"
Oblivion.esm,INFO,000476AD,,NAM1,0,,,"I'm a Sintav, and we Sintavs stick together. Uncle Iniel got us swell jobs and a house. It's a family thing.",난 Sintav 가문 사람입니다. 우리 Sintav 가문은 서로 단단히 뭉쳐 있죠. Iniel 숙부는 우리에게 멋진 일과 집을 주었어요. 가족이니까.,record,False,True,False,False,MEDIUM,"Sintav, Sintav, Iniel"
Oblivion.esm,INFO,000476AF,,NAM1,0,,,"If we work hard, Uncle Iniel says he'll set us up in business together, maybe a little fruit orchard, or maybe tomatoes.","우리가 열심히 일만 한다면, Iniel 숙부는 우리에게 같이 일해보자고 말할 거라고 말해요. 아마 작은 과수원이나 토마토 농장 정도가 되지 않을까 싶어요.",record,False,True,False,False,MEDIUM,Iniel
Oblivion.esm,INFO,000476B1,,NAM1,0,,,I'm sick of all this fighting with the Atius clan. I'm glad Uncle Iniel put his foot down.,Atius 녀석들과 싸움질하는데 아주 신물이 나요. 난 Iniel 숙부가 단호한 태도를 취해줘서 기쁘답니다.,record,False,True,False,False,MEDIUM,"Atius, Iniel"
Oblivion.esm,INFO,000476B3,,NAM1,0,,,"The Sintav clan is very close. We watch out for each other, and Uncle Iniel, he knows everything, and takes care of us.","Sintav 가는 매우 친해요. 우린 서로를 지켜준답니다. 그리고 Iniel 숙부, 그는 모든 것을 알죠, 그리고 우리를 돌봐주고요.",record,False,True,False,False,MEDIUM,"Sintav, Iniel"
Oblivion.esm,INFO,000476B5,,NAM1,0,,,"It is a beautiful city. I love to walk, talk with everyone, hear the news, share the little stories of the day.","아름다운 도시입니다. 난 이 도시를 거니는 것, 모두와 함께 대화하는 것, 새로운 소식을 듣는 것, 그리고 하루하루 일상의 소소한 이야기들을 나누는 것을 좋아한답니다.",record,False,False,False,False,,
Oblivion.esm,INFO,000476B7,,NAM1,0,,,"Argonians stick mostly to the river trade. We know boats and the water. We're not fussy about the sewers, either. Water cleans it all.",아르고니안들은 대개 수상교역에 종사하죠. 우리는 배와 물에 대해 잘 알거든요. 하수구에 대해선 크게 신경 안 써요. 물이 다 씻어내 줄 겁니다.,record,False,False,False,False,,
Oblivion.esm,INFO,000476B9,,NAM1,0,,,"To earn gold, Argonians must come to the city. It is a strange life, shaped stones and whiteskins everywhere.","돈을 벌기 위해선, 아르고니안들은 도시로 와야 해요. 이곳 생활은 낯설죠. 여기저기에 익숙하지 않은 석조 건물들, 그리고 사람들이 넘쳐나구요.",record,False,False,False,False,,
Oblivion.esm,INFO,000476B9,,NAM1,1,,,"But in the water, we are the masters, and whiteskins pay well for our skills.",하지만 물에선 우리가 최고죠. 그 때문에 인간들은 우리 기술에 대해 많은 보수를 줘요.,record,False,False,False,False,,
Oblivion.esm,INFO,000476BB,,NAM1,0,,,A short stay in our lovely Imperial Prison should cool your enthusiasm for a life of crime. The drunk tank in particular has a unique aroma.,우리 근사한 임페리얼 감옥에서의 짧은 수감 생활이 당신의 범죄에 대한 열정을 식혀 줄 겁니다. 특히 주정뱅이 유치장에선 아주 독특한 향기가 나죠.,record,False,False,False,False,,
Oblivion.esm,INFO,000476C1,,NAM1,0,,,"Where can you find some fun? That depends on your idea of fun. You can bet, fight, or both at the Arena.",어디서 흥미거리를 찾을 수 있다고 생각해요? 그건 당신이 어떤 걸 즐기느냐에 달렸죠. 아레나에서는 돈을 걸거나 직접 싸우거나 아니면 둘 다 할 수 있답니다.,record,False,False,False,False,,
Oblivion.esm,INFO,000476C1,,NAM1,1,,,"There are plenty of sights to see, and plenty of places to shop, but the Watch frowns on brawling and adventuring in the city.","이 도시엔 볼 만한 것도 넘쳐나고, 쇼핑할 곳도 넘쳐나죠. 하지만 도시 내에서 소란을 피우거나 뻘 짓거리를 하면 경비병들이 곱지 않은 시선으로 볼 겁니다.",record,False,False,False,False,,
Oblivion.esm,INFO,000476C3,,NAM1,0,,,"The Tiber Septim Hotel is clean, comfortable, and quite exclusive. I don't mind paying a little extra for a little privacy.","타이버 셉팀(Tiber Septim) 호텔은 깔끔하고, 안락하고, 정말 고급스럽죠. 난 내 사생활을 위해 조금 더 투자하려는 걸 전혀 신경 쓰지 않아요.",record,True,True,False,False,HIGH,"Tiber, Septim"
Oblivion.esm,INFO,000476C5,,NAM1,0,,,I agree with the Watch Captain. This Atius-Sintav feud has gone on long enough. I can control my people. I hope Iniel can control his.,"난 경비대 대장의 말에 동의해요. 이 Atius 가와 Sintav 가의 싸움은 갈 데까지 갔죠. 난 내 가족들을 자제시킬 테니, Iniel 역시 그렇게 해주길 바랍니다.",record,False,True,False,False,MEDIUM,"Atius, Sintav, Iniel"
Oblivion.esm,INFO,000476C7,,NAM1,0,,,"It wasn't my fault. Cyronin Sintav started it. But I'm the one who got caught, so I'm the one who has to cool his heels.",그건 내 잘못이 아니었어요. Cyronin Sintav가 시작했다구요. 그런데 잡힌 건 나였어요. 때문에 난 그놈이 지쳐 나가 떨어지게 만들어야 해요.,record,False,True,False,False,MEDIUM,"Cyronin, Sintav"
Oblivion.esm,INFO,000476C9,,NAM1,0,,,"I'm content here. Some day I hope to meet the right man, but not a seaman. Never. ","난 여기에 있는 걸 만족해요. 언젠가 괜찮은 사람을 만나길 바라지만, 뱃사람은 안돼요. 절대로. ",record,False,False,False,False,,
Oblivion.esm,INFO,000476CB,,NAM1,0,,,I only do the training any more. None of the rigs and tricks. Rochelle and me just want the settled life nowadays.,"난 단지 트레이닝을 하고 있을 뿐입니다. 속임수나 사기가 아닙니다. 최근엔, Rochelle과 난 그저 안정된 삶을 원할 뿐이죠.",record,False,True,False,False,MEDIUM,Rochelle
Oblivion.esm,INFO,000476CD,,NAM1,0,,,"Samuel was a bit wild as a young man. The City will do that to you. Bad company, bad influences.",Samuel은 청년이 되가면서 좀 거칠어졌어요. 이 도시는 당신 역시 그렇게 만들 수 있죠. 나쁜 환경은 나쁜 영향을 끼치는 법이거든요. ,record,False,True,False,False,MEDIUM,Samuel
Oblivion.esm,INFO,000476CF,,NAM1,0,,,"Master Umbacano is a fine gentleman. Mad for old Ayleid stuff, true, but he's got the dosh, so it's all right, ain't it?","Umbacano 주인님은 점잖은 신사입니다. 그 분은 아일레이드 유물 수집에 빠져 있죠. 그래도 가지고 있는 재산이 많으니까, 상관없죠, 안 그래요?",record,False,True,False,False,MEDIUM,Umbacano
Oblivion.esm,INFO,000476D1,,NAM1,0,,,"If I don't find something soon, I'm going to have to try my luck at adventuring. My pals say there's a lot of caves and ruins west towards Skingrad.","만약 뭔가를 빨리 찾아내지 못한다면, 난 탐험에 내 운을 시험해보려 해요. 내 친구들이 스킨그라드 서쪽에 수많은 동굴과 유적들이 있다고 하더군요.",record,False,False,False,False,,
Oblivion.esm,INFO,000476D3,,NAM1,0,,,I supply many fine city merchants with goods. All sorts of things. Whatever I can buy cheap and sell dear.,난 많은 도시 상인들에게 모든 종류의 물품을 공급하고 있소. 난 무엇이든 싸게 사서 비싸게 팔 수 있거든.,record,False,False,False,False,,
Oblivion.esm,INFO,000476D5,,NAM1,0,,,"I spent 40 years at the Arcane University. Good years, but I don't miss it. Now I'm completely useless, and proud of it.","난 40년을 아케인 대학에서 보냈습니다. 좋은 날들이었죠. 하지만 그리워하진 않아요. 지금이야 완전 퇴물이 됐지만, 난 내 삶이 자랑스럽답니다.",record,False,False,False,False,,
Oblivion.esm,INFO,000476D7,,NAM1,0,,,I don't miss Morrowind. All that sour Tribunal grumbling and old-fashioned ancestor worship. Good riddance.,모로윈드가 그립지는 않습니다. 시시한 트리뷰널(Tribunal) 주절거림에 낡아빠진 조상숭배. 해방되서 후련하네요.,record,True,True,False,False,HIGH,Tribunal
Oblivion.esm,INFO,000476D9,,NAM1,0,,,"Morrowind is still living in the Second Era. I can't believe how they treat Khajiit and Argonians. Here, we are Imperial citizens, nothing less.",모로윈드는 아직도 제 2시대의 생활 방식을 따르고 있습니다. 그들의 카짓과 아르고니안에 대한 취급은 믿을 수 없을 정도입니다. 여기에서는 우리는 바로 제국의 시민입니다.,record,False,False,False,False,,
Oblivion.esm,INFO,000476DB,,NAM1,0,,,"It's the city of Tiber Septim, youngest of the gods. Go to the Palace and the Temple of the One. Stand on the stones where Talos stood.",이 도시는 가장 근래에 신들의 반열에 든 타이버 셉팀의 도시입니다. 궁전 지역으로 가서 신의 사원에 가보세요. 그리고 옛적에 탈로스가 서 있었던 바로 그 자리에 서 보세요.,record,False,False,False,False,,
Oblivion.esm,INFO,000476DD,,NAM1,0,,,Thamriel says she hears voices. All the men and women who lived and died here for thousands of years... maybe they left ghosts behind.,"Thamriel은 목소리가 들린다고 합니다. 몇천년에 걸쳐 여기에서 살며, 죽어간 사람들의... 그들의 영혼이 남아 있는지도 모르겠네요.",record,False,True,False,False,MEDIUM,Thamriel
Oblivion.esm,INFO,00074A89,,NAM1,0,,,"I beg your pardon. The city? Here's the city. All around us. A thousand stones, a thousand souls.",네? 거리요? 거리는 여기에 있습니다. 우리 주위를 둘러싸고 있지요. 수천의 돌과 수천의 영혼.,record,False,False,False,False,,
Oblivion.esm,INFO,00074A89,,NAM1,1,,,I hear them all. Sometimes. But not right now. They're all quiet. Did you frighten them away?,나는 그 모든 목소리가 들립니다. 가끔식이요. 하지만 지금은 들리지 않는군요. 모두 조용하네요. 당신이 그들을 위협했나요?,record,False,False,False,False,,
Oblivion.esm,INFO,000476E0,,NAM1,0,,,"I got no beds here. You need a bed in the Imperial City, you got four choices. The King and Queens and Luther Broads are in the Gardens.","난 여기서 잠자리를 얻지 못했어요. 당신이 임페리얼 시티에서 잠잘 곳을 찾는다면, 네 가지 선택이 있죠. 엘븐 가든 지구엔 왕과 비 여인숙과 루더 브로드 하숙집이 있어요.",record,False,False,False,False,,
Oblivion.esm,INFO,000476E0,,NAM1,1,,,"The Tiber Septim Hotel is very nice, but very expensive. There's the Bloated Float at the Waterfront. Sleep on a boat. And cheap, too.",타이버 셉팀 호텔은 아주 좋지만 무척 비싸죠. 워터프런트에는 부푼 부유선이 있어요. 배에서 잘 수 있고 값도 싸죠.,record,False,False,False,False,,
Oblivion.esm,INFO,000476E2,,NAM1,0,,,I don't know. Just take a walk around. Buy something. Plenty of stores. Why'd you come in the first place?,모르겠군. 그냥 돌아다녀 보시오. 그리고 뭔가를 사는거지. 가게는 많이 있으니. 처음 왔을때 이유가 있을거 아니오?,record,False,False,False,False,,
Oblivion.esm,INFO,000476E4,,NAM1,0,,,"My favorite thing is fresh slaughterfish, caught fresh from the docks on the Waterfront.",내가 가장 좋아하는 건 신선한 슬로터피쉬(slaughterfish)에요. 워터프론트에서 갓 잡은 싱싱한 놈 말이죠.,record,True,True,False,False,HIGH,slaughterfish
Oblivion.esm,INFO,000476E6,,NAM1,0,,,"I'm fed up with the senseless feuding, blood spilled for no good reason. Glad the Watch put a stop to it.",난 이 무분별한 다툼에 아주 진절머리가 나요. 이유 없이 피가 흘려지고 있죠. 경비대에서 그걸 막겠다니 다행이에요.,record,False,False,False,False,,
Oblivion.esm,INFO,000476E8,,NAM1,0,,,"S'rathad learns the city by walking, talking, seeing it all. S'rathad thinks this is the best way for you, too.","S'rathad는 이 도시를 돌아다니고, 이야기하고 구경하면서 이곳에 대해 알게 됐어요. S'rathad는 당신도 그렇게 하는 것이 가장 좋은 방법이라고 생각해요.",record,False,True,False,False,MEDIUM,"S'rathad, S'rathad"
Oblivion.esm,INFO,000476EB,,NAM1,0,,,"It is well known in the City that I collect Ayleid antiquities. It's true, but I desire only very specific items.",내가 아일레이드 유물을 모은다는 건 온 도시에 잘 알려져 있죠. 맞는 얘기입니다. 하지만 난 오직 특별한 물건들만 모을 뿐이에요.,record,False,False,False,False,,
Oblivion.esm,INFO,000476ED,,NAM1,0,,,"There are many people in the city who interest me, and you are not one of them.","이 도시엔 나에게 관심 있는 많은 사람들이 있는데, 당신은 그런 부류가 아닌 모양이군.",record,False,False,False,False,,
Oblivion.esm,INFO,000476EF,,NAM1,0,,,It is so kind of you to favor me with your attention. Please excuse me if I seem unappreciative of the honor.,자네가 나에게 신경 써준다니 정말 친절하군. 만약 내가 이런 명예를 모르는 것처럼 보이더라도 용서해주게.,record,False,False,False,False,,
Oblivion.esm,INFO,000476EF,,NAM1,1,,,... Was I insufficiently clear? I beg your pardon. You do not interest me. We will not be having further social discourse.,... 내가 잘 이해하지 못했나? 다시 한번 말하게. 자넨 내게 관심이 없군. 우린 더 이상 이야기를 나누지 못할 걸세.,record,False,False,False,False,,
Oblivion.esm,INFO,000476F1,,NAM1,0,,,"The Earl is perhaps not well known in the city. He is a private man, and keeps to himself.",백작님은 아마 이 도시에서 잘 알려져 있진 않을 거요. 그 분은 혼자 틀어박혀 은둔을 즐기는 사람이거든.,record,False,False,False,False,,
Oblivion.esm,INFO,000476F3,,NAM1,0,,,I'm not in the habit of answering questions for strangers. No offense intended.,난 잘 모르는 사람의 질문엔 대답을 하지 않습니다. 기분 상하게 하려는 의도는 없었어요.,record,False,False,False,False,,
Oblivion.esm,INFO,000476F5,,NAM1,0,,,Where to sleep? The Tiber Septim Hotel in Talos Plaza is nice but expensive. Luther Broad's Boarding House in Elven Gardens is just okay.,"잘 곳 말이요? 탈로스 플라자에 있는 타이버 셉팀(Tiber Septim) 호텔이 아주 근사하지만, 비쌉니다. 엘븐 가든의 루더 브로드(Luther Broads) 하숙집 정도면 딱 좋겠네요.",record,True,True,False,False,HIGH,"Tiber, Septim, Luther, Broads"
Oblivion.esm,INFO,000476F5,,NAM1,1,,,The Bloated Float on the Waterfront is cheap... and a bit too interesting for my tastes.,워터프론트의 선상 여관(Bloated Float)은 아주 쌉니다... 그리고 내 취향에 딱 맞죠.,record,True,True,False,False,HIGH,"Bloated, Float"
Oblivion.esm,INFO,000476F7,,NAM1,0,,,We rarely get real trouble here. The Watch puts a stop to rough stuff damn quick. I'm mostly ornamental at the Bloated Float. Makes folks happy.,여긴 소란이 정말로 거의 일어나지 않습니다. 경비대가 소란 즉시 날아와서는 멈추거든요. 전 부푼 부표 여관의 장식 같은겁니다. 사람들을 행복하게 해 주는거죠.,record,False,False,False,False,,
Oblivion.esm,INFO,000476F9,,NAM1,0,,,"You'll find a lot of orcs serving as private guards. Watch work is too dull. Lots of folks say, 'Oooh, there's an orc, she's scary'. Makes it easy.","많은 오크가 경호원으로 근무하고 있는게 보이겠지. 경비 일은 정말 지루해. 대체로 주민들은 이렇게 말하지, '오오, 오크가 있어, 그녀는 무서워요' 간단해.",record,False,False,False,False,,
Oblivion.esm,INFO,000476FB,,NAM1,0,,,"I'm here because I'm a loafer. And the city's an easy place for a loafer to get by. I do odd jobs, a little adventuring, build up a little pile....","내가 여기 있는 이유는, 건달이기 때문이지. 도시는 건달에게 있어서 안성맞춤의 장소거든. 나는 좀 색다른 일을 하고 있지, 모험도 약간 따르고, 약간 챙기기도 하고... ",record,False,False,False,False,,
Oblivion.esm,INFO,000476FD,,NAM1,0,,,"Akatosh speaks to us all, but we never listen. Go to the Temple of the One. Read the Covenants. Praise the Nine!",아카토쉬(Akatosh)께선 우리 모두에게 말씀하십니다. 하지만 우린 듣질 않죠. 템플 오브 더 원(Temple of the One)으로 가십시오. 성약을 읽으십시오. 나인 디바인을 찬양하십시오!,record,True,True,False,False,HIGH,"Akatosh, Temple, of, the, One"
Oblivion.esm,INFO,000476FF,,NAM1,0,,,"St. Alessia has blessed our city and all its people. Visit the Temple of the One, and renew your faith.",St. Alessia는 우리의 도시와 이 도시의 모든 이들을 축복해왔습니다. 템플 오브 더 원(Temple of the One)을 방문하세요. 그리고 당신의 믿음을 새롭게 하십시오.,record,True,True,False,False,HIGH,"St, Alessia, Temple, of, the, One"
Oblivion.esm,INFO,00047701,,NAM1,0,,,"Mara's blessing on you, and on all her children. Speak to her at the Temple of the One. Ask Mother Mara; she will shower your heart with love.",마라(Mara)께선 당신과 그녀의 모든 자녀들을 축복하고 계십니다. 템플 오브 더 원(Temple of the One)에서 그 분께 말씀하십시오. 성모 마라(Mara)께 부탁하십시오. 그녀가 사랑으로 당신을 씻겨주실 겁니다.,record,True,True,False,False,HIGH,"Mara, Temple, of, the, One, Mara"
Oblivion.esm,INFO,00047703,,NAM1,0,,,"Big city. I really LOVE the lights at night, shoo-shoo. The City of Love. Got it? Love? Light? Night? Big. Big, big, big, BIG!","큰 도시죠. 난 정말 밤의 불빛을 사랑해요, 슈-슈. 사람의 도시. 알아들었어요? 사랑? 불빛? 밤? 커요. 크고, 크고, 크다구요!",record,False,False,False,False,,
Oblivion.esm,INFO,00047705,,NAM1,0,,,Look around. Count the true believers. How many of these people really have faith? It's easy to have faith when everything's fine.,주위를 둘러봐요. 열성적인 신자를 세어보세요. 진실된 믿음을 가지고있는 사람이 얼마나 있을까요? 모든게 순조로운 때 믿음을 갖는 것은 간단합니다.,record,False,False,False,False,,
Oblivion.esm,INFO,00047707,,NAM1,0,,,"The Nine say each of us is special, but that's just a lie. I don't mind, but it just sounds stupid.","나인 디바인은 우리 각자가 특별하다고 말하지만, 그건 거짓말이야. 난 상관없지만, 그건 정말 어처구니 없는 소리지.",record,False,False,False,False,,
Oblivion.esm,INFO,00047709,,NAM1,0,,,"It's not safe, talking to strangers. I don't know what's going on, but I have to be careful.","낯선 자들과 얘기하는 건 안전하지 않아요. 무슨 일인지는 모르지만, 난 조심해야만 합니다.",record,False,False,False,False,,
Oblivion.esm,INFO,0004770B,,NAM1,0,,,"The Arboretum. That's where J'mhad likes to go. Always quiet, always green. ","식물원. 그곳은 잼하드(J'mhad)가 즐겨 가는 곳이죠. 항상 조용하고, 항상 푸른 곳. ",record,True,True,False,False,HIGH,J'mhad
Oblivion.esm,INFO,0004770D,,NAM1,0,,,"I'm here in the city for access to the Temple libraries, and for the bookstores... especially the First Edition in the Market District.",난 사원의 도서관들과 서점들을 이용하기 위해 여기 있어요... 특히 상가(Market) 지구의 최초의 한권(First Editon)을요.,record,True,True,False,False,HIGH,"Market, First, Editon"
Oblivion.esm,INFO,0004770F,,NAM1,0,,,"I find things to do. I manage the house, make sure Amantius doesn't starve or run out of ink.","난 할 일을 찾아요. 집을 관리하고, Amantius가 굶거나 잉크가 떨어지지 않도록 하죠.",record,False,True,False,False,MEDIUM,Amantius
Oblivion.esm,INFO,00047711,,NAM1,0,,,"Soon, the Elder Council must choose a new emperor, and then I suppose they'll sort out my commission. Until then, I just have to keep on working.","곧, 원로 위원회는 분명 새 황제를 뽑을 겁니다. 그리고 나서 그들은 나의 위임을 검토할 것이라고 봐요. 그때까지는 작곡을 계속해야겠죠.",record,False,False,False,False,,
Oblivion.esm,INFO,00047713,,NAM1,0,,,"It's so sad. Salomon was to compose a symphony for Uriel Septim, to be performed for the whole city in the Arena.","너무 슬퍼요. Salomon은 아레나에서 도시 전체에 울려퍼질, Uriel Septim 황제를 위한 교향곡을 연주할 예정이었거든요.",record,False,True,False,False,MEDIUM,"Salomon, Uriel, Septim"
Oblivion.esm,INFO,00047714,,NAM1,0,,,"I'm sorry, but my studies keep me indoors for the most part. I know little of the rest of the city.","미안하군요, 내 연구는 대부분 실내에서 이루어집니다. 도시의 다른 부분은 거의 아는 게 없군요.",record,False,False,False,False,,
Oblivion.esm,INFO,00047716,,NAM1,0,,,One must be very careful in the Imperial City. There are things... dangerous things... that cannot abide the light.,임페리얼 도시에서 매우 조심해야 하는 한 가지가 있습니다. 거기에 있는 것들... 위험한 것들... 그것은 빛이 머물 수 없습니다.,record,False,False,False,False,,
Oblivion.esm,INFO,00047732,,NAM1,0,,,"I'm quite behind on current events, I'm afraid. I can't be of any help to you.","유감입니다만, 현재 사건들에 대해선 잘 모르겠군요. 난 당신에게 어떤 도움도 줄 수 없답니다.",record,False,False,False,False,,
Oblivion.esm,INFO,00047734,,NAM1,0,,,You're very curious. Perhaps too curious for your own good.,당신은 호기심이 너무 많군요. 아마 당신 좋으라고 호기심이 지나친 거겠죠.,record,False,False,False,False,,
Oblivion.esm,INFO,00047736,,NAM1,0,,,"It's terrible. I just can't walk past a bookstore. The First Edition, in the Market District, is the worst.",끔찍해요. 난 그냥 서점을 지나치질 못해요. 상가(Market) 지구에 있는 최초의 한권(First Edition)을 말이죠. 최악이에요.,record,True,True,False,False,HIGH,"Market, First, Edition"
Oblivion.esm,INFO,00047738,,NAM1,0,,,"The Temple District is by far the most desirable address in the city. Why? Because I live here, of course. Don't you agree?","사원(Temple) 지구는 도시 안에서 가장 매력적인 주소죠. 왜냐구요? 물론, 내가 여기 사니까요, 동의하지 않아요?",record,True,True,False,False,HIGH,Temple
Oblivion.esm,INFO,0004773A,,NAM1,0,,,"My housemates and I were lucky to find this house in the Temple District. It costs a little more, but it's a very good address.","내 동거인과 내가 사원(Temple) 지구에서 이 집을 찾은 건 행운이었죠. 가격이 조금 비싸지만, 매우 좋은 주소라고요.",record,True,True,False,False,HIGH,Temple
Oblivion.esm,INFO,0004773C,,NAM1,0,,,It's not that I'm lazy. I'm just not very ambitious. You can live comfortably in the city very cheaply. So why work yourself to death?,내가 게으른 게 아닙니다. 난 야망이 많지도 않고요. 이 도시에서 아주 싼 가격에 편하게 살 수 있어요. 그러니 왜 몸이 녹초가 되도록 일하겠어요?,record,False,False,False,False,,
Oblivion.esm,INFO,0004773E,,NAM1,0,,,"It is a very fashionable address, of course, but we live simply.","물론, 그곳은 상류층이 거주하는 곳이죠. 하지만 우린 소박하게 살아요.",record,False,False,False,False,,
Oblivion.esm,INFO,00047740,,NAM1,0,,,"I made quite a lot of gold from my last expedition. I bought this house, invested the rest, and now I'm just living the life of the city gentleman.","마지막 여행에서 난 꽤 많은 돈을 벌었죠. 난 집을 샀고, 안정된 삶에 투자했구요. 그리고 지금은 훌륭한 도시 신사의 삶을 누리고 있죠.",record,False,False,False,False,,
Oblivion.esm,INFO,00047742,,NAM1,0,,,The Bloated Float rents beds. Only place on the waterfront. Cheap. And it's safe. ,선상 여관(Bloated Float)에서 잠자리를 빌려줄 겁니다. 워터프론트에선 유일한 곳이죠. 싸고 안전해요. ,record,True,True,False,False,HIGH,"Bloated, Float"
Oblivion.esm,INFO,00047744,,NAM1,0,,,The lighthouse is mostly for show. You'd have to be an idiot to try to navigate here by night.,등대는 거의 폼으로 있는 겁니다. 밤에 여길 항해하려고 하는 놈은 얼간이가 틀림없을 거요.,record,False,False,False,False,,
Oblivion.esm,INFO,00047746,,NAM1,0,,,"We store goods here until the buyer can collect them, or until the ships come in.","우리는 구매자가 그걸 가지러 올 때까지, 또는 배가 들어올 때까지 이곳에 물건을 저장해 둘 겁니다.",record,False,False,False,False,,
Oblivion.esm,INFO,00047748,,NAM1,0,,,A little tip. People who ask a lot of questions around here tend to be not very popular.,"조언하겠는데, 이 주변에서 많은 질문을 던지는 이들은 그다지 평범하지 않은 자들인 경우가 많아요.",record,False,False,False,False,,
Oblivion.esm,INFO,00047749,,NAM1,0,,,"I think I'll do just fine. I'm a natural. Finder's keepers, right? And I'm a pretty good finder.","난 내 행위에 문제가 없다고 생각해요. 난 자격이 있어요. 발견한 사람이 임자죠, 안 그래요? 그리고 난 꽤 착한 발견자라고요.",record,False,False,False,False,,
Oblivion.esm,INFO,0004774B,,NAM1,0,,,"Lots of us on the Waterfront are down. We can't do that dungeon stuff like you adventurers. We got no money, and no skills. Nobody wants us.","우리같이 워터프론트에 있는 사람 대부분은 빈털털이지요. 당신들 모험가처럼 보물찾기도 할 수 없습니다. 우리는 돈도 없고, 기술도 없어요. 아무도 우릴 필요로 하지 않습니다.",record,False,False,False,False,,
Oblivion.esm,INFO,0004774D,,NAM1,0,,,"I'll get mine. Folks in this city got plenty of gold. Take from the rich and give to the poor, if you catch my drift.","내 몫을 손에 넣을 생각이에요. 이 도시 사람들은 많은 돈을 갖고 있더군요. 내 말에 의미를 안다면, 부자를 털어서 가난한 사람들에게 나눠주는 거에요.",record,False,False,False,False,,
Oblivion.esm,INFO,0004774F,,NAM1,0,,,"People in the city, they get stuff and forget to pay. So I help 'em remember. You talk to 'em, lean on 'em a bit, and they remember right away.","이 도시 무리들은 물건을 손에 넣고는 지불은 잊어버리지. 그러니 내가 기억하는걸 도와주지. 당신이 그들과 이야기하고, 잠깐 위협해 주면 바로 기억해낼 거야.",record,False,False,False,False,,
Oblivion.esm,INFO,00047751,,NAM1,0,,,"Hard to find an Orc girl in this city like Umog gra-Marad. Smart, tough, got a good trade. Nice-looking, too. So I got to make my intentions clear.","이 도시에서 Umog gra-Marad같은 젊은 오크 여자는 찾아 보기 어려워. 그녀에게 잘보이려면 똑똑하고 터프해야겠지. 물론 외모도. 그래서, 난 내 의사를 확실히 보여줄거야.",record,False,True,False,False,MEDIUM,"Umog, gra-Marad"
Oblivion.esm,INFO,000488E6,,NAM1,0,,,You have to watch out for pickpockets in the city. You'd be surprised how many waterfronters earn a good income that way.,이 도시에선 소매치기를 조심해야 해요. 그 방법으로 얼마나 많은 워터프론트 사람들이 좋은 수입을 얻는지 알면 당신은 깜짝 놀랄 겁니다.,record,False,False,False,False,,
Oblivion.esm,INFO,000488E8,,NAM1,0,,,I share my good fortunes with the poor and needy. And you ain't neither. Life isn't easy on the waterfront. But we look out for each other.,나는 내 운을 부랑자나 빈민들과 나누고 있습니다. 당신은 어느 쪽도 아니군요. 워터프론트의 삶은 쉽지 않습니다. 하지만 우리는 서로를 돌보아 주고 있습니다.,record,False,False,False,False,,
Oblivion.esm,INFO,000488EA,,NAM1,0,,,"I've worked on the docks as long as Vlanarus, but he thinks he's the expert. He's always looking over my shoulder, do it this way, do it that way.","Vlanarus와는 같은 무렵에 부두에서 일해 왔는데, 그는 자신이 전문가라고 생각해요. 늘상 내 뒤에서 떠들어 대지요. 이건 이렇게 해라, 저건 저렇게 해라. ",record,False,True,False,False,MEDIUM,Vlanarus
Oblivion.esm,INFO,000488EC,,NAM1,0,,,"Kastav says he works. Ha! Flies land on him, he's too lazy to brush them off. I'm sick of taking abuse for him, even if he is my brother.","Kastav는 일하고 있다고 말하는데. 하! 저녀석은 파리가 달라붙어도, 귀찮아서 가만 있는 놈이야. 아무리 동생이라도 그렇지 주의주는 것도 이제 진절머리가 난다고.",record,False,True,False,False,MEDIUM,Kastav
Oblivion.esm,INFO,000488EE,,NAM1,0,,,"I do my part on the docks, just like Bronsila and Vlanarus. Why should I kill myself? They don't pay me any more. For what I get paid, I work plenty.","부두에서 내 역활을 하고 있는 중이요. Bronsila와 Vlanarus처럼 말이지. 왜 나만 참아야 되는 거야? 더 이상 돈은 받을 수도 없는데. 무슨 대가가 있다고, 이런 고생이나 하고 있어.",record,False,True,False,False,MEDIUM,"Bronsila, Vlanarus"
Oblivion.esm,INFO,000488F0,,NAM1,0,,,"I signed on for the Raven Rock colony. Went there as a builder. Hung around afterwards, but the money ran out.","난 레이븐 락(Raven Rock) 이주지와 계약하고, 거기서 목수를 하고 있었지. 그런데 꾸물대다가 돈을 다 써버렸어.",record,True,True,False,False,HIGH,"Raven, Rock"
Oblivion.esm,INFO,000488F2,,NAM1,0,,,"I helped build Raven Rock. Had a bad run-in with the law, so here I am. Pretty soon I'll head out for the Imperial Reserve, try my luck there.","난 레이븐 락(Raven Rock) 건설을 도왔어. 규칙을 위반했고, 지금은 여기 있는 거지. 곧 Imperial Reserve로 출발할 거요. 그곳에서 내 운을 시험해 보겠어.",record,True,True,False,False,HIGH,"Raven, Rock, Imperial, Reserve"
Oblivion.esm,INFO,0007BE9B,,NAM1,0,,,The Chestnut Handy Stables used to sell horses. But they're gone. Our horses. All gone. Big mystery. No idea where they went. [burp],밤나무 옆 마구간(Chestnut Handy Stables)에서는 말을 판매하곤 했죠. 하지만 말들이 사라졌어요. 우리의 말들이요. 모두 사라졌다구요. 그놈들이 어디로 갔는지 짐작도 할 수 없어요. [꺼억],record,True,True,False,False,HIGH,"Chestnut, Handy, Stables"
Oblivion.esm,INFO,0007BE9D,,NAM1,0,,,"We stable horses for folks in the Imperial City. We'd sell horses, too. Except... we can't seem to keep track of them.",우리는 임페리얼 시티 주민들의 말을 마구간에 보관해 놓습니다. 말을 팔기도 했었죠. 다만... 어디에 있는지 잃어버린 것 같습니다.,record,False,False,False,False,,
Oblivion.esm,INFO,0007BE9E,,NAM1,0,,,"Sure. Some folks here think horses are for riding. Then again, some of us are Orcs. Snak gra-Bura, she prefers eating stew to riding horses. ","물론. 여기 사람들은 말은 타기 위한 거라고 생각하고 있지. 그러나 동시에 우리 동료중에는 오크가 있다구. Snak gra-Bura, 그녀는 타는 것보다 스튜로 만들어 먹는 걸 더 좋아한단말야. ",record,False,True,False,False,MEDIUM,"Snak, gra-Bura"
Oblivion.esm,INFO,00020086,,NAM1,0,,,We are from the IC (not to be confused with the OC).,이 문장은 게임내의 테스트를 위한 것으로 번역을 생략합니다.,record,False,False,False,False,,
Oblivion.esm,DIAL,0001FDA9,MS08UrsanneAvenged,FULL,0,,,He lives no longer.,그는 더 이상 살아있지 않습니다.,record,False,False,True,False,TOPIC_CHECK,
Oblivion.esm,INFO,0001FDBE,,NAM1,0,,,"Then Aleron's death has been avenged. I told him that the gambling would lead to this, that foolish man. But he never listened.","그렇다면 그이의 죽음을 복수해 주신거군요. 매번 그 도박질이 이렇게 될거라고 했는데, 어리석은 사람 같으니. 전혀 듣지를 않았죠.",record,False,False,False,False,,
Oblivion.esm,INFO,0001FDBE,,NAM1,1,,,"Before you go, I have this for you. Aleron told me that if he ever got in trouble, this could be used to bail him out of jail.","가시기 전에, 이걸 받아 주시겠어요. 언젠가 알레론이 만약 자기가 감방에 잡혔을 때, 이게 자기를 빼내 줄 거라고 했었지요.",record,False,False,False,False,,
Oblivion.esm,INFO,0001FDBE,,NAM1,2,,,"He'll... not be needing it any longer, and I want you to have it. I'll not take no for an answer.","그이는... 이제 이게 더 이상 필요하지 않을테니, 당신이 가져 주셨으면 합니다. 거절의 대답은 듣고 싶지 않습니다.",record,False,False,False,False,,
Oblivion.esm,INFO,0001FDBE,,NAM1,3,,,"I know you did all you could, and for that, I thank you. Now, please... go in peace. I wish to be alone.","당신이 하실 수 있는 모든 걸 하셨으니, 이에 감사드립니다. 이제, 부디... 가 주시겠나요. 혼자 있고 싶습니다.",record,False,False,False,False,,
Oblivion.esm,DIAL,0001FDAA,MS08UrsanneSorry,FULL,0,,,"Sorry, Ursanne, he's dead.","미안합니다. 얼세인, 그는 죽었습니다.",record,False,False,True,False,TOPIC_CHECK,
Oblivion.esm,INFO,0001FDBD,,NAM1,0,,,"When I saw the grave look on your face, I knew something had happened to him. And what of that fetcher, Kurdan?","당신의 그 침통한 표정을 보니, 분명 그이에게 무슨 일이 생겼군요. 그리고 그 쓰레기같은 커단은 어떻게 됐나요?",record,False,False,False,False,,
Oblivion.esm,DIAL,0001FDAB,MS08AleronHunt,FULL,0,,,I have a boat nearby...,근처에 배가 있습니다...,record,False,False,True,False,TOPIC_CHECK,
Oblivion.esm,INFO,0001FDBC,,NAM1,0,,,Don't bother. The door to this place is now locked. The only way to get out is by decending into the Hunter's Run and killing the Hunters.,신경 안 써. 이 건물의 문은 모두 잠겼으니까. 유일한 방법은 밑의 사냥터로 내려가서 사냥꾼을 모두 죽이는 방법 뿐이네.,record,False,False,False,False,,
Oblivion.esm,INFO,0001FDBC,,NAM1,1,,,One of them will have the key to the door. That's Kurdan's rules. It's the only way we can win.,"저도 더 돕고는 싶지만, 전 싸울 줄 모릅니다. 일평생 무기를 들어본 적도 없어요. 부디... 여기서 살아 나가게 도와주십시오!",record,False,False,False,False,,
Oblivion.esm,INFO,0001FDBC,,NAM1,2,,,"I wish I could help more, but I can't fight. I've never held a weapon before in my life. Please... get us out of here!",그놈들 중 하나가 문 열쇠를 갖고 있을 겁니다. 그게 커단의 규칙이죠. 우리가 이길 유일한 방법입니다.,record,False,False,False,False,,
Oblivion.esm,DIAL,0001FDAC,MS08Hunt,FULL,0,,,Hunt,사냥,record,False,False,True,False,TOPIC_CHECK,
Oblivion.esm,INFO,0001FDB3,,NAM1,0,,,"I'm not a rich man, but if we get out of here alive, I'll do what I can to reward you.",난 부자가 아니라네. 하지만 만일 우리가 여기서 살아서 빠져 나간다면 자네에게 내가 할 수 있는 한 보답을 하겠네.,record,False,False,False,False,,
Oblivion.esm,INFO,0001FDBB,,NAM1,0,,,Kurdan doesn't make most of his money being a simple usurer. He also invented what he calls the Hunter's Run.,Kurdan은 단순히 고리대금업만으로 돈을 벌고 있었던 게 아니야. 그는 사냥 놀이를 생각해낸 거지.,record,False,True,False,False,MEDIUM,Kurdan
Oblivion.esm,INFO,0001FDBB,,NAM1,1,,,"People pay him a great deal of money to hunt and kill living human prey. No questions asked, and he takes care of the bodies.",사람들은 그에게 거금을 주고 인간을 대상으로 한 사냥과 살육을 제공받지. 물어 볼 필요도 없잖아? 그는 나중에 시체를 정리하는 거고.,record,False,False,False,False,,
Oblivion.esm,INFO,0001FDBB,,NAM1,2,,,He uses the dungeons under Fort Grief as the hunting grounds. I was placed here because he knew someone would go looking for me.,그는 이 요새를 사냥터로 사용하고 있어. 누군가 나를 찾고 있다는 것을 알고 있으니까 나를 여기에 일단 살려 둔 거지.,record,False,False,False,False,,
Oblivion.esm,INFO,0001FDBB,,NAM1,3,,,I'm sorry you got mixed up in all of this. I hope you can fight. It's our only chance of escaping alive.,"이 일에 연관하게 돼서 유감이네, 당신이 싸움은 할 줄 알기를 바래. 그것이 우리가 여기서 나갈 수 있는 유일한 기회일 테니.",record,False,False,False,False,,
Oblivion.esm,DIAL,0001FE63,CheydinhalTopic,FULL,0,,,Cheydinhal,셰이딘홀,record,False,False,True,False,TOPIC_CHECK,
Oblivion.esm,INFO,0004E885,,NAM1,0,,,"I could tell you our blacks are the fastest, toughest, most reliable horses in Cyrodiil.","우리 검은 말들이 시로딜에서 가장 빠르고 강하고, 믿음직하다고 말할 수 있지.",record,False,False,False,False,,
Oblivion.esm,INFO,0018D2FA,,NAM1,0,,,I can only hope that Farwil and his knights manage to close that Oblivion Gate. The fate of Cheydinhal hangs in the balance!,파윌(Farwil)과 기사단이 어떻게든 오블리비언 게이트를 닫기를 바라는 수 밖에 없소. 그들에게 Cheydinhal의 운명이 걸려 있소!,record,True,True,False,False,HIGH,"Farwil, Cheydinhal"
Oblivion.esm,INFO,0018D2FB,,NAM1,0,,,Count Indarys has ordered us to hold our positions until Farwil returns from inside that accursed Oblivion Gate.,"인더리즈(Indarys) 백작께서, 파윌(Farwil)이 저 저주받은 오블리비언 게이트로부터 돌아올 때까지, 각자 자리를 지키고 있으라 명령하셨소.",record,True,True,False,False,HIGH,"Indarys, Farwil"
Oblivion.esm,INFO,0018D2FC,,NAM1,0,,,"Business is bad with that damn Oblivion Gate outside of town. You think things can't get any worse, and then they do.","마을 밖의 오블리비언 게이트 때문에 경기가 말이 아니오. 상태가 더 나빠지지 않을 거라 생각할지 모르지만, 점점 더 심해지고 있소.",record,False,False,False,False,,
Oblivion.esm,INFO,0018D2FD,,NAM1,0,,,The whole town is on edge with that Oblivion Gate open just outside the walls.,마을 전체가 성 밖의 오블리비언 게이트 때문에 긴장하고 있소.,record,False,False,False,False,,
Oblivion.esm,INFO,0018D2FE,,NAM1,0,,,Everyone is waiting to see if Farwil and his knights return from inside that dreadful Oblivion Gate. Such brave lads!,파윌(Farwil)과 기사단이 저 무지막지한 오블리비언 게이트에서 돌아오기를 기다리고 있소. 정말 용감한 청년들이오!,record,True,True,False,False,HIGH,Farwil
Oblivion.esm,INFO,0004E889,,NAM1,0,,,"Tovas knows his horses, and I'll stay with him and these beautiful creatures. Forever.",Tovas는 말에대해 잘 알고 있지요. 나는 그와 이 아름다운 생물과 함께 살아갈 생각이에요. 언제까지나.,record,False,True,False,False,MEDIUM,Tovas
Oblivion.esm,INFO,0004E88B,,NAM1,0,,,"Here you have your Chapel-going Imperials, and your Chapel-dodging Dark Elves, and never shall the twain meet.",여기에는 절대 공존할 수 없는 두가지가 있어. 바로 성당 좋아하는 임페리얼과 성당 싫어하는 다크엘프라지.,record,False,False,False,False,,
Oblivion.esm,INFO,0004E88B,,NAM1,1,,,"The Imperials have the gold, houses, and top spots. Dark Elves like me left Morrowind and the whole priest-ridden Tribunal nightmare...","임페리얼들은 돈, 집, 직위를 다 갖고 있죠. 모로윈드에서 도망쳐온 저같은 다크 엘프에겐 끽해야 사제들이 사라진 삼신의 악몽만이 남고...",record,False,False,False,False,,
Oblivion.esm,INFO,0004E88B,,NAM1,2,,,... and we take the whole patriotic 'Imperial Mission' attitude with a dose of salt.,...그리고 우린 이 애국적인 '제국의 임무'라는 건 최대한 걸러 듣죠.,record,False,False,False,False,,
Oblivion.esm,INFO,0004E891,,NAM1,0,,,"The Count, Andel Indarys, is a Hlaalu parvenu, but his steward, Naspia Cosma, does her best to coach him on the finer points of Imperial etiquette.","백작, Andel Indarys는 Hlaalu의 벼락 출세자죠. 하지만 그의 집사, Naspia Cosma는 그가 임페리얼 에티켓을 지키도록 하는 것에 최선을 다하고 있어요.",record,False,True,False,False,MEDIUM,"Andel, Indarys, Hlaalu, Naspia, Cosma"
Oblivion.esm,INFO,0004E891,,NAM1,1,,,"Our most celebrated citizen is Rythe Lythandas, the famous painter. Speak to his wife, and she might let you take a peek into his studio.","우리의 가장 유명한 인사는 유명한 화가인, Rythe Lythandas죠. 그녀의 부인과 얘기해봐요, 그의 작업실을 보여줄 지도 모릅니다.",record,False,True,False,False,MEDIUM,"Rythe, Lythandas"
Oblivion.esm,INFO,0004E896,,NAM1,0,,,I'm retired from adventuring... but you might try the old mine they call 'Rickety Mine' out east along the Blue Road.,"난 모험에선 은퇴했어요... 하지만 당신은 Blue Road를 따라 동쪽 외부에 위치한, 사람들이 'Rickety Mine'이라 부르는 오래된 광산에 나설 수도 있겠죠.",record,False,True,False,False,MEDIUM,"Blue, Road, Rickety, Mine'"
Oblivion.esm,INFO,0004E896,,NAM1,1,,,Another possibility in that direction might be Kemen. It's an old Ayleid ruin.,그 방향에 있는 또 다른 가능성은 Kemen일 수도 있겠네요. 그건 오래된 Alyeid 유적이죠.,record,False,True,False,False,MEDIUM,"Kemen, Alyeid"
Oblivion.esm,INFO,0004E896,,NAM1,2,,,"You might also look at Quickwater Cave to the north. I cleared it out, but I haven't been there in years. It might have new tenants.","또 북쪽에선 Quickwater 동굴을 볼 수도 있어요. 내가 그곳을 정리했지만, 몇 년간 거기에 있었던 건 아닙니다. 새로운 거주자들이 생겼을 지도 모르죠.",record,False,True,False,False,MEDIUM,Quickwater
Oblivion.esm,INFO,000749EA,,NAM1,0,,,Treasure holes near Cheydinhal?  Not close by.,쉐이딘홀 근처에 보물 찾을 곳? 근처엔 없는데.,record,False,False,False,False,,
Oblivion.esm,INFO,000749EA,,NAM1,1,,,"Fort Naso and Fort Facian, though... bad news. Undead, and then some. But far out and foul enough, you'll get plenty of action.","Fort Naso와 Fort Facian이 있긴 한데... 재수없게도, 언데드같은 것들이 있거든요. 멀다는 것과 상당히 위험하다는 것만 제외하면, 충분한 대가를 얻을 수 있을 겁니다.",record,False,True,False,False,MEDIUM,"Fort, Naso, Fort, Facian"
Oblivion.esm,INFO,0004E89E,,NAM1,0,,,Imperials hate Dark Elves; Dark Elves hate Imperials. Imperials hate that a no-name Hlaalu trader got made into a count.,임페리얼과 다크엘프는 견원지간입니다. 무엇보다 임페리얼은 백작으로 임명된 Hlaalu의 무명 상인을 싫어하고 있어요.,record,False,True,False,False,MEDIUM,Hlaalu
Oblivion.esm,INFO,0004E89E,,NAM1,1,,,"Andel Indarys doesn't help his case by having a prat for a son, and a wife that dies in very suspicious circumstances.",Andel Indarys는 자신의 아들이 소란을 일으켜도 모른척 합니다. 영부인이 의심스런 죽음을 당해도요.,record,False,True,False,False,MEDIUM,"Andel, Indarys"
Oblivion.esm,INFO,0004E89E,,NAM1,2,,,"Our Dark Elves left Morrowind to get away from the Church and State, and they don't like it when Imperials get all holy and patriotic with them.",여기 다크엘프은 교회와 국가에서 벗어나고 싶어서 모로윈드를 떠난 것입니다. 그래서 임페리얼의 독실하고 애국적인 모습을 마음에 들어하지 않는거죠.,record,False,False,False,False,,
Oblivion.esm,INFO,0004E89E,,NAM1,3,,,"Of course, local Dark Elves tend to be money-grubbing, alcoholic low-brows with little education or culture.","그로인해, 지역 다크엘프는 돈 벌레가 되거나, 교육과 문화를 받아들이지 못하고 알코올 중독자가 되는게 태반입니다.",record,False,False,False,False,,
Oblivion.esm,INFO,0004E89E,,NAM1,4,,,"Since I read a lot, and speak well, and don't drink brandy from milk pails, I guess I qualify as an Imperial.","하지만 나는 달라요. 책을 많이 읽으며, 말도 잘하고, 우유통으로 브랜디를 마시는 일도 없기에 제국의 훌륭한 일반 시민의 자격이 있다고 생각해요.",record,False,False,False,False,,
Oblivion.esm,INFO,0004E89E,,NAM1,5,,,"But on the whole, I like Cheydinhal's Dark Elves better than I like the Imperials, so go figure....","그래도 대체로, 나는 임페리얼보다 쉐이딘홀의 다크 엘프가 더 좋아요. 인정하기 어렵지만... ",record,False,False,False,False,,
Oblivion.esm,INFO,0004E8A3,,NAM1,0,,,"Did you know we have the finest horses in Cyrodiil, right here in town? Black Waterside Stables... the best thoroughbred blacks.","이 도시에는, 시로딜 최고의 말이 있다는 걸 알고 있나요? 검은 물가의 마구간(Black Waterside Stables)... 최우수 혈통의 검정색 서러브레드입니다.",record,True,True,False,False,HIGH,"Black, Waterside, Stables"
Oblivion.esm,INFO,0004E8A5,,NAM1,0,,,I came here because I love nature. And because I didn't want to serve as a boot wizard in a mountain legion in Skyrim.,내가 여기로 온 것는 자연을 사랑하기 때문입니다. 게다가 스키림 산악 부대에서 신병 마법사로 일하고 싶지 않았습니다.,record,False,False,False,False,,
Oblivion.esm,INFO,0004E8A7,,NAM1,0,,,"I'm happy to be of service in any way I can, in any place I can. There are so many who need help, and so few to offer it.","내가 할 수 있는 어떤 방식으로든, 어떤 장소에서든 도움이 되서 행복합니다. 도움이 필요한 많은 사람들이 있어요. 대부분의 사람들이 도움을 못 받고 있고요.",record,False,False,False,False,,
Oblivion.esm,INFO,0004E8A9,,NAM1,0,,,It's a scandal that the Mages Guild has tolerated practice of the Black Arts among its members for so long.,놀라운 일입니다. 메이지 길드가 이렇게 오랫동안 회원들에게 흑마술의 사용을 용납해 왔다니.,record,False,False,False,False,,
Oblivion.esm,INFO,0004E8A9,,NAM1,1,,,"The current Arch-Mage, Hannibal Traven, is true and bold to prohibit necromancy, reversing the Guild's shameful past policies of official tolerance.","현 아크 메이지, Hannibal Traven은 한때 길드의 강령술공적용인법이라는 치욕스런 규율을 뒤집어 엎고, 정직하게, 그리고 대담하게 강령술을 금지하고 있습니다.",record,False,True,False,False,MEDIUM,"Hannibal, Traven"
Oblivion.esm,INFO,0004E8AA,,NAM1,0,,,"I closely supervise the priests and healers of Cheydinhal Chapel, so they might more closely approach the sacred ideals of our faith.",저는 쉐이딘홀 성당의 신부들과 힐러들을 엄중히 관리하고 있습니다. 그리하여 그들은 우리 신념의 숭고한 이상에 보다 더 가까이 다가갈 수 있을 것입니다.,record,False,False,False,False,,
Oblivion.esm,INFO,0004E8AD,,NAM1,0,,,Just look around. Is not Cheydinhal the model of civic rule? No... don't bow! I am just a humble servant of the people.,"그냥 주위를 둘러봐요. 쉐이딘홀이 시민 질서의 모델이 아닙니까? 아니... 고갤 숙이지 마세요! 난 단지 보잘 것 없는, 사람들의 봉사자입니다.",record,False,False,False,False,,
Oblivion.esm,INFO,0004E8AF,,NAM1,0,,,"To be frank, I'd prefer a career in the Arena to this paper-pusher's position.","솔직히 말해서, 이런 서류 정리보다 아레나에서 경력을 쌓고 싶습니다.",record,False,False,False,False,,
Oblivion.esm,INFO,0004E8B1,,NAM1,0,,,"You worship the Nine Divines, perhaps? Have they ever helped or harmed you? Of course not.","당신은 분명 나인 디바인을 숭배하는군요, 그렇죠? 그들이 당신을 도와주거나 해를 끼친 적이 있나요? 물론 없겠죠.",record,False,False,False,False,,
Oblivion.esm,INFO,0004E8B1,,NAM1,1,,,"Now, worship a Daedra Lord, and you get effects... bad ones, of course, but clear and measurable effects.","자, 데드라 군주를 숭배하세요, 그러면 효과가 있죠... 물론 나쁜 효과요... 하지만 분명하고 예측가능한 효과지요.",record,False,False,False,False,,
Oblivion.esm,INFO,0004E8B3,,NAM1,0,,,"Ra'qanar is your friend, no? Your servant? Whatever you require? Ra'qanar knows nothing... less, even. But Ra'qanar wishes to please.","Ra'qanar는 당신의 친구입니다, 아닌가요? 당신의 종인가요? 당신이 무엇을 요구하든지간에? Ra'qanar는 아무것도 몰라요... 전혀. 하지만 Ra'qanar는 기쁘길 바라죠.",record,False,True,False,False,MEDIUM,"Ra'qanar, Ra'qanar, Ra'qanar"
Oblivion.esm,INFO,0004E8B5,,NAM1,0,,,The Guild is going to hell in a hogcart. Look at what they give me? Keld of the Isles? Ohtimbar? Both Guardian rank? Phah! Useless.,여기 길드는 앞이 막막해. 나한테 해준게 뭐있어? Keld? Ohtimbar? 둘 다 가디언 등급이라고? 하! 쓸모도 없어.,record,False,True,False,False,MEDIUM,"Keld, Ohtimbar"
Oblivion.esm,INFO,0004E8B7,,NAM1,0,,,"I've settled down here. Nice place. A little slow, but it suits me. Burz gro-Khash is a bear sometimes, but I got thick skin. Doesn't bother me.","난 여기에 자리 잡았어. 좋은 곳이지. 좀 한가롭긴 하지만, 내게는 잘 맞거든. Burz gro-Khash는 좀 까칠한 면이 있지만, 이미 익숙해 졌고. 신경쓰지 않아.",record,False,True,False,False,MEDIUM,"Burz, gro-Khash"
Oblivion.esm,INFO,0004E8B9,,NAM1,0,,,"I worked the Arena in the Imperial City for a while. Got up to Gladiator, then took a powder. A guy could get hurt, you know.","한때 임페리얼 시티의 아레나에 있었지. Gladiator까지 올라가고 나서 내빼고 말았지. 자네도 알다시피, 다칠 수가 있거든.",record,False,True,False,False,MEDIUM,Gladiator
Oblivion.esm,INFO,0004E8BC,,NAM1,0,,,"I am the chapter head of the Cheydinhal Mages Guild. It is quite an honor... but they had no choice, since I'm the only semi-competent one here.","난 쉐이딘홀 메이지 길드 지부의 수장이네. 그건 정말 영광이지... 하지만 그들은 선택의 여지가 없었어, 그건 내가 여기에서 어느정도 능력있는 유일한 사람이기 때문이지.",record,False,False,False,False,,
Oblivion.esm,INFO,0004E8BE,,NAM1,0,,,"It's all right. The Guild here, that is. That's what you meant, right? It's fine. I'm doing fine here.","맞아요. 여기가 길드죠. 당신이 의미하는 게 그거죠, 맞죠? 좋습니다. 난 여기서 멋진 일을 하고 있어요.",record,False,False,False,False,,
Oblivion.esm,INFO,0004E8C0,,NAM1,0,,,"I'm very fond of Cheydinhal. It's where I met my love, Eilonwy. Our lives are quite long, and choosing the right partner is very important.","난 쉐이딘홀을 정말 좋아합니다. 내 사랑, Eilonwy를 만난 곳이거든요. 우리의 삶은 정말 길죠, 그래서 좋은 짝을 선택하는 게 매우 중요합니다.",record,False,True,False,False,MEDIUM,Eilonwy
Oblivion.esm,INFO,0004E8C2,,NAM1,0,,,"Perhaps it seems silly, but our love is the most important thing in all creation. Orintur and I spend all our time together, in the High Elf way.","분명 바보 같아 보이겠죠. 하지만 우리 사랑은 모든 창조물 중에서 가장 중요한 것입니다. Orintur와 난 우리의 온 시간을 함께 보냅니다, 하이 엘프 식으로요.",record,False,True,False,False,MEDIUM,Orintur
Oblivion.esm,INFO,0004E8C4,,NAM1,0,,,My progress through the ranks here will be slow. My prejudices against certain types of magic limit my chances for advancement.,이곳에서 저의 계급 상승은 느릴 겁니다. 특정 마법계통에 대한 나의 편견이 출세할 기회를 제한하고 있지요.,record,False,False,False,False,,
Oblivion.esm,INFO,0004E8C6,,NAM1,0,,,"Well, to be honest, I don't think we have much of a team in the Cheydinhal guildhall. We lack leadership, and individually, we aren't very skilled.","뭐, 솔직히 쉐이딘홀 지부는 잘 정리되어 있다고는 말할 수 없습니다. 그렇게 통솔되고 있지도 않고, 개별적으로는 그다지 숙달되어 있지도 않습니다.",record,False,False,False,False,,
Oblivion.esm,INFO,0004E8CA,,NAM1,0,,,"Look. A fly. Buzz, buzz. Hey. Look everybody! I'm talking to a fly! Buzz, buzz, buzz!","봐. 파리야. 윙윙, 윙윙. 이봐. 모두 보라구! 내가 파리랑 얘기하고 있어! 윙윙, 윙윙, 윙윙!",record,False,False,False,False,,
Oblivion.esm,INFO,0004E8CD,,NAM1,0,,,You stupid or something? What are you doing here? Go back where you came from. We don't like your kind here.,"너 멍청한 거야, 아님 뭐야? 여기서 뭐하는 거야? 어디서 왔는지 모르지만 돌아가. 너같은 녀석은 부른적 없으니까.",record,False,False,False,False,,
Oblivion.esm,INFO,0004E8CF,,NAM1,0,,,"You're not on my list. And that's all I have to say. If you were somebody, I'd know. But I don't, so you aren't.",당신은 목록에 없습니다. 그 밖에 할 말은 없습니다. 만약 당신이 유명인사라면 나도 알고 있을 겁니다. 하지만 그게 아니므로 당신은 해당사항이 없습니다.,record,False,False,False,False,,
Oblivion.esm,INFO,0004E8D1,,NAM1,0,,,He pays peanuts. And thinks it entitles him to chew us out 18 hours a day? Sometimes I wonder if I made a mistake coming here.,그는 푼돈 밖에 지불하지 않아. 그래놓고 하루 18시간동안 야단치고 꾸짓을 권리가 있다고 생각해? 가끔 난 여기 온게 실수가 아닌지 의심스러워.,record,False,False,False,False,,
Oblivion.esm,INFO,0004E8D3,,NAM1,0,,,"Lots of us Dark Elves came to Cyrodiil to get away from the Temple. We're sick of living under the thumb of the priests, and scraping by on the dole.",우리 다크엘프의 상당수는 교회로부터 도망쳐 시로딜로 왔어요. 사제들의 손아귀에 쥐여져 살고 쥐꼬리만한 수당을 받는데 진절머리 났거든요.,record,False,False,False,False,,
Oblivion.esm,INFO,0004E8D5,,NAM1,0,,,"Voranil got parties near about every night, and there's plenty of cooking and cleaning and preparing to be done. If you don't mind.","Voranil은 거의 매일 밤 파티를 열고 있어요. 즉 그말은, 요리에 청소에 여러가지 준비해야 할 것들이 산더미처럼 쌓여있다는 거에요. 당신만 괜찮다면요.",record,False,True,False,False,MEDIUM,Voranil
Oblivion.esm,INFO,0004E8D7,,NAM1,0,,,"It's a grand house, Riverside, and they have grand parties there. All the rich swongs and swells of the town come in. Leave a right mess, they do.",강변에 위치한 커다란 저택입니다. 거기서 성대한 파티를 벌이죠. 마을의 온갖 부잣집 딸이나 유명 인사들이 오구요. 그 다음엔 제대로 된 쓰레기장이 되죠.,record,False,False,False,False,,
Oblivion.esm,INFO,0004E8D9,,NAM1,0,,,"You got your people, and you got your dogs. Dogs are loyal and stupid. People are smart and devious. I'll stick with dogs.","인간이 있고, 개가 있지. 개는 우직하고, 인간은 약아빠졌어. 나는 개를 선택하겠어요.",record,False,False,False,False,,
Oblivion.esm,INFO,0004E8DB,,NAM1,0,,,What are you asking me for? Do I look like Vile's dog or something? Go on. Knit a doily or play a flute or something.,"나에게 뭔가를 요구하려는거요? 내가 Vile의 개같은거 처럼 보이나? 자 말해 보시오. 냅킨 장식 접기라든가, 아니면 플룻이라도 불어?",record,False,True,False,False,MEDIUM,Vile
Oblivion.esm,INFO,0004E8DD,,NAM1,0,,,"Boss uglies in Cheydinhal are the Orums. Don't mean nothing to you. You is the Outside. Just stay Outside, and everything's Mister Tinker. Got me?","Cheydinhal 뒷세계 보스는 Orums다. 너한텐 아무 의미도 없어. 넌 외부인이지. 그저 외부인, 완전 어리버리 샌님. 알아들어?",record,False,True,False,False,MEDIUM,"Cheydinhal, Orums"
Oblivion.esm,INFO,00020079,,NAM1,0,,,We are from Cheydinhal.,이 문장은 게임내의 테스트를 위한 것으로 번역을 생략합니다.,record,False,False,False,False,,
Oblivion.esm,DIAL,0001FE84,BravilTopic,FULL,0,,,Bravil,브라빌,record,False,False,True,False,TOPIC_CHECK,
Oblivion.esm,INFO,0018D2A6,,NAM1,0,,,I won't risk my Guard attacking that infernal Oblivion Gate. We'll hold the walls and hope for the best.,위험을 감수하면서까지 저 지옥 같은 오블리비언 게이트를 공격할 순 없소. 성을 지키고 있는 게 최선이길 바랄 뿐이오.,record,False,False,False,False,,
Oblivion.esm,INFO,0018D2A7,,NAM1,0,,,"The Count put the Guard on high alert. We'll be ready if the daedra decide to attack, don't worry.",백작님께서 데프콘 하나를 발령하셨소. 데이드라들이 들이닥쳐도 우린 끄덕 없소. 걱정 마시오.,record,False,False,False,False,,
Oblivion.esm,INFO,0018D2A8,,NAM1,0,,,We're all wondering when more of those evil Gates are going to open. I'd leave town if I dared.,앞으로 더 많은 악마의 게이트가 열릴까 걱정이오. 그렇게 되면 여길 떠날 것이오.,record,False,False,False,False,,
Oblivion.esm,INFO,0018D2A9,,NAM1,0,,,Didn't you see that Oblivion Gate just outside the walls? Mara preserve us from the fate of Kvatch!,"성 바로 외각의 오블리비언 게이트를 보았소? 마라(Mara)께서 지켜주시는 한, 크바치처럼 되지는 않을꺼요!",record,True,True,False,False,HIGH,Mara
Oblivion.esm,INFO,000488BA,,NAM1,0,,,You MUST have a fast horse! Travel quickly to ruined forts and caves nearby! It will pay for itself in precious time saved!,발 빠른 말을 가지고 있어야 해! 근처의 동굴과 폐허 성채로 이동시에 재빠르게! 그렇게 귀중한 시간을 절약할 수 있지요!,record,False,False,False,False,,
Oblivion.esm,INFO,000488BB,,NAM1,0,,,"The Count was once a tournament champion. Now he's a loafer and skirt-chaser. And his son, Gellius, is a spoiled good-for-nothing skooma-sucker.","백작은 한때 토너먼트 챔피언이었어요. 지금 그는 게으름뱅이에 여자 치마폭이나 쫓아 다니죠. 그리고 그의 아들, Gellius는 하등 쓸데없는 스쿠마 중독자랍니다.",record,False,True,False,False,MEDIUM,Gellius
Oblivion.esm,INFO,000488BC,,NAM1,0,,,"A local woman, Ursanne Loche, has a missing husband. She might appreciate some help from someone like you.","이 지역 여자 중에 Ursanne Loche라는 사람이 있는데, 그 여자의 남편이 실종됐다 하더군요. 그녀한텐 당신같은 사람의 도움이 필요할 겁니다.",record,False,True,False,False,MEDIUM,"Ursanne, Loche"
Oblivion.esm,INFO,000488BD,,NAM1,0,,,"My neighbor, Dro'shanji, is worried. He's seen creatures around the house lately. Why don't you talk to Dro'shanji, see if you can help?","제 이웃인, 드로샨지 씨가 좀 걱정되는군요. 최근에 집 주변에서 어떤 존재들을 봤다고 하던데요. 드로샨지 씨랑 얘기하셔서, 뭔가 도와드릴 게 있는지 알아보시는 건 어떠신가요?",record,False,False,False,False,,
Oblivion.esm,INFO,000488E4,,NAM1,0,,,Have you looked around? Bravil is Tamriel's cloaca. Silverhome is the only decent place in town. Don't know why I stay here.,근처를 돌아봤어요? 브라빌은 탐리엘의 마굴 같은 곳이죠. 은빛집(Silverhome)만이 이 마을의 유일하게 괜찮은 곳입니다. 내가 여기 왜 있는지도 모르겠군요.,record,True,True,False,False,HIGH,Silverhome
Oblivion.esm,INFO,000488F9,,NAM1,0,,,"It is a terrible responsibility, being Bravil's First Citizen of the Ale Tub, but I suffer under the burden like a Sure-Green Orc.","브라빌 Ale Tub의 제 1시민으로 있는 건 끔찍한 책임감을 지니지만, 나는 진정한 녹색 오크로써 그 부담감을 견뎌내고 있소.",record,False,True,False,False,MEDIUM,"Ale, Tub"
Oblivion.esm,INFO,000488FA,,NAM1,0,,,"What's a pretty young thing like me doing in this swamp town? I inherited the business from my late husband, and I aim to make it work.",나처럼 젊고 아름다운 여성이 이런 늪지대에서 뭘 하냐고요? 내 남편의 사업을 물려 받아서 그래요. 그리고 난 그 사업을 꼭 잘해나갈 겁니다.,record,False,False,False,False,,
Oblivion.esm,INFO,000488FB,,NAM1,0,,,There are two ruined forts south of Bravil. One is close to the road to Leyawiin. The other is out on a point of land that projects into Niben Bay.,"브라빌 남부에는 두 개의 폐 요새가 있습니다. 하나는 레이어윈으로 가는 길목에 있고, 다른 하나는 니벤만 쪽으로 솟아 있는 지역에 있죠.",record,False,False,False,False,,
Oblivion.esm,INFO,000488FC,,NAM1,0,,,I have nothing to say about the Count and his son. The rest of the town is a little rough. But I don't mind. I like it that way.,"백작과 그의 아들에 대해선 별로 할 말이 없습니다. 뭐, 이 마을의 분위기는 약간 거칠기는 하죠. 하지만 난 크게 신경 쓰지 않아요. 이대로가 마음에 드니까요.",record,False,False,False,False,,
Oblivion.esm,INFO,000488FD,,NAM1,0,,,"Mara guides and protects Bravil, like she protects any good family. Like any good family, we have our problems.","Mara께서는 브라빌을 이끌고 지켜주신다네. 선량한 가족이면 누구든지 지켜준다네. 어떤 가족이던지, 각자의 문제를 안고 있지.",record,False,True,False,False,MEDIUM,Mara
Oblivion.esm,INFO,000488FE,,NAM1,0,,,"I came to Bravil because Mara called me. Bravil is not my home. I miss Black Marsh. But I shall serve here, so long as Mara needs me.",내가 브라빌로 온 것은 Mara께서 나를 소환하셨기 때문입니다. 브라빌이 내 고향은 아니죠. 나도 Black Marsh가 그리워요. 하지만 나는 이 곳에서 포교활동을 할 겁니다. Mara께서 날 필요로 하는 한 말이죠.,record,False,True,False,False,MEDIUM,"Mara, Black, Marsh, Mara"
Oblivion.esm,INFO,000488FF,,NAM1,0,,,Uravasa and Marz leave me little to do here in Bravil. That leaves me free to devote my time to Mara's ministry throughout the Empire.,Uravasa와 Marz는 내가 여기 브라빌에서 할 일을 없게 만들어요. 그 덕분에 난 Mara의 말씀을 제국 전역에 전파할 수 있죠.,record,False,True,False,False,MEDIUM,"Uravasa, Marz, Mara"
Oblivion.esm,INFO,00048900,,NAM1,0,,,"My task is to know and love the people of Bravil as if they were my own children. If you have ever been a parent, you know what a challenge that is.",내 일은 브라빌 사람들을 마치 내 자식처럼 이해하고 사랑하는 것입니다. 만약 아이를 가진 적이 있다면 그것이 얼마나 큰 도전인지 알게 될 거에요.,record,False,False,False,False,,
Oblivion.esm,INFO,00048901,,NAM1,0,,,"Yes, yes, Count of Bravil. Are you a foreigner? Do yourself a favor. Learn the basics about the places you visit. There. Problem solved.","그래요, 그래. 내가 브라빌(Bravil)의 백작이요. 외지인 이시오? 좋아하는 걸 찾아보시오. 방문하는 곳의 기본적인 정보는 배우시오. 아무 문제 없소.",record,True,True,False,False,HIGH,Bravil
Oblivion.esm,INFO,00048902,,NAM1,0,,,The Count is too preoccupied with his pastimes to spend time on county affairs. So the burden lies on me.,백작은 자기의 지난 시절에 너무 얽매여 있어서 자신의 영지에 신경을 쓰지 못하고 있습니다. 그래서 그 업무의 가중은 나한테 돌아오고 있어요.,record,False,False,False,False,,
Oblivion.esm,INFO,00048903,,NAM1,0,,,Far be it from me to criticize my patron and sovereign. Bravil obviously flourishes under his wise and beneficent rule.,후원자나 군주의 비판을 할 생각은 털끝 만큼도 없소. 브라빌은 분명히 그의 현명하고 자비로운 통치하에서 번성하고 있소.,record,False,False,False,False,,
Oblivion.esm,INFO,00048904,,NAM1,0,,,"I was with the Count when he was young, and a shining star on the tournament path. I only wish he'd straighten his son out.",난 백작과 젊은 시절을 함께 보냈네. 토너먼트의 신성과도 같은 존재였지. 내 유일한 소망은 그가 자식을 바로 잡는 것 뿐일세.,record,False,False,False,False,,
Oblivion.esm,INFO,00048905,,NAM1,0,,,Yes. Bravil. How clever of you. You've already learned the name of the town and county. I see a great future for you in public service.,그래요. 브라빌입니다. 참으로 영민하군요. 벌써 이 도시와 영지의 이름을 알고 있다니. 당신의 공무에 있어서의 미래가 기대되는군요.,record,False,False,False,False,,
Oblivion.esm,INFO,00048906,,NAM1,0,,,The Renrijra Krin are Khajiit bandits and smugglers posing as guerillas and freedom fighters.,"Renrijra Krin은 카짓 강도 밀수단인데, 마치 게릴라 자유투사들인 척 하고 있지.",record,False,True,False,False,MEDIUM,"Renrijra, Krin"
Oblivion.esm,INFO,00048907,,NAM1,0,,,"The Count used to be a great man, but power and idleness have spoilt him. However, we remain loyal in memory of past kindnesses, and to serve Bravil.",한때 백작은 위대한 사람이었습니다. 하지만 권력과 나태가 그를 망쳤죠. 그렇지만 우리는 그의 옛 모습을 기리며 아직도 그에게 충성을 바치고 브라빌에 봉사하고 있어요.,record,False,False,False,False,,
Oblivion.esm,INFO,00048908,,NAM1,0,,,The Fighters Guild is good enough to encourage me in sharing the inner peace and spiritual harmony of the martial arts.,파이터 길드는 나로 하여금 무술의 내면의 평안과 정신의 조화를 이룰 수 있는 충분한 뒷받침이 되었소.,record,False,False,False,False,,
Oblivion.esm,INFO,00048909,,NAM1,0,,,"There's a lot of adventuring action from here south to Blackwood, and everyone comes to me with their gear.",여기 남부지역에서부터 Blackwood까지 다양한 모험 활동들이 이루어지고 있고 모두가 나에게 장비를 들고 찾아 오지.,record,False,True,False,False,MEDIUM,Blackwood
Oblivion.esm,INFO,0004890A,,NAM1,0,,,I take my duties as chapter head very seriously... unlike SOME guild mages. It infuriates me how casual some guild heads are about common civility.,"난 길드의 수장으로서의 임무에 진지하게 임하고 있습니다. 몇 몇 길드 마법사들과는 다르게 말이죠... 어떤 길드를 보면 길드장들도 공적인 자리에서 어찌나 경박하게 행동하는지, 난 그런 걸 보면 화가나 미칠 지경이에요.",record,False,False,False,False,,
Oblivion.esm,INFO,0004890B,,NAM1,0,,,I'm afraid I'm not very social. So I really don't know very much about the people here.,난 그다지 사교적이지 못해서 걱정이에요. 사실 여기 있는 사람들에 관해서도 잘 알지 못하거든요.,record,False,False,False,False,,
Oblivion.esm,INFO,0004890C,,NAM1,0,,,"Bravil is an important trade center, and a rich melting pot of Imperial, Khajiit, and Argonian cultures. And, yes, a bit shabby and shopworn.","브라빌은 중요한 무역 거점입니다. 그리고 임페리얼, 카짓, 아르고니안 문화가 한군데 모여있지요. 물론 좀 초라하고 더럽긴 하지만.",record,False,False,False,False,,
Oblivion.esm,INFO,00048912,,NAM1,0,,,"I love my work. Fire, frost, shock, poison... little presents for Kynareth's cute little woodland creatures.","난 내 일을 사랑해요. 불, 얼음, 번개, 독... Kynareth의 작고 귀여운 야생 동물들을 위한 작은 선물이죠. ",record,False,True,False,False,MEDIUM,Kynareth
Oblivion.esm,INFO,00048913,,NAM1,0,,,"Bravil? Good points? Cheap to live. Unpretentious. Free-wheeling. Bad points? Culturally, a hole. Count's a clown and his son's a skooma-sucker.","브라빌? 좋은 점? 생활비가 싸지. 소박하고. 자유분방함. 나쁜 점? 문화적인, 모순이지. 백작은 뜨내기에, 그 아들은 스쿠마 중독자라니... ",record,False,False,False,False,,
Oblivion.esm,INFO,00048914,,NAM1,0,,,"Old, worn, and wicked. Wet, wounded, and wild. Empty as the eastern horizon, dusk on the Niben. Solemn and bitter as the grave.","낡고, 초췌하고, 부패하기까지. 게다가 병들고 거칠고. 동부의 하늘처럼 공허한 니벤의 암적 존재. 무덤처럼 차갑고 고요한.",record,False,False,False,False,,
Oblivion.esm,INFO,00048915,,NAM1,0,,,"The Ayelid ruin of Anutwyll is nearby. I can spend a few days on site, then return here for the comforts of home and my library.","nutwyll Ayleid 유적이 근방에 있다네. 난 유적에서 몇일은 지낼수 있어. 그 뒤에 여기로 돌아와서, 서재와 집의 안락함을 느끼는 거지.",record,False,True,False,False,MEDIUM,"nutwyll, Ayleid"
Oblivion.esm,INFO,00048916,,NAM1,0,,,"Bravil is perhaps not so nice. But Bravil Castle, and castle gardens, they are jewels, are they not?","브라빌은 분명 썩 좋진 않을 겁니다. 그런데 브라빌 성과 정원은 호화롭죠, 그렇지 않은가요?",record,False,False,False,False,,
Oblivion.esm,INFO,00048917,,NAM1,0,,,"Well, perhaps, yes, one hears such things, what is one to believe? That S'krivva collects goods of untestable provenance? Pshaw. Rumors.","음, 분명, 그래요, 여기 뭔가가 있어요. 그게 믿을만한 걸까요? S'krivva는 출처를 알 수 없는 물건들을 수집합니까? 쳇. 소문이라구요.. ",record,False,True,False,False,MEDIUM,S'krivva
Oblivion.esm,INFO,00048918,,NAM1,0,,,Bravil perhaps presents little scope for an ambitious member of our guild. Perhaps you may find the castle entertaining. Little else.,브라빌은 우리 길드의 큰 뜻을 가진 멤버들에게 작은 망원경을 선물해줍니다. 재미로 성을 찾아볼 수도 있죠. 약간 다르게 말이죠.,record,False,False,False,False,,
Oblivion.esm,INFO,00048919,,NAM1,0,,,Ha! Members of the Thieves Guild in our fair town? What makes you think that? Never! Absurd! Such fine law-abiding citizens are we all!,하! 이 깨끗한 마을에 도둑 길드 사람이라니? 절대로! 말도 안돼요! 우린 전부 법 없이도 살 사람들이라구요!,record,False,False,False,False,,
Oblivion.esm,INFO,0004891D,,NAM1,0,,,"What? You have not eyes to see? The castle, of course! The only challenge worthy of a swift sneaker.","뭐라고? 네 눈은 장식이야? 성이야, 물론! 재빠른 좀도둑에게 있어 도전할만한 유일한 장소라고.",record,False,False,False,False,,
Oblivion.esm,INFO,0004891E,,NAM1,0,,,Excuse me. I stay to myself. I have always found the wrong sort of friends. Now I do without.,"유감이지만, 내가 남겠어요. 난 항상 나쁜 친구들을 보아왔어요. 이제 내가 직접 할 겁니다.",record,False,False,False,False,,
Oblivion.esm,INFO,0004891F,,NAM1,0,,,Other Bravil trainers? City-Swimmer teaches Sneak. Dro'shanji teaches Security. Varon Vamori teaches Speechcraft.,브라빌의 다른 트레이너요? City-Swimmer가 sneak을 가르쳐 줘요. Dro'shanji는 security를 가르쳐 주고요. 그리고 Varon Vamori는 speechcraft를 가르쳐 준답니다.,record,False,True,False,False,MEDIUM,"City-Swimmer, sneak, Dro'shanji, security, Varon, Vamori, speechcraft"
Oblivion.esm,INFO,00048920,,NAM1,0,,,"You are stupid, so I'll make myself clear... you are stupid. Go away. I don't want your blood and puke all over me.","멍청하긴... 내 입장을 명확히 하지. 넌 수준 이하야, 꺼지라고. 네 놈 피를 뒤집어 쓰는 일은 바라지 않아.",record,False,False,False,False,,
Oblivion.esm,INFO,00048921,,NAM1,0,,,"R'vanni just wants to get along. No trouble. Anything you want. R'vanni's know-nothing, good-for-nothing. Ask anyone. Just don't hurt R'vanni.",R'vanni는 단지 문제없이 지내고 싶을 뿐입니다. 당신이 알고 싶어하는 다른 것이요? 아무것도 몰라요. 모르는 게 좋은 거죠. R'vanni를 해치지 마세요.,record,False,True,False,False,MEDIUM,"R'vanni, R'vanni"
Oblivion.esm,INFO,00048922,,NAM1,0,,,"Been here. Right here! All day! Last night, too! I wasn't there! Not there at all! I can totally prove it! Ask anyone!","여기였어요, 바로 여기! 매일 늦은 밤! 난 그 곳에 없었다고요! 그 곳은 절대 아닙니다! 난 그걸 완벽하게 증명할 수 있어요! 다른 사람들에게 물어 보라구요!",record,False,False,False,False,,
Oblivion.esm,INFO,00048923,,NAM1,0,,,"Me? I got no problem with Bravil. Lovely town. That little prince, the count's boy, he's sweet with the sugar. EEEA-sy Street, all the way.","나 말이에요? 난 브라빌에서 아무 문제도 없었어요. 사랑스런 마을이죠. 백작님의 아이, 저 어린 왕자는 달콤하고요. EEEA-sy 거리에서, 내내 말이죠.",record,False,True,False,False,MEDIUM,EEEA-sy
Oblivion.esm,INFO,00020058,,NAM1,0,,,We are from Bravil.,이 문장은 게임내의 테스트를 위한 것으로 번역을 생략합니다.,record,False,False,False,False,,
Oblivion.esm,DIAL,0001FED9,MS08KurdanKey,FULL,0,,,But I won your game!,하지만 내가 이겼다!,record,False,False,True,False,TOPIC_CHECK,
Oblivion.esm,INFO,0001FEE5,,NAM1,0,,,Do you really think I could afford to let you leave here? The key you found is a fake. No prey has ever left this island alive.,진짜 그렇게 생각하나? 내가 너를 이곳에서 떠나게 해줄 거라고 생각해? 네가 찾은 열쇠는 가짜야. 그 누구도 이곳을 살아서 나갈 수는 없다구.,record,False,False,False,False,,
Oblivion.esm,INFO,0001FEE5,,NAM1,1,,,And I aim to keep it that way. You were right about one thing though...,그리고 그것이 내가 추구하는 방식이지. 한가지 사실을 빼고는 모두 맞는 말이지... ,record,False,False,False,False,,
Oblivion.esm,INFO,0001FEE5,,NAM1,2,,,"This IS my game, and I'm changin' the rules!",이것은 내 게임이야. 그리고 내가 그 룰을 바꾼다구!,record,False,False,False,False,,
Oblivion.esm,DIAL,0002005E,MQ07BeggarNeverMind,FULL,0,,,Never mind.,상관하지 마시오.,record,False,False,True,False,TOPIC_CHECK,
Oblivion.esm,INFO,00020092,,NAM1,0,,,Suit yourself. I'm sure it isn't anything important.,맘대로 하시오. 중요한 일이 아닌 모양이구려.,record,False,False,False,False,,
Oblivion.esm,DIAL,0002005F,MQ07BeggarPay,FULL,0,,,Would 5 gold jog your memory?,5골드면 기억이 나겠소?,record,False,False,True,False,TOPIC_CHECK,
Oblivion.esm,INFO,00020093,,NAM1,0,,,"Ah, it's coming back to me now. Yeah, seems I saw someone looking out the window at Jearl's house the other day.","아, 이제 생각이 나는군. 그래, 일전에 질(Jearl)의 집 창문에서 누군가를 본 것 같긴 하구려.",record,True,True,False,False,HIGH,Jearl
Oblivion.esm,INFO,00020093,,NAM1,1,,,Someone I'd never seen before. When Jearl wasn't home. You see what I mean?,생전 처음 보는 사람이었지. 질(Jearl)이 집에 없을 때 말이오. 내가 무슨 말 하는지 아시겠오?,record,True,True,False,False,HIGH,Jearl
Oblivion.esm,INFO,00020093,,NAM1,2,,,"Now, if you'll excuse me, all this talk has given me a powerful thirst. Thankee kindly.","자. 더 이상 날 귀찮게 하지 마시오. 얘기를 하니 몹시 목이 마르는구려. 이만 고마웠수, 친절한 양반.",record,False,False,False,False,,
Oblivion.esm,DIAL,00020060,JearlTopic,FULL,0,,,Jearl,질(Jearl),record,True,True,True,False,HIGH,Jearl
Oblivion.esm,INFO,000221F8,,NAM1,0,,,"She's just back from a trip south, they say. Haven't seen hide nor hair of her myself though. Stays indoors all day long, I guess.",그녀가 막 남쪽의 외출에서 돌아왔다고 들었소. 하지만 그녀의 코빼기도 보지 못했소. 종일 집에만 머물러 있는가 봐.,record,False,False,False,False,,
Oblivion.esm,DIAL,00020061,MQ07Strangers,FULL,0,,,Strangers in town,도시의 수상한 자들,record,False,False,True,False,TOPIC_CHECK,
Oblivion.esm,INFO,00020071,,NAM1,0,,,"Not that it's anybody's business, but I have noticed voices coming from Jearl's house. But I've never seen anybody but Jearl go in or out. Strange.","상관할 일은 아니지만, 질(Jearl)의 집에서 누군가의 얘기 소리를 들었소. 하지만, 누가 질(Jearl)의 집에 찾아오는 건 한 번도 본 적이 없단 말이오. 이상하지.",record,True,True,False,False,HIGH,"Jearl, Jearl"
Oblivion.esm,INFO,00020072,,NAM1,0,,,"Well, since I like you ... I think there's somebody staying with Jearl.",좋소. 당신은 믿을 만 하니까... 내 생각엔 누군가 질(Jearl)의 집에 머물고 있는 것 같소.,record,True,True,False,False,HIGH,Jearl
Oblivion.esm,INFO,00020072,,NAM1,1,,,"Never seen 'em, but I've heard her talking to someone, and I've seen somebody at the window when Jearl wasn't home.","누구인지 본적은 없지만, 분명히 그녀가 누군가와 얘기하는 것을 들었소. 질(Jearl)이 집에 없을 때, 창문에 누군가의 그림자를 본적도 있고.",record,True,True,False,False,HIGH,Jearl
Oblivion.esm,INFO,00020072,,NAM1,2,,,"None of my business, but since you asked ...","뭐, 내가 상관할 일은 아니지만, 당신이 물어보니까... ",record,False,False,False,False,,
Oblivion.esm,INFO,00020090,,NAM1,0,,,"Nothing comes to mind. Of course, my memory sometimes ain't what it used to be.","떠오르는 게 없구려. 물론, 요즘 내 기억이 왔다갔다해서 말이오.",record,False,False,False,False,,
Oblivion.esm,INFO,00038BC5,,NAM1,0,,,"Not on my watch. Captain Burd will know for sure, though. We all report to him.","내가 확인해 줄 수도 있지만, 그보다는 버드(Burd) 대장에게 보고가 모두 올라갔을 테니, 대장이 정확하게 알고 있을 것이오.",record,True,True,False,False,HIGH,Burd
Oblivion.esm,INFO,00020091,,NAM1,0,,,"Not that I can think of. People are mostly staying home, what with all the troubles in the world.","괜한 생각이에요. 요즘 대체로 사람들이 집안에만 있는데, 세상 모든 문젯거리가 여기에만 있겠어요.",record,False,False,False,False,,
Oblivion.esm,DIAL,00020062,MQ07BurdA,FULL,0,,,Jearl has a vistor.,질(Jearl)에게 방문자가 있었다.,record,True,True,True,False,HIGH,Jearl
Oblivion.esm,INFO,0002008F,,NAM1,0,,,Really? That is odd. I know for certain that she returned alone. I don't like it.,그게 정말이오? 이상하군. 확실히 그녀가 혼자서 돌아온 것으로 알고 있는데... 믿을 수 없군.,record,False,False,False,False,,
Oblivion.esm,INFO,0002008F,,NAM1,1,,,"Since you're working with Cloud Ruler Temple, I'm going to authorize you to search Jearl's house. I'll pass the word to my men. We won't interfere.","당신이 클라우드 룰러 사원과 일하는 한, 당신에게 질(Jearl)의 집을 수색할 권한을 드리겠소. 부하들에게도 얘기해 두겠소. 간섭하지 않을 꺼요.",record,True,True,False,False,HIGH,Jearl
Oblivion.esm,DIAL,00020063,MQ07ProgressAllDead,FULL,0,,,Both the spies are dead.,스파이 둘다 죽었다.,record,False,False,True,False,TOPIC_CHECK,
Oblivion.esm,INFO,00020081,,NAM1,0,,,"Excellent work. I knew I could count on you. The gods did not idly choose you as their agent, whatever you may think.","잘했네. 잘 해낼 줄 알았네. 자네가 어떻게 생각하든, 신이 자네를 선택한 건 헛되지 않았어.",record,False,False,False,False,,
Oblivion.esm,INFO,00020081,,NAM1,1,,,"But we have not eliminated the threat against Bruma and Cloud Ruler Temple, only delayed it. I will warn the Countess of the danger.",그러나 브루마(Bruma)와 클라우드 룰러 사원에 닥쳐올 위협이 제거된 것은 아니네. 어느정도 지연되었을 뿐. 백작부인에게 이 위험에 대해 알려야겠네.,record,True,True,False,False,HIGH,Bruma
Oblivion.esm,INFO,00020081,,NAM1,2,,,You should speak to Martin. I believe he has made some progress with the Mysterium Xarxes.,마틴께 여쭤보게. 자서스(Xarxes) 신비에 대해 뭔가 진전이 있으신 모양이네.,record,True,True,False,False,HIGH,Xarxes
Oblivion.esm,DIAL,00020064,MQ07ProgressPlans,FULL,0,,,[Show Jauffre Jearl's orders],[질(Jearl)의 명령서 보여주기],record,True,True,True,False,HIGH,Jearl
Oblivion.esm,INFO,00020084,,NAM1,0,,,This makes for grim reading. The Mythic Dawn did not take long to locate Martin again.,기분 좋은 글은 아니군. 미식 던(Mythic Dawn)이 마틴을 찾아내는게 그리 오래 걸리진 않을 것 같네.,record,True,True,False,False,HIGH,"Mythic, Dawn"
Oblivion.esm,INFO,00020084,,NAM1,1,,,The document speaks of two agents. You need to eliminate both of them.,이 문서에 따르면 두 명의 스파이가 있는 것 같군. 두 명 모두 없애버려야 하네.,record,False,False,False,False,,
Oblivion.esm,INFO,00020085,,NAM1,0,,,"Excellent work. I knew I could count on you. The gods did not idly choose you as their agent, whatever you may think.","잘했네. 잘 해낼 줄 알았네. 자네가 어떻게 생각하든, 신이 자네를 선택한 건 헛되지 않았군.",record,False,False,False,False,,
Oblivion.esm,INFO,00020085,,NAM1,1,,,But it is clear that Mankar Camoran will soon bring all his power to bear against Bruma. I will warn the Countess of the danger.,"하지만, 맨카 케모런이 곧 브루마(Bruma)를 침입하기 위하여 그의 모든 힘을 집결할 것이 틀림없네. 백작부인에게 이 위험을 알려야겠네.",record,True,True,False,False,HIGH,Bruma
Oblivion.esm,INFO,00020085,,NAM1,2,,,You should speak to Martin. I believe he has made some progress with the Mysterium Xarxes.,마틴께 여쭤보게. 자서스(Xarxes) 신비에 대해 뭔가 진전이 있으신 모양이네.,record,True,True,False,False,HIGH,Xarxes
Oblivion.esm,DIAL,00020065,MQ07ProgressDead,FULL,0,,,One of the spies is dead.,스파이 한명이 죽었다.,record,False,False,True,False,TOPIC_CHECK,
Oblivion.esm,INFO,00020082,,NAM1,0,,,Good. But there may still be more spies out there. You should continue to search for their base of operations in Bruma.,잘했네. 하지만 아직 드러나지 않은 스파이들이 남았을 것이네. 브루마(Bruma)의 그들의 근거지를 계속 찾아 주게.,record,True,True,False,False,HIGH,Bruma
Oblivion.esm,DIAL,00020066,MQ07ProgressNone,FULL,0,,,I have nothing new to report.,새로 보고할 게 없다.,record,False,False,True,False,TOPIC_CHECK,
Oblivion.esm,INFO,00020083,,NAM1,0,,,Very well. Keep looking. We must uncover those spies and find out what they know.,좋아. 계속 살펴봐 주게. 반드시 스파이들을 찾아내서 무엇을 알고 있는지 밝혀야 하네.,record,False,False,False,False,,
Oblivion.esm,INFO,00038FAD,,NAM1,0,,,You must eliminate both the Mythic Dawn agents in Bruma. We cannot allow them to continue to plot against us.,브루마(Bruma)의 미식 던(Mythic Dawn) 스파이들을 모두 제거해야 하네. 계속해서 음모를 꾸미게 둘 순 없어.,record,True,True,False,False,HIGH,"Bruma, Mythic, Dawn"
Oblivion.esm,DIAL,00020067,BurdTopic,FULL,0,,,Burd,버드(Burd),record,True,True,True,False,HIGH,Burd
Oblivion.esm,DIAL,00020068,MQ07SpiesResponse,FULL,0,,,I will find these spies.,스파이,record,False,False,True,False,TOPIC_CHECK,
Oblivion.esm,INFO,00020076,,NAM1,0,,,Thank you. Talk to Steffan. He can tell you where he has seen them.,고맙네. 스테판과 얘기해보게. 놈들을 어디서 봤는지 알려줄 걸세.,record,False,False,False,False,,
Oblivion.esm,INFO,00020076,,NAM1,1,,,Captain Burd in Bruma may also be able to help. I've asked the Countess to have the guard keep an eye out for strangers.,브루마의 버드 경비대장도 도움을 줄 걸세. 나는 백작 부인께 알려서 도시에 수상한 자들이 없는지 경계를 강화하도록 요청드리겠네.,record,False,False,False,False,,
Oblivion.esm,INFO,00020076,,NAM1,2,,,"Track down the spies and kill them. Find out what they know, and what they're plannning, if possible.","가능한 한, 스파이들을 모두 찾아내서 죽여버리게. 그들이 무엇을 알고 있는지, 또 무엇을 계획 중인지도 알아봐 주고.",record,False,False,False,False,,
Oblivion.esm,DIAL,00020069,MQ07Spies,FULL,0,,,Spies,스파이,record,False,False,True,False,TOPIC_CHECK,
Oblivion.esm,INFO,00020075,,NAM1,0,,,"Ah, yes. I hope you can help. The gate guards have reported seeing strangers on the road for the past several nights.","아, 그렇지. 자네가 수고 좀 해줘야겠네. 지난 몇 날 밤 동안 성문 경비병이 수상한 자들을 봤다고 보고해 왔네.",record,False,False,False,False,,
Oblivion.esm,INFO,00020075,,NAM1,1,,,"I cannot leave Cloud Ruler undefended while my men search the whole mountainside, but these spies must be eliminated.","적의 스파이일 가능성이 있네. 스파이는 제거되어야 하지만, 클라우드 룰러를 비워두고 대원들을 동원해 온 산을 다 뒤질 순 없지 않은가.",record,False,False,False,False,,
Oblivion.esm,INFO,00020077,,NAM1,0,,,"We always see them near the runestone at dusk. They aren't too woodcrafty, but Grandmaster Jauffre has forbidden us to range too far from the walls.","황혼 무렵, 룬스톤(runestone) 근처에 그들이 나타났네. 그들이 숲에서 일하는 자들이 아닌 건 분명하지만, 죠프리는 대원들에게 사원을 벗어나는 걸 금하셨어.",record,True,True,False,False,HIGH,runestone
Oblivion.esm,INFO,00020077,,NAM1,1,,,"But it seems that you have been given the freedom to attack the enemy that we all crave! Good luck. We will keep the Emperor safe here, don't worry.","그 말은 바로, 모두가 간절히 원하는, 적을 공격할 수 있는 자유를 자네가 가지게 되었다는 거지. 행운을 비네. 우리는 황제를 안전하게 모시고 있을 테니 걱정 말게.",record,False,False,False,False,,
Oblivion.esm,INFO,0002008D,,NAM1,0,,,"Except for Jearl coming back from a trip down south, things are pretty quiet. Not much travel right now with the Oblivion Crisis.",질(Jearl)이 남쪽으로 외출했다가 돌아온 것 외엔 아무 일도 없소. 오블리비언 위기 이후 여행객이 거의 없소.,record,True,True,False,False,HIGH,Jearl
Oblivion.esm,INFO,0002008D,,NAM1,1,,,"I've told my men to keep a sharp eye out, but I've had no reports of any strangers in town.","부하들에게 경계를 강화하도록 지시했소. 하지만, 수상한 자들에 대한 보고는 없었소.",record,False,False,False,False,,
Oblivion.esm,INFO,0002008D,,NAM1,2,,,What about you? Turned up anything suspicious?,당신 쪽은 어떻소? 수상한 점이라도 있었소?,record,False,False,False,False,,
Oblivion.esm,INFO,0002008E,,NAM1,0,,,Nothing new to report on my end. Have you uncovered anything suspicious?,내 쪽엔 새로운 보고가 없소. 수상한 점이라도 있소?,record,False,False,False,False,,
Oblivion.esm,INFO,00039302,,NAM1,0,,,"I trust that you'll handle things ... appropriately. The less I know about it, the better.",그런 건 알아서 처리하시오. 난 모르는 게 나을 것 같소.,record,False,False,False,False,,
Oblivion.esm,DIAL,000206A9,SE07ARuler,FULL,0,,,If you say so.,말씀대로 하겠습니다.,record,False,False,True,False,TOPIC_CHECK,
Oblivion.esm,INFO,00031622,,NAM1,0,,,"I do. I did. And I won't say it again. But, that's enough about that. You're the ruler of Dementia! Just look at you. You're positively beaming!",그렇게 말했지. 그렇게 말했네. 그리고 다시는 번복안해. 하지만 그걸로 충분해. 자네는 이제 디멘시아(Demetia)의 지배자라네. 자네 자신을 보게. 자네 몸에서 눈부신 광채가 나지 않는가!,record,True,True,False,False,HIGH,Demetia
Oblivion.esm,INFO,00031622,,NAM1,1,,,You now have the power to summon Dark Seducers. They've always served the Duke of Dementia. I think they have a thing for pain.,자네에게는 이제 다크 세듀서(Dark Seducer)를 소환할 수 있는 능력이 생겼네. 그애들은 디멘시아(Dementia)의 공작에게 언제나 충성을 다하지. 그애들이 적들을 좀 아프게 해줄 것일세.,record,True,True,False,False,HIGH,"Dark, Seducer, Dementia"
Oblivion.esm,INFO,00031622,,NAM1,2,,,"And here is the Ring of Lordship, a symbol of your new station. Symbols are important. They carry weight in this Realm, and others.",그리고 이 지배자의 반지를 받게. 자네의 새 지위에 대한 상징이라네. 상징은 중요하지. 이 영토와 백성들의 무게를 짊어지고 있으니 말일세.,record,False,False,False,False,,
Oblivion.esm,INFO,00031622,,NAM1,3,,,You would be well served to remember that.,그것만 기억한다면 자네 수하들은 자네를 잘 모실 것이네.,record,False,False,False,False,,
Oblivion.esm,INFO,000206BB,,NAM1,0,,,"Enough! I go to Jyggalag. I give myself to him, as a Priest of Order! This isn't done, Madgod. I think it's just started.","이제 다 됬어요! 전 지갈랙(Jyggalag)에게 갈겁니다. 그에게 이 몸을 투신해 질서의 사제(Priest of Order)가 되겠습니다. 끝난 것이 아닙니다, 광기의 신이시여! 이제 막 시작된 것이지요.",record,True,True,False,False,HIGH,"Jyggalag, Priest, of, Order"
Oblivion.esm,INFO,000206BC,,NAM1,0,,,No! Let him go!,그만둬! 보내주거라! ,record,False,False,False,False,,
Oblivion.esm,INFO,000206BD,,NAM1,0,,,"Yes. That's it. I'll go. Away. Far away. Working for them is like working for us, but without all the dying.",네. 바로 그겁니다. 전 가겠습니다. 멀리. 아주 멀리. 우릴 위해 일했듯 저들을 위해 일하겠습니다. 더군다나 전부 죽어 없어지지도 않지요. ,record,False,False,False,False,,
Oblivion.esm,INFO,000206BE,,NAM1,0,,,"Then go, Thadon. Have your Greenmote. Take a bath. But leave. Before I decorate my throne with your insides.","그럼 가게, 테이든(Thadon). Greenmot을 먹고 목욕도 하게. 하지만 떠나게. 내가 자네 뱃속에 있는 걸 전부 끄집어내서 내 옥좌를 치장하기 전에 말일세.",record,True,True,False,False,HIGH,"Thadon, Greenmot"
Oblivion.esm,INFO,000206BF,,NAM1,0,,,No. No. Certainly not. This isn't good. I'm sure it's bad. I can't do this anymore. No more. ,아닙니다. 아니예요. 확실히 아니죠. 좋지 않아요. 분명히 옳지 않습니다. 더 이상은 못 해먹겠군요. 더 이상은.,record,False,False,False,False,,
Oblivion.esm,INFO,000206C0,,NAM1,0,,,Change will preserve us! It is the lifeblood of the Isles. It will move mountains! It will mount movements!,변화가 우리를 구원할걸세! 변화는 이 섬의 생명이네! 변화는 산을 옮기고 바다를 가를 것이네!,record,False,False,False,False,,
Oblivion.esm,INFO,000206C1,,NAM1,0,,,"Order approaches! It's taken the Fringe already! With Order clothes and Order hats! And you speak of ""change""?","정화(Order)가 시작됬습니다!. 질서(Order)의 갑옷과 질서(Order)의 투구로 이미 섬 외곽이 뒤덮히기 시작했어요! 그런데도 ""변화""를 운운하십니까? ",record,True,True,False,False,HIGH,"Order, Order, Order"
Oblivion.esm,INFO,000206C2,,NAM1,0,,,"Fool? Visionary! Change is in the air, Thadon. Breathe it deep! Bathe in its scent! Bottle it up. Save some for later.","바보라고? 이 사람 지금 꿈꾸고 있구만! 지금 변화는 사방에 있네, 테이든. 깊게 들이마셔 봐. 자네를 감싸고 있는 걸 느껴봐. 잔에 부어서 마셔도 보게. 나중을 위해 좀 남겨두기도 하고. ",record,False,False,False,False,,
Oblivion.esm,INFO,000206C3,,NAM1,0,,,"Ridiculous! You can't do this! Although... you're omnipotent. Or just tall. It's one of the two, I'm sure. And a fool!",웃기는군요! 당신의 능력이 전능하시건 단순한 과장이건간에 이러실 수는 없는 겁니다! 분명 다음은 제 차례겠지요. 나도 참 바보로군!,record,False,False,False,False,,
Oblivion.esm,INFO,000206C4,,NAM1,0,,,"Calm yourself, Thadon. You're making my teeth itch. You still hold your office. I suggest you see to your duties.","닥쳐라, 테이든(Thadon). 너 때문에 이가 다 갈리는구나. 넌 아직 공작이지 않느냐. 네 분수가 뭔지 생각해 보거라. ",record,True,True,False,False,HIGH,Thadon
Oblivion.esm,INFO,000206C5,,NAM1,0,,,"But, this... stranger? Someone new? From somewhere else? Not here. I'm sure of that. I don't understand. Or I can't.",하지만....이런 이방인에게? 이딴 뜨내기에게? 어디서 온 지도 모르는 그런 자에게? 이건 아닙니다. 절대 아닙니다. 이해가 안되는군요. 아니면 이해를 못할 수도...,record,False,False,False,False,,
Oblivion.esm,INFO,000206CC,,NAM1,0,,,"Hold your tongue, little Duke, or I'll tear it from your mouth.","이런 미천한 자가, 혀를 조심해 놀려라. 계속 놀린다면 그 혓바닥을 입속에서 뽑아버리겠다.",record,False,False,False,False,,
Oblivion.esm,INFO,000206CD,,NAM1,0,,,Syl... my... Syl is dead? This can't be right. Is this right? What have you done? Have you done this?,실(Syl)....나의.....실(Syl)이 죽은 겁니까? 이건 말도 안되요....말이 되나?.....무슨 짓을 하신 겁니까? 왜 이런 짓을 벌리신 겁니까? ,record,True,True,False,False,HIGH,"Syl, Syl"
Oblivion.esm,DIAL,000223DE,LucienLachanceTopic,FULL,0,,,Lucien Lachance,루시엔 러찬스,record,False,False,True,False,TOPIC_CHECK,
Oblivion.esm,INFO,000253D9,,NAM1,0,,,"Lucien isn't here very often. His duties with the Black Hand keep him very busy, so he trusts me to keep the Sanctuary in order.",루씨엔은 여기에 자주오지 않는다네. 블랙핸드의 일로 매우 바쁘기 때문이지. 그는 내가 이곳의 질서를 잘 유지시키리라고 믿고 있네.,record,False,False,False,False,,
Oblivion.esm,INFO,000253DA,,NAM1,0,,,"When I first joined the family, this Sanctuary was controlled by another Speaker. Lucien took over when she was killed while fulfilling a contract.","내가 처음으로 이곳에 왔을떄, 이곳은 다른 스피커의 지역이었지. 하지만 그녀가 임무수행도중 죽고말자, Lucien이 이곳을 맡았어.",record,False,True,False,False,MEDIUM,Lucien
Oblivion.esm,INFO,000253DB,,NAM1,0,,,"I will always think of Lucien Lachance as my savior. When he found me, I was living in a gutter, an inch away from death. I owe him everything.","나는 언제나 루씨엔이 나의 구원자라고 생각해. 루씨엔이 나를 발견했을 때, 나는 죽음이 코앞이었던 부랑아였어. 나는 그에게 많은 빚을 졌지.",record,False,False,False,False,,
Oblivion.esm,INFO,000253DC,,NAM1,0,,,"Ocheeva and I have known Lucien since we were hatchlings. He is the one who trained us in the way of the Shadowscale, and is like a father to us.","오치바와 나는 해츨링일(막 부화한 상태) 시절부터 Lucien을 알고 지냈지. ShadowScale에서 우리를 훈련 시킨 것도 그였어. 그는 우리에게 아버지와 같은 존재야,",record,False,True,False,False,MEDIUM,"Lucien, ShadowScale"
Oblivion.esm,INFO,000253DD,,NAM1,0,,,"Actually, Lucien did not try to recruit me. Not at first. He tried to kill me. My father wanted me dead, and he hired the Dark Brotherhood to do it.","처음에 루씨엔은 날 받아들이려 하지 않았어. 사실, 날 죽이려고 했지. 우리 아버지는 내가 죽길 바랬거든. 그래서 다크브라더후드를 고용했지.",record,False,False,False,False,,
Oblivion.esm,INFO,000253DD,,NAM1,1,,,"I escaped from Lucien, and paid my father back for his treachery. Lucien came to me again that night with an offer I just couldn't refuse. "," 나는 루씨엔에게로 부터 도망쳤어, 그리고 아버지의 배신을 갚아줬지. 바로 그날, 루씨엔이 날 찾아왔어. 그리고 내가 거절하지 못할 제안을 했지.",record,False,False,False,False,,
Oblivion.esm,INFO,000253DE,,NAM1,0,,,"I once saw Lucien deal with an insubordinate Brother, someone who had broken the Tenets. It took me a week to get the blood off my boots.",나는 루씨엔이 말을 잘듣지 않는 어떤 '형제'를 다루는 걸 본적이 있어. 길드의 Tenets를 어긴 녀석이었지. 음... 내 부츠의 피를 닦아내는데 일주일이나 걸렸어.,record,False,True,False,False,MEDIUM,Tenets
Oblivion.esm,INFO,00005676,,NAM1,0,,,"When we confronted Lachance he tried to defend himself, tried to declare his innocence! But we would not hear his treacherous lies! ","우리가 Lachance와 마주쳤을 때, 그는 방어하려고 시도했었지. 자신의 결백함을 주장하면서 말이야! 하지만 우리는 그의 더러운 거짓말을 듣지 않았네.",record,False,True,False,False,MEDIUM,Lachance
Oblivion.esm,INFO,00005676,,NAM1,1,,,"As you can see, he was no match for the combined power of the Black Hand, even weakened as we are.","자네가 보다시피, 그는 단결된 블랙핸드의 힘 앞에 그는 약하기만 했네. 상대가 되지 못했지.",record,False,False,False,False,,
Oblivion.esm,INFO,00005677,,NAM1,0,,,Most of my time is now spent on administrative duties. I have not had blood on my hands in far too long! Killing Lachance was pure ecstacy.,"내 임무는 행정관리인데, 대부분의 시간을 이 일을 하는데 쓰지. 나는 오랫동안 내 손에 피를 묻히지 않아왔어. Lucien을 죽이는 것은 정말로 짜릿했네.",record,False,True,False,False,MEDIUM,Lucien
Oblivion.esm,INFO,00005678,,NAM1,0,,,"The four of us attacking him in unison was as graceful and beautiful as a ballet! The flashing of steel, the spraying of blood! ","우리 넷이 합일하여 Lucien을 공격한 것은 정말 우아하고 아름다웠네. 발레만큼이나! 번쩍이는 칼날, 흩뿌려지는 피! ",record,False,True,False,False,MEDIUM,Lucien
Oblivion.esm,INFO,00005679,,NAM1,0,,,You should take some time to admire his corpse. It really is a thing of beauty. The punctures and slashes are almost... poetic.,자네는 그의 시체에 경의를 좀 표하는게 좋을걸세! 정말 아름답지 않나! 찔린 상처와 찢어진 상처는 거의.... 시적이지. ,record,False,False,False,False,,
Oblivion.esm,INFO,00091219,,NAM1,0,,,"I... I don't even know what to say. How could we have been so wrong? Lucien tried to explain, but we wouldn't listen...","난... 난 무슨 말을 해야 할지 모르겠어요. 우리가 그렇게 잘못될 수 있었을까요? 루시엔이 설명하려고 했는데, 우리가 듣지 않았어요... ",record,False,False,False,False,,
Oblivion.esm,INFO,00091219,,NAM1,1,,,"But he is certainly in a better place now. Lucien Lachance's soul now serves Sithis in the Void. It is an honor he earned, and deserves.",하지만 그는 확실히 지금은 더 좋은 곳에 있습니다. Lucien Lachance의 영혼은 이제 공허한 곳에서 Sithis를 섬깁니다. 그것은 그가 노력하고 받을 만한 영광입니다.,record,False,True,False,False,MEDIUM,"Lucien, Lachance, Sithis"
Oblivion.esm,DIAL,000223DF,specialarrangement,FULL,0,,,Special arrangement,특별 배치,record,False,False,True,False,TOPIC_CHECK,
Oblivion.esm,INFO,000253D8,,NAM1,0,,,"The Dark Brotherhood is not in the business of staging deaths, no matter how much gold is offered. Sithis demands blood, and blood must be paid.","원래 다크브라더 후드는 죽음을 꾸며주는 곳이 아니네. 아무리 많은 금을 줘도 그런짓은 하지 않지. 시시스 께서는 피를 원하시고, 피는 반드시 뿌려져야만 한다네.",record,False,False,False,False,,
Oblivion.esm,INFO,000253D8,,NAM1,1,,,"In order to accept the contract, we demanded a life. Motierre offered his mother, and we accepted. Lucien has already taken care of that... detail.","이번 청부를 받아들이기 위해서, 우리는 댓가로 다른 생명을 요구했네. Motierre는 제물로 그의 어머니를 내놓더군. 우리는 이걸 받아들였다네. 그쪽 일은 Lucien이 이미 처리해 놨을걸세.",record,False,True,False,False,MEDIUM,"Motierre, Lucien"
Oblivion.esm,DIAL,00022419,ArenaChoice3B,FULL,0,,,Do not challenge the Champion.,챔피언에게 도전 안함.,record,False,False,True,False,TOPIC_CHECK,
Oblivion.esm,DIAL,0002241A,ArenaChoice3A,FULL,0,,,Challenge the Champion.,챔피언에게 도전.,record,False,False,True,False,TOPIC_CHECK,
Oblivion.esm,DIAL,0002246D,MG05Choice2B,FULL,0,,,I don't have it.,가지고 있지 않습니다.,record,False,False,True,False,TOPIC_CHECK,
Oblivion.esm,INFO,0001E85A,,NAM1,0,,,I suggest you deliver that book as soon as possible. Your recommendation depends on it.,그 책을 가능한 빨리 가져오기를 원하네. 자네의 추천장이 거기에 달려있어.,record,False,False,False,False,,
Oblivion.esm,INFO,00028C0A,,NAM1,0,,,Then why are we speaking? We have nothing to discuss unless you bring me that book. Now go away.,그렇다면 우리가 왜 대화하고 있지? 자네가 책을 가져오지 않으면 이야기할 것은 아무것도 없다네. 이제 사라지게.,record,False,False,False,False,,
Oblivion.esm,INFO,000224E6,,NAM1,0,,,Then why are we speaking? We have nothing to discuss unless you bring me that book. Now go away.,그렇다면 우리가 왜 대화하고 있지? 자네가 책을 가져오지 않으면 이야기할 것은 아무것도 없다네. 이제 사라지게.,record,False,False,False,False,,
Oblivion.esm,INFO,000277A9,,NAM1,0,,,"No? Are you quite sure? I would hate to think that you do, in fact, have the book, and simply have no intention of turning it over.",없다고? 정말인가? 책을 실제로 가지고 있으면서 넘기기 싫어 그런 것이라고는 상상하고 싶지는 않군.,record,False,False,False,False,,
Oblivion.esm,INFO,000277A9,,NAM1,1,,,"Very well. Should you happen to find it, it would be in the best interest of all for it to be secure here within the guild hall.",좋네. 찾게되면 그건 여기 길드홀에서 안전하게 보관되는 것이 최선이라는 것을 잊지 말게.,record,False,False,False,False,,
Oblivion.esm,INFO,000277AA,,NAM1,0,,,I see. Perhaps it's just as well. The book is best left in secret.,그런가. 어쩌면 그것도 나쁘지 않겠군. 책은 비밀로 남아있는 편이 좋아.,record,False,False,False,False,,
Oblivion.esm,INFO,000277AA,,NAM1,1,,,"If you were to know of its whereabouts, I trust that you would bring it to me immediately.","만약 그게 어디에 있는지 알게되면, 바로 나에게로 가져올거라 믿고 있겠네.",record,False,False,False,False,,
Oblivion.esm,DIAL,00022470,MG05Choice2A,FULL,0,,,Here's the book.,책이 여기 있습니다.,record,False,False,True,False,TOPIC_CHECK,
Oblivion.esm,INFO,0001E852,,NAM1,0,,,Finally. I shall see to it that the book is kept safe until the Council decides what should be done with it. ,드디어! Council이 이 책의 처분을 결정할 때까지 내가 안전히 보관하도록 해야겠소. ,record,False,True,False,False,MEDIUM,Council
Oblivion.esm,INFO,0001E852,,NAM1,1,,,"I shall also overlook your... transgression, and send a recommendation to the Arcane University.",자네의... 변절은 한번만 봐 주기로 하겠네. 그리고 아케인대학에 추천장도 보내두겠네.,record,False,False,False,False,,
Oblivion.esm,INFO,000224BA,,NAM1,0,,,"Ah, wonderful! I'll just take this from you, and get to work translating it. I'll need some time with this; come and find me tomorrow.",오 아주 멋져요! 제가 이걸 당신에게서 받아서 바로 번역을 시작하도록 하죠. 시간이 조금 걸릴 거에요. 내일 저를 보도록 해요.,record,False,False,False,False,,
Oblivion.esm,INFO,000224BA,,NAM1,1,,,"I'll be at the Grey Mare until I've finished my work. But please don't disturb me until I'm done; this is quite a delicate business, you see.",제가 번역을 마칠 때까지 Grey Mare에 있을 거에요. 그렇지만 제가 일을 끝낼 때까지 저를 방해하지 말아 주세요. 이건 꽤 섬세한 작업이라구요.,record,False,True,False,False,MEDIUM,"Grey, Mare"
Oblivion.esm,INFO,0001E853,,NAM1,0,,,"Is this an attempt at humor? If so, I am not amused. Produce that book immediately.","무슨 농담 입니까? 만약 그렇다면, 하나도 웃기지 않군요. 그 책을 당장 가지고 오세요.",record,False,False,False,False,,
Oblivion.esm,INFO,00028C03,,NAM1,0,,,"Ah, wonderful! I'll just take this from you, and get to work translating it. I'll need some time with this; come and find me tomorrow.","아, 멋지군요! 책도 받았으니, 바로 번역 작업에 들어가야겠어요. 시간이 필요한 일이니, 내일 다시 저를 찾아 오세요.",record,False,False,False,False,,
Oblivion.esm,INFO,00028C03,,NAM1,1,,,"I'll be here until I've finished my work. But please don't disturb me until I'm done; this is quite a delicate business, you see.",저는 제 일이 끝날때까지 여기에 있을 겁니다. 하지만 제가 일을 다 끝낼 때까지 방해하지 말아 주세요. 이건 꽤 섬세한 작업이랍니다.,record,False,False,False,False,,
Oblivion.esm,INFO,000224E7,,NAM1,0,,,"Either you're lying to me, or your feeble little mind has forgotten that you put it down someplace. I'm not amused. Go get the book.",당신이 저에게 거짓말을 하고 있거나 당신이 멍청히 어딘가에 놓고는 잊어 버렸던가. 두 가능성 다 별로 유쾌하지는 않군요. 가서 책을 찾아오세요.,record,False,False,False,False,,
Oblivion.esm,INFO,00023FF2,,NAM1,0,,,"Ah, yes. This is indeed the correct book. You've not been able to open it, I presume? Then all is well.",오 그래. 이 책은 확실히 진짜로군. 자네는 책을 펼칠 수 없었겠지? 그렇다면 아무 문제 없군.,record,False,False,False,False,,
Oblivion.esm,INFO,00023FF2,,NAM1,1,,,"You have shown yourself worthy of the guild, and for that I thank you. You shall have the recommendation you need.",자네는 길드에 자신의 가치를 증명했어. 잘해 주었네. 자네는 내 추천장을 받게 될거야.,record,False,False,False,False,,
Oblivion.esm,INFO,00023FF2,,NAM1,2,,,"Now, I must ensure this book is kept safe. Excuse me.","자, 나는 이제 이 책을 안전한 곳에 보관해야하니 이만 실례하겠네.",record,False,False,False,False,,
Oblivion.esm,INFO,00023FF5,,NAM1,0,,,"Ah, yes. This is indeed the correct book. You've not been able to open it, I presume? Then all is well.",오 그래. 이 책은 확실히 진짜로군. 자네는 이 책을 펼칠 수 없었겠지? 그렇다면 아무 문제 없군.,record,False,False,False,False,,
Oblivion.esm,INFO,00023FF5,,NAM1,1,,,"You have helped ensure that this book will remain safe from those who would misuse it. You have the Guild's thanks. Now, if you'll excuse me...","자네는 이 책이 다른 사람 손에 들어가 악용될 가능성을 막은거야. 길드를 대표해 감사를 표하네. 그럼, 이만  실례하겠어... ",record,False,False,False,False,,
Oblivion.esm,INFO,000240C5,,NAM1,0,,,"This is not a matter for levity. If you have truly found the book, I expect you to bring it here once you have possession of it.",이건 경솔히 처리할 일이 아니야. 막약 자네가 진짜로 책을 찾게 된다면 갖게 되자마자 여기로 가지고 돌아오게.,record,False,False,False,False,,
Oblivion.esm,DIAL,00022471,MG05Choice1B,FULL,0,,,No thank you.,"아니오, 필요 없습니다.",record,False,False,True,False,TOPIC_CHECK,
Oblivion.esm,INFO,000224E3,,NAM1,0,,,Hrmph. Very well. Good day.,흐응. 좋아요. 잘가세요.,record,False,False,False,False,,
Oblivion.esm,DIAL,00022472,MG05Choice1A,FULL,0,,,"Yes, I'm interested.","네, 흥미 있습니다.",record,False,False,True,False,TOPIC_CHECK,
Oblivion.esm,INFO,0001E854,,NAM1,0,,,"Excellent. It's a simple task, really - all you need to do is fetch a book for me.",아주 좋아요. 정말 간단한 일이에요 - 당신이 해야할 일은 저를 위해 책을 하나 찾아오는 것 뿐이에요.,record,False,False,False,False,,
Oblivion.esm,INFO,0001E854,,NAM1,1,,,"The book is entitled ""Fingers of the Mountain"" -- it is of no use to you; you won't be able to read it. I, however, can, and would very much like to.","책의 이름은 ""Fingers of the Mountain"" 이라고 해요. 당신에게는 쓸모가 없을거에요. 읽지 못할 테니까요. 하지만 저는 읽을 수 있어요.",record,False,True,False,False,MEDIUM,"Fingers, of, the, Mountain"
Oblivion.esm,INFO,0001E854,,NAM1,2,,,"You'll find it at an old ruin called Cloud Top. It's north of Chorrol, up in the mountains. I'm afraid I don't have an exact location.",당신은 그것을 코롤 북쪽 산위에 있는 Cloud Top 이라는 폐허에서 찾을 수 있을 거에요. 미안하지만 정확한 위치는 모르겠군요.,record,False,True,False,False,MEDIUM,"Cloud, Top"
Oblivion.esm,INFO,0001E854,,NAM1,3,,,Return it to me immediately when you have it. Make no mention of it to Teekeeus or anyone else in your guild. I will make it well worth your effort.,그것을 찾게 되면 즉시 저에게 가져오세요. Teekeeus나 다른 길드원에게는 이야기하지 말아요. 충분한 사례를 해드리겠어요.,record,False,True,False,False,MEDIUM,Teekeeus
Oblivion.esm,INFO,000224E4,,NAM1,0,,,"Excellent. It's a simple task, really - all you need to do is fetch a book for me.",아주 좋아요. 정말 간단한 일이에요 - 당신이 해야할 일은 저를 위해 책을 하나 찾아오는 것 뿐이에요.,record,False,False,False,False,,
Oblivion.esm,INFO,000224E4,,NAM1,1,,,"The book is entitled ""Fingers of the Mountain"" -- it is of no use to you; you won't be able to read it. I, however, can, and would very much like to.","책의 이름은 ""Fingers of the Mountain"" 이라고 해요. 당신에게는 쓸모가 없을거에요. 읽지 못할 테니까요. 하지만 저는 읽을 수 있어요.",record,False,True,False,False,MEDIUM,"Fingers, of, the, Mountain"
Oblivion.esm,INFO,000224E4,,NAM1,2,,,"You'll find it at an old ruin called Cloud Top. It's north of Chorrol, up in the mountains. I'm afraid I don't have an exact location.",당신은 그것을 코롤 북쪽 산위에 있는 Cloud Top 이라는 폐허에서 찾을 수 있을 거에요. 미안하지만 정확한 위치는 모르겠군요.,record,False,True,False,False,MEDIUM,"Cloud, Top"
Oblivion.esm,INFO,000224E4,,NAM1,3,,,"Once you've got the book, return it to me immediately. I assure you, it will be worth your time.",책을 찾게 되면 즉시 저에게로 돌아오세요. 충분한 보답을 약속하지요.,record,False,False,False,False,,
Oblivion.esm,DIAL,00022473,FingersoftheMountain,FULL,0,,,Fingers of the Mountain,핑거즈 오브 더 마운틴(Fingers of the Mountain),record,True,True,True,False,HIGH,"Fingers, of, the, Mountain"
Oblivion.esm,INFO,0001E851,,NAM1,0,,,Is the book safe? Do you have it?,책은 안전한가요? 당신이 가지고 있나요?,record,False,False,False,False,,
Oblivion.esm,INFO,0001E850,,NAM1,0,,,Have you recovered the book yet?,책을 되찾았나요?,record,False,False,False,False,,
Oblivion.esm,INFO,00028BFF,,NAM1,0,,,"Curious that you should inquire about it, as it has recently gone missing. You wouldn't happen to know anything about that, would you?","자네가 그것에 대해 묻다니 이상하군. 최근에 그것이 사라져 버렸는데, 그것에 대해 아는바가 전혀 없나?",record,False,False,False,False,,
Oblivion.esm,INFO,000285BF,,NAM1,0,,,The book is safe. That is all you need to know.,책은 안전하네. 자네가 알아야 할 것은 그것 뿐이야.,record,False,False,False,False,,
Oblivion.esm,INFO,00028C01,,NAM1,0,,,I have the book stored safely for now; I shall hold on to it until the Council decides what should be done with it. ,나는 지금 그 책을 안전히 보관하고 있네. council이 그 책의 처분에 대해 결정을 내릴 때 까지 내가 가지고 있을 생각이야. ,record,False,True,False,False,MEDIUM,council
Oblivion.esm,INFO,00028C02,,NAM1,0,,,The book is in safe hands for now; that is all you need to know.,현재 책은 안전한 곳에 있어. 자네는 그것만 알면 되네. ,record,False,False,False,False,,
Oblivion.esm,INFO,00028C04,,NAM1,0,,,Do you have it THIS time? Or did you decide to give it to another of my sworn enemies?,이번엔 가지고 있겠지요? 아니면 다른 내 적들에게 넘기기로 하였나요?,record,False,False,False,False,,
Oblivion.esm,INFO,00028C08,,NAM1,0,,,"I believe I've made myself more than clear. I want that book, and I expect you to clean up this little mess you've made.",제 생각엔 이미 제 입장을 명확히 밝힌것 같은데요. 저는 그 책을 원해요. 그리고 당신이 저지른 작은 소동을 스스로 수습하기를 기대하고 있어요.,record,False,False,False,False,,
Oblivion.esm,INFO,000285C0,,NAM1,0,,,Do you have the book this time?,이번엔 책을 가지고 있나?,record,False,False,False,False,,
Oblivion.esm,INFO,000240C3,,NAM1,0,,,"You've found the book? My trust in you was well-placed, it seems. Hand it over, if you please.","책을 찾았다고? 자네를 믿은 것은 역시 옳은 일이었어. 자, 나에게 넘겨주게나.",record,False,False,False,False,,
Oblivion.esm,INFO,000240C4,,NAM1,0,,,"Should you go looking for it, I hope that it would be for the sole purpose of bringing it here.","만약 그것을 찾으러 나가게 된다면, 그 목적이 다른게 아니라 그것을 여기로 가져오는 것이기를 빌겠네.",record,False,False,False,False,,
Oblivion.esm,INFO,0002A68A,,NAM1,0,,,"What? Not only does it exist, but she knows where it is? Well, this is unacceptable. That book needs to be in the safe-keeping of the Guild.",뭐라고? 그게 존재할 뿐만이 아니라 그녀가 그것의 행방을 알고 있다고? 그건 용납할수 없네. 그 책은 길드에서 안전하게 보관되어야해.,record,False,False,False,False,,
Oblivion.esm,INFO,0002A68A,,NAM1,1,,,"I trust that as a member of the Guild, you would do the right thing and acquire this text before Earana does.",길드의 일원으로써 자네가 옳은 선택을 해서 Earana가 그것을 가지기 전에 구해오기를 기대하겠네.,record,False,True,False,False,MEDIUM,Earana
Oblivion.esm,INFO,0002A68A,,NAM1,2,,,"Are we clear? Ignore her request, go to this place she has described, and return with the book. This is far more important than any petty squabble.","알아들었나? 그녀의 요청은 무시하고, 그녀가 알려준 장소로 가서 책을 찾아오게. 이건 어떠한 일보다 중요해.",record,False,False,False,False,,
Oblivion.esm,INFO,000236E5,,NAM1,0,,,"So Earana has ascertained the location of the book, has she? This is an unfortunate turn of events. She can't be trusted with it.",그래서 Earana가 책의 행방을 알아냈단 말인가? 이거 안좋군. 그녀는 믿지 못할 인물인데.,record,False,True,False,False,MEDIUM,Earana
Oblivion.esm,INFO,000236E5,,NAM1,1,,,"I would hope that any responsible citizen, if given the chance, would acquire the book and deliver it here, so that it may be properly looked after.",어떠한 책임감 있는 시민이라도 만약 기회가 닿아 책을 얻게 된다면 제대로 관리될 수 있는 이곳으로 가져올 것이라고 믿고 있네.,record,False,False,False,False,,
Oblivion.esm,INFO,000236E5,,NAM1,2,,,That book requires a great deal of care and security. I hope I am making myself clear.,그 책은 많은 주의와 보안이 필요하지. 내 말을 잘 알아들었을 거라 믿네.,record,False,False,False,False,,
Oblivion.esm,INFO,00022507,,NAM1,0,,,"As I've said, the only notes I've taken, I have given to you. The rest is only of interest to me, I assure you.","이미 말했듯이, 제가 쓴 유일한 노트는 당신에게 주었어요. 나머지는 장담하는데 제 관심사일 뿐이에요.",record,False,False,False,False,,
Oblivion.esm,INFO,00022507,,NAM1,1,,,"Oh, and do be careful with what I've given you. It's very valuable, but... well, slightly dangerous. You'll see what I mean.","오, 그리고 제가 준것을 조심하세요. 그건 매우 가치있지만... 뭐, 조금 위험하지요. 나중에 무슨 말인지 알게 될 거에요.",record,False,False,False,False,,
Oblivion.esm,INFO,0002250A,,NAM1,0,,,"I need more time to work on the translation. The more you bother me, the longer it's going to take.",저는 번역에 더 많은 시간이 필요해요. 당신이 저를 방해할 때 마다 시간은 길어지기만 할 뿐이라구요.,record,False,False,False,False,,
Oblivion.esm,INFO,000224E5,,NAM1,0,,,"It's a very old text, written in a language I'm sure you wouldn't understand. Don't worry about it -- just bring me the book.",그건 오래된 문서에요. 당신이 절대 알아볼 수 없는 언어로 쓰여져 있죠. 거기에 대해서는 걱정하지 말아요 -- 그냥 책을 저에게 가져오기만 해요.,record,False,False,False,False,,
Oblivion.esm,INFO,000253C6,,NAM1,0,,,"If Teekeeus says it's a myth, I have no reason to believe otherwise. Can you prove him wrong?","만약 Teekeeus가 그건 신화일 뿐이라고 말했다면, 전 그말을 믿지 않을 이유가 없어요. 당신은 그의 말이 틀렸다고 증명할 수 있나요?",record,False,True,False,False,MEDIUM,Teekeeus
Oblivion.esm,INFO,000253C8,,NAM1,0,,,"I've heard of it, but I don't really know what it is. Something about tapping into the power of the weather. Those Ayleids were pretty crazy.",저도 들어보기는 했지만 잘 알지는 못해요. 날씨의 힘을 건드린다라나 뭐라나. 그 Ayleid들은 꽤 맛이간 녀석들이라서.,record,False,True,False,False,MEDIUM,Ayleid
Oblivion.esm,INFO,000253CA,,NAM1,0,,,"Well, look at that! You should take that to Teekeeus right away - he'll want to see it.","오, 이럴수가! 당신은 빨리 그것을 Teekeeus에게 가져가는 것이 좋겠어요- 그가 보길 원할 거에요.",record,False,True,False,False,MEDIUM,Teekeeus
Oblivion.esm,INFO,000253CC,,NAM1,0,,,"I still don't believe it's real. If it was real, you'd have some sort of proof, right? Well, I don't see any proof.","난 아직 그게 진짜라고 믿어지질 않아요. 만약 그게 진짜라면, 당신은 그걸 입증할 증거를 가지고 있겠지요, 그렇죠? 그런데 하나도 보이지 않는군요.",record,False,False,False,False,,
Oblivion.esm,INFO,000253D5,,NAM1,0,,,"I've heard rumors, but they're nothing more than that. Imperials trying to harness the power of the Ayleids... they're not fools.",소문은 들은적이 있어요. 하지만 소문 그 이상은 아니라고 봐요. Ayleid의 힘을 통제하려는 Imperial들... 그들은 바보가 아니었다구요.,record,False,True,False,False,MEDIUM,"Ayleid, Imperial"
Oblivion.esm,INFO,0002C309,,NAM1,0,,,"Doesn't that have something to do with the Ayleids, and magical control over the weather? I think that's the rumor I heard.",그건 Alyeid와 관련된 것 아닌가요? 날씨를 조종하는 힘에 관한. 분명 소문에서는 그렇게 들었어요.,record,False,True,False,False,MEDIUM,Alyeid
Oblivion.esm,DIAL,00022474,MS48Choice2D,FULL,0,,,"No, not yet.","아니요, 아직은 안 됩니다.",record,False,False,True,False,TOPIC_CHECK,
Oblivion.esm,DIAL,00022475,MS48Choice2C,FULL,0,,,"Sorry, I can't help right now.","죄송하지만, 지금은 도울 수 없습니다.",record,False,False,True,False,TOPIC_CHECK,
Oblivion.esm,INFO,0001E8AB,,NAM1,0,,,"That's a real shame. With just a little help, I think we would have a chance. But I can't risk leaving the camp defenseless.",정말 유감이오. 조금만 도와준다면 기회가 있을 것이오. 하지만 난 캠프 방어를 떠나는 모험을 감수할 수 없소.,record,False,False,False,False,,
Oblivion.esm,DIAL,00022476,MS48Choice2B,FULL,0,,,I'm not ready yet.,아직 준비가 안 됐습니다.,record,False,False,True,False,TOPIC_CHECK,
Oblivion.esm,INFO,00028031,,NAM1,0,,,"The longer we wait, the smaller our window of opportunity. Get ready, and do it quickly. We've got to move soon.",지체할 수록 기회는 줄어들 것이오. 준비되는 대로 서둘러 주시오. 우리는 곧 이동해야 하오.,record,False,False,False,False,,
Oblivion.esm,DIAL,00022477,MS48Choice2A,FULL,0,,,I'm ready. Let's go.,준비 됐습니다. 갑시다.,record,False,False,True,False,TOPIC_CHECK,
Oblivion.esm,INFO,0001E8AC,,NAM1,0,,,For Kvatch!,크바치(Kvatch)를 위하여!,record,True,True,False,False,HIGH,Kvatch
Oblivion.esm,DIAL,00022478,MS48Choice1B,FULL,0,,,"No, I don't think so.","아니오, 생각 좀 해봐야겠습니다.",record,False,False,True,False,TOPIC_CHECK,
Oblivion.esm,INFO,00008B87,,NAM1,0,,,Then I suggest you head back to the safety of the encampment. I have no more time to talk.,안전을 위해 캠프로 돌아갈 것을 권하겠소. 난 이러고 있을 시간이 없소.,record,False,False,False,False,,
Oblivion.esm,INFO,0001E8AD,,NAM1,0,,,That's what the Empire has come to. I doubt any of the other cities will be sending us aid either. Every man for himself these days.,이게 대체 무슨 난린지 모르겠소. 지원군을 보내올 성이 있을 것 같지도 않소. 각자 스스로 알아서 할 뿐.,record,False,False,False,False,,
Oblivion.esm,DIAL,00022479,MS48Choice1A,FULL,0,,,I'll do whatever I can.,할수 있는한 뭐든지 하겠습니다.,record,False,False,True,False,TOPIC_CHECK,
Oblivion.esm,INFO,00028030,,NAM1,0,,,"I don't know how to close this Gate, but it must be possible, because the enemy closed the ones they opened during the initial attack.",게이트를 닫아야 하오. 아직은 방법을 모르지만 틀림없이 닫을 수 있소. 공세가 시작될 때 놈들이 닫는 것을 본적이 있소.,record,False,False,False,False,,
Oblivion.esm,INFO,00028030,,NAM1,1,,,"You can see the marks on the ground where they were, with the Great Gate right in the middle.",놈들이 있던 곳에 중앙이 거대한 출입구인 바로 그 게이트를 볼 수 있을 것이오.,record,False,False,False,False,,
Oblivion.esm,INFO,00028030,,NAM1,2,,,"I sent men into the Gate, to see if they could find a way to shut it. They haven't come back.",게이트를 닫으려고 부하들을 게이트 안으로 들여보냈소. 하지만 그들은 돌아오지 않았소.,record,False,False,False,False,,
Oblivion.esm,INFO,00028030,,NAM1,3,,,"If you can get in there, find out what happened to them. If they're alive, help them finish the job. If not, see what you can do on your own.","그곳에 가면 그들을 찾아보시오. 그들이 살아있으면 그들과 함께 방법을 찾아보시오. 아니면, 스스로 찾아보시오.",record,False,False,False,False,,
Oblivion.esm,INFO,00028030,,NAM1,4,,,"The best I can say is, good luck. If you make it back alive, we'll be waiting for you.",해줄 수 있는 말은 행운을 빌겠단 말 뿐이오. 살아서 돌아오기를 바라겠소.,record,False,False,False,False,,
Oblivion.esm,DIAL,0002247C,barricade,FULL,0,,,test,시험,record,False,False,True,False,TOPIC_CHECK,
Oblivion.esm,DIAL,0002247D,Daedra,FULL,0,,,Daedra,데이드라,record,False,False,True,False,TOPIC_CHECK,
Oblivion.esm,DIAL,0002247E,SavlianMatiusTopic,FULL,0,,,Savlian Matius,사빌리언 마티우스(Savlian Matius),record,True,True,True,False,HIGH,"Savlian, Matius"
Oblivion.esm,INFO,001778CD,,NAM1,0,,,You'll find him at the barricade at the top of the road. He's still trying to hold what's left of the Guard together.,길 맨 위의 바리케이트에 있을 거요. 남은 경비대와 함께 여전히 고군분투하고 있소.,record,False,False,False,False,,
Oblivion.esm,DIAL,0002247F,MS17Choice1B,FULL,0,,,"No, it's a bad idea.","아니, 좋은 생각이 아니군요.",record,False,False,True,False,TOPIC_CHECK,
Oblivion.esm,DIAL,00022480,MS17Choice1A,FULL,0,,,"Yes, go for it.","그래, 잘해보시오.",record,False,False,True,False,TOPIC_CHECK,
Oblivion.esm,DIAL,00022481,JirolinDoranTopic,FULL,0,,,Jirolin Doran,지롤린 도란(Jirolin Doran),record,True,True,True,False,HIGH,"Jirolin, Doran"
Oblivion.esm,DIAL,00022482,SpyRock,FULL,0,,,Spy Rock,첩보 바위(Spy Rock),record,True,True,True,False,HIGH,"Spy, Rock"
Oblivion.esm,DIAL,00022486,ValusOdiilTopic,FULL,0,,,Valus Odiil,발러스 오딜(Valus Odiil),record,True,True,True,False,HIGH,"Valus, Odiil"
Oblivion.esm,INFO,000224AA,,NAM1,0,,,"We'll have to break the news to him that Antus didn't make it. He fought bravely, and father will respect that.","우린 Antus가 죽었다는 소식을 아버지에게 알려야할 겁니다. 그는 용감하게 싸웠고, 아버지는 이해해 주실겁니다.",record,False,True,False,False,MEDIUM,Antus
Oblivion.esm,INFO,000B6C06,,NAM1,0,,,I have the highest respect for my father... I just wish he could have seen us cross blades with the enemy.,전 아버지를 가장 존경합니다... 다만 우리가 적들을 향해 검을 휘두르는 모습을 지켜봐 주셨으면 하는 거죠.,record,False,False,False,False,,
Oblivion.esm,INFO,000224AC,,NAM1,0,,,"He is not coming with us? I think I understand, and it is better that he remain safe. Though I wonder why he has asked you to take his place.",우리에게 오지 않는다구요? 이해할수 있습니다. 아버지가 안전하게 남아 계신 게 더 낫겠네요. 당신을 대신 보낸 이유가 궁금하긴 하지만 말이죠.,record,False,False,False,False,,
Oblivion.esm,INFO,000224AC,,NAM1,1,,,"You would join us, though you have no personal stake in this fight? An honorable deed... I gladly accept your help, then.",당신과 무관한 싸움임에도 함께 해준다는겁니까? 훌륭한 결정이군요 ... 그럼 기쁘게 받아들이겠습니다.,record,False,False,False,False,,
Oblivion.esm,INFO,000224AC,,NAM1,2,,,There's no point in waiting here any longer. Follow me!,더 이상 여기서 기다릴 이유가 없군요. 날 따라오세요!,record,False,False,False,False,,
Oblivion.esm,INFO,000224AE,,NAM1,0,,,"If my father is not at home, he should be in the Grey Mare. He is supposed to come with us.","아버지가 집에 계시지 않는다면, 회색의 암말(Grey Mare)에 계실 겁니다. 그는 우리와 합류하기로 되어 있어요.",record,True,True,False,False,HIGH,"Grey, Mare"
Oblivion.esm,INFO,000B6C10,,NAM1,0,,,Father will be so proud of us... but I wish he'd been here.,아버진 우릴 대단히 자랑스러워하실 거야... 하지만 난 그가 여기에 있길 바랬어.,record,False,False,False,False,,
Oblivion.esm,INFO,000224B9,,NAM1,0,,,What do you mean he's not coming? He told YOU to come with us instead? Has he no honor?,아버지가 오지 않는다고? 대신 너보고 같이 가라고 말했다고? 아버진 명예도 없는 거야?,record,False,False,False,False,,
Oblivion.esm,INFO,000224CD,,NAM1,0,,,"He's the best fighter you'll ever meet, and as soon as he gets here, we'll be off. Just wait; you'll see.",아버진 누구보다 훌륭한 전사라고. 그가 여기 도착하자마자 출발할테니 조금만 기다려봐. 곧 만나게 될 테니.,record,False,False,False,False,,
Oblivion.esm,DIAL,00022487,Creatures,FULL,0,,,Creatures,괴물들,record,False,False,True,False,TOPIC_CHECK,
Oblivion.esm,INFO,0002B8DF,,NAM1,0,,,"Aye, we've heard the old man's story. Nothing to back it up, though, except the word of those two kids of his. No real evidence.","아-예, 우리도 그 노인의 얘기를 들었죠. 그렇긴 하지만, 그 양반 아들들의 말을 제외하곤, 뒷받침할 만한 게 없단 말이죠. 진짜 증거가 없어요.",record,False,False,False,False,,
Oblivion.esm,INFO,0002B8DF,,NAM1,1,,,"Even if it was true, it's out in the forest somewhere. We need to keep what's inside the town walls safe, not go running around outside them.","설사 그게 사실이라 치더라도, 그건 숲 속 어딘가에서 일어난 외부 일입니다. 우린 마을 안에서 마을의 안전을 지켜야 해요, 밖을 돌아다니는 게 아니란 말입니다. ",record,False,False,False,False,,
Oblivion.esm,INFO,000B6C07,,NAM1,0,,,"Foul things, they deserve the death you've brought them.","불쾌한 것들, 그것들은 죽어야 마땅해.",record,False,False,False,False,,
Oblivion.esm,INFO,000224AD,,NAM1,0,,,"Please, hurry so you can accompany my sons. They're probably waiting at Weynon Priory by now.","제발, 내 아들들과 함께 갈 수 있도록 서둘러 주시게. 지금쯤 그 애들은 필시 Weynon 수도원에서 기다리고 있을 것이네.",record,False,True,False,False,MEDIUM,Weynon
Oblivion.esm,INFO,000224AF,,NAM1,0,,,Rallus knows why we have to be the ones to get rid of them. Antus... he's another story.,Rallus는 우리가 그것들을 쫓아내야하는 이유를 알고 있다네. Antus는... 그 아이에겐 다른 이야기지.,record,False,True,False,False,MEDIUM,"Rallus, Antus"
Oblivion.esm,INFO,000224AF,,NAM1,1,,,"He's a good boy, but he's hot-headed. Keep a close eye on him, will you?","그 앤 좋은 아이야. 하지만 다혈질이지. 그 애 가까이에서 눈을 떼지 마시게, 그래 주겠나?",record,False,False,False,False,,
Oblivion.esm,INFO,000224B4,,NAM1,0,,,"For the last few days, we've suffered attacks from these creatures at our farm not far from Chorrol.","지난 몇 일 동안, 우린 Chorrol에서 멀리 떨어지지 않은 우리 농장에서 이 생물체들의 공격을 겪어 왔네.",record,False,True,False,False,MEDIUM,Chorrol
Oblivion.esm,INFO,000224B4,,NAM1,1,,,"They're coming from someplace in the Great Forest. I don't know where, but Rallus may know more by now.","그것들은 Great Forest에 있는 어떤 장소에서 온 것 같아. 난 어딘지 모르지만, Rallus는 지금쯤이면 더 알고 있을 지 몰라.",record,False,True,False,False,MEDIUM,"Great, Forest, Rallus"
Oblivion.esm,INFO,000224B4,,NAM1,2,,,My boys will take up the fight even if the guards won't. Doesn't matter if it's outside the town walls - it still affects us all.,"마을 경비병들이 하려고 하지 않기 때문에, 내 아이들이 싸우려고 한다네. 마을 외부의 일이라는 건 문제가 되지 않아. 우리 모두에게 영향을 준단 말일세.",record,False,False,False,False,,
Oblivion.esm,INFO,000224B4,,NAM1,3,,,"They expect me to go with them, but...  I fear in my old age, I'm not the warrior I once was. Would you... would you go in my place?","그 아이들은 내가 함께 가 주길 기대하고 있지. 하지만... 난 내 늙은 나이가 두렵네. 난 전사가 아닐세, 한때는 그랬지. 자네가.. 자네가 내 대신 가주겠나?",record,False,False,False,False,,
Oblivion.esm,INFO,000B6C0F,,NAM1,0,,,Ha! I knew they couldn't stand up to us!,하! 난 그것들이 우리에게 맞설 수 없다는 걸 알았다구요!,record,False,False,False,False,,
Oblivion.esm,INFO,000224C4,,NAM1,0,,,"I think I'm ready for this, but I worry about Antus. He's never seen a fight like this before.","난 준비가 됐다고 생각해요, 하지만 내가 걱정하는 건 Antus입니다. 그 앤 이같은 싸움을 예전에 겪어보지 않았거든요.",record,False,True,False,False,MEDIUM,Antus
Oblivion.esm,INFO,000224CE,,NAM1,0,,,"They began raiding our farm a few days ago. There are more now, and I have no idea where they're coming from.",그것들은 몇 일 전부터 우리 농장을 습격하기 시작했습니다. 지금은 더 하구요. 난 그것들이 어디에서 오는지 모르겠어요.,record,False,False,False,False,,
Oblivion.esm,INFO,000224CE,,NAM1,1,,,"It's our duty to protect our own, even if others will do nothing. Father taught us that much, and we won't back down from a fight.","다른 이들이 아무 것도 안할 지라도, 우리 것을 지키는 건 우리의 의무입니다. 아버진 그만큼 가르치셨고 우린 싸움에서 물러서지 않을 거에요.",record,False,False,False,False,,
Oblivion.esm,INFO,000224CE,,NAM1,2,,,"The guards claim there's no evidence of them, so they won't lift a finger. That's why we have to be the ones to deal with them.",경비병들은 증거가 없다고 주장하죠. 그러니 그들은 손 하나 까닥 안 할 겁니다. 그게 우리가 그것들을 처리해야 하는 이유입니다.,record,False,False,False,False,,
Oblivion.esm,DIAL,000224E8,RufioTopic,FULL,0,,,Rufio,루피오(Rufio),record,True,True,True,False,HIGH,Rufio
Oblivion.esm,INFO,000272AC,,NAM1,0,,,"Know that Rufio is old and weak, and sleeps his days away. You could kill him before he even has a chance to wake. If you so choose.                ",Rufio는 허약한 늙은이라네.  자면서 나날을 보내고 있지. 자네는 그가 일어나기도 전에 그를 죽일 수 있을게야. 자네가 그렇게 하기로 결정했다면 말일세.,record,False,True,False,False,MEDIUM,Rufio
Oblivion.esm,INFO,000272AD,,NAM1,0,,,Rufio lies dead. Well done. The family will now welcome you with open arms.,이제 Rufio는 죽어누워있네. 가족들은 팔을 벌리고 자네를 환영할것이야.,record,False,True,False,False,MEDIUM,Rufio
Oblivion.esm,INFO,00023DD3,,NAM1,0,,,"Rufio? He's an old codger. Been living here for a couple weeks now. If you ask me, he's hiding from something. But what do I care? He pays his tab.","루피오? 그는 늙고 괴팍한 사람입니다. 여기에 몇 주 동안 살고 있습니다. 내게 묻으신다면 , 그는 무언가로부터 숨어 지냅니다. 하지만 제가 무슨 상관 있습니까? 그는 요금을 지급하니까요.",record,False,False,False,False,,
Oblivion.esm,INFO,00023DD3,,NAM1,1,,,"His room is downstairs, in what I like to call the Private Quarters. Use that hatch in the floor over there. But don't expect a warm reception.","그의 방은 아래층에, 개인공간이라고 부르는 곳에 있습니다. 저기 바닥에 있는 해치를 사용하세요. 하지만 반기지는 않을 것 입니다.",record,False,False,False,False,,
Oblivion.esm,INFO,00023DD4,,NAM1,0,,,"Not a lot to tell. He doesn't much like company, and spends most of his time in his room. Manheim thinks he's hiding out from someone.","말할게 별로 없군요. 그는 별로 친구가 없는 것 같고, 그의 방에서 대부분의 시간을 보냅니다. Manheim은 그가 누군가로부터 숨어 지내는 것이라고 생각했습니다.",record,False,True,False,False,MEDIUM,Manheim
Oblivion.esm,INFO,000251E7,,NAM1,0,,,"Rufio? He was killed! Murdered! Right here in my inn! And I thought business was bad before. When this gets out, I'll never rent another room!","루피오? 그가 죽었어요! 살해당했다고요! 바로 여기 내 숙소에서! 그리고 사업이 예전보다 나빠졌어요. 이것이 알려진다면, 나는 다른 방을 빌려주지 않을 것입니다.",record,False,False,False,False,,
Oblivion.esm,INFO,000251E8,,NAM1,0,,,Rufio is dead. He was murdered. It looks like he was hiding out from somebody after all.,루피오가 죽었어요. 그는 살해되었습니다. 어쨌든 그는 누군가로부터 숨어있었던 것 같습니다.,record,False,False,False,False,,
Oblivion.esm,DIAL,000224E9,InnofIllOmen,FULL,0,,,Inn of Ill Omen,일 오멘(Ill Omen) 여관,record,True,True,True,False,HIGH,"Ill, Omen"
Oblivion.esm,INFO,00023E25,,NAM1,0,,,"It's a horrible name for an inn, I know. But I just can't bring myself to change it. Besides, I like the sign.","끔찍한 이름의 여관이죠, 저도 압니다. 하지만 나는 그냥 그것을 바꿀 수 없습니다. 게다가, 난 그 간판이 좋습니다.",record,False,False,False,False,,
Oblivion.esm,INFO,00023E26,,NAM1,0,,,"The only people that stay here are stragglers on the Green Road. Me, I got no place else to be. Besides, I think Manheim is sweet on me.","여기 있는 유일한 사람은 그린도로의 낙오자뿐입니다. 나요, 난 있을 곳이 없습니다. 게다가, Manheim이 나에게 잘해 줍니다.",record,False,True,False,False,MEDIUM,Manheim
Oblivion.esm,DIAL,000224FE,Dark01FinChoice1B,FULL,0,,,"No, I'm not ready to accept just yet.","아니오, 아직 받아들일 준비가 안됐습니다.",record,False,False,True,False,TOPIC_CHECK,
Oblivion.esm,INFO,00023E4C,,NAM1,0,,,"Pity. I'm eager to see how you fare on your first assignment. Well, the contract will still be here when you're ready.  ","안타깝군. 자네가 첫 임무를 어떻게 해나가는지 보고 싶은데 말이야. 뭐, 자네가 준비되면 청부를 다시 주지. ",record,False,False,False,False,,
Oblivion.esm,DIAL,000224FF,Dark01FinChoice1A,FULL,0,,,"Yes, I'll accept this contract.","네, 그 계약을 받아들입니다.",record,False,False,True,False,TOPIC_CHECK,
Oblivion.esm,INFO,00023E4B,,NAM1,0,,,Excellent. Here is what you must do. Go to the Waterfront District of the Imperial City. There you will find a ship named the Marie Elena.,"좋아, 자네가 해야할 일은... Imperial City의 Waterfront로 가게. 거기서 Marie Elena라는 이름의 배를 찾을 수 있을걸세.",record,False,True,False,False,MEDIUM,"Imperial, City, Waterfront, Marie, Elena"
Oblivion.esm,INFO,00023E4B,,NAM1,1,,,"Board the ship and find its captain, Gaston Tussaud. He'll be in his cabin. Eliminate Tussaud in any manner you see fit.          ","배에 승선해서 선장 Gaston Tussaud를 찾게, 그는 선실에 있을거야. 자네가 할수 있는 수단과 방법을 동원해서 그를 처치하게.",record,False,True,False,False,MEDIUM,"Gaston, Tussaud"
Oblivion.esm,INFO,00023E4B,,NAM1,2,,,The pirates have been moving a lot of cargo onboard lately. You may be able to smuggle yourself onboard in one of the packing crates.  ,"해적들이 많은 짐을 선적 하고 있을텐데, 자네는 포장된 상자에 몰래 들어가서 승선 할수 있을게야.",record,False,False,False,False,,
Oblivion.esm,INFO,00023E4B,,NAM1,3,,,"Oh, and one more thing. Get into the habit of asking your fellow family members about any current contract. Their insight may prove invaluable.","아.. 그리고 한가지 더, 자네의 동료들에게 계약에 대해 자주 물어 보는 숩관을 가지도록, 그들의 통찰력은 이루 헤아릴 수 없을 정도로 좋다네.",record,False,False,False,False,,
Oblivion.esm,DIAL,00022AFD,MQ05BaurusNextMove,FULL,0,,,What's our next move?,이제 어떻게 하지?,record,False,False,True,False,TOPIC_CHECK,
Oblivion.esm,INFO,00022B23,,NAM1,0,,,There's a scholar at the Arcane University. Tar-Meena's her name. Supposed to be an expert on daedric cults.,아케인 대학에 타르-미나라는 학자가 있어. 데이드라 신앙 전문가라고 하던데.,record,False,False,False,False,,
Oblivion.esm,INFO,00022B23,,NAM1,1,,,"Why don't you take that book to her, see what she makes of it. I'll keep running down leads on the Mythic Dawn network.",그녀에게 책을 보이고 책에 대해 알아봐. 난 그 동안 미식 던(Mythic Dawn) 조직을 좀더 조사해볼게.,record,True,True,False,False,HIGH,"Mythic, Dawn"
Oblivion.esm,INFO,00022B23,,NAM1,2,,,"If you learn anything, you can find me at Luther Broad's. May Talos guide you.","뭔가 알아내면, 루터 브로드의 하숙집에서 날 찾으면 돼. 탈로스께서 인도하시길.",record,False,False,False,False,,
Oblivion.esm,DIAL,00022AFE,MQ05WhatBaurusLearned,FULL,0,,,What have you learned?,뭐 좀 알아냈어?,record,False,False,True,False,TOPIC_CHECK,
Oblivion.esm,INFO,00022B1E,,NAM1,0,,,The assassins who killed the Emperor were part of a daedric cult known as the Mythic Dawn.,황제를 죽인 놈들은 미식 던(Mythic Dawn)으로 알려진 데이드릭 숭배자들이었어.,record,True,True,False,False,HIGH,"Mythic, Dawn"
Oblivion.esm,INFO,00022B1E,,NAM1,1,,,Apparently worship the Daedra Lord Mehrunes Dagon. I've been tracking their agents in the Imperial City. I guess they noticed.,놈들은 데이드라 군주인 메르네스 데이건(Mehrunes Dagon)을 숭배하고 있어. 임페리얼시티에서 놈들을 미행한 적이 있었지. 그때 눈치챘던 것 같아.,record,True,True,False,False,HIGH,"Mehrunes, Dagon"
Oblivion.esm,DIAL,00022AFF,MQ05BaurusC,FULL,0,,,I'm ready when you are.,알았어. 시키는 대로 할게.,record,False,False,True,False,TOPIC_CHECK,
Oblivion.esm,INFO,00022B16,,NAM1,0,,,"Good. Remember, wait for him to follow me. I want to see what he'll do.","좋아, 잘 들어. 저기 저놈이 날 따라오는걸 지켜봐. 놈이 무슨 짓을 벌일지 한번 보자구.",record,False,False,False,False,,
Oblivion.esm,DIAL,00022B00,MQ05BaurusA,FULL,0,,,The enemy has the Amulet.,아뮬렛을 적에게 빼앗겼어.,record,False,False,True,False,TOPIC_CHECK,
Oblivion.esm,INFO,00022B14,,NAM1,0,,,We can't talk now! Just follow my lead.,얘기는 나중에 하고! 내 말대로 해.,record,False,False,False,False,,
Oblivion.esm,INFO,00022B1F,,NAM1,0,,,So you said. That's very bad news.,"뭐라구? 이런, 굉장히 나쁜 소식이군.",record,False,False,False,False,,
Oblivion.esm,INFO,00022B20,,NAM1,0,,,What? They took it from Jauffre? Things are worse than I had thought.,뭐라구? 놈들이 죠프리(Jauffre)에게서 그걸 뺏어갔다구? 생각보다 심각한 상황이군.,record,True,True,False,False,HIGH,Jauffre
Oblivion.esm,DIAL,00022B01,MQ05BaurusB,FULL,0,,,I found Uriel's heir.,유리엘의 후계자를 찾았어.,record,False,False,True,False,TOPIC_CHECK,
Oblivion.esm,INFO,00022B15,,NAM1,0,,,Don't talk. Just follow my lead.,"얘기는 그만두고, 내 말대로 해.",record,False,False,False,False,,
Oblivion.esm,INFO,00022B21,,NAM1,0,,,"I hoped I had heard you correctly. Thank Talos! The Blades will protect Martin until he can claim his throne, don't worry. Or we will die trying.","정말? 오, 탈로스 신이시여, 감사합니다! 이제 한시름 덜었어. 블레이드는 마틴께서 황제의 자리에 무사히 오를 때까지 그를 지킬 것이야. 목숨을 다해 지킬 것이야.",record,False,False,False,False,,
Oblivion.esm,INFO,00022B22,,NAM1,0,,,"Thank Talos he lives! Martin Septim, you say ... We will restore him to the throne! It is the sworn duty of all Blades.","탈로스 신이시여, 감사합니다! 마틴 셉팀이 살아있다니... 그를 황제의 자리로 복귀시킬 거야! 그건 모든 블레이드들의 당연한 의무야.",record,False,False,False,False,,
Oblivion.esm,DIAL,00022B25,MQ05GwinasA5,FULL,0,,,No. You won't call the guards.,경비를 부를 순 없을 것이오.,record,False,False,True,False,TOPIC_CHECK,
Oblivion.esm,INFO,00022B5B,,NAM1,0,,,What do you mean? I'm an upstanding citizen! I have nothing to hide!,무슨 소리 하는 거요? 난 정직한 시민이요! 하늘을 우러러 한 점 부끄럼도 없다구!,record,False,False,False,False,,
Oblivion.esm,DIAL,00022B26,MQ05GwinasA4,FULL,0,,,No. I need your copy.,아니. 당신의 사본이 필요하오.,record,False,False,True,False,TOPIC_CHECK,
Oblivion.esm,INFO,00022B59,,NAM1,0,,,"I won't be bullied! I'm not some pathetic book-worm you can just push around! I have friends, you know!",날 괴롭힐 생각은 마시오! 당신이 만만하게 볼 가냘픈 책벌레가 아니오! 난 친구들도 아주 많소!,record,False,False,False,False,,
Oblivion.esm,DIAL,00022B27,MQ05GwinasA3,FULL,0,,,Tell me about the Mythic Dawn cult.,미식 던에 대해 말해 주시오.,record,False,False,True,False,TOPIC_CHECK,
Oblivion.esm,INFO,00022B57,,NAM1,0,,,"The Mythic Dawn? Are you... I mean, I don't know what you're talking about! I don't know anything about any cult.","미식 던(Mythic Dawn)? 당신은... 흠, 당신이 무슨 말을 하는지 도무지 모르겠군! 그게 어떤 종교건 간에 난 아무것도 모르오.",record,True,True,False,False,HIGH,"Mythic, Dawn"
Oblivion.esm,DIAL,00022B28,MQ05GwinasA2,FULL,0,,,Just give me the book and I'll leave.,책만 주면 당장 떠나겠소.,record,False,False,True,False,TOPIC_CHECK,
Oblivion.esm,INFO,00022B56,,NAM1,0,,,Are you... threatening me? You can't scare me! I'll call the guards if you don't leave at once!,지금 날 협박하는 거요? 그렇다면 당신 실수하는 것이오! 당장 경비병을 부르겠어!,record,False,False,False,False,,
Oblivion.esm,DIAL,00022B29,MQ05GwinasA1,FULL,0,,,I want to buy it from you.,그 책을 내게 파시오.,record,False,False,True,False,TOPIC_CHECK,
Oblivion.esm,INFO,00022B55,,NAM1,0,,,It isn't for sale. You'll have to find a copy somewhere else.,이건 팔지 않을 거요. 다른 사본을 찾아보는 게 나을 거요.,record,False,False,False,False,,
Oblivion.esm,INFO,00022B53,,NAM1,0,,,"Thank you, thank you! I can't tell you how long I've been looking for this book!","고마워요, 고맙습니다! 내가 이 책을 얼마나 오랫동안 찾아 다녔는지 모를 겁니다!",record,False,False,False,False,,
Oblivion.esm,INFO,00022B54,,NAM1,0,,,"You can be sure I won't be back! I've never been treated so shabbily in all my life! Good day, sir!","뭐라구? 이런, 내가 다시 여기랑 거래하나 보라구! 여태껏 이런 대접을 받기는 처음이군! 잘 해보라구, 주인장!",record,False,False,False,False,,
Oblivion.esm,INFO,00022B51,,NAM1,0,,,"Ah, of course. Here you go. Keep us in mind for any future needs!","아, 네... 여기 있습니다. 또 필요한 게 있으시면 언제든지 다시 찾아주세요.",record,False,False,False,False,,
Oblivion.esm,INFO,00022B52,,NAM1,0,,,"Ah, about that. You see ... I don't have it any more. Terribly sorry. A full refund, of course...","아, 그것에 대해서라면, 죄송하지만... 이젠 없습니다. 정말로 죄송해요. 물론, 전액 환불해 드리겠습니다... ",record,False,False,False,False,,
Oblivion.esm,DIAL,00022B2C,MQ05VolumeFour,FULL,0,,,"Commentaries, Volume Four","논평집, 제 4권",record,False,False,True,False,TOPIC_CHECK,
Oblivion.esm,INFO,00022B50,,NAM1,0,,,"I wish I had one, but I've never even seen a copy.","내가 가지고 있었으면 좋겠지만, 난 사본도 본 적이 없어요.",record,False,False,False,False,,
Oblivion.esm,DIAL,00022B2D,MQ05PhintiasBuyNo,FULL,0,,,100 gold? No thanks.,"100골드라고? 아니오, 안 사겠소.",record,False,False,True,False,TOPIC_CHECK,
Oblivion.esm,INFO,00022B4F,,NAM1,0,,,"As you wish. That's a very fair price. I guarantee you won't find volume three of Mankar Camoran's Commentaries anywhere else, for any price.",맘대로 하십시오. 사실 이건 매우 적절한 가격입니다. 장담하건대 다른 곳에선 얼마를 주든 맨카 케모런(Mankar Camoran)의 논평집을 구할 순 없을 거요.,record,True,True,False,False,HIGH,"Mankar, Camoran"
Oblivion.esm,DIAL,00022B2E,MQ05PhintiasBuyYes,FULL,0,,,[Buy Volume 3 for 100 gold],[100골드로 3권 사기],record,False,False,True,False,TOPIC_CHECK,
Oblivion.esm,INFO,00022B4E,,NAM1,0,,,I hope you'll keep us in mind for all your specialty book needs!,"언제건 특별한 책들을 만나고 싶으실 땐, 다시 들려주시기 바랍니다!",record,False,False,False,False,,
Oblivion.esm,DIAL,00022B2F,MQ05VolumeThree,FULL,0,,,"Commentaries, Volume Three","논평집, 제 3권",record,False,False,True,False,TOPIC_CHECK,
Oblivion.esm,INFO,00022B47,,NAM1,0,,,"Very well. I hate to deny a dedicated... scholar... like yourself. I'll sell it to you, if you must have it.",좋습니다. 난 당신과 같은... 열성적인... 학자에게 거절하고 싶진 않아요. 꼭 필요하다면 당신에게 팔겠어요.,record,False,False,False,False,,
Oblivion.esm,INFO,00022B4A,,NAM1,0,,,"I had a copy of Volume Three, but Gwinas has already picked it up. So sorry.","3권의 사본이 있었지만, 그위나스(Gwinas)씨가 이미 가져갔어요, 한발 늦으셨어요.",record,True,True,False,False,HIGH,Gwinas
Oblivion.esm,INFO,00022CEE,,NAM1,0,,,"I had a copy of Volume Three, but I am sorry to say that it was stolen recently. The thieves in the Market District get more brazen by the day!","제 3권의 사본이 있었습니다만, 유감스럽게도 최근에 도난 당했습니다. 상가 지구의 도둑들이 날이 갈수록 대담해지고 있어요.",record,False,False,False,False,,
Oblivion.esm,INFO,00022CEE,,NAM1,1,,,Gwinas will be terribly disappointed when he learns it is gone.,그위나스(Gwinas)씨께서 그게 사라졌단 사실을 알면 매우 실망하실 겁니다.,record,True,True,False,False,HIGH,Gwinas
Oblivion.esm,INFO,00022CEF,,NAM1,0,,,"I had a copy of Volume Three, but I am sorry to say that it was stolen recently. Gwinas was terribly upset when he found out, poor fellow.","제 3권의 사본이 있었습니다만, 유감스럽게도 최근에 도난 당했습니다. 그위나스(Gwinas)씨는 그 사실을 알고 불같이 화를 냈지요. 안됐더군요.",record,True,True,False,False,HIGH,Gwinas
Oblivion.esm,INFO,000976FF,,NAM1,0,,,I sold you my only copy of Volume Three. Gwinas will be terribly disappointed when he learns it is gone.,당신께 판 3권 사본은 제가 가지고 있던 유일한 사본이었어요. 그위나스(Gwinas)씨가 그게 없어졌다는 사실을 알면 무척이나 실망할 거에요.,record,True,True,False,False,HIGH,Gwinas
Oblivion.esm,INFO,00097700,,NAM1,0,,,"I hope you're enjoying the copy I sold you. Gwinas was terribly upset when he found out, poor fellow.",제가 판 사본이 마음에 드시길 바랍니다. 그위나스(Gwinas)씨는 그게 없어졌다는 사실을 알고 불같이 화를 냈습니다. 안됐어요.,record,True,True,False,False,HIGH,Gwinas
Oblivion.esm,INFO,00022B48,,NAM1,0,,,"I'd like to help you, but the cost... I would have to try to obtain another copy for Gwinas, not to mention his disappointment if he found out ...","당신을 돕고 싶지만, 그러면... 그위나스(Gwinas)씨를 위해 또 다른 사본을 구해야겠지요. 게다가 그가 알게 됐을 때 실망할 것을 생각하면... ",record,True,True,False,False,HIGH,Gwinas
Oblivion.esm,INFO,00022B49,,NAM1,0,,,"I'm afraid I couldn't sell it to you for any price. I've already promised it to someone else, and my word is my bond.","유감스럽게도 얼마를 더 준다고 해도 당신에게 팔 수는 없을 것 같네요. 이미 다른 사람과 약속을 했거든요, 신용은 중요한 겁니다.",record,False,False,False,False,,
Oblivion.esm,INFO,00022B4B,,NAM1,0,,,"I'm sorry, do I know you? I have a copy waiting for me at a bookstore, but it is not for sale. I've waited a long time to get that book.","실례지만, 우리가 아는 사이였소? 난 서점에 가지러 가야 할 사본이 있고, 그건 절대 팔지 않을 거요. 난 그 책을 손에 넣기 위해 오랫동안 기다려왔소.",record,False,False,False,False,,
Oblivion.esm,INFO,00022B4C,,NAM1,0,,,Have you been following me? Leave me alone! That book is mine!,날 따라온 거요? 날 그만 내버려 두시오! 그 책은 내 거요!,record,False,False,False,False,,
Oblivion.esm,INFO,00022B4D,,NAM1,0,,,I don't want to talk about it. I'm still very angry at Phintias. He promised me he would get one for me. I came all the way from Valenwood for it!,"그 얘기라면 하고 싶지 않소, 여전히 핀티아즈(Phintias)에게 화가 풀리지 않소. 그는 책을 구해주겠다고 약속했었단 말이오. 난 그걸 얻기 위해 발렌우드(Valenwood)에서 왔다구!",record,True,True,False,False,HIGH,"Phintias, Valenwood"
Oblivion.esm,INFO,00022B5C,,NAM1,0,,,"I told you, I'm done with those books. I'm sorry I ever got mixed up with those maniacs!","말했잖소, 그 책들과는 끝났어. 다시는 그 미치광이들과 상종도 하지 않을 거요!",record,False,False,False,False,,
Oblivion.esm,DIAL,00022B30,MQ05Gwinas,FULL,0,,,Gwinas,그위나스(Gwinas),record,True,True,True,False,HIGH,Gwinas
Oblivion.esm,INFO,00094C3A,,NAM1,0,,,"Well, just this once I don't suppose it would do any harm. Gwinas mentioned he was staying at the Tiber Septim Hotel.",흠... 지금이라면 말해도 상관 없을 것 같군요. 그위나스(Gwinas)씨는 타이버셉팀 호텔에 묵고 있다고 했어요.,record,True,True,False,False,HIGH,Gwinas
Oblivion.esm,INFO,00094C3A,,NAM1,1,,,Perhaps he'd be willing to sell you Volume 3. But I doubt it. He was very pleased with his purchase.,어쩌면 3권을 그에게서 살 수도 있겠지만 너무 기대하진 마세요. 그는 그 책을 무척이나 만족해 했어요.,record,False,False,False,False,,
Oblivion.esm,INFO,00094C3B,,NAM1,0,,,"Well, just this once I don't suppose it would do any harm. Gwinas mentioned he was staying at the Tiber Septim Hotel.","좋아요, 지금이라면 말해도 상관 없을 것 같군요. 그위나스(Gwinas)씨는 타이버셉팀 호텔에 묵고 있다고 했어요.",record,True,True,False,False,HIGH,Gwinas
Oblivion.esm,INFO,00094C3B,,NAM1,1,,,He was very upset when he found out I didn't have his book for him. I doubt he'll be in any mood to talk to you about it.,그는 제게 원하는 책이 없다는 사실을 알고선 길길이 날뛰더군요. 아마 손님과 대화할 기분이 아닐 거에요.,record,False,False,False,False,,
Oblivion.esm,INFO,00094C3C,,NAM1,0,,,I've already said too much. I'm sure you understand. My customers expect absolute discretion.,여러 번 말했을 텐데요. 제 고객들은 완벽하게 신원을 보장한다는 사실을 알아주셨으면 합니다.,record,False,False,False,False,,
Oblivion.esm,INFO,00022B46,,NAM1,0,,,"I don't know him personally. But he was very eager to get his hands on Volume 3 of Camoran's ""Commentaries."" Came all the way from Valenwood!","개인적으로는 그를 잘 모르지만, 그는 발렌우드(Valenwood)에서 여기까지 찾아올 정도로 케모런(Camoran)의 ""논평집""에 매우 강한 집착을 보였어요.",record,True,True,False,False,HIGH,"Valenwood, Camoran"
Oblivion.esm,INFO,00022B46,,NAM1,1,,,"As a matter of fact, he's already late for his appointment to pick up the book.","사실은, 그가 책을 가지러 오겠다고 약속한 시간이 이미 지났어요.",record,False,False,False,False,,
Oblivion.esm,INFO,00022B46,,NAM1,2,,,Feel free to wait for him if you want to speak to him yourself.,"그를 만나보고 싶다면, 조금 기다려 보세요.",record,False,False,False,False,,
Oblivion.esm,DIAL,00022B31,MQ05PhintiasA,FULL,0,,,I need volumes 3 and 4.,3권과 4권이 필요합니다.,record,False,False,True,False,TOPIC_CHECK,
Oblivion.esm,INFO,00022B44,,NAM1,0,,,"I happen to have a copy of Volume Three on hand, but I'm afraid it is a ... special order. Already paid for by another customer. Sorry.","마침 제가 3권의 사본을 가지고 있긴 합니다만, 이미 다른 손님께서 예약하시고 대금을 지불하셨습니다. 죄송합니다.",record,False,False,False,False,,
Oblivion.esm,INFO,00022B44,,NAM1,1,,,Gwinas would be terribly disappointed if it was gone when he came to pick it up. So sorry I can't help you.,"그위나스(Gwinas)씨가 책을 가지러 오셨을 때, 책이 없다는 걸 알면 매우 실망하실 겁니다. 도와드릴 수 없어 죄송하군요.",record,True,True,False,False,HIGH,Gwinas
Oblivion.esm,INFO,00022B45,,NAM1,0,,,"I had a copy of Volume Three, but I am sorry to say that it was stolen recently. The thieves in the Market District get more brazen by the day!","3권의 사본이 있었습니다만, 유감스럽게도 최근에 도난 당했습니다. 상가 지역의 도둑들이 날이 갈수록 대담해지고 있어요.",record,False,False,False,False,,
Oblivion.esm,INFO,00022B45,,NAM1,1,,,Gwinas will be terribly disappointed when he learns it is gone.,그위나스(Gwinas)씨께서 그게 사라졌단 사실을 알면 매우 실망하실 겁니다.,record,True,True,False,False,HIGH,Gwinas
Oblivion.esm,DIAL,00022B32,MQ05TarMeenaC,FULL,0,,,Where can I find these books?,그 책들은 어디 있죠?,record,False,False,True,False,TOPIC_CHECK,
Oblivion.esm,INFO,00022B43,,NAM1,0,,,"Here, you can have the library's copy of Volume 2. Treat it gently, if you please!","여기, 도서관이 소장한 2권을 드리죠. 부디 조심히 다뤄 주세요!",record,False,False,False,False,,
Oblivion.esm,INFO,00022B43,,NAM1,1,,,"As I said, I've never even seen the third and fourth volumes. You should try First Edition, over in the Market District.","좀 전에도 말했지만, 난 3권과 4권은 본 적이 없소. 상가 지구의 최초의 한권(First Edition)에서 찾아봐야 할 거요.",record,True,True,False,False,HIGH,"First, Edition"
Oblivion.esm,INFO,00022B43,,NAM1,2,,,"Phintias, the proprietor, caters to specialist collectors. He may have an idea of where to locate those books.","말씀드렸듯, 전 3권과 4권은 본 적이 없습니다. 초판본 서점에 한 번 가 보시지요. 시장 구역 쪽입니다.",record,False,False,False,False,,
Oblivion.esm,DIAL,00022B33,MQ05TarMeenaB,FULL,0,,,I need to find the Mythic Dawn.,미식 던(Mythic Dawn)을 찾아야 한다.,record,True,True,True,False,HIGH,"Mythic, Dawn"
Oblivion.esm,INFO,00022B42,,NAM1,0,,,"Find them, eh? I won't poke my nose any further. Official business and all that. I'm used to working with the Blades, don't worry. Say no more.",그것을 찾는다고요? 더 이상 책 속에 파묻혀 있을 수만 없겠군요. 난 블레이드와는 함께 일한 적이 많소. 걱정 마시오. 말 안 해도 알겠소.,record,False,False,False,False,,
Oblivion.esm,INFO,00022B42,,NAM1,1,,,"In any case, finding them won't be easy. I've studied Mankar Camoran's writings a bit myself, at least those that I could find.",하지만 그것을 찾는 일은 쉽지 않소. 난 맨카 케모런(Mankar Camoran)의 저서를 조금 연구한 적이 있소. 내가 찾을 수 있었던 한도 내에서 말이오.,record,True,True,False,False,HIGH,"Mankar, Camoran"
Oblivion.esm,INFO,00022B42,,NAM1,2,,,"It is clear from the text that Mankar Camoran's ""Commentaries"" come in four volumes, but I've only ever seen the first two books.","맨카 케모런(Mankar Camoran)의 ""논평집""이 모두 네 권으로 되어있다는 점은 확실하지만, 난 1권과 2권 밖에 본적이 없소.",record,True,True,False,False,HIGH,"Mankar, Camoran"
Oblivion.esm,INFO,00022B42,,NAM1,3,,,I believe that his writings contain hidden clues to the location of the Mythic Dawn's secret shrine to Mehrunes Dagon.,난 그의 글속 어딘가에 미식 던(Mythic Dawn)의 메르네스 데이건(Mehrunes Dagon) 성지 위치를 말해주는 숨겨진 단서가 있다고 믿고 있소.,record,True,True,False,False,HIGH,"Mythic, Dawn, Mehrunes, Dagon"
Oblivion.esm,INFO,00022B42,,NAM1,4,,,Those who unlock this hidden path have proven themselves worthy to join the ranks of the Mythic Dawn cult. Finding the shrine is the first test.,숨겨진 길을 찾아내는 것이 스스로 미식 던(Mythic Dawn)에 들어갈만한 가치를 증명하는 방법이오. 성지를 찾는 것이 첫 번째 시험이란 말이오.,record,True,True,False,False,HIGH,"Mythic, Dawn"
Oblivion.esm,INFO,00022B42,,NAM1,5,,,"If you want to find them, you'll need all four volumes of the ""Commentaries.""","그것을 찾고 싶다면, ""논평집"" 네 권이 모두 필요하오.",record,False,False,False,False,,
Oblivion.esm,DIAL,00022B34,MQ05TarMeenaA,FULL,0,,,I found one of their books.,그 책중 한 권을 구했습니다.,record,False,False,True,False,TOPIC_CHECK,
Oblivion.esm,INFO,00022B41,,NAM1,0,,,"Ah yes. ""Commentaries on the Mysterium Xarxes,"" wonderful! You have a scholarly interest in daedric cults, then?","오, 그렇소? ""자서스(Xarxes) 신비에 대한 논평집""이라... 멋지군! 당신은 데이드릭 신앙에 대해 학문적인 관심이 있는것 같소. 그렇지 않소?",record,True,True,False,False,HIGH,Xarxes
Oblivion.esm,DIAL,00022B5D,MG09Choice3B,FULL,0,,,It's not my fault!,그건 내 책임이 아닙니다.,record,False,False,True,False,TOPIC_CHECK,
Oblivion.esm,DIAL,00022B5E,MG09Choice3A,FULL,0,,,I'm sorry. I didn't know.,미안합니다. 나는 몰랐습니다.,record,False,False,True,False,TOPIC_CHECK,
Oblivion.esm,INFO,00022B6C,,NAM1,0,,,"Yes, I see that now. I regret that Traven has involved you in this way. At least you've survived... for now.","그래, 이제야 좀 알겠군. Traven이 자네를 이런 식으로 말려들게 한것이 유감이군. 적어도 자네가 아직은 살아 있으니 다행이군.",record,False,True,False,False,MEDIUM,Traven
Oblivion.esm,INFO,00022B6C,,NAM1,1,,,"Perhaps in the future, you can be trusted enough to deal with more serious matters.",어쩌면 미래에는 자네가 더 큰 신용을 얻어서 더 심각한 문제를 다루게 될 수도 있겠지.,record,False,False,False,False,,
Oblivion.esm,INFO,00022B6C,,NAM1,2,,,"Now, our business here is concluded. I suggest you return to your Council.","자, 여기서 우리 일은 끝났네. 자네는 council로 돌아가는게 좋겠어.",record,False,True,False,False,MEDIUM,council
Oblivion.esm,DIAL,00022B5F,MG09Choice2B,FULL,0,,,Where's my book?,책은 어디 있소?,record,False,False,True,False,TOPIC_CHECK,
Oblivion.esm,INFO,00022B6B,,NAM1,0,,,Would you dare make demands of me now?,아직도 나에게 무언가 요구할 셈인가?,record,False,False,False,False,,
Oblivion.esm,INFO,00022B6B,,NAM1,1,,,"And a book, of all things. Your gullibility knows no bounds, it would seem.",책인가. 자네의 아둔함은 한이 없나보군.,record,False,False,False,False,,
Oblivion.esm,INFO,00022B6B,,NAM1,2,,,"You believe your Council would send you here to merely fetch a book? No, they wanted information on me and what is going on here.","자네는 자네의 council이 단지 책 하나 받아오기 위해 자네를 여기 보냈다고 생각하는가? 아니야, 그들은 나와 여기서 돌아가는 일에 대한 정보를 원한거야.",record,False,True,False,False,MEDIUM,council
Oblivion.esm,INFO,00022B6B,,NAM1,3,,,"Well, now they shall have it.","뭐, 원하는 것은 얻게 되었군.",record,False,False,False,False,,
Oblivion.esm,DIAL,00022B60,MG09Choice2A,FULL,0,,,I was only here for a book.,책을 받기위해 여기 왔을 뿐이오.,record,False,False,True,False,TOPIC_CHECK,
Oblivion.esm,INFO,00022B6A,,NAM1,0,,,Is that so? Perhaps your Council has not been entirely honest with you. ,그런가? 아마 자네의 council이 자네에게 솔직하지 않았던것 같군.  ,record,False,True,False,False,MEDIUM,council
Oblivion.esm,INFO,00022B6A,,NAM1,1,,,"Do you really believe they sent you here for a book? No, they sent you to spy on me. ",자네는 정말로 그들이 자네를 책 한권 때문에 여기로 보냈다고 생각하나? 그들은 자네를 보내 나를 염탐하려 한 걸세. ,record,False,False,False,False,,
Oblivion.esm,INFO,00022B6A,,NAM1,2,,,They've heard the same rumors I have about the Necromancers' Cult.,그들은 네크로맨서들의 악행에 대해 나와 같은 소문을 들었겠지.,record,False,False,False,False,,
Oblivion.esm,DIAL,00022B61,MG09ChoiceGoOn,FULL,0,,,Go on.,계속해.,record,False,False,True,False,TOPIC_CHECK,
Oblivion.esm,INFO,00022B65,,NAM1,0,,,"Tell your Council that the next time they want something from me, they come themselves. They don't send someone under false pretenses.",자네 council에 만약 다음에 나에게서 뭔가를 원한다면 직접오라고 전하게. 밑사람에를 속여 보내지 말고.,record,False,True,False,False,MEDIUM,council
Oblivion.esm,INFO,00022B69,,NAM1,0,,,"Despite what your Council may think, I've not thrown in with the Necromancers, and would never do so. You may pass along that message.","자네 council이 뭐라 생각하고 있던 간에, 나는 네크로맨서들에게 가담한 적은 없고, 앞으로도 그럴 거야. 이 메시지를 전하도록 하게.",record,False,True,False,False,MEDIUM,council
Oblivion.esm,DIAL,00022B62,MG09Choice1B,FULL,0,,,Why was Mercator a threat?,왜 머카토(Mercator)가 위협적인거지?,record,True,True,True,False,HIGH,Mercator
Oblivion.esm,INFO,00022B68,,NAM1,0,,,Do you not recognize a Necromancer when you see one?,자네는 네크로맨서를 보고서도 그들이 누군지 모르나?,record,False,False,False,False,,
Oblivion.esm,INFO,00022B68,,NAM1,1,,,"I suspected Mercator was involved in their cult, but was unwilling to move against him without knowing the identities of his allies.","나는 Mercator가 뭔가 사악한 집단과 관련된 것이 틀림없다고 생각하고 있었지만, 그 배후를 확신하지 못하고 그를 자극하는 것은 피하고 싶었지.",record,False,True,False,False,MEDIUM,Mercator
Oblivion.esm,DIAL,00022B63,MG09Choice1A,FULL,0,,,What? Who are you?,뭐? 당신은 누구요?,record,False,False,True,False,TOPIC_CHECK,
Oblivion.esm,INFO,00022B67,,NAM1,0,,,"Count Janus Hassildor, at your service. A 'thank you' might be in order at this point.",자네가 만나길 원하던 Janus Hassildor 백작일세. 적어도 '고맙다'란 말은 해 줬으면 하는데.,record,False,True,False,False,MEDIUM,"Janus, Hassildor"
Oblivion.esm,DIAL,00022B81,MQ05FoundMythicDawn,FULL,0,,,Mythic Dawn meeting,미식 던(Mythic Dawn)과의 접촉,record,True,True,True,False,HIGH,"Mythic, Dawn"
Oblivion.esm,INFO,00022CF0,,NAM1,0,,,This just might be the break we've been looking for! Good work.,"그래, 우리가 찾던 단서가 바로 이거였어! 정말 잘 했어.",record,False,False,False,False,,
Oblivion.esm,INFO,00022CF0,,NAM1,1,,,"We need to get that fourth book, then. If Tar-Meena is right, we can use these books to locate the Mythic Dawn's hidden shrine.","그 네 번째의 책을 찾아야 해, 타르 미너(Tar-Meena)가 맞다면, 이 책들을 통해 미식 던(Mythic Dawn)의 숨은 성지를 찾을 수 있을거야.",record,True,True,False,False,HIGH,"Tar-Meena, Mythic, Dawn"
Oblivion.esm,INFO,00022CF0,,NAM1,2,,,Let's go. I know that part of the sewers well.,"가자, 그 하수구로 통하는 입구를 알고 있어.",record,False,False,False,False,,
Oblivion.esm,DIAL,00022B93,Dark01Choice5C,FULL,0,,,[Say nothing.],[아무 말도 않는다.],record,False,False,True,False,TOPIC_CHECK,
Oblivion.esm,INFO,00022BAB,,NAM1,0,,,"Now heed these words. The slaying of Rufio was the signing of a covenant. The manner of execution, your signature. Rufio's blood, the ink.","이제 내 말을 잘 듣도록. 루피오를 죽인 건 일종의 서약과도 같다네. 루피오의 피를 잉크로, 살해 방법을 서명으로 한 게지.",record,False,False,False,False,,
Oblivion.esm,INFO,00022BAB,,NAM1,1,,,"As a Speaker of the Black Hand, I directly oversee a particular group of family members. You will join that group, and fulfill any contracts given.","브라더후드의 스피커로서, 내가 직접적으로 감독하고 있는 Family Member들이 있지. 자네는 그 그룹에 들어가게 될거야. 그리고 주어지는 임무를 수행하면 되네.",record,False,True,False,False,MEDIUM,"Family, Member"
Oblivion.esm,INFO,00022BAB,,NAM1,2,,,"You must now go to the city of Cheydinhal, to the abandoned house near the eastern wall. Enter the basement, and attempt to open the black door.","이제 셰이딘홀로 이동해서, 동쪽 성벽 근처에 있는 버려진 집을 찾도록 하게. 그곳 지하실로 들어가면, 한 검은 문을 보게 될 것이네.",record,False,False,False,False,,
Oblivion.esm,INFO,00022BAB,,NAM1,3,,,"You will be asked a question. Answer thusly: ""Sanguine, my Brother."" You will gain entrance to the Sanctuary. Once inside, speak with Ocheeva.","자네는 질문을 받을 걸세. 이렇게 대답하도록. ""진홍색이지, 형제여."" 그럼 자네는 성역으로 들어갈 수 있게 되네. 들어가면, 오치바를 찾아 얘기하도록.",record,False,False,False,False,,
Oblivion.esm,INFO,00022BAB,,NAM1,4,,,"We must now take our leave of each other, you and I, for there is much work to be done. I'll be following... your progress. Welcome to the family. ",이제 우리 각자가 갈길을 가야 할 때군. 자네와 나는... 할 일이 많이 있다네. 나는 자네를 지켜보고 있도록 하지. 가족이 된 것을 환영하네.,record,False,False,False,False,,
Oblivion.esm,DIAL,00022B94,Dark01Choice5B,FULL,0,,,Now what?,이제 뭐요?,record,False,False,True,False,TOPIC_CHECK,
Oblivion.esm,INFO,00022BAA,,NAM1,0,,,"Now you embrace your fate. For the slaying of Rufio was the signing of a covenant. The manner of execution, your signature. Rufio's blood, the ink.  ","이제, 자네의 운명을 껴안아주세! Rufio를 죽인것은 일종의 서약이네. Rufio를 죽인 방법이 자네의 서명이고, 그의 피는 자네의 잉크인게지.",record,False,True,False,False,MEDIUM,"Rufio, Rufio"
Oblivion.esm,INFO,00022BAA,,NAM1,1,,,"As a Speaker of the Black Hand, I directly oversee a particular group of family members. You will join that group, and fulfill any contracts given.","브라더후드의 스피커로서, 내가 직접적으로 감독하고 있는 Family Member들이 있지. 자네는 그 그룹에 들어가게 될거야. 그리고 주어지는 임무를 수행하면 되네.",record,False,True,False,False,MEDIUM,"Family, Member"
Oblivion.esm,INFO,00022BAA,,NAM1,2,,,"You must now go to the city of Cheydinhal, to the abandoned house near the eastern wall. Enter the basement, and attempt to open the black door.","이제 셰이딘홀로 이동해서, 동쪽 성벽 근처에 있는 버려진 집을 찾도록 하게. 그곳 지하실로 들어가면, 한 검은 문을 보게 될 것이네.",record,False,False,False,False,,
Oblivion.esm,INFO,00022BAA,,NAM1,3,,,"You will be asked a question. Answer thusly: ""Sanguine, my Brother."" You will gain entrance to the Sanctuary. Once inside, speak with Ocheeva.","자네는 질문을 받을 걸세. 이렇게 대답하도록. ""진홍색이지, 형제여."" 그럼 자네는 성역으로 들어갈 수 있게 되네. 들어가면, 오치바를 찾아 얘기하도록.",record,False,False,False,False,,
Oblivion.esm,INFO,00022BAA,,NAM1,4,,,"We must now take our leave of each other, you and I, for there is much work to be done. I'll be following... your progress. Welcome to the family. ",이제 우리 각자가 갈길을 가야 할 때군. 자네와 나는... 할 일이 많이 있다네. 나는 자네를 지켜보고 있도록 하지. 가족이 된 것을 환영하네.,record,False,False,False,False,,
Oblivion.esm,DIAL,00022B95,Dark01Choice5A,FULL,0,,,My life for the Brotherhood!,브라더후드를 위해 내 목숨을 바치겠습니다!,record,False,False,True,False,TOPIC_CHECK,
Oblivion.esm,INFO,00022BA9,,NAM1,0,,,"Indeed. For the slaying of Rufio was the signing of a covenant. The manner of execution, your signature. Rufio's blood, the ink.  ","참으로 그래야지. Rufio를 죽인것은 일종의 서약이네. Rufio를 죽인 방법이 자네의 서명이고, 그의 피는 자네의 잉크인게지.",record,False,True,False,False,MEDIUM,"Rufio, Rufio"
Oblivion.esm,INFO,00022BA9,,NAM1,1,,,"As a Speaker of the Black Hand, I directly oversee a particular group of family members. You will join that group, and fulfill any contracts given.","브라더후드의 스피커로서, 내가 직접적으로 감독하고 있는 Family Member들이 있지. 자네는 그 그룹에 들어가게 될거야. 그리고 주어지는 임무를 수행하면 되네.",record,False,True,False,False,MEDIUM,"Family, Member"
Oblivion.esm,INFO,00022BA9,,NAM1,2,,,"You must now go to the city of Cheydinhal, to the abandoned house near the eastern wall. Enter the basement, and attempt to open the Black Door.","이제 셰이딘홀로 이동해서, 동쪽 성벽 근처에 있는 버려진 집을 찾도록 하게. 그곳 지하실로 들어가면, 한 검은 문을 보게 될 것이네.",record,False,False,False,False,,
Oblivion.esm,INFO,00022BA9,,NAM1,3,,,"You will be asked a question. Answer thusly: ""Sanguine, my Brother."" You will gain entrance to the Sanctuary. Once inside, speak with Ocheeva.","자네는 질문을 받을 걸세. 이렇게 대답하도록. ""진홍색이지, 형제여."" 그럼 자네는 성역으로 들어갈 수 있게 되네. 들어가면, 오치바를 찾아 얘기하도록.",record,False,False,False,False,,
Oblivion.esm,INFO,00022BA9,,NAM1,4,,,"We must now take our leave of each other, you and I, for there is much work to be done. I'll be following... your progress. Welcome to the family. ",이제 우리 각자가 갈길을 가야 할 때군. 자네와 나는... 할 일이 많이 있다네. 나는 자네를 지켜보고 있도록 하지. 가족이 된 것을 환영하네.,record,False,False,False,False,,
Oblivion.esm,DIAL,00022B96,Dark01Choice4C,FULL,0,,,[Say nothing.],[아무 말도 않는다.],record,False,False,True,False,TOPIC_CHECK,
Oblivion.esm,INFO,00022BA7,,NAM1,0,,,"Please accept this token from the Dark Brotherhood. It is a virgin blade, and thirsts for blood. May it serve you well, as does your silence. ",다크브라더후드의 징표로서 이걸 받아주게나. Blade of Woe일세. 피에 대한 갈망으로 가득 차 있는 칼이지. 아마 자네의 침묵 만큼이나 자네에게 도움이 될거야.,record,False,True,False,False,MEDIUM,"Blade, of, Woe"
Oblivion.esm,INFO,00022BA7,,NAM1,1,,,"Now, I bid you farewell. I do hope we'll meet again soon.  ","자, 이제 헤어져야 할 시간이군. 우리가 조만간 다시 만나기를 바라고 있겠네.",record,False,False,False,False,,
Oblivion.esm,DIAL,00022B97,Dark01Choice4B,FULL,0,,,But I'm no murderer...,"하지만, 난 살인마가 아니오...",record,False,False,True,False,TOPIC_CHECK,
Oblivion.esm,INFO,00022BA6,,NAM1,0,,,"No? The Night Mother seems to think otherwise. Allow me to grant you a gift, in case you reconsider. It is a virgin blade, and thirsts for blood.  ","아니라구? 하지만 나이트마더께서는 다르게 생각하시지... 이 선물을 받아주게나. 자네가 생각을 고쳐먹을 경우를 대비해서 말이지. 이건 새 칼이고, 피를 목말라 하고 있다네.",record,False,False,False,False,,
Oblivion.esm,INFO,00022BA6,,NAM1,1,,,"Now, I bid you farewell. I do hope we'll meet again soon.  ","자, 이제 헤어져야 할 시간이군. 우리가 조만간 다시 만나기를 바라고 있겠네.",record,False,False,False,False,,
Oblivion.esm,DIAL,00022B98,Dark01Choice4A,FULL,0,,,Rufio will die by my hand!,루피오(Rufio)는 내손으로 죽이겠다!,record,True,True,True,False,HIGH,Rufio
Oblivion.esm,INFO,00022BA5,,NAM1,0,,,"Excellent! Now please, accept this token from the Dark Brotherhood. It is a virgin blade, and thirsts for blood. May it serve your endeavors well. ","좋아. 자 이제, 다크브라더후드의 징표로 이 칼을 받아주게. 아직 한번도 쓰여지지 않은 칼이지. 피를 목말라 하고 있을거야. 자네가 애쓰는 만큼 훌륭히 응답해 줄걸세.",record,False,False,False,False,,
Oblivion.esm,INFO,00022BA5,,NAM1,1,,,"Now, I bid you farewell. I do hope we'll meet again soon.  ","자, 이제 헤어져야 할 시간이군. 우리가 조만간 다시 만나기를 바라고 있겠네.",record,False,False,False,False,,
Oblivion.esm,DIAL,00022B99,Dark01Choice3C,FULL,0,,,[Say nothing.],[아무 말도 않는다.],record,False,False,True,False,TOPIC_CHECK,
Oblivion.esm,INFO,00022BA4,,NAM1,0,,,"So, I have your rapt attention. Splendid. Now listen closely. On the Green Road to the north of Bravil lies the Inn of Ill Omen.","좋아, 잘 듣고 있군. 장하네. 이제 잘 듣게나. Bravil북쪽의 Green Road위에 Inn of III Omen이라는 곳이 있네.",record,False,True,False,False,MEDIUM,"Bravil, Green, Road, Inn, of, III, Omen"
Oblivion.esm,INFO,00022BA4,,NAM1,1,,,"There you will find a man named Rufio. Kill him, and your initiation into the Dark Brotherhood will be complete.",그곳에서 자네는 Rufio라는 이름의 남자를 만날 수 있을거야. 그를 죽이게. 그러면 자네는 다크브라더후드에 입회하게 되는거지.,record,False,True,False,False,MEDIUM,Rufio
Oblivion.esm,INFO,00022BA4,,NAM1,2,,,"Do this, and the next time you sleep in a location I deem secure, I will reveal myself once more, bearing the love of your new family.","이 일을 마치고, 자네가 다음번 잠에서 깨어나면, 내가 한번 더 나타날 걸세. 새로운 식구에 대한 한없는 사랑을 보여주며 말이지!",record,False,False,False,False,,
Oblivion.esm,DIAL,00022B9A,Dark01Choice3B,FULL,0,,,I'm listening...,듣고 있소...,record,False,False,True,False,TOPIC_CHECK,
Oblivion.esm,INFO,00022BA3,,NAM1,0,,,"Then heed my words, for I will not repeat them. On the Green Road to the north of Bravil lies the Inn of Ill Omen.",그럼 계속 잘 듣게나. 나는 같은 말을 반복하지 않네. Bravil북쪽의 Green Road위에 Inn of III Omen이라는 곳이 있네.,record,False,True,False,False,MEDIUM,"Bravil, Green, Road, Inn, of, III, Omen"
Oblivion.esm,INFO,00022BA3,,NAM1,1,,,"There you will find a man named Rufio. Kill him, and your initiation into the Dark Brotherhood will be complete.",그곳에서 자네는 Rufio라는 이름의 남자를 만날 수 있을거야. 그를 죽이게. 그러면 자네는 다크브라더후드에 입회하게 되는거지.,record,False,True,False,False,MEDIUM,Rufio
Oblivion.esm,INFO,00022BA3,,NAM1,2,,,"Do this, and the next time you sleep in a location I deem secure, I will reveal myself once more, bearing the love of your new family.","이 일을 마치고, 자네가 다음번 잠에서 깨어나면, 내가 한번더 나타날 걸세. 새로운 식구에 대한 한없는 사랑을 보여주며 말이지!",record,False,False,False,False,,
Oblivion.esm,DIAL,00022B9B,Dark01Choice3A,FULL,0,,,"Please continue, Mr. Lachance. ","계속 하시죠, 러찬스(Lachance) 씨. ",record,True,True,True,False,HIGH,Lachance
Oblivion.esm,INFO,00022BA2,,NAM1,0,,,"Ah, I find your etiquette refreshing. Now please, listen carefully. On the Green Road to the north of Bravil lies the Inn of Ill Omen.","아, 자네는 예의가 바르군. 자 이제, 잘 들어보게나. Bravil북쪽의 Green Road위에 Inn of III Omen이라는 곳이 있네.",record,False,True,False,False,MEDIUM,"Bravil, Green, Road, Inn, of, III, Omen"
Oblivion.esm,INFO,00022BA2,,NAM1,1,,,"There you will find a man named Rufio. Kill him, and your initiation into the Dark Brotherhood will be complete.",그곳에서 자네는 Rufio라는 이름의 남자를 만날 수 있을거야. 그를 죽이게. 그러면 자네는 다크브라더후드에 입회하게 되는거지.,record,False,True,False,False,MEDIUM,Rufio
Oblivion.esm,INFO,00022BA2,,NAM1,2,,,"Do this, and the next time you sleep in a location I deem secure, I will reveal myself once more, bearing the love of your new family.","이 일을 마치고, 자네가 다음번 잠에서 깨어나면, 내가 한번더 나타날 걸세. 새로운 식구에 대한 한없는 사랑을 보여주며 말이지!",record,False,False,False,False,,
Oblivion.esm,DIAL,00022B9C,Dark01Choice2C,FULL,0,,,[Say nothing.],[아무 말도 않는다.],record,False,False,True,False,TOPIC_CHECK,
Oblivion.esm,INFO,00022BA1,,NAM1,0,,,"You prefer silence, then? As do I, my dear child. As do I. For is silence not the symphony of death, the orchestration of Sithis himself?","침묵을 선호하는 건가? 나도 그렇다네. 나의 아이여, 나도 그렇지. 침묵은 죽음의 교향곡이자 Sitihs의 오케스트라지!",record,False,True,False,False,MEDIUM,Sitihs
Oblivion.esm,INFO,00022BA1,,NAM1,1,,,"Ironic, then, that I come to you now as Speaker for the Dark Brotherhood. My name is Lucien Lachance, and my voice is the will of the Night Mother.","아이러니하게도, 지금 나는 다크브라더후드의 스피커로서 자네에게 와있네. 내 이름은 Lucien Lachance. 나의 말은 곧 나이트 마더의 의지일세.",record,False,True,False,False,MEDIUM,"Lucien, Lachance"
Oblivion.esm,INFO,00022BA1,,NAM1,2,,,"She's been watching you. Observing as you kill, admiring as you end life without pity or remorse. The Night Mother is most pleased...",그녀는 자네를 지켜보고 계셨어. 자네의 살인을 보시고 동정심이나 후회없이 생명을 앗아가는 자네의 모습에 경의를 표하셨네. 나이트마더께서는 정말로 기뻐하시고 계셔.,record,False,False,False,False,,
Oblivion.esm,INFO,00022BA1,,NAM1,3,,,That is why I stand here before you. I bear an offering. An opportunity... to join our rather unique family...  ,그게 내가 여기 와있는 이유지. 나는 자네에게 '제안'을 하러 왔네. 일종의...기회지. 좀 특별한 '가족'의 일원이 될 수 있는 기회야.,record,False,False,False,False,,
Oblivion.esm,DIAL,00022B9D,Dark01Choice2B,FULL,0,,,Explain yourself. Now.,설명해 보시오. 당장.,record,False,False,True,False,TOPIC_CHECK,
Oblivion.esm,INFO,00022BA0,,NAM1,0,,,"In due time, dear child. In due time. First, an introduction. I am Lucien Lachance, Speaker for the Dark Brotherhood. ","그건 때가 되면 하는걸세. 때가 되면. 그럼 소개를 해볼까? 내 이름은 Lucien Lachance이며, 난 다크브라더후드의 Speaker이지.",record,False,True,False,False,MEDIUM,"Lucien, Lachance, Speaker"
Oblivion.esm,INFO,00022BA0,,NAM1,1,,,"And you, you are a cold-blooded killer, capable of taking life without mercy or remorse. The Night Mother has been watching, and she is most pleased.","그리고 자네는, 자네는 차가운 피를 가진 살인자지. 일말의 자비나 후회도 없이 생명을 앗을 수 있는 사람, 나이트 마더께서 지켜보고 계셨네. 그리고 매우 기뻐하셨지.",record,False,False,False,False,,
Oblivion.esm,INFO,00022BA0,,NAM1,2,,,"And so, here I am. I come to you with an offering. An opportunity... to join our rather unique family.  ",그게 내가 여기 와있는 이유지. 나는 자네에게 '제안'을 하러 왔네. 일종의...기회지. 좀 특별한 '가족'의 일원이 될 수 있는 기회야.,record,False,False,False,False,,
Oblivion.esm,DIAL,00022B9E,Dark01Choice2A,FULL,0,,,[gasp!] Who... Who are you?  ,[헉!] 누... 누구냐? ,record,False,False,True,False,TOPIC_CHECK,
Oblivion.esm,INFO,00022B9F,,NAM1,0,,,"I am Lucien Lachance, a Speaker for the Dark Brotherhood. And you, you are a killer. A taker of life. A harvester of souls.","나는 Lucien Lachance일세. 다크브라더후드의 스피커지. 그리고 자네는, 자네는 살인자지. 삶을 앗아가는 사람! 영혼의 추구꾼",record,False,True,False,False,MEDIUM,"Lucien, Lachance"
Oblivion.esm,INFO,00022B9F,,NAM1,1,,,"Your work, your deathcraft, pleases the Night Mother. And so, I come to you with an offering. An opportunity... to join our rather unique family.","자네가 한 일, 자네의 살인 기술, 이것들은 나이트마더께서 기뻐하시게 만들었네. 그게 내가 여기 와있는 이유지. 나는 자네에게 '제안'을 하러 왔네. 일종의 기회지. 좀 특별한 '가족'의 일원이 될 수 있는 기회야.",record,False,False,False,False,,
Oblivion.esm,DIAL,00022BCE,MG09Choice4C,FULL,0,,,I see.,알겠소.,record,False,False,True,False,TOPIC_CHECK,
Oblivion.esm,INFO,00022BD9,,NAM1,0,,,We simply wanted to survey the situation in Skingrad. Our relationship with Hassildor is tenuous at best.,우리는 그저 스킨그라드의 상황을 알고 싶었을 뿐이야. 우리와 Hassildor의 관계는 그리 깊지 못하니 말일세.,record,False,True,False,False,MEDIUM,Hassildor
Oblivion.esm,INFO,00022BD9,,NAM1,1,,,"The Council has agreed to keep his nature a secret, and in exchange he occasionally provides us with useful information.","Council은 그의 정체를 숨겨주기로 동의했고, 그 대가로 그가 우리에게 종종 쓸만한 정보를 주기로 했다네.",record,False,True,False,False,MEDIUM,Council
Oblivion.esm,DIAL,00022BCF,MG09Choice5B,FULL,0,,,Why does Hassildor aid you?,하실도르(Hassildor)가 왜 당신을 도와 주는가?,record,True,True,True,False,HIGH,Hassildor
Oblivion.esm,INFO,00022BD8,,NAM1,0,,,"As a vampire, the Count has few allies he can trust.","뱀파이어로써, 백작은 별로 믿을수 있는 사람이 없어.",record,False,False,False,False,,
Oblivion.esm,INFO,00022BD8,,NAM1,1,,,"He has disguised his nature from most, but cannot hide it from the Council of Mages. So, he approached us with an accord.",그는 대부분의 사람들로부터 자신의 정체를 숨기는데 성공했지만 council의 메이지들은 속일 수 없었지. 그래서 그가 우리쪽에 제안을 한거야.,record,False,True,False,False,MEDIUM,council
Oblivion.esm,INFO,00022BD8,,NAM1,2,,,"As you have seen, that agreement is under a great deal of strain lately. The Count does not agree with certain policies the guild has established.","자네가 이미 보았듯이, 그 거래라는 것이 요즘들어 상당히 뒤틀려 버려서 말이야. 백작은 길드가 설정한 몇몇 방침에 찬성하지 않는 입장이야.",record,False,False,False,False,,
Oblivion.esm,DIAL,00022BD0,MG09Choice5A,FULL,0,,,You protect a vampire?,뱀파이어를 보호하나?,record,False,False,True,False,TOPIC_CHECK,
Oblivion.esm,INFO,00022BD7,,NAM1,0,,,"It's not quite that simple. Hassildor is powerful, to be sure, but the Council does not consider him to be a threat.",이건 그리 간단한 일이 아닐세. Hassildor는 강력하네. 그러나 council은 그가 위협이 될 거라고는 생각하지 않지. ,record,False,True,False,False,MEDIUM,"Hassildor, council"
Oblivion.esm,INFO,00022BD7,,NAM1,1,,,"After all, he has ruled over Skingrad for quite some time without incident.",어쨋든 그는 꽤 오래동안 스킨그라드를 별 문제없이 잘 다스려 왔으니 말일세.,record,False,False,False,False,,
Oblivion.esm,DIAL,00022BD1,MG09Choice4B,FULL,0,,,Why was I sent to Skingrad?,스킨그라드(Skingrad)로 나를 보낸 이유는?,record,True,True,True,False,HIGH,Skingrad
Oblivion.esm,INFO,00022BD6,,NAM1,0,,,"Arch-Mage Traven feared that sending a high-ranking official with the guild might draw too much attention, and provoke a reaction from the Count.",Arch-Mage Traven은 너무 높은 신분의 길디원을 보내면 너무 많은 주의를 끄는데다가 백작의 심기를 건드릴 수 있다고 생각하셨다네.,record,False,True,False,False,MEDIUM,"Arch-Mage, Traven"
Oblivion.esm,INFO,00022BD6,,NAM1,1,,,"We were also concerned that it might drive any Necromancers in the area underground, making them more difficult to root out.",우리는 그게 그 지역의 네크로맨서들을 지하로 숨게 만들어 찾기 힘들어 질 것도 우려하고 있었어.,record,False,False,False,False,,
Oblivion.esm,DIAL,00022BD2,MG09Choice4A,FULL,0,,,Why didn't you tell me the truth?,왜 진실을 말해주지 않은 겁니까?,record,False,False,True,False,TOPIC_CHECK,
Oblivion.esm,INFO,00022BD5,,NAM1,0,,,The Count's unique nature is not public knowledge. The Council wishes to keep it that way.,백작의 특이한 상태는 대중에게 알려져 있지 않네. 의원회도 지금과 같이 유지되길 바라고.,record,False,False,False,False,,
Oblivion.esm,INFO,00022BD5,,NAM1,1,,,"At the time, it was believed there was no reason to inform you, since it was not crucial to the task you were given.",그때는 자네에게 설명해야 할 필요를 느끼지 못했네. 자네에게 준 임무가 그렇게 위험한 것이라고는 생각하지 않았거든.,record,False,False,False,False,,
Oblivion.esm,INFO,00022BD5,,NAM1,2,,,"For that reason, I was unable to disclose more about his true identity to you. Clearly that judgment was in error. I apologize.","그런 이유로, 그의 진짜 정체에 대해 자네에게 알려주지 않았던 걸세. 확실히 그 판단은 잘못되었군. 사과하겠네.",record,False,False,False,False,,
Oblivion.esm,INFO,00022BD4,,NAM1,0,,,Gods! It's the Count! Run!,이런 세상에! 백작이 왔다! 도망쳐!,record,False,False,False,False,,
Oblivion.esm,DIAL,00022BDB,MG09Choice5C,FULL,0,,,So you no longer trust him.,그러면 당신은 더이상 그를 신뢰하지 않는군요.,record,False,False,True,False,TOPIC_CHECK,
Oblivion.esm,INFO,00022BDD,,NAM1,0,,,"We feared Hassildor may have been involved with the Necromancers. Thanks to your involvement, it would seem that he is not.",우리는 Hassildor가 네크로맨서들과 관계가 있을까 의심했네. 자네 덕분에 그렇지 않다는 것을 알수 있었네.,record,False,True,False,False,MEDIUM,Hassildor
Oblivion.esm,INFO,00022BDD,,NAM1,1,,,"At least, not for the moment. We will continue to monitor the situation, but I assure you we will make no further attempts to mislead you.","적어도, 지금은 말일세. 우리는 계속 상황을 주시할 테지만 다시는 자네를 잘못 이끌 일은 없을거야.",record,False,False,False,False,,
Oblivion.esm,INFO,00022BDD,,NAM1,2,,,"You have done your job admirably, and I thank you for it.",자네는 일을 아주 잘 처리해 줬어. 거기에 대해 감사를 표하네.,record,False,False,False,False,,
Oblivion.esm,INFO,00022CF6,,NAM1,0,,,So. You want to become one of the Chosen of Mehrunes Dagon.,"그래, 너는 메르네스 데이건(Mehrunes Dagon)에게 선택받기를 원하는군.",record,True,True,False,False,HIGH,"Mehrunes, Dagon"
Oblivion.esm,INFO,00022DA6,,NAM1,0,,,The Path of Dawn is difficult. But the rewards are great.,여명에 이르는 길은 험하도다. 하지만 그 대가는 위대하리라.,record,False,False,False,False,,
Oblivion.esm,INFO,00022DA7,,NAM1,0,,,"I have the book you seek. With it and the Master's three other books, you will possess the key to enlightenment.","네가 찾는 책을 가지고 있지. 그 책과 마스터의 다른 책들을 통해, 깨달음에 이르는 열쇠를 얻게 될 것이야.",record,False,False,False,False,,
Oblivion.esm,INFO,00022DA8,,NAM1,0,,,"But do you have the wit and strength to use the key that you have been given? If so, I will see you next at Dagon's Shrine.","하지만 네가 주어진 열쇠를 사용할 지혜와 힘을 가지고 있을지? 있다면, 다음 번엔 널 데이건(Dagon) 성지에서 만나게 되겠지.",record,True,True,False,False,HIGH,Dagon
Oblivion.esm,INFO,00095898,,NAM1,0,,,"Yes, I think you may...","그래, 난 네가... ",record,False,False,False,False,,
Oblivion.esm,INFO,00095899,,NAM1,0,,,Wait! I've seen you before! You're the Blade that Brother Astav was tailing!,잠깐! 널 본적이 있어! 넌 아스타프 형제(Brother Astav)가 뒤쫓던 블레이드가 아닌가!,record,True,True,False,False,HIGH,"Brother, Astav"
Oblivion.esm,INFO,00022DA9,,NAM1,0,,,You were told to sit down. Are you incapable of following such simple instructions?,앉으라고 얘기했을 텐데. 그런 단순한 지시도 못 따를 정도로 멍청한가?,record,False,False,False,False,,
Oblivion.esm,INFO,00022DAA,,NAM1,0,,,Take a seat.,앉으라.,record,False,False,False,False,,
Oblivion.esm,INFO,00022DAB,,NAM1,0,,,Sit down. Now. My patience is not unlimited.,앉으라고 말했다. 내 참을성엔 한계가 있어.,record,False,False,False,False,,
Oblivion.esm,INFO,00022EF2,,NAM1,0,,,I'm afraid you have failed the first test. There are no second chances in Lord Dagon's service.,너는 첫 번째 시험에 실패했다. 데이건(Dagon) 군주의 법에 두 번째 기회란 없다.,record,True,True,False,False,HIGH,Dagon
Oblivion.esm,INFO,00022DAC,,NAM1,0,,,"I told you to come alone! Brothers, kill them!!","혼자 오라고 했을 텐데! 형제들이여, 저들을 죽여라!!",record,False,False,False,False,,
Oblivion.esm,INFO,00022EF3,,NAM1,0,,,"Brothers, kill this pretender!","형제들이여, 이 침입자들을 죽여라!",record,False,False,False,False,,
Oblivion.esm,INFO,00024E6A,,NAM1,0,,,There's someone else here!,여기 다른 누가 있다!,record,False,False,False,False,,
Oblivion.esm,DIAL,00022CC7,MQ05PlanAInsist,FULL,0,,,"No, I'll meet the Sponsor.","아니, 내가 만나러 갈게.",record,False,False,True,False,TOPIC_CHECK,
Oblivion.esm,INFO,00022CF5,,NAM1,0,,,"Very well. We'll do it your way. Be careful, and remember, we can't leave here without that book. It's our best chance of getting the Amulet back.","정 그렇다면 좋아, 네가 가. 조심하고 하나만 명심해. 그 책 없이 돌아갈 순 없어. 이건 아뮬렛을 되찾을 최상의 기회야.",record,False,False,False,False,,
Oblivion.esm,DIAL,00022CC8,MQ05PlanC,FULL,0,,,I'm not ready yet.,아직 준비가 안 됐습니다.,record,False,False,True,False,TOPIC_CHECK,
Oblivion.esm,INFO,00022CF4,,NAM1,0,,,"Well, don't take too long. I don't think they'll like it if they realize you didn't come alone.",너무 오래 끌지는 마. 놈들이 혼자가 아니란 걸 눈치채면 일이 어려워져.,record,False,False,False,False,,
Oblivion.esm,DIAL,00022CC9,MQ05PlanB,FULL,0,,,Alright. I'll cover you.,좋아. 엄호할게.,record,False,False,True,False,TOPIC_CHECK,
Oblivion.esm,INFO,00022CF3,,NAM1,0,,,"Good. Remember, we must not leave here without the book. It's our best chance of finding the Amulet.","좋아, 이거 하나만 명심해. 그 책 없이 돌아갈 순 없어. 이건 아뮬렛을 되찾을 최상의 기회야.",record,False,False,False,False,,
Oblivion.esm,DIAL,00022CCA,MQ05PlanA,FULL,0,,,I'll meet the Sponsor.,내가 만나러 갈게.,record,False,False,True,False,TOPIC_CHECK,
Oblivion.esm,INFO,00022CF2,,NAM1,0,,,"No, it should be me. I have a blood debt to repay these Mythic Dawn assassins. Besides, I've trained for this kind of thing my whole life.","아냐, 내가 가야 해. 미식 던(Mythic Dawn) 암살자들에게 갚아야 할 빚이 있어. 그리고 난 평생 이런 훈련을 받아왔어.",record,True,True,False,False,HIGH,"Mythic, Dawn"
Oblivion.esm,DIAL,00022CCB,ImperialSewers,FULL,0,,,Sewers,하수구,record,False,False,True,False,TOPIC_CHECK,
Oblivion.esm,INFO,00022CF1,,NAM1,0,,,The sewers run underneath the whole Imperial City. There are access points in every district.,하수구는 전 임페리얼시티 지하를 흐르고 있지. 모든 지구의 접근통로인 셈이지.,record,False,False,False,False,,
Oblivion.esm,INFO,00022CF1,,NAM1,1,,,"The Blades have occasion to use them in our undercover work, as well as a means to move around the city without attracting attention.","블레이드는 비밀을 요하거나 특히, 은밀히 움직일 필요가 있을 때 그곳을 이용하기도 해.",record,False,False,False,False,,
Oblivion.esm,DIAL,00022DAE,TG11StolenElderScroll,FULL,0,,,Stolen Elder Scroll,도둑맞은 엘더 스크롤,record,False,False,True,False,TOPIC_CHECK,
Oblivion.esm,DIAL,00022DAF,TG11LastHeist,FULL,0,,,The last heist?,최후의 강도?,record,False,False,True,False,TOPIC_CHECK,
Oblivion.esm,INFO,0001FB4F,,NAM1,0,,,This is the big one. This is the heist that will be written about and talked about for decades to come.,이건 매우 큰 건이야. 이건 앞으로 후손들에게 쓰여지고 이야기가 될 절도가 될 거야.,record,False,False,False,False,,
Oblivion.esm,INFO,0001FB4F,,NAM1,1,,,We are going to steal one of the Elder Scrolls from the Imperial Palace. Are you ready for this challenge?,우리는 임페리얼 궁전의 엘더스크롤을 훔치려고 한다네. 이 도전을 할 준비가 되었는가?,record,False,False,False,False,,
Oblivion.esm,DIAL,00022DFC,TG11WhatNow,FULL,0,,,So what happens now?,그래서 이번엔 무슨 일이오?,record,False,False,True,False,TOPIC_CHECK,
Oblivion.esm,INFO,00022E1E,,NAM1,0,,,"Ah! Still thinking about your reward, eh? I have not forgotten you or your loyal service to the Thieves Guild. You'll just have to trust me.","아! 자네 보상에 대해서 생각하는군, 그치? 난 자네와 도둑 길드를 위한 자네의 충성스런 공헌을 잊지 않고 있다네. 그냥 날 믿기만 하면 돼.",record,False,False,False,False,,
Oblivion.esm,INFO,00022E1E,,NAM1,1,,,Give this ring to Countess Umbranox in Anvil. Say nothing about me to her. I need to know how she reacts to it. It may provoke anger or tears.,이 반지를 앤빌의 움브라녹스(Umbranox) 백작부인에게 가져가게. 나에 대해서는 한마디도 하지 말고. 난 그녀가 어떻게 반응하는지 알고 싶다네. 아마도 분노나 눈물을 자극하겠지.,record,True,True,False,False,HIGH,Umbranox
Oblivion.esm,INFO,00022E1E,,NAM1,2,,,"If she asks, just tell her a stranger wanted her to have it. Then report back to me on her reaction.","만약 그녀가 물어보면, 단지 한 이방인이 그녀가 가지길 원한다고만 말하게. 그리고 그녀의 반응을 나에게 보고해주게.",record,False,False,False,False,,
Oblivion.esm,DIAL,00022DFD,TG11Reward,FULL,0,,,How much is the buyer paying?,그 구매자는 얼마나 준답니까?,record,False,False,True,False,TOPIC_CHECK,
Oblivion.esm,INFO,00022E1D,,NAM1,0,,,"There is no buyer. This is for glory, not for money. Our names will become legend. I also have a personal need for this particular scroll.","구매자는 없다네. 이건 영광의 문제이며, 돈의 문제가 아니야. 우리의 이름은 전설이 될 거야. 또 나는 개인적으로 이 스크롤이 필요해서 말이지.",record,False,False,False,False,,
Oblivion.esm,INFO,00022E1D,,NAM1,1,,,"As for your compensation, I ask you to trust me. If my plan works, you will get a reward worth far more than mere money. Will you do it?","자네 보상에 대해서는 날 믿어달라고 해야겠군. 내 계획이 성공한다면, 단순히 돈보다 휠씬 더 가지 있는 보상을 얻게 될 거야. 이것을 하겠는가?",record,False,False,False,False,,
Oblivion.esm,DIAL,00022E4A,MS37JulienneBook,FULL,0,,,Where can I find this book?,어디서 그 책을 찾을 수 있나요?,record,False,False,True,False,TOPIC_CHECK,
Oblivion.esm,INFO,00022E64,,NAM1,0,,,I think I saw a copy last time I was at The First Edition Bookshop in the Market District.,제가 마지막으로 복사 본을 본 것이 Market District의 The First Edition Bookshop이랍니다.,record,False,True,False,False,MEDIUM,"Market, District, The, First, Edition, Bookshop"
Oblivion.esm,DIAL,00022E4B,MS37JulienneAmazing,FULL,0,,,Amazing.,놀랍군.,record,False,False,True,False,TOPIC_CHECK,
Oblivion.esm,INFO,00022E63,,NAM1,0,,,"Yes, indeed. Legend has it that Garridan found the Ewer, and that it was guarded by a fearsome creature. It is also said that the creature froze him.","네, 그렇지요. 전설에 따르면 개리든이 물병을 찾긴 했지만, 엄청나게 공포스러운 존재가 지키고 있었다 합니다. 전설에 따르면 그 존재가 개리든을 얼려버렸다고 하죠.",record,False,False,False,False,,
Oblivion.esm,INFO,00022E63,,NAM1,1,,,"When Garridan realized his quest was a failure, and he wouldn't be able to return and save the farmers, he began to shed some tears.","임무가 실패로 끝났고, 자신도 돌아가지 못할 것이고, 농부들도 구할 수 없다는 걸 알게 되자, 개리든은 눈물을 흘렸다고 합니다.",record,False,False,False,False,,
Oblivion.esm,INFO,00022E63,,NAM1,2,,,"As the ice enveloped him, some of his tears were frozen as well. Some even say that the Divine, Mara, took pity on the poor knight.","얼음이 그를 둘러싸면서, 그의 눈물도 얼어붙었죠. 소문에 따르면 디바인이신, 마라 여신께서 그 불쌍한 기사에게 동정을 보였다고 합니다.",record,False,False,False,False,,
Oblivion.esm,INFO,00022E63,,NAM1,3,,,"To commemerate his kind heart, she imbued the Tears with some sort of magical power. That's only rumor though.","그의 따스한 마음을 기리기 위해, 여신이 그 눈물에 마법의 힘을 부여 했다고 합니다. 그것이 전해 내려오는 이야기죠",record,False,False,False,False,,
Oblivion.esm,INFO,00022E63,,NAM1,4,,,"You know, if you're really interested in more, there's a book I read once called ""Knightfall."" It may have more about Garridan.","혹시, 흥미가 있다면, '기사의 최후'라는 책이 있습니다. 거기에 아마 개리든의 이야기가 더 실려있을 겁니다.",record,False,False,False,False,,
Oblivion.esm,DIAL,00022E4C,MS37JulienneTears,FULL,0,,,"Please, I wish to hear it.","제발, 듣고 싶습니다.",record,False,False,True,False,TOPIC_CHECK,
Oblivion.esm,INFO,00022E62,,NAM1,0,,,"Certainly. Garridan was a knight who lorded over a small village of peaceful farmers. One harvest summer, there was a horrible drought.","확실히, 그는 평화로운 농지의 영주이자 기사였습니다. 어느 수확의 계절인 여름날, 끔찍한 가뭄이 생긴거죠.",record,False,False,False,False,,
Oblivion.esm,INFO,00022E62,,NAM1,1,,,"The farmers appealed to Garridan to discover a solution. He spent a week consulting with sages, until one of them mentioned a possibility.",농부들은 영주에게 해결책을 마련해 달라고 간청했습니다. 그는 몇주간 현자들중 한명이 가능성에 대해 말해주기를 기다리며 그 일의 해결을 의뢰 했지요.,record,False,False,False,False,,
Oblivion.esm,INFO,00022E62,,NAM1,2,,,"The sage told him of an artifact called the Everflow Ewer. The vessel, which looked like a silver pitcher, was said to supply endless water.","한 현자가 그에게 ""Everflow Ewer""라고 불리우는 유물에 대해 말했어요. 물이 끝없이 나오는 항아리 모양을 한 은으로 된 물주전자 였죠.",record,False,True,False,False,MEDIUM,"Everflow, Ewer"
Oblivion.esm,DIAL,00022E4D,GarridansTears,FULL,0,,,Garridan's Tears,개리든의 눈물,record,False,False,True,False,TOPIC_CHECK,
Oblivion.esm,INFO,00022F11,,NAM1,0,,,You actually found them? Interesting. I'll have to make a note of that.,당신이 정말 그것을 찾았나요? 흥미롭네요. 메모해야겠어요.,record,False,False,False,False,,
Oblivion.esm,INFO,000980F0,,NAM1,0,,,"Sorry, can't help you with that.","미안해요, 그것에 대해선 당신을 도울 수가 없군요.",record,False,False,False,False,,
Oblivion.esm,INFO,000980F1,,NAM1,0,,,"Sorry, I can no longer help you with that.",미안하구먼. 그것에 대해선 더 이상 자넬 도울 수가 없다네.,record,False,False,False,False,,
Oblivion.esm,INFO,00022F13,,NAM1,0,,,They're the pride of my collection.,그것들은 내 수집품의 자랑이라네.,record,False,False,False,False,,
Oblivion.esm,INFO,00022E54,,NAM1,0,,,"I wish I could tell you more about them, but that's all I remember from speaking to my colleagues here at the University.",당신에게 더 알려주고 싶지만 그게 제가 여기 대학 동료들로부터 들은 기억의 전부랍니다.,record,False,False,False,False,,
Oblivion.esm,INFO,00022E55,,NAM1,0,,,"You aren't the first person to go looking for those. Quite a remarkable story, really. I know a bit about it.",그것에 대해 물어 본 사람이 당신이 처음은 아니지요. 아주 인상적인 이야기랍니다. 사실 저는 부분만을 알고 있죠.,record,False,False,False,False,,
Oblivion.esm,INFO,0014C732,,NAM1,0,,,They're the pride of my collection.,저것들은 내 수집품의 자랑이라네.,record,False,False,False,False,,
Oblivion.esm,INFO,00022F14,,NAM1,0,,,You found five of the Tears? Fantastic! This turned out better than I expected. Perhaps a little bit of a bonus is in order.,그 눈물 다섯 개를 찾았다고? 환상적이군! 이거 내 예상을 뛰어넘는군. 소정의 보너스가 있네.,record,False,False,False,False,,
Oblivion.esm,INFO,00026BC2,,NAM1,0,,,There isn't much else I can do to equip you for this journey. Only to wish you luck.,이 여행을 위해 자네가 장비를 갖추는 일에 내가 더 이상 해줄 수 있는 게 없구먼. 단지 자네의 행운을 빌 뿐이네.,record,False,False,False,False,,
Oblivion.esm,INFO,00022F17,,NAM1,0,,,"Well, if what you learned is accurate, then you must protect yourself. It sounds like the cold in the glade is so severe that it could harm you.","자, 자네가 배운 것이 정확하다면 자넨 스스로를 지켜야 하네. 그 빈터의 추위는 자넬 해할 수 있을 만큼 아주 혹독한 것 같으니까.",record,False,False,False,False,,
Oblivion.esm,INFO,00022F17,,NAM1,1,,,Perhaps these potions will help.,아마도 이 약들이 도움이 될 게야.,record,False,False,False,False,,
Oblivion.esm,INFO,00022F18,,NAM1,0,,,"After you read the book, I'll help in any way that I can.",그 책을 읽은 후에 내가 할 수 있는 도움을 주겠네.,record,False,False,False,False,,
Oblivion.esm,INFO,00022E56,,NAM1,0,,,Interesting. I didn't know that much history about the Tears. I suggest you go find that book Julienne mentioned. It sounds ideal.,재미있군. 난 그 눈물에 그런 역사기 있는 줄 몰랐네. Julienne가 언급한 책을 찾아 봐. 그게 이상적일 듯 하구먼.,record,False,True,False,False,MEDIUM,Julienne
Oblivion.esm,INFO,00022E58,,NAM1,0,,,"The Tears are small crystals, bluish in appearance. Quite beautiful I'd imagine.",그 눈물들은 외관상으론 푸른 빛을 띈 작은 크리스탈이라네. 내가 상상할 때 정말 아름다울 것 같아.,record,False,False,False,False,,
Oblivion.esm,INFO,00022E60,,NAM1,0,,,The Tears are not just a namesake. They're literally the frozen tears of a knight named Garridan Stalrous who lived many years ago.,그 눈물은 비유로 그렇게 불리는 게 아닙니다. 진짜로 오래전 살았던 기사 개리든 스탈루스의 눈물이 얼어붙은 것이라고 하죠.,record,False,False,False,False,,
Oblivion.esm,INFO,00022E60,,NAM1,1,,,"I'm not certain what happened to the knight, or why the tears were frozen, but I do know someone you could ask.","그 기사에게 무슨 일이 있었는지는 모르고, 왜 눈물이 얼었는지도 모르지만, 당신이 누구를 찾아야 하는지는 알고 있습니다.",record,False,False,False,False,,
Oblivion.esm,INFO,00022E60,,NAM1,2,,,Seek out Julienne Fanis at the Arcane University in the Imperial City. She oversees the Alchemy Headquaters there.,임페리얼 씨티의 아케인 유니버스티에서 Julienne Fanis를 찾아 보게. 그녀는 그 곳 알케미 부서에서 일을 총괄 하고 있다네.,record,False,True,False,False,MEDIUM,"Julienne, Fanis"
Oblivion.esm,INFO,00022E60,,NAM1,3,,,"If anyone can help you get more information about these crystals, she can.","만약 누가 그 수정에 대한 정보를 줄 수 있다면, 바로 그녀일 겁니다.",record,False,False,False,False,,
Oblivion.esm,DIAL,00022E4E,MS37SdrassaNoHelp,FULL,0,,,Perhaps later.,나중에 보자.,record,False,False,True,False,TOPIC_CHECK,
Oblivion.esm,INFO,00022E5E,,NAM1,0,,,"Very well. If you change your mind, I'll be here.",할 수 없지. 마음이 바뀌면 다시 찾아주게나.,record,False,False,False,False,,
Oblivion.esm,DIAL,00022E4F,MS37SdrassaAcquire,FULL,0,,,What did you have in mind?,어떻게 하면 되겠소?,record,False,False,True,False,TOPIC_CHECK,
Oblivion.esm,INFO,00022E5D,,NAM1,0,,,"Straight to the point, eh? Good, I like that.","바로 본론으로 들어가자구, 어? 좋아. 나도 그게 좋아.",record,False,False,False,False,,
Oblivion.esm,INFO,00022E5D,,NAM1,1,,,"I'm searching for some specific crystals known as Garridan's Tears. If you can locate these objects for me, I'd pay handsomely for each one.",나는 Garridan's Tears 라고 알려진 크리스탈 종류를 찾고 있다네 이것을 가져다 주면 아주 크게 보상하겠네.,record,False,True,False,False,MEDIUM,"Garridan's, Tears"
Oblivion.esm,DIAL,00022E50,MS37SdrassaHelp,FULL,0,,,Certainly. Please proceed.,그래. 계속 이야기해 보시오.,record,False,False,True,False,TOPIC_CHECK,
Oblivion.esm,INFO,00022E5F,,NAM1,0,,,Wonderful! I had a good feeling about you from the moment that I saw you.,좋아! 나는 당신을 본 첫인상에서 좋은 느낌을 받았거든..,record,False,False,False,False,,
Oblivion.esm,INFO,00022E5F,,NAM1,1,,,"I want you to bring to me as many of Garridan's Tears as you can find. If you do, I will pay you a fair bounty in gold for each one.","나는 자네가 그 ""Garridan's Tears""를 최대한 많이 찾아 오기를 바라네. 그렇게 해준다면, 개당 좋은 보상을 할걸세.",record,False,True,False,False,MEDIUM,"Garridan's, Tears"
Oblivion.esm,INFO,00022E5F,,NAM1,2,,,"I confess I have a weakness for crystals of a magical nature, and I must add these to my collection.",나는 자연적인 마법이 깃들은 크리스탈에 사족을 못쓴다네. 그래서 그것을 내 수집품에 추가 하고 싶은 걸세.,record,False,False,False,False,,
Oblivion.esm,INFO,00022E5F,,NAM1,3,,,"This is a personal errand, you must understand. Just between you and I. The Mages Guild has nothing to do with it.","이것은 자네와 나사이의 개인적인 심부름이라네, 이것을 알아야 하네, 메이지길드와는 별개의 일일세.",record,False,False,False,False,,
Oblivion.esm,DIAL,00022E66,TG11RejectCowl,FULL,0,,,I don't want the cowl's curse.,전 가면의 저주를 원하지 않습니다.,record,False,False,True,False,TOPIC_CHECK,
Oblivion.esm,INFO,00022E8C,,NAM1,0,,,The curse has been broken. Of course the thieves will only recognize you as their guildmaster when you wear the cowl.,저주는 마침내 깨졌지. 물론 도둑들은 자네가 오직 가면을 쓰고 있을 때에만 길드 마스터로 자네를 인지할 걸세.,record,False,False,False,False,,
Oblivion.esm,INFO,00022E8C,,NAM1,1,,,"However, when you remove the cowl, eveyone will know you as yourself. Fortunately, the cowl still has the power to hide your alter ego from them.","하지만, 당신이 가면을 쓰지 않으면, 모두들 당신을 당신 자체로 인식할거에요. 다행히도, 가면은 여전히 그들로부터 당신을 숨겨줄 수 있는 힘을 가지고 있어요.",record,False,False,False,False,,
Oblivion.esm,INFO,00022E8C,,NAM1,2,,,"They will not realize that you are the same person that just took off the cowl. To them, the Gray Fox just vanished into thin air.","그들은 자네가 가면을 벗은 똑같은 인물이라는 사실을 알아차릴 수 없겠지. 그들에겐, 그레이 폭스는 허공으로 증발해 버린 존재가 되는 걸세.",record,False,False,False,False,,
Oblivion.esm,DIAL,00022E67,TG11HistoryChanged,FULL,0,,,What is different?,달라진 점은?,record,False,False,True,False,TOPIC_CHECK,
Oblivion.esm,INFO,00022E8B,,NAM1,0,,,"If Emer Dareloth had not stolen Nocturnal's Cowl, the Thieves Guild would never have fallen on such hard times.","만약 에메르 다렐로스가 녹터널의 가면을 훔치지 않았다면, 도둑 길드가 지금과 같이 험난한 때를 맞이하지는 않았겠지.",record,False,False,False,False,,
Oblivion.esm,INFO,00022E8B,,NAM1,1,,,"Because of the curse, he was unable to operate in the normal world of business and society. He could only act as the guild's figurehead.","그 저주 때문에, 그는 평범한 세상과 사회에서 평범한 일을 할 수가 없었던 거지. 그는 오직 길드의 상징으로써만 제대로 활동할 수 있었다네.",record,False,False,False,False,,
Oblivion.esm,INFO,00022E8B,,NAM1,2,,,"That has been undone. If you go to the Imperial City, you will find that the Thieves Guild has a guild hall on the site of the ruins of Dareloth.","그 모든 것도 오늘로 끝이라네. 임페리얼 시티로 가 보면, 다렐로스의 유적지에 도둑 길드가 길드 전당을 갖고 있는 걸 보게 될 거야.",record,False,False,False,False,,
Oblivion.esm,DIAL,00022E68,TG11TalkToMillona,FULL,0,,,TG11Talk1,TG11대화 1,record,False,True,True,False,TOPIC_CHECK,TG
Oblivion.esm,INFO,00022E7C,,NAM1,0,,,By the power of the Elder Scrolls I name Emer Dareloth as the true thief of Nocturnal's Cowl.,엘더 스크롤의 힘으로 나는 Emer Dareloth를 Nocturnal's Cowl의 진정한 도둑으로 명명합니다.,record,False,True,False,False,MEDIUM,"Emer, Dareloth, Nocturnal's, Cowl"
Oblivion.esm,DIAL,00022E69,TG11Mistake,FULL,0,,,My mistake. I'll go now.,내 실수요. 지금 가겠소.,record,False,False,True,False,TOPIC_CHECK,
Oblivion.esm,DIAL,00022E6A,TG11BegMillona,FULL,0,,,"I beg you, for you own sake.",부탁입니다. 당신을 위해서요.,record,False,False,True,False,TOPIC_CHECK,
Oblivion.esm,DIAL,00022E6B,TG11GiveRing,FULL,0,,,Take it. It's a gift from a Stranger.,받으시지요. 한 이방인의 선물입니다.,record,False,False,True,False,TOPIC_CHECK,
Oblivion.esm,INFO,00022E71,,NAM1,0,,,My husband's wedding ring! I never thought to see it again. What I wouldn't give to see him once more.,제 남편의 결혼 반지! 이걸 다시 보게 될 줄은 몰랐는데요. 남편을 다시 보게 되어도 이것만큼은 드릴 수 없죠.,record,False,False,False,False,,
Oblivion.esm,DIAL,00022E6C,TG11StrangersRing,FULL,0,,,The Stranger's Ring,이방인의 반지(The Stranger's Ring),record,True,True,True,False,HIGH,"The, Stranger's, Ring"
Oblivion.esm,INFO,00022E6E,,NAM1,0,,,"This ring belonged to my husband! He has been missing for over 10 years. For some reason, his name and face escape me at the moment.","이 반지는 남편 소유였어요! 그는 10년 전에 실종되었지요. 어떤 이유로, 현재는 나에게서 그의 이름과 얼굴을 감추고 있지요.",record,False,False,False,False,,
Oblivion.esm,INFO,00022E6E,,NAM1,1,,,How did you get it? Do you know his whereabouts? Why are you showing it to me?,어떻게 이걸 얻었지요? 당신은 그의 행방을 알고 있나요? 왜 나에게 이걸 보여주는 거죠?,record,False,False,False,False,,
Oblivion.esm,INFO,00022E74,,NAM1,0,,,"I'm sorry, I didn't hear what you said. Whatever it is you want, it will have to wait until I am holding audience in the Great Hall.","미안합니다. 뭐라고 말하는지 듣지 못했어요. 당신이 원하는 게 무엇이든, 그레이트 홀(Great Hall)에서 접견할 때까지 기다려야 할 것 같군요.",record,True,True,False,False,HIGH,"Great, Hall"
Oblivion.esm,DIAL,00022E90,MGExpelDecline,FULL,0,,,Not a chance.,말도 안돼.,record,False,False,True,False,TOPIC_CHECK,
Oblivion.esm,INFO,00026D91,,NAM1,0,,,"Then you shall remain suspended from the guild. If this is your attitude, perhaps we are all better off for it.","그렇다면 자네는 여전히 길드에서 제명된 상태로 있게 될걸세. 자네 태도가 이런 식이면, 그런 상태인 것이 나을지도 모르지.",record,False,False,False,False,,
Oblivion.esm,INFO,00022E94,,NAM1,0,,,"If you cannot perform a simple function for the guild, you are clearly undeserving of membership in it.","만약 당신이 길드를 위해 간단한 일도 할 수 없다면, 당신은 길드의 일원으로 있을 자격이 없는 사람이겠지요.",record,False,False,False,False,,
Oblivion.esm,DIAL,00022E91,MGExpelAccept,FULL,0,,,"Yes, I'll do it.","네, 내가 하겠소.",record,False,False,True,False,TOPIC_CHECK,
Oblivion.esm,INFO,00025037,,NAM1,0,,,"Very well. Make no mistake: this task is simple, but has a purpose.","좋아. 명심하게; 이 일은 간단하지만, 나름데로의 목적이 있네.",record,False,False,False,False,,
Oblivion.esm,INFO,00025037,,NAM1,1,,,"In selflessly serving the guild, at risk to yourself, while putting your own feelings aside, you prove your devotion to the cause.","자신의 감정을 접어두고, 자신을 위험에 빠뜨리면서도 길드를 위해 헌신함으로써 자네는 길드에 대한 자네의 애착을 증명해야 하네.",record,False,False,False,False,,
Oblivion.esm,INFO,00025037,,NAM1,2,,,You will help replenish alchemical supplies for the guild. Bring me 20 Vampire Dust and 20 Daedra Hearts.,자네는 길드를 위해 연금술 재료들을 보급해야 하네. 나에게 20개의 Vampire dust와 20개의 Deadra Hearts를 가져오게.,record,False,True,False,False,MEDIUM,"Vampire, dust, Deadra, Hearts"
Oblivion.esm,INFO,00025037,,NAM1,3,,,"Surprised? Annoyed? It is not unexpected. Nevertheless, that is your path to re-acceptance in the guild.",놀랐나? 화가 나나? 뭐 당연한 일이지. 하지만 자네가 다시 길드에 들어오기 위해서는 해야만 할 일이야.,record,False,False,False,False,,
Oblivion.esm,INFO,0002503B,,NAM1,0,,,"Very well. Make no mistake: this task is simple, but has a purpose.","좋아. 명심하게; 이 일은 간단하지만, 나름데로의 목적이 있네.",record,False,False,False,False,,
Oblivion.esm,INFO,0002503B,,NAM1,1,,,"In selflessly serving the guild, at risk to yourself, while putting your own feelings aside, you prove your devotion to the cause.","자신의 감정을 접어두고, 자신을 위험에 빠뜨리면서도 길드를 위해 헌신함으로써 자네는 길드에 대한 자네의 애착을 증명해야 하네.",record,False,False,False,False,,
Oblivion.esm,INFO,0002503B,,NAM1,2,,,"You will help replenish alchemical supplies for the guild. Deliver 20 Dragon's Tongue flowers, and 20 Redwort Flowers to me.",자네는 길드를 위해 연금술 재료들을 보급해야 하네. 나에게 20개의 Dragon's Tongue flowers와 20개의 Redwort Flowers를 가져오게.,record,False,True,False,False,MEDIUM,"Dragon's, Tongue, flowers, Redwort, Flowers"
Oblivion.esm,INFO,0002503B,,NAM1,3,,,"Surprised? Annoyed? It is not unexpected. Nevertheless, that is your path to re-acceptance in the guild.",놀랐나? 화가 나나? 뭐 당연한 일이지. 하지만 자네가 다시 길드에 들어오기 위해서는 해야만 할 일이야.,record,False,False,False,False,,
Oblivion.esm,INFO,00026D93,,NAM1,0,,,"Very well. Bring me 20 Vampire Dust and 20 Daedra Hearts, and your guild privileges shall be restored.",좋아. 나에게 20개의 Dragon's tongues와 20개의 Redwort flowers를 가져오게. 그러면 자네가 길드에서 가지던 지위를 되찾을수 있을거야.,record,False,True,False,False,MEDIUM,"Dragon's, tongues, Redwort, flowers"
Oblivion.esm,INFO,00026D93,,NAM1,1,,,"I can only hope that putting your life at risk for the guild will put things in perspective for you, and help you to value the privileges it offers.",나는 자네가 길드를 위해 자신의 목숨을 위험에 빠뜨려야만 자네가 길드가 제공하던 특권이 어떠한 의미를 가지는지 깨달을 수 있을거라 보네.,record,False,False,False,False,,
Oblivion.esm,INFO,00026D94,,NAM1,0,,,"Very well. Bring me 20 Dragon's Tongues and 20 Redwort flowers, and your guild privileges shall be restored.",좋아. 나에게 20개의 Dragon's tongues와 20개의 Redwort flowers를 가져오게. 그러면 자네가 길드에서 가지던 지위를 되찾을수 있을거야.,record,False,True,False,False,MEDIUM,"Dragon's, tongues, Redwort, flowers"
Oblivion.esm,INFO,00026D94,,NAM1,1,,,"Perhaps, while you spend time collecting these ingredients, you can consider the ramifications of your actions.","어쩌면, 자네가 이 재료들을 찾으러 다니면서 자네가 한 일에 대해 숙고해 볼 시간을 가지게 되겠지.",record,False,False,False,False,,
Oblivion.esm,DIAL,00022F0D,FrostSaltsTopic,FULL,0,,,Refined Frost Salts,정제된 냉기 소금,record,False,False,True,False,TOPIC_CHECK,
Oblivion.esm,INFO,00022F16,,NAM1,0,,,Yes. I've heard of mages who seal portals with an ingredient as a key. Makes the door impossible to lockpick.,그렇다네. 마법사들이 포탈을 봉인할 때 Key(열쇠)로서 택한 재료라고 들었지. 락픽으로는 문을 여는 게 불가능하다는군.,record,False,True,False,False,MEDIUM,Key
Oblivion.esm,INFO,00022F16,,NAM1,1,,,Refined frost salts sounds like something that Julienne would specialize in. You may want to go back to the University and speak to her.,Refined frost salts는 Julienne가 전문적으로 다룬다고 들었네. 자넨 다시 대학으로 돌아가서 그녀와 얘기를 나눠야 할 지도 모르겠구먼.,record,False,True,False,False,MEDIUM,"Refined, frost, salts, Julienne"
Oblivion.esm,INFO,00026BBF,,NAM1,0,,,"Sorry, that's all I had. The refining process is quite costly, and very tedious.","미안하지만, 그게 전부입니다. 정제 과정은 굉장히 돈이 많이 들고, 지루하기 짝이 없죠.",record,False,False,False,False,,
Oblivion.esm,INFO,00022F19,,NAM1,0,,,"Yes. I have them for sale. If you'd like to buy some, feel free. They're top quality... I refined them myself.",네. 제가 그것을 팔고 있어요. 필요 하시다면 아주 싼 값에 드릴 수 있습니다. 아주 고순도죠. 제가 직접 정제 한답니다.,record,False,False,False,False,,
Oblivion.esm,DIAL,0002339C,Shadowscale,FULL,0,,,Shadowscale,쉐도우스케일(Shadowscale),record,True,True,True,False,HIGH,Shadowscale
Oblivion.esm,INFO,000251FB,,NAM1,0,,,"In the Argonian homeland of Black Marsh, those born under the sign of the Shadow are taken at birth and presented to the Dark Brotherhood. ","아르고니안 (Argonian)의 홈랜드인 Blackmarsh에서, 그림자성좌 아래에 태어난 이들은 다크브라더후드에 선물되지.",record,True,True,False,False,HIGH,"Argonian, Blackmarsh"
Oblivion.esm,INFO,000251FB,,NAM1,1,,,"A Shadowscale hatchling is trained in the arts of stealth and assassination, and lives a life in service to the mighty kingdom of Argonia.",쉐도우스케일의 헤츨링들은 그림자 속의 기술들과 암살기법들을 배운다음 그들의 삶을 위대한 아르고니안의 왕국을 위해 바치지.,record,False,False,False,False,,
Oblivion.esm,INFO,000251FB,,NAM1,2,,,"Any Shadowscale who lives to come of age is accepted into the Dark Brotherhood as a full member of the family. So it was with myself, and Ocheeva.","충분히 시간을 보낸 쉐도우스케일들은, 브라더후드의 가족으로 받아들여져. 나와 오치바가 그런 경우지.",record,False,False,False,False,,
Oblivion.esm,INFO,000251FC,,NAM1,0,,,I see you have been speaking with Teinaava. What he says is true. All our lives we have lived together in the shadows. We are egg mates. Twins.,자네가 Teinaava와 얘기 한 것을 들었다네. 그와 얘기한 것은 모두 사실이야. 우리는 어둠속에서 함께 살아가지. 우리는 egg mates(알짝)이라네. 쌍둥이지.,record,False,True,False,False,MEDIUM,"Teinaava, egg, mates"
Oblivion.esm,INFO,000251FC,,NAM1,1,,,"We were taken at birth, and given to the Dark Brotherhood. We returned to Black Marsh as Shadowscales, trained in the arts of stealth and murder. ","우리는 태어나면서부터 다크브라더후드에 맡겨졌고, 잠입과 살인의 기술을 배운후 쉐도우스케일로써 고향 블랙마쉬로 돌아갔어. 우리는 함께 나라를 위해 봉사했지. ",record,False,False,False,False,,
Oblivion.esm,INFO,000251FC,,NAM1,2,,,"Together we served our nation as spies and assassins, as all Shadowscales do. When we came of age we joined the family as one. And here we are.","모든 쉐도우스케일이 그러는 것처럼 첩보와 암살활동을 했지. 그리고 때가 되었을 때, 우리는 브라더후드의 식구가 되었어. 그리고 지금 여기 있는거지.",record,False,False,False,False,,
Oblivion.esm,DIAL,0002339D,Sithis,FULL,0,,,Sithis,시디스(Sithis),record,True,True,True,False,HIGH,Sithis
Oblivion.esm,INFO,00086764,,NAM1,0,,,"S...  Sithis? Well... I am just a lowly Murderer, but... But I know Sithis is our Dread Father. When we kill, we send him souls! Is that right?","시.. 시디스? 글쎄... 나는 그냥 살인자에 불가합니다.... 하지만 나는 Sithis가 Dread Father임을 압니다. 우리가 죽일때, 우리는 그에게 영혼을 보내죠! 맞죠?",record,False,True,False,False,MEDIUM,"Sithis, Dread, Father"
Oblivion.esm,INFO,0006633B,,NAM1,0,,,"How does one best describe our Dread Father? Imagine a perfect, cloudless midnight, cold as winter ice and shrouded in shadow. That is Sithis.","어떻게 우리의 가장 Dread Father를 설명할 수 있을까요? 상상해 보세요, 완벽하고, 구름한점 없는 자정, 겨울의 얼음처럼 차갑고 어둠에 묻혀져 있습니다. 그것이 Sithis입니다.",record,False,True,False,False,MEDIUM,"Dread, Father, Sithis"
Oblivion.esm,INFO,000251E9,,NAM1,0,,,"Those fools in the Church and their so-called ""Nine Divines."" There is no divinity beyond the eternal and terrible rule of our Dread Father, Sithis. ","바보들은 교회에서 ""Nine Divines""을 찾지. 하지만 우리 공포의 아버지이신 '시시스'의 영원하고 잔혹한 법 앞에 거룩함 따위는 없다네.",record,False,True,False,False,MEDIUM,"Nine, Divines"
Oblivion.esm,INFO,000251EA,,NAM1,0,,,"Sithis is the darkness of time immemorial. He is no Daedra, and dwells not in the realm of Oblivion. No, Sithis is something altogether... different.",Sithis는 아주 오래된 어둠이시지. 그는 데드라(Daedra)가 아니야. 그는 오블리비언의 세계에 살고 있지도 않지. Sithis는... 뭔가 많이 달라.,record,True,True,False,False,HIGH,"Sithis, Daedra, Sithis"
Oblivion.esm,INFO,000251EB,,NAM1,0,,,"Sometimes, right before a kill, Sithis speaks to me. He whispers in my ear and fills my heart with the joy of suffering and death!","가끔 나는 시시스의 목소리를 들어. 특히나 살인을 하고 난 후에, 시시스는 내게 귓속말을 하지. 그러면 내 심장은 고통과 죽음의 기쁨으로 가득 차올라.",record,False,False,False,False,,
Oblivion.esm,INFO,000251EC,,NAM1,0,,,"Who is Sithis, you ask? Some call him the Dread Father. It was his terrible love that gave birth to the Dark Brotherhood, so very long ago. ","자네 지금 지금 Sithis가 누구냐고 묻는건가? 어떤 이들은 그를 Dreadful Father라고 부르지. 아무튼 그의 잔혹한 사랑덕분에, 다크 브라더 후드가 탄생했지. 아주 오래전 일이야.",record,False,True,False,False,MEDIUM,"Sithis, Dreadful, Father"
Oblivion.esm,INFO,000251ED,,NAM1,0,,,"Long ago, in an age now forgotten, Sithis came to the Night Mother and begat her five sons. So you see, his love gave birth to the Dark Brotherhood.","아주 오래전에 시시스는 나이트 마더를 찾아가서 다섯 아들을 만들었더레. 너도 알다시피, 그는 다크브라더후드에 생명을 불어 넣는 것을 좋아해.",record,False,False,False,False,,
Oblivion.esm,INFO,000251EE,,NAM1,0,,,"Truthfully? I've never really understood who or what Sithis really is. As long as I obey the Tenets and fulfill my contracts, I guess he's happy. ","솔직하게 말해서, 난 시시스가 누군지도 모르겠고 뭔지도 모르지만... 내가 Tenets를 따르고 청부를 받기 시작한 이후로, 그가 기뻐하고 있을거라 생각해!",record,False,True,False,False,MEDIUM,Tenets
Oblivion.esm,INFO,00086765,,NAM1,0,,,"Sithis has blessed us with you, dear Listener. He is our Dread Father, and his wisdom and terrible fury know no bounds.",시시스께서는 저희 사이에 축복을 내려주셨습니다. 리스너시여. 그는 저희의 Dread Father이십니다. 그분의 지혜와 광포한 분노는 한계가 없지요.,record,False,True,False,False,MEDIUM,"Dread, Father"
Oblivion.esm,DIAL,000233C3,NightMother,FULL,0,,,Night Mother,나이트 마더(Night Mother),record,True,True,True,False,HIGH,"Night, Mother"
Oblivion.esm,INFO,0000567A,,NAM1,0,,,"The Night Mother must be awakened, so that we may seek her guidance. Are you ready to travel now to her resting place?",나이트마더께서는 일어나셔야만 하네. 그래야만 우리가 인도를 청할 수 있을거야. 그녀가 계신 곳으로 출발할 준비가 되었나?,record,False,False,False,False,,
Oblivion.esm,INFO,00188308,,NAM1,0,,,"You must understand our need for darkness and secrecy? Speak to me only between the hours of midnight and 3:00 AM, and we will be off.",자네는 우리에게 어둠과 안전이 중요하다는 사실을 이해해야만 해. 자정에서 3시 사이에 나에게 말을 걸게.,record,False,False,False,False,,
Oblivion.esm,INFO,00086763,,NAM1,0,,,"You... you're asking me about the Night Mother? Well, I... I mean... she is our Unholy Matron! She... she speaks... to you!","당신... 당신은 나이트 마더에 대해 나한테 묻는 거야? 아, 그게... 내 말은... 그녀가 우리의 신성하지 않는 Matron입니다! 그녀는... 그녀는 당신에게... 말합니다!",record,False,True,False,False,MEDIUM,Matron
Oblivion.esm,INFO,000251EF,,NAM1,0,,,"To employ the services of the Dark Brotherhood, one must perform a ritual to the Night Mother. Only then will she heed their prayers for murder.","제국내의 어떤 사람이 누군가를 죽이고 싶다면, 그는 나이트 마더에게 제사를 행하지. 그러면 나이트마더께서는 그 살인의 기도를 들으신다네.",record,False,False,False,False,,
Oblivion.esm,INFO,000251EF,,NAM1,1,,,"It is an ancient rite, this Black Sacrament. All across the Empire, every day, people beseech the Night Mother to take the lives of others. ",이건 오래된 의식이야. 이 어둠의 성사는 전 제국을 걸쳐 거의 매일같이 이루어지지. 사람들은 나이트마더께서 다른 이들의 생명을 앗아가기를 바라며 매일 같이 기도한다네.,record,False,False,False,False,,
Oblivion.esm,INFO,000251EF,,NAM1,2,,,"After a person performs the ritual, they are contacted by a Speaker. Gold is exchanged, and the details worked out. So it has always been.","만약 청탁자가 나이트마더에 대한 의식을 마치고 나면 '스피커'가 그들을 찾아가지. 그럼 세부사항과 사례비가 전달되고, 거래가 이루어지는 걸세.",record,False,False,False,False,,
Oblivion.esm,INFO,0006633C,,NAM1,0,,,"We praise our Unholy Matron. From her shadowed womb we were born, from her breast we suckle malice and pain. She loves her children, you see.",우리는 우리의 사악한 여주인께 기도를 드리지. 우리는 그녀의 그림자가 드리워진 자궁에서 태어난걸세. 어머니의 가슴에서 우리는 살의와 고통을 빨아들이지. 그녀께선 자녀들을 사랑하신다네.,record,False,False,False,False,,
Oblivion.esm,INFO,000251F0,,NAM1,0,,,"The Night Mother speaks to only one member of the Dark Brotherhood -- the Listener of the Black Hand. And when Our Lady speaks, death follows.",나이트 마더는 우리중 단 한사람에게만 말씀하셔... 바로 블랙핸드의 리스너지. 나이트마더께서 말씀뒤에는 항상 죽음이 따른다네.,record,False,False,False,False,,
Oblivion.esm,INFO,000251F1,,NAM1,0,,,"I've always wondered who the Night Mother really is. Some say she's an old woman who lives somewhere here in Cyrodiil, but I'm not so sure.","나도 나이트마더가 누군지 궁금해. 어떤 이들은 그녀가 Cyrodill에 사는 늙은 여자라고 하지만, 나도 잘 모르겠어.",record,False,True,False,False,MEDIUM,Cyrodill
Oblivion.esm,INFO,000251F2,,NAM1,0,,,"The Night Mother is the Dark Brotherhood's Unholy Matron. She guides our actions, just as the Dread Father Sithis once guided hers. ",나이트 마더는 우리의 사악한 여주인이셔. 그는 시시스와 마찬가지로 우리를 인도하시지.,record,False,False,False,False,,
Oblivion.esm,INFO,000251F3,,NAM1,0,,,"Our Lady is surely an ancient and powerful elf. Someday, when I am Listener of the Black Hand, I will look upon her beautiful and unholy form!","우리의 여신은 분명히 연공있고 강력한 엘프일꺼야. 언젠가 내가 블랙핸드가 되었을때, 나는 그녀의 사악하고 아름다운 자태를 우러러 볼 수 있겠지.",record,False,False,False,False,,
Oblivion.esm,INFO,000251F4,,NAM1,0,,,"I don't know who the Night Mother is, but she pays me to kill people. My own mother should have loved me so much.",나는 누가 나이트마더인지 몰라. 하지만 그녀는 내게 사람을 죽일수 있게 해주지. 나의 엄마는 나를 정말 사랑하는게 틀림없어!,record,False,False,False,False,,
Oblivion.esm,INFO,0008674F,,NAM1,0,,,"As the new Listener of the Black Hand, it is your task to speak with the statue of the Night Mother, and hear the words of our Unholy Matron.","블랙핸드의 새로운 리스너로서, 나이트마더의 석상과 일주일에 한번씩 말하는 것이 당신의 임무 입니다. 그리고 사악한 여주인의 말씀을 잘 듣도록 하세요.",record,False,False,False,False,,
Oblivion.esm,INFO,0008674F,,NAM1,1,,,"The statue, as you know, is located in the city of Bravil. You may speak with the Night Mother once a week, and then pass that information on to me.","그 석상은, 당신께서도 아시다시피, Bravil에 있습니다. 일주일에 한번씩만 나이트마더와 말씀하시면 되요. 그리고 그걸 제게 전해 주십시요.",record,False,True,False,False,MEDIUM,Bravil
Oblivion.esm,INFO,0008674F,,NAM1,2,,,"Do that, and you will receive your share of this Sanctuary's weekly earnings.","이것만 하시면, 저는 당신께 Sanctuary의 매주 수입을 나눠드릴 겁니다.",record,False,True,False,False,MEDIUM,Sanctuary
Oblivion.esm,DIAL,0002364A,MS38GuardWarnChoice1,FULL,0,,,[Show Glarthir's note],[글라시르(Glarthir)의 노트를 보여준다],record,True,True,True,False,HIGH,Glarthir
Oblivion.esm,INFO,00023683,,NAM1,0,,,Damn! He's finally gone completely bonkers! Thanks for the tip. Now stand aside and let the Guard do their work.,젠장! 그가 마침내 완전히 미쳐 버렸군! 제보 감사하오. 이제 한발 물러나 경비대가 처리하게 해두세요.,record,False,False,False,False,,
Oblivion.esm,INFO,00023686,,NAM1,0,,,"Julianos preserve us! I can't believe it ... why me?! Please, show this to the guards right away!","Julianos 우릴 지켜주소서! 믿을 수 없어... 왜 나야?! 제발, 지금 당장 이것을 경비들에게 보여줘!",record,False,True,False,False,MEDIUM,Julianos
Oblivion.esm,INFO,00023687,,NAM1,0,,,"What?! This is ... unbelievable! Of all the strange fates, to become the target of a stranger's madness ...",뭐?! 이것은... 믿을 수 없군! 낯선 자의 광기의 대상이 되버린 최악의 운명이라니...,record,False,False,False,False,,
Oblivion.esm,INFO,00023687,,NAM1,1,,,"Please, you must show this to the guards at once. My life is in your hands!","제발, 이것을 즉시 경비들에게 보여 주세요. 제 생명이 당신의 손에 달렸습니다!",record,False,False,False,False,,
Oblivion.esm,INFO,00023688,,NAM1,0,,,So he has finally snapped! I knew we should have warned the guards back when I noticed him trying to break into my house ...,"그가 갑자기 달려 들었어요! 그가 내 집에 칩입하려걸 눈치챘을때, 경비원에게 다시 경고 했어야 한단걸 깨닳았죠... ",record,False,False,False,False,,
Oblivion.esm,INFO,00023688,,NAM1,1,,,This has gone far enough. It's past time I dealt with this madman once and for all.,이제 충분해. 이런 미친놈을 상대하는건 이게 처음이자 마지막일 것이다.,record,False,False,False,False,,
Oblivion.esm,DIAL,0002364B,MS38GuardChoice3,FULL,0,,,He needs to be arrested.,그는 체포되어야 합니다.,record,False,False,True,False,TOPIC_CHECK,
Oblivion.esm,INFO,00023682,,NAM1,0,,,Why? What's he done?,왜? 그가 무슨 짓을 했나?,record,False,False,False,False,,
Oblivion.esm,DIAL,0002364C,MS38GuardChoice2,FULL,0,,,He thinks there's a plot against him.,그는 자기에 대한 음모가 있다고 생각합니다.,record,False,False,True,False,TOPIC_CHECK,
Oblivion.esm,INFO,00023681,,NAM1,0,,,"Really? He's getting worse, then. Thanks for letting me know. If you think he's becoming dangerous, you come straight to me and I'll handle it.","정말인가? 그는 점점 나빠지는군. 그러면 알려줘서 고맙네. 그가 위험스럽다고 판단되면, 즉시 나에게 와주게나. 그럼 내가 처리하겠네.",record,False,False,False,False,,
Oblivion.esm,DIAL,0002364D,MS38GuardChoice1,FULL,0,,,Never mind.,신경쓰지 마시오.,record,False,False,True,False,TOPIC_CHECK,
Oblivion.esm,INFO,00023680,,NAM1,0,,,Suit yourself.,맘대로 하시오.,record,False,False,False,False,,
Oblivion.esm,INFO,00023685,,NAM1,0,,,Very well.,좋아.,record,False,False,False,False,,
Oblivion.esm,DIAL,0002364F,MS38DSDead,FULL,0,,,Don't worry about him. He's dead.,이제 신경쓰지 마시오. 그는 죽었소.,record,False,False,True,False,TOPIC_CHECK,
Oblivion.esm,INFO,000BE416,,NAM1,0,,,"Dead, you say? Well, then... you may as well finish what you started. [Scribbles something on a piece of paper.] Here. This is your last task.","죽었다고 했나? 음, 그러면... 너는 니가 시작한 것을 완수하는 것이 좋겠어. [종이에 무언가를 갈겨 쓴다.] 여기. 이것이 마지막 과제야.",record,False,False,False,False,,
Oblivion.esm,INFO,0002367F,,NAM1,0,,,"Dead, you say? ... you mean you ... did it really have to come to that? Well, if that was the only solution ... I suppose I should thank you.","죽었다고 했나? ... 니 말은 너... 정말 그렇게까지 했다는건가? 음, 그게 유일한 해결책이었다면... 내가 당신에게 고맙다고 해야겠지.",record,False,False,False,False,,
Oblivion.esm,DIAL,00023650,MS38TSDead,FULL,0,,,It doesn't matter anymore. He's dead.,더이상 문제될거 없소. 그는 죽었소.,record,False,False,True,False,TOPIC_CHECK,
Oblivion.esm,INFO,0002367E,,NAM1,0,,,"Dead, you say? ... you mean you ... did it really have to come to that? Well, if that was the only solution ... I suppose I should thank you.","뭐? 죽었어?! ... 니 말은 너... 정말 그렇게까지 했다는 말이야? 음, 그게 유일한 해결책이였다면... 내가 당신에게 고맙다고 해야겠지.",record,False,False,False,False,,
Oblivion.esm,DIAL,00023651,MS38BPDead,FULL,0,,,Don't worry about her. She's dead.,이제 신경쓰지 마시오. 그녀는 죽었소.,record,False,False,True,False,TOPIC_CHECK,
Oblivion.esm,INFO,0002367D,,NAM1,0,,,"What? Dead?! ... you mean you... did it really have to come to that? Well, if that was the only solution... I suppose I should thank you.","뭐? 죽었어?!.. 니 말은 너... 정말 그렇게까지 했다는 거야? 음, 그게 유일한 해결책이었다면... 내가 당신에게 고맙다고 해야겠지.",record,False,False,False,False,,
Oblivion.esm,DIAL,00023652,MS38DeadYes2,FULL,0,,,Yes. Your problem is taken care of.,네. 당신 문제는 정리됐소.,record,False,False,True,False,TOPIC_CHECK,
Oblivion.esm,INFO,00023678,,NAM1,0,,,"Really? She's really dead?! Thank you, thank you, thank you! I'm free, I'm finally FREE!","정말로? 그녀가 정말로 죽었다고?! 고마워, 고마워, 고마워! 난 자유다, 난 드디어 자유다!",record,False,False,False,False,,
Oblivion.esm,INFO,00023679,,NAM1,0,,,"Really? He's really dead?! Thank you, thank you, thank you! I'm free, I'm finally FREE!","정말로? 그가 정말 죽었다고?! 고마워, 고마워, 고마워! 난 자유다, 난 드디어 자유다!",record,False,False,False,False,,
Oblivion.esm,DIAL,00023659,MS38DeadNo,FULL,0,,,No. I've decided I won't do it.,아니. 그런 일은 하지 않기로 결정했다.,record,False,False,True,False,TOPIC_CHECK,
Oblivion.esm,INFO,00023676,,NAM1,0,,,"You won't help me? You're abandoning me now, just when I need you the most?!","나를 돕지 않겠다고? 당신 지금 나를 저버리려는 거야, 내가 당신을 가장 필요로 하는 이때에?!",record,False,False,False,False,,
Oblivion.esm,INFO,00023676,,NAM1,1,,,"No... no. I understand. It is my problem, and I should solve it myself. You're right. I should never have involved you. Good night.","아니... 아니야. 이해해. 그건 나의 문제야, 그리고 그건 나 스스로 해결해야만 해. 당신이 옳았어. 결코 나는 당신과 관련되어서는 안돼. 잘가.",record,False,False,False,False,,
Oblivion.esm,DIAL,0002365A,MS38DeadYes,FULL,0,,,Yes. They are all dead.,네. 모두 죽었소.,record,False,False,True,False,TOPIC_CHECK,
Oblivion.esm,INFO,00023677,,NAM1,0,,,"Really? They're really dead?! Thank you, thank you, thank you! I'm free, I'm finally FREE!","정말로? 그들이 정말 죽었다고?! 고마워, 고마워, 고마워! 난 자유다, 난 드디어 자유다!",record,False,False,False,False,,
Oblivion.esm,DIAL,0002365B,DavideSurilieTopic,FULL,0,,,Davide Surilie,데이비드 셔릴리(Davide Surilie),record,True,True,True,False,HIGH,"Davide, Surilie"
Oblivion.esm,INFO,0002366C,,NAM1,0,,,The Surilie house is right next door to mine. A large house with a backyard conveniently located to observe my every move.,내 집 우측 다음 문이 Surilie의 집이다. 내 모든 움직임을 감시하기 위해 용이하게 배치된 뒤뜰을 가진 큰 집이지.,record,False,True,False,False,MEDIUM,Surilie
Oblivion.esm,INFO,00025888,,NAM1,0,,,I knew he was the ringleader of the whole conspiracy! You may have helped save my life!,그가 모든 음모의 주모자라는 걸 알겠어! 당신은이 내 목숨을 구해준 걸지도 몰라!,record,False,False,False,False,,
Oblivion.esm,DIAL,000236C4,responseAssassinationAgrees,FULL,0,,,responseAssassinationAgrees,응답 암살 동의,record,False,False,True,False,TOPIC_CHECK,
Oblivion.esm,DIAL,000236C5,responseAssassinationKhajiit,FULL,0,,,responseAssassinationKhajiit,응답 암살 카짓,record,False,False,True,False,TOPIC_CHECK,
Oblivion.esm,DIAL,000236C6,responseAssassination,FULL,0,,,responseAssassination,응답 암살,record,False,False,True,False,TOPIC_CHECK,
Oblivion.esm,DIAL,000236C7,LutherBroadsBoardingHouse,FULL,0,,,Luther Broad's Boarding House,루더 브로드 하숙집(Luther Broad's Boarding House),record,True,True,True,False,HIGH,"Luther, Broad's, Boarding, House"
Oblivion.esm,DIAL,000236C8,CloudRulerTempleTopic,FULL,0,,,Cloud Ruler Temple,클라우드 룰러 사원,record,False,False,True,False,TOPIC_CHECK,
Oblivion.esm,INFO,00034069,,NAM1,0,,,"Cloud Ruler Temple was built long ago, by the founders of the Blades, back in the days of Reman Cyrodiil.",클라우드 룰러(Cloud Ruler) 사원은 오래 전에 블레이드의 창시자에 의해 레먼 시로딜(Reman Cyrodiil) 복귀의 날을 기념해서 세워졌네.,record,True,True,False,False,HIGH,"Cloud, Ruler, Reman, Cyrodiil"
Oblivion.esm,INFO,00034069,,NAM1,1,,,"It is high in the mountains near Bruma... our ancient fortress, sanctuary, refuge of last resort. Martin will be as safe there as anywhere.","브루마 근교의 깊은 산중에 있지. 우리의 오래된 요새이며, 안식처이며, 최후의 은신처. 그곳이라면 그 어느 곳보다 마틴께서 안전하게 지내실 것이야.",record,False,False,False,False,,
Oblivion.esm,INFO,0003406A,,NAM1,0,,,"This place was built by Reman Cyrodiil's Akaviri Dragonguard, at the founding of the Second Empire.","두 번째 제국이 건국되던 시기, 레만 시로딜의 아카비르 드래곤가드가 이 장소를 건립했다네.",record,False,False,False,False,,
Oblivion.esm,INFO,0003406A,,NAM1,1,,,"Since then, it has served the Blades as a headquarters, fortress, and sanctuary. We can protect Martin here until you recover the Amulet of Kings.","그때부터 이곳은 블레이드의 사령부겸 요새, 또 안식처로 사용되어 왔지. 마틴(Martin)께선 왕의 아뮬렛을 되찾을 때까지 여기서 안전하게 지내시게 되네.",record,True,True,False,False,HIGH,Martin
Oblivion.esm,INFO,000A31BB,,NAM1,0,,,This old place is the one thing that gives me some sense of certainty in these uncertain times.,이 오래된 장소는 요즘 같은 불확실한 시기에 내게 확신의 느낌을 심어주는 곳이네.,record,False,False,False,False,,
Oblivion.esm,INFO,0003406B,,NAM1,0,,,"Don't worry, we'll keep the Emperor Martin safe here. No enemy has ever taken Cloud Ruler from the Blades.","염려 마, 우린 여기서 마틴(Martin) 황제의 안전을 지켜낼 것이야. 블레이드가 클라우드 룰러(Cloud Ruler)를 빼앗긴 적은 한번도 없어.",record,True,True,False,False,HIGH,"Martin, Cloud, Ruler"
Oblivion.esm,INFO,000626C0,,NAM1,0,,,"I'd have to say I'm partial to the Great Hall. On those cold nights, nothing warms your bones better than a roaring fire.","난 중앙 홀을 특히 좋아해. 차가운 밤, 뼛속까지 느껴지는 한기는 차라리 요란스러운 불꽃보다 나은 법이지.",record,False,False,False,False,,
Oblivion.esm,INFO,000626C1,,NAM1,0,,,There's no place more secure in all of Cyrodiil. I just wish... I wish we could have gotten our Lord Uriel here....,시로딜(Cyrodiil)을 통틀어 여기보다 안전한 곳은 없어. 난... 우리 주군 유리엘(Uriel)을 여기서 모실 수 있길 바랬어.,record,True,True,False,False,HIGH,"Cyrodiil, Uriel"
Oblivion.esm,INFO,000626C2,,NAM1,0,,,"Cloud Ruler is many things. Temple, fortress, safe haven. But it's also my home. I'll gladly die defending these walls, if it comes to it.","클라우드 룰러(Cloud Ruler)는 많은 역할을 해. 사원, 요새, 피난처. 하지만 우리의 집이기도 하지. 난 할 수만 있다면, 여기를 지키다 죽었으면 좋겠어.",record,True,True,False,False,HIGH,"Cloud, Ruler"
Oblivion.esm,INFO,000626C3,,NAM1,0,,,"Sometimes, when it's quiet, I walk the battlements and breathe in the cold mountain air. It's the only peace I allow myself.","조용할 때면, 가끔 난 성곽을 걸으면서 차가운 산 공기를 마시곤 해. 혼자만의 평화로운 시간이지.",record,False,False,False,False,,
Oblivion.esm,INFO,000626C4,,NAM1,0,,,"Aye, she's a beauty, isn't she? It's hard not to admire the stonework. That's some real craftsmanship, that is. ","정말 그녀가 대단하지? 저런 열성에 누가 감탄하지 않겠어. 그야말로 진정한 장인정신 인게지, 암. ",record,False,False,False,False,,
Oblivion.esm,INFO,0006BD49,,NAM1,0,,,"I haven't been to Cloud Ruler since I was a young trainee. It feels good to be back. The Blades have always been here, and always will be.","난 신병 때부터 쭉 클라우드 룰러(Cloud Ruler)에 머물지 못했어. 돌아오니 정말 좋아. 블레이드는 항상 여기 있어왔고, 언제나 여기 있을 거야.",record,True,True,False,False,HIGH,"Cloud, Ruler"
Oblivion.esm,DIAL,000236C9,trueheirExplain,FULL,0,,,I don't understand.,이해할 수 없습니다. ,record,False,False,True,False,TOPIC_CHECK,
Oblivion.esm,DIAL,000236CA,trueheirCanDo,FULL,0,,,I'll do as you say.,당신 말대로 하겠습니다.,record,False,False,True,False,TOPIC_CHECK,
Oblivion.esm,DIAL,000236D6,Dark04FinChoice1B,FULL,0,,,"No, I'm not ready right now.","아니오, 지금은 준비되지 않았습니다.",record,False,False,True,False,TOPIC_CHECK,
Oblivion.esm,INFO,000253D6,,NAM1,0,,,"As you wish. Just remember, had I issued a direct order, you would not have been able to refuse. So say the Tenets. Consider what I have said. ","당신의 소원대로. 꼭 기억해, 내가 명령을 했다면, 당신은 거절 할 수 없었을 거에요. 그러니 율법을 말하세요. 내가 말한 것을 고려해 보십시오.",record,False,False,False,False,,
Oblivion.esm,DIAL,000236D8,Dark04FinChoice1A,FULL,0,,,"Yes, I'm ready. I accept.","네, 준비됐습니다. 받아들입니다.",record,False,False,True,False,TOPIC_CHECK,
Oblivion.esm,INFO,000253D7,,NAM1,0,,,You must go to the city of Chorrol and break into the house of Francois Motierre. Inside you will find Motierre waiting for you. Do not kill him! ,자네는 Chorrol 마을로 가야하네. 그리고 나서 Francois Motierre의 집으로 잠입해야해. 집안에선 Motierre가 자네를 기다리고 있을 걸세. 그를 죽여서는 안되네!,record,False,True,False,False,MEDIUM,"Chorrol, Francois, Motierre, Motierre"
Oblivion.esm,INFO,000253D7,,NAM1,1,,,"You see, Francois Motierre is a marked man. He owes a considerable sum to the wrong kind of people. So, they have sent an enforcer to kill him. ",Francois Motierre는 표적일세. 그는 좋지않은 사람들에게 상당한 빚을 지고 있어. 그들이 Motierre를 죽이려고 사람을 보냈지.,record,False,True,False,False,MEDIUM,"Francois, Motierre, Motierre"
Oblivion.esm,INFO,000253D7,,NAM1,2,,,"Here. You will use this specially poisoned knife to stage Motierre's death, in the enforcer's presence. Motierre himself will provide more details.",여기에 특별한 독을 바른 칼이 있네. 자네는 이 칼로 암살자의 앞에서 Motierre의 죽음을 꾸며야만 해.,record,False,True,False,False,MEDIUM,Motierre
Oblivion.esm,INFO,000253D7,,NAM1,3,,,This is an unusual contract. Motierre had to make a special arrangement with us before it was approved. I trust in your professionalism.          ,이건 일반적인 청부가 아니야. Motierre는 특별한 조건을 요청해왔네. 자네의 직업정신을 믿네.,record,False,True,False,False,MEDIUM,Motierre
Oblivion.esm,DIAL,00023743,GreetingExplain,FULL,0,,,Explain what happened.,무슨 일인지 설명해 보시오.,record,False,False,True,False,TOPIC_CHECK,
Oblivion.esm,DIAL,00023749,GreetHow,FULL,0,,,How do I get out?,여기서 어떻게 나가지?,record,False,False,True,False,TOPIC_CHECK,
Oblivion.esm,DIAL,0002374A,GreetWhy,FULL,0,,,Why?,왜?,record,False,False,True,False,TOPIC_CHECK,
Oblivion.esm,DIAL,0002374D,GreetOblivion,FULL,0,,,What about 'marble jaws of Oblivion?','오블리비언의 평평한 턱' 어때요?,record,False,False,True,False,TOPIC_CHECK,
Oblivion.esm,DIAL,00023753,GreetGuess,FULL,0,,,I should find someone and give him the amulet.,나는 어떤 이를 찾고 그에게 아뮬렛을 전해야 한다.,record,False,False,True,False,TOPIC_CHECK,
Oblivion.esm,DIAL,0002375B,GreetNotSure,FULL,0,,,I'm not sure.,확실하지 않아.,record,False,False,True,False,TOPIC_CHECK,
Oblivion.esm,DIAL,00023771,WhoAreYou,FULL,0,,,Who are you?,당신은 누구세요?,record,False,False,True,False,TOPIC_CHECK,
Oblivion.esm,DIAL,00023772,GreetCheck,FULL,0,,,Check him yourself.,직접 그를 확인해라.,record,False,False,True,False,TOPIC_CHECK,
Oblivion.esm,DIAL,00023773,GreetBitter,FULL,0,,,"'Bittergreen,' he said.","'비터그린(Bittergreen)', 그가 그렇게 말했다.",record,True,True,True,False,HIGH,Bittergreen
Oblivion.esm,DIAL,00023775,GreetYes,FULL,0,,,Yes,네,record,False,False,True,False,TOPIC_CHECK,
Oblivion.esm,DIAL,00023C56,EmfridNot,FULL,0,,,Is that so?,그렇습니까?,record,False,False,True,False,TOPIC_CHECK,
Oblivion.esm,INFO,00023CD1,,NAM1,0,,,"Well, that's just my opinion.","뭐, 그냥 내 생각이 그렇다는거요.",record,False,False,False,False,,
Oblivion.esm,DIAL,00023C57,EmfridHot,FULL,0,,,What about Emfrid?,엠프리드를 어떻게 생각하세요?,record,False,False,True,False,TOPIC_CHECK,
Oblivion.esm,INFO,00023CD0,,NAM1,0,,,"Emfrid? She owns the Grey Mare, right? Huh. I go to the Oak and Crosier. ",Emfrid? 그 여자는 회색의 암말(Grey Mare) 여관을 운영하고 있잖소? 허허. 난 오크와 크로저(Oak and Crosier) 여관에 간다오.,record,True,True,False,False,HIGH,"Emfrid, Grey, Mare, Oak, and, Crosier"
Oblivion.esm,INFO,00023CD0,,NAM1,1,,,"I'm a captain, you see, and the Oak and Crosier serves... a better class of people...","당신도 보다시피, 난 이곳 경비대 대장입니다. 그리고 떡갈나무와 지팡이 여관이 상류층 사람들이 갈만하지...",record,False,False,False,False,,
Oblivion.esm,INFO,00023CD0,,NAM1,2,,,"Listen to me. I sure sound like a snob. Snooty, in fact, and not very nice.",이봐요. 바보같은 소리처럼 들리겠지만 사실 난 거만한데다가 그리 좋은 사람이 못됩니다.,record,False,False,False,False,,
Oblivion.esm,INFO,00023CD0,,NAM1,3,,,"Thanks. That's a very good suggestion. I think I'll stop by the Grey Mare, and perhaps pay my respects to this Emfrid woman.",그거 아주 좋은 생각입니다. 회색 암말 여관에 들러서 엠프리드라는 숙녀분에게 어쩌면 인사를 드릴수도 있을 것입니다.,record,False,False,False,False,,
Oblivion.esm,DIAL,00023DB3,contract,FULL,0,,,Contract,계약,record,False,False,True,False,TOPIC_CHECK,
Oblivion.esm,INFO,0006EDEE,,NAM1,0,,,"They're all dead? Well, you'll have to take over for them. Get back there and clear out that mine. Get moving!","그들이 다 죽었다고? 이런, 그렇다면 네가 그 일을 대신 해줘야겠어. 그곳으로 다시 돌아가서 광산을 깨끗이 정리하고 오게. 어서 움직여!! ",record,False,False,False,False,,
Oblivion.esm,INFO,000275C3,,NAM1,0,,,"Each guest, at some point in the past, wronged their mysterious host. Now he's hired us to exact his revenge.","각 손님들은, 옛날 언젠가 의문에 싸인 집주인에게 잘못을 저질렀어. 그리고 이제 집주인은 손님들을 제거하기 위해 우릴 고용했지.",record,False,False,False,False,,
Oblivion.esm,INFO,00023E72,,NAM1,0,,,"Ever broken out of jail? How do you feel about breaking into one? The Imperial Prison, to be exact. We need a prisoner... silenced. Can you do it?","탈옥해 본적 있나? 감옥으로 잠입하는 것에 대해 어떻게 생각하나? 임페리얼 감옥, 맞아. 우리는 침묵시켜야 하는... 죄수가 있네. 할 수 있겠나?",record,False,False,False,False,,
Oblivion.esm,INFO,00047420,,NAM1,0,,,I understand Oreyn is looking for you again. Get to Chorrol and speak with the man.,나는 Oreyn이 너를 다시보기를 기대하는것을 이해한다. 코롤(Chorrol)에 가서 그사람과 이야기해봐라.,record,True,True,False,False,HIGH,"Oreyn, Chorrol"
Oblivion.esm,INFO,00047421,,NAM1,0,,,I've been told to send you to Chorrol for some duties. Speak with Oreyn.,나는 어떤 임무를 위해 너를 코롤(Chorrol)로 보내는것을 명령받았다. Oreyn과 이야기해봐라.,record,True,True,False,False,HIGH,"Chorrol, Oreyn"
Oblivion.esm,INFO,000A7872,,NAM1,0,,,You've already cleared that place of all the goblins? Go figure. Fine. Then I guess you don't need to deliver those weapons.,"오, 이미 폐광에 있는 고블린들을 싹 처리했다고? 확실히 해줬구만. 아주 좋아. 그렇다면 이 무기들을 전달해줄 필요가 없겠네.",record,False,False,False,False,,
Oblivion.esm,INFO,00027F85,,NAM1,0,,,"Well, you got the weapons there, but there were casualties after. Do better in the future, or don't come to me for work. Here's your reward.","이런, 무기는 가져왔지만, 전사자가 생겼구만. 다음에 일할땐 좀더 잘해보도록. 그렇게 못할거면 나한테 일거리 구하러 오지 마. 어쨌건간에 여기 보수 받아가게.",record,False,False,False,False,,
Oblivion.esm,INFO,00028889,,NAM1,0,,,"You got the weapons there and cleared the mine with no casualties. Better than I expected from you. Here's your reward, and a little bonus.","무기를 잘 전달해줬고, 전사자 없이 폐광을 깔끔히 정리해 주었구먼. 내가 자네에게 기대했던거 이상으로 잘해줬어. 여기 보수랑 약간의 보너스가 있으니 받아가게. ",record,False,False,False,False,,
Oblivion.esm,INFO,00027F86,,NAM1,0,,,I suppose I've got something for you. We need a weapons shipment delivered to Desolate Mine. That's your job.,"자네에게 맡길 일이 좀 있어. 우린 폐광에 무기를 전달해줘야 하는데, 그걸 좀 자네가 해줘야겠어.",record,False,False,False,False,,
Oblivion.esm,INFO,0000BE7A,,NAM1,0,,,"I've got more for you. Important stuff, actually. You need to go talk to Lord Rugdumph.",네가 할일이 더 있다. 이건 정말 중요한 일이다. Rugdumph 영주 한테 가봐라.,record,False,True,False,False,MEDIUM,Rugdumph
Oblivion.esm,INFO,0000BE76,,NAM1,0,,,I've got nothing else for you.,당신을 위해 어떤것도 가지고 있지 않다.,record,False,False,False,False,,
Oblivion.esm,INFO,0000BE7B,,NAM1,0,,,You were supposed to check out those disappearances at Harlun's Watch. What's the status?,너는 harlun의 whatch에서 사라진 그들을 확인하기로 되어 있었다. 지위가 뭐지?,record,False,True,False,False,MEDIUM,"harlun, whatch"
Oblivion.esm,INFO,0000BED7,,NAM1,0,,,"I've got one more for you, meat. I assume you can handle it. I need you to investigate some disappearances at Harlun's Watch.",딱 한가지 일이 더있다. 나는 네가  할수있다고 확신한다. 네가 harlun의 watch에서의 몇몇 실종을 조사하길 원한다.,record,False,True,False,False,MEDIUM,"harlun, watch"
Oblivion.esm,INFO,00009218,,NAM1,0,,,It's from Biene Amelion at the Water's Edge settlement. She needs something retrieved from her ancestral tomb. Try not to muck it up.,Water's Edge 거주구(settlement)의 Biene Amelion로부터의 의뢰네. 그녀는 선조들의 무덤에서 어떤 물건을 되찾기를 원하는군. 일을 망치지 않길 바라겠네.,record,True,True,False,False,HIGH,"Water's, Edge, settlement, Biene, Amelion"
Oblivion.esm,INFO,00009C35,,NAM1,0,,,You need to take care of those fugitives from the prison break in Bravil.,브라빌(Bravil)에서 탈주한 탈옥범들을 처리하게.,record,True,True,False,False,HIGH,Bravil
Oblivion.esm,INFO,00009C59,,NAM1,0,,,"I've got something for you. Could be tough. There are some escaped fugitives for you to find, meat.","자넬 위한 일이 있네. 어려운 일일지도 모르지. 자네가 찾아야 할 몇명의 탈주범들이 있네, 핏덩이.",record,False,False,False,False,,
Oblivion.esm,INFO,00002E59,,NAM1,0,,,Good to see you're working hard. I've got some more thieves for you to deal with in Anvil.,노력하는 모습이 보기 좋군. 엔빌에서 당신의 거래를 위해 내가 좀 더 많은 도둑을 잡았소.,record,False,False,False,False,,
Oblivion.esm,INFO,00002E5D,,NAM1,0,,,We've got one. Let's hope this one will pay well.,우리가 이것을 얻었소. 이것이 괜찮은 보상이 되었기를 바라오.,record,False,False,False,False,,
Oblivion.esm,INFO,00002E54,,NAM1,0,,,She's dead? What have you done? Of all the irresponsible.... I'm very disappointed in you. You've let me down and your Guild.,그녀가 죽어? 자넨 뭘 했나? 이런 무책임한.... 난 자네에게 무척 실망했네. 자넨 나뿐 아니라 자네의 길드마저 실망시켰네.,record,False,False,False,False,,
Oblivion.esm,INFO,0000392F,,NAM1,0,,,"You've finished? Excellent! Good work, guildmate. Here's your payment for the contract.","일을 마무리지었나? 훌륭하군! 잘했네, 동지(guildmate). 여기 자네의 청부에 대한 보상일세.",record,True,True,False,False,HIGH,guildmate
Oblivion.esm,INFO,00003931,,NAM1,0,,,You left your charge in that place? Get back there!,그곳에 자네의 책무를 남겨두고 왔나? 당장 돌아가게!,record,False,False,False,False,,
Oblivion.esm,INFO,00003942,,NAM1,0,,,Good to see that you're looking for more work. There's certainly more to be done. I need you to help Elante of Alinor.,자네가 더 많은 일을 찾는 것 같아보여서 기쁘군. 해야 할 일들이야 물론 있지. 난 자네가 Alinor의 Elante를 도와주길 원하네.,record,False,True,False,False,MEDIUM,"Alinor, Elante"
Oblivion.esm,INFO,0000392E,,NAM1,0,,,"Well done! You've put in good work for me. I only wish I had more. Things are a little lean right now, as I'm sure you know. Here's your payment.",잘 하셨습니다! 당신은 나를 위해 좋은 일을 해주었습니다. 내가 가진게 조금 더 많았다면 좋았을텐데. 아시다시피 지금 드리는 이것은 조금 약소합니다. 여기 당신에 대한 보상입니다.,record,False,False,False,False,,
Oblivion.esm,INFO,00003935,,NAM1,0,,,"You need to find the Stone of St. Alessia and return it to Cirroc at the Chapel of Talos in Bruma. Now, get to it.","St. Alessia의 돌(Stone)을 찾아서 브루마(Bruma)의 탈로스(Talos) 성당(Chapel)에 있는 시록(Cirroc)에게 돌려주게. 당장, 이것에 착수하게.",record,True,True,False,False,HIGH,"St, Alessia, Stone, Bruma, Talos, Chapel, Cirroc"
Oblivion.esm,INFO,0000395D,,NAM1,0,,,"I've only got one more thing on my plate for you, but it's an important one. The Stone of St. Alessia has been stolen from the Bruma Chapel.","내가 맡은 일 중 자네가 할만한 게 딱 하나 더 있군, 헌데 꽤 중요한 일이야. 브루마(Bruma) 성당(Chapel)에서 St. Alessia의 돌(Stone)을 도둑맞았네.",record,True,True,False,False,HIGH,"Bruma, Chapel, St, Alessia, Stone"
Oblivion.esm,INFO,0003571C,,NAM1,0,,,A contract for you? I think I've got something that suits your experience. Arvena Thelas has some problem with rats in her house.,자네가 맡을 의뢰건? 자네 정도의 경력을 가진 사람에게 알맞다고 생각되는 의뢰가  들어와  있긴 하네. Arvena Thelas씨 집에 쥐들과 관련된 문제가 생겼다고 하는군. ,record,False,True,False,False,MEDIUM,"Arvena, Thelas"
Oblivion.esm,INFO,00071E96,,NAM1,0,,,"Looking for more work, eh? Good. I've got a contract for you. I'd like you to go talk to Norbert Lelles, here in Anvil.","더 많은 일을 찾고 있군, 맞소? 좋아. 내가 당신을 위한 청부을 준비했소. 이곳 엔빌의 Norbert Lelles와 대화해보기 바라오.",record,False,True,False,False,MEDIUM,"Norbert, Lelles"
Oblivion.esm,INFO,00071E96,,NAM1,1,,,I'm hoping you'll do better with this one than your last one. That really wasn't good.,난 당신이 행한 마지막 청부보다 이 일을 더 잘 처리해 줄 것을 기대하겠소. 그것은 정말로 형편없었으니까.,record,False,False,False,False,,
Oblivion.esm,INFO,00035729,,NAM1,0,,,"Looking for more work, eh? Good. I've got a contract for you. I'd like you to go talk to Norbert Lelles, here in Anvil.","더 많은 일을 찾고 있군, 맞소? 좋아. 내가 당신을 위한 청부을 준비했소. 이곳 엔빌의 Norbert Lelles와 대화해보기 바라오.",record,False,True,False,False,MEDIUM,"Norbert, Lelles"
Oblivion.esm,INFO,00036640,,NAM1,0,,,I'll need someone who's at least an Apprentice for this job. Maybe you're ready for advancement?,이 일을 해줄 적어도 도제(Apprentice)급의 누군가가 필요하오. 혹시 당신은 진급할 준비가 되어있소?,record,True,True,False,False,HIGH,Apprentice
Oblivion.esm,INFO,0002F87E,,NAM1,0,,,"The High Elf Faelian lives in the Imperial City, and fancies long walks. Speak with your fellow family members. They may offer their insights.",하이 엘프 Faelian은 임페리얼 시티에 살고 장거리 산책을 좋아한다. 동료들과 이야기해보시오. 그들이 자신의 통찰력을 제공할 수도 있습니다.,record,False,True,False,False,MEDIUM,Faelian
Oblivion.esm,INFO,0002F87F,,NAM1,0,,,In the Imperial City there lives a High Elf who must be removed from existence. Finding this person may prove... challenging. Are you interested?,Imperial City에 제거되어야만 하는 High Elf가 살고 있다네. 이 사람을 찾아내는건... 꽤나 힘들거야. 관심있나?,record,False,True,False,False,MEDIUM,"Imperial, City, High, Elf"
Oblivion.esm,INFO,0003005C,,NAM1,0,,,Far to the west there lives a fierce warlord and his company of loyal mercenaries. Your target is the warlord. Do you accept this contract?  ,"여기서 먼 서쪽에, 흉폭한 워로드와 그의 충실한 용병단이 자리잡고 있다네. 자네의 목표는 워로드지. 이번 계약을 받아들이겠나?",record,False,False,False,False,,
Oblivion.esm,INFO,00035DF1,,NAM1,0,,,Do you recall the name Adamus Phillida? The Imperial Legion pest? It's time he joined Sithis in the Void. Think you're up to the task?,아다무스 필리다라는 이름을 기억하나? 그 제국군 해충놈? 이제 그놈이 공허에서 시디스를 영접할 때가 되었지. 임무를 맡을 수 있겠나?,record,False,False,False,False,,
Oblivion.esm,INFO,00035DFF,,NAM1,0,,,"Adamus Phillida will find no rest in retirement. No, his soul will endure a kind of eternal suffering known only to those who have angered Sithis.","Adamus Phillida는 퇴직으로 휴식을 찾을 수 없습니다. 아니, 그의 영혼은 Sithis을 유일하게 화나게하여 영원한 고통을 견뎌야합니다.",record,False,True,False,False,MEDIUM,"Adamus, Phillida, Sithis"
Oblivion.esm,INFO,000275C4,,NAM1,0,,,"If you really plan on killing the guests one by one, make sure that when you strike, you strike hard. Don't want anyone running for help, do you?    ","만약 네가, 정말로 한번에 한명씩 조용히 처리하려고 계획하고 있다면, 목표를 제거할 때 확실히 해야 할거야. 치명적인 공격을 해. 목표가 달아나며 도움을 청하지 못하게 해야해. 알았어?",record,False,False,False,False,,
Oblivion.esm,INFO,00023C10,,NAM1,0,,,"The knife I gave you has been coated with a rare poison called Languorwine. You need only cut Motierre once, and he will appear to die.   ",내가 자네에게 준 칼에는 Languorwine이라고 불리는 독이 발라져 있네. 자네는 그냥 Motierre를 한번 긋기만 하면 돼. 그러면 그는 죽은듯이 보일걸세.,record,False,True,False,False,MEDIUM,"Languorwine, Motierre"
Oblivion.esm,INFO,00023F0A,,NAM1,0,,,"As a pirate, Gaston Tussaud has certainly spilled his share of blood. Someone wants revenge, and they've hired us to extract it. ","Gaston tussaud는 해적이니까, 많은 피를 뿌렸을거야. 따라서 피해자중 한명이 복수를 원하고 있는거고, 그는 우리가 일을 처리하게 고용한걸세.",record,False,True,False,False,MEDIUM,"Gaston, tussaud"
Oblivion.esm,INFO,0002511B,,NAM1,0,,,"Pirates, eh? They tend to be quick, and good with a blade, but don't favor armor. They're not fond of bows or spells, either.","해적 말이야? 그들은 재빠르고, 칼쓰는데 능숙하지. 하지만 갑옷은 별로 좋아하지 않아. 그리고 활과 마법도 좋아하지 않지.",record,False,False,False,False,,
Oblivion.esm,INFO,00003460,,NAM1,0,,,"So, your first contract. No chance for a bonus, huh? That's all right, you're better off! Who needs magic items when you've got raw skill?","아, 네 첫번째 임무로군. 보너스 기회는 없네. 뭐, 그게 무슨상관이야? 아무튼, 청부를 이행할때 정말 좋은 것들 중 하나는,",record,False,False,False,False,,
Oblivion.esm,INFO,00003460,,NAM1,1,,,"And the great thing about killing a target up close and personal is you can talk to 'em before you do it! You know, say something scary!",일을 치르기 전에 그들에게 가까이 접근해서 개인적으로 이야기를 나누는거야. 뭔가 무서운 이야기 말이야.,record,False,False,False,False,,
Oblivion.esm,INFO,00003460,,NAM1,2,,,"For example, this one time, I had a contract to kill a little Nord girl at her birthday party. She asked me if I was the jester!","예를 들면, 한번은 내가 맡은 어떤 임무에서 나는 꼬맹이 Nord 여자애를 처리해야 했어. 그애의 생일파티에서 말이지. 꼬맹이가 나한테 묻더군. ""아저씨는 어릿광대인가요?""",record,False,True,False,False,MEDIUM,Nord
Oblivion.esm,INFO,00003460,,NAM1,3,,,"So I said to her, ""No, I am a messenger of death."" You should have seen the look on her face! Ha ha ha ha! Anyway, she won't be seeing age six! ","그래서 내가 대답했지. ""아니, 난 죽음의 사자란다."" 네가 그 아이 얼굴에 떠오른 표정을 봤어야 하는건데! 하하하하하. 아무튼, 그 꼬맹이는 여섯살이 되지 못했어.",record,False,False,False,False,,
Oblivion.esm,INFO,000251B0,,NAM1,0,,,"What's the matter, can't handle the pressure? Or maybe you're just... weak.","무슨 일이야, 압력을 처리할 수 있겠어? 그게 아니면 당신은 그저... 약할 뿐이지.",record,False,False,False,False,,
Oblivion.esm,INFO,00023E73,,NAM1,0,,,"We're usually called upon to take a life, but not this time. This contract requires us to stage the assassination of a marked man. Are you ready?","우리는 주로 생명을 앗는 일을 하지만, 이번에는 아닐세. 이번 일은 목표가 암살된 것처럼 꾸며야 해. 준비 되었나?",record,False,False,False,False,,
Oblivion.esm,INFO,00023E70,,NAM1,0,,,"You are to travel to Bruma, enter the house of the Wood Elf Baenlin, and kill him. It should look like an accident. I'm sure you can handle it.","브루마로 가서, Baenlin의 집에서 누가봐도 사고라고 생각되게끔 그를 죽이게, 나는 자네가 잘 처리 할 거라고 생각하네.",record,False,True,False,False,MEDIUM,Baenlin
Oblivion.esm,INFO,00023419,,NAM1,0,,,"The manservant's name is Gromm, you say? Sounds like a Nord. Probably a big one. If he catches you, get ready for a serious fight. ","시종의 이름이 Gromm이라고 했었나? Nord 이름처럼 들리는군. 아마도 큰놈일거야. 만약 네가 그놈에게 붙잡히게 되면, 심각한 전투를 준비해야 할껄?",record,False,True,False,False,MEDIUM,"Gromm, Nord"
Oblivion.esm,INFO,00023E47,,NAM1,0,,,"We need you to stage an... accident. Kill the target in the manner specified, and you'll receive a considerable bonus. Do you accept this contract?",우리는 자네가... 사고를 유도했으면 하네. 특별한 방법으로 말이지. 그러면 상당한 Bonus를 받게 될거야. 이 청부를 수행하겠나?,record,False,True,False,False,MEDIUM,Bonus
Oblivion.esm,INFO,00023E45,,NAM1,0,,,"A contract is a secret pact one enters into with the Dark Brotherhood. They provide us with gold, and we remove someone from existence.","계약은 브라더후드로 일체화 되는 비밀스러운 협정이라네. 그들은 우리에게 돈을 지불하지, 그리고 우리는 한사람의 존재를 없애 버리는 걸세",record,False,False,False,False,,
Oblivion.esm,INFO,00023E45,,NAM1,1,,,"A contract is fulfilled by a skilled assassin such as yourself, who keeps the Dark Brotherhood's end of the bargain. So it has always been. ","계약은 자네와 같이 다크 브라더후드의 일원이면서 뛰어난 스킬을 가진 암살자들로 인해 완수 된다네, 그리고 언제나 그래 왔지.",record,False,False,False,False,,
Oblivion.esm,INFO,00023E45,,NAM1,2,,,"While carrying out a contract, you may have the opportunity to earn a bonus if certain parameters are met. Now, let's begin, shall we?","계약을 수행하는 동안 자네는 조건에 확실하게 이행된다면 보너스를 받을 기회도 가질수 있네, 자, 이제 시작해도 되겠나?",record,False,False,False,False,,
Oblivion.esm,INFO,00023E45,,NAM1,3,,,"I'm not sure how you feel about pirates, but you've got to kill one. A captain, in fact. On his ship. Surrounded by his crew. Interested?","나는 자네가 해적에 대해 어떻게 생각 하는지 잘 모르지만, 우리는 해적 한명을 죽여야 하네, 사실은 선장일세, 그는 배안에 있고, 선원들의 비호를 받고 있지. 구미가 당기나?",record,False,False,False,False,,
Oblivion.esm,INFO,000233D8,,NAM1,0,,,"You must infiltrate the Imperial Prison and kill Valen Dreth, a Dark Elf. He should be easy enough to eliminate, once you actually get inside.  ",Imperial Prison으로 잠입하여 Valen Dreth를 죽이게. 그는 처리하기 쉬운 상대일게야. 그리고 나서 밖으로 조용히 빠져나오게.,record,False,True,False,False,MEDIUM,"Imperial, Prison, Valen, Dreth"
Oblivion.esm,INFO,00023400,,NAM1,0,,,"Infiltrating the Imperial Prison is no small matter. Those guards are heavily armed and professionally trained. If discovered, don't be a fool. Flee!","Imperial Prison에 잠입하는건 결코 쉬운 일이 아니야. 그곳의 가드들은 중무장하고 있고, 전문적으로 훈련받았지. 만약 발각된다면, 바보같이 굴지말고 도망쳐!",record,False,True,False,False,MEDIUM,"Imperial, Prison"
Oblivion.esm,INFO,0000C081,,NAM1,0,,,"It's uncertain exactly what illness Roderick has contracted. But don't worry, it's probably not contagious. He he he he he.",Roderick이 무슨 병에 걸렸는지는 확실하지는 않아. 하지만 걱정하지 말게나. 아마 전염되지 않는 병일게야. 하하하하.,record,False,True,False,False,MEDIUM,Roderick
Oblivion.esm,INFO,0000C082,,NAM1,0,,,"Actually, I gave you this contract in the hope that whatever Roderick has is contagious, and you'll die a slow, lingering death in a matter of days.","정확히, 나는 당신에게 이 살인청부를 주면서 로데릭이 가진 것이 전염성이 있어서, 그리하여 당신은 천천히 죽기를, 며칠 동안 질질 끄는 그런 죽음을 희망하였습니다.",record,False,False,False,False,,
Oblivion.esm,INFO,0000C083,,NAM1,0,,,"Fort Sutch? I am familiar with that place. It is nestled deep in the mountains. It is naturally well defended, but there is a weakness.",Fort Sutch? 난 그곳 지리에 익숙하지. 그 요새는 산자락 깊숙히 위치하고 있는 천역적인 방어건물이야. 하지만 약점이 있지.,record,False,True,False,False,MEDIUM,"Fort, Sutch"
Oblivion.esm,INFO,0000C083,,NAM1,1,,,Not far from from the ruins of Fort Sutch lie the ruins of a tower. That tower was once part of the Fort Sutch Abbey. ,"Fort Sutch의 폐허에서 멀지 않은곳에, 탑의 폐허가 있네. 그 탑은 한때 Fort Sutch 대수도원의 일부였지.",record,False,True,False,False,MEDIUM,"Fort, Sutch, Fort, Sutch"
Oblivion.esm,INFO,0000C083,,NAM1,2,,,"The two ruins lie apart on the surface. But underground, they're connected by some now-flooded tunnels. Wet and dark, yes... but surely unguarded.","두 폐허는 표면상으로 떨어져 있다네. 하지만 지하에서는, 지금은 이미 물이 가득 찬 터널로 서로 연결되어 있다네. 축축하고 어둡지. 그래... 하지만 분명 무방비 상태야.",record,False,False,False,False,,
