file,record_type,formid,editor_id,field,occurrence,quest_stage,quest_stage_occurrence,source_english,translation_korean,origin,flag_korean_english_parentheses,flag_english_remnant,flag_topic_system_candidate,flag_decode_unknown,review_priority,english_tokens
Oblivion.esm,INFO,00015F25,,NAM1,1,,,"The guild turns its back on you until the blood price is paid. Until then, leave my sight.",피의 대가를 지불되면 길드가 그것을 돌려드릴 것입니다. 그때까지는 내 시야에서 사라져.,record,False,False,False,False,,
Oblivion.esm,INFO,00064459,,NAM1,0,,,A neat bit of work we did to reassign him to Anvil. One of my better forgeries.,우리가 했던 깔끔하고 작은 일이 그를 Anvil로 새로 발령이 내렸습니다. 저의 최고의 위조품 중 하나가.,record,False,True,False,False,MEDIUM,Anvil
Oblivion.esm,INFO,0006445F,,NAM1,0,,,Yeah. I've heard of him. Isn't he a soldier or guardsman in the Imperial City?,네. 그에 대해 들은 적 있소. 임페리얼시티의 군인인가 경비댄가 그렇죠?,record,False,False,False,False,,
Oblivion.esm,INFO,00064462,,NAM1,0,,,He's that Imperial Watch Captain that's always chasing after the Gray Fox and the Thieves Guild.,그는 임페리얼 경비대의 대장이에요. 항상 그레이 폭스(Gray Fox)와 도둑 길드(Thieves Guild)를 쫒고 있죠.,record,True,True,False,False,HIGH,"Gray, Fox, Thieves, Guild"
Oblivion.esm,INFO,00064462,,NAM1,1,,,"Chasing after shadows if you ask me. The Thieves Guild probably doesn't exist, and it's a sure bet the Gray Fox doesn't either.","하지만 뜬구름 잡기죠. 도둑 길드(Thieves Guild)란 존재하지 않을걸요, 당연히 그레이 폭스(Gray Fox)도 마찬가지고 말이죠.",record,True,True,False,False,HIGH,"Thieves, Guild, Gray, Fox"
Oblivion.esm,INFO,00064463,,NAM1,0,,,"He got reassigned, to Anvil I think. Without him around, all this hustle and bustle about the Gray Fox will go away.","그는 Anvil로의 새 발령을 받아드렸습니다. 내 생각에. 그가 주변에 없으면, The Gray Fox에 관한 이 모든 야단법석이 사라질 것입니다. ",record,False,True,False,False,MEDIUM,"Anvil, The, Gray, Fox"
Oblivion.esm,INFO,00064463,,NAM1,1,,,I never believed in the Gray Fox anyway. I think the Imperium just made him up as an excuse to raise our taxes.,나는 어쨌던 그레이 폭스를 믿은 적이 없었어. 나는 법 집행부에서 그냥 우리의 세금을 인상하기 위해서 만들었다고 생각합니다.,record,False,False,False,False,,
Oblivion.esm,INFO,00064466,,NAM1,0,,,He's our new Captain. I've never met a finer man.,그는 우리의 새로운 대장이오. 난 한번도 훌륭한 사람을 만나본 적이 없소.,record,False,False,False,False,,
Oblivion.esm,INFO,0001C4E2,,NAM1,0,,,Hieronymus Lex has left the Waterfront? Well done! Methredhel's report tells me that you have done well. You have earned your reward.,히에로니무스 렉스가 부두 구역을 떠났다고? 잘 했다! 메스레델의 보고에 따르면 네가 큰 활약을 했다고 했다. 보상을 받을 자격이 확실하다.,record,False,False,False,False,,
Oblivion.esm,INFO,0001C4E2,,NAM1,1,,,"I am promoting you to Cat Burglar, which means you can use Luciana Galena of Bravil as your fence. Congratulations on your new rank.","너의 계급을 빈집털이범으로 진급시키고, 이제부터 넌 브라빌의 루시아나 갈레나를 장물아비로 이용할 수 있다. 새로운 계급을 받은 걸 축하한다.",record,False,False,False,False,,
Oblivion.esm,INFO,00015F26,,NAM1,0,,,The Arcane University is getting restless. They have not gotten their Icestaff back.,아케인 대학이 점점 불안해하는 것 같군. 그들이 얼음 지팡이를 아직까지 돌려받지 못한 것 같아.,record,False,False,False,False,,
Oblivion.esm,INFO,00015F26,,NAM1,1,,,"If it is not returned soon, they will let Lex return to the Waterfront. You must finish the job. Go now!","그걸 빨리 돌려주지 않으면, 렉스를 부두 구역으로 돌아가게 놔둘지도 몰라. 빨리 일을 마무리해야 해. 어서!",record,False,False,False,False,,
Oblivion.esm,INFO,00007E04,,NAM1,0,,,He is captain of the Imperial Watch. He is pursuing a personal vendetta against the Thieves Guild and the Gray Fox.,그는 임페리얼 경비대의 대장이지. 그는 도둑길드와 그레이 폭스에 대해 개인적인 투쟁을 해왔어.,record,False,False,False,False,,
Oblivion.esm,INFO,00007E04,,NAM1,1,,,I heard the Gray Fox personally humiliated Lex years ago when he tried to arrest Armand Christophe for theft. Lex has never forgotten it.,"몇 해전 그가 아몬드 크리스토퍼(Armand Christophe)를 체포하려고 할때, 그레이 폭스가 렉스(Lex)에게 개인적으로 창피를 주었다고 들었어. 그는 절대 잊지 못할꺼야.",record,True,True,False,False,HIGH,"Armand, Christophe, Lex"
Oblivion.esm,INFO,00017C46,,NAM1,0,,,He's a Captain of the Imperial Watch. He is pursuing a personal vendetta against the Thieves Guild and the Gray Fox.,그는 임페리얼 경비대의 대장이지. 그는 도둑길드와 그레이 폭스에 대해 개인적인 투쟁을 해왔어.,record,False,False,False,False,,
Oblivion.esm,INFO,00017C46,,NAM1,1,,,Two years ago I made a fool out of him when he tried to arrest me. Lex has never forgotten it.,"2년 전, 그가 나를 체포하려 했을 때 난 그를 바보로 만들어버렸지. 그는 절대 잊지 못할걸.",record,False,False,False,False,,
Oblivion.esm,INFO,0000C051,,NAM1,0,,,He's the Captain of the Guard in Anvil now. He used to be in the Imperial Watch until Countess Umbranox had him reassigned.,그 분은 앤빌 시 경비대의 대장이십니다. 움브라녹스 백작 부인께서 임명하시기 전까진 임페리얼 시티의 제국군 경비대 대장이셨다네요.,record,False,False,False,False,,
Oblivion.esm,INFO,0000C051,,NAM1,1,,,He made things very difficult for the Thieves Guild for a while.,한동안 그 분은 도둑 길드를 잡으신다고 바쁘게 움직이셨죠.,record,False,False,False,False,,
Oblivion.esm,INFO,0000C051,,NAM1,2,,,I heard you were the one that made it all happen. Everyone in the Thieves Guild is grateful!,당신이 그 일에 크게 한 몫 했다고 들었습니다. 도둑 길드의 모두가 감사하고 있답니다!,record,False,False,False,False,,
Oblivion.esm,DIAL,00007DF6,TG01Rohssan,FULL,0,,,Rohssan,로싼(Rohssan),record,True,True,True,False,HIGH,Rohssan
Oblivion.esm,INFO,00007E01,,NAM1,0,,,I've heard of her. What's it worth to ya?,그녀에 대해 들은적 있어요. 얼마나 줄 수 있어요?,record,False,False,False,False,,
Oblivion.esm,DIAL,00007DF7,TG01NoBribeBeggar,FULL,0,,,Um...I'm short of coins.,음...돈이 부족한데.,record,False,False,True,False,TOPIC_CHECK,
Oblivion.esm,INFO,00007E03,,NAM1,0,,,My memory is playing tricks on me. I can't seem to remember where she lives.,내 기억이 혼란스럽군요. 나는 그녀가 어디 사는지 기억할 수가 없습니다.,record,False,False,False,False,,
Oblivion.esm,INFO,00007E00,,NAM1,0,,,Amantius Allectus? I thought you said Amantus Leckis. Sorry. Never heard of him.,아만터스 알렉터스(Amantius Allectus)? 아만터스 렉키스(Amantus Leckis)를 말하는 줄 알았소. 미안해요. 그는 들은바 없네요.,record,True,True,False,False,HIGH,"Amantius, Allectus, Amantus, Leckis"
Oblivion.esm,DIAL,00007DF8,TG01BribeBeggar,FULL,0,,,Here's five coins.,5골드 여기 있소.,record,False,False,True,False,TOPIC_CHECK,
Oblivion.esm,INFO,00007DFF,,NAM1,0,,,"You are most generous! He lives in the Temple district on the far east side. He's an early riser, usually up by sunrise.","당신은 자상하신 분이군요! 그는 사원(Temple) 구역의 동쪽 끝에 삽니다. 일찍 일어나는 성격이라, 해가 뜨면 보통 일어나곤 하죠.",record,True,True,False,False,HIGH,Temple
Oblivion.esm,INFO,00007E02,,NAM1,0,,,I will sing of your charity. She runs the Fighting Chance armory on the far east side of the Market District.,자비심에 보답하겠습니다. 그녀는 상가 지역에서 동쪽으로 쭈욱 가다보면 있는 파이팅 찬스(Fighting Chanc) 병기점을 운영하고 있습니다.,record,True,True,False,False,HIGH,"Fighting, Chanc"
Oblivion.esm,DIAL,00007DF9,TG01AmantiusAllectus,FULL,0,,,Amantius Allectus,아만터스 알렉터스(Amantius Allectus),record,True,True,True,False,HIGH,"Amantius, Allectus"
Oblivion.esm,INFO,00048970,,NAM1,0,,,Anything for you! He lives in the Temple district on the far east side.,뭐든지 알려드려야죠! 그는 사원 구역(Temple district)의 동쪽 끝에 산답니다.,record,True,True,False,False,HIGH,"Temple, district"
Oblivion.esm,INFO,00007DFE,,NAM1,0,,,I've heard of him. What's it worth to ya?,들어 본적은 있는데. 무슨 대가라도 있는지?,record,False,False,False,False,,
Oblivion.esm,DIAL,0000918C,MQ08GiveBook,FULL,0,,,Give the book and Skeftskin.,책과 스케프트스킨(Skeftskin) 건네기,record,True,True,True,False,HIGH,Skeftskin
Oblivion.esm,DIAL,0000918D,MysteriumXarxes,FULL,0,,,Mysterium Xarxes,작시스의 신비,record,False,False,True,False,TOPIC_CHECK,
Oblivion.esm,INFO,00022B3C,,NAM1,0,,,"You must be referring to Mankar Camoran's ""Commentaries on the Mysterium Xarxes."" A common mistake.","맨카 케모런(Mankar Camoran)의 ""자서스(Xarxes) 신비에 대한 논평집""은 미리 예약하셔야 합니다. 뭐, 다들 잘 안하시긴 합니다만.",record,True,True,False,False,HIGH,"Mankar, Camoran, Xarxes"
Oblivion.esm,INFO,00022B3C,,NAM1,1,,,"It comes in four volumes. The first two volumes are rare, but you may run across them from time to time. The third and fourth are impossible to find.","그건 모두 네 권으로 전해져 오고 있습니다만, 처음 두 권은 매우 귀합니다. 오래된 책이니 이해하십시오. 3권과 4권은 찾을 수 있을 겁니다.",record,False,False,False,False,,
Oblivion.esm,INFO,0003C268,,NAM1,0,,,I have everything necessary for the ritual to use the Xarxes to open a portal to Camoran's Paradise.,케모런의 낙원을 열기 위한 자서스 의식에 필요한 것들을 모두 구했네.,record,False,False,False,False,,
Oblivion.esm,INFO,0003C268,,NAM1,1,,,"Remember, the portal will close behind you, so you will need to take everything you need.","잊지 말게, 포탈은 자네가 들어가면 닫힐 걸세, 그러니 필요한 모든 것을 구해야만 하네.",record,False,False,False,False,,
Oblivion.esm,INFO,000221F6,,NAM1,0,,,"I've learned that the Mysterium Xarxes is both the gate and the key to Camoran's Paradise. In some sense, the book IS Camoran's Paradise.","자서스(Xarxes) 신비가 케모런(Camoran)의 낙원으로 가는 문이자 열쇠라는 걸 알았네. 책 이름을 달리 표현하면, ""케모런(Camoran)의 낙원""이 되어야 할거야.",record,True,True,False,False,HIGH,"Xarxes, Camoran, Camoran"
Oblivion.esm,INFO,000221F6,,NAM1,1,,,"Mankar Camoran bound himself to the Xarxes when he created his Paradise, using dark rituals which I will not speak of further.","맨카 케모런은 낙원을 만들 때, 내가 잘 모르는 어떤 사술의 의식을 이용해서, 그 자신을 자서스(Xarxes)로 소환했네.",record,True,True,False,False,HIGH,Xarxes
Oblivion.esm,INFO,000221F6,,NAM1,2,,,"A gate can be opened from the outside, however. It will be more difficult, as I will have to temporarily bind myself to the book.","비록 문은 외부로부터 여는 방법이 있겠지만, 책을 잠깐 읽어보고서 느끼는 것 보다는 훨씬 더 어려울 걸세.",record,False,False,False,False,,
Oblivion.esm,INFO,000221F6,,NAM1,3,,,But I believe it can be done. I will continue working to decipher the arcane items needed for the binding ritual.,하지만 난 할 수 있다고 믿고 있네. 비밀스러운 의식에 필요한 물품들에 대한 해석을 계속 해야겠네.,record,False,False,False,False,,
Oblivion.esm,INFO,000221F7,,NAM1,0,,,"This evil book was written by Mehrunes Dagon himself, and given by him to Mankar Camoran.","이 사악한 책은 메르네스 데이건(Mehrunes Dagon) 자신이 쓰고, 그에 의해서 맨카 케모런(Mankar Camoran)에게 전해졌군.",record,True,True,False,False,HIGH,"Mehrunes, Dagon, Mankar, Camoran"
Oblivion.esm,INFO,000221F7,,NAM1,1,,,I believe Mankar Camoran used it to create his Paradise. It should give us the means to open a gate there ourselves. I will continue studying it.,맨카 케모런(Mankar Camoran)은 이걸 이용해서 자신의 낙원을 창조했을거야. 그건 바로 이것이 우리에게 그곳의 문을 열도록 해준다는 뜻이지. 좀더 연구해봐야 겠어.,record,True,True,False,False,HIGH,"Mankar, Camoran"
Oblivion.esm,INFO,00033FCB,,NAM1,0,,,"I don't know much about it. The ""Commentaries on the Mysterium Xarxes"" are the only source we have for its existence.","난 그것에 대해 잘 모르네. ""자서스(Xarxes) 신비에 대한 논평집""이 자서스(Xarxes) 신비의 실체에 대한 우리가 가진 유일한 자료인 셈이야.",record,True,True,False,False,HIGH,"Xarxes, Xarxes"
Oblivion.esm,INFO,00033FCB,,NAM1,1,,,"The author of the ""Commentaries"" claims the Xarxes was written by Mehrunes Dagon himself, but no one else has ever seen it.","""논평집""에서 말하는 자서스(Xarxes)는 그걸 직접 쓴 메르네스 데이건(Mehrunes Dagon) 자신 외에는 아무도 본 적이 없네.",record,True,True,False,False,HIGH,"Xarxes, Mehrunes, Dagon"
Oblivion.esm,INFO,00097CBF,,NAM1,0,,,You should complete your initiation before we speak any further of that.,그것에 대해 자세히 이야기하기 전에 우선 입회식부터 마쳐야 한다.,record,False,False,False,False,,
Oblivion.esm,INFO,00097CC0,,NAM1,0,,,"Lord Dagon wrote it with his own hand, and gave it to the Master as a sign of His favor. None but the Master may touch it or read from it.","데이건(Dagon) 군주께서 직접 쓰시고, 총애의 표시로 마스터께 주셨다. 마스터 외엔 아무도 읽거나, 건들지도 않는다.",record,True,True,False,False,HIGH,Dagon
Oblivion.esm,INFO,00097CC0,,NAM1,1,,,You were fortunate to have heard the Master read from its sacred pages.,마스터께서 읽으신 신성한 구절을 직접 들을 수 있었던 건 너의 행운이다.,record,False,False,False,False,,
Oblivion.esm,INFO,00022B3D,,NAM1,0,,,The holy book of the Mythic Dawn. Supposedly written by Mehrunes Dagon himself.,신화 여명회가 신성시하는 책입니다. 메이룬스 데이건이 직접 썼다고 알려져 있습니다.,record,False,False,False,False,,
Oblivion.esm,INFO,00022B3D,,NAM1,1,,,"If it exists, it would be an artifact of great -- and evil -- power.","그게 사실이라면, 그 책은 거대한 힘을, 그리고 악한 힘을 가진 성물일 것입니다.",record,False,False,False,False,,
Oblivion.esm,DIAL,0000918E,MQ08LissaldaTopic,FULL,0,,,So I go to Lissalda?,그럼 리살르다(Lissalda)에게 가면 되나?,record,True,True,True,False,HIGH,Lissalda
Oblivion.esm,DIAL,0000918F,MQ08Xarxes,FULL,0,,,Mysterium Xarxes?,자서스(Xarxes)의 신비?,record,True,True,True,False,HIGH,Xarxes
Oblivion.esm,DIAL,00009190,MQ08Mission,FULL,0,,,What is this mission?,어떤 임무입니까?,record,False,False,True,False,TOPIC_CHECK,
Oblivion.esm,DIAL,00009191,MQ08StopHim,FULL,0,,,Can we stop him?,우리가 그를 멈출 수 있을까요?,record,False,False,True,False,TOPIC_CHECK,
Oblivion.esm,DIAL,00009192,MQ08WhyDoThis,FULL,0,,,Why would Camoran do this?,왜 카모란(Camoran)은 이것을 했을까?,record,True,True,True,False,HIGH,Camoran
Oblivion.esm,DIAL,00009193,MQ08Why,FULL,0,,,I don't understand. Why?,이해할수 없군요. 왜?,record,False,False,True,False,TOPIC_CHECK,
Oblivion.esm,DIAL,00009194,MQ08TellMe,FULL,0,,,Please. Tell me.,"제발, 말해 주시오.",record,False,False,True,False,TOPIC_CHECK,
Oblivion.esm,DIAL,00009195,MQ08TellAll,FULL,0,,,Tell Jauffre everything.,죠프리(Jauffre)에게 전부 말하기,record,True,True,True,False,HIGH,Jauffre
Oblivion.esm,DIAL,000091B1,FGC07Choice6,FULL,0,,,Take this money for your debt.,이 돈으로 빚을 갚겠소.,record,False,False,True,False,TOPIC_CHECK,
Oblivion.esm,INFO,00009214,,NAM1,0,,,"Why... thank you! This will be enough to pay off my debtors. Please, keep the sword and armor until I can pay you back. Thank you again.","왜... 고마워요! 이것은 내 빚을 값기에 충분할 거예요. 모쪼록, 그 칼과 갑옷은 간직해주세요. 내가 당신에게 보답할 수 있게 될 때까지요. 다시 한 번 감사드려요.",record,False,False,False,False,,
Oblivion.esm,DIAL,000091B2,FGC07Choice5,FULL,0,,,Here are the sword and armor.,여기 검과 갑옷이 있소.,record,False,False,True,False,TOPIC_CHECK,
Oblivion.esm,INFO,00009213,,NAM1,0,,,"Thank you. Thank you so much. Hopefully, I'll be able to sell these for enough to pay my debt. You're a lifesaver.","고마워요. 너무도 고마워요. 분명히, 난 이것들을 내 빛을 값기 충분한 값에 팔 수 있을거예요. 당신은 생명의 은인입니다.",record,False,False,False,False,,
Oblivion.esm,INFO,00009215,,NAM1,0,,,"But, where are they? Please, bring me the sword and armor. The debtors aren't giving me much time.","그런데, 그것들은 어디에 있나요? 부탁이니, 그 칼과 갑옷을 가져다 주세요. 채무자들이 내게 많은 시간을 주지 않을거예요.",record,False,False,False,False,,
Oblivion.esm,DIAL,000091B3,FGC07Choice4,FULL,0,,,Take this money for your debt.,이 돈으로 빚을 갚겠소.,record,False,False,True,False,TOPIC_CHECK,
Oblivion.esm,INFO,000091FE,,NAM1,0,,,"Are you certain? I can't thank you enough. Please, though. If you decide to retrieve the sword and armor, keep them. At least until I can repay you.","당신 정말인가요? 내가 당신에게 충분한 감사를 표시할 방법이 없군요. 그럼에도 기뻐요. 만약 당신이 그 칼과 갑옷을 되찾기로 결정한다면, 그것을 간직해주세요. 최소한 내가 당신에게 보답할 수 있게 될 때까지만이라도요.",record,False,False,False,False,,
Oblivion.esm,DIAL,000091B4,FGC07Choice3,FULL,0,,,Where are the sword and armor?,검과 갑옷은 어디 있소?,record,False,False,True,False,TOPIC_CHECK,
Oblivion.esm,INFO,000091FD,,NAM1,0,,,"Not far, in my family's ancestral tomb. Here, I can mark it on your map. Please, return them to me, so I can pay off my father's debts.","멀지 않아요. 내 선조들의 무덤은요. 여기, 내가 당신의 맵에 표시해 드리겠어요. 부탁이니, 내게 그것들을 가져와 주세요. 그래야 내가 아버지의 빚을 값을 수 있답니다.",record,False,False,False,False,,
Oblivion.esm,DIAL,000091B5,FGC07Choice2,FULL,0,,,How much is the debt?,빚이 얼마나 됩니까?,record,False,False,True,False,TOPIC_CHECK,
Oblivion.esm,INFO,000091F9,,NAM1,0,,,"A great deal, over 1,000 septims. My father was quite a gambler. Quite a bad gambler.",엄청나죠. 1000셉팀도 넘을걸요. 워낙 유명한 도박꾼이셨죠. 나쁜 쪽으로요.,record,False,False,False,False,,
Oblivion.esm,INFO,000146B4,,NAM1,0,,,"A great deal, over 1,000 septims. My father was quite a gambler. Quite a bad gambler.",엄청나게 많죠. 1000 셉팀(septim)도 넘어요. 내 아버지는 대단한 도박꾼이셨죠. 대단하게 형편없는 도박꾼 말이에요.,record,True,True,False,False,HIGH,septim
Oblivion.esm,DIAL,000091B6,FGC07Choice1,FULL,0,,,Where is your father?,아버지는 어디 계십니까?,record,False,False,True,False,TOPIC_CHECK,
Oblivion.esm,INFO,000091F8,,NAM1,0,,,"Gone. Dragged from our house in the night. To pay the debt, I'd like to sell the sword and armor of my grandfather, or I might be next!","사라지셨어요. 밤중에 끌려가셨죠. 빚을 갚으려면, 어쩔 수 없이 할아버지의 검과 갑옷을 팔아야만 해요. 안 그러면 제가 다음 차례니까요!",record,False,False,False,False,,
Oblivion.esm,INFO,000146B3,,NAM1,0,,,"Gone. Dragged from our house in the night. To pay the debt, I'd like to sell the sword and armor of my grandfather, or I might be next!",돌아가셨어요. 밤중에 우리의 집에서 끌려나갔죠. 빚을 값기 위해 난 내 할아버지의 검과 갑옷을 팔아야해요. 그렇지 않으면 내가 다음 차례일 거예요.,record,False,False,False,False,,
Oblivion.esm,DIAL,000091B7,SwordAndArmor,FULL,0,,,Sword and Armor,검과 갑옷,record,False,False,True,False,TOPIC_CHECK,
Oblivion.esm,INFO,000091D4,,NAM1,0,,,You've found them? Fantastic! I can't tell you what this means to me.,그것들을 찾았나요? 대단하군요! 이것은 내게 말로 표현할 수 조차 없을 정도로 큰 의미를 가진 일이에요.,record,False,False,False,False,,
Oblivion.esm,INFO,000091F0,,NAM1,0,,,You've found them? Fantastic! I can't tell you what this means to me.,그것들을 찾았나요? 대단하군요! 이것은 내게 말로 표현할 수 조차 없을 정도로 큰 의미를 가진 일이에요.,record,False,False,False,False,,
Oblivion.esm,INFO,000091F1,,NAM1,0,,,"They were buried with my grandfather in the family tomb. The sword and cuirass were enchanted, and should cover my debt. Please, get them for me.",그것들은 가문의 무덤에 내 할아버지와 함께 묻혀있어요. 그 칼과 갑옷에는 마법이 걸려있죠. 그것들이 내 빛을 값아줄 수 있을거예요. 그것들을 내게 가져와 주세요.,record,False,False,False,False,,
Oblivion.esm,INFO,000091FC,,NAM1,0,,,"They were buried with my grandfather in the family tomb. The sword and cuirass were enchanted, and should cover my debt. Please, get them for me.",그것들은 가문의 무덤에 내 할아버지와 함께 묻혀있어요. 그 칼과 갑옷에는 마법이 걸려있죠. 그것들이 내 빛을 값아줄 수 있을거예요. 그것들을 내게 가져와 주세요.,record,False,False,False,False,,
Oblivion.esm,DIAL,000091B8,Debt,FULL,0,,,Debt,빚,record,False,False,True,False,TOPIC_CHECK,
Oblivion.esm,INFO,000E7A8B,,NAM1,0,,,I can't tell you how much your help means to me. Thank you again.,당신의 도움이 내게 얼마나 큰 의미가 되었는지 말로 표현할 수 없을 정도예요. 다시 한 번 감사드려요.,record,False,False,False,False,,
Oblivion.esm,INFO,000091F7,,NAM1,0,,,"I'm afraid so. My father had a bit of an issue with gambling. I'm afraid he built up a rather large debt. Now that he's gone, the debt is mine.",내가 우려한 대로예요. 내 아버지는 약간의 도벽을 가지고 계셨어요. 나는 아버지가 너무 많은 빚을 지는 것이 걱정이었죠. 이제 아버지는 돌아가셨어요. 그 빚은 내 것이 되었고요.,record,False,False,False,False,,
Oblivion.esm,DIAL,000091B9,BieneAmelionTOPIC,FULL,0,,,Biene Amelion,비엔 아멜리언(Biene Amelion),record,True,True,True,False,HIGH,"Biene, Amelion"
Oblivion.esm,INFO,000091CC,,NAM1,0,,,Biene? She should be around here somewhere. Just look around a bit.,Biene? 그녀는 이 주변 어딘가에 있을 거예요. 조금만 더 찾아보세요.,record,False,True,False,False,MEDIUM,Biene
Oblivion.esm,INFO,000091CD,,NAM1,0,,,I am Biene Amelion.,제가 Biene Amelion이에요.,record,False,True,False,False,MEDIUM,"Biene, Amelion"
Oblivion.esm,INFO,000091CF,,NAM1,0,,,"Got a sword and armor for her, huh? Not bad work, meat. Here's your payment for the contract.","그녀를 위해 검과 갑옷을 구했군, 맞나? 나쁘지 않은 일처리였네, 핏덩이. 여기 청부에 대한 보상일세.",record,False,False,False,False,,
Oblivion.esm,INFO,000091EE,,NAM1,0,,,"Paid her debt off yourself, did you? Not gonna get rich that way, meat. Still, the job's done. Here's your payment.","그녀의 빛을 값아준 것이 자네라더군, 사실인가? 그렇게 해서는 부자가 될 수 없네, 핏덩이. 어찌되었든, 그 일은 완료된 것 같군. 여기 자네에게 주는 보상일세.",record,False,False,False,False,,
Oblivion.esm,INFO,00009217,,NAM1,0,,,You'll find her at the Water's Edge settlement. It's marked on your map.,Water's Edge 거주지(settlement)에서 그녀를 찾게. 자네의 지도에 표시해 두었네.,record,True,True,False,False,HIGH,"Water's, Edge, settlement"
Oblivion.esm,DIAL,00009221,MannimarcoTopic,FULL,0,,,Mannimarco,매니마코(Mannimarco),record,True,True,True,False,HIGH,Mannimarco
Oblivion.esm,INFO,00009222,,NAM1,0,,,What?,뭐?,record,False,False,False,False,,
Oblivion.esm,INFO,00009222,,NAM1,1,,,Is that possible? This is grave news indeed.,그게 가능한가? 정말 나쁜 소식이군.,record,False,False,False,False,,
Oblivion.esm,INFO,00009222,,NAM1,2,,,"I had, perhaps foolishly, believed that Necromancy was all but stamped out in Cyrodiil. It seems I couldn't have been more mistaken.",나는 멍청하게도 네크로맨시가 시로딜에서 뿌리뽑혔다고 생각하고 있었어. 정말 큰 착각을 하고 있었던것 같군.,record,False,False,False,False,,
Oblivion.esm,INFO,00009222,,NAM1,3,,,I shall need to consult the Council as to how to proceed with this situation. Thank you for the information. It may save many lives.,이 상황데 어떻게 대응해야 하는 지에 대해 council과 의논해 봐야겠네. 정보 고맙네. 이게 많은 이의 생명을 살릴지도 몰라.,record,False,True,False,False,MEDIUM,council
Oblivion.esm,INFO,00009225,,NAM1,0,,,"He is an old and powerful Necromancer. Traven will recognize the name, even if you do not.",그는 늙고 강력한 네크로맨서야. Traven은 그 이름을 잘 알고 있을거야.,record,False,True,False,False,MEDIUM,Traven
Oblivion.esm,DIAL,00009268,MS02VelwynEscortChoice2,FULL,0,,,"No, not yet.","아니요, 아직은 안 됩니다.",record,False,False,True,False,TOPIC_CHECK,
Oblivion.esm,INFO,0000927A,,NAM1,0,,,"Well, when you're ready, you know where to find me.",준비됐을 때 나를 어디서 찾아야 하는지는 알 겁니다.,record,False,False,False,False,,
Oblivion.esm,DIAL,00009269,MS02VelwynEscortChoice1,FULL,0,,,"Yes, I'm ready.","네, 준비됐습니다.",record,False,False,True,False,TOPIC_CHECK,
Oblivion.esm,INFO,00009279,,NAM1,0,,,Then let's get this over with. I don't relish the thought of spending too long inside of the manor. Follow me.,다시 한번 짚고 넘어 가지만 나는 저 장원에 그렇게 오래 있고 싶지 않아요. 따라 오세요. ,record,False,False,False,False,,
Oblivion.esm,DIAL,0000926A,VelwynBenirusTopic,FULL,0,,,Velwyn Benirus,벨윈 베니루스,record,False,False,True,False,TOPIC_CHECK,
Oblivion.esm,INFO,0000926B,,NAM1,0,,,"Yes, he just arrived in town recently. I believe he's staying at The King and Queen Tavern.","예, 그는 사실 바로 얼마 전에 마을에 도착했어요. 난 그가 왕과 비 여인숙(King and Queen Tavern)에 머물고 있다고 믿어요.",record,True,True,False,False,HIGH,"King, and, Queen, Tavern"
Oblivion.esm,INFO,0000926C,,NAM1,0,,,I believe I heard a Benirus is in town. You should check out the Elven Gardens District. A Benirus wouldn't be seen anywhere else.,베니루스 씨가 도시에 있다 들은 것 같은데요. 엘프 정원 구역을 한 번 찾아보시죠. 거기 말고는 없을 겁니다.,record,False,False,False,False,,
Oblivion.esm,INFO,0000926D,,NAM1,0,,,"As soon as you bought the place, he pretty much up and left. I hear tell he's making his way to the Imperial City.",당신이 그 집을 사자마자 그는 바로 떠났습니다. 들리는 이야기로는 그는 임페리얼 시티로 갔다고 하더군요.,record,False,False,False,False,,
Oblivion.esm,INFO,0000926F,,NAM1,0,,,"I'm not sure where he went, but I would ask at The Count's Arms. If anyone knows where he is, it would be someone there.",그가 어디로 갔는지 확신하진 못하지만 나라면 백작의 권력(Count's Arms)에 가서 물어 보겠습니다. 누군가 그가 어디 있는지 안다면 그건 그곳에 있는 사람일 겁니다.,record,True,True,False,False,HIGH,"Count's, Arms"
Oblivion.esm,INFO,00009273,,NAM1,0,,,That layabout? You can find him wasting time at The Count's Arms.,그 게으름뱅이? 백작의 권력(Count's Arms)에서 시간 낭비하고 있는 그를 찾을 수 있을 거에요.,record,True,True,False,False,HIGH,"Count's, Arms"
Oblivion.esm,DIAL,0000928E,MGWait,FULL,0,,,Wait here.,여기서 기다리시죠.,record,False,False,True,False,TOPIC_CHECK,
Oblivion.esm,INFO,00009295,,NAM1,0,,,"Okay, if you say so.",알겠습니다. 그렇게 하죠.,record,False,False,False,False,,
Oblivion.esm,DIAL,0000928F,MGFollow,FULL,0,,,Follow me.,나를 따라오세요.,record,False,False,True,False,TOPIC_CHECK,
Oblivion.esm,INFO,00009294,,NAM1,0,,,I'll be right behind you.,바로 뒤따라 가도록 하지요.,record,False,False,False,False,,
Oblivion.esm,DIAL,00009290,MG01Choice3B,FULL,0,,,Find your own way back.,혼자 돌아 가시오.,record,False,False,True,False,TOPIC_CHECK,
Oblivion.esm,INFO,00009296,,NAM1,0,,,"Oh. Well, I guess I can do that. I'll see you there, then... I hope.","오. 알겠습니다, 할수있을거같네요. 가능하다면... 그곳에서 당신을 다시만나길 빕니다.",record,False,False,False,False,,
Oblivion.esm,DIAL,00009291,MG01Choice3A,FULL,0,,,"Okay, follow me.","네, 나를 따라오시오.",record,False,False,True,False,TOPIC_CHECK,
Oblivion.esm,INFO,00009293,,NAM1,0,,,"Oh, thank you. You're just too kind.","오, 감사합니다. 친절하시군요.",record,False,False,False,False,,
Oblivion.esm,DIAL,00009298,TG03HowToHelp,FULL,0,,,How?,어떻게?,record,False,False,True,False,TOPIC_CHECK,
Oblivion.esm,INFO,000092B7,,NAM1,0,,,Plant the bust in her cupboard. Make sure she doesn't see you. Then go tell Hieronymous Lex that she is the thief. ,흉상을 그녀의 찬장(cupboard)에 두는거야. 당연히 그녀가 눈치채지 못하게 말이야. 그리고나서 히에로니무스 렉스(Hieronymus Lex)에게 가서 그녀가 도둑이라고 말하는거지. ,record,True,True,False,False,HIGH,"cupboard, Hieronymus, Lex"
Oblivion.esm,INFO,000092B7,,NAM1,1,,,"He probably won't believe you, so you may have to persuade him. Hopefully he will at least go and check it out.","물론 널 믿지 않을 테니, 어떻게든 그 인간을 설득시켜야 해. 적어도 가서 직접 확인하는 정도라도 바라보자고.",record,False,False,False,False,,
Oblivion.esm,DIAL,00009299,TG03WhoIsInformant,FULL,0,,,So who is the informant?,정보 제공자는 누구입니까?,record,False,False,True,False,TOPIC_CHECK,
Oblivion.esm,INFO,000092B6,,NAM1,0,,,Myvryna Arano. Now Armand needs your help to neutralize her. You are going to pin the theft of the bust on Myvryna. She lives in the Waterfront.,미브리나 아라노(Myvryna Arano). 아몬드(Armand)는 그녀를 제압하기 위해 지금 너의 도움이 필요해. 너는 그 훔쳐온 흉상으로 미브리나(Myvryna)를 꼼짝 못하게 하는거지. 그녀는 워터프론트에 살고 있어.,record,True,True,False,False,HIGH,"Myvryna, Arano, Armand, Myvryna"
Oblivion.esm,DIAL,0000929A,TG03WhatToDo,FULL,0,,,What do I do with the bust?,흉상을 어떻게 하면 됩니까?,record,False,False,True,False,TOPIC_CHECK,
Oblivion.esm,INFO,000092B5,,NAM1,0,,,There never was a client that commissioned the guild to steal Llathasa's bust. Armand used you to flush out an informant that infiltrated the guild.,"사실, 길드에 라타사(Llathasa)의 흉상을 훔쳐달라는 의뢰인은 처음부터 존재하지 않았어. 길드에 잠입해 있는 밀고자를 색출해 내기 위해 아몬드(Armand)는 너를 이용한거지.",record,True,True,False,False,HIGH,"Llathasa, Armand"
Oblivion.esm,DIAL,0000929B,TGInformation,FULL,0,,,Sources of Information,정보 제공원,record,False,False,True,False,TOPIC_CHECK,
Oblivion.esm,INFO,000092B3,,NAM1,0,,,The best source of information are the beggars. Their eyes and ears seem to be everywhere.,정보를 얻을 수 있는 최고의 근원은 거지들이야. 그들의 눈과 귀는 모든 곳에 있으니까.,record,False,False,False,False,,
Oblivion.esm,INFO,000092B3,,NAM1,1,,,"However, be prepared to spend a little coin. They won't tell you anything for free. At least not anything true.","하지만, 약간의 돈을 준비해야 될거야. 그들은 공짜로는 아무것도 말해주지 않아. 진짜 사실들을 말이야.",record,False,False,False,False,,
Oblivion.esm,DIAL,0000929C,TG03LlathasaIndarys,FULL,0,,,Llathasa Indarys,라타사 인다리스,record,False,False,True,False,TOPIC_CHECK,
Oblivion.esm,INFO,000092B2,,NAM1,0,,,It's been twenty years or more since the Count married Llathasa. She was a beautiful Elven bride.,"그것은 20년이상 오래 전, 백작이 Llathasa와 결혼하고 부터였습니다. 그녀는 아름다운 엘븐 신부였죠.",record,False,True,False,False,MEDIUM,Llathasa
Oblivion.esm,INFO,000092B2,,NAM1,1,,,She remained young while he aged. Not too long ago she was found slain. It's all hush-hush. Nobody knows exactly what happened.,그녀는 그가 나이 먹는 동안 젊은 체로 남게 되었다. 얼마 전에 그녀는 살해된 체 발견되었습니다. 모두 쉬쉬하죠. 아무도 정확히 무슨 일이 있었는지 모르는 것 같습니다.,record,False,False,False,False,,
Oblivion.esm,INFO,00045F76,,NAM1,0,,,"Her tomb is in the northern croft. It's a pity about her highness. She died so young, at least for an elf.",그녀의 무덤은 북부 크로프트에 있습니다. 그것은 그녀의 고귀함에 대한 안타까움입니다. 그녀는 엘프같이 너무 어려서 죽었습니다.,record,False,False,False,False,,
Oblivion.esm,INFO,00045F76,,NAM1,1,,,"Rumor has it that there were strange circumstances with her death, if you know what I mean.",소문에는 그녀의 죽음은 이상한 상황이었다고 합니다. 내가 무슨 말을 하는지 알겠나요.,record,False,False,False,False,,
Oblivion.esm,INFO,00045F77,,NAM1,0,,,You can pay your respects in the northern croft. Just don't touch anything.,당신은 북부 크로프트에 경의를 표할 수 있습니다. 그냥 아무것도 만지지 마세요.,record,False,False,False,False,,
Oblivion.esm,INFO,00045F78,,NAM1,0,,,"Come to pay your respects, have you? You can find her tomb in the chapel undercroft.","혹시 애도를 하시러 오신 겁니까, 그렇죠? 예배당 지하 묘지에서 그녀의 흉상을 찾을 수 있습니다.",record,False,False,False,False,,
Oblivion.esm,DIAL,0000929D,TG03NoBribeBeggar,FULL,0,,,Just tell me.,그냥 말해.,record,False,False,True,False,TOPIC_CHECK,
Oblivion.esm,INFO,000092B1,,NAM1,0,,,Then bugger off.,그럼 꺼져.,record,False,False,False,False,,
Oblivion.esm,DIAL,0000929E,TG03BribeBeggar,FULL,0,,,Hmm. 15 coins seems right.,흠. 15골드면 되겠지.,record,False,False,True,False,TOPIC_CHECK,
Oblivion.esm,INFO,000092B0,,NAM1,0,,,Count Indarys recently commissioned a bust of Llathasa. They say the Elves carved it. He put it near her tomb in the Chapel Undercroft.,인더리즈(Indarys) 백작은 최근 라타사(Llathasa)의 흉상을 만들어달라고 부탁했죠. 그들이 말하길 엘프들이 그것을 만들었다고 하더군요. 그는 그것을 Chapel Undercroft에 있는 그녀의 무덤 가까이에 놓아두었죠.,record,True,True,False,False,HIGH,"Indarys, Llathasa, Chapel, Undercroft"
Oblivion.esm,INFO,000092B0,,NAM1,1,,,"He also posted a guard so that her tomb wouldn't be disturbed. Used to be anyone could visit her, but now it's off limits to the public.","그는 또한 경비를 세웠고 그래서 그녀의 무덤을 보호받게 했습니다. 예전에는 누구나 그녀를 방문할 수 있었는데, 지금은 일반인에게 출입 금지입니다.",record,False,False,False,False,,
Oblivion.esm,INFO,000092B0,,NAM1,2,,,There's a rumor going around that the undercroft may be haunted.,저기 소문에는 그 둥근 천정의 지하실에는 유령이 있을 수 있다고 합니다.,record,False,False,False,False,,
Oblivion.esm,DIAL,0000929F,TG03MyvrynaComplains,FULL,0,,,Myvryna Complains,미브리나(Myvryna)가 불평한다,record,True,True,True,False,HIGH,Myvryna
Oblivion.esm,INFO,000092A7,,NAM1,0,,,Hey! What are you doing?,헤이! 모하는 거요?,record,False,False,False,False,,
Oblivion.esm,DIAL,000092A0,TG03NoBust,FULL,0,,,No Bust,흉상이 없습니다,record,False,False,True,False,TOPIC_CHECK,
Oblivion.esm,INFO,000092A6,,NAM1,0,,,There is nothing here. Stop wasting my time.,여긴 아무것도 없어. 시간 낭비하는 짓은 그만둬.,record,False,False,False,False,,
Oblivion.esm,DIAL,000092A1,TG03FoundBust,FULL,0,,,Lex Finds Bust,렉스(Lex)가 흉상을 찾았다.,record,True,True,True,False,HIGH,Lex
Oblivion.esm,INFO,000092A5,,NAM1,0,,,You were right. The bust is here and Myvryna is guilty.,"당신이 맞았군. 흉상이 여기 있고, 미브리나(Myvryna)는 유죄요.",record,True,True,False,False,HIGH,Myvryna
Oblivion.esm,DIAL,000092C6,GreetingBanditSentrySilent,FULL,0,,,[Say nothing.],[아무 말도 않는다.],record,False,False,True,False,TOPIC_CHECK,
Oblivion.esm,DIAL,000092C7,GreetingBanditSentryThreat,FULL,0,,,I warn you. Touch me and die.,경고한다. 날 건드리면 죽을거야.,record,False,False,True,False,TOPIC_CHECK,
Oblivion.esm,DIAL,000092C8,GreetingBanditSentryStranger,FULL,0,,,A stranger needing shelter.,피난처를 요구하는 이방인.,record,False,False,True,False,TOPIC_CHECK,
Oblivion.esm,DIAL,000092C9,GreetingBanditSentryTG,FULL,0,,,Shadow hide you.,그림자가 당신을 가려줄 거요.,record,False,False,True,False,TOPIC_CHECK,
Oblivion.esm,DIAL,000092CA,GreetingBanditCantPay,FULL,0,,,I don't have five gold.,5골드 조차 없습니다.,record,False,False,True,False,TOPIC_CHECK,
Oblivion.esm,DIAL,000092CB,GreetingBanditCantPayLie,FULL,0,,,I don't have five gold. [Lie],5골드 조차 없습니다.[거짓말],record,False,False,True,False,TOPIC_CHECK,
Oblivion.esm,DIAL,000092CC,GreetingBanditWontPay,FULL,0,,,I won't pay.,지불하지 않겠소.,record,False,False,True,False,TOPIC_CHECK,
Oblivion.esm,DIAL,000092CD,GreetingBanditWillPay,FULL,0,,,Here's five gold.,5골드 여기 있소.,record,False,False,True,False,TOPIC_CHECK,
Oblivion.esm,DIAL,000092CE,GreetingBanditSentryOutlaw,FULL,0,,,An outlaw on the run.,도주중인 무법자.,record,False,False,True,False,TOPIC_CHECK,
Oblivion.esm,DIAL,00009328,TG04AmuseisPlot,FULL,0,,,Amusei tried to sell it back.,어뮤세이(Amusei)는 그것을 되팔아 넘기려고 했다.,record,True,True,True,False,HIGH,Amusei
Oblivion.esm,INFO,00009332,,NAM1,0,,,Amusei tried to sell it to Alessia Caro? Argh! Stupid lizard.,"어뮤세이(Amusei)가 알리시아 카로(Alessia Caro)에게 그걸 되팔려고 했다고요! 푸, 멍청한 도마뱀 같으니.",record,True,True,False,False,HIGH,"Amusei, Alessia, Caro"
Oblivion.esm,INFO,00009332,,NAM1,1,,,Ahdarji uses ring much more wisely. I use it to collect and sell information. That ring can be used to read private messages the Count writes.,아다지(Ahdarji)는 반지를 더 현명하게 사용합니다. 저는 그것으로 정보를 모으고 파는데 사용하죠. 그 반지는 사실 백작이 기록한 사적인 메시지를 읽는데 사용하는 거니까요.,record,True,True,False,False,HIGH,Ahdarji
Oblivion.esm,INFO,00009332,,NAM1,2,,,Get me that ring. Steal it from Alessia Caro if necessary. Just bring me the ring. I will pay double!,그 반지를 가져다 주세요. 필요하다면 알리시아 카로(Alessia Caro)로부터 그것을 훔치세요. 단지 나에게 가져오기만 하면 됩니다. 두 배로 지불하죠!,record,True,True,False,False,HIGH,"Alessia, Caro"
Oblivion.esm,INFO,000096E4,,NAM1,0,,,What treachery? The traitor still lives! It is Mathieu Bellamont! Do not let him harm the Night Mother! Kill him!,뭐지 이건? 배신자가 아직도 살아있다니! 배신자가 Mathieu Bellamont라니! 그가 나이트마더를 해치게 둬서는 안돼! 그를 죽여!,record,False,True,False,False,MEDIUM,"Mathieu, Bellamont"
Oblivion.esm,INFO,000096E3,,NAM1,0,,,"Enough! Enough of this! You will all suffer for the pain you have caused me! I will destroy your Night Mother, and the Dark Brotherhood will fall!",그만하면 충분해! 너희들도 내 고통을 맛보게 될거다. 내가 너희의 나이트마더를 파멸시키겠어! 그러면 다크브라더후드도 파멸하겠지!,record,False,False,False,False,,
Oblivion.esm,INFO,000096DE,,NAM1,0,,,What is the meaning of this desecration? Who has disturbed my ancient slumber?,이 신성모독행위는 뭐지? 누가 나의 안식을 방해하느냐!,record,False,False,False,False,,
Oblivion.esm,INFO,000096DF,,NAM1,0,,,"Dearest Night Mother! Most Unholy Maiden! Please, we beg your mercy in this, our time of need! The Black Hand seeks your guidance!","친애하는 나이트마더시여! 가장 사악한 처녀시여! 간청하나니, 어머니의 자비를 구하옵니다. 블랙핸드가 어머니의 인도를 청하옵니다.",record,False,False,False,False,,
Oblivion.esm,INFO,000096E0,,NAM1,0,,,"Ah, yes, I have been expecting you. The Listener now kneels by Sithis, as does his successor. There is a traitor amongst you.","아 그래, 너희를 기다리고 있었다. 리스너는 지금 시시스의 무릎에서 편히 쉬고있다. 그의 후계자도 마찬가지지. 너희 사이에 배반자가 있어.",record,False,False,False,False,,
Oblivion.esm,INFO,000096E1,,NAM1,0,,,"The traitor is dead, dear Mother. We have come now to ask your blessing. Anoint one of us your Listener, so we can restore the Black Hand!        ","친애하는 나이트마더시여, 배반자는 죽었습니다. 저희는 어머니의 축복을 받고자 여기 왔습니다. 저희중 한명을 당신의 리스너로 선택해 주십시요. 그러면 저희는 Black Hand를 재건할수 있을것입니다! ",record,False,True,False,False,MEDIUM,"Black, Hand"
Oblivion.esm,INFO,000096E2,,NAM1,0,,,Foolish little girl. Lucien Lachance served Sithis til his dying breath. The Black Hand remains tainted by betrayal. Restoration is impossible.,멍청한 계집! Lucien Lachance는 죽는 순간까지도 시시스께 봉사했다! 블랙핸드는 여전히 반역행위로 더렵혀져 있어! 재건은 불가능 하다.,record,False,True,False,False,MEDIUM,"Lucien, Lachance"
Oblivion.esm,DIAL,000096E9,ComfortableMythicDawn,FULL,0,,,The Dawn is Breaking.,여명이 밝아 온다.,record,False,False,True,False,TOPIC_CHECK,
Oblivion.esm,DIAL,000096EA,ComfortableKey,FULL,0,,,But I have the key.,하지만 열쇠를 가지고 있소.,record,False,False,True,False,TOPIC_CHECK,
Oblivion.esm,DIAL,000096EB,ComfortableChoose,FULL,0,,,I'll go where I choose.,내가 선택하는 곳으로 가겠소.,record,False,False,True,False,TOPIC_CHECK,
Oblivion.esm,DIAL,000096EC,ComfortableCertainly,FULL,0,,,Certainly.,잘 알겠소.,record,False,False,True,False,TOPIC_CHECK,
Oblivion.esm,DIAL,000096ED,ComfortablePrivacy,FULL,0,,,"Privacy? Explain, please.","프라이버시? 제발, 설명해줘.",record,False,False,True,False,TOPIC_CHECK,
Oblivion.esm,DIAL,000096EE,Comfortable,FULL,0,,,Comfortable,편안하다,record,False,False,True,False,TOPIC_CHECK,
Oblivion.esm,DIAL,000096EF,ParalyzedDont,FULL,0,,,I don't need your help.,당신 도움은 필요 없소.,record,False,False,True,False,TOPIC_CHECK,
Oblivion.esm,DIAL,000096F0,ParalyzedNo,FULL,0,,,I can't help you.,당신을 도울 수 없소.,record,False,False,True,False,TOPIC_CHECK,
Oblivion.esm,DIAL,000096F1,ParalyzedThink,FULL,0,,,I'll think about it.,생각해 보겠소.,record,False,False,True,False,TOPIC_CHECK,
Oblivion.esm,DIAL,000096F2,ParalyzedCure,FULL,0,,,Placeholder: Remove paralysis.,플레이스 홀더 : 마비를 제거한다.,record,False,False,True,False,TOPIC_CHECK,
Oblivion.esm,DIAL,000096F3,paralyzed,FULL,0,,,Paralyzed,마비된,record,False,False,True,False,TOPIC_CHECK,
Oblivion.esm,DIAL,000096FA,Worktodo,FULL,0,,,Work to do,해야할 일,record,False,False,True,False,TOPIC_CHECK,
Oblivion.esm,DIAL,000096FB,Deadlycurse,FULL,0,,,Deadly curse,치명적인 저주,record,False,False,True,False,TOPIC_CHECK,
Oblivion.esm,DIAL,000096FC,Keytothelandofdreams,FULL,0,,,Key to the land of dreams,꿈의 대지(land of dreams)로의 열쇠,record,True,True,True,False,HIGH,"land, of, dreams"
Oblivion.esm,DIAL,000096FD,Keytohiddenwisdom,FULL,0,,,Key to hidden wisdom,숨겨진 지혜(hidden wisdom)로의 열쇠,record,True,True,True,False,HIGH,"hidden, wisdom"
Oblivion.esm,DIAL,000096FF,fairwarning,FULL,0,,,Fair warning,공정한 경고,record,False,False,True,False,TOPIC_CHECK,
Oblivion.esm,DIAL,00009700,MQ15GaiarAlataTopic,FULL,0,,,Gaiar Alata,가이아 알라타(Gaiar Alata),record,True,True,True,False,HIGH,"Gaiar, Alata"
Oblivion.esm,INFO,00015880,,NAM1,0,,,Gaiar Alata is the Master's name for this place. We usually just call it Paradise.,가이아 알라타(Gaiar Alata)는 마스터가 이곳에 붙인 이름이오. 우린 보통 그냥 낙원이라고 부르고 있소.,record,True,True,False,False,HIGH,"Gaiar, Alata"
Oblivion.esm,INFO,00015880,,NAM1,1,,,"This is the Savage Garden. At the top of that mountain lies the Terrace of Dawn, which leads up to Mankar Camoran's palace... Carac Agaialor.",이곳은 야생의 정원이오. 여명의 테라스를 지나 올라가는 산 꼭대기에 맨카 케모런의 궁전... 캐락 아가이얼러(Carac Agaialor)가 있소.,record,True,True,False,False,HIGH,"Carac, Agaialor"
Oblivion.esm,INFO,00015880,,NAM1,2,,,"Beneath the mountain lies the Forbidden Grotto, the only way out of the Savage Garden.",산 밑을 가로지르는 금단의 동굴이 야생의 정원을 빠져나가는 유일한 길이오.,record,False,False,False,False,,
Oblivion.esm,DIAL,00009701,LissaldaTopic,FULL,0,,,Lissalda,리살르다(Lissalda),record,True,True,True,False,HIGH,Lissalda
Oblivion.esm,DIAL,00009C2B,Fugitives,FULL,0,,,Fugitives,수배자,record,False,False,True,False,TOPIC_CHECK,
Oblivion.esm,INFO,00009C2D,,NAM1,0,,,"I can tell you about them. Murderers, all four of them. Intelligence tells us they've been holing up in Bloodmayne Cave. Watch for traps.","그놈들에 대해 말씀드리죠. 살인자들인데, 전부 4명입니다. 정보에 따르면 그놈들이 블러드메인 동굴에 숨어 있다고 합니다. 함정을 조심하세요.",record,False,False,False,False,,
Oblivion.esm,INFO,00034580,,NAM1,0,,,"Wish I could help you out, but the locals aren't talking. You might try asking around, butter them up a bit. Good luck.","나도 자네를 도와주고 싶네, 하지만 이 지방 사람들은 말을 하지 않네. 자네가 좀 돌아다니며 물어보게. 그들을 잘 꼬드겨 보란 말일세. 행운을 비네.",record,False,False,False,False,,
Oblivion.esm,INFO,00009C2E,,NAM1,0,,,"Wish I had more to tell you about them, but I don't.","자네에게 그들에 대한 더 많은 이야기를 해주고 싶네, 하지만 난 못하겠어.",record,False,False,False,False,,
Oblivion.esm,INFO,00009C2F,,NAM1,0,,,"Sure, I know about them. Look, you didn't hear it from me, but rumor is they're hiding out in Bloodmayne Cave. Four of them. Bad news.","물론, 난 그들을 아네. 이봐, 자네 이 이야길 내게 들었다고 하지 말게, 소문에 따르면 그들은 Bloodmayne Cave에 숨어있네. 모두 네명이지. 좋지 않은 소식이야.",record,False,True,False,False,MEDIUM,"Bloodmayne, Cave"
Oblivion.esm,INFO,00009C30,,NAM1,0,,,I've got nothing to say about them.,그들에 대해 할 말이 없네.,record,False,False,False,False,,
Oblivion.esm,INFO,00009C31,,NAM1,0,,,I'm not talking about them. Not to you. I barely know you.,난 그들에 대해 말하지 않을거네. 자네에게는 말이네. 난 자네에 대해 아는게 거의 없네.,record,False,False,False,False,,
Oblivion.esm,INFO,00009C37,,NAM1,0,,,"Apparently, there are three or four of them. Real nasty, from what I hear. You take care of them. Maybe you'll get lucky and they'll surrender.","분명히, 그들은 세명 아니면 네명이네. 정말 더러운 녀석들이라더군, 내가 듣기론 말이네. 그들을 처리하게. 운이 좋다면 그들이 항복해 올지도 모르지.",record,False,False,False,False,,
Oblivion.esm,DIAL,00009C2C,PrisonBreak,FULL,0,,,Prison Break,탈옥,record,False,False,True,False,TOPIC_CHECK,
Oblivion.esm,INFO,00009C32,,NAM1,0,,,"Took care of all of them, did you? And you're still alive. Fantastic. You're full of surprises. Here's your payment. Good work.","그들 모두를 처리했군, 맞나? 자네는 살아남으면서 말이지. 대단하네. 자네는 정말 놀랍구먼. 여기 보상이 있네. 정말 잘했네.",record,False,False,False,False,,
Oblivion.esm,INFO,00009C36,,NAM1,0,,,"Some real hard cases got out of the Bravil prison. Been terrorizing the locals ever since. The Watch is useless, so we step in. Get to it.","몇명의 정말 질나쁜 녀석들이 브라빌(Bravil) 감옥에서 도망쳤네. 주민들은 그 후로 줄곧 공포에 질려있네. 경비(Watch)는 쓸모없네, 그래서 우리가 파견된거고. 일을 시작하게.",record,True,True,False,False,HIGH,"Bravil, Watch"
Oblivion.esm,DIAL,0000A0D7,MS02VelwynEscChoice2,FULL,0,,,"No, wait here a moment.","아니오, 잠시만 기다리시오.",record,False,False,True,False,TOPIC_CHECK,
Oblivion.esm,INFO,0000A0DB,,NAM1,0,,,I'll wait here until you're ready.,준비될 때까지 나는 여기서 기다리겠습니다.,record,False,False,False,False,,
Oblivion.esm,DIAL,0000A0D8,MS02VelwynEscChoice1,FULL,0,,,"Yes, let's continue.","네, 계속합시다.",record,False,False,True,False,TOPIC_CHECK,
Oblivion.esm,INFO,0000A0DA,,NAM1,0,,,Good. I want to get this over with as soon as possible.,잘됐군요. 나야 이걸 최대한 빨리 해결하고 싶었으니까.,record,False,False,False,False,,
Oblivion.esm,DIAL,0000A0F2,KingofWormsTopic,FULL,0,,,King of Worms,벌레들의 왕(King of Worms),record,True,True,True,False,HIGH,"King, of, Worms"
Oblivion.esm,INFO,0000A0F9,,NAM1,0,,,He might come back if he knows I'm still here. I'm not staying here!,제가 아직 여기 있는 줄 그가 안다면 다시 돌아올지도 몰라요. 저는 여기 있지 않을거에요! ,record,False,False,False,False,,
Oblivion.esm,INFO,0000A0F9,,NAM1,1,,,I'll go to the Imperial City. Hannibal Traven can protect me.,저는 임페리얼시티로 가겠어요. Hannibal Traven은 절 보호해 줄 거에요.,record,False,True,False,False,MEDIUM,"Hannibal, Traven"
Oblivion.esm,INFO,0000A0FE,,NAM1,0,,,"I couldn't believe my eyes. I think the only reason I'm alive is because I was invisible... but even so, I think he saw me.",저는 내 눈을 믿을 수 없었어요. 제가 살아있는 유일한 이유는 제가 투명해서라고 생각하지만... 그래도 그는 저를 본것 같았어요.,record,False,False,False,False,,
Oblivion.esm,INFO,0000A0FE,,NAM1,1,,,"He killed them, one by one. Volanaro was last, I think. He was trying to run away, but he didn't make it, did he?","그가 모두를 죽였어요. 하나씩 말이죠. Volanaro가 마지막이었죠. 그는 도망치려고 했지만, 성공하진 못한것 같아요. 그렇죠?",record,False,True,False,False,MEDIUM,Volanaro
Oblivion.esm,INFO,0000A0FE,,NAM1,2,,,"The King of Worms stood over him, right before he died, and he... well, it looked like he sucked out Volanaro's soul!","King of Worms는 그가 죽기 직전에 그 위에 서서는... 뭐랄까, 그가 Volanarod의 소울을 빨아들이는것 같았어요.",record,False,True,False,False,MEDIUM,"King, of, Worms, Volanarod"
Oblivion.esm,INFO,0000A0FE,,NAM1,3,,,"He said something about Echo Cave, and destroying the Mages Guild. Then he looked right at me, and grinned!",그는 Echo 동굴에 대해 뭔가를 말했어요. 그리고는 메이지길드를 파괴하기 시작했죠. 그는 저를 똑바로 보고는 웃었어요!,record,False,True,False,False,MEDIUM,Echo
Oblivion.esm,INFO,0000A0FE,,NAM1,4,,,You've got to do something. You've got to tell Arch-Mage Traven!,당신이 뭔가 해야해요. 당신이 아크메이지 Traven에게 알려야 한다구요!,record,False,True,False,False,MEDIUM,Traven
Oblivion.esm,DIAL,0000A0F3,MG14Choice1B,FULL,0,,,I need more time.,더 많은 시간이 필요합니다.,record,False,False,True,False,TOPIC_CHECK,
Oblivion.esm,INFO,0000A0FC,,NAM1,0,,,"Please, hurry. The division in the Council will be difficult, if not impossible, to reconcile.",제발 서두르게. Council이 분열되면 다시 중재하기 어렵네. 그게 불가능한 것이 아니라면 말이야.,record,False,True,False,False,MEDIUM,Council
Oblivion.esm,DIAL,0000A0F4,MG14Choice1A,FULL,0,,,I can go now.,지금 갈수 있습니다.,record,False,False,True,False,TOPIC_CHECK,
Oblivion.esm,INFO,0000A0FD,,NAM1,0,,,"Good. Please go to Bruma; I have not heard from Jeanne Frasoric for a few days now, which is unusual for her.",좋네. 브루마로 가주게; 나는 며칠동안 Jeane Frasoric에게 소식을 듣지 못했네. 그녀치고는 이상한 일이지.,record,False,True,False,False,MEDIUM,"Jeane, Frasoric"
Oblivion.esm,INFO,0000A0FD,,NAM1,1,,,"While I welcome the break from correspondence with her, I worry that something may be amiss, given recent developments.",그녀가 연락이 뜸한 것은 꽤 환영할만한 일이지만. 뭔가 잘못되었다는 생각을 금할수 없네. 현재 상황을 보면 말이야.,record,False,False,False,False,,
Oblivion.esm,INFO,0000A0FD,,NAM1,2,,,"Find out if Jeanne is all right, and let me know if she needs anything.",Jeanne이 잘 있는지 알아봐주고 그녀가 뭔가 필요한지 알아보게. ,record,False,True,False,False,MEDIUM,Jeanne
Oblivion.esm,DIAL,0000A16C,TG04Going,FULL,0,,,Um...I'll just be going then.,음... 그럼 바로 돌아갑니다.,record,False,False,True,False,TOPIC_CHECK,
Oblivion.esm,INFO,0000A177,,NAM1,0,,,You're a smart one then. I was going have to arrest you in a minute.,당신은 똑똑한 사람이었구먼. 당장 당신을 체포하려고 했습니다.,record,False,False,False,False,,
Oblivion.esm,DIAL,0000A16D,TG04BribeGuard,FULL,0,,,Not even for 20 gold coins?,20골드 준데도?,record,False,False,True,False,TOPIC_CHECK,
Oblivion.esm,INFO,0000A176,,NAM1,0,,,Amusei you say? I thought you wanted to see Amuday. He's off limits. Amusei though is just down the hall. Make it quick.,Amusei라고 당신이 말했나요? 난 당신이 Amuday를 보고 싶어하는 줄 알았습니다. 그는 출입금지입니다. Amusei는 복도 아래쪽에 있습니다. 빨리 하세요.,record,False,True,False,False,MEDIUM,"Amusei, Amuday, Amusei"
Oblivion.esm,DIAL,0000A16E,TG04AlessiasRing,FULL,0,,,Recovered Caro family ring,되찾은 카로 가문 반지,record,False,False,True,False,TOPIC_CHECK,
Oblivion.esm,INFO,00009331,,NAM1,0,,,So Alessia Caro has recovered her ring. And now you want to know where she keeps it so you can steal it back.,그래서 결국 알리시아 카로(Alessia Caro)는 그녀의 반지를 되찾았군요. 그리고 당신은 그것을 다시 훔쳐내기 위해 그녀가 어디에 보관하는지 알고싶은거구요.,record,True,True,False,False,HIGH,"Alessia, Caro"
Oblivion.esm,INFO,00009331,,NAM1,1,,,My pockets are a little light at the moment... if you know what I mean.,하지만 지금 제 주머니가 좀... 가볍군요. 무슨 의미인지는 알겠죠.,record,False,False,False,False,,
Oblivion.esm,INFO,0000A175,,NAM1,0,,,Countess Caro is so relieved to have the ring back. It's been missing for many years. She wears it constantly.,카로(Caro) 백작부인은 그 반지를 되찾아 너무나 안심하고 계십니다. 몇 년 동안이나 잃어버렸거든요. 그녀는 그 반지를 계속 끼고 계시죠.,record,True,True,False,False,HIGH,Caro
Oblivion.esm,INFO,0000A175,,NAM1,1,,,"Well, not all the time. I mean, she puts it in her jewelry box for baths and at night. No proper lady would wear her jewelry to bed.","뭐, 물론 항상은 아니죠. 그러니까 목욕하거나 잠들 때 반지를 보석 상자에 넣어두거든요. 단정한 여인이라면 잠들 때 반지를 끼지는 않으니까요.",record,False,False,False,False,,
Oblivion.esm,INFO,0003B3FA,,NAM1,0,,,"Lady Alessia frowns on her staff talking about her personal life. You understand, I'm sure.",알리시아(Alessia) 아가씨는 아마 그녀의 사적인 이야기를 한다면 불쾌해 하실 겁니다. 이해해 주세요.,record,True,True,False,False,HIGH,Alessia
Oblivion.esm,INFO,0001E104,,NAM1,0,,,"Yes. After all these years, I have my ring back. I wear it all the time now.","예. 세월이 흐른 후에, 내 반지가 돌아왔습니다. 난 지금은 항상 착용하고 있습니다.",record,False,False,False,False,,
Oblivion.esm,INFO,0001E104,,NAM1,1,,,Of course not when I sleep. I am a proper lady after all.,당연히 잘 때는 아닙니다. 나는 단정한 여자랍니다.,record,False,False,False,False,,
Oblivion.esm,INFO,0001E105,,NAM1,0,,,I don't answer questions about royal jewelry from riffraff like you.,저는 당신 같은 하층민에게 귀족의 보석에 대한 질문은 답변하지 않겠습니다.,record,False,False,False,False,,
Oblivion.esm,INFO,0001E106,,NAM1,0,,,I don't think it would be appropriate for me to talk about private family matters with a stranger.,이방인에게 개인적인 가족 문제를 제가 왈가왈부하는 건 아주 적절하지 않은 처사라 여겨집니다만.,record,False,False,False,False,,
Oblivion.esm,INFO,0001E107,,NAM1,0,,,"The Countess is very happy to have her ring back. I don't think she has taken it off for days. If you want to hear the whole story, talk to Hlidara.",백작 부인께서 반지를 되찾았기에 아주 기뻐하십니다. 아마 한 며칠 동안은 빼두지 않으실 겁니다. 전부 듣고 싶으시다면 릴다라와 말씀 나누어 보세요.,record,False,False,False,False,,
Oblivion.esm,DIAL,0000A1AF,TG05reject,FULL,0,,,I can't right now. Maybe later.,"지금은 안돼, 다음에.",record,False,False,True,False,TOPIC_CHECK,
Oblivion.esm,INFO,0000A1B6,,NAM1,0,,,Don't wait too long. We really need the help.,너무 오래 기다리게 하지 마십시오. 우리가 정말 도움이 필요합니다.,record,False,False,False,False,,
Oblivion.esm,DIAL,0000A1B0,TG05accept,FULL,0,,,I will help.,내가 돕겠습니다.,record,False,False,True,False,TOPIC_CHECK,
Oblivion.esm,INFO,0000A1B7,,NAM1,0,,,I knew the Gray Fox could count on you. The staff is in the Archmage's room. He sleeps between one and seven in the morning.,그레이 폭스가 너에게 기대하고 있다는 걸 알고 있어요. 그 지팡이는 아크메이지의 방에 있어. 그는 새벽 1시부터 7시 사이에 잠이 들지.,record,False,False,False,False,,
Oblivion.esm,INFO,0000A1B7,,NAM1,1,,,Take this note. Leave it in his nightstand. Bring me the staff when you get it.,이 쪽지를 가져가. 밤에 그의 책상에다 놓아 둬. 일단 지팡이를 얻으면 내게 그걸 갖고 오면 돼.,record,False,False,False,False,,
Oblivion.esm,DIAL,0000A20A,MartinTopic,FULL,0,,,Martin,마틴(Martin),record,True,True,True,False,HIGH,Martin
Oblivion.esm,INFO,0001E8A9,,NAM1,0,,,He should be around the camp somewhere. He was with the survivors we rescued from the Chapel of Akatosh.,캠프 어딘가 있을 거요. 아카토쉬(Akatosh) 성당에서 구조된 사람들과 함께 있었소.,record,True,True,False,False,HIGH,Akatosh
Oblivion.esm,INFO,0001E8AA,,NAM1,0,,,"You mean the priest? Last I saw him, he was leading a group towards the Chapel of Akatosh.",사제 말이오? 사람들을 아카토쉬(Akatosh) 성당으로 이끄는 모습을 본 게 마지막이오.,record,True,True,False,False,HIGH,Akatosh
Oblivion.esm,INFO,0001E8AA,,NAM1,1,,,"If he's lucky, he's trapped in there with the rest of them, at least safe for the moment. If he's not...",운이 있다면 남은 사람들과 함께 성당에서 잠시나마 무사할 것이오. 하지만 운이 없다면... ,record,False,False,False,False,,
Oblivion.esm,INFO,0006BED9,,NAM1,0,,,"He truly was the Dragonborn... the last, and perhaps the greatest of all the Septims.","진정한 드래곤의 탄생이었어... 마지막, 어쩌면 전체 셉팀가문 중에서도 가장 위대한 탄생... ",record,False,False,False,False,,
Oblivion.esm,INFO,000ADC6B,,NAM1,0,,,"I know he's gone. As the Chancellor of the Elder Council, my concern now is how to choose his successor.",그가 떠난걸 나도 알고 있네. 원로위원회 위원장으로서 이제 내 관심은 그의 후계자를 선택하는 것에 있네.,record,False,False,False,False,,
Oblivion.esm,INFO,0006C5C4,,NAM1,0,,,The scholars and priests can debate what happened to Martin in the end.,학자들과 사제들은 마틴의 마지막 선택에 대해 숙고하게 될 걸세.,record,False,False,False,False,,
Oblivion.esm,INFO,0006C5C4,,NAM1,1,,,"What I know is that he sacrificed himself to save us all. As a Blade, I'm proud to have served such a master, if only for a short while.","내가 아는 사실은 그가 자신을 희생해서 우리 모두를 구했다는 것일세. 비록 짧았지만 블레이드로서, 그런 주인을 모셨다는 게 자랑스럽네.",record,False,False,False,False,,
Oblivion.esm,INFO,0006C5C5,,NAM1,0,,,You were there. You saw his true nature. The blood of the Dragon was revealed for all to see.,자네는 거기 있었어. 자네는 그의 진면목을 보았네. 드래곤의 피는 모두가 볼 수 있도록 드러났어.,record,False,False,False,False,,
Oblivion.esm,INFO,00032D43,,NAM1,0,,,"I knew a priest named Martin once. I'm sure he's dead, just like the rest of them. They're all dead, don't you understand?",마틴(Martin)이라는 사제를 알고있소. 그는 다른 사람들과 함께 죽었소. 모르시겠소? 그들 모두가 죽었단 말이오.,record,True,True,False,False,HIGH,Martin
Oblivion.esm,INFO,000699F7,,NAM1,0,,,"Brother Martin? Yes, he's right over there. He led a group of us here during the confusion of the attack. We owe him our lives.",마틴(Martin) 형제 말이오? 바로 저기 있어요. 놈들이 공격해오는 혼란 속에서도 그는 우리를 여기로 이끌었소. 그가 우리를 살렸어요.,record,True,True,False,False,HIGH,Martin
Oblivion.esm,INFO,000699F4,,NAM1,0,,,I'll never forget him. He saved as many as he could that terrible night. If only they'd listened and stayed with us in the Chapel.,"그를 절대 잊을 수 없을 거요. 그 끔찍한 밤, 그는 할 수 있는 최대한 많은 사람들을 구했소. 사람들은 그의 말에 따라 함께 성당에서 버텼소.",record,False,False,False,False,,
Oblivion.esm,INFO,00092A70,,NAM1,0,,,"If you mean the priest, I don't think he made it out of the city. Very few of us did.",사제를 찾소? 그는 빠져 나오지 못했을 거요. 겨우 몇 사람만 빠져 나왔소.,record,False,False,False,False,,
Oblivion.esm,INFO,00092A70,,NAM1,1,,,But Savlian Matius might know more. He's in charge of the city guard that are defending the camp.,혹시 사빌리언 마티우스(Savlian Matius)가 알고 있을지 모르겠소. 그는 캠프를 방어하는 경비병장교요.,record,True,True,False,False,HIGH,"Savlian, Matius"
Oblivion.esm,INFO,0003406C,,NAM1,0,,,He is a priest in the Chapel of Akatosh in Kvatch. He never knew that he was Uriel Septim's son.,그는 크바치(Kvatch)에 있는 아카토쉬(Akatosh) 성당의 사제로 있네. 그는 자신이 유리엘 셉팀(Uriel Septim)의 아들인지 꿈에도 모를걸세.,record,True,True,False,False,HIGH,"Kvatch, Akatosh, Uriel, Septim"
Oblivion.esm,INFO,0003406C,,NAM1,1,,,You need to find him at once and bring him safely back here.,즉시 그를 찾아 여기로 안전하게 데려와야 하네.,record,False,False,False,False,,
Oblivion.esm,DIAL,0000A215,TG05LexToDremora,FULL,0,,,TG05LexToScamp,TG05 스캠프에게 보내는 편지,record,False,True,True,False,TOPIC_CHECK,TG
Oblivion.esm,INFO,0000A235,,NAM1,0,,,"So, the mages send a foul daedra to deliver a simple note when an honest footman would have done. How typical.","그래서, 그 마법사는 정직한 하인이 하듯이 멍청한 데이드라를 간단한 쪽지를 전달하기 위해서 보냈지. 마법사답지.",record,False,False,False,False,,
Oblivion.esm,DIAL,0000A216,TG05No,FULL,0,,,Well...not exactly.,음... 그렇진 않고.,record,False,False,True,False,TOPIC_CHECK,
Oblivion.esm,INFO,0000A234,,NAM1,0,,,Don't play games with me. This isn't the time for it.,나랑 같이 놀려고 하지 마세요. 그것을 할 때가 아닙니다.,record,False,False,False,False,,
Oblivion.esm,DIAL,0000A217,TG05Yes,FULL,0,,,Yes. Here it is.,"네, 여기 있습니다.",record,False,False,True,False,TOPIC_CHECK,
Oblivion.esm,INFO,0000A233,,NAM1,0,,,Excellent. Yours is the last item on the list. Now we just wait for the powers that be to pull the plug on Hieronymus Lex's seige.,훌륭해. 네 것이 목록의 마지막 물건이야. 이제 윗사람이 히에로니무스 렉스(Hieronymus Lex)의 포위를 풀어버릴때까지 기다리기나 하자구.,record,True,True,False,False,HIGH,"Hieronymus, Lex"
Oblivion.esm,DIAL,0000A24C,TG05OntusVanin,FULL,0,,,Ontus Vanin,온투스 바닌,record,False,False,True,False,TOPIC_CHECK,
Oblivion.esm,INFO,00048971,,NAM1,0,,,Isn't he a wizard at the Arcane University? I think he lives somewhere in the Talos Plaza district.,그는 아케인 대학의 마법사가 아닌가요? 나는 그가 탈로스 플라자 지구 어딘가에 살고 있는 것 같습니다.,record,False,False,False,False,,
Oblivion.esm,INFO,0000A24F,,NAM1,0,,,Sure I know. I just need motivation.,물론 나도 알아. 나는 단지 동기가 필요합니다.,record,False,False,False,False,,
Oblivion.esm,INFO,0000A250,,NAM1,0,,,That name sounds familiar. Something to do with the Arcane University. Most wizards live somewhere in the Imperial City.,그 이름은 익숙하군요. 아케인 대학이랑 관련 있어 보입니다만. 대다수 마법사들은 임페리얼 시티 어딘가에 거주하고 있죠.,record,False,False,False,False,,
Oblivion.esm,DIAL,0000A870,MS46OtherOptions,FULL,0,,,What's the hard way?,난폭한 방법이란?,record,False,False,True,False,TOPIC_CHECK,
Oblivion.esm,INFO,0000AB73,,NAM1,0,,,"Well, you could always just fight your way into Cracked Wood Cave and kill their shaman.","글쎄요, 당신이 항상 하던 대로 Cracked Wood 동굴에 들어가 바로 싸울 수도 있죠. 그리고 그들의 샤먼을 죽이는 겁니다.",record,False,True,False,False,MEDIUM,"Cracked, Wood"
Oblivion.esm,INFO,0000AB73,,NAM1,1,,,"Every goblin tribe is led by a shaman, but she mostly stays hidden in the heart of the lair. Well protected.",모든 고블린 부족은 샤먼이 이끌어요. 하지만 그것은 대개 굴 중심에서 숨어 지낸답니다. 잘 보호된 곳에서 말이죠.,record,False,False,False,False,,
Oblivion.esm,INFO,0000AB73,,NAM1,2,,,"But, kill the shaman and the tribe will dissolve into confusion. Most likely end the war.","그렇지만, 샤먼을 죽이면 그 부족은 혼란으로 와해될 겁니다. 전쟁이 대부분 그렇게 끝나죠.",record,False,False,False,False,,
Oblivion.esm,DIAL,0000A871,MS46GoblinWar,FULL,0,,,Goblin war,고블린 전쟁,record,False,False,True,False,TOPIC_CHECK,
Oblivion.esm,INFO,0000AB72,,NAM1,0,,,"Goblins have their own reasons for doing things. Don't make sense to us, usually, but I've learned a lot about their ways over the years.","이유가 없다면, 고블린은 행동을 일으키지 않아요. 대개의 이유는 사람에게는 이해하기 어려운 것이지만, 오랫동안, 고블린과 마주 싸워 온 저에게는 익숙한 것이지요.",record,False,False,False,False,,
Oblivion.esm,INFO,0000AB72,,NAM1,1,,,"Each tribe guards a head in its lair. Whose head, I don't know. A sacred tribal totem or something like that.","고블린 부족은 소굴 안에서 머리 하나를 지키고 있어요. 누구 머리인지는 모르겠지만, 부족의 신성한 토템같은 존재인거죠.",record,False,False,False,False,,
Oblivion.esm,INFO,0000AB72,,NAM1,2,,,"Anyway, if you want to rile up a goblin tribe, steal their Tribal Head. Which is often what a rival tribe does, just to prove they're tougher.","여하튼, 이 부족의 머리를 도둑맞은 고블린 부족은 광분하게 되죠. 라이벌 부족들이 종종 하는 짓이죠. 바로 그들이 더 강하다는 걸 증명하기 위해서요.",record,False,False,False,False,,
Oblivion.esm,INFO,0000AB72,,NAM1,3,,,I'd lay odds that the war between the two tribes is because of a stolen Tribal Head. No other reason for a war to go on this long.,두 부족간의 전쟁 이유는 도둑맞은 부족의 머리 때문인게 틀림없습니다. 그 외에는 이렇게 싸움이 길어질 이유가 없습니다.,record,False,False,False,False,,
Oblivion.esm,INFO,0000AB72,,NAM1,4,,,"So, to stop the war, all you need to do is sneak into Timberscar Cave, find the stolen Tribal Head, and return it to the Cracked Wood Cave goblins.","즉, 전쟁을 종식시키려면 Timberscar 동굴에 잠입, 훔친 부족의 머리를 찾아내, Cracked Wood 동굴의 고블린에게 되돌려 놓는겁니다.",record,False,True,False,False,MEDIUM,"Timberscar, Cracked, Wood"
Oblivion.esm,INFO,0000AB72,,NAM1,5,,,Unless you want to do things the hard way...,"단, 더 난폭한 방법이 당신의 취향이라면 이야기는 별개지만... ",record,False,False,False,False,,
Oblivion.esm,INFO,0002F478,,NAM1,0,,,You killed the shaman of Cracked Wood Cave!? I'm impressed! Barthel Gernand will be glad to hear that.,Cracked Wood 동굴의 샤먼을 죽였다고!? 대단해! Barthel Gernand가 들으면 기뻐하겠는데.,record,False,True,False,False,MEDIUM,"Cracked, Wood, Barthel, Gernand"
Oblivion.esm,INFO,0002F502,,NAM1,0,,,"Amazing, you actually swiped the stolen head right out of Timberscar Cave? Ha, those goblins won't know what to think now!","놀라워, 정말 Timberscar 동굴에서 도둑맞은 머리를 훔쳐왔잖아? 하, 고블린들은 지금쯤 망연자실해 있겠지!",record,False,True,False,False,MEDIUM,Timberscar
Oblivion.esm,INFO,0002F502,,NAM1,1,,,You don't really need to do anything else. The Cracked Wood tribe will stop attacking Timberscar Cave once they figure out the head is gone.,딱히 아무것도 할 필요는 없어요. Timberscar 동굴에서 머리가 사라진 것을 알면 Cracked Wood 부족도 공격을 멈출거에요.,record,False,True,False,False,MEDIUM,"Timberscar, Cracked, Wood"
Oblivion.esm,INFO,0002F502,,NAM1,2,,,"Of course, now that you have the head, you could create all sorts of mischief.","그건 그렇고, 지금 당신이 가지고 있는 그 머리를 사용하면, 어떤 싸움이라도 일으킬 수 있어요.",record,False,False,False,False,,
Oblivion.esm,INFO,00033EF6,,NAM1,0,,,"You say you took the head from the Timberscar Cave goblins? Where is it, then?","Timberscar Cave 고블린 소굴에서 머리를 가져왔다고요? 그럼, 그게 어디 있죠?",record,False,True,False,False,MEDIUM,"Timberscar, Cave"
Oblivion.esm,INFO,00033EF6,,NAM1,1,,,"I'd like to just believe you, but I can't send these people back to Cropsford unless I'm sure the goblin war is over.","당신을 의심하는 것은 아니지만, 이 사람들을 Cropsford로 돌려 보내기 전에, 고블린 항쟁의 종결을 제대로 확인해야 됩니다.",record,False,True,False,False,MEDIUM,Cropsford
Oblivion.esm,INFO,00033EF6,,NAM1,2,,,"Show me the head, so I know it is safe for the settlers to return to Cropsford.",그 머리를 보여주세요. Cropsford로 개척자들이 돌아가도 안전하다는 것을 확인해야 겠어요.,record,False,True,False,False,MEDIUM,Cropsford
Oblivion.esm,INFO,0002F477,,NAM1,0,,,"Like I told you, there are only two ways to stop a goblin war.","설명대로, 고블린 전쟁을 멈추기 위해선 오직 두 가지 방법 뿐입니다.",record,False,False,False,False,,
Oblivion.esm,INFO,0002F477,,NAM1,1,,,"Either kill the attacking tribe's shaman, or recover the ""tribal head"" from the rival tribe, which is likely the cause of the war.","공격하는 부족의 샤먼을 죽이거나, 이 전쟁의 원인이 되는, ""부족의 머리""를 상대방의 부족에서 탈취하는 것이죠.",record,False,False,False,False,,
Oblivion.esm,INFO,0002F477,,NAM1,2,,,Neither one sounds like a picnic to me.,어느 쪽이든 쉬운일은 아니지만요.,record,False,False,False,False,,
Oblivion.esm,INFO,0002F521,,NAM1,0,,,Good work ending the goblin war. The settlers are very pleased. I'm pretty impressed as well.,고블린 전쟁을 종결시키다니 대단하네요. 개척자 일행은 환희하고 있어요. 나조차 감동했어요.,record,False,False,False,False,,
Oblivion.esm,INFO,0002F810,,NAM1,0,,,"You took care of the goblin menace? That's great news, my friend!","골칫거리 고블린을 처리했다고? 정말 굉장한 소식이구려, 친구!",record,False,False,False,False,,
Oblivion.esm,INFO,0002F810,,NAM1,1,,,"Now we can get back to building our new lives at Cropsford! Please, be sure to come visit us in a month or so. You have earned a hero's welcome!",이제 새로운 생활을 향해 Cropsford 개척을 다시 시작할 수 있겠어! 부디 한달 정도 안에 방문해 주시오. 영웅으로서 맞이하겠소!,record,False,True,False,False,MEDIUM,Cropsford
Oblivion.esm,DIAL,0000A882,MS46GoblinLairs,FULL,0,,,Goblin lairs,고블린 소굴,record,False,False,True,False,TOPIC_CHECK,
Oblivion.esm,INFO,0000AB69,,NAM1,0,,,"The two nearest are Timberscar Cave and Cracked Wood Cave. Here, I've marked them on your map. Unfortunately Cropsford is right in between them.",가장 가까운 두 곳이 Timberscar 동굴과 Cracked Wood 동굴입니다. 여기 당신의 지도에 표시해드리죠. 불행히도 Cropsford는 그 중간에 위치해 있답니다.,record,False,True,False,False,MEDIUM,"Timberscar, Cracked, Wood, Cropsford"
Oblivion.esm,INFO,0000B227,,NAM1,0,,,I warned you to stay out of our way.,걸리적 거리지 마라고 경고했을 텐데.,record,False,False,False,False,,
Oblivion.esm,INFO,0000B226,,NAM1,0,,,"Prisoner, I don't have time for your games. Do that again and die.","죄수, 너랑 노닥거릴 시간 없어! 한번만 더 그러면 죽음이야!",record,False,False,False,False,,
Oblivion.esm,INFO,0000B225,,NAM1,0,,,Don't give me a reason to kill you.,죽고 싶어?,record,False,False,False,False,,
Oblivion.esm,DIAL,0000B2B7,Inventory,FULL,0,,,Inventory,소지품,record,False,False,True,False,TOPIC_CHECK,
Oblivion.esm,INFO,0001D034,,NAM1,0,,,"I have disposed of all of my ill-gotten merchandise, and replaced it with more expensive, but carefully obtained items.",난 부정한 내 모든 상품들을 처분했습니다. 그리고 좀 더 비싼 것들로 대체했어요. 하지만 신중히 선택한 물건들입니다.,record,False,False,False,False,,
Oblivion.esm,INFO,0001D035,,NAM1,0,,,I don't even want to look at it for another moment...,난 잠깐이라도 그걸 보고 싶지 않습니다... ,record,False,False,False,False,,
Oblivion.esm,INFO,0000BCA1,,NAM1,0,,,What about my inventory?,내 물품목록이 어때요?,record,False,False,False,False,,
Oblivion.esm,INFO,0001D03A,,NAM1,0,,,I am pleased that Thoronir has decided to donate his inventory to the temple. At least he is trying to make amends.,쏘로니어가 그의 재고품들을 사원에 기증하기로 결정해서 기쁩니다. 적어도 그는 보상하려고 노력하는 중이거든요.,record,False,False,False,False,,
Oblivion.esm,INFO,0001D03B,,NAM1,0,,,"To think, all of those items on Thoronir's shelves were only recently buried. Such blasphemy.","생각해보면, 쏘로니어의 선반에 있던 그 모든 물건들이 단지 최근에 묻혀진 것들이었다니. 정말 불경한 일이죠.",record,False,False,False,False,,
Oblivion.esm,INFO,0000BCA3,,NAM1,0,,,His inventory must be stolen. It has to be. He prices less than it costs to make some of those things. Go see for yourself.,그의 재고품은 훔친 것이 틀림없어요. 그래야만 하구요. 그는 그걸 구입하는 데 드는 비용보다 훨씬 더 싼 가격을 매기고 있거든요. 직접 가서 알아 보세요.,record,False,False,False,False,,
Oblivion.esm,INFO,0001D04A,,NAM1,0,,,Inventory? I am a simple trapper. My inventory just consists of pelts and skins. I would hardly call that inventory. Now get outta my way.,재고품? 난 단순한 덫 사냥꾼이야. 내 인벤토리는 단지 모피와 가죽으로만 되어 있지. 그걸 재고품이라고 부를 것 같지는 않은데. 이제 내 앞에 꺼져 버려.,record,False,False,False,False,,
Oblivion.esm,DIAL,0000B2B8,MS29ThoronirBad,FULL,0,,,Start from the beginning.,처음부터 설명해.,record,False,False,True,False,TOPIC_CHECK,
Oblivion.esm,INFO,0000BCA2,,NAM1,0,,,I'm the chairperson for the Society of Concerned Merchants. We formed this group a while back to keep a nice fair economic balance in town.,난 상인들로 구성된 조합의 의장을 맡고 있어요. 우리는 마을에서 공명정대한 경제 균형을 유지하기 위해 이 그룹을 만들었습니다.,record,False,False,False,False,,
Oblivion.esm,INFO,0000BCA2,,NAM1,1,,,"Not every store is a member, but we're slowly trying to convince them to join. Everything was fine until Thoronir opened his shop nearby.","모든 상점이 회원인 건 아니지만 우리는 천천히 그들을 가입시키기 위해 설득하는 중이죠. 모든 것이 순조로웠죠, 쏘로니어가 근처에 개업하기 전에는 말이죠.",record,False,False,False,False,,
Oblivion.esm,INFO,0000BCA2,,NAM1,2,,,"Selling all sorts of merchandise, he undercuts prices like you wouldn't believe. He doesn't always sell what we sell, but it is still a problem.","모든 종류의 상품을, 당신이 믿지 못할 가격으로 낮춰 팔고 있어요. 우리가 파는 걸 항상 파는 건 아니지만, 그것은 여전히 문제랍니다.",record,False,False,False,False,,
Oblivion.esm,INFO,0000BCA2,,NAM1,3,,,"People who buy tend to want to spend their money there. That leaves none for us. It's getting so bad, a few of us may have to close up shop.",거기서 물건을 산 사람들은 계속 그곳에 물건을 구입하려 해요. 우리에겐 손님이 없습니다. 상황은 점점 더 나빠지고 있죠. 우리들 중 몇몇은 가게 문을 닫아야 할 지도 몰라요.,record,False,False,False,False,,
Oblivion.esm,INFO,0000BCA2,,NAM1,4,,,He outright refuses to join the Society or even discuss the matter. We are convinced he is up to no good.,"그는 조합 가입을 대놓고 거절해요, 심지어 이 문제를 토론하는 것 조차도 말이죠. 우린 그가 옳지 않다고 확신합니다.",record,False,False,False,False,,
Oblivion.esm,INFO,0000BCA2,,NAM1,5,,,"What we need is for you to case his establishment, and figure out where he gets his inventory. Find some proof of his wrongdoing, and let us know.",우리가 필요한 건 당신이 그의 시설물에 잠입해 그가 어디서 물건들을 얻는 지 알아내는 겁니다. 그의 부정행위에 관한 증거를 찾아서 우리에게 알려 주세요.,record,False,False,False,False,,
Oblivion.esm,INFO,0000BCA2,,NAM1,6,,,"We cannot do it ourselves, as he recognizes all of us. The job pays a fair bounty in gold when he is brought to justice.",그가 우리 모두를 알기 때문에 우린 스스로 그걸 할 수 없습니다. 당신이 정의를 관철할 때 공정한 보상이 있을 겁니다.,record,False,False,False,False,,
Oblivion.esm,DIAL,0000BCE7,SigilstoneNotReady,FULL,0,,,I'm not ready to deal yet.,아직 준비가 안됐습니다.,record,False,False,True,False,TOPIC_CHECK,
Oblivion.esm,DIAL,0000BCE8,SigilstoneGive,FULL,0,,,It's a deal.,좋소.,record,False,False,True,False,TOPIC_CHECK,
Oblivion.esm,DIAL,0000BCE9,WelkyndstoneNotReady,FULL,0,,,I'm not ready to deal yet.,아직 거래할 안됐습니다.,record,False,False,True,False,TOPIC_CHECK,
Oblivion.esm,DIAL,0000BCEA,WelkyndstoneGive,FULL,0,,,It's a deal.,좋소.,record,False,False,True,False,TOPIC_CHECK,
Oblivion.esm,DIAL,0000BCEB,SigilstoneTopic,FULL,0,,,Sigil stone,시질 스톤(Sigil stone),record,True,True,True,False,HIGH,"Sigil, stone"
Oblivion.esm,DIAL,0000BCEC,WelkyndstoneTopic,FULL,0,,,Welkynd stone,웰킨드 스톤(Welkynd Stone),record,True,True,True,False,HIGH,"Welkynd, Stone"
Oblivion.esm,DIAL,0000BCED,MQ09ArgonianFool,FULL,0,,,Dro'fahr is a fool.,드로파(Dro'fahr)는 멍청이다.,record,True,True,True,False,HIGH,Dro'fahr
Oblivion.esm,DIAL,0000BCEE,MQ09ArgonianPay,FULL,0,,,"Stand aside, and I'll pay you.","비켜봐, 그러면 내가 지불할테니.",record,False,False,True,False,TOPIC_CHECK,
Oblivion.esm,DIAL,0000BCEF,MQ09ArgonianLive,FULL,0,,,"Stand aside, and live.",거기를 물러나 떠나라.,record,False,False,True,False,TOPIC_CHECK,
Oblivion.esm,DIAL,0000BCF0,ArgonianDrofahrTopic,FULL,0,,,Argonian Dro'fahr,아르고니안 드로파(Dro'fahr),record,True,True,True,False,HIGH,Dro'fahr
Oblivion.esm,DIAL,0000BCF1,MQ09GreetingNoSell,FULL,0,,,I won't sell it.,팔지 않겠소,record,False,False,True,False,TOPIC_CHECK,
Oblivion.esm,DIAL,0000BCF2,MQ09GreetingSell,FULL,0,,,I'll sell it for 5000 gold.,5000골드에 팔겠소.,record,False,False,True,False,TOPIC_CHECK,
Oblivion.esm,DIAL,0000BCF3,MQ09GreetingDontHaveLie,FULL,0,,,I don't have it. [Lie],가지고 있지 않소.[거짓말],record,False,False,True,False,TOPIC_CHECK,
Oblivion.esm,DIAL,0000BCF4,MQ09GreetingDontHave,FULL,0,,,I don't have it.,가지고 있지 않소.,record,False,False,True,False,TOPIC_CHECK,
Oblivion.esm,DIAL,0000BCF5,MQ09GreetingNo03,FULL,0,,,I'm not interested.,흥미 없소.,record,False,False,True,False,TOPIC_CHECK,
Oblivion.esm,DIAL,0000BCF6,MQ09GreetingMaybe03,FULL,0,,,I'll think about it.,생각해 보겠다.,record,False,False,True,False,TOPIC_CHECK,
Oblivion.esm,DIAL,0000BCF7,MQ09GreetingYes03,FULL,0,,,I like your offer.,제안이 맘에 드는군.,record,False,False,True,False,TOPIC_CHECK,
Oblivion.esm,DIAL,0000BCF8,MQ09GreetingGold,FULL,0,,,I'm just here for gold. [Lie],단지 돈 때문에 여기 왔소.[거짓말],record,False,False,True,False,TOPIC_CHECK,
Oblivion.esm,DIAL,0000BCF9,MQ09GreetingNo02,FULL,0,,,I'm not interested.,별로 흥미 없습니다.,record,False,False,True,False,TOPIC_CHECK,
Oblivion.esm,DIAL,0000BCFA,MQ09GreetingMaybe02,FULL,0,,,I'll think about it.,생각해 보겠다.,record,False,False,True,False,TOPIC_CHECK,
Oblivion.esm,DIAL,0000BCFB,MQ09GreetingYes02,FULL,0,,,I like your offer.,제안이 맘에 드는군.,record,False,False,True,False,TOPIC_CHECK,
Oblivion.esm,DIAL,0000BCFC,MQ09GreetingTruth,FULL,0,,,I want a Great Welkynd Stone.,그레이트 웰킨드 스톤(Great Welkynd Stone)을 원한다.,record,True,True,True,False,HIGH,"Great, Welkynd, Stone"
Oblivion.esm,DIAL,0000BCFD,MQ09GreetingNo01,FULL,0,,,I'm not interested.,흥미 없소.,record,False,False,True,False,TOPIC_CHECK,
Oblivion.esm,DIAL,0000BCFE,MQ09GreetingMaybe01,FULL,0,,,I'll think about it.,생각해 보겠다.,record,False,False,True,False,TOPIC_CHECK,
Oblivion.esm,DIAL,0000BCFF,MQ09GreetingYes01,FULL,0,,,I like your offer.,제안이 맘에 드는군.,record,False,False,True,False,TOPIC_CHECK,
Oblivion.esm,DIAL,0000BD00,MQ09GreetingRefuse,FULL,0,,,Refuse to answer.,대답하길 거절.,record,False,False,True,False,TOPIC_CHECK,
Oblivion.esm,DIAL,0000BD01,myfather,FULL,0,,,My father,나의 아버지,record,False,False,True,False,TOPIC_CHECK,
Oblivion.esm,DIAL,0000BD02,closethegates,FULL,0,,,Close the gates,게이트 닫기,record,False,False,True,False,TOPIC_CHECK,
Oblivion.esm,DIAL,0000BD03,MythicDawnoperations,FULL,0,,,Mythic Dawn operations,미식 던(Mythic Dawn) 작전,record,True,True,True,False,HIGH,"Mythic, Dawn"
Oblivion.esm,DIAL,0000BD04,Imperiallegionofficer,FULL,0,,,Imperial legion officer,제국군 장교,record,False,False,True,False,TOPIC_CHECK,
Oblivion.esm,DIAL,0000BD05,GreetingReport,FULL,0,,,Report on Miscarcand mission.,미스카컨드(Miscarcand) 작전에 대한 보고.,record,True,True,True,False,HIGH,Miscarcand
Oblivion.esm,DIAL,0000BD06,GreetingMiscarcand,FULL,0,,,So my next stop is Miscarcand?,그럼 다음 목적지가 미스카컨드(Miscarcand) 입니까?,record,True,True,True,False,HIGH,Miscarcand
Oblivion.esm,DIAL,0000BD07,GreetingGive,FULL,0,,,Give it to Jauffre.,죠프리(Jauffre)에게 건네기.,record,True,True,True,False,HIGH,Jauffre
Oblivion.esm,DIAL,0000BD54,TG06WhereTaken,FULL,0,,,Where does she take them?,그녀는 그들을 어디서 잡나요?,record,False,False,True,False,TOPIC_CHECK,
Oblivion.esm,INFO,0000BD5A,,NAM1,0,,,I don't know. She took the Argonian less than an hour ago though. He put up quite a struggle. He was bleeding all over the place.,나도 몰라. 그녀는 아르고니안 인을 몇 시간 전에 끌고 갔지만 말이야. 그는 꽤 반항하고 있었어. 온 몸에 피를 흘리고 있었고.,record,False,False,False,False,,
Oblivion.esm,DIAL,0000BD55,TG06PaleLady,FULL,0,,,The Pale Lady,창백한 부인,record,False,False,True,False,TOPIC_CHECK,
Oblivion.esm,INFO,0000BD59,,NAM1,0,,,"Every few days she comes for one of us. Some return, some don't. Those that are taken three times never return.","며칠마다 그녀는 우리 중 한 명을 위해 오곤 해. 몇몇은 돌아오지만, 몇몇은 그러지 못했어. 세 번 끌려간 자들은 결코 돌아오지 않았지.",record,False,False,False,False,,
Oblivion.esm,INFO,0000BD59,,NAM1,1,,,This was Theranis' third time.,세라니스(Theranis)는 이번이 세번째였고.,record,True,True,False,False,HIGH,Theranis
Oblivion.esm,INFO,00010503,,NAM1,0,,,Mina? You don't want to go asking about her. She... um... interviews prisoners. She isn't one to be crossed.,미나? 넌 그녀에 대해서 물어보고 싶지 않는군요. 그녀는... 음... 죄수를 면담하였습니다. 그녀는 거슬릴 수 있는 사람이 아닙니다.,record,False,False,False,False,,
Oblivion.esm,INFO,00015321,,NAM1,0,,,"Filthy vampire! She took my cellmate Theranis a few days ago. If it hadn't been for you, I would have been next.","더러운 뱀파이어! 그녀는 며칠 전 세라니스(Theranis)를 데려갔어. 만약 네가 아니였더라면, 다음은 나였겠지.",record,True,True,False,False,HIGH,Theranis
Oblivion.esm,DIAL,0000BE58,StrangeLights,FULL,0,,,Strange Lights,기묘한 빛,record,False,False,True,False,TOPIC_CHECK,
Oblivion.esm,INFO,0000BED8,,NAM1,0,,,"They started appearing a few nights ago. Odd, flickering lights. In the morning, there was nothing to see. But they were there at night.",그들은 최근 몇일 밤부터 보이기 시작했다. 초저녁에 특이하게. 아침에 아무것도 볼수 없었다. 하지만 그들은 밤에 그곳에 있었다.,record,False,False,False,False,,
Oblivion.esm,INFO,0000BED9,,NAM1,0,,,"Some have said they're will-o-the-wisps, though I've never heard of one killing a full-grown man.","어떤사람들은 그들이 윌오위습이라고 하지만, 나는 결코 그들이 성인남자를 죽였다는것에대해 들어본적이없다.",record,False,False,False,False,,
Oblivion.esm,INFO,0000BEDA,,NAM1,0,,,"They were seen around the Swampy Cave. Strange, moving lights. I've never seen anything like it. Old-timers have tales about such things.","그들은 Swampy Cave주위에서 보였다. 낯설게도, 빛나면서 움직였었다. 나는 결고 그와비슷한것을 보지못했다. Old-timers는 이와같은 것에대한 이야기를 가지고 있었다.",record,False,True,False,False,MEDIUM,"Swampy, Cave, Old-timers"
Oblivion.esm,INFO,0000BEDB,,NAM1,0,,,I saw them a few nights ago. Very odd.,나는 그들을 몇일전에 봤었다. 매우특이하게도.,record,False,False,False,False,,
Oblivion.esm,INFO,0000BEDC,,NAM1,0,,,I don't know you well enough to talk about that.,나는 네가  그것에 대해 이야기할만큼 충분히 알게될지 잘 모르겠다.,record,False,False,False,False,,
Oblivion.esm,DIAL,0000BE5C,disappearances,FULL,0,,,Disappearances,실종,record,False,False,True,False,TOPIC_CHECK,
Oblivion.esm,INFO,0006B31C,,NAM1,0,,,"Horrible, just horrible. Those poor people.","끔찍하군, 너무 끔찍해. 이 불쌍한 사람들.",record,False,False,False,False,,
Oblivion.esm,INFO,0000BE71,,NAM1,0,,,You should ask Drarana Thelis about that.,너는 Drarana Thelis에게 그것에 대해 물어봐야한다.,record,False,True,False,False,MEDIUM,"Drarana, Thelis"
Oblivion.esm,INFO,0000BE6A,,NAM1,0,,,"Oh, no! You believe trolls killed them? That's horrible. Good that you've killed all of the trolls, though. Please, take this, with our gratitude.",맙소사. 너는 트롤이 그들을 죽였다고 믿냐? 너무 끔찍하군. 그럼에도 불구하고 네가 모든 트롤을 죽였다니 대단하군. 우리들의 감사를 받아줘라.,record,False,False,False,False,,
Oblivion.esm,INFO,0000BE6C,,NAM1,0,,,"Oh, no! You believe trolls killed them? That's horrible. Please, if you can kill all of those trolls, we'd greatly appreciate it.","맙소사. 너는 트롤이 그들을 죽였다고 믿냐? 너무 끔찍하군. 설마, 만약 네가 모든 트롤들을 죽일수있다면 대단히 감사할거다.",record,False,False,False,False,,
Oblivion.esm,INFO,0000BE6D,,NAM1,0,,,"Will O' the Wisps? I've never heard of them killing a man! Please, find out what happened to our friends. We're counting on your help.",나는 그들이 사람을 죽인다는 소리를 들어본적없다. 제발 그 친구들에게 무슨일이 일어났는지 알려줘라. 우리들은 너의 도움이 간절하다.,record,False,False,False,False,,
Oblivion.esm,INFO,0000BE70,,NAM1,0,,,"Some folks reported seeing strange lights near the old Swampy Cave. We sent folks to investigate them, but haven't seen them since. We need help.","어떤 사람들이 old swampy cave의 근처에서 이상한 불빛을 봤다고 한다. 우리는  조사하기위해 사람들을 보냈지만, 이후로 그들을 볼수가 없었다. 도움이 간절하다.",record,False,True,False,False,MEDIUM,"old, swampy, cave"
Oblivion.esm,INFO,0000BE73,,NAM1,0,,,"Trolls, huh? And drawn in by will-o-the-wisps? There's some lousy luck for you. Well, here's your payment.","트롤, 응? 그리고 윌오위습으로부터 빼냈냐? 너를 위해 듬뿍 준비한게 있다. 자 여기 너의 보수가 있다.",record,False,False,False,False,,
Oblivion.esm,INFO,0000BE73,,NAM1,1,,,"Afraid to say, I don't have any more contracts for you. I don't think Azzan has any, either. You did pretty good work, meat.","유감스럽지만, 나는 너를 위한  더이상의 어떤 계약도 가지고 있지않다. 나는 Azzan 역시 어떤계약을 가지고있다고 생각하지않는다. 너는 꽤 잘해냈다, meat.",record,False,True,False,False,MEDIUM,"Azzan, meat"
Oblivion.esm,INFO,0000BE74,,NAM1,0,,,"Trolls, huh? And drawn in by will-o-the-wisps? There's some lousy luck for you. Well, here's your payment.","트롤, 응? 그리고 윌오위습으로부터 빼냈냐? 너를위해 듬뿍 준비한게 있다. 자 여기 너의 보수가 있다.",record,False,False,False,False,,
Oblivion.esm,INFO,0000BE74,,NAM1,1,,,"Afraid to say, I don't have any more contracts for you. Maybe Azzan has some, but I don't know. You did pretty good work, meat.","유감스럼지만, 너를 위한 어떤 더이상의 어떤 계약도 가지고 있지않다. 아마도 Azzan이  몇몇 계약건을 가지고 있겠지만 나는 잘 모른다. 너는 꽤 잘해냈다, meat.",record,False,True,False,False,MEDIUM,"Azzan, meat"
Oblivion.esm,INFO,0000BEA5,,NAM1,0,,,Some folks are missing in Harlun's Watch. We've been contracted to find out what's happened. Speak to Drarana Thelis for all the details. Get going.,harlun's watch에서 어떤 사람들을 잃어버렸다. 우리들은 무슨일이 있었는지 알기위해 계약했었다. Drarana The가 자세한 사항을 전부 말해줄 것이다. 가봐라.,record,False,True,False,False,MEDIUM,"harlun's, watch, Drarana, The"
Oblivion.esm,DIAL,0000BE5D,LadyRogbutTOPIC,FULL,0,,,Lady Rogbut,로그벗(Rogbut) 부인,record,True,True,True,False,HIGH,Rogbut
Oblivion.esm,INFO,0000BE77,,NAM1,0,,,"Please, rescue my daughter from those brutes! I fear for her safe return!",제발 그 짐승들로부터 나의 딸을 구해주게. 그녀가 안전하게 돌아올지 걱정된다네.,record,False,False,False,False,,
Oblivion.esm,INFO,0000BE79,,NAM1,0,,,"I fear that whilst out rock-picking, she was apprehensive. Stolen away! My suspension is that ogres have abjected her! ",나는 여전히 야외 바위채집중에 그녀가 사라진게 걱정된다네. 은밀히 사라졌어! 내 생각엔  오거가 불쌍한 그녀를 잡았을 거라네! ,record,False,False,False,False,,
Oblivion.esm,INFO,0000BE79,,NAM1,1,,,Please search to the east of my sprawling abode. They have been known to vacate these premises. I am most gracious and truly woeful.,제발 내 불규칙한 주거의 동쪽에서 찾아줘라.  그들은  이제안들로 물러날것을 알고있을거다.  나는 대단히 친절하고 정말 슬프다.,record,False,False,False,False,,
Oblivion.esm,INFO,0000BE7E,,NAM1,0,,,You got her back in one piece? Good work! I've always liked that girl. May have to look her up sometime. Here's your payment.,너는 그녀뒤에서 어떤단편을 얻었냐? 좋은 일이다!. 나는 항상 그녀에 대해 좋아했었다. 아마도 때때로 그녀를 바라보고 있을지도 모른다. 여기 너의 보수다.,record,False,False,False,False,,
Oblivion.esm,INFO,0000BEA4,,NAM1,0,,,"A fine model of an Orcish woman. Now go find her. And don't be rude, or she'll rip your ears off.",오크여성의 좋은 표본이다. 그녀를 찾기위해 지금 가라. 그리고 무례하지마라. 안 그러면 그녀가 귀를 찢어버릴거다.,record,False,False,False,False,,
Oblivion.esm,DIAL,0000BE5E,LordRugdumphTOPIC,FULL,0,,,Lord Rugdumph,러그덤프 영주,record,False,False,True,False,TOPIC_CHECK,
Oblivion.esm,INFO,0000BE7D,,NAM1,0,,,"He's an Orcish noble. A fine man. Our families go back a bit. Anyway, his daughter is missing.","그분은 오크 귀족이시다. 훌륭한 분이지. 우리 가족이 신세를 좀 졌었거든. 아무튼, 그분의 영애가 실종 상태다.",record,False,False,False,False,,
Oblivion.esm,INFO,0000BE7D,,NAM1,1,,,Head to his estate and talk to him. Find his daughter. And mind your manners! I don't want you embarassing me!,나는 그의 재산과 그에대한 이야기들을 들었다. 그의딸을 찾아라. 그리고 매너에 주의해라. 날 망신시키지마라.,record,False,False,False,False,,
Oblivion.esm,INFO,0000BE82,,NAM1,0,,,I am Lord Rugdumph gro-Shurgak. How may I persist you?,나는 러그덤프 그로-슈르각(Rugdumph gro-Shurgak)의 영주다. 오래걸리진 않겠지?,record,True,True,False,False,HIGH,"Rugdumph, gro-Shurgak"
Oblivion.esm,DIAL,0000BEDF,MG12Choice1B,FULL,0,,,"No, not yet.","아니요, 아직은 안 됩니다.",record,False,False,True,False,TOPIC_CHECK,
Oblivion.esm,INFO,0000BEEB,,NAM1,0,,,Better that you should be adequately prepared. I shall await your return.,자네가 더 제대로 준비하는 것이 좋겠지. 자네가 다시오길 기다리고 있겠네.,record,False,False,False,False,,
Oblivion.esm,DIAL,0000BEE0,MG12Choice1A,FULL,0,,,Yes.,네.,record,False,False,True,False,TOPIC_CHECK,
Oblivion.esm,INFO,0000BEFD,,NAM1,0,,,Very good. Let me explain what is at stake.,좋아. 현재 상황을 설명 해주겠네.,record,False,False,False,False,,
Oblivion.esm,INFO,0000BEFD,,NAM1,1,,,The Council of Mages has been aware of the increased Necromancer activity in Cyrodiil for some time.,메이지 council은 시로딜에서 증가하고 있는 네크로맨서 활동을 상당기간 주시하고 있었네,record,False,True,False,False,MEDIUM,council
Oblivion.esm,INFO,0000BEFD,,NAM1,2,,,"It had been our position to sit back and watch what unfolded, but that time has clearly passed. We cannot tolerate these attacks on the guild.","원래는 가만히 사태가 풀려가는 상황을 주시할 생각이었지만, 그럴 시간은 명벽히 다 지나고 말았지. 우리는 길드에 대한 이런 공격을 묵과할수 없네.",record,False,False,False,False,,
Oblivion.esm,INFO,0000BEFD,,NAM1,3,,,"Most of our information on the Necromancers has come from an informant inside the cult itself, a guild member who offered to infiltrate their ranks.",네크로맨서들에 대해 우리가 가지고 있는 대부분의 정보는 그들 집난 내에 있는 정보원 -그는 길드의 일원으로 그들 사이로 잠입하겠다고 자원했네- 으로부터 온거네,record,False,False,False,False,,
Oblivion.esm,DIAL,0000BF7A,TG06WhereIsShum,FULL,0,,,Shum gro-Yarug,셤 그로-야러그(Shum gro-Yarug),record,True,True,True,False,HIGH,"Shum, gro-Yarug"
Oblivion.esm,INFO,0000BF93,,NAM1,0,,,He doesn't leave Castle Skingrad often. At ten he heads over to the West Weald Inn. Then at noon he goes to the Colovian Trader.,그는 거의 스킨그라드 성을 떠나지 않습니다. 10시에는 서부의 광야 여관(West Weald Inn)으로 갑니다. 그런 후 정오에는 콜로비안 상회(Colovian Trader)에 갑니다.,record,True,True,False,False,HIGH,"West, Weald, Inn, Colovian, Trader"
Oblivion.esm,INFO,0000BF94,,NAM1,0,,,You mean other than at the Castle? Hmmm. He's around town at midday. Try the Colovian Trader and the West Weald Inn.,당신은 성이 아닌 다른 곳을 말하나요? 흠. 그는 정오에는 마을주변에 있어요. 콜로비안 상회(Colovian Trader)와 서부의 광야 여관(West Weald Inn)을 찾아보세요.,record,True,True,False,False,HIGH,"Colovian, Trader, West, Weald, Inn"
Oblivion.esm,DIAL,0000BF7B,TG05LexToMen,FULL,0,,,TG05LexToMen,TG05 렉스에게 보내는 편지,record,False,True,True,False,TOPIC_CHECK,TG
Oblivion.esm,INFO,0000BF92,,NAM1,0,,,All right men. We've been ordered back to our posts. I smell the dirty hand of the Gray Fox behind this.,"좋아, 제군들. 우리는 우리의 명령을 되돌리도록 지시 받았습니다. 나는 이 뒤에 그레이 폭스의 더러운 손길을 느끼고 있습니다.",record,False,False,False,False,,
Oblivion.esm,DIAL,0000BF7C,TG06NoBook,FULL,0,,,Well...not yet.,음... 아직입니다.,record,False,False,True,False,TOPIC_CHECK,
Oblivion.esm,INFO,00015449,,NAM1,0,,,The prey escapes. Return when you have the book or know that Theranis will return with it.,"사냥감이 달아났다. 네가 책을 입수하거나 Theranis가 찾아오면, 되돌아 오도록.",record,False,True,False,False,MEDIUM,Theranis
Oblivion.esm,DIAL,0000BF7D,TG06GiveBook,FULL,0,,,"Theranis, no. The book, yes.","세라니스(Theranis)는 안됬지만, 책은 성공했소.",record,True,True,True,False,HIGH,Theranis
Oblivion.esm,INFO,00015448,,NAM1,0,,,Theranis is dead? I grieve for him. But at least you have the book. The Gray Fox has sought this book for many years.,세라니스(Theranis)가 죽었다고? 몹시 슬픈 일이군. 하지만 최소한 네가 책을 가지고 있으니 다행이야. 그레이 폭스는 수년동안 그 책을 찾아왔었지.,record,True,True,False,False,HIGH,Theranis
Oblivion.esm,INFO,00015448,,NAM1,1,,,All would be good if you had not killed to get it. The Thieves Guild has no use for you until you pay the blood price.,하지만 당신이 아무도 죽이지 않고 이 일을 해냈다면 더 좋았을 것이오. 도둑길드는 당신이 피의 대가를 치를 때까지 소용없을 것이요.,record,False,False,False,False,,
Oblivion.esm,INFO,00015448,,NAM1,2,,,I do not wish to set eyes on you until you can cleanse the guild's honor by paying blood price. Go now.,당신이 피의 대가를 지불하고 길드의 명예를 깨끗이 할 때까지 당신 보기를 원치 않소. 가시오.,record,False,False,False,False,,
Oblivion.esm,INFO,000174B9,,NAM1,0,,,Theranis is dead? I grieve for him. But at least you have the book. The Gray Fox has sought this book for many years.,세라니스(Theranis)가 죽었다고? 몹시 슬픈 일이군. 하지만 최소한 네가 책을 가지고 있으니 다행이야. 그레이 폭스는 수년동안 그 책을 찾아왔었지.,record,True,True,False,False,HIGH,Theranis
Oblivion.esm,INFO,000174B9,,NAM1,1,,,You have earned the reward. Here is your payment.,당신은 보상을 받을 것이요. 여기 보수를 받으시오.,record,False,False,False,False,,
Oblivion.esm,DIAL,0000BF7E,TG06BookLostHistories,FULL,0,,,Lost Histories of Tamriel,탐리엘의 잃어버린 역사(Lost Histories of Tamriel),record,True,True,True,False,HIGH,"Lost, Histories, of, Tamriel"
Oblivion.esm,INFO,0000BF83,,NAM1,0,,,He told me to give this message to any member of the Thieves Guild that asked about him or a book.,그는 나에게 그 책이나 그에 대해 묻는 도둑 길드원이 있거든 이 메시지를 전해주라고 했어.,record,False,False,False,False,,
Oblivion.esm,INFO,0000BF83,,NAM1,1,,,"""Look under the bush near the well, behind Nerastarel's house."" I was going to take it for myself, but I owe you a great debt. You should take it.","""Nerastarel의 집 뒤에 우물 근처 덤불을 잘보아라."" 사실 내가 그것을 가져가려고 했지만, 너에게 크게 빚진 것이 있으니, 네가 그것을 가지도록 해.",record,False,True,False,False,MEDIUM,Nerastarel
Oblivion.esm,INFO,0000BF8A,,NAM1,0,,,"If that's Theranis' treasure, I know where it is. But I'm not telling you anything until we're out of here. Get me out of the castle.","만약 그게 세라니스(Theranis)의 보물이라면, 그게 어디 있는지 내가 알고 있어. 하지만 여기서 벗어나기전까진 너에게 말해주지 않을거야. 성에서 나를 벗어나게 해주게.",record,True,True,False,False,HIGH,Theranis
Oblivion.esm,INFO,0000BF8A,,NAM1,1,,,"As soon as we are out of sight of the castle's main gate, I'll tell you.","성의 정문을 벗어나는 대로, 너에게 이야기해 주지.",record,False,False,False,False,,
Oblivion.esm,DIAL,0000BF7F,TG06Trespassing,FULL,0,,,I am trespassing?,제가 무단침입 인가요?,record,False,False,True,False,TOPIC_CHECK,
Oblivion.esm,INFO,0000BF89,,NAM1,0,,,"We have a... situation. The Count has sent most of the servants home. You have to leave. Sorry, but you ain't working here anymore either.","지금... 상황이 좀 생겼습니다. 백작님께선 대다수의 시종들을 집으로 돌려보내셨습니다. 당신도 가세요. 미안하지만, 앞으로 여기서 일하실 수는 없을 것 같습니다.",record,False,False,False,False,,
Oblivion.esm,DIAL,0000BF80,TG06RefuseJob,FULL,0,,,No. Such work is beneath me.,"아니, 그런 일은 나한테 어울리지 않소.",record,False,False,True,False,TOPIC_CHECK,
Oblivion.esm,INFO,0000BF88,,NAM1,0,,,I'm not surprised. Nobody wants that job. Let me know if you change your mind. It will probably still be available.,별로 놀랍지도 않아요. 아무도 그 일을 원하지 않습니다. 마음을 바꿀 경우에 알려주시오. 아마 여전히 사용할 수 있을 겁니다.,record,False,False,False,False,,
Oblivion.esm,DIAL,0000BF81,TG06TakeJob,FULL,0,,,"Yes, I'll take the job.",네. 그 일을 하겠소.,record,False,False,True,False,TOPIC_CHECK,
Oblivion.esm,INFO,0000BF87,,NAM1,0,,,"You will?! I mean, good! Mind your manners in the castle. Stay out of Count Hassildor's quarters. And don't let me catch you in the wine cellar!","하겠다고?! 아, 내 말은, 잘됐군. 성에 있을 때 예절을 유지하도록 하게. 하실도르(Hassildor) 백작의 방에는 다가가지 않도록 하는 것 말이야. 그리고 술 저장실에서 내 눈에 띄지 않도록 하고!",record,True,True,False,False,HIGH,Hassildor
Oblivion.esm,INFO,0000BF87,,NAM1,1,,,The jail guards in the dungeon will unlock the cell block door if you ask them. Feed the prisoners once a day. I don't care when.,교도관에서 부탁하면 그들이 감옥에 갈 수 있도록 문을 열어 줄 걸세. 죄수들을 하루에 한번 식사를 주도록 해. 언제든지 상관은 없네.,record,False,False,False,False,,
Oblivion.esm,DIAL,0000BF82,TG06CastleJobs,FULL,0,,,Work in Castle Skingrad,스킨그라드 성에서 일하기,record,False,False,True,False,TOPIC_CHECK,
Oblivion.esm,INFO,0000BF84,,NAM1,0,,,"I need someone to slop food to the prisoners. I'll pay you 2 gold a week, plus half a loaf of bread and a glass of mead each day.","죄인들에게 식사를 주는 사람이 필요하네. 일주일에 2골드를 줄 것이고, 그와 더불어 빵 반쪽과 술 한잔을 매일 주도록 하지.",record,False,False,False,False,,
Oblivion.esm,INFO,0000BF84,,NAM1,1,,,"I'm having trouble hiring these days, so if you want the job it's yours.","요즘 들어 사람을 구하는 게 꽤 힘들어서 말이야. 만약 당신이 원한다면, 당신을 고용하겠네 만.",record,False,False,False,False,,
Oblivion.esm,INFO,0000BF86,,NAM1,0,,,I heard that Shum gro-Yarug is looking to hire. He's the butler for the Count. Go speak to him.,셤 그로-야러그(Shum gro-Yarug)이 누군가 고용하고 싶다는 걸 들은 적이 있는 것 같은데. 그는 백작의 집사이니 그에게 가서 이야기해보쇼.,record,True,True,False,False,HIGH,"Shum, gro-Yarug"
Oblivion.esm,INFO,0000BF95,,NAM1,0,,,"They sometimes need folks to work in the castle. Most are afraid to go up there though. Try asking the butler, Shum gro-Yarug.","그들은 이따금 성에서 일할 사람들을 구하고 있습니다. 하지만 절대 다수는 일하기를 두려워하죠. 시종장, 셤 그로-야루그 씨와 얘기해 보세요.",record,False,False,False,False,,
Oblivion.esm,DIAL,0000C00C,TG07ForgeThisLetter,FULL,0,,,Forge this letter,이 편지 위조하기,record,False,False,True,False,TOPIC_CHECK,
Oblivion.esm,INFO,0000C01A,,NAM1,0,,,"Hmm. Yes, it can be done. I can change it to give Lex the highest recommendation. I'll need a full day to properly forge this letter. Return then.","음. 물론, 할 수 있지. 렉스(Lex)를 최상위 추천 상태로 바꿔줄 수 있지. 이 편지를 제대로 위조하려면 꼬박 하루가 필요하네. 그때 다시오게.",record,True,True,False,False,HIGH,Lex
Oblivion.esm,INFO,0000C01A,,NAM1,1,,,And of course I will expect payment in full at that time.,그리고 물론 그때 보수도 전부 준비해야 하네.,record,False,False,False,False,,
Oblivion.esm,DIAL,0000C00D,TG07reject,FULL,0,,,I'm not ready to do this yet.,아직 할 준비가 되지 않았다.,record,False,False,True,False,TOPIC_CHECK,
Oblivion.esm,INFO,0000C018,,NAM1,0,,,"I am disappointed. When you are better prepared, return to me.","그거 실망이군. 하지만 자네가 준비가 되었다면, 다시 찾아오게.",record,False,False,False,False,,
Oblivion.esm,DIAL,0000C00E,TG07accept,FULL,0,,,It shall be done.,그렇게 하자.,record,False,False,True,False,TOPIC_CHECK,
Oblivion.esm,INFO,0000C019,,NAM1,0,,,"That is good. Remember, this is a mission of stealth, not blood. Your payment will be higher than normal to cover the expense of the forgery.","아주 좋아. 기억하게. 이건 은밀한 임무이지, 살인임무가 아냐. 자네 보상금은 위조 비용을 감당할 수 있을 만큼, 평소보다 더 많이 지불될 거야.",record,False,False,False,False,,
Oblivion.esm,DIAL,0000C00F,TG06WaitHere,FULL,0,,,Wait here.,기다리시오.,record,False,False,True,False,TOPIC_CHECK,
Oblivion.esm,INFO,0000C013,,NAM1,0,,,Don't take too long.,너무 오래 걸리게 하지 마십시오.,record,False,False,False,False,,
Oblivion.esm,DIAL,0000C010,TG06FollowMe,FULL,0,,,Follow me.,따라오시오.,record,False,False,True,False,TOPIC_CHECK,
Oblivion.esm,INFO,0000C012,,NAM1,0,,,We shall be stealthy.,우리는 남의 눈을 피해야 합니다.,record,False,False,False,False,,
Oblivion.esm,DIAL,0000C01B,MQ10GreetingRisk,FULL,0,,,It puts Bruma at risk...,브루마(Bruma)가 위험에 처한다...,record,True,True,True,False,HIGH,Bruma
Oblivion.esm,DIAL,0000C01C,MQ10GreetingGive,FULL,0,,,Give Martyn Jearl's Orders.,마틴(Martyn)에게 질(Jearl)의 명령서 전달.,record,True,True,True,False,HIGH,"Martyn, Jearl"
Oblivion.esm,DIAL,0000C044,TG05WhatIsPlan,FULL,0,,,What is your plan?,네 계획은 뭐지?,record,False,False,True,False,TOPIC_CHECK,
Oblivion.esm,INFO,0000C05D,,NAM1,0,,,"You and four other operatives will stage high profile thefts, all at the same time. Hopefully that will force Lex to reassign the Watchmen.","당신과 다른 네 명의 실력자가, 모두 동시에 눈에 띄는 도둑질을 해. 잘만되면, 렉스(Lex)는 경비병을 재배치하지 않을 수 없게 되겠지요.",record,True,True,False,False,HIGH,Lex
Oblivion.esm,INFO,0000C05D,,NAM1,1,,,"Your target is the Arcane University. We've had our eye on Hrormir's Staff for some time, but have been waiting for the wizards to be distracted.","너의 목표는 아케인 대학이야. 우린 이제껏 흐로미르의 얼음 지팡이를 주시했지만, 마법사들의 주의가 분산되는 때를 기다리고 있었거든.",record,False,False,False,False,,
Oblivion.esm,INFO,0000C05D,,NAM1,2,,,This is the perfect time. Will you help us?,지금이야말로 절호의 기회야. 우릴 도와줄 건가?,record,False,False,False,False,,
Oblivion.esm,DIAL,0000C045,TG05HowBad,FULL,0,,,How bad is it?,얼마나 나쁜가요?,record,False,False,True,False,TOPIC_CHECK,
Oblivion.esm,INFO,0000C05C,,NAM1,0,,,"Hieronymus Lex has vowed not to leave until the Gray Fox is in custody. The Fox is safe, but the Thieves Guild cannot do business like this.",히에로니무스 렉스(Hieronymus Lex)는 그레이 폭스를 감옥에 쳐넣기 전에는 절대 떠나지 않기로 맹세한 모양이더군. 물론 그레이 폭스는 안전해. 하지만 도둑길드는 이런 상황에서 일을 할수가 없어.,record,True,True,False,False,HIGH,"Hieronymus, Lex"
Oblivion.esm,INFO,0000C05C,,NAM1,1,,,"The poor of the Waterfront are kindred to the Gray Fox, and will not betray him. However, cubs soon get hungry. Soon someone will break.","워터프론트의 가난한 사람들은 물론 그레이 폭스에게 혈연과도 같은 존재이니, 배신할 리는 없어. 하지만 곧 배고파질 테고, 곧 누군가가 등을 돌릴 거야.",record,False,False,False,False,,
Oblivion.esm,INFO,0000C05C,,NAM1,2,,,Many guild members could be jailed. Find Methredhel in the Imperial City. She is co-ordinating the guild's response.,많은 길드원들이 구금될 수도 있겠지. 일단 임페리얼 시티에 있는 미스레델(Methredhel)를 찾아가게. 그녀는 길드의 응답을 전담하고 있으니까.,record,True,True,False,False,HIGH,Methredhel
Oblivion.esm,DIAL,0000C048,TG07WhyNotKillLex,FULL,0,,,Why not just kill Lex?,그냥 렉스(Lex)를 죽이는건 어때?,record,True,True,True,False,HIGH,Lex
Oblivion.esm,INFO,0000C049,,NAM1,0,,,"We are thieves, not murderers. That is the province of the Dark Brotherhood.","우린 도둑이지, 살인자가 아니라고. 그건 다크 브라더후드의 영역이지.",record,False,False,False,False,,
Oblivion.esm,INFO,0000C049,,NAM1,1,,,"For reasons unknown to this one, the Gray Fox has extended his protection to the Umbranox family and Lady Umbranox in particular.","이유는 알 수 없지만, 그레이 폭스는 움브라녹스(Umbranox) 가족과 움브라녹스(Umbranox) 여사를 특별히 보호하려고 하고 있지.",record,True,True,False,False,HIGH,"Umbranox, Umbranox"
Oblivion.esm,INFO,0000C049,,NAM1,2,,,"While Lex is a problem for the guild, his unwavering loyalty and resolve make him the perfect protector for Lady Umbranox.","길드에 렉스(Lex)가 문제꺼리지만, 그의 변함없는 충성심과 결단력은 움브라녹스(Umbranox) 여사에게 최고의 보호막이 될 거야.",record,True,True,False,False,HIGH,"Lex, Umbranox"
Oblivion.esm,DIAL,0000C04C,TG05MethredhelJob,FULL,0,,,Waterfront invasion,워터프론트 침략,record,False,False,True,False,TOPIC_CHECK,
Oblivion.esm,INFO,0000C05B,,NAM1,0,,,"These are foul times for us. Armand is under house arrest, again. Our business in the Waterfront is totally shut down.",우리에게 있어 요즘은 힘든 시기였어. 아몬드(Armand)는 다시 구속되어버렸지. 워터프론트에서 진행되는 우리 일들은 완전히 멈추어버렸고 말이야.,record,True,True,False,False,HIGH,Armand
Oblivion.esm,INFO,0000C05B,,NAM1,1,,,We need to get Hieronymus Lex to lift his siege. I have put together a plan.,히에로니무스 렉스(Hieronymus Lex)가 포위를 풀고 물러나도록 해야만 해. 내게 계획이 있어.,record,True,True,False,False,HIGH,"Hieronymus, Lex"
Oblivion.esm,DIAL,0000C04D,TG04AmuseiStory,FULL,0,,,How did you end up in Leyawiin?,어떡하다가 레이어윈(Leyawiin)까지 오게 된건가?,record,True,True,True,False,HIGH,Leyawiin
Oblivion.esm,INFO,0000C05A,,NAM1,0,,,"The Thieves Guild refused to take me, so I came here. Leyawiin is my home. It is where I was raised.",도둑길드는 나를 거부했어. 결국 난 이곳에 온 거지. 레이어윈은 나의 고향이야. 내가 자란 곳이니까.,record,False,False,False,False,,
Oblivion.esm,INFO,0000C05A,,NAM1,1,,,I went to the Imperial City in hopes of joining the Thieves Guild. Now I am forced to live as a freelance thief.,나는 도둑길드에 가입하는 꿈을 안고 임페리얼 시티에 갔던 거야. 이제 나는 무소속의 도둑으로 살아가야 하지만.,record,False,False,False,False,,
Oblivion.esm,DIAL,0000C088,NecromancersAmuletTopic,FULL,0,,,Necromancer's Amulet,네크로맨서의 아뮬렛,record,False,False,True,False,TOPIC_CHECK,
Oblivion.esm,INFO,000146C8,,NAM1,0,,,What? You're here to take it back to Traven?,뭐라고요? 이걸 Traven에게 돌려주려고 왔다고요?,record,False,True,False,False,MEDIUM,Traven
Oblivion.esm,INFO,000146C8,,NAM1,1,,,"Oh, my dear. I'm afraid you're in over your head.","오, 당신. 유감이지만 당신은 아주 돌아버린것 같군요.",record,False,False,False,False,,
Oblivion.esm,INFO,000146C8,,NAM1,2,,,I don't answer to Traven. I heed only the word of Mannimarco.,저는 Traven을 따르지 않아요. 저는 오직 Mannimarco의 말만 따를거에요.,record,False,True,False,False,MEDIUM,"Traven, Mannimarco"
Oblivion.esm,INFO,000146C8,,NAM1,3,,,"When he has the amulet, his power will be increased, and Traven will be helpless to stand in his way. You, I'm afraid, won't be standing at all.","그가 이 목걸이를 가지면, 그의 힘은 더욱 커질거에요. Traven은 그를 막아서다 힘없이 쓰러질거구요. 유감스럽지만 당신은 그를 만나보지도 못할거구요.",record,False,True,False,False,MEDIUM,Traven
Oblivion.esm,INFO,000146C8,,NAM1,4,,,"I promise I'll make this quick. I'd like to have you mostly intact, so Mannimarco can suck the marrow from your bones.",약속하는데 빨리 끝내주도록 하죠. 저는 당신을 가능한한 원형 그대로 보존해서 Mannimarco가 당신의 골수까지 다 빨아들일수 있게 할 거에요.,record,False,True,False,False,MEDIUM,Mannimarco
Oblivion.esm,INFO,000146CD,,NAM1,0,,,Caranya turned on the Guild?,카라냐가 길드를 배신했다고?,record,False,False,False,False,,
Oblivion.esm,INFO,000146CD,,NAM1,1,,,I... I don't understand. She was one of my most trusted advisors.,나... 난 이해할 수가 없군. 그녀는 내가 가장 신뢰하던 조언자 중 하나였는데.,record,False,False,False,False,,
Oblivion.esm,INFO,000146CD,,NAM1,2,,,"The situation grows more dire with each passing day, it seems. I fear where this will end.",날이 갈수록 상황은 더 악화되기만 하는군. 이 상황이 언제 끝날지 모르겠네.,record,False,False,False,False,,
Oblivion.esm,INFO,000146CD,,NAM1,3,,,"The amulet is safe, however, and that must be enough for now. Thank you for returning it.","그래도, 적어도 아뮬렛은 회수했으니 다행이야. 회수해줘서 고맙네.",record,False,False,False,False,,
Oblivion.esm,INFO,0000C08A,,NAM1,0,,,Caranya insisted on removing it from the University. She said it posed a threat to the safety of the Imperial City.,Caranya는 그것을 대학에서 치워야 한다고 고집했네. 그녀는 그게 임페리얼시티의 안전을 위협한다고 했어.,record,False,True,False,False,MEDIUM,Caranya
Oblivion.esm,INFO,0000C08A,,NAM1,1,,,"While I do not doubt that she was right, I question whether her motives were genuine. She seemed all too eager to explore its power.","그녀가 옳다는 것은 인정하지만, 그게 진짜 이유인지는 모르겠군. 그녀는 그것의 힘을 파헤치는데 너무 큰 관심을 가지고 있어.",record,False,False,False,False,,
Oblivion.esm,INFO,0000C08A,,NAM1,2,,,"I fear she is not safe from the minions of the King of Worms. She is at Fort Ontus; please, go there and return with the Amulet.",그녀가 king of worms의 추종자들에 의해 위험에 빠지지 않을까 걱정이군. 그녀는 Ontus요새에 있네. 그곳으로 가서 목걸이를 가지고 돌아오게. ,record,False,True,False,False,MEDIUM,"king, of, worms, Ontus"
Oblivion.esm,INFO,0000C08A,,NAM1,3,,,"Help her to see that she should not use the weapons of the enemy, especially out of fear.",그녀가 겁없이 적의 무기를 사용하려고 해서는 안된다고 설득시켜보게.,record,False,False,False,False,,
Oblivion.esm,DIAL,0000C089,BloodwormHelmTopic,FULL,0,,,Bloodworm Helm,피의 벌레 투구,record,False,False,True,False,TOPIC_CHECK,
Oblivion.esm,INFO,00014676,,NAM1,0,,,Irlav is dead?,이를라브가 죽었다고?,record,False,False,False,False,,
Oblivion.esm,INFO,00014676,,NAM1,1,,,I tried to warn him. I tried to tell him it was a mistake to leave with the Helm.,내가 경고했건만. 그 헬멧을 가지고 나가는게 좋은 생각이 아니라고 경고했건만.,record,False,False,False,False,,
Oblivion.esm,INFO,00014676,,NAM1,2,,,I shall return the Helm to a secure place in the tower. It's the least I can do for Irlav. Thank you.,헬멧을 이 탑의 안전한 곳에 돌려놓겠네. 그게 이를라브를 위해 내가 할 수 있는 최소한이군. 고맙네.,record,False,False,False,False,,
Oblivion.esm,INFO,0000C08B,,NAM1,0,,,It was last seen in the possession of Irlav Jarol. He was taking it to Fort Teleman; I can only assume he is still there.,그건 Irlav Jarol이 가지고 있다고 알려져 있네. 그는 그것을 Teleman요새로 가지고 갔어. 나는 그가 아직 거기에 있다고 생각할 수 밖에 없네.,record,False,True,False,False,MEDIUM,"Irlav, Jarol, Teleman"
Oblivion.esm,INFO,0000C08B,,NAM1,1,,,"Please, return the helm here before any harm comes to it, or those who are using it.",제발 그 helm이나 그것을 가지고 있는 이들에게 해가 닥치기 전에 이리로 가지고 돌아오게.,record,False,True,False,False,MEDIUM,helm
Oblivion.esm,INFO,0000C08C,,NAM1,0,,,"A group of mages led by Irlav Jarol took the Helm, and have retreated to Fort Teleman, in an effort to study it further.","이를라브 자롤이 이끄는 마법사들이 헬멧을 가져갔는데, 텔레만 요새로 간 것 같더군. 거기서 그 헬멧을 더 연구하려고 한다네.",record,False,False,False,False,,
Oblivion.esm,INFO,0000C08C,,NAM1,1,,,"They hope to learn enough from it to find some way to fight Mannimarco. I tried to dissuade them, but it was no use.","그것을 연구해서 매니마코와 싸울 방법을 알아내려 한다는군. 그들을 설득하려 했지만, 소용이 없었다네.",record,False,False,False,False,,
Oblivion.esm,INFO,0000C08C,,NAM1,2,,,"I would like the Helm returned, so that it may be kept safe here in the University. I fear Irlav has made himself a target for the Necromancers.","난 헬멧이 돌아와서, 이곳 대학 내에서 안전하게 보관되었으면 하네. 이를라브가 스스로를 네크로맨서들의 대상으로 만든 건 아닌가 두렵군.",record,False,False,False,False,,
Oblivion.esm,DIAL,0000C1BA,SeleneTopic,FULL,0,,,Selene,셀린,record,False,False,True,False,TOPIC_CHECK,
Oblivion.esm,INFO,000C762F,,NAM1,0,,,"She was a ruthless woman, and I'm glad she's gone. Such a waste...",그녀는 무자비한 여자였어요. 그녀가 없어져서 기쁩니다.,record,False,False,False,False,,
Oblivion.esm,INFO,000C7630,,NAM1,0,,,"She was a ruthless woman, and I'm glad she's behind bars where she belongs.",그녀는 무자비한 여자였습니다. 그리고 당연히 있어야 할 감옥에 갇혀 있는 게 기쁘군요.,record,False,False,False,False,,
Oblivion.esm,INFO,00015715,,NAM1,0,,,"I'll turn over her body and the bodies of her compatriots when we arrive at the Imperial City. Don't let it trouble you, friend.","우리가 Imperial City에 도착하면 난 그녀와 그 동료들의 시체를 넘길 예정입니다. 그걸로 고민하지 마세요, 친구여.",record,False,True,False,False,MEDIUM,"Imperial, City"
Oblivion.esm,INFO,0000C1C8,,NAM1,0,,,"She was a ruthless woman, and I'm glad she's gone. Such a waste...",그녀는 무자비한 여자였어요. 그녀가 없어져서 기쁩니다.,record,False,False,False,False,,
Oblivion.esm,INFO,0000C1CA,,NAM1,0,,,"She was a ruthless woman, and I'm glad she's behind bars where she belongs.",그녀는 무자비한 여자였습니다. 그리고 당연히 있어야 할 감옥에 갇혀 있는 게 기쁘군요.,record,False,False,False,False,,
Oblivion.esm,INFO,0000C1E7,,NAM1,0,,,Too bad she's dead. She wasn't a bad looking woman... for an Imperial that is.,그녀가 죽은 게 너무 안됐소. 나쁜 여자로 보이지 않았거든... 임페리얼으로선 말이요.,record,False,False,False,False,,
Oblivion.esm,INFO,0000C1E8,,NAM1,0,,,I saw them haul her off to jail. She was not happy! Ha ha ha...,난 그들이 그녀를 감옥으로 끌고 가는 걸 봤소. 그녀는 행복하지 않았지! 하하하... ,record,False,False,False,False,,
Oblivion.esm,INFO,00015716,,NAM1,0,,,"Selene no longer holds the Bloated Float. Once we get to the Imperial City, I intend to make sure she is prosecuted to the fullest extent of the law.","Selene는 더 이상 선상 여관(Bloated Float)을 차지하지 못합니다. 우리가 Imperial City에 도착하자마자, 난 분명히 법이 정한 최대한의 범위내에서 그녀를 고발조치할 작정입니다.",record,True,True,False,False,HIGH,"Selene, Bloated, Float, Imperial, City"
Oblivion.esm,INFO,0000C1CB,,NAM1,0,,,It's a pity she wouldn't surrender. Such a waste of a young life.,그녀가 항복하지 않은 게 유감 천만이군요. 젊은 인생을 그렇게 낭비하다니.,record,False,False,False,False,,
Oblivion.esm,INFO,0000C1CF,,NAM1,0,,,I feel much better now knowing she's locked up.,그녀가 갇혀 있다는 걸 알고 나니 지금 더 많이 좋아진 걸 느낍니다.,record,False,False,False,False,,
Oblivion.esm,INFO,0000C1D2,,NAM1,0,,,Please. Get her below like I asked so we can get underway.,부탁입니다. 내가 요청한 대로 그녀를 아래로 데려가세요. 그래야 우리가 항해할 수 있어요.,record,False,False,False,False,,
Oblivion.esm,INFO,0000C1DF,,NAM1,0,,,"Now that she's surrendered, please escort her to the last room on the inn deck. We'll lock her in there until we arrive at port.","자 그녀가 항복했으니, 부디 그녀를 여관용 갑판에 있는 가장 끝 방으로 그녀를 호송해주세요. 우리가 항구에 도착하기 전까지 그녀를 그곳에 가둘 겁니다.",record,False,False,False,False,,
Oblivion.esm,INFO,0000C1E9,,NAM1,0,,,"I thought I heard an Imperial woman's voice while I was blindfolded. Other than that, I don't know much more about her.",내가 눈이 가려져 있는 동안 임페리얼 여성의 목소리를 들었다고 생각했소. 그것 말고는 그녀에 대해 더는 아는 게 없구려.,record,False,False,False,False,,
Oblivion.esm,DIAL,0000C1BB,BlackwaterBrigands,FULL,0,,,Blackwater Brigands,블랙워터 강도단(Blackwater Brigands),record,True,True,True,False,HIGH,"Blackwater, Brigands"
Oblivion.esm,INFO,0000C1CD,,NAM1,0,,,I'm glad that you were on board to help rid me of them. If you hadn't been here... I don't even want to think about it...,당신이 그들에게서 날 구하기 위해 와 준 게 기쁠 따름입니다. 당신이 여기에 없었더라면... 그건 생각하는 것 조차 싫네요... ,record,False,False,False,False,,
Oblivion.esm,INFO,0000C1CE,,NAM1,0,,,"Well, I'm afraid all of this was my fault. They hijacked the Bloated Float because of me. Business has been waning of late, so I invented a story.","저, 이 일의 모든 것이 내 실수입니다. 그들이 선상 여관(Bloated Float)를 납치한 것도 나 때문이에요. 가게가 요즘 잘 되지 않아서 거짓말을 꾸며댔거든요.",record,True,True,False,False,HIGH,"Bloated, Float"
Oblivion.esm,INFO,0000C1CE,,NAM1,1,,,"I fashioned a tale about a ""Golden Galleon"" that the previous owner hid within this very vessel. It was to be a statuette made completely of gold.","난 바로 이 배 안에 전 주인이 숨겨둔 ""Golden Galleon""에 관한 얘기를 만들어 냈습니다. 그건 순금으로 만들어진 작은 조각상이라고 말이죠.",record,False,True,False,False,MEDIUM,"Golden, Galleon"
Oblivion.esm,INFO,0000C1CE,,NAM1,2,,,"At the time, the idea was quite clever, I thought. I figured the lore would draw more curiosity seekers and adventurers looking for the treasure.","그땐, 내가 생각할 때, 정말 재기 넘치는 생각이었어요. 전승이 골동품을 찾는 자들과 보물을 찾는 모험가들을 더 끌어들일 거란 걸 계산했던 거죠.",record,False,False,False,False,,
Oblivion.esm,INFO,0000C1CE,,NAM1,3,,,"What could the harm be if while they were here, they bought a drink or two? My business has increased quite a bit since I leaked the story.","그들이 여기에 있는 동안이라면, 술이나 한 잔 사지 무슨 해를 끼칠 수 가 있겠어요? 내가 그 얘길 흘린 이후로 사업이 확실히 조금 나아지긴 했죠.",record,False,False,False,False,,
Oblivion.esm,INFO,0000C1CE,,NAM1,4,,,"Well, obviously, I was mistaken. It was a terrible idea. I'm just glad that no innocents were hurt; I wouldn't want to have their blood on my hands.","뭐, 결과적으로, 내가 잘못했던 거에요. 그건 끔찍한 생각이었죠. 정말 아무도 다치지 않아서 기쁩니다. 난 내 손에 그들의 피를 묻히길 바라지 않았을 거에요.",record,False,False,False,False,,
Oblivion.esm,INFO,0000C1CE,,NAM1,5,,,"Anyway, sorry to ramble. You better get below now and rest until we arrive safely at the Imperial City docks.","여하튼, 두서없이 말해서 미안하군요. 지금은 우리가 안전하게 Imperial City의 선창에 도착하기 전까지 아래에 내려가 쉬는 게 더 나을거요.",record,False,True,False,False,MEDIUM,"Imperial, City"
Oblivion.esm,INFO,0000C1D0,,NAM1,0,,,"If you get Selene safely locked up, I can tell you all I know. I won't feel safe until you do that.",당신이 Selene를 안전하게 가둘 거라면 내가 아는 걸 말할 순 있습니다. 당신이 그렇게 하기 전까진 안전함을 느끼지 못할 거에요.,record,False,True,False,False,MEDIUM,Selene
Oblivion.esm,INFO,0000C1D1,,NAM1,0,,,"Nice work getting rid of them. If you ever need a job as a bouncer, I am sure I could put in a good word at some of the tougher taverns in town.","그들을 제거한 건 멋진 일이었소. 당신이 경비병 같은 직업을 원한다면, 내가 마을에 있는 더 격렬한 선술집 중의 몇 군데에 좋은 말을 넣어 줄 수도 있소.",record,False,False,False,False,,
Oblivion.esm,INFO,0000C1DD,,NAM1,0,,,"All I know is there seems to be four of them. They blindfolded me before they put me in here, so I didn't see much.",내가 아는 거라곤 그들이 4명 같다는 거요. 그들이 날 여기로 처넣을 때 눈을 가려서 많이 보지는 못했소.,record,False,False,False,False,,
Oblivion.esm,DIAL,0000C1E0,MS31Selene04Negative,FULL,0,,,To ransom your prisoners.,포로의 몸값을 지불하기 위해서.,record,False,False,True,False,TOPIC_CHECK,
Oblivion.esm,INFO,0000C1EF,,NAM1,0,,,"We aren't here for that! My patience is at an end, as will soon be your life!",그래 줄 것 같나! 내 인내심이 다하면 네 인생도 곧 끝날 거라고!,record,False,False,False,False,,
Oblivion.esm,DIAL,0000C1E1,MS31Selene04aPositive,FULL,0,,,To find the Golden Galleon.,골든 갤리언(Golden Galleon)을 찾기 위해서.,record,True,True,True,False,HIGH,"Golden, Galleon"
Oblivion.esm,INFO,00015262,,NAM1,0,,,"H-how did you know about that? No matter. Once I've taken care of you, we'll scuttle the ship and be off to our safe house.",어... 어떻게 그걸 알았지? 문제될 건 없어. 내가 널 처치하자 마자 우린 배를 급히 몰아 우리의 안전한 집으로 도망칠 테니까.,record,False,False,False,False,,
Oblivion.esm,INFO,00015262,,NAM1,1,,,No one will find us there.,거기선 아무도 우릴 찾지 않겠지.,record,False,False,False,False,,
Oblivion.esm,DIAL,0000C1E2,MS31Selene02Negative,FULL,0,,,I'm just the ship's cook.,단지 이 배의 요리사입니다.,record,False,False,True,False,TOPIC_CHECK,
Oblivion.esm,INFO,0000C1EE,,NAM1,0,,,"There's no cook on board the Bloated Float! How dare you try and make a fool of me! After I deal with you, I'll feed your body to the slaughterfish!","선상 여관(Bloated Float)에는 요리사가 없어! 어떻게 감히 나를 바보로 만들려고 하지! 난 당신과 거래 한 후, slaughterfish에게 귀하의 시체를 먹이겠다!",record,True,True,False,False,HIGH,"Bloated, Float, slaughterfish"
Oblivion.esm,DIAL,0000C1E3,MS31Selene02Positive,FULL,0,,,I'm here to join the gang.,갱단에 들려고 왔습니다.,record,False,False,True,False,TOPIC_CHECK,
Oblivion.esm,INFO,0000C1ED,,NAM1,0,,,Hahaha! We made a solemn pact not to let anyone else join the gang. I can remember it clearly even though it was...,하하하! 우린 아무도 갱단에 가입시키지 않기로 엄중한 계약을 했다. 비록 그렇더라도 난 그걸 분명하게 기억할 수 있단 말이야... ,record,False,False,False,False,,
Oblivion.esm,DIAL,0000C1E4,MS31Selene01Negative,FULL,0,,,Shut up and release Ormil!,닥치고 오르밀Ormil)을 풀어줘!,record,False,True,True,False,TOPIC_CHECK,Ormil
Oblivion.esm,INFO,0000C1EB,,NAM1,0,,,Ha! Those will be the last words that leave your lips!,하! 그게 네 마지막 말이 될 거야!,record,False,False,False,False,,
Oblivion.esm,DIAL,0000C1E5,MS31Selene01aPositive,FULL,0,,,I took the key from Wrath.,래스(Wrath)에게 열쇠를 받았소.,record,True,True,True,False,HIGH,Wrath
Oblivion.esm,INFO,0000C1EC,,NAM1,0,,,Wrath? I told him to guard the wheel and not talk to anybody. Who are you?,"Wrath? 그에게는 타륜을 지키고, 누구와도 이야기하지 말라고 해두었다. 넌 누구냐?",record,False,True,False,False,MEDIUM,Wrath
Oblivion.esm,DIAL,0000C206,TG06OpenDoor,FULL,0,,,Open the door. I'm the slop drudge.,문 열어 주세요. 잔반 청소 하러 왔습니다.,record,False,False,True,False,TOPIC_CHECK,
Oblivion.esm,INFO,0000C20A,,NAM1,0,,,They oughta just give you guys a key. But no. I have to keep locking and unlocking the door for the slop drudges. Follow me.,"성 녀석들이 그냥 네게 열쇠를 주면 될것을, 그러지 않지. 덕분에 네 녀석이 음식 옮기는 걸로 문을 계속 잠궜다 열었다 해야 하다니. 따라와.",record,False,False,False,False,,
Oblivion.esm,DIAL,0000C207,TG06BribeGuard,FULL,0,,,Will 50 gold open that door?,50골드로 저 문을 열어주겠나?,record,False,False,True,False,TOPIC_CHECK,
Oblivion.esm,INFO,0000C209,,NAM1,0,,,Naw. But it will earn ya two years in Skingrad's dungeon. Now get lost before I decide ta report ya.,아니. 하지만 그것이 당신을 2년 정도 감옥에 처박아두게 할 수는 있지. 지금 당장 보고하기 전에 사라져버려.,record,False,False,False,False,,
Oblivion.esm,DIAL,0000C222,TG07HowToForge,FULL,0,,,How do I forge the letter?,어떻게 그 편지를 위조하지?,record,False,False,True,False,TOPIC_CHECK,
Oblivion.esm,INFO,0000C237,,NAM1,0,,,You will have to track down one on your own. I don't know of any in Bravil.,자네는 스스로 추적해내야 할 거네. 브라빌에는 없는 거 같아.,record,False,False,False,False,,
Oblivion.esm,INFO,0000C237,,NAM1,1,,,"With the forged letter in hand, sneak into the Legion Commander's office in the Imperial City Prison and seal it with his seal.","위조된 편지를 얻었다면, 임페리얼 시티 감옥에 있는 레기온 사령관(Legion Commander)의 사무실로 몰래 들어가서는 그의 도장으로 편지를 봉인해야 해.",record,True,True,False,False,HIGH,"Legion, Commander"
Oblivion.esm,INFO,0000C237,,NAM1,2,,,Dairihill cannot be trusted. You must deliver the letter to Lady Umbranox in person. Will you accept this commission?,다리힐(Dairihill)은 믿을 수 없어. 자네가 직접 움브라녹스(Umbranox) 여사에게 편지를 전달해야 하네. 이 임무를 맡을 수 있겠나?,record,True,True,False,False,HIGH,"Dairihill, Umbranox"
Oblivion.esm,DIAL,0000C224,TG07ForgedLetter,FULL,0,,,Forged letter,위조된 편지,record,False,False,True,False,TOPIC_CHECK,
Oblivion.esm,INFO,0000C232,,NAM1,0,,,Do you have my fee?,요금은 가지고 있소?,record,False,False,False,False,,
Oblivion.esm,INFO,0000C233,,NAM1,0,,,Why are you bothering me? It isn't done yet. Now get out of here and let me finish.,왜 날 귀찮게 하는 거요? 그건 아직 완성되지 않았소. 이제 내가 일을 완료하게 여기서 나가주시오.,record,False,False,False,False,,
Oblivion.esm,DIAL,0000C728,themage,FULL,0,,,themage,테마지,record,False,False,True,False,TOPIC_CHECK,
Oblivion.esm,DIAL,000104DA,TG06NoBribeBeggar,FULL,0,,,I would guess soap and water.,비누와 물일거 같은데.,record,False,False,True,False,TOPIC_CHECK,
Oblivion.esm,INFO,000104E0,,NAM1,0,,,My memory fails me.,기억이 안 나는군요.,record,False,False,False,False,,
Oblivion.esm,DIAL,000104DB,TG06BribeBeggar,FULL,0,,,Would it be these 20 coins?,20 골드로 되겠습니까?,record,False,False,True,False,TOPIC_CHECK,
Oblivion.esm,INFO,000104E1,,NAM1,0,,,"Why, yes it would! Theranis was drinking in the Two Sisters Lodge. He was bragging about stealing something from the castle.","왜냐면, 이랬던겁니다! 세라니스(Theranis)는 두자매 여관(Two Sisters Lodge)에서 술을 마시고 있었죠. 그는 성으로부터 무언가를 훔칠것이라는걸 자랑하고 있었어요.",record,True,True,False,False,HIGH,"Theranis, Two, Sisters, Lodge"
Oblivion.esm,INFO,000104E1,,NAM1,1,,,"Unfortunately, Captain Dion was also in the Two Sisters Lodge. He arrested Theranis and hauled him off to the dungeons.","안타깝게도, 디온 경비대장 역시 두 자매의 오두막 여관에 있었죠. 테라니스는 그 자리에서 체포당했고 지하 감옥에 처박혔습니다.",record,False,False,False,False,,
Oblivion.esm,DIAL,000104DC,TG06Theranis,FULL,0,,,Theranis,테라니스,record,False,False,True,False,TOPIC_CHECK,
Oblivion.esm,INFO,0004896E,,NAM1,0,,,Here's what I know. Theranis was drinking in the Two Sisters Lodge. He was bragging about stealing something from the castle.,아 그래요. 세라니스(Theranis)는 두자매 여관(Two Sisters Lodge)에서 술을 마시고 있었죠. 그는 성으로부터 무언가를 훔칠것이라는걸 자랑하고 있었어요.,record,True,True,False,False,HIGH,"Theranis, Two, Sisters, Lodge"
Oblivion.esm,INFO,0004896E,,NAM1,1,,,"Unfortunately, Captain Dion was also in the Two Sisters Lodge. He arrested Theranis and hauled him off to the dungeons.","안타깝게도, 디온(Dion) 대장 역시 그곳에 있었죠. 그는 그 자리에서 체포되고 감옥에 처박혀 버렸습니다.",record,True,True,False,False,HIGH,Dion
Oblivion.esm,INFO,000104DE,,NAM1,0,,,He is a skillful thief. I seem to remember something about him. Something recent. Something important. Something is missing in my hand...,그는 뛰어난 도둑이지. 그에 대해 무언가 기억나는 게 있는 것 같군. 뭔가 최근이고.. 중요하고.. 그리고 내 손에 무언가 잃어버린 것을 말이야.. ,record,False,False,False,False,,
Oblivion.esm,INFO,00010500,,NAM1,0,,,You mean the thief? He was in the big cell with that Argonian. They were always whispering to each other. The Pale Lady took him days ago.,그 도둑을 말하는 건가? 그는 아르고니안과 함께 큰 감옥에 있었지. 그들은 항상 서로 속삭이곤 했어. 하지만 몇 일전에 창백한 여인 하나가 그를 데려갔지.,record,False,False,False,False,,
Oblivion.esm,INFO,00010501,,NAM1,0,,,I ain't tellin' the likes of you!,네 녀석에게 아무것도 말하지 않을 거다!,record,False,False,False,False,,
Oblivion.esm,INFO,00015F10,,NAM1,0,,,Theranis? How did you know about him? He was my cellmate. At least until the Pale Lady took him away.,세라니스(Theranis)? 어떻게 그에 대해 알지? 그는 나와 같은 방에 있던 사람이야. 최소한 창백한 여인이 그를 끌고 가기 전까지는 말이지.,record,True,True,False,False,HIGH,Theranis
Oblivion.esm,DIAL,00011F96,SE02KillGatekeeper,FULL,0,,,Kill the Gatekeeper,관문지기 죽이기,record,False,False,True,False,TOPIC_CHECK,
Oblivion.esm,DIAL,00011F97,SE02Gatekeeper,FULL,0,,,Gatekeeper,관문지기,record,False,False,True,False,TOPIC_CHECK,
Oblivion.esm,INFO,0007EA9F,,NAM1,0,,,I'm glad you took my advice and killed him. I always knew it could be done. What would people do without me?,내 제안을 받아들여서 문지기를 죽이다니 기쁘군요. 그리 될 줄 이미 알고 있었어요. 나 없으면 사람들이 어떻게 살아간다지?,record,False,False,False,False,,
Oblivion.esm,INFO,0007EAA0,,NAM1,0,,,"He's dead? I bet he died of some horrible disease, didn't he?","문지기가 죽었어요? 분명 끔찍한 병에 걸려 죽었을게 틀림없어요, 그렇죠?",record,False,False,False,False,,
Oblivion.esm,INFO,0007EAA1,,NAM1,0,,,"He's dead? Hmm. Of course, I'm too tired to walk all the way up there at the moment. I'll head up there after I rest my eyes for a moment.",문지기가 죽었어요? 흠. 전 너무 피곤해서 당분간은 저 위에 못올라가 볼 것 같아요. 잠깐 눈 좀 붙이고 가봐야 할 것 같네요.,record,False,False,False,False,,
Oblivion.esm,INFO,0007EAA3,,NAM1,0,,,The Gatekeeper's dead. Relmyna is very unhappy about that.,문지기가 죽었어요. 스승님이 무척 슬퍼하시더군요.,record,False,False,False,False,,
Oblivion.esm,INFO,0007EAA3,,NAM1,1,,,"I'll have to tread lightly around that subject, or I might get another lesson in the exalted nature of Pain.",앞으로 그 문제에 대해서는 조심해야 되겠어요. 안그랬다가는 고통의 순리를 다시 가르침받게 될 테니까요.,record,False,False,False,False,,
Oblivion.esm,INFO,000807A2,,NAM1,0,,,The Gatekeeper's dead. He won't stop us from coming and going now. ,문지기는 죽었어. 이제 놈은 우리가 통행하는 것을 막지 못해.,record,False,False,False,False,,
Oblivion.esm,INFO,000807A3,,NAM1,0,,,"The Gatekeeper's dead. As soon as you get one of those doors unlocked, we can go in. They're calling to me from in there.",문지가가 죽었어. 당신이 문 하나만 따주면 그리 들어갈 수 있을거야. 저쪽에서 뼈들이 날 부르고 있어.,record,False,False,False,False,,
Oblivion.esm,INFO,0008E54E,,NAM1,0,,,Go up there now. The Gatekeeper is about to turn some adventurers into bones. I'll collect those later.,올라가 보라구. 문지기가 모험가 일당을 뼛조각으로 만들 참이니까. 나중에 그 인간들 뼈나 추려 줘야지.,record,False,False,False,False,,
Oblivion.esm,INFO,0008E4C8,,NAM1,0,,,"I want him dead. I need him dead! His bones are calling to me. Rumor has it you want him dead, too.",난 놈이 죽었으면 해. 놈은 죽어야 해! 놈의 뼈가 나를 부르고 있어. 소문을 듣자하니 당신도 놈이 죽었으면 한다는군.,record,False,False,False,False,,
Oblivion.esm,INFO,0008E4C8,,NAM1,1,,,"If you're any good with a lockpick, we can help each other out. We can get into the Gardens of Flesh and Bone.",당신이 자물쇠 따는데 한가닥 한다면 우리는 서로 도움이 될 수 있을거야. 뼈와 살의 정원으로 들어갈 수가 있을테니까.,record,False,False,False,False,,
Oblivion.esm,INFO,0007EAF7,,NAM1,0,,,He must die. It's the only way.,놈은 죽어야 해. 오직 그 방법 뿐이야.,record,False,False,False,False,,
Oblivion.esm,INFO,0008E4CF,,NAM1,0,,,He guards the Gates of Madness. See for yourself. He's about to destroy a party of adventurers.,놈이 광기의 문(Gates of Madness)을 지키고 있죠. 직접 가서 봐요. 모험가 일당을 막 박살내려는 참이니까.,record,True,True,False,False,HIGH,"Gates, of, Madness"
Oblivion.esm,INFO,0008E54F,,NAM1,0,,,"He guards the Gates of Madness. Don't get too close to him. He'll kill you, and it will leave a mess in my town.",놈이 광기의 문(Gates of Madness)을 지키고 있으니 놈에게 가까이 가지말아요. 당신이 놈에게 죽게 되면 마을이 엉망으로 될테니.,record,True,True,False,False,HIGH,"Gates, of, Madness"
Oblivion.esm,INFO,0008E54F,,NAM1,1,,,Jayred Ice-Veins wants to kill the Gatekeeper. Sounds like suicide to me.,"제이레드 아이스-베인즈(Jayred Ice-Veins)가 문지기를 죽이고 싶어 하던데, 나한테는 죽고 싶어 안달난걸로 보이더군요.",record,True,True,False,False,HIGH,"Jayred, Ice-Veins"
Oblivion.esm,INFO,0008E4ED,,NAM1,0,,,"He's pretty scary, isn't he? Let's watch him in action.",문지기가 꽤나 무섭죠? 한바탕 날뛰는 걸 구경해보자구요.,record,False,False,False,False,,
Oblivion.esm,INFO,0008E550,,NAM1,0,,,"Pretty scary, isn't he? Jayred's planning on killing him. I don't know how... the Gatekeeper looks indestructible to me.",놈이 꽤나 무섭지 않나요? 제이레드(Jayred)가 놈을 죽을 계획을 꾸미던데 어찌 할 지는 모르겠어요. 나한테는 문지기가 무적으로 보이던데.,record,True,True,False,False,HIGH,Jayred
Oblivion.esm,INFO,0008E4EE,,NAM1,0,,,He protects the Gates of Madness. He'll kill anyone who gets near. He's about to destroy some adventurers up there now.,문지기는 광기의 문(Gates of Madness)을 지켜요. 가까이 다가오는 그 누구든지 다 죽여버려요. 이번에는 웬 모험가 일당을 없애버리려는 참이더군요.,record,True,True,False,False,HIGH,"Gates, of, Madness"
Oblivion.esm,INFO,0008E551,,NAM1,0,,,He protects the Gates of Madness. He'll kill anyone who gets near... anyone except Relmyna Verenim. She's staying upstairs right now.,그가 광기의 문(Gates of Madness)을 지키죠. 렐미나 베레님(Relmyna Verenim)만 빼고 가까이 오는 사람은 누구든 죽일거에요. 렐미나 베레님(Relmyna Verenim)은 위층에서 지내고 있어요.,record,True,True,False,False,HIGH,"Gates, of, Madness, Relmyna, Verenim, Relmyna, Verenim"
Oblivion.esm,INFO,0008E4EF,,NAM1,0,,,He's the crowning achievement of Relmyna Verenim. She's my teacher. The Gatekeeper keeps out people who don't belong.,문지기는 렐미나(Relmyna)님이 이뤄낸 최고의 성과물이죠. 그분은 제 스승님이시고요. 문지기는 이곳 사람이 아닌 이방인들이 문으로 못들어가게 막아요.,record,True,True,False,False,HIGH,Relmyna
Oblivion.esm,INFO,0008E4EF,,NAM1,1,,,"I saw some strangers heading up there earlier. If they're still alive, you can see the Gatekeeper in action. It's glorious.","아까 전에 이방인 몇사람이 위로 올라가는 걸 봤어요. 만약 그 사람들이 아직 살아 있다면, 문지기가 날뛰는 걸 볼 수 있을 거예요. 아주 장관이에요.",record,False,False,False,False,,
Oblivion.esm,INFO,0008E552,,NAM1,0,,,He's Relmyna's crowning achievement. The Gatekeeper keeps out people who don't belong in the Shivering Isles.,문지기는 렐미나(Relmyna)님이 이뤄낸 최고의 성과물이죠. 쉬버링 아일랜드(Shivering Isles)에 오는 이방인들을 막는게 임무예요.,record,True,True,False,False,HIGH,"Relmyna, Shivering, Isles"
Oblivion.esm,INFO,0008E552,,NAM1,1,,,She made him in the Gardens of Flesh and Bone. She's my teacher. She's going to teach me all her secrets.,렐미나(Relmyna)님은 피와 뼈의 정원(Gardens of Flesh and Bone)에서 문지기를 창조해 내셨어요. 제 스승님이시죠. 앞으로 비법을 제게 전수해 주실 거예요.,record,True,True,False,False,HIGH,"Relmyna, Gardens, of, Flesh, and, Bone"
Oblivion.esm,INFO,0008E552,,NAM1,2,,,"Oh, and this is really interesting -- wait! Never mind. My big mouth almost just got me in trouble again.","어머, 이거 무척 흥미로운데요 -- 잠깐! 신경쓰지 말아요. 이놈의 주둥이가 또 일을 낼 뻔 했네요.",record,False,False,False,False,,
Oblivion.esm,INFO,0007EAC9,,NAM1,0,,,"I'd like to tell you, but... really, I shouldn't say anything more.",말씀드리고는 싶지만.... 정말 더 이상은 말할 수 없어요.,record,False,False,False,False,,
Oblivion.esm,INFO,0008E4F0,,NAM1,0,,,I've been dying to tell someone. You seem trustworthy enough... but don't tell Relmyna I said anything!,이런 이야기를 하면 전 죽어요. 당신은 믿을만 할 것 같네요. 그래도 렐미나(Relmyna)님에게는 내가 말해줬다고 하면 안돼요!,record,True,True,False,False,HIGH,Relmyna
Oblivion.esm,INFO,0008E4F0,,NAM1,1,,,Her Gatekeeper is flawed! Her tears hurt him! ,문지기의 몸은 원래 조각조각 나뉜 사지를 붙인 것이죠! 렐미나(Relmyna)님의 눈물은 그 몸에 해를 끼쳐요!,record,True,True,False,False,HIGH,Relmyna
Oblivion.esm,INFO,0007EAEC,,NAM1,0,,,"You want to know about my child? Go see for yourself. He guards the Gates at the top of the hill. Be warned, he doesn't play nice.",내 아이에 대해 알고 싶어? 직접 가서 봐봐. 그애는 언덕 꼭대기의 문을 지키고 있으니까. 조심하는게 좋을 걸. 점잖은 애가 아니거든.,record,False,False,False,False,,
Oblivion.esm,INFO,0008E553,,NAM1,0,,,"The Gatekeeper is my child, the consummation of Sheogorath's wisdom in the womb of my genius. It was a painful and bloody birth, but well worth it.",문지기는 내 자식이야. 내 천재성과 쉐오고라스님의 지혜가 이뤄낸 합작품이지. 고통스럽고도 지독한 탄생이었지만 그럴만한 가치는 있었어.,record,False,False,False,False,,
Oblivion.esm,INFO,0008E553,,NAM1,1,,,His brothers were less... successful.,다른 아이들은 다...... 실패했지만... ,record,False,False,False,False,,
Oblivion.esm,INFO,0008E553,,NAM1,2,,,"He won't bother those blessed by Lord Sheogorath. You, however, will die trying to get the keys from my child.","그애는 쉐오고라스(Sheogorath)님의 은총을 받은 자를 건드리지 않아. 하지만 당신, 그애에게서 열쇠를 얻으려고 하다가는 죽게 될걸.",record,True,True,False,False,HIGH,Sheogorath
Oblivion.esm,DIAL,00012057,SE02JayredFollow,FULL,0,,,Follow me.,나를 따라와요.,record,False,False,True,False,TOPIC_CHECK,
Oblivion.esm,INFO,00012065,,NAM1,0,,,Let's go!,어서 가지!,record,False,False,False,False,,
Oblivion.esm,DIAL,00012058,SE02JayredWait,FULL,0,,,Wait here.,잠깐 기다려요.,record,False,False,True,False,TOPIC_CHECK,
Oblivion.esm,INFO,0008E4F1,,NAM1,0,,,Hurry. The bones are calling out to me!,서둘러. 뼈들이 날 부르고 있어!,record,False,False,False,False,,
Oblivion.esm,DIAL,00012059,SE02BoneArrows,FULL,0,,,Bone Arrows,뼈 화살,record,False,False,True,False,TOPIC_CHECK,
Oblivion.esm,INFO,00012063,,NAM1,0,,,"The arrows are ready. Here are some for you, and I'll keep some.",화살이 준비 됐어. 이걸 받아. 나도 몇 개 챙겼어.,record,False,False,False,False,,
Oblivion.esm,INFO,00012063,,NAM1,1,,,Let's go kill the Gatekeeper. We might die. But there's worse things.,문지기를 죽이러 가자구. 우리 둘 다 죽을지도 몰라. 하지만 세상에는 죽는 것 보다 더 심한 일도 있잖아.,record,False,False,False,False,,
Oblivion.esm,INFO,00012062,,NAM1,0,,,The arrows aren't ready yet. Come back later.,화살이 아직 준비 안됬으니까 좀 이따가 와.,record,False,False,False,False,,
Oblivion.esm,INFO,00012061,,NAM1,0,,,Here we are!,드디어 찾았다!,record,False,False,False,False,,
Oblivion.esm,DIAL,0001205B,SE02JayredNoLead,FULL,0,,,"Wait, let's do this later.","잠깐, 일단 다음에 하죠.",record,False,False,True,False,TOPIC_CHECK,
Oblivion.esm,INFO,0008E4F2,,NAM1,0,,,Hurry up! The bones are calling.,서둘러! 뼈가 날 부르고 있다구.,record,False,False,False,False,,
Oblivion.esm,INFO,0008E4F4,,NAM1,0,,,Hurry!,서둘러!,record,False,False,False,False,,
Oblivion.esm,DIAL,0001205C,SE02JayredLead,FULL,0,,,Lead on.,앞장서세요.,record,False,False,True,False,TOPIC_CHECK,
Oblivion.esm,INFO,0008E4F5,,NAM1,0,,,"Here. Take this lockpick. Careful, it's the only one I've got. You open the door. I'll kill things. Let's go!","자, 이 Lockpick을 받아. 이게 내가 가진 전부니까 조심해서 써. 당신이 문을 열어. 내가 방해꾼들을 해치우지. 가자구!",record,False,True,False,False,MEDIUM,Lockpick
Oblivion.esm,INFO,00012060,,NAM1,0,,,Follow me.,날 따라와.,record,False,False,False,False,,
Oblivion.esm,INFO,00012102,,NAM1,0,,,My scouts reported no signs of the Mazken in the Underdeep. It's our best chance to take them unawares.,제 척후병들이 Underdeep에 마즈켄의 기척은 없다고 보고했습니다. 놈들을 기습할 절호의 기회입니다. ,record,False,True,False,False,MEDIUM,Underdeep
Oblivion.esm,INFO,00012103,,NAM1,0,,,Too risky. It's likely to be a trap. They could cut us to pieces down there if they knew we were coming.,너무 위험해. 아무래도 함정인 것 같다. 적들이 우리가 올 것을 안다면 거기서 우리를 갈갈히 찢어놓을 것이다.,record,False,False,False,False,,
Oblivion.esm,INFO,00012CBC,,NAM1,0,,,"With all due respect, Aurmazl, I ask that you reconsider. The main passage is strongly defended. Perhaps if you'd allow me to scout further...","아머즐(Aurmazl), 간청드립니다. 다시 한번 재고해 주십시오. 놈들은 중앙통로에 강력한 방어선을 쳤습니다. 저에게 더 정찰할 것을 허락만 해 주신다면.... ",record,True,True,False,False,HIGH,Aurmazl
Oblivion.esm,INFO,00012104,,NAM1,0,,,"Enough! I've made my decision. We will attack down the main passage, as planned. The Mazken will not withstand us!",그만해라! 난 이미 결정했다. 계획했던 대로 중앙통로를 공격한다. 마즈켄(Mazken)은 우리의 공격을 버텨내지 못할 것이다!,record,True,True,False,False,HIGH,Mazken
Oblivion.esm,DIAL,00012CAD,SE06HelpAttackA3B3,FULL,0,,,"Never mind, your plan is the best.","괜찮아요, 당신의 계획이 최고예요.",record,False,False,True,False,TOPIC_CHECK,
Oblivion.esm,INFO,00012CD0,,NAM1,0,,,That's why females command and males take orders. Come. Let us surrender to the madness of battle!,이기 때문에 더욱 명령하는 여자와 명령을 받는 남자가 있습니다. 와 주세요. 싸움의 광기에 몸을 바칩시다!,record,False,False,False,False,,
Oblivion.esm,INFO,000192E8,,NAM1,0,,,You'll make a fine commander one day. Come. Let us surrender to the madness of battle!,사자께서는 언젠가 훌륭한 지휘관이 되실 겁니다. 따라오시지요. 전쟁의 광기에 우리 자신을 내던지는 겁니다!,record,False,False,False,False,,
Oblivion.esm,DIAL,00012CAE,SE06HelpAttackA3B2,FULL,0,,,The Underdeep is undefended. [Lie],언더딥은 방어 준비가 안 되어 있습니다. [거짓말],record,False,False,True,False,TOPIC_CHECK,
Oblivion.esm,INFO,000192E9,,NAM1,0,,,You've seen this with your own eyes? I must be sure it isn't a trap if I'm to take such a risk.,눈으로 직접 보신 겁니까? 그런 위험을 감수하려면 함정이 아니라는 확신이 있어야만 합니다.,record,False,False,False,False,,
Oblivion.esm,DIAL,00012CAF,SE06HelpAttackA3B1,FULL,0,,,The Underdeep is lightly defended.,언더딥은 방어 준비가 덜 되어 있습니다.,record,False,False,True,False,TOPIC_CHECK,
Oblivion.esm,INFO,00012CCE,,NAM1,0,,,You've seen this with your own eyes? I must be sure it isn't a trap if I'm to take such a risk.,눈으로 직접 보신 겁니까? 그런 위험을 감수하려면 함정이 아니라는 확신이 있어야만 합니다.,record,False,False,False,False,,
Oblivion.esm,DIAL,00012CB0,SE06HelpAttackA5,FULL,0,,,I don't want to get involved.,이 일에 끼고 싶지 않아요.,record,False,False,True,False,TOPIC_CHECK,
Oblivion.esm,INFO,00012CD2,,NAM1,0,,,You're making a mistake. There is no other way to light the Flame.,실수 하시는 겁니다. 불꽃을 점화할 다른 방법은 없습니다.,record,False,False,False,False,,
Oblivion.esm,INFO,00012CD2,,NAM1,1,,,"If you think the Mazken will help you, you will be disappointed. We will destroy them with or without your help.","마즈켄(Mazken)이 사자를 도울거라 생각하신다면, 분명 실망하실 것입니다. 사자께서 도우시건 말건 우리는 놈들을 파멸시킬것입니다.",record,True,True,False,False,HIGH,Mazken
Oblivion.esm,INFO,00012CD2,,NAM1,2,,,Go then. I will hold off on my attack to give you a chance to reconsider. But I will not wait forever.,그럼 가십시오. 공격을 중단하고 다시 생각할 시간을 드리겠습니다. 하지만 영원히 기다리지는 않을 것입니다.,record,False,False,False,False,,
Oblivion.esm,DIAL,00012CB1,SE06HelpAttackA4,FULL,0,,,I'll scout the Dark Seducer position.,다크 세듀서의 위치를 정찰할게요.,record,False,False,True,False,TOPIC_CHECK,
Oblivion.esm,INFO,00012CD1,,NAM1,0,,,That's an excellent idea. They cannot refuse entry to an emissary of Lord Sheogorath.,"훌륭한 아이디어다. Lord Sheogorath의 사자전이라면, 놈등에서도 출입을 거절할 수 있는 매.",record,False,True,False,False,MEDIUM,"Lord, Sheogorath"
Oblivion.esm,INFO,00012CD1,,NAM1,1,,,Return at once when you have their deployments. This could make all the difference.,"놈등의 배치를 알 수 있는 대로, 돌아온다. 이것으로 상황을 타개할 수 있을 것 같다.",record,False,False,False,False,,
Oblivion.esm,DIAL,00012CB2,SE06HelpAttackA3,FULL,0,,,"Yes, but use the Underdeep.","네, 하지만 언더딥을 이용하세요.",record,False,False,True,False,TOPIC_CHECK,
Oblivion.esm,INFO,00012CCD,,NAM1,0,,,Are all males so obstinate? Have I not already told you that I consider that route too risky?,남자들은 다 이렇게 고집이 센가? 그 길은 너무 위험하다고 이미 말하지 않았나?,record,False,False,False,False,,
Oblivion.esm,INFO,00012CCD,,NAM1,1,,,What makes you think you can persuade me when my own lieutenant cannot?,제 부관도 절 설득하지 못했는데 사자께서 절 설득할 수 있으리라 보십니까? ,record,False,False,False,False,,
Oblivion.esm,INFO,00018F9B,,NAM1,0,,,I've already made my decision. We attack down the main passage!,이미 전 결정을 내렸습니다. 중앙통로로 공격을 감행하겠습니다!,record,False,False,False,False,,
Oblivion.esm,INFO,00018F9B,,NAM1,1,,,What makes you think you can persuade me when my own lieutenant cannot?,제 부관도 절 설득하지 못했는데 사자께서 절 설득할 수 있으리라 보십니까? ,record,False,False,False,False,,
Oblivion.esm,DIAL,00012CB3,SE06HelpAttackA2,FULL,0,,,I'll help you. Let's go.,도와드리죠. 갑시다.,record,False,False,True,False,TOPIC_CHECK,
Oblivion.esm,INFO,00012CCC,,NAM1,0,,,"Very good, Emissary. With your help, we will rid Cylarne of the Mazken once and for all!",아주 좋습니다. 사자시여. 당신의 지원으로 마즈켄(Mazken)을 단숨에 사이란(Cylarn)에서 제거할 수 있을 것입니다!,record,True,True,False,False,HIGH,"Mazken, Cylarn"
Oblivion.esm,DIAL,00012CB4,SE06HelpAttackA1,FULL,0,,,What about the Underdeep?,언더딥은 어쩌고?,record,False,False,True,False,TOPIC_CHECK,
Oblivion.esm,INFO,00012CCA,,NAM1,0,,,"Ah, Mirel's beloved surprise attack. A perfect example of why males do not hold command positions.","아, 미렐(Mirel)이 주장하는 기습 말씀이십니까. 저래서 남성은 지휘관이 되지 못하는 것입니다.",record,True,True,False,False,HIGH,Mirel
Oblivion.esm,INFO,00012CCA,,NAM1,1,,,"He has failed to consider the risks of his plan. If the Mazken have prepared an ambush along that route, we would be slaughtered.","미렐(Mirel)은 자신의 계획에서 위험요소를 무시하고 있습니다. 마즈켄(Mazken)이 그 루트를 따라 매복한다면, 우리는 학살당할 게 뻔합니다.",record,True,True,False,False,HIGH,"Mirel, Mazken"
Oblivion.esm,INFO,00012CCA,,NAM1,2,,,"We're better off storming the main passage, where our superior strength and bladework can come into play.",우리의 뛰어난 체력과 검술을 살릴 수 있도록 중앙통로를 통해 공격하는 것이 훨씬 낫습니다.,record,False,False,False,False,,
Oblivion.esm,DIAL,00012CB5,SE06HelpAttack,FULL,0,,,Battle plans,전투 계획,record,False,False,True,False,TOPIC_CHECK,
Oblivion.esm,INFO,00012CC9,,NAM1,0,,,The only way to assault the Altar of Despair is down the main passage between the two altars.,절망의 제단을 공격할 유일한 방법은 두 제단을 잇는 중앙통로를 공격하는 것 뿐입니다.,record,False,False,False,False,,
Oblivion.esm,INFO,00012CC9,,NAM1,1,,,"It will be difficult. The Mazken have fortified their position. But I am confident that with your help, we can defeat them.",마즈켄(Mazken)이 방비를 더욱 강화했으니 분명 어려울 것입니다. 하지만 사자께서 도우신다면 반드시 적들을 패배시킬 수 있으리라 확신합니다.,record,True,True,False,False,HIGH,Mazken
Oblivion.esm,INFO,00012CC9,,NAM1,2,,,"Will you help us retake the Altar of Despair, and drive the Mazken out of Cylarne once and for all?",절망의 제단을 되찾고 마즈켄(Mazken)을 사이란(Cylarn)에서 축출해 내는 것을 도와주시겠습니까?,record,True,True,False,False,HIGH,"Mazken, Cylarn"
Oblivion.esm,INFO,00012CCB,,NAM1,0,,,Are you ready to help us destroy the Mazken and take control of the Altar of Despair?,절망의 제단을 되찾고 마즈켄(Mazken)을 사이란(Cylarn)에서 축출해 내는 것을 도와주실 준비가 되셨습니까?,record,True,True,False,False,HIGH,"Mazken, Cylarn"
Oblivion.esm,DIAL,00012CB6,SE06FlameAgnon,FULL,0,,,Flame of Agnon,아그논의 불꽃,record,False,False,True,False,TOPIC_CHECK,
Oblivion.esm,INFO,000131B4,,NAM1,0,,,"The two Altars, blessed Despair and holy Rapture, feed the great Flame of Agnon above us.","가호받은 절망과 성스러운 환희, 두 제단에서 불타오르는 위대한 불꽃입니다.",record,False,False,False,False,,
Oblivion.esm,INFO,000131B4,,NAM1,1,,,"Only Sheogorath's immortal servants can kindle the Altars, and I am at my Lord's command. But I only hold Despair... for the moment.","쉐오고라스(Sheogorath) 폐하께 속한 불사의 종들만이 제단을 밝힐 수 있고, 저만이 그분의 명을 받들고 있습니다. 하지만 잠시...절망의 제단만을 지키고 있습니다.",record,True,True,False,False,HIGH,Sheogorath
Oblivion.esm,INFO,000131B4,,NAM1,2,,,"The Aureals hold Rapture, and are massing to attack us. But never fear, they are no match for us.","오리얼(Aureal) 놈들이 환희의 제단을 점령하고 있으며, 곧 저희들을 공격해 올 것입니다. 하지만 놈들은 저희에게 상대가 되지 않으니 두렵지는 않습니다.",record,True,True,False,False,HIGH,Aureal
Oblivion.esm,INFO,000131B4,,NAM1,3,,,"Once their main force is destroyed, with your help, we can easily take Rapture from the few survivors. Then, I will gladly kindle the Flame for you.","사자의 도움으로 놈들의 주력부대가 패한다면 환희의 제단을 쉽게 취할 수 있습니다. 그러면, 전 기꺼이 당신을 위해 불꽃을 피우도록 하겠습니다.",record,False,False,False,False,,
Oblivion.esm,INFO,000131AC,,NAM1,0,,,"Only the servants of Sheogorath can light the Flame, by kindling the Altars of Despair and Rapture which feed the Flame.",오직 쉐오고라스(Sheogorath) 폐하의 종들만이 불꽃에 자신을 던져 절망과 환희의 제단을 밝힘으로써 불꽃을 살릴 수 있습니다.,record,True,True,False,False,HIGH,Sheogorath
Oblivion.esm,INFO,000131AC,,NAM1,1,,,"Alas, we hold only the Altar of Rapture. The treacherous Mazken hold the Altar of Despair. We must control both to light the Flame.","아아, 저희는 환희의 제단만을 맡고 있을 뿐입니다. 저 반역자 마즈켄(Mazken)이 절망의 제단을 점령하고 있지요. 불꽃을 살리려면 두 곳을 다 점령해야만 합니다.",record,True,True,False,False,HIGH,Mazken
Oblivion.esm,INFO,000131AC,,NAM1,2,,,"If you help us seize the Altar of Despair from the Mazken, I will be honored to kindle the Flame of Agnon for my Lord Sheogorath.","마즈켄(Mazken)으로 부터 절망의 제단을 되찾도록 도와주신다면, 제가 쉐오고라스님을 위해 애그넌(Agnon)의 불꽃을 밝히겠습니다.",record,True,True,False,False,HIGH,"Mazken, Agnon"
Oblivion.esm,INFO,00012CC8,,NAM1,0,,,The Flame is fed from the Altar of Rapture and the Altar of Despair. Only servants of Sheogorath can kindle the Altars.,불꽃은 환희의 제단과 절망의 제단에서 부터 타오릅니다. 쉐오고라스님의 종들만이 제단을 밝힐 수 있습니다.,record,False,False,False,False,,
Oblivion.esm,INFO,00012CC8,,NAM1,1,,,"Once we capture the Altar of Despair from the Mazken, it will be my great honor to light the Flame for Lord Sheogorath.","마즈켄(Mazken)에게서 절망의 제단을 되찾는다면, 전 쉐오고라스(Sheogorath) 폐하를 위해 기꺼이 불을 밝힐 것입니다.",record,True,True,False,False,HIGH,"Mazken, Sheogorath"
Oblivion.esm,INFO,0003E6A5,,NAM1,0,,,"Only the immortal servants of Sheogorath can kindle the Altars of Despair and Rapture, which in turn feed the holy Flame of Agnon.",오직 불사의 시종들만이 성스러운 애그넌(Agnon)의 불꽃을 피워 절망과 환희의 제단을 밝힐수가 있습니다.,record,True,True,False,False,HIGH,Agnon
Oblivion.esm,INFO,0003E6A5,,NAM1,1,,,"Once the Aureals are routed from the Altar of Rapture, I will be most pleased to command my soldiers to light the Flame for Sheogorath's glory.",오리얼이 환희의 제단에서 축출된다면 쉐오고라스(Sheogorath) 폐하의 영광을 위해 기꺼이 불꽃을 밝히도록 명할 것입니다.,record,True,True,False,False,HIGH,Sheogorath
Oblivion.esm,INFO,0003E6AD,,NAM1,0,,,"The holy Flame can only be lit from the Altars of Despair and Rapture. Alas, the Aureals hold Rapture... for now.","절망과 환희의 제단에서만 밝힐 수 있는 성스러운 불꽃입니다. 아아, 현재로서는... 오리얼(Aureal)이 환희의 제단을 점령하고 있습니다.",record,True,True,False,False,HIGH,Aureal
Oblivion.esm,INFO,0003E6AD,,NAM1,1,,,You should speak to the Grakedrig Ulfri at once. She will be glad of your help to rid Cylarne of the arrogant Aureals once and for all.,즉시 그라케드릭 울프리(Grakedrig Ulfri)를 만나 보십시오. 오만한 오리얼(Aureal)을 사이란(Cyarne)에서 단숨에 없애버리는 데 도움을 주신다면 그분께서 기뻐할 것입니다. ,record,True,True,False,False,HIGH,"Grakedrig, Ulfri, Aureal, Cyarne"
Oblivion.esm,INFO,0003E6AF,,NAM1,0,,,"The Flame is only lit at the command of Sheogorath, from the Altars of Rapture and Despair within the Shrine itself.",불꽃은 쉐오고라스(Sheogorath) 폐하의 명령으로 이곳 성소의 환희와 절망의 제단에서만 밝힐 수 있습니다.,record,True,True,False,False,HIGH,Sheogorath
Oblivion.esm,INFO,0003E6AF,,NAM1,1,,,I'm sure the Aurmazl Kaneh will be glad to help you once the Mazken are driven from the Altar of Despair.,아머즐 카나(Aurmazl Kaneh)께서는 절망의 제단에서 마즈켄(Mazken)을 즉시 몰아낼 수 있도록 기꺼이 도와드릴 것입니다.,record,True,True,False,False,HIGH,"Aurmazl, Kaneh, Mazken"
Oblivion.esm,DIAL,00012CB7,SEAureals,FULL,0,,,Aureals,아우리얼,record,False,False,True,False,TOPIC_CHECK,
Oblivion.esm,INFO,00012CC1,,NAM1,0,,,That's what we call ourselves. The most loyal and honorable servants of Sheogorath.,저희 자신을 그렇게 칭합니다. 쉐오고라스(Sheogorath) 폐하의 가장 충성스럽고 명예로운 종입니다.,record,True,True,False,False,HIGH,Sheogorath
Oblivion.esm,INFO,00012CC2,,NAM1,0,,,"Our rivals. The so-called Golden Saints. One day, Sheogorath will finally recognize their bull-headed stupidity and expel them from the Realm.","저희들의 경쟁자입니다. 소위 Golden Saint(황금의 성자)라 불리는 자들이지요. 언젠가 쉐오고라스(Sheogorath) 폐하께서 그들의 고집과 우둔함을 깨달으시고, 이 땅에서 내치실 것입니다.",record,True,True,False,False,HIGH,"Golden, Saint, Sheogorath"
Oblivion.esm,DIAL,00012CB8,SEMazken,FULL,0,,,Mazken,마즈켄,record,False,False,True,False,TOPIC_CHECK,
Oblivion.esm,INFO,00012CC3,,NAM1,0,,,"The treacherous ones: the Dark Seducers of ill-repute, whose every action drags Sheogorath's holy name through the mud.",변절자들 - Dark Seducer(어둠의 유혹자)라는 악명을 떨치는 자들입니다. 하는 짓마다 쉐오고라스(Sheogorath) 폐하의 성스러운 이름에 먹칠을 하는 자들이지요.,record,True,True,False,False,HIGH,"Dark, Seducer, Sheogorath"
Oblivion.esm,INFO,00012CC4,,NAM1,0,,,"You know us as Dark Seducers. A name given us by our enemies. But we are the Mazken in our own tongue, Sheogorath's only truly loyal servants.","저희를 Dark Seducer(어둠의 유혹자)라고 아시겠지요. 그것은 적들이 저희에게 붙인 이름입니다. 저희는 저희 자신을 마즈켄(Mazken)이라 칭하며, 저희들만이 쉐오고라스(Sheogorath)님의 충실한 종입니다.",record,True,True,False,False,HIGH,"Dark, Seducer, Mazken, Sheogorath"
Oblivion.esm,DIAL,00012CB9,SE06MaikiChoiceB,FULL,0,,,You're right. I've scouted it myself.,당신이 옳습니다. 제가 직접 정찰해 봤습니다.,record,False,False,True,False,TOPIC_CHECK,
Oblivion.esm,INFO,00012CBF,,NAM1,0,,,I knew it! You should tell Kaneh what you saw. Maybe you can convince her to change her attack plan.,알고 있었다! 당신이 본 것을 Kaneh에 이야기해야 합니다. 아마 당신은 그녀의 공격 계획을 바꾸도록(듯이) 설득할 수 있습니다.,record,False,True,False,False,MEDIUM,Kaneh
Oblivion.esm,DIAL,00012CBA,SE06MaikiChoiceA,FULL,0,,,Why won't Kaneh listen?,카네는 왜 듣지 않습니까?,record,False,False,True,False,TOPIC_CHECK,
Oblivion.esm,INFO,00012CBE,,NAM1,0,,,"She thinks the Underdeep is a trap. It's true, if the Mazken knew we were coming that way, we wouldn't stand a chance.","Underdeep이 함정이라고 여기십니다. 물론 마즈켄이 우리가 그리 올 것을 안다면, 가망이 없다는 것은 명백한 사실입니다.",record,False,True,False,False,MEDIUM,Underdeep
Oblivion.esm,INFO,00012CBE,,NAM1,1,,,But I'm convinced the Mazken don't expect us to come that way.,하지만 전 마즈켄(Mazken)이 우리가 그리 올지 예상 못하고 있다고 확신합니다.,record,True,True,False,False,HIGH,Mazken
Oblivion.esm,INFO,00012CBE,,NAM1,2,,,"If we attacked in full force, we could take the Altar of Despair before they had a chance to react.",그곳을 통해 전 병력으로 공격해 들어가면 마즈켄(Mazken)이 반격할 기회를 잡기도 전에 절망의 제단을 취할 수 있을 것입니다.,record,True,True,False,False,HIGH,Mazken
Oblivion.esm,INFO,00012CBE,,NAM1,3,,,If only I could make Kaneh see that.,카나(Kaneh)께서 그걸 알아만 주신다면...,record,True,True,False,False,HIGH,Kaneh
Oblivion.esm,DIAL,00012CBB,SE06SidePassage,FULL,0,,,The Underdeep,언더딥,record,False,False,True,False,TOPIC_CHECK,
Oblivion.esm,INFO,00012CBD,,NAM1,0,,,My scouts recently discovered another way through the ruins to the Altar of Despair.,제 정찰병들이 최근에 발견한 샛길입니다. 절망의 제단으로 통하는 폐허로 연결됩니다. ,record,False,False,False,False,,
Oblivion.esm,INFO,00012CBD,,NAM1,1,,,"The Aurmazl Kaneh wants to assault the altar down the main passage, but the Mazken are expecting us to come that way.","아머즐 카나(The Aurmazl Kaneh)께서는 중앙통로를 공격하시고 싶어 하시지만, 마즈켄(Mazken)은 우리가 그리 올 것을 이미 예상하고 있다고 믿고 계십니다.",record,True,True,False,False,HIGH,"The, Aurmazl, Kaneh, Mazken"
Oblivion.esm,INFO,00012CBD,,NAM1,2,,,"They've strongly fortified the main passage against us. If we attacked through the Underdeep, we could take them by surprise.","놈들은 중앙통로에 강력한 방어선을 쳤습니다. 만약 Underdeep으로 공격해 들어간다면, 놈들을 기습할 수 있습니다.",record,False,True,False,False,MEDIUM,Underdeep
Oblivion.esm,INFO,00012CBD,,NAM1,3,,,If only Kaneh would listen to me. An attack down the main passage will end the same as it always does -- a glorious defeat.,카나(Kaneh)께서 제 말을 들어주셔야 하는데... 중앙통로로 공격해 내려간다면 계속 이어져 왔던 영광스러운 승리는 끝나게 될 것입니다.,record,True,True,False,False,HIGH,Kaneh
Oblivion.esm,DIAL,00012CFB,SE32WelkyndStones,FULL,0,,,Vitharn's Welkynd Stones,바이탄의 웰킨드 스톤,record,False,False,True,False,TOPIC_CHECK,
Oblivion.esm,INFO,00012D1D,,NAM1,0,,,The sacred stones! You've desecrated them with your touch. You're on the list for sure now.,성스러운 돌이! 자네가 성스러운 돌을 더럽혔군. 자네는 이제 명부에 올라갔어.,record,False,False,False,False,,
Oblivion.esm,INFO,00012D1D,,NAM1,1,,,"I would never have allowed myself to do that. However, now that they are befouled, I can use them. You may grovel in gratitude at my feet later.","나라면 절대 그런 짓을 안할텐데. 하지만 성스러운 돌이 더럽혀 졌으니, 내가 쓸 수 있겠군. 자네는 곧 내 앞에 무릎을 꿇고 내게 감사하게 될거야.",record,False,False,False,False,,
Oblivion.esm,DIAL,00012CFC,SE32MagicDagger,FULL,0,,,Hloval's Magic Dagger,흐로발의 마법 단검,record,False,False,True,False,TOPIC_CHECK,
Oblivion.esm,INFO,00012D1C,,NAM1,0,,,Yes! Yes! I can use this to charge my magicka. All I need is a source...someone nearby...someone with magicka. Someone on the list!,그래! 그래! 이것으로 내 매지카를 채울 수 있겠어! 필요한 것은 매지카의 원천... 근처의 누군가.... 누군가 매지카를 가진자가 필요해. 명부에 올라간 자가!,record,False,False,False,False,,
Oblivion.esm,INFO,00012D1C,,NAM1,1,,,"...Someone like you! No need to thank me for letting you give me your power. I deserve it, after all.",자네 같은 자! 자네의 힘을 위대한 나에게 바칠수 있게 되었다고 감사할 필요는 없어. 당연한 것이고 결국 이리 될 운명이었으니까.,record,False,False,False,False,,
Oblivion.esm,DIAL,00012CFD,SE32HlovalsMagicka,FULL,0,,,Hloval Dreth's Problem,흐로발 드레스의 문제,record,False,False,True,False,TOPIC_CHECK,
Oblivion.esm,INFO,00012D12,,NAM1,0,,,"0, 5. Hloval is our priest and healer. 7, 7.  Unfortunately he was born with stunted magicka, but not a stunted ego.","0, 5. 로발(Hloval)은 우리의 사제이자 치료사죠. 7, 7. 불행하게도 그는 선천적으로 매지카를 다시 모으지 못해요. 하지만 정신은 말짱하죠.",record,True,True,False,False,HIGH,Hloval
Oblivion.esm,INFO,00012D12,,NAM1,1,,,"2,1. He does the best he can, but he never seems to have enough magicka. 5, 6.","2, 1. 그는 항상 최선을 다했는데, 매지카가 절대 부족한 것 같지는 않았어요.",record,False,False,False,False,,
Oblivion.esm,INFO,00012D1E,,NAM1,0,,,Hloval healed my betrothed once. Then he ran out of magic. He said he needed to find someone to lend him some before he could help her more.,로발(Hloval)은 제 약혼녀를 치료해 주었어요. 그러고 나서 매지카가 전부 고갈되어 버렸죠. 다른 사람들을 도우려면 누군가 매지카를 나눠 줄 사람이 필요하다고 했어요.,record,True,True,False,False,HIGH,Hloval
Oblivion.esm,INFO,00012D20,,NAM1,0,,,"Problem? I supose you think that everyone with stunted magicka has a ""problem."" You're nothing but a bigot. You're on the list now.",문제? 매지카를 채우지 못하는 사람한테는 다 문제가 있나? 자넨 멍청한 고집불통일 뿐이야. 당장 명부에 올려주지.,record,False,False,False,False,,
Oblivion.esm,INFO,000135CF,,NAM1,0,,,"Hloval dances a little too close to Sheogorath, if you know what I mean. Those born with stunted magicka shouldn't become priests and healers.","이라고 말하면 좋은가, Hloval는 Sheogorath에 조금(뿐)만 가까워져 춤추고 있다. Magicka의 발육이 저해되어 태어난 사람은 사제나 달래 손이 되어서는 안된데.",record,False,True,False,False,MEDIUM,"Hloval, Sheogorath, Magicka"
Oblivion.esm,INFO,0005A754,,NAM1,0,,,It was an honor for me to help Prior Dreth. The pain of the stab wound was a small sacrifice to restore his magicka.,수도원장의 Dreth님을 돕는 것은 나에게 있어서의 명예였습니다. 자상의 아픔은 그의 Magicka를 회복하기 위한 작은 희생이었습니다.,record,False,True,False,False,MEDIUM,"Dreth, Magicka"
Oblivion.esm,INFO,0008EFD0,,NAM1,0,,,Hloval's treachery is second only to my cowardice. My curse will not allow me to help you with his need.,로발(Hloval)이 배신한 것도 다 내가 겁을 먹었기 때문이오. 저주 때문에 Hloval's treachery is second only to my cowardice. My curse will not allow me to help you with his need.,record,True,True,False,False,HIGH,"Hloval, Hloval's, treachery, is, second, only, to, my, cowardice, My, curse, will"
Oblivion.esm,DIAL,00012CFE,SE32Betrothed,FULL,0,,,Desideratus' Betrothed,데시데라투스의 약혼자,record,False,False,True,False,TOPIC_CHECK,
Oblivion.esm,INFO,00012D02,,NAM1,0,,,You burned her?! She's gone?,당신이 그녀를 태워버렸나요? 이제 죽은 겁니까?,record,False,False,False,False,,
Oblivion.esm,INFO,00012D02,,NAM1,1,,,You have driven all meaning from my life. I shall throw myself upon the swords of the Fanatics so that I may join her sooner.,당신이 내 삶의 의미를 없애버렸어요. 저 파나틱인들(Fanatics)의 검에 내 몸을 던지렵니다. 그녀에게 가야겠어요.,record,True,True,False,False,HIGH,Fanatics
Oblivion.esm,INFO,00012D03,,NAM1,0,,,"She's in the hands of the Fanatics! I must save her. Stand back, stranger. I need room to swing my sword.","그녀가 적들의 손에 넘어갔어요. 그녀를 구해야 합니다. 물러서요, 이방인이여. 검을 휘두를 공간이 필요하니까.",record,False,False,False,False,,
Oblivion.esm,INFO,00012D0F,,NAM1,0,,,You mean that stupid doll? I think he's been blessed a little too well by Lord Sheogorath. He's on the list. Not first though. Definitely not first.,그 멍청한 인형 말야? 그자는 쉐오고라스 폐하의 가호를 너무 받았는지 좀 돌은 것 같아. 첫번째로 올리기는 좀 그렇지만 그자도 명부에 올려야지. ,record,False,False,False,False,,
Oblivion.esm,INFO,00012D10,,NAM1,0,,,"0, 9. Ah, the doll. Poor Desideratus. 1, 5. Fanatics killed his whole family. 9, 6.  That doll is all he has left of them. 5, 5, 9, 4.","0, 9. 아, 인형이요. 불쌍한 디시드라투스(Desideratus). 1,5. 파나틱인(Fanatics)들이 가족 모두를 죽여버렸죠. 그 인형이 그 사람에게 남은 전부에요. 5, 5, 9, 4.",record,True,True,False,False,HIGH,"Desideratus, Fanatics"
Oblivion.esm,INFO,000948B0,,NAM1,0,,,"My Beloved! I'll carry her away to safety. Should the fanatics get her, I...I...I would have to kill them all.","내 사랑! 어딘가 안전한 곳으로 옮겨야해요. 파나틱(Fanatic) 놈들, 그녀한테 손가락 하나라도 댓다간, 내... 내... 내가 전부 다 죽여버리겠다!",record,True,True,False,False,HIGH,Fanatic
Oblivion.esm,INFO,00012D1F,,NAM1,0,,,She is the love of my life. I would do anything to save her.,내 평생토록 그녀를 사랑할 거예요. 그녀를 구할수만 있다면 무슨 짓이든지 하겠습니다.,record,False,False,False,False,,
Oblivion.esm,INFO,000135D0,,NAM1,0,,,"Desideratus is a little too attached to that doll, if you know what I mean. They don't like to dance. It gives me the creeps. ","이라고 말하면 좋은가, Desideratus는 조금(뿐)만 그 인형너무 에 사로 잡히고 있다. 그는 춤추는 것을 좋아하지 않는다. 나는 족으로 하는 느낌이 들어.",record,False,True,False,False,MEDIUM,Desideratus
Oblivion.esm,INFO,0008EFD1,,NAM1,0,,,Desideratus is a gentle fool. I never should have allowed him to take up the sword. My curse will not allow me to help you with his need.,디시드라투스는 바보같지만 착한사람이오. 내 그에게 절대 검을 들지 못하게 했건만. 당신을 돕고 싶지만 저주 때문에 그러질 못하겠구려.,record,False,False,False,False,,
Oblivion.esm,DIAL,00012CFF,SE32WhatCanIDo,FULL,0,,,What can I do?,내가 뭘 할 수 있어?,record,False,False,True,False,TOPIC_CHECK,
Oblivion.esm,INFO,00012D05,,NAM1,0,,,You must help us break the cycle of torment. Help my people overcome their weakness and defend Vitharn from the Fanatics.,이 고통의 굴레를 깨도록 우릴 도와주시오. 내 백성들이 자신의 나약함을 뛰어넘어 파나틱(Fanatic)인들의 공세를 막아낼 수 있도록 해 주시오.,record,True,True,False,False,HIGH,Fanatic
Oblivion.esm,INFO,00012D05,,NAM1,1,,,Walk among them. There were four who failed to protect the gate lever. Find out what they did wrong and help them correct it.,백성들과 함께 하시오. 성문 레버를 지키는데 실패한 4인이 있소. 그들이 한 잘못을 찾아내어 그들 스스로가 고칠 수 있도록 도와주시오.,record,False,False,False,False,,
Oblivion.esm,INFO,00012D05,,NAM1,2,,,"You can put away your sword in these halls. Unlike the defending spirits, within these walls, none will war with you. Not even the Fanatics.",당신은 이곳에서 검을 뽑을 필요가 없소. 이 방벽 안에서는 아무도 당신과 싸우려 들지 않을 거요. 파나틱(Fanatic)인들 조차 말이오. ,record,True,True,False,False,HIGH,Fanatic
Oblivion.esm,DIAL,00012D00,SE32Challenge,FULL,0,,,I came to cleanse this place.,이곳을 정화하기 위해 왔습니다.,record,False,False,True,False,TOPIC_CHECK,
Oblivion.esm,INFO,00012D06,,NAM1,0,,,Arrogant fool! I curse you to remain trapped here with the shades of my people.,어리석은 자여! 내 백성들의 원혼과 함께 여기 영원히 갇히도록 저주하노라!,record,False,False,False,False,,
Oblivion.esm,INFO,00012D06,,NAM1,1,,,"As we are doomed to eternally relive the last moments of our failed attempts to save our keep, so shall you eternally watch us.","성을 지키려다 실패했던 그 때, 영원히 반복되는 마지막 순간 속에 갇혀 영원토록 우리를 지켜보거라.",record,False,False,False,False,,
Oblivion.esm,DIAL,00012D01,SE32OfferHelp,FULL,0,,,I meant no offense.,악의는 없었습니다.,record,False,False,True,False,TOPIC_CHECK,
Oblivion.esm,INFO,00012D04,,NAM1,0,,,Wisely answered. My people and I are in need. Maybe you can help us.,현명한 대답이오. 내 백성들과 나에게는 도움이 필요하오. 당신이 우릴 도울 수 있을 거요.,record,False,False,False,False,,
Oblivion.esm,INFO,00012D04,,NAM1,1,,,"Centuries ago, Vitharn was overrun by Fanatics. We were soft and failed to defend ourselves. I was the weakest of all.","수세기 전, 파나틱(fanatic)인들이 이곳 바이탄(Vitharn)을 침략했소. 우리는 약했고, 스스로를 지키는데 실패했소. 내가 가장 약한 자였지.",record,True,True,False,False,HIGH,"fanatic, Vitharn"
Oblivion.esm,INFO,00012D04,,NAM1,2,,,"Now, the shades of my people are cursed by Sheogorath to repeat the final moments of their failures, over and over again.",쉐오고라스(Sheogorath) 폐하께서는 내 백성들의 영혼에 저주를 내리셔서 실패했던 마지막 순간을 끝도 없이 반복하도록 만드셨소.,record,True,True,False,False,HIGH,Sheogorath
Oblivion.esm,DIAL,0001319F,SE06HelpDefendA4,FULL,0,,,I don't want to get involved.,이 일에 끼고 싶지 않아요.,record,False,False,True,False,TOPIC_CHECK,
Oblivion.esm,INFO,000131B9,,NAM1,0,,,As you wish. But I advise you to join the winning side if you really want the Flame relit. The Aureals will never drive us from Cylarne.,뜻대로 하십시오. 하지만 불꽃을 다시 밝히고 싶으시다면 이기는 쪽으로 합류하시라고 조언해 드리겠습니다. 오리얼(Aureal)은 결코 저희들을 사이란(Cylarne)에서 쫒아내지 못 할 것입니다. ,record,True,True,False,False,HIGH,"Aureal, Cylarne"
Oblivion.esm,DIAL,000131A1,SE06HelpDefendA2,FULL,0,,,I'll lead the Saints into an ambush.,성자들을 매복으로 유인할게요.,record,False,False,True,False,TOPIC_CHECK,
Oblivion.esm,INFO,000131B8,,NAM1,0,,,I never suspected that Kaneh had the audacity to try such a risky assault.,카나(Kaneh)가 그런 위험한 공격을 시도할만큼 대담할 줄은 미처 몰랐습니다.,record,True,True,False,False,HIGH,Kaneh
Oblivion.esm,INFO,000131B8,,NAM1,1,,,But we'll teach her to try to take the Mazken by surprise! We'll cut them to pieces in those corridors! I'll redeploy my forces at once.,이제 카나(Kaneh)에게 마즈켄(Mazken)을 기습한다는 것이 얼마나 무모한 짓인지 가르쳐줄 때입니다! 놈들은 그 곳에서 갈갈히 찢길 것입니다! 저는 즉시 병사들을 재배치 하겠습니다. ,record,True,True,False,False,HIGH,"Kaneh, Mazken"
Oblivion.esm,INFO,000131B8,,NAM1,2,,,"You return to Kaneh and lead her into the trap. Once they are destroyed, I will kindle the Altars. Good hunting, friend.",사자께서는 카나(Kaneh)에게 돌아가셔서 그들을 함정으로 이끄십시오. 놈들이 패배했을때 전 제단을 밝히겠습니다. 즐거운 사냥이 되길.,record,True,True,False,False,HIGH,Kaneh
Oblivion.esm,DIAL,000131A2,SE06HelpDefendA1,FULL,0,,,I'll help you defend the Altar.,제단을 지키는 것을 도와드리겠습니다.,record,False,False,True,False,TOPIC_CHECK,
Oblivion.esm,INFO,000131B7,,NAM1,0,,,This will be a glorious day! Cylarne will finally be free of the Aureals. Follow me. We're expecting the attack at any moment.,오늘은 영광스러운 날이 될 것입니다! 드디어 사이란(Cylarne)이 오리얼(Aureal)에게서 해방되겠군요. 절 따라오십시오. 언제 공격해 오던지 간에 저희는 모두 예상하고 있습니다.,record,True,True,False,False,HIGH,"Cylarne, Aureal"
Oblivion.esm,DIAL,000131A3,SE06HelpDefend,FULL,0,,,Battle plans,전투 계획,record,False,False,True,False,TOPIC_CHECK,
Oblivion.esm,INFO,00018F8B,,NAM1,0,,,"I have ordered my troops to deploy into the Underdeep. Your job is to lead the Aureals into our trap. Don't worry, we'll be ready for them.","Underdeep로 배치에 붙도록(듯이) 부하에게 명해 두었다. 당신의 일은, Aureal들을 함정까지 꾀어내는 것이다. 괜찮아, 확실히 준비해 둔다.",record,False,True,False,False,MEDIUM,"Underdeep, Aureal"
Oblivion.esm,INFO,000131B5,,NAM1,0,,,We are expecting the Aureals to attack any moment. They'll come down the main passage from the Altar of Rapture. They always do.,오리얼(Aureal)은 환희 제단에서 중앙통로를 통해 어느 때라도 공격해 들어올 것입니다. 언제나 그래 왔지요.,record,True,True,False,False,HIGH,Aureal
Oblivion.esm,INFO,000131B5,,NAM1,1,,,"They are overconfident, as usual. We have prepared many traps and ambushes. It will be a glorious slaughter.",언제나 그랬듯이 놈들은 자만하고 있습니다. 저희는 많은 함정을 준비해 놓았고 병사를 매복시켰습니다. 이 전투는 영광스러운 살육이 될 것입니다.,record,False,False,False,False,,
Oblivion.esm,INFO,000131B5,,NAM1,2,,,"Once the Aureals are destroyed, I will light the Flame of Agnon for you. Will you help us defend the Altar of Despair?","오리얼(Aureal)을 파멸시킨다면, 전 당신을 위해 애그넌(Agnon)의 불꽃을 피울 것입니다. 함께 절망의 제단을 방어해 주시겠습니까?",record,True,True,False,False,HIGH,"Aureal, Agnon"
Oblivion.esm,INFO,000131B6,,NAM1,0,,,Are you ready to help us defend the Altar of Despair from the Aureals' attack?,함께 오리얼(Aureal)의 공격으로 부터 절망의 제단을 지켜내시겠습니까?,record,True,True,False,False,HIGH,Aureal
Oblivion.esm,DIAL,000131A4,SE06UlfriGreetA2,FULL,0,,,I need to light the Flame of Agnon.,아그논의 불꽃을 피워야 합니다.,record,False,False,True,False,TOPIC_CHECK,
Oblivion.esm,INFO,000131B3,,NAM1,0,,,Then you have arrived just in time to help us defend the Altar of Despair.,그렇다면 제 시간에 오신 것입니다. 절망의 제단을 방어하는데 힘을 빌려주십시오.,record,False,False,False,False,,
Oblivion.esm,INFO,000131B3,,NAM1,1,,,"Once the strength of the Aureals is shattered, I will be honored to light the Flame as my Lord Sheogorath commands.",오리얼(Aureal)의 공격을 깨버리면 쉐오고라스(Sheogorath) 폐하의 명에 따라 기꺼이 불꽃을 밝힐 것입니다. 영광스러운 일이지요.,record,True,True,False,False,HIGH,"Aureal, Sheogorath"
Oblivion.esm,DIAL,000131A5,SE06UlfriGreetA1,FULL,0,,,Your prey?,당신의 먹이?,record,False,False,True,False,TOPIC_CHECK,
Oblivion.esm,INFO,000131B2,,NAM1,0,,,We are preparing to wipe out the arrogant Aureals once and for all.,우리는 오만한 오리얼(Aureal)을 단숨에 쓸어버릴 준비를 하고 있습니다.,record,True,True,False,False,HIGH,Aureal
Oblivion.esm,INFO,000131B2,,NAM1,1,,,"Once they break themselves on our defenses, Cylarne will be ours, a gift for our Lord Sheogorath.","놈들이 우리의 방어선으로 뛰어든다면 사이란(Cylarne)은 우리의 것이 될 것이고, 쉐오고라스(Sheogorath) 폐하께 바쳐질 것입니다.",record,True,True,False,False,HIGH,"Cylarne, Sheogorath"
Oblivion.esm,DIAL,000131A6,SE06GreetB1,FULL,0,,,I need to light the Flame of Agnon.,아그논의 불꽃을 피워야 합니다.,record,False,False,True,False,TOPIC_CHECK,
Oblivion.esm,INFO,0003E6B7,,NAM1,0,,,"The Flame is lit from the Shrine's two Altars. Once the Aureals are driven out of Cylarne, it will be our pleasure to light the Flame for Sheogorath.",불꽃은 성소의 두 제단에서 피웁니다. 오리얼(Aureal)이 사이란(Cylarne)에서 축출된다면 저희는 쉐오고라스(Sheogorath) 폐하를 위해 기꺼이 불꽃을 피울 것입니다.,record,True,True,False,False,HIGH,"Aureal, Cylarne, Sheogorath"
Oblivion.esm,INFO,0003E6B7,,NAM1,1,,,The Grakedrig Ulfri will explain everything. You should speak to her at once.,그라케드릭 울프리(Grakedrig Ulfri)께서 모든 것을 설명하실 것입니다. 즉시 만나보십시오.,record,True,True,False,False,HIGH,"Grakedrig, Ulfri"
Oblivion.esm,INFO,0003E6BB,,NAM1,0,,,"Alas, we cannot light the Flame until we take control of the Altar of Despair from the infernal Mazken.","아아, 저희는 악독한 마즈켄(Mazken)에게서 절망의 제단을 되찾지 않는 한, 불을 밝힐 수가 없습니다. ",record,True,True,False,False,HIGH,Mazken
Oblivion.esm,INFO,0003E6BB,,NAM1,1,,,The Aurmazl Kaneh would wish to speak to you at once. Proceed through this door to our main encampment at the Altar of Rapture.,아머즐 카나(Aurmazl Kaneh)께서 즉시 말씀을 나누고 싶어하십니다. 이 문을 통해 환희의 제단에 있는 저희의 진지로 들어가시면 됩니다.,record,True,True,False,False,HIGH,"Aurmazl, Kaneh"
Oblivion.esm,DIAL,000131A7,SE06KanehGreetA,FULL,0,,,Sheogorath sent me. I need your help.,셰오고라스가 보냈습니다. 당신의 도움이 필요합니다.,record,False,False,True,False,TOPIC_CHECK,
Oblivion.esm,INFO,000131AB,,NAM1,0,,,"My pardon, Emissary. I am at your service.","죄송합니다, 사자시여. 분부를 받들겠습니다.",record,False,False,False,False,,
Oblivion.esm,INFO,000131AB,,NAM1,1,,,We are preparing to sweep the Mazken scum from Cylarne. Perhaps Sheogorath sent you to help us?,저희는 사이란(Cylarne)에서 마즈켄(Mazken) 쓰레기들을 쓸어버릴 준비중이었습니다. 쉐오고라스(Sheogorath) 폐하께서 저희를 도우라고 보내신 겁니까?,record,True,True,False,False,HIGH,"Cylarne, Mazken, Sheogorath"
Oblivion.esm,DIAL,000131CB,SEChaliceofReversal,FULL,0,,,Chalice of Reversal,반전의 성배,record,False,False,True,False,TOPIC_CHECK,
Oblivion.esm,INFO,00091D2D,,NAM1,0,,,"Wonderful to have it back. Really, truly. I can't thank you enough. Oh, wait. I already did.","그것을 되찾아 주어 기뻐. 정말로, 사실이다. 너에게 충분히 감사할 수 없어. 아, 기다려. 벌써 자단이었구나.",record,False,False,False,False,,
Oblivion.esm,INFO,00082470,,NAM1,0,,,The Chalice is one of the Duke's prized possessions. He has been at a loss without it.,잔은 공작의 굉장한 소유물중 하나에요. 그게 없으면 당황해 할껄요.,record,False,False,False,False,,
Oblivion.esm,INFO,00043021,,NAM1,0,,,"The Chalice has altered the effects that Felldew has on you. You'll find that it now provides minor benefits, without any of the withdrawal.",잔은 당신이 먹은 펠듀(Felldew)의 효과를 바꿨습니다. 당신을 그걸 공급해주는 사람을 아무런 중독현상 없이 찾을 수 있을거에요.,record,True,True,False,False,HIGH,Felldew
Oblivion.esm,INFO,00043022,,NAM1,0,,,Do you really require help in finding it at this point? I suspect you can manage on your own from here.,정말 여기서 찾는걸 원하나요? 혼자서도 그럭저럭 할 수 있을텐데요.,record,False,False,False,False,,
Oblivion.esm,INFO,0001E3FE,,NAM1,0,,,Thadon's problem. Not mine.,"테이든(Thadon)의 문제지, 내 문제는 아니죠.",record,True,True,False,False,HIGH,Thadon
Oblivion.esm,INFO,0001E401,,NAM1,0,,,"Not my place to talk about it. You need to know, you talk to Wide-Eye.",여기서는 이야기하고 싶지 않군요. 정 알아야 겠다면 와이드-아이(Wide-Eye)와 이야기해 봐요.,record,True,True,False,False,HIGH,Wide-Eye
Oblivion.esm,INFO,0001344B,,NAM1,0,,,"I've told you what I will. The Chalice is a corruption. Felldew is a poison, not an amusement. You're better off leaving the Chalice where it is.","말하고 싶은걸 말해주죠. 잔은 저주에요. 펠듀(Felldew)는 독이지, 유흥거리가 아니에요. 잔에 관한 일에서 손을 떼는게 좋을거에요.",record,True,True,False,False,HIGH,Felldew
Oblivion.esm,INFO,00018B7B,,NAM1,0,,,"You think I care for Thadon's toys? It matters not to me whether he suffers in agony, or erases his mind with drugs.","내가 테이던의 장난감에 관심있다고? 그가 금단현상으로 고통받든, 머리속에서 마약을 지우든 내 알바가 아닙니다.",record,False,False,False,False,,
Oblivion.esm,INFO,00018B7B,,NAM1,1,,,But if you insist... Do you know the lengths of his depravity? How low he stoops to pursue his pathetic lifestyle?,하지만 계속 고집부린다면... 음...그가 얼마나 타락했는지 알아요? 가치없는 삶을 추구하는게 얼마나 천박한지 아시냐고요.,record,False,False,False,False,,
Oblivion.esm,INFO,00018B7B,,NAM1,2,,,Felldew is a poison. It kills. And yet Thadon uses the Chalice he created to twist Felldew into a drug he takes for his own amusement. How sick.,펠듀는 독이죠. 사람을 망쳐놓는답니다. 그리고 벌써 테이던이 유흥거리로 그 성배로 펠듀를 마약으로 만드는데 사용하기 시작했어요. 멍청하긴!,record,False,False,False,False,,
Oblivion.esm,INFO,00018B7B,,NAM1,3,,,"If he were smart, he'd thank Sheogorath it's out of his hands now. And, of course, he'd never risk himself traveling through Dunroot Burrow to get it","그가 생각이 있다면, 쉐오고라스(Sheogorath)가 그에게 관심을 끊었다는걸 고맙게 여겨야 할거에요. 물론, 던루트 동굴로 직접 들어가는 위험을 감수하지는 않지요.",record,True,True,False,False,HIGH,Sheogorath
Oblivion.esm,INFO,0001344C,,NAM1,0,,,You want information from me? After what you put me through?,나에게 정보를 얻고싶나요? 당신이 나에게 뭘 줬는지 알고도?,record,False,False,False,False,,
Oblivion.esm,INFO,00019539,,NAM1,0,,,Why would you come to me with Thadon's problems? You think I don't know what you've been tasked with? Why would I help my enemy?,왜 테이든(Thadon)의 문제로 나한테 오셨나요? 당신이 어떤 청부를 받았는지 내가 모를것 같나요? 왜 적을 도와야 하죠?,record,True,True,False,False,HIGH,Thadon
Oblivion.esm,INFO,0001344D,,NAM1,0,,,You have the stink of Mania about you. Leave before I start vomiting.,당신한테서 매니아(Mania)의 악취가 나는군요. 당신 얼굴에 토해버리기 전에 빨리 사라져요.,record,True,True,False,False,HIGH,Mania
Oblivion.esm,INFO,00013384,,NAM1,0,,,The Chalice is in Dunroot Burrow. Haven't you been listening?,잔은 던루트(Dunroot) 동굴에 있다고 했었잖아요. 듣고 있는 건가요?,record,True,True,False,False,HIGH,Dunroot
Oblivion.esm,INFO,00013385,,NAM1,0,,,"I don't ask too many questions of Thadon. It's precious to him, and that's all that matters. It's his own business.",테이든(Thadon)에 대해 너무 많은 걸 묻지는 않을게요. 잔은 그 사람의 보물이고 전부이지요. 이 일은 그 사람 자신의 문제예요.,record,True,True,False,False,HIGH,Thadon
Oblivion.esm,INFO,00013385,,NAM1,1,,,"But, didn't he mention where it is?","그런데, 잔이 어디있는지는 이야기해 주지 않았었나 보지요?",record,False,False,False,False,,
Oblivion.esm,INFO,00013385,,NAM1,2,,,"Oh... I see. How brilliant of him. This is for you as much as it is for him. Oh, very good Thadon!","아... 알겠다. 정말 기막힌 사람이네요. 자신을 위하는 만큼이나 당신을 위해주는군요. 아주 훌륭해요, 테이든!",record,False,False,False,False,,
Oblivion.esm,INFO,00013385,,NAM1,3,,,"Dunroot Burrow is your goal, my friend. And what a goal it is.","던루트(Dunroot) 동굴로 가보세요, 그곳이 당신의 목적지예요.",record,True,True,False,False,HIGH,Dunroot
Oblivion.esm,INFO,00013388,,NAM1,0,,,You don't understand. This isn't just about the Chalice. This is about you. We must discuss Dunroot Burrow.,이해를 못하는군요. 이 일은 잔에 관한 문제가 아니라 당신에 대한 문제이지요. 던루트(Dunroot) 동굴에 대해 이야기해 드릴게요.,record,True,True,False,False,HIGH,Dunroot
Oblivion.esm,INFO,00018B7D,,NAM1,0,,,I feel as though we've talked about this. Am I mistaken?,이 얘기를 이미 한것으로 아는데요. 아닌가요?,record,False,False,False,False,,
Oblivion.esm,INFO,00018B7D,,NAM1,1,,,"Perhaps you're mistaken, and we have spoken of it. I simply can't recall. I could think so much more clearly if I had the Chalice.","만약 내가 얘기 했었다면, 반복해서 말을 못해주겠군요. 잔이 있어야 명백하게 생각을 해보겠어요.",record,False,False,False,False,,
Oblivion.esm,INFO,000131D9,,NAM1,0,,,"Oh, so you've heard of it?","오, 그래서 들었나요?",record,False,False,False,False,,
Oblivion.esm,DIAL,000131CC,SEThadonTopic,FULL,0,,,Thadon,테이던,record,False,False,True,False,TOPIC_CHECK,
Oblivion.esm,INFO,0008F178,,NAM1,0,,,"Our own Duke, aligned with the forces of Order? An infuriating thought!",우리가 섬겼던 귀족이 Order의 군사(Army of Order)들에게 합세하다니.. 이 얼마나 분통터지는 일인가!,record,True,True,False,False,HIGH,"Order, Army, of, Order"
Oblivion.esm,INFO,0008F178,,NAM1,1,,,He will suffer greatly at the hands of Lord Sheogorath.,그는 분명 쉐오고라스(Sheogorath) 폐하의 손에 크나큰 고통을 받을 것입니다.,record,True,True,False,False,HIGH,Sheogorath
Oblivion.esm,INFO,0004301C,,NAM1,0,,,"Thadon has told you what he wants. Consider speaking with the others in his court, particularly his steward.","테이든(Thadon)은 당신에게 하고싶은 말을 끝냈어요. 그의 안뜰, 특히 집사와 얘기해 보세요.",record,True,True,False,False,HIGH,Thadon
Oblivion.esm,INFO,00044F55,,NAM1,0,,,"The long-reigning Duke of Mania. A Master of Merriment, if you will. Or if you won't; I suspect it wouldn't matter to him.","당신이 묻든, 묻지 않든, 매니아(Mania)의 늙은 공작은 환락의 지배자입니다.",record,True,True,False,False,HIGH,Mania
Oblivion.esm,INFO,0004301F,,NAM1,0,,,"He is aware you are here, and should be waiting for you. See him at once.","그가 당신이 여기 있는걸 알아차렸으니, 당신을 기다릴 거에요. 그를 한번만 보세요.",record,False,False,False,False,,
Oblivion.esm,INFO,00018B7C,,NAM1,0,,,"Is Thadon not waiting for you to return the Chalice? Go to him, then! Do not anger him, for then you risk angering me as well.",테이든(Thadon)이 당신보고 잔을 되찾아 오라고 하지 않던가요? 그에게 가봐요. 그리고! 날 화나게 하고 싶지 않다면 그를 화나게 하지 마세요.,record,True,True,False,False,HIGH,Thadon
Oblivion.esm,INFO,00013389,,NAM1,0,,,"If you are working to help Thadon, I'll tell you whatever I can.","테이든(Thadon)의 부탁을 들어주는 중 이라면, 말할 수 있는건 뭐든 말하겠어요.",record,True,True,False,False,HIGH,Thadon
Oblivion.esm,INFO,0001338A,,NAM1,0,,,"Oh, you're helping him? Why didn't you say so?","오, 그를 도와주나요? 왜 진작 나한테 그렇게 말을 안했죠?",record,False,False,False,False,,
Oblivion.esm,INFO,0001338A,,NAM1,1,,,I'd do anything for him. Anything at all. Eat my own young if he asked me to...,"난 그를 위해서라면 뭐든지 할거에요. 뭐든지. 그가 말하면, 내 자식도 잡아먹을수 있어요...",record,False,False,False,False,,
Oblivion.esm,INFO,0001338A,,NAM1,2,,,"And then he... He goes and does... If I find out who she is, I'll tear her limb from limb!","그리고 그는... 그는 가서 할거야... 그녀가 누군지 알아 낼 수만 있다면, 그년의 사지를 찢어버리겠어!",record,False,False,False,False,,
Oblivion.esm,INFO,0001338A,,NAM1,3,,,"But... You don't need to hear that. You need to know. You need to know what he's asked of you. The Chalice, yes?","하지만... 당신은 일단 들어봐야 겠군요... 알아야 겠어요. 그가 부탁한 것, 성배 . 맞죠?",record,False,False,False,False,,
Oblivion.esm,INFO,000131D6,,NAM1,0,,,"I heard that you were coming, looking for Thadon. Yes, yes. Heard it all. Bored to tears by it.","당신이 테이든(Thadon)을 만나러 온다는 소문을 들었어요. 네, 전부 다 들었지요. 듣는데 지루함이 싹 가시더군요.",record,True,True,False,False,HIGH,Thadon
Oblivion.esm,INFO,000131D6,,NAM1,1,,,"He's waiting for you. Unless he isn't. He wasn't, but then he was. Maybe he still is.",그는 당신을 기다리고 있어요. 지금은 기다리지 않을지도 모르지만 전에는 기다렸죠. 아마 지금도 기다리고 있을지 몰라요.,record,False,False,False,False,,
Oblivion.esm,DIAL,000131CD,SESylTopic,FULL,0,,,Syl,실,record,False,False,True,False,TOPIC_CHECK,
Oblivion.esm,INFO,0008F176,,NAM1,0,,,What reason could she have to turn on Lord Sheogorath Himself? She must know that He will find and punish her.,무슨 이유로 쉐오고라스(Sheogorath) 폐하를 배신했을까요? 폐하께서는 그녀를 잡아서 댓가를 치르게 하실 겁니다.,record,True,True,False,False,HIGH,Sheogorath
Oblivion.esm,INFO,0008F176,,NAM1,1,,,"We will catch her, and will turn her over ourselves. Her treachery cannot be allowed to stand.",그녀를 사로잡아야 합니다. 그녀의 배신은 용납될 수 없습니다.,record,False,False,False,False,,
Oblivion.esm,INFO,0008F177,,NAM1,0,,,"Our own Duchess, aligned with the forces of Order? An infuriating thought!",우리가 섬겼던 귀족이 Order의 군대(Army of Order)에게 합세하다니.. 이 얼마나 분통터지는 일인가!,record,True,True,False,False,HIGH,"Order, Army, of, Order"
Oblivion.esm,INFO,0008F177,,NAM1,1,,,She will suffer greatly at the hands of Lord Sheogorath.,그녀는 분명 쉐오고라스(Sheogorath) 폐하의 손에 크나큰 고통을 받을 것입니다.,record,True,True,False,False,HIGH,Sheogorath
Oblivion.esm,INFO,00044F56,,NAM1,0,,,"The Duchess of Dementia. Ever wary, ever worried. A prisoner in her own House, in a way. And a delightful conversationalist, really.","디멘티아(Dementia)의 공작부인. 언제나 조심하고, 언제나 걱정하지요. 그녀 자택의 포로는 꽤나 쾌활한 수다쟁이랍니다.",record,True,True,False,False,HIGH,Dementia
Oblivion.esm,INFO,00044F56,,NAM1,1,,,A bit harder to meet than Thadon. Consider making an appointment.,테이든(Thadon)보다 좀 더 만나기 힘들죠. 약속을 잡으셔야 할겁니다.,record,True,True,False,False,HIGH,Thadon
Oblivion.esm,DIAL,000131CE,SEDunrootBurrowTopic,FULL,0,,,Dunroot Burrow,던루트 암굴,record,False,False,True,False,TOPIC_CHECK,
Oblivion.esm,INFO,0004301E,,NAM1,0,,,I believe you've already been instructed as to how to proceed. You'll need to ingest Felldew to enter the Burrow.,당신이 이미 통과하는 법을 배웠을 거라 믿어요. 굴에 들어가기 위해선 펠듀(Felldew)를 섭취해야 하죠.,record,True,True,False,False,HIGH,Felldew
Oblivion.esm,INFO,0004301E,,NAM1,1,,,"You've already been warned that this will weaken you, so do take the necessary precautions.",난 이미 그게 당신을 약하게 만들거라 경고했어요. 그러니 사전에 예방을 하세요.,record,False,False,False,False,,
Oblivion.esm,INFO,00013387,,NAM1,0,,,"Go there. Take the Felldew from the Elytra, eat it, and your journey begins. You will be thankful to Thadon when this has passed.",그곳으로 가세요. 엘리트라(Elytra)에게서 펠듀(Felldew)를 찾아내어 그걸 드세요. 그러면 당신의 여정이 시작되요. 아마 그 고난을 넘어서면 테이든(Thadon)에게 감사하게 될거예요.,record,True,True,False,False,HIGH,"Elytra, Felldew, Thadon"
Oblivion.esm,INFO,0001338B,,NAM1,0,,,"Yes, yes. A most unique place. Of course, the Chalice would be there! Don't you see? It's the Elytra. They're the reason.","네, 아주 독특한 곳이지요. 물론, 잔은 거기에 있어요! 모르겠나요? 엘리트라 (Elytra). 그 곤충들이 핵심이죠.",record,True,True,False,False,HIGH,Elytra
Oblivion.esm,INFO,0001338B,,NAM1,1,,,"The Chalice, Felldew, Elytra... it's all connected. One without the others is no good, poison. Oh, a rough road awaits you.","잔, 펠듀(Felldew), 엘리트라(Elytra)..... 모두 연관되어 있어요. 하나만 빠져도 아무 의미가 없지요. 오, 앞길이 험난하겠군요.",record,True,True,False,False,HIGH,"Felldew, Elytra"
Oblivion.esm,INFO,0001338B,,NAM1,2,,,"Some Elytra there are... different. You'll need to get Felldew from them, and eat it. Can't get in without it. But once you do...",좀 특별한 엘리트라(Elytra)가 있어요. 그것들에게서 펠듀(felldew)를 얻어내야 하지요. 펠듀(Felldew)를 먹지 않으면 동굴로 들어갈 수가 없어요. 하지만 당신이 한번....,record,True,True,False,False,HIGH,"Elytra, felldew, Felldew"
Oblivion.esm,INFO,0001338B,,NAM1,3,,,"He wants you to learn for yourself. Learn, grow, experience. It's his way. I shouldn't say more. But the Burrow, it's northeast of New Sheoth.","테이든(Thadon)은 당신 스스로 배우기를 바래요. 경험하고, 배우고, 또 성장하고. 그게 그 그사람 방식이지요. 더 이상은 말해 줄수가 없네요. 동굴이 뉴 쉐오스(New Sheoth) 북동쪽에 있다는 것만 알려드릴게요.",record,True,True,False,False,HIGH,"Thadon, New, Sheoth"
Oblivion.esm,DIAL,000131CF,SEThadonWaitingDontCare,FULL,0,,,You... don't care?,신경... 안 쓴다고요?,record,False,False,True,False,TOPIC_CHECK,
Oblivion.esm,INFO,000131D7,,NAM1,0,,,"Don't I? I thought I did. But then I also thought that you would be heavier. Look at you, you're light as a chair. How DO you walk around like that?",상관 안한다고? 상관할 거였는데. 그런데 자네 몸이 좀 더 뚱뚱할거라는 생각도 들더군. 자네 자신을 봐봐. 의자만큼이나 가벼워. 그래가지고 돌아다닐 수 있겠나?,record,False,False,False,False,,
Oblivion.esm,INFO,000131D7,,NAM1,1,,,"It's all the same to me, either way. All of it. Nothing is right without the Chalice. Have you ever used it? No, of course not. You simply must!",어느 쪽이든 나에게는 다 똑같아. 전부 다. 잔이 없으면 만사가 다 잘못된거고. 잔을 써본 적 있나? 당연이 없겠지. 당연해!,record,False,False,False,False,,
Oblivion.esm,INFO,000131D7,,NAM1,2,,,"You just have to try it. It'll change your world, expand your horizons. Contracting leads to expanding, you know. Well, most of the time.","잔을 한번 써 봐. 잔은 세상을 변하게 하고, 자네의 시야를 넓혀 줄거야. 알겠지만, 수축은 팽창을 위해서이지. 대부분 그래.",record,False,False,False,False,,
Oblivion.esm,DIAL,000131D0,SEThadonWaitingForever,FULL,0,,,You've been waiting forever.,영원히 기다리고 계셨군요.,record,False,False,True,False,TOPIC_CHECK,
Oblivion.esm,INFO,000131D8,,NAM1,0,,,"Yes, yes... That just might be true. Or I've not been waiting at all. Forever and nothing are almost the same thing, wouldn't you say?","그래, 그래.... 그 말이 정답일지도 몰라. 아니면 아예 기다리지 않았을 수도 있지. 영원이나 순간이나 거의 같은 것이야. 안 그런가?",record,False,False,False,False,,
Oblivion.esm,INFO,000131D8,,NAM1,1,,,"How do you tell one from another if you're smack in the middle? Don't answer that, I already know the answer of course. It came to me during a meal.",자네가 가운데에 끼었다면 어떻게 옳다 그르다를 말할텐가? 대답하지 마. 물론 답은 이미 알고 있어. 식사하는 동안 깨달았거든.,record,False,False,False,False,,
Oblivion.esm,INFO,000131D8,,NAM1,2,,,"Not a very good meal, though. Too much pie. Pie is a tricky thing, wouldn't you say? Don't answer that either.",그다지 맛있는 식사는 아니었지만. 파이가 너무 많았어. 파이는 만들기 까다로운 음식이지. 안 그런가? 그것도 대답하지 말게나.,record,False,False,False,False,,
Oblivion.esm,INFO,000131D8,,NAM1,3,,,"Now that forever is over and you're here, you need to go away. Yes, away. There are places you should be, far away from here.","자, 영원의 시간은 끝이나고 자네는 여기 왔어. 자네는 멀리 가야해. 그래, 멀리. 여기서 멀리 떨어진 곳에 자네가 가봐야 할 곳이 많아.",record,False,False,False,False,,
Oblivion.esm,INFO,000131D8,,NAM1,4,,,"The Chalice of Reversal is waiting for you. When I say you, I mean me, but it's no difference to the Chalice. One ends up being the other.","역행의 잔(The Chalice of Reversal)은 자넬 기다리고 있다네. 내가 자네에게 말하고, 알겠지만 나는, 잔에 아무런 변화를 줄 수 없어. 하나가 끝나면 다른것이 시작되거든.",record,True,True,False,False,HIGH,"The, Chalice, of, Reversal"
Oblivion.esm,DIAL,000131D1,SEThadonWaitingShort,FULL,0,,,You haven't waited long at all.,전혀 오래 기다리시지 않았군요.,record,False,False,True,False,TOPIC_CHECK,
Oblivion.esm,INFO,000131DB,,NAM1,0,,,"Haven't I? Hmm, perhaps not. It felt like rather a long time, but then long times get longer when you're standing around thinking about them.","내가 오래 기다리지를 않았다? 흠, 그럴지도 몰라. 짧은 시간이 오랜시간처럼 느껴졌을 수도 있으니. 하지만 자네가 그런 생각하며 우두커니 서 있는다면 긴 시간은 더욱 길어지지.",record,False,False,False,False,,
Oblivion.esm,INFO,000131DB,,NAM1,1,,,"A curious thing, that. Long roads get longer too, if you're thinking about them, but what about long words? They don't change nearly as much.",흥미로워.  자네가 먼 길에 대해 생각만 하고 있다면 그 길은 더욱 멀어질 뿐이야. 하지만 긴 단어는 어떨까? 단어는 거의 변하지를 않아.,record,False,False,False,False,,
Oblivion.esm,INFO,000131DB,,NAM1,2,,,"Long, short -- it all ends up the same. Dust and tears. Usually tears first, then the dust. Dust can't cry, you see. That would be... well, amusing.","길고, 짧다 -- 결국 똑같아. 먼지와 눈물. 보통은 눈물이 먼저고 그 다음이 먼지지. 알다시피, 먼지가 울 수는 없잖나. 그건 아마....그래, 재미있군",record,False,False,False,False,,
Oblivion.esm,INFO,000131DB,,NAM1,3,,,"You know what's NOT amusing? I don't have my Chalice of Reversal. It makes me sad. When I get sad, I don't care to do much of anything.",재미없는 일은 뭔지 아나?  내게서 역행의 잔(Chalice of Reversal)이 사라졌다는 거야. 아주 슬픈 일이지. 난 슬프면 뭐가 어떻게 되든 신경안써.,record,True,True,False,False,HIGH,"Chalice, of, Reversal"
Oblivion.esm,INFO,000131DB,,NAM1,4,,,I certainly don't care to help people who show up on my doorstep wanting something. Are we getting the picture here?,문 앞에 서서 뭔가 달라는 사람을 돕는 그런 일? 신경 안써. 내가 무슨 말 하는지 감이 잡히나?,record,False,False,False,False,,
Oblivion.esm,DIAL,000131D2,SEThadonWaitingLong,FULL,0,,,You've been waiting a long time.,오랫동안 기다리고 계셨군요.,record,False,False,True,False,TOPIC_CHECK,
Oblivion.esm,INFO,000131DA,,NAM1,0,,,"Oh, I wouldn't say that. How long is an eon, when you're ten thousand feet tall? Or if you're purple? It's all relative, you see.","오, 나같으면 그렇게 대답 안할텐데. 자네 키가 1000피트라면, 영겁은 얼마나 긴 시간일까? 아니면 자네 피부가 보라색이라면? 알다시피 전부 관계가 있어.",record,False,False,False,False,,
Oblivion.esm,INFO,000131DA,,NAM1,1,,,"You wouldn't really know how long it's been, since you weren't here. If you'd been here, it would've been no time at all, so who's to say?","자네는 여기 없었기 때문에 내가 얼마나 기다렸는지 몰라. 자네가 여기 있었다면 기다린 시간 자체가 존재하지 않지. 자, 어떤가?",record,False,False,False,False,,
Oblivion.esm,INFO,000131DA,,NAM1,2,,,"Don't answer that. I know the answer. I knew far more answers once, but they seem to have dried up. Or perhaps they drowned. I don't know anymore.","대답하지 말게. 난 이미 답을 알아. 한때 그보다 더한 답도 알았지만, 지금은 머리속에서 전부 말라버린 것 같군. 아님 녹아버렸던지. 이제 아무것도 모르겠어.",record,False,False,False,False,,
Oblivion.esm,INFO,000131DA,,NAM1,3,,,"You see? You see what I have to deal with? I can't recall if I'm coming or you're going without the Chalice of Reversal. Oh, now you've upset me.",알겠나? 내게 무슨 일이 벌어졌는지 알겠어?  역행의 잔(Chalice of Reversal)없이 내가 가든 자네가 오든 난 아무런 기억도 되살릴 수가 없어.이제 자네 때문에 화가 나는군.,record,True,True,False,False,HIGH,"Chalice, of, Reversal"
Oblivion.esm,DIAL,00013306,SE04Who,FULL,0,,,Who?,누구요?,record,False,False,True,False,TOPIC_CHECK,
Oblivion.esm,INFO,0001330B,,NAM1,0,,,"We hold on to fleeting things even as we slip. I knew, and yet I indulged myself anyway. I indulged her a fair bit, too. Hee hee!","우린 미끄러질 때 지푸라기라도 잡으려고 하지. 난 알고 있고, 어떻게든 난 만족했단 말이야. 그 여자도 만족시켜 줬다고. 히히히!",record,False,False,False,False,,
Oblivion.esm,INFO,0001330B,,NAM1,1,,,"It was passion, it was... forbidden. Oh, the things that would be said if word got out. That made it all the more delicious.","그건 열정이었지. 그리고... 금지된 것이었어. 아, 말이 없어져도 오르내릴 것들이란 참. 그런게 모든 걸 더 맛깔나게 만들어 주니까.",record,False,False,False,False,,
Oblivion.esm,INFO,0001330B,,NAM1,2,,,"From Dementia's own court, no less. Scandalous! Fatal, perhaps. But passion makes no accomodation for self-preservation.",디멘티아(Dementia)의 영주와 다를바 없어. 치욕스러운 운명같으니! 하지만 정열은 자기보호에 아무런 도움을 주지 않지.,record,True,True,False,False,HIGH,Dementia
Oblivion.esm,DIAL,00013307,SE04ChaliceNo,FULL,0,,,"No, I haven't.","아뇨, 없습니다.",record,False,False,True,False,TOPIC_CHECK,
Oblivion.esm,INFO,00013309,,NAM1,0,,,"You haven't heard of it, yet you know its name? What a strange creature you are.","이름은 알고 있는데, 들어본적도 없다? 자네 참 별종이구만.",record,False,False,False,False,,
Oblivion.esm,INFO,00013309,,NAM1,1,,,"One of my favorite toys. Does wonders for creativity. Well, not by itself, but it helps. Those Elytra, clever little bugs that they are.","내가 아주 좋아하는 장난감이지. 창조의 불가사의랄까. 잔 자체가 창조해내는 것이 아니라 창조하는 걸 도와준다네. 영리한 녀석들인 엘리트라(Elytra), 그게 바로 산물이지.",record,True,True,False,False,HIGH,Elytra
Oblivion.esm,INFO,00013309,,NAM1,2,,,"Is this making sense? Look, you eat the Felldew, then use the Chalice, and find the world a much brighter and happier place. Honest.","이게 말이 된다고 보나? 이봐, 자네가 잔으로 펠듀(Felldew)를 먹어보면, 세상이 훨씬 더 밝고 행복해지는 걸 경험할거야.",record,True,True,False,False,HIGH,Felldew
Oblivion.esm,INFO,00013309,,NAM1,3,,,"But I don't have it. So I can't eat Felldew, because that would just be bad. I mean, really bad. Damn her!",그런데 내게 잔이 없어. 그러니 펠듀(Felldew)를 먹을수가 있나. 이렇게 나쁜 일이... 정말 나빠. 망할 것!,record,True,True,False,False,HIGH,Felldew
Oblivion.esm,DIAL,00013308,SE04ChaliceYes,FULL,0,,,"Yes, I have.","네, 있습니다.",record,False,False,True,False,TOPIC_CHECK,
Oblivion.esm,INFO,0001330A,,NAM1,0,,,Then you know why I want it back! Can you imagine trying to eat Felldew without it? Disastrous! Curse that woman!,내가 원하는걸 가지고 와줬군! 잔 없이 펠듀(Felldew)를 먹는걸 상상할 수나 있나? 비참하군! 그년에게 저주를!,record,True,True,False,False,HIGH,Felldew
Oblivion.esm,DIAL,0001330E,SE32Arrows,FULL,0,,,Althel's Arrows,알텔의 화살,record,False,False,True,False,TOPIC_CHECK,
Oblivion.esm,INFO,00013344,,NAM1,0,,,"So what you're saying is you really, really need these arrows? Go ahead. Take them. What would I want them for?",그러니까 이 화살이 진짜 진짜 필요하다? 맘대로 하셔. 가져가. 나라고 그걸로 뭘 하겠어?,record,False,False,False,False,,
Oblivion.esm,INFO,00013345,,NAM1,0,,,I can't give you any arrows because then the armory would be empty. Then what would I do if someone needed some arrows?,이런 식으로 화살을 내 주다간 무기고가 텅 비게 될걸. 그러고 나서 누가 화살을 달라면 난 어쩌지?,record,False,False,False,False,,
Oblivion.esm,INFO,00013345,,NAM1,1,,,"I wouldn't have any, that's what. So these arrows are staying right here in case someone needs them.",화살이 남아 있어야 주던가 말던가 하지. 그러니까 나중을 위해 이 화살은 여기 남겨놔야 해.,record,False,False,False,False,,
Oblivion.esm,INFO,00013346,,NAM1,0,,,"It's that fool Bat gro-Orkul. He thinks his armory is more important than the town or our lives. He's first on the list. Oh, yes! First.","멍청한 뱃 그로-오쿨(Bat gro-Orkul)녀석. 놈은 마을이나 사람 목숨보다 무기고를 더 중요시하지. 그놈은 명부 젤 위에다 올려버려야해. 그래, 첫번째로!",record,True,True,False,False,HIGH,"Bat, gro-Orkul"
Oblivion.esm,INFO,00013347,,NAM1,0,,,"Bat loves his arrows. They aren't Althel's, they're his. Bat would be betrothed to his arrows if he could. By the way, have you seen my betrothed?",뱃(Bat)은 화살에 목숨 걸었어요. 아델(Athel)의 화살이 아니라 뱃(Bat)의 화살이죠. 아마 할 수 만 있다면 화살과 약혼했을 걸요. 그나저나 내 약혼녀 혹시 못봤나요?,record,True,True,False,False,HIGH,"Bat, Athel, Bat"
Oblivion.esm,INFO,00013546,,NAM1,0,,,"2, 7, 1. You have arrows! 8, 2, 8.  Now let the battle be joined! 1, 8, 2. Why aren't you counting? 8, 4, 5.","2, 7, 1. 화살을 가져왔군요! 8, 2, 8. 이제 전투에 참가할 수 있게 됐어요! 1, 8, 2. 당신은 왜 세지 않죠? 8, 4, 5",record,False,False,False,False,,
Oblivion.esm,INFO,00013544,,NAM1,0,,,"1, 2, 3. That idiot Bat gro-Orkul refused to equip some of us. 5, 8, 13.  He has arrows, but won't give me any of them. 21, 34, 55.","1, 2, 3. 그 멍청한 뱃 그로-오쿨(Bat gro-Orkul)이 우리에게 장비를 주지 않으려고 해요. 5, 8, 13. 화살은 그 자식한테 있는데 내게 주지 않으려고 하죠. 21, 34, 55",record,True,True,False,False,HIGH,"Bat, gro-Orkul"
Oblivion.esm,INFO,000135D1,,NAM1,0,,,Bat gro-Orkul is so stingy with the armory. He should dance today. He may cost us our town today. Then we'll see who dances!,"Bat gro-Orkul는 무기고에 있는 인색한 놈이야. 놈은 오늘소 뛰어 하고 있을 것이다. 놈은 오늘, 우리의 거리를 희생할지도 모르는데. 그 후 우리는 누가 기꺼이 춤출까를 볼 것이다!",record,False,True,False,False,MEDIUM,"Bat, gro-Orkul"
Oblivion.esm,INFO,0008EFD2,,NAM1,0,,,Athel was a brave scout. She brought us the first word of the Fanatics. My curse will not allow me to help you with her need.,아델(Athel)은 용감한 정찰병이었소. 파나틱(Fanatic)인들이 침공하는 것을 가장 먼저 알린 사람도 그녀였소. 하지만 저주 때문에 당신을 도울 수 없겠구려.,record,True,True,False,False,HIGH,"Athel, Fanatic"
Oblivion.esm,DIAL,00013382,SEFelldew,FULL,0,,,Felldew,펠듀,record,False,False,True,False,TOPIC_CHECK,
Oblivion.esm,INFO,00043020,,NAM1,0,,,Do keep in mind that some Elytra will not consider you a threat while you are feeling the effects of Felldew Euphoria.,몇 엘리트라(Elytra)가 펠듀의 도취감을 맛보는 동안에 당신을 고려해 주지 않을걸 기억해 두세요.,record,True,True,False,False,HIGH,Elytra
Oblivion.esm,INFO,00043020,,NAM1,1,,,"You need to strike a balance with how often you ingest Felldew, and how willing you are to live with the side-effects.","당신은 펠듀(Felldew)를 먹을때 균형있게 먹어야 하고, 부작용을 수용해야 합니다.",record,True,True,False,False,HIGH,Felldew
Oblivion.esm,INFO,000206F7,,NAM1,0,,,"Oh, it wouldn't do to speak of it. Thadon's plan for you, I mean. I like you, little one, but I would never interfere with what Thadon wants.","아, 말해주지 않은 모양이로군요. 당신을 위한 테이든(Thadon)의 안배랍니다. 난 당신이 마음에 들지만 테이든이 생각한 바를 방해하고 싶지는 않네요.",record,True,True,False,False,HIGH,Thadon
Oblivion.esm,INFO,000206F8,,NAM1,0,,,"Well, perhaps Thadon would want you to have a bit more guidance. He did say that you should talk to me, did he not?",테이든(Thadon)이 당신에게 좀 더 알려주길 바랄지도 모르겠군요. 테이든(Thadon)이 나와 이야기해 보라고 하지 않던가요?,record,True,True,False,False,HIGH,"Thadon, Thadon"
Oblivion.esm,INFO,000206F8,,NAM1,1,,,"Felldew is a poison, little one. A very dangerous drug. You'll feel good at first, but that wears off, and if you go long without it, you'll suffer.","펠듀(Felldew)는 독이랍니다. 아주 위험한 약이지요. 처음에는 기분이 좋지만, 그 효과는 점점 사라지게 되고, 나중에 다 떨어지면 고통을 느끼게 되요.",record,True,True,False,False,HIGH,Felldew
Oblivion.esm,INFO,00019537,,NAM1,0,,,"I've told you, it'll kill you. Actually, now that I think about it, why don't you go eat some? Eat all you can find. I'd get a chuckle out of that.","이미 말했어요, 당신을 죽일겁니다. 더 먹는건 어때요? 찾는대로 먹어버려요. 그러면 만족하겠네요.",record,False,False,False,False,,
Oblivion.esm,INFO,00019538,,NAM1,0,,,"I've told you, it'll kill you. While I don't care if it does, I don't think you want that.","이미 말했어요, 당신을 죽일거에요. 내가 그걸 신경 안쓰면 이런 소리도 않했을거에요.",record,False,False,False,False,,
Oblivion.esm,INFO,00018B7E,,NAM1,0,,,"It's a poison, plain and simple. It'll make you wish you were dead. And given enough time, you will be.","이건 독이에요. 확실히 간단하죠. 죽고싶다면 먹어요. 충분히 지나면, 그렇게 될거에요.",record,False,False,False,False,,
Oblivion.esm,INFO,00018B7E,,NAM1,1,,,"The Elytra in Dunroot Burrow, the ones that secrete it are immune, but they're the only ones.","던루트(Dunroot)동굴의 엘리트라(Elytra)들. 그들은 면역성이 있지만, 그들밖엔 없죠.",record,True,True,False,False,HIGH,"Dunroot, Elytra"
Oblivion.esm,INFO,00018B7E,,NAM1,2,,,"If the Felldew didn't kill you, the Elytra would. You're better off just leaving the thing in the ruins above the Burrow.","만약 펠듀(Felldew)가 당신을 안죽이면, 엘리트라(Elytra) 죽여줄 거에요. 그냥 그 굴에서 손을 떼는게 좋아요.",record,True,True,False,False,HIGH,"Felldew, Elytra"
Oblivion.esm,DIAL,000133A7,SE01HaskillChoice6a,FULL,0,,,How can they be cured?,그들은 어떻게 치료할 수 있습니까?,record,False,False,True,False,TOPIC_CHECK,
Oblivion.esm,DIAL,000133A8,SE01HaskillChoice5a,FULL,0,,,And the people outside?,밖의 사람들은 어찌 된겁니까?,record,False,False,True,False,TOPIC_CHECK,
Oblivion.esm,DIAL,000133A9,SE01HaskillChoice4a,FULL,0,,,What do you want with me?,저한테 원하는 게 뭡니까?,record,False,False,True,False,TOPIC_CHECK,
Oblivion.esm,DIAL,000133AA,SE01HaskillChoice1a,FULL,0,,,Who are you?,당신은 누굽니까?,record,False,False,True,False,TOPIC_CHECK,
Oblivion.esm,DIAL,000133AB,SE01HaskillChoice2a,FULL,0,,,What is this place?,이곳은 어딥니까?,record,False,False,True,False,TOPIC_CHECK,
Oblivion.esm,DIAL,000133AC,SE01HaskillChoice10,FULL,0,,,"No, thanks.",괜찮습니다.,record,False,False,True,False,TOPIC_CHECK,
Oblivion.esm,INFO,0005E372,,NAM1,0,,,"Hmmm. Not surprising. Well, if you change your mind, and the position is still available, come speak with me again.",흠. 그러실만하지요. 혹시라도 마음이 바뀐다면 아직 기회는 있으니 저에게 말씀하세요.,record,False,False,False,False,,
Oblivion.esm,INFO,0005E372,,NAM1,1,,,I'd so enjoy that....,그럼 기다리겠습니다.,record,False,False,False,False,,
Oblivion.esm,DIAL,000133AD,SE01HaskillChoice9,FULL,0,,,I'll do it.,들어가겠습니다.,record,False,False,True,False,TOPIC_CHECK,
Oblivion.esm,INFO,0005E371,,NAM1,0,,,"Fine. I'm sure my Lord will be most pleased, assuming you ever manage to see Him.",좋습니다. 폐하를 뵙기로 하셨다니 분명 그분께서도 무척 기뻐하실겁니다.,record,False,False,False,False,,
Oblivion.esm,INFO,0005E371,,NAM1,1,,,"You'll want to pass through the Gates of Madness. Oh, and mind the Gatekeeper. He dislikes strangers to the Realm.","광기의 문(Gates of Madness)를 지나가셔야 할텐데, 문지기를 조심하십시오. 영토에 들어온 이방인을 싫어하거든요.",record,True,True,False,False,HIGH,"Gates, of, Madness"
Oblivion.esm,INFO,0005E371,,NAM1,2,,,Enjoy your stay.,"그럼, 즐겁게 지내시길",record,False,False,False,False,,
Oblivion.esm,DIAL,000133AE,SE01HaskillChoice8,FULL,0,,,And if I go through the door?,그럼 저 문으로 들어가도 되는 겁니까?,record,False,False,True,False,TOPIC_CHECK,
Oblivion.esm,INFO,000133E7,,NAM1,0,,,Who is to say? There are always choices to be made. The Realm of Madness is no different in that regard. Your choices are your own.,선택이란 언제나 피할 수 없는 법입니다. 그런 면에서는 광기의 영토 또한 다를 바 없지요. 선택은 당신에게 달려있습니다.,record,False,False,False,False,,
Oblivion.esm,INFO,000133E7,,NAM1,1,,,"Enter or do not, but make your decision. I've other duties to which I must attend.",들어가거나 말거나... 선택하시지요. 제게는 해야할 일이 많습니다. ,record,False,False,False,False,,
Oblivion.esm,INFO,000133E7,,NAM1,2,,,Speak with me again when you have made up your mind. The anticipation is almost too much to bear.,결심하시거든 제게 말씀하세요. 어찌하실지 예상하기가 쉽지 않군요.,record,False,False,False,False,,
Oblivion.esm,DIAL,000133AF,SE01HaskillChoice7,FULL,0,,,What happens now?,그럼 이제 어떻게 합니까?,record,False,False,True,False,TOPIC_CHECK,
Oblivion.esm,INFO,000133E6,,NAM1,0,,,You do as you will. You may leave the way you entered. Your life will be none the worse for your time spent here.,당신의 뜻대로 하세요. 들어오신 곳으로 나가실 수도 있지요. 여기 계시는 것 보다는 나을 겁니다.,record,False,False,False,False,,
Oblivion.esm,INFO,000133E6,,NAM1,1,,,"Or, you may continue onward, through the door behind me. If you can pass the Gates of Madness, perhaps the Lord Sheogorath will find a use for you.",아니면 제 뒤에 있는 문으로 들어가실 수도 있습니다. 혹시라도 광기의 문(Gates of Madness)을 통과하신다면 쉐오고라스(Sheogorath) 폐하께서 당신을 써주시겠지요.,record,True,True,False,False,HIGH,"Gates, of, Madness, Sheogorath"
Oblivion.esm,DIAL,000133B0,SE01HaskillChoice6,FULL,0,,,How can they be cured?,그들은 어떻게 치료할 수 있습니까?,record,False,False,True,False,TOPIC_CHECK,
Oblivion.esm,INFO,000133E5,,NAM1,0,,,Cured? You speak as if they are diseased. They live now in another state of being. Perhaps it is you who needs a cure.,나아요? 그 사람들이 꼭 병에 걸린 것 처럼 말씀하시는군요. 그들은 또 다른 존재가 되어 사는 겁니다. 아무래도 치료가 필요한 사람은 당신일 듯 싶군요.,record,False,False,False,False,,
Oblivion.esm,DIAL,000133B1,SE01HaskillChoice5,FULL,0,,,And the people outside?,밖의 사람들은 어찌 된겁니까?,record,False,False,True,False,TOPIC_CHECK,
Oblivion.esm,INFO,000133E4,,NAM1,0,,,"They entered this Realm, and were ill prepared. Their minds are now the property of my Lord.",그 사람들은 준비되지 않은 채로 이곳에 들어왔습니다. 그들의 정신은 이제 폐하의 것입니다.,record,False,False,False,False,,
Oblivion.esm,DIAL,000133B2,SE01HaskillChoice4,FULL,0,,,What do you want with me?,저한테 원하는 게 뭡니까?,record,False,False,True,False,TOPIC_CHECK,
Oblivion.esm,INFO,000133E3,,NAM1,0,,,For you? I do not know. My Lord seeks a mortal to act as His Champion. As for His intent... to attempt to fathom it is a foolish endeavor.,당신에게요? 모르겠군요. 폐하께서는 그 분을 위해 충성을 다할 전사(Champion)를 찾고 계십니다. 그분의 뜻을 추측해 보는 것은 바보같은 짓이지요.,record,True,True,False,False,HIGH,Champion
Oblivion.esm,INFO,000133E3,,NAM1,1,,,His will is His own; His reality follows suit. You are here because you chose to enter; you were not summoned.,"폐하의 의지는 폐하의 것이며, 다 그 나름의 의미가 있습니다. 당신은 들어오길 선택했기에 여기에 계신 것이지, 폐하께 불려서 온 것이 아닙니다. ",record,False,False,False,False,,
Oblivion.esm,DIAL,000133B3,SE01HaskillChoice3,FULL,0,,,Why did that door appear in Cyrodiil?,시로딜에 저 문이 나타난 이유가 뭡니까?,record,False,False,True,False,TOPIC_CHECK,
Oblivion.esm,INFO,000133E2,,NAM1,0,,,Because my Lord wills it to be so. It poses no danger to Mundus; no compact has been violated. ,폐하께서 그리 바라셨기 때문이지요. 그 문은 문더스(Mundus)에게 위험하지 않습니다. 두 세계의 법칙(Compact)을 벗어난 것도 아니구요. ,record,True,True,False,False,HIGH,"Mundus, Compact"
Oblivion.esm,INFO,000133E2,,NAM1,1,,,"It is a doorway, an invitation. Perhaps you will accept it for what it is.",단순한 문이며 초대일 뿐입니다. 곧 있는 그대로 받아들이게 되실 겁니다.,record,False,False,False,False,,
Oblivion.esm,DIAL,000133B4,SE01HaskillChoice2,FULL,0,,,What is this place?,이곳은 어딥니까?,record,False,False,True,False,TOPIC_CHECK,
Oblivion.esm,INFO,000133E1,,NAM1,0,,,"You approach the Shivering Isles. Through the door behind me lies the realm of Sheogorath, Prince of Madness, Lord of the Never-There.",당신은 쉬버링 아일랜드(Shivering Isles)에 오신겁니다. 제 뒤에 있는 문 뒤에는 광기의 왕자이시자 네버-데어(Never-There)의 군주이신 쉐오고라스(Sheogorath) 폐하의 영토가 있지요.,record,True,True,False,False,HIGH,"Shivering, Isles, Never-There, Sheogorath"
Oblivion.esm,DIAL,000133B5,SE01HaskillChoice1,FULL,0,,,Who are you?,당신은 누굽니까?,record,False,False,True,False,TOPIC_CHECK,
Oblivion.esm,INFO,000133E0,,NAM1,0,,,"I am Haskill, Chamberlain to the Lord Sheogorath.",전 해스킬(Haskill)이라고 합니다. 쉐오고라스(Sheogorath) 폐하의 시종이지요.,record,True,True,False,False,HIGH,"Haskill, Sheogorath"
Oblivion.esm,INFO,000133DC,,NAM1,0,,,I'd stay back from that door if I were you. Nothing that's gone in has come out right.,나라면 여기서 물러날거요. 들어갔다하면 제대로 되서 나오는 인간이 한명도 없었소.,record,False,False,False,False,,
Oblivion.esm,DIAL,000133B7,SE01Choice2,FULL,0,,,I'm going in.,그래도 들어갈래요.,record,False,False,True,False,TOPIC_CHECK,
Oblivion.esm,INFO,000133DA,,NAM1,0,,,"Ha! It's your funeral. I'm just here to warn people, not keep them out. Go ahead in. I'll be here to clean up the mess when you come out.",하! 오늘이 당신 제삿날이요! 난 경고만 할 뿐이지 막지는 않소. 들어가 보시오. 당신이 나오면 또 난장판을 치뤄야 겠군.,record,False,False,False,False,,
Oblivion.esm,DIAL,000133B8,SE01Choice1,FULL,0,,,What happened to them?,그들에게 무슨 일이 일어난 거죠?,record,False,False,True,False,TOPIC_CHECK,
Oblivion.esm,INFO,000133D9,,NAM1,0,,,Look for yourself! Their brains are addled. Got no sense! Perfectly normal people went in there. And this is what's come out.,직접 봐요! 다들 정신이 어떻게 됬잖소! 돌았어! 보통 사람들이 들어갔다 다 이 꼴이 되서 나왔소!,record,False,False,False,False,,
Oblivion.esm,DIAL,000133B9,SEStrangeDoor,FULL,0,,,Strange Door,이상한 문,record,False,False,True,False,TOPIC_CHECK,
Oblivion.esm,INFO,000133D8,,NAM1,0,,,"I don't know where it came from, and I don't want to. Those who've gone in have come back out... wrong. I'm just here to warn folks to stay away.","난 이 문이 어디로 통하는지도 모르고, 알고 싶지도 않소. 들어갔다 나온 자들은 하나같이 다 미쳤어. 난 사람들에게 여길 떠나라고 경고해 줄 수 있을 뿐이요.",record,False,False,False,False,,
Oblivion.esm,INFO,000133DF,,NAM1,0,,,Yes. You have entered and now you are here. Amazing. Truly.,네. 그 문으로 들어오셔서 지금 여기에 계신것이지요. 정말 대단하시군요.,record,False,False,False,False,,
Oblivion.esm,DIAL,0001354C,SE09BodyParts,FULL,0,,,Body Parts,신체 부위,record,False,False,True,False,TOPIC_CHECK,
Oblivion.esm,INFO,0001357A,,NAM1,0,,,"Fearing one day someone might manage to kill my child, I have been preparing a new body.",누군가 내 아이를 죽일지도 모른다는 걱정에 새 몸을 미리 준비해 뒀지.,record,False,False,False,False,,
Oblivion.esm,INFO,0001357A,,NAM1,1,,,"I've created versions of each appendage, with various enhancements. You must choose one of each. I am attached to them all. Artist's prerogative.",각각의 사지에다 다양한 주문을 걸어뒀어. 하나씩 골라봐. 난 그걸 전부 한 몸으로 합칠거야. 예술가의 특권이랄까.,record,False,False,False,False,,
Oblivion.esm,INFO,0001357B,,NAM1,0,,,"Select one pair of legs, one left arm, right arm, torso, head, and heart. See me when you have finished your selections.","다리 한쌍, 왼팔 하나, 오른팔 하나, 몸통, 머리, 그리고 심장. 다 고르게 되면 내게 알려줘.",record,False,False,False,False,,
Oblivion.esm,DIAL,00013550,SE09ComponentsHow,FULL,0,,,How do I collect these things?,이것들을 어떻게 모아야 하나요?,record,False,False,True,False,TOPIC_CHECK,
Oblivion.esm,INFO,00081DAB,,NAM1,0,,,Are you not the exalted Duchess? Slayer of the great Gatekeeper? Champion of our mighty Lord Sheogorath?,고귀하신 공작 전하 아니신가? 광폭한 문지기를 죽인 분 아니신가? 쉐오고라스(Sheogorath) 님을 모시는 전사 아니신가?,record,True,True,False,False,HIGH,Sheogorath
Oblivion.esm,INFO,00081DAB,,NAM1,1,,,"I'm sure you'll be able to find these things, if not, perhaps Sheogorath's faith in you is misplaced. Go now. You try my patience.",당신이라면 분명 그 마법 재료들을 찾아 낼 수 있을거야. 못찾는다면 쉐오고라스(Sheogorath) 폐하께서 사람 잘못 보신 거지. 내 인내심이나 시험하지 말고 어서 가봐.,record,True,True,False,False,HIGH,Sheogorath
Oblivion.esm,INFO,00013573,,NAM1,0,,,Are you not the exalted Duke? Slayer of the great Gatekeeper? Champion of our mighty Lord Sheogorath?,고귀하신 공작 전하 아니신가? 광폭한 문지기를 죽인 분 아니신가? 쉐오고라스(Sheogorath) 님을 모시는 전사 아니신가?,record,True,True,False,False,HIGH,Sheogorath
Oblivion.esm,INFO,00013573,,NAM1,1,,,"I'm sure you'll be able to find these things, if not, perhaps Sheogorath's faith in you is misplaced. Go now. You try my patience.",당신이라면 분명 그 마법 재료들을 찾아 낼 수 있을거야. 못찾는다면 쉐오고라스(Sheogorath) 님께서 사람 잘못 보신 거지. 내 인내심이나 시험하지 말고 어서 가봐.,record,True,True,False,False,HIGH,Sheogorath
Oblivion.esm,DIAL,00013553,SE09Components,FULL,0,,,Components,구성 요소,record,False,False,True,False,TOPIC_CHECK,
Oblivion.esm,INFO,00013571,,NAM1,0,,,You will travel to the Gardens of Flesh and Bone and collect for me these things:,피와 뼈의 정원(Gardens of Flesh and Bone)으로 가서 지금 말해주는 것들을 모아다 줘.,record,True,True,False,False,HIGH,"Gardens, of, Flesh, and, Bone"
Oblivion.esm,INFO,00013571,,NAM1,1,,,"Blood Liqueur, Osseous Marrow, Dermis Membrane, and the Essence of Breath. ","Blood Liqueur(Blood Liqueur), Osseous Marrow(Osseous Marrow), Dermis Membrane(Dermis Membrane), 그리고 the Essence of Breath(the Essence of Breath)야. ",record,True,True,False,False,HIGH,"Blood, Liqueur, Blood, Liqueur, Osseous, Marrow, Osseous, Marrow, Dermis, Membrane, Dermis, Membrane"
Oblivion.esm,INFO,00013572,,NAM1,0,,,"Bring me Blood Liqueur, Osseous Marrow, Dermis Membrane, and the Essence of Breath.","Blood Liqueur(Blood Liqueur), Osseous Marrow(Osseous Marrow), Dermis Membrane(Dermis Membrane), 그리고 the Essence of Breath(the Essence of Breath)를 내게 가져와.",record,True,True,False,False,HIGH,"Blood, Liqueur, Blood, Liqueur, Osseous, Marrow, Osseous, Marrow, Dermis, Membrane, Dermis, Membrane"
Oblivion.esm,DIAL,00013555,SE09Gardens,FULL,0,,,Gardens of Flesh and Bone,살점과 뼈의 정원,record,False,False,True,False,TOPIC_CHECK,
Oblivion.esm,INFO,00013570,,NAM1,0,,,"For many years, I labored painstakingly in those Gardens, until my back bent and my soul became crooked.",여러해 동안 그곳에서 난 등이 휘고 영혼이 쭈그러들때까지 고통을 감내하며 노력했어.,record,False,False,False,False,,
Oblivion.esm,INFO,00013570,,NAM1,1,,,But the fruits born of that labor were the essential components of true Flesh.,하지만 그 결실이라고는 진정한 육신을 만들어내는데 필요한 재료들 뿐이었지.,record,False,False,False,False,,
Oblivion.esm,INFO,00013570,,NAM1,2,,,You will go there and gather the components needed to bring my new child into this world.,그곳으로 가서 내 자식을 이 세계로 불러오는데 필요한 재료들을 구해와.,record,False,False,False,False,,
Oblivion.esm,DIAL,00013558,SE09AssistanceRequest,FULL,0,,,Will you lend us your powerful magic?,당신의 강력한 마법을 빌려주실 건가요?,record,False,False,True,False,TOPIC_CHECK,
Oblivion.esm,INFO,0001356F,,NAM1,0,,,"Yes, powerful magic indeed. It is proper that you bid me kindly, lest I show you the meaning of pain and suffering.","그래, 아주 강력한 마법이지. 고통과 괴로움의 진짜 의미를 맛보고 싶지 않다면 날 잘 모시는게 좋을거야.",record,False,False,False,False,,
Oblivion.esm,INFO,0001356F,,NAM1,1,,,"Alas, I am still distraught over the destruction of my sweet child. I cannot return to his womb. You must do this.","아아, 아직은 그 애를 잃은 상실감에 그애를 키웠던 요람으로 가질 못하겠어. 이번일은 당신이 해줘야 해.",record,False,False,False,False,,
Oblivion.esm,INFO,0001356F,,NAM1,2,,,You will travel to the Gardens of Flesh and Bone. There you will gather mystical components needed for the ceremony.,의식에 필요하니 피와 뼈의 정원(Gardens of Flesh and Bone)으로 가서 마법 재료들을 모아다 줘.,record,True,True,False,False,HIGH,"Gardens, of, Flesh, and, Bone"
Oblivion.esm,INFO,0001356F,,NAM1,3,,,"Go fetch me Blood Liqueur, Osseous Marrow, Dermis Membrane, and Essence of Breath.","Blood Liqueur(Blood Liqueur), Osseous Marrow(Osseous Marrow), Dermis Membrane(Dermis Membrane), 그리고 the Essence of Breath(the Essence of Breath)를 가져다 줘야 해.",record,True,True,False,False,HIGH,"Blood, Liqueur, Blood, Liqueur, Osseous, Marrow, Osseous, Marrow, Dermis, Membrane, Dermis, Membrane"
Oblivion.esm,INFO,0001356F,,NAM1,4,,,And take this key. It will allow entry into the Gardens and give you direct access to my Sanctum.,그리고 이 열쇠도 가져가. 정원과 내 성역으로 바로 드나들 수 있을거야.,record,False,False,False,False,,
Oblivion.esm,DIAL,00013559,SE09AssistanceCommand,FULL,0,,,Lord Sheogorath commands it!,셰오고라스 폐하의 명령입니다!,record,False,False,True,False,TOPIC_CHECK,
Oblivion.esm,INFO,0001356E,,NAM1,0,,,"Fine. If it be my Lord's will, then it is also my own. But, I am too distraught over the death of my child to return to his womb. This, you must do.",좋아. 그분의 뜻이라면 나의 뜻이 되기도 하지. 하지만 그애를 만들어냈던 그곳으로 가면 죽은 그 애가 생각나 정신이 나가버릴 것 같아. 이번일은 당신이 해줘야 겠어.,record,False,False,False,False,,
Oblivion.esm,INFO,0001356E,,NAM1,1,,,"You will travel to the Gardens of Flesh and Bone. There, you will gather mystical components needed for the ceremony.",의식에 필요하니 피와 뼈의 정원(Gardens of Flesh and Bone)으로 가서 마법 재료들을 모아다 줘.,record,True,True,False,False,HIGH,"Gardens, of, Flesh, and, Bone"
Oblivion.esm,INFO,0001356E,,NAM1,2,,,"Go fetch me Blood Liqueur, Osseous Marrow, Dermis Membrane, and Essence of Breath.","Blood Liqueur(Blood Liqueur), Osseous Marrow(Osseous Marrow), Dermis Membrane(Dermis Membrane), 그리고 the Essence of Breath(the Essence of Breath)를 가져다 줘야 해.",record,True,True,False,False,HIGH,"Blood, Liqueur, Blood, Liqueur, Osseous, Marrow, Osseous, Marrow, Dermis, Membrane, Dermis, Membrane"
Oblivion.esm,INFO,0001356E,,NAM1,3,,,And take this key. It will allow you into the Gardens and give you direct access to my Sanctum.,그리고 이 열쇠도 가져가. 정원과 내 성역으로 바로 드나들 수 있을거야.,record,False,False,False,False,,
Oblivion.esm,DIAL,0001355A,SE09RebuildRequest,FULL,0,,,"A new Gatekeeper is required, milady.","새로운 관문지기가 필요합니다, 저하.",record,False,False,True,False,TOPIC_CHECK,
Oblivion.esm,INFO,0001356D,,NAM1,0,,,"Ah, your tone is more in line with my station. Please, continue.","아, 말투가 훨씬 공손해 졌군. 그래, 계속해 봐.",record,False,False,False,False,,
Oblivion.esm,DIAL,0001355B,SE09RebuildCommand,FULL,0,,,My Lord demands a new Gatekeeper!,폐하께서 새로운 관문지기를 요구하십니다!,record,False,False,True,False,TOPIC_CHECK,
Oblivion.esm,INFO,0001356C,,NAM1,0,,,Oh? Does he now?,오! 그러시대?,record,False,False,False,False,,
Oblivion.esm,DIAL,0001355C,SE09AuthorityMyOwn,FULL,0,,,By my authority as Duke!,공작의 권위로!,record,False,False,True,False,TOPIC_CHECK,
Oblivion.esm,INFO,0001356B,,NAM1,0,,,"Ah. That confirms it. You're the new Duke. The stink of hubris surrounds you! My Lord allows you to lick his boot straps, does he?","아, 그러셔. 당신이 새 공작이로군. 거만떠는게 아주 몸에 배었네! 그분께서 구두끈이라도 핥게 허락하셨나보지?",record,False,False,False,False,,
Oblivion.esm,INFO,0001356B,,NAM1,1,,,"Well, then. I trust my servants didn't give you too hard a time getting here. Haha! Perhaps the Duke would like to explain his business?",내 하인들 덕분에 여기 들어오시느라 힘드셨을 텐데 어쩌나. 하하! 공작 전하께서 직접 용무를 말씀해 주셔야 겠지?,record,False,False,False,False,,
Oblivion.esm,DIAL,0001355D,SE09AuthoritySheogoraths,FULL,0,,,By authority of your Lord Sheogorath!,셰오고라스 폐하의 권한으로!,record,False,False,True,False,TOPIC_CHECK,
Oblivion.esm,INFO,0001356A,,NAM1,0,,,I see. Sheogorath is too important to come on his own account? He sends his mortal lackey?,그렇군. 쉐오고라스(Sheogorath) 님은 얼마나 바쁘시길래 직접 못 오시고 이런 심부름꾼 나부랭이나 보내실까?,record,True,True,False,False,HIGH,Sheogorath
Oblivion.esm,INFO,0001356A,,NAM1,1,,,"Well, then. I trust my servants didn't give you too hard a time getting in here. Haha! What is it Sheogorath's lackey requires of me?",어쨌든 좋아. 분명 내 하인들 덕분에 여기 들어오느라 고생 좀 했겠네. 하하! 그분 심부름꾼께서 나한테 무슨 볼일 이실까?,record,False,False,False,False,,
Oblivion.esm,DIAL,0001355E,SE09SlainUmm,FULL,0,,,It wasn't just me. I had help!,저 혼자 한 것이 아닙니다. 도와준 사람이 있습니다!,record,False,False,True,False,TOPIC_CHECK,
Oblivion.esm,INFO,00013568,,NAM1,0,,,"Now you make excuses? Pathetic. On what authority have you weaseled into my sanctum and disturbed my work, hmm?",이제 와서 변명하려고? 불쌍하군. 그건 그렇고 뭐가 잘나서 내 성소로 숨어들어와 연구를 방해하는 거지?,record,False,False,False,False,,
Oblivion.esm,DIAL,0001355F,SE09SlainNo,FULL,0,,,No. You are mistaken.,아니요. 오해입니다.,record,False,False,True,False,TOPIC_CHECK,
Oblivion.esm,INFO,00013567,,NAM1,0,,,"Am I, really? I think not. Be that as it may, on what authority do you disturb my work?","내가 잘못봤다고? 그럴리가. 그건 그렇다 치고, 뭐가 잘나서 내 실험을 방해하는 거지?",record,False,False,False,False,,
Oblivion.esm,DIAL,00013560,SE09SlainYes,FULL,0,,,"Yes, I slew him. I needed to get in.","네, 그를 죽였습니다. 안으로 들어가야 했어요.",record,False,False,True,False,TOPIC_CHECK,
Oblivion.esm,INFO,00013569,,NAM1,0,,,"The ends justify the means, do they? You'll pay for that, one day. Now, by all means, come right in, walk in here as if you own the place....",결과로 수단을 정당화시키는군. 언젠가는 반드시 댓가를 치르게 될거야. 이번에는 마치 여기가 자기 집인 양 기어들어왔는데... ,record,False,False,False,False,,
Oblivion.esm,INFO,00013569,,NAM1,1,,,By what authority do you disturb me?!,뭐가 잘났다고 날 방해하는 거지?! ,record,False,False,False,False,,
Oblivion.esm,DIAL,0001358E,SE05Spy2,FULL,0,,,"If I admit it, will you let me go?",내가 인정하면 날 풀어줄 건가?,record,False,False,True,False,TOPIC_CHECK,
Oblivion.esm,DIAL,0001358F,SE05Spy1,FULL,0,,,[Lie] You got me. I'm a spy.,[거짓말하기] 당신이 이겼습니다. 저는 스파이입니다.,record,False,False,True,False,TOPIC_CHECK,
Oblivion.esm,DIAL,00013590,SE05NotSpy1,FULL,0,,,I'm not a spy!,나는 스파이가 아닙니다!,record,False,False,True,False,TOPIC_CHECK,
Oblivion.esm,DIAL,00013591,SE05HerdirWhat,FULL,0,,,What happens now?,이제 어떻게 될까?,record,False,False,True,False,TOPIC_CHECK,
Oblivion.esm,DIAL,00013592,SE05HerdirWhy,FULL,0,,,Why am I here?,왜 내가 여기 있는가?,record,False,False,True,False,TOPIC_CHECK,
Oblivion.esm,DIAL,00013593,SE05HerdirWho,FULL,0,,,Who are you?,당신 누구세요?,record,False,False,True,False,TOPIC_CHECK,
Oblivion.esm,DIAL,00013594,SE04NM,FULL,0,,,Never mind.,괜찮아요.,record,False,False,True,False,TOPIC_CHECK,
Oblivion.esm,DIAL,00013595,SE04Audience,FULL,0,,,Audience with Lady Syl,실 여공작의 접견,record,False,False,True,False,TOPIC_CHECK,
Oblivion.esm,INFO,0007FE1E,,NAM1,0,,,"I can tell you that while she stays out of the public eye these days, she does still hold audience in her court during the day.","내가 가르칠 수 있는 것은, 최근의 사모님은 세상의 눈을 피하면서도, 일중은 궁정에서 알현을 열고 계신다.",record,False,False,False,False,,
Oblivion.esm,INFO,0007FE1E,,NAM1,1,,,"You may attempt to approach her then. The Lady has been concerned about her safety lately, so be prepared for a hostile reaction.","가까워지시고 싶으면, 그 때다. 최근의 사모님은 몸의 안전하게 배려를 하고 계시므로, 적대적인 태도는 각오 해 두면 좋다.",record,False,False,False,False,,
Oblivion.esm,INFO,0001359B,,NAM1,0,,,"You wish to see Lady Syl, do you?",Syl님이 알현을 희망하는지?,record,False,True,False,False,MEDIUM,Syl
Oblivion.esm,INFO,0001359B,,NAM1,1,,,"The Lady has refused any and all appointments of late. You'd have to try and find her on your own, and I don't recommend that course of action.","최근의 사모님은, 알현을 일절 받아들이지 않았다. 너가 직접 사모님과 흥정할 수 밖에 없지만, 그방법은 그다지 추천할 수 없는데.",record,False,False,False,False,,
Oblivion.esm,DIAL,000135CA,SE32NotSolved,FULL,0,,,The curse is not lifted.,저주는 해제되지 않습니다.,record,False,False,True,False,TOPIC_CHECK,
Oblivion.esm,INFO,000135D2,,NAM1,0,,,The defenders of the gate were not the only ones to fail their town. My greatest shame is that I was struck by cowardice and fled.,이 성을 함락되게 한 장본인은 성문의 병사들 말고도 또 있소. 바로 나요. 겁이나 도망가버린 자신이 너무 수치스럽소.,record,False,False,False,False,,
Oblivion.esm,INFO,000135D2,,NAM1,1,,,"Like my people, I am doomed to repeat the actions of my cowardice. Alone, I cannot redress this wrong. However, you can.","내 백성들 처럼, 나 역시 나의 과오를 반복하도록 이곳에 갇힌 것이오. 혼자서는 이 잘못을 바로잡을 수가 없소. 하지만 당신은 가능하오.",record,False,False,False,False,,
Oblivion.esm,INFO,000135D2,,NAM1,2,,,"Take my helm. With it, you can take my place in the defense of the gate. Defeat the Devoted Fanatic in combat, and the curse will be lifted.","내 투구를 가져가시오. 그것으로 성문을 지키는 역할을 당신이 대신할 수가 있소. 저주받은 파나틱(Fanatic)인을 쓰러뜨리시오, 그러면 저주가 풀릴 것이오.",record,True,True,False,False,HIGH,Fanatic
Oblivion.esm,INFO,000135D2,,NAM1,3,,,"Be warned though. While you wear the helm, it is as if you are one of us. You are trapped in these ruins until you lift our curse.",그러나 조심하시오. 당신이 투구를 쓰고 있는 동안은 우리들과 하나가 되는 것이오. 저주가 풀릴때 까지 이 폐허속에 갇히게 되는 걸 의미하오.,record,False,False,False,False,,
Oblivion.esm,DIAL,00013619,SE05SylHelpNo,FULL,0,,,Help you? I don't think so.,어떻게 도와드릴까요?,record,False,False,True,False,TOPIC_CHECK,
Oblivion.esm,INFO,0001361E,,NAM1,0,,,No? Have you seen my torture chamber?  Because that's where you'll wind up if you don't agree to assist me. Think on it.,싫다고? 내 고문실을 본 적이 있느냐? 날 돕겠다고 하지 않으면 넌 그곳에 묶여 삶을 마치게 될 것이다. 잘 생각해 보거라.,record,False,False,False,False,,
Oblivion.esm,DIAL,0001361A,SE05SylHelp,FULL,0,,,How can I help?,어떻게 도와드릴까요?,record,False,False,True,False,TOPIC_CHECK,
Oblivion.esm,INFO,0001361F,,NAM1,0,,,"You're going to find out who knows. You're going to learn who keeps secrets, who conspires against me.","누가 진실을 알고 있는지, 누가 나에 대한 반란을 꾸미는지 밝혀내거라.",record,False,False,False,False,,
Oblivion.esm,INFO,0001361F,,NAM1,1,,,"You will be my Grand Inquisitor. Expose the conspirators, and they will be punished, I assure you. Find out who keeps secrets, and what they are.",나의 최고 심판관이 되어라. 음모를 꾸미는 자들을 색출해내면 내 친히 처벌하겠다. 비밀을 감추는 자들을 찾아내고 그 정체를 까발려라.,record,False,False,False,False,,
Oblivion.esm,INFO,0001361F,,NAM1,2,,,"Speak with Herdir. He will help you. Do you understand what is required of you? If no one is found, you will be held responsible.",허디어(Herdir)와 이야기해 보거라. 널 도울 것이다. 지금 네게 가장 절실한 것이 뭔지 아느냐? 만일 아무도 찾아내지 못한다면 내 그 책임을 묻겠다.,record,True,True,False,False,HIGH,Herdir
Oblivion.esm,DIAL,00013620,SE05BreviCrazy,FULL,0,,,This is all crazy.,이건 모두 미친 짓입니다.,record,False,False,True,False,TOPIC_CHECK,
Oblivion.esm,DIAL,00013621,SE05BreviProceed,FULL,0,,,What do I do now?,이제 어떻게 하지?,record,False,False,True,False,TOPIC_CHECK,
Oblivion.esm,DIAL,00013628,SE05Conspiracy,FULL,0,,,Conspiracy,음모,record,False,False,True,False,TOPIC_CHECK,
Oblivion.esm,INFO,0008F7D9,,NAM1,0,,,"You're the only one who understands me, and you'd think me a traitor? You disappoint me, friend. I'll take my leave now.","군은 나의 다만 한사람의 이해자인데, 나를 배반해 사람이라고 하나? 실망이다. 실례할게.",record,False,False,False,False,,
Oblivion.esm,INFO,0007D465,,NAM1,0,,,Naryan that! I'll balitoe before I krayble.,"Naryan, 그것이다! krayble 하기 전에 나는 balitoe 하겠지요.",record,False,True,False,False,MEDIUM,"Naryan, krayble, balitoe"
Oblivion.esm,INFO,0008ADEC,,NAM1,0,,,You know what I know. There is no more.,내가 아는 것은 전부 알려줬어요. 더는 없어요.,record,False,False,False,False,,
Oblivion.esm,INFO,00089617,,NAM1,0,,,I don't spread gossip. I have nothing to say.,난 소문을 퍼뜨리지 않아요. 할말은 없군요.,record,False,False,False,False,,
Oblivion.esm,INFO,00089619,,NAM1,0,,,Leave me be! I've told you what I know!,이제(벌써) 가 줘! 알고 있는 (일)것은 이야기했어요!,record,False,False,False,False,,
Oblivion.esm,INFO,0008ADED,,NAM1,0,,,"Nothin' in it for me, so I've nothin' to say to you.",나에 한해서 그런 일은 없다. 아무것도 당신에게 말하는 것은 없어요.,record,False,False,False,False,,
Oblivion.esm,INFO,0008961A,,NAM1,0,,,I've told you what I know. There's nothing more!,알고 있는 (일)것은 이야기했다. 더 이상은 아무것도 몰라!,record,False,False,False,False,,
Oblivion.esm,INFO,0008960F,,NAM1,0,,,"What more is there to say, Inquisitor? Lady Syl has her moment of glory. Allow her to bask in it.","그 밖에 말해야 할 일이 있을까요, 심문관전? Syl님은 영광때를 맞이합니다. 능숙 시켜 줍시다.",record,False,True,False,False,MEDIUM,Syl
Oblivion.esm,INFO,00089610,,NAM1,0,,,Lady Syl will be quite pleased to hear that her concerns have been proven valid. You shouldn't keep her waiting.,"현안 사항의 뒤를 잡혔다고 알면, Lady Syl는 몹시 기쁨이 되겠지요. 그녀를 기다리게 해 되지 않습니다.",record,False,True,False,False,MEDIUM,"Lady, Syl"
Oblivion.esm,INFO,000895DD,,NAM1,0,,,"Nelrene admits to being involved, but more evidence may be required.","Nelrene는 관여를 인정했습니다만, 좀 더 증거가 필요하다고 생각합니다",record,False,True,False,False,MEDIUM,Nelrene
Oblivion.esm,INFO,000895DD,,NAM1,1,,,Ma'zaddha may have returned with more information by now.,"Ma'zaddha는 지금 쯤, 새로운 정보를 가져 귀가하고 있을지도 몰라요.",record,False,True,False,False,MEDIUM,Ma'zaddha
Oblivion.esm,INFO,00089604,,NAM1,0,,,The Inquisitor now has significant evidence pointing towards Muurine. Perhaps a talk with her is in order.,"심문관전에는 현재, Muurine의 관여를 나타내는 유력한 증거가 있습니다. 아마 그녀와의 이야기는 이로 정연과 행해지겠지요.",record,False,True,False,False,MEDIUM,Muurine
Oblivion.esm,INFO,00089605,,NAM1,0,,,"It would seem that your only course of action now is to extract information from Nelrene, Inquisitor.","지금 당신이 하지 않으면 안 되는 것은, Nelrene로부터 정보를 꺼내는 것이라고 생각됩니다만.",record,False,True,False,False,MEDIUM,Nelrene
Oblivion.esm,INFO,00089606,,NAM1,0,,,Convincing a Dark Seducer to reveal secrets to you may require more pressure than you've experienced thus far.,"Dark Seducer에 비밀을 밝히도록(듯이) 설득하려면 , 지금 이상의 증거가 필요하겠지요.",record,False,True,False,False,MEDIUM,"Dark, Seducer"
Oblivion.esm,INFO,000895DE,,NAM1,0,,,Congratulations. You've gained another ally in your efforts. Do remember to follow up with Ma'zaddha.,"축하합니다. 당신의 활약에 의해, 새로운 동료를 얻었습니다. Ma'zaddha의 추궁도 잊지 않고.",record,False,True,False,False,MEDIUM,Ma'zaddha
Oblivion.esm,INFO,000895DE,,NAM1,1,,,"In the meantime, the other party in that conversation may be of use to you as well.","직면해, 그 상대와의 회화는, 아직 당신의 도움이 될지도 모릅니다.",record,False,False,False,False,,
Oblivion.esm,INFO,000895DF,,NAM1,0,,,"Surely the Inquisitor has considered that with direct evidence, Ma'zaddha may now be more responsive to questioning.","심문관전은 확실한 증거를 가지고 있므로, Ma'zaddha를 몰아넣을 수 있다고 생각하고 있습니다.",record,False,True,False,False,MEDIUM,Ma'zaddha
Oblivion.esm,INFO,000895E0,,NAM1,0,,,The Inquisitor is now required to be secretive? Consider that Herdir's presence may be a detriment to you.,"지금부터 앞의 심문관전에는 은밀 행동이 필요하지? Herdir가 있으면(자), 당신의 행동의 방해가 될지도 몰라요.",record,False,True,False,False,MEDIUM,Herdir
Oblivion.esm,INFO,000895E0,,NAM1,1,,,He is not known for his ability to remain hidden.,그에게 스텔스 기능이 있다고 (들)물었던 적이 없기 때문에.,record,False,False,False,False,,
Oblivion.esm,INFO,000895E1,,NAM1,0,,,"It would seem that direct torture may not always yield the results you seek. You may need to try a different approach, Inquisitor.","직접적인 고문이, 당신이 요구하고 있는 결과에 연결된다고는 할 수 없는 것 같습니다. 다른 어프로치가 필요한 것으로, 심문관전.",record,False,False,False,False,,
Oblivion.esm,INFO,000895E1,,NAM1,1,,,"Paranoia is the order of the day in Crucible. Many keep their eyes open constantly, and some of those eyes may have seen something useful.",의심 암귀가 Crucible에서의 일상인 것입니다. 그들은 팔방으로 고루 주시하고 있습니다. 그들이 무엇인가 도움이 되는 것을 보고 있을지도 모릅니다.,record,False,True,False,False,MEDIUM,Crucible
Oblivion.esm,INFO,000895E2,,NAM1,0,,,"Ma'zaddha is particularly reclusive, and may not respond well to questioning. Again, you may find Herdir's assistance necessary.","Ma'zaddha는 특히 명째를 피하고 있어, 능숙하게 질문에 응하지 않을지도 모릅니다. 이번도 Herdir의 지원이 필요하게 되겠지요.",record,False,True,False,False,MEDIUM,"Ma'zaddha, Herdir"
Oblivion.esm,INFO,000895E3,,NAM1,0,,,Torture may be a necessary evil to accomplish Syl's goals. Make sure Herdir accompanies you to talk to Anya. ,"고문은, Syl님의 목표를 달성하기 위해서는 필요악일지도 모릅니다. Anya라고 이야기할 때, Herdir를 동행 하게 하는 것입니다.",record,False,True,False,False,MEDIUM,"Syl, Anya, Herdir"
Oblivion.esm,INFO,000895E4,,NAM1,0,,,"Keep in mind that Anya is cowardly, and may require persuasion to tell you what she knows. ","Anya는 겁장이여서, 무엇인가 알고 있는 것을 당신에게 이야기하도록(듯이) 설득할 수 있을지도 모르면 마음에 세워 두어 주세요.",record,False,True,False,False,MEDIUM,Anya
Oblivion.esm,INFO,000895E5,,NAM1,0,,,You may find the enormity of your task daunting at first. Use Herdir's talents to aid you with those who are unresponsive to questioning.,"처음은, 일의 곤란함에 정신이 몽롱해지는 생각일지도 모릅니다. Herdir의 재능을, 질문에 답하지 않는 사람에게로의 지원으로서 이용합니다.",record,False,True,False,False,MEDIUM,Herdir
Oblivion.esm,INFO,000895E6,,NAM1,0,,,"You have been asked to work with Herdir, I understand. ",당신은 Herdir와 함께 행동하도록(듯이) 의뢰받은 (뜻)이유군요.,record,False,True,False,False,MEDIUM,Herdir
Oblivion.esm,INFO,000895E6,,NAM1,1,,,"Herdir has a great affinity for his work, and can be a very useful ally to you. Do not hesitate to make use of his talents.","Herdir는 자신의 일과 궁합이 좋고, 매우 부탁한 보람이 있는 동료가 됩니다. 사양하지 않고, 그의 재능을 활용해 주세요.",record,False,True,False,False,MEDIUM,Herdir
Oblivion.esm,INFO,000895E7,,NAM1,0,,,Find those who plot against me. Bring them to me so I might make an example of them.,나에게 반역할 음모를 꾸미는 자들을 찾아내어라. 나에게 끌고오면 내 놈들을 본보기로 삼겠다.,record,False,False,False,False,,
Oblivion.esm,INFO,0008961B,,NAM1,0,,,I've nothing to tell the likes of you!,당신 같은 부류에게 해줄 말은 아무것도 없어!,record,False,False,False,False,,
Oblivion.esm,INFO,00089530,,NAM1,0,,,You already know my part in this. There is nothing more to say.,제가 알고 있는 것은 이미 다 말씀드렸습니다. 더이상 알려드릴 것은 없습니다.,record,False,False,False,False,,
Oblivion.esm,INFO,0008568C,,NAM1,0,,,You've got what you need from me. I can't tell you anything more.,나부터 필요한 것은 손에 넣었겠죠. 더 이상은 굳이 말할 수 없어요.,record,False,False,False,False,,
Oblivion.esm,INFO,000819A1,,NAM1,0,,,"No, no. I know nothing.","아니오, 아니오. 아무것도 몰라.",record,False,False,False,False,,
Oblivion.esm,INFO,00089531,,NAM1,0,,,Haven't you got what you need? Shouldn't you be running off to tattle like a good little servant?,다 알아냈잖아요? 충성스런 종이되어 전부 고자질할 것 아닌가요?,record,False,False,False,False,,
Oblivion.esm,INFO,00081368,,NAM1,0,,,I see you've done quite a bit of work to track me down.,나까지 알아내다니 꽤나 대단하군요.,record,False,False,False,False,,
Oblivion.esm,INFO,00081368,,NAM1,1,,,"Yes, I orchestrated it. Syl deserves to die a painful death for turning on all of us, and consorting with our enemies.","네, 전부 내가 꾸몄어요. 실(Syl)은 적과 손잡고 우릴 배신했으니 고통스럽게 죽어 마땅해요.",record,True,True,False,False,HIGH,Syl
Oblivion.esm,INFO,00081368,,NAM1,2,,,"Go ahead, do what you will. Nothing matters now.",하고 싶은 대로 해봐요. 상관하고 싶지 않으니.,record,False,False,False,False,,
Oblivion.esm,INFO,000811C8,,NAM1,0,,,You have no proof! You cannot hold me accountable for anything!,당신에게는 증거가 없다! 너에게 설명할 의무는 없어!,record,False,False,False,False,,
Oblivion.esm,INFO,0008199D,,NAM1,0,,,You have no proof! You cannot hold me accountable for anything!,증거가 없지 않습니까! 아무것도 그럴듯한게 없습니다!,record,False,False,False,False,,
Oblivion.esm,INFO,000811CB,,NAM1,0,,,I hope for your sake you are not accusing me of anything.,심판관님께서 쓸데없는 일로 절 체포하지 않았으면 좋겠습니다만.,record,False,False,False,False,,
Oblivion.esm,INFO,00089532,,NAM1,0,,,I've agreed to help you already. Torturing me further will do you no good!,이미 협조한다고 했잖슴까. 날 또 고문한다고 좋을 거 하나도 없수다!,record,False,False,False,False,,
Oblivion.esm,INFO,00080D7C,,NAM1,0,,,"I've told you, I don't know anything. You can't prove a thing!","말했지 않수까. 난 아무것도 몰라. 증거를 가져오라고, 증거를!",record,False,False,False,False,,
Oblivion.esm,INFO,0008117A,,NAM1,0,,,"I've told you, I don't know anything. You can't prove a thing!","말했지 않수까. 난 아무것도 몰라. 증거를 가져오라고, 증거를!",record,False,False,False,False,,
Oblivion.esm,INFO,0008117E,,NAM1,0,,,I'm afraid I have no idea what you're talking about.,미안하지만 무슨 소리하는지 전혀 모르겠수다.,record,False,False,False,False,,
Oblivion.esm,INFO,00080D7F,,NAM1,0,,,"I've told you all I know. It was Ma'zaddha... I don't know anything more, I swear it!",알고 있는 것은 전부 다 알려드린 거예요. 마'자다 짓이예요. 더는 몰라요. 맹세할게요!,record,False,False,False,False,,
Oblivion.esm,INFO,00080D3D,,NAM1,0,,,"What? N...No. I don't know anything about anything. I'm sorry, I can't help you.","네? 있고<0xA1><0xA6>말해라. 무슨 일인가 형편없어요. 도움이 될 수 없어, 미안해요.",record,False,False,False,True,HIGH,
Oblivion.esm,INFO,00080D3E,,NAM1,0,,,I've told you everything I know! I swear!,알고 있는 것은 다 말했소! 내 맹세하오!,record,False,False,False,False,,
Oblivion.esm,INFO,00080D40,,NAM1,0,,,"I don't know anything about a conspiracy, but Anya has been looking extra nervous lately.","음모에 짐작은 없지만, 최근의 Anya는 매우 신경질적이 되고 있데.",record,False,True,False,False,MEDIUM,Anya
Oblivion.esm,INFO,00080D40,,NAM1,1,,,She might know something more than I do.,"그녀라면, 내가 모르는 것을 알아 있을지도 모르다.",record,False,False,False,False,,
Oblivion.esm,INFO,00080D41,,NAM1,0,,,No conspiracies here. Go pester someone else.,음모는 무슨 음모. 다른사람이나 귀찮게 하시오.,record,False,False,False,False,,
Oblivion.esm,INFO,000806EA,,NAM1,0,,,"I don't expect we'll learn much. While I have the utmost respect for her Ladyship, she is well known for being... overly cautious.","많은 것을 알아내리라 기대하고 있지는 않습니다. 전 공작부인께 충성을 다하고 있습니다만, 그분께서는 지나친 의심으로 유명한 분이라...",record,False,False,False,False,,
Oblivion.esm,INFO,000806EA,,NAM1,1,,,"We must carry out her wishes, however. And I, for one, am looking forward to, ahh... interacting with the citizens of Crucible.",하지만 그분의 뜻대로 조사를 진행해 가야합니다. 이번일은....음.... 크루서블(Crucible)의 백성들을 탐문해 봐야만 한다고 봅니다.,record,True,True,False,False,HIGH,Crucible
Oblivion.esm,INFO,0007FF42,,NAM1,0,,,I don't know anything about a conspiracy.,음모에 대해서는 아무것도 모른다.,record,False,False,False,False,,
Oblivion.esm,INFO,0001AC5A,,NAM1,0,,,Yes? What would you have me say about it?,네? 당신은 나에게 무슨 말을 하게 하고 싶습니까?,record,False,False,False,False,,
Oblivion.esm,INFO,0001A2E0,,NAM1,0,,,"Oh, no. You'll not drag me into Syl's mess. She made this bed, now it's up to her to burn it.","이봐 이봐. 너는 Syl의 궁지에 나를 끌어 들일 생각은 없을 것이다. 그녀는 자업자득이다, 지금은 아픈 눈을 당하는 것은 그녀 나름이야.",record,False,True,False,False,MEDIUM,Syl
Oblivion.esm,INFO,0007FDF2,,NAM1,0,,,I don't know anything about a conspiracy!,음모라니...난 아무것도 몰라요.,record,False,False,False,False,,
Oblivion.esm,DIAL,00013629,SE05BreviFollow,FULL,0,,,"Follow me, Brevi.","나를 따르세요, 브레비.",record,False,False,True,False,TOPIC_CHECK,
Oblivion.esm,DIAL,0001362B,SE05BreviNM,FULL,0,,,Nevermind.,걱정 마세요.,record,False,False,True,False,TOPIC_CHECK,
Oblivion.esm,DIAL,00013631,SE05BreviReturn,FULL,0,,,"Return to your post, Brevi.","브레비, 네 자리로 돌아가라.",record,False,False,True,False,TOPIC_CHECK,
Oblivion.esm,DIAL,0001364E,SE07RitualYesM,FULL,0,,,Describe the Ritual's history.,접속 의식,record,False,False,True,False,TOPIC_CHECK,
Oblivion.esm,INFO,000139AF,,NAM1,0,,,Arden-Sul was perhaps the greatest Duke to walk our land.,아덴-술(Arden-Sul)은 역사상 가장 위대한 공작이실 겁니다.,record,True,True,False,False,HIGH,Arden-Sul
Oblivion.esm,INFO,000139AF,,NAM1,1,,,"Many years ago he decided to hold a night of absolute indulgence, resplendent with dance, wine, and sex to celebrate his fondness for his brethren.","오래 전, 그분께서는 형제들과 함께 자신의 자애로움을 널리 알리고자 춤, 와인, 섹스로 점철된 완벽한 여흥의 밤을 보내기로 결심하셨습니다.",record,False,False,False,False,,
Oblivion.esm,INFO,000139AF,,NAM1,2,,,The Greenmote flowed like water in a stream as the revelers voraciously succumbed to its rapturous ways.,Greenmote은 강물처럼 흘렀으며 주연에 참석한 자들은 Greenmote이 주는 쾌락속으로 탐욕스럽게 빠져들어갔지요.,record,False,True,False,False,MEDIUM,"Greenmote, Greenmote"
Oblivion.esm,DIAL,0001364F,SE07RitualNoM,FULL,0,,,Tell me what to do.,무엇을 해야 할지 알려주세요.,record,False,False,True,False,TOPIC_CHECK,
Oblivion.esm,INFO,00013661,,NAM1,0,,,"Certainly. When the ruler of Mania has decided it is time, he will choose a successor from his court.","그러지요. 매니아(Mania)의 통치자가 결정되었다면, 자신의 영지에서 후계자를 선택하게 됩니다.",record,True,True,False,False,HIGH,Mania
Oblivion.esm,INFO,00013661,,NAM1,1,,,"The successor is invited to a huge celebration... a night of hedonistic revelry; wine, song, and, of course, Greenmote.","후계자는 와인, 노래, 그리고 물론, Greenmote이 넘쳐 흐르는 쾌락의 밤에 초대되지요. ",record,False,True,False,False,MEDIUM,Greenmote
Oblivion.esm,INFO,00013661,,NAM1,2,,,"During this, the exiting regent imbibes three doses of the potent drug. This causes his heart to burst... and his lifeblood flows from his body.","이 연회 동안, 현재의 통치자는 세 개의 Greenmote을 먹게 됩니다. 그러면 그의 심장은 터지고 그의 피가 몸에서 흘러나오게 되지요.",record,False,True,False,False,MEDIUM,Greenmote
Oblivion.esm,INFO,00013661,,NAM1,3,,,The successor then gathers the drug-tainted blood and brings it to the Altar of Arden-Sul in the Sacellum.,"후계자는 Greenmote 성분이 들어있는 피를 받아, 여기 사셀럼(Sacellum)에 있는 아덴-술(Arden-Sul)의 제단에 바치면 됩니다.",record,True,True,False,False,HIGH,"Greenmote, Sacellum, Arden-Sul"
Oblivion.esm,INFO,00013661,,NAM1,4,,,"Once this is done, I will proclaim the successor a Duke or Duchess. Then, Sheogorath gives His blessing, and the cycle is completed.","여기까지 끝나면 전 새로운 공작이 되었음을 선포합니다. 다음, 쉐오고라스 폐하께서 축복해 주시고 의식은 전부 끝나게 되는 것입니다.",record,False,False,False,False,,
Oblivion.esm,DIAL,00013650,SE07Ritual,FULL,0,,,Ritual of Accession,계승 의식,record,False,False,True,False,TOPIC_CHECK,
Oblivion.esm,INFO,00013665,,NAM1,0,,,"As I've told you friend, the Duke's drug-tainted blood must be brought to the Altar of Arden-Sul.","말씀드렸던대로, 성분이 남아있는 공작의 피를 아덴-술(Arden-Sul)의 제단에 바치세요.",record,True,True,False,False,HIGH,Arden-Sul
Oblivion.esm,INFO,00013655,,NAM1,0,,,"An important part of our history, my friend! I would be glad to tell the tale if you have a moment.",역사의 아주 중요한 부분이지요! 시간이 있으시다면 제가 기꺼이 들려드리겠습니다. ,record,False,False,False,False,,
Oblivion.esm,INFO,00013658,,NAM1,0,,,Didn't we go over this already? Bring the Duke's heart to the Altar of Arden-Sul. It's quite simple.,이미 말했지 않소? 심장을 아덴-술(Arden-Sul)의 제단에 바치시오.,record,True,True,False,False,HIGH,Arden-Sul
Oblivion.esm,INFO,00013660,,NAM1,0,,,"Seldom is the subject ever bro-... wait a moment, did you want to hear the history of the Ritual?",그 일은 거의.... 잠깐. 의식에 대한 역사를 들어보시겠소?,record,False,False,False,False,,
Oblivion.esm,INFO,0007893F,,NAM1,0,,,"Obviously, no matter which path you take, it ends in the death of either Syl or Thadon.","명백히, 당신이 어떤 행동을 하던지, 결국은 실(Syl) 영주님이나 새든(Thadon) 영주님이 죽을 것입니다.",record,True,True,False,False,HIGH,"Syl, Thadon"
Oblivion.esm,INFO,0007893F,,NAM1,1,,,Just remember not to deviate from the Ritual's guidelines. One would hope you can do that.,의식(Ritual)의 지침에 벗어나지 않을 것을 기억하십시오. 당신은 할 수 있을 것입니다.,record,True,True,False,False,HIGH,Ritual
Oblivion.esm,DIAL,00013651,SE07RitualNoD,FULL,0,,,Tell me what to do.,무엇을 해야 할지 알려주세요.,record,False,False,True,False,TOPIC_CHECK,
Oblivion.esm,INFO,0001365F,,NAM1,0,,,Very well. Spoken like a true son of the Demented.,아주 좋습니다. 꼭 디멘시아의 인격처럼 말씀하시는군요.,record,False,False,False,False,,
Oblivion.esm,INFO,0001365F,,NAM1,1,,,"To become ruler of Dementia, the current leader's heart must be cut out and brought to the Altar of Arden-Sul in the Sacellum.",디멘시아(Dementia)의 통치자가 되려면 현재 통치자의 심장을 잘라내어 여기 사셀럼(Sacellum)에 있는 아덴-술(Arden-Sul)의 제단에 바쳐야 하오. ,record,True,True,False,False,HIGH,"Dementia, Sacellum, Arden-Sul"
Oblivion.esm,INFO,0001365F,,NAM1,2,,,"Once this is done, I can pronounce the heart-bearer a Duke or Duchess. Then, all that is required is the blessing of our lord, Sheogorath.","디멘시아의 지배자가 되려면, 반드시 현재 지도자의 심장을 잘라내 사셀룸 안에 있는 아덴-술의 제단으로 가져가야 합니다.",record,False,False,False,False,,
Oblivion.esm,DIAL,00013652,SE07Become,FULL,0,,,Replacing a Duke,공작 교체,record,False,False,True,False,TOPIC_CHECK,
Oblivion.esm,INFO,00013657,,NAM1,0,,,"Yes... how we would all aspire to be as great a leader as the First... our savior Arden-Sul, the greatest Duke of the ages.",네.. 우리들의 최고이시며 가장 위대한 듀크(Duke)시대의 구세주이신 에덴-술(Arden-Sul)님을 얼마나 기다려왔는지 모르겠습니다.,record,True,True,False,False,HIGH,"Duke, Arden-Sul"
Oblivion.esm,INFO,00013657,,NAM1,1,,,We celebrate him with the Ritual of Accession... the path to Maniac Bliss.,우리는 그의 계승의식(Ritual of Accession)을 축하는 바입니다. the path to Maniac Bliss.,record,True,True,False,False,HIGH,"Ritual, of, Accession, the, path, to, Maniac, Bliss"
Oblivion.esm,INFO,0001365E,,NAM1,0,,,"Interesting. Not many wish to hear about such things, but I would be glad to oblige.",흥미롭소. 대부분 그런 일에 대해 듣고 싶어 하지 않는데... 내 기꺼이 말씀 드리리다.,record,False,False,False,False,,
Oblivion.esm,INFO,0001365E,,NAM1,1,,,"Becoming the Duke of Dementia requires passage through the Ritual of Accession, specific guidelines set forth by Arden-Sul himself.",디멘시아(Dementia)의 공작이 되려면 계승의 의식을 치러야 하오. 아덴-술(Arden-Sul) 자신께서 선례를 남겨 그 본보기를 보였소. ,record,True,True,False,False,HIGH,"Dementia, Arden-Sul"
Oblivion.esm,INFO,0007893E,,NAM1,0,,,I offer you this: remember who it is you're attempting to replace. You'll need to approach them in a manner to which they are not accustomed.,제가 당신에게 이걸 제안해드리겠습니다.,record,False,False,False,False,,
Oblivion.esm,INFO,0007893E,,NAM1,1,,,"Syl anticipates plots against her, so expect heavy resistance that may require a great deal of fighting and physical exertion.",실(Syl) 영주님께서 먼저 그녀의 음모로 대항하여 거대한 싸움이 일으켜 큰 전투가 필요하게 될 것이라 생각됩니다.,record,True,True,False,False,HIGH,Syl
Oblivion.esm,INFO,0007893E,,NAM1,2,,,"If you wish to replace Thadon, try a less direct approach that will involve cunning and subterfuge. He isn't likely to see you coming.","새든(Thadon), 만약 당신이 되길 바란다면 교묘하고 구실 좋게 이용하십시오. 그는 당신이 다가오는 것을 모를 것입니다.",record,True,True,False,False,HIGH,Thadon
Oblivion.esm,DIAL,00013653,SE07RitualYesD,FULL,0,,,"Please, explain the Ritual's history.","제발, 의식의 역사를 설명해 주세요.",record,False,False,True,False,TOPIC_CHECK,
Oblivion.esm,INFO,0001365D,,NAM1,0,,,"As it happened so many years ago, my lord Arden-Sul suspected a traitor in his midst.",아주 오래전에 일어난 일이오. 군주이셨던 아덴-술(Arden-Sul)은 그분의 집단에서 배신자로 의심받게 되셨소. ,record,True,True,False,False,HIGH,Arden-Sul
Oblivion.esm,INFO,0001365D,,NAM1,1,,,"Not wishing to find himself on the wrong end of a blade, he gathered his flock here in the Sacellum.","오해로 인한 칼부림에 죽고 싶지는 않으셨기에, 그분께서는 자신의 무리를 여기 사셀럼(Sacellum)에 모으셨소.",record,True,True,False,False,HIGH,Sacellum
Oblivion.esm,INFO,0001365D,,NAM1,2,,,"By poisoning the sacramental wine, Arden-Sul was able to suppress any such conspiracy in one fell swoop.","아덴-술(Arden-Sul)께서는 의식용 와인에 독을 탔고, 그것으로 자신을 급습하려는 음모를 막을 수 있었소.",record,True,True,False,False,HIGH,Arden-Sul
Oblivion.esm,DIAL,00013654,SE07Displeased,FULL,0,,,Won't the Dukes be displeased?,공작이 불쾌해하지 않을까요?,record,False,False,True,False,TOPIC_CHECK,
Oblivion.esm,INFO,0001365C,,NAM1,0,,,"No. No, no, no. Absolutely not.","아냐, 아냐, 아냐, 아냐. 절대 아니네.",record,False,False,False,False,,
Oblivion.esm,INFO,0001365C,,NAM1,1,,,Well... yes. Absolutely. Bit of a shame for them.,음........... 맞네.. 분명 그럴거야. 그 둘이 좀 불쌍하군.,record,False,False,False,False,,
Oblivion.esm,INFO,0001365C,,NAM1,2,,,"But, sometimes you need to break a few eggs. Or skulls. There are rules, though. Even in the Isles. Rituals and rules. You need to follow them.",하지만 때에 따라서 달걀이건 머리통이건 깨야 할 때도 있는 것일세. 아무리 광기의 세계라지만 여기에도 의식과 전통이라는 게 있네. 자네도 거기에 따라야 해.,record,False,False,False,False,,
Oblivion.esm,INFO,0001365C,,NAM1,3,,,"Speak to Arctus and Dervenin, the High Priests at the Sacellum Arden-Sul. They can explain what needs to be done.",사셀럼(Sacellum) 아덴-술(Arden-Sul)의 최고 사제인 악투스(Arctus)와 더베닌(Dervenin)하고 이야기해 보게. 그자들이 뭘 해야 할지 설명해 줄 것일세.,record,True,True,False,False,HIGH,"Sacellum, Arden-Sul, Arctus, Dervenin"
Oblivion.esm,INFO,0001365C,,NAM1,4,,,"And you've always got our man Haskill to call on for help. Faithful like a good hound, that one. And he looks better in a suit.",그리고 언제나 우리의 해스킬(Haskill)에게 도움을 청할 수도 있네. 말 잘듣는 사냥개처럼 충직하지. 옷도 예전보다는 어울리는 것 같고 말일세. ,record,True,True,False,False,HIGH,Haskill
Oblivion.esm,DIAL,00013662,SE05Accuse,FULL,0,,,You will be held for questioning.,심문을 받게 될 겁니다.,record,False,False,True,False,TOPIC_CHECK,
Oblivion.esm,DIAL,00013663,SE05AccuseNM,FULL,0,,,You may go about your business.,일하러 가도 좋습니다.,record,False,False,True,False,TOPIC_CHECK,
Oblivion.esm,DIAL,000139A7,SE07GreenmoteTopic,FULL,0,,,Greenmote,그린모트,record,False,False,True,False,TOPIC_CHECK,
Oblivion.esm,INFO,000139AE,,NAM1,0,,,How does one describe utter euphoria?,어떻게 그것이 확실히 안전하다고 말할 수 있습니까?,record,False,False,False,False,,
Oblivion.esm,INFO,000139AE,,NAM1,1,,,"It is the substance that shapes our imagination and makes every day a joyful, waking dream.",그건 그저 우리가 상상하고 매일 즐겁게 몽상한 것에 의해 만들어진 형태에 불과합니다.,record,False,False,False,False,,
Oblivion.esm,INFO,000139AE,,NAM1,2,,,"Harvested from the spore trees that dot Bliss, the Greenmote is refined and kept in storage for use by all.",스포어 나무에서 얻을 수 있는 그린모트(Greenmote)는 기쁨(Bliss)의 정점으로 우리 모두에게 사용되기 위해 보관되고 있습니다.,record,True,True,False,False,HIGH,"Greenmote, Bliss"
Oblivion.esm,DIAL,000139A8,SE07ChDementia,FULL,0,,,"I choose Syl, Duchess of Dementia.",나는 디멘시아의 여공작 실을 선택합니다.,record,False,False,True,False,TOPIC_CHECK,
Oblivion.esm,INFO,000139AD,,NAM1,0,,,"A dangerous choice. I like it! She's gotten to be a bit much, anyway. Thinks everyone is out to get her. Which they are, in this case. So be it.","위험스런 선택이구만. 마음에 들어! A dangerous choice. I like it! She's gotten to be a bit much, anyway. Thinks everyone is out to get her. Which they are, in this case. So be it.",record,False,True,False,False,MEDIUM,"dangerous, choice, like, it, She's, gotten, to, be, bit, much, anyway, Thinks"
Oblivion.esm,DIAL,000139A9,SE07ChMania,FULL,0,,,"I choose Thadon, Duke of Mania.",나는 매니아의 공작 테이던을 선택하겠습니다.,record,False,False,True,False,TOPIC_CHECK,
Oblivion.esm,INFO,000139AC,,NAM1,0,,,"A safer choice, perhaps. Maybe you'll live through this. Thadon's a bit lost these days. Not that it's a bad thing. It suits him. Until now.","흠, 보다 안전한 선택을 했구만. 아마 이번 일 동안 죽을 일은 거의 없을 걸세. 테이든(Thadon)이 요즘 좀 낙담한것 같네만. 그리 나쁜 것은 아니지. 오히려 더 어울려. 지금까지는...",record,True,True,False,False,HIGH,Thadon
Oblivion.esm,INFO,000139AC,,NAM1,1,,,"Besides, won't it be a grand surprise when you make his heart burst from too much Greenmote? Thadon loves surprises!","그건 그렇고, Greenmot을 엄청 먹여서 심장을 터지게 만들다니 놀라겠구만 그래. 테이든(Thadon)은 깜짝선물을 좋아하지.",record,True,True,False,False,HIGH,"Greenmot, Thadon"
Oblivion.esm,DIAL,000139B0,SE05SylKill,FULL,0,,,Why not just have them all killed?,그들을 모두 죽이지 않습니까?,record,False,False,True,False,TOPIC_CHECK,
Oblivion.esm,INFO,000139B2,,NAM1,0,,,"That's exactly what they'd be expecting. They'll have replacements lined up, and then there could be even more of them surrounding me.",그게 바로 놈들이 원하는 바이지. 놈들에게는 대신할 자들이 얼마든지 있으니 결국 내 주위는 놈들로 가득하게 될 것이야.,record,False,False,False,False,,
Oblivion.esm,INFO,000139B2,,NAM1,1,,,"No, no. Too easy a fate for them. That's why you're going to help me. You're going to find them, force their hands. Put them to the screws.","안되지, 안돼. 죽는 것은 놈들에게 자비다. 네가 날 돕거라. 놈들을 찾아내어 손을 결박하고 간수에게 넘겨라.",record,False,False,False,False,,
Oblivion.esm,DIAL,000139B1,SE05SylWho,FULL,0,,,Who's spying on you?,누가 당신을 감시하고 있는가?,record,False,False,True,False,TOPIC_CHECK,
Oblivion.esm,INFO,000139B3,,NAM1,0,,,Could be all of them. Every last one. None can be trusted.,"내 주위에 있는 자 전부, 마지막 한사람 까지 말이다. 믿을 만한 자는 아무도 없어.",record,False,False,False,False,,
Oblivion.esm,INFO,000139B3,,NAM1,1,,,But they'll never take me down. Never! I'll see them all rotting in shallow graves before I let my guard down!,하지만 결코 날 쓰러뜨리진 못해. 결코! 내가 죽어 호위병들이 고개를 떨구기 전까지 놈들이 죽어 무덤 밑에서 썩어가는 것을 보리라!,record,False,False,False,False,,
Oblivion.esm,INFO,000139B3,,NAM1,2,,,"You... you will help me. Yes, yes. You will be most useful.",넌.... 날 돕거라. 그래. 그래. 네가 가장 쓸모있겠구나.,record,False,False,False,False,,
Oblivion.esm,INFO,00013A56,,NAM1,0,,,"Hrmph. Very well, Steward. I believe you. You may return to your duties. And of course, thank you for your time.","응. 좋을 것입니다, 집사전. 믿어요. 일하러 돌아와 주세요. 아그렇게 자주, 시간을 할애해 주어 감사하고 있어요.",record,False,False,False,False,,
Oblivion.esm,INFO,00013FEC,,NAM1,0,,,"She doesn't tell me where she goes. It's not my place to know. Please, there's nothing else. There's nothing else to tell you.","어디에 갈까는 그녀는 이야기하지 않다. 내가 알고 있는 장소는 아니다. 부탁이다, 그 밖에 아무것도 모른다. 너에게 말할 수 있는 것은 그 밖에 아무것도 없어.",record,False,False,False,False,,
Oblivion.esm,INFO,00013FED,,NAM1,0,,,"What do you mean, she goes somewhere? Where does she go?",무슨 일입니까? 그녀는 어딘가에 갔습니까? 그녀가 간 것은 어디입니까?,record,False,False,False,False,,
Oblivion.esm,INFO,00013FEE,,NAM1,0,,,"Wait! Wait, no. Please. All I know is that on certain nights, Syl asked me to guard her chambers. She never said why. I think she went somewhere.","기다려라! 기다려 주어 싫다. 부탁이다. 내가 알고 있는 것은, 어느 밤Syl님이 그녀의 방의 경호가 요구된 것 뿐이다. 왠지는 말하지 않았다. 어딘가에 갔다라고 생각한다.",record,False,True,False,False,MEDIUM,Syl
Oblivion.esm,INFO,00013FEF,,NAM1,0,,,"Very well, then. You leave me no choice...",그렇다면 좋을 것입니다. 선택의 여지는 없네<0xA1><0xA6>.,record,False,False,False,True,HIGH,
Oblivion.esm,INFO,00013FF0,,NAM1,0,,,I told you. I'm not hiding anything.,말했을 것이다. 굳이 숨겨 같은 것 없다.,record,False,False,False,False,,
Oblivion.esm,INFO,00013FF1,,NAM1,0,,,"Yes, yes. I'm sure I will. But for now, we still have the matter of the information you're withholding. Will you share it with us?",네네. 알고 있습니다라고도. 그러나 현재암들은 네가 말하고 있는 정보의 일을 안고 있습니다. 암들과 공유하면 어떻습니까?,record,False,False,False,False,,
Oblivion.esm,INFO,00013FF2,,NAM1,0,,,"You'll.... You'll pay for this, Herdir. Make no mistake...","와<0xA1><0xA6>이 대상은 지불해 주겠어, Herdir. 틀림없이<0xA1><0xA6>.",record,False,True,False,True,HIGH,Herdir
Oblivion.esm,INFO,00013FF3,,NAM1,0,,,"Does that pain you, Kithlan? Unless you want to feel it again, you'd best tell us what you know.","너를 괴로워하게 했는지? Kithlan전. 또 그것을 느끼고 싶지 않으면, 알고 있는 일을 암들에게 이야기해야 한다.",record,False,True,False,False,MEDIUM,Kithlan
Oblivion.esm,INFO,00013FE9,,NAM1,0,,,"I'm sorry, Kithlan, but I don't believe you. I think you're lying. And you know what happens to people who lie to me.","미안하지만 Kithlan전, 너를 믿을 수 없다. 거짓말하고 있다고 생각하는군. 나에게 거짓말한 사람을 어떻게 될까 알고 있지요.",record,False,True,False,False,MEDIUM,Kithlan
Oblivion.esm,INFO,00013A57,,NAM1,0,,,What are you talking about? I don't know anything! There's nothing going on!,무슨 것을 이야기하고 있지? 나는 아무것도 모른다! 아무것도 일어나 어쩐지 없다!,record,False,False,False,False,,
Oblivion.esm,INFO,00013A58,,NAM1,0,,,"Is that so? Well, then perhaps you know something that may be useful to our Inquisitor. Would you care to share that information?",그렇습니까? 그렇다면 아마 우리들이 심문관전에 도움이 되는 무엇인가를 지비치겠지요. 그 정보를 공유할 생각은 없습니까?,record,False,False,False,False,,
Oblivion.esm,INFO,00013A5A,,NAM1,0,,,But I AM innocent. I've done nothing!,이지만 나는 결백이다. 나는 아무것도 하지 않다!,record,False,False,False,False,,
Oblivion.esm,INFO,00013A5B,,NAM1,0,,,"Lady Syl, you mean. And you know I have her full authority to do what is necessary. Your innocence must be proven.","Syl님, 입니까. (이)라면 내가 필요한 일을하기 위한 그녀의 최대의 권한이 주어지고 있다고(면) 아시는 바지요. 너의 결백을 증명하지 않으면 안되네.",record,False,True,False,False,MEDIUM,Syl
Oblivion.esm,INFO,00013A5C,,NAM1,0,,,"Herdir, you filth. You don't dare touch me. Syl will have your head!","Herdir인가, 너는 쓰레기다. 너 같은 것 나에게 손댈 수도 있는 원. Syl님은 너를 해고에도 할 수 있는 것이야!",record,False,True,False,False,MEDIUM,"Herdir, Syl"
Oblivion.esm,INFO,00013A5F,,NAM1,0,,,"Hello, Steward. Welcome to my little corner of the castle.","안녕하세요, 집사전. 성의 이런 한쪽 구석에 어서 오십시오.",record,False,False,False,False,,
Oblivion.esm,DIAL,00013A60,SE07AAnya,FULL,0,,,Anya Herrick,앤야 헤릭,record,False,False,True,False,TOPIC_CHECK,
Oblivion.esm,INFO,00013A6D,,NAM1,0,,,Shhh. The walls have ears!,쉿! 낮말은 새가 듣고 밤말은 쥐가 들어요.,record,False,False,False,False,,
Oblivion.esm,INFO,00013A6D,,NAM1,1,,,"I hear that in light of recent events at the palace, Anya Herrick is more loyal to Syl than ever. In fact, she rarely leaves her side!",최근 궁전에서 벌어진 일 때문에 앤야 헤릭은 전보다 훨씬 충실히 실 여공작을 모신다던데요. 거의 곁에서 떠나지를 않는데요!,record,False,False,False,False,,
Oblivion.esm,INFO,00013A6E,,NAM1,0,,,Do you take me for a fool? How do I know you aren't acting as an agent of Dementia?,내가 바보로 보이나요? 당신이 디멘시아 첩자가 아닐지 어떻게 알아요?,record,False,False,False,False,,
Oblivion.esm,DIAL,00013A61,SE07AKithlan,FULL,0,,,Kithlan,키슬란,record,False,False,True,False,TOPIC_CHECK,
Oblivion.esm,INFO,00013A6B,,NAM1,0,,,"Well, I've heard that recent events in Syl's court have made Kithlan a bit disillusioned with its leadership. But you didn't hear that from me.",최근에 궁전에서 벌어진 일 때문에 키슬란이 여공작의 통솔력을 의심하기 시작했나 봐요. 저한테서 들었다고 하시면 안 돼요.,record,False,False,False,False,,
Oblivion.esm,INFO,00013A6C,,NAM1,0,,,"Yeah, sure. Like I'm going to say something about Syl's court to the likes of you!",아. 물론입니다. 전 실(Syl) 영주님의 궁전에 대해 당신에게 말하는 것이 좋습니다!,record,True,True,False,False,HIGH,Syl
Oblivion.esm,DIAL,00013A62,SE07BThadon,FULL,0,,,Thadon,테이던,record,False,False,True,False,TOPIC_CHECK,
Oblivion.esm,INFO,000167DE,,NAM1,0,,,"Yes, I must attend to him. Speaking to you has already cost me time. I must go.",이제 그분께 가봐야 해요. 당신과 이야기를 나누느라 시간이 꽤 흘렀군요. 가봐야 겠어요. ,record,False,False,False,False,,
Oblivion.esm,INFO,000167E0,,NAM1,0,,,"Such a kind and noble man. In times like these, it's good to have a leader who still enjoys all the modern pleasures Mania has to offer.",친절하고 고귀하신 분이예요. 요즘 같은 시기에 현대적 향락을 즐길 줄 아는 지도자를 모신다는 것은 좋은 일이지요.,record,False,False,False,False,,
Oblivion.esm,INFO,00016EA8,,NAM1,0,,,"Ah yes, and what of our Duke of Mania?","아 네, 그런데 우리 매니아의 군주(Duke of Mania)는 누구입니까?",record,True,True,False,False,HIGH,"Duke, of, Mania"
Oblivion.esm,INFO,0006A896,,NAM1,0,,,"Thadon may be in a constant state of euphoria, but I wouldn't underestimate his intelligence. Oh, this is so much fun!",아마 테이든(Thadon)은 약에 취해 몽롱한 상태일걸세. 그렇다고 그의 지혜를 얕보지는 말게나. 이거 재미있어 지겠구만! ,record,True,True,False,False,HIGH,Thadon
Oblivion.esm,INFO,00016570,,NAM1,0,,,"If I were you, I'd check with Thadon's Steward, Wide-Eye.",내가 당신이라면 테이든(Thadon)의 대신인 와이드 아이(Wide-Eye)와 만나보겠소. ,record,True,True,False,False,HIGH,"Thadon, Wide-Eye"
Oblivion.esm,INFO,00016570,,NAM1,1,,,"You can usually find her roaming around New Sheoth, or spending a lot of time on the palace grounds.",그녀는 주로 뉴 쉐오스(New Sheoth)를 산책하던가 성안에서 대부분의 시간을 보냅니다.,record,True,True,False,False,HIGH,"New, Sheoth"
Oblivion.esm,DIAL,00013A63,SE07ASyl,FULL,0,,,Syl,실,record,False,False,True,False,TOPIC_CHECK,
Oblivion.esm,INFO,00013FFD,,NAM1,0,,,She is staying well out of sight. No need to take unnecessary risks.,그분은 모습을 거의 드러내시지 않으시네요. 쓸데없는 위험을 부담할 필요는 없죠. ,record,False,False,False,False,,
Oblivion.esm,INFO,00013FFD,,NAM1,1,,,I maintain a close watch on her. She fears that Sheogorath no longer favors her presence and wants her replaced.,그분을 계속 지켜보는 중이에요. 쉐오고라스(Sheogorath) 폐하께서 공작부인을 달가워하지 않으시고 다른 사람으로 바꿔버릴까봐 전전긍긍하시는 중이에요.,record,True,True,False,False,HIGH,Sheogorath
Oblivion.esm,INFO,00013A6F,,NAM1,0,,,"I suppose I should be grateful working in the palace with her, but I can't stand having to constantly look over my shoulder.","궁에서 일 할수 있게 되어 감사해야 된다는 것은 알지만, 계속 등 뒤를 조심하기도 이젠 지쳤소. ",record,False,False,False,False,,
Oblivion.esm,INFO,00013A6F,,NAM1,1,,,I don't know if she has it in for me or not. I think she is in constant fear of being replaced.,그분께서 날 생각해 주는지 마는지는 모르겠소. 그분은 지위를 잃을지도 모른다는 생각에 끊임없이 떨고 있는 것 같소.,record,False,False,False,False,,
Oblivion.esm,INFO,00013A68,,NAM1,0,,,"All I can tell you is Syl is rarely seen in public, and her staff takes care of the day-to-day activities.",실(Syl) 공작부인이 사람들에게 거의 모습을 드러내지 않는다는 것 하고 신하들이 매일 정황을 살핀다는 것 밖에는 몰라요.,record,True,True,False,False,HIGH,Syl
Oblivion.esm,INFO,00013A68,,NAM1,1,,,"I'd check with Anya Herrick, her Courtier, and Kithlan, her Steward. Maybe they can help you.",가신인 안냐 헤릭(Anya Herrick)하고 대신인 키슬란(Kithlan)한테 가봐요. 그 두사람이 도와줄지도 몰라요.,record,True,True,False,False,HIGH,"Anya, Herrick, Kithlan"
Oblivion.esm,INFO,0006A890,,NAM1,0,,,"Syl is as crafty as she is beautiful. I'd watch my back if I were you. Oh, this is so much fun!","실(Syl)은 그 아름다움 만큼이나 교활하다네. 나라면 등뒤를 조심할걸세. 오, 이거 정말 재미있겠구만! ",record,True,True,False,False,HIGH,Syl
Oblivion.esm,DIAL,00013A64,SE07RitualYesD02,FULL,0,,,He killed them all?,그가 그들을 모두 죽였나요?,record,False,False,True,False,TOPIC_CHECK,
Oblivion.esm,INFO,00013A66,,NAM1,0,,,Yes. He then removed their hearts from their bodies and used his ancient scrying technique known as visceromancy to read their lifeblood.,"그렇소. 그 다음, 그들의 몸에서 심장을 꺼내셨고, Visceromancy라고 알려진 고대 점술로 그들의 본심을 읽어내려 하셨소.",record,False,True,False,False,MEDIUM,Visceromancy
Oblivion.esm,INFO,00013A66,,NAM1,1,,,"When Arden-Sul couldn't divine the traitor's true nature in their hearts, he became distraught and took his own life in the same way.","그분께서는 심장을 통해 배신자의 진짜 본심을 읽어내지 못하게 되자, 갑자기 미쳐버려서는 같은 방법으로 자신의 목숨을 끊으셨소.",record,False,False,False,False,,
Oblivion.esm,INFO,00013A66,,NAM1,2,,,"From that day on, the Ritual of Accession for the throne of Dementia was set.",그날 이후로 디멘시아(Dementia)의 옥좌를 계승하는 의식이 정립된 것이오. ,record,True,True,False,False,HIGH,Dementia
Oblivion.esm,DIAL,00013A65,SE07RitualYesM02,FULL,0,,,This hardly sounds lethal.,이건 치명적이라고는 할 수 없네요.,record,False,False,True,False,TOPIC_CHECK,
Oblivion.esm,INFO,00013A67,,NAM1,0,,,"Ahhh, but it was. As the bacchanal reached a crescendo, the people began to clutch their chests as their very hearts exploded!","아, 아닙니다.  주연의 쾌락이 극에 달하자, 사람들은 마치 자신들의 심장이 폭발하는 것인 양 가슴을 부여잡기 시작했습니다.",record,False,False,False,False,,
Oblivion.esm,INFO,00013A67,,NAM1,1,,,The Greenmote had taken its toll. The ground stained a deep crimson as the sanguine liquid flowed from their lifeless bodies.,Greenmote이 생명을 앗아간 것입니다. 바닥은 시신에서 흘러나온 진홍색 액체로 붉게 물들었습니다.,record,False,True,False,False,MEDIUM,Greenmote
Oblivion.esm,INFO,00013A67,,NAM1,2,,,"To represent that night, when the ruler of Mania is to be replaced, he partakes of the Greenmote and allows his lifeblood to flow upon the Altar.","그날을 기리고자, 매니아(Mania)의 통치자가 바뀔때에는 Greenmote 성찬을 함께 하고 통치자의 생혈이 제단에 흐르도록 하게 되었습니다.",record,True,True,False,False,HIGH,"Mania, Greenmote"
Oblivion.esm,INFO,00014450,,NAM1,0,,,"As you wish, Miss Herrick. Thank you for your time. And please, come back and see me some time.","소망대로, Herrick양. 시간을 할애해 주어 감사하고 있어요. 그것과 또 언젠가 만나로 돌아와 주세요.",record,False,True,False,False,MEDIUM,Herrick
Oblivion.esm,INFO,0001447B,,NAM1,0,,,"Yes, yes! I swear it's the truth! Please, please let me go!","그래요, 그래! 진실하다고 맹세해요! 부탁이야, 이제(벌써) 가게 해 줘!",record,False,False,False,False,,
Oblivion.esm,INFO,0001447C,,NAM1,0,,,Is that so?,그러하느냐?,record,False,False,False,False,,
Oblivion.esm,INFO,0001447D,,NAM1,0,,,"It was Muurine. She said she found a note from Thadon, that she would tell people it was written to me unless I paid her. It's not mine, I tell you!","Muurine야. 그녀는 Thadon의 메모를 찾아냈다고 했어요, 내가 그녀에게 보답하지 않는 이상 내가 쓰여진 메모를 모두에게 퍼뜨린다 라고. 말해 놓지만, 그것은 나의 것이 아니어요!",record,False,True,False,False,MEDIUM,"Muurine, Thadon"
Oblivion.esm,INFO,0001447E,,NAM1,0,,,"Threatened? Who threatened you, my dear?",위협했어? 누가 아가씨를 위협해도?,record,False,False,False,False,,
Oblivion.esm,INFO,0001447F,,NAM1,0,,,"I... I didn't do anything. She threatened me, but I didn't do anything. I'm loyal to Syl, I tell you!","원<0xA1><0xA6>나는 아무것도 하고 있지 않아요. 그녀는 나를 위협했지만, 아무것도 하지 않았던 것. 나는 Syl님이 충실하다고 말하고 있지!",record,False,True,False,True,HIGH,Syl
Oblivion.esm,INFO,00014480,,NAM1,0,,,"Yes, well. I suspect our Inquisitor would like to see you leave as well. As soon as you tell me what I want to know, you may go.","네그렇네요. 우리들이 심문관전도 이와 같이 귀부인이 떠나는 것을 보고 싶은 것 같습니다. 알고 싶은 것을 이야기하면 당장이라도, 갈 수 있을지도 모르네.",record,False,False,False,False,,
Oblivion.esm,INFO,00014481,,NAM1,0,,,I... I don't want to stay here! Please stop hurting me!,원<0xA1><0xA6>나는 여기에 있고 싶지는 않습니다! 제발 나를 손상시키는 것은 멈추어!,record,False,False,False,True,HIGH,
Oblivion.esm,INFO,00014482,,NAM1,0,,,"Now Miss Herrick, can we be frank with one another? I find you delightful. I'd so enjoy the pleasure of your company for a long time to come.",그런데로 Herrick양. 서로 솔직해질까? 귀부인을 즐기고 있다고(면) 알아. 귀부인을 맞이하는 것을 긴 일 기대하고 있었어.,record,False,True,False,False,MEDIUM,Herrick
Oblivion.esm,INFO,00014486,,NAM1,0,,,I think there's more to it than that. And I see that I'm going to have to persuade you to be honest with me. How delightful.,그것보다는 많은 일이 있다고 생각합니다만. 아무튼나에게 정직하게 되도록(듯이) 귀부인을 설득하지 않으면 되지 않아 것은 알았어요. 정말 즐겁겠지.,record,False,False,False,False,,
Oblivion.esm,INFO,00014451,,NAM1,0,,,"What? No! I'm loyal to Lady Syl, I swear it! I would never turn against her! I just heard a rumor, that's all! I don't know anything!","무엇입니다는? 달라요! 나는 Syl님이 충실해요, 맹세해요! 결코 그녀에게 적대같은 것을 하지 않아요! 그것은 모두소문이야! 나는 아무것도 몰라!",record,False,True,False,False,MEDIUM,Syl
Oblivion.esm,INFO,00014452,,NAM1,0,,,"Come now. We all know you've spread rumors about Thadon leaving his section of the palace late at night. You've been meeting him, haven't you?","이봐 이봐. 암들은, 밤 늦게 자신의 구획을 떨어져 있는 Thadon에 대한 소문을, 귀부인이 넓히고 있다고(면) 알고 있어. 귀부인은 그를 만나는 것일까, 다를까?",record,False,True,False,False,MEDIUM,Thadon
Oblivion.esm,INFO,00014453,,NAM1,0,,,"No, no! I haven't been plotting anything! I swear it!",아니요 달라요! 나는 아무것도 기도하지 않다! 맹세해요!,record,False,False,False,False,,
Oblivion.esm,INFO,00014454,,NAM1,0,,,"Oh, I think we both know the answer to that. You're here because you know something. You're plotting behind Lady Syl's back, and you've been caught.","아, 그렇다면 암들이 대답을 알고 있다고 생각해요. 귀부인이 무엇인가를 알고 있으니 여기에 있습니다. 귀부인은 Syl님이 숨어 무엇인가 기도하고 있다, 그래서 잡혔습니다.",record,False,True,False,False,MEDIUM,Syl
Oblivion.esm,INFO,00014455,,NAM1,0,,,"What? I... No, that's not it at all. I just... I don't know. Why am I here?",무엇? 나<0xA1><0xA6>아니요 그렇지 않아요. 다만<0xA1><0xA6>몰라요. 왜 나는 여기에?,record,False,False,False,True,HIGH,
Oblivion.esm,INFO,00014459,,NAM1,0,,,"Welcome, Miss Herrick! Welcome! I'd been hoping to have a chance to chat with you. I get the sense that you avoid me.","어서 오십시오, Herrick양! 귀부인이라고는 이야기할 기회가 있으면과 바라고 있었습니다. 아무래도 나를 피하고 있는 것 같아서.",record,False,True,False,False,MEDIUM,Herrick
Oblivion.esm,INFO,00015636,,NAM1,0,,,Now you will release me at once!,"이봐요, 곧바로 나를 해방해 주세요!",record,False,False,False,False,,
Oblivion.esm,INFO,00015858,,NAM1,0,,,"Why would I be so stupid as to carry it around? It's safe in my home. Yes, that's right. Are you going to go and get it yourself? I think not.","내가 그것을 가지고 다닐 만큼 바보같다고 생각해? 집에 안전하게 놓여져 있어요. 네, 당연해요. 당신은 스스로 취하러 갈 생각? 나는 그렇게는 생각하지 않네요.",record,False,False,False,False,,
Oblivion.esm,INFO,00015859,,NAM1,0,,,Where is this note? Produce it immediately!,그 메모는 어디입니까? 곧바로 그것을 내 주세요!,record,False,False,False,False,,
Oblivion.esm,INFO,0001585A,,NAM1,0,,,"The note from Thadon, talking about some secret rendezvous with someone from Syl's court. I'm sure it's important to someone.","Thadon의 메모야, Syl의 궁정의 누군가라는 비밀의 만나에 대한 것을 이야기해. 누군가씨에게는 중요한 것이라고 생각해요.",record,False,True,False,False,MEDIUM,"Thadon, Syl"
Oblivion.esm,INFO,0001585B,,NAM1,0,,,I... What note are you talking about? I don't understand.,원<0xA1><0xA6>어떤 메모를 이야기하고 있는 로? 모릅니다.,record,False,False,False,True,HIGH,
Oblivion.esm,INFO,0001585C,,NAM1,0,,,"Ha ha! Weren't expecting this, were you? You'll get no more enjoyment from me today, Herdir. All I know about is the note.","아하하! 이것은 예상하지 않았다 같구나? 오늘은 나부터는 어떤 즐거움도 얻을 수 없어요, Herdir. 내가 알고 있는 것은 메모야.",record,False,True,False,False,MEDIUM,Herdir
Oblivion.esm,INFO,0001585D,,NAM1,0,,,What? Is this some kind of a trick?,무엇? 이것은 무엇인가의 장난입니까?,record,False,False,False,False,,
Oblivion.esm,INFO,0001585E,,NAM1,0,,,"The pleasure you get from this hasn't escaped me, Herdir. So this time, I'm going to deny you that pleasure. I'll tell you what you want to know.","당신이 지금부터 얻는 기쁨은 나를 놓쳐 주지 않게, Herdir. 그러니까 이번은 그 기쁨을 당신에게 주지 않을 생각. 당신의 알고 싶은 것을 이야기해요.",record,False,True,False,False,MEDIUM,Herdir
Oblivion.esm,INFO,0001585F,,NAM1,0,,,I get by. But let's not change the subject. We're here to talk about you. About what you know.,아무튼 서서히. 그렇지만 주제를 바꾸지 않아도들지금 짊어질까. 암들은 당신을 이야기하기 위해서(때문에) 여기에 있습니다. 당신이 알고 있는 것을.,record,False,False,False,False,,
Oblivion.esm,INFO,00015860,,NAM1,0,,,"I see you've made it even more painful. You do enjoy your work, don't you Herdir?",당신 그것을 좀 더 아프게 했군요. 당신은 일을 즐기고 있는  것이 아닌거야?,record,False,False,False,False,,
Oblivion.esm,INFO,00015861,,NAM1,0,,,Shall we try again?,또 시험해 볼까요?,record,False,False,False,False,,
Oblivion.esm,INFO,00015862,,NAM1,0,,,"Oh, my. Well, if you insist.","이것은 이것은. 과연, 귀부인이 그렇게 말해 친다면.",record,False,False,False,False,,
Oblivion.esm,INFO,00015637,,NAM1,0,,,"Hurt me all you want, Herdir. You know I won't talk.","당신이 바라고 있는 것은 나를 상처 입히는 것이겠지, Herdir. 내가 이야기하지 않으면 알고 있는은 두야.",record,False,True,False,False,MEDIUM,Herdir
Oblivion.esm,INFO,00015638,,NAM1,0,,,"Welcome back, Muurine. It's been an unusually long while since I've seen you here.","돌아가세요, Muurine. 귀부인과 여기서 만나고 나서 대단히 길게 지났던.",record,False,True,False,False,MEDIUM,Muurine
Oblivion.esm,INFO,00015627,,NAM1,0,,,"I had hoped we'd spend more time together, but yes, I realize you're being honest. Thank you for your time, Nelrene.","좀 더 함께의 시간을 보내고 싶으면 바라는 중(곳)입니다만, 알았습니다, 귀부인은 정직하다라고 이해하고 있습니다. 시간을 할애해 주어 감사합니다, Nelrene.",record,False,True,False,False,MEDIUM,Nelrene
Oblivion.esm,INFO,00015628,,NAM1,0,,,"You know truth when you hear it, Herdir. I have spoken truth. You cannot intimidate me, so I suggest you release me at once.","당신이 그렇게 (들)물을 때는 진실하다고 알고 있는 것일까, Herdir. 나는 진실을 이야기했다. 당신에게는 나를 협박하는 것등으로 기내일까들 , 곧바로 나를 해방하도록(듯이) 제안하지만.",record,False,True,False,False,MEDIUM,Herdir
Oblivion.esm,INFO,00015629,,NAM1,0,,,"Is there anything else you'd care to reveal, as long as you're here?",귀부인이 여기에 있는 동안에 폭로하는 것은 그 밖에 없습니까?,record,False,False,False,False,,
Oblivion.esm,INFO,0001562A,,NAM1,0,,,"I cannot say, as I do not know. Only Kithlan has access to certain areas of the palace aside from Lady Syl. Perhaps it was him.",모르면 밖에 말할 수 없다. Syl님을 제외해 궁전의 특정의 구역에 들어갈 수 있는 것은 Kithlan만이다. 어쩌면 그일 것이다.,record,False,True,False,False,MEDIUM,"Syl, Kithlan"
Oblivion.esm,INFO,0001562B,,NAM1,0,,,Really? And whom might this figure be?,정말입니까? 그래서 그 인물에게 짐작은?,record,False,False,False,False,,
Oblivion.esm,INFO,0001562C,,NAM1,0,,,"I am being honest, that is all. The only strange reports I have received are of a robed figure seen leaving the palace late at night.","그것은 모두 신용할 수 있는 것이다. 나는 밤 늦게 궁전을 떨어져 있어, 로브를 쓴 인물을 만나 바뀐 보고를 받아들였을 뿐이다.",record,False,False,False,False,,
Oblivion.esm,INFO,0001562D,,NAM1,0,,,Is that so? But isn't that exactly the sort of thing you'd say if you were behind it all? You're in a position to deny it.,그렇습니까? 그렇지만 만약 귀부인이 그 흑막이라면 반드시 그런 것은 말하지 않지 않습니까? 그것을 부정하는 입장에 있는 것이기 때문에.,record,False,False,False,False,,
Oblivion.esm,INFO,0001562E,,NAM1,0,,,"I have no reports of any such conspiracy at the present time, despite my Lady's repeated insistence that one exists. There is no danger.","현시점에서 어떤 음모의 보고도 받고 있지 않음에도 불구하고, Syl님은 그것이 존재한다고 하는 주장을 교환하고 되었던 것이다. 위험같은 건 없다고 하는데.",record,False,True,False,False,MEDIUM,Syl
Oblivion.esm,INFO,0001562F,,NAM1,0,,,"Oh, Nelrene. You take the fun out of everything. Very well. What do you know of a conspiracy against Lady Syl?","아, Nelrene. 귀부인은 즐거움을 전부 빼앗을 생각입니까. 좋을 것입니다. 귀부인은 Syl님이 대하는 음모의 무엇을 알고 있습니까?",record,False,True,False,False,MEDIUM,"Nelrene, Syl"
Oblivion.esm,INFO,00015630,,NAM1,0,,,"Perhaps not, but we both know it's something you've fantasized over. I'm surprised you can contain your excitement to speak. Get on with it.","그럴지도 모르지만, 우리는 당신이 무엇을 공상하고 있었는지 알고 있으니. 나는 당신이 이야기해 버리는 충동을 억제해 있을 수 있는 것에 놀랐어. 빨리 착수하는게  좋다.",record,False,False,False,False,,
Oblivion.esm,INFO,00015631,,NAM1,0,,,"Come now, must we start with hostilities? This situation is not of my creation.","어머나, 암들은 대립하는 곳(중)으로부터 시작하지 않으면 안된다  의 것인지인? 이런 상황은 상상하고 있지 않았다.",record,False,False,False,False,,
Oblivion.esm,INFO,00015632,,NAM1,0,,,"Spare me your pleasantries, Herdir. Ask what you will and be done.","수다는 삼가하는구나, Herdir. 당신의 하고 싶은 것을 요구해 끝낸다.",record,False,True,False,False,MEDIUM,Herdir
Oblivion.esm,INFO,00015633,,NAM1,0,,,"I must say, this is quite a surprise! I certainly didn't expect to see you down here, Nelrene.","완전히 이라고 놀라움이라고 말하지 않을 수 없네! 여기서 귀부인과 만난다고는 생각해도 보지 않았어요, Nelrene전.",record,False,True,False,False,MEDIUM,Nelrene
Oblivion.esm,DIAL,00013FF4,SE07AAnyaHelp,FULL,0,,,I need to get close to her.,그녀에게 접근해야 합니다.,record,False,False,True,False,TOPIC_CHECK,
Oblivion.esm,INFO,00014026,,NAM1,0,,,"Well, the best I can offer is help with the guards. I can distract at least two of them and get them to leave her wing of the palace.",호위병들을 처리하는 게 제가 할 수 있는 최선일 듯 싶네요. 호위병들 주의를 돌려서 다른 곳으로 가게 만들께요.,record,False,False,False,False,,
Oblivion.esm,INFO,00014026,,NAM1,1,,,That should help you to get in there a bit easier.,들어가시기 훨씬 쉬워질 거예요.,record,False,False,False,False,,
Oblivion.esm,DIAL,00013FF6,SE07AKithlanHelp,FULL,0,,,Can you get me close to her?,그녀에게 가까이 데려다 줄 수 있나요?,record,False,False,True,False,TOPIC_CHECK,
Oblivion.esm,INFO,00014025,,NAM1,0,,,"Hmmm. That may be difficult. Syl has been hidden from public sight lately. However, I can give you something that may help.",흠... 그건 좀 어려울지도 모르겠소. 실(Syl) 공작부인께서는 최근 몸을 드러내지 않으니 말이오. 그래도 도움이 될 만한 것은 드릴 수 있소. ,record,True,True,False,False,HIGH,Syl
Oblivion.esm,INFO,00014025,,NAM1,1,,,"Take this key. It should unlock any door in her wing of the palace. You still need to be wary of her Seducer guards, but it should help.","이 열쇠를 받으시오. 이것으로 그쪽 문을 전부 열 수 있을 거요. 세듀서(Seducer) 호위병은 조심해야겠지만, 어쨌든 열쇠가 도움은 될거요.",record,True,True,False,False,HIGH,Seducer
Oblivion.esm,DIAL,00013FF7,SE07AReplace,FULL,0,,,Replaced,교체,record,False,False,True,False,TOPIC_CHECK,
Oblivion.esm,INFO,00013FFB,,NAM1,0,,,Perhaps I've misjudged you. Alright. I'll help. Just remember me when you take over her position.,제가 당신을 잘못 판단한 듯 싶네요. 알았어요. 도와드릴게요. 이 자리에 오르셨을때 절 잊으시면 안되요.,record,False,False,False,False,,
Oblivion.esm,INFO,00013FFB,,NAM1,1,,,What can I do to help you?,어떻게 도와드리면 될까요?,record,False,False,False,False,,
Oblivion.esm,INFO,00013FFC,,NAM1,0,,,Ha! You're mad! Syl has yet to be bested in any combat!,하! 당신은 미쳤군요! 실(Syl) 영주님께선 아직 어떠한 전투에서도 최강입니다!,record,True,True,False,False,HIGH,Syl
Oblivion.esm,INFO,00013FFC,,NAM1,1,,,"Unless... well, if you think you have a chance. How do I know this isn't some sort of trick?",만약.. 음. 만약 당신에게 기회가 있다고 생각합시다. 그것이 속임수가 아닌지 제가 어떻게 알겠습니까?,record,False,False,False,False,,
Oblivion.esm,INFO,00013FFF,,NAM1,0,,,"Yes, I see you may have what it takes to replace her.",알았소. 당신에게 그분을 대신할 자격이 있을지도 모르겠군.,record,False,False,False,False,,
Oblivion.esm,INFO,00013FFF,,NAM1,1,,,"Very well, what is it you need from me?",좋소. 어떻게 해주면 되겠소?,record,False,False,False,False,,
Oblivion.esm,INFO,00014000,,NAM1,0,,,No! I cannot even think such thoughts. How do I know I can trust you won't become just as tyrannical as she has?,안돼오! 그런 생각은 눈꼽만치도 해본적이 없소! 당신도 똑같이 잔인무도하지 않으리라는 것을 무슨 수로 믿소! ,record,False,False,False,False,,
Oblivion.esm,DIAL,0001443C,SE07ASlain,FULL,0,,,I've slain her,그녀를 죽였습니다.,record,False,False,True,False,TOPIC_CHECK,
Oblivion.esm,DIAL,000146F7,TG08NoStone,FULL,0,,,Um...Let me go get it.,음... 그걸 가지러 가야돼.,record,False,False,True,False,TOPIC_CHECK,
Oblivion.esm,INFO,00014707,,NAM1,0,,,I had hoped you would have it with you. Go get the stone and return at once.,난 당신과 함께 하기를 기대했습니다. 가서 그 돌을 입수하고 즉시 돌아오시오.,record,False,False,False,False,,
Oblivion.esm,DIAL,000146F8,TG08GiveStone,FULL,0,,,Here is the Stone.,여기 그 돌이 있소.,record,False,False,True,False,TOPIC_CHECK,
Oblivion.esm,INFO,00014705,,NAM1,0,,,Capital! Now I can see past the palace defenses. It's a good thing the Emperor didn't know they had this stone.,최고야! 이제 궁궐 방어를 뚫어 볼 수 있겠군. 그들이 이 돌을 가지고 있는지 황제가 알지 못했던 건 좋은 일이야.,record,False,False,False,False,,
Oblivion.esm,INFO,00014705,,NAM1,1,,,He would have had it destroyed or taken it from them and kept it under lock and key in the palace.,황제는 아마도 이것을 파괴하거나 그들로부터 강탈해서 궁전의 안전금고에 보관했을 거야.,record,False,False,False,False,,
Oblivion.esm,INFO,00014705,,NAM1,2,,,Now for the bad news. You committed murder to retrieve the stone. I am forced to remove you from the Thieves Guild until you pay the blood price.,나쁜 소식은 있네. 자네가 이 돌을 되찾기 위해 살인을 범했다는 거지. 난 자네가 피의 대가를 지불하기 전까지는 도둑길드로부터 나갈 것을 명하네.,record,False,False,False,False,,
Oblivion.esm,INFO,00014705,,NAM1,3,,,"You may pay me now, or Armand Christophe later should you choose to return to my good graces.","자네는 좋은 품위를 회복하기 위해 지금 나에게 지불하든지, 아니면 나중에 아몬드 크리스토퍼(Armand Christophe)에게 할 수 있네.",record,True,True,False,False,HIGH,"Armand, Christophe"
Oblivion.esm,INFO,0001CF35,,NAM1,0,,,Capital! Now I can see past the palace defenses. It's a good thing the Emperor didn't know they had this stone.,최고야! 이제 궁궐 방어를 뚫어 볼 수 있겠군. 그들이 이 돌을 가지고 있는지 황제가 알지 못했던 건 좋은 일이야.,record,False,False,False,False,,
Oblivion.esm,INFO,0001CF35,,NAM1,1,,,He would have had it destroyed or taken it from them and kept it under lock and key in the palace.,황제는 아마도 이것을 파괴하거나 그들로부터 강탈해서 궁전의 안전금고에 보관했을 거야.,record,False,False,False,False,,
Oblivion.esm,INFO,0001CF35,,NAM1,2,,,"When I have learned what I need to know, I will call for you again. Let us leave Helvius' house now. He has served me well and deserves his peace.","내가 알아야 할 것을 더 배운 후에, 다시 자네를 부르겠네. 우린 헬비어스(Helvius)의 집을 떠나세. 그는 나에게 잘 봉사했고 이제 평화를 즐겨야지.",record,True,True,False,False,HIGH,Helvius
Oblivion.esm,DIAL,000146F9,TG08SavillasStoneTopic,FULL,0,,,Savilla's Stone,사빌라의 호석,record,False,False,True,False,TOPIC_CHECK,
Oblivion.esm,INFO,00014704,,NAM1,0,,,My sources tell me that Savilla's Stone has gone missing. Do you have it with you?,내 정보원들이 사빌라의 호석이 사라졌다고 하더군. 자네 지금 그걸 갖고 있나?,record,False,False,False,False,,
Oblivion.esm,INFO,0009838B,,NAM1,0,,,I have no idea what you are talking about.,당신이 뭘 말하는지 모르겠군요.,record,False,False,False,False,,
Oblivion.esm,INFO,0009838C,,NAM1,0,,,I've never heard of it. Why do you ask?,들은 적이 없어요. 왜 묻는 거죠?,record,False,False,False,False,,
Oblivion.esm,INFO,0009838D,,NAM1,0,,,"I really shouldn't be telling you this, but I know you are trustworthy.",정말로 이걸을 얘기하면 안 되는데. 하지만 당신은 믿을만하다는 걸 알아요.,record,False,False,False,False,,
Oblivion.esm,INFO,0009838D,,NAM1,1,,,The blind monks in the catacombs guard the stone. It's said to have magical powers.,납골당에서 눈먼 수도사(blind monk)들이 그 돌을 지키고 있어요. 그들은 마법의 힘을 가지고 있다더군요.,record,True,True,False,False,HIGH,"blind, monk"
Oblivion.esm,INFO,0009838D,,NAM1,2,,,Don't tell Hridi I said anything. I could be banished for telling you.,내가 얘기했다고 흐리디(Hridi)에게 말하지 마세요. 그 일로 난 추방당할 수 있어요.,record,True,True,False,False,HIGH,Hridi
Oblivion.esm,INFO,0009838E,,NAM1,0,,,Who is this Savilla? A former lover perhaps? I don't know anyone by that name.,사빌라(Savilla)가 누구죠? 옛날 애인인가? 그런 사람은 몰라요.,record,True,True,False,False,HIGH,Savilla
Oblivion.esm,DIAL,000146FA,TG08MethredhelDeliverMsg,FULL,0,,,What is the message?,전언은 무엇이오?,record,False,False,True,False,TOPIC_CHECK,
Oblivion.esm,INFO,00014700,,NAM1,0,,,The Gray Fox has a task for you. Meet him at Helvius Cecia's house in Bruma.,그레이 폭스가 너에게 줄 임무가 있다더군. 브루마의 헬비어스 세시아(Helvius Cecia)의 집에서 그를 만나보게.,record,True,True,False,False,HIGH,"Helvius, Cecia"
Oblivion.esm,DIAL,000146FB,TG08accept,FULL,0,,,I would be honored to help.,돕게 되어 영광입니다.,record,False,False,True,False,TOPIC_CHECK,
Oblivion.esm,INFO,000146FF,,NAM1,0,,,"Capital! The monastery is called the Temple of the Ancestor Moths. It is where retired, blind Moth priests go to wait out the rest of their days.","쩔어주는군! 그 수도원은 선조 나방의 사원이라 불리지. 그곳은 눈먼 나방 교단 사제들이, 은퇴하여 남은 여생을 보내는 곳이기도 하고.",record,False,False,False,False,,
Oblivion.esm,INFO,000146FF,,NAM1,1,,,"I will mark the location on your map. Look for it in the far northeast of Cyrodiil, beyond Cheydinhal.","자네 지도에 위치를 표시해 주지. 시로딜의 북동쪽 먼 곳, 셰이딘홀 너머를 잘 찾아보게.",record,False,False,False,False,,
Oblivion.esm,INFO,000146FF,,NAM1,2,,,I need you to acquire Savilla's Stone. It is a large crystal with special properties that I need to gain... advantage.,자네가 사빌라의 호석을 확보해 줬으면 하네. 그건 내가... 반드시 얻어야 하는 특별하고도 값어치 있는 큼지막한 수정이지.,record,False,False,False,False,,
Oblivion.esm,INFO,000146FF,,NAM1,3,,,"Remember, do not shed innocent blood. However, there is no bloodprice for slaying the stone's guardians, human or inhuman.","기억해두게. 무고한 피를 흘리는 일은 없어야 한다. 하지만, 사람이든 아니든 돌의 수호자들의 살해에 대해서는 피의 대가를 묻지 않겠네.",record,False,False,False,False,,
Oblivion.esm,INFO,000146FF,,NAM1,4,,,"When I receive word that Savilla's Stone is missing, I will be here waiting for you.","사빌라의 호석이 없어졌다는 소식이 들리면, 난 여기서 자네를 기다리도록 하지.",record,False,False,False,False,,
Oblivion.esm,DIAL,000146FC,TG08reject,FULL,0,,,I am not adequately prepared.,확실히 준비되지 않았습니다.,record,False,False,True,False,TOPIC_CHECK,
Oblivion.esm,INFO,000146FE,,NAM1,0,,,Preparation is the key to success. Come back to me when you are better prepared.,준비는 성공의 핵심이지. 자네가 준비되었을 때 다시 찾아오게나.,record,False,False,False,False,,
Oblivion.esm,DIAL,00014736,TG06NoRescue,FULL,0,,,No. You are a criminal.,"아니, 당신은 범죄자입니다.",record,False,False,True,False,TOPIC_CHECK,
Oblivion.esm,INFO,0001473A,,NAM1,0,,,You bastard! It's not like I killed her. I just roughed her up a bit. Nothin' the healers can't fix.,망할 자식! 난 그녀를 죽이거나 한 게 아냐. 난 단지 그녀를 좀 거칠게 학대한 것 뿐이라고. 힐러가 치료할 수 없는 것은 없는데 말이야.,record,False,False,False,False,,
Oblivion.esm,DIAL,00014737,TG06Rescue,FULL,0,,,"Yes, I'll rescue you.","네, 당신을 구할겁니다.",record,False,False,True,False,TOPIC_CHECK,
Oblivion.esm,INFO,00014739,,NAM1,0,,,"Just unlock the door. A couple of hours after you're gone, it will be quiet again and I can sneak out.","단지 그 문을 열어 두시오. 당신이 가고 몇 시간 후에, 다시 조용해 질 것이며 내가 몰래 나갈 수 있을 겁니다.",record,False,False,False,False,,
Oblivion.esm,DIAL,00014744,TG08LuckyGuess,FULL,0,,,Just a lucky guess.,그저 짐작입니다.,record,False,False,True,False,TOPIC_CHECK,
Oblivion.esm,INFO,0001474B,,NAM1,0,,,You should know better than to give heed to rumors.,소문은 그대로 받아들이는건 멍청한 짓이다.,record,False,False,False,False,,
Oblivion.esm,DIAL,00014745,TG08MothPriestNote,FULL,0,,,From a note in the Monastery.,수도원으로부터의 쪽지,record,False,False,True,False,TOPIC_CHECK,
Oblivion.esm,INFO,0001474A,,NAM1,0,,,I see. I suppose there is no hiding it from you. No hiding. What a joke! My whole life is hiding.,좋을대로. 딱히 난 숨기고 있는 것은 아니다. 숨기는게 있을까 보냐! 내 일생이 숨겨진 채론데 말야.,record,False,False,False,False,,
Oblivion.esm,INFO,0001474A,,NAM1,1,,,"Everything in that document is true. My identity cannot be known. In fact I just told you my true name twice, but I bet you don't remember it.",그 문서의 모든 것은 진실이네. 내 정체는 알 수 없을 거야. 사실 난 두 번이나 내 진짜 이름을 자네에게 얘기했네. 하지만 자네는 기억하지 못할 거야.,record,False,False,False,False,,
Oblivion.esm,INFO,0001474A,,NAM1,2,,,"You and I have even met before, when I was not wearing the cowl. To your clouded memory he and I are two different people.",심지어 자네와 난 전에 만나 적이 있네. 회색가면을 쓰지 않고 말이지. 자네의 흐릿한 기억력으론 그와 나는 다른 사람일걸세.,record,False,False,False,False,,
Oblivion.esm,INFO,0001474A,,NAM1,3,,,My own family doesn't even know me. I would give much to be rid of the Gray Cowl and its curse.,내 가족은 심지어 날 알지도 못하네. 난 회색가면과 그 저주에서 벗어나기 위해 노력해야 할거야.,record,False,False,False,False,,
Oblivion.esm,DIAL,00014746,TG08GrayCowl,FULL,0,,,Nocturnal's Cowl,녹터널(Nocturnal)'s Cowl,record,True,True,True,False,HIGH,"Nocturnal, Cowl"
Oblivion.esm,INFO,00014749,,NAM1,0,,,You think this is Nocturnal's cowl? Where did you hear about that?,당신은 이 것이 Nocturnal's cowl이라고 생각하십니까? 이것에 대해서는 어디서 들었나요?,record,False,True,False,False,MEDIUM,"Nocturnal's, cowl"
Oblivion.esm,DIAL,00014750,GreetingMQ11Jauffre,FULL,0,,,Let me ask Jauffre.,죠프리(Jauffre)에게 물어보게 해주시오.,record,True,True,True,False,HIGH,Jauffre
Oblivion.esm,DIAL,00014751,GreetingMQ11Baurus,FULL,0,,,Let me ask Baurus.,보러스(Baurus)에게 물어보게 해주시오.,record,True,True,True,False,HIGH,Baurus
Oblivion.esm,DIAL,00014752,GreetingMQ11Chapel,FULL,0,,,Stay here. I'll go alone.,여기 있어. 혼가 가보겠소.,record,False,False,True,False,TOPIC_CHECK,
Oblivion.esm,DIAL,00014753,GreetingMQ11Companion,FULL,0,,,Follow me. I'll protect you.,따라와. 내가 당신을 보호하겠소.,record,False,False,True,False,TOPIC_CHECK,
Oblivion.esm,DIAL,00014754,GreetingMQ11Akatosh,FULL,0,,,"I'm Akatosh's Herald too, sire.","나는 아카토쉬(Akatosh) 전령 이기도 합니다, 폐하.",record,True,True,True,False,HIGH,Akatosh
Oblivion.esm,DIAL,00014755,GreetingMQ11YesSire,FULL,0,,,"As you command, sire.","뜻에 따르겠습니다, 폐하.",record,False,False,True,False,TOPIC_CHECK,
Oblivion.esm,DIAL,0001475A,Giantgate,FULL,0,,,Giant gate,거대 게이트(Giant gate),record,True,True,True,False,HIGH,"Giant, gate"
Oblivion.esm,DIAL,0001475B,Thirdgate,FULL,0,,,Third gate,세 번째 게이트,record,False,False,True,False,TOPIC_CHECK,
Oblivion.esm,DIAL,0001475C,Secondgate,FULL,0,,,Second gate,두 번째 게이트,record,False,False,True,False,TOPIC_CHECK,
Oblivion.esm,DIAL,0001481C,TG09NoArrow,FULL,0,,,Not really.,아니오.,record,False,False,True,False,TOPIC_CHECK,
Oblivion.esm,INFO,00014829,,NAM1,0,,,Well go get it!,그럼 가지러 가시오!,record,False,False,False,False,,
Oblivion.esm,DIAL,0001481D,TG09GiveArrowHead,FULL,0,,,I only have the arrow's head.,화살촉만 가지고 있습니다.,record,False,False,True,False,TOPIC_CHECK,
Oblivion.esm,INFO,0001CF36,,NAM1,0,,,"Hmmm. I had hoped for the whole arrow, but that is not your fault. I will have to have it repaired.","흐음. 난 전체 화살을 기대했는데, 하지만 그건 자네 잘못은 아니네. 내가 고쳐봐야겠군.",record,False,False,False,False,,
Oblivion.esm,INFO,0001CF36,,NAM1,1,,,This arrowhead advances my plan... nevermind.,이 화살촉은 내 계획을 진척시켜... 신경 쓰지 말게.,record,False,False,False,False,,
Oblivion.esm,INFO,0001CF36,,NAM1,2,,,"Where was I? Oh, yes. You have embarrassed the Thieves Guild and me with your crude murders to recover the arrowhead.","여긴 어디지? 오, 그래. 자네는 화살촉을 얻는 과정에서 무분별한 살인으로 도둑길드와 나를 난처하게 만들었네.",record,False,False,False,False,,
Oblivion.esm,INFO,0001CF36,,NAM1,3,,,"Until you pay the blood price, your membership in the guild is forfeit. You can pay me now, or Armand later if you wish to rejoin.","피의 대가를 지불할 때까지, 자네의 길드 멤버쉽은 몰수되었네. 재가입을 원한다면 지금 나에게 지불하든지, 아니면 아몬드(Armand)에게 나중에 지불하게.",record,True,True,False,False,HIGH,Armand
Oblivion.esm,INFO,0001482A,,NAM1,0,,,"Hmmm. I had hoped for the whole arrow, but that is not your fault. I will have to have it repaired.","흐음. 난 전체 화살을 기대했는데, 하지만 그건 자네 잘못은 아니네. 내가 고쳐봐야겠군.",record,False,False,False,False,,
Oblivion.esm,INFO,0001482A,,NAM1,1,,,"This arrowhead advances my plan to... nevermind. I may have need of you again in the near future, if my plans hold.",이 화살촉은 내 계획을 진척시켜... 신경 쓰지 말게. 내 계획에 따라 조만간 자네를 다시 필요로 하게 될 거야.,record,False,False,False,False,,
Oblivion.esm,INFO,0001482A,,NAM1,2,,,Here is your reward. I am also promoting you to Master Thief in the Thieves Guild. Fathis Ules of the Imperial City will be your new fence.,여기 자네 보상이 있네. 또한 자네를 도둑길드의 Master Thief 로 승급시켜 주지. 임페리얼 시티의 페디스 울레스(Fathis Ules)가 자네의 새 장물아비가 될 걸세.,record,True,True,False,False,HIGH,"Master, Thief, Fathis, Ules"
Oblivion.esm,DIAL,0001481E,TG09AmuseiDeliverMsg,FULL,0,,,What is the message?,전언이 뭐지?,record,False,False,True,False,TOPIC_CHECK,
Oblivion.esm,INFO,00014824,,NAM1,0,,,The Gray Fox has a task for you. Meet him at Malintus Ancus' house in Chorrol.,그레이 폭스 너에게 줄 임무가 있다더군. 코롤의 맬린투스 앤크러스(Malintus Ancrus)의 집에서 그를 만나보게.,record,True,True,False,False,HIGH,"Malintus, Ancrus"
Oblivion.esm,DIAL,0001481F,TG09ArrowTopic,FULL,0,,,Arrow of Extrication,해방의 화살,record,False,False,True,False,TOPIC_CHECK,
Oblivion.esm,INFO,00014828,,NAM1,0,,,Do you have the Arrow of Extrication?,해방의 화살은 갖고 있나?,record,False,False,False,False,,
Oblivion.esm,DIAL,00014820,TG09reject,FULL,0,,,I'm not ready yet.,아직 준비가 안 됐습니다.,record,False,False,True,False,TOPIC_CHECK,
Oblivion.esm,INFO,00014827,,NAM1,0,,,Then make your preparations. I will expect you to return soon.,그럼 준비를 마치도록 하게. 자네가 곧 돌아오기를 기대하지.,record,False,False,False,False,,
Oblivion.esm,DIAL,00014821,TG09accept,FULL,0,,,Sound's lucrative. I'll do it.,돈 될거 같군. 하겠소.,record,False,False,True,False,TOPIC_CHECK,
Oblivion.esm,INFO,00014826,,NAM1,0,,,"Capital! Bring me the Arrow of Extrication. It has a key shaped head. Bravil's court wizard, Fathis Aren, recently acquired this unique item.",최고야! 나에게 해방의 화살(Arrow of Extrication)을 가져다주게. 그건 열쇠 모양의 머리를 하고 있어. 브라빌 궁전 마법사인 패디스 애런(Fathis Aren)이 최근에 이 독특한 물건을 입수했다더군.,record,True,True,False,False,HIGH,"Arrow, of, Extrication, Fathis, Aren"
Oblivion.esm,INFO,00014826,,NAM1,1,,,"You may kill Fathis if necessary, but not in the castle. My spy network will tell me when you have it. Return here with the arrow when you do.","필요하다 판단되면 파시스를 죽여도 되지만, 성 안에서는 안 돼. 자네가 그걸 입수하면 내 정보망이 내게 전해주겠지. 화살을 얻으면 즉시 이곳으로 돌아오게나.",record,False,False,False,False,,
Oblivion.esm,INFO,00014826,,NAM1,2,,,Now we should get out of Malintus' house before we wear out our welcome.,"그러면 이제 환대가 끝나기 전에, 말린투스의 집을 나가 보도록 할까.",record,False,False,False,False,,
Oblivion.esm,DIAL,000148CF,TG10accept,FULL,0,,,I am ready.,준비됐습니다.,record,False,False,True,False,TOPIC_CHECK,
Oblivion.esm,INFO,00015309,,NAM1,0,,,Capital! The Earl of Imbel is the only descendant of his line that I have been able to locate.,쩔어주는군! 내가 알아낼 수 있는 정보에 따르면 임벨의 백작이 그의 혈통의 유일한 후계라네.,record,False,False,False,False,,
Oblivion.esm,INFO,00015309,,NAM1,1,,,"His name is Jakben, and he lives somewhere in the Imperial City. There might be a clue in the Earl's house.","그의 이름은 잭벤이며, 임페리얼 시티 어딘가에 살고 있지. 그 백작의 집에 뭔가 단서가 있을 것 같군.",record,False,False,False,False,,
Oblivion.esm,DIAL,000148D0,TG10reject,FULL,0,,,I need more time to prepare.,좀 더 준비할 시간이 필요하군요.,record,False,False,True,False,TOPIC_CHECK,
Oblivion.esm,INFO,0001530A,,NAM1,0,,,"This task can wait, at least for a little while. Return when you are ready.","이 작업은 조금, 적어도 당분간 기다릴 수 있어요. 준비되면 돌아오십시오.",record,False,False,False,False,,
Oblivion.esm,DIAL,000148D1,TG10AmuseiDeliverMsg,FULL,0,,,What is the message?,전언은 무엇이오?,record,False,False,True,False,TOPIC_CHECK,
Oblivion.esm,INFO,0001530B,,NAM1,0,,,The Gray Fox requests a meeting. Please travel to Ganredhel's house in Cheydinhal.,그레이 폭스가 만나기를 요청했다. 쉐이딘홀의 갠레델(Ganredhel)의 집으로 향해주게.,record,True,True,False,False,HIGH,Ganredhel
Oblivion.esm,DIAL,000148D3,TG10SpringheelJakBootsTopic,FULL,0,,,Boots of Springheel Jak.,스프링힐 잭의 장화.,record,False,False,True,False,TOPIC_CHECK,
Oblivion.esm,INFO,0001530C,,NAM1,0,,,Do you have the boots?,장화는 갖고 있나?,record,False,False,False,False,,
Oblivion.esm,INFO,0001E8D3,,NAM1,0,,,No... Talos save us...,이럴 수가... 탈로스(Talos) 신이시여 어찌 이런... ,record,True,True,False,False,HIGH,Talos
Oblivion.esm,INFO,0001E8E0,,NAM1,0,,,No!,안돼!,record,False,False,False,False,,
Oblivion.esm,INFO,0001D0EA,,NAM1,0,,,For the Emperor!,황제를 위하여!,record,False,False,False,False,,
Oblivion.esm,INFO,0000ABB4,,NAM1,0,,,I told you to stay with the Emperor!,황제 곁에 있으라고 했다!,record,False,False,False,False,,
Oblivion.esm,INFO,0000B1A5,,NAM1,0,,,Get back with the Emperor! Protect him with your life!,황제 곁으로 돌아가 목숨을 걸고 황제를 지켜라!,record,False,False,False,False,,
Oblivion.esm,INFO,0000B1A6,,NAM1,0,,,"If you want to help, get back and protect the Emperor!",돕고 싶으면 돌아가서 황제를 지켜라!,record,False,False,False,False,,
Oblivion.esm,INFO,0000BF0D,,NAM1,0,,,Looks clear. Come on. We're almost through to the sewers.,"이상 없군. 이쪽이다, 하수구에 거의 다 온 거 같다.",record,False,False,False,False,,
Oblivion.esm,INFO,0000BF0E,,NAM1,0,,,Hold up. I don't like this. Let me take a look.,정지! 뭔가 이상하다. 한번 둘러봐야겠다.,record,False,False,False,False,,
Oblivion.esm,INFO,0001C101,,NAM1,0,,,Here they come again!,놈들이다!,record,False,False,False,False,,
Oblivion.esm,INFO,00014A3A,,NAM1,0,,,The captain's down!,대장이 쓰러졌다!,record,False,False,False,False,,
Oblivion.esm,INFO,0004F12B,,NAM1,0,,,"You! Prisoner! Stand aside. Over by the window. Stay out of the way, and you won't get hurt.",이봐 죄수! 다치고 싶지 않으면 창문 쪽으로 물러서라.,record,False,False,False,False,,
Oblivion.esm,INFO,00024DE6,,NAM1,0,,,"Prisoner! Stand away from the door! Over by the window, now!",죄수! 창문 쪽으로 물러서라. 당장!,record,False,False,False,False,,
Oblivion.esm,INFO,00033334,,NAM1,0,,,"Prisoner! Get over by the window, now!",죄수! 어서 창문 쪽으로 물러서라!,record,False,False,False,False,,
Oblivion.esm,INFO,00024DE7,,NAM1,0,,,"Stay put, prisoner.","움직이지 마라, 죄수.",record,False,False,False,False,,
Oblivion.esm,INFO,000150C7,,NAM1,0,,,Close up left! Protect the Emperor!,왼쪽에 적이다! 황제를 보위하라!,record,False,False,False,False,,
Oblivion.esm,INFO,00032B13,,NAM1,0,,,Looks like this is your lucky day. Just stay out of our way.,운 좋은 날 인줄 알아라. 걸리적거리지 마.,record,False,False,False,False,,
Oblivion.esm,INFO,00015136,,NAM1,0,,,"You stay here, prisoner. Don't try to follow us.",죄수는 더 이상 따라오지 마라.,record,False,False,False,False,,
Oblivion.esm,INFO,0003263F,,NAM1,0,,,Leave the Emperor in peace.,황제께서는 떠나셨어.,record,False,False,False,False,,
Oblivion.esm,INFO,0004EA45,,NAM1,0,,,Captain Renault?,레누알트(Renault) 대장은?,record,True,True,False,False,HIGH,Renault
Oblivion.esm,INFO,00032B11,,NAM1,0,,,You ... I've seen you ...,자네... 본적이 있어... ,record,False,False,False,False,,
Oblivion.esm,DIAL,00014AB5,SE09Ceremony,FULL,0,,,Ceremony -> SERelmynaVerenimScript,의식 -> SERelmynaVerenimScript,record,False,True,True,False,TOPIC_CHECK,SERelmynaVerenimScript
Oblivion.esm,INFO,0007B152,,NAM1,0,,,"First, place the Gatekeeper's body into the Cistern of Substantiation.","먼저, 문지기의 신체를 현신의 연못(cistern of Substantiation)에다 넣어.",record,True,True,False,False,HIGH,"cistern, of, Substantiation"
Oblivion.esm,INFO,00014ABD,,NAM1,0,,,"At the beginning of the worlds were five. Fire, Water, Earth, Air, and Light. Darkness turned into day, the void took form. ","창세기에는 불, 물, 흙, 공기, 그리고 빛 이 다섯이 있었나니. 암흑은 빛으로 바뀌었으며, 무는 형체를 갖추었도다.",record,False,False,False,False,,
Oblivion.esm,INFO,00014ABE,,NAM1,0,,,"Hidden away, by virtue of its own self-awareness, was the sixth, containing within it the five which birthed it. Flesh! ","스스로의 힘으로 자신을 감춘 여섯째, 다섯에 의해 창조되었으면서 다섯을 품고 있는 자,  그것은 바로 살(Flesh)일지니.",record,True,True,False,False,HIGH,Flesh
Oblivion.esm,INFO,00014ABF,,NAM1,0,,,Meat with the desire to consume like Fire....,"육신이여, 불처럼, 모든 것을 태워버릴 욕망과 함께할 지어다.",record,False,False,False,False,,
Oblivion.esm,INFO,00014AC0,,NAM1,0,,,Place the Dermis Membrane into the cistern.,Dermis Membrane(Dermis Membrane)을 연못에 넣어. ,record,False,True,False,False,MEDIUM,"Dermis, Membrane, Dermis, Membrane"
Oblivion.esm,INFO,00014AC1,,NAM1,0,,,"Blood, liquid nutrient, that ocean which casts pearls of life upon the shores of existence....","피여, 현존의 해안에 생명의 진주를 뿌리는 바다이자, 만물의 양분이 될 지어다.",record,False,False,False,False,,
Oblivion.esm,INFO,00014AC2,,NAM1,0,,,Place the Blood Liqueur into the Cistern of Substantiation.,Blood Liqueur(Blood Liqueur)를 현신의 연못(cistern of Substantiation)에다 넣어.,record,True,True,False,False,HIGH,"Blood, Liqueur, Blood, Liqueur, cistern, of, Substantiation"
Oblivion.esm,INFO,00014AC4,,NAM1,0,,,"Bone, branch and stone of the body, giving shape and structure....","뼈여, 형체와 골격을 부여하고 육체를 이루는 가지와 돌이 될 지어다.",record,False,False,False,False,,
Oblivion.esm,INFO,00014AC5,,NAM1,0,,,Place the Osseous Marrow into the cistern.,Osseous Marrow(Osseous Marrow)을 연못에 넣어.,record,False,True,False,False,MEDIUM,"Osseous, Marrow, Osseous, Marrow"
Oblivion.esm,INFO,00014AC7,,NAM1,0,,,"Breath, child of air, bestowing movement, the stirring of spirit....","숨결이여, 공기의 자식이여, 움직임을 부여하고 영혼을 깨울 지어다.",record,False,False,False,False,,
Oblivion.esm,INFO,00014AC8,,NAM1,0,,,Place the Essence of Breath into the Cistern of Substantiation.,the Essence of Breath(the Essence of Breath)를 현신의 연못(cistern of Substantiation)에다 넣어.,record,True,True,False,False,HIGH,"the, Essence, of, Breath, the, Essence, of, Breath, cistern, of, Substantiation"
Oblivion.esm,INFO,00014AC9,,NAM1,0,,,"And last, the light of Flesh, the illumination of Soul -- perception, thought, memory, imagination....","그리고 마지막으로 육신(Flesh)의 빛이여, 영혼의 광선이여 -- 의식, 생각, 기억, 상상을 부여할 지어다.",record,True,True,False,False,HIGH,Flesh
Oblivion.esm,INFO,00014ACB,,NAM1,0,,,"I summon thee, walker in Flesh! Flesh of true Flesh! From those waters of Oblivion which sire thy kind. ","육신의 보행자여, 육신 중의 육신이여, 내 그대를 소환하노라! 그대의 아비가 되는 오블리비언의 탁류 속에서 나오라!",record,False,False,False,False,,
Oblivion.esm,INFO,00014ACC,,NAM1,0,,,Come to this altar. Join with this body. Quintessence of Flesh joined with the Essence of Flesh. Absolute in mortal. Immortal bound to contingent. ,"이 제단으로 오라. 그 육신에 깃들라. 육신의 정수와 육신의 본질이 함께하리니. 이승에서는 절대자가 되고, 저승에서는 불청객이 되리라.",record,False,False,False,False,,
Oblivion.esm,INFO,00014ACA,,NAM1,0,,,Stand clear of the cistern. Over here by me.,내쪽으로 물러나 있어. ,record,False,False,False,False,,
Oblivion.esm,INFO,00014ACD,,NAM1,0,,,"Honored Daedra, fear not thy abasement! Thou shalt be the Holy in this Temple. ","명예로운 데이드라(Daedra)여, 자신을 부끄러워 말라! 그대, 이 사원에서 성스러워 질지니.",record,True,True,False,False,HIGH,Daedra
Oblivion.esm,INFO,00014AD1,,NAM1,0,,,"I bind thee Atronach to this body, henceforth Gatekeeper of the Shivering Isles. ","내가 그대 Atronach를 이 육신에 묶을지니, 이제 쉬버링 아일랜드(Shivering Isles)의 문지기가 되어라.",record,True,True,False,False,HIGH,"Atronach, Shivering, Isles"
Oblivion.esm,INFO,00014AD2,,NAM1,0,,,My child. It is time to fulfill your destiny. Stand guard in this land against all those who seek entry not bearing the mark of Sheogorath's favor. ,얘야. 이제 네 숙명에 따를 때란다. 쉐오고라스(Sheogorath) 님의 가호를 받지 못한 자들이 저 문으로 들어가지 못하도록 이 땅을 지키거라.,record,True,True,False,False,HIGH,Sheogorath
Oblivion.esm,INFO,00014AD3,,NAM1,0,,,You shall know them by the coldness in their minds. A darkness of spirit. ,놈들은 영혼에 어둠을 담고 마음에 냉기를 띠었다는 것을 알게 될 것이란다.,record,False,False,False,False,,
Oblivion.esm,INFO,00014AE9,,NAM1,0,,,"What's this? My child, they are coming. Destroy them! Show them your true power!","저것들은 뭐지? 얘야, 놈들이 오고 있단다. 놈들을 파멸시켜라! 놈들에게 네 진실한 힘을 보여주거라! ",record,False,False,False,False,,
Oblivion.esm,INFO,00014AEA,,NAM1,0,,,"Watch my child destroy the interlopers, or run to Sheogorath. Either way, tell Him of our doings here. Send Him my tribute... and my affections.","내 자식이 저 침입자들을 없애버리는 걸 지켜보던가, 쉐오고라스(Sheogorath) 님께 달려가던지 해. 그분께 우리가 한 일을 말씀드리고, 내 감사와 애정을 전해드려.",record,True,True,False,False,HIGH,Sheogorath
Oblivion.esm,DIAL,00014AB6,SE09CeremonyStart,FULL,0,,,"Ok, let's get started.","좋아, 시작하자.",record,False,False,True,False,TOPIC_CHECK,
Oblivion.esm,INFO,00014AEC,,NAM1,0,,,"First, place the Gatekeeper's body into the Cistern of Substantiation.","먼저, 문지기의 신체를 현신의 연못(cistern of Substantiation)에다 넣어.",record,True,True,False,False,HIGH,"cistern, of, Substantiation"
Oblivion.esm,DIAL,00014AB7,SE09CeremonyWait,FULL,0,,,"Wait, I'm not quite ready yet.","기다려, 아직 준비가 안 됐어.",record,False,False,True,False,TOPIC_CHECK,
Oblivion.esm,INFO,00014AEB,,NAM1,0,,,Very well. But do be quick about it!,알았어. 하지만 빨리 준비해!,record,False,False,False,False,,
Oblivion.esm,DIAL,00014AB9,SE09RebuildGatekeeper,FULL,0,,,Rebuild the Gatekeeper,관문지기를 재생시키기,record,False,False,True,False,TOPIC_CHECK,
Oblivion.esm,INFO,00014AE8,,NAM1,0,,,It's essential. Simply essential! If only it were essentially simple... but it's not.,꼭 필요한 일이네. 반드시 필요해! 그냥 단순한 일이라면 좋겠지만.... 그렇지는 않지.,record,False,False,False,False,,
Oblivion.esm,INFO,00014AE8,,NAM1,1,,,"I want him there guarding those Gates. If any of Jyggalag's forces show up, he should be ready for them.","녀석이 그 문을 지켜야만 해. 지갈랙(Jiggalag)의 군사들이 나타났을때, 문지기가 놈들을 막을 준비가 되어 있어야 하네.",record,True,True,False,False,HIGH,Jiggalag
Oblivion.esm,INFO,00014AE8,,NAM1,2,,,"It wouldn't do to just let them in if more show up. And more always show up. Still and all, I think things are going well, considering!",놈들이 더 나타난다 하더라도 쉽게 들어가지는 못할 걸세. 언제나 더 나타났지. 하지만 생각해 보니 일이 나름 잘 되가는구만.,record,False,False,False,False,,
Oblivion.esm,INFO,00014AE8,,NAM1,3,,,"Go talk to Relmyna in Xaselm. Tell her you're working for me. She'd do anything for me, that little minx.",자셀름(Xaselm)으로 가서 렐미나(Relmyna)와 이야기해 보게. 그 말괄량이는 날 위해서라면 뭐든지 할게야.,record,True,True,False,False,HIGH,"Xaselm, Relmyna"
Oblivion.esm,DIAL,00014ABA,SE09RelmynaVerenim,FULL,0,,,Relmyna Verenim,렐미나 베레님,record,False,False,True,False,TOPIC_CHECK,
Oblivion.esm,INFO,00014AE7,,NAM1,0,,,"A powerful Sorceress. Maybe a genius. And a complete lunatic. All in all, my kind of person.","강력한 마법사라네. 어쩌면 천재일지도, 아니면 완전한 미치광이일 수도 있네. 어쨌거나 나와 비슷한 부류임에는 틀림없네.",record,False,False,False,False,,
Oblivion.esm,INFO,00014AE7,,NAM1,1,,,"I brought her to my Realm so she could continue to study her ""sixth element."" Honestly, I didn't know there were five already.","내 세계로 데려온 덕분에 그녀는 ""여섯번째 원소""를 계속 연구할 수 있게 되었네. 솔직히 난 다섯개의 원소가 뭔지도 모르겠네. ",record,False,False,False,False,,
Oblivion.esm,INFO,00014AE7,,NAM1,2,,,"She's a bit obsessed with it. And with Me. Makes dealing with her difficult. You shouldn't have any problems, though. No one likes you that much.",그 여자는 나하고 그 연구에 퐁땅 빠졌네. 그 여자를 다루는게 좀 힘들게 됬지. 그래도 자네라면 별 문제 없을 것일세. 자네만한 사람이 어디있겠나. ,record,False,False,False,False,,
Oblivion.esm,DIAL,00014B38,SE11Tree,FULL,0,,,Tree of Shades,그림자의 나무,record,False,False,True,False,TOPIC_CHECK,
Oblivion.esm,INFO,0008F12A,,NAM1,0,,,The roots of the Tree of Shades run into the heart of the Shivering Isles. ,그늘나무의 뿌리는 쉬버링 아일랜드(Shivering Isles)의 중심까지 뻗어있습니다. ,record,True,True,False,False,HIGH,"Shivering, Isles"
Oblivion.esm,INFO,0008F12A,,NAM1,1,,,It is said that the tree feeds from waters of the Grove of Reflection. The grove can show men who they truly are. ,그 나무는 반영의 숲(Grove of Reflection)의 물을 빨이들인다고 전해집니다. 그 숲에서는 진실한 자신의 모습을 볼 수가 있지요.,record,True,True,False,False,HIGH,"Grove, of, Reflection"
Oblivion.esm,INFO,0008F12A,,NAM1,2,,,"Now that you have faced the truth, the Tree has given its branches to you.",진실한 자신의 모습을 극복해 냈을때 비로소 나무에서 가지를 얻을 수 있을 것입니다.,record,False,False,False,False,,
Oblivion.esm,INFO,0008F12A,,NAM1,3,,,"Combined with the Eye of Ciirta, the shell of the Staff can be remade.","그것을 시어타(Ciirta)의 눈과 조합해야, 비로소 지팡이의 외형을 만들수 있습니다.",record,True,True,False,False,HIGH,Ciirta
Oblivion.esm,INFO,0007EB5D,,NAM1,0,,,The roots of the Tree of Shades run into the heart of the Shivering Isles. ,그늘나무의 뿌리는 쉬버링 아일랜드(Shivering Isles)의 중심까지 뻗어있습니다.,record,True,True,False,False,HIGH,"Shivering, Isles"
Oblivion.esm,INFO,0007EB5D,,NAM1,1,,,It is said that the tree feeds from waters of the Grove of Reflection. The grove can show men who they truly are. ,그 나무는 반영의 숲(Grove of Reflection)의 물을 빨이들인다고 전해집니다. 그 숲에서는 진실한 자신의 모습을 볼 수가 있지요.,record,True,True,False,False,HIGH,"Grove, of, Reflection"
Oblivion.esm,INFO,0007EB5D,,NAM1,2,,,"Now that you have faced the truth, the Tree has given its branches to you.",진실한 자신의 모습을 극복해 냈을때 비로소 나무에서 가지를 얻을 수 있을 것입니다.,record,False,False,False,False,,
Oblivion.esm,INFO,00014B5C,,NAM1,0,,,The roots of the Tree of Shades run into the heart of the Shivering Isles. ,그늘나무의 뿌리는 쉬버링 아일랜드(Shivering Isles)의 중심까지 뻗어있습니다.,record,True,True,False,False,HIGH,"Shivering, Isles"
Oblivion.esm,INFO,00014B5C,,NAM1,1,,,It is said that the tree feeds from waters of the Grove of Reflection. The grove can show men who they truly are. ,그 나무는 반영의 숲(Grove of Reflection)의 물을 빨이들인다고 전해집니다. 그 숲에서는 진실한 자신의 모습을 볼 수가 있지요.,record,True,True,False,False,HIGH,"Grove, of, Reflection"
Oblivion.esm,INFO,00014B5C,,NAM1,2,,,Only after facing the truth will the Tree of Shades give up its branches to you. ,진실한 자신의 모습을 극복해 냈을때 비로소 나무에서 가지를 얻을 수 있을 것입니다.,record,False,False,False,False,,
Oblivion.esm,INFO,0008F12B,,NAM1,0,,,"There are those who prescribe a mystical quality to the Grove of Reflection in Milchar. If you ask me, the matter is purely practical.","Milchar의 Grove of Reflection에는 신비적인 특성을 정하고 있는 것이 있습니다. 나에게 말하게 하면, 그것은 매우 실용적입니다.",record,False,True,False,False,MEDIUM,"Milchar, Grove, of, Reflection"
Oblivion.esm,INFO,0008F12B,,NAM1,1,,,There is a great deal of runoff from the waters of Mania that collects in Milchar. One particular tree has grown healthy from those waters.,Milchar에 모인 Mania의 많은 물이 모여 있습니다. 어느 1개의 나무가 그 물로 건강하게 자랐습니다.,record,False,True,False,False,MEDIUM,"Milchar, Mania"
Oblivion.esm,INFO,0008F12B,,NAM1,2,,,The Grove and the Tree retain a number of psychotropic properties that supposedly bring one to personal revelation.,나무와 나무는 아마 특유의 계시와 같은 것을 가져와 정신에 영향을 미치는 특성을 많이 가지고 있습니다.,record,False,False,False,False,,
Oblivion.esm,INFO,0008F12B,,NAM1,3,,,"The truth of this, well, it is open to interpretation. Being the pragmatic fellow that I am, I side on the practical explanation.","그 진상은, 그렇네요 , 사람 각자의 해석에 맡고 있습니다. 나는 실리적인 사람이므로, 실용적인 설명을 지지합니다만.",record,False,False,False,False,,
Oblivion.esm,INFO,0008F12B,,NAM1,4,,,One thing that is not in dispute is that the Tree has survived for eons and its branches are highly valued as components of magical artifacts.,"하나 확실한 것은, 이 나무가 영겁때를 살아 나가고 있어 그 가지가 마법의 아티팩트의 재료로서 높은 가치를 두어지고 있다, 라고 말하는 일입니다.",record,False,False,False,False,,
Oblivion.esm,DIAL,00014B39,SE11StaffOfSheogorath,FULL,0,,,Staff of Sheogorath,셰오고라스의 지팡이,record,False,False,True,False,TOPIC_CHECK,
Oblivion.esm,INFO,0007EB5E,,NAM1,0,,,"You possess the eye and the branch. Together, they shall form the physical shape of the Staff of Sheogorath.",전하께서는 눈과 가지를 구해오셨습니다. 그것들로 쉐오고라스(Sheogorath) 지팡이의 외형을 만들수 있습니다.,record,True,True,False,False,HIGH,Sheogorath
Oblivion.esm,INFO,0007EB5E,,NAM1,1,,,"After I shape them into the Staff, you must take it to the seat of power in the Shivering Isles -- the Palace of Sheogorath.","지팡이가 만들어지면, 전하께서는 이것을 쉐오고라스 궁(the Palace of Sheogorath)에 있는 왕좌로 가져가셔야 합니다.",record,True,True,False,False,HIGH,"the, Palace, of, Sheogorath"
Oblivion.esm,INFO,0007EB5E,,NAM1,2,,,"There, imbue the Staff with power from the Font of Madness. Soak the staff in the waters of the land, and it will open its full power to you.",Font of Madness에서 지팡이에 힘을 불어넣으십시오. 지팡이를 Font에 담그면 그 모든 능력을 전하께 부여할 것입니다.,record,False,True,False,False,MEDIUM,"Font, of, Madness, Font"
Oblivion.esm,INFO,0007EB5E,,NAM1,3,,,You have defied the expected and accomplished something that denies all logic. I must contemplate the error in my calculations.,전하께서는 예측을 뒤엎고 모든 논리를 부정할 만한 업적을 이루셨습니다. 제가 무슨 오류를 저질렀는지 곰곰히 생각해 봐야겠습니다.,record,False,False,False,False,,
Oblivion.esm,INFO,0007EB5E,,NAM1,4,,,Now... take your treasure and leave me. ,이제 당신의 보물을 가져가십시오.,record,False,False,False,False,,
Oblivion.esm,INFO,00014B54,,NAM1,0,,,"I can create the physical shell of the Staff, but the divine essence must be gathered elsewhere.","지팡이의 외형은 제가 만들어낼 수 있습니다만, 그에 필요한 신의 정수를을 구해와야 합니다.",record,False,False,False,False,,
Oblivion.esm,INFO,00014B54,,NAM1,1,,,The Staff of Sheogorath contains a portion of the divine power of the Daedric Prince. It is the embodiment of Sheogorath and of this land.,쉐오고라스(Sheogorath)의 지팡이는 데이드릭(Daedric)왕자의 신성한 능력을 담고 있습니다. 이 세계와 쉐오고라스(Sheogorath)의 화신이라고도 할 수 있지요.,record,True,True,False,False,HIGH,"Sheogorath, Daedric, Sheogorath"
Oblivion.esm,INFO,00014B54,,NAM1,2,,,"Should you succeed, you will be the first mortal to have a dedicated Daedric artifact in your possession. This will be most interesting, indeed...","지팡이를 만들어내는데 성공하려면, 전하께서 특정한 데이드릭(Daedric) 유물의 첫번째 소유자가 되어야 합니다. 이거 실로 흥미롭군요.",record,True,True,False,False,HIGH,Daedric
Oblivion.esm,INFO,00016EF5,,NAM1,0,,,"I can create the physical shell of the Staff, but the divine essence must be gathered elsewhere.","지팡이의 외형은 제가 만들어낼 수 있습니다만, 그에 필요한 신의 정수를을 구해와야 합니다.",record,False,False,False,False,,
Oblivion.esm,INFO,00016EF5,,NAM1,1,,,"But, apotheosis is no simple matter and the creation of the staff is no simple task. I will require two sacred items in order to complete it.","신격화, 즉 지팡이를 창조해 내는 것은 단순한 일이 아닙니다. 이를 끝마치기 위해서는 Divine Essence가 필요하지요.",record,False,True,False,False,MEDIUM,"Divine, Essence"
Oblivion.esm,INFO,00019CCE,,NAM1,0,,,"You now hold the physical component of the Staff of Sheogorath. Before it is complete however, it must be imbued with power.","이제 전하께서는 지팡이를 손에 넣으셨습니다. 하지만 완벽해 지려면, 지팡이에 능력을 불어넣어야 합니다.",record,False,False,False,False,,
Oblivion.esm,INFO,00019CCE,,NAM1,1,,,It will draw its power from the waters of the Font of Madness in the Palace. ,성에 있는 Font of Madness에서 그 힘을 불어넣을 수 있을 것입니다.,record,False,True,False,False,MEDIUM,"Font, of, Madness"
Oblivion.esm,INFO,00014B5E,,NAM1,0,,,"While not the source of the Daedric Princes' authority, each Daedric artifact provides that Prince with a measure of power.","데이드릭(Daedric) 왕자들 자체가 될 수는 없겠습니다만, 각각의 데이드릭(Daedric) 유물은 각 왕자들의 힘을 소유주에게 부여합니다.",record,True,True,False,False,HIGH,"Daedric, Daedric"
Oblivion.esm,INFO,00014B5E,,NAM1,1,,,"Lord Sheogorath chose you to sit on His throne. With the Staff, you may be able to do just that.",쉐오고라스(Sheogorath)는 전하를 왕좌의 주인으로 선택했었습니다. 지팡이를 소유하심으로써 그리 하실 수 있게 되는 것이지요.,record,True,True,False,False,HIGH,Sheogorath
Oblivion.esm,INFO,00014B55,,NAM1,0,,,All shall crumble before Jyggalag!,모든 것은 지갈랙(Jyggalag) 앞에 무너져 내리리라!,record,True,True,False,False,HIGH,Jyggalag
Oblivion.esm,INFO,00014B56,,NAM1,0,,,Sheogorath is dead!!,쉐오고라스(Sheogorath)는 죽었어!,record,True,True,False,False,HIGH,Sheogorath
Oblivion.esm,INFO,00014B59,,NAM1,0,,,The realm is dead!,내 세계는 죽었네! ,record,False,False,False,False,,
Oblivion.esm,DIAL,00014B3D,SE11SheogorathChoice3,FULL,0,,,What can I do?,내가 뭘 할 수 있어?,record,False,False,True,False,TOPIC_CHECK,
Oblivion.esm,INFO,00014B67,,NAM1,0,,,"I had intended to give you My staff, the symbol of My office. But life has gone from it, as it goes from Me. It is now dead wood. A useless twig.","내 지위의 상징인 지팡이를 자네에게 주려고 했었네. 하지만, 지팡이에서 생명이 사라져 버렸네. 이제는 쓸모없는 나무가지일 뿐이지. ",record,False,False,False,False,,
Oblivion.esm,INFO,00014B67,,NAM1,1,,,"With the staff, there was hope. But now, hope is dead. I am dead. The Realm....","지팡이만 있었다면, 희망은 있었네. 하지만 이제, 희망도 사라졌어. 난 죽었네. 내 세계는...",record,False,False,False,False,,
Oblivion.esm,DIAL,00014B3E,SE11SheogorathChoice2,FULL,0,,,"But, we haven't failed!","하지만, 우리는 실패하지 않았어!",record,False,False,True,False,TOPIC_CHECK,
Oblivion.esm,INFO,00014B68,,NAM1,0,,,"Optimism! How adorable! I love it! Even at the end, you make me laugh. I'm lying. That wasn't funny at all.","낙관적이로군! 어쩌면 이리 귀여울수가! 아주 마음에 들어! 마지막에 와서도 자넨 날 웃게 만들어 주는구만. 아닐세, 거짓말일세. 전혀 재미있지 않네. ",record,False,False,False,False,,
Oblivion.esm,INFO,00014B68,,NAM1,1,,,"No matter. Soon you and everyone else will be dead, and I will be left a mad god, ruler of a dead realm. Again.","다 소용없네. 곧 자네를 포함한 모두가 죽게 될게고, 난 죽어버린 세계의 지배자로 남게 되겠지.",record,False,False,False,False,,
Oblivion.esm,DIAL,00014B3F,SE11SheogorathChoice1,FULL,0,,,What happens now?,이제 어떻게 될까?,record,False,False,True,False,TOPIC_CHECK,
Oblivion.esm,INFO,00014B69,,NAM1,0,,,"What happens is what always has happened -- what always will happen. I crumble, I fade, the Realm dies. And you with it. ","항상 그래왔고 앞으로도 그럴 일이라네. 난 무너지고 사라지며, 내 세계는 죽는다네. 자네도 함께 말일세.",record,False,False,False,False,,
Oblivion.esm,INFO,00014B69,,NAM1,1,,,"Flee while you can, mortal. When we next meet I will not know you, and I will slay you like the others.","도망갈 수 있을 때 도망가게. 다음에 만날때는 자넬 알아보지도 못할 테고, 다른 자들 처럼 자네 또한 내손에 죽게 될걸세.",record,False,False,False,False,,
Oblivion.esm,DIAL,00014B40,SE11KnifePointHollow,FULL,0,,,Knifepoint Hollow,나이프포인트 공동,record,False,False,True,False,TOPIC_CHECK,
Oblivion.esm,INFO,000807AB,,NAM1,0,,,Knifepoint Hollow is my prison. Hewn from the stone by Sheogorath for the sole purpose of containing my knowledge.,나이프포인트 할로우(Knifepoint Hollow)는 제 감옥입니다. 대도서관이었을때는 세상의 모든 지식이 보관되어 있던 곳이었지요.,record,True,True,False,False,HIGH,"Knifepoint, Hollow"
Oblivion.esm,INFO,000807AB,,NAM1,1,,,"However, spare me your grief. My imprisonment is as meaningless as my immortality. ",그렇다고 불쌍히 여기실 것은 없습니다. 전 불사의 몸이기 때문에 감금이라는 것은 제게 아무런 의미도 없습니다.,record,False,False,False,False,,
Oblivion.esm,INFO,000807AB,,NAM1,2,,,Time and place are nothing. Constructs of a feeble mortal mind attempting to categorize and understand the world around it.,시간과 장소는 무의미합니다. 연약한 인간의 마음을 분류하고 그것을 둘러싼 세계를 이해하는 데만도 바쁘거든요.,record,False,False,False,False,,
Oblivion.esm,INFO,000807AB,,NAM1,3,,,"If you were one of the fortunate few, you would one day understand and accept this. However, you are not and you will not.","전하께서 복받은 분이시라면, 언젠가는 이걸 이해하고 받아들이시게 될 것입니다. 하지만 아직은 아닙니다.",record,False,False,False,False,,
Oblivion.esm,INFO,00014B5F,,NAM1,0,,,Knifepoint Hollow is near the core of the Shivering Isles. ,나이프포인트 할로우(Knifepoint Hollow)는 쉬버링 아일랜드(Shivering Isles)의 한가운데에 있습니다.,record,True,True,False,False,HIGH,"Knifepoint, Hollow, Shivering, Isles"
Oblivion.esm,INFO,00014B5F,,NAM1,1,,,"Follow the setting sun to the border of Mania. Climb the cliff there to the top. At the peak, you will find Knifepoint Hollow.","지는 해를 따라 매니아(Mania) 외곽으로 가 보세요. 그곳에 있는 절벽 꼭대기로 가시면, 나이프포인트 할로우(Knifepoint Hollow)를 찾으실 수 있을 것입니다.",record,True,True,False,False,HIGH,"Mania, Knifepoint, Hollow"
Oblivion.esm,INFO,00016EFC,,NAM1,0,,,"Knifepoint Hollow is my prison. As the Great Library, it once contained all the knowledge in creation.",나이프포인트 할로우(Knifepoint Hollow)는 제 감옥입니다. 대도서관이었을때는 세상의 모든 지식이 보관되어 있던 곳이었지요.,record,True,True,False,False,HIGH,"Knifepoint, Hollow"
Oblivion.esm,INFO,00016EFC,,NAM1,1,,,"However, spare me your grief. My imprisonment is as meaningless as my immortality. ",그렇다고 불쌍히 여기실 것은 없습니다. 전 불사의 몸이기 때문에 감금이라는 것은 제게 아무런 의미도 없습니다.,record,False,False,False,False,,
Oblivion.esm,INFO,00016EFC,,NAM1,2,,,Time and place are nothing. Constructs of a feeble mortal mind attempting to categorize and understand the world around it.,시간과 장소는 무의미합니다. 연약한 인간의 마음을 분류하고 그것을 둘러싼 세계를 이해하는 데만도 바쁘거든요.,record,False,False,False,False,,
Oblivion.esm,INFO,00016EFC,,NAM1,3,,,"If you were one of the fortunate few, you would one day understand and accept this. However, you are not and you will not.","전하께서 복받은 분이시라면, 언젠가는 이걸 이해하고 받아들이시게 될 것입니다. 하지만 아직은 아닙니다.",record,False,False,False,False,,
Oblivion.esm,DIAL,00014B41,SE11HaskillChoice6,FULL,0,,,Lost? You said there was hope!,잃어버렸어? 희망이 있다고 말했잖아!,record,False,False,True,False,TOPIC_CHECK,
Oblivion.esm,INFO,00014B61,,NAM1,0,,,That which is lost can be found again. There is one being in the Shivering Isles who may be able to assist you in the construction of a new Staff.,잃어버린 것은 다시 찾을 수도 있는 법입니다. 새로운 지팡이를 만드는 것을 도와줄 자가 여기 쉬버링 아일랜드(Shivering Isles)에 한사람 남아있습니다.,record,True,True,False,False,HIGH,"Shivering, Isles"
Oblivion.esm,INFO,00014B61,,NAM1,1,,,"The ruins of Knifepoint Hollow once served as a great library. There, you will find a door. Behind that door, you will find the answer you seek.",나이프포인트 할로우(Knifepoint Hollow)에 있는 폐허는 한때 거대한 도서관이었습니다. 그곳에서 전하께서 원하시는 답을 찾으실 수 있을 겁니다.,record,True,True,False,False,HIGH,"Knifepoint, Hollow"
Oblivion.esm,INFO,00014B61,,NAM1,2,,,"Although... I hesitate to guide you towards this path. The secrets of the past will surely aid Jyggalag, but I fear that we have no other choice.",하지만 이 방법을 알려드릴까 계속 망설였습니다. 과거의 비밀들을 지갈랙(Jiggalag)이 유용하게 쓸 게 확실하거든요. 그래도 선택의 여지가 없으니 어쩔수가 없지요.,record,True,True,False,False,HIGH,Jiggalag
Oblivion.esm,INFO,00014B61,,NAM1,3,,,"Be mindful of what you find there. The library is a thing of Order, and it will still serve that end.","그곳에서 발견하게 될 것들을 주의깊게 살피세요. 도서관은 Order의 군대의 것이며, 아직까지 그들에게 쓰이고 있을 것입니다.",record,False,True,False,False,MEDIUM,Order
Oblivion.esm,INFO,00014B61,,NAM1,4,,,"Take this crystal. It contains the power to open the sealed door. Inside, you will find the final remnants of the library.",이 크리스탈을 가져가세요. 봉인된 문을 열 힘이 들어있습니다. 안에서 대도서관의 마지막 생존자를 만나보실수 있을 것입니다.,record,False,False,False,False,,
Oblivion.esm,DIAL,00014B42,SE11HaskillChoice5,FULL,0,,,What must I do?,어떻게 해야 합니까?,record,False,False,True,False,TOPIC_CHECK,
Oblivion.esm,INFO,00014B62,,NAM1,0,,,"Unfortunately, when Sheogorath faded, the power of the Staff faded with him. It must now be remade.","안타깝게도 폐하께서 사라지면, 지팡이의 힘 역시 그분과 함께 사라져 버립니다. 이제는 다시 만들어야 하지요.",record,False,False,False,False,,
Oblivion.esm,INFO,00014B62,,NAM1,1,,,The Staff is the symbol of power in this Realm. He who rightfully holds the Staff may hold the throne of the Shivering Isles.,"지팡이는 이 세계에 대한 권력의 상징입니다. 지팡이의 주인이 된 자는, 쉬버링 아일랜드(Shivering Isles)의 왕좌에 오를 수 있는 것입니다.",record,True,True,False,False,HIGH,"Shivering, Isles"
Oblivion.esm,INFO,00014B62,,NAM1,2,,,"However, the secrets of its construction are lost.",하지만 지팡이를 만드는 비법은 사라졌습니다.,record,False,False,False,False,,
Oblivion.esm,DIAL,00014B43,SE11HaskillChoice4,FULL,0,,,But I'm not a Daedric prince.,하지만 나는 데이드라 군주가 아니에요.,record,False,False,True,False,TOPIC_CHECK,
Oblivion.esm,INFO,00014B63,,NAM1,0,,,"True, but perhaps you can hold the throne -- provided that you possess the proper symbol of office. Namely: the Staff of Sheogorath.",그렇습니다. 하지만 그분의 지위를 상징하는 쉐오고라스의 지팡이(Staff of Sheogorath)를 손에 넣으신다면 그래도 왕좌를 취하실 수는 있습니다.,record,True,True,False,False,HIGH,"Staff, of, Sheogorath"
Oblivion.esm,DIAL,00014B44,SE11HaskillChoice3,FULL,0,,,Who will sit in the throne?,왕좌에 앉을 사람은 누구인가?,record,False,False,True,False,TOPIC_CHECK,
Oblivion.esm,INFO,00014B64,,NAM1,0,,,"Why, you will, of course. It has always been Sheogorath's intent for you to be the new Madgod.",당연히 그리 될 것입니다. 폐하께서는 계속 전하를 새로운 광기의 신으로 만들고자 하셨으니까요.,record,False,False,False,False,,
Oblivion.esm,DIAL,00014B45,SE11HaskillChoice2,FULL,0,,,What do you mean?,무슨 말이야?,record,False,False,True,False,TOPIC_CHECK,
Oblivion.esm,INFO,00014B65,,NAM1,0,,,You will sit on the throne. It has always been Sheogorath's intent for you to be the new Madgod.,왕좌에 앉게 되실 것입니다. 폐하께서는 계속 전하를 새로운 광기의 신으로 만들고자 하셨으니까요.,record,False,False,False,False,,
Oblivion.esm,DIAL,00014B46,SE11HaskillChoice1,FULL,0,,,Why do you care?,왜 신경 쓰세요?,record,False,False,True,False,TOPIC_CHECK,
Oblivion.esm,INFO,00014B66,,NAM1,0,,,"My duty now is to the Realm. By serving you, I serve Lord Sheogorath.",이제 제가 할 일은 이 세계를 지키는 것입니다. 전하를 섬기는 것은 쉐오고라스(Sheogorath) 폐하를 섬기는 것과 같습니다.,record,True,True,False,False,HIGH,Sheogorath
Oblivion.esm,INFO,00014B66,,NAM1,1,,,The only way to protect the Realm from the Greymarch is to place you in the Throne of Madness. ,"그레이마치(GreyMarch)로 부터 이 세계를 지킬 방법은 단 하나, 전하께서 광기의 왕좌에 앉는 것입니다.",record,True,True,False,False,HIGH,GreyMarch
Oblivion.esm,DIAL,00014B47,SE11Eye,FULL,0,,,Eye of Ciirta,시르타의 눈,record,False,False,True,False,TOPIC_CHECK,
Oblivion.esm,INFO,00016EF6,,NAM1,0,,,The Staff of Sheogorath holds the secrets of this Realm. ,쉐오고라스(Sheogorath)의 지팡이에는 이 세계의 비밀이 담겨 있습니다.,record,True,True,False,False,HIGH,Sheogorath
Oblivion.esm,INFO,00016EF6,,NAM1,1,,,"As such, it requires a vessel that has witnessed dark secrets. Ciirta has seen things with her eyes that no mortal has.","때문에, 어둠속의 비밀을 담은 그릇이 필요합니다.  시어타(Ciirta)는 그 누구도 보지 못한 비밀을 자신의 눈으로 봤지요.",record,True,True,False,False,HIGH,Ciirta
Oblivion.esm,INFO,00016EF6,,NAM1,2,,,"Because of this, her eye will serve well to contain that which the staff must hold.",그녀의 눈에는 지팡이에 들어갈 비밀이 담겨있어 지팡이를 만들어내는데 그 눈이 꼭 필요합니다.,record,False,False,False,False,,
Oblivion.esm,INFO,00016EF6,,NAM1,3,,,"Now that you have both components, I can remake the shell of the staff.",두 개의 Essence를 전부 구해오셨군요. 이제 지팡이의 외형을 다시 만들어 낼 수 있겠습니다.,record,False,True,False,False,MEDIUM,Essence
Oblivion.esm,INFO,00016EC7,,NAM1,0,,,The Staff of Sheogorath holds the secrets of this Realm. ,쉐오고라스(Sheogorath)의 지팡이에는 이 세계의 비밀이 담겨 있습니다.,record,True,True,False,False,HIGH,Sheogorath
Oblivion.esm,INFO,00016EC7,,NAM1,1,,,"As such, it requires a vessel that has witnessed dark secrets. Ciirta has seen things with her eyes that no mortal has.","때문에, 어둠속의 비밀을 담은 그릇이 필요합니다.  시어타(Ciirta)는 그 누구도 보지 못한 비밀을 자신의 눈으로 봤지요.",record,True,True,False,False,HIGH,Ciirta
Oblivion.esm,INFO,00016EC7,,NAM1,2,,,"Because of this, her eye will serve well to contain that which the staff must hold.",그녀의 눈에는 지팡이에 들어갈 비밀이 담겨있어 지팡이를 만들어내는데 그 눈이 꼭 필요합니다.  ,record,False,False,False,False,,
Oblivion.esm,INFO,00016EC7,,NAM1,3,,,"Now that you have her eye, you must seek out a branch of the Tree of Shades.","그녀의 눈을 손에 넣으셨으니, 다음에는 그늘나무의 가지를 찾으셔야 합니다.",record,False,False,False,False,,
Oblivion.esm,INFO,00014B5D,,NAM1,0,,,The Staff of Sheogorath holds the secrets of this Realm. ,쉐오고라스(Sheogorath)의 지팡이에는 이 세계의 비밀이 담겨 있습니다.,record,True,True,False,False,HIGH,Sheogorath
Oblivion.esm,INFO,00014B5D,,NAM1,1,,,"As such, it requires a vessel that has witnessed dark secrets. Ciirta has seen things with her eyes that no mortal has.","때문에, 어둠속의 비밀을 담은 그릇이 필요합니다.  시어타(Ciirta)는 그 누구도 보지 못한 비밀을 자신의 눈으로 봤지요.",record,True,True,False,False,HIGH,Ciirta
Oblivion.esm,INFO,00014B5D,,NAM1,2,,,"Because of this, her eye will serve well to contain that which the staff must hold.",그녀의 눈에는 지팡이에 들어갈 비밀이 담겨있어 지팡이를 만들어내는데 그 눈이 꼭 필요합니다.  ,record,False,False,False,False,,
Oblivion.esm,DIAL,00014B48,SE11DyusChoice2,FULL,0,,,Tell me about the second item.,두 번째 아이템에 대해 알려주세요.,record,False,False,True,False,TOPIC_CHECK,
Oblivion.esm,INFO,00014B5A,,NAM1,0,,,The trees and branches of this Realm feed from a deep font of madness and mystery. ,이 세계의 나무와 식물들은 광기와 불가사의의 샘(a deep font of madness and mystery)에서 물을 얻습니다.,record,True,True,False,False,HIGH,"deep, font, of, madness, and, mystery"
Oblivion.esm,INFO,00014B5A,,NAM1,1,,,"One of the oldest trees, named the Tree of Shades, lies in the halls of Milchar. Milchar is a place of ruin, root, and mania.",그늘나무라는 아주 오래된 나무가 밀카(Milchar)에 있습니다. 밀카(Milchar)는 매니아(Mania)에 있는 한 폐허입니다.,record,True,True,False,False,HIGH,"Milchar, Milchar, Mania"
Oblivion.esm,INFO,00014B5A,,NAM1,2,,,"Go there and bring me a branch of this tree, but be warned -- the tree will not surrender its secrets to one who has not earned them.",그곳에서 이 나무의 가지를 가져다 주십시오. 하지만 나무는 허락되지 않은 자에게 자신의 비밀을 함부로 넘겨주지는 않을 것입니다. 조심하십시오.,record,False,False,False,False,,
Oblivion.esm,DIAL,00014B49,SE11DyusChoice1,FULL,0,,,Tell me about the first item.,첫 번째 아이템에 대해 알려주세요.,record,False,False,True,False,TOPIC_CHECK,
Oblivion.esm,INFO,00019CCF,,NAM1,0,,,The Shivering Isles hold many secrets but few remain unseen by mortal eyes.,"쉬버링 아일즈에는 많은 비밀이 있는데, 그 중 인간이 보지 못한 것이 몇몇 있습니다.",record,False,False,False,False,,
Oblivion.esm,INFO,00019CCF,,NAM1,1,,,"The Staff is a tool of great vision and thus, requires the eye of one who has witnessed one of these unseen secrets firsthand. ","지팡이에는 광대한 시야를 주는 능력이 있어야 합니다. 따라서, 숨겨진 비밀을 직접 본 자의 눈이 필요하지요.",record,False,False,False,False,,
Oblivion.esm,INFO,00019CCF,,NAM1,2,,,Ciirta resides in the Howling Halls of Mania. Find her and bring me the eye that has seen that which no other has.,"시어타(Ciirta)는 매니아(Mania)에 있는 하울링 홀(Howling Halls)에 살고 있습니다. 다른 자들이 보지 못했던 비밀을 직접 본 그 눈, 그 눈을 제게 가져다 주십시오.",record,True,True,False,False,HIGH,"Ciirta, Mania, Howling, Halls"
Oblivion.esm,DIAL,00014B4A,SE11Dyus,FULL,0,,,Dyus,다이우스,record,False,False,True,False,TOPIC_CHECK,
Oblivion.esm,INFO,00014B53,,NAM1,0,,,"Here in this Realm where secrets are power, Dyus is a being of great might. He has knowledge of events beyond even that of the Daedric Princes.",이 세계에서 비밀은 바로 힘입니다. 다이우스(Dyus)는 대단한 의지의 소유자이지요. 그의 지식은 데이드릭(Daedric) 왕자조차 뛰어넘습니다.,record,True,True,False,False,HIGH,"Dyus, Daedric"
Oblivion.esm,INFO,00014B53,,NAM1,1,,,"Fortunately, Dyus has such an intimate knowledge of things to come that he sees no purpose in taking any action, since the outcome is written.","다행히도, 다이우스는 앞으로 일어날 일을 너무 잘 알고 있기 때문에, 결과가 이미 정해져 있기 때문에 어떤 행동도 취할 필요가 없다고 생각합니다.",record,False,False,False,False,,
Oblivion.esm,INFO,00014B53,,NAM1,2,,,"Of course, that point is infinitely debatable by those of us who prefer to believe in the value of personal choice.","물론 그점은, 개개인의 선택의 가치를 믿는 저희들에게 굉장한 논란거리가 될만 하지요.",record,False,False,False,False,,
Oblivion.esm,INFO,00014B53,,NAM1,3,,,He is kept locked away to prevent curious beings from using his knowledge to subvert the personal choices of other creatures.,그의 지식이 다른 존재의 선택을 뒤엎어 버리는데 악용되는 것을 막기 위해 그는 감금되어 있습니다.,record,False,False,False,False,,
Oblivion.esm,INFO,00014B53,,NAM1,4,,,"Given our unusual circumstances, I have asked you to seek out his aid. He is all that remains of Jyggalag's great library.","현 상황에 따라, 전하께서는 그 자의 도움을 받으셔야 합니다. 그는 지갈랙(Jyggalag)의 대 도서관에서 살아남은 마지막 생존자입니다.",record,True,True,False,False,HIGH,Jyggalag
Oblivion.esm,INFO,00014B60,,NAM1,0,,,"You were expecting a book. An ancient tome filled with the secrets that you seek. But instead, you have found me. The last remnant.",어떤 책을 예상하신 것이 아닙니까. 비밀로 가득찬 고대의 서적 같은 것을요. 대신 이곳의 마지막 생존자인 저를 찾아내신 것입니다.,record,False,False,False,False,,
Oblivion.esm,INFO,00014B60,,NAM1,1,,,Individuality is an illusion. The details of my existence are no more important than the history of a stone. ,개개인의 일이란 어찌보면 환상과도 같습니다. 제가 살아온 삶이란 길가의 돌맹이가 보낸 시간보다 무가치한 것이지요.,record,False,False,False,False,,
Oblivion.esm,INFO,00014B60,,NAM1,2,,,"However, if you insist: I once served as the keeper of the great library of Jyggalag. ","그래도, 그렇게 듣고 싶으시다면야.... 저는 한때 지갈랙(Jyggalag)이 관장하는 대 도서관의 사서였습니다.",record,True,True,False,False,HIGH,Jyggalag
Oblivion.esm,INFO,0008264D,,NAM1,0,,,"Individuality is an illusion. However, if you insist: I once served as the keeper of the great library of Jyggalag. ","개개인의 일이란 어찌보면 환상과도 같습니다. 그래도, 그렇게 듣고 싶으시다면야.... 저는 한때 지갈랙(Jyggalag)이 관장하는 대도서관의 사서였습니다.",record,True,True,False,False,HIGH,Jyggalag
Oblivion.esm,INFO,000807AA,,NAM1,0,,,Individuality is an illusion. The details of my existence are no more important than the history of a stone. ,개개인의 일이란 어찌보면 환상과도 같습니다. 제가 살아온 삶이란 길가의 돌맹이가 보낸 시간보다도 무가치한 것이지요.,record,False,False,False,False,,
Oblivion.esm,INFO,000807AA,,NAM1,1,,,"However, if you insist: I once served as the keeper of the great library of Jyggalag. ","그래도, 그렇게 듣고 싶으시다면야.... 저는 한때 지갈랙(Jyggalag)이 관장하는 대도서관의 사서였습니다.",record,True,True,False,False,HIGH,Jyggalag
Oblivion.esm,DIAL,000151DE,MS31Lynch03Final,FULL,0,,,I'm not going to say.,말할 생각 없다.,record,False,False,True,False,TOPIC_CHECK,
Oblivion.esm,INFO,000151EA,,NAM1,0,,,Then perhaps my sword can find the words that your mouth cannot!,그럼 내 검으로 말하게 만들어야겠군!,record,False,False,False,False,,
Oblivion.esm,DIAL,000151DF,MS31Lynch02Negative,FULL,0,,,I'm from the City Watch.,도시 경비대에서 왔다.,record,False,False,True,False,TOPIC_CHECK,
Oblivion.esm,INFO,000151E8,,NAM1,0,,,"City Watch? I doubt it. But since you have aligned yourself with them, I think it's time to put an end to this conversation.",도시 경비대라고? 의심스러운 걸. 하지만 네가 그들과 손잡고 있다면 이 대화를 끝내야 할 때가 된 것 같군.,record,False,False,False,False,,
Oblivion.esm,DIAL,000151E0,MS31Lynch02Positive,FULL,0,,,I'm a member of your gang.,갱단 일원입니다.,record,False,False,True,False,TOPIC_CHECK,
Oblivion.esm,INFO,000151E9,,NAM1,0,,,There's no one else in our group except the four of us. The Blackwater Brigands don't just take on new members out of the clear blue sky.,우리 넷을 제외한 다른 구성원은 없어. Blackwater Brigands는 난데없이 새로운 구성원을 취하진 않아.,record,False,True,False,False,MEDIUM,"Blackwater, Brigands"
Oblivion.esm,INFO,000151E9,,NAM1,1,,,"When we formed the Brigands three months ago, I was told no more than a four way split on all the profits!","우리가 석 달전 Brigands를 조직했을 때, 모든 이익을 단지 4등분으로만 나눌 거라고 들었어!",record,False,True,False,False,MEDIUM,Brigands
Oblivion.esm,INFO,000151E9,,NAM1,2,,,So stop telling lies and tell me what you're doing here!,그러니까 거짓말은 그만하고 여기서 여기서 뭘 하는 건지 말해!,record,False,False,False,False,,
Oblivion.esm,DIAL,000151E1,MS31Lynch01Negative,FULL,0,,,None of your business.,너와는 상관없어.,record,False,False,True,False,TOPIC_CHECK,
Oblivion.esm,INFO,000151E6,,NAM1,0,,,"Intruders are my business. I think instead of locking you in the storage room with the bouncer, I'm going to dump your body overboard!","침입자들을 막는 게 내 일이다. 생각해 봤다만, 널 그 경비병원과 함께 창고에 가두는 대신 네 몸뚱어리를 바다에 던져 버려야겠어!",record,False,False,False,False,,
Oblivion.esm,DIAL,000151E2,MS31Lynch01aPositive,FULL,0,,,Just a passenger.,단지 여행객입니다.,record,False,False,True,False,TOPIC_CHECK,
Oblivion.esm,INFO,000151E7,,NAM1,0,,,What? I was told there are only two others on board. I locked the bouncer in the Storage Room and she has the owner. So that leaves you.,뭐? 난 배 안에 단지 두 명만 있다고 들었는데. 그 경비병원은 내가 창고에 가뒀고 Selene가 주인을 잡고 있지. 그럼 너만 남는데.,record,False,True,False,False,MEDIUM,Selene
Oblivion.esm,INFO,000151E7,,NAM1,1,,,"Now, I'll ask again. Who are you?","자, 다시 묻겠다. 넌 누구지?",record,False,False,False,False,,
Oblivion.esm,DIAL,000151E4,TG06MentionBook,FULL,0,,,Did he ever mention a book?,그가 어떤 책을 언급한적 있나요?,record,False,False,True,False,TOPIC_CHECK,
Oblivion.esm,INFO,000153B6,,NAM1,0,,,No. But he did give me a message about a treasure to deliver to the Thieves Guild if I was ever to get out.,아니. 하지만 그는 만약 내가 이곳에서 빠져나게 되면 도둑 길드에 전해주라는 보물에 대한 이야기를 해 주었지.,record,False,False,False,False,,
Oblivion.esm,INFO,000153B6,,NAM1,1,,,"After the first time Theranis was taken by the Pale Lady, he knew he was going to die.","창백한 여인에게 처음으로 끌려간 이후, 그는 그가 죽을 것이라는걸 알고 있었지.",record,False,False,False,False,,
Oblivion.esm,INFO,000153B6,,NAM1,2,,,Get me out of the castle and I'll give you his message.,나를 성에서 꺼내줘. 그러면 너에게 그 메시지를 알려주지.,record,False,False,False,False,,
Oblivion.esm,DIAL,000151EB,MG17ChoiceNM,FULL,0,,,Nevermind.,걱정 마세요.,record,False,False,True,False,TOPIC_CHECK,
Oblivion.esm,INFO,00015205,,NAM1,0,,,"Okay, I'll just wait here until you tell me what to do.","알았어요, 저는 당신이 명령을 내릴때까지 여기 있을게요.",record,False,False,False,False,,
Oblivion.esm,INFO,00015455,,NAM1,0,,,Then just tell me when you've decided.,당신 마음이 결정되면 저한테 말하세요.,record,False,False,False,False,,
Oblivion.esm,INFO,00015456,,NAM1,0,,,I'll wait here then. Let me know when you've made up your mind.,그럼 저는 여기서 기다리죠. 생각이 정리되면 저에게 알려주세요. ,record,False,False,False,False,,
Oblivion.esm,DIAL,000151EC,MG17ChoicePositionB,FULL,0,,,Up close.,가까이에 있어.,record,False,False,True,False,TOPIC_CHECK,
Oblivion.esm,INFO,00015450,,NAM1,0,,,"Okay, but remember. I'm not so good at close combat - you'll have to watch out for me.",알았어요. 하지만 기억하세요. 저는 근접전투에 익숙하지 않아요 - 당신이 저를 보호해 주어야 할거에요.,record,False,False,False,False,,
Oblivion.esm,INFO,00015206,,NAM1,0,,,"Okay, I'll go over there now.",알았어요. 바로 저리 가도록 하죠,record,False,False,False,False,,
Oblivion.esm,INFO,00015452,,NAM1,0,,,"Okay, I'll go over there now.",알았어요. 바로 저리 가도록 하죠.,record,False,False,False,False,,
Oblivion.esm,INFO,00015452,,NAM1,1,,,Let me know when everyone is ready.,다른 사람이 다 준비되면 알려주세요.,record,False,False,False,False,,
Oblivion.esm,INFO,00015457,,NAM1,0,,,You've got it. I'll do my best to keep everyone healed.,그래요. 저는 다른 사람을 치료하는데 능하죠.,record,False,False,False,False,,
Oblivion.esm,DIAL,000151ED,MG17ChoicePositionA,FULL,0,,,Keep your distance.,거리를 두고 있어.,record,False,False,True,False,TOPIC_CHECK,
Oblivion.esm,INFO,0001544E,,NAM1,0,,,Right. I'm on my way.,좋아요. 바로 가죠.,record,False,False,False,False,,
Oblivion.esm,INFO,0001544F,,NAM1,0,,,"Okay, I'll head over there now.",알았어요. 바로 저리 가도록 하죠.,record,False,False,False,False,,
Oblivion.esm,INFO,00015207,,NAM1,0,,,"Okay, I'll head over there now. Let me know when everyone else is ready.","알았어요, 바로 저기로 가도록 하죠. 다른 사람들이 준비되면 알려주세요.",record,False,False,False,False,,
Oblivion.esm,INFO,00015454,,NAM1,0,,,"Okay, but that puts me farther away from the group.","알았어요, 하지만 그건 저를 이 그룹에서 떨어뜨리는 거에요",record,False,False,False,False,,
Oblivion.esm,DIAL,000151EE,Positions,FULL,0,,,Positions,배치,record,False,False,True,False,TOPIC_CHECK,
Oblivion.esm,INFO,00015204,,NAM1,0,,,"There are two good locations to hide; one near here, and one closer to the door. Where do you want me to wait?",이곳에는 숨을만한 곳이 두곳 있어요. 여기서 가까운 곳에 하나 있고 문에 가까운 쪽에 또하나 있죠. 제가 어디 있었으면 좋겠어요?,record,False,False,False,False,,
Oblivion.esm,INFO,00015451,,NAM1,0,,,"Do you want me to stay back, or stay up nearer to the door?","제가 이곳에 있을까요, 아니면 문에 더 가까이 있을까요?",record,False,False,False,False,,
Oblivion.esm,INFO,00015453,,NAM1,0,,,"Where should I wait? Up close, or farther back? I'll try to help whomever I'm near.","제가 어디서 기다려야 합니까? 가까이서, 아니면 멀리서? 어디든 저는 제 가까운 사람을 도울거에요.",record,False,False,False,False,,
Oblivion.esm,DIAL,000151EF,Abilities,FULL,0,,,Abilities,능력,record,False,False,True,False,TOPIC_CHECK,
Oblivion.esm,INFO,000151F2,,NAM1,0,,,"I can manage with a weapon or with spells, but I've really been working on healing lately. I'm getting pretty good at it.",무기나 주문도 꽤 할 수 있지만 사실 저는 최근 힐링에 빠져서요. 요즘엔 꽤 잘하게 되었지요.,record,False,False,False,False,,
Oblivion.esm,INFO,000151F3,,NAM1,0,,,"Well, I excelled in my studies in magic, especially large-scale spells. I'm pretty accurate with them, too. More accurate than swinging a sword.","뭐, 저는 마법, 특히 범위가 큰 마법에 익숙하지요. 칼을 휘두르는 것보다 더 잘 할수 있습니다.",record,False,False,False,False,,
Oblivion.esm,INFO,00015203,,NAM1,0,,,"I have to admit, I'm better with an axe than I am with Magic. I've been working on spellcasting, but I still feel better with a weapon in hand.","인정하지만, 저는 마법보다는 도끼에 더 익숙해요. 마법을 쓰는 것을 연습하고는 있지만, 그래도 아직은 손의 무기를 다루는게 더 편합니다.",record,False,False,False,False,,
Oblivion.esm,DIAL,000151F0,BlackSoulGemMG17,FULL,0,,,Black Soul Gem,블랙소울젬(Black Soul Gem),record,True,True,True,False,HIGH,"Black, Soul, Gem"
Oblivion.esm,INFO,00015459,,NAM1,0,,,Dedicated to the last! I cannot thank you enough for bringing the gem here. I have need of it immediately.,마지막까지 헌신적이군! gem을 가져와서 정말 고맙네. 난 그걸 당장 쓸 데가 있어.,record,False,True,False,False,MEDIUM,gem
Oblivion.esm,INFO,00015459,,NAM1,1,,,"We have much to speak of, and very little time. A new task awaits you, and it is by far the most important you have been entrusted with.","우리는 대화할게 많아, 그런데 시간은 매우 적지. 새로운 임무가 기다리고 있네. 그리고 이번 일은 지금까지 해 왔던 일보다 훨씬 중요하네.",record,False,False,False,False,,
Oblivion.esm,INFO,000151F5,,NAM1,0,,,You must make sure the gem does not reach Mannimarco. We are doomed if it does.,Gem이 Mannimarco의 손에 들어가지 않도록 해야하네. 만약 그가 그걸 가지게 된다면 끝장이야.,record,False,True,False,False,MEDIUM,"Gem, Mannimarco"
Oblivion.esm,INFO,000151F9,,NAM1,0,,,"I have an idea of what this gem is for, and I want you to make sure it never reaches Mannimarco's hands.",나는 그 gem을 이용해서 할 것이 있어. 그리고 그 물건이 절대 Mannimarco의 손에 닿게 할수는 없네.,record,False,True,False,False,MEDIUM,"gem, Mannimarco"
Oblivion.esm,INFO,000151F9,,NAM1,1,,,There is a group of battlemages tracking the Necromancers carrying the gem. I want you to meet them near the ruins of Silorn.,네크로맨서들이 그 gem을 운송하는 것을 추적하는 배틀메이지들이 있네. Silorn 유적 부근에서 그들과 만나도록 하게.,record,False,True,False,False,MEDIUM,"gem, Silorn"
Oblivion.esm,INFO,000151F9,,NAM1,2,,,"They can aid you in defeating those that carry the gem. Once you have it, bring it here to me.","그들은 자네가 gem을 가지고 있는자들을 잡는데 도움을 줄 수 있을거야. 그것을 가지게 되면, 나에게로 바로 가져오게.",record,False,True,False,False,MEDIUM,gem
Oblivion.esm,INFO,000151F9,,NAM1,3,,,Exercise caution when approaching the ruins; the Necromancers control that area and you may inadvertently expose your allies' position.,유적에 다가갈때는 조심하게; 네크로맨서들이 그 지역을 장악하고 있고 잘못하면 동료들의 위치를 노출하게 될거야.,record,False,False,False,False,,
Oblivion.esm,DIAL,00015249,MS31Selene06Final,FULL,0,,,I've killed all of them.,전부 죽였다.,record,False,False,True,False,TOPIC_CHECK,
Oblivion.esm,INFO,00015265,,NAM1,0,,,"Impossible! You defeated the three of them alone? I - I'm humbled by your skill, and fear that assaulting you would lead to my own quick demise.","말도 안돼! 너 혼자서 세명 전부 쓰러뜨렸다고? 그런 실력이라면, 나 - 난 상대도 안될거 같은데. 대들었다가는 괜히 목숨만 잃을 뿐이겠어.",record,False,False,False,False,,
Oblivion.esm,INFO,00015265,,NAM1,1,,,Please accept my surrender. Here's my blade. Please. No treasure is worth my life. The Bloated Float is yours.,제발 항복을 받아 줘. 여기 내 검도 줄게. 부탁이야. 목숨만은 살려줘. 선상 여관(Bloated Float)도 니꺼야.,record,True,True,False,False,HIGH,"Bloated, Float"
Oblivion.esm,DIAL,0001524A,MS31Selene05Negative,FULL,0,,,You mean in Cheydinhal?,쉐이딘홀(Cheydinhal) 말이지?,record,True,True,True,False,HIGH,Cheydinhal
Oblivion.esm,INFO,00015263,,NAM1,0,,,"Wrong, fetcher! I'm tired of this conversation! Time to end it with steel!","틀렸어, 잡놈아! 그딴 소린 집어쳐! 내 검으로 끝장내주마!",record,False,False,False,False,,
Oblivion.esm,DIAL,0001524B,MS31Selene05Positive,FULL,0,,,You mean in Bravil?,브라빌(Bravil) 말이지?,record,True,True,True,False,HIGH,Bravil
Oblivion.esm,INFO,00015264,,NAM1,0,,,A-again you have surprised me with your knowledge of our operation. I suspect Lynch didn't check all the inn rooms before we departed.,다... 다시 한 번 우리 계획에 대한 너의 지식에 놀랄 따름이야. 우리가 출발하기 전에 Lynch가 여관에 있는 모든 방을 확인하지 않았나 의심스러운데.,record,False,True,False,False,MEDIUM,Lynch
Oblivion.esm,INFO,00015264,,NAM1,1,,,"You must have been hiding down there and made your way up here. How did you get past Minx, Wrath and Lynch?",넌 그곳에 숨어있던 게 틀림없어. 그리고 여기에 왔지. 어떻게 Minx와Wrath 그리고 Lynch를 통과했지?,record,False,True,False,False,MEDIUM,"Minx, Wrath, Lynch"
Oblivion.esm,DIAL,0001524C,MS31Wrath03Final,FULL,0,,,Lynch and Minx are dead.,린치(Lynch)와 밍크(Minx)는 죽었다.,record,True,True,True,False,HIGH,"Lynch, Minx"
Oblivion.esm,INFO,0001525F,,NAM1,0,,,"Well, since they're out of the way, if I kill you, that means Selene and I split the take two ways. This heist is getting better and better!","그래, 그들이 사라졌으니, 내가 너만 죽이면 Selene와 내가 이등분해서 나눠 갖게 된다 이 말이군. 이 강도질은 점점 더 좋게 되는구만!",record,False,True,False,False,MEDIUM,Selene
Oblivion.esm,DIAL,0001524D,MS31Wrath02Negative,FULL,0,,,Yesterday.,어제.,record,False,False,True,False,TOPIC_CHECK,
Oblivion.esm,INFO,00015260,,NAM1,0,,,Liar! We never met yesterday! You're an intruder!,거짓말! 우린 어제 만난 적이 없어! 넌 침입자구나!,record,False,False,False,False,,
Oblivion.esm,DIAL,0001524E,MS31Wrath02Positive,FULL,0,,,Three days ago.,3일전에.,record,False,False,True,False,TOPIC_CHECK,
Oblivion.esm,INFO,00015261,,NAM1,0,,,Damn that woman! She promised a four part split when we recover the Golden Galleon. She never said anything about splitting it five ways!,빌어먹을 여자 같으니! 그녀는 우리가 Golden Galleon을 찾거든 4등분하기로 약속했다. 5등분에 관해선 일언반구도 없었다고!,record,False,True,False,False,MEDIUM,"Golden, Galleon"
Oblivion.esm,INFO,00015261,,NAM1,1,,,"She said when we got back to the safe house in Bravil, we would divide the loot after she fenced the damn thing.","우리가 Bravil에 있는 안전한 집으로 돌아갔을 때, 그녀가 장물을 처리한 후 그걸 나눌 거라고 말했지.",record,False,True,False,False,MEDIUM,Bravil
Oblivion.esm,INFO,00015261,,NAM1,2,,,Do Lynch and Minx know about this?,Lynch와 Minx는 이걸 알고 있나?,record,False,True,False,False,MEDIUM,"Lynch, Minx"
Oblivion.esm,DIAL,0001524F,MS31Wrath01Negative,FULL,0,,,Get away from that wheel!,타륜에서 떨어져라!,record,False,False,True,False,TOPIC_CHECK,
Oblivion.esm,INFO,0001525D,,NAM1,0,,,Over my dead body!,내 시체를 밟고 가서 해라!,record,False,False,False,False,,
Oblivion.esm,DIAL,00015250,MS31Wrath01Positive,FULL,0,,,I'm awaiting orders.,명령을 기다리고 있소.,record,False,False,True,False,TOPIC_CHECK,
Oblivion.esm,INFO,0001525E,,NAM1,0,,,"Orders? Selene didn't tell me about this, and I don't remember her taking on someone else to help us find the Golden Galleon.","명령? Selene에게 그런 이야기는 들은 적도 없고, 게다가 Golden Galleon을 찾는데 용병을 고용한 기억도 없는데.",record,False,True,False,False,MEDIUM,"Selene, Golden, Galleon"
Oblivion.esm,INFO,0001525E,,NAM1,1,,,When did all this happen?,어느새 그렇게 된거야?,record,False,False,False,False,,
Oblivion.esm,DIAL,00015251,MS31Minx03Final,FULL,0,,,He's dead.,놈은 죽었다.,record,False,False,True,False,TOPIC_CHECK,
Oblivion.esm,INFO,0001525C,,NAM1,0,,,"You? You bested Lynch? I always knew he was out of practice. Oh well, I suppose it's up to me to do his job for him as usual!","네가? 네가 Lynch에게 이겼다고? 난 항상 그녀석이 연습과 거리가 멀다는 걸 알았지. 오 그래, 여느때처럼 그녀석이 할 일을 내가 하면 되는 거야!",record,False,True,False,False,MEDIUM,Lynch
Oblivion.esm,DIAL,00015252,MS31Minx02Negative,FULL,0,,,No. He sent me to help you.,"아니, 그가 널 도와주라더군.",record,False,False,True,False,TOPIC_CHECK,
Oblivion.esm,INFO,0001525A,,NAM1,0,,,"You are a liar! Lynch had specific instructions not to disturb me. Since you came from below decks, you must have gotten past Lynch.","넌 거짓말쟁이야! Lynch는 날 방해하지 않는 특수한 지시를 받았어. 네가 아래 갑판에서 온 이상, 넌 틀림없이 Lynch를 통과했겠지.",record,False,True,False,False,MEDIUM,"Lynch, Lynch"
Oblivion.esm,INFO,0001525A,,NAM1,1,,,"I swear, you will not get past me!","맹세하건대, 넌 결코 날 통과하지 못할 거야!",record,False,False,False,False,,
Oblivion.esm,DIAL,00015253,MS31Minx02aPositive,FULL,0,,,Yes. I'm to assist her.,그래. 셀레네(Selene)를 돕기로 되있다.,record,True,True,True,False,HIGH,Selene
Oblivion.esm,INFO,0001525B,,NAM1,0,,,What does she need assistance with? She has Ormil under her own watchful eye in his cabin. Something isn't right here. What happened to Lynch?,그녀가 무슨 도움이 필요하다는 거야? 그녀는 Ormil의 선실에서 경계를 하며 그를 잡아두고 있어. 여긴 잘못된 게 없다고. Lynch에게 무슨 일이 일어났나?,record,False,True,False,False,MEDIUM,"Ormil, Lynch"
Oblivion.esm,DIAL,00015254,MS31Minx01Negative,FULL,0,,,I'm getting off this boat.,이 배에서 내리고 있다.,record,False,False,True,False,TOPIC_CHECK,
Oblivion.esm,INFO,00015258,,NAM1,0,,,The only way you're getting off this boat is when we throw your corpse over the side! Hahahaha!,네가 이 배에서 내리는 유일한 방법은 우리가 네 시체를 바다로 던질 때 뿐이라고! 하하하하!,record,False,False,False,False,,
Oblivion.esm,DIAL,00015255,MS31Minx01Positive,FULL,0,,,Lynch sent me up here.,린치(Lynch)가 날 올려 보냈다.,record,True,True,True,False,HIGH,Lynch
Oblivion.esm,INFO,00015259,,NAM1,0,,,Lynch sent you up here? Why? Did he send you to talk to Selene?,Lynch가 널 여기로 보냈다고? 어째서? Selene에게 말할 게 있어서 보냈나?,record,False,True,False,False,MEDIUM,"Lynch, Selene"
Oblivion.esm,DIAL,000152E7,MQFollow,FULL,0,,,Follow me.,따라오세요.,record,False,False,True,False,TOPIC_CHECK,
Oblivion.esm,INFO,00026EF0,,NAM1,0,,,We'll follow your lead.,우린 당신을 따르겠소.,record,False,False,False,False,,
Oblivion.esm,INFO,0001E8DB,,NAM1,0,,,"To Weynon Priory, then.","그럼, 웨이넌 수도원으로 가시죠.",record,False,False,False,False,,
Oblivion.esm,INFO,0006B1B6,,NAM1,0,,,I'm with you.,따라가겠소.,record,False,False,False,False,,
Oblivion.esm,INFO,0006B1B7,,NAM1,0,,,The sooner we reach Cloud Ruler Temple the better. Lead on.,"클라우드 룰러 사원에 빨리 도착할수록, 좋을 겁니다. 앞장서시죠.",record,False,False,False,False,,
Oblivion.esm,INFO,001778CB,,NAM1,0,,,I'm right behind you.,바로 뒤따르고 있소.,record,False,False,False,False,,
Oblivion.esm,INFO,000152EE,,NAM1,0,,,"Lead on, my friend.",앞장 서게나 친구.,record,False,False,False,False,,
Oblivion.esm,INFO,00026EF1,,NAM1,0,,,Lead on. I hope we're almost there.,앞장 서시오. 거의 다 왔으면 좋겠군.,record,False,False,False,False,,
Oblivion.esm,INFO,00037835,,NAM1,0,,,I'm with you.,나는 자네 곁에 있겠네.,record,False,False,False,False,,
Oblivion.esm,DIAL,000152E8,MQWait,FULL,0,,,Wait here.,여기서 기다리세요.,record,False,False,True,False,TOPIC_CHECK,
Oblivion.esm,INFO,000152EF,,NAM1,0,,,We'll hold them off as long as we can. Return quickly.,할 수 있는 데까지 그들을 막아보겠네. 빨리 돌아오게.,record,False,False,False,False,,
Oblivion.esm,INFO,00026EF2,,NAM1,0,,,We'll hold this position as long as we can.,"될 수 있는 한, 이 위치를 고수하고 있겠소.",record,False,False,False,False,,
Oblivion.esm,INFO,0001E8DA,,NAM1,0,,,I've put myself in your hands. Don't fail me.,전 당신을 믿고 있습니다. 실망시키지 말아주십시오.,record,False,False,False,False,,
Oblivion.esm,INFO,0001E8DC,,NAM1,0,,,I'll keep an eye out for trouble while you're gone.,당신이 없는 동안 아무 문제 없도록 경계하고 있겠습니다.,record,False,False,False,False,,
Oblivion.esm,INFO,0006B1B8,,NAM1,0,,,I was looking forward to reaching Cloud Ruler Temple. Don't be long.,클라우드 룰러 사원을 기대하고 있습니다. 너무 오래 끌지는 마십시오.,record,False,False,False,False,,
Oblivion.esm,INFO,001778CC,,NAM1,0,,,"Well... alright. I think we'd be better off sticking together, though.",음... 좋소. 우리가 좀 더 가까이 있는 게 좋을 것 같긴 하지만.,record,False,False,False,False,,
Oblivion.esm,INFO,00037836,,NAM1,0,,,I'll stay here until you're ready to continue to the Elder Council Chambers. Don't be long.,원로 의원회 회의실로 갈 준비가 될 때까지 기다리고 있겠습니다. 빨리 돌아오십시오.,record,False,False,False,False,,
Oblivion.esm,INFO,00026EF3,,NAM1,0,,,As you wish. I'll stay here until you get back.,돌아올 때까지 여기서 기다리겠소.,record,False,False,False,False,,
Oblivion.esm,DIAL,000152F2,TG10JaksDiarySays,FULL,0,,,Jak's diary mentions you.,잭의 일기(Jak's diary)에 당신에 대해 언급되있소.,record,True,True,True,False,HIGH,"Jak's, diary"
Oblivion.esm,INFO,00015313,,NAM1,0,,,Ah. It seems you have stumbled over a bit of history that few in the Thieves Guild ever discover. I am not the first Gray Fox.,아. 너는 이제까지 도둑길드의 소수만이 발견한 역사의 한 조각에 마주한 것 같구나. 나는 최초의 그레이 폭스는 아니다.,record,False,False,False,False,,
Oblivion.esm,INFO,00015313,,NAM1,1,,,That master thief died sometime shortly after stealing the Gray Cowl and receiving Nocturnal's curse.,그 마스터 도둑은 회색 가면(Gray Cowl)을 훔치고 녹터널(Nocturnal)의 저주를 받은 후에 얼마 지나지 않아 사망했다.,record,True,True,False,False,HIGH,"Gray, Cowl, Nocturnal"
Oblivion.esm,INFO,00015313,,NAM1,2,,,"However, another thief in the guild picked up the cowl and assumed his identity and the curse. No-one in the guild knew it was a different person.","하지만, 길드의 또 다른 도둑이 그 가면을 들었고, 그의 정체성과 저주를 이어가게 되었지. 길드의 어느 누구도 그것이 다른 인물이란 것을 알지 못했다.",record,False,False,False,False,,
Oblivion.esm,INFO,00015313,,NAM1,3,,,Over the centuries there have been dozens of Gray Foxes. To the rest of the world he seems immortal and unchanging. I am hoping to be the last.,여러 세기 동안 수십 명의 그레이 폭스들이 있어왔다. 세상 사람들에게는 그가 불멸자이자 불변이라고 보여졌겠지. 나는 최후가 되기를 바라고 있다.,record,False,False,False,False,,
Oblivion.esm,DIAL,000152F3,TG10JakKnewGrayFox,FULL,0,,,Contemporary of Springheel Jak,스프링힐 잭(Springheel Jak)과 동시대인,record,True,True,True,False,HIGH,"Springheel, Jak"
Oblivion.esm,INFO,00015312,,NAM1,0,,,Did I know him personally? Of course not. He lived 300 years ago.,그를 개인적으로 아냐고? 물론 모르지. 그는 300년 전에 살던 인간이다.,record,False,False,False,False,,
Oblivion.esm,DIAL,000152F4,TG10NoBoots,FULL,0,,,Um...no. I don't.,음...아니오. 없소.,record,False,False,True,False,TOPIC_CHECK,
Oblivion.esm,INFO,00015311,,NAM1,0,,,Don't waste my time. Not in the mood for it.,내 시간을 낭비하지 마시오. 그럴 기분이 아니오.,record,False,False,False,False,,
Oblivion.esm,DIAL,000152F5,TG10GiveBoots,FULL,0,,,Here are the boots.,여기 장화가 있습니다.,record,False,False,True,False,TOPIC_CHECK,
Oblivion.esm,INFO,00015310,,NAM1,0,,,Capital! This may be the last piece of the puzzle. I need to spend more time with Savilla's Stone first.,쩔어주는군! 이거야말로 퍼즐의 마지막 조각일지도 몰라. 우선 사빌라의 호석을 더 조사해 봐야겠어.,record,False,False,False,False,,
Oblivion.esm,INFO,00015310,,NAM1,1,,,"If all goes well, I may call upon you for one last task. The danger will be great, but the reward will be greater. Unfortunately, there is a problem.","모든게 잘 풀리면, 자네에게 마지막 임무를 줄 걸세. 매우 위험하겠지만, 그만큼 보상도 클 거야. 안타깝게도, 문제가 하나 있지만.",record,False,False,False,False,,
Oblivion.esm,INFO,00015310,,NAM1,2,,,I am deeply disappointed that a Master Thief had to resort to murder. I hearby revoke your Thieves Guild membership until the blood price is paid.,마스터 도둑(Master Thief)이 살인에 의지해야 했던 것에 크게 실망했다. 피의대가를 지불할때까지 자네의 도둑길드 멤버쉽을 즉시 취소하겠어.,record,True,True,False,False,HIGH,"Master, Thief"
Oblivion.esm,INFO,0001CF37,,NAM1,0,,,Capital! This may be the last piece of the puzzle. I need to spend more time with Savilla's Stone first.,굉장해! 이건 퍼즐의 마지막 조각인지도 모르겠군. 우선 Savilla's Stone에 더 전념해야겠어.,record,False,True,False,False,MEDIUM,"Savilla's, Stone"
Oblivion.esm,INFO,0001CF37,,NAM1,1,,,"I am truly indebted to you. If all goes well, I may call upon you for one last task. The danger will be great, but the reward will be greater.","진정 자네에게 빚을 졌군. 일이 잘 풀리면, 마지막 남은 임무를 자네에게 요청하려고 한다. 보상이 큰 만큼 아주 위험할거야.",record,False,False,False,False,,
Oblivion.esm,INFO,0001CF37,,NAM1,2,,,"For now, here is your reward. Let us leave Ganredhel's house and go our separate ways. We have overstayed our welcome.","그럼, 여기 자네의 보상이다. 이제 우린 갠레델(Ganredhel)의 집을 떠나 각자의 길을 가도록 하지. 너무 오래 머물러 있었어.",record,True,True,False,False,HIGH,Ganredhel
Oblivion.esm,DIAL,000152F6,TG10AnswerQuestion,FULL,0,,,Just answer my question!,질문만 대답해라!,record,False,False,True,False,TOPIC_CHECK,
Oblivion.esm,INFO,0001530F,,NAM1,0,,,The family crypts are under the house. They give me the creeps. I have the key. Take it. Just don't hurt me!,가족 토굴은 집 아래에 있어요. 그것들이 날 섬뜩하게 해요. 열쇠가 있어요. 이걸 가지세요. 제발 절 해치지 마세요!,record,False,False,False,False,,
Oblivion.esm,DIAL,000152F7,TG10JakBuried,FULL,0,,,Springheel Jak's tomb,스프링힐 잭(Springheel Jak)의 묘,record,True,True,True,False,HIGH,"Springheel, Jak"
Oblivion.esm,INFO,0001530E,,NAM1,0,,,"Take everything, just spare me!","다 가져가고, 제발 살려주세요!",record,False,False,False,False,,
Oblivion.esm,INFO,0009DEDA,,NAM1,0,,,"I don't know this Springheel you are asking about. However, the entrance to the family crypt is in the cellar. Take what you want, just spare me!","당신이 묻고 있는 그 스프링힐(Springheel)을 난 몰라요. 하지만, 가족 토굴의 입구는 지하실에 있어요. 다 가져가고, 제발 살려주세요!",record,True,True,False,False,HIGH,Springheel
Oblivion.esm,INFO,0009DEDA,,NAM1,1,,,"Only the Earl has a key. I have been warned never to enter it, on pain of death.",오직 백작(Earl)만이 열쇠를 가지고 있죠. 죽지 않으려면 절대 들어가지 않도록 경고받았어요.,record,True,True,False,False,HIGH,Earl
Oblivion.esm,DIAL,0001531C,TG06AmuseiDoingHere,FULL,0,,,Argonian prisoner,아르고니안(Argonian) 죄수,record,True,True,True,False,HIGH,Argonian
Oblivion.esm,INFO,0001531F,,NAM1,0,,,That would be me. I am so glad you are here to save me from the vampire!,그건 아마 나 일거요. 뱀파이어로부터 나를 구하러 온 당신을 보니 너무 기쁘군!,record,False,False,False,False,,
Oblivion.esm,INFO,0001531F,,NAM1,1,,,Those cretin Skingrad guards caught me stealing a fish and locked me up.,그 바보 같은 스킨그라드 경비병들이 물고기를 훔치는 나를 잡아 처넣어버렸거든.,record,False,False,False,False,,
Oblivion.esm,INFO,0001531F,,NAM1,2,,,"You have saved my life, again. You are a true friend. I will not forget this. I've decided to join the Thieves Guild. No more jails for me!",내 목숨을 다시 한번 구해줬어. 당신은 정말 진정한 친구야. 결코 잊지 않겠어. 이젠 도둑 길드에 가입하기로 마음 먹었어. 더 이상 감옥에 오기는 싫거든!,record,False,False,False,False,,
Oblivion.esm,DIAL,000153A7,TGPayBloodPrice,FULL,0,,,I'll pay the blood price.,피의 대가를 지불하겠습니다.,record,False,False,True,False,TOPIC_CHECK,
