file,record_type,formid,editor_id,field,occurrence,quest_stage,quest_stage_occurrence,source_english,translation_korean,origin,flag_korean_english_parentheses,flag_english_remnant,flag_topic_system_candidate,flag_decode_unknown,review_priority,english_tokens
Oblivion.esm,GMST,00045D2F,sMiscSEBounty,DATA,0,,,Shivering Isles Bounty:,쉬버링 아일즈 현상금:,record,False,False,False,False,,
Oblivion.esm,GMST,0000A9EE,sVarlaStoneMessage,DATA,0,,,"You have used a Varla Stone's power to restore your enchanted items' charge, and now it is gone.",발라 스톤의 힘을 사용하여 마법 아이템을 충전했습니다. 스톤이 사라집니다.,record,False,False,False,False,,
Oblivion.esm,GMST,000086C9,sAddItemtoSpellList,DATA,0,,,added.,추가되었습니다.,record,False,False,False,False,,
Oblivion.esm,GMST,000086B7,sVampireFeedQuestion,DATA,0,,,What would you like to do with this person?,이 사람에게 무엇을 하시겠습니까?,record,False,False,False,False,,
Oblivion.esm,GMST,0000517E,sLockLevelNameImpossible,DATA,0,,,Needs a key,열쇠가 필요합니다,record,False,False,False,False,,
Oblivion.esm,GMST,00004848,sCanNotEquipQuestArrows,DATA,0,,,You can not fire this quest arrow.,이 퀘스트 화살은 발사할 수 없습니다.,record,False,False,False,False,,
Oblivion.esm,GMST,00014D3A,sEssentialCharacterDown,DATA,0,,,is unconscious.,의식을 잃었습니다.,record,False,False,False,False,,
Oblivion.esm,GMST,000CD59A,sFavoredAttributes,DATA,0,,,Choose your 2 favored attributes. You will gain +5 to each one.,선호 능력치 2개를 선택하십시오. 각각 +5 증가합니다.,record,False,False,False,False,,
Oblivion.esm,GMST,000CD599,sMajorSkills,DATA,0,,,Choose your 7 major skills. You will start at 25 (Apprentice Level) in each one.,주요 기술 7개를 선택하십시오. 각각 25(수습생)로 시작합니다.,record,False,False,False,False,,
Oblivion.esm,GMST,000CD598,sNoSleepInOwnedBed,DATA,0,,,You cannot sleep in an owned bed.,다른 사람의 침대에서는 잘 수 없습니다.,record,False,False,False,False,,
Oblivion.esm,GMST,000CD593,sNoTalkFleeing,DATA,0,,,is fleeing.,도망치는 중입니다.,record,False,False,False,False,,
Oblivion.esm,GMST,000CD591,sSpecialization,DATA,0,,,Choose your Specialization. Specialized skills get +10 and increase faster.,전문 분야를 선택하십시오. 전문 기술은 +10을 받고 더 빨리 향상됩니다.,record,False,False,False,False,,
Oblivion.esm,GMST,000CD3F3,sSuccessfulSneakAttackEnd,DATA,0,,,x damage!,배 피해!,record,False,False,False,False,,
Oblivion.esm,GMST,000CD3E0,sHairColor15,DATA,0,,,Satin Blonde,은은한 금발,record,False,False,False,False,,
Oblivion.esm,GMST,000CD3DF,sHairColor14,DATA,0,,,Grey,회색,record,False,False,False,False,,
Oblivion.esm,GMST,000CD3DE,sHairColor13,DATA,0,,,Dark Brown,짙은 갈색,record,False,False,False,False,,
Oblivion.esm,GMST,000CD3DD,sHairColor12,DATA,0,,,Blue Black,청흑색,record,False,False,False,False,,
Oblivion.esm,GMST,000CD3DC,sHairColor11,DATA,0,,,Mahogany,마호가니,record,False,False,False,False,,
Oblivion.esm,GMST,000CD3DB,sHairColor10,DATA,0,,,Bright Copper,밝은 구릿빛,record,False,False,False,False,,
Oblivion.esm,GMST,000CD3DA,sHairColor9,DATA,0,,,Golden Blonde,황금빛 금발,record,False,False,False,False,,
Oblivion.esm,GMST,000CD3D9,sHairColor8,DATA,0,,,Copper,구릿빛,record,False,False,False,False,,
Oblivion.esm,GMST,000CD3D8,sHairColor7,DATA,0,,,Auburn,적갈색,record,False,False,False,False,,
Oblivion.esm,GMST,000CD3D7,sHairColor6,DATA,0,,,Cool Brown,회갈색,record,False,False,False,False,,
Oblivion.esm,GMST,000CD3D6,sHairColor5,DATA,0,,,Light Brown,연갈색,record,False,False,False,False,,
Oblivion.esm,GMST,000CD3D5,sHairColor4,DATA,0,,,Rose Blonde,장밋빛 금발,record,False,False,False,False,,
Oblivion.esm,GMST,000CD3D4,sHairColor3,DATA,0,,,Bright Blonde,밝은 금발,record,False,False,False,False,,
Oblivion.esm,GMST,000CD3D3,sHairColor2,DATA,0,,,Black,검정,record,False,False,False,False,,
Oblivion.esm,GMST,000CD3D2,sHairColor1,DATA,0,,,Charcoal,차콜,record,False,False,False,False,,
Oblivion.esm,GMST,000CD3D1,sHairColor0,DATA,0,,,Bright Grey,밝은 회색,record,False,False,False,False,,
Oblivion.esm,GMST,000CD2D5,sMiscNumPlacesDiscovered,DATA,0,,,Places Found: ,발견한 장소: ,record,False,False,False,False,,
Oblivion.esm,GMST,000CA0F6,sNoFastTravelCombat,DATA,0,,,You cannot fast travel with enemies nearby.,주변에 적이 있어 빠른 이동을 할 수 없습니다.,record,False,False,False,False,,
Oblivion.esm,GMST,000C7959,sReturnToMainMenu,DATA,0,,,Return to the main menu?  Unsaved data will be lost.,메인 메뉴로 돌아가시겠습니까? 저장하지 않은 내용은 사라집니다.,record,False,False,False,False,,
Oblivion.esm,GMST,000C58CF,sSoulGemTooSmall,DATA,0,,,There is no Soul Gem in your inventory large enough to capture the soul.,이 영혼을 담을 만큼 큰 소울 젬이 없습니다.,record,False,False,False,False,,
Oblivion.esm,GMST,000C4262,sMonthMidYear,DATA,0,,,Mid-Year,한여름,record,False,False,False,False,,
Oblivion.esm,GMST,000C4261,sMonthRainsHand,DATA,0,,,Rain's Hand,비의 손,record,False,False,False,False,,
Oblivion.esm,GMST,000C4260,sMonthHeartFire,DATA,0,,,Heartfire,심화,record,False,False,False,False,,
Oblivion.esm,GMST,000C01AB,sNoWaitInCombat,DATA,0,,,You cannot wait when enemies are nearby.,주변에 적이 있어 대기할 수 없습니다.,record,False,False,False,False,,
Oblivion.esm,GMST,0006C174,sUnequipItemOnPlayer,DATA,0,,,was unequipped on you,의 장착이 해제되었습니다,record,False,False,False,False,,
Oblivion.esm,GMST,0006C173,sTravelQuestion,DATA,0,,,Travel to,이동:,record,False,False,False,False,,
Oblivion.esm,GMST,0006C172,sPlayerLeavingBorderRegion,DATA,0,,,You cannot go that way. Turn back.,그쪽으로 갈 수 없습니다. 돌아가십시오.,record,False,False,False,False,,
Oblivion.esm,GMST,0006C171,sOpenWithKey,DATA,0,,,Door opened with ,열쇠로 문을 열었습니다: ,record,False,False,False,False,,
Oblivion.esm,GMST,0006C170,sNoWaitUnderWater,DATA,0,,,You cannot wait while underwater.,물속에서는 대기할 수 없습니다.,record,False,False,False,False,,
Oblivion.esm,GMST,0006C16F,sNoWaitHostilActorsNear,DATA,0,,,You cannot wait when enemies are nearby.,주변에 적이 있어 대기할 수 없습니다.,record,False,False,False,False,,
Oblivion.esm,GMST,0006C16E,sNoSleepHostilActorsNear,DATA,0,,,You cannot sleep with enemies nearby.,주변에 적이 있어 잠을 잘 수 없습니다.,record,False,False,False,False,,
Oblivion.esm,GMST,0006C16D,sNoSleepCombat,DATA,0,,,You cannot sleep with enemies nearby.,주변에 적이 있어 잠을 잘 수 없습니다.,record,False,False,False,False,,
Oblivion.esm,GMST,0006C16C,sLoadWhilePlaying,DATA,0,,,Are you sure you want to load this game? All unsaved progress will be lost.,게임을 불러오시겠습니까? 저장하지 않은 진행 상황은 모두 사라집니다.,record,False,False,False,False,,
Oblivion.esm,GMST,0006C16B,sLevelUp11,DATA,0,,,Being smart doesn't hurt. And a little luck now and then is nice. But the key is patience and hard work.,"영리한 것도 나쁘지 않고, 가끔은 운도 필요하다. 하지만 핵심은 인내와 노력이다.",record,False,False,False,False,,
Oblivion.esm,GMST,0006C16A,sLevelDoneWarning,DATA,0,,,You need to finish distributing attribute points before leaving.,나가기 전에 능력치 포인트를 모두 분배해야 합니다.,record,False,False,False,False,,
Oblivion.esm,GMST,0006C169,sLevelDefault,DATA,0,,,The results of hard work and dedication always look like luck. But you know you've earned every ounce of your success.,집념과 노력의 결과조차 항상 행운처럼 여겨집니다. 하지만 당신은 모든 결과를 스스로의 힘으로 만들어 냈음을 알고 있습니다.,record,False,False,False,False,,
Oblivion.esm,GMST,0006C168,sDiscoveredText,DATA,0,,,You found,발견:,record,False,False,False,False,,
Oblivion.esm,GMST,0006C167,sContinueText,DATA,0,,,Continue Playing?,계속 플레이하시겠습니까?,record,False,False,False,False,,
Oblivion.esm,GMST,0006C166,sCanNotTrainHigher,DATA,0,,,This character cannot help you train any higher.,이 인물에게서는 더 이상 훈련받을 수 없습니다.,record,False,False,False,False,,
Oblivion.esm,GMST,0006C165,sCanNotReadBood,DATA,0,,,You cannot read when enemies are nearby.,근처에 적이 있어 읽을 수 없습니다.,record,False,False,False,False,,
Oblivion.esm,GMST,0006C164,sCanNotEquipSoulGem,DATA,0,,,You cannot recharge enchanted items during combat.,전투 중에는 마법 장비를 충전할 수 없습니다.,record,False,False,False,False,,
Oblivion.esm,GMST,0006C163,sCanNotEquipRepairHammer,DATA,0,,,You cannot repair items when enemies are nearby.,주변에 적이 있어 장비를 수리할 수 없습니다.,record,False,False,False,False,,
Oblivion.esm,GMST,0006C162,sCanNotEquipAlchemy,DATA,0,,,You cannot create potions when enemies are nearby.,주변에 적이 있어 물약을 만들 수 없습니다.,record,False,False,False,False,,
Oblivion.esm,GMST,0006C161,sAddItemtoInventoryText,DATA,0,,,removed.,제거되었습니다.,record,False,False,False,False,,
Oblivion.esm,GMST,0006C160,sAddItemtoInventory,DATA,0,,,added.,추가되었습니다.,record,False,False,False,False,,
Oblivion.esm,GMST,00067C4F,sMagicDescription,DATA,0,,,"Allows you to progress more quickly in these skills as you use them: Alchemy, Alteration, Conjuration, Destruction, Illusion, Mysticism, Restoration.","사용할수록 더 빠르게 향상되는 기술: 연금술, 변화마법, 소환마법, 파괴마법, 환영마법, 신비마법, 회복마법.",record,False,False,False,False,,
Oblivion.esm,GMST,00067C4E,sStealthDescription,DATA,0,,,"Allows you to progress more quickly in these skills as you use them: Acrobatics, Light Armor, Marksman, Mercantile, Security, Sneak, Speechcraft.","사용할수록 더 빠르게 향상되는 기술: 곡예, 경갑, 궁술, 상술, 자물쇠 따기, 은신, 화술.",record,False,False,False,False,,
Oblivion.esm,GMST,00067C4D,sCombatDescription,DATA,0,,,"Allows you to progress more quickly in these skills as you use them: Armorer, Athletics, Blade, Block, Blunt, Hand to Hand, Heavy Armor.","사용할수록 더 빠르게 향상되는 기술: 방어구 수리, 운동, 검술, 방어, 둔기, 격투, 중갑.",record,False,False,False,False,,
Oblivion.esm,GMST,000624E6,sNoWaitWhileAlarmSounding,DATA,0,,,You cannot wait while guards are coming.,여기서 기다릴 수 없습니다. 당신의 이름이 들리는 경보가 울리고 있습니다.,record,False,False,False,False,,
Oblivion.esm,GMST,000624E5,sNoSoulInGem,DATA,0,,,This Soul Gem is empty. You can only equip a Soul Gem that has a soul in it.,이 소울 젬은 비어 있습니다. 영혼이 담긴 소울 젬만 장착할 수 있습니다.,record,False,False,False,False,,
Oblivion.esm,GMST,000624E4,sNoSoul,DATA,0,,,You need to select a Soul Gem filled with a soul to enchant an object.,물건에 마법부여를 하려면 영혼이 담긴 소울젬을 선택해야 합니다.,record,False,False,False,False,,
Oblivion.esm,GMST,000624E3,sNoFastTravelScriptBlock,DATA,0,,,Fast travel is currently unavailable from this location.,현재 위치에서는 빠른 이동을 시도할 수 없습니다.,record,False,False,False,False,,
Oblivion.esm,GMST,000624E2,sLowSoul,DATA,0,,,Enchantment is too strong for this soul gem.,이 소울젬의 최대 마법부여 레벨을 초과했습니다.,record,False,False,False,False,,
Oblivion.esm,GMST,000624E1,sKeyLocked,DATA,0,,,That key cannot be remapped.,그 키는 재매핑할 수 없습니다.,record,False,False,False,False,,
Oblivion.esm,GMST,000624E0,sDropEquippedItemWarning,DATA,0,,,You cannot drop an equiped item until you complete your current action.,현재 행동을 마칠 때까지 장착한 아이템을 버릴 수 없습니다.,record,False,False,False,False,,
Oblivion.esm,GMST,000624DF,sAnimationCanNotUnequip,DATA,0,,,You cannot change weapons while attacking.,공격 중에는 무기를 바꿀 수 없습니다.,record,False,False,False,False,,
Oblivion.esm,GMST,00185E30,sOverEncumbered,DATA,0,,,You are over-encumbered.,소지 한도를 초과했습니다.,record,False,False,False,False,,
Oblivion.esm,GMST,0005C44C,sStrengthDescription,DATA,0,,,YOU ARE USING WRONG GAMESETTING,게임 설정 설명이 필요합니다.,record,False,False,False,False,,
Oblivion.esm,GMST,0005C44B,sWillPowerDescription,DATA,0,,,YOU ARE USING WRONG GAMESETTING,게임 설정 설명이 필요합니다.,record,False,False,False,False,,
Oblivion.esm,GMST,0005C44A,sPersonalityDescription,DATA,0,,,YOU ARE USING WRONG GAMESETTING,게임 설정 설명이 필요합니다.,record,False,False,False,False,,
Oblivion.esm,GMST,0005C449,sLuckDescription,DATA,0,,,YOU ARE USING WRONG GAMESETTING,게임 설정 설명이 필요합니다.,record,False,False,False,False,,
Oblivion.esm,GMST,0005C448,sIntellegenceDescription,DATA,0,,,YOU ARE USING WRONG GAMESETTING,게임 설정 설명이 필요합니다.,record,False,False,False,False,,
Oblivion.esm,GMST,0005C447,sEnduranceDescription,DATA,0,,,MESSAGE,게임 설정 설명이 필요합니다.,record,False,False,False,False,,
Oblivion.esm,GMST,0004F65C,sAgilityDescription,DATA,0,,,YOU ARE USING WRONG GAMESETTING,게임 설정 설명이 필요합니다.,record,False,False,False,False,,
Oblivion.esm,GMST,0004F65B,sAnimationCanNotEquipWeapon,DATA,0,,,You cannot change weapons while attacking.,공격 중에는 무기를 변경할 수 없습니다.,record,False,False,False,False,,
Oblivion.esm,GMST,0004F65A,sAttributeDescWillpower,DATA,0,,,"Affects how quickly you regenerate Magicka, and how much Fatigue you have. Governs the skills of Destruction, Alteration, and Restoration.","매지카 회복 속도와 피로도에 영향을 줍니다. 파괴마법, 변화마법, 회복마법을 관장합니다.",record,False,False,False,False,,
Oblivion.esm,GMST,0004F659,sAttributeDescStrength,DATA,0,,,"Affects how much you can carry, how much Fatigue you have, and how much damage you can do with melee weapons such as swords and axes. Governs the skills of Blunt, Blade, and Hand to Hand.","소지 한도, 피로도, 검이나 도끼 같은 근접 무기의 피해량에 영향을 줍니다. 둔기, 검술, 격투를 관장합니다.",record,False,False,False,False,,
Oblivion.esm,GMST,0004F658,sAttributeDescSpeed,DATA,0,,,"Determines how fast you move. Governs the skills of Athletics, Light Armor, and Acrobatics.","이동 속도를 결정합니다. 운동, 경갑, 곡예를 관장합니다.",record,False,False,False,False,,
Oblivion.esm,GMST,0004F657,sAttributeDescPersonality,DATA,0,,,"Affects how much people like you, which leads to better information-gathering. Governs the skills of Speechcraft, Mercantile, and Illusion.","다른 사람이 당신을 얼마나 좋아하는지에 영향을 주며, 정보 수집에도 도움이 됩니다. 화술, 상술, 환영마법을 관장합니다.",record,False,False,False,False,,
Oblivion.esm,GMST,0004F656,sAttributeDescLuck,DATA,0,,,"Luck has an effect on everything you do, but governs no skills.",행운은 모든 행동에 영향을 주지만 특정 기술을 관장하지는 않습니다.,record,False,False,False,False,,
Oblivion.esm,GMST,0004F655,sAttributeDescIntelligence,DATA,0,,,"Affects your total Magicka and magic use. Governs the skills of Alchemy, Conjuration, and Mysticism.","총 매지카와 마법 사용에 영향을 줍니다. 연금술, 소환마법, 신비마법을 관장합니다.",record,False,False,False,False,,
Oblivion.esm,GMST,0004F654,sAttributeDescEndurance,DATA,0,,,"Affects how much Fatigue you have, your Health, and how much your Health will increase when you sleep and raise levels. Governs the skills of Block, Armorer, and Heavy Armor.","피로도와 체력, 레벨 상승 시 증가하는 체력에 영향을 줍니다. 방어, 방어구 수리, 중갑을 관장합니다.",record,False,False,False,False,,
Oblivion.esm,GMST,0004F653,sAttributeDescAgility,DATA,0,,,"Affects your ability to maneuver and balance, your total Fatigue, and damage done by bows. Governs the skills of Security, Sneak, and Marksman.","기동성과 균형, 총 피로도, 활 피해량에 영향을 줍니다. 자물쇠 따기, 은신, 궁술을 관장합니다.",record,False,False,False,False,,
Oblivion.esm,GMST,0004B6DB,sDerivedAttributeDescMagicka,DATA,0,,,"Casting spells uses Magicka. Magicka regenerates based on your Willpower. Sleeping, potions or spells can restore your Magicka.","주문 시전에 매지카를 사용합니다. 매지카는 의지력에 따라 회복되며 수면, 물약, 주문으로 회복할 수 있습니다.",record,False,False,False,False,,
Oblivion.esm,GMST,0004B6DA,sDerivedAttributeDescHealth,DATA,0,,,"The amount of damage you can take. Sleeping, potions or spells can restore your Health.","견딜 수 있는 피해량입니다. 수면, 물약, 주문으로 체력을 회복할 수 있습니다.",record,False,False,False,False,,
Oblivion.esm,GMST,0004B6D9,sDerivedAttributeDescFatigue,DATA,0,,,"Fatigue is how tired you are. Low Fatigue hurts your effectiveness, especially when doing melee attacks. Fatigue returns faster if you are walking. ",피로한 정도입니다. 피로도가 낮으면 특히 근접 공격의 효율이 떨어집니다. 걸을 때 더 빨리 회복됩니다.,record,False,False,False,False,,
Oblivion.esm,GMST,0004B6D8,sDerivedAttributeDescEncumbrance,DATA,0,,,"Represents the total weight you can carry. When full, you cannot move until you drop some items.",휴대할 수 있는 총 무게입니다. 한도를 넘으면 물건을 버릴 때까지 움직일 수 없습니다.,record,False,False,False,False,,
Oblivion.esm,GMST,00037E8C,sNoSoulGem,DATA,0,,,You need a Soul Gem.,재충전하려면 소울젬이 필요합니다.,record,False,False,False,False,,
Oblivion.esm,GMST,00037E8B,sNoMortor,DATA,0,,,You need a Mortar and Pestle to make potions.,물약 제조를 위해서는 절구와 공이가 필요합니다.,record,False,False,False,False,,
Oblivion.esm,GMST,00037E8A,sNoLockPickKey,DATA,0,,,You need a lockpick or the key.,문이 잠겨 있고 열쇠나 자물쇠 따개가 없습니다.,record,False,False,False,False,,
Oblivion.esm,GMST,00037E89,sNoLockPick,DATA,0,,,You have no lockpicks.,문이 잠겨 있고 열쇠나 자물쇠 따개가 없습니다.,record,False,False,False,False,,
Oblivion.esm,GMST,00037E88,sNoHammer,DATA,0,,,You need more hammers.,수리 망치가 더 필요합니다.,record,False,False,False,False,,
Oblivion.esm,GMST,00037E87,sImpossibleLock,DATA,0,,,This lock cannot be picked. You need a key.,이 자물쇠는 열 수 없습니다. 열쇠가 필요합니다.,record,False,False,False,False,,
Oblivion.esm,GMST,00037E86,sCanNotTrainAnymore,DATA,0,,,You have reached your training limit for your current level.,현재 레벨에서 받을 수 있는 훈련 한도에 도달했습니다.,record,False,False,False,False,,
Oblivion.esm,GMST,0001E6A1,sLevelUp20,DATA,0,,,"By superhuman effort, you can avoid slipping backwards for a while. But one day, you'll lose a step, or drop a beat, or miss a detail... and you'll be gone forever.","인생은 아직 끝나지 않았습니다. 당신은 여전히 더 똑똑해지거나, 더 영리해지거나, 더 노련해지거나, 더 비열해질 수 있습니다. 하지만 당신의 육체와 영혼은 더 이상 젊어지지 않을 겁니다.",record,False,False,False,False,,
Oblivion.esm,GMST,0001E6A0,sLevelUp17,DATA,0,,,"Life isn't over. You can still get smarter, or cleverer, or more experienced, or meaner... but your body and soul just aren't going to get any younger.","인생은 아직 끝나지 않았습니다. 당신은 여전히 더 똑똑해지거나, 더 영리해지거나, 더 노련해지거나, 더 비열해질 수 있습니다. 하지만 당신의 육체와 영혼은 더 이상 젊어지지 않을 겁니다.",record,False,False,False,False,,
Oblivion.esm,GMST,0001E69F,sLevelUp12,DATA,0,,,"You can't believe how easy it is. You just have to go... a little crazy. And then, suddenly, it all makes sense, and everything you do turns to gold.","믿기지 않을 만큼 쉬워졌다. 조금만... 미쳐 버리면 된다. 그러면 갑자기 모든 것이 이해되고, 손대는 것마다 황금으로 변한다.",record,False,False,False,False,,
Oblivion.esm,GMST,0001E69E,sLevelUp4,DATA,0,,,"You've done things the hard way. But without taking risks, taking responsibility for failure... how could you have understood?","모든 것이 갑자기 명확해지지 않나요. 집중하기만 하면 됩니다. 에너지와 시간을 낭비하는 건 죄악입니다. 하지만 위험을 감수하지 않고, 실패에 대한 책임을 지지 않으면, 경험을 어떻게 얻고 어떻게 이해할 수 있겠어요?",record,False,False,False,False,,
Oblivion.esm,GMST,0001E69D,sLevelUp6,DATA,0,,,"You've learned a lot about Cyrodiil... and about yourself. It's hard to believe how ignorant you were, but now you have so much more to learn.","당신은 점점 더 자각하게 되고, 새로운 아이디어를 열린 마음으로 받아들이게 됩니다. 당신은 그동안 시로딜에 대해 많은 것을 배웠습니다. 무지했던 예전은 잘 기억나지도 않지만, 아직도 배울 것이 많습니다.",record,False,False,False,False,,
Oblivion.esm,GMST,0001E69C,sLevelUp19,DATA,0,,,"You're really good. Maybe the best. And that's why it's so hard to get better. But you just keep trying, because that's the way you are.","그동안 당신은 너무 열심히 애쓰고, 너무 많이 고민했습니다. 긴장을 푸세요. 본능을 따르세요. 당신 자신을 찾으세요. 작은 일부터 마무리하면, 큰 일은 자연히 해결될 겁니다.",record,False,False,False,False,,
Oblivion.esm,GMST,0001E69B,sLevelUp18,DATA,0,,,"With the life you've been living, the punishment your body has taken... there are limits, and maybe you've reached them. Is this what it's like to grow old?","오늘 당신은 갑자기 인생의 고난과 육신의 고통을 깨달았습니다. 몸이 할 수 있는 일에는 한계가 있고, 어쩌면 그 끝에 다다른 것일지도 모릅니다. 늙는 게 어떤 느낌인지 궁금하셨나요? 자, 이제 알게 됐네요.",record,False,False,False,False,,
Oblivion.esm,GMST,0001E69A,sLevelUp15,DATA,0,,,"Now you just stay at your peak as long as you can. There's no one stronger in Tamriel, but there's always someone younger... a new challenger.","이제 가능한 한 오래 정점에 머무르면 된다. 탐리엘에 더 강한 자는 없지만, 언제나 더 젊은 도전자는 나타나는 법이다.",record,False,False,False,False,,
Oblivion.esm,GMST,00F00001,sExitGameAffirm,DATA,0,,,Exit Game,게임 종료,menu_gmst,False,False,False,False,,
Oblivion.esm,GMST,00F00002,sExitGameQuestion,DATA,0,,,Exit the game?,게임을 종료하시겠습니까?,menu_gmst,False,False,False,False,,
Oblivion.esm,GMST,00F00003,sCancel,DATA,0,,,Cancel,취소,menu_gmst,False,False,False,False,,
Oblivion.esm,GMST,00F00004,sMain,DATA,0,,,Main Menu,메인 메뉴,menu_gmst,False,False,False,False,,
Oblivion.esm,GMST,00F00005,sFace,DATA,0,,,Face,얼굴,menu_gmst,False,False,False,False,,
Oblivion.esm,GMST,00F00006,sHair,DATA,0,,,Hair,머리,menu_gmst,False,False,False,False,,
Oblivion.esm,GMST,00F00007,sEyes,DATA,0,,,Eyes,눈,menu_gmst,False,False,False,False,,
Oblivion.esm,GMST,00F00008,sYesText,DATA,0,,,Yes,예,menu_gmst,False,False,False,False,,
Oblivion.esm,GMST,00F00009,sYes,DATA,0,,,Yes,예,menu_gmst,False,False,False,False,,
Oblivion.esm,GMST,00F0000A,sNo,DATA,0,,,No,아니요,menu_gmst,False,False,False,False,,
Oblivion.esm,GMST,00F0000B,sOnButtonText,DATA,0,,,On,켜기,menu_gmst,False,False,False,False,,
Oblivion.esm,GMST,00F0000C,sOffButtonText,DATA,0,,,Off,끄기,menu_gmst,False,False,False,False,,
Oblivion.esm,GMST,00F0000D,sOff,DATA,0,,,Off,끄기,menu_gmst,False,False,False,False,,
Oblivion.esm,GMST,00F0000E,sSkillNameArmorer,DATA,0,,,Armorer,제련술,menu_gmst,False,False,False,False,,
Oblivion.esm,GMST,00F0000F,sSkillNameAthletics,DATA,0,,,Athletics,운동능력,menu_gmst,False,False,False,False,,
Oblivion.esm,GMST,00F00010,sSkillNameBlade,DATA,0,,,Blade,검술,menu_gmst,False,False,False,False,,
Oblivion.esm,GMST,00F00011,sSkillNameBlock,DATA,0,,,Block,방어,menu_gmst,False,False,False,False,,
Oblivion.esm,GMST,00F00012,sSkillNameBlunt,DATA,0,,,Blunt,둔기,menu_gmst,False,False,False,False,,
Oblivion.esm,GMST,00F00013,sSkillNameHandToHand,DATA,0,,,Hand To Hand,격투,menu_gmst,False,False,False,False,,
Oblivion.esm,GMST,00F00014,sSkillNameAlchemy,DATA,0,,,Alchemy,연금술,menu_gmst,False,False,False,False,,
Oblivion.esm,GMST,00F00015,sSkillNameAlteration,DATA,0,,,Alteration,변이마법,menu_gmst,False,False,False,False,,
Oblivion.esm,GMST,00F00016,sSkillNameConjuration,DATA,0,,,Conjuration,소환마법,menu_gmst,False,False,False,False,,
Oblivion.esm,GMST,00F00017,sSkillNameDestruction,DATA,0,,,Destruction,파괴마법,menu_gmst,False,False,False,False,,
Oblivion.esm,GMST,00F00018,sSkillNameIllusion,DATA,0,,,Illusion,환영마법,menu_gmst,False,False,False,False,,
Oblivion.esm,GMST,00F00019,sSkillNameMysticism,DATA,0,,,Mysticism,신비마법,menu_gmst,False,False,False,False,,
Oblivion.esm,GMST,00F0001A,sSkillNameRestoration,DATA,0,,,Restoration,회복마법,menu_gmst,False,False,False,False,,
Oblivion.esm,GMST,00F0001B,sSkillNameAcrobatics,DATA,0,,,Acrobatics,곡예,menu_gmst,False,False,False,False,,
Oblivion.esm,GMST,00F0001C,sSkillNameMarksman,DATA,0,,,Marksman,궁술,menu_gmst,False,False,False,False,,
Oblivion.esm,GMST,00F0001D,sSkillNameMercantile,DATA,0,,,Mercantile,상술,menu_gmst,False,False,False,False,,
Oblivion.esm,GMST,00F0001E,sSkillNameSecurity,DATA,0,,,Security,잠금해제,menu_gmst,False,False,False,False,,
Oblivion.esm,GMST,00F0001F,sSkillNameSneak,DATA,0,,,Sneak,잠입술,menu_gmst,False,False,False,False,,
Oblivion.esm,GMST,00F00020,sSkillNameSpeechcraft,DATA,0,,,Speechcraft,화술,menu_gmst,False,False,False,False,,
Oblivion.esm,GMST,00F00021,sAttributeNameStrength,DATA,0,,,Strength,힘,menu_gmst,False,False,False,False,,
Oblivion.esm,GMST,00F00022,sAttributeNameIntelligence,DATA,0,,,Intelligence,지능,menu_gmst,False,False,False,False,,
Oblivion.esm,GMST,00F00023,sAttributeNameWillpower,DATA,0,,,Willpower,의지력,menu_gmst,False,False,False,False,,
Oblivion.esm,GMST,00F00024,sAttributeNameAgility,DATA,0,,,Agility,민첩성,menu_gmst,False,False,False,False,,
Oblivion.esm,GMST,00F00025,sAttributeNameSpeed,DATA,0,,,Speed,속도,menu_gmst,False,False,False,False,,
Oblivion.esm,GMST,00F00026,sAttributeNameEndurance,DATA,0,,,Endurance,지구력,menu_gmst,False,False,False,False,,
Oblivion.esm,GMST,00F00027,sAttributeNamePersonality,DATA,0,,,Personality,매력,menu_gmst,False,False,False,False,,
Oblivion.esm,GMST,00F00028,sAttributeNameLuck,DATA,0,,,Luck,행운,menu_gmst,False,False,False,False,,
Oblivion.esm,GMST,00F00029,sSpecNameMagic,DATA,0,,,Magic,마법,menu_gmst,False,False,False,False,,
Oblivion.esm,GMST,00F0002A,sSpecNameStealth,DATA,0,,,Stealth,은신,menu_gmst,False,False,False,False,,
Oblivion.esm,GMST,00F0002B,sAddIngredient,DATA,0,,,Add Ingredient,재료추가,menu_gmst,False,False,False,False,,
Oblivion.esm,GMST,00F0002C,sAnimationCanNotEquipArmor,DATA,0,,,You cannot change armor while attacking.,공격 중엔 장비를 변경할 수 없습니다.,menu_gmst,False,False,False,False,,
Oblivion.esm,GMST,00F0002D,sAttributeDamaged,DATA,0,,,has been damaged,는(은) 데미지를 받았습니다.,menu_gmst,False,False,False,False,,
Oblivion.esm,GMST,00F0002E,sAttributeDrained,DATA,0,,,is being drained,이(가) 감소되고 있습니다.,menu_gmst,False,False,False,False,,
Oblivion.esm,GMST,00F0002F,sAutoLoading,DATA,0,,,Autoloading...,자동 로딩...,menu_gmst,False,False,False,False,,
Oblivion.esm,GMST,00F00030,sAutoSaving,DATA,0,,,Autosaving...,자동 저장...,menu_gmst,False,False,False,False,,
Oblivion.esm,GMST,00F00031,sBeardcheeks,DATA,0,,,Beard cheeks light/dark,볼쪽 수염의 진하기,menu_gmst,False,False,False,False,,
Oblivion.esm,GMST,00F00032,sBeardcircle,DATA,0,,,Beard circle light/dark,턱수염 궤도의 진하기,menu_gmst,False,False,False,False,,
Oblivion.esm,GMST,00F00033,sBeardflushed,DATA,0,,,Beard flushed/pale,턱수염의 창백함,menu_gmst,False,False,False,False,,
Oblivion.esm,GMST,00F00034,sBeardgoatee,DATA,0,,,Beard goatee light/dark,턱밑 수염의 진하기,menu_gmst,False,False,False,False,,
Oblivion.esm,GMST,00F00035,sBeardlight,DATA,0,,,Beard light/dark,턱수염의 진하기,menu_gmst,False,False,False,False,,
Oblivion.esm,GMST,00F00036,sBeardmoustache,DATA,0,,,Beard moustache light/dark,콧수염의 진하기,menu_gmst,False,False,False,False,,
Oblivion.esm,GMST,00F00037,sBladeOneHand,DATA,0,,,Blade - One Hand,한손 검,menu_gmst,False,False,False,False,,
Oblivion.esm,GMST,00F00038,sBladeTwoHand,DATA,0,,,Blade - Two Hand,양손 검,menu_gmst,False,False,False,False,,
Oblivion.esm,GMST,00F00039,sBlue,DATA,0,,,Blue,청색,menu_gmst,False,False,False,False,,
Oblivion.esm,GMST,00F0003A,sBluntOneHand,DATA,0,,,Blunt - One Hand,한손 둔기,menu_gmst,False,False,False,False,,
Oblivion.esm,GMST,00F0003B,sBluntTwoHand,DATA,0,,,Blunt - Two Hand,양손 둔기,menu_gmst,False,False,False,False,,
Oblivion.esm,GMST,00F0003C,sBrow,DATA,0,,,Brow,눈살,menu_gmst,False,False,False,False,,
Oblivion.esm,GMST,00F0003D,sBrowRidge,DATA,0,,,Brow Ridge high/low,눈살 높/낮이,menu_gmst,False,False,False,False,,
Oblivion.esm,GMST,00F0003E,sBrowRidgeInner,DATA,0,,,Brow Ridge Inner up/down,눈살 안쪽의 높/낮이,menu_gmst,False,False,False,False,,
Oblivion.esm,GMST,00F0003F,sBrowRidgeOuter,DATA,0,,,Brow Ridge Outer up/down,눈살 바깥쪽의 높/낮이,menu_gmst,False,False,False,False,,
Oblivion.esm,GMST,00F00040,sButton,DATA,0,,,Button,버튼,menu_gmst,False,False,False,False,,
Oblivion.esm,GMST,00F00041,sCanNotSummonInWater,DATA,0,,,Can't summon while in water,물속에서는 소환할 수 없습니다.,menu_gmst,False,False,False,False,,
Oblivion.esm,GMST,00F00042,sCantChangeResolution,DATA,0,,,You must close your current game to change resolutions.,게임 종료 후 해상도 변경이 가능합니다.,menu_gmst,False,False,False,False,,
Oblivion.esm,GMST,00F00043,sCantEquipBrokenItem,DATA,0,,,Broken items cannot be equipped until they have been repaired.,파손된 아이템은 수리한 후 장비할 수 있습니다.,menu_gmst,False,False,False,False,,
Oblivion.esm,GMST,00F00044,sCantEquipGeneric,DATA,0,,,You cannot equip this item.,이 아이템은 장비할 수 없습니다.,menu_gmst,False,False,False,False,,
Oblivion.esm,GMST,00F00045,sCantQuickLoad,DATA,0,,,You can't Quickload while the game is paused.,게임이 일시 정지된 상태에서 빠른 로드 할 수 없습니다.,menu_gmst,False,False,False,False,,
Oblivion.esm,GMST,00F00046,sCantQuickSave,DATA,0,,,You can't Quicksave while the game is paused.,게임이 일시 정지된 상태에서 빠른 저장 할 수 없습니다.,menu_gmst,False,False,False,False,,
Oblivion.esm,GMST,00F00047,sCantRemoveWornItem,DATA,0,,,Unable to remove the worn item.,낡은 아이템을 제거할 수 없습니다.,menu_gmst,False,False,False,False,,
Oblivion.esm,GMST,00F00048,sCantSaveNow,DATA,0,,,You cannot save right now.,지금은 저장할 수 없습니다.,menu_gmst,False,False,False,False,,
Oblivion.esm,GMST,00F00049,sCheekblush,DATA,0,,,Cheek blush light/red,홍조의 밝기,menu_gmst,False,False,False,False,,
Oblivion.esm,GMST,00F0004A,sCheekboneslow,DATA,0,,,Cheekbones low/high,광대뼈의 높/낮이,menu_gmst,False,False,False,False,,
Oblivion.esm,GMST,00F0004B,sCheekbonesshallow,DATA,0,,,Cheekbones shallow/pronounced,광대뼈의 튀어나온 정도,menu_gmst,False,False,False,False,,
Oblivion.esm,GMST,00F0004C,sCheekbonesthin,DATA,0,,,Cheekbones thin/wide,광대뼈의 가늘기,menu_gmst,False,False,False,False,,
Oblivion.esm,GMST,00F0004D,sCheeks,DATA,0,,,Cheeks,뺨,menu_gmst,False,False,False,False,,
Oblivion.esm,GMST,00F0004E,sCheeksconcave,DATA,0,,,Cheeks concave/convex,뺨의 볼록한 정도,menu_gmst,False,False,False,False,,
Oblivion.esm,GMST,00F0004F,sCheeksround,DATA,0,,,Cheeks round/gaunt,뺨의 둥근 정도,menu_gmst,False,False,False,False,,
Oblivion.esm,GMST,00F00050,sChin,DATA,0,,,Chin,턱끝,menu_gmst,False,False,False,False,,
Oblivion.esm,GMST,00F00051,sChinforward,DATA,0,,,Chin forward/backward,턱끝의 앞으로 나온 정도,menu_gmst,False,False,False,False,,
Oblivion.esm,GMST,00F00052,sChinpronounced,DATA,0,,,Chin pronounced/recessed,턱끝의 돌출 정도,menu_gmst,False,False,False,False,,
Oblivion.esm,GMST,00F00053,sChinretracted,DATA,0,,,Chin retracted/jutting,턱끝 전체적인 돌출 정도,menu_gmst,False,False,False,False,,
Oblivion.esm,GMST,00F00054,sChinshallow,DATA,0,,,Chin shallow/deep,턱끝의 깊은 정도,menu_gmst,False,False,False,False,,
Oblivion.esm,GMST,00F00055,sChinsmall,DATA,0,,,Chin small/large,턱끝의 크기,menu_gmst,False,False,False,False,,
Oblivion.esm,GMST,00F00056,sChintall,DATA,0,,,Chin tall/short,턱끝의 길이,menu_gmst,False,False,False,False,,
Oblivion.esm,GMST,00F00057,sChinwide,DATA,0,,,Chin wide/thin,턱끝의 가는 정도,menu_gmst,False,False,False,False,,
Oblivion.esm,GMST,00F00058,sClass,DATA,0,,,class,직업을 생성하시겠습니까?,menu_gmst,False,False,False,False,,
Oblivion.esm,GMST,00F00059,sClassMenuPrompt,DATA,0,,,Enter a name for your custom class:,생성한 직업의 이름을 입력하세요:,menu_gmst,False,False,False,False,,
Oblivion.esm,GMST,00F0005A,sClassSpecialization,DATA,0,,,Specialization: ,전문분야: ,menu_gmst,False,False,False,False,,
Oblivion.esm,GMST,00F0005B,sColor,DATA,0,,,Hair Color,모발 색상,menu_gmst,False,False,False,False,,
Oblivion.esm,GMST,00F0005C,sComplexion,DATA,0,,,Complexion,안색,menu_gmst,False,False,False,False,,
Oblivion.esm,GMST,00F0005D,sConfirmBirthsign1,DATA,0,,,Are you sure you want to be born under the sign of,별자리가 맞습니까? 별자리 : ,menu_gmst,False,False,False,False,,
Oblivion.esm,GMST,00F0005E,sConfirmBuySpell,DATA,0,,,Are you sure you want to buy,구입하시겠습니까,menu_gmst,False,False,False,False,,
Oblivion.esm,GMST,00F0005F,sConfirmChoice1,DATA,0,,,Are you sure you want to be a,정말로 그것을 원하십니까? 선택한 내용 : ,menu_gmst,False,False,False,False,,
Oblivion.esm,GMST,00F00060,sConfirmChoice2,DATA,0,,,Are you sure you want to be an,정말로 그것을 원하십니까? 선택한 내용 : ,menu_gmst,False,False,False,False,,
Oblivion.esm,GMST,00F00061,sConfirmRecharge,DATA,0,,,Recharge this item for,이 아이템을 충전하는데 ,menu_gmst,False,False,False,False,,
Oblivion.esm,GMST,00F00062,sConfirmRepair,DATA,0,,,Repair this item for,선택한 아이템의 수리비용 : ,menu_gmst,False,False,False,False,,
Oblivion.esm,GMST,00F00063,sConfirmRepairAll,DATA,0,,,Repair all items for,모든 아이템의 수리비용 : ,menu_gmst,False,False,False,False,,
Oblivion.esm,GMST,00F00064,sContinue,DATA,0,,,Continue,계속,menu_gmst,False,False,False,False,,
Oblivion.esm,GMST,00F00065,sContinueLastSave,DATA,0,,,Continue from your last saved game?,마지막으로 저장된 게임을 이어서 하시겠습니까?,menu_gmst,False,False,False,False,,
Oblivion.esm,GMST,00F00066,sContractedDisease,DATA,0,,,You have contracted,내가 감염된 것은,menu_gmst,False,False,False,False,,
Oblivion.esm,GMST,00F00067,sCrimeTypeStealHorse,DATA,0,,,Steal Horse,말 훔치기,menu_gmst,False,False,False,False,,
Oblivion.esm,GMST,00F00068,sCurrentSoul,DATA,0,,,Current Soul Level,현재 소울 레벨 ,menu_gmst,False,False,False,False,,
Oblivion.esm,GMST,00F00069,sDayFredas,DATA,0,,,Fredas,금요일,menu_gmst,False,False,False,False,,
Oblivion.esm,GMST,00F0006A,sDayLoredas,DATA,0,,,Loredas,토요일,menu_gmst,False,False,False,False,,
Oblivion.esm,GMST,00F0006B,sDayMiddas,DATA,0,,,Middas,수요일,menu_gmst,False,False,False,False,,
Oblivion.esm,GMST,00F0006C,sDayMorndas,DATA,0,,,Morndas,월요일,menu_gmst,False,False,False,False,,
Oblivion.esm,GMST,00F0006D,sDaySundas,DATA,0,,,Sundas,일요일,menu_gmst,False,False,False,False,,
Oblivion.esm,GMST,00F0006E,sDayTirdas,DATA,0,,,Tirdas,화요일,menu_gmst,False,False,False,False,,
Oblivion.esm,GMST,00F0006F,sDayTurdas,DATA,0,,,Turdas,목요일,menu_gmst,False,False,False,False,,
Oblivion.esm,GMST,00F00070,sDeleteSaveGame,DATA,0,,,Are you sure you want to delete this save game?,선택하신 저장내용을 지우시겠습니까?,menu_gmst,False,False,False,False,,
Oblivion.esm,GMST,00F00071,sDeleteSuccessful,DATA,0,,,Save game deleted.,저장 파일을 삭제했습니다.,menu_gmst,False,False,False,False,,
Oblivion.esm,GMST,00F00072,sDeviceJoystick,DATA,0,,,Joystick,조이스틱,menu_gmst,False,False,False,False,,
Oblivion.esm,GMST,00F00073,sDeviceKeyboard,DATA,0,,,Keyboard,키보드,menu_gmst,False,False,False,False,,
Oblivion.esm,GMST,00F00074,sDeviceMouse,DATA,0,,,Mouse,마우스,menu_gmst,False,False,False,False,,
Oblivion.esm,GMST,00F00075,sDone,DATA,0,,,Done,확인,menu_gmst,False,False,False,False,,
Oblivion.esm,GMST,00F00076,sDropQuestItemWarning,DATA,0,,,You cannot remove Quest Items from your Inventory.,인벤토리에서 퀘스트 아이템을 제거할 수 없습니다.,menu_gmst,False,False,False,False,,
Oblivion.esm,GMST,00F00077,sDuplicateName,DATA,0,,,A spell with this name already exists.,같은 이름의 스펠이 존재하고 있습니다.,menu_gmst,False,False,False,False,,
Oblivion.esm,GMST,00F00078,sEnterName,DATA,0,,,Enter character name.,당신의 이름을 입력하세요.,menu_gmst,False,False,False,False,,
Oblivion.esm,GMST,00F00079,sEquipItemOnPlayer,DATA,0,,,was equipped on the player,이 플레이어에게 착용되었습니다,menu_gmst,False,False,False,False,,
Oblivion.esm,GMST,00F0007A,sEyebrows,DATA,0,,,Eyebrows,눈썹,menu_gmst,False,False,False,False,,
Oblivion.esm,GMST,00F0007B,sEyebrowsdark,DATA,0,,,Eyebrows dark/light,눈썹의 밝기,menu_gmst,False,False,False,False,,
Oblivion.esm,GMST,00F0007C,sEyebrowslow,DATA,0,,,Eyebrows low/high,눈썹의 높낮이,menu_gmst,False,False,False,False,,
Oblivion.esm,GMST,00F0007D,sEyebrowslower,DATA,0,,,Eyebrows lower light/dark,눈썹 아래 밝기,menu_gmst,False,False,False,False,,
Oblivion.esm,GMST,00F0007E,sEyebrowsouter,DATA,0,,,Eyebrows outer light/dark,눈썹 바깥쪽 밝기,menu_gmst,False,False,False,False,,
Oblivion.esm,GMST,00F0007F,sEyebrowsthick,DATA,0,,,Eyebrows thick/thin,눈썹 두께1,menu_gmst,False,False,False,False,,
Oblivion.esm,GMST,00F00080,sEyebrowsuppert,DATA,0,,,Eyebrows upper dark/light,눈썹 위 밝기,menu_gmst,False,False,False,False,,
Oblivion.esm,GMST,00F00081,sEyebrowsvery,DATA,0,,,Eyebrows very thin/thick,눈썹 두께2,menu_gmst,False,False,False,False,,
Oblivion.esm,GMST,00F00082,sEyelidslight,DATA,0,,,Eyelids light/dark,눈꺼풀의 밝기,menu_gmst,False,False,False,False,,
Oblivion.esm,GMST,00F00083,sEyelidspale,DATA,0,,,Eyelids pale/red,눈꺼풀의 붉은 정도,menu_gmst,False,False,False,False,,
Oblivion.esm,GMST,00F00084,sEyeliner,DATA,0,,,Eyeliner light/dark,아이라인의 밝기,menu_gmst,False,False,False,False,,
Oblivion.esm,GMST,00F00085,sEyesdown,DATA,0,,,Eyes down/up,눈의 높/낮이,menu_gmst,False,False,False,False,,
Oblivion.esm,GMST,00F00086,sEyeshadow,DATA,0,,,Eyeshadow light/dark,눈 그늘의 밝기,menu_gmst,False,False,False,False,,
Oblivion.esm,GMST,00F00087,sEyesocketsbruised,DATA,0,,,Eye sockets bruised/bright,눈 아래 색,menu_gmst,False,False,False,False,,
Oblivion.esm,GMST,00F00088,sEyesocketsdark,DATA,0,,,Eye sockets dark/light,눈 주위 색,menu_gmst,False,False,False,False,,
Oblivion.esm,GMST,00F00089,sEyessmall,DATA,0,,,Eyes small/large,눈 크기,menu_gmst,False,False,False,False,,
Oblivion.esm,GMST,00F0008A,sEyestilt,DATA,0,,,Eyes tilt inward/outward,눈 경사 정도,menu_gmst,False,False,False,False,,
Oblivion.esm,GMST,00F0008B,sEyestogether,DATA,0,,,Eyes together/apart,눈의 모여짐 정도,menu_gmst,False,False,False,False,,
Oblivion.esm,GMST,00F0008C,sFacebrow,DATA,0,,,Face brow/nose/chin ratio,얼굴과 눈썹/코/턱끝 비율,menu_gmst,False,False,False,False,,
Oblivion.esm,GMST,00F0008D,sFaceforehead,DATA,0,,,Face forehead/sellion/nose ratio,얼굴과 이마/셀리온/코 비율,menu_gmst,False,False,False,False,,
Oblivion.esm,GMST,00F0008E,sFaceheavy,DATA,0,,,Face heavy/light,얼굴 무게,menu_gmst,False,False,False,False,,
Oblivion.esm,GMST,00F0008F,sFaceround,DATA,0,,,Face round/gaunt,얼굴 둥근정도,menu_gmst,False,False,False,False,,
Oblivion.esm,GMST,00F00090,sFacethin,DATA,0,,,Face thin/wide,얼굴 가는정도,menu_gmst,False,False,False,False,,
Oblivion.esm,GMST,00F00091,sFastTravelHorseatGate,DATA,0,,,Your horse is stabled outside the city gate.,당신의 말은 마을입구 밖에 있습니다. ,menu_gmst,False,False,False,False,,
Oblivion.esm,GMST,00F00092,sFastTravelNoTravelHealthDamage,DATA,0,,,You can't fast travel while taking health damage,건강에 이상이 있을 때에는 패스트 트레블을 할 수 없습니다.,menu_gmst,False,False,False,False,,
Oblivion.esm,GMST,00F00093,sFilter,DATA,0,,,Filter,걸러 보기,menu_gmst,False,False,False,False,,
Oblivion.esm,GMST,00F00094,sFloraFailureMessage,DATA,0,,,You find nothing of use.,소득 없음.,menu_gmst,False,False,False,False,,
Oblivion.esm,GMST,00F00095,sFloraSuccessMessage,DATA,0,,,You successfully harvest %s.,수확: %s.,menu_gmst,False,False,False,False,,
Oblivion.esm,GMST,00F00096,sForehead,DATA,0,,,Forehead,이마,menu_gmst,False,False,False,False,,
Oblivion.esm,GMST,00F00097,sForeheadsmall,DATA,0,,,Forehead small/large,이마의 크기,menu_gmst,False,False,False,False,,
Oblivion.esm,GMST,00F00098,sForeheadtall,DATA,0,,,Forehead tall/short,이마의 길이,menu_gmst,False,False,False,False,,
Oblivion.esm,GMST,00F00099,sForeheadtilt,DATA,0,,,Forehead tilt forward/back,이마 기울기,menu_gmst,False,False,False,False,,
Oblivion.esm,GMST,00F0009A,sGetAllConfiscatedItems,DATA,0,,,You get all the items that were confiscated by the Guards.,간수들에게 몰수당한 아이템을 모두 얻었습니다.,menu_gmst,False,False,False,False,,
Oblivion.esm,GMST,00F0009B,sGold,DATA,0,,,gold,골드,menu_gmst,False,False,False,False,,
Oblivion.esm,GMST,00F0009C,sGoverningAttribute,DATA,0,,,Governing Attribute: ,관련 능력: ,menu_gmst,False,False,False,False,,
Oblivion.esm,GMST,00F0009D,sGreen,DATA,0,,,Green,녹색,menu_gmst,False,False,False,False,,
Oblivion.esm,GMST,00F0009E,sJaw,DATA,0,,,Jaw,턱,menu_gmst,False,False,False,False,,
Oblivion.esm,GMST,00F0009F,sJawNeck,DATA,0,,,Jaw-Neck slope high/low,턱과 목사이 경사 높/낮이,menu_gmst,False,False,False,False,,
Oblivion.esm,GMST,00F000A0,sJawline,DATA,0,,,Jawline concave/convex,턱선의 오목한 정도,menu_gmst,False,False,False,False,,
Oblivion.esm,GMST,00F000A1,sJawretracted,DATA,0,,,Jaw retracted/jutting,턱의 돌출 정도,menu_gmst,False,False,False,False,,
Oblivion.esm,GMST,00F000A2,sJawwide,DATA,0,,,Jaw wide/thin,턱의 가는 정도,menu_gmst,False,False,False,False,,
Oblivion.esm,GMST,00F000A3,sJournalTitleActive,DATA,0,,,Active Quest,진행중인 퀘스트 ,menu_gmst,False,False,False,False,,
Oblivion.esm,GMST,00F000A4,sJournalTitleCompleted,DATA,0,,,Completed Quests,완료한 퀘스트,menu_gmst,False,False,False,False,,
Oblivion.esm,GMST,00F000A5,sJournalTitleCurrent,DATA,0,,,Current Quests,현재 진행중인 퀘스트,menu_gmst,False,False,False,False,,
Oblivion.esm,GMST,00F000A6,sLength,DATA,0,,,Length,길이,menu_gmst,False,False,False,False,,
Oblivion.esm,GMST,00F000A7,sLevelUp10,DATA,0,,,You woke today with a new sense of purpose. You're no longer afraid of failure. Failure is just an opportunity to learn something new.,오늘 새로운 결의로 깨어났습니다. 더 이상 실패를 두려워 마십시오. 실패란 단지 새로운 것을 배울 좋은 기회일 뿐입니다.,menu_gmst,False,False,False,False,,
Oblivion.esm,GMST,00F000A8,sLevelUp2,DATA,0,,,"You realize that all your life you have been coasting along as if you were in a dream. Suddenly, facing the trials of the last few days, you have come alive.","지금까지의 인생은 꿈속에서 살아 온 것 같다. 지난 몇 일간의 테스트에서 생생하게 살아왔고, 나는 살아있다. ",menu_gmst,False,False,False,False,,
Oblivion.esm,GMST,00F000A9,sLevelUp7,DATA,0,,,You resolve to continue pushing yourself. Perhaps there's more to you than you thought.,자신의 한계에 도전하고 있습니다. 당신은 자신이 생각했던 이상의 힘이 있는지도 모릅니다. ,menu_gmst,False,False,False,False,,
Oblivion.esm,GMST,00F000AA,sLevelUp9,DATA,0,,,"So that's how it works. You plod along, putting one foot before the other, look up, and suddenly, there you are. Right where you wanted to be all along.",이렇게 된 것입니다. 단계적으로 진행하고 정상을 보고 한걸음씩 계속 걸어... 마침내 갑자기 희망하고 있던 위치에 서 있는 것입니다. ,menu_gmst,False,False,False,False,,
Oblivion.esm,GMST,00F000AB,sLips,DATA,0,,,Lips,입술,menu_gmst,False,False,False,False,,
Oblivion.esm,GMST,00F000AC,sLipsflushed,DATA,0,,,Lips flushed/pale,입술의 붉은정도,menu_gmst,False,False,False,False,,
Oblivion.esm,GMST,00F000AD,sLipstickdarkblue,DATA,0,,,Lipstick dark blue/light red,립스틱 어두운 청색/밝은 적색,menu_gmst,False,False,False,False,,
Oblivion.esm,GMST,00F000AE,sLipstickdarkred,DATA,0,,,Lipstick dark red/light blue,립스틱 밝은 청색/어두운 적색,menu_gmst,False,False,False,False,,
Oblivion.esm,GMST,00F000AF,sLoadFromMainMenu,DATA,0,,,Are you sure you want to load this game?,선택한 게임을 불러오시겠습니까?,menu_gmst,False,False,False,False,,
Oblivion.esm,GMST,00F000B0,sLockLevelNameAverage,DATA,0,,,Average,보통,menu_gmst,False,False,False,False,,
Oblivion.esm,GMST,00F000B1,sLockLevelNameEasy,DATA,0,,,Easy,쉬운,menu_gmst,False,False,False,False,,
Oblivion.esm,GMST,00F000B2,sLockLevelNameHard,DATA,0,,,Hard,어려운,menu_gmst,False,False,False,False,,
Oblivion.esm,GMST,00F000B3,sLockLevelNameVeryEasy,DATA,0,,,Very Easy,매우 쉬운,menu_gmst,False,False,False,False,,
Oblivion.esm,GMST,00F000B4,sLockLevelNameVeryHard,DATA,0,,,Very Hard,매우 어려운,menu_gmst,False,False,False,False,,
Oblivion.esm,GMST,00F000B5,sLockedContainer,DATA,0,,,Container is locked.  You need the key or a lockpick.,잠김. 열쇠나 락픽이 필요함.,menu_gmst,False,False,False,False,,
Oblivion.esm,GMST,00F000B6,sMagicCastInsufficientSkill,DATA,0,,,Your Skill level is too low,스킬 수준이 낮습니다.,menu_gmst,False,False,False,False,,
Oblivion.esm,GMST,00F000B7,sMagicCastMultipleBoundEffects,DATA,0,,,You already have that kind of Bound Item,현재 바운드 아이템 사용 중입니다.,menu_gmst,False,False,False,False,,
Oblivion.esm,GMST,00F000B8,sMagicCastPowerUsed,DATA,0,,,You can only cast Powers once per day,하루에 한번만 시전할 수 있습니다.,menu_gmst,False,False,False,False,,
Oblivion.esm,GMST,00F000B9,sMagicCastRangedUnderwater,DATA,0,,,You cannot cast ranged spells underwater,물속에서는 시전할 수 없습니다.,menu_gmst,False,False,False,False,,
Oblivion.esm,GMST,00F000BA,sMagicCastSilenced,DATA,0,,,You are currently Silenced,지금은 마법을 사용할 수 없습니다.,menu_gmst,False,False,False,False,,
Oblivion.esm,GMST,00F000BB,sMagicCostliestEffectRequires,DATA,0,,,Requires ,요구사항: ,menu_gmst,False,False,False,False,,
Oblivion.esm,GMST,00F000BC,sMagicCostliestEffectSkillOf,DATA,0,,, Skill of , 스킬 ,menu_gmst,False,False,False,False,,
Oblivion.esm,GMST,00F000BD,sMagicEffectItemAbsorb,DATA,0,,,Absorb,흡수:,menu_gmst,False,False,False,False,,
Oblivion.esm,GMST,00F000BE,sMagicEffectItemDamage,DATA,0,,,Damage,손상:,menu_gmst,False,False,False,False,,
Oblivion.esm,GMST,00F000BF,sMagicEffectItemDrain,DATA,0,,,Drain,감소:,menu_gmst,False,False,False,False,,
Oblivion.esm,GMST,00F000C0,sMagicEffectItemFeet,DATA,0,,,ft,피트,menu_gmst,False,False,False,False,,
Oblivion.esm,GMST,00F000C1,sMagicEffectItemFortify,DATA,0,,,Fortify,강화:,menu_gmst,False,False,False,False,,
Oblivion.esm,GMST,00F000C2,sMagicEffectItemLock,DATA,0,,,Lock,자물쇠,menu_gmst,False,False,False,False,,
Oblivion.esm,GMST,00F000C3,sMagicEffectItemPointsPlural,DATA,0,,,pts,점,menu_gmst,False,False,False,False,,
Oblivion.esm,GMST,00F000C4,sMagicEffectItemPointsSingular,DATA,0,,,pt,점,menu_gmst,False,False,False,False,,
Oblivion.esm,GMST,00F000C5,sMagicEffectItemRestore,DATA,0,,,Restore,회복:,menu_gmst,False,False,False,False,,
Oblivion.esm,GMST,00F000C6,sMagicEffectItemSecondsPlural,DATA,0,,,secs,초,menu_gmst,False,False,False,False,,
Oblivion.esm,GMST,00F000C7,sMagicEffectItemSecondsSingular,DATA,0,,,sec,초,menu_gmst,False,False,False,False,,
Oblivion.esm,GMST,00F000C8,sMagicEffectItemUpToLevel,DATA,0,,,up to level,상승: 레벨,menu_gmst,False,False,False,False,,
Oblivion.esm,GMST,00F000C9,sMagicEffectResisted,DATA,0,,,effect resisted,효과가 저지되었습니다,menu_gmst,False,False,False,False,,
Oblivion.esm,GMST,00F000CA,sMagicRangeSelf,DATA,0,,,Self,셀프,menu_gmst,False,False,False,False,,
Oblivion.esm,GMST,00F000CB,sMagicRangeTouch,DATA,0,,,Touch,터치,menu_gmst,False,False,False,False,,
Oblivion.esm,GMST,00F000CC,sMagicSchool,DATA,0,,,Magic School,마법 학교,menu_gmst,False,False,False,False,,
Oblivion.esm,GMST,00F000CD,sMagicSchoolAlteration,DATA,0,,,Alteration,변이마법,menu_gmst,False,False,False,False,,
Oblivion.esm,GMST,00F000CE,sMagicSchoolConjuration,DATA,0,,,Conjuration,소환마법,menu_gmst,False,False,False,False,,
Oblivion.esm,GMST,00F000CF,sMagicSchoolDestruction,DATA,0,,,Destruction,파괴마법,menu_gmst,False,False,False,False,,
Oblivion.esm,GMST,00F000D0,sMagicSchoolIllusion,DATA,0,,,Illusion,환영마법,menu_gmst,False,False,False,False,,
Oblivion.esm,GMST,00F000D1,sMagicSchoolMysticism,DATA,0,,,Mysticism,신비마법,menu_gmst,False,False,False,False,,
Oblivion.esm,GMST,00F000D2,sMagicSchoolRestoration,DATA,0,,,Restoration,회복마법,menu_gmst,False,False,False,False,,
Oblivion.esm,GMST,00F000D3,sMagicTypeAbility,DATA,0,,,Ability,효과,menu_gmst,False,False,False,False,,
Oblivion.esm,GMST,00F000D4,sMagicTypeDisease,DATA,0,,,Disease,질병,menu_gmst,False,False,False,False,,
Oblivion.esm,GMST,00F000D5,sMapMarkerAdded,DATA,0,,,Map marker added.,지도 표시가 추가되었습니다.,menu_gmst,False,False,False,False,,
Oblivion.esm,GMST,00F000D6,sMapMarkerNotFound,DATA,0,,,You have not found this location yet.,이 장소는 아직 찾지 못 했습니다.,menu_gmst,False,False,False,False,,
Oblivion.esm,GMST,00F000D7,sMaxPotionsExceeded,DATA,0,,,You cannot drink any more potions right now.,지금은 더 이상의 약물을 먹지 못합니다.,menu_gmst,False,False,False,False,,
Oblivion.esm,GMST,00F000D8,sMeditate,DATA,0,,,You should rest and meditate on what you've learned.,휴식과 명상을 통해 배운 것을 습득합니다.,menu_gmst,False,False,False,False,,
Oblivion.esm,GMST,00F000D9,sMenuDisplayDayString,DATA,0,,,Day,날짜,menu_gmst,False,False,False,False,,
Oblivion.esm,GMST,00F000DA,sMenuDisplayNewSave,DATA,0,,,New Save,새로운 저장내용,menu_gmst,False,False,False,False,,
Oblivion.esm,GMST,00F000DB,sMenuDisplayNoSaves,DATA,0,,,No saved games.,저장된 게임이 없습니다.,menu_gmst,False,False,False,False,,
Oblivion.esm,GMST,00F000DC,sMenuDisplayPlayTime,DATA,0,,,Play Time,플레이 시간,menu_gmst,False,False,False,False,,
Oblivion.esm,GMST,00F000DD,sMenuDisplayQuicksaveName,DATA,0,,,Quicksave,빠른 저장,menu_gmst,False,False,False,False,,
Oblivion.esm,GMST,00F000DE,sMenuDisplaySave,DATA,0,,,Save,저장,menu_gmst,False,False,False,False,,
Oblivion.esm,GMST,00F000DF,sMerchantNoGold,DATA,0,,,Merchant does not have enough gold.,상인이 충분한 골드를 가지고 있지 않습니다.,menu_gmst,False,False,False,False,,
Oblivion.esm,GMST,00F000E0,sMiscActiveQuests,DATA,0,,,Active Quests: ,진행중인 퀘스트: ,menu_gmst,False,False,False,False,,
Oblivion.esm,GMST,00F000E1,sMiscApprenticeSkills,DATA,0,,,Apprentice Skills: ,초급자 스킬: ,menu_gmst,False,False,False,False,,
Oblivion.esm,GMST,00F000E2,sMiscBounty,DATA,0,,,Bounty:,현상금:,menu_gmst,False,False,False,False,,
Oblivion.esm,GMST,00F000E3,sMiscCharge,DATA,0,,,Charge,용량,menu_gmst,False,False,False,False,,
Oblivion.esm,GMST,00F000E4,sMiscConstantEffect,DATA,0,,,Constant Effect,지속적인 효과,menu_gmst,False,False,False,False,,
Oblivion.esm,GMST,00F000E5,sMiscDaysAsAVampire,DATA,0,,,Days as a Vampire: ,뱀파이어로 지낸 기간: ,menu_gmst,False,False,False,False,,
Oblivion.esm,GMST,00F000E6,sMiscDaysJailed,DATA,0,,,Days Jailed: ,수감 일수: ,menu_gmst,False,False,False,False,,
Oblivion.esm,GMST,00F000E7,sMiscDiseasesContracted,DATA,0,,,Diseases Contracted: ,감염: ,menu_gmst,False,False,False,False,,
Oblivion.esm,GMST,00F000E8,sMiscExpertSkills,DATA,0,,,Expert Skills: ,전문가 스킬: ,menu_gmst,False,False,False,False,,
Oblivion.esm,GMST,00F000E9,sMiscFame,DATA,0,,,Fame:,명성:,menu_gmst,False,False,False,False,,
Oblivion.esm,GMST,00F000EA,sMiscGameDaysPlayed,DATA,0,,,Days Passed:,진행한 일수:,menu_gmst,False,False,False,False,,
Oblivion.esm,GMST,00F000EB,sMiscHighLockLevel,DATA,0,,,Highest Lock Level Picked: ,열었던 최고수준의 잠김 상태: ,menu_gmst,False,False,False,False,,
Oblivion.esm,GMST,00F000EC,sMiscHorsesOwned,DATA,0,,,Horses Owned: ,소유한 말: ,menu_gmst,False,False,False,False,,
Oblivion.esm,GMST,00F000ED,sMiscHoursSlept,DATA,0,,,Hours Slept: ,잠잔 시간: ,menu_gmst,False,False,False,False,,
Oblivion.esm,GMST,00F000EE,sMiscHoursWaited,DATA,0,,,Hours Waited: ,대기한 시간: ,menu_gmst,False,False,False,False,,
Oblivion.esm,GMST,00F000EF,sMiscHousesOwned,DATA,0,,,Houses Owned: ,소유한 집: ,menu_gmst,False,False,False,False,,
Oblivion.esm,GMST,00F000F0,sMiscInfamy,DATA,0,,,Infamy:,악명:,menu_gmst,False,False,False,False,,
Oblivion.esm,GMST,00F000F1,sMiscIngredientsEaten,DATA,0,,,Ingredients Eaten: ,섭취한 재료: ,menu_gmst,False,False,False,False,,
Oblivion.esm,GMST,00F000F2,sMiscJourneymanSkills,DATA,0,,,Journeyman Skills: ,숙련자 스킬: ,menu_gmst,False,False,False,False,,
Oblivion.esm,GMST,00F000F3,sMiscLargestBounty,DATA,0,,,Largest Bounty: ,최대 현상금: ,menu_gmst,False,False,False,False,,
Oblivion.esm,GMST,00F000F4,sMiscMasterSkills,DATA,0,,,Master Skills: ,마스터 스킬: ,menu_gmst,False,False,False,False,,
Oblivion.esm,GMST,00F000F5,sMiscNirnrootsFound,DATA,0,,,Nirnroots Found: ,발견된 넌루트: ,menu_gmst,False,False,False,False,,
Oblivion.esm,GMST,00F000F6,sMiscNoviceSkills,DATA,0,,,Novice Skills: ,초보자 스킬: ,menu_gmst,False,False,False,False,,
Oblivion.esm,GMST,00F000F7,sMiscNumAssaults,DATA,0,,,Assaults: ,습격: ,menu_gmst,False,False,False,False,,
Oblivion.esm,GMST,00F000F8,sMiscNumBooksRead,DATA,0,,,Books Read: ,읽은 책: ,menu_gmst,False,False,False,False,,
Oblivion.esm,GMST,00F000F9,sMiscNumHorsesStolen,DATA,0,,,Horses Stolen: ,훔친 말: ,menu_gmst,False,False,False,False,,
Oblivion.esm,GMST,00F000FA,sMiscNumKills,DATA,0,,,Creatures Killed: ,죽인 크리쳐: ,menu_gmst,False,False,False,False,,
Oblivion.esm,GMST,00F000FB,sMiscNumLocksPicked,DATA,0,,,Locks Picked: ,열린 자물쇠: ,menu_gmst,False,False,False,False,,
Oblivion.esm,GMST,00F000FC,sMiscNumMurders,DATA,0,,,Murders: ,살인: ,menu_gmst,False,False,False,False,,
Oblivion.esm,GMST,00F000FD,sMiscNumPersonKills,DATA,0,,,People Killed: ,죽인 인간: ,menu_gmst,False,False,False,False,,
Oblivion.esm,GMST,00F000FE,sMiscNumPicksBroken,DATA,0,,,Lockpicks Broken: ,부순 락픽: ,menu_gmst,False,False,False,False,,
Oblivion.esm,GMST,00F000FF,sMiscNumPocketsPicked,DATA,0,,,Items Pickpocketed: ,소매치기한 아이템: ,menu_gmst,False,False,False,False,,
Oblivion.esm,GMST,00F00100,sMiscNumSkillBooksRead,DATA,0,,,Skill Books Read: ,읽은 스킬 책: ,menu_gmst,False,False,False,False,,
Oblivion.esm,GMST,00F00101,sMiscNumThefts,DATA,0,,,Items Stolen: ,훔친 아이템: ,menu_gmst,False,False,False,False,,
Oblivion.esm,GMST,00F00102,sMiscNumTrespasses,DATA,0,,,Trespasses: ,침입: ,menu_gmst,False,False,False,False,,
Oblivion.esm,GMST,00F00103,sMiscOblivionGatesShut,DATA,0,,,Oblivion Gates Shut: ,닫은 오블리비언 게이트: ,menu_gmst,False,False,False,False,,
Oblivion.esm,GMST,00F00104,sMiscPlayerDeadMessage,DATA,0,,,Reload the current save game?,현재 저장된 게임을 리로드 하시겠습니까?,menu_gmst,False,False,False,False,,
Oblivion.esm,GMST,00F00105,sMiscPotionsMade,DATA,0,,,Potions Made: ,포션 제조: ,menu_gmst,False,False,False,False,,
Oblivion.esm,GMST,00F00106,sMiscQuestsCompleted,DATA,0,,,Quests Completed: ,완료한 퀘스트: ,menu_gmst,False,False,False,False,,
Oblivion.esm,GMST,00F00107,sMiscSkillAdvances,DATA,0,,,Skill Increases: ,스킬 증가치: ,menu_gmst,False,False,False,False,,
Oblivion.esm,GMST,00F00108,sMiscStoresInvestedIn,DATA,0,,,Stores Invested In: ,투자한 상점: ,menu_gmst,False,False,False,False,,
Oblivion.esm,GMST,00F00109,sMiscTrainingSessions,DATA,0,,,Training Sessions: ,훈련 세션: ,menu_gmst,False,False,False,False,,
Oblivion.esm,GMST,00F0010A,sMiscUnknownEffect,DATA,0,,,(Unknown Effect),(알 수 없는 효과),menu_gmst,False,False,False,False,,
Oblivion.esm,GMST,00F0010B,sMissingSpellName,DATA,0,,,You must first enter a valid name for this spell.,이 주문에 특수한 이름을 주어야 합니다.,menu_gmst,False,False,False,False,,
Oblivion.esm,GMST,00F0010C,sMonthEveningStar,DATA,0,,,Evening Star,12월,menu_gmst,False,False,False,False,,
Oblivion.esm,GMST,00F0010D,sMonthFirstSeed,DATA,0,,,First Seed,3월,menu_gmst,False,False,False,False,,
Oblivion.esm,GMST,00F0010E,sMonthFrostFall,DATA,0,,,Frost Fall,10월,menu_gmst,False,False,False,False,,
Oblivion.esm,GMST,00F0010F,sMonthLastSeed,DATA,0,,,Last Seed,8월,menu_gmst,False,False,False,False,,
Oblivion.esm,GMST,00F00110,sMonthMorningStar,DATA,0,,,Morning Star,1월,menu_gmst,False,False,False,False,,
Oblivion.esm,GMST,00F00111,sMonthSecondSeed,DATA,0,,,Second Seed,5월,menu_gmst,False,False,False,False,,
Oblivion.esm,GMST,00F00112,sMonthSunsDawn,DATA,0,,,Sun's Dawn,2월,menu_gmst,False,False,False,False,,
Oblivion.esm,GMST,00F00113,sMonthSunsDusk,DATA,0,,,Sun's Dusk,11월,menu_gmst,False,False,False,False,,
Oblivion.esm,GMST,00F00114,sMonthSunsHeight,DATA,0,,,Sun's Height,7월,menu_gmst,False,False,False,False,,
Oblivion.esm,GMST,00F00115,sMouth,DATA,0,,,Mouth,입,menu_gmst,False,False,False,False,,
Oblivion.esm,GMST,00F00116,sMouthChin,DATA,0,,,Mouth-Chin distance short/long,턱끝과 입사이 거리,menu_gmst,False,False,False,False,,
Oblivion.esm,GMST,00F00117,sMouthdrawn,DATA,0,,,Mouth drawn/pursed,입의 오무려진 정도,menu_gmst,False,False,False,False,,
Oblivion.esm,GMST,00F00118,sMouthhappy,DATA,0,,,Mouth happy/sad,입모양의 미소 정도,menu_gmst,False,False,False,False,,
Oblivion.esm,GMST,00F00119,sMouthhigh,DATA,0,,,Mouth high/low,입의 높/낮이,menu_gmst,False,False,False,False,,
Oblivion.esm,GMST,00F0011A,sMouthlipsdeflated,DATA,0,,,Mouth lips deflated/inflated,입술의 부푼 정도,menu_gmst,False,False,False,False,,
Oblivion.esm,GMST,00F0011B,sMouthlipslarge,DATA,0,,,Mouth lips large/small,입술 크기,menu_gmst,False,False,False,False,,
Oblivion.esm,GMST,00F0011C,sMouthlipspuckered,DATA,0,,,Mouth lips puckered/retracted,입술의 오므린 정도,menu_gmst,False,False,False,False,,
Oblivion.esm,GMST,00F0011D,sMouthprotruding,DATA,0,,,Mouth protruding/retracted,입술의 나온 정도,menu_gmst,False,False,False,False,,
Oblivion.esm,GMST,00F0011E,sMouthtilt,DATA,0,,,Mouth tilt up/down,입의 기울기,menu_gmst,False,False,False,False,,
Oblivion.esm,GMST,00F0011F,sMouthunderbite,DATA,0,,,Mouth underbite/overbite,앞니의 돌출 정도,menu_gmst,False,False,False,False,,
Oblivion.esm,GMST,00F00120,sMoveMarkerQuestion,DATA,0,,,Do you want to move your marker or remove it?,당신의 마커를 옮기거나 제거하기를 원하십니까?,menu_gmst,False,False,False,False,,
Oblivion.esm,GMST,00F00121,sNamePotion,DATA,0,,,Name Potion,포션 이름,menu_gmst,False,False,False,False,,
Oblivion.esm,GMST,00F00122,sNares,DATA,0,,,Nares small/large,콧구멍 범위,menu_gmst,False,False,False,False,,
Oblivion.esm,GMST,00F00123,sNasolabiallines,DATA,0,,,Naso labial lines light/dark,코 주위의 밝기,menu_gmst,False,False,False,False,,
Oblivion.esm,GMST,00F00124,sNewGame,DATA,0,,,New Game,새 게임,menu_gmst,False,False,False,False,,
Oblivion.esm,GMST,00F00125,sNoEatQuestItem,DATA,0,,,You can not eat quest items.,퀘스트 아이템은 먹을 수 없습니다.,menu_gmst,False,False,False,False,,
Oblivion.esm,GMST,00F00126,sNoFastTravelAlarm,DATA,0,,,You cannot fast travel while guards are pursuing you.,가드가 추격 중일 경우에는 빠른 여행을 할 수 없습니다.,menu_gmst,False,False,False,False,,
Oblivion.esm,GMST,00F00127,sNoFastTravelCell,DATA,0,,,You cannot fast travel from this location.,이 지역에서는 빠른 여행을 할 수 없습니다.,menu_gmst,False,False,False,False,,
Oblivion.esm,GMST,00F00128,sNoItemsToRecharge,DATA,0,,,You have no items that need to be recharged.,충전이 필요한 아이템이 없습니다.,menu_gmst,False,False,False,False,,
Oblivion.esm,GMST,00F00129,sNoJumpWarning,DATA,0,,,You can not drop objects while in the air.,공중에 있을 때에는 물건들을 내려놓을 수 없습니다.,menu_gmst,False,False,False,False,,
Oblivion.esm,GMST,00F0012A,sNoLockPickIfCrimeAlert,DATA,0,,,You can't pick a lock while being pursued by guards.,가드가 추격 중일 경우에는 자물쇠를 딸 수 없습니다.,menu_gmst,False,False,False,False,,
Oblivion.esm,GMST,00F0012B,sNoName,DATA,0,,,You must first enter a valid name for this enchantment.,이 인챈트물에는 특수한 이름을 주어야 합니다.,menu_gmst,False,False,False,False,,
Oblivion.esm,GMST,00F0012C,sNoNameCharacter,DATA,0,,,You must first enter a valid name.,사용할 이름을 입력해야 합니다.,menu_gmst,False,False,False,False,,
Oblivion.esm,GMST,00F0012D,sNoPickPocketAgain,DATA,0,,, has already caught you., 은(는) 이미 당신을 파악하고 있습니다.,menu_gmst,False,False,False,False,,
Oblivion.esm,GMST,00F0012E,sNoRepairMagic,DATA,0,,,Only a journeyman armorer or higher may repair magic items.,오로지 숙련된 제련술사 이상만이 마법아이템을 수리할 수 있습니다.,menu_gmst,False,False,False,False,,
Oblivion.esm,GMST,00F0012F,sNoSitOnOwnedFurniture,DATA,0,,,You cannot sit on owned furniture.,소유하지 않은 의자에 앉을 수 없습니다.,menu_gmst,False,False,False,False,,
Oblivion.esm,GMST,00F00130,sNoSleepTrespass,DATA,0,,,You cannot sleep while trespassing.,타인의 집을 침입하는 동안은 잘 수 없습니다.,menu_gmst,False,False,False,False,,
Oblivion.esm,GMST,00F00131,sNoTalkUnConscious,DATA,0,,, is unconscious.,가(이) 기절하였습니다. ,menu_gmst,False,False,False,False,,
Oblivion.esm,GMST,00F00132,sNoWaitInAir,DATA,0,,,You cannot wait while in the air.,공중에 떠있는 상태로 대기할 수 없습니다.,menu_gmst,False,False,False,False,,
Oblivion.esm,GMST,00F00133,sNoWaitInCell,DATA,0,,,You cannot wait in this location.,현재 위치에선 대기할 수 없습니다.,menu_gmst,False,False,False,False,,
Oblivion.esm,GMST,00F00134,sNoWaitTrespass,DATA,0,,,You cannot wait while trespassing.,타인의 집을 침입하는 동안은 대기할 수 없습니다.,menu_gmst,False,False,False,False,,
Oblivion.esm,GMST,00F00135,sNormalWeaponsResisted,DATA,0,,,Your attack has no effect.,공격의 효과가 없습니다.,menu_gmst,False,False,False,False,,
Oblivion.esm,GMST,00F00136,sNose,DATA,0,,,Nose,코,menu_gmst,False,False,False,False,,
Oblivion.esm,GMST,00F00137,sNosebridgeshallow,DATA,0,,,Nose bridge shallow/deep,콧날의 깊이,menu_gmst,False,False,False,False,,
Oblivion.esm,GMST,00F00138,sNosebridgeshort,DATA,0,,,Nose bridge short/long,콧날의 길이,menu_gmst,False,False,False,False,,
Oblivion.esm,GMST,00F00139,sNosedown,DATA,0,,,Nose down/up,코의 높/낮이,menu_gmst,False,False,False,False,,
Oblivion.esm,GMST,00F0013A,sNoseflat,DATA,0,,,Nose flat/pointed,코의 평평한 정도,menu_gmst,False,False,False,False,,
Oblivion.esm,GMST,00F0013B,sNosenostrilssmall,DATA,0,,,Nose nostrils small/large,콧구멍의 크기,menu_gmst,False,False,False,False,,
Oblivion.esm,GMST,00F0013C,sNosenostrilswide,DATA,0,,,Nose nostrils wide/thin,콧구멍의 넓이,menu_gmst,False,False,False,False,,
Oblivion.esm,GMST,00F0013D,sNosenostriltilt,DATA,0,,,Nose nostril tilt down/up,콧구멍의 기울기,menu_gmst,False,False,False,False,,
Oblivion.esm,GMST,00F0013E,sNoseregion,DATA,0,,,Nose region concave/convex,코 부위의 오목한 정도,menu_gmst,False,False,False,False,,
Oblivion.esm,GMST,00F0013F,sNoseselliondown,DATA,0,,,Nose sellion down/up,미간의 높/낮이,menu_gmst,False,False,False,False,,
Oblivion.esm,GMST,00F00140,sNosesellionlower,DATA,0,,,Nose sellion lower shallow/deep,미간 아랫쪽의 깊이,menu_gmst,False,False,False,False,,
Oblivion.esm,GMST,00F00141,sNosesellionshallow,DATA,0,,,Nose sellion shallow/deep,미간의 깊이,menu_gmst,False,False,False,False,,
Oblivion.esm,GMST,00F00142,sNosesellionthin,DATA,0,,,Nose sellion thin/wide,미간의 넓이,menu_gmst,False,False,False,False,,
Oblivion.esm,GMST,00F00143,sNoseshort,DATA,0,,,Nose short/long,코의 길이,menu_gmst,False,False,False,False,,
Oblivion.esm,GMST,00F00144,sNosetilt,DATA,0,,,Nose tilt down/up,코의 기울기,menu_gmst,False,False,False,False,,
Oblivion.esm,GMST,00F00145,sNoviceSkillLevelText,DATA,0,,,You have a basic understanding of this skill.,이 기술의 기초를 습득하였습니다.,menu_gmst,False,False,False,False,,
Oblivion.esm,GMST,00F00146,sOfferRefused,DATA,0,,,Offer refused,거래 거절,menu_gmst,False,False,False,False,,
Oblivion.esm,GMST,00F00147,sOutOfLockpicks,DATA,0,,,You have run out of lockpicks.,락픽을 다 소모했습니다.,menu_gmst,False,False,False,False,,
Oblivion.esm,GMST,00F00148,sPoisonAlreadyPoisonedMessage,DATA,0,,,The current weapon is already poisoned.,현재 무기는 이미 독이 발려져 있습니다.,menu_gmst,False,False,False,False,,
Oblivion.esm,GMST,00F00149,sPoisonBowConfirmMessage,DATA,0,,,Do you want to poison your next shot with the ,독화살공격을 위해 다음 활에 독을 바르시겠습니까? ,menu_gmst,False,False,False,False,,
Oblivion.esm,GMST,00F0014A,sPoisonConfirmMessage,DATA,0,,,Do you want to poison the ,다음 무기에 독을 바르시겠습니까? ,menu_gmst,False,False,False,False,,
Oblivion.esm,GMST,00F0014B,sPoisonNoWeaponMessage,DATA,0,,,You must first equip a weapon to poison it.,무기에 독을 바르려면 먼저 무기를 장착해야 합니다.,menu_gmst,False,False,False,False,,
Oblivion.esm,GMST,00F0014C,sPotionSucceded,DATA,0,,,You have created a new potion,새로운 포션을 창조하였습니다.,menu_gmst,False,False,False,False,,
Oblivion.esm,GMST,00F0014D,sQuestAddedText,DATA,0,,,Quest added,새로운 퀘스트가 추가되었습니다.,menu_gmst,False,False,False,False,,
Oblivion.esm,GMST,00F0014E,sQuestCompletedText,DATA,0,,,Quest completed,현재 진행중인 퀘스트가 완료되었습니다.,menu_gmst,False,False,False,False,,
Oblivion.esm,GMST,00F0014F,sQuestUpdatedText,DATA,0,,,Quest updated,퀘스트가 갱신되었습니다.,menu_gmst,False,False,False,False,,
Oblivion.esm,GMST,00F00150,sQuickKeySelectedString,DATA,0,,,equipped.,을(를) 장착했습니다.,menu_gmst,False,False,False,False,,
Oblivion.esm,GMST,00F00151,sQuickKeyUnSelectedString,DATA,0,,,unequipped.,착용 해제.,menu_gmst,False,False,False,False,,
Oblivion.esm,GMST,00F00152,sQuickKeyUsedString,DATA,0,,,used.,을(를) 사용했습니다.,menu_gmst,False,False,False,False,,
Oblivion.esm,GMST,00F00153,sQuickLoading,DATA,0,,,Quickloading...,로딩 중...,menu_gmst,False,False,False,False,,
Oblivion.esm,GMST,00F00154,sQuickSaving,DATA,0,,,Quicksaving...,저장 중...,menu_gmst,False,False,False,False,,
Oblivion.esm,GMST,00F00155,sRandom,DATA,0,,,Random,랜덤,menu_gmst,False,False,False,False,,
Oblivion.esm,GMST,00F00156,sRandomizeFace,DATA,0,,,Randomize face?,얼굴모양을 랜덤하게 하시겠습니까?,menu_gmst,False,False,False,False,,
Oblivion.esm,GMST,00F00157,sRed,DATA,0,,,Red,적색,menu_gmst,False,False,False,False,,
Oblivion.esm,GMST,00F00158,sReset,DATA,0,,,Reset,초기화,menu_gmst,False,False,False,False,,
Oblivion.esm,GMST,00F00159,sResetFace,DATA,0,,,Reset face?,얼굴모양을 초기화 하시겠습니까?,menu_gmst,False,False,False,False,,
Oblivion.esm,GMST,00F0015A,sRestartBecauseContentRemoved,DATA,0,,,The game must restart now because downloaded content has been removed.,다운로드 한 컨텐츠가 제거되었기 때문에 지금 게임을 재 시작해야 합니다.,menu_gmst,False,False,False,False,,
Oblivion.esm,GMST,00F0015B,sSaveFailed,DATA,0,,,Save failed.,저장 실패.,menu_gmst,False,False,False,False,,
Oblivion.esm,GMST,00F0015C,sSaveGameCorruptMenuMessage,DATA,0,,,The save game is corrupt and cannot be loaded.,저장된 게임이 손상되어서 로드 될 수 없습니다.,menu_gmst,False,False,False,False,,
Oblivion.esm,GMST,00F0015D,sSaveGameIsCorrupt,DATA,0,,,The save game is corrupt.  Returning to game.,저장된 게임이 손상되었습니다. 게임으로 돌아갑니다.,menu_gmst,False,False,False,False,,
Oblivion.esm,GMST,00F0015E,sSaveGameNoLongerAvailable,DATA,0,,,The save game is no longer available.  Returning to game.,저장된 게임을 더 이상 이용할 수 없습니다. 게임으로 돌아갑니다.,menu_gmst,False,False,False,False,,
Oblivion.esm,GMST,00F0015F,sSaveNotAvailable,DATA,0,,,That save is no longer available.,그 세이브 파일은 더 이상 이용할 수 없습니다..,menu_gmst,False,False,False,False,,
Oblivion.esm,GMST,00F00160,sSaveOverSaveGame,DATA,0,,,Are you sure you want to overwrite this save game?,선택하신 게임을 덮어씌우시겠습니까?,menu_gmst,False,False,False,False,,
Oblivion.esm,GMST,00F00161,sSaveSuccessful,DATA,0,,,Save successful.,저장 성공.,menu_gmst,False,False,False,False,,
Oblivion.esm,GMST,00F00162,sScrollEquipped,DATA,0,,, equipped., 을(를) 장착했습니다.,menu_gmst,False,False,False,False,,
Oblivion.esm,GMST,00F00163,sSell,DATA,0,,,Sell,판매 :,menu_gmst,False,False,False,False,,
Oblivion.esm,GMST,00F00164,sServeTimeQuestion,DATA,0,,,Do you just want to serve your time?,징역살이를 하겠습니까?,menu_gmst,False,False,False,False,,
Oblivion.esm,GMST,00F00165,sShape,DATA,0,,,Shape,모양,menu_gmst,False,False,False,False,,
Oblivion.esm,GMST,00F00166,sSigilStoneCharge,DATA,0,,,Charge:,용량:,menu_gmst,False,False,False,False,,
Oblivion.esm,GMST,00F00167,sSkillDecreased,DATA,0,,,skill decreased,스킬이 감소하였습니다.,menu_gmst,False,False,False,False,,
Oblivion.esm,GMST,00F00168,sSkillDescAcrobatics,DATA,0,,,Acrobatics Description,곡예(Acrobatics) 설명,menu_gmst,True,True,False,False,HIGH,Acrobatics
Oblivion.esm,GMST,00F00169,sSkillDescAlchemy,DATA,0,,,Alchemy Description,연금술(Alchemy) 설명,menu_gmst,True,True,False,False,HIGH,Alchemy
Oblivion.esm,GMST,00F0016A,sSkillDescAlteration,DATA,0,,,Alteration Description,변이마법(Alteration) 설명,menu_gmst,True,True,False,False,HIGH,Alteration
Oblivion.esm,GMST,00F0016B,sSkillDescArmorer,DATA,0,,,Armorer Description,제련술(Armorer) 설명,menu_gmst,True,True,False,False,HIGH,Armorer
Oblivion.esm,GMST,00F0016C,sSkillDescAthletics,DATA,0,,,Athletics Description,운동능력(Athletics) 설명,menu_gmst,True,True,False,False,HIGH,Athletics
Oblivion.esm,GMST,00F0016D,sSkillDescBlade,DATA,0,,,Blade Description,검술(Blade) 설명,menu_gmst,True,True,False,False,HIGH,Blade
Oblivion.esm,GMST,00F0016E,sSkillDescBlock,DATA,0,,,Block Description,방어(Block) 설명,menu_gmst,True,True,False,False,HIGH,Block
Oblivion.esm,GMST,00F0016F,sSkillDescBlunt,DATA,0,,,Blunt Description,둔기(Blunt) 설명,menu_gmst,True,True,False,False,HIGH,Blunt
Oblivion.esm,GMST,00F00170,sSkillDescConjuration,DATA,0,,,Conjuration Description,소환마법(Conjuration) 설명,menu_gmst,True,True,False,False,HIGH,Conjuration
Oblivion.esm,GMST,00F00171,sSkillDescDestruction,DATA,0,,,Destruction Description,파괴마법(Destruction) 설명,menu_gmst,True,True,False,False,HIGH,Destruction
Oblivion.esm,GMST,00F00172,sSkillDescHandToHand,DATA,0,,,Hand To Hand Description,격투(HandToHand) 설명,menu_gmst,True,True,False,False,HIGH,HandToHand
Oblivion.esm,GMST,00F00173,sSkillDescHeavyArmor,DATA,0,,,Heavy Armor Description,중무장(HeavyArmor) 설명,menu_gmst,True,True,False,False,HIGH,HeavyArmor
Oblivion.esm,GMST,00F00174,sSkillDescIllusion,DATA,0,,,Illusion Description,환영마법(Illusion) 설명,menu_gmst,True,True,False,False,HIGH,Illusion
Oblivion.esm,GMST,00F00175,sSkillDescLightArmor,DATA,0,,,Light Armor Description,경무장(LightArmor) 설명,menu_gmst,True,True,False,False,HIGH,LightArmor
Oblivion.esm,GMST,00F00176,sSkillDescMarksman,DATA,0,,,Marksman Description,궁술(Marksman) 설명,menu_gmst,True,True,False,False,HIGH,Marksman
Oblivion.esm,GMST,00F00177,sSkillDescMercantile,DATA,0,,,Mercantile Description,상술(Mercantile) 설명,menu_gmst,True,True,False,False,HIGH,Mercantile
Oblivion.esm,GMST,00F00178,sSkillDescMysticism,DATA,0,,,Mysticism Description,신비마법(Mysticism) 설명,menu_gmst,True,True,False,False,HIGH,Mysticism
Oblivion.esm,GMST,00F00179,sSkillDescRestoration,DATA,0,,,Restoration Description,회복마법(Restoration) 설명,menu_gmst,True,True,False,False,HIGH,Restoration
Oblivion.esm,GMST,00F0017A,sSkillDescSecurity,DATA,0,,,Security Description,잠금해제(Security) 설명,menu_gmst,True,True,False,False,HIGH,Security
Oblivion.esm,GMST,00F0017B,sSkillDescSneak,DATA,0,,,Sneak Description,잠입술(Sneak) 설명,menu_gmst,True,True,False,False,HIGH,Sneak
Oblivion.esm,GMST,00F0017C,sSkillDescSpeechcraft,DATA,0,,,Speechcraft Description,화술(Speechcraft) 설명,menu_gmst,True,True,False,False,HIGH,Speechcraft
Oblivion.esm,GMST,00F0017D,sSkillIncreased,DATA,0,,,skill increased,스킬이 향상되었습니다.,menu_gmst,False,False,False,False,,
Oblivion.esm,GMST,00F0017E,sSkillLevel,DATA,0,,,Level: ,레벨: ,menu_gmst,False,False,False,False,,
Oblivion.esm,GMST,00F0017F,sSkillLevelApprentice,DATA,0,,,Apprentice,초급자,menu_gmst,False,False,False,False,,
Oblivion.esm,GMST,00F00180,sSkillLevelExpert,DATA,0,,,Expert,전문가,menu_gmst,False,False,False,False,,
Oblivion.esm,GMST,00F00181,sSkillLevelJourneyman,DATA,0,,,Journeyman,숙련자,menu_gmst,False,False,False,False,,
Oblivion.esm,GMST,00F00182,sSkillLevelMaster,DATA,0,,,Master,마스터,menu_gmst,False,False,False,False,,
Oblivion.esm,GMST,00F00183,sSkillLevelNovice,DATA,0,,,Novice,초보자,menu_gmst,False,False,False,False,,
Oblivion.esm,GMST,00F00184,sSkillLevelTooLow,DATA,0,,,Your skill level is not high enough to create this spell,이 주문을 시전하기엔 레벨이 낮습니다.,menu_gmst,False,False,False,False,,
Oblivion.esm,GMST,00F00185,sSkillNameHeavyArmor,DATA,0,,,Heavy Armor,중갑옷,menu_gmst,False,False,False,False,,
Oblivion.esm,GMST,00F00186,sSkillNameLightArmor,DATA,0,,,Light Armor,경갑옷,menu_gmst,False,False,False,False,,
Oblivion.esm,GMST,00F00187,sSkinflushed,DATA,0,,,Skin flushed/pale,피부색의 창백함,menu_gmst,False,False,False,False,,
Oblivion.esm,GMST,00F00188,sSkinshade,DATA,0,,,Skin shade dark/light,그림자의 짙은 정도,menu_gmst,False,False,False,False,,
Oblivion.esm,GMST,00F00189,sSkintintorange,DATA,0,,,Skin tint orange/blue,오랜지/푸른빛의 비율,menu_gmst,False,False,False,False,,
Oblivion.esm,GMST,00F0018A,sSkintintpurple,DATA,0,,,Skin tint purple/yellow,자주빛/노란빛의 비율,menu_gmst,False,False,False,False,,
Oblivion.esm,GMST,00F0018B,sSlotsFull,DATA,0,,,You have already made the maximum number of selections.,이미 선택할 수 있는 수량을 모두 선택했습니다.,menu_gmst,False,False,False,False,,
Oblivion.esm,GMST,00F0018C,sSoulCaptured,DATA,0,,,You have captured a soul!,영혼을 포획하였습니다!,menu_gmst,False,False,False,False,,
Oblivion.esm,GMST,00F0018D,sSoulLevelNameCommon,DATA,0,,,Common,숙련,menu_gmst,False,False,False,False,,
Oblivion.esm,GMST,00F0018E,sSoulLevelNameGrand,DATA,0,,,Grand,달인,menu_gmst,False,False,False,False,,
Oblivion.esm,GMST,00F0018F,sSoulLevelNameGreater,DATA,0,,,Greater,전문,menu_gmst,False,False,False,False,,
Oblivion.esm,GMST,00F00190,sSoulLevelNameLesser,DATA,0,,,Lesser,초급,menu_gmst,False,False,False,False,,
Oblivion.esm,GMST,00F00191,sSoulLevelNamePetty,DATA,0,,,Petty,입문,menu_gmst,False,False,False,False,,
Oblivion.esm,GMST,00F00192,sSpecNameCombat,DATA,0,,,Combat,전투,menu_gmst,False,False,False,False,,
Oblivion.esm,GMST,00F00193,sSpellEffectiveness,DATA,0,,,Spell effectiveness,마법 효용,menu_gmst,False,False,False,False,,
Oblivion.esm,GMST,00F00194,sSpellmakingSuccess,DATA,0,,,Congratulations!  You have created a new spell.,축하합니다! 당신은 새로운 주문(마법)을 만들었습니다.,menu_gmst,False,False,False,False,,
Oblivion.esm,GMST,00F00195,sStartNewGame,DATA,0,,,Start new game?,게임을 새로 시작하시겠습니까?,menu_gmst,False,False,False,False,,
Oblivion.esm,GMST,00F00196,sStealHorse,DATA,0,,,Do you want to steal this horse?,말을 훔치겠습니까?,menu_gmst,False,False,False,False,,
Oblivion.esm,GMST,00F00197,sStyle,DATA,0,,,Style,모양,menu_gmst,False,False,False,False,,
Oblivion.esm,GMST,00F00198,sSuccessfulSneakAttackMain,DATA,0,,,Sneak attack for ,스닉 공격으로 ,menu_gmst,False,False,False,False,,
Oblivion.esm,GMST,00F00199,sSwitch,DATA,0,,,Make this my active quest,진행중인 퀘스트 바꾸기,menu_gmst,False,False,False,False,,
Oblivion.esm,GMST,00F0019A,sTitleText,DATA,0,,,You have ascended to level,레벨이 상승하였습니다. 레벨 : ,menu_gmst,False,False,False,False,,
Oblivion.esm,GMST,00F0019B,sTone,DATA,0,,,Tone,색,menu_gmst,False,False,False,False,,
Oblivion.esm,GMST,00F0019C,sTopicAddedText,DATA,0,,,New topic,새로운 화제,menu_gmst,False,False,False,False,,
Oblivion.esm,GMST,00F0019D,sVampireFeed,DATA,0,,,Feed,피 빨기,menu_gmst,False,False,False,False,,
Oblivion.esm,GMST,00F0019E,sVampireTalk,DATA,0,,,Talk,대화하기,menu_gmst,False,False,False,False,,
Oblivion.esm,GMST,00F0019F,sVideoChange,DATA,0,,,You must exit and restart Oblivion for the new resolution to take effect.,새 해상도를 적용하기 위해서는 게임을 나갔다가 다시 오블리비언을 시작하시기 바랍니다.,menu_gmst,False,False,False,False,,
Oblivion.esm,GMST,00F001A0,sViewAll,DATA,0,,,View All,모두 보기,menu_gmst,False,False,False,False,,
Oblivion.esm,GMST,00F001A1,sWelkyndStoneMessage,DATA,0,,,"You have used a Welkynd Stone's power to restore your magicka, and now it is gone.",매지카를 충전하기 위해서 웬킨드 스톤을 사용하였습니다. 이제 사라집니다.,menu_gmst,False,False,False,False,,
Oblivion.esm,GMST,00F001A2,sYieldAccepted,DATA,0,,,accepts your yield.,가(이) 화해를 받아들입니다.,menu_gmst,False,False,False,False,,
Oblivion.esm,GMST,00F001A3,sYieldRejected,DATA,0,,,rejects your yield!,은(는) 화해를 거부합니다!,menu_gmst,False,False,False,False,,
Oblivion.esm,GMST,00F001A4,sYour,DATA,0,,,Your,당신의,menu_gmst,False,False,False,False,,
Oblivion.esm,GMST,00F001A5,sAutoSaveDisabledDueToLackOfSpace,DATA,0,,,Save location full. Disabling Autosave.,저장 공간이 없어 자동 저장을 중지합니다.,menu_gmst,False,False,False,False,,
Oblivion.esm,GMST,00F001A6,sButtonLocked,DATA,0,,,That button cannot be remapped,이 버튼은 다시 설정할 수 없습니다.,menu_gmst,False,False,False,False,,
Oblivion.esm,GMST,00F001A7,sCanNotEquipWornEnchantment,DATA,0,,,You cannot equip this enchanted item right now.,지금은 이 마법 장비를 착용할 수 없습니다.,menu_gmst,False,False,False,False,,
Oblivion.esm,GMST,00F001A8,sJournalTitleCompletedDetails,DATA,0,,,Completed Quest Detail,완료한 퀘스트의 내용,menu_gmst,False,False,False,False,,
Oblivion.esm,GMST,00F001A9,sLoadingArea,DATA,0,,,Loading area...,지역 불러오는 중...,menu_gmst,False,False,False,False,,
Oblivion.esm,GMST,00F001AA,sLoadingContentMessage,DATA,0,,,Loading extra content. Please wait.,추가 자료를 불러오는 중입니다. 잠시 기다려 주세요.,menu_gmst,False,False,False,False,,
Oblivion.esm,GMST,00F001AB,sLoadingLOD,DATA,0,,,Loading distant LOD...,먼 거리 화면을 불러오는 중...,menu_gmst,False,False,False,False,,
Oblivion.esm,GMST,00F001AC,sMenuDisplayShortXBoxSaveMessage,DATA,0,,,Saving...,저장 중...,menu_gmst,False,False,False,False,,
Oblivion.esm,GMST,00F001AD,sMenuDisplayUnknownLocationString,DATA,0,,,Unknown Location,알 수 없는 장소,menu_gmst,False,False,False,False,,
Oblivion.esm,GMST,00F001AE,sMenuDisplayXBoxSaveMessage,DATA,0,,,Saving content. Please don't turn off your console.,저장 중입니다. 전원을 종료하지 마세요.,menu_gmst,False,False,False,False,,
Oblivion.esm,GMST,00F001AF,sMiscPlayerDeadLoadOption,DATA,0,,,Reload,다시 불러오기,menu_gmst,False,False,False,False,,
Oblivion.esm,GMST,00F001B0,sMiscPlayerDeadMenuOption,DATA,0,,,Main Menu,메인 메뉴,menu_gmst,False,False,False,False,,
Oblivion.esm,GMST,00F001B1,sNoCharge,DATA,0,,,The enchanted item does not have enough charge.,마법이 부여된 장비의 충전량이 없습니다.,menu_gmst,False,False,False,False,,
Oblivion.esm,GMST,00F001B2,sSaveGameDeviceError,DATA,0,,,There was an error accessing the device.  Please try again.,저장 장치를 사용할 수 없습니다. 다시 시도하세요.,menu_gmst,False,False,False,False,,
Oblivion.esm,GMST,00F001B3,sSetMarkerQuestion,DATA,0,,,Do you want to set your marker?,표식을 설정하시겠습니까?,menu_gmst,False,False,False,False,,
Oblivion.esm,GMST,00F001B4,sAbortText,DATA,0,,,Abort,중단,menu_gmst,False,False,False,False,,
Oblivion.esm,GMST,00F001B5,sActivateCreatureCalmed,DATA,0,,,The creature is calmed and cannot respond.,진정된 생물은 반응하지 않습니다.,menu_gmst,False,False,False,False,,
Oblivion.esm,GMST,00F001B6,sActivateNPCCalmed,DATA,0,,,is calmed and cannot respond.,은(는) 진정되어 반응하지 않습니다.,menu_gmst,False,False,False,False,,
Oblivion.esm,GMST,00F001B7,sAddAnEffect,DATA,0,,,You must add at least one effect in order to create a spell.,주문을 만들려면 효과를 하나 이상 추가해야 합니다.,menu_gmst,False,False,False,False,,
Oblivion.esm,GMST,00F001B8,sAddedEffects,DATA,0,,,Added Effects,추가된 효과,menu_gmst,False,False,False,False,,
Oblivion.esm,GMST,00F001B9,sAll,DATA,0,,,All,전체,menu_gmst,False,False,False,False,,
Oblivion.esm,GMST,00F001BA,sAntiAliasing,DATA,0,,,Anti-aliasing,안티앨리어싱,menu_gmst,False,False,False,False,,
Oblivion.esm,GMST,00F001BB,sAreaText,DATA,0,,,Area,범위,menu_gmst,False,False,False,False,,
Oblivion.esm,GMST,00F001BC,sAttributeText,DATA,0,,,Attribute,능력치,menu_gmst,False,False,False,False,,
Oblivion.esm,GMST,00F001BD,sBald,DATA,0,,,Bald,대머리,menu_gmst,False,False,False,False,,
Oblivion.esm,GMST,00F001BE,sBloom,DATA,0,,,Bloom,블룸,menu_gmst,False,False,False,False,,
Oblivion.esm,GMST,00F001BF,sCantRaiseAnyAttributes,DATA,0,,,Perfection cannot be improved upon. Your attributes are as high as they can go.,더 이상 향상시킬 수 없습니다. 모든 능력치가 최고치입니다.,menu_gmst,False,False,False,False,,
Oblivion.esm,GMST,00F001C0,sChoose,DATA,0,,,Choose,선택,menu_gmst,False,False,False,False,,
Oblivion.esm,GMST,00F001C1,sControlsMenuConfirmReset1,DATA,0,,,Reset all,모든,menu_gmst,False,False,False,False,,
Oblivion.esm,GMST,00F001C2,sControlsMenuConfirmReset2,DATA,0,,,mappings to their default values,키 설정을 기본값으로 초기화합니다,menu_gmst,False,False,False,False,,
Oblivion.esm,GMST,00F001C3,sControlsMenuInstructions1,DATA,0,,,Press the,이 동작에 지정할,menu_gmst,False,False,False,False,,
Oblivion.esm,GMST,00F001C4,sControlsMenuInstructions2,DATA,0,,,button you want mapped to this action.,버튼을 누르십시오.,menu_gmst,False,False,False,False,,
Oblivion.esm,GMST,00F001C5,sCreaturesDontYield,DATA,0,,,Creatures never accept a yield!,생물은 항복을 받아들이지 않습니다!,menu_gmst,False,False,False,False,,
Oblivion.esm,GMST,00F001C6,sCustomClassDefaultName,DATA,0,,,Adventurer,모험가,menu_gmst,False,False,False,False,,
Oblivion.esm,GMST,00F001C7,sDownloads,DATA,0,,,Downloads,다운로드,menu_gmst,False,False,False,False,,
Oblivion.esm,GMST,00F001C8,sDownloadsAvailable,DATA,0,,,New Content Available,새 콘텐츠 사용 가능,menu_gmst,False,False,False,False,,
Oblivion.esm,GMST,00F001C9,sDownloadsNotAvail,DATA,0,,,No New Content Available,새 콘텐츠 없음,menu_gmst,False,False,False,False,,
Oblivion.esm,GMST,00F001CA,sDurationText,DATA,0,,,Duration,지속 시간,menu_gmst,False,False,False,False,,
Oblivion.esm,GMST,00F001CB,sEnchantedItem,DATA,0,,,enchanted item,마법부여 아이템,menu_gmst,False,False,False,False,,
Oblivion.esm,GMST,00F001CC,sEnchantmentSuccess,DATA,0,,,Congratulations!  You have created a new enchanted item.,축하합니다! 새로운 마법부여 아이템을 만들었습니다.,menu_gmst,False,False,False,False,,
Oblivion.esm,GMST,00F001CD,sEntryInstructions1,DATA,0,,,Enter a name for the,만들려는,menu_gmst,False,False,False,False,,
Oblivion.esm,GMST,00F001CE,sEntryInstructions2,DATA,0,,,you are trying to create.,의 이름을 입력하십시오.,menu_gmst,False,False,False,False,,
Oblivion.esm,GMST,00F001CF,sEyesTex,DATA,0,,,Eye shades,눈 음영,menu_gmst,False,False,False,False,,
Oblivion.esm,GMST,00F001D0,sFileNotFound,DATA,0,,,File does not exist,파일이 없습니다,menu_gmst,False,False,False,False,,
Oblivion.esm,GMST,00F001D1,sFindingContentMessage,DATA,0,,,Looking for content.  Please wait.,콘텐츠를 찾는 중입니다. 잠시 기다려 주십시오.,menu_gmst,False,False,False,False,,
Oblivion.esm,GMST,00F001D2,sGender,DATA,0,,,Gender,성별,menu_gmst,False,False,False,False,,
Oblivion.esm,GMST,00F001D3,sGeneralFace,DATA,0,,,General(Face),전체(얼굴),menu_gmst,False,False,False,False,,
Oblivion.esm,GMST,00F001D4,sGeneralSkin,DATA,0,,,General(Skin),전체(피부),menu_gmst,False,False,False,False,,
Oblivion.esm,GMST,00F001D5,sGiveAway,DATA,0,,,Give away,주기,menu_gmst,False,False,False,False,,
Oblivion.esm,GMST,00F001D6,sGotAwayWithStealing,DATA,0,,,got away with stealing,도둑질에 성공했습니다,menu_gmst,False,False,False,False,,
Oblivion.esm,GMST,00F001D7,sHDR,DATA,0,,,HDR,HDR,menu_gmst,False,True,False,False,MEDIUM,HDR
Oblivion.esm,GMST,00F001D8,sHeavyArmorNoJump,DATA,0,,,Your heavy armor prevents you from jumping.,중갑 때문에 점프할 수 없습니다.,menu_gmst,False,False,False,False,,
Oblivion.esm,GMST,00F001D9,sHeavyArmorSink,DATA,0,,,Your heavy armor is causing you to sink.,중갑의 무게 때문에 가라앉고 있습니다.,menu_gmst,False,False,False,False,,
Oblivion.esm,GMST,00F001DA,sHigh,DATA,0,,,High,높음,menu_gmst,False,False,False,False,,
Oblivion.esm,GMST,00F001DB,sIgnoreText,DATA,0,,,Ignore,무시,menu_gmst,False,False,False,False,,
Oblivion.esm,GMST,00F001DC,sIngredientFail,DATA,0,,, Ingredient had no effect., 재료에서 아무 효과도 얻지 못했습니다.,menu_gmst,False,False,False,False,,
Oblivion.esm,GMST,00F001DD,sInvalidPickpocket,DATA,0,,,You cannot place items in a container while pickpocketing.,소매치기 중에는 상대 인벤토리에 아이템을 넣을 수 없습니다.,menu_gmst,False,False,False,False,,
Oblivion.esm,GMST,00F001DE,sJoyUpLeft,DATA,0,,,Up-Left,왼쪽 위,menu_gmst,False,False,False,False,,
Oblivion.esm,GMST,00F001DF,sKnownEffects,DATA,0,,,Known Effects,알려진 효과,menu_gmst,False,False,False,False,,
Oblivion.esm,GMST,00F001E0,sLarge,DATA,0,,,Large,큼,menu_gmst,False,False,False,False,,
Oblivion.esm,GMST,00F001E1,sLeaveMarker,DATA,0,,,Leave It,그대로 두기,menu_gmst,False,False,False,False,,
Oblivion.esm,GMST,00F001E2,sLockLevelText,DATA,0,,,Lock Level,자물쇠 난이도,menu_gmst,False,False,False,False,,
Oblivion.esm,GMST,00F001E3,sMagicAlreadyFull,DATA,0,,,"Because your Magicka is at maximum, the Welkynd Stone remains charged.",매지카가 최대치라 웰킨드 스톤의 힘이 소모되지 않았습니다.,menu_gmst,False,False,False,False,,
Oblivion.esm,GMST,00F001E4,sMagicCastConstant,DATA,0,,,Apparel,의복,menu_gmst,False,False,False,False,,
Oblivion.esm,GMST,00F001E5,sMagicCastOnce,DATA,0,,,Scroll,두루마리,menu_gmst,False,False,False,False,,
Oblivion.esm,GMST,00F001E6,sMagicCastWhenStrikes,DATA,0,,,Weapon,무기,menu_gmst,False,False,False,False,,
Oblivion.esm,GMST,00F001E7,sMagicCastWhenUsed,DATA,0,,,Staff,지팡이,menu_gmst,False,False,False,False,,
Oblivion.esm,GMST,00F001E8,sMagicEffectItemCreateLock,DATA,0,,,Create,제작,menu_gmst,False,False,False,False,,
Oblivion.esm,GMST,00F001E9,sMagicEffectItemFor,DATA,0,,,for,대상,menu_gmst,False,False,False,False,,
Oblivion.esm,GMST,00F001EA,sMagicEffectItemIn,DATA,0,,,in,동안,menu_gmst,False,False,False,False,,
Oblivion.esm,GMST,00F001EB,sMagicEffectItemOn,DATA,0,,,on,에,menu_gmst,False,False,False,False,,
Oblivion.esm,GMST,00F001EC,sMagicProjectileTypeBall,DATA,0,,,Ball,구체,menu_gmst,False,False,False,False,,
Oblivion.esm,GMST,00F001ED,sMagicProjectileTypeBolt,DATA,0,,,Bolt,화살,menu_gmst,False,False,False,False,,
Oblivion.esm,GMST,00F001EE,sMagicProjectileTypeFog,DATA,0,,,Fog,안개,menu_gmst,False,False,False,False,,
Oblivion.esm,GMST,00F001EF,sMagicProjectileTypeSpray,DATA,0,,,Spray,분사,menu_gmst,False,False,False,False,,
Oblivion.esm,GMST,00F001F0,sMagicRangeStrike,DATA,0,,,Strike,타격,menu_gmst,False,False,False,False,,
Oblivion.esm,GMST,00F001F1,sMagicRangeTarget,DATA,0,,,Target,대상,menu_gmst,False,False,False,False,,
Oblivion.esm,GMST,00F001F2,sMagicTypeEnchantment,DATA,0,,,Enchantment,마법부여,menu_gmst,False,False,False,False,,
Oblivion.esm,GMST,00F001F3,sMagicTypeLesserPower,DATA,0,,,Lesser Power,하급 능력,menu_gmst,False,False,False,False,,
Oblivion.esm,GMST,00F001F4,sMagicTypePoison,DATA,0,,,Poison,독,menu_gmst,False,False,False,False,,
Oblivion.esm,GMST,00F001F5,sMagicTypePotion,DATA,0,,,Potion,물약,menu_gmst,False,False,False,False,,
Oblivion.esm,GMST,00F001F6,sMagicTypePower,DATA,0,,,Power,능력,menu_gmst,False,False,False,False,,
Oblivion.esm,GMST,00F001F7,sMagicTypeSpell,DATA,0,,,Spell,주문,menu_gmst,False,False,False,False,,
Oblivion.esm,GMST,00F001F8,sMagicTypeWortcraft,DATA,0,,,Wortcraft,약초술,menu_gmst,False,False,False,False,,
Oblivion.esm,GMST,00F001F9,sMagnitudeIsLevelText,DATA,0,,,Target Level,대상 레벨,menu_gmst,False,False,False,False,,
Oblivion.esm,GMST,00F001FA,sMagnitudeText,DATA,0,,,Magnitude,강도,menu_gmst,False,False,False,False,,
Oblivion.esm,GMST,00F001FB,sMakeDefaults,DATA,0,,,Make these your default settings?,이 설정을 기본값으로 지정하시겠습니까?,menu_gmst,False,False,False,False,,
Oblivion.esm,GMST,00F001FC,sMedium,DATA,0,,,Medium,중간,menu_gmst,False,False,False,False,,
Oblivion.esm,GMST,00F001FD,sMiscArtifactsFound,DATA,0,,,Artifacts Found: ,발견한 유물: ,menu_gmst,False,False,False,False,,
Oblivion.esm,GMST,00F001FE,sMiscJokesTold,DATA,0,,,Jokes Told: ,한 농담: ,menu_gmst,False,False,False,False,,
Oblivion.esm,GMST,00F001FF,sMiscPeopleFedOn,DATA,0,,,Necks Bitten: ,흡혈한 사람: ,menu_gmst,False,False,False,False,,
Oblivion.esm,GMST,00F00200,sMiscSoulsTrapped,DATA,0,,,Souls Trapped: ,포획한 영혼: ,menu_gmst,False,False,False,False,,
Oblivion.esm,GMST,00F00201,sMiscTimesCured,DATA,0,,,Times Cured: ,치료 횟수: ,menu_gmst,False,False,False,False,,
Oblivion.esm,GMST,00F00202,sMiscUses,DATA,0,,,Uses,사용 횟수,menu_gmst,False,False,False,False,,
Oblivion.esm,GMST,00F00203,sMissingName,DATA,0,,,<Missing Name>,<이름 없음>,menu_gmst,False,False,False,False,,
Oblivion.esm,GMST,00F00204,sMouthLips,DATA,0,,,Mouth(Lips),입(입술),menu_gmst,False,False,False,False,,
Oblivion.esm,GMST,00F00205,sMoveMarker,DATA,0,,,Move It,옮기기,menu_gmst,False,False,False,False,,
Oblivion.esm,GMST,00F00206,sNoDevice,DATA,0,,,No active devices were detected,활성화된 장치를 찾지 못했습니다,menu_gmst,False,False,False,False,,
Oblivion.esm,GMST,00F00207,sNoFX,DATA,0,,,You need to add at least one effect in order to create an enchantment.,마법부여를 만들려면 효과를 하나 이상 추가해야 합니다.,menu_gmst,False,False,False,False,,
Oblivion.esm,GMST,00F00208,sNoItem,DATA,0,,,You must first select an item to enchant.,먼저 마법부여할 아이템을 선택해야 합니다.,menu_gmst,False,False,False,False,,
Oblivion.esm,GMST,00F00209,sNoMoreFollowers,DATA,0,,,You have too many followers.,동료가 너무 많습니다.,menu_gmst,False,False,False,False,,
Oblivion.esm,GMST,00F0020A,sNoRace,DATA,0,,,NO RACE,종족 없음,menu_gmst,False,False,False,False,,
Oblivion.esm,GMST,00F0020B,sNoRestart,DATA,0,,,"No, keep playing.","아니요, 계속 플레이합니다.",menu_gmst,False,False,False,False,,
Oblivion.esm,GMST,00F0020C,sNoText,DATA,0,,,No,아니요,menu_gmst,False,False,False,False,,
Oblivion.esm,GMST,00F0020D,sNoseTex,DATA,0,,,Nose shades,코 음영,menu_gmst,False,False,False,False,,
Oblivion.esm,GMST,00F0020E,sNotEnoughRoomWarning,DATA,0,,,You do not have enough room to drop this object.,이 물건을 떨어뜨릴 공간이 부족합니다.,menu_gmst,False,False,False,False,,
Oblivion.esm,GMST,00F0020F,sOKText,DATA,0,,,OK,확인,menu_gmst,False,False,False,False,,
Oblivion.esm,GMST,00F00210,sOldDownloadsAvailable,DATA,0,,,View Available Content,사용 가능한 콘텐츠 보기,menu_gmst,False,False,False,False,,
Oblivion.esm,GMST,00F00211,sOpenedContainer,DATA,0,,,Opened the container with a key.,열쇠로 보관함을 열었습니다.,menu_gmst,False,False,False,False,,
Oblivion.esm,GMST,00F00212,sPCControlsTextNone,DATA,0,,,assign a button in the Controls menu,조작 설정에서 버튼을 지정하십시오,menu_gmst,False,False,False,False,,
Oblivion.esm,GMST,00F00213,sPlayer,DATA,0,,,player,플레이어,menu_gmst,False,False,False,False,,
Oblivion.esm,GMST,00F00214,sPoisonStaffsNotAllowedMessage,DATA,0,,,Staffs cannot be poisoned.,지팡이에는 독을 바를 수 없습니다.,menu_gmst,False,False,False,False,,
Oblivion.esm,GMST,00F00215,sPotion,DATA,0,,,potion,물약,menu_gmst,False,False,False,False,,
Oblivion.esm,GMST,00F00216,sPotionFailed,DATA,0,,,Your potion failed and your ingredients were lost,물약 제조에 실패하여 재료를 잃었습니다,menu_gmst,False,False,False,False,,
Oblivion.esm,GMST,00F00217,sQuickKeyCantEquipBound,DATA,0,,,Cannot quick key bound item.,소환된 아이템은 단축키에 지정할 수 없습니다.,menu_gmst,False,False,False,False,,
Oblivion.esm,GMST,00F00218,sQuickKeyConsumed,DATA,0,,,consumed.,사용되었습니다.,menu_gmst,False,False,False,False,,
Oblivion.esm,GMST,00F00219,sQuickKeyString,DATA,0,,,Hotkey,단축키,menu_gmst,False,False,False,False,,
Oblivion.esm,GMST,00F0021A,sRaceDescription,DATA,0,,,Race Description,종족 설명,menu_gmst,False,False,False,False,,
Oblivion.esm,GMST,00F0021B,sRandomDoorTeleportFailureMessage,DATA,0,,,This door leads nowhere.,이 문은 어디로도 이어지지 않습니다.,menu_gmst,False,False,False,False,,
Oblivion.esm,GMST,00F0021C,sRangeText,DATA,0,,,Range,사거리,menu_gmst,False,False,False,False,,
Oblivion.esm,GMST,00F0021D,sRemoveMarker,DATA,0,,,Remove It,제거,menu_gmst,False,False,False,False,,
Oblivion.esm,GMST,00F0021E,sRepairAll,DATA,0,,,Repair all,모두 수리,menu_gmst,False,False,False,False,,
Oblivion.esm,GMST,00F0021F,sRetryText,DATA,0,,,Retry,재시도,menu_gmst,False,False,False,False,,
Oblivion.esm,GMST,00F00220,sSeasonFall,DATA,0,,,Fall,가을,menu_gmst,False,False,False,False,,
Oblivion.esm,GMST,00F00221,sSeasonSpring,DATA,0,,,Spring,봄,menu_gmst,False,False,False,False,,
Oblivion.esm,GMST,00F00222,sSeasonSummer,DATA,0,,,Summer,여름,menu_gmst,False,False,False,False,,
Oblivion.esm,GMST,00F00223,sSeasonWinter,DATA,0,,,Winter,겨울,menu_gmst,False,False,False,False,,
Oblivion.esm,GMST,00F00224,sSigilStoneConstantEffect,DATA,0,,,Constant effect.,상시 효과.,menu_gmst,False,False,False,False,,
Oblivion.esm,GMST,00F00225,sSmall,DATA,0,,,Small,작음,menu_gmst,False,False,False,False,,
Oblivion.esm,GMST,00F00226,sSpell,DATA,0,,,spell,주문,menu_gmst,False,False,False,False,,
Oblivion.esm,GMST,00F00227,sSpellmakingRequire2,DATA,0,,,skill of,필요 기술,menu_gmst,False,False,False,False,,
Oblivion.esm,GMST,00F00228,sSummonedCreatureFit,DATA,0,,,The Summoned Creature is not able to fit in summoned area.,소환할 공간이 부족합니다.,menu_gmst,False,False,False,False,,
Oblivion.esm,GMST,00F00229,sTargetTypeBrew,DATA,0,,,Brew,제조,menu_gmst,False,False,False,False,,
Oblivion.esm,GMST,00F0022A,sTargetTypeDrink,DATA,0,,,Drink,마시기,menu_gmst,False,False,False,False,,
Oblivion.esm,GMST,00F0022B,sTargetTypeRead,DATA,0,,,Read,읽기,menu_gmst,False,False,False,False,,
Oblivion.esm,GMST,00F0022C,sTargetTypeSit,DATA,0,,,Sit,앉기,menu_gmst,False,False,False,False,,
Oblivion.esm,GMST,00F0022D,sTurnedOn,DATA,0,,,is turned on,켜졌습니다,menu_gmst,False,False,False,False,,
Oblivion.esm,GMST,00F0022E,sUActnSldleft,DATA,0,,,Slide Left,왼쪽으로 이동,menu_gmst,False,False,False,False,,
Oblivion.esm,GMST,00F0022F,sUActnSldright,DATA,0,,,Slide Right,오른쪽으로 이동,menu_gmst,False,False,False,False,,
Oblivion.esm,GMST,00F00230,sUActnTogglepov,DATA,0,,,Change View,시점 변경,menu_gmst,False,False,False,False,,
Oblivion.esm,GMST,00F00231,sVideo,DATA,0,,,Video,비디오,menu_gmst,False,False,False,False,,
Oblivion.esm,GMST,00F00232,sYesRestart,DATA,0,,,"Yes, restart the game.","예, 게임을 다시 시작합니다.",menu_gmst,False,False,False,False,,
Oblivion.esm,GMST,00F00233,sYesToAllText,DATA,0,,,Yes to all,모두 예,menu_gmst,False,False,False,False,,
Oblivion.esm,GMST,00F00234,sHolidayEmperorsBirthday,DATA,0,,,Emperor's Birthday,황제의 생일,menu_gmst,False,False,False,False,,
Oblivion.esm,GMST,00F00235,sHolidayFirstPlanting,DATA,0,,,First Planting,첫 파종일,menu_gmst,False,False,False,False,,
Oblivion.esm,GMST,00F00236,sHolidayHarvestsEnd,DATA,0,,,Harvest's End,수확의 끝,menu_gmst,False,False,False,False,,
Oblivion.esm,GMST,00F00237,sHolidayJestersDay,DATA,0,,,Jester's Day,광대의 날,menu_gmst,False,False,False,False,,
Oblivion.esm,GMST,00F00238,sHolidayMerchantsFestival,DATA,0,,,Merchant's Festival,상인의 축제,menu_gmst,False,False,False,False,,
Oblivion.esm,GMST,00F00239,sHolidayMidYearCelebration,DATA,0,,,Mid Year Celebration,한여름 축제,menu_gmst,False,False,False,False,,
Oblivion.esm,GMST,00F0023A,sHolidayNewLifeFestival,DATA,0,,,New Life Festival,새 생명 축제,menu_gmst,False,False,False,False,,
Oblivion.esm,GMST,00F0023B,sHolidayNorthWindsPrayer,DATA,0,,,North Wind's Prayer,북풍의 기도,menu_gmst,False,False,False,False,,
Oblivion.esm,GMST,00F0023C,sHolidayOldLifeFestival,DATA,0,,,Old Life Festival,옛 생명 축제,menu_gmst,False,False,False,False,,
Oblivion.esm,GMST,00F0023D,sHolidaySecondPlanting,DATA,0,,,Second Planting,두 번째 파종일,menu_gmst,False,False,False,False,,
Oblivion.esm,GMST,00F0023E,sHolidaySouthWindsPrayer,DATA,0,,,South Wind's Prayer,남풍의 기도,menu_gmst,False,False,False,False,,
Oblivion.esm,GMST,00F0023F,sHolidaySunsRest,DATA,0,,,Sun's Rest,태양의 휴식,menu_gmst,False,False,False,False,,
Oblivion.esm,GMST,00F00240,sHolidayTalesAndTallows,DATA,0,,,Tales and Tallows,이야기와 양초의 날,menu_gmst,False,False,False,False,,
Oblivion.esm,GMST,00F00241,sHolidayWarriorsFestival,DATA,0,,,Warrior's Festival,전사의 축제,menu_gmst,False,False,False,False,,
Oblivion.esm,GMST,00F00242,sHolidayWitchesFestival,DATA,0,,,Witches' Festival,마녀의 축제,menu_gmst,False,False,False,False,,
Oblivion.esm,CLAS,0009712F,SE32Smith,FULL,0,,,Vitharn Smith,바이탄 대장장이,record,False,False,False,False,,
Oblivion.esm,CLAS,00081E0B,SEKnightOrder,FULL,0,,,Knight of Order,질서의 기사,record,False,False,False,False,,
Oblivion.esm,CLAS,000552DB,SEZealotClass,FULL,0,,,Zealot,광신도 신자,record,False,False,False,False,,
Oblivion.esm,CLAS,00045761,SEGoldenSaintClassGuard,FULL,0,,,Golden Saint,골든 세인트,record,False,False,False,False,,
Oblivion.esm,CLAS,00045760,SEDarkSeducerClassGuard,FULL,0,,,Dark Seducer,다크 세듀서,record,False,False,False,False,,
Oblivion.esm,CLAS,00044C4A,SEOrderPriestClass,FULL,0,,,Priest of Order,질서 사제,record,False,False,False,False,,
Oblivion.esm,CLAS,00041516,SEGoldenSaintMageClass,FULL,0,,,Golden Saint,골든 세인트,record,False,False,False,False,,
Oblivion.esm,CLAS,00041515,SEDarkSeducerMageClass,FULL,0,,,Dark Seducer Mage,다크 세듀서 메이지,record,False,False,False,False,,
Oblivion.esm,CLAS,00041514,SEDarkSeducerClass,FULL,0,,,Dark Seducer,다크 세듀서,record,False,False,False,False,,
Oblivion.esm,CLAS,00041513,SEGoldenSaintClass,FULL,0,,,Golden Saint,골든 세인트,record,False,False,False,False,,
Oblivion.esm,CLAS,00041220,SE08SoldierClass,FULL,0,,,Soldier,병사,record,False,False,False,False,,
Oblivion.esm,CLAS,00041220,SE08SoldierClass,DESC,0,,,Class for the allies in SE08,SE08의 아군 직업,record,False,True,False,False,MEDIUM,SE
Oblivion.esm,CLAS,0004117A,SEHereticMage,FULL,0,,,Heretic Mage,이단자 메이지,record,False,False,False,False,,
Oblivion.esm,CLAS,00041179,SEHereticMissile,FULL,0,,,Heretic Archer,이단자 궁수,record,False,False,False,False,,
Oblivion.esm,CLAS,00041178,SEHereticMelee,FULL,0,,,Heretic,이단자 세력,record,False,False,False,False,,
Oblivion.esm,CLAS,00041177,SEFanaticMissile,FULL,0,,,Fanatic Archer,광신자 궁수,record,False,False,False,False,,
Oblivion.esm,CLAS,00041176,SEFanaticMelee,FULL,0,,,Fanatic,광신자,record,False,False,False,False,,
Oblivion.esm,CLAS,0000CF06,SorcererTrainer,FULL,0,,,Sorcerer,소서러,record,False,False,False,False,,
Oblivion.esm,CLAS,0000CF06,SorcererTrainer,DESC,0,,,"Besting the most well-equipped fighters, they rely on the spells of the mystic arts.  Unique to these mages is the bodily stamina to be armed with the thickest armor.","신비한 주문에 기대어, 장비를 잘 갖춘 전사들을 압도합니다. 이 마법사들에게만 있는 유일무이한 것은 두꺼운 방어구를 착용할 육체적 능력입니다.",record,False,False,False,False,,
Oblivion.esm,CLAS,0000CC45,ElvenStatue,FULL,0,,,Elven Statue,엘프 조각상,record,False,False,False,False,,
Oblivion.esm,CLAS,00007E37,GuardBattlemage,FULL,0,,,Guard Battlemage,경비병 배틀메이지,record,False,False,False,False,,
Oblivion.esm,CLAS,00007E37,GuardBattlemage,DESC,0,,,Standard town guard class.,일반적인 도시 경비입니다.,record,False,False,False,False,,
Oblivion.esm,CLAS,00014691,DremoraArcher,FULL,0,,,Dremora Archer,드레모라 궁수,record,False,False,False,False,,
Oblivion.esm,CLAS,000C792A,ICPalaceGuard,FULL,0,,,Palace Guard,궁전 경비병,record,False,False,False,False,,
Oblivion.esm,CLAS,000C792A,ICPalaceGuard,DESC,0,,,The most noble of all combatants.  Strong in body and in character.,거의 모든 귀족들은 전투에 능한 전사입니다. 육체와 정신이 모두 강력합니다.,record,False,False,False,False,,
Oblivion.esm,CLAS,000947CC,ArenaCombatantLightArcher,FULL,0,,,Arena Light Archer,아레나 경갑 궁수,record,False,False,False,False,,
Oblivion.esm,CLAS,00082DD2,DarkMage,FULL,0,,,Mage,메이지,record,False,False,False,False,,
Oblivion.esm,CLAS,0006D676,DarkArcher,FULL,0,,,Dark Brotherhood Archer,다크 브라더후드 궁수,record,False,False,False,False,,
Oblivion.esm,CLAS,00066211,KvatchSoldier,FULL,0,,,Kvatch Guard,크바치 경비병,record,False,False,False,False,,
Oblivion.esm,CLAS,00066211,KvatchSoldier,DESC,0,,,Kvatch guards,크바치 경비병,record,False,False,False,False,,
Oblivion.esm,CLAS,000651D1,Dark04Guard,FULL,0,,,Dark04 Prison Guard,Dark04 감옥 경비병,record,False,True,False,False,MEDIUM,Dark
Oblivion.esm,CLAS,0018B124,GuardArcher,FULL,0,,,Guard Archer,경비병 궁수,record,False,False,False,False,,
Oblivion.esm,CLAS,0005D2D1,ArenaCombatantShieldCaster,FULL,0,,,Arena Combtant -- Battlemage,아레나 전투원 -- 배틀메이지,record,False,False,False,False,,
Oblivion.esm,CLAS,000982E6,MonkAncestorMoth,FULL,0,,,Ancestor Moth Monk,선조 나방 수도사,record,False,False,False,False,,
Oblivion.esm,CLAS,000982E6,MonkAncestorMoth,DESC,0,,,"Quick and cunning with the empty hand, they are strong in spirit.  They prefer to solve conflict by arrow or by fist.",맨손을 쓰는 것이 빠르고 뛰어난 그들은 정신적으로도 강력합니다. 그들은 활이나 주먹으로 싸움을 해결하는 것을 선호합니다.,record,False,False,False,False,,
Oblivion.esm,CLAS,000980DC,Herald,FULL,0,,,Herald,전령,record,False,False,False,False,,
Oblivion.esm,CLAS,00093488,BladeClass,FULL,0,,,Blade Class,블레이드 직업,record,False,False,False,False,,
Oblivion.esm,CLAS,00092D99,DremoraMageClass,FULL,0,,,Dremora Mage,드레모라 메이지,record,False,False,False,False,,
Oblivion.esm,CLAS,0004B90A,Conjurer,FULL,0,,,Conjurer,소환술사,record,False,False,False,False,,
Oblivion.esm,CLAS,0003E9A5,DremoraClass,FULL,0,,,Dremora,드레모라,record,False,False,False,False,,
Oblivion.esm,CLAS,0003D7FC,MS26Guard,FULL,0,,,Convicted Guard,유죄 판결을 받은 경비병,record,False,False,False,False,,
Oblivion.esm,CLAS,0003D7FC,MS26Guard,DESC,0,,,Standard town guard class.,일반적인 도시 경비입니다.,record,False,False,False,False,,
Oblivion.esm,CLAS,0003D06A,MerchFence,FULL,0,,,Thieves Guild Fence,도둑 길드 울타리,record,False,False,False,False,,
Oblivion.esm,CLAS,00034521,MarauderBoss,FULL,0,,,Marauder Boss,약탈자 보스,record,False,False,False,False,,
Oblivion.esm,CLAS,00034520,BanditBoss,FULL,0,,,Bandit Boss,도적 두목,record,False,False,False,False,,
Oblivion.esm,CLAS,0003451F,MarauderMage,FULL,0,,,Marauder Mage,약탈자 메이지,record,False,False,False,False,,
Oblivion.esm,CLAS,0003451E,MarauderMissile,FULL,0,,,Marauder Archer,약탈자 궁수,record,False,False,False,False,,
Oblivion.esm,CLAS,0003451D,MarauderMelee,FULL,0,,,Marauder,약탈자,record,False,False,False,False,,
Oblivion.esm,CLAS,0003451C,BanditWizard,FULL,0,,,Zealot Wizard,광신도 위저드,record,False,False,False,False,,
Oblivion.esm,CLAS,0003451B,BanditMissile,FULL,0,,,Bandit Archer,도적 궁수,record,False,False,False,False,,
Oblivion.esm,CLAS,0003451A,BanditMelee,FULL,0,,,Bandit,도적,record,False,False,False,False,,
Oblivion.esm,CLAS,00022F4D,TGGrayFoxClass,FULL,0,,,Gray Fox,그레이 폭스,record,False,False,False,False,,
Oblivion.esm,CLAS,00022843,PlayerCustomClass,FULL,0,,,Custom Class,커스텀 직업,record,False,False,False,False,,
Oblivion.esm,CLAS,000353E0,Necromancer,FULL,0,,,Necromancer,네크로맨서,record,False,False,False,False,,
Oblivion.esm,CLAS,00034E6E,Guard,FULL,0,,,Guard,경비병,record,False,False,False,False,,
Oblivion.esm,CLAS,00034E6E,Guard,DESC,0,,,Standard town guard class.,일반적인 도시 경비입니다.,record,False,False,False,False,,
Oblivion.esm,CLAS,0002F0FF,MythicDawnAdept,FULL,0,,,Mythic Dawn Adept,신화 여명회 수련생,record,False,False,False,False,,
Oblivion.esm,CLAS,0002F0F6,MythicDawnAssassin,FULL,0,,,Mythic Dawn Assassin,신화 여명회 암살자,record,False,False,False,False,,
Oblivion.esm,CLAS,0002F0F5,MythicDawnAgent,FULL,0,,,Mythic Dawn Agent,신화 여명회 요원,record,False,False,False,False,,
Oblivion.esm,CLAS,0002AE7A,Pirate,FULL,0,,,Pirate,해적,record,False,False,False,False,,
Oblivion.esm,CLAS,0002ACD0,ArenaCombatantRandom,FULL,0,,,Arena Combatant -- Random,아레나 전투원 -- 무작위,record,False,False,False,False,,
Oblivion.esm,CLAS,0002A2B5,ArenaCombatantMagic,FULL,0,,,Arena Combatant -- Magic,아레나 전투원 -- 마법,record,False,False,False,False,,
Oblivion.esm,CLAS,0002A2B0,ArenaCombatantLight,FULL,0,,,Arena Combatant -- Light Armor,아레나 전투원 -- 경갑,record,False,False,False,False,,
Oblivion.esm,CLAS,0002A2AF,ArenaCombatantHeavy,FULL,0,,,Arena Combatant -- Heavy Armor,아레나 전투원 -- 중갑,record,False,False,False,False,,
Oblivion.esm,CLAS,000294CD,Blademaster,FULL,0,,,Blademaster,블레이드마스터,record,False,False,False,False,,
Oblivion.esm,CLAS,00023F05,TrainerAgent,FULL,0,,,Agent,요원,record,False,False,False,False,,
Oblivion.esm,CLAS,00023F04,TrainerThief,FULL,0,,,Thief,도둑,record,False,False,False,False,,
Oblivion.esm,CLAS,00023F03,TrainerNightblade,FULL,0,,,Nightblade,나이트블레이드,record,False,False,False,False,,
Oblivion.esm,CLAS,00023EA1,TrainerWarrior,FULL,0,,,Warrior,전사,record,False,False,False,False,,
Oblivion.esm,CLAS,00023E76,TrainerMage,FULL,0,,,Mage,메이지,record,False,False,False,False,,
Oblivion.esm,CLAS,00023E75,TrainerSmith,FULL,0,,,Smith,대장장이,record,False,False,False,False,,
Oblivion.esm,CLAS,00023E74,TrainerTrader,FULL,0,,,Trader,상인,record,False,False,False,False,,
Oblivion.esm,CLAS,00023E71,TrainerScout,FULL,0,,,Scout,정찰병,record,False,False,False,False,,
Oblivion.esm,CLAS,00023E6E,Witch,FULL,0,,,Witch,마녀,record,False,False,False,False,,
Oblivion.esm,CLAS,00023E6D,Warlock,FULL,0,,,Warlock,워락,record,False,False,False,False,,
Oblivion.esm,CLAS,00023E6C,Sharpshooter,FULL,0,,,Sharpshooter,명사수,record,False,False,False,False,,
Oblivion.esm,CLAS,00023E6B,Savant,FULL,0,,,Savant,사반트,record,False,False,False,False,,
Oblivion.esm,CLAS,00023E6A,MerchPublican,FULL,0,,,Publican,술집 주인,record,False,False,False,False,,
Oblivion.esm,CLAS,00023E69,MerchPawnbroker,FULL,0,,,Pawnbroker,전당포,record,False,False,False,False,,
Oblivion.esm,CLAS,00023E67,Pauper,FULL,0,,,Pauper,빈민,record,False,False,False,False,,
Oblivion.esm,CLAS,00023E66,Ostler,FULL,0,,,Ostler,오스틀러,record,False,False,False,False,,
Oblivion.esm,CLAS,00023E63,Noble,FULL,0,,,Noble,고귀한,record,False,False,False,False,,
Oblivion.esm,CLAS,00023E61,Merchant,FULL,0,,,Merchant,상인,record,False,False,False,False,,
Oblivion.esm,CLAS,00023E5F,MerchEnchanter,FULL,0,,,Enchanter,마법부여사,record,False,False,False,False,,
Oblivion.esm,CLAS,00023E5A,FGDrillmaster,FULL,0,,,Drillmaster,드릴 마스터,record,False,False,False,False,,
Oblivion.esm,CLAS,00023D9C,Hunter,FULL,0,,,Hunter,사냥꾼,record,False,False,False,False,,
Oblivion.esm,CLAS,00023CCD,Herder,FULL,0,,,Herder,목자,record,False,False,False,False,,
Oblivion.esm,CLAS,00023CC8,Farmer,FULL,0,,,Farmer,농부,record,False,False,False,False,,
Oblivion.esm,CLAS,00023C0E,DBEnforcer,FULL,0,,,Enforcer,집행자,record,False,False,False,False,,
Oblivion.esm,CLAS,00023C0D,Commoner,FULL,0,,,Commoner,평민,record,False,False,False,False,,
Oblivion.esm,CLAS,00023C0B,FGChampion,FULL,0,,,Champion,챔피언,record,False,False,False,False,,
Oblivion.esm,CLAS,00023C0A,MerchBookseller,FULL,0,,,Bookseller,책 판매자,record,False,False,False,False,,
Oblivion.esm,CLAS,00023C09,MerchAlchemist,FULL,0,,,Alchemist,연금술사,record,False,False,False,False,,
Oblivion.esm,CLAS,00023C08,Nightblade,FULL,0,,,Nightblade,나이트블레이드,record,False,False,False,False,,
Oblivion.esm,CLAS,00023C08,Nightblade,DESC,0,,,"Spell and shadow are their friends.  By darkness they move with haste, casting magic to benefit their circumstances.",주문과 어둠은 그들의 친구입니다. 어둠을 틈타 신속하게 움직이고 마법 시전을 통해 상황을 유리하게 만듭니다.,record,False,False,False,False,,
Oblivion.esm,CLAS,00023C07,Spellsword,FULL,0,,,Spellsword,마검사,record,False,False,False,False,,
Oblivion.esm,CLAS,00023C07,Spellsword,DESC,0,,,"More nimble and athletic than the sorcerer, and better suited for spell-casting than the knight, their attacks are unpredictable.  Students of combat and magic.","소서러(Sorcerer)보다 더 재빠르고 강인하며, 기사(Knight)보다 주문시전에 더 적합한 그들의 공격은 언제나 예측불가이며 전투와 마법 모두를 연마합니다.",record,True,True,False,False,HIGH,"Sorcerer, Knight"
Oblivion.esm,CLAS,00023998,Witchhunter,FULL,0,,,Witchhunter,마녀 사냥꾼,record,False,False,False,False,,
Oblivion.esm,CLAS,00023998,Witchhunter,DESC,0,,,"Swift on foot, and clever with spells, they use distance as their ally.  Slower adversaries are fodder for their arrows.",발 빠르고 주문에 능숙한 그들은 적과의 거리를 잘 이용합니다. 느린 적들은 그들의 화살 표적에 불과합니다.,record,False,False,False,False,,
Oblivion.esm,CLAS,00023997,Battlemage,FULL,0,,,Battlemage,배틀메이지,record,False,False,False,False,,
Oblivion.esm,CLAS,00023997,Battlemage,DESC,0,,,Able to resolve most conflicts with either spell or sword.  They are a deadly mix of scholar and soldier.,주문이나 칼로 대부분의 분쟁을 해결할 수 있습니다. 그들에게는 학자와 병사의 특성이 매우 잘 섞여있습니다.,record,False,False,False,False,,
Oblivion.esm,CLAS,000237AC,Sorcerer,FULL,0,,,Sorcerer,소서러,record,False,False,False,False,,
Oblivion.esm,CLAS,000237AC,Sorcerer,DESC,0,,,"Besting the most well-equipped fighters, they rely on the spells of the mystic arts.  Unique to these mages is the bodily stamina to be armed with the thickest armor.","신비한 주문에 기대어, 장비를 잘 갖춘 전사들을 압도합니다. 이 마법사들에게만 있는 유일무이한 것은 두꺼운 방어구를 착용할 육체적 능력입니다.",record,False,False,False,False,,
Oblivion.esm,CLAS,000237A9,Monk,FULL,0,,,Monk,수도사,record,False,False,False,False,,
Oblivion.esm,CLAS,000237A9,Monk,DESC,0,,,"Quick and cunning with the empty hand, they are strong in spirit.  They prefer to solve conflict by arrow or by fist.",맨손을 쓰는 것이 빠르고 뛰어난 그들은 정신적으로도 강력합니다. 그들은 활이나 주먹으로 싸움을 해결하는 것을 선호합니다.,record,False,False,False,False,,
Oblivion.esm,CLAS,000237A8,Acrobat,FULL,0,,,Acrobat,곡예사,record,False,False,False,False,,
Oblivion.esm,CLAS,000237A8,Acrobat,DESC,0,,,The kind of person that uses agility and endurance to their advantage.  Unafraid of jumping long distances.,순발력(Agility)과 지구력(Endurance)에 유리합니다. 먼 거리를 점프하는 데에 익숙합니다.,record,True,True,False,False,HIGH,"Agility, Endurance"
Oblivion.esm,CLAS,00023793,Assassin,FULL,0,,,Assassin,암살자,record,False,False,False,False,,
Oblivion.esm,CLAS,00023793,Assassin,DESC,0,,,"Nimble and quiet, they move in darkness to strike at the unsuspecting.  Locks hold no doors shut for them.",민첩하고 조용한 그들은 아무런 눈치도 채지 못한 이들을 처리하기 위해 어둠 속에서 움직인다. 그들에게는 어떤 문도 잠겨 있지 않은 것이나 마찬가지입니다.,record,False,False,False,False,,
Oblivion.esm,CLAS,00023792,Agent,FULL,0,,,Agent,요원,record,False,False,False,False,,
Oblivion.esm,CLAS,00023792,Agent,DESC,0,,,"Charming when they can be seen, and nearly invisible when in shadow.",그들은 눈에 보일 때 매력적입니다. 그리고 그들이 어둠 속에 있을 때는 거의 눈에 보이지 않습니다.,record,False,False,False,False,,
Oblivion.esm,CLAS,0002378F,Thief,FULL,0,,,Thief,도둑,record,False,False,False,False,,
Oblivion.esm,CLAS,0002378F,Thief,DESC,0,,,"Profiting from the losses of others is their love.  Able to be swift in shadow, and crafty in bartering.  Locks are enemies, and lock-picks are their swords.","그들이 좋아하는 일은 다른 이들을 속이는 것입니다. 어둠 속에서 신속하게 움직일 수 있는 그들은 물건을 거래할 때 잔꾀를 부립니다. 자물쇠는 그들의 적이고, 락픽(lock-picks)은 그들의 무기입니다.",record,True,True,False,False,HIGH,lock-picks
Oblivion.esm,CLAS,0002378C,Rogue,FULL,0,,,Rogue,불량배,record,False,False,False,False,,
Oblivion.esm,CLAS,0002378C,Rogue,DESC,0,,,"They use speed in combat rather than brute force.  Persuasive in conversation, their tongues are as sharp as blades.",짐승 같은 힘을 쓰기보다는 속도(Speed)를 이용합니다. 대단한 설득력을 가진 그들의 혀는 칼날만큼이나 날카롭습니다.,record,True,True,False,False,HIGH,Speed
Oblivion.esm,CLAS,0002378B,Archer,FULL,0,,,Archer,궁수,record,False,False,False,False,,
Oblivion.esm,CLAS,0002378B,Archer,DESC,0,,,"A marksman, adept at combat at great distances.  Able to take down most foes before they have a chance to draw sword.","전투에 적합한, 꽤 먼 거리의 사격에 뛰어난 궁술을 가지고 있는 그들은 대부분의 적들이 칼을 휘두를 기회를 갖기도 전에 쓰러지게 할 수 있습니다.",record,False,False,False,False,,
Oblivion.esm,CLAS,0002378A,Scout,FULL,0,,,Scout,정찰병,record,False,False,False,False,,
Oblivion.esm,CLAS,0002378A,Scout,DESC,0,,,"Preferring the rolling countryside to the city life, they are gifted with the ability to evade,  guard, and protect themselves with great proficiency.","교외에서 뒹구는 것을 도시 생활보다 더 좋아하는 그들은 회피, 감시, 자기보호에 대단한 능력을 가지고 있습니다.",record,False,False,False,False,,
Oblivion.esm,CLAS,00023789,Crusader,FULL,0,,,Crusader,성전사,record,False,False,False,False,,
Oblivion.esm,CLAS,00023789,Crusader,DESC,0,,,"A combatant who wields the power of brute strength and medicinal knowledge.  Cheating death after every fight, they rely on their keen knowledge of restoration to fight yet again.","짐승 같은 힘과 의학적 지식의 힘을 휘두르는 전사입니다. 전투가 끝나고 죽음의 위험에서 벗어나면, 그들은 또 다시 싸우기 위해 회복마법(Restoration)에 대한 날카로운 지식에 의존합니다.",record,True,True,False,False,HIGH,Restoration
Oblivion.esm,CLAS,00023788,Barbarian,FULL,0,,,Barbarian,바바리안,record,False,False,False,False,,
Oblivion.esm,CLAS,00023788,Barbarian,DESC,0,,,"Fearsome brutes who inspire fear and dread in the hearts of their enemies.  Like a storm, swift and powerful.  Finding little use for heavy armor, they rely on smashing their foes into the ground.",적들의 심장에 공포를 불어넣는 무시무시한 짐승입니다. 폭풍처럼 빠르고 강력합니다. 중무장은 거의 쓰지 않습니다. 그들은 적을 묵사발로 만들어 내동댕이쳐 버립니다.,record,False,False,False,False,,
Oblivion.esm,CLAS,00023787,Warrior,FULL,0,,,Warrior,전사,record,False,False,False,False,,
Oblivion.esm,CLAS,00023787,Warrior,DESC,0,,,"Unafraid of light weaponry, they plow into the fray with little regard for injury.  Masters of all melee tools, they put little faith in the magical arts.",번쩍거리는 무기류에 친숙한 그들은 부상에 대한 염려는 거의 하지 않고 싸움에 임합니다. 모든 근접공격 장비의 대가인 그들은 마법적인 기술에 거의 의지하지 않습니다.,record,False,False,False,False,,
Oblivion.esm,CLAS,00023785,Priest,FULL,0,,,Priest,사제,record,False,False,False,False,,
Oblivion.esm,CLAS,00023785,Priest,DESC,0,,,NPC class,NPC의 직업,record,False,True,False,False,MEDIUM,NPC
Oblivion.esm,CLAS,0001C824,Bard,FULL,0,,,Bard,음유시인,record,False,False,False,False,,
Oblivion.esm,CLAS,0001C824,Bard,DESC,0,,,"Intelligent and personable, they prefer to accomplish tasks with their words first, and sword second.",지능과 인격이 높은 사람들은 말로써 문제를 해결하는 것을 선호합니다.,record,False,False,False,False,,
Oblivion.esm,CLAS,0001C823,MerchSmith,FULL,0,,,Smith,대장장이,record,False,False,False,False,,
Oblivion.esm,CLAS,00024163,MerchTrader,FULL,0,,,Trader,상인,record,False,False,False,False,,
Oblivion.esm,CLAS,00024162,MerchClothier,FULL,0,,,Clothier,옷가게,record,False,False,False,False,,
Oblivion.esm,CLAS,000105D6,Mage,FULL,0,,,Mage,메이지,record,False,False,False,False,,
Oblivion.esm,CLAS,000105D6,Mage,DESC,0,,,"Prefering to use their extensive knowledge of all things magical, they wield a might more powerful than the sharpest blade.","마법적인 모든 것들에 대한 값비싼 지식을 사용하는 것을 선호한다면, 가장 강력한 칼을 휘두르는 것보다 더욱 강력한 힘을 쓸 수 있을 것입니다.",record,False,False,False,False,,
Oblivion.esm,CLAS,00000832,Pilgrim,FULL,0,,,Pilgrim,순례자,record,False,False,False,False,,
Oblivion.esm,CLAS,00000832,Pilgrim,DESC,0,,,"Hearty folk, well-versed in the tomes of old.   They profit in life by bartering in the market, or by persuading the weak-minded.","신실한 믿음을 가진 사람들은 오래된 책들을 매우 잘 압니다. 그들은 상점에서 거래하거나, 의지가 약한 사람들을 설득할 때 유리합니다.",record,False,False,False,False,,
Oblivion.esm,CLAS,00000836,Knight,FULL,0,,,Knight,기사,record,False,False,False,False,,
Oblivion.esm,CLAS,00000836,Knight,DESC,0,,,The most noble of all combatants.  Strong in body and in character.,거의 모든 귀족들은 전투에 능한 전사입니다. 육체와 정신이 모두 강력합니다.,record,False,False,False,False,,
Oblivion.esm,CLAS,00000910,Healer,FULL,0,,,Healer,치유사,record,False,False,False,False,,
Oblivion.esm,CLAS,00000910,Healer,DESC,0,,,"Fighters of poison and illness.  The ancient art of restoration is their ally, and the deadly art of destruction is their weapon.","독과 질병에 대항하는 전사입니다. 고대의 회복마법(Restoration)은 그의 든든한 우방이고, 치명적인 파괴마법(Destruction)은 그의 무기입니다.",record,True,True,False,False,HIGH,"Restoration, Destruction"
Oblivion.esm,FACT,00092B1E,SEJyggalagFaction,FULL,0,,,For identifying Jyggalag,지갈랙을 식별하기 위해,record,False,False,False,False,,
Oblivion.esm,FACT,0008EFC3,SE32Revelers,FULL,0,,,Vitharn Revelers,바이탄 축제꾼들,record,False,False,False,False,,
Oblivion.esm,FACT,0008EF84,SE04FelldewAddicts,FULL,0,,,Felldew Addicts,펠듀 중독자들,record,False,False,False,False,,
Oblivion.esm,FACT,0008E091,SECorpserotDancingGrummites,FULL,0,,,Corpserot Arena Fans,코어세로트 아레나 팬,record,False,False,False,False,,
Oblivion.esm,FACT,00089642,SESplitDementia,FULL,0,,,Split Dementia,스플릿 디멘시아,record,False,False,False,False,,
Oblivion.esm,FACT,00089641,SESplitMania,FULL,0,,,Split Mania,스플릿 매니아,record,False,False,False,False,,
Oblivion.esm,FACT,00081E0C,SEBooksOfBlissFaction,FULL,0,,,Books of Bliss,행복의 책,record,False,False,False,False,,
Oblivion.esm,FACT,00080D18,SERooftopClubFaction,FULL,0,,,Rooftop Club,옥상 클럽,record,False,False,False,False,,
Oblivion.esm,FACT,00080795,SEGuards,FULL,0,,,"Seducer and Saint guard, used for getting right voice","유혹자와 성자 경비, 올바른 목소리를 얻기 위해 사용됨",record,False,False,False,False,,
Oblivion.esm,FACT,0007E0CB,SE07DementiaHouseFaction,FULL,0,,,House of Dementia Faction,디멘시아의 집 세력,record,False,False,False,False,,
Oblivion.esm,FACT,0007B3A5,SE07GreenmoteSiloFaction,FULL,0,,,Greenmote Silo Faction,그린모트 저장고 세력,record,False,False,False,False,,
Oblivion.esm,FACT,00078FDB,SEChoosyBeggarFaction,FULL,0,,,Choosy Beggar Faction,까다로운 거지 세력,record,False,False,False,False,,
Oblivion.esm,FACT,00072D9F,SEUshnarFaction,FULL,0,,,Ushnar Faction,우쉬나르 세력,record,False,False,False,False,,
Oblivion.esm,FACT,0006A7FC,SECourtofMadnessFaction,FULL,0,,,Court of Madness,매드니스 궁정,record,False,False,False,False,,
Oblivion.esm,FACT,00067713,SE03Adventurers,FULL,0,,,Xedilian Adventurers,제딜리안 모험가들,record,False,False,False,False,,
Oblivion.esm,FACT,0005F33B,SEAichanEnviousGrummiteFaction,FULL,0,,,Aichan Envious Grummite Faction,아이찬 질시하는 그러마이트 세력,record,False,False,False,False,,
Oblivion.esm,FACT,0005A8C6,SECorpserotFaction,FULL,0,,,Corpserot Prison Faction,코어세로트 감옥 세력,record,False,False,False,False,,
Oblivion.esm,FACT,00056036,SE07ManiaHouseFaction,FULL,0,,,House of Mania Faction,매니아의 집 세력,record,False,False,False,False,,
Oblivion.esm,FACT,0004FC60,SE09GatekeeperPlayerFaction,FULL,0,,,Faction to make the Gatekeeper like the player,관문지기를 플레이어처럼 만드는 진영,record,False,False,False,False,,
Oblivion.esm,FACT,00046F5A,SERelmynaSactumBackdoorFaction,FULL,0,,,Faction to let Relmyna and Nanette Don use the back door to Xaselm04,렐미나와 나네트 던이 Xaselm04의 뒷문을 사용할 수 있게 하는 세력,record,False,True,False,False,MEDIUM,Xaselm
Oblivion.esm,FACT,00046924,SEBlackrootGnarlPrisoner,FULL,0,,,Blackroot Lair Gnarl Prisoner,블랙루트 은신처 나를 포로,record,False,False,False,False,,
Oblivion.esm,FACT,00046917,SEBlackrootGnarlFaction,FULL,0,,,Blackroot Lair Gnarl Faction,블랙루트 은신처 나를 세력,record,False,False,False,False,,
Oblivion.esm,FACT,00046916,SEBlackrootGrummites,FULL,0,,,Blackroot Lair Grummite Faction,블랙루트 은신처 그러마이트 세력,record,False,False,False,False,,
Oblivion.esm,FACT,00045763,SESheogorathPalaceFaction,FULL,0,,,Faction for all NPCs in Sheogorath's palace,셰오고라스의 궁전에 있는 모든 NPC 세력,record,False,True,False,False,MEDIUM,NPC
Oblivion.esm,FACT,0004530B,SEMiriliCreature,FULL,0,,,Mirili Ulven's Creatures,미릴리 울벤의 크리처,record,False,False,False,False,,
Oblivion.esm,FACT,00045305,SEShamblesFaction,FULL,0,,,Shambles Faction,샘블즈 세력,record,False,False,False,False,,
Oblivion.esm,FACT,00045304,SEScalonFaction,FULL,0,,,Scalon Faction,스캘론 세력,record,False,False,False,False,,
Oblivion.esm,FACT,00045303,SEHungerFaction,FULL,0,,,Hunger Faction,헝거 세력,record,False,False,False,False,,
Oblivion.esm,FACT,00045302,SEGrummiteFaction,FULL,0,,,Grummite Faction,그러마이트 세력,record,False,False,False,False,,
Oblivion.esm,FACT,00045301,SEElytraFaction,FULL,0,,,Elytra Faction,엘리트라 세력,record,False,False,False,False,,
Oblivion.esm,FACT,000452FF,SEBaliwogFaction,FULL,0,,,Baliwog Faction,발리워그 세력,record,False,False,False,False,,
Oblivion.esm,FACT,000452FE,SEGnarlFaction,FULL,0,,,Gnarl Faction,나를 세력,record,False,False,False,False,,
Oblivion.esm,FACT,000437E3,SE09BattlingCreatureFaction01,FULL,0,,,SE 09 Battling Creature Faction,SE 09 전투 크리처 세력,record,False,True,False,False,MEDIUM,SE
Oblivion.esm,FACT,000432B7,SE03XedilianFaction,FULL,0,,,Xedilian Faction,제딜리안 세력,record,False,False,False,False,,
Oblivion.esm,FACT,00041F68,SEPasswallNanettesHouseFaction,FULL,0,,,ownership for SEPasswallNanettesHouse,SEPasswallNanettesHouse의 소유권,record,False,True,False,False,MEDIUM,SEPasswallNanettesHouse
Oblivion.esm,FACT,00041D8F,SEYngvarFaction,FULL,0,,,Faction for SEYngvar,종말예언자 잉그바르,record,False,False,False,False,,
Oblivion.esm,FACT,0004117C,SEHeretic,FULL,0,,,Heretic Faction,이단자 세력,record,False,False,False,False,,
Oblivion.esm,FACT,0004117B,SEZealot,FULL,0,,,Zealot Faction,광신도 세력,record,False,False,False,False,,
Oblivion.esm,FACT,0001B067,SERelmynaSanctumFaction,FULL,0,,,needed to get through door into Xaselm04,Xaselm04로 들어가는 문에 통과하기 위해 필요함,record,False,True,False,False,MEDIUM,Xaselm
Oblivion.esm,FACT,0001AD46,SEDementiaFaction,FULL,0,,,Dementia Faction,디멘시아 세력,record,False,False,False,False,,
Oblivion.esm,FACT,0001AD45,SEManiaFaction,FULL,0,,,Mania Faction,매니아 세력,record,False,False,False,False,,
Oblivion.esm,FACT,0001AC88,SE13AlliesFaction,FULL,0,,,Player's allies in SE13 battle,SE13 전투에서 플레이어의 아군,record,False,True,False,False,MEDIUM,SE
Oblivion.esm,FACT,0001AC83,SEOrderPriestFactionA,FULL,0,,,Faction for A priests,사제 세력,record,False,False,False,False,,
Oblivion.esm,FACT,0001A78D,SE12OrderedGnarlFaction,FULL,0,,,Faction for ordered gnarls,주문받은 나를 세력,record,False,False,False,False,,
Oblivion.esm,FACT,00019F10,SE05MuurineFaction,FULL,0,,,Muurine Family Faction,뮤린 가족 세력,record,False,False,False,False,,
Oblivion.esm,FACT,00019D51,SEGatekeeperFaction,FULL,0,,,Faction friendly to the Gatekeeper,관문지기에 우호적인 세력,record,False,False,False,False,,
Oblivion.esm,FACT,00019A2E,SEOrderKnightRespawnFaction,FULL,0,,,Respawnable knights have this faction,부활 가능한 기사는 이 진영에 속합니다.,record,False,False,False,False,,
Oblivion.esm,FACT,0001985C,SE03KnightsHatePlayer,FULL,0,,,Knights Hate Player for SE03,기사들은 SE03의 플레이어를 싫어합니다,record,False,True,False,False,MEDIUM,SE
Oblivion.esm,FACT,00017961,SE08DarkSeducerFaction,FULL,0,,,SE08 Dark Seducer Faction,SE08 다크 세듀서 세력,record,False,True,False,False,MEDIUM,SE
Oblivion.esm,FACT,00017960,SE08GoldenSaintFaction,FULL,0,,,SE08 Golden Saint Faction,SE08 골든 세인트 세력,record,False,True,False,False,MEDIUM,SE
Oblivion.esm,FACT,0001723D,SE07ASylFaction,FULL,0,,,Special Seducers for SE07A,SE07A 전용 특별 유혹자,record,False,True,False,False,MEDIUM,SE
Oblivion.esm,FACT,00016B84,SE11ApostleTraitorFaction,FULL,0,,,SE11 Apostle Traitor Faction,SE11 사도 배신자 세력,record,False,True,False,False,MEDIUM,SE
Oblivion.esm,FACT,00016B69,SE11CiirtaFaction,FULL,0,,,SE11 Ciirta,SE11 시르타,record,False,True,False,False,MEDIUM,SE
Oblivion.esm,FACT,00016B68,SE11ApostleFaction,FULL,0,,,SE11 Apostle Faction,SE11 사도 세력,record,False,True,False,False,MEDIUM,SE
Oblivion.esm,FACT,00016B67,SE11ApostleFactionPlayer,FULL,0,,,SE11 Apostle Faction - Player,SE11 사도 세력 - 플레이어,record,False,True,False,False,MEDIUM,SE
Oblivion.esm,FACT,00015583,SERavenBiterFaction,FULL,0,,,Raven-biter household,레이븐-바이터의 집,record,False,False,False,False,,
Oblivion.esm,FACT,00015582,SEHaleFaction,FULL,0,,,Hale Citizen,헤일 주민,record,False,False,False,False,,
Oblivion.esm,FACT,00015581,SESplitFaction,FULL,0,,,Split Citizen,스플릿 주민,record,False,False,False,False,,
Oblivion.esm,FACT,00015580,SENewSheothCrucible,FULL,0,,,Crucible Citizen,크루시블 시민,record,False,False,False,False,,
Oblivion.esm,FACT,0001557F,SENewSheothBliss,FULL,0,,,Bliss Citizen,행복한 시민,record,False,False,False,False,,
Oblivion.esm,FACT,0001557E,SEFellmoorFaction,FULL,0,,,Fellmoor Citizen,펠무어 주민,record,False,False,False,False,,
Oblivion.esm,FACT,0001557D,SEHighcrossFaction,FULL,0,,,Highcross Citizen,하이 크로스 시민,record,False,False,False,False,,
Oblivion.esm,FACT,0001557C,SEDeepwallowFaction,FULL,0,,,Deepwallow Citizen,딥월로우 시민,record,False,False,False,False,,
Oblivion.esm,FACT,00013A69,SENewSheothFaction,FULL,0,,,Citizen of New Sheoth,뉴 셰오스의 시민,record,False,False,False,False,,
Oblivion.esm,FACT,000136EF,SE12GnarlFaction,FULL,0,,,SE12 Gnarl faction,SE12 나를 세력,record,False,True,False,False,MEDIUM,SE
Oblivion.esm,FACT,000136EE,SE12OrderFaction,FULL,0,,,Order,주문,record,False,False,False,False,,
Oblivion.esm,FACT,000134D4,SEOrderFaction,FULL,0,,,Order,주문,record,False,False,False,False,,
Oblivion.esm,FACT,000134D3,SEOrderPriestFaction,FULL,0,,,Priest of Order,질서 사제,record,False,False,False,False,,
Oblivion.esm,FACT,000120F1,SE06DarkSeducerFaction,FULL,0,,,Mazken,마즈켄,record,False,False,False,False,,
Oblivion.esm,FACT,000120F0,SE06GoldenSaintFaction,FULL,0,,,Aureal,아우리얼,record,False,False,False,False,,
Oblivion.esm,FACT,000120DF,SE32FanaticFaction,FULL,0,,,Fanatic Invaders,광신자 침략자,record,False,False,False,False,,
Oblivion.esm,FACT,000120D8,SE32VitharnFaction,FULL,0,,,Vitharn Citizen,바이탄 시민,record,False,False,False,False,,
Oblivion.esm,FACT,00012091,SEGoldenSaintFaction,FULL,0,,,Aureal,아우리얼,record,False,False,False,False,,
Oblivion.esm,FACT,00012090,SEDarkSeducerFaction,FULL,0,,,Mazken,마즈켄,record,False,False,False,False,,
Oblivion.esm,FACT,0000CF5A,HenantierFaction,FULL,0,,,Henantier's Faction,헤낸티어의 세력,record,False,False,False,False,,
Oblivion.esm,FACT,0000C695,TiberSeptimHotelFaction,FULL,0,,,Tiber Septim Hotel faction (IC),타이버 셉팀 호텔 세력 (IC),record,True,True,False,False,HIGH,IC
Oblivion.esm,FACT,0000C55C,MothCaretakers,FULL,0,,,Moth Caretakers,나방 관리인,record,False,False,False,False,,
Oblivion.esm,FACT,0000AA01,LuronkFriends,FULL,0,,,LuronkFriends,루롱크의 친구들,record,False,False,False,False,,
Oblivion.esm,FACT,0000A951,WormAnchoriteFaction,FULL,0,,,Worm Anchorite Faction,벌레 교단 은둔 신도 세력,record,False,False,False,False,,
Oblivion.esm,FACT,0000A319,PlayerVampireFaction,FULL,0,,,Player Vampire Faction,뱀파이어 세력,record,False,False,False,False,,
Oblivion.esm,FACT,0000A2FE,GoganandMaelonaFaction,FULL,0,,,Gogan's Family Faction,고건의 가족 세력,record,False,False,False,False,,
Oblivion.esm,FACT,0000A0AA,JanusHassildorFaction,FULL,0,,,Janus Hassildor Faction,야누스 하실도르 세력,record,False,False,False,False,,
Oblivion.esm,FACT,00009D8B,LeyawiinBestGoodsAndGuaranteesFactions,FULL,0,,,Best Goods and Guarantees Merchants,최고의 상품과 보증 상인,record,False,False,False,False,,
Oblivion.esm,FACT,00009D85,FirstEditionFaction,FULL,0,,,Faction for First Edition NPCs,초판본 서점 NPC 세력,record,False,True,False,False,MEDIUM,NPC
Oblivion.esm,FACT,0000C3F4,LeyawiinTheDividingLineFaction,FULL,0,,,Owner and Employee of The Dividing Line,한 끗 차이의 소유주 및 직원,record,False,False,False,False,,
Oblivion.esm,FACT,0000AB09,Dark06HotelFaction,FULL,0,,,Dark06 Hotel Faction,Dark06 호텔 세력,record,False,True,False,False,MEDIUM,Dark
Oblivion.esm,FACT,0000558C,ManheimRufioFaction,FULL,0,,,Manheim and Rufio Faction,맨하임과 루피오 세력,record,False,False,False,False,,
Oblivion.esm,FACT,0000555F,VeyondCaveBandits,FULL,0,,,Veyond Bandits,베이욘드 도적,record,False,False,False,False,,
Oblivion.esm,FACT,0000525B,SleepingMareFaction,FULL,0,,,Sleeping Mare Faction,잠자는 암말 세력,record,False,False,False,False,,
Oblivion.esm,FACT,000051AD,SeridurEvilFaction,FULL,0,,,Seridur Is Evil Faction,세리두르는 악의 세력,record,False,False,False,False,,
Oblivion.esm,FACT,00002676,KaltharPetFaction,FULL,0,,,Kalthar Pet Faction,칼타르 애완동물 세력,record,False,False,False,False,,
Oblivion.esm,FACT,00000F9A,ValenDrethFaction,FULL,0,,,Valen Dreth's EEEVIL faction,베일린 드레스의 EEEVIL 세력,record,False,True,False,False,MEDIUM,EEEVIL
Oblivion.esm,FACT,00014F91,TharronPetFaction,FULL,0,,,Thaurron Pet Faction,타우론 애완동물 세력,record,False,False,False,False,,
Oblivion.esm,FACT,00014C58,BladesSparringFaction,FULL,0,,,Sparring faction,스파링 세력,record,False,False,False,False,,
Oblivion.esm,FACT,000CD329,MS08KurdanFaction,FULL,0,,,Kurdan gro-Dragol's Faction of EEEEvil,커단 그로-드라골의 사아악한 세력,record,False,False,False,False,,
Oblivion.esm,FACT,000C9E7B,DarkEvil,FULL,0,,,Dark Brotherhood Generic Evil Faction,다크 브라더후드 일반 악의 세력,record,False,False,False,False,,
Oblivion.esm,FACT,000C792B,HorsePC,FULL,0,,,Player's Horse,플레이어의 말,record,False,False,False,False,,
Oblivion.esm,FACT,000C6C77,MS47AncotarFaction,FULL,0,,,Ancotar's faction,안코타르의 세력,record,False,False,False,False,,
Oblivion.esm,FACT,000C6C76,MS47CreatureFaction,FULL,0,,,Faction for creatures friendly to Ancotar,안코타르에 우호적인 크리처 세력,record,False,False,False,False,,
Oblivion.esm,FACT,000C5C47,LythandasFaction,FULL,0,,,Lythandas Family,리탄다스 가문,record,False,False,False,False,,
Oblivion.esm,FACT,000C4A00,ImperialLegionOutside,FULL,0,,,Imperial Legion Outside Faction,제국군 외부 세력,record,False,False,False,False,,
Oblivion.esm,FACT,000C48A1,MG16FortOntusMageFaction,FULL,0,,,Fort Ontus Mage Faction,온투스 요새 메이지 세력,record,False,False,False,False,,
Oblivion.esm,FACT,000C489D,DarkPlayaHata,FULL,0,,,Dark Brotherhood Player Hate Faction,다크 브라더후드 플레이어 증오 세력,record,False,False,False,False,,
Oblivion.esm,FACT,000C45B2,EvilSolo,FULL,0,,,Evil -- no affiliation,악 - 소속 없음,record,False,False,False,False,,
Oblivion.esm,FACT,000BE545,ImperialLegionFriend,FULL,0,,,Friend of the Imperial Legion,제국군의 친구,record,False,False,False,False,,
Oblivion.esm,FACT,00073A6E,DarkShadowmereFaction,FULL,0,,,Shadowmere's Faction,섀도우미어의 세력,record,False,False,False,False,,
Oblivion.esm,FACT,000738D5,ClarabellaPirates,FULL,0,,,Pirates of the Sea Tub Clarabella,바다의 해적 튜브 클라라벨라,record,False,False,False,False,,
Oblivion.esm,FACT,000738D4,DarkShuraviAndCaeliaFaction,FULL,0,,,Shuravi and Caelia's Faction,슈라비와 카엘리아의 세력,record,False,False,False,False,,
Oblivion.esm,FACT,000AED4B,ArenaFanFaction,FULL,0,,,ArenaFanFaction,아레나 팬 세력,record,False,False,False,False,,
Oblivion.esm,FACT,000ADD4B,MQEndFaction,FULL,0,,,Order of the Dragon,드래곤의 기사단,record,False,False,False,False,,
Oblivion.esm,FACT,000ACE6C,GottlesfontFaction,FULL,0,,,Gottlesfont Faction,고틀스폰트 세력,record,False,False,False,False,,
Oblivion.esm,FACT,000A9689,Fences,FULL,0,,,Fences,울타리,record,False,False,False,False,,
Oblivion.esm,FACT,000A7137,ArenaHopefuls,FULL,0,,,Arena Hopefuls,아레나 희망자,record,False,False,False,False,,
Oblivion.esm,FACT,0009E651,DarkUnderling,FULL,0,,,Dark Brotherhood Underlings,다크 브라더후드 부하들,record,False,False,False,False,,
Oblivion.esm,FACT,000947B9,SeridurHouseFaction,FULL,0,,,Seridur House Faction,세리두르 가문,record,False,False,False,False,,
Oblivion.esm,FACT,0008FD00,MS13OblivionFriendsFaction,FULL,0,,,Oblivion Pals,오블리비언 친구들,record,False,False,False,False,,
Oblivion.esm,FACT,0007C3AB,MS12Deadite,FULL,0,,,Deadite,데이드라이트,record,False,False,False,False,,
Oblivion.esm,FACT,000732B8,EverscampFaction,FULL,0,,,Everscamp Faction,영원 스캠프 세력,record,False,False,False,False,,
Oblivion.esm,FACT,00071D4E,ClaudisArcadiaFaction,FULL,0,,,Claudius Arcadia's Faction,클라우디우스 아르카디아의 세력,record,False,False,False,False,,
Oblivion.esm,FACT,00070972,AmantiusAllectusDoor,FULL,0,,,Amantius Allectus Door Owners,아만티우스 알렉투스의 문 소유자,record,False,False,False,False,,
Oblivion.esm,FACT,0007096B,DarkPurification,FULL,0,,,Purification Faction,정화 세력,record,False,False,False,False,,
Oblivion.esm,FACT,000700BF,AnvilSirens,FULL,0,,,The Anvil Sirens,모루 사이렌,record,False,False,False,False,,
Oblivion.esm,FACT,0006E7F4,BenirusFaction,FULL,0,,,BenirusFaction,베니루스 세력,record,False,False,False,False,,
Oblivion.esm,FACT,0006DC2E,BlackHorseCouriers,FULL,0,,,Black Horse Courier Vendors,검은 말 신문사 상인,record,False,False,False,False,,
Oblivion.esm,FACT,0006D677,DarkSancDwellers,FULL,0,,,Dark Brotherhood Sanctuary Dwellers,다크 브라더후드 성역 거주자,record,False,False,False,False,,
Oblivion.esm,FACT,0006C46B,DraconisFamilyFaction,FULL,0,,,Draconis Family Faction,드라코니스 가족 세력,record,False,False,False,False,,
Oblivion.esm,FACT,0006C270,MG13VampireHunters,FULL,0,,,Vampire Hunters,뱀파이어 사냥꾼,record,False,False,False,False,,
Oblivion.esm,FACT,0006AB3E,LucienLachanceDungeon,FULL,0,,,Lachance Dungeon Faction,러찬스 던전 세력,record,False,False,False,False,,
Oblivion.esm,FACT,0006A82C,ImperialLegionBattlemage,FULL,0,,,Imperial Legion Battlemage,제국군 배틀메이지,record,False,False,False,False,,
Oblivion.esm,FACT,000699F8,KvatchChapelRefugees,FULL,0,,,Refugees in the Kvatch Chapel,크바치 예배당의 난민들,record,False,False,False,False,,
Oblivion.esm,FACT,00069476,MageConvGuild,FULL,0,,,Mage Conversation Guild,메이지 대화 길드,record,False,False,False,False,,
Oblivion.esm,FACT,00068456,ChestnutHandy,FULL,0,,,Chestnut Handy Stables,편한 밤색 말 마구간,record,False,False,False,False,,
Oblivion.esm,FACT,00068454,ICTalosPlazaHorse,FULL,0,,,Talos Plaza Horse,탈로스 광장 말,record,False,False,False,False,,
Oblivion.esm,FACT,00068453,ICTempleDistrictHorse,FULL,0,,,Temple District Horse,신전 구역 말,record,False,False,False,False,,
Oblivion.esm,FACT,00068452,ICElvenGardensHorse,FULL,0,,,Elven Gardens Horse,엘프 정원 말,record,False,False,False,False,,
Oblivion.esm,FACT,00066A0A,HavilsteinFaction,FULL,0,,,Havilstein Hoar-Blood's Secret Faction,하빌스타인 호어-블러드의 비밀 세력,record,False,False,False,False,,
Oblivion.esm,FACT,000661F9,DarkDislikePlayer,FULL,0,,,The I Hate the Player Faction!,플레이어 세력을 싫어해!,record,False,False,False,False,,
Oblivion.esm,FACT,00064F47,DarkBrotherhoodNoGuard,FULL,0,,,Dark Brotherhood -- Won't Call Guards,다크 브라더후드 - 경비병을 부르지 않음,record,False,False,False,False,,
Oblivion.esm,FACT,0018B117,ImperialLegion,FULL,0,,,Imperial Legion,제국군,record,False,False,False,False,,
Oblivion.esm,FACT,001853FE,SerethiSistersDislikeFaction,FULL,0,,,Aleswell -- people Serethi sisters dislike,에일즈웰 -- 세레티 자매들이 싫어하는 사람들,record,False,False,False,False,,
Oblivion.esm,FACT,0014683B,ArenaICBloodworksDwellers,FULL,0,,,Arena Bloodworks Dwellers,아레나 피의 길 거주자들,record,False,False,False,False,,
Oblivion.esm,FACT,000E78E3,MQ09BladesFaction,FULL,0,,,For ghost blades in Sancre Tor,생커 토르의 유령 검을 위해,record,False,False,False,False,,
Oblivion.esm,FACT,000872CE,MQ15KathutetFaction,FULL,0,,,Kathutet's personal faction,카수텟의 개인 세력,record,False,False,False,False,,
Oblivion.esm,FACT,0008573E,MQ15MythicDawnFactionC,FULL,0,,,Mankar Camoran haters,맨카 캐모런의 적들,record,False,False,False,False,,
Oblivion.esm,FACT,0008573D,MQ15MythicDawnFactionB,FULL,0,,,Tired of being in the Eternal Garden,영원의 정원에 있는 것이 지겨워,record,False,False,False,False,,
Oblivion.esm,FACT,00085725,MQ15MythicDawnFactionA,FULL,0,,,Mankar Camoran lovers,맨카 캐모런의 연인들,record,False,False,False,False,,
Oblivion.esm,FACT,0005D556,Prey,FULL,0,,,Prey creatures,먹이 크리처,record,False,False,False,False,,
Oblivion.esm,FACT,00058EE9,FortNikelB,FULL,0,,,Fort Nikel Team B,니켈 요새 팀 B,record,False,False,False,False,,
Oblivion.esm,FACT,00058EE8,FortNikelA,FULL,0,,,Fort Nikel Team A,니켈 요새 팀 A,record,False,False,False,False,,
Oblivion.esm,FACT,000AA620,GoblinTribeG,FULL,0,,,Derelict Mine tribe,폐기된 광산 부족,record,False,False,False,False,,
Oblivion.esm,FACT,000AA61F,GoblinTribeF,FULL,0,,,Pundered Mine tribe,약탈당한 광산 부족,record,False,False,False,False,,
Oblivion.esm,FACT,000AA61E,GoblinTribeE,FULL,0,,,Barren Mine tribe,불모의 광산 부족,record,False,False,False,False,,
Oblivion.esm,FACT,000A9445,MS27AlliesFaction,FULL,0,,,MS27 dungeon crawl friends,MS27 던전 탐험 친구들,record,False,True,False,False,MEDIUM,MS
Oblivion.esm,FACT,000A9339,NenalataFaction,FULL,0,,,Nenalata Undead faction,네날라타 언데드 세력,record,False,False,False,False,,
Oblivion.esm,FACT,000A3A4C,ClaudeMaricFaction,FULL,0,,,Claude Maric's personal faction,클로드 마릭의 개인 세력,record,False,False,False,False,,
Oblivion.esm,FACT,000A01AE,HackdirtMonster,FULL,0,,,Hackdirt monster faction,핵더트 몬스터 세력,record,False,False,False,False,,
Oblivion.esm,FACT,0009F987,LordDradFaction,FULL,0,,,Lord Drad Faction,드라드 경 세력,record,False,False,False,False,,
Oblivion.esm,FACT,0009F986,MalacathOgreFaction,FULL,0,,,Malacath Ogre Faction,말라카스 오우거 세력,record,False,False,False,False,,
Oblivion.esm,FACT,0009EA90,MS45PrisonerFaction,FULL,0,,,Prisoner of Hackdirt Brethren,핵더트 형제단의 죄수,record,False,False,False,False,,
Oblivion.esm,FACT,0009DE83,ItiusHaynFriends,FULL,0,,,Friends of Itius Hayn,이티우스 헤인의 친구들,record,False,False,False,False,,
Oblivion.esm,FACT,0009DB30,BleakersWayFaction,FULL,0,,,Bleakers Way Faction,블리커스 웨이 세력,record,False,False,False,False,,
Oblivion.esm,FACT,0009DB28,DalviluFACTIONWar,FULL,0,,,Dalvilu FACTION War,달빌루 세력 전쟁,record,False,False,False,False,,
Oblivion.esm,FACT,0009DB1F,UndeadFaction,FULL,0,,,Undead,언데드,record,False,False,False,False,,
Oblivion.esm,FACT,00098287,DAUnicornFaction,FULL,0,,,Unicorn Faction,유니콘 세력,record,False,False,False,False,,
Oblivion.esm,FACT,000981BD,MQ10AlliesFaction,FULL,0,,,MQ10 allies,MQ10 동맹,record,False,True,False,False,MEDIUM,MQ
Oblivion.esm,FACT,000980DD,OrderoftheVirtuousBlood,FULL,0,,,Order of the Virtuous Blood,고귀한 피의 결사단,record,False,False,False,False,,
Oblivion.esm,FACT,00097CAE,MythicDawnAssassins,FULL,0,,,Faction for roving MD assassins,로빙 MD 암살자 세력,record,False,True,False,False,MEDIUM,MD
Oblivion.esm,FACT,00097CAD,MankarCamoranFaction,FULL,0,,,Mankar Camoran faction,맨카 캐모런 세력,record,False,False,False,False,,
Oblivion.esm,FACT,00095031,MG12ZombieFaction,FULL,0,,,Mucianus Zombie Faction,무시아누스 좀비 세력,record,False,False,False,False,,
Oblivion.esm,FACT,00093CD8,ArenaICMonsters,FULL,0,,,Imperial City Arena Monster Faction,임페리얼 시티 아레나 몬스터 세력,record,False,False,False,False,,
Oblivion.esm,FACT,00093CC7,MothPriests,FULL,0,,,Moth Priests,나방 사제들,record,False,False,False,False,,
Oblivion.esm,FACT,00091ADB,Prisoners,FULL,0,,,Prisoners,죄수들,record,False,False,False,False,,
Oblivion.esm,FACT,00090E31,CheydinhalCorruptGuardsFactionMS10,FULL,0,,,Cheydinhal Guards,셰이딘홀 경비병들,record,False,False,False,False,,
Oblivion.esm,FACT,00090AC0,KvatchCreatures,FULL,0,,,Kvatch Creatures,크바치 크리처,record,False,False,False,False,,
Oblivion.esm,FACT,000908C0,KnightsWhiteStallion,FULL,0,,,Knights of the White Stallion,백마 기사단,record,False,False,False,False,,
Oblivion.esm,FACT,000908AB,MazogaFriend,FULL,0,,,Mazoga Friend,마조가 친구,record,False,False,False,False,,
Oblivion.esm,FACT,000904E3,DBNoGuards,FULL,0,,,Dark Brotherhood No Guards Allowed Club,다크 브라더후드 경비원 출입 금지 클럽,record,False,False,False,False,,
Oblivion.esm,FACT,000904D7,MartinFaction,FULL,0,,,Martin's faction,마틴의 세력,record,False,False,False,False,,
Oblivion.esm,FACT,00086577,EscapedPrisoner,FULL,0,,,Escaped Prisoner,탈출한 죄수,record,False,False,False,False,,
Oblivion.esm,FACT,0008595C,BlackBowFaction,FULL,0,,,Black Bow Faction,검은 활 세력,record,False,False,False,False,,
Oblivion.esm,FACT,00085956,MogensWindshifterFaction,FULL,0,,,Mogens Wind-Shifter Faction,모겐스 윈드-시프터 세력,record,False,False,False,False,,
Oblivion.esm,FACT,00083595,CourierCustomers,FULL,0,,,Eight Cities Couriers Customers,8개 도시 신문 구독자,record,False,False,False,False,,
Oblivion.esm,FACT,00053FED,DaedraFaction,FULL,0,,,Oblivion gate daedra,오블리비언 게이트 데이드라,record,False,False,False,False,,
Oblivion.esm,FACT,00053FEC,OGSoldiers,FULL,0,,,Soldiers at Oblivion gates,오블리비언 게이트에 있는 병사들,record,False,False,False,False,,
Oblivion.esm,FACT,00053792,MS09TyrelliusEvilFaction,FULL,0,,,Tyrellius is Evil Faction,티렐리우스는 악파,record,False,False,False,False,,
Oblivion.esm,FACT,000534F2,GenericOwner,FULL,0,,,Generic Owner,일반적인 소유자,record,False,False,False,False,,
Oblivion.esm,FACT,000534F1,ImperialTradingCo,FULL,0,,,Imperial Trading Company,제국 무역 회사,record,False,False,False,False,,
Oblivion.esm,FACT,0005202E,MethredhelHouseFaction,FULL,0,,,Methredhel's House,메스레델의 집,record,False,False,False,False,,
Oblivion.esm,FACT,00051788,DarkBrotherhoodElite,FULL,0,,,Dark Brotherhood Elite,다크 브라더후드 정예,record,False,False,False,False,,
Oblivion.esm,FACT,000513BF,AranoFamily,FULL,0,,,Arano Family,아라노 가족,record,False,False,False,False,,
Oblivion.esm,FACT,0004F295,CGGoblinFaction,FULL,0,,,CG goblins,CG 고블린,record,False,True,False,False,MEDIUM,CG
Oblivion.esm,FACT,0004F294,CGDomesticRatFaction,FULL,0,,,Rats hate the goblins,쥐는 고블린을 싫어합니다,record,False,False,False,False,,
Oblivion.esm,FACT,0004E883,WeynonPrioryFaction,FULL,0,,,Weynon Priory Citizen,웨이넌 수도원 시민,record,False,False,False,False,,
Oblivion.esm,FACT,0004E86D,CGCreatureFaction,FULL,0,,,CG Creature Faction,CG 크리처 세력,record,False,True,False,False,MEDIUM,CG
Oblivion.esm,FACT,0004D834,SkingradStables,FULL,0,,,Skingrad Stables,스킨그라드 마구간,record,False,False,False,False,,
Oblivion.esm,FACT,0004D832,ChorrolStables,FULL,0,,,Chorrol Stables,코롤 마구간,record,False,False,False,False,,
Oblivion.esm,FACT,0004D831,CheydinhalStables,FULL,0,,,Cheydinhal Stables,셰이딘홀 마구간,record,False,False,False,False,,
Oblivion.esm,FACT,0004D821,BravilStables,FULL,0,,,Bravil Stables,브라빌 마구간,record,False,False,False,False,,
Oblivion.esm,FACT,0004D16F,ArcaneUniversity,FULL,0,,,Arcane University,아케인 대학,record,False,False,False,False,,
Oblivion.esm,FACT,0004CF89,BaenlinsFaction,FULL,0,,,Baenlin's Faction,배인린의 세력,record,False,False,False,False,,
Oblivion.esm,FACT,0004CE52,AnvilStables,FULL,0,,,Horse Whisperer,말 조련사,record,False,False,False,False,,
Oblivion.esm,FACT,0004CE4D,MQ16AlliesFaction,FULL,0,,,Faction for all friendlies in MQ16,MQ16의 모든 아군 세력,record,False,True,False,False,MEDIUM,MQ
Oblivion.esm,FACT,0004C05B,InnIllOmenFaction,FULL,0,,,Inn of Ill Omen,흉조의 여관,record,False,False,False,False,,
Oblivion.esm,FACT,0004B90C,NecromancerDungeon,FULL,0,,,Necromancers,네크로맨서,record,False,False,False,False,,
Oblivion.esm,FACT,0004B90B,ConjurerFaction,FULL,0,,,Conjurers,소환술사들,record,False,False,False,False,,
Oblivion.esm,FACT,0004A98C,RohssansFamily,FULL,0,,,Rohssan's Family,로산의 가족,record,False,False,False,False,,
Oblivion.esm,FACT,0004980E,ICPalaceFaction,FULL,0,,,IC Palace faction,IC 궁전 세력,record,False,True,False,False,MEDIUM,IC
Oblivion.esm,FACT,00049355,Dark02Pirates,FULL,0,,,Pirates,해적,record,False,False,False,False,,
Oblivion.esm,FACT,0004872D,OblivionCreatures,FULL,0,,,Oblivion Creatures,오블리비언 크리처,record,False,False,False,False,,
Oblivion.esm,FACT,00047C80,ArenaChampionFaction,FULL,0,,,Arena Champions,아레나 챔피언,record,False,False,False,False,,
Oblivion.esm,FACT,000477E2,JairFamily,FULL,0,,,Jair Family,자이르 가족,record,False,False,False,False,,
Oblivion.esm,FACT,000477E1,KvinchalFamily,FULL,0,,,Kvinchal Family,크빈챌 가족,record,False,False,False,False,,
Oblivion.esm,FACT,000477C7,MQ15WildlifeFaction,FULL,0,,,Nobody hates deer,사슴을 싫어하는 사람은 아무도 없다,record,False,False,False,False,,
Oblivion.esm,FACT,00047221,MQ15ImmortalFaction,FULL,0,,,Mythic Dawn immortals in the Garden,정원의 신화 여명회 불멸자,record,False,False,False,False,,
Oblivion.esm,FACT,0003EAC5,MQ06MythicDawnShrineFaction,FULL,0,,,Used for MQ06 dialogue conditions,MQ06 대화 조건에 사용됩니다.,record,False,True,False,False,MEDIUM,MQ
Oblivion.esm,FACT,0003E9A6,DremoraFaction,FULL,0,,,Kyn,킨,record,False,False,False,False,,
Oblivion.esm,FACT,0003CD27,MQ15EnemyFaction,FULL,0,,,Put the player or anyone hated in this faction,플레이어 또는 이 세력에서 싫어하는 사람을 넣기,record,False,False,False,False,,
Oblivion.esm,FACT,0003CD12,MQ15MonsterFaction,FULL,0,,,Daedra monsters in the caves,동굴에 있는 데이드라 몬스터,record,False,False,False,False,,
Oblivion.esm,FACT,0003CD11,MQ15GuardFaction,FULL,0,,,All the dremora guards and torturers,모든 드레모라 경비병과 고문관,record,False,False,False,False,,
Oblivion.esm,FACT,0003CD10,MQ15PrisonerFaction,FULL,0,,,Anyone wearing Bands of the Chosen,선택받은 자의 팔찌 착용자,record,False,False,False,False,,
Oblivion.esm,FACT,0003C259,TamikaWineryFaction,FULL,0,,,Tamika Winery Faction,타미카 양조장 세력,record,False,False,False,False,,
Oblivion.esm,FACT,00035FD1,MarauderFaction,FULL,0,,,Marauder Faction,약탈자 세력,record,False,False,False,False,,
Oblivion.esm,FACT,0003B3F6,KvatchFaction,FULL,0,,,Kvatch citizens,크바치 시민,record,False,False,False,False,,
Oblivion.esm,FACT,0003AB88,MQ13DaedraFaction,FULL,0,,,MQ13 Daedra faction,MQ13 데이드라 세력,record,False,True,False,False,MEDIUM,MQ
Oblivion.esm,FACT,0003AB39,ICWaterfrontResident,FULL,0,,,Imperial City Waterfront Resident,임페리얼 시티 부두 구역 주민,record,False,False,False,False,,
Oblivion.esm,FACT,00038BB4,RaynilFaction,FULL,0,,,Raynil Dralas Faction,레이닐 드랄라스 세력,record,False,False,False,False,,
Oblivion.esm,FACT,00033F53,VampireFaction,FULL,0,,,Vampire Faction,뱀파이어 세력,record,False,False,False,False,,
Oblivion.esm,FACT,000335B0,KnightsThornFaction,FULL,0,,,Knights of the Thorn,가시의 기사단,record,False,False,False,False,,
Oblivion.esm,FACT,000227BC,MythicDawnCGAssassin,FULL,0,,,Faction for final MD assassin in CG,최종 MD 암살자를 위한 CG 진영,record,False,True,False,False,MEDIUM,"MD, CG"
Oblivion.esm,FACT,0001CE2C,MS29AgarmirFaction,FULL,0,,,Agarmir's Faction,아가미르의 세력,record,False,False,False,False,,
Oblivion.esm,FACT,000150BC,EmperorFaction,FULL,0,,,"Emperor faction, for Uriel and Martin",유리엘과 마틴을 위한 황제 세력,record,False,False,False,False,,
Oblivion.esm,FACT,00014A20,MythicDawnCG,FULL,0,,,Mythic Dawn for CG,CG를 위한 신화여명회,record,False,True,False,False,MEDIUM,CG
Oblivion.esm,FACT,00032B94,MQ12Goblins,FULL,0,,,MQ12 Goblin Faction,MQ12 고블린 세력,record,False,True,False,False,MEDIUM,MQ
Oblivion.esm,FACT,00032B93,MQ12Undead,FULL,0,,,MQ12 Undead Faction,MQ12 언데드 세력,record,False,True,False,False,MEDIUM,MQ
Oblivion.esm,FACT,000272BF,MQ13BattleAllies,FULL,0,,,MQ13 allies faction,MQ13 동맹 세력,record,False,True,False,False,MEDIUM,MQ
Oblivion.esm,FACT,000272BE,MythicDawnPrisoner,FULL,0,,,Mythic Dawn prisoner faction,신화 여명회 포로 세력,record,False,False,False,False,,
Oblivion.esm,FACT,00026DE9,DarkWrathFaction,FULL,0,,,The Wrath of Sithis Secret Faction,시디스의 분노 비밀 세력,record,False,False,False,False,,
Oblivion.esm,FACT,00026DE8,DarkPlayer,FULL,0,,,Dark Brotherhood Player Secret Faction,다크 브라더후드 플레이어 비밀 세력,record,False,False,False,False,,
Oblivion.esm,FACT,00026AEC,BorderWatchFaction,FULL,0,,,Border Watch Resident,보더 워치 주민,record,False,False,False,False,,
Oblivion.esm,FACT,00022C9A,ArenaPlayer,FULL,0,,,Arena Player,아레나 플레이어,record,False,False,False,False,,
Oblivion.esm,FACT,00022BB8,AthramFamily,FULL,0,,,Athram Family,아트람 가족,record,False,False,False,False,,
Oblivion.esm,FACT,00022BB7,OntusVaninFaction,FULL,0,,,Ontus Vanin,온투스 바닌,record,False,False,False,False,,
Oblivion.esm,FACT,00022B6F,MarillinFamily,FULL,0,,,Marillin Family,마릴린 가문,record,False,False,False,False,,
Oblivion.esm,FACT,0001FDCA,JakbenFamily,FULL,0,,,Jakben Family,잭벤 가문,record,False,False,False,False,,
Oblivion.esm,FACT,0001FDC9,AtiusFamily,FULL,0,,,Atius Family,아티우스 가족,record,False,False,False,False,,
Oblivion.esm,FACT,0001FDC8,RajiradhsPride,FULL,0,,,Ra'jiradh's Price,라'지라드의 대가,record,False,False,False,False,,
Oblivion.esm,FACT,0001FDC7,ThamrielFaction,FULL,0,,,Thamriel's House,탬리엘의 집,record,False,False,False,False,,
Oblivion.esm,FACT,0001FC4E,Bantien,FULL,0,,,Bantien,반티엔,record,False,False,False,False,,
Oblivion.esm,FACT,0001F1A6,AdventurerFaction,FULL,0,,,Adventurer Faction,모험가 세력,record,False,False,False,False,,
Oblivion.esm,FACT,0001EE1E,BladesCG,FULL,0,,,Character gen Blades faction,캐릭터 생성 블레이드 세력,record,False,False,False,False,,
Oblivion.esm,FACT,0001ECCD,UlfgarFACTIONPeace,FULL,0,,,Ulfgar FACTION Peace,울프가르 세력 평화,record,False,False,False,False,,
Oblivion.esm,FACT,0001ECC7,DalviluFACTIONPeace,FULL,0,,,Dalvilu FACTION Peace,달빌루 세력 평화,record,False,False,False,False,,
Oblivion.esm,FACT,0001EBE2,DANamiraFaction,FULL,0,,,Namira Faction,나미라 세력,record,False,False,False,False,,
Oblivion.esm,FACT,0001E65B,ArenaSpectatorCombatants,FULL,0,,,Arena Spectator Combatants,아레나 관중 전투원,record,False,False,False,False,,
Oblivion.esm,FACT,0001D447,SuriusAfraniusHouse,FULL,0,,,Surius Afranius' House Faction,수리우스 아프라니우스의 집 세력,record,False,False,False,False,,
Oblivion.esm,FACT,0001D446,SalomonGeonettesHouse,FULL,0,,,Salomon Geonette's House Faction,살로몬 지오네트의 집 세력,record,False,False,False,False,,
Oblivion.esm,FACT,0001D444,HastrelOttusHouse,FULL,0,,,Hastrel Ottus' House Faction,하스트렐 오투스의 집 세력,record,False,False,False,False,,
Oblivion.esm,FACT,0001D443,GramangroMaradsHouse,FULL,0,,,Graman gro-Marad's House Faction,그래맨 그로-마라드의 집 세력,record,False,False,False,False,,
Oblivion.esm,FACT,0001D442,GilenNorvaloHouse,FULL,0,,,Gilen Norvalo's House Faction,길렌 노발로의 집 세력,record,False,False,False,False,,
Oblivion.esm,FACT,0001D441,TheAllSaintsInn,FULL,0,,,The All Saints Inn Faction,올 세인트 인 세력,record,False,False,False,False,,
Oblivion.esm,FACT,0001C452,Jailor,FULL,0,,,Jailors,감옥,record,False,False,False,False,,
Oblivion.esm,FACT,00017607,FathisUlesFaction,FULL,0,,,Fathis Ules Faction,파시스 울레스 세력,record,False,False,False,False,,
Oblivion.esm,FACT,00017604,JastiaSintavFaction,FULL,0,,,Jastia Sintav Faction,자스티아 신타브 세력,record,False,False,False,False,,
Oblivion.esm,FACT,00017602,KastusSintavFaction,FULL,0,,,Kastus Sintav Faction,카스투스 신타브 세력,record,False,False,False,False,,
Oblivion.esm,FACT,000175FE,RodericPierraneFaction,FULL,0,,,Roderic Pierrane Faction,로데릭 피에라네 세력,record,False,False,False,False,,
Oblivion.esm,FACT,00016329,BitandBridleFaction,FULL,0,,,IC -- Bit and Bridle,IC - 비트와 고삐,record,False,True,False,False,MEDIUM,IC
Oblivion.esm,FACT,00016239,HerminiaCinnaFaction,FULL,0,,,Herminia Cinna Faction,헤르미니아 시나 세력,record,False,False,False,False,,
Oblivion.esm,FACT,00016238,TertiusFavoniusFaction,FULL,0,,,Tertius Favonius Faction,테르티우스 파보니우스 세력,record,False,False,False,False,,
Oblivion.esm,FACT,00016237,OthrelosFaction,FULL,0,,,Othrelos Faction,오스렐로스 세력,record,False,False,False,False,,
Oblivion.esm,FACT,00016236,MarinusCatiotusFaction,FULL,0,,,Marinus Catiotus Faction,마리누스 카티오투스 세력,record,False,False,False,False,,
Oblivion.esm,FACT,00016235,IdaVlinormanFaction,FULL,0,,,Ida Vlinorman Faction,아이다 블리노만 세력,record,False,False,False,False,,
Oblivion.esm,FACT,00016234,DovynArenFaction,FULL,0,,,Dovyn Aren Faction,도빈 아렌 세력,record,False,False,False,False,,
Oblivion.esm,FACT,00016233,LutherBroadBoardingHouseFaction,FULL,0,,,Luther Broad Boarding House Faction,루터 브로드의 하숙집 세력,record,False,False,False,False,,
Oblivion.esm,FACT,00016232,SintavFamily,FULL,0,,,Sintav Family,신타브 가족,record,False,False,False,False,,
Oblivion.esm,FACT,00016231,IreneMetricFaction,FULL,0,,,Irene Metric Faction,아이린 메트릭 세력,record,False,False,False,False,,
Oblivion.esm,FACT,00016230,AdrianDecaniusFaction,FULL,0,,,Adrian Decanius Faction,아드리안 데카니우스 세력,record,False,False,False,False,,
Oblivion.esm,FACT,0001622F,DulgroShugFaction,FULL,0,,,DulgroShug Faction,둘그루슈그 세력,record,False,False,False,False,,
Oblivion.esm,FACT,0001622E,InielSintavFaction,FULL,0,,,Iniel Sintav Faction,이니엘 신타브 세력,record,False,False,False,False,,
Oblivion.esm,FACT,00015E99,ThreeBrothersFaction,FULL,0,,,IC - Three Brothers,IC - 삼형제,record,False,True,False,False,MEDIUM,IC
Oblivion.esm,FACT,00015E98,BestDefenseFaction,FULL,0,,,IC - Best Defense,IC - 최고의 방어,record,False,True,False,False,MEDIUM,IC
Oblivion.esm,FACT,0001BF67,DAVaerminaFaction,FULL,0,,,Vaermina Faction,베르미나 세력,record,False,False,False,False,,
Oblivion.esm,FACT,0001BF66,DASheogorathFaction,FULL,0,,,Sheogorath Faction,셰오고라스 세력,record,False,False,False,False,,
Oblivion.esm,FACT,0001BF65,DASanguineFaction,FULL,0,,,Sanguine Faction,생귄 세력,record,False,False,False,False,,
Oblivion.esm,FACT,0001BF64,DAPeryiteFaction,FULL,0,,,Peryite Faction,페리아이트 세력,record,False,False,False,False,,
Oblivion.esm,FACT,0001BF63,DANocturnalFaction,FULL,0,,,Nocturnal Faction,녹터널 세력,record,False,False,False,False,,
Oblivion.esm,FACT,0001BF62,DAMolagBalFaction,FULL,0,,,Molag Bal Faction,몰라그 발 세력,record,False,False,False,False,,
Oblivion.esm,FACT,0001BF61,DAMeridiaFaction,FULL,0,,,Meridia Faction,메리디아 세력,record,False,False,False,False,,
Oblivion.esm,FACT,0001BF60,DAMephalaFaction,FULL,0,,,Mephala Faction,메팔라 세력,record,False,False,False,False,,
Oblivion.esm,FACT,0001BF5F,DAMalacathFaction,FULL,0,,,Malacath Faction,말라카스 세력,record,False,False,False,False,,
Oblivion.esm,FACT,0001BF5E,DAHircineFaction,FULL,0,,,Hircine Faction,허씬 세력,record,False,False,False,False,,
Oblivion.esm,FACT,0001BF5D,DAHermaeusMoraFaction,FULL,0,,,Hermaeus Mora Faction,헤르메우스 모라 세력,record,False,False,False,False,,
Oblivion.esm,FACT,0001BF5C,DAClavicusVileFaction,FULL,0,,,Clavicus Vile Faction,클라비쿠스 바일,record,False,False,False,False,,
Oblivion.esm,FACT,0001BF5B,DABoethiaFaction,FULL,0,,,Boethia Faction,보에디아 세력,record,False,False,False,False,,
Oblivion.esm,FACT,0001BF5A,DAAzuraFaction,FULL,0,,,Azura,아주라,record,False,False,False,False,,
Oblivion.esm,FACT,000177E3,BanditFaction,FULL,0,,,Bandit Faction,도적 세력,record,False,False,False,False,,
Oblivion.esm,FACT,000152EB,MQ16DaedraFaction,FULL,0,,,Mehrunes Dagon faction,메이룬스 데이건 세력,record,False,False,False,False,,
Oblivion.esm,FACT,000146C3,MS31HatePlayer,FULL,0,,,MS31 Blackwater Brigands,MS31 블랙워터 강도단,record,False,True,False,False,MEDIUM,MS
Oblivion.esm,FACT,0000C0F2,NecromancerFaction,FULL,0,,,Necromancers Cult,네크로맨서 컬트,record,False,False,False,False,,
Oblivion.esm,FACT,0000BC67,AnvilHarborFaction,FULL,0,,,Anvil Harborside warehouse,앤빌 항구 창고,record,False,False,False,False,,
Oblivion.esm,FACT,0000A284,EnilrothFaction,FULL,0,,,Anvil - Enilroth lovers faction,앤빌 - 에닐로스 연모자들 세력,record,False,False,False,False,,
Oblivion.esm,FACT,0000A27A,SerpentsWakeFaction,FULL,0,,,Anvil - The Serpent's Wake faction,앤빌 - 독사의 각성 호 세력,record,False,False,False,False,,
Oblivion.esm,FACT,0000A279,NewheimFaction,FULL,0,,,Anvil - Newheim faction,앤빌 - 뉴하임 세력,record,False,False,False,False,,
Oblivion.esm,FACT,0000A278,JesanSextiusFaction,FULL,0,,,Anvil - Jesan Sextius faction,앤빌 - 제산 섹스티우스 세력,record,False,False,False,False,,
Oblivion.esm,FACT,0000A276,InventiusFamily,FULL,0,,,Anvil - Inventius family,앤빌 - 인벤티우스 가문,record,False,False,False,False,,
Oblivion.esm,FACT,0000A275,HeinrichOakenHullFaction,FULL,0,,,Anvil - Heinrich Oaken-Hull's house,앤빌 - 하인리히 오큰-헐의 집,record,False,False,False,False,,
Oblivion.esm,FACT,0000A274,FocsleFaction,FULL,0,,,Anvil - Foc'sle faction,앤빌 - 포크슬 세력,record,False,False,False,False,,
Oblivion.esm,FACT,0000A273,MorvaynFaction,FULL,0,,,Anvil - Morvayn's store faction,앤빌 - 모베인의 상점 세력,record,False,False,False,False,,
Oblivion.esm,FACT,0000A272,CountsArmsFaction,FULL,0,,,Anvil -- Count's Arms faction,앤빌 - 백작의 권력 세력,record,False,False,False,False,,
Oblivion.esm,FACT,0000A271,FlowingBowlFaction,FULL,0,,,Anvil Flowing Bowl,앤빌 넘치는 그릇,record,False,False,False,False,,
Oblivion.esm,FACT,0000A270,AnvilGuards,FULL,0,,,Anvil guard faction,앤빌 경비대 세력,record,False,False,False,False,,
Oblivion.esm,FACT,0000A26F,AnvilCastleFaction,FULL,0,,,Anvil castle residents,앤빌 성 주민,record,False,False,False,False,,
Oblivion.esm,FACT,0000A248,DrofahrFaction,FULL,0,,,Dro'fahr Faction,드로'파르 세력,record,False,False,False,False,,
Oblivion.esm,FACT,0000A072,LocheFaction,FULL,0,,,Bravil Loche family,브라빌 로셰 가족,record,False,False,False,False,,
Oblivion.esm,FACT,0000A071,BravilSkoomaDenFaction,FULL,0,,,Bravil Skooma Den faction,브라빌 스쿠마 소굴 세력,record,False,False,False,False,,
Oblivion.esm,FACT,0000A070,BravilGuards,FULL,0,,,Bravil guards faction,브라빌 경비대 세력,record,False,False,False,False,,
Oblivion.esm,FACT,0000A06F,BravilCastleFaction,FULL,0,,,Bravil Castle faction,브라빌 성 세력,record,False,False,False,False,,
Oblivion.esm,FACT,0000A06E,SilverhomeFaction,FULL,0,,,Bravil - Silverhome faction,브라빌 - 물 위의 은빛집 세력,record,False,False,False,False,,
Oblivion.esm,FACT,0000A06D,LonelySuitorFaction,FULL,0,,,Bravil - Lonely Suitor Lodge faction,브라빌 - 외로운 구혼자의 오두막 세력,record,False,False,False,False,,
Oblivion.esm,FACT,000097A4,AmantiusAllectusHouse,FULL,0,,,Amantius Allectus House,아만티우스 알렉투스의 집,record,False,False,False,False,,
Oblivion.esm,FACT,00009275,ICFaction,FULL,0,,,IC Citizens,IC 시민,record,False,True,False,False,MEDIUM,IC
Oblivion.esm,FACT,00009274,AnvilFaction,FULL,0,,,Anvil Citizen,앤빌 시민,record,False,False,False,False,,
Oblivion.esm,FACT,00009173,DarkBlackHand,FULL,0,,,The Black Hand,블랙 핸드,record,False,False,False,False,,
Oblivion.esm,FACT,000034BF,RiverviewFaction,FULL,0,,,Cheydinhal Riverview faction,셰이딘홀 리버뷰 세력,record,False,False,False,False,,
Oblivion.esm,FACT,000034BE,OrumFaction,FULL,0,,,Cheydinhal Orum's Gang,셰이딘홀 오룸의 갱,record,False,False,False,False,,
Oblivion.esm,FACT,000034BC,WillowBankFaction,FULL,0,,,Cheydinhal Willow Bank,셰이딘홀 버드나무 은행,record,False,False,False,False,,
Oblivion.esm,FACT,000034BB,CheydinhalCastleFaction,FULL,0,,,Cheydinhal Castle,셰이딘홀 성,record,False,False,False,False,,
Oblivion.esm,FACT,000034BA,CheydinhalFaction,FULL,0,,,Cheydinhal Citizens,셰이딘홀 시민,record,False,False,False,False,,
Oblivion.esm,FACT,000034B9,CheydinhalGuardFaction,FULL,0,,,Cheydinhal Guards,셰이딘홀 경비병들,record,False,False,False,False,,
Oblivion.esm,FACT,000034B8,CheydinhalBridgeInnFaction,FULL,0,,,Bruma Cheydinhal Bridge Inn ,브루마 셰이딘홀 다리 여관,record,False,False,False,False,,
Oblivion.esm,FACT,000034B7,NewlandsLodgeFaction,FULL,0,,,Cheydinhal Newslands Lodge,셰이딘홀 뉴랜즈 오두막,record,False,False,False,False,,
Oblivion.esm,FACT,00035EAB,OlavsTapFaction,FULL,0,,,Olav's Tap in Bruma,브루마의 올라브의 술집,record,False,False,False,False,,
Oblivion.esm,FACT,00035EA9,BrumaFaction,FULL,0,,,Bruma Citizens,브루마 시민,record,False,False,False,False,,
Oblivion.esm,FACT,00035EA0,SkingradBeggars,FULL,0,,,Skingrad Beggars,스킨그라드 성 거지,record,False,False,False,False,,
Oblivion.esm,FACT,00035E9F,LeyawiinBeggars,FULL,0,,,Leyawiin Beggars,레이야윈 거지,record,False,False,False,False,,
Oblivion.esm,FACT,00035E9E,ICBeggars,FULL,0,,,IC Beggars,IC 거지,record,False,True,False,False,MEDIUM,IC
Oblivion.esm,FACT,00035E9D,BrumaBeggars,FULL,0,,,Bruma Beggars,브루마 거지,record,False,False,False,False,,
Oblivion.esm,FACT,00035E9C,CheydinhalBeggars,FULL,0,,,Cheydinhal Peasants and Serfs,셰이딘홀 농민과 농노,record,False,False,False,False,,
Oblivion.esm,FACT,00035E9B,ChorrolBeggars,FULL,0,,,Chorrol Beggars,코롤 거지,record,False,False,False,False,,
Oblivion.esm,FACT,00035E9A,BravilBeggars,FULL,0,,,Bravil Beggars,브라빌 거지,record,False,False,False,False,,
Oblivion.esm,FACT,00035E99,Beggars,FULL,0,,,Beggars,거지,record,False,False,False,False,,
Oblivion.esm,FACT,00035E98,AnvilBeggars,FULL,0,,,Anvil Beggars,앤빌 거지들,record,False,False,False,False,,
Oblivion.esm,FACT,00035E52,RegnerFaction,FULL,0,,,Regner's house in Bruma,브루마에 있는 레그너르의 집,record,False,False,False,False,,
Oblivion.esm,FACT,00035E4C,BrolusFamilyFaction,FULL,0,,,Brolus family in Bruma,브루마의 브롤루스 가족,record,False,False,False,False,,
Oblivion.esm,FACT,00035E4A,LirrianFamilyFaction,FULL,0,,,Lirrian family in Bruma,브루마의 리리안 가족,record,False,False,False,False,,
Oblivion.esm,FACT,00035E46,HonmundFaction,FULL,0,,,Honmund's house in Bruma,브루마의 혼문드의 집,record,False,False,False,False,,
Oblivion.esm,FACT,00035E42,NordWindsFaction,FULL,0,,,Nord Winds in Bruma,브루마 안의 노드의 바람,record,False,False,False,False,,
Oblivion.esm,FACT,00035E41,JerallViewFaction,FULL,0,,,Jerall View in Bruma,브루마의 제랄 전망대 여관,record,False,False,False,False,,
Oblivion.esm,FACT,000359D0,LeyawiinNobleFaction,FULL,0,,,People who live in the Private Quarters,개인 방에 사는 사람들,record,False,False,False,False,,
Oblivion.esm,FACT,00034E70,LeyawiinGuards,FULL,0,,,Leyawiin Guard faction,레이야윈 경비대 세력,record,False,False,False,False,,
Oblivion.esm,FACT,0003486F,ImperialWatch,FULL,0,,,Imperial Watch,제국 경비병,record,False,False,False,False,,
Oblivion.esm,FACT,00033EDD,StealthTestDudes,FULL,0,,,Stealth Test Guards,은신 테스트 경비병,record,False,False,False,False,,
Oblivion.esm,FACT,000338ED,LeyawiinCastleFaction,FULL,0,,,Leyawiin Castle Faction,레이야윈 성 세력,record,False,False,False,False,,
Oblivion.esm,FACT,000338EC,LeyawiinFaction,FULL,0,,,Leyawiin Faction,레이야윈 세력,record,False,False,False,False,,
Oblivion.esm,FACT,000319C5,CropsfordFaction,FULL,0,,,Cropsford faction,크롭스포드 세력,record,False,False,False,False,,
Oblivion.esm,FACT,00031315,GoblinTribeD,FULL,0,,,Goblin Jim's tribe,고블린 짐의 부족,record,False,False,False,False,,
Oblivion.esm,FACT,0002FE36,GoblinTribeC,FULL,0,,,Wenderbek Cave tribe,웬더베크 동굴 부족,record,False,False,False,False,,
Oblivion.esm,FACT,0002D596,GoblinTribeB,FULL,0,,,Timberscar Cave tribe,수목흉터 동굴 부족,record,False,False,False,False,,
Oblivion.esm,FACT,0002D595,GoblinTribeA,FULL,0,,,Cracked Wood Hollow tribe,금간 나무 공동 부족,record,False,False,False,False,,
Oblivion.esm,FACT,000301EC,SerethiSistersFaction,FULL,0,,,Serethi sisters (Aleswell),세레티 자매 (에일즈웰),record,False,False,False,False,,
Oblivion.esm,FACT,00030017,RoxeyInnFaction,FULL,0,,,Roxey Inn faction,록시 여관 세력,record,False,False,False,False,,
Oblivion.esm,FACT,0002FF29,BlackwoodCompanyFACTION,FULL,0,,,Blackwood Company,블랙우드 컴퍼니,record,False,False,False,False,,
Oblivion.esm,FACT,0002F872,DarkBrotherhood,FULL,0,,,Dark Brotherhood,다크 브라더후드,record,False,False,False,False,,
Oblivion.esm,FACT,0002F860,AleswellFaction,FULL,0,,,Aleswell faction,에일즈웰 세력,record,False,False,False,False,,
Oblivion.esm,FACT,0002CA32,BravilFaction,FULL,0,,,Bravil Faction,브라빌 세력,record,False,False,False,False,,
Oblivion.esm,FACT,0002C816,RenrijraKrinFaction,FULL,0,,,Renrijra Krin Faction,렌리즈라 크린 세력,record,False,False,False,False,,
Oblivion.esm,FACT,0002AEFA,ClaudeMaricThugFaction,FULL,0,,,Claude Maric's Thugs,클로드 마릭의 깡패들,record,False,False,False,False,,
Oblivion.esm,FACT,0002A819,SkingradGuardFaction,FULL,0,,,Skingrad Guards,스킨그라드 경비병,record,False,False,False,False,,
Oblivion.esm,FACT,0002AB4D,UmbacanoFaction,FULL,0,,,Umbacano Faction,움바카노 세력,record,False,False,False,False,,
Oblivion.esm,FACT,000294D7,GlarthirFaction,FULL,0,,,Glarthir Faction,글라티르 세력,record,False,False,False,False,,
Oblivion.esm,FACT,000294D6,GlarthirHatesUs,FULL,0,,,People Glarthir Hates,글라티르가 싫어하는 사람들,record,False,False,False,False,,
Oblivion.esm,FACT,0002A09F,WestWealdInn,FULL,0,,,West Weald Inn (Skingrad),서부 광야 여관 (스킨그라드),record,False,False,False,False,,
Oblivion.esm,FACT,0002A09E,TwoSisters,FULL,0,,,Two Sisters Faction,두 자매 세력,record,False,False,False,False,,
Oblivion.esm,FACT,0002A09D,SurilieBrothers,FULL,0,,,Surilie Brothers Faction,서릴리 형제 세력,record,False,False,False,False,,
Oblivion.esm,FACT,0002A09C,SkingradCastleFaction,FULL,0,,,Skingrad Castle Faction,스킨그라드 성 성 세력,record,False,False,False,False,,
Oblivion.esm,FACT,0002A083,BruiantFamilyFaction,FULL,0,,,Bruiant Family Faction,브루이언트 가문 세력,record,False,False,False,False,,
Oblivion.esm,FACT,0002A082,JemaneFamilyFaction,FULL,0,,,Jemane Family Faction,저메인 가문 세력,record,False,False,False,False,,
Oblivion.esm,FACT,0002A07B,DoranFamilyFaction,FULL,0,,,DoranFamilyFaction,도란 가문 세력,record,False,False,False,False,,
Oblivion.esm,FACT,0002A07A,FrancoisMotierreQuestFaction,FULL,0,,,FrancoisMotierreQuestFaction,프랑수아 모티에르 퀘스트 세력,record,False,False,False,False,,
Oblivion.esm,FACT,00029F83,SeedNeeusFamily,FULL,0,,,Seed-Neeus Family,시드-니우스 가족,record,False,False,False,False,,
Oblivion.esm,FACT,00029F82,MythicDawn,FULL,0,,,Mythic Dawn,신화 여명회,record,False,False,False,False,,
Oblivion.esm,FACT,00029F81,LitteFamily,FULL,0,,,Litte Family,리테 가족,record,False,False,False,False,,
Oblivion.esm,FACT,00029F80,ChorrolGuardFaction,FULL,0,,,Chorrol Guard Faction,코롤 경비대 세력,record,False,False,False,False,,
Oblivion.esm,FACT,000299B9,ArenaCombatants,FULL,0,,,Arena,아레나,record,False,False,False,False,,
Oblivion.esm,FACT,00028E77,SkingradFaction,FULL,0,,,Skingrad Citizen,스킨그라드 시민,record,False,False,False,False,,
Oblivion.esm,FACT,00028E39,Dark08WhodunitGuests,FULL,0,,,The Doomed House Guests,파멸할 운명인 손님들,record,False,False,False,False,,
Oblivion.esm,FACT,00028D98,ChorrolFaction,FULL,0,,,Chorrol Citizen,코롤 시민,record,False,False,False,False,,
Oblivion.esm,FACT,00028A85,ArenaYellowTeam,FULL,0,,,Arena Yellow Team,아레나 황팀,record,False,False,False,False,,
Oblivion.esm,FACT,00027531,OdiilFamily,FULL,0,,,Odiil Family,오딜 가족,record,False,False,False,False,,
Oblivion.esm,FACT,000274AB,Blades,FULL,0,,,Blades,블레이드,record,False,False,False,False,,
Oblivion.esm,FACT,000256E4,TheBlackwoodCompany,FULL,0,,,The Blackwood Company,블랙우드 컴퍼니,record,False,False,False,False,,
Oblivion.esm,FACT,00022431,Nobility,FULL,0,,,Nobility,귀족,record,False,False,False,False,,
Oblivion.esm,FACT,0001DBCD,PlayerFaction,FULL,0,,,Player Faction,플레이어 세력,record,False,False,False,False,,
Oblivion.esm,FACT,00024164,ThievesGuild,FULL,0,,,Thieves Guild,도둑 길드,record,False,False,False,False,,
Oblivion.esm,FACT,000224D7,KvatchGuards,FULL,0,,,Kvatch Guards,크바치 경비병,record,False,False,False,False,,
Oblivion.esm,FACT,000223BC,NineDivines,FULL,0,,,Nine Divines,나인 디바인 기사단,record,False,False,False,False,,
Oblivion.esm,FACT,00022296,MagesGuild,FULL,0,,,Mages Guild,메이지 길드,record,False,False,False,False,,
Oblivion.esm,FACT,0002228F,FightersGuild,FULL,0,,,Fighters Guild,파이터 길드,record,False,False,False,False,,
Oblivion.esm,HAIR,000C4821,KhajiitWisps,FULL,0,,,Wisps,위습,record,False,False,False,False,,
Oblivion.esm,HAIR,000C4820,KhajiitEarrings,FULL,0,,,Earrings,귀걸이,record,False,False,False,False,,
Oblivion.esm,HAIR,0007B792,HighElfClassic,FULL,0,,,Oiled,기름칠,record,False,False,False,False,,
Oblivion.esm,HAIR,00069474,HighElfpony,FULL,0,,,Rogue Knot,불량배 매듭,record,False,False,False,False,,
Oblivion.esm,HAIR,00069473,WoodElfFringes,FULL,0,,,Stick Twist,막대 트위스트,record,False,False,False,False,,
Oblivion.esm,HAIR,00069472,HumanFringes,FULL,0,,,Loose-Combed,느슨하게 빗질된,record,False,False,False,False,,
Oblivion.esm,HAIR,000690C2,DarkElfFringe,FULL,0,,,Court,법정,record,False,False,False,False,,
Oblivion.esm,HAIR,000690C1,HighElfBun,FULL,0,,,Pulled Knot,풀린 매듭,record,False,False,False,False,,
Oblivion.esm,HAIR,000690C0,HighElfPeak,FULL,0,,,High Style,하이 스타일,record,False,False,False,False,,
Oblivion.esm,HAIR,000690BF,HighElfCone,FULL,0,,,Upswept,업스웻,record,False,False,False,False,,
Oblivion.esm,HAIR,000690BD,WoodElfPony,FULL,0,,,Tall Knot,키 큰 매듭,record,False,False,False,False,,
Oblivion.esm,HAIR,000690BC,WoodElfSpiky,FULL,0,,,Mane,갈기,record,False,False,False,False,,
Oblivion.esm,HAIR,000690BB,DarkElfTopknot,FULL,0,,,Quick Knot,빠른 매듭,record,False,False,False,False,,
Oblivion.esm,HAIR,00066F21,RedguardDredz,FULL,0,,,Thick Rows,두꺼운 줄,record,False,False,False,False,,
Oblivion.esm,HAIR,00066A2A,OrcUpdo,FULL,0,,,Plains Coif,평원 코이프,record,False,False,False,False,,
Oblivion.esm,HAIR,00066A29,OrcHeadband,FULL,0,,,Headband,머리띠,record,False,False,False,False,,
Oblivion.esm,HAIR,00066A28,OrcOneBraid,FULL,0,,,Flip BraidKnot,플립 브레이드 매듭,record,False,False,False,False,,
Oblivion.esm,HAIR,00066A27,OrcTwoBraids,FULL,0,,,War Braids,전쟁의 머리띠,record,False,False,False,False,,
Oblivion.esm,HAIR,000663FC,OrcBraids,FULL,0,,,Nomad Braids,유목민 브레이드,record,False,False,False,False,,
Oblivion.esm,HAIR,000653D5,KhajiitJeweled,FULL,0,,,Jeweled Headdress,보석 장식 머리 장식,record,False,False,False,False,,
Oblivion.esm,HAIR,000653D4,KhajiitMane,FULL,0,,,Mane,갈기,record,False,False,False,False,,
Oblivion.esm,HAIR,000653D3,KhajiitHeadBand,FULL,0,,,Headband,머리띠,record,False,False,False,False,,
Oblivion.esm,HAIR,000653D2,KhajiitFeathers,FULL,0,,,Feathered Headdress,깃털 머리 장식,record,False,False,False,False,,
Oblivion.esm,HAIR,000653D1,KhajiitCommon,FULL,0,,,Common,일반,record,False,False,False,False,,
Oblivion.esm,HAIR,000653D0,KhajiitDreds,FULL,0,,,Dreds,드레드,record,False,False,False,False,,
Oblivion.esm,HAIR,000653CF,KhajiitBraids,FULL,0,,,Braids,땋은 머리,record,False,False,False,False,,
Oblivion.esm,HAIR,000651D7,OrcRomantic,FULL,0,,,Untouched,손대지 않은,record,False,False,False,False,,
Oblivion.esm,HAIR,00064F36,ArgonianSpines,FULL,0,,,Spines,가시,record,False,False,False,False,,
Oblivion.esm,HAIR,00064F35,ArgonianSpikes,FULL,0,,,Spikes,가시,record,False,False,False,False,,
Oblivion.esm,HAIR,00064F34,ArgonianRidge,FULL,0,,,Dorsal Ridge,등뼈 능선,record,False,False,False,False,,
Oblivion.esm,HAIR,00064F33,ArgonianJeweledFins,FULL,0,,,Jeweled Fins,보석 장식 지느러미,record,False,False,False,False,,
Oblivion.esm,HAIR,00064F32,ArgonianFins,FULL,0,,,Fins,지느러미,record,False,False,False,False,,
Oblivion.esm,HAIR,00064F31,ArgonianDecoratedSpikes,FULL,0,,,Decorated Spikes,장식된 스파이크,record,False,False,False,False,,
Oblivion.esm,HAIR,00064C7D,ImperialBald,FULL,0,,,Thinning,얇아지는,record,False,False,False,False,,
Oblivion.esm,HAIR,0006421A,OrcPlaits,FULL,0,,,Matron Braids,매트리스 브레이드,record,False,False,False,False,,
Oblivion.esm,HAIR,00064218,OrcBun,FULL,0,,,Nomad Matron,유목민 여주인,record,False,False,False,False,,
Oblivion.esm,HAIR,00064217,OrcStubs,FULL,0,,,Coup Knots,쿠데타 매듭,record,False,False,False,False,,
Oblivion.esm,HAIR,00064216,RedguardCornrows,FULL,0,,,Ridge Rows,리지 로우,record,False,False,False,False,,
Oblivion.esm,HAIR,00064215,RedguardClassic,FULL,0,,,Frizzy,곱슬곱슬,record,False,False,False,False,,
Oblivion.esm,HAIR,00064214,DarkElfMane,FULL,0,,,Windswept,바람에 휩쓸린,record,False,False,False,False,,
Oblivion.esm,HAIR,00064213,BretonTonsure,FULL,0,,,Tonsure,톤스어,record,False,False,False,False,,
Oblivion.esm,HAIR,00064211,ImperialHeadband,FULL,0,,,Military,군사,record,False,False,False,False,,
Oblivion.esm,HAIR,00064210,RedguardCoil,FULL,0,,,Bun Twist,번 트위스트,record,False,False,False,False,,
Oblivion.esm,HAIR,0006420F,OrcTopknot,FULL,0,,,Topknot,토프노트,record,False,False,False,False,,
Oblivion.esm,HAIR,0006420E,NordBaldPony,FULL,0,,,Gathered,모인,record,False,False,False,False,,
Oblivion.esm,HAIR,0006420D,DarkElfMohawk,FULL,0,,,Ridgeback,리지백,record,False,False,False,False,,
Oblivion.esm,HAIR,0018A891,Cropped,FULL,0,,,Cropped,자른,record,False,False,False,False,,
Oblivion.esm,HAIR,00177861,Blindfold,FULL,0,,,Blindfold,눈가리개,record,False,False,False,False,,
Oblivion.esm,HAIR,000950EB,PonytailTwist,FULL,0,,,Ponytail Twist,포니테일 트위스트,record,False,False,False,False,,
Oblivion.esm,HAIR,00090475,Loose,FULL,0,,,Natural,자연,record,False,False,False,False,,
Oblivion.esm,HAIR,0003E914,DremoraHairLord,FULL,0,,,DremoraHairLord,드레모라 군주 헤어,record,False,False,False,False,,
Oblivion.esm,HAIR,0003B59C,DremoraHairB,FULL,0,,,DremoraHairB,드레모라 헤어 B,record,False,False,False,False,,
Oblivion.esm,HAIR,0003832E,dremoraHair,FULL,0,,,Dremora Hair,드레모라 헤어,record,False,False,False,False,,
Oblivion.esm,HAIR,0001DA83,ElfBraid,FULL,0,,,Wind Braids,바람의 머리띠,record,False,False,False,False,,
Oblivion.esm,HAIR,0001DA82,ElfPonytail,FULL,0,,,Windbound,바람에 휩쓸린,record,False,False,False,False,,
Oblivion.esm,HAIR,0002C4D0,Ponytail,FULL,0,,,Ponytail,포니테일,record,False,False,False,False,,
Oblivion.esm,HAIR,00027FF2,MediumLength,FULL,0,,,Loose,느슨한,record,False,False,False,False,,
Oblivion.esm,EYES,0005FA43,eyeOrdered,FULL,0,,,Order,주문,record,False,False,False,False,,
Oblivion.esm,EYES,00054BBA,EyeGoldenSaint,FULL,0,,,GoldenSaint,골든 세인트,record,False,False,False,False,,
Oblivion.esm,EYES,00054BB9,eyeDarkSeducer,FULL,0,,,DarkSeducer,다크 세듀서,record,False,False,False,False,,
Oblivion.esm,EYES,0000001A,eyeReanimate,FULL,0,,,Reanimate Eyes,눈을 되살리기,record,False,False,False,False,,
Oblivion.esm,EYES,0003E91E,eyeArgonian,FULL,0,,,Argonian,아르고니안,record,False,False,False,False,,
Oblivion.esm,EYES,000375C8,eyeKhajiit,FULL,0,,,Khajiit,카짓,record,False,False,False,False,,
Oblivion.esm,EYES,0002730A,eyeOrc,FULL,0,,,Orc,오크,record,False,False,False,False,,
Oblivion.esm,EYES,00027309,eyeGreen,FULL,0,,,Green,녹색,record,False,False,False,False,,
Oblivion.esm,EYES,00027308,eyeDefault,FULL,0,,,Blue,파란색,record,False,False,False,False,,
Oblivion.esm,EYES,00027307,eyeDarkElf,FULL,0,,,Dark Elf,다크 엘프,record,False,False,False,False,,
Oblivion.esm,EYES,00027306,eyeBrown,FULL,0,,,Brown,브라운,record,False,False,False,False,,
Oblivion.esm,RACE,0005308E,Sheogorath,FULL,0,,,Sheogorath,셰오고라스,record,False,False,False,False,,
Oblivion.esm,RACE,0001208F,GoldenSaint,FULL,0,,,Golden Saint,골든 세인트,record,False,False,False,False,,
Oblivion.esm,RACE,0001208E,DarkSeducer,FULL,0,,,Dark Seducer,다크 세듀서,record,False,False,False,False,,
Oblivion.esm,RACE,00038010,Dremora,FULL,0,,,Dremora,드레모라,record,False,False,False,False,,
Oblivion.esm,RACE,00023FE9,Argonian,FULL,0,,,Argonian,아르고니안,record,False,False,False,False,,
Oblivion.esm,RACE,00023FE9,Argonian,DESC,0,,,"This reptilian race, well-suited for the treacherous swamps of their homeland, has developed natural immunities to diseases and poisons. They can breathe water and are good at picking locks.
",그들의 고향인 예측불허의 늪에 잘 적응한 이 파충류 종족은 <RT_BlueMed>질병과 독에 선천적인 면역력</>을 갖고 있습니다. 그들은 <RT_BlueMed>물속에서 숨을 쉴 수 있고 자물쇠를 따는데 능숙</>합니다.,record,False,False,False,False,,
Oblivion.esm,RACE,000224FD,Nord,FULL,0,,,Nord,노드,record,False,False,False,False,,
Oblivion.esm,RACE,000224FD,Nord,DESC,0,,,"Citizens of Skyrim, they are a tall and fair-haired people.  Strong and hardy, Nords are famous for their resistance to cold. They are highly talented warriors.","노드(Nord).

스키림의 시민인 그들은 금발머리에 키가 큽니다. 힘세고 강인한 노드족은 추위에 대한 저항력이 강한 것으로 알려져 있습니다. 그들은 특히 전사가 되기에 적합합니다.",record,True,True,False,False,HIGH,Nord
Oblivion.esm,RACE,000224FC,Breton,FULL,0,,,Breton,브레튼,record,False,False,False,False,,
Oblivion.esm,RACE,000224FC,Breton,DESC,0,,,"In addition to their quick and perceptive grasp of spellcraft, even the humblest of Bretons can boast a resistance to magical energies. They are particularly skilled at summoning and healing magic.","브리튼(Breton).

브리튼은 마법에 대해 빠르고 예민한 습득력을 가지고 있고, 브리튼 가운데 가장 형편없는 사람조차도 마법에 대한 저항력을 자랑할 수 있습니다. 특히 브리튼은 소환과 치료의 마법에 능숙합니다.",record,True,True,False,False,HIGH,Breton
Oblivion.esm,RACE,000223C8,WoodElf,FULL,0,,,Wood Elf,우드 엘프,record,False,False,False,False,,
Oblivion.esm,RACE,000223C8,WoodElf,DESC,0,,,"The clanfolk of the Western Valenwood forests, also known as ""Bosmer."" Wood Elves are nimble and quick, making them good scouts and thieves, and there are no finer archers in all of Tamriel. Their ability to command simple creatures is well-known.","우드엘프(WoodElf).

발렌우드 서부지역의 숲속에 사는 종족인 그들은 '보스머'로도 알려져 있습니다. 우드엘프는 민첩하고 재빨라서 척후병이나 도둑이 되기에 적합합니다. 또, 탐리엘에서 그들보다 뛰어난 궁수들은 찾아볼 수 없습니다. 평범한 동물들에게 명령을 내릴 수 있는 그들의 특수한 능력은 매우 잘 알려져 있습니다.",record,True,True,False,False,HIGH,WoodElf
Oblivion.esm,RACE,000223C7,Khajiit,FULL,0,,,Khajiit,카짓,record,False,False,False,False,,
Oblivion.esm,RACE,000223C7,Khajiit,DESC,0,,,"Hailing from the province of Elsweyr, they are intelligent, quick, and agile.  They make excellent thieves due to their natural agility and unmatched acrobatics skill. All Khajiit can see in the dark.","카짓(Khajiit).

엘스웨이르 지역에서 이주해온 그들은 영리하고 빠르며, 민첩합니다. 그들은 선천적인 순발력과 빼어난 곡예 능력을 바탕으로 뛰어난 도둑이 되곤 합니다. 모든 카짓은 어둠 속에서도 볼 수 있습니다.",record,True,True,False,False,HIGH,Khajiit
Oblivion.esm,RACE,000191C1,DarkElf,FULL,0,,,Dark Elf,다크 엘프,record,False,False,False,False,,
Oblivion.esm,RACE,000191C1,DarkElf,DESC,0,,,"Also known as ""Dunmer"" in their homeland of Morrowind, the Dark Elves are noted for their skilled and balanced integration of the sword, the bow and destruction magic. They are resistant to fire and can summon an ancestral ghost for aid.
","고향인 모로윈드에서는 '던머'로도 알려져 있는 다크 엘프는 <RT_BlueMed>숙련되고 균형 잡힌 검술, 사격술, 파괴마법</>으로 잘 알려져 있습니다. 그들은 <RT_BlueMed>불에 저항력</>을 갖고 있고, 도움을 청할 수 있는 <RT_BlueMed>선조의 영혼을 소환할 수 있습니다.</>",record,False,False,False,False,,
Oblivion.esm,RACE,000191C0,Orc,FULL,0,,,Orc,오크,record,False,False,False,False,,
Oblivion.esm,RACE,000191C0,Orc,DESC,0,,,"The people of the Wrothgarian and Dragontail Mountains, Orcish armorers are prized for their craftsmanship. Orc troops in heavy armor are among the finest in the Empire, and are fearsome when using their berserker rage. ","오크(Orc).

오키쉬 금속을 제련하는 우로트가리안-드래곤테일 산맥의 사람들인 그들은 기술력으로 높이 평가 받습니다. 중무장을 입은 오크 군대는 제국 최정예부대로 꼽히며, 그들이 분노를 쏟아낼 때는 정말로 무시무시합니다.",record,True,True,False,False,HIGH,Orc
Oblivion.esm,RACE,00019204,HighElf,FULL,0,,,High Elf,하이 엘프,record,False,False,False,False,,
Oblivion.esm,RACE,00019204,HighElf,DESC,0,,,"Also known as ""Altmer"" in their homeland of Summerset Isle,  the High Elves are the most strongly gifted in the arcane arts of all the races. However, they are also somewhat vulnerable to fire, frost and shock.","하이엘프(HighElf).

그들의 고향인 서머셋 섬에서는 '알트머'로도 알려져 있는 하이엘프는 모든 종족들 중에서 신비로운 마법적인 기술들에 가장 뛰어납니다. 하지만, 그들은 화염, 냉기, 전기충격에 약합니다.",record,True,True,False,False,HIGH,HighElf
Oblivion.esm,RACE,00000D43,Redguard,FULL,0,,,Redguard,레드가드,record,False,False,False,False,,
Oblivion.esm,RACE,00000D43,Redguard,DESC,0,,,"The most naturally talented warriors in Tamriel.  In addition to their cultural affinities for many weapon and armor styles, they also have a hardy constitution and a natural resistance to disease and poison.","레드가드(Redguard).

탐리엘에서 가장 전사에 적합한, 타고난 전사들입니다. 그들은 많은 종류의 무기와 방어구에 문화적 친화력을 가지고 있는데다가, 단단한 체격과 질병과 독에 대한 선천적인 저항력을 갖고 있습니다.",record,True,True,False,False,HIGH,Redguard
Oblivion.esm,RACE,00000907,Imperial,FULL,0,,,Imperial,임페리얼,record,False,False,False,False,,
Oblivion.esm,RACE,00000907,Imperial,DESC,0,,,"Natives of the civilized, cosmopolitan province of Cyrodiil, they have proved to be shrewd diplomats and traders. They are skilled with heavy armor and in the social skills and tend to favor the warrior classes. ","임페리얼(Imperial).

문명화 되고 국제적인 시로딜의 지역주민인 그들은 흥정과 거래에 능하다고 알려져 있습니다. 그들은 중무장 기술과 사회성이 뛰어나고, 전사에 적합합니다.",record,True,True,False,False,HIGH,Imperial
Oblivion.esm,SKIL,00000044,SkillAlchemy,DESC,0,,,Create potions and gain benefits from alchemical ingredients more effectively.,포션을 제조하기 위한 성분을 효율적으로 얻을 수 있습니다.,record,False,False,False,False,,
Oblivion.esm,SKIL,00000045,SkillAlteration,DESC,0,,,"Cast spells to breathe or walk on water, open locks, shield from physical and magical damage, and alter encumbrance.","수중 호흡과 물위 걷기, 열쇠 따기, 물리적이나 마법 공격에 대한 방어장벽, 무게 변경 등의 마법을 시전합니다.",record,False,False,False,False,,
Oblivion.esm,SKIL,00000046,SkillConjuration,DESC,0,,,"Cast spells to summon otherworldly creatures, summon magical weapons and armor, and turn the undead.","이계에서 생물을 소환하고, 마법적인 무기, 방어구를 호출하거나, 언데드를 퇴치시키는 마법을 시전합니다. ",record,False,False,False,False,,
Oblivion.esm,SKIL,00000047,SkillDestruction,DESC,0,,,"Cast spells to inflict magical fire, frost, and shock damage, or reduces resistances to magic attacks.","마법적인 화염, 동결, 전격 공격마법과 마법공격에 대한 저항력을 저하시키는 마법을 시전합니다.",record,False,False,False,False,,
Oblivion.esm,SKIL,00000048,SkillIllusion,DESC,0,,,"Cast spells to charm, conceal, create light, silence, paralyze, command or affect morale or aggressiveness.","매혹, 어둠, 빛, 침묵, 마비, 정신 지배와 사기, 투쟁심고취, 명령 같은 마법을 시전합니다.",record,False,False,False,False,,
Oblivion.esm,SKIL,00000049,SkillMysticism,DESC,0,,,"Cast spells that absorb, reflect, and dispel magic, move objects, sense life, and bind souls.","흡수, 반사, 마법 해제, 물건 이동, 생물 탐색, 영혼의 속박 같은 마법을 시전합니다.",record,False,False,False,False,,
Oblivion.esm,SKIL,0000004A,SkillRestoration,DESC,0,,,"Cast spells to restore, fortify, or absorb physical and magical attributes, cure disease, and resist magical attacks.","복구, 강화, 물리적 마법적인 흡수, 질병의 치료, 마법 공격에 대한 저항 등의 마법을 시전합니다.",record,False,False,False,False,,
Oblivion.esm,SKIL,0000004B,SkillAcrobatics,DESC,0,,,Jump long distances and avoid damage when falling great distances.,높이 뛰고 높은 곳에서 낙하해도 데미지를 받지 않습니다. ,record,False,False,False,False,,
Oblivion.esm,SKIL,0000004C,SkillLightArmor,DESC,0,,,"Make more effective use of Fur, Leather, Chainmail, Mithril, Elven, and Glass armors.","Fur, Leather, Chainmail, Mithril, Elven, Glass 방어구를 효과적으로 사용할 수 있습니다. ",record,False,True,False,False,MEDIUM,"Fur, Leather, Chainmail, Mithril, Elven, Glass"
Oblivion.esm,SKIL,0000004D,SkillMarksman,DESC,0,,,Deliver more deadly ranged attacks with bow and arrow weapons.,활과 화살을 이용한 원거리 공격을 할 수 있습니다.,record,False,False,False,False,,
Oblivion.esm,SKIL,0000004E,SkillMercantile,DESC,0,,,Get better deals when buying or selling goods.,물품 매매에 유리합니다.,record,False,False,False,False,,
Oblivion.esm,SKIL,0000004F,SkillSecurity,DESC,0,,,Use lockpicks to open locked doors and containers.,락픽을 사용하여 문이나 상자를 열 수 있습니다.,record,False,False,False,False,,
Oblivion.esm,SKIL,00000050,SkillSneak,DESC,0,,,Pick pockets and move unseen and unheard by observers.,소매치기를 하거나 타인에게 들키지 않고 이동 할 수 있습니다.,record,False,False,False,False,,
Oblivion.esm,SKIL,00000051,SkillSpeechcraft,DESC,0,,,Use speech to persuade listeners to like and trust you.,"듣는 이로 하여금 당신에 대하여 좋아하고, 당신을 신뢰하고 그들을 설득시킬 수 있습니다.",record,False,False,False,False,,
Oblivion.esm,SKIL,0000003D,SkillArmorer,DESC,0,,,Maintain weapons and armor at top efficiency. Worn weapons and armor are less effective.,방어구와 무기의 상태를 유지합니다. 쓰여진 방어구와 무기는 본래의 능력을 발휘할 수 없습니다.,record,False,False,False,False,,
Oblivion.esm,SKIL,0000003E,SkillAthletics,DESC,0,,,"Run and swim faster, and regenerate lost fatigue faster.",달리거나 수영 중에서도 피로도(Fatigue)는 조금씩 복구됩니다. ,record,True,True,False,False,HIGH,Fatigue
Oblivion.esm,SKIL,0000003F,SkillBlade,DESC,0,,,Deliver the slashing and thrusting attacks of dagger and sword weapons more effectively.,단검과 칼 등을 이용한 물건을 보다 효과적으로 할 수 있습니다.,record,False,False,False,False,,
Oblivion.esm,SKIL,00000040,SkillBlock,DESC,0,,,Parry melee attacks with shields and weapons. Successful blocks reduce damage.,방패 또는 무기 등 적의 공격을 방어합니다. 성공하면 데미지가 감소합니다. ,record,False,False,False,False,,
Oblivion.esm,SKIL,00000041,SkillBlunt,DESC,0,,,Deliver the crushing blows of mace and axe weapons more effectively.,메이스와 도끼 등을 이용한 타격을 보다 효과적으로 수행할 수 있습니다. ,record,False,False,False,False,,
Oblivion.esm,SKIL,00000042,SkillHandToHand,DESC,0,,,Attack without weapons to damage and fatigue opponents.,맨손으로 적을 피해를 주고 또한 적의 피로도(Fatigue)를 저하시킵니다.,record,True,True,False,False,HIGH,Fatigue
Oblivion.esm,SKIL,00000043,SkillHeavyArmor,DESC,0,,,"Make more effective use of Iron, Steel, Dwarven, Orcish, Ebony, and Daedric armors.","Iron, Steel, Dwarven, Orcish, Ebony, Daedric 방어구를 더욱 효과적으로 사용할 수 있습니다.",record,False,True,False,False,MEDIUM,"Iron, Steel, Dwarven, Orcish, Ebony, Daedric"
Oblivion.esm,MGEF,00094008,BW08,FULL,0,,,Bound Priest Dagger,마법소환 성직자 단검,record,False,False,False,False,,
Oblivion.esm,MGEF,0007FDBB,Z019,FULL,0,,,Summon Sewn Flesh Atronach,바느질된 살점 아트로나크 소환,record,False,False,False,False,,
Oblivion.esm,MGEF,0007FDBA,Z018,FULL,0,,,Summon Stitched Flesh Atronach,기워진 살점 아트로나크 소환,record,False,False,False,False,,
Oblivion.esm,MGEF,0007FDB9,Z017,FULL,0,,,Summon Torn Flesh Atronach,찢어진 살점 아트로나크 소환,record,False,False,False,False,,
Oblivion.esm,MGEF,0007FDB8,Z016,FULL,0,,,Summon Mangled Flesh Atronach,망가진 살점 아트로나크 소환,record,False,False,False,False,,
Oblivion.esm,MGEF,0007E0AD,Z015,FULL,0,,,Summon Hunger,"소환, 헝거",record,False,False,False,False,,
Oblivion.esm,MGEF,000781B3,BW06,FULL,0,,,Bound Order Weapon 6,질서의 군대 마법소환 무기 6,record,False,False,False,False,,
Oblivion.esm,MGEF,000781B2,BW05,FULL,0,,,Bound Order Weapon 5,질서의 군대 마법소환 무기 5,record,False,False,False,False,,
Oblivion.esm,MGEF,000781B1,BW04,FULL,0,,,Bound Order Weapon 4,질서의 군대 마법소환 무기 4,record,False,False,False,False,,
Oblivion.esm,MGEF,000781B0,BW03,FULL,0,,,Bound Order Weapon 3,질서의 군대 마법소환 무기 3,record,False,False,False,False,,
Oblivion.esm,MGEF,000781AF,BW02,FULL,0,,,Bound Order Weapon 2,질서의 군대 마법소환 무기 2,record,False,False,False,False,,
Oblivion.esm,MGEF,000781AE,BW01,FULL,0,,,Bound Order Weapon 1,질서의 군대 마법소환 무기 1,record,False,False,False,False,,
Oblivion.esm,MGEF,0006D21B,BW07,FULL,0,,,Summon Staff of Sheogorath,셰오고라스의 지팡이 소환,record,False,False,False,False,,
Oblivion.esm,MGEF,000525B8,Z011,FULL,0,,,Wabba Summon,와바 소환,record,False,False,False,False,,
Oblivion.esm,MGEF,000525B7,Z010,FULL,0,,,Summon Golden Saint,골든 세인트 소환,record,False,False,False,False,,
Oblivion.esm,MGEF,000525B6,Z008,FULL,0,,,Summon Voracious Hunger,"소환, 폭식하는 헝거",record,False,False,False,False,,
Oblivion.esm,MGEF,000525B5,Z007,FULL,0,,,Summon Ravenous Hunger,"소환, 대식하는 헝거",record,False,False,False,False,,
Oblivion.esm,MGEF,000525B4,Z009,FULL,0,,,Summon Dark Seducer,다크 세듀서 소환,record,False,False,False,False,,
Oblivion.esm,MGEF,000525B3,Z006,FULL,0,,,Summon Gluttonous Hunger,"소환, 탐식하는 헝거",record,False,False,False,False,,
Oblivion.esm,MGEF,000525B1,Z014,FULL,0,,,Summon Replete Shambles,"소환, 덧대어진 샘블즈",record,False,False,False,False,,
Oblivion.esm,MGEF,000525B0,Z013,FULL,0,,,Summon Shambles,"소환, 샘블즈",record,False,False,False,False,,
Oblivion.esm,MGEF,000525AF,Z012,FULL,0,,,Summon Decrepit Shambles,"소환, 낡아빠진 샘블즈",record,False,False,False,False,,
Oblivion.esm,MGEF,0003ABF5,DARK,FULL,0,,,DO NOT USE - Darkness,사용금지: 어둠,record,False,False,False,False,,
Oblivion.esm,MGEF,0005E1D8,RALY,FULL,0,,,Rally,규합,record,False,False,False,False,,
Oblivion.esm,MGEF,0005E1D7,FRNZ,FULL,0,,,Frenzy,광분,record,False,False,False,False,,
Oblivion.esm,MGEF,0005E1D6,CHRM,FULL,0,,,Charm,매력,record,False,False,False,False,,
Oblivion.esm,MGEF,0005E1D5,CALM,FULL,0,,,Calm,고요,record,False,False,False,False,,
Oblivion.esm,MGEF,0005C021,DEMO,FULL,0,,,Demoralize,기선제압,record,False,False,False,False,,
Oblivion.esm,MGEF,000869A7,MYHL,FULL,0,,,Summon Mythic Dawn Helm,미식 던 손잡이 소환,record,False,False,False,False,,
Oblivion.esm,MGEF,0003E913,POSN,FULL,0,,,Poison Info,독물 정보,record,False,False,False,False,,
Oblivion.esm,MGEF,0003A86F,Z005,FULL,0,,,Summon Bear,Bear 소환,record,False,True,False,False,MEDIUM,Bear
Oblivion.esm,MGEF,0003A86E,Z004,FULL,0,,,Summon Flesh Atronach,Flesh Atronach 소환,record,False,True,False,False,MEDIUM,"Flesh, Atronach"
Oblivion.esm,MGEF,0003A86D,Z003,FULL,0,,,Summon Spiderling,Spiderling 소환,record,False,True,False,False,MEDIUM,Spiderling
Oblivion.esm,MGEF,0003A86C,Z002,FULL,0,,,Summon Ancestor Guardian,Ancestor Guardian 소환,record,False,True,False,False,MEDIUM,"Ancestor, Guardian"
Oblivion.esm,MGEF,0003A86B,Z001,FULL,0,,,Summon Rufio's Ghost,Rufio's Ghost 소환,record,False,True,False,False,MEDIUM,"Rufio's, Ghost"
Oblivion.esm,MGEF,0003A86A,REAN,FULL,0,,,Reanimate,소생,record,False,False,False,False,,
Oblivion.esm,MGEF,00038BB3,ZXIV,FULL,0,,,Summon Xivilai,Xivilai 소환,record,False,True,False,False,MEDIUM,Xivilai
Oblivion.esm,MGEF,00038BB2,ZWRL,FULL,0,,,Summon Gloom Wraith,Gloom Wraith 소환,record,False,True,False,False,MEDIUM,"Gloom, Wraith"
Oblivion.esm,MGEF,00038BB1,ZSPD,FULL,0,,,Summon Spider Daedra,Spider Daedra 소환,record,False,True,False,False,MEDIUM,"Spider, Daedra"
Oblivion.esm,MGEF,00038BB0,ZSKH,FULL,0,,,Summon Skeleton Hero,Skeleton Hero 소환,record,False,True,False,False,MEDIUM,"Skeleton, Hero"
Oblivion.esm,MGEF,00038BAF,ZSKC,FULL,0,,,Summon Skeleton Champion,Skeleton Champion 소환,record,False,True,False,False,MEDIUM,"Skeleton, Champion"
Oblivion.esm,MGEF,00038BAE,ZSKA,FULL,0,,,Summon Skeleton Guardian,"소환, 스켈레톤 가디언",record,False,False,False,False,,
Oblivion.esm,MGEF,00038BAD,ZHDZ,FULL,0,,,Summon Headless Zombie,Headless Zombie 소환,record,False,True,False,False,MEDIUM,"Headless, Zombie"
Oblivion.esm,MGEF,00038BAC,ZDRL,FULL,0,,,Summon Dremora Lord,Dremora Lord 소환,record,False,True,False,False,MEDIUM,"Dremora, Lord"
Oblivion.esm,MGEF,000008F2,MYTH,FULL,0,,,Summon Mythic Dawn Armor,미식 던 갑옷 소환,record,False,False,False,False,,
Oblivion.esm,MGEF,000008CC,ABHE,FULL,0,,,Absorb Health,흡수: 생명력,record,False,False,False,False,,
Oblivion.esm,MGEF,000008CD,ABSK,FULL,0,,,Absorb Skill,흡수: 스킬,record,False,False,False,False,,
Oblivion.esm,MGEF,000008D5,ABSP,FULL,0,,,Absorb Magicka,"흡수, 매지카",record,False,False,False,False,,
Oblivion.esm,MGEF,000008C9,ABAT,FULL,0,,,Absorb Attribute,"흡수, 능력치",record,False,False,False,False,,
Oblivion.esm,MGEF,000008C9,ABAT,DESC,0,,,This is the big description for Absorb Attribute.,"흡수, 능력치",record,False,False,False,False,,
Oblivion.esm,MGEF,0000091F,BABO,FULL,0,,,Bound Boots,바운드 부츠,record,False,False,False,False,,
Oblivion.esm,MGEF,000008CA,ABFA,FULL,0,,,Absorb Fatigue,흡수: 피로도,record,False,False,False,False,,
Oblivion.esm,MGEF,0000184D,BACU,FULL,0,,,Bound Cuirass,바운드 흉갑,record,False,False,False,False,,
Oblivion.esm,MGEF,0000184E,BAGA,FULL,0,,,Bound Gauntlets,바운드 장갑,record,False,False,False,False,,
Oblivion.esm,MGEF,0000184F,BAGR,FULL,0,,,Bound Greaves,바운드 각반,record,False,False,False,False,,
Oblivion.esm,MGEF,00001850,BAHE,FULL,0,,,Bound Helmet,바운드 투구,record,False,False,False,False,,
Oblivion.esm,MGEF,00001851,BASH,FULL,0,,,Bound Shield,바운드 방패,record,False,False,False,False,,
Oblivion.esm,MGEF,00001852,BRDN,FULL,0,,,Burden,무거움,record,False,False,False,False,,
Oblivion.esm,MGEF,00001853,BWAX,FULL,0,,,Bound Axe,바운드 도끼,record,False,False,False,False,,
Oblivion.esm,MGEF,00001854,BWBO,FULL,0,,,Bound Bow,바운드 활,record,False,False,False,False,,
Oblivion.esm,MGEF,00001855,BWDA,FULL,0,,,Bound Dagger,바운드 비수,record,False,False,False,False,,
Oblivion.esm,MGEF,00001856,BWMA,FULL,0,,,Bound Mace,바운드 철퇴,record,False,False,False,False,,
Oblivion.esm,MGEF,00001857,BWSW,FULL,0,,,Bound Sword,바운드 검,record,False,False,False,False,,
Oblivion.esm,MGEF,0000185C,CHML,FULL,0,,,Chameleon,카멜레온,record,False,False,False,False,,
Oblivion.esm,MGEF,0000185E,COCR,FULL,0,,,Command Creature,크리쳐 조정,record,False,False,False,False,,
Oblivion.esm,MGEF,0000185F,COHU,FULL,0,,,Command Humanoid,인간 조정,record,False,False,False,False,,
Oblivion.esm,MGEF,00001860,CUDI,FULL,0,,,Cure Disease,질병 치료,record,False,False,False,False,,
Oblivion.esm,MGEF,00001861,CUPA,FULL,0,,,Cure Paralysis,마비 치료,record,False,False,False,False,,
Oblivion.esm,MGEF,00001862,CUPO,FULL,0,,,Cure Poison,독 치료,record,False,False,False,False,,
Oblivion.esm,MGEF,00001863,DGAT,FULL,0,,,Damage Attribute,손상: 능력치,record,False,False,False,False,,
Oblivion.esm,MGEF,00001864,DGFA,FULL,0,,,Damage Fatigue,손상: 피로도,record,False,False,False,False,,
Oblivion.esm,MGEF,00001865,DGHE,FULL,0,,,Damage Health,손상: 생명력,record,False,False,False,False,,
Oblivion.esm,MGEF,00001866,DGSP,FULL,0,,,Damage Magicka,손상: 매지카,record,False,False,False,False,,
Oblivion.esm,MGEF,00001867,DIAR,FULL,0,,,Disintegrate Armor,무장 해체,record,False,False,False,False,,
Oblivion.esm,MGEF,00001868,DIWE,FULL,0,,,Disintegrate Weapon,무기 해체,record,False,False,False,False,,
Oblivion.esm,MGEF,0000186B,DRAT,FULL,0,,,Drain Attribute,감소: 능력치,record,False,False,False,False,,
Oblivion.esm,MGEF,0000186C,DRFA,FULL,0,,,Drain Fatigue,감소: 피로도,record,False,False,False,False,,
Oblivion.esm,MGEF,0000186D,DRHE,FULL,0,,,Drain Health,감소: 생명력,record,False,False,False,False,,
Oblivion.esm,MGEF,0000186E,DRSK,FULL,0,,,Drain Skill,감소: 스킬,record,False,False,False,False,,
Oblivion.esm,MGEF,0000186F,DRSP,FULL,0,,,Drain Magicka,감소: 매지카,record,False,False,False,False,,
Oblivion.esm,MGEF,00001870,DSPL,FULL,0,,,Dispel,마법 해제,record,False,False,False,False,,
Oblivion.esm,MGEF,00001871,DTCT,FULL,0,,,Detect Life,생명 탐지,record,False,False,False,False,,
Oblivion.esm,MGEF,00001872,FIDG,FULL,0,,,Fire Damage,화염 데미지,record,False,False,False,False,,
Oblivion.esm,MGEF,00001873,FISH,FULL,0,,,Fire Shield,화염 방어,record,False,False,False,False,,
Oblivion.esm,MGEF,00001875,FOAT,FULL,0,,,Fortify Attribute,강화: 능력치,record,False,False,False,False,,
Oblivion.esm,MGEF,00001876,FOFA,FULL,0,,,Fortify Fatigue,강화: 피로도,record,False,False,False,False,,
Oblivion.esm,MGEF,00001877,FOHE,FULL,0,,,Fortify Health,강화: 생명력,record,False,False,False,False,,
Oblivion.esm,MGEF,00001878,FOMM,FULL,0,,,Fortify Magicka Multiplier,강화 확대: 매지카,record,False,False,False,False,,
Oblivion.esm,MGEF,00001879,FOSK,FULL,0,,,Fortify Skill,강화: 스킬,record,False,False,False,False,,
Oblivion.esm,MGEF,0000187A,FOSP,FULL,0,,,Fortify Magicka,강화: 매지카,record,False,False,False,False,,
Oblivion.esm,MGEF,0000187B,FRDG,FULL,0,,,Frost Damage,"피해, 냉기",record,False,False,False,False,,
Oblivion.esm,MGEF,0000187C,FRSH,FULL,0,,,Frost Shield,결빙 방어,record,False,False,False,False,,
Oblivion.esm,MGEF,0000187D,FTHR,FULL,0,,,Feather,가벼움,record,False,False,False,False,,
Oblivion.esm,MGEF,00001881,INVI,FULL,0,,,Invisibility,은신,record,False,False,False,False,,
Oblivion.esm,MGEF,00001882,LGHT,FULL,0,,,Light,불빛,record,False,False,False,False,,
Oblivion.esm,MGEF,00001883,LISH,FULL,0,,,Shock Shield,쇼크 방어,record,False,False,False,False,,
Oblivion.esm,MGEF,00001884,LOCK,FULL,0,,,DO NOT USE - Lock,사용금지: 자물쇠,record,False,False,False,False,,
Oblivion.esm,MGEF,00001885,NEYE,FULL,0,,,Night-Eye,야간 투시,record,False,False,False,False,,
Oblivion.esm,MGEF,00001886,OPEN,FULL,0,,,Open,열기:,record,False,False,False,False,,
Oblivion.esm,MGEF,00001887,PARA,FULL,0,,,Paralyze,마비,record,False,False,False,False,,
Oblivion.esm,MGEF,00001889,REAT,FULL,0,,,Restore Attribute,회복: 능력치,record,False,False,False,False,,
Oblivion.esm,MGEF,0000188A,REDG,FULL,0,,,Reflect Damage,"(반사, 피해) 피해 반사",record,False,False,False,False,,
Oblivion.esm,MGEF,0000188B,REFA,FULL,0,,,Restore Fatigue,회복: 피로도,record,False,False,False,False,,
Oblivion.esm,MGEF,0000188C,REHE,FULL,0,,,Restore Health,회복: 생명력,record,False,False,False,False,,
Oblivion.esm,MGEF,0000188D,RESP,FULL,0,,,Restore Magicka,회복: 매지카,record,False,False,False,False,,
Oblivion.esm,MGEF,0000188E,RFLC,FULL,0,,,Reflect Spell,주문 반사,record,False,False,False,False,,
Oblivion.esm,MGEF,0000188F,RSDI,FULL,0,,,Resist Disease,질병 저항,record,False,False,False,False,,
Oblivion.esm,MGEF,00001890,RSFI,FULL,0,,,Resist Fire,화염 저항,record,False,False,False,False,,
Oblivion.esm,MGEF,00001891,RSFR,FULL,0,,,Resist Frost,결빙 저항,record,False,False,False,False,,
Oblivion.esm,MGEF,00001892,RSMA,FULL,0,,,Resist Magic,마법 저항,record,False,False,False,False,,
Oblivion.esm,MGEF,00001893,RSNW,FULL,0,,,Resist Normal Weapons,무기 저항,record,False,False,False,False,,
Oblivion.esm,MGEF,00001894,RSPA,FULL,0,,,Resist Paralysis,마비 저항,record,False,False,False,False,,
Oblivion.esm,MGEF,00001895,RSPO,FULL,0,,,Resist Poison,독 저항,record,False,False,False,False,,
Oblivion.esm,MGEF,00001896,RSSH,FULL,0,,,Resist Shock,쇼크 저항,record,False,False,False,False,,
Oblivion.esm,MGEF,00001899,SABS,FULL,0,,,Spell Absorption,주문 흡수,record,False,False,False,False,,
Oblivion.esm,MGEF,0000189A,SEFF,FULL,0,,,Script Effect,스크립트 효과,record,False,False,False,False,,
Oblivion.esm,MGEF,0000189B,SHDG,FULL,0,,,Shock Damage,쇼크 데미지,record,False,False,False,False,,
Oblivion.esm,MGEF,0000189C,SHLD,FULL,0,,,Shield,방어,record,False,False,False,False,,
Oblivion.esm,MGEF,0000189D,SLNC,FULL,0,,,Silence,침묵,record,False,False,False,False,,
Oblivion.esm,MGEF,0000189E,STMA,FULL,0,,,Stunted Magicka,매지카 재생 정지,record,False,False,False,False,,
Oblivion.esm,MGEF,0000189F,STRP,FULL,0,,,Soul Trap,소울 트랩,record,False,False,False,False,,
Oblivion.esm,MGEF,000018A0,SUDG,FULL,0,,,Sun Damage,태양 데미지,record,False,False,False,False,,
Oblivion.esm,MGEF,000018A1,TELE,FULL,0,,,Telekinesis,염력,record,False,False,False,False,,
Oblivion.esm,MGEF,000018A2,TURN,FULL,0,,,Turn Undead,턴 언데드,record,False,False,False,False,,
Oblivion.esm,MGEF,000018A3,VAMP,FULL,0,,,Vampirism,뱀파이어화,record,False,False,False,False,,
Oblivion.esm,MGEF,000018A4,WABR,FULL,0,,,Water Breathing,수중 호흡,record,False,False,False,False,,
Oblivion.esm,MGEF,000018A5,WAWA,FULL,0,,,Water Walking,수상 보행,record,False,False,False,False,,
Oblivion.esm,MGEF,000018A6,WKDI,FULL,0,,,Weakness to Disease,질병 취약,record,False,False,False,False,,
Oblivion.esm,MGEF,000018A7,WKFI,FULL,0,,,Weakness to Fire,화염 취약,record,False,False,False,False,,
Oblivion.esm,MGEF,000018A8,WKFR,FULL,0,,,Weakness to Frost,결빙 취약,record,False,False,False,False,,
Oblivion.esm,MGEF,000018A9,WKMA,FULL,0,,,Weakness to Magic,마법 취약,record,False,False,False,False,,
Oblivion.esm,MGEF,000018AA,WKNW,FULL,0,,,Weakness to Normal Weapons,무기 취약,record,False,False,False,False,,
Oblivion.esm,MGEF,000018AB,WKPO,FULL,0,,,Weakness to Poison,독 취약,record,False,False,False,False,,
Oblivion.esm,MGEF,000018AC,WKSH,FULL,0,,,Weakness to Shock,쇼크 취약,record,False,False,False,False,,
Oblivion.esm,MGEF,000018AD,ZCLA,FULL,0,,,Summon Clannfear,Clannfear 소환,record,False,True,False,False,MEDIUM,Clannfear
Oblivion.esm,MGEF,000018AE,ZDAE,FULL,0,,,Summon Daedroth,Daedroth 소환,record,False,True,False,False,MEDIUM,Daedroth
Oblivion.esm,MGEF,000018AF,ZDRE,FULL,0,,,Summon Dremora,Dremora 소환,record,False,True,False,False,MEDIUM,Dremora
Oblivion.esm,MGEF,000018B0,ZFIA,FULL,0,,,Summon Flame Atronach,Flame Atronach 소환,record,False,True,False,False,MEDIUM,"Flame, Atronach"
Oblivion.esm,MGEF,000018B1,ZFRA,FULL,0,,,Summon Frost Atronach,Frost Atronach 소환,record,False,True,False,False,MEDIUM,"Frost, Atronach"
Oblivion.esm,MGEF,000018B2,ZGHO,FULL,0,,,Summon Ghost,Ghost 소환,record,False,True,False,False,MEDIUM,Ghost
Oblivion.esm,MGEF,000018B4,ZLIC,FULL,0,,,Summon Lich,Lich 소환,record,False,True,False,False,MEDIUM,Lich
Oblivion.esm,MGEF,000018BA,ZSCA,FULL,0,,,Summon Scamp,Scamp 소환,record,False,True,False,False,MEDIUM,Scamp
Oblivion.esm,MGEF,000018BC,ZSKE,FULL,0,,,Summon Skeleton,Skeleton 소환,record,False,True,False,False,MEDIUM,Skeleton
Oblivion.esm,MGEF,000018BD,ZSTA,FULL,0,,,Summon Storm Atronach,Storm Atronach 소환,record,False,True,False,False,MEDIUM,"Storm, Atronach"
Oblivion.esm,MGEF,000018BF,ZWRA,FULL,0,,,Summon Faded Wraith,Faded Wraith 소환,record,False,True,False,False,MEDIUM,"Faded, Wraith"
Oblivion.esm,MGEF,000018C0,ZZOM,FULL,0,,,Summon Zombie,Zombie 소환,record,False,True,False,False,MEDIUM,Zombie
Oblivion.esm,ENCH,0007D45E,SE03DuskfangEnchant30A,FULL,0,,,Nourish Blade,검 강화,record,False,False,False,False,,
Oblivion.esm,ENCH,0007D45D,SE03DuskfangEnchant30,FULL,0,,,Nourish Blade,검 강화,record,False,False,False,False,,
Oblivion.esm,ENCH,0007D45C,SE03DuskfangEnchant25A,FULL,0,,,Nourish Blade,검 강화,record,False,False,False,False,,
Oblivion.esm,ENCH,0007D45B,SE03DuskfangEnchant25,FULL,0,,,Nourish Blade,검 강화,record,False,False,False,False,,
Oblivion.esm,ENCH,0007D45A,SE03DuskfangEnchant20A,FULL,0,,,Nourish Blade,검 강화,record,False,False,False,False,,
Oblivion.esm,ENCH,0007D459,SE03DuskfangEnchant20,FULL,0,,,Nourish Blade,검 강화,record,False,False,False,False,,
Oblivion.esm,ENCH,0007D458,SE03DuskfangEnchant15A,FULL,0,,,Nourish Blade,검 강화,record,False,False,False,False,,
Oblivion.esm,ENCH,0007D457,SE03DuskfangEnchant15,FULL,0,,,Nourish Blade,검 강화,record,False,False,False,False,,
Oblivion.esm,ENCH,0007D456,SE03DuskfangEnchant10A,FULL,0,,,Nourish Blade,검 강화,record,False,False,False,False,,
Oblivion.esm,ENCH,0007D455,SE03DuskfangEnchant10,FULL,0,,,Nourish Blade,검 강화,record,False,False,False,False,,
Oblivion.esm,ENCH,0007D454,SE03DuskfangEnchant05A,FULL,0,,,Nourish Blade,검 강화,record,False,False,False,False,,
Oblivion.esm,ENCH,0007D453,SE03DuskfangEnchant05,FULL,0,,,Nourish Blade,검 강화,record,False,False,False,False,,
Oblivion.esm,ENCH,0007D452,SE03DuskfangEnchant01A,FULL,0,,,Nourish Blade,검 강화,record,False,False,False,False,,
Oblivion.esm,ENCH,0007D451,SE03DawnfangEnchant30A,FULL,0,,,Nourish Blade,검 강화,record,False,False,False,False,,
Oblivion.esm,ENCH,0007D450,SE03DawnfangEnchant30,FULL,0,,,Nourish Blade,검 강화,record,False,False,False,False,,
Oblivion.esm,ENCH,0007D44F,SE03DawnfangEnchant25A,FULL,0,,,Nourish Blade,검 강화,record,False,False,False,False,,
Oblivion.esm,ENCH,0007D44E,SE03DawnfangEnchant20A,FULL,0,,,Nourish Blade,검 강화,record,False,False,False,False,,
Oblivion.esm,ENCH,0007D44D,SE03DawnfangEnchant25,FULL,0,,,Nourish Blade,검 강화,record,False,False,False,False,,
Oblivion.esm,ENCH,0007D44C,SE03DawnfangEnchant10A,FULL,0,,,Nourish Blade,검 강화,record,False,False,False,False,,
Oblivion.esm,ENCH,0007D44B,SE03DawnfangEnchant20,FULL,0,,,Nourish Blade,검 강화,record,False,False,False,False,,
Oblivion.esm,ENCH,0007D44A,SE03DawnfangEnchant15A,FULL,0,,,Nourish Blade,검 강화,record,False,False,False,False,,
