file,record_type,formid,editor_id,field,occurrence,quest_stage,quest_stage_occurrence,source_english,translation_korean,origin,flag_korean_english_parentheses,flag_english_remnant,flag_topic_system_candidate,flag_decode_unknown,review_priority,english_tokens
Oblivion.esm,QUST,000BF023,TG09BloodPrice,CNAM,0,90,0,I've killed someone while attempting to get the Arrow of Extrication. Murder is against the Thieves Guild code. I'll have pay the blood price for it of 1000 gold coins per person killed. I can pay Armand.,피의 대가,record,False,False,False,False,,
Oblivion.esm,QUST,000BF023,TG09BloodPrice,CNAM,1,91,0,The Gray Fox has recinded my Thieves Guild membership because I committed murder while obtaining the Arrow of Extrication. I can get back in if I pay the blood price. I can pay Armand.,그레이 폭스(Gray Fox)는 내가 해방의 화살을 손에 넣는 과정에서 살인을 했다는 이유로 나를 길드내에서 추방해버렸다. 벌금을 낸다면 다시 길드로 돌아갈 수 있다. 이는 아만드(Armand)에게 내면 될 것이다.,record,True,True,False,False,HIGH,"Gray, Fox, Armand"
Oblivion.esm,QUST,000BF023,TG09BloodPrice,CNAM,2,95,0,The bloodprice has been accepted. I am back in the Thieves Guild. My promotion ot MasterThief is now final as well. I finally got paid for the theft of the Arrow of Extrication.,피 값은 지불되었다. 나는 다시 도둑 길드(Thives Guild)로 돌아오게 되었다. 마스터 시프(MasterThief)로의 승진도 멀지 않았다. 마침내 해방의 화살을 구해온 대가를 받게 되었다.,record,True,True,False,False,HIGH,"Thives, Guild, MasterThief"
Oblivion.esm,QUST,000BF022,TG08BloodPrice,FULL,0,,,Blood Price,피의 대가(Blood Price),record,True,True,False,False,HIGH,"Blood, Price"
Oblivion.esm,QUST,000BF022,TG08BloodPrice,CNAM,0,80,0,I have murdered someone while trying to recover Savilla's Stone. I will have to pay the blood price of 1000 gold to salvage my Thieves Guild membership. I can pay Armand.,"사빌라(Savilla)의 돌을 훔치는 과정에서 살인을 저질렀다. 도둑 길드(Thives Guild)의 일원으로 남아 있기 위해서는 죽인 사람 당, 1000골드의 벌금을 내야만 한다. 아만드(Armand)에게 내면 될 것이다.",record,True,True,False,False,HIGH,"Savilla, Thives, Guild, Armand"
Oblivion.esm,QUST,000BF022,TG08BloodPrice,CNAM,1,81,0,The Gray Fox has kicked me out of the Thieves Guild for killing someone while trying to recover Savilla's Stone. I'll have to pay 1000 gold per person killed as a blood price. I can pay Armand.,"그레이 폭스(Gray Fox)는 사빌라(Savilla)의 돌을 훔치는 과정에서 벌어진 나의 살인 행각을 이유로 도둑 길드(Thives Guild)에서 나를 축출해버렸다. 죽인 사람 당, 1000골드의 벌금을 내야만 한다. 아만드(Armand)에게 내면 될 것이다.",record,True,True,False,False,HIGH,"Gray, Fox, Savilla, Thives, Guild, Armand"
Oblivion.esm,QUST,000BF022,TG08BloodPrice,CNAM,2,85,0,I have been welcomed back into the Thieves Guild after paying my blood price. I even got my fee for stealing Savilla's Stone.,"피 값으로 벌금을 낸 뒤, 나는 별 탈 없이 도둑 길드(Thives Guild)로 돌아올 수 있었다. 사빌라(Savilla)의 돌을 훔쳐오는 것조차도 벌금을 내야 했다.",record,True,True,False,False,HIGH,"Thives, Guild, Savilla"
Oblivion.esm,QUST,000BF021,TG01BloodPrice,FULL,0,,,Blood Price,피의 대가,record,False,False,False,False,,
Oblivion.esm,QUST,000BF021,TG01BloodPrice,CNAM,0,10,0,"It may have been a mistake to kill Amantius Allectus. I seem to recall Armand telling me that I couldn't kill anyone while retrieving his diary. I'll have to pay Armand a hefty fine. Unfortunately, he will only talk to me after midnight in the Garden of Dareloth.","아만티어스 알렉터스(Amantius Allectus)를 죽인 것은 실수였던 듯하다. 그의 일기장을 훔치는 동안에는 누구도 죽이지 말라 했던 기억이 난다. 아만드(Armand)에게 무거운 벌금을 내야할 것이다. 공교롭게도, 자정 이후에 다렐로쓰(Dareloth)의 정원에서만 그와 이야기 할 수 있을 것이다.",record,True,True,False,False,HIGH,"Amantius, Allectus, Armand, Dareloth"
Oblivion.esm,QUST,000BF021,TG01BloodPrice,CNAM,1,11,0,"Because Amantius Allectus died during my theft, I must pay Armand the blood price of 500 gold coins. Otherwise I will be denied membership. Unfortunately, he will only talk to me after midnight in the Garden of Dareloth.","도둑질을 하던 도중 아만티우스 알렉투스가 죽었기 때문에, 아르망에게 피의 대가로 500골드를 지불해야만 한다. 이를 거부한다면 도둑 길드의 일원이 될 수 없을 것이다. 공교롭게도, 자정 이후에 다렐로스의 정원에서만 그와 이야기 할 수 있을 것이다.",record,False,False,False,False,,
Oblivion.esm,QUST,000BF021,TG01BloodPrice,CNAM,2,15,0,"It may have been a mistake to kill Rohssan. I seem to recall Armand telling me that I couldn't kill anyone while retrieving his sword. I'll have to pay him a fine to get back into the guild. Unfortunately, he will only talk to me after midnight in the Garden of Dareloth.","로싼(Rohssan)을 죽인 것은 실수였던 듯하다. 그의 칼을 훔치는 동안에는 누구도 죽이지 말라 했던 기억이 난다. 앞으로도 도둑 길드(Thieves Guild)의 일원이기 위해서는 벌금을 내야만 한다. 공교롭게도, 자정 이후에 다렐로쓰(Dareloth)의 정원에서만 그와 이야기 할 수 있을 것이다.",record,True,True,False,False,HIGH,"Rohssan, Thieves, Guild, Dareloth"
Oblivion.esm,QUST,000BF021,TG01BloodPrice,CNAM,3,16,0,"Because Rohssan died during my theft, I must pay Armand the blood price of 500 gold coins. Otherwise I will be denied membership. Unfortunately, Armand will only talk to me after midnight in the Garden of Dareloth.","도둑질을 하던 도중 로산이 죽었기 때문에, 아르망에게 그 피의 대가로 500골드를 지불해야만 한다. 이를 거부한다면 도둑 길드의 일원이 될 수 없을 것이다. 공교롭게도, 자정 이후에 다렐로스의 정원에서만 그와 이야기 할 수 있을 것이다.",record,False,False,False,False,,
Oblivion.esm,QUST,000BF021,TG01BloodPrice,CNAM,4,18,0,"I have paid the blood price for murder while trying to get membership in the Thieves Guild. Apparently it's one of their rules that I can't kill anyone while ""on the job.""","도둑 길드의 일원이 되기 위해 벌금으로 피의 대가를 지불했다. 내 생각엔 그들의 규칙은 ""일을 벌이는 동안"" 살인을 금지하는 것인 듯하다.",record,False,False,False,False,,
Oblivion.esm,QUST,000BF020,TG07BloodPrice,FULL,0,,,Blood Price,피의 대가(Blood Price),record,True,True,False,False,HIGH,"Blood, Price"
Oblivion.esm,QUST,000BF020,TG07BloodPrice,CNAM,0,70,0,I have killed someone while trying to get Hieronymus Lex reassigned to Castle Anvil. I've been warned that I'll have to pay a blood price of 1000 gold per murder if I want to stay in the Thieves Guild. I can pay S'krivva.,"히로너머스 렉스(Hieronymus Lex)를 캐슬 엔빌(Castle Anvil)로 돌려보내는 과정에서 살인을 저질렀다. 도둑 길드(Thieves Guild)의 일원으로 남아 있고 싶다면, 살인을 저질렀을 경우 죽인 사람 당 1000골드 씩의 피값을 내야 한다고 경고 받았다. 이는 스크리바(S'krivva)에게 내면 될 것이다.",record,True,True,False,False,HIGH,"Hieronymus, Lex, Castle, Anvil, Thieves, Guild, S'krivva"
Oblivion.esm,QUST,000BF020,TG07BloodPrice,CNAM,1,71,0,S'krivva has kicked me out of the Thieves Guild because I killed someone while trying to get the letter forged and replaced. I'll have to pay the blood price of 1000 gold per murder to be let back in. I can pay S'krivva.,스크리바(S'krivva)는 위조된 편지를 바꿔치기하는 과정에서 살인을 저지른 것을 이유로 도둑 길드(Thieves Guild)에서 나를 추방했다. 다시 길드의 일원이 되기 위한 유일한 방법은 내가 죽인 사람 당 1000골드 씩의 벌금을 내는 것이다. 이는 스크리바(S'krivva)에게 내면 될 것이다.,record,True,True,False,False,HIGH,"S'krivva, Thieves, Guild, S'krivva"
Oblivion.esm,QUST,000BF020,TG07BloodPrice,CNAM,2,75,0,S'krivva has readmitted me to the Thieves Guild. Of course I had to pay the blood price first.,스크리바(S'krivva)는 다시 도둑 길드(Thieves Guild)의 일원으로 받아주었다. 물론 그 전에 내가 벌금을 물게 된 것은 당연한 일이지만.,record,True,True,False,False,HIGH,"S'krivva, Thieves, Guild"
Oblivion.esm,QUST,000BF01F,TG02BloodPrice,FULL,0,,,Blood Price,피의 대가(Blood Price),record,True,True,False,False,HIGH,"Blood, Price"
Oblivion.esm,QUST,000BF01F,TG02BloodPrice,CNAM,0,20,0,"I have slain someone while trying to recover the tax records. Armand will not be happy about this if he finds out. Murder is against the Thieves Guild rules. It will cost me 1000 gold per person slain to get back into the guild. Unfortunately, he will only talk to me after midnight in the Garden of Dareloth.","세금 장부를 훔쳐오는 도중 살인을 저질렀다. 아만드(Armand)가 이 사실을 알게 되면 화를 낼 것이다. 살인은 도둑 길드(Thieves Guild)에서 금기시 된다. 길드로 돌아가면 죽인 사람 당 1000골드를 벌금으로 내야할 것이다. 공교롭게도, 자정 이후에 다렐로쓰(Dareloth)의 정원에서만 그와 이야기 할 수 있을 것이다.",record,True,True,False,False,HIGH,"Armand, Thieves, Guild, Dareloth"
Oblivion.esm,QUST,000BF01F,TG02BloodPrice,CNAM,1,21,0,"Armand has kicked me out of the Thieves Guild for violating one of the three rules. I killed someone while attempting to recover the tax records. Blood price is 1000 gold coins for each murder. I have to pay it to get back into the guild. Unfortunately, he will only talk to me after midnight in the Garden of Dareloth.","세 가지 규칙 중 하나를 어겼다는 이유로 아만드(Armand)는 나를 도둑 길드(Thieves Guild)에서 추방시켰다. 세금 장부를 훔쳐오는 도중 살인을 저질렀다. 죽인 사람 당 1000골드를 벌금으로 내야할 것이다. 길드로 돌아가려면 벌금을 내야만 한다. 공교롭게도, 자정 이후에 다렐로쓰(Dareloth)의 정원에서만 그와 이야기 할 수 있을 것이다.",record,True,True,False,False,HIGH,"Armand, Thieves, Guild, Dareloth"
Oblivion.esm,QUST,000BF01F,TG02BloodPrice,CNAM,2,25,0,"I paid my blood price to be readmitted into the Thieves Guild. With that out of the way, Armand has promoted me to Footpad in the Thieves Guild.","길드의 일원으로 남아있기 위해 벌금을 냈다. 이와 상관없이, 아만드(Armand)는 나의 도둑 길드(Thieves Guild)내의 계급을 노상강도(Footpad)로 승진시켜 주었다.",record,True,True,False,False,HIGH,"Armand, Thieves, Guild, Footpad"
Oblivion.esm,QUST,000BF01E,TG06BloodPrice,FULL,0,,,Blood Price,피의 대가,record,False,False,False,False,,
Oblivion.esm,QUST,000BF01E,TG06BloodPrice,CNAM,0,60,0,I have killed someone while trying to the Lost Histories of Tamriel. I've been warned that I'll have to pay a blood price if I want to stay in the Thieves Guild. I can pay S'krivva.,"탐리엘의 잃어버린 역사(Lost Histories of Tamriel)라는 책을 훔치는 과정에서 살인을 저질렀다. 도둑 길드(Thieves Guild)의 일원으로 남아 있고 싶다면, 살인을 저질렀을 경우 피값을 내야 한다고 경고 받았다. 이는 스크리바(S'krivva)에게 내면 될 것이다.",record,True,True,False,False,HIGH,"Lost, Histories, of, Tamriel, Thieves, Guild, S'krivva"
Oblivion.esm,QUST,000BF01E,TG06BloodPrice,CNAM,1,61,0,S'krivva has kicked me out of the Thieves Guild for killing someone while recovering Ahdarji's ring. The only way I can get back into the guild is to pay a blood price of 1000 gold coins for each person I killed. I can pay  S'krivva.,스크리바(S'krivva)는 아다지(Ahdarji)의 반지를 훔치는 과정에서 살인을 저지른 것을 이유로 나를 도둑 길드(Thieves Guild)에서 추방했다. 다시 길드의 일원이 되기 위한 유일한 방법은 죽인 사람 당 1000골드의 벌금을 내는 것이다. 이는 스크리바(S'krivva)에게 내면 될 것이다.,record,True,True,False,False,HIGH,"S'krivva, Ahdarji, Thieves, Guild, S'krivva"
Oblivion.esm,QUST,000BF01E,TG06BloodPrice,CNAM,2,65,0,"When I paid the blood price, S'krivva restored my standing with the Thieves Guild.","벌금을 모두 내자, 스'크리바는 나를 다시 도둑 길드의 일원으로 인정해주었다.",record,False,False,False,False,,
Oblivion.esm,QUST,000BF01D,TG05BloodPrice,FULL,0,,,Blood Price,피의 대가(Blood Price),record,True,True,False,False,HIGH,"Blood, Price"
Oblivion.esm,QUST,000BF01D,TG05BloodPrice,CNAM,0,50,0,I've killed someone while trying to help the Thieves Guild break Lex's siege of the Waterfront. I'll have to pay the blood price. It's going to cost me 1000 gold for each murder. I can pay S'krivva.,"도둑 길드(Thieves Guild)가 렉스(Lex)의 선창가(Waterfront) 침공을 저지하는 것을 돕는 과정에서 살인을 저지르게 되었다. 나는 이에 해당하는 피 값을 내야만 한다. 내가 죽인 사람 당, 1000골드 씩의 벌금이 주어진다. 이건 스크리바(S'krivva)에게 내면 된다.",record,True,True,False,False,HIGH,"Thieves, Guild, Lex, Waterfront, S'krivva"
Oblivion.esm,QUST,000BF01D,TG05BloodPrice,CNAM,1,51,0,S'krivva has kicked me out of the guild until I pay the blood price for my murders. I have to pay 1000 gold for each person I killed while helping Methredhel break the siege of the Waterfront. I can pay S'krivva.,"스크리바(S'krivva)는 벌금을 낼 때까지 나를 길드에서 추방해버렸다. 메쓰레델(Methredhel)이 선창가(Waterfront) 침공을 저지하는 것을 돕는 과정에서 살인을 저질렀고, 죽인 사람 당 1000골드 씩을 내야만 한다. 이는 스크리바(S'krivva)에게 내면 된다.",record,True,True,False,False,HIGH,"S'krivva, Methredhel, Waterfront, S'krivva"
Oblivion.esm,QUST,000BF01D,TG05BloodPrice,CNAM,2,55,0,S'krivva has accepted my blood price. I have been reinstated in the Thieves Guild.,스크리바(S'krivva)에게 벌금을 냈다. 다시 도둑 길드(Thieves Guild)의 일원이 되었다.,record,True,True,False,False,HIGH,"S'krivva, Thieves, Guild"
Oblivion.esm,QUST,000BF01C,TG04BloodPrice,FULL,0,,,Blood Price,피의 대가(Blood Price),record,True,True,False,False,HIGH,"Blood, Price"
Oblivion.esm,QUST,000BF01C,TG04BloodPrice,CNAM,0,40,0,I have killed someone while trying to recover Ahdarji's ring. S'krivva is sure to find out and make me pay the blood price for it. I'll have to pay her to get back into the guild.,아다지(Ahdarji)의 반지를 훔치는 과정에서 살인을 저질렀다. 스크리바(S'krivva)가 이를 발견하고 내게 벌금을 물릴 것임에 틀림없다. 길드로 돌아가기 위해서는 그녀에게 벌금을 내야만 한다.,record,True,True,False,False,HIGH,"Ahdarji, S'krivva"
Oblivion.esm,QUST,000BF01C,TG04BloodPrice,CNAM,1,41,0,"S'krivva tells me that I must pay a blood price of 1000 gold coins for each person I killed while recovering Ahdarji's ring. Until I do, I am no longer a Thieves Guild member.","스크리바(S'krivva)가 말하기를, 아다지(Ahdarji)의 반지를 훔치는 과정에서 내가 살해한 사람 당 1000골드를 벌금으로 내야 한다고 한다. 벌금을 낼 때까지 나는 도둑 길드(Thieves Guild)의 일원일 수 없다",record,True,True,False,False,HIGH,"S'krivva, Ahdarji, Thieves, Guild"
Oblivion.esm,QUST,000BF01C,TG04BloodPrice,CNAM,2,45,0,I paid S'krivva the blood price for my killings. Recovering Ahdarji's ring cost me more than I earned.,스크리바(S'krivva)에게 내가 죽인 사람 수만큼의 벌금을 냈다. 오히려 아다지(Ahdarji)의 반지를 훔쳐온 댓가보다 물게 된 벌금이 더 컸다.,record,True,True,False,False,HIGH,"S'krivva, Ahdarji"
Oblivion.esm,QUST,000ADE3F,MQDragonArmor,FULL,0,,,Imperial Dragon Armor,임페리얼 드래곤 갑옷(Imperial Dragon Armor),record,True,True,False,False,HIGH,"Imperial, Dragon, Armor"
Oblivion.esm,QUST,000ADE3F,MQDragonArmor,CNAM,0,10,0,Chancellor Ocato has ordered a suit of Imperial Dragon armor forged for me in gratitude for the services I rendered to the Empire during the Oblivion Crisis. It will be waiting for me at the armory in the Imperial Legion Compound in two weeks.,오카토 위원장은 오블리비언 대위기 때의 제국에 대한 나의 공로를 치하하고자 임페리얼 드래곤 갑옷 한 벌을 만들도록 지시했다. 그것은 2주내 제국군 군영의 병기고에서 나를 기다리고 있게 될 것이다.,record,False,False,False,False,,
Oblivion.esm,QUST,000ADE3F,MQDragonArmor,CNAM,1,20,0,The Imperial Dragon armor ordered for me by Chancellor Ocato should be ready. I can pick it up from the armory in the Imperial Legion Compound.,오카토 위원장이 나를 위해 만든 임페리얼 드래곤 갑옷이 제국군 군영의 병기고에 준비되어 있을 것이다.,record,False,False,False,False,,
Oblivion.esm,QUST,000ADE3F,MQDragonArmor,CNAM,2,30,0,I received the Imperial Dragon armor that Chancellor Ocato had forged for me.,오카토 위원장이 나를 위해 만든 임페리얼 드래곤 갑옷을 받았다.,record,False,False,False,False,,
Oblivion.esm,QUST,00069475,MageConvSystem,FULL,0,,,Mages Conversation System,메이지 대화 시스템,record,False,False,False,False,,
Oblivion.esm,QUST,00067DBC,BladesMartinConvSystem,FULL,0,,,Martin's Conversations with the Blades,마틴의 블레이드와의 대화,record,False,False,False,False,,
Oblivion.esm,QUST,000622F8,MQInfoGeneral,FULL,0,,,MQ info general (separate for priority),MQ 정보 일반 (우선 순위 별도),record,False,True,False,False,MEDIUM,MQ
Oblivion.esm,QUST,0018D800,BladesConvSystem,FULL,0,,,Blades Dynamic Conversations,블레이드 다이내믹 대화,record,False,False,False,False,,
Oblivion.esm,QUST,0018BCBB,NQDWilderness,FULL,0,,,NQD Wilderness,NQD 황야,record,False,True,False,False,MEDIUM,NQD
Oblivion.esm,QUST,0018BA3B,TrainingSpeechcraft,FULL,0,,,Speechcraft Training,화술 훈련,record,False,False,False,False,,
Oblivion.esm,QUST,0018BA3B,TrainingSpeechcraft,CNAM,0,10,0,"If I want to learn more about Speechcraft, I need to seek out Tandilwe at the Temple of the One in the Imperial City.",화술 훈련,record,False,False,False,False,,
Oblivion.esm,QUST,0018BA3B,TrainingSpeechcraft,CNAM,1,20,0,I need to speak with every beggar in Cyrodiil before Tandilwe will agree to train me.,시로딜의 모든 거지들과 이야기 해야 탄딜위가 나를 가르쳐 줄 것이다.,record,False,False,False,False,,
Oblivion.esm,QUST,0018BA3B,TrainingSpeechcraft,CNAM,2,100,0,Tandilwe has agreed to train me in Speechcraft.,탄딜위는 나에게 화술을 가르쳐 주기로 했다.,record,False,False,False,False,,
Oblivion.esm,QUST,0018BA3B,TrainingSpeechcraft,CNAM,3,200,0,"Tandilwe has refused to ever train me, since one of the beggars has been killed.",거지 중의 한 명이 살해되었기 때문에 탄딜위는 나에게 어떠한 것도 가르쳐 줄 수 없다고 했다.,record,False,False,False,False,,
Oblivion.esm,QUST,0018BA3B,TrainingSpeechcraft,CNAM,4,255,0,Tandilwe is dead. I have lost my chance to be taught more about Speechcraft.,탄딜위가 죽었다. 화술에 대한 더 많은 것을 배울 수 있는 기회는 날아갔다.,record,False,False,False,False,,
Oblivion.esm,QUST,0018BA3A,TrainingSneak,FULL,0,,,Sneak Training,은신 훈련,record,False,False,False,False,,
Oblivion.esm,QUST,0018BA3A,TrainingSneak,CNAM,0,10,0,"For more training in Sneaking, I need to find Marana Rian in the Imperial City.",은신 훈련,record,False,False,False,False,,
Oblivion.esm,QUST,0018BA3A,TrainingSneak,CNAM,1,20,0,"In order to get Marana Rian to train me, I must steal a coin from her pocket without her noticing, and return it to her.","마레나 리안에게 배우려면, 난 그녀의 주머니에서 그녀 모르게 동전을 훔치고 그것을 다시 그녀에게 돌려주어야 한다.",record,False,False,False,False,,
Oblivion.esm,QUST,0018BA3A,TrainingSneak,CNAM,2,100,0,Marana Rian has agreed to train me in Sneaking.,마레나 리안은 나에게 은신을 가르쳐 주기로 했다.,record,False,False,False,False,,
Oblivion.esm,QUST,0018BA3A,TrainingSneak,CNAM,3,200,0,Marana Rian is dead. There's no way I can be taught more about Sneaking now.,마레나 리안이 죽었다. 이젠 은신에 대해 더 배울 길이 없어졌다.,record,False,False,False,False,,
Oblivion.esm,QUST,0018BA39,TrainingSecurity,FULL,0,,,Security Training,보안해제 훈련,record,False,False,False,False,,
Oblivion.esm,QUST,0018BA39,TrainingSecurity,CNAM,0,10,0,"I wish to learn more about Security, I need to find J'baana in the Legion Headquarters of the Imperial City.",보안해제 훈련,record,False,False,False,False,,
Oblivion.esm,QUST,0018BA39,TrainingSecurity,CNAM,1,20,0,"If I want J'baana to train me, I need to travel to Bravil and fetch a message from S'krivva.",즈'바나에게 배우기 위해서는 브라빌로 가서 스'크리바로부터 메시지를 받아와야 한다.,record,False,False,False,False,,
Oblivion.esm,QUST,0018BA39,TrainingSecurity,CNAM,2,30,0,S'krivva has given me a message for J'baana. I should deliver it to him at once.,스'크리바는 나에게 즈'바나에게 전해줄 메시지를 주었다. 이걸 즉시 그에게 갖다 주어야 한다.,record,False,False,False,False,,
Oblivion.esm,QUST,0018BA39,TrainingSecurity,CNAM,3,100,0,J'baana has agreed to help with my Security training.,즈'바나는 나의 보안해제 훈련을 도와주기로 했다.,record,False,False,False,False,,
Oblivion.esm,QUST,0018BA39,TrainingSecurity,CNAM,4,200,0,J'baana is dead. There is no way I can be taught more about Security skills now.,즈'바나가 죽었다. 이젠 보안해제에 대해 더 배울 길이 없어졌다.,record,False,False,False,False,,
Oblivion.esm,QUST,0018BA38,TrainingRestoration,FULL,0,,,Restoration Training,회복마법 훈련,record,False,False,False,False,,
Oblivion.esm,QUST,0018BA38,TrainingRestoration,CNAM,0,10,0,"If I wish to train further in Restoration, I must find Oleta at the Chapel of Akatosh in Kvatch.",회복마법 훈련,record,False,False,False,False,,
Oblivion.esm,QUST,0018BA38,TrainingRestoration,CNAM,1,20,0,I must finish saving Kvatch from the Daedra that have attacked it before Oleta will train me.,올레타에게 가르침을 받기 전에 데이드라로부터 공격받고 있는 있는 크바치를 수복해야 한다.,record,False,False,False,False,,
Oblivion.esm,QUST,0018BA38,TrainingRestoration,CNAM,2,100,0,"Oleta thanked me for helping to save Kvatch, and offered to train me in Restoration.","올레타는 크바치를 구해준 데 대하여 감사하였고, 나에게 회복마법을 가르쳐 주었다.",record,False,False,False,False,,
Oblivion.esm,QUST,0018BA38,TrainingRestoration,CNAM,3,200,0,Oleta is dead. I have no chance of being taught more about Restoration magic now.,올레타가 죽었다. 이젠 회복마법에 대하여 더 배울 기회가 없어졌다.,record,False,False,False,False,,
Oblivion.esm,QUST,0018BA37,TrainingMysticism,FULL,0,,,Mysticism Training,신비마법 훈련,record,False,False,False,False,,
Oblivion.esm,QUST,0018BA37,TrainingMysticism,CNAM,0,10,0,"If I want further Mysticism training, I need to visit Dagail at the Mages Guild in Leyawiin.",신비마법 훈련,record,False,False,False,False,,
Oblivion.esm,QUST,0018BA37,TrainingMysticism,CNAM,1,20,0,"Dagail refuses to train me until I have done more to seal the barriers between Tamriel and Oblivion. I need to find more gates to Oblivion, and close them.",다게일은 내가 탐리엘과 오블리비언 사이의 벽을 더 많이 봉인할때까지는 나를 가르쳐주는 것을 거부했다. 더 많은 오블리비언 게이트를 찾아서 닫아야 한다.,record,False,False,False,False,,
Oblivion.esm,QUST,0018BA37,TrainingMysticism,CNAM,2,100,0,Dagail has agreed to train me in the school of Mysticism magic.,다게일은 신비학파의 마법을 나에게 가르쳐 주기로 했다.,record,False,False,False,False,,
Oblivion.esm,QUST,0018BA37,TrainingMysticism,CNAM,3,200,0,Dagail is dead. I have lost my opportunity to be taught more about Mysticism magic.,다게일이 죽었다. 신비마법에 대한 더 배울 기회는 날아갔다.,record,False,False,False,False,,
Oblivion.esm,QUST,0018BA36,TrainingMercantile,FULL,0,,,Mercantile Training,상업 훈련,record,False,False,False,False,,
Oblivion.esm,QUST,0018BA36,TrainingMercantile,CNAM,0,10,0,I need to speak with Palonirya in the Imperial City if I want her help training my Mercantile skill.,상업 훈련,record,False,False,False,False,,
Oblivion.esm,QUST,0018BA36,TrainingMercantile,CNAM,1,20,0,I need to prove to Palonirya that I have what it takes to succeed in business by showing her at least ten thousand gold.,난 팔로니리아에게 10000골드 이상의 돈을 보여주어 사업에서 성공할 자질이 갖추어져 있다는 것을 증명해야 한다.,record,False,False,False,False,,
Oblivion.esm,QUST,0018BA36,TrainingMercantile,CNAM,2,100,0,Palonirya has agreed to train me.,팔로니리아는 나를 가르쳐 주기로 했다.,record,False,False,False,False,,
Oblivion.esm,QUST,0018BA36,TrainingMercantile,CNAM,3,200,0,Palonirya is dead. I cannot be taught any more to improve my Mercantile skill,팔로니리아가 죽었다. 더이상 상술을 향상시키기 위해 배울수 없게 됬다.,record,False,False,False,False,,
Oblivion.esm,QUST,0018BA35,TrainingLightArmor,FULL,0,,,Light Armor Training,경갑 훈련,record,False,False,False,False,,
Oblivion.esm,QUST,0018BA35,TrainingLightArmor,CNAM,0,10,0,"I've been told that if I want more Light Armor training, I need to talk to J'bari in Leyawiin.",경갑 훈련,record,False,False,False,False,,
Oblivion.esm,QUST,0018BA35,TrainingLightArmor,CNAM,1,20,0,I need to bring J'bari an Elven Cuirass if I want him to train me in Light Armor use.,즈'바리에게 경갑 사용법을 배우기 위해서는 그에게 엘프제 흉갑을 갖다 주어야 한다.,record,False,False,False,False,,
Oblivion.esm,QUST,0018BA35,TrainingLightArmor,CNAM,2,100,0,J'bari has agreed to help with my Light Armor training.,즈'바리는 나의 경갑 훈련을 도와주기로 했다.,record,False,False,False,False,,
Oblivion.esm,QUST,0018BA35,TrainingLightArmor,CNAM,3,200,0,J'bari is dead. I have lost my opportunity to learn more about Light Armor.,즈'바리가 죽었다. 경갑에 대해 더 배울 기회도 날아갔다.,record,False,False,False,False,,
Oblivion.esm,QUST,0018BA34,TrainingIllusion,FULL,0,,,Illusion Training,환영마법 훈련,record,False,False,False,False,,
Oblivion.esm,QUST,0018BA34,TrainingIllusion,CNAM,0,10,0,I need to speak with Martina Floria if I want further Illusion training. She can be found at the Arcane University in the Imperial City.,환영마법 훈련,record,False,False,False,False,,
Oblivion.esm,QUST,0018BA34,TrainingIllusion,CNAM,1,20,0,I need to bring ten Welkynd Stones to Martina Floria if I want her help in Illusion training.,마르티나 플로리아에게 웰킨드 스톤 열 개를 가져다 주어야 그녀가 나의 환영마법 훈련을 도와줄 것이다.,record,False,False,False,False,,
Oblivion.esm,QUST,0018BA34,TrainingIllusion,CNAM,2,100,0,Martina Floria has agreed to train me.,마르티나 플로리아는 나를 가르쳐 주기로 했다.,record,False,False,False,False,,
Oblivion.esm,QUST,0018BA34,TrainingIllusion,CNAM,3,200,0,Martina Floria is dead. It is now impossible for me to be taught more about Illusion magic.,마르티나 플로리아가 죽었다. 이제 더 이상 환영마법에 대하여 배울 수 없다.,record,False,False,False,False,,
Oblivion.esm,QUST,0018BA33,TrainingHandtoHand,FULL,0,,,Hand to Hand Training,격투술 훈련,record,False,False,False,False,,
Oblivion.esm,QUST,0018BA33,TrainingHandtoHand,CNAM,0,10,0,I need to speak with Helvius Cecia in Bruma about training hand to hand combat.,격투술 훈련,record,False,False,False,False,,
Oblivion.esm,QUST,0018BA33,TrainingHandtoHand,CNAM,1,20,0,I must prove my worthiness to Helvius Cecia before he will consider training me. He's asked that I hit him as hard as I can.,헬비우스 세시아에게 나의 가치를 증명해 보여야 그가 날 훈련시켜줄 것이다. 그는 할 수 있는 만큼 힘껏 그를 쳐보라고 하였다.,record,False,False,False,False,,
Oblivion.esm,QUST,0018BA33,TrainingHandtoHand,CNAM,2,100,0,Helvius Cecia has agreed to train me.,헬비우스 세시아는 나를 훈련시켜주기로 했다.,record,False,False,False,False,,
Oblivion.esm,QUST,0018BA33,TrainingHandtoHand,CNAM,3,200,0,Helvius Cecia is dead. I have no chance to be taught more about Hand to Hand combat now.,헬비우스 세시아가 죽었다. 격투술 기술에 대하여 더 이상 가르침을 받을 기회가 없을 것이다.,record,False,False,False,False,,
Oblivion.esm,QUST,0018BA32,TrainingConjuration,FULL,0,,,Conjuration Training,소환마법 훈련,record,False,False,False,False,,
Oblivion.esm,QUST,0018BA32,TrainingConjuration,CNAM,0,10,0,"In order to train further in Conjuration, I must find Olyn Seran, a Daedra Worshipper somewhere in the Great Forest.",소환마법 훈련,record,False,False,False,False,,
Oblivion.esm,QUST,0018BA32,TrainingConjuration,CNAM,1,20,0,Olyn Seran wants me to prove my worth before he will train me. I need to summon a Faded Wraith in his presence.,"올린 세란은 나를 가르쳐주기 전에, 내가 스스로의 가치를 입증해 보이기를 원했다. 그의 앞에서 빛바랜 망령을 소환해야 한다.",record,False,False,False,False,,
Oblivion.esm,QUST,0018BA32,TrainingConjuration,CNAM,2,100,0,"I have summoned a Faded Wraith for Olyn Seran, and he has agreed to train me.","올린 세란을 위하여 빛바랜 망령을 소환했고, 그는 나를 가르쳐 주기로 했다.",record,False,False,False,False,,
Oblivion.esm,QUST,0018BA32,TrainingConjuration,CNAM,3,200,0,Olyn Seran is dead. I have no chance to be taught more about Conjuration now.,올린 세란이 죽었다. 소환마법에 대하여 더 많은 것을 배울 기회는 날아가버렸다.,record,False,False,False,False,,
Oblivion.esm,QUST,0018BA31,TrainingBlunt,FULL,0,,,Blunt Training,둔기술 훈련,record,False,False,False,False,,
Oblivion.esm,QUST,0018BA31,TrainingBlunt,CNAM,0,10,0,I need to find Irene Metric in the Imperial City if I want her help in Blunt weapon training.,둔기(Blunt) 훈련에 도움을 받기 위해서는 임페리얼시티의 아이린 메트릭(Irene Metrick)을 찾아봐야 한다.,record,True,True,False,False,HIGH,"Blunt, Irene, Metrick"
Oblivion.esm,QUST,0018BA31,TrainingBlunt,CNAM,1,20,0,Irene Metrick has told me I need to kill more people before she'll consider helping me train.,아이린 메트릭은 내가 더 많은 사람을 죽여야만 내 훈련을 도와줄 것이라고 했다.,record,False,False,False,False,,
Oblivion.esm,QUST,0018BA31,TrainingBlunt,CNAM,2,100,0,Irene Metrick has agreed to help train me in the use of Blunt weapons.,아이린 메트릭은 나의 둔기술 훈련에 도움을 주기로 했다.,record,False,False,False,False,,
Oblivion.esm,QUST,0018BA31,TrainingBlunt,CNAM,3,200,0,Irene Metric is dead. My opportunity to learn more from her about Blunt Weapons has ended.,아이린 메트릭(Irene Metrick)이 죽었다. 그녀에게 둔기(Blunt) 훈련을 배울 기회는 더 이상 없다.,record,True,True,False,False,HIGH,"Irene, Metrick, Blunt"
Oblivion.esm,QUST,0018BA30,TrainingBlock,FULL,0,,,Block Training,방어술 훈련,record,False,False,False,False,,
Oblivion.esm,QUST,0018BA30,TrainingBlock,CNAM,0,10,0,"If I want more training to improve my Block skill, I need to find Andragil, who lives in Bravil.",방어술 훈련,record,False,False,False,False,,
Oblivion.esm,QUST,0018BA30,TrainingBlock,CNAM,1,20,0,I need to demonstrate to Andragil that I can block her attacks. I'll need to prepare as well as I can.,안드라길에게 내가 공격을 방어할 수 있다는 걸 보여줘야 한다. 최대한 준비할 필요가 있다.,record,False,False,False,False,,
Oblivion.esm,QUST,0018BA30,TrainingBlock,CNAM,2,100,0,Andragil has agreed to help me train.,안드라길은 나의 훈련을 도와주기로 했다.,record,False,False,False,False,,
Oblivion.esm,QUST,0018BA30,TrainingBlock,CNAM,3,200,0,Andragil is dead. I can be taught no more to improve my Block skill.,안드라길이 죽었다. 더 이상 방어술을 향상시킬 수 있는 훈련을 받을 수 없다.,record,False,False,False,False,,
Oblivion.esm,QUST,0018BA2F,TrainingBlade,FULL,0,,,Blade Training,검술 훈련,record,False,False,False,False,,
Oblivion.esm,QUST,0018BA2F,TrainingBlade,CNAM,0,10,0,I need to find Alix Lencolia if I want more training in the use of Blades. It's been suggested that he's at Faregyl Inn; I should look for him there.,검술 훈련,record,False,False,False,False,,
Oblivion.esm,QUST,0018BA2F,TrainingBlade,CNAM,1,20,0,"Alix Lencolia has refused to train me, saying that he's never heard of me. I'll need to make a name for myself, one way or the other, before he'll offer his services.","알릭스 렌콜리아는 나에 대해 들어본 적이 없다며, 나를 가르치기를 거부하였다. 어떻게든 스스로의 힘으로 좀 유명해져야만 그가 가르침을 줄 것이다.",record,False,False,False,False,,
Oblivion.esm,QUST,0018BA2F,TrainingBlade,CNAM,2,100,0,"Alix Lencolia has said he's heard of me, and so has offered to train me in the use of Blades.","알릭스 렌콜리아는 내 이름을 들어본적이 있다며, 검술을 나에게 가르쳐 주었다.",record,False,False,False,False,,
Oblivion.esm,QUST,0018BA2F,TrainingBlade,CNAM,3,200,0,Alix Lencolia is no more. I can be taught nothing more about my skill with Blades now.,알릭스 렌콜리아는 더 이상 존재하지 않는다. 검술에 대하여 더 이상 아무 것도 배울 수 없다.,record,False,False,False,False,,
Oblivion.esm,QUST,0018BA2E,TrainingAthletics,FULL,0,,,Athletics Training,운동능력 훈련,record,False,False,False,False,,
Oblivion.esm,QUST,0018BA2E,TrainingAthletics,CNAM,0,10,0,"If I want to learn more about Athletics, I should find Rusia Bradus in Anvil.",운동능력 훈련,record,False,False,False,False,,
Oblivion.esm,QUST,0018BA2E,TrainingAthletics,CNAM,1,20,0,Rusia Bradus says I need to see more of the world for myself. I need to explore Cyrodiil and discover more places on my own before she will train me.,루시아 브라두스는 스스로의 힘으로 더 많은 세상을 볼 필요가 있다고 한다. 내가 시로딜을 탐험하고 스스로 더 많은 장소를 발견해야 그녀가 나를 가르쳐줄 것이다.,record,False,False,False,False,,
Oblivion.esm,QUST,0018BA2E,TrainingAthletics,CNAM,2,100,0,Rusia Bradus has agreed to train me in Athletics.,루시아 브라두스는 나에게 운동능력 기술을 가르쳐 주기로 했다.,record,False,False,False,False,,
Oblivion.esm,QUST,0018BA2E,TrainingAthletics,CNAM,3,200,0,"Rusia Bradus has died, along with my chances of learning more about Athletics.",루시아 브라두스는 죽었고 운동능력 기술을 더 배울 수 있는 기회도 날아갔다.,record,False,False,False,False,,
Oblivion.esm,QUST,0018BA2D,TrainingArmorer,FULL,0,,,Armorer Training,대장술 훈련,record,False,False,False,False,,
Oblivion.esm,QUST,0018BA2D,TrainingArmorer,CNAM,0,10,0,"To train further in my Armorer study, I must speak with Gin-Wulm in the Imperial City's Market District.",대장술 훈련,record,False,False,False,False,,
Oblivion.esm,QUST,0018BA2D,TrainingArmorer,CNAM,1,20,0,"I must find the answer to Gin-Wulm's question: ""What does the name Hazadir mean to you?"" He hinted that a book in the shop First Edition may have the answer.","""하자디르라는 이름은 너에게 무엇을 의미하는가?"" 라는 긴-울름의 질문에 대한 답을 찾아야만 한다. 그는 초판본 서점의 책에서 해답을 찾을 수 있을 거라는 힌트를 주었다.",record,False,False,False,False,,
Oblivion.esm,QUST,0018BA2D,TrainingArmorer,CNAM,2,100,0,"I have answered Gin-Wulm's question, and he has agreed to train me.","긴-울름에 질문에 답했고, 그는 나를 가르치는 것에 동의했다.",record,False,False,False,False,,
Oblivion.esm,QUST,0018BA2D,TrainingArmorer,CNAM,3,200,0,Gin-Wulm is dead. I can receive no further training in my Armorer skill.,긴-울름은 죽었다. 대장술에 대하여 더 이상 배우지 못한다.,record,False,False,False,False,,
Oblivion.esm,QUST,0018BA2C,TrainingAlteration,FULL,0,,,Alteration Training,변화마법 훈련,record,False,False,False,False,,
Oblivion.esm,QUST,0018BA2C,TrainingAlteration,CNAM,0,10,0,"To learn more about Alteration, I must find Tooth-in-the-Sea, who lives north of Bravil, near Niben Bay.",변화마법 훈련,record,False,False,False,False,,
Oblivion.esm,QUST,0018BA2C,TrainingAlteration,CNAM,1,20,0,Tooth-in-the-Sea has told me I must prove myself; I need to meet him out in Niben Bay during the day.,투스-인-더-씨는 나 자신의 역량을 드러내야 한다고 말했다. 나는 니벤 만에서 하루종일 그를 만나야 한다.,record,False,False,False,False,,
Oblivion.esm,QUST,0018BA2C,TrainingAlteration,CNAM,2,30,0,I must remain with Tooth-in-the-Sea for three consecutive hours if I am to prove myself worthy of his training.,"그에게 훈련 받은 가치가 있다는 것을 증명하려면, 투스-인-더-씨와 세시간동안 계속 함께 있어야 한다.",record,False,False,False,False,,
Oblivion.esm,QUST,0018BA2C,TrainingAlteration,CNAM,3,100,0,Tooth-in-the-Sea has agreed to teach me what he knows about Alteration magic.,투스-인-더-씨는 그가 변화마법에 대하여 알고 있는 바를 가르쳐 주기로 했다.,record,False,False,False,False,,
Oblivion.esm,QUST,0018BA2C,TrainingAlteration,CNAM,4,200,0,"Tooth-in-the-Sea is dead, making it impossible to further my training in the skill of Alteration.",투스-인-더-씨가 죽었기 때문에 그에게 더이상 변화마법을 배울 수 없다.,record,False,False,False,False,,
Oblivion.esm,QUST,0018BA2B,TrainingAcrobatics,FULL,0,,,Acrobatics Training,곡예 훈련,record,False,False,False,False,,
Oblivion.esm,QUST,0018BA2B,TrainingAcrobatics,CNAM,0,10,0,"For further training in Acrobatics, I need to search the mountains in the northeast of Cyrodiil for Aerin's Camp.",곡예 훈련,record,False,False,False,False,,
Oblivion.esm,QUST,0018BA2B,TrainingAcrobatics,CNAM,1,100,0,Torbern has agreed to train me in Acrobatics in Aerin's absence.,에린이 없었기 때문에 토르베른이 나에게 곡예 기술을 가르쳐 주기로 했다.,record,False,False,False,False,,
Oblivion.esm,QUST,0018BA2A,TrainingAlchemy,FULL,0,,,Alchemy Training,연금술 훈련,record,False,False,False,False,,
Oblivion.esm,QUST,0018BA2A,TrainingAlchemy,CNAM,0,10,0,I need to seek out Sinderion in Skingrad if I wish to learn more about Alchemy.,연금술 훈련,record,False,False,False,False,,
Oblivion.esm,QUST,0018BA2A,TrainingAlchemy,CNAM,1,20,0,"Sinderion has asked that I bring him a bottle of Tamika's Vintage 399 wine, and a bottle of Surilie Brother's Vintage 399 wine. I should acquire them so that he will agree to train me.",신데리온은 타미카의 399년산 포도주와 셔릴리 수사의 399년산 포도주를 가져오라고 했다. 그에게 훈련 받으려면 그것들을 구해야 한다.,record,False,False,False,False,,
Oblivion.esm,QUST,0018BA2A,TrainingAlchemy,CNAM,2,100,0,"I have completed Sinderion's task, and he has agreed to train me in Alchemy.","신데리온이 시킨 일을 모두 완수했고, 그는 나에게 연금술을 가르쳐 주기로 했다.",record,False,False,False,False,,
Oblivion.esm,QUST,0018BA2A,TrainingAlchemy,CNAM,3,200,0,Sinderion is dead. It will be impossible for me to receive further Alchemy training.,신데리온이 죽었다. 그에게 연금술을 더 배울 수 없게 되었다.,record,False,False,False,False,,
Oblivion.esm,QUST,0018B2F9,TrainingHeavyArmor,FULL,0,,,Heavy Armor Training,중갑 훈련,record,False,False,False,False,,
Oblivion.esm,QUST,0018B2F9,TrainingHeavyArmor,CNAM,0,10,0,"I've been told that if I want additional training in the use of Heavy Armor, I need to find a man named Pranal, who was last seen at the Roxey Inn.",중갑 훈련,record,False,False,False,False,,
Oblivion.esm,QUST,0018B2F9,TrainingHeavyArmor,CNAM,1,20,0,"Pranal has asked me to buy a gift for Malene, the owner of the Roxey Inn. I need to find a silver pitcher and four silver glasses and bring them to him.",프라날은 록시 여관의 주인인 말린에게 줄 선물을 사줄 것을 요청했다. 은 주전자 하나와 은잔 네 개를 찾아서 그에게 가져다 주어야 한다.,record,False,False,False,False,,
Oblivion.esm,QUST,0018B2F9,TrainingHeavyArmor,CNAM,2,30,0,I need to give Malene the silver pitcher and four silver glasses as a gift.,말린에게 은 주전자와 네 개의 은잔을 선물로 주어야 한다.,record,False,False,False,False,,
Oblivion.esm,QUST,0018B2F9,TrainingHeavyArmor,CNAM,3,40,0,I should tell Pranal that I've given Malene the gift he wanted her to have.,말린에게 주라고 한 선물을 모두 주었다고 프라날에게 말해야 한다.,record,False,False,False,False,,
Oblivion.esm,QUST,0018B2F9,TrainingHeavyArmor,CNAM,4,100,0,"I've done all that Pranal has asked of me, and he has agreed to teach me what he knows about Heavy Armor.",프라날이 시킨 일을 모두 끝냈고 그는 나에게 중갑에 대하여 아는 것을 가르쳐 주기로 했다.,record,False,False,False,False,,
Oblivion.esm,QUST,0018B2F9,TrainingHeavyArmor,CNAM,5,200,0,"Pranal has died, which means I cannot be taught more about Heavy Armor.","프라날은 죽었고, 그것은 중갑에 대하여 더 이상 배울 수 없다는 뜻이다.",record,False,False,False,False,,
Oblivion.esm,QUST,0018B197,TrainingDestruction,FULL,0,,,Destruction Training,파괴마법 훈련,record,False,False,False,False,,
Oblivion.esm,QUST,0018B197,TrainingDestruction,CNAM,0,10,0,I must seek out Bralsa Andaren if I wish to learn more about Destruction magic.,파괴마법 훈련,record,False,False,False,False,,
Oblivion.esm,QUST,0018B197,TrainingDestruction,CNAM,1,20,0,I must bring 20 bear pelts to Bralsa Andaren so that she will agree to teach me what she knows about Destruction magic.,내가 20개의 곰 가죽을 가져다 주어야 브랄사 안다렌이 나에게 파괴마법을 가르쳐줄 것이다.,record,False,False,False,False,,
Oblivion.esm,QUST,0018B197,TrainingDestruction,CNAM,2,100,0,"I have met Bralsa Andaren's demands, and she has agreed to teach me what she knows.","브랄사 안다렌의 요구를 들어주었고, 알고 있는 지식을 내게 가르쳐 주기로 했다.",record,False,False,False,False,,
Oblivion.esm,QUST,0018B197,TrainingDestruction,CNAM,3,200,0,Bralsa Andaren is dead. I can no longer be taught more about Destruction.,브롤사 앤다른이 죽었다. 난 파괴마법에 대하여 더 이상 배울 수 없다.,record,False,False,False,False,,
Oblivion.esm,QUST,00185FEF,SQ10,FULL,0,,,When the Vow Breaks,맹약이 깨어졌을 때(When the Vow Breaks),record,True,True,False,False,HIGH,"When, the, Vow, Breaks"
Oblivion.esm,QUST,00185FEF,SQ10,CNAM,0,10,0,"I've come across an unusual mace named Rockshatter on the body of a Nord. The mace has a worn inscription on the haft reading ""To Maeva and Bjalfi in honor of your union."" I should hang onto this weapon, as I'm sure Maeva will want to know her late husband's fate.","난 우연히 노드족(Nord)의 몸에서 락 쉐터(Rockshatter)라고 하는 희귀한 철퇴를 발견했다. 철퇴의 손잡이에는 희미한 글씨로 ""메바와 열피에게 결혼을 축하하며(To Maeva and Bjalfi in honor of your union)"" 라고 새겨져 있다. 메바(Maeva)가 전 남편의 죽음에 대하여 알고 싶어 할 것이므로, 이 무기를 조사해 봐야 한다.",record,True,True,False,False,HIGH,"Nord, Rockshatter, To, Maeva, and, Bjalfi, in, honor, of, your, union, Maeva"
Oblivion.esm,QUST,00185FEF,SQ10,CNAM,1,20,0,"I've been asked by Maeva the Buxom at Whitmond Farm outside Anvil to help her recover a family heirloom her husband stole when he left her. The mace is named Rockshatter. Her husband, Bjalfi the Contemptible, was last seen heading for the ruins of Fort Strand to join the Marauder Gang there.",엔빌 바깥에 있는 위트먼드 농장(Whitmond Farm)의 풍만한 메바(Maeva the Buxom)는 남편이 떠날 때 훔친 가보를 찾아줄 것을 부탁하였다. 그 철퇴의 이름은 락 쉐터(Rockshatter)이다. 그녀의 남편인 비열한 열핀(Bjalfi the Contemptible)은 마로더 갱(Marauder Gang)에 가입하기 위해 스트랜드 요새의 폐허(ruins of Fort Strand)로 가는 것이 목격되었다고 한다.,record,True,True,False,False,HIGH,"Whitmond, Farm, Maeva, the, Buxom, Rockshatter, Bjalfi, the, Contemptible, Marauder, Gang, ruins"
Oblivion.esm,QUST,00185FEF,SQ10,CNAM,2,30,0,"I've found Bjalfi the Contemptible inside Fort Strand, with Rockshatter still in his possession. I should take the weapon back to Maeva and tell her of her late husband's fate.","스트랜드 요새(Fort Strand)에서 비열한 열핀(Bjalfi the Contemptible)을 찾았고, 락 쉐터(Rockshatter)를 가지고 있었다. 이 무기를 메바(Maeva)에게 가져다 주고 전 남편의 죽음을 말해주어야 한다.",record,True,True,False,False,HIGH,"Fort, Strand, Bjalfi, the, Contemptible, Rockshatter, Maeva"
Oblivion.esm,QUST,00185FEF,SQ10,CNAM,3,100,0,I've returned Rockshatter to Maeva. She was pleased and rewarded me with a small parcel of gold.,"락 쉐터(Rockshatter)를 메바(Maeva)에게 돌려주었다. 그녀는 기뻐했고, 작은 돈 꾸러미를 보상으로 주었다.",record,True,True,False,False,HIGH,"Rockshatter, Maeva"
Oblivion.esm,QUST,00185FEF,SQ10,CNAM,4,200,0,"With Maeva's death, it's impossible to complete this quest.",메바(Maeva)가 죽었기에 퀘스트 완수가 불가능해졌다.,record,True,True,False,False,HIGH,Maeva
Oblivion.esm,QUST,00185FEE,SQ09,FULL,0,,,Go Fish,고기 잡으러 가자,record,False,False,False,False,,
Oblivion.esm,QUST,00185FEE,SQ09,CNAM,0,10,0,"Aelwin Merowald at the Weye Settlement southwest of the Imperial City is looking to acquire 12 Rumare Slaughterfish Scales to sell to a customer. He's asked me to do the legwork, as he's getting quite old and can't handle the difficult task. The Rumare slaughterfish is a special breed of slaughterfish that can only be found in Lake Rumare, directly north of Weye.","임페리얼시티의 남서쪽에 위치한 웨이마을(Weye Settlement)의 에일윈 메로왈드(Aelwin Merowald)는 고객에게 팔기 위해 12개의 루메어 슬로터피쉬의 비늘(Rumare Slaughterfish Scales)을 구하고 있었다. 그는 매우 늙어 어려울 일을 할 수 없었기에 내가 그 일을 해주기를 부탁하였다. 루메어 슬로터피쉬(Rumare slaughterfish)는 슬로터피쉬(slaughterfish)의 희귀종이며, 웨이(Weye) 북쪽에 있는 루메어(Rumare) 호수에서만 발견된다고 한다.",record,True,True,False,False,HIGH,"Weye, Settlement, Aelwin, Merowald, Rumare, Slaughterfish, Scales, Rumare, slaughterfish, slaughterfish, Weye, Rumare"
Oblivion.esm,QUST,00185FEE,SQ09,CNAM,1,90,0,I've acquired 12 Rumare Slaughterfish Scales. I should bring them to Aelwin Merowald at the Weye Settlement as soon as I can.,12개의 루메어 식인물고기 비늘을 구했다. 빨리 그것들을 웨이 마을의 엘윈 메로왈드에게 가져다 주어야 한다.,record,False,False,False,False,,
Oblivion.esm,QUST,00185FEE,SQ09,CNAM,2,100,0,I've given the 12 Rumare Slaughterfish Scales to Aelwin Merowald and he's rewarded me with a magical ring.,"12개의 루메어 식인물고기 비늘을 엘윈 메로왈드에게 주었고, 답례로 마법반지를 나에게 주었다.",record,False,False,False,False,,
Oblivion.esm,QUST,00185FEE,SQ09,CNAM,3,110,0,"Aelwin Merowald at the Weye Settlement needed 12 Rumare Slaughterfish Scales. After berating me for fishing ""his"" waters, he traded me an amulet for the scales.",웨이 마을의 엘윈 메로왈드는 12개의 루메어 식인물고기 비늘이 필요했다. 그의 어장에서 어획을 한 것에 대하여 꾸짖은 후에 그는 아뮬렛을 비늘과 교환했다.,record,False,False,False,False,,
Oblivion.esm,QUST,00185FEE,SQ09,CNAM,4,200,0,"With Aelwin's death, it is impossible to complete this quest.",엘윈이 죽었기에 퀘스트 완수가 불가능해졌다.,record,False,False,False,False,,
Oblivion.esm,QUST,00185FED,SQ08,FULL,0,,,A Venerable Vintage,가치있는 포도주,record,False,False,False,False,,
Oblivion.esm,QUST,00185FED,SQ08,CNAM,0,10,0,"I've come across a bottle of wine with markings I've never seen before. I can barely make out ""Shadowbanish Wine"" on the label. It must be quite valuable. I should hold onto it until I find out more.",가치있는 포도주,record,False,False,False,False,,
Oblivion.esm,QUST,00185FED,SQ08,CNAM,1,20,0,"I've spoken to Nerussa, the publican at the Wawnet Inn just outside the Imperial City. She's searching for a rare wine named Shadowbanish Wine that she says is most commonly found in fort ruins. She tells me if I retrieve six bottles, I'll be well compensated. Looks like I'll need to keep a careful eye out.","임페리얼 시티 밖 바로 옆에 있는 와우넷 여관의 술집 주인인 네루사와 대화했다. 그녀는 섀도우배니쉬 포도주라는 희귀한 포도주를 찾고 있는 중인데, 그녀가 말하길 그것은 요새 유적에서 자주 발견된다고 한다. 그녀는 여섯병을 가져다 주면 후하게 보상해주겠다고 했다. 좀더 주의 깊게 살펴봐야 겠다.",record,False,False,False,False,,
Oblivion.esm,QUST,00185FED,SQ08,CNAM,2,30,0,I've recovered six bottles of Shadowbanish Wine. I should bring them back to Nerussa at the Wawnet Inn for my final reward.,섀도우배니쉬 포도주 여섯 병을 발견하였다. 이것을 와우넷 여관의 네루사에게 갖다 주고 보상을 받아야 한다.,record,False,False,False,False,,
Oblivion.esm,QUST,00185FED,SQ08,CNAM,3,100,0,"I've given six bottles of Shadowbanish Wine to Nerussa. In return, she paid me a large finder's fee of 1000 gold. She also told me if I find any more bottles of the wine, she'd gladly pay me 100 gold each for them.",여섯 병의 섀도우배니쉬 포도주을 네루사에게 주었다. 그녀는 1000골드의 엄청난 댓가를 지불하였다. 그녀는 내가 더 많은 술병을 찾을 수 있다면 한 병당 100골드의 보상금을 주겠다고 했다.,record,False,False,False,False,,
Oblivion.esm,QUST,00185FEC,SQ07,FULL,0,,,The Sunken One,은둔자(The Sunken One),record,True,True,False,False,HIGH,"The, Sunken, One"
Oblivion.esm,QUST,00185FEC,SQ07,CNAM,0,10,0,"I've entered what appears to be a recently abandoned farmhouse. Perhaps if I search around, I may find a clue as to the owner's whereabouts.",나는 최근에 버려진 것으로 보이는 농가로 들어갔다. 이 근처를 조사해보면 아마도 집주인이 어디로 갔는지 단서를 찾을 수 있을 것이다.,record,False,False,False,False,,
Oblivion.esm,QUST,00185FEC,SQ07,CNAM,1,20,0,"I've come across a discarded page from a journal of a Slythe Seringi in an abandoned farmhouse near the ruins of Kvatch. It mentions some sort of pilgrimage to bring an offering of great value to something called ""The Sunken One"". All signs point to Sandstone Cavern nearby. I should proceed there, as I fear for Slythe's safety.","크바치 폐허 근처의 버려진 농가에서 슬리드 세린지(Slythe Seringi)의 일지에서 찢겨진 페이지를 우연히 발견했다. 그것은 ""성큰 원(The Sunken One)""이라고 하는 엄청난 가치를 지닌 봉헌물을 가져오기 위한 순례에 대해 언급하고 있었다. 모든 기호는 근처의 샌드스톤 동굴(Sandstone Cavern)을 가르키고 있었다. 슬리드(Slythe)가 무사한지 궁금하기에 그 곳으로 가봐야 한다.",record,True,True,False,False,HIGH,"Slythe, Seringi, The, Sunken, One, Sandstone, Cavern, Slythe"
Oblivion.esm,QUST,00185FEC,SQ07,CNAM,2,30,0,I've come across a second discarded page from Slythe Seringi's journal. This one details his descent into Sandstone Cavern and how he met dangerous resistance and began to doubt his journey. I should press on and see if I can locate him.,슬리드 세린지의 일지(Slythe Seringi's journal)에서 찢겨진 두 번째 페이지를 발견했다. 이것은 그가 샌드스톤 동굴(Sandstone Cavern)로 내려온것과 어떻게 위험한 저항에 부딪히게 되었는지 그리고 여행에 회의를 느끼기 시작한 것에 대하여 열거하고 있다. 길을 채촉해서 그를 찾아봐야 겠다.,record,True,True,False,False,HIGH,"Slythe, Seringi's, journal, Sandstone, Cavern"
Oblivion.esm,QUST,00185FEC,SQ07,CNAM,3,40,0,I've located Slythe Seringi's corpse. I should search around him to learn the conclusion to his sad journey.,슬리드 세린지(Slythe Seringi)의 시체를 발견했다. 그의 슬픈 여행의 결말을 알아보기 위하여 그의 주위를 조사해야 한다.,record,True,True,False,False,HIGH,"Slythe, Seringi"
Oblivion.esm,QUST,00185FEC,SQ07,CNAM,4,100,0,"On Slythe's corpse, I've located his last journal entry. It seems he fell here believing he was truly going to meet his god and give an offering to him to help all of Tamriel. His death is a sad end to such a well-intended sojourn.","슬리드(Slythe)의 시체에서 그의 마지막 여행의 기록을 찾았다. 그것이 그로 하여금 신을 만나도록 빠드리게 하고, 현재의 불안한 (황제와 후계자가 죽은) 탐리엘을 위하여 헌납 하게 한것 같다 그의 좋은 의도로 시작된 일은 안타깝게 끝났다.",record,True,True,False,False,HIGH,Slythe
Oblivion.esm,QUST,00185FEB,SQ06,FULL,0,,,Bear Season,곰의 계절(Bear Season),record,True,True,False,False,HIGH,"Bear, Season"
Oblivion.esm,QUST,00185FEB,SQ06,CNAM,0,10,0,"Thorley Aethelred, a shepherd who lives at the Shardrock Farm, has tasked me to slay six West Weald Bears and bring back their fangs as proof. They've been threatening his sheep, and he has nowhere else to turn.",샤드락 농장(Shardrock Farm)에 살고 있는 쏠레이 애썰리드(Thorley Aethelred)는 웨스트 윌드 곰(West Weald Bear) 6마리를 처치하고 증거로 녀석들의 송곳니(fang)를 가져오라고 했다. 녀석들은 그의 양을 위협하고 있었고 그에게는 대처할 다른 방법이 없었다.,record,True,True,False,False,HIGH,"Shardrock, Farm, Thorley, Aethelred, West, Weald, Bear, fang"
Oblivion.esm,QUST,00185FEB,SQ06,CNAM,1,20,0,I've obtained the first West Weald Bear Fang from a bear that has been threatening Thorley Aethelred's sheep.,쏠레이 애썰리드(Thorley Aethelred)의 양을 위협하고 있는 곰에게서 첫 번째 웨스트 윌드 곰 송곳니(West Weald Bear Fang)를 구하였다.,record,True,True,False,False,HIGH,"Thorley, Aethelred, West, Weald, Bear, Fang"
Oblivion.esm,QUST,00185FEB,SQ06,CNAM,2,30,0,I've obtained the second West Weald Bear Fang.,두 번째 웨스트 윌드 곰 송곳니(West Weald Bear Fang)를 구했다.,record,True,True,False,False,HIGH,"West, Weald, Bear, Fang"
Oblivion.esm,QUST,00185FEB,SQ06,CNAM,3,40,0,I've obtained the third West Weald Bear Fang.,세 번째 웨스트 윌드 곰 송곳니(West Weald Bear Fang)를 구했다.,record,True,True,False,False,HIGH,"West, Weald, Bear, Fang"
Oblivion.esm,QUST,00185FEB,SQ06,CNAM,4,50,0,I've obtained the fourth West Weald Bear Fang.,네 번째 웨스트 윌드 곰 송곳니(West Weald Bear Fang)를 구했다.,record,True,True,False,False,HIGH,"West, Weald, Bear, Fang"
Oblivion.esm,QUST,00185FEB,SQ06,CNAM,5,60,0,I've obtained the fifth West Weald Bear Fang.,다섯 번째 웨스트 윌드 곰 송곳니(West Weald Bear Fang)를 구했다.,record,True,True,False,False,HIGH,"West, Weald, Bear, Fang"
Oblivion.esm,QUST,00185FEB,SQ06,CNAM,6,70,0,I've obtained the sixth and final West Weald Bear Fang. I should return to Shardrock and give the fangs to Thorley Aethelred as proof of my deed.,여섯 번째이자 마지막인 웨스트 윌드 곰 송곳니(West Weald Bear Fang)를 구했다. 샤드록(Shardrock)으로 돌아가 송곳니(fangs)를 쏠레이 애썰리드(Thorley Aethelred)에게 주어야 한다.,record,True,True,False,False,HIGH,"West, Weald, Bear, Fang, Shardrock, fangs, Thorley, Aethelred"
Oblivion.esm,QUST,00185FEB,SQ06,CNAM,7,100,0,"I've given all six of the West Weald Bear fangs to Thorley Aethelred, who in turn rewarded me with an enchanted tome.",여섯 개의 웨스트 윌드 곰 송곳니(West Weald Bear fangs)를 쏠레이 애썰리드(Thorley Aethelred)에게 주었고 그는 답례로 인첸트된 학술서를 나에게 주었다.,record,True,True,False,False,HIGH,"West, Weald, Bear, fangs, Thorley, Aethelred"
Oblivion.esm,QUST,00185FEB,SQ06,CNAM,8,200,0,"With Thorley's death, it's impossible to complete this quest.",쏠레이(Thorley')가 죽었기에 퀘스트 완수가 불가능해졌다.,record,True,True,False,False,HIGH,Thorley'
Oblivion.esm,QUST,00185FEA,SQ05,FULL,0,,,The Gravefinder's Repose,그레이브파인더의 평온(The Gravefinder's Repose),record,True,True,False,False,HIGH,"The, Gravefinder's, Repose"
Oblivion.esm,QUST,00185FEA,SQ05,CNAM,0,10,0,Malene at the Roxey Inn in the wilderness north of the Imperial City has asked me to help her rid the area of a Necromancer who calls herself Raelynn the Gravefinder. Raelynn can be found in Moss Rock Cavern to the north.,임페리얼시티의 북쪽 황야에 있는 록시여관(Roxey Inn)의 멀린(Malene)은 그레이브파인더 레일른(Raelynn the Gravefinder)이라고 하는 네크로맨서(Necromancer)를 처치하는 것을 도와달라고 했다. 레일른(Raelynn)은 북쪽의 모스 락 동굴(Moss Rock Cavern)에서 찾을 수 있다.,record,True,True,False,False,HIGH,"Roxey, Inn, Malene, Raelynn, the, Gravefinder, Necromancer, Raelynn, Moss, Rock, Cavern"
Oblivion.esm,QUST,00185FEA,SQ05,CNAM,1,20,0,I've slain Raelynn the Gravefinder. I should return to Malene at the Roxey Inn and deliver the good news.,그레이브파인더 레일른(Raelynn the Gravefinder)을 처치했다. 록시 여관(Roxey Inn)의 멀린(Malene)에게 돌아가서 이 소식을 알려야 한다.,record,True,True,False,False,HIGH,"Raelynn, the, Gravefinder, Roxey, Inn, Malene"
Oblivion.esm,QUST,00185FEA,SQ05,CNAM,2,100,0,"Malene was delighted with the news of Raelynn the Gravefinder's death, and rewarded me with some coin.","멀린(Malene)은 그레이브파인더 레일른(Raelynn the Gravefinder)이 죽었다는 소식에 매우 기뻐했으며, 보답으로 약간의 돈을 주었다.",record,True,True,False,False,HIGH,"Malene, Raelynn, the, Gravefinder"
Oblivion.esm,QUST,00185FE9,SQ04,FULL,0,,,No Stone Unturned,모든 것을 뒤지다,record,False,False,False,False,,
Oblivion.esm,QUST,00185FE9,SQ04,CNAM,0,10,0,"I've discovered the research notes of a Lithnilian. The notes mention him being at the Imperial Bridge Inn. Perhaps if I return this book to him, he'll offer me a reward.",모든 것을 뒤지다,record,False,False,False,False,,
Oblivion.esm,QUST,00185FE9,SQ04,CNAM,1,20,0,"I've met Lithnilian, an Altmer Sorcerer, at the Imperial Bridge Inn in the wilderness southeast of the Imperial City. He's asked me to locate his research notes on Welkynd Stones which he lost in the depths of Bramblepoint Cave.",난 임페리얼 시티의 남쪽 광야에 있는 제국 가교 여관에서 리스닐리언이라 하는 알트머 소서러를 만났다. 그는 검은딸기나무 동굴 깊은 곳에서 잃어버린 그의 웰킨드 스톤에 관한 조사 문서를 찾아줄 것을 요청했다.,record,False,False,False,False,,
Oblivion.esm,QUST,00185FE9,SQ04,CNAM,2,30,0,I've recovered Lithnilian's research notes from Bramblepoint Cave. I should return it to Lithnilian for the promised reward.,검은딸기나무 동굴에서 리스닐리언의 조사 문서를 되찾았다. 약속된 보상을 받기 위해 리스닐리언에게 돌아가야 한다.,record,False,False,False,False,,
Oblivion.esm,QUST,00185FE9,SQ04,CNAM,3,100,0,I've returned the research notes to Lithnilian at the Imperial Bridge Inn. He generously rewarded me for my efforts.,제국 가교 여관에 있는 리스닐리언에게 조사 문서를 돌려주었다. 그는 나의 수고에 대하여 후하게 보상했다.,record,False,False,False,False,,
Oblivion.esm,QUST,00185FE9,SQ04,CNAM,4,200,0,"With Lithnilian's death, it's impossible to complete this quest.",리스닐리언이 죽었기에 퀘스트 완수가 불가능해졌다.,record,False,False,False,False,,
Oblivion.esm,QUST,00185FE8,SQ03,FULL,0,,,Revenge Served Cold,냉혹한 복수(Revenge Served Cold),record,True,True,False,False,HIGH,"Revenge, Served, Cold"
Oblivion.esm,QUST,00185FE8,SQ03,CNAM,0,10,0,"I've found a jade amulet with the inscription ""For Kayleen"" in the possession of a Goblin boss. This must have been stolen from someone. I should hold onto it until I locate the owner.","고블린 두목(Goblin boss)의 소지품 중에서 ""케일린을 위하여(For Kayleen)""라고 새겨진 비취 아물렛을 발견했다. 이것은 누군가에게서 훔친 것이 틀림없다. 주인을 만날 때 까지 가지고 있어야겠다.",record,True,True,False,False,HIGH,"Goblin, boss, For, Kayleen"
Oblivion.esm,QUST,00185FE8,SQ03,CNAM,1,20,0,"I've come upon a sad Breton named Corrick Northwode at Harm's Folly settlement. It seems a goblin war party attacked his home, killed his wife and retreated back to their lair, Exhausted Mine. Now he wants me to go there and recover his wife's Jade Amulet.",함스폴리 마을(Harm's Folly settlement)에서 코릭 노쓰우드(Corrick Northwode)라고 하는 슬픔에 젖은 브리튼을 만났다. 고블린 전투부대가 그의 집을 공격해서 그의 아내를 죽인 후 다시 그들의 본거지인 폐광(Exhausted Mine)으로 돌아간 것으로 보였다. 그는 내가 그곳으로 가서 아내의 비취 아물렛을 되찾아주기를 원했다.,record,True,True,False,False,HIGH,"Harm's, Folly, settlement, Corrick, Northwode, Exhausted, Mine"
Oblivion.esm,QUST,00185FE8,SQ03,CNAM,2,30,0,I've recovered Kayleen's Jade Amulet. I should return it to Corrick at Harm's Folly.,케일린(Kayleen)의 비취 아물렛을 찾았다. 함스폴리(Harm's Folly)의 코릭(Corrick)에게 돌아가야 한다.,record,True,True,False,False,HIGH,"Kayleen, Harm's, Folly, Corrick"
Oblivion.esm,QUST,00185FE8,SQ03,CNAM,3,100,0,Corrick Northwode was overjoyed to get back his wife's Jade Amulet. He thanked me by rewarding me with gold he had recovered from Exhausted Mine long ago.,코릭 노쓰우드(Corrick Northwode)는 아내의 비취 아물렛을 되찾자 매우 기뻐하였다. 그는 답례로 오래전에 폐광(Exhausted Mine)에서 획득한 돈을 주었다.,record,True,True,False,False,HIGH,"Corrick, Northwode, Exhausted, Mine"
Oblivion.esm,QUST,00185FE8,SQ03,CNAM,4,200,0,"With Corrick's death, it's impossible to complete this quest.",코릭(Corrick)이 죽었기에 퀘스트 완수가 불가능해졌다.,record,True,True,False,False,HIGH,Corrick
Oblivion.esm,QUST,00181C6B,SQ02,FULL,0,,,Raid on Greyland,그레이랜드 침공(Raid on Greyland),record,True,True,False,False,HIGH,"Raid, on, Greyland"
Oblivion.esm,QUST,00181C6B,SQ02,CNAM,0,10,0,"I've met a Legion Guard named Lerexus Callidus outside the walls of Leyawiin. He tells me there is a Skooma dealer named Kylius Lonavo in the Greyland settlement just up the road. He's offered me a reward to go into the house, put a stop to the drug traders and bring him Lonavo's ring as proof.",레이어윈 바깥쪽 성벽에서 리어져스 칼리더스(Lerexus Callidus)라는 군단 경비병(Legion Guard)을 만났다. 그는 그레이랜드 마을(Greyland settlement)에 카일리우스 로나브(Kylius Lonavo)라고 하는 스쿠마(Skooma) 상인이 있다고 말했다. (스쿠마:마약) 그는 내가 집안으로 들어가서 마약 거래를 중단시키고 그 증거로 로나브의 반지(Lonavo's ring)를 가져다주면 보답을 해주겠다고 제안했다.,record,True,True,False,False,HIGH,"Lerexus, Callidus, Legion, Guard, Greyland, settlement, Kylius, Lonavo, Skooma, Lonavo's, ring"
Oblivion.esm,QUST,00181C6B,SQ02,CNAM,1,20,0,I've recovered Kylius Lonavo's ring. I should bring it to Lerexus as soon as possible to obtain my reward.,카일리우스 로나브의 반지(Kylius Lonavo's ring)를 찾았다. 가능한 빨리 리어져스(Lerexus)에게 가져다 주고 보상을 받아야 한다.,record,True,True,False,False,HIGH,"Kylius, Lonavo's, ring, Lerexus"
Oblivion.esm,QUST,00181C6B,SQ02,CNAM,2,100,0,Lerexus Callidus has rewarded me for putting a stop to the drug traffickers in Greyland Settlement.,리어져스 칼리더스(Lerexus Callidus)는 그레이랜드 마을(Greyland Settlement)의 마약 거래를 중단시킨데 대하여 보답하였다.,record,True,True,False,False,HIGH,"Lerexus, Callidus, Greyland, Settlement"
Oblivion.esm,QUST,00181C6B,SQ02,CNAM,3,200,0,"With Lerexus's death, it's impossible to complete this quest.",리어져스(Lerexus)가 죽었기에 퀘스트 완수가 불가능해졌다.,record,True,True,False,False,HIGH,Lerexus
Oblivion.esm,QUST,00177A31,SQ01,FULL,0,,,The Potato Snatcher,감자 도둑(The Potato Snatcher),record,True,True,False,False,HIGH,"The, Potato, Snatcher"
Oblivion.esm,QUST,00177A31,SQ01,CNAM,0,10,0,"I've slain an Ogre out in the wilderness. Oddly, it was carrying a bunch of Jumbo Potatoes. I should hang onto these, as they seem quite unusual.",황야에서 오거(Ogre)를 처치했다. 신기하게도 한 묶음의 점보 감자(Jumbo Potatoes)를 나르고 있었는데 매우 특이해 보이기 때문에 확인 해봐야한다.,record,True,True,False,False,HIGH,"Ogre, Jumbo, Potatoes"
Oblivion.esm,QUST,00177A31,SQ01,CNAM,1,20,0,"I've met a strange Khajiit named S'jirra at the Faregyl Inn. She insists someone is stealing her supply of Jumbo Potatoes. Apparently, she uses them to make what she calls her ""Famous Potato Bread"". She's offered a reward for the potatoes safe return. Whoever they are, S'jirra said they were ""huge"" and headed west.","페러길 여관(Faregyl Inn)에서 서지라(S'jirra)라고 하는 카짓족(Khajiit)을 만났다. 그녀는 누군가가 그녀의 농작물인 점보감자(Jumbo Potatoes)를 훔쳐갔다고 주장했다. 확실히 그녀는 그것을 이용해서 ""유명 감자 빵(Famous Potato Bread)""이라는 것을 만드는 것 같다. 그녀는 감자가 안전하게 돌아온데 대하여 나에게 보답했다. 그들이 누구이든 간에 서지라(S'jirra)는 그들은 매우 ""거대(huge)""했고, 서쪽 방향으로 갔다고 말했다.",record,True,True,False,False,HIGH,"Faregyl, Inn, S'jirra, Khajiit, Jumbo, Potatoes, Famous, Potato, Bread, S'jirra, huge"
Oblivion.esm,QUST,00177A31,SQ01,CNAM,2,30,0,"I've encountered an Ogre out in the wilderness. This seems to be S'jirra's thief, as it was carrying her Jumbo Potatoes.",황야에서 오거(Ogre)를 만났다. 녀석들은 점보감자(Jumbo Potatoes)를 나르고 있었으므로 서지라(S'jirra)가 말한 도둑이 분명하다.,record,True,True,False,False,HIGH,"Ogre, Jumbo, Potatoes, S'jirra"
Oblivion.esm,QUST,00177A31,SQ01,CNAM,3,100,0,I've returned the Jumbo Potatoes to S'jirra. She was overjoyed and rewarded me with her first batch of Famous Potato Bread.,점보감자(Jumbo Potatoes)를 서지라(S'jirra)에게 돌려주었다. 그녀는 매우 기뻐했고 맨 처음 구워낸 유명 감자 빵(Famous Potato Bread)을 답례로 주었다.,record,True,True,False,False,HIGH,"Jumbo, Potatoes, S'jirra, Famous, Potato, Bread"
Oblivion.esm,QUST,00177A31,SQ01,CNAM,4,200,0,"With S'jirra's death, it's impossible to complete this quest.",서지라(S'jirra)가 죽었기에 퀘스트 완수가 불가능해졌다.,record,True,True,False,False,HIGH,S'jirra
Oblivion.esm,QUST,000E0C91,ArenaDialogue,FULL,0,,,The Arena,아레나,record,False,False,False,False,,
Oblivion.esm,QUST,000E0C91,ArenaDialogue,CNAM,0,10,0,"If I wish to join the Arena faction as a combatant, I must speak with Owyn the Blademaster in the Arena Bloodworks.",아레나,record,False,False,False,False,,
Oblivion.esm,QUST,000E0C91,ArenaDialogue,CNAM,1,20,0,"I am now a combatant in the Arena faction. To arrange for a match, I must speak with Owyn in the Arena Bloodworks, in the Imperial City. After every match, I must speak to Owyn again to close out the match and receive any rewards earned. While I'm involved in any active matches, I will be unable to bet on any fights.",아레나에 새로운 검투사가 되었다. 경기를 준비하기 위하여 임페리얼 시티의 아레나 블러드워크에 있는 오윈에게 말해야 한다. 경기가 끝날 때 마다 나다 오윈에게 말해서 결투를 완료하고 보상을 받아야 한다. 경기가 진행중일때에는 난 어떤 결투에도 돈을 걸 수 없다.,record,False,False,False,False,,
Oblivion.esm,QUST,000E0C91,ArenaDialogue,CNAM,2,40,0,"I am now an Arena Champion. There are no more standard matches left to fight. Instead, I must challenge the Grand Champion, Agronak gro-Malog, for his title.  ",아레나 챔피언이 되었다. 싸울만한 일반적인 경기는 더 이상 없다. 그 대신 난 그랜드 챔피언인 아그로낙 그로-맬로그와의 타이틀 매치에 도전해야 한다.,record,False,False,False,False,,
Oblivion.esm,QUST,000E0C91,ArenaDialogue,CNAM,3,50,0,"I have defeated the Gray Prince and have been named the new Arena Grand Champion! Ysabel Andronicus told me to return to her after I've gotten some rest, so we can discuss my future. ",난 그레이 프린스를 물리치고 새로운 아레나 그랜드 챔피언이 되었다. 이사벨 앤드로니커스는 조금 휴식을 취한 뒤 돌아와서 나의 미래에 관하여 의논을 하자고 하였다.,record,False,False,False,False,,
Oblivion.esm,QUST,000E0C91,ArenaDialogue,CNAM,4,100,0,"As Arena Grand Champion, I can fight in weekly matches against various creatures. All I need do is see Ysabel Andronicus in the Arena Bloodworks and tell her I'm ready for a match.",아레나 그랜드 챔피언으로서 난 매주 다양한 괴물들과 결투할 수 있다. 내가 해야 할 것은 아레나 블러드워크에 있는 이사벨 앤드로니커스를 만나고 그녀에게 결투할 준비가 되어 있다고 말하는 것이다.,record,False,False,False,False,,
Oblivion.esm,QUST,000B97DD,HouseServant,FULL,0,,,Helping Hands,도움의 손길(Helping Hands),record,True,True,False,False,HIGH,"Helping, Hands"
Oblivion.esm,QUST,000B97DD,HouseServant,CNAM,0,100,0,I've hired a pleasant Nord woman named Eyja to staff my home as a maid at Rosethorn Hall. She said she'd take residence in the Servant's Quarters.,장미가시 홀(Rosethorn)에서 에이야(Eyja)라고 하는 상냥한 노드족(Nord) 여성을 하녀로 고용하였다. 그녀는 하인들 숙소(Servant's Quarters)에서 머무르기로 하였다. ,record,True,True,False,False,HIGH,"Rosethorn, Eyja, Nord, Servant's, Quarters"
Oblivion.esm,QUST,000B6C0C,HouseSkingradQuest,FULL,0,,,The Rosethorn Cache,로즈쏜 은닉처(The Rosethorn Cache),record,True,True,False,False,HIGH,"The, Rosethorn, Cache"
Oblivion.esm,QUST,000B6C0C,HouseSkingradQuest,CNAM,0,10,0,"I've discovered an old, dusty parchment in an unused part of Rosethorn Hall. I doubt that it's been disturbed in at least 200 years or more. It tells of a treasure located somewhere within this place. If I can answer the riddle, I may know what I'm looking for.",장비가시 홀(Rosethorn Hall)의 잘 쓰이지 않는 공간에서 낡고 먼지 쌓인 양피지(parchment) 한 장을 발견했다. 이것은 200년 이상은 이대로 방치 되어 있었던 것 같다. 그것에는 이 공간 안 어딘가에 보물이 있다고 적혀 있었다. 이 수수께끼를 풀 수 있다면 난 무엇을 찾아야 할지를 알 수 있을 것 같다.,record,True,True,False,False,HIGH,"Rosethorn, Hall, parchment"
Oblivion.esm,QUST,000B6C0C,HouseSkingradQuest,CNAM,1,100,0,"Inside a battered hourglass, I've discovered a ring and several precious gems. This must be the treasure of Rosethorn Hall.",부서진 모래시계 안에서 반지와 몇 개의 값비싼 보석들을 발견했다. 이것이 장비가시 홀(Rosethorn Hall)의 보물임에 틀림없다.,record,True,True,False,False,HIGH,"Rosethorn, Hall"
Oblivion.esm,QUST,0005C0F1,DAGeneric,FULL,0,,,Generic Daedric Quest Dialog,일반적인 데이드라 퀘스트 대화,record,False,False,False,False,,
Oblivion.esm,QUST,000A78CE,MG19Alchemy,FULL,0,,,Alchemy Acquisitions,연금술의 획득물,record,False,False,False,False,,
Oblivion.esm,QUST,000A78CE,MG19Alchemy,CNAM,0,10,0,I need to speak with Julienne Fanis about collecting Alchemical ingredients for the Arch-Mage.,연금술의 획득물,record,False,False,False,False,,
Oblivion.esm,QUST,000A78CE,MG19Alchemy,CNAM,1,100,0,"Julienne Fanis has told me there is a special chest in the Arch Mage's quarters. Once a week, I may place an ingredient inside, and return a day later to find that ingredient replicated for my use. If I take too long in returning to the chest, however, I will lose whatever was placed inside.","쥬리언 파니스(Julienne Fanis)는 아크-메이지(Arch-Mage)의 숙소에 있는 특별한 상자에 대해 얘기했다. 일주일에 한번, 재료를 안에 넣고, 다음날 재료가 사용할 수 있도록 복제되었는지 봐야한다. 만약 상자를 확인하는 것을 너무 오래 지체한다면, 안에 무엇을 넣었건 잃어버릴 것이다.",record,True,True,False,False,HIGH,"Julienne, Fanis, Arch-Mage"
Oblivion.esm,QUST,00097CA8,MS94,FULL,0,,,Attack on Fort Sutch,서치 요새 공격,record,False,False,False,False,,
Oblivion.esm,QUST,00095A68,MS93,FULL,0,,,The Ghost Ship of Anvil,앤빌의 유령선,record,False,False,False,False,,
Oblivion.esm,QUST,00095A68,MS93,CNAM,0,10,0,"A High Elf Sorceress named Varulae has asked me to retrieve her crystal ball, located in the hold of the ship the Serpent's Wake, which is moored up in Anvil Bay. The crystal ball is in a chest in the ship's hold. I should be careful, however -- the crew have all been slain, and now roam the ship's decks as creatures of undeath.",앤빌의 유령선,record,False,False,False,False,,
Oblivion.esm,QUST,00095A68,MS93,CNAM,1,20,0,I have retrieved Varulae's crystal ball. I must now return it to her on the top deck of the Serpent's Wake.,바루라에의 수정구를 되찾았다. 독사의 각성 호 갑판 위에 있는 그녀에게 지금 돌아가야 한다.,record,False,False,False,False,,
Oblivion.esm,QUST,00095A68,MS93,CNAM,2,100,0,I have given Varulae her crystal ball. She gave me the captain's enchanted cutlass as a reward.,바루라에에게 그녀의 수정구를 주었다. 그녀는 선장의 마법이 깃든 커틀라스를 보상으로 주었다.,record,False,False,False,False,,
Oblivion.esm,QUST,00091A8E,GenericArgonian,FULL,0,,,Argonian Race Dialogue,아르고니안 종족 대화,record,False,False,False,False,,
Oblivion.esm,QUST,00091918,GenericImperial,FULL,0,,,Imperial Race Based Dialogue,제국 종족 기반 대화,record,False,False,False,False,,
Oblivion.esm,QUST,0008596D,MS92,FULL,0,,,Knights of the White Stallion,백마 기사단,record,False,False,False,False,,
Oblivion.esm,QUST,0008596D,MS92,CNAM,0,10,0,"Count Marius Caro of Leyawiin has offered to make Mazoga and myself Knights-Errant of the White Stallion if we find and kill the Orc named Black Brugo, chieftain of the Black Bow Bandits.",백마 기사단,record,False,False,False,False,,
Oblivion.esm,QUST,0008596D,MS92,CNAM,1,20,0,"To locate Black Brugo, the Count suggested I should ask Mazoga, who might have contacts among outlaws.",백작은 넌지시 무법자들과 연줄이 있을 것 같은 마조가에게 검은 브루고의 행방을 물어보라고 제의했다.,record,False,False,False,False,,
Oblivion.esm,QUST,0008596D,MS92,CNAM,2,30,0,"Mazoga knows Black Brugo, and has a plan to ambush him. Black Brugo visits his gang's hideout to collect his share of the loot every night between midnight and six in the morning. The hideout is an Ayleid ruin west of Leyawiin called Telepe. Mazoga offered to help me find and kill Black Brugo. She will wait in the Castle Hall until I ask her to follow me.",마조가는 검은 브루고를 알고 있었으며 잠복 계획도 가지고 있었다. 검은 브루고는 은신처에 약탈품 중 그의 몫을 챙겨가기 위해 매일 밤 12시부터 아침 6시까지 머무른다고 한다. 그 은신처는 레이야윈의 서쪽에 있는 텔레페라고도 부르는 에일리드 폐허에 있다고 한다. 마조가는 자신을 도와 검은 브루고를 찾아 죽이자고 제안했다. 그녀는 내가 같이 가자고 할 때 까지 성 의회당에서 기다릴 것이라고 한다.,record,False,False,False,False,,
Oblivion.esm,QUST,0008596D,MS92,CNAM,3,35,0,"Mazoga was reluctant to betray a former associate, but she says, sooner or later, Black Brugo visits a hideout west of Leyawiin called Telepe.",마조가는 예전 동료를 배신하는 것이 마음에 걸리는 모양이었다. 그러나 그녀가 말하길 언젠가는 검은 브루고가 텔레페라 불리는 레이야윈의 서쪽 은신처에 나타날 것이라고 말했다.,record,False,False,False,False,,
Oblivion.esm,QUST,0008596D,MS92,CNAM,4,80,0,Black Brugo is dead. I must report to Marius Caro and become a Knight-Errant of the White Stallion.,검은 브루고는 죽었다. 마리우스 카로에게 보고 해야 한다. 그리고는 백마 기사단의 기사 수행자가 될 것이다.,record,False,False,False,False,,
Oblivion.esm,QUST,0008596D,MS92,CNAM,5,100,0,"The Count praised me for killing Black Brugo. He has made me Knight-Errant of the Order of the White Stallion, and has given me a guard's shield bearing the heraldry of Count Leyawiin, and the key to White Stallion Lodge on the western shores of the Niben River. The Count also asked me to find and kill any remaining members of the Black Bow Bandits, and promised a bounty of 100 gold for every Black Bow I deliver to him.","백작은 검은 브루고를 죽인 것에 대해 칭찬했다. 그는 백마 기사단의 절차를 따라 나를 기사 수행자로 임명했고, 니벤 강의 서쪽 기슭에 있는 백마 기사단 집회소의 열쇠와 레이야윈 백작의 문장이 새겨진 근위병의 방패를 주었다. 또한 백작은 남은 검은 활 도적단의 잔당을 찾아 죽여 달라고 부탁하면서 가져온 검은 활마다 100골드의 보상금을 줄 것을 약속했다.",record,False,False,False,False,,
Oblivion.esm,QUST,0008596D,MS92,CNAM,6,105,0,Mazoga is dead. Now I'll never know how to find Black Brugo.,마조가가 죽었다. 이제 검은 브루고의 행방을 절대 알 수 없을 것이다.,record,False,False,False,False,,
Oblivion.esm,QUST,0008596D,MS92,CNAM,7,110,0,"The Count praised us for killing Black Brugo. He has made Mazoga and me Knights-Errant of the Order of the White Stallion, and has given us guard's shields bearing the heraldry of Count Leyawiin, and keys to White Stallion Lodge on the western shores of the Niben River. The Count also asked us to find and kill any remaining members of the Black Bow Bandits, and promised a bounty of 100 gold for every Black Bow we deliver to him.","백작은 검은 브루고를 죽인 것에 대해 칭찬했다. 그는 백마 기사단의 절차를 따라 나를 기사 수행자로 임명했고, 니벤 강의 서쪽 기슭에 있는 백마 기사단 집회소의 열쇠와 레이야윈 백작의 문장이 새겨진 근위병의 방패를 주었다. 또한 백작은 남은 검은 활 도적단의 잔당을 찾아 죽여 달라고 부탁하면서 가져온 검은 활마다 100골드의 보상금을 줄 것을 약속했다.",record,False,False,False,False,,
Oblivion.esm,QUST,0008596C,MS91,FULL,0,,,Mazoga the Orc,오크 마조가,record,False,False,False,False,,
Oblivion.esm,QUST,0008596C,MS91,CNAM,0,2,0,It seems that Count Marius Caro is concerned about an Orc named Mazoga at Castle Leyawiin. This Orc claims she is a knight. Perhaps Marius Caro would welcome my aid in finding out more about her.,오크 마조가,record,False,False,False,False,,
Oblivion.esm,QUST,0008596C,MS91,CNAM,1,5,0,"An Orc in the Leyawiin Castle County Hall claims to be a knight. Marius Caro, Count Leyawiin, asked me to find out why she is there, and to report back to him.",레이야윈 성 백작 집무실에 있는 오크는 자신이 기사임을 주장한다. 레이야윈 영주인 마리우스 카로 백작은 왜 그 오크가 거기 있는지 그 이유를 알아낼 것을 부탁했다.,record,False,False,False,False,,
Oblivion.esm,QUST,0008596C,MS91,CNAM,2,20,0,An orc named Mazoga sent me to find Weebam-Na and tell him to meet Mazoga in the County Hall of Castle Leyawiin.,마조가라고 하는 오크는 위밤-나를 찾아 그에게 레이야윈 백작 집무실에서 그녀가 만나기를 원한다는 사실을 전해줄 것을 부탁했다.,record,False,False,False,False,,
Oblivion.esm,QUST,0008596C,MS91,CNAM,3,25,0,I spoke to Weebam-Na and gave him Mazoga's message. Weebam-Na doesn't want to cooperate. Perhaps I can persuade him to change his mind.,나는 위밤-나를 만나 마조가의 메시지를 전해주었다. 위밤-나는 협력하기를 원하지 않는다. 아마 그가 마음을 바꾸도록 설득할 수 있을 것이다.,record,False,False,False,False,,
Oblivion.esm,QUST,0008596C,MS91,CNAM,4,30,0,"I delivered Mazoga's message, and Weebam-Na agreed to go talk to Mazoga. Maybe I should tag along and find out what this is all about.",나는 마조가의 메시지를 전달했다. 그리고 위밤-나는 마조가와 이야기할 것에 동의했다. 나는 그를 따라가 현재 벌어지는 상황에 대해 알아야 할 것으로 보인다.,record,False,False,False,False,,
Oblivion.esm,QUST,0008596C,MS91,CNAM,5,35,0,Weebam-Na spoke with Mazoga. Perhaps now Mazoga will tell me what's going on.,위밤-나는 마조가와 대화했다. 이제 마조가는 뭐가 어떻게 돌아가고 있는지 말해줄 것으로 보인다.,record,False,False,False,False,,
Oblivion.esm,QUST,0008596C,MS91,CNAM,6,40,0,"Mazoga asked me to take her to Fisherman's Rock, and I told her, 'Maybe later.' She seemed disappointed.","마조가는 낚시꾼의 바위에 데려다 줄 것을 부탁했다. 나는 그녀에게, ""나중에""라고 말했다. 그녀는 실망한 것처럼 보였다.",record,False,False,False,False,,
Oblivion.esm,QUST,0008596C,MS91,CNAM,7,50,0,"I agreed to lead Mazoga to Fisherman's Rock. Fisherman's Rock is north of Leyawiin, about six hours walk, on a point of land on the eastern shore of the Niben. At Fisherman's Rock, Mazoga wants to talk to someone named Mogens Wind-shifter. She made it clear I was not to interfere before she talked to him.","나는 낚시꾼의 바위까지 마조가를 데려다 주기로 했다. 낚시꾼의 바위는 레이야윈의 북쪽, 걸어서 6시간 거리에 있는데, 니벤의 동쪽 해변에 있다. 낚시꾼의 바위에서, 마조가는 장물아비 모겐스 윈드-시프터라고 하는 자와 얘기하기를 원했다. 나에게 그와 이야기를 끝내기 전에 간섭하지 말 것을 분명히 했다.",record,False,False,False,False,,
Oblivion.esm,QUST,0008596C,MS91,CNAM,8,55,0,"I got into a fight at Fisherman's Rock, and four bandits are dead.","낚시꾼의 바위에서 싸움에 말려들었고, 도적 넷은 죽었다.",record,False,False,False,False,,
Oblivion.esm,QUST,0008596C,MS91,CNAM,9,60,0,"Mazoga spoke to Mogens Wind-Shifter, and then they started to fight. Mogens has his gang with him so Mazoga needs some help.",마조가와 장물아비 모겐스 윈드-시프터는 이야기를 하는가 싶더니 곧 싸우기 시작했다. 모겐스에게는 패거리가 있어 마조가는 도움이 필요하다.,record,False,False,False,False,,
Oblivion.esm,QUST,0008596C,MS91,CNAM,10,65,0,I got into a fight at Fisherman's Rock. Mazoga will be angry. She told me I was not to interfere before she talked to Mogens Windshifter.,낚시꾼의 바위(Fisherman's Rock)에서 싸움에 말려들었다. 마조가는 화를 낼 것이다. 그녀는 허풍쟁이 장물아비 모겐스(Mogens Windshifter)와 이야기를 끝내기 전에 간섭하지 말라고 했다.,record,True,True,False,False,HIGH,"Fisherman's, Rock, Mogens, Windshifter"
Oblivion.esm,QUST,0008596C,MS91,CNAM,11,70,0,"I told Mazoga about the four bandits I killed at Fisherman's Rock. She was angry, and she won't tell me why.",낚시꾼의 바위에서 내가 죽인 네 명의 도적에 대해 마조가에게 말했다. 그녀는 화가 났다. 그리고 그녀는 나에게 그 이유를 말하지 않으려 한다.,record,False,False,False,False,,
Oblivion.esm,QUST,0008596C,MS91,CNAM,12,75,0,"I persuaded Mazoga to forgive me. She explained that she was angry because she was seeking revenge on one of the four bandits, Mogens Wind-Shifter, for the murder of her friend, Ra'vindra. Mazoga forgave me for spoiling her vengeance. Now I must report to Marius Caro.","마조가에게 용서를 빌었다. 그녀는 이유를 설명해주었는데, 그녀의 친구 라'빈드라를 죽인 그 네 명의 도적 중 한 녀석 장물아비 모겐스 윈드-시프터에게 복수를 다짐하고 있었다고 한다. 마조가는 복수를 망친 것을 용서했다. 이제 마리우스 카로에 보고해야 한다.",record,False,False,False,False,,
Oblivion.esm,QUST,0008596C,MS91,CNAM,13,80,0,"At Fisherman's Rock, Mazoga got into a fight with four bandits. Now all four bandits are dead. Now I must report to Marius Caro.","낚시꾼의 바위에서, 마조가는 네 명의 도적과 싸우기 시작했다. 그리고 네 명의 도적은 모두 죽었다. 이제, 마리우스 카로에게 보고해야 한다.",record,False,False,False,False,,
Oblivion.esm,QUST,0008596C,MS91,CNAM,14,85,0,"Mazoga told me she attacked the bandits to avenge the murder of her friend, Ra'vindra. She invited me to take what I wish from the dead... her vengeance is her reward.",마조가는 그녀의 친구인 라'빈드라를 살해한 도적들을 공격했다고 말했다. 그녀는 도적 시체들에서 원하는 것을 가져가도 좋다고 했다. 그녀에겐 복수가 보상인 셈이다.,record,False,False,False,False,,
Oblivion.esm,QUST,0008596C,MS91,CNAM,15,90,0,"Mazoga told me she attacked the bandits to avenge the murder of her friend, Ra'vindra. She invited me to take what I wish from the dead... her vengeance is her reward.",마조가는 그녀의 친구인 라'빈드라를 살해한 도적들을 공격했다고 말했다. 그녀는 도적 시체들에서 원하는 것을 가져가도 좋다고 했다. 그녀에겐 복수가 보상인 셈이다.,record,False,False,False,False,,
Oblivion.esm,QUST,0008596C,MS91,CNAM,16,100,0,"Count Marius Caro thanked me for my services to County Leyawiin, and suggested that he might make Mazoga and I knights-errant as reward for our noble deeds.","마리우스 카로 백작은 레이야윈 지역을 위해 일해준 나의 공헌에 감사를 표하며, 우리의 고귀한 업적에 대한 보상으로 마조가와 나를 기사 수행자로 임명할 수도 있다고 말했다.",record,False,False,False,False,,
Oblivion.esm,QUST,0008596C,MS91,CNAM,17,200,0,Mazoga is dead. Now I'll never learn Mazoga's story.,"마조가가 죽었다. 이제, 마조가의 이야기를 절대 알 수 없을 것이다.",record,False,False,False,False,,
Oblivion.esm,QUST,0008596C,MS91,CNAM,18,210,0,"Weebam-Na is dead. Now I'll never know what Mazoga wanted, and I can never learn Mazoga's story.","위밤-나가 죽었다. 이제, 마조가 원하는 것을 절대 알 수 없을 것이다. 그리고 마조가의 이야기 역시 절대 알 수 없을 것이다.",record,False,False,False,False,,
Oblivion.esm,QUST,00085485,HouseImperialCity,FULL,0,,,Buy a house in the Imperial City,임페리얼 시티에서 집 구입(Buy a house in the Imperial City),record,True,True,False,False,HIGH,"Buy, house, in, the, Imperial, City"
Oblivion.esm,QUST,00085485,HouseImperialCity,CNAM,0,10,0,"I just bought a house in the Imperial City. It's in the Waterfront district, on the far side of the harbor wall.",가까스로 임페리얼시티에 집을 구입했다. 선창가 지역(Waterfront district)의 항구 벽의 바깥쪽에 있다. ,record,True,True,False,False,HIGH,"Waterfront, district"
Oblivion.esm,QUST,00085485,HouseImperialCity,CNAM,1,20,0,"Now that I've arrived at my new house in the Imperial City, I may want to head over to Sergius Verus at Three Brothers Trade Goods to secure some furnishings for it.","임페리얼시티에 있는 새로 산 집에 도착해 보니, 가구가 좀 필요할 것만 같다. 삼형제 교역점의 세르지우스 베루스(Sergius Verus)에게서 구입할 수 있을 것이다. ",record,True,True,False,False,HIGH,"Sergius, Verus"
Oblivion.esm,QUST,00085485,HouseImperialCity,CNAM,2,30,0,I've now bought everything Sergius has for my house in the Imperial City.,세르지우스 베루스(Sergius Verus)에게서 임페리얼시티의 나의 집에 필요한 모든 것을 구입했다. ,record,True,True,False,False,HIGH,"Sergius, Verus"
Oblivion.esm,QUST,00085484,HouseSkingrad,FULL,0,,,Buying a house in Skingrad,스킨그라드 집 구입,record,False,False,False,False,,
Oblivion.esm,QUST,00085484,HouseSkingrad,CNAM,0,5,0,I was told that I need to speak with Shum gro-Yarug to buy a house in Skingrad.,스킨그라드 집 구입,record,False,False,False,False,,
Oblivion.esm,QUST,00085484,HouseSkingrad,CNAM,1,10,0,"I just bought a house in Skingrad. It's just inside the main gate, next to the bridge that leads to the Chapel.",가까스로 스킨그라드에 집을 구입했다. 정문 안쪽 예배당와 연결된 다리 맞은편에 있다.,record,False,False,False,False,,
Oblivion.esm,QUST,00085484,HouseSkingrad,CNAM,2,20,0,"Now that I've arrived at my new house in Skingrad, I may want to head over to Gunder at Colovian Traders to secure some furnishings for it.","스킨그라드에 있는 새로 산 집에 도착해 보니, 가구가 좀 필요할 것만 같다. 콜로비아 상회의 군더에게서 구입할 수 있을 것이다.",record,False,False,False,False,,
Oblivion.esm,QUST,00085484,HouseSkingrad,CNAM,3,30,0,I've now bought everything Gunder has for my house in Skingrad.,군더에게서 스킨그라드의 나의 집에 필요한 모든 것을 구입했다.,record,False,False,False,False,,
Oblivion.esm,QUST,00085483,HouseCheydinhal,FULL,0,,,Buying a house in Cheydinhal,쉐이던홀에서 집 구입(Buying a house in Cheydinhal),record,True,True,False,False,HIGH,"Buying, house, in, Cheydinhal"
Oblivion.esm,QUST,00085483,HouseCheydinhal,CNAM,0,10,0,I just bought a house in Cheydinhal. It's right next to the town statue.,가까스로 쉐이딘홀에 집을 구입했다. 도시석상(town statue)의 오른편 건물이다. ,record,True,True,False,False,HIGH,"town, statue"
Oblivion.esm,QUST,00085483,HouseCheydinhal,CNAM,1,20,0,"Now that I've arrived at my new house in Cheydinhal, I may want to head over to Borba gra-Uzgash at Borba's Goods and Stores to secure some furnishings for it.","쉐이딘홀(Cheydinha)에 있는 새로 산 집에 도착해 보니, 가구가 좀 필요할 것만 같다. 보바의 굿즈 앤 스토어즈(Borba's Goods and Stores)의 보바 그라-우즈가쉬(Borba gra-Uzgash)에게서 구입할 수 있을 것이다. ",record,True,True,False,False,HIGH,"Cheydinha, Borba's, Goods, and, Stores, Borba, gra-Uzgash"
Oblivion.esm,QUST,00085483,HouseCheydinhal,CNAM,2,30,0,I've now bought everything Borba gra-Uzgash has for my house in Cheydinhal.,보바 그라-우즈가쉬(Borba gra-Uzgash)에게서 쉐이딘홀(Cheydinha)의 나의 집에 필요한 모든 것을 구입했다. ,record,True,True,False,False,HIGH,"Borba, gra-Uzgash, Cheydinha"
Oblivion.esm,QUST,00085482,HouseChorrol,FULL,0,,,Buying a house in Chorrol,코롤에서 집 구입(Buying a house in Chorrol),record,True,True,False,False,HIGH,"Buying, house, in, Chorrol"
Oblivion.esm,QUST,00085482,HouseChorrol,CNAM,0,10,0,I just bought a house in Chorrol. It's on the main plaza and back up against the chapel.,가까스로 코롤에 집을 구입했다. 중앙광장(main plaza)에 교회(chapel) 맞은편에 있다. ,record,True,True,False,False,HIGH,"main, plaza, chapel"
Oblivion.esm,QUST,00085482,HouseChorrol,CNAM,1,20,0,"Now that I've arrived at my new house in Chorrol, I may want to head over to Seed-Neeus at Northern Goods and Trade to secure some furnishings for it.","코롤에 있는 새로 산 집에 도착해 보니, 가구가 좀 필요할 것만 같다. 노스런 굿즈 앤 트레이드(Northern Goods and Trade)의 시드-니우스(Seed-Neeus)에게서 구입할 수 있을 것이다. ",record,True,True,False,False,HIGH,"Northern, Goods, and, Trade, Seed-Neeus"
Oblivion.esm,QUST,00085482,HouseChorrol,CNAM,2,30,0,I've now bought everything Seed-Neeus has for my house in Chorrol.,시드-니우스(Seed-Neeus)에게서 코롤의 나의 집에 필요한 모든 것을 구입했다. ,record,True,True,False,False,HIGH,Seed-Neeus
Oblivion.esm,QUST,00085481,HouseBruma,FULL,0,,,Buying a house in Bruma,브루마에서 집 구입(Buying a house in Bruma),record,True,True,False,False,HIGH,"Buying, house, in, Bruma"
Oblivion.esm,QUST,00085481,HouseBruma,CNAM,0,10,0,I just bought a house in Bruma. It's right next to the main gate.,가까스로 브루마에 집을 구입했다. 정문(main gate)의 오른편 건물이다.,record,True,True,False,False,HIGH,"main, gate"
Oblivion.esm,QUST,00085481,HouseBruma,CNAM,1,20,0,"Now that I've arrived at my new house in Bruma, I may want to head over to Suurootan at Novaroma to secure some furnishings for it.","브루마에 있는 새로 산 집에 도착해 보니, 가구가 좀 필요할 것만 같다. 노바로마(Novaroma)의 수르탄(Suurootan)에게서 구입할 수 있을 것이다. ",record,True,True,False,False,HIGH,"Novaroma, Suurootan"
Oblivion.esm,QUST,00085481,HouseBruma,CNAM,2,30,0,I've now bought everything Suurootan has for my house in Bruma.,수르탄(Suurootan)에게서 브루마의 나의 집에 필요한 모든 것을 구입했다.,record,True,True,False,False,HIGH,Suurootan
Oblivion.esm,QUST,00085480,HouseBravil,FULL,0,,,Buying a house in Bravil,브라빌에서 집 구입(Buying a house in Bravil),record,True,True,False,False,HIGH,"Buying, house, in, Bravil"
Oblivion.esm,QUST,00085480,HouseBravil,CNAM,0,10,0,I just bought a house in Bravil on the east side of the canal.,가까스로 브라빌의 운하 동쪽 있는 집을 구입했다.,record,False,False,False,False,,
Oblivion.esm,QUST,00085480,HouseBravil,CNAM,1,20,0,"Now that I've arrived at my new house in Bravil, I may want to head over to Nilawen at The Fair Deal to secure some furnishings for it.","브라빌에 있는 새로 산 집에 도착해 보니, 가구가 좀 필요할 것만 같다. 페어 딜(Fair Deal)의 닐로엔(Nilawen)에게서 구입할 수 있을 것이다.",record,True,True,False,False,HIGH,"Fair, Deal, Nilawen"
Oblivion.esm,QUST,00085480,HouseBravil,CNAM,2,30,0,I've now bought everything Nilawen has for my house in Bravil.,닐로엔(Nilawen)에게서 브라빌의 나의 집에 필요한 모든 것을 구입했다.,record,True,True,False,False,HIGH,Nilawen
Oblivion.esm,QUST,0008547F,HouseLeyawiin,FULL,0,,,Buying a house in Leyawiin,레이어윈에서 집 구입(Buying a house in Leyawiin),record,True,True,False,False,HIGH,"Buying, house, in, Leyawiin"
Oblivion.esm,QUST,0008547F,HouseLeyawiin,CNAM,0,10,0,I just bought a house in Leyawiin. It's right in the middle of town.,가까스로 레이어윈에 집을 구입했다. 마을 중앙에서 오른편에 있다. ,record,False,False,False,False,,
Oblivion.esm,QUST,0008547F,HouseLeyawiin,CNAM,1,20,0,"Now that I've arrived at my new house in Leyawiin, I may want to head over to Gundalas at Best Goods and Guarantees to secure some furnishings for it.","레이어윈에 있는 새로 산 집에 도착해 보니, 가구가 좀 필요할 것만 같다. 최고의 상품과 보증서(Best Goods and Guarantees)의 군다라스(Gundalas)에게서 구입할 수 있을 것이다. ",record,True,True,False,False,HIGH,"Best, Goods, and, Guarantees, Gundalas"
Oblivion.esm,QUST,0008547F,HouseLeyawiin,CNAM,2,30,0,I've now bought everything Gundalas has for my house in Leyawiin.,군다라스(Gundalas)에게서 레이어윈의 나의 집에 필요한 모든 것을 구입했다. ,record,True,True,False,False,HIGH,Gundalas
Oblivion.esm,QUST,000844C6,NQDImperialCityNPC,FULL,0,,,NQDImperialCityNPC,NQD 임페리얼 시티 NPC,record,False,True,False,False,MEDIUM,"NQD, NPC"
Oblivion.esm,QUST,00053D7C,E3,FULL,0,,,E3 Demo quest,E3 데모 퀘스트,record,False,False,False,False,,
Oblivion.esm,QUST,00035A95,MS43,FULL,0,,,Whom Gods Annoy,신들이 괴롭히는 자들,record,False,False,False,False,,
Oblivion.esm,QUST,00035A95,MS43,CNAM,0,10,0,I'm hearing a strange report of odd noises and smells coming from around Rosentia Gallenus's house here in Leyawiin. Perhaps I should go and investigate.,신들이 괴롭히는 자들,record,False,False,False,False,,
Oblivion.esm,QUST,00035A95,MS43,CNAM,1,20,0,"Rosentia Gallenus has told me she acquired a strange Daedric staff, and after trying to examine it, she inadvertently summoned some scamps. Now the things follow her wherever she goes. Worse still, the staff seems cursed and she cannot drop it, sell it or get rid of it. She implored me to help her figure a way to rid her of the curse. She suggested I speak to a friend of hers at the Mages Guild, Alves Uvenim.","로젠티나 갈레이너스(Rosentia Gallenus)는 이상한 데드릭 지팡이(Daedric staff)를 얻었는데 그것을 시험하던 중에 의도하지 않은 스캠프들(scamps) 몇 마리가 소환되었다고 했다. 그 후 녀석들은 그녀가 어디로 가든 따라다니고 있다. 설상가상으로 그 지팡이는 저주받은 것처럼 버리지도, 팔지도, 부수지도 못하였다. 그녀는 제발 그녀의 저주를 없애는 것을 도와달라고 애원하였다. 그녀는 그녀의 친구인 메이지길드의 알브스 유베님(Alves Uvenim)을 만나볼 것을 권했다.",record,True,True,False,False,HIGH,"Rosentia, Gallenus, Daedric, staff, scamps, Alves, Uvenim"
Oblivion.esm,QUST,00035A95,MS43,CNAM,2,30,0,"Alves Uvenim identified the cursed staff as the Staff of the Everscamp. The only way to rid one's self of the staff is if someone else willingly accepts it. Finally, she pointed out that the only way to fully break the curse would be to return it to where it came from; Darkfathom Cave. I should take this information back to Rosentia immediately.","알베스 우베님은 그 저주받은 지팡이가 영원 스캠프의 지팡이일거라고 했다. 지팡이를 없애는 유일한 방법은 다른 누군가가 자진해서 그것을 받아들이는 방법이었다. 결정적으로, 그녀는 그 지팡이가 있던 곳인 어두운 측연 동굴에 되돌려 놓는 것만이 유일하게 저주를 완전히 풀 수 있는 방법이라고 했다. 이 정보를 즉시 로젠티아에게 전해주어야 한다.",record,False,False,False,False,,
Oblivion.esm,QUST,00035A95,MS43,CNAM,3,40,0,I've willingly accepted the staff from Rosentia. The scamps are now under my escort. I should hasten to Darkfathom Cave and be rid of these annoying creatures.,난 자진해서 로젠티아로부터 지팡이를 넘겨받았다. 스캠프들은 이제 나를 쫓아다닌다. 어서 어두운 측연 동굴로 가서 이 성가신 것들을 떼어놓아야 한다.,record,False,False,False,False,,
Oblivion.esm,QUST,00035A95,MS43,CNAM,4,50,0,I've arrived at Darkfathom Cave. I should proceed inside.,어두운 측연 동굴에 도착했다. 안으로 들어가야 한다.,record,False,False,False,False,,
Oblivion.esm,QUST,00035A95,MS43,CNAM,5,60,0,I've arrived at the shrine to Sheogorath. I should find the altar and place the staff near it.,셰오고라스 성지에 도착했다. 제단과 지팡이를 놓아둘 곳을 찾아야 한다.,record,False,False,False,False,,
Oblivion.esm,QUST,00035A95,MS43,CNAM,6,70,0,"I've placed the staff near the altar at the shrine to Sheogorath. The scamps seem pleased with their new home, and best of all have stopped following me. I should return to Rosentia with the news.","지팡이를 셰오고라스 성지의 제단 근처에 갔다 놓았다. 스캠프들은 그들의 새로운 집을 마음에 들어 하는 것 같았고, 더 이상 나를 따르지 않았다. 이 소식을 로젠티아에게 전해야 한다.",record,False,False,False,False,,
Oblivion.esm,QUST,00035A95,MS43,CNAM,7,100,0,"Rosentia Gallenus was gratified that I rid her of the scamps, and rewarded me with a daedric ring she identified as the Ring of Eidolon's Edge.","로젠티아 갈레누스는 그녀의 스캠프들을 처리해주자 매우 기뻐했고, 보답으로 아이돌론의 칼날 반지라고 하는 데이드라 반지를 주었다.",record,False,False,False,False,,
Oblivion.esm,QUST,0004E936,MS39,FULL,0,,,Seeking Your Roots,뿌리를 찾아서,record,False,False,False,False,,
Oblivion.esm,QUST,0004E936,MS39,CNAM,0,10,0,I've recovered a sprig of Nirnroot. A plant ingredient this unusual must have value. Perhaps I should bring it to an alchemist and find out a little more about it. An alchemist can be found in almost every city in Cyrodiil.,뿌리를 찾아서,record,False,False,False,False,,
Oblivion.esm,QUST,0004E936,MS39,CNAM,1,20,0,The alchemist I've spoken to has referred me to Sinderion in Skingrad. Apparently he specializes in the more botanical aspects of alchemy. I should bring the Nirnroot to him.,"연금술사가 스킨그라드에 있는 신데리온이라는 사람에게 문의해보라고 말했다. 분명히 그는 연금술에 있어, 식물성재료들을 좀 더 전문적으로 다루는 것이 틀림없다. 넌루트를 그에게 가져가야겠다.",record,False,False,False,False,,
Oblivion.esm,QUST,0004E936,MS39,CNAM,2,30,0,"Sinderion, an alchemist in Skingrad is looking for a rare root known as Nirnroot. According to his research, this rare root can be a powerful ingredient in the creation of a special potion known as the Elixir of Exploration. Because of this, Sinderion has tasked me to find 10 samples of this mystical plant. He indicated a part of the Great Forest to the northeast called Shadeleaf Copse as a good starting point.",스킨그라드에 있는 신데리온은 넌루트가 아주 희귀한 것이라고 했다. 그의 연구에 따르면 이 희귀한 뿌리는 탐험의 영약이라고 알려진 특별한 물약 제조에 가장 중요한 재료라고 한다. 신데리온은 이 신비로운 식물을 10개 정도만 구해달라고 했다. 그는 여기서부터 시작하는 게 좋을 것 같다며 대삼림의 한 부분을 지목했다. 그곳은 그늘잎 잡목림이라고 불리는 곳이었다.,record,False,False,False,False,,
Oblivion.esm,QUST,0004E936,MS39,CNAM,3,40,0,I have reached The Shadeleaf Copse. I can now begin my search for the Nirnroot.,그늘잎 잡목림에 도착했다. 이제 넌루트를 찾아봐야겠다.,record,False,False,False,False,,
Oblivion.esm,QUST,0004E936,MS39,CNAM,4,60,0,I've now found a total of 10 Nirnroot. I should return to Sinderion in Skingrad so he can begin creating an Elixir of Exploration from them.,넌루트 10개를 모두 모았다. 이제 스킨그라드에 있는 신데리온에게 돌아가 이 뿌리로 탐험의 영약을 만드는 것을 지켜봐야겠다.,record,False,False,False,False,,
Oblivion.esm,QUST,0004E936,MS39,CNAM,5,65,0,"I've given Sinderion the first 10 samples of Nirnroot. He told me if I wish to have a moderate version of the Elixir of Exploration made, he'd need 20 more samples.",신데리온에게 넌루트 10개를 주었다. 그는 내게 중급 정도의 탐험의 영약을 만들고 싶다면 20개 이상의 넌루트가 필요하다고 말했다.,record,False,False,False,False,,
Oblivion.esm,QUST,0004E936,MS39,CNAM,6,70,0,I've found 20 more of the Nirnroot. I should return to Sinderion in Skingrad so he can begin creating a moderate version of the Elixir of Exploration from them.,20개 이상의 넌루트를 찾았다. 이제 스킨그라드에 있는 신데리온에게 돌아가 이 뿌리로 중급 탐험의 영약을 만드는 것을 지켜봐야겠다.,record,False,False,False,False,,
Oblivion.esm,QUST,0004E936,MS39,CNAM,7,75,0,"I've given Sinderion 20 samples of Nirnroot. He told me if I wish to have a strong version of the Elixir of Exploration made, he'd need 30 more samples.",신데리온에게 넌루트 20개를 주었다. 그는 내게 상급 정도의 탐험의 영약을 만들고 싶다면 30개 이상의 넌루트가 필요하다고 말했다.,record,False,False,False,False,,
Oblivion.esm,QUST,0004E936,MS39,CNAM,8,80,0,I've found 30 more of the Nirnroot. I should return to Sinderion in Skingrad so he can begin creating a strong version of the Elixir of Exploration from them.,30개 이상의 넌루트를 찾았다. 이제 스킨그라드에 있는 신데리온에게 돌아가 이 뿌리로 상급 탐험의 영약을 만드는 것을 지켜봐야겠다.,record,False,False,False,False,,
Oblivion.esm,QUST,0004E936,MS39,CNAM,9,85,0,"I've given Sinderion 30 samples of Nirnroot. He told me if I wish to have a grand version of the Elixir of Exploration made, he'd need 40 more samples.",신데리온에게 넌루트 30개를 주었다. 그는 내게 최상급 정도의 탐험의 영약을 만들고 싶다면 40개 이상의 넌루트가 필요하다고 말했다.,record,False,False,False,False,,
Oblivion.esm,QUST,0004E936,MS39,CNAM,10,90,0,I've found 40 more samples of Nirnroot. I should return to Sinderion in Skingrad so he can begin creating a grand version of the Elixir of Exploration from them.,40개 이상의 넌루트를 찾았다. 이제 스킨그라드에 있는 신데리온에게 돌아가 이 뿌리로 최상급 탐험의 영약을 만드는 것을 지켜봐야겠다.,record,False,False,False,False,,
Oblivion.esm,QUST,0004E936,MS39,CNAM,11,100,0,"Sinderion informed me that he's exhausted his research regarding the Elixir of Exploration. However, he mentioned that he'd be glad to pay for any more samples of Nirnroot that I can find so he can keep himself supplied with the ingredient. Hopefully, I will come across more in my travels to bring to him.","신데리온은 나에게 탐험의 영약 관련 연구에 넌루트를 다 써버렸다고 알려줬다. 그러나 나의 도움으로 계속 넌루트의 연구를 해볼 수 있었던 것이 너무나 기쁘다고 말했다. 운이 좋다면, 여행을 하다가 넌루트를 발견할 수도 있으니, 그것을 가져다주어야겠다.",record,False,False,False,False,,
Oblivion.esm,QUST,0004E936,MS39,CNAM,12,200,0,"Sinderion has died, and the future of Nirnroot research has disappeared with him.",신데리온이 죽었다. 그리고 앞으로의 넌루트 연구도 그와 함께 사라졌다.,record,False,False,False,False,,
Oblivion.esm,QUST,0004CE4C,DarkVamp,FULL,0,,,Darkness Eternal,영원한 어둠,record,False,False,False,False,,
Oblivion.esm,QUST,0004CE4C,DarkVamp,CNAM,0,10,0,"As a reward for my loyal service to the Dark Brotherhood, Vicente Valtieri is willing to turn me into a vampire. If this is my wish, I should speak to Valtieri about the Dark Gift.",영원한 어둠,record,False,False,False,False,,
Oblivion.esm,QUST,0004CE4C,DarkVamp,CNAM,1,20,0,"I have accepted Vicente Valtieri's offer to turn me into a vampire. The next time I sleep in the Sanctuary, Valtieri will visit me and pass along his Dark Gift.",비센티 발티에리에게 뱀파이어 되기로 한 나의 결심을 전했다. 성역에서 잠들게 되면 발티에리는 나를 데리고 어둠의 선물을 선사할 것이다.,record,False,False,False,False,,
Oblivion.esm,QUST,0004CE4C,DarkVamp,CNAM,2,100,0,"Upon awakening, I discovered two bleeding pinpricks on my neck. It would appear Vicente Valtieri did indeed visit me last night, and pass along his Dark Gift! If what Valtieri told me is true, my vampirism will begin to manifest itself in three days, after I sleep once more.","잠에서 깨자, 목에 핏기 선명한 두 개의 이빨 자욱이 있는 것을 발견했다. 이는 어젯밤 비센테 발티어리(Vicente Valtieri)가 내가 있는 곳을 방문했고 어둠의 선물을 선사했다는 것을 의미한다! 발티어리(Valtieri)가 나에게 이야기한 것이 사실이라면, 나의 뱀파이어로서의 삶은 잠 들고 난 뒤 3일후부터 본격적인 시작을 맞게 될 것이다.",record,True,True,False,False,HIGH,"Vicente, Valtieri, Valtieri"
Oblivion.esm,QUST,0004CE4C,DarkVamp,CNAM,3,110,0,"Vicente Valtieri believes there is a cure for vampirism. If I wish to investigate further, I should speak with Raminus Polus, a mage who has done some research into the subject. I can find him in the Imperial City, at the Arcane University.",비센티 발티에리는 뱀파이어화를 치료할 방법이 있다고 말한다. 이에 대해 좀 더 조사하기 위해 이 분야에 해박한 마법사 라미누스 폴루스와 이야기 할 필요가 있을 것이다. 그는 임페리얼 시티의 아케인 대학에서 찾을 수 있다.,record,False,False,False,False,,
Oblivion.esm,QUST,0004CE4C,DarkVamp,CNAM,4,115,0,"Vicente Valtieri is dead. If I wish to become a vampire, I must seek another means of acquiring the Dark Gift...","비센티 발티에리는 죽었다. 뱀파이어가 될 마음이 생긴다면, 어둠의 선물에 대해 다른 수단을 강구해야만 한다...",record,False,False,False,False,,
Oblivion.esm,QUST,0004CE4C,DarkVamp,CNAM,5,116,0,"Vicente Valtieri is dead. If I need further information on vampirism, I'll have to find it elsewhere...","비센티 발티에리는 죽었다. 뱀파이어화에 대한 정보를 더 얻고자 한다면, 다른 어딘가에서 이를 찾아내야만 한다...",record,False,False,False,False,,
Oblivion.esm,QUST,00049969,NQDImperialCity,FULL,0,,,NQDImperialCity,NQD 임페리얼 시티,record,False,True,False,False,MEDIUM,NQD
Oblivion.esm,QUST,0003E933,MS40,FULL,0,,,Vampire Cure,뱀파이어 치료사,record,False,False,False,False,,
Oblivion.esm,QUST,0003E933,MS40,CNAM,0,5,0,I should travel to the Arcane University in the Imperial City and speak with Raminus Polus about the possibility of a cure for Vampirism.,뱀파이어 치료사,record,False,False,False,False,,
Oblivion.esm,QUST,0003E933,MS40,CNAM,1,10,0,I need to speak with Count Hassildor of Skingrad. I should find his Steward at Castle Skingrad.,스킨그라드로 가서 하실도르 백작과 대화할 필요가 있다. 우선 스킨그라드 성에 있는 그의 집사부터 찾아봐야겠다.,record,False,False,False,False,,
Oblivion.esm,QUST,0003E933,MS40,CNAM,2,20,0,"Count Hassildor of Skingrad has asked me to find the cure for vampirism. I should look for a woman in the wilderness along the Corbolo River, east of the Imperial City and south of Cheydinhal.","스킨그라드의 하실도르 백작이 나에게 뱀파이어화 치료법을 찾아달라고 말했다. 임페리얼 시티의 동쪽, 셰이딘홀의 남쪽에 있는 코볼로 강에 한 여인이 홀로 살고 있다고 한다. 그녀를 찾아보자.",record,False,False,False,False,,
Oblivion.esm,QUST,0003E933,MS40,CNAM,3,30,0,"I have found Melisande, who has offered to help me with a  cure for vampirism. Once I have brought her five empty Grand Soul Gems, she will give me further instructions.",내가 찾아낸 멜리샌드(Melisande)라는 여인은 나에게 뱀파이어화(Vampirism) 치료법을 알려주겠다고 했다. 그에 앞서 그녀는 다섯 개의 빈 그랜드 소울 잼(Grand Soul Gem)을 가져다주기를 요구했다.,record,True,True,False,False,HIGH,"Melisande, Vampirism, Grand, Soul, Gem"
Oblivion.esm,QUST,0003E933,MS40,CNAM,4,40,0,"I have delivered the Soul Gems to Melisande. Now I must collect a series of ingredients for her, so that she can brew the potion to cure vampirism. She needs six cloves of garlic, five nightshade leaves, and two shoots of bloodgrass. ","멜리산데에게 초특급 소울젬 다섯 개를 가져다 주었다. 이제 뱀파이어화의 치료약 제조에 필요한 여러 가지 재료들을 모아올 차례다. 그녀는 마늘 여섯 쪽, 밤그늘꽃 다섯 잎, 혈초 두 포기가 필요하다고 했다. ",record,False,False,False,False,,
Oblivion.esm,QUST,0003E933,MS40,CNAM,5,41,0,"Melisande has given me a special dagger, with which I am to collect the blood of an Argonian. I should find an Argonian, stab him with the dagger, and return it to Melisande.","멜리산데는 내게 특이한 단검을 주면서, 치료약 제조에 쓰일 아르고니안의 피를 묻혀오라고 했다. 아르고니안을 찾아 단검으로 찌른 뒤 멜리산데에게 돌아와야겠다.",record,False,False,False,False,,
Oblivion.esm,QUST,0003E933,MS40,CNAM,6,42,0,"Melisande requires the ashes of a powerful vampire to complete her cure. I should search the area near the North Panther River for Hindaril, a vampire who was imprisoned in an underground cavern many years ago.",멜리산데는 치료약을 완성하기 위해선 강력한 뱀파이어의 재가 필요하다고 했다. 수년 전에 동굴 속에 갇혀버린 뱀파이어 힌다릴은 표범 강 북쪽에 있다고 하니 그 근처를 찾아봐야겠다.,record,False,False,False,False,,
Oblivion.esm,QUST,0003E933,MS40,CNAM,7,50,0,I have collected the ashes of Hindaril for Melisande. I should bring them to her at once.,멜리산데에게 줄 힌다릴의 재를 모았다. 이제 그녀에게 가져다주어야겠다.,record,False,False,False,False,,
Oblivion.esm,QUST,0003E933,MS40,CNAM,8,60,0,Melisande's dagger is covered in Argonian blood. I should deliver it to her so that she can brew the potion.,아르고니안의 피를 멜리산데의 단검에 묻혔다. 그녀가 약을 제조할 수 있도록 이걸 그녀에게 가져다주어야겠다.,record,False,False,False,False,,
Oblivion.esm,QUST,0003E933,MS40,CNAM,9,70,0,Melisande has created a potion to cure vampirism. I have been given two doses; one for myself and one that I need to take to Castle Skingrad. I should travel there and speak with Hal-Liurz.,"멜리산데가 뱀파이어화 치료약을 만들어냈다. 그녀는 나에게 두 병의 치료약을 주었다. 하나는 내가 사용하고, 남은 하나는 스킨그라드 성으로 가지고 가야겠다. 우선 할-리우르즈와 얘기를 해봐야겠다.",record,False,False,False,False,,
Oblivion.esm,QUST,0003E933,MS40,CNAM,10,80,0,The Countess of Skingrad is dead. I need to speak with Hai-Liurz at Castle Skingrad after the Count has had time to grieve for his wife.,스킨그라드의 백작부인이 죽었다. 백작에게는 아내의 죽음을 애도할 시간이 필요한듯하다. 그가 마음의 안정을 찾은 후에 스킨그라드 성(Castle Skingrad)에 있는 할 뤼즈(Hal-Liurz)에게 다시 이야기 해보자.,record,True,True,False,False,HIGH,"Castle, Skingrad, Hal-Liurz"
Oblivion.esm,QUST,0003E933,MS40,CNAM,11,100,0,Count Hassildor thanked me for finding a cure for his wife.,하실도르 백작은 아내의 치료법을 찾아준 것에 대해 고마움을 표했다.,record,False,False,False,False,,
Oblivion.esm,QUST,0003E8FF,GenericDremora,FULL,0,,,Generic Dremora dialogue,일반적인 드레모라 대화,record,False,False,False,False,,
Oblivion.esm,QUST,0003C168,TrainingMarksman,FULL,0,,,Marksman Training,사격술 훈련,record,False,False,False,False,,
Oblivion.esm,QUST,0003C168,TrainingMarksman,CNAM,0,10,0,"I need to find Alawen, so that I may master my use of a bow.",사격술 훈련,record,False,False,False,False,,
Oblivion.esm,QUST,0003C168,TrainingMarksman,CNAM,1,20,0,"Alawen has agreed to teach me, but only if I acquire a normal Elven bow and bring it to her.","알라웬은 나를 가르쳐주기로 했지만, 그 전에 난 일반 엘프제 활을 얻어서 그녀에게 주어야 한다.",record,False,False,False,False,,
Oblivion.esm,QUST,0003C168,TrainingMarksman,CNAM,2,100,0,"I have met Alawen's requirements, and she has agreed to teach me what she knows.","알라웬의 요구를 이행했고, 그녀는 알고 있는 바를 나에게 가르쳐 주기로 했다.",record,False,False,False,False,,
Oblivion.esm,QUST,0003C168,TrainingMarksman,CNAM,3,200,0,Alawen is dead. I have no hope of being taught more about Marksman skills now.,알라웬이 죽었다. 이젠 사격술에 관하여 더 배울 희망은 없어졌다.,record,False,False,False,False,,
Oblivion.esm,QUST,00020088,TestVoiceBudget,FULL,0,,,Export this quest to see race/sex for each city,이 퀘스트를 내보내 각 도시의 종족/성별을 확인하세요.,record,False,False,False,False,,
Oblivion.esm,QUST,0003D7B0,ArenaICGrandChampion,FULL,0,,,Arena Grand Champion Match Control Script,아레나 그랜드 챔피언 매치 제어 스크립트,record,False,False,False,False,,
Oblivion.esm,QUST,0003B665,NQDAnvilNPC,FULL,0,,,NQD Anvil NPC,NQD 모루 NPC,record,False,True,False,False,MEDIUM,"NQD, NPC"
Oblivion.esm,QUST,0003B664,NQDAnvil,FULL,0,,,NQD Anvil,NQD 모루,record,False,True,False,False,MEDIUM,NQD
Oblivion.esm,QUST,0003B3F5,NQDBrumaNPC,FULL,0,,,NQD Bruma NPC,NQD 브루마 NPC,record,False,True,False,False,MEDIUM,"NQD, NPC"
Oblivion.esm,QUST,0003B3F4,NQDBruma,FULL,0,,,NQD Bruma,NQD 브루마,record,False,True,False,False,MEDIUM,NQD
Oblivion.esm,QUST,0003B3F3,NQDLeyawiinNPC,FULL,0,,,NQDLeyawiin NPC,NQD 레이위인 NPC,record,False,True,False,False,MEDIUM,"NQD, NPC"
Oblivion.esm,QUST,0003B3F2,NQDKvatchNPC,FULL,0,,,NQD Kvatch NPC,NQD 크바치 NPC,record,False,True,False,False,MEDIUM,"NQD, NPC"
Oblivion.esm,QUST,0003B3F1,NQDCheydinhalNPC,FULL,0,,,NQD Cheydinhal NPC,NQD 셰이딘홀 NPC,record,False,True,False,False,MEDIUM,"NQD, NPC"
Oblivion.esm,QUST,0003AF05,MS04,FULL,0,,,The Siren's Deception,사이렌의 속임수,record,False,False,False,False,,
Oblivion.esm,QUST,0003AF05,MS04,CNAM,0,5,0,"I've heard an all female gang of thieves is preying on the men folk of Anvil. While I didn't get all the details, I was pointed in the direction of Gogan and Maelona, two local Anvil residents. Somehow, Gogan is ""intimately"" involved whatever that means.","엔빌의 남성들만 노리는 여성 도적단에 대한 얘기를 들었다. 자세한 상황을 알지 못한 채로 엔빌 주민인 고건(Gogan)과 멜로나(Maelona)를 찾아가보라는 말을 들었고, 어쩐지 고건(Gogan)은 도적들과 어떤 식으로든 ""밀접하게"" 관련되어 있는 듯 했다.",record,True,True,False,False,HIGH,"Gogan, Maelona, Gogan"
Oblivion.esm,QUST,0003AF05,MS04,CNAM,1,10,0,"I've spoken to Maelona, a Reguard commoner who lives in Anvil. It seems that a gang of female thieves has taken up residence somewhere nearby. They're luring men out to their farmhouse by seducing them, and then in actuality, robbing them of all their goods when they arrive. The men are so embarrassed about this that they won't report it to the authorities. Maelona's husband is one of the ""victims"".","엔빌에 사는 레드가드인 멜로나(Maelona)와 이야기를 했다. 이 여성 도적단은 이 근처 어딘가에 자리잡고 있는 듯 했다. 그들은 남자들을 유혹해서 그들의 농가로 끌어들인 뒤, 말그대로 모든 물건을 강탈한다고 한다. 그 남자들은 곤경에 빠지게 되고 체면상 알려지길 원하지 않는다고 한다. 멜로나(Maelona)의 남편은 ""유혹에 넘어간 자들"" 중 한 명이라고 한다.",record,True,True,False,False,HIGH,"Maelona, Maelona"
Oblivion.esm,QUST,0003AF05,MS04,CNAM,2,20,0,"Upon further questioning, I've discovered that Maelona's husband, Gogan, was carrying a family heirloom when the all-female gang robbed him.  She's desperate to get the ring back, and is offering 100 gold for its return.","더 질문한 결과, 맬로나의 남편인 고건이 여성도적단에게 가보를 강탈당했다는 사실을 알게 되었다. 맬로나는 가보인 반지를 되찾길 간절히 원했고, 찾아준다면 보상으로 100 골드를 주겠다고 했다.",record,False,False,False,False,,
Oblivion.esm,QUST,0003AF05,MS04,CNAM,3,30,0,"Maelona told me that the men are usually approached at the local watering hole, The Flowing Bowl. That's where I should make contact with the gang. I should speak to Gogan, as he may be able to add some more useful information.",맬로나는 남자들은 보통 이 지역의 사교장인 넘치는 그릇에 모인다고 말해주었다. 그곳에서 도적단과 접촉하는게 좋을 듯 싶다. 또 유용한 정보를 더 얻기 위해 고건과 대화를 나누어 보아야 할 것 같다.,record,False,False,False,False,,
Oblivion.esm,QUST,0003AF05,MS04,CNAM,4,35,0,"After speaking to Gogan, I've learned that there are at least two gang members, an Imperial and a Nord. They lure men to a remote location, trick them into removing their clothes and equipment, and then ambush them while they are defenseless. I think at this point I have enough information to pay a visit to The Flowing Bowl.","고건과 대화를 해본 후에, 도적단은 적어도 임페리얼과 노드 인종의 2명 이상의 집단인걸 알게 되었다. 도적단은 남자들을 유혹해 외딴 곳으로 유인하고, 속임수로 남자들의 옷과 장비들을 벗긴 후, 무방비상태가 되었을 때 습격한다고 한다. 이 정도면 넘치는 그릇에 가기에 충분한 정보를 얻었다고 생각한다.",record,False,False,False,False,,
Oblivion.esm,QUST,0003AF05,MS04,CNAM,5,40,0,"Faustina Cartia approached me after I arrived at The Flowing Bowl. She said that I had what it took to join their gang, and if I was interested, to meet her in the farmhouse at a small settlement outside of Anvil called Gweden around 11 tonight. This was the break I was looking for, so I'll follow my map to that location.",넘치는 그릇에 도착하자 파우스티나 카르티아라는 여성이 내게 접근했다. 그녀는 만약 도적단 입단에 관심이 있다면 오늘밤 11시경에 앤빌 외곽의 작은 경작지에 위치한 그웨덴이라는 농가로 그녀를 만나러 오라고 했다. 이건 내가 찾던 좋은 기회이다. 지도에 표시된 위치로 가야겠다.,record,False,False,False,False,,
Oblivion.esm,QUST,0003AF05,MS04,CNAM,6,40,1,"Signy Home-Wrecker has met me at The Flowing Bowl, accompanied by Faustina Cartia. She enticed me to meet them at their farmhouse around 11 this evening, ""for a night of fun I won't soon forget"". I have decided to take them up on their temping offer, as this will point me in the direction of their hideout. The farmhouse seems to be just outside of Anvil in the settlement named Gweden.","가정파괴범 시그니(Signy)와 포스티나 카티아(Faustina Cartia)를 플로잉 볼(Flowing Bowl)에서 만났다. 그녀는 저녁 11시경 농장에서 그들과 만나, ""잊지 못할 밤을 보내""라고 했다. 그들의 조건에 응하기로 했다, 그렇게 해야 은신처를 알려줄테니까. 농장은 엔빌 밖에 있는 그웨든(Gweden)이라는 마을에 있는것 같다.",record,True,True,False,False,HIGH,"Signy, Faustina, Cartia, Flowing, Bowl, Gweden"
Oblivion.esm,QUST,0003AF05,MS04,CNAM,7,50,0,I've arrived at Gweden. I'll need to wait until around 11 in the evening to go inside and find out what Faustina and Signy have in store for me.,그웨덴에 도착했다. 밤 11시까지 기다렸다가 안에 들어가서 파우스티나와 시그니가 내게 무슨 짓을 할 것인지 간파해야 한다.,record,False,False,False,False,,
Oblivion.esm,QUST,0003AF05,MS04,CNAM,8,50,1,I've arrived at Gweden. I should enter the main farmhouse and find out what Faustina and Signy have in store for me.,그웨덴에 도착했다. 농장 안으로 들어가서 파우스티나와 시그니가 내게 무슨 짓을 할 것인지 간파해야 한다.,record,False,False,False,False,,
Oblivion.esm,QUST,0003AF05,MS04,CNAM,9,60,0,"After entering the farmhouse, I encountered Faustina who enticed me to remove my weapons, armor and clothing and place them aside. Once I did so, she yelled out and the rest of the gang entered the room fully armed and ready for battle. I had no choice but to kill them.","농가에 들어서자 마주친 파우스티나는 나를 꾀어내 무기, 갑옷, 옷들을 벗겨 한쪽으로 치우도록 했다. 시키는 대로 따르자마자, 파우스티나는 소리쳐 다른 도적단원들을 불렀고, 도적단원들이 완전무장을 한채 싸울 태세로 들어왔다. 도적단원들을 죽이는 수밖에 없었다.",record,False,False,False,False,,
Oblivion.esm,QUST,0003AF05,MS04,CNAM,10,60,1,"After entering the farmhouse, I encountered Faustina who tried to convince me to join in on their scheme. When I told her no, she yelled out and the rest of the gang entered the room fully armed and ready for battle. I had no choice but to kill them.","농가에 들어서자 마주친 파우스티나는 그들의 집단으로 들어오는게 어떠냐고 설득했다. 그녀에게 싫다고 말하고 나니, 파우스티나는 소리쳐 다른 도적단원들을 불렀고, 도적단원들이 완전무장을 한채 싸울 태세로 들어왔다. 도적단원들을 죽이는 수밖에 없었다.",record,False,False,False,False,,
Oblivion.esm,QUST,0003AF05,MS04,CNAM,11,60,2,"After entering the farmhouse, I encountered Faustina who tried to entice me to remove my weapons, armor and clothing and place them aside. Knowing this was a ruse, I refused. She yelled out and the rest of the gang entered the room fully armed and ready for battle. I had no choice but to kill them.","농가에 들어서자 마주친 파우스티나는 나를 꾀어내 무기, 갑옷, 옷들을 벗겨 한쪽으로 치우도록 했다. 이것이 계략임을 알아차리고 거절했다. 파우스티나는 소리쳐 다른 도적단원들을 불렀고, 도적단원들이 완전무장을 한채 싸울 태세로 들어왔다. 도적단원들을 죽이는 수밖에 없었다.",record,False,False,False,False,,
Oblivion.esm,QUST,0003AF05,MS04,CNAM,12,100,0,"Maelona and Gogan entered the farmhouse in Anvil City Guard armor. It turns out that they have been undercover as a married couple for some time trying to put a stop to the gang. She says I was spotted heading to Gweden so she went back for reinforcements and headed here. She said she would take care of the bodies, and paid me my gold as promised.",앤빌시 경비 갑옷을 입은 맬로나와 고건이 나타났다. 그들은 도적단을 잡기위해 부부로 위장했던 것이다. 그녀는 내가 도적단의 본거지인 그웨댄에 도달하기 위한 척후병으로 배치되었으며 그녀는 지원 요청을 위해 돌아갔다가 이곳을 향했다고 한다. 맬로나는 시체들을 인도받고 약속한 보상을 주었다.,record,False,False,False,False,,
Oblivion.esm,QUST,0003AF05,MS04,CNAM,13,110,0,Maelona and Gogan entered the farmhouse in Anvil City Guard armor. It turns out that they have been undercover as a married couple for some time trying to put a stop to the gang. She says I was spotted heading to Gweden so she went back for reinforcements and headed here. She has taken Faustina into custody and paid me the gold she promised.,앤빌시 경비 갑옷을 입은 맬로나와 고건이 나타났다. 그들은 도적단을 잡기위해 부부로 위장했던 것이다. 그녀는 내가 도적단의 본거지인 그웨덴에 도달하기 위한 척후병으로 배치되었으며 그녀는 지원 요청을 위해 돌아갔다가 이곳을 향했다고 한다. 맬로나는 파우스티나를 체포하고 약속한 보상을 주었다.,record,False,False,False,False,,
Oblivion.esm,QUST,0003AF05,MS04,CNAM,14,150,0,"I fear I've slain one of the gang members prematurely. Although this puts a stop to the crimes, a better way may have been available had I followed through with the undercover operation.","아무래도 성급하게 도적단원 중 한 명을 죽인 것 같다. 비록 이 행동이 범죄를 중단시킬 수는 있겠지만, 가능하다면 비밀작전을 계속 수행해 나가는 게 더 좋았을 것이다.",record,False,False,False,False,,
Oblivion.esm,QUST,0003AB56,BedRental,FULL,0,,,Bed Rental,침대 대여(Bed Rental),record,True,True,False,False,HIGH,"Bed, Rental"
Oblivion.esm,QUST,00038ED6,MS52,FULL,0,,,Origin of the Gray Prince,회색 왕자의 기원,record,False,False,False,False,,
Oblivion.esm,QUST,00038ED6,MS52,CNAM,0,10,0,"Agronak gro-Malog, the Imperial Arena Grand Champion, has sent me on a quest to find proof of his noble birthright. I must journey now to the west, to a place called Crowhaven, and begin my search. Gro-Malog has provided me with a key I will surely need, but even he is unsure what it opens. ","임페리얼 아레나 그랜드 챔피언인 아그로낙 그로-맬로그는 자신이 귀족신분으로 태어났음을 밝힐 증거를 찾아달라고 부탁했다. 크로우해븐이라 불리는 곳을 향해 서쪽으로 여정을 떠나야 한다. 그리고 조사를 시작해야 한다. 그로-맬로그는 꼭 필요할 것으로 보이는 열쇠를 주었는데, 그조차 그것이 무엇을 여는데 쓰는지는 정확히 모르는 듯하다. ",record,False,False,False,False,,
Oblivion.esm,QUST,00038ED6,MS52,CNAM,1,20,0,"I have entered Crowhaven. Somewhere inside I will unlock the truth that Agronak gro-Malog is searching for. I should be cautious, however. The fort has long since lost its noble trappings, and the presence of evil is unmistakable... ","크로우해븐에 들어갔다. 내부의 어딘가에서, 아그로낙 그로-맬로그가 원하는 진실을 얻게 될 것이다. 하지만 신중해야 한다. 성채의 고귀한 장신구들은 사라진 지 오래고, 또한 악의 존재는 실수가 없는 법이기 때문이다. ",record,False,False,False,False,,
Oblivion.esm,QUST,00038ED6,MS52,CNAM,2,30,0,"I have discovered the Journal of the Lord Lovidicus. It does indeed contain information about Agronak gro-Malog's birth, but proves he was the spawn of a vampire! Agronak won't be happy to hear this, but it is the proof he wanted. I must take the journal to him at the Imperial City Arena Bloodworks.","나는 로비디쿠스 경의 일지를 발견했다. 정말 저널에는 아그로낙 그로-맬로그의 출생에 대한 비밀이 적혀 있었다. 하지만 놀랍게도 그의 태생은 뱀파이어임이 밝혀졌다! 아그로낙이 이 사실을 알면 좋아하지 않겠지만, 그러나 이것은 그가 원하던 증거다. 임페리얼 시티 아레나 피의 길에 있는 그에게 일지를 가져다 주어야 한다.",record,False,False,False,False,,
Oblivion.esm,QUST,00038ED6,MS52,CNAM,3,100,0,"I have given the Journal of the Lord Lovidicus to Agronak gro-Malog. In return for my assistance, he has shared some of his combat knowledge.",나는 로비디쿠스 경의 저널을 아그로낙 그로-맬로그에게 주었다. 보수로 그는 자신이 알고 있는 전투지식 몇 가지를 알려줬다.,record,False,False,False,False,,
Oblivion.esm,QUST,00038ED6,MS52,CNAM,4,115,0,"Agronak gro-Malog has been killed, and my quest to discover his true identity can never be completed.",아그로낙 그로-맬로그가 죽었다. 때문에 그의 태생을 밝혀내기 위한 여행을 더 이상 계속할 수 없다.,record,False,False,False,False,,
Oblivion.esm,QUST,00037CE1,ArenaIC,FULL,0,,,The Imperial City Arena,임페리얼시티 아레나(The Imperial City Arena),record,True,True,False,False,HIGH,"The, Imperial, City, Arena"
Oblivion.esm,QUST,0003FD3F,TGDirections,FULL,0,,,Directions from Beggars,거지들의 안내,record,False,False,False,False,,
Oblivion.esm,QUST,0003FD3F,TGDirections,CNAM,0,10,0,Ongar is the fence in Bruma. The beggar told me he lives behind the temple. I should go to him if I have any stolen property to sell.,거지들의 안내,record,False,False,False,False,,
Oblivion.esm,QUST,0003FD3F,TGDirections,CNAM,1,20,0,Dar Jee is the fence in Leyawiin. The beggar told me she lives east of the temple. I should go to her if I have any stolen property to sell.,다 지(Dar Jee)는 레이어윈의 장물아비다. 거지가 말하길 그는 신전의 동쪽에 살고 있다고 한다. 그를 찾아가 훔친 물건을 팔도록 하자.,record,True,True,False,False,HIGH,"Dar, Jee"
Oblivion.esm,QUST,0003FD3F,TGDirections,CNAM,2,30,0,Luciana Galena is the fence in Bravil. The beggar told me she lives by the arena. I should go to her if I have any stolen property to sell.,루시아나 갈레나는 브라빌의 장물아비다. 거지가 말하길 그녀는 아레나에 살고 있다고 한다. 그녀를 찾아가 훔친 물건을 팔도록 하자.,record,False,False,False,False,,
Oblivion.esm,QUST,0003FD3F,TGDirections,CNAM,3,40,0,Orrin is the fence in Anvil. The beggar told me he lives in the far western corner of the city. I should go to him if I have any stolen property to sell.,오린은 앤빌의 장물아비다. 거지가 말하길 그는 도시의 서쪽 모퉁이 너머에 살고 있다고 한다. 그를 찾아가 훔친 물건을 팔도록 하자.,record,False,False,False,False,,
Oblivion.esm,QUST,0003FD3F,TGDirections,CNAM,4,50,0,Fathis Ules is the fence in the Imperial City. The beggar told me he lives behind the temple. I should go to him if I have any stolen property to sell.,파시스 울레스는 임페리얼 시티의 장물아비다. 거지가 말하길 그는 신전 뒤에 살고 있다고 한다. 그를 찾아가 훔친 물건을 팔도록 하자.,record,False,False,False,False,,
Oblivion.esm,QUST,00035CA8,MS26,FULL,0,,,Imperial Corruption,제국 부패,record,False,False,False,False,,
Oblivion.esm,QUST,00035CA8,MS26,CNAM,0,10,0,"Apparently there is a corrupt Imperial Watchman in the city. Luronk gro-Glurzog in the Temple district was complaining about him. Luronk ran afoul of him at Jensine's Merchandise in the market district. Luronk didn't have a name, but maybe Jensine does.",제국 부패,record,False,False,False,False,,
Oblivion.esm,QUST,00035CA8,MS26,CNAM,1,11,0,"Apparently there is a corrupt Imperial Watchman in the city. Ruslan in the Temple district was complaining about him. Ruslan ran afoul of him at Jensine's Merchandise in the market district. Ruslan didn't have a name, but maybe Jensine does.",도시에 타락한 임페리얼 순찰병이 있는 것으로 보인다. 신전 구역에 있는 러슬란이 그에 대한 불만을 털어놓았다. 러슬란은 시장 구역에 있는 젠신의 상품점에서 그와 충돌이 있었다. 러슬란은 이름없는 사람이었지만 아마 젠신은 그렇지 않았나 보다.,record,False,False,False,False,,
Oblivion.esm,QUST,00035CA8,MS26,CNAM,2,20,0,I spoke to Jensine in the Imperial market district about the corrupt watchman. She told me the same story as Ruslan and Luronk. The Imperial Watch Captain Audens Avidius is extorting money from the shopkeepers. They are all too afraid of him to do anything about it. I need to find someone with the authority to stop him. She says only another watch captain would be able to arrest him.,"임페리얼 시장 구역에서 젠신과 부패한 순찰병에 관해 이야기를 나누었다. 그녀는 러슬란, 루롱크와 똑같은 이야기를 들려주었다. 임페리얼 순찰대장인 아우덴스 아비디우스는 상점주인들로부터 돈을 갈취하고 있었다. 상점주인들은 모두들 그가 두려워 아무 말도 못하고 있었던 것이다. 그를 막아줄 힘이 있는 누군가를 찾아야 한다. 그녀는 다른 순찰대장들만이 그를 체포할 수 있을 것이라고 했다.",record,False,False,False,False,,
Oblivion.esm,QUST,00035CA8,MS26,CNAM,3,30,0,"The guards are no help. Any complaints about guard activities are to be taken to the guard captain. Of course Audens Avidius is one of the guard captains, so that won't work. I could try talking to one of the other Watch Captains.",경비병들은 도움이 되지 않는다. 경비병들에 관한 어떠한 불평이던 경비대장의 귀에 들어갈 뿐이다. 물론 아우덴스 아비디우스는 또다른 경비대장이기 때문에 아무 소용이 없다. 다른 순찰대장 중 한명과 이야기를 나누어야 한다.,record,False,False,False,False,,
Oblivion.esm,QUST,00035CA8,MS26,CNAM,4,40,0,"I tried reporting Audens Avidius to Hieronymus Lex, who is one of the other guard captains. He is busy chasing after the Gray Fox. He said I should try the third guard captain, Itius Hayn.",다른 순찰대장인 히에로니무스 렉스에게 아우덴스 아비디우스에 대해 제보를 하려고 하였다. 그러나 그는 그레이 폭스를 뒤쫓는 일로 바쁘다. 그는 세번째 경비대장인 이티우스 헤인을 만나야 한다고 했다.,record,False,False,False,False,,
Oblivion.esm,QUST,00035CA8,MS26,CNAM,5,45,0,"I tried reporting Audens Avidius to Servatius Quintilius, who is one of the other guard captains. He is new to the job and won't act against one of the other guard captains. He said I should try the third guard captain, Itius Hayn.",다른 경비대장인 세르바티우스 퀸틸리우스에게 아우덴스 아비디우스에 대해 제보를 하려고 하였다. 그러나 그는 새로 부임한데다 다른 경비대장에 관련된 일을 하고 싶어하지 않는다. 그는 세번째 정찰대장인 이티우스 헤인을 만나야 한다고 했다.,record,False,False,False,False,,
Oblivion.esm,QUST,00035CA8,MS26,CNAM,6,50,0,"Watch Captain Itius Hayn is willing to arrest Audens Avidius if I can produce two witnesses that will publically accuse him. The only victims I know are Ruslan, Luronk gro-Grurzog, and Jensine. I'll need to talk to them.","순찰대장 이디어스 헤인(Itius Hayn)은 내가 공식적으로 그를 기소할 수 있는 증인 두 명을 찾아온다면 오든즈 어비디어스(Audens Avidius)를 체포하겠다고 하였다. 내가 아는 피해자라곤 러슬란(Ruslan), 루롱크 그로-걸조그(Luronk gro-Glurzog), 젠신(Jensine) 밖에 없다. 그들과 대화를 나누어야 한다.",record,True,True,False,False,HIGH,"Itius, Hayn, Audens, Avidius, Ruslan, Luronk, gro-Glurzog, Jensine"
Oblivion.esm,QUST,00035CA8,MS26,CNAM,7,60,0,"Jensine refuses to testify against Audens Avidius. I don't think I can persuade her. I'll have to try the other two, Luronk and Ruslan.","젠신은 아우덴스 아비디우스 사건의 증인으로 서기를 거절하였다.그녀를 설득할 수 있을 것 같지 않다. 다른 두 사람인 루롱크, 러슬란과 대화를 나누어야겠다.",record,False,False,False,False,,
Oblivion.esm,QUST,00035CA8,MS26,CNAM,8,70,0,Ruslan has agreed to testify against Audens Avidius in the morning. Now I just have to get Luronk gro-Glurzog to testify as well.,러슬란은 아침 경에 아우덴스 아비디우스사건의 증인으로 서기를 수락하였다. 이제 루롱크 그로-글루조그를 증언대에 세우면 된다.,record,False,False,False,False,,
Oblivion.esm,QUST,00035CA8,MS26,CNAM,9,75,0,Luronk gro-Glurzog has agreed to testify against Audens Avidius in the morning. Now I just have to get Ruslan to testify as well.,루롱크 그로-글루조그는 아침경에 아우덴스 아비디우스사건의 증인으로 서기를 수락하였다. 이제 러슬란만 증언대에 세우면 된다.,record,False,False,False,False,,
Oblivion.esm,QUST,00035CA8,MS26,CNAM,10,80,0,I've convinced both Ruslan and Luronk to testify against Audens Avidius. I hope Itius Hayn is true to his word and arrests his fellow Watch Captain. Otherwise those two are going to be in a lot of trouble. I could keep an eye on those two and make sure they go to see Itius first thing in the morning.,러슬란과 루롱크가 아우덴스 아비디우스사건의 증언대에 설 것을 확신하였다. 이티우스 헤인이 약속을 지켜 그의 동료 순찰대장을 체포하리라고 믿는다. 그렇지 않으면 이 두 증인이 커다란 곤경에 빠질 것이다. 이 두 사람을 주시하여 이들이 아침 일찍 이티우스를 보러가는지 확인할 것이다.,record,False,False,False,False,,
Oblivion.esm,QUST,00035CA8,MS26,CNAM,11,91,0,"Audens Avidius has been arrested. That should make Jensine, Ruslan, and Luronk happy. Hopefully it will serve as a lesson for any other guard that is thinking about shaking down innocent citizens.","아우덴스 아비디우스는 체포되었다. 젠신, 러슬란, 그리고 루롱크 모두 만족해 할 것이다. 더 바랄 것이 있다면 무고한 시민들을 괴롭히려는 다른 경비병들에게 교훈이 되는 것이다.",record,False,False,False,False,,
Oblivion.esm,QUST,00035CA8,MS26,CNAM,12,119,0,Audens Avidius is dead. He was that crooked guard in the Imperial City that had threatened Luronk and Ruslan. He must have escaped from prison. He kept raving about how he would get me for putting him in jail.,아우덴스 아비디우스가 죽었다. 그는 루롱크와 러슬란을 협박하는 비뚤어진 임페리얼 시티의 경비병이었다. 그는 감옥에서 탈출했을 것이 뻔하다. 내가 그를 감옥에 넣은 것에 대해 가만두지 않겠다고 미쳐 날뛰었다.,record,False,False,False,False,,
Oblivion.esm,QUST,00035CA8,MS26,CNAM,13,120,0,"Audens Avidius attacked me. He was that crooked guard in the Imperial City that had threatened Luronk and Ruslan. He must have escaped from prison. Sadly, I was forced to kill him. He kept raving about how he would get me for putting him in jail.",아우덴스 아비디우스가 나를 공격했다. 그는 루롱크와 러슬란을 협박하는 비뚤어진 임페리얼 시티의 경비병이었다. 그는 감옥에서 탈출했을 것이 뻔하다. 안타깝게도 나는 그를 죽일 수 밖에 없었다. 내가 그를 감옥에 넣은 것에 대해 가만두지 않겠다고 미쳐 날뛰었다.,record,False,False,False,False,,
Oblivion.esm,QUST,0003405C,DarkConvSystem,FULL,0,,,Dark Brotherhood Dynamic Conversations,다크 브라더후드 다이나믹 대화,record,False,False,False,False,,
Oblivion.esm,QUST,00033E93,MS06,FULL,0,,,The Forlorn Watchman,버림받은 정찰 선원,record,False,False,False,False,,
Oblivion.esm,QUST,00033E93,MS06,CNAM,0,10,0,"I've heard a rumor about the ghost of an old man who walks the shores of Niben Bay at night. It's said that he walks slowly along the coast, and then looks mournfully out into the Bay until the sun rises. The people of Bravil have taken to calling him 'the Forlorn Watchman'. I was referred to Gilgondorin at Silverhome-on-the-Water to learn more.",밤에 니벤 항구(Niben Bay)의 해안을 걷고 있는 늙은 남자 유령에 대한 소문을 들었다. 그는 해안을 따라 천천히 걷다가 해가 뜰때까지 슬프게 만을 쳐다보고 있다고 말했다. 브라빌의 사람들은 그를 절망의 순찰자(the Forlorn Watchman)라고 부르곤 한다. 수상 실버홈의 길곤드런(Gilgondorin)은 이에 대해 더 많은 사실을 알아봐 달라고 요청하였다.,record,True,True,False,False,HIGH,"Niben, Bay, the, Forlorn, Watchman, Gilgondorin"
Oblivion.esm,QUST,00033E93,MS06,CNAM,1,18,0,"Gilgondorin told me that the Forlorn Watchman appears at Bawnwatch Camp every night at 8 on the shore of Niben Bay. He was very helpful, and even marked the camp's location on my map. Perhaps I should make my way out there and see what this local legend is all about.","길곤도린은 버림받은 정찰 선원은 매일 밤 8시에 니벤 만 해안의 바운워치 캠프에 나타난다고 말해주었다. 그는 많은 도움이 되었으며, 나의 지도에 캠프의 위치까지 표시해 주었다. 가능하다면 난 거기에 가서 이 민담의 정체가 무엇인지 알아 보아야 한다.",record,False,False,False,False,,
Oblivion.esm,QUST,00033E93,MS06,CNAM,2,20,0,The ghostly figure of the Forlorn Watchman has appeared on the shore of Niben Bay. Perhaps I should watch him for a bit and see what he does.,버림받은 정찰 선원의 유령같은 모습이 니벤 만 해안에 나타났다. 가능하다면 난 그를 좀 지켜보며 무엇을 하는지 보아야 한다.,record,False,False,False,False,,
Oblivion.esm,QUST,00033E93,MS06,CNAM,3,30,0,"The ghost stopped its somber walk at a rocky outcropping jutting into Niben Bay. He identified himself as Grantham Blakeley, and simply said ""Look for me in the mouth of the panther. Please, release me."" Then it turned back out to the Bay and looked out over the water. I think it was looking that way specifically. I should try and ask Gilgondorin about the ""mouth of the panther"".","유령은 니벤 만쪽으로 튀어나온 바위 앞에서 처량한 걸음을 멈추었다. 그는 그 자신을 그랜섬 블레이클리라고 밝혔고, ""표범의 아가리에서 나를 찾아달라. 제발 나를 풀어달라."" 라고 말할 뿐이었다. 그리고 나서 다시 만을 향해 몸을 돌려 바다 너머를 바라보았다. 내 생각에 명확하게 저 부근을 보고 있는 것 같다. 길곤도린에게 ""표범의 아가리""에 대하여 물어봐야겠다.",record,False,False,False,False,,
Oblivion.esm,QUST,00033E93,MS06,CNAM,4,30,1,"The ghost stopped its somber walk at a rocky outcropping jutting into Niben Bay. He identified himself as Grantham Blakeley, and simply said ""Look for me in the mouth of the panther. Please, release me."" Then it turned back out to the Bay and looked out over the water. I think it was looking that way specifically. Perhaps someone in Bravil would know more about this spirit and the ""mouth of the panther"".","유령은 니벤 만쪽으로 튀어나온 바위 앞에서 처량한 걸음을 멈추었다. 그는 그 자신을 그랜섬 블레이클리라고 밝혔고, ""표범의 아가리에서 나를 찾아달라. 제발 나를 풀어달라."" 라고 말할 뿐이었다. 그리고 나서 다시 만을 향해 몸을 돌려 바다 너머를 바라보았다. 내 생각에 명확하게 저 부근을 보고 있는 것 같다. 아마도 브라빌의 누군가가 유령과 ""표범의 아가리""라는 것에 대하여 좀더 많은 것을 알고 있을 것이다.",record,False,False,False,False,,
Oblivion.esm,QUST,00033E93,MS06,CNAM,5,40,0,"Gilgondorin said that the ""mouth of the panther"" is a reference to the old nautical term for the Panther River and the delta where it meets Niben Bay. The name was given to it by sailors because of the pointed rock formations jutting from the water that vaguely resemble teeth. He added its location to my map. I should make my way over there to unravel Grantham's cryptic message.","길곤도린은 ""표범의 아가리""라는 것은 표범 강과 니벤 만와 만나는 삼각주를 가리키는 오래된 항해용어를 뜻하는 것이라고 말했다. 그 이름은 뾰쪽한 바위가 물 위로 튀어나온 모습이 막연히 이빨과 닮았다고 해서 선원들이 붙인 것이었다. 그는 그것의 위치를 나의 지도에 표시해줬다. 나는 그랜섬의 비밀스러운 메시지를 풀기 위하여 거기로 가보아야 한다.",record,False,False,False,False,,
Oblivion.esm,QUST,00033E93,MS06,CNAM,6,50,0,I've arrived at the Mouth of the Panther. Beyond the tooth-like rocks is the remains of a small cargo ship named the Emma May that looks like it sank a long time ago. I should investigate this wreck.,표범의 아가리에 도착했다. 이빨모양의 바위뒤에 오래전에 난파된 것 같은 엠마 메이라는 작은 화물선이 있다. 이 잔해를 조사해야 할 것 같다.,record,False,False,False,False,,
Oblivion.esm,QUST,00033E93,MS06,CNAM,7,60,0,"In the wreck of the Emma May, a spirit attacked me. The vessel seems completely infested with them. I suspect them to be the remains of the Emma May's crew. Why this happened to them puzzles me. I should press forward and investigate further.",엠마 메이 잔해 안에서 유령의 공격을 받았다. 배는 유령들에게 완전히 점령된 것처럼 보였다. 그 유령들은 엠마 메이의 선원들이었던 것으로 짐작된다. 왜 그들이 이렇게 된 것인지는 알 수가 없다. 여기를 좀 더 조사해야 할 것 같다.,record,False,False,False,False,,
Oblivion.esm,QUST,00033E93,MS06,CNAM,8,70,0,"I've discovered the logbook of the Emma May. It appears that at some point, there was a mutiny and the ship was diverted from its course. Two men tried to stop the mutiny, but were imprisoned below decks. Seeking shelter from a bad storm, the ship pulled into what looked like a safe cove. That was the last entry. I fear that they didn't see the rocks of the Mouth of the Panther and ran aground. I should continue investigating.","엠마 메이의 항해일지를 발견했다. 일지에 의하면 어떤 시기에 폭동이 있었고, 배가 항로를 벗어났다고 기록되어있다. 두 사람이 폭동을 진압하려고 했으나 갑판 밑에 갇혀 버렸다. 거친 폭풍우로부터 안전한 곳을 찾다가, 안전한 만처럼 보이는 곳으로 갔다고 적혀 있다. 그것이 마지막 기록이다. 그들은 표범의 아가리의 암초들을 보지 못했고 그래서 좌초된 것 같다. 조사를 계속해 보아야겠다.",record,False,False,False,False,,
Oblivion.esm,QUST,00033E93,MS06,CNAM,9,80,0,"I've found a key in the remains of Gable, the traitor named in the Emma May's log. I should search the Emma May for a lock to match.",엠마 메이의 항해일지에 배신자라고 쓰여져있는 게이블이 남긴 열쇠를 찾았다. 열쇠에 맞는 자물쇠가 있는지 엠마 메이를 조사해봐야 한다.,record,False,False,False,False,,
Oblivion.esm,QUST,00033E93,MS06,CNAM,10,90,0,I've found a skeleton chained to the wall in the lowest deck of the Emma May. I believe these to be the remains of Grantham Blakeley. I should use the key I found to unlock his shackles.,엠마 메이 갑판 밑바닥에서 기둥에 묶여 있는 해골을 발견했다. 그랜섬 블레이클리의 유해가 맞을 것이다. 내가 찾은 열쇠로 그의 족쇄를 풀어주었다.,record,False,False,False,False,,
Oblivion.esm,QUST,00033E93,MS06,CNAM,11,100,0,The ghost of Grantham Blakeley appeared after I unlocked the shackles. He thanked me for freeing him and said to take the map concealed somewhere in this room. I think the map leads to the old man's treasure. I should take the map and leave this place. My work here is done.,족쇄를 풀자 그랜섬 블레이클리의 유령이 나타났다. 그는 그를 자유롭게 해준것에 감사하며 이 방 어딘가에 숨겨진 지도를 가져가라고 말했다. 지도는 옛사람의 보물을 가르키고 있는 것으로 생각된다.지도를 가지고 여기를 떠야 한다. 여기서의 나의 일은 끝났다.,record,False,False,False,False,,
Oblivion.esm,QUST,00033E93,MS06,CNAM,12,110,0,"I now have Grantham's map in my possession. With it, I should be able to find the location of his treasure.",이제 그랜섬의 지도는 내 것이 됬다. 그것을 가지고 그의 보물의 위치를 찾을 수 있을 것이다.,record,False,False,False,False,,
Oblivion.esm,QUST,00033E93,MS06,CNAM,13,120,0,"Grantham's map has led me to a treasure chest concealed among some rocks. This must be where Grantham hid his belongings while he was at sea. He has passed this on to me now, as a reward for helping free his spirit.",그랜섬의 지도는 몇 개의 바위 사이에 숨겨진 보물상자로 나를 인도했다. 이것은 분명히 그랜섬이 항해 중일때 그의 소유물을 숨겨놓은 장소가 틀림없다. 그는 내가 그의 영혼을 자유로이 해준 대가로 이것을 나에게 넘긴 것이다.,record,False,False,False,False,,
Oblivion.esm,QUST,000337A0,FGGeneric,FULL,0,,,FG Dialogue said to Player,FG 플레이어에게 말한 대화,record,False,True,False,False,MEDIUM,FG
Oblivion.esm,QUST,000336FA,MGNecroAnchorites,FULL,0,,,Necromancer Anchorites,네크로맨서 은둔자(Necromancer Anchorites),record,True,True,False,False,HIGH,"Necromancer, Anchorites"
Oblivion.esm,QUST,00032E05,MSMisc,FULL,0,,,Misc Quest Starter,기타 퀘스트 스타터,record,False,False,False,False,,
Oblivion.esm,QUST,00031B77,MS13,FULL,0,,,The Wayward Knight,변덕스러운 기사,record,False,False,False,False,,
Oblivion.esm,QUST,00031B77,MS13,CNAM,0,10,0,"Count Indarys of Cheydinhal has mentioned the opening of what they suspect to be a gate to the realm of Oblivion just outside the city walls. The guards seem on alert and tensions appear to be running high. He said if I wanted to help, I should make my way through the west gates of Cheydinhal and speak to the guards there.",변덕스러운 기사,record,False,False,False,False,,
Oblivion.esm,QUST,00031B77,MS13,CNAM,1,10,1,One of the townspeople in Cheydinhal has mentioned the opening of what they suspect to be a gate to the realm of Oblivion just outside the city walls. The city guards seem on alert and tensions appear to be running high. I should make my way through the west gates of Cheydinhal to investigate.,변덕스러운 기사,record,False,False,False,False,,
Oblivion.esm,QUST,00031B77,MS13,CNAM,2,13,0,I've come upon an Oblivion Gate dominating the landscape outside the walls of Cheydinhal. A few Cheydinhal guards seem to be patrolling its perimeter. I should approach one of them and see if I can render any assistance.,셰이딘홀 시 외곽에서 오블리비언 게이트를 발견했다. 셰이딘홀 경비대 몇 명이 그 주위를 돌며 순찰하는 것 같다. 내가 도울 일이 있는지 알아봐야겠다.,record,False,False,False,False,,
Oblivion.esm,QUST,00031B77,MS13,CNAM,3,15,0,"I've stepped through the Oblivion Gate outside of Cheydinhal and now find myself in the dreaded plane of Oblivion itself. I should proceed carefully, as unknown dangers await me here.",셰이딘홀 외곽에 있던 오블리비언 게이트를 통해 오블리비언 차원으로 왔다. 알 수 없는 위험들이 곳곳에 도사리고 있다. 조심해서 전진해야 한다.,record,False,False,False,False,,
Oblivion.esm,QUST,00031B77,MS13,CNAM,4,20,0,"I've met Amminus Gregori at an Oblivion Gate that has appeared outside of Cheydinhal. He said that a group of Knights led by the Count of Cheydinhal's son, Farwil Indarys, went inside to close the Gate. That was almost two days ago. The Count has posted a generous reward for the closing of the Oblivion Gate and information on Farwil's whereabouts. I should question him to learn more.","셰이딘홀 외곽에 나타난 오블리비언 게이트 근처에서 아미누스 그레고리를 만났다. 그는 셰이딘홀 백작의 아들인 파윌 인다리스가 이끄는 한 무리의 기사들이 이틀 전에 차원문 안으로 들어갔다고 했다. 백작은 오블리비언 게이트를 닫고, 파윌의 행방을 알아봐주는 것에 대해 포상을 걸었다. 나는 그에게 더 많은 것을 물어봐야 한다.",record,False,False,False,False,,
Oblivion.esm,QUST,00031B77,MS13,CNAM,5,30,0,"Amminus told me that Farwil heads up a group of soldiers calling themselves ""The Knights of the Thorn"". This group seems to be a splinter faction of the town guard that maintains a lodge just outside the city. From the Amminus's snide comments, it doesn't sound like they're appreciated.","아미누스는 파윌이 자칭 가시의 기사단이라는 무리를 이끌고 있다고 말했다. 이 그룹은 도시 외곽을 담당하는 마을 경비대의 한 분파로 보인다. 아미누스의 부정적인 의견으로 볼 때, 사람들이 그들을 고마워하는 것 같지는 않다.",record,False,False,False,False,,
Oblivion.esm,QUST,00031B77,MS13,CNAM,6,40,0,"Amminus told me that the only way to close the Oblivion Gate is to locate the Sigil Stone that resides within. Once the stone is in hand, the Gate will cease to exist. I'll have to keep this in mind when I venture through.","아미누스는 오블리비언 게이트를 닫는 유일한 방법은 내부에 있는 시질 스톤을 찾는 것이라고 말했다. 일단 스톤이 손에 들어오면, 차원문이 파괴될 것이다. 모험을 감행할 때, 이를 명심해야겠다.",record,False,False,False,False,,
Oblivion.esm,QUST,00031B77,MS13,CNAM,7,45,0,I've stepped through the Oblivion Gate outside of Cheydinhal and now find myself in the dreaded plane of Oblivion itself. My only chance to destroy the gate and return home would be obtaining the Sigil Stone in this plane's citadel. I should make my way there now.,셰이딘홀 외곽에 있던 오블리비언 게이트를 통해 오블리비언 차원으로 왔다. 차원문을 닫고 돌아갈 수 있는 내 유일한 길은 요새에 있는 시질 스톤을 얻는 것이다. 그 곳을 찾아야겠다.,record,False,False,False,False,,
Oblivion.esm,QUST,00031B77,MS13,CNAM,8,50,0,I've located Farwil and one other survivor of his group. They look wounded and shaken. I should speak to them to learn what's happened here.,파윌과 그의 무리 중 생존자 한 명을 찾았다. 그들은 부상당하고 좌절한 것 같다. 이 곳에서 무슨 일이 일어났는지 그들에게 알아봐야겠다.,record,False,False,False,False,,
Oblivion.esm,QUST,00031B77,MS13,CNAM,9,50,1,I've located a Dunmer and a Breton in the Oblivion plane. They look wounded and shaken. I should speak to them to learn what's happened here.,오블리비언 차원에서 던머 한 명과 브리튼 한 명을 찾았다. 그들은 부상당하고 좌절한 것 같다. 이 곳에서 무슨 일이 일어났는지 그들에게 알아봐야 겠다.,record,False,False,False,False,,
Oblivion.esm,QUST,00031B77,MS13,CNAM,10,60,0,"Farwil told me that all of the Knights of the Thorn have been killed except himself and Bremman Senyan. They died trying to get inside the citadel to obtain the Sigil Stone. He's now ordered me to go into the Citadel and recover the Sigil Stone, and says he'll not leave this place until that task is done.","파윌은 가시의 기사단 중 그와 브렘만 세니안을 제외하고 모두가 죽었다고 말했다. 그들은 시질 스톤이 있는 성채에 진입하려다 죽었다. 그는 이제 내게 성채로 들어가서 시질 스톤을 수복하라고 명령했고, 그는 그 임무를 완수할 때까지 이곳을 떠나지 않겠다고 했다.",record,False,False,False,False,,
Oblivion.esm,QUST,00031B77,MS13,CNAM,11,60,1,"The Dumner has identified himself as Farwil Indarys, son of the Count of Cheydinhal and a ""Knight of the Thorn"". He told me that all his companions have been killed except himself and Bremman Senyan. They died trying to get inside the citadel to obtain the Sigil Stone. He's now ordered me to go into the Citadel and recover the Sigil Stone, and says he'll not leave this place until that task is done.","던머는 자신을 쉐이딘홀 백작의 아들이자 ""가시의 기사단""인 파윌 인더리즈라고 밝혔다. 그는 자신과 브레먼 쎄니언을 제외한 모두가 주었다고 했다. 그들은 시질 스톤이 있는 성채에 진입하려다 죽었다. 그는 이제 내게 성채로 들어가서 시질 스톤을 수복하라고 명령했고, 그는 그 임무를 완수할 때까지 이곳을 떠나지 않겠다고 했다.",record,False,False,False,False,,
Oblivion.esm,QUST,00031B77,MS13,CNAM,12,70,0,Farwil has been slain. I should take his signet ring from his body to the Count of Cheydinhal as proof of his son's demise.,"파윌이 살해당했다. 나는 그의 몸에서 인장 반지를 찾아, 그가 죽었다는 증거로서 셰이딘홀 백작에게 가져가야 한다.",record,False,False,False,False,,
Oblivion.esm,QUST,00031B77,MS13,CNAM,13,80,0,"After I touched the Sigil Stone, I appeared outside of Oblivion and back on Tamriel. The gate has been destroyed. I should report my actions to Amminus Gregori as soon as possible.","시질 스톤에 손을 댄 뒤, 나는 탐리엘로 돌아와 오블리비언의 바깥에 나타났다. 차원문은 파괴되었다. 당장 내 행동을 아미누스 그레고리에게 보고해야 한다.",record,False,False,False,False,,
Oblivion.esm,QUST,00031B77,MS13,CNAM,14,80,1,"After I touched the Sigil Stone, I found myself outside of Oblivion and back on Tamriel. The gate is now nowhere to be found. I should now speak with Farwil.","시질 스톤에 손을 댄 뒤, 나는 탐리엘로 돌아와 오블리비언의 바깥에 있는 나를 발견했다. 차원문은 이제 어디에서도 찾을 수 없다. 이제 파윌과 말해야 한다.",record,False,False,False,False,,
Oblivion.esm,QUST,00031B77,MS13,CNAM,15,90,0,"Farwil thanked me in his odd way, and told me to go speak to his father, the Count of Cheydinhal. I should do so. Also, he's bestowed upon me the ""honor"" of being a Knight of the Thorn. To humor him, I courteously accepted.","파윌은 이상한 방식으로 내게 감사했고, 내게 그의 아버지인 셰이딘홀 백작에게 말하라고 했다. 그렇게 해야겠다. 또한, 그는 내게 가시의 기사단이 되는 ""영광""을 수여했다. 그의 비위를 맞추려고, 나는 정중히 받아들였다.",record,False,False,False,False,,
Oblivion.esm,QUST,00031B77,MS13,CNAM,16,95,0,Amminus Gregori has told me that Count Indarys wishes to speak to me personally. I should head to Castle Cheydinhal now.,아미누스 그레고리가 인다리스 백작이 내게 개인적으로 이야기하고 싶어한다고 말했다. 나는 이제 셰이딘홀 성으로 향해야 한다.,record,False,False,False,False,,
Oblivion.esm,QUST,00031B77,MS13,CNAM,17,100,0,"I've spoken to Count Indarys. He was pleased that the Oblivion Gate outside his city was closed, and ecstatic that his son was still alive. To reward my actions, he presented me with a fine sword named Thornblade.","나는 인다리스 백작에게 얘기했다. 그는 그의 도시 바깥에 있던 오블리비언 게이트가 닫힌 것에 기뻐했고, 그의 아들이 아직 살아있다는 것에 기뻐했다. 나의 행동에 대한 보답으로, 그는 내게 가시의 검이라는 명검을 선물했다.",record,False,False,False,False,,
Oblivion.esm,QUST,00031B77,MS13,CNAM,18,105,0,"I've spoken to Count Indarys. He was pleased that the Oblivion Gate outside his city was closed, and ecstatic that his son was still alive. To reward my actions, he presented me with a fine weapon named the Staff of Indarys.","나는 인다리스 백작에게 얘기했다. 그는 그의 도시 바깥에 있던 오블리비언 게이트가 닫힌 것에 기뻐했고, 그의 아들이 아직 살아있다는 것에 기뻐했다. 내 행동에 대한 보답으로, 그는 인다리스의 지팡이라는 좋은 무기를 선물했다.",record,False,False,False,False,,
Oblivion.esm,QUST,00031B77,MS13,CNAM,19,110,0,"I've spoken to Count Indarys. He was pleased that the Oblivion Gate outside his city was closed, but heartbroken about his son's death. Still, he was generous enough to reward me in gold.","나는 인다리스 백작에게 얘기했다. 그는 그의 도시 바깥에 있던 오블리비언 게이트가 닫힌 것에 기뻐했으나, 그의 아들의 죽음에 비탄에 잠겼다. 그래도 그는 자애롭게도 내게 상금을 내렸다.",record,False,False,False,False,,
Oblivion.esm,QUST,00031B77,MS13,CNAM,20,115,0,"I've spoken to Count Indarys. He was pleased that the Oblivion Gate outside his city was closed, but heartbroken about his son's death. Still, he was generous enough to reward me with 200 gold. When I tried to present him with Farwil's signet ring, he relented and allowed me to keep it as a memento of my journey with Farwil.","나는 인더리즈 백작에게 얘기했다. 그는 그의 도시 바깥에 있던 오블리비언 게이트가 닫힌 것에 기뻐했으나, 그의 아들의 죽음에 비탄에 잠겼다. 그래도, 그는 자애롭게도 내게 200골드로 보답을 했다. 내가 그에게 파윌의 인장을 주려고 하였을 때, 그는 마음이 풀렸고 내게 그걸 파윌과 함께 했던 내 여행의 추억으로서 가지고 있도록 허락하였다.",record,False,False,False,False,,
Oblivion.esm,QUST,00031B77,MS13,CNAM,21,150,0,Farwil has died by my hands. Count Indarys will be extremely upset that this has transpired. I fear I may have ruined the good deed my quest represented.,파윌은 내 손에 죽었다. 이것이 밝혀지면 인다리스 백작은 극도로 화를 낼 것이다. 내 임무에 나타난 좋은 일을 망친 것 같다.,record,False,False,False,False,,
Oblivion.esm,QUST,00031B77,MS13,CNAM,22,200,0,"With the banishment of Mehrunes Dagon to Oblivion and end of the Oblivion Crisis, the gate at Cheydinhal has been destroyed.","메이룬스 데이건이 오블리비언으로 추방되고, 오블리비언 대위기가 종결됨에 따라, 셰이딘홀에 있던 차원문은 파괴되었다.",record,False,False,False,False,,
Oblivion.esm,QUST,00031B77,MS13,CNAM,23,200,1,"With the banishment of Mehrunes Dagon to Oblivion and end of the Oblivion Crisis, the gate at Cheydinhal has been destroyed. Farwil and the few surviving Knights of the Thorn were fortunately returned to Tamriel when this occured.","메르네스 데이건이 오블리비언으로 추방되고, 오블리비언 대위기가 종결됨에 따라, 쉐이딘홀에 있던 게이트는 파괴되었다. 파윌과 살아남은 가시의 기사단 몇 명은 이때 운 좋게 탐리엘로 되돌려졌다.",record,False,False,False,False,,
Oblivion.esm,QUST,00025E27,FG00Expulsion,FULL,0,,,Expelled from the Fighters Guild,파이터 길드에서의 추방(Expelled from the Fighters Guild),record,True,True,False,False,HIGH,"Expelled, from, the, Fighters, Guild"
Oblivion.esm,QUST,00025E27,FG00Expulsion,CNAM,0,10,0,"Because of my crimes against the Fighters Guild, I have been expelled. I should speak with Vilena Donton in Chorrol.",파이터길드에 죄를 지었기 때문에 길드에서 추방되었다. 코롤에 있는 벌레이나 단튼(Vilena Donton)을 찾아가야 한다.,record,True,True,False,False,HIGH,"Vilena, Donton"
Oblivion.esm,QUST,00025E27,FG00Expulsion,CNAM,1,20,0,"In order to be accepted back into the Fighters Guild, I must collect twenty bear pelts and return them to Vilena Donton in Chorrol.",파이터길드에 다시 가입하려면 곰 가죽(bear pelt) 스무 개를 모아서 코롤의 벌레이나 단튼(Vilena Donton)에게 돌아가야 한다.,record,True,True,False,False,HIGH,"bear, pelt, Vilena, Donton"
Oblivion.esm,QUST,00025E27,FG00Expulsion,CNAM,2,30,0,"I returned twenty bear pelts to Vilena Donton, and I have been reinstated into the Fighters Guild.","곰 가죽(bear pelt) 스무 개를 벌레이나 단튼(Vilena Donton)에게 주고, 난 파이터길드에 복직되었다.",record,True,True,False,False,HIGH,"bear, pelt, Vilena, Donton"
Oblivion.esm,QUST,00025E27,FG00Expulsion,CNAM,3,40,0,"I have committed another crime against my Fighters Guild brothers, and I have been expelled again. I should report to Vilena Donton in Chorrol.","파이터길드 대원에게 다시 범죄를 저질렀고, 난 또다시 추방되었다. 이를 코롤의 벌레이나 단튼(Vilena Donton)에게 보고해야 한다.",record,True,True,False,False,HIGH,"Vilena, Donton"
Oblivion.esm,QUST,00025E27,FG00Expulsion,CNAM,4,50,0,Vilena Donton has offered me a chance to redeem myself. I must bring her twenty minotaur horns in order to be reinstated into the Fighters Guild.,벌레이나 달튼(Vilena Donton)이 내 지위를 되찾을 수 있는 기회를 주었다. 파이터길드에서의 지위를 회복하기 위해서는 미노타우로스 뿔(minotaur horns) 스무 개를 그녀에게 갖다 주어야 한다.,record,True,True,False,False,HIGH,"Vilena, Donton, minotaur, horns"
Oblivion.esm,QUST,00025E27,FG00Expulsion,CNAM,5,60,0,"I have been reinstated into the Fighters Guild once again. I have been warned that I will not be allowed back into the guild, should I commit another crime against my brothers.",난 또다시 파이터길드에 복직되었다. 또다시 동료들에게 범죄를 저지르면 더 이상 길드에 복직할 수 없을 거라고 경고 받았다.,record,False,False,False,False,,
Oblivion.esm,QUST,00025E27,FG00Expulsion,CNAM,6,100,0,"Because of my crimes against the Fighters Guild, I have been permanently expelled.","파이터길드에 범죄를 저질렀기 때문에, 나는 길드에서 영구추방 되었다.",record,False,False,False,False,,
Oblivion.esm,QUST,00016718,MS29,FULL,0,,,Unfriendly Competition,비우호적인 경쟁,record,False,False,False,False,,
Oblivion.esm,QUST,00016718,MS29,CNAM,0,5,0,"One of the shopkeepers in the Market District of the Imperial City has informed me of another shop that opened recently. Apparently, this shop's prices are so low it's undercutting all of their sales. They're collectively looking for someone to hire to investigate, as they suspect foul play. I was told to go speak with Jensine at her ""Good as New"" Merchandise store for more information.",비우호적인 경쟁,record,False,False,False,False,,
Oblivion.esm,QUST,00016718,MS29,CNAM,1,10,0,A group calling themselves the Society of Concerned Merchants has hired me to investigate a new store that's just opened up in the Market District with ridiculously low prices. They suspect the owner must be doing something illegal. I should pay a visit to Thoronir at The Copious Coinpurse.,상인 연합회는 터무니 없이 싼 가격을 내세우며 시장 구역에 개점한 새 상점에 대하여 조사하기 위하여 나를 고용했다. 그들은 그 주인이 무언가 불법적인 일을 하고 있는 것이 틀림없을 것이라고 짐작했다. 돈많은 돈지갑의 소로니르를 방문해야겠다.,record,False,False,False,False,,
Oblivion.esm,QUST,00016718,MS29,CNAM,2,20,0,"Speaking to Thoronir hasn't revealed any information. Since he's obviously hiding something, I should keep an eye on him, and watch what he does after his shop closes.","소로니르와 대화했지만 어떠한 정보도 얻어낼 수 없었다. 그는 확실히 무언가를 숨기고 있기 때문에, 난 그를 경계하고 특히 가게 문을 닫은 이후에 무엇을 하는지 감시해야 한다.",record,False,False,False,False,,
Oblivion.esm,QUST,00016718,MS29,CNAM,3,40,0,I've observed a meeting between Thoronir and a mysterious man named Agarmir. Looks like my new target is Agarmir. I should follow him and see where he goes.,소로니르가 아가미르라고 하는 수상한 남자와 만나는 것을 보았다. 새로운 내 목표는 아가미르로 해야할 것 같다. 그가 어디로 가는지 그를 따라가 봐야겠다.,record,False,False,False,False,,
Oblivion.esm,QUST,00016718,MS29,CNAM,4,50,0,I've discovered that Agarmir has a house in Talos Plaza. I should go inside when he's not around and investigate.,아가미르의 집이 탈로스광장에 있는 것을 발견했다. 그가 없을 때 집안으로 들어가서 조사해봐야 한다.,record,False,False,False,False,,
Oblivion.esm,QUST,00016718,MS29,CNAM,5,60,0,I've found my way into Agarmir's basement. The place consists of an odd assortment of clothing and trinkets. Most disturbing is the dirty shovel and mud-encrusted boots tucked into the corner and the bits of ground bonemeal strewn about. I suspect Agarmir's stock he sells to Thoronir is taken from the recently dead. I should continue to search carefully for more solid evidence into this grisly accusation.,"아가미르의 지하실로 가는 길을 발견했다. 그 장소에는 기묘한 옷과 잡다한 것이 널부러져 있었다. 더러운 삽, 구석으로 처박아둔 진흙묻은 신발과 흩어진 뼛가루가 잔뜩 어지럽게 흩어져 있었다. 아가미르가 소로니르에게 판 물건들은 최근에 죽은자들에게서 나온 것으로 짐작된다. 이 소름끼치는 범죄에 대하여 신중하게 더 명백한 증거를 찾아봐야 한다.",record,False,False,False,False,,
Oblivion.esm,QUST,00016718,MS29,CNAM,6,65,0,"I've found a manifest that seems to detail names of the recently deceased, what they were buried with and their locations in Cyrodiil. I should take this macabre manifest and confront Thoronir, as he may not realize where his merchandise is coming from.",최근에 죽어서 시로딜에 묻힌 자들의 이름으로 보이는 명단을 찾아냈다. 이 섬뜩한 명단을 가지고 소로니르를 만나야 한다. 그 또한 그의 물건들이 어디에서 나온 것인지는 모를 것이다.,record,False,False,False,False,,
Oblivion.esm,QUST,00016718,MS29,CNAM,7,70,0,"After showing the macabre manifest to Thoronir, he agreed to stop meeting Agarmir. He also told me that Agarmir said he had ""something important"" to do this very day. I think I need to check out the local graveyard, as the last name on the list was here in the Imperial City. I should return with one more piece of evidence of Agarmir's crime to confirm the manifest's contents.","이 섬뜩한 명단을 소로니르에게 보여주자, 그는 이제 아가미르를 그만 만나겠다고 했다. 그는 또한 아가미르가 그날 해야 할 ""중요한 일""이 있다고 말한 것을 알려주었다. 명단의 마지막 이름이 이곳 임페리얼 시티에 있기 때문에 지역 묘지들을 확인해봐야겠다고 생각했다. 명단의 내용을 입증하기 위하여 아가미르의 범죄에 대한 증거를 하나 더 가지고 돌아와야 한다.",record,False,False,False,False,,
Oblivion.esm,QUST,00016718,MS29,CNAM,8,80,0,I've noticed that the door to the Trentius Family Mausoleum has been unsealed. This must be Agarmir's doing. I should proceed inside.,트렌티우스 가문 영묘의 문이 열려있는 것을 눈치챘다. 이것은 분명히 아가미르의 소행이 틀림없다. 안으로 들어가 봐야 한다.,record,False,False,False,False,,
Oblivion.esm,QUST,00016718,MS29,CNAM,9,82,0,I've located Agarmir inside the Trentius Family Mausoleum. It appears as though he's attempting to desecrate another grave along with someone else I don't recognize. I need to convince him to stop this heinous act.,트렌티우스 가문 영묘 안에서 아가미르를 만났다. 그는 내가 모르는 다른 자와 함께 또다른 무덤을 더럽히려고 하고 있엇다. 그에게 이러한 가증스러운 행동을 그만하라고 설득할 필요가 있다.,record,False,False,False,False,,
Oblivion.esm,QUST,00016718,MS29,CNAM,10,90,0,"Agarmir has been slain. Since the penalty for grave robbing is death, it somehow seems as though justice has been done. I should search the gravesite for anything potentially incriminating.","아가미르는 처치됐다. 죽은자를 약탈하는 것에 대한 처벌은 죽음이었고, 처벌은 이미 집행되었다. 무덤 속을 찾아서 유죄로 인정될만한 무언가를 찾아봐야 한다.",record,False,False,False,False,,
Oblivion.esm,QUST,00016718,MS29,CNAM,11,100,0,I've acquired Agarmir's shovel still damp with the fresh earth of the open grave. This is the final bit of proof I need of Agarmir's crimes. I should bring it back to Thoronir.,파헤쳐진 무덤의 신선한 흙으로 축축해져 있는 아가미르의 삽을 찾았다. 이것은 아가미르의 범죄에 대한 결정적인 증거가 될 것이다. 이것을 소로니르에게 갖다 주어야 한다.,record,False,False,False,False,,
Oblivion.esm,QUST,00016718,MS29,CNAM,12,110,0,Thoronir has agreed to donate all his ill-gotten merchandise to the local temple and begin selling legitimate merchandise. He also rewarded me with a small ring as a token of his esteem. I should now bring the macabre manifest and Agarmir's shovel to Jensine for my reward.,"소로니르는 그가 부정한 방법으로 얻은 상품을 지방 예배당에 모두 기부하고, 앞으로는 적법한 상품을 팔 것이라고 말했다. 그는 그의 존경의 뜻을 담은 작은 반지를 나에게 보상으로 주었다. 이젠 그 섬뜩한 명단과 아가미르의 삽을 젠신에게 갖다주고 보상을 받아야 한다.",record,False,False,False,False,,
Oblivion.esm,QUST,00016718,MS29,CNAM,13,150,0,Jensine awarded me a bounty of gold on behalf of the Society of Concerned Merchants for restoring the economy of the Market District to its rightful place.,젠신은 시장 구역의 경제를 바르게 돌려놓은 것에 대하여 상인 연합회를 대표하여 나에게 상금을 지급하였다.,record,False,False,False,False,,
Oblivion.esm,QUST,00016718,MS29,CNAM,14,200,0,One of the characters needed to complete this quest has died.,이 퀘스트와 관련된 누군가가 죽어버렸다.,record,False,False,False,False,,
Oblivion.esm,QUST,00026DE4,DarkExile3,FULL,0,,,Eternal Exile,영원한 추방,record,False,False,False,False,,
Oblivion.esm,QUST,00026DE4,DarkExile3,CNAM,0,10,0,"I have been exiled from the Dark Brotherhood for breaking one of the Tenets. The next time I sleep, I will be visited by a spirit of vengeance known as the Wrath of Sithis. But even if I defeat this spirit, I will never be allowed to complete my duties in the Dark Brotherhood. I have gone too far, and Sithis is most displeased...",영원한 추방,record,False,False,False,False,,
Oblivion.esm,QUST,00026DE4,DarkExile3,CNAM,1,100,0,"I have defeated the final incarnation of the Wrath of Sithis, but my relationship with the Dark Brotherhood can never be repaired...",나는 마지막 시디스의 분노를 물리쳤지만 다크 브라더후드의 관계는 영원히 회복될 수 없다.,record,False,False,False,False,,
Oblivion.esm,QUST,00026DE3,DarkExileControl,FULL,0,,,Dark Exile Control Script,다크 망명의 통제 스크립트,record,False,False,False,False,,
Oblivion.esm,QUST,00026DE1,DarkExile2,FULL,0,,,Another Dark Exile,또 다른 어두운 추방(Another Dark Exile),record,True,True,False,False,HIGH,"Another, Dark, Exile"
Oblivion.esm,QUST,00026DE1,DarkExile2,CNAM,0,10,0,"I have been exiled from the Dark Brotherhood for breaking one of the Tenets. The next time I sleep, I will be visited by a spirit of vengeance known as the Wrath of Sithis. Only by defeating this spirit may I be allowed to rejoin the Dark Brotherhood.","나는 교리를 위반했기 때문에 다크 브라더후드로부터 추방된 상태이다. 다음 번 내가 잠드는 때에, 나는 시디스(Sithis)의 분노라 알려진 복수의 영혼을 맞이하게 될 것이다. 다시 다크 브라더후드의 일원이 되기 위해서는 이 영혼을 제거하는 수 밖에 없다.",record,True,True,False,False,HIGH,Sithis
Oblivion.esm,QUST,00026DE1,DarkExile2,CNAM,1,100,0,"I have slain the Wrath of Sithis, and am no longer exiled from the Dark Brotherhood. I may resume my duties as normal. I should be wary, however, for this was my last chance at redemption. If I invoke the Wrath of Sithis again, I will be forever exiled, even if the spirit is slain.","나는 시디스(Sithis)의 분노를 무찔렀고, 더 이상 다크 브라더후드로부터 추방된 몸이 아니다. 나는 평소와 다름 없이 임무를 재개할 것이다. 그러나, 아마도 이것은 마지막 구제의 기회이기 때문에 앞으로는 주의 깊게 행동할 필요가 있다. 만약, 내가 다시 시디스(Sithis)의 분노를 마주하게 되는 날에는 이를 물리칠 수 있을지라도 결코 돌이킬 수 없게 되어버릴 것이다.",record,True,True,False,False,HIGH,"Sithis, Sithis"
Oblivion.esm,QUST,00026DE0,DarkExile,FULL,0,,,A Dark Exile,어두운 추방(A Dark Exile),record,True,True,False,False,HIGH,"Dark, Exile"
Oblivion.esm,QUST,00026DE0,DarkExile,CNAM,0,10,0,"I have been exiled from the Dark Brotherhood for breaking one of the Tenets. The next time I sleep, I will be visited by a spirit of vengeance known as the Wrath of Sithis. Only by defeating this spirit may I be allowed to rejoin the Dark Brotherhood.","나는 교리를 위반했기 때문에 다크 브라더후드로부터 추방된 상태이다. 다음 번 내가 잠드는 때에, 나는 시디스(Sithis)의 분노라 알려진 복수의 영혼을 맞이하게 될 것이다. 다시 다크 브라더후드의 일원이 되기 위해서는 이 영혼을 제거하는 수 밖에 없다.",record,True,True,False,False,HIGH,Sithis
Oblivion.esm,QUST,00026DE0,DarkExile,CNAM,1,100,0,"I have slain the Wrath of Sithis, and am no longer exiled from the Dark Brotherhood. I may resume my duties as normal.","나는 시디스(Sithis)의 분노를 무찔렀고, 더 이상 다크 브라더후드로부터 추방된 몸이 아니다. 나는 평소와 다름 없이 임무를 재개할 것이다.",record,True,True,False,False,HIGH,Sithis
Oblivion.esm,QUST,00026D72,DAWabbajack,FULL,0,,,Wabbajack quest,와바잭 퀘스트,record,False,False,False,False,,
Oblivion.esm,QUST,00025032,MGExpulsion02,FULL,0,,,Mages Guild Second Suspension,메이지 길드 2차 자격정지,record,False,False,False,False,,
Oblivion.esm,QUST,00025032,MGExpulsion02,CNAM,0,10,0,"I have stolen from the Mages' Guild, and have been suspended from the guild for it.",메이지길드에서 도둑질했기 때문에 길드에서 제명당하고 말았다. 메이지길드에 다시 가입하기 위해서는 20개의 나이트쉐이드(Nightshade)와 20개의 멘드레이크 뿌리(Mandrake Root)를 아케인 대학의 라미누스 폴루스(Raminus Polus)에게 가져가야만 한다.,record,True,True,False,False,HIGH,"Nightshade, Mandrake, Root, Raminus, Polus"
Oblivion.esm,QUST,00025032,MGExpulsion02,CNAM,1,15,0,"In order to regain favor with the Mages Guild, I must bring 20 Nightshade and 20 Mandrake Root to Raminus Polus at the Arcane University.",메이지 길드에서 도둑질했기 때문에 길드에서 제명당하고 말았다. 메이지 길드에 다시 가입하기 위해서는 20개의 밤그늘꽃과 20개의 멘드레이크 뿌리를 아케인 대학의 라미누스 폴루스에게 가져가야만 한다.,record,False,False,False,False,,
Oblivion.esm,QUST,00025032,MGExpulsion02,CNAM,2,20,0,"I have attacked a member of the Mages Guild, and have been suspended from the guild.",메이지 길드원을 공격했기 때문에 길드에서 제명당하고 말았다.,record,False,False,False,False,,
Oblivion.esm,QUST,00025032,MGExpulsion02,CNAM,3,25,0,"In order to regain favor with the guild, I must bring 20 Dragon's Tongue and 20 Redwort Flower to Raminus Polus at the Arcane University.",메이지 길드에 다시 가입하기 위해서는 20개의 드래곤 혀꽃과 20개의 둥근 홍초를 아케인 대학의 라미누스 폴루스에게 가져가야만 한다.,record,False,False,False,False,,
Oblivion.esm,QUST,00025032,MGExpulsion02,CNAM,4,30,0,"I have killed a member of the Mages Guild, and have been suspended from the guild for it.",메이지 길드원을 죽였기 때문에 길드에서 제명당하고 말았다.,record,False,False,False,False,,
Oblivion.esm,QUST,00025032,MGExpulsion02,CNAM,5,35,0,"In order to regain favor with the guild, I must gather 20 Vampire Dust and 20 Daedra Hearts and deliver them to Raminus Polus at the Arcane University.",메이지 길드에 다시 가입하기 위해서는 20개의 뱀파이어 가루와 20개의 데이드라 심장을 모아 아케인 대학의 라미누스 폴루스에게 가져가야만 한다.,record,False,False,False,False,,
Oblivion.esm,QUST,00025032,MGExpulsion02,CNAM,6,100,0,"I have been reinstated into the Mages Guild, with the warning that any further infractions will result in permanent removal from the guild.",차후 위반행위가 있을 시 길드로부터 영구 제명된다는 경고와 함께 메이지 길드에 다시 가입되었다.,record,False,False,False,False,,
Oblivion.esm,QUST,00022E92,MGExpulsion01,FULL,0,,,Mages Guild Suspension,메이지 길드 1차 자격정지,record,False,False,False,False,,
Oblivion.esm,QUST,00022E92,MGExpulsion01,CNAM,0,10,0,"I have stolen from the Mages' Guild, and have been suspended from the guild for it.",메이지길드원을 공격했기 때문에 길드에서 제명당하고 말았다. 메이지길드에 다시 가입하기 위해서는 20개의 드래곤의 혀(Dragon's Tongue)와 20개의 레드워트 꽃(Redwert Flower)을 아케인 대학의 라미누스 폴루스(Raminus Polus)에게 가져가야만 한다.,record,True,True,False,False,HIGH,"Dragon's, Tongue, Redwert, Flower, Raminus, Polus"
Oblivion.esm,QUST,00022E92,MGExpulsion01,CNAM,1,15,0,"In order to regain favor with the Mages Guild, I must bring 20 Nightshade and 20 Mandrake Root to Raminus Polus at the Arcane University.",메이지 길드에 다시 가입하기 위해서는 20개의 밤그늘꽃과 20개의 멘드레이크 뿌리를 아케인 대학의 라미누스 폴루스에게 가져가야만 한다.,record,False,False,False,False,,
Oblivion.esm,QUST,00022E92,MGExpulsion01,CNAM,2,20,0,"I have attacked a member of the Mages Guild, and have been suspended from the guild.",메이지 길드에 다시 가입하기 위해서는 20개의 드래곤 혀꽃과 20개의 둥근 홍초를 아케인 대학의 라미누스 폴루스에게 가져가야만 한다.,record,False,False,False,False,,
Oblivion.esm,QUST,00022E92,MGExpulsion01,CNAM,3,25,0,"In order to regain favor with the guild, I must bring 20 Dragon's Tongue and 20 Redwort Flower to Raminus Polus at the Arcane University.",메이지 길드에 다시 가입하기 위해서는 20개의 드래곤 혀꽃과 20개의 둥근 홍초를 아케인 대학의 라미누스 폴루스에게 가져가야만 한다.,record,False,False,False,False,,
Oblivion.esm,QUST,00022E92,MGExpulsion01,CNAM,4,30,0,"I have killed a member of the Mages Guild, and have been suspended from the guild for it.",메이지 길드원을 죽였기 때문에 길드에서 제명당하고 말았다.,record,False,False,False,False,,
Oblivion.esm,QUST,00022E92,MGExpulsion01,CNAM,5,35,0,"In order to regain favor with the guild, I must gather 20 Vampire Dust and 20 Daedra Hearts and deliver them to Raminus Polus at the Arcane University.",메이지 길드에 다시 가입하기 위해서는 20개의 뱀파이어 가루와 20개의 데이드라 심장을 모아 아케인 대학의 라미누스 폴루스에게 가져가야만 한다.,record,False,False,False,False,,
Oblivion.esm,QUST,00022E92,MGExpulsion01,CNAM,6,100,0,I have been reinstated into the Mages Guild.,메이지 길드에 다시 가입되었다.,record,False,False,False,False,,
Oblivion.esm,QUST,00022E5A,MS37,FULL,0,,,Tears of the Savior,구세주의 눈물,record,False,False,False,False,,
Oblivion.esm,QUST,00022E5A,MS37,CNAM,0,10,0,"S'drassa of the Mage's Guild in Leyawiin has tasked me to find Garridan's Tears. S'drassa enjoys collecting crystals of a magical nature, and is willing to pay a handsome amount gold for each Tear I recover. I should continue to speak to him about these unique formations.",구세주의 눈물,record,False,False,False,False,,
Oblivion.esm,QUST,00022E5A,MS37,CNAM,1,20,0,"S'drassa described a bit about Garridan's Tears to me. Apparently, they're literally tears of a knight who was somehow frozen long ago. To find where they may be located, he suggested I speak to a colleague of his at the Arcane University in the Imperial City, Julienne Fanis.",스'드라사는 개리든의 눈물에 대해 간략하게 설명해 줬다. 그 눈물은 말 그대로 오래전에 어떤 사연 때문에 얼어버린 기사의 눈물이라고 한다. 그 눈물이 있는 곳을 찾기 위해 스'드라사는 임페리얼 시티의 아케인 대학의 줄리엔 파니스에게 물어보라고 말했다.,record,False,False,False,False,,
Oblivion.esm,QUST,00022E5A,MS37,CNAM,2,30,0,"Julienne Fanis referred me to a book, ""Knightfall"", available at the First Edition bookshop in the Market District if I wanted to learn more about the possible location of Garridan's Tears.",줄리엔 파니스는 개리든의 눈물의 위치에 대해 알고 싶다면 시장 구역의 초판본 서점에서 '기사의 최후'라는 책을 구입해서 조사해보라고 했다.,record,False,False,False,False,,
Oblivion.esm,QUST,00022E5A,MS37,CNAM,3,40,0,I've purchased Knightfall from Phinitas at the First Edition Bookshop in the Market District. I should read it to find out more about Garridan's Tears.,상가지역의 퍼스트에디션 서점의 핀티아즈에게 나이트폴(Knightfall)을 구입했다. 게리든(Garridan)의 눈물에 대하여 더 많은 것을 찾기 위해 이것을 읽어봐야 한다.,record,True,True,False,False,HIGH,"Knightfall, Garridan"
Oblivion.esm,QUST,00022E5A,MS37,CNAM,4,50,0,"Knightfall tells the tale of Garridan and the quest for the Everflow Ewer at a place known as Frostfire Glade. It is supposedly located in the mountains near Bruma. Using some of the references from the story, I was able to pinpoint it on my map. The book also mentions needing special refined frost salts to get into the Glade. I should speak to Julienne Fanis about this.","기사의 최후에는 개리든의 이야기와 타는 듯한 서리 공터라고 알려진 장소에 있다는 샘솟는 물병을 찾아 여정을 떠나는 이야기가 쓰여 있었다. 그 공터는 아마도 브루마 근처의 산에 있을 것이다. 이야기 내용을 보고, 지도에 위치를 표시해뒀다. 책에는 그 공터로 들어가기 위해서는 특별히 정제된 냉기 소금이 필요하다고 적혀 있었다. 줄리엔 파니스에게 냉기 소금에 관해 물어봐야겠다.",record,False,False,False,False,,
Oblivion.esm,QUST,00022E5A,MS37,CNAM,5,60,0,I've acquired refined frost salts from Julienne. I should now make my way to Frostfire Glade.,줄리엔을 통해 정제된 냉기 소금을 얻을 수 있었다. 이제 타는 듯한 서리 공터로 출발해야 한다.,record,False,False,False,False,,
Oblivion.esm,QUST,00022E5A,MS37,CNAM,6,70,0,"I've arrived at the entrance to Frostfire Glade. Like the book describes, the refined frost salts are in my hand; all I must do is open the seal by touching it.","타는 듯한 서리 공터의 입구에 도착했다. 책에 묘사된 것처럼, 봉인된 문을 열려면 손에 들고 있는 정제된 냉기 소금을 갖다 대야 한다.",record,False,False,False,False,,
Oblivion.esm,QUST,00022E5A,MS37,CNAM,7,80,0,"I've entered Frostfire Glade. The entire area seems filled with a swirling, freezing mist. The extreme cold in this place is unbearable without magical protection. The glade is true to its namesake; the frost burns as if it was fire. I should now carefully begin searching it for Garridan's Tears.",타는 듯한 서리 공터로 들어왔다. 이 공간은 차갑고 소용돌이치는 안개로 꽉 차있는 것처럼 보인다. 이곳은 극도로 추워 마법의 보호 없이는 버티기 어렵다. 이 공터는 이름 그대로 타는 듯한 서리로 덮여 있다. 이제 조심해서 개리든의 눈물을 찾아봐야 한다.,record,False,False,False,False,,
Oblivion.esm,QUST,00022E5A,MS37,CNAM,8,85,0,"In the center of Frostfire Glade, I've discovered an astonishing sight. Garridan himself locked in an eternal frozen struggle with a huge Frost Atronach. It appears that Garridan had dropped his weapon and was using the Ewer to protect himself. The Atronach smashed the Ewer, which must have reacted with the magical waters and froze everything solid. A sad end for such a noble knight.","타는 듯한 서리 공터의 중심에서 놀라운 광경을 목격했다. 개리든이 거대한 냉기 아트로나크와 싸우던 모습 그대로 영원히 얼어붙은 채 봉인되어 있었다. 무기를 떨어뜨린 개리든은 자신을 보호하기 위해 샘솟는 물병을 사용하려 했을 것이다. 아트로나크가 물병을 부쉈고, 물병이 마법의 물과 반응하여 모든 것을 얼려버린 것이 틀림없다. 고귀한 기사의 슬픈 최후다.",record,False,False,False,False,,
Oblivion.esm,QUST,00022E5A,MS37,CNAM,9,90,0,"I've found one of Garridan's Tears. I should continue searching, as there may be more.",개리든의 눈물을 찾았다. 더 있을지도 모르므로 계속 찾아봐야 한다.,record,False,False,False,False,,
Oblivion.esm,QUST,00022E5A,MS37,CNAM,10,91,0,"I've found one of Garridan's Tears. I should continue searching, as there may be more.",개리든의 눈물을 찾았다. 더 있을지도 모르므로 계속 찾아봐야 한다.,record,False,False,False,False,,
Oblivion.esm,QUST,00022E5A,MS37,CNAM,11,92,0,"I've found one of Garridan's Tears. I should continue searching, as there may be more.",개리든의 눈물을 찾았다. 더 있을지도 모르므로 계속 찾아봐야 한다.,record,False,False,False,False,,
Oblivion.esm,QUST,00022E5A,MS37,CNAM,12,93,0,"I've found one of Garridan's Tears. I should continue searching, as there may be more.",개리든의 눈물을 찾았다. 더 있을지도 모르므로 계속 찾아봐야 한다.,record,False,False,False,False,,
Oblivion.esm,QUST,00022E5A,MS37,CNAM,13,95,0,"I've found the fifth and final one of Garridan's Tears. I can now return to S'drassa in Leyawiin for my hard-earned reward, and perhaps a warm fire.",다섯 번째 이자 마지막 개리든의 눈물을 찾았다. 이제 레이야윈의 스'드라사에게 돌아가서 나의 노고에 대한 보상을 받아야겠다. 가능하면 따뜻한 온기도 느끼고 싶다.,record,False,False,False,False,,
Oblivion.esm,QUST,00022E5A,MS37,CNAM,14,100,0,"I've given Garridan's Tears to S'drassa. He rewarded me with a fair amount of gold for each of them, plus a bonus for finding more than he had expected.","개리든의 눈물을 스'드라사에게 주었다. 스'드라사는 그 눈물의 가치만큼 후한 돈을 줬고, 기대한 것보다 더 많이 찾아준 것에 감사하며 추가보상도 주었다.",record,False,False,False,False,,
Oblivion.esm,QUST,00022E5A,MS37,CNAM,15,200,0,One of the characters needed to complete this quest has died.,이 퀘스트와 관련된 누군가가 죽어버렸다.,record,False,False,False,False,,
Oblivion.esm,QUST,00022D43,ArenaDisqualification,FULL,0,,,Arena Disqualification Control Script,아레나 실격 제어 스크립트,record,False,False,False,False,,
Oblivion.esm,QUST,00022BDC,Mg09Test,FULL,0,,,Test,테스트,record,False,False,False,False,,
Oblivion.esm,QUST,0001F87B,MQConversations,FULL,0,,,Main quest scripted conversations,메인 퀘스트 대본 대화,record,False,False,False,False,,
Oblivion.esm,QUST,0001F426,MS08,FULL,0,,,Caught in the Hunt,사냥에 잡혔다,record,False,False,False,False,,
Oblivion.esm,QUST,0001F426,MS08,CNAM,0,5,0,"While in Bravil, I've heard that Ursanne Loche's husband, Aleron, is missing. If I wish to help, I should attempt to locate Ursanne and see if I can find out more information.","브라빌에 있는 동안 나는 얼세인 로셰의 남편인 알레론이 실종되었다는 이야기를 들었다. 얼세인을 도우려면, 얼세인을 찾아가서 더 많은 정보를 얻을 수 있을지 확인해봐야 한다.",record,False,False,False,False,,
Oblivion.esm,QUST,0001F426,MS08,CNAM,1,10,0,"I've met Ursanne Loche in Bravil. She's told me that her husband, Aleron Loche is missing and she needs my help to locate him. I should ask her more about Aleron to help determine if I'm interested in helping.","브라빌의 얼세인 로셰를 만났다. 얼세인은 남편인 알레론 로셰가 실종되었고, 남편을 찾기 위해선 내 도움이 필요하다고 했다. 얼세인을 돕고 싶다면, 알레론에 관해 얼세인에게 더 많은 걸 물어봐야 한다.",record,False,False,False,False,,
Oblivion.esm,QUST,0001F426,MS08,CNAM,2,20,0,"Aleron owed a great deal of money to an Orc usurer named Kurdan gro-Dragol. He went there a day ago to beg for more time, and hasn't returned since. Kurdan gro-Dragol usually frequents The Lonely Suitor Lodge, which is close by. Perhaps I should pay him a visit.",알레론은 오크족인 커단 그로-드라골이라고 하는 고리대금업자에게 엄청난 액수의 돈을 빚지고 있었다. 그는 하루 전에 시간을 좀 더 달라고 간청하러 간 이후로 돌아오지 않고 있다. 커단 그로-드라골은 여기서 가까운 외로운 구혼자의 오두막에 자주 간다고 했다. 아마 커단을 찾아가야 할 것 같다.,record,False,False,False,False,,
Oblivion.esm,QUST,0001F426,MS08,CNAM,3,30,0,"Kurdan gro-Dragol has told me that he knows the location of Aleron Loche, and if I want him to reveal it to me, I'll have to retrieve an axe that belonged to his father and was lost on Fort Grief Island some time ago. If I don't bring the axe back, he says that Aleron will die. When I'm ready, I need to speak to Kurdan who will provide a boat for me.","커단 그로-드라골은 알레론 로셰가 어디있는지 알고 있다며, 어디 있는지 알고 싶다면 얼마 전에 슬픔의 요새가 있는 섬에서 잃어버린 커단의 아버지의 도끼를 찾아오라고 하였다. 만약 내가 도끼를 가져오지 않으면 알레론은 죽을 것이라고 말했다. 커단에게 갈 준비가 됐다고 말하면 커단은 내게 배를 빌려줄 것이다.",record,False,False,False,False,,
Oblivion.esm,QUST,0001F426,MS08,CNAM,4,40,0,"Kurdan gro-Dragol told me that the boat is waiting for me at the dock next to the magic shop here in Bravil. I should get underway soon, as I wish to find out what's happened to Aleron.",커단 그로-드라골은 브라빌의 마법상점 뒤에 있는 부두에 배가 있을 거라고 말했다. 알레론에게 무슨 일이 일어난 건지 조사하기 위해선 즉시 출발해야 한다.,record,False,False,False,False,,
Oblivion.esm,QUST,0001F426,MS08,CNAM,5,50,0,I've arrived at Fort Grief. I should proceed inside the ruined keep and begin my search for the axe.,슬픔의 요새에 도착하였다. 폐허가 된 성 안으로 들어가서 도끼를 찾기 시작해야 한다.,record,False,False,False,False,,
Oblivion.esm,QUST,0001F426,MS08,CNAM,6,60,0,"To my surprise, I've come across Aleron Loche inside the ruined keep of Fort Grief! He told me that the search for the axe is a ruse that Kurdan gro-Dragol uses to lure people into the ruins. Apparently, Aleron and I are now the prey in a bizarre hunting sport that Kurdan created. I should talk to Aleron and find out more.","놀랍게도 슬픔의 요새의 폐허가 된 성 안에서 알레론 로셰를 만날 수 있었다! 그는 커단 그로-드라골이 도끼를 찾아오라고 시킨 건 사람들을 폐허 안으로 끌어들이기 위한 계략이라고 말했다. 확실히, 알레론과 나는 지금 커단이 만든 기괴한 사냥 스포츠의 사냥감이 된 것 같다. 알레론과 좀 더 대화해서 더 많은 것을 알아내야 한다.",record,False,False,False,False,,
Oblivion.esm,QUST,0001F426,MS08,CNAM,7,65,0,"If Aleron and I are to survive, I need to proceed down into the Hunter's Run and defeat the hunters being sent after us. According to the ""rules"", one of them will have the key to unlock the door Kurdan sealed behind us. Since Aleron is in no condition to fight, I'll have to seek these hunters out myself.","알레론과 내가 살아남기 위해서는 사냥꾼의 도피처로 들어가서 우리를 쫓아 파견된 사냥꾼들을 처치하여야 한다. ""규칙""에 따르면, 그들 중 한 명이 커단이 잠근 문을 열수 있는 열쇠를 가지고 있다. 알레론은 싸울만한 상태가 아니기 때문에 그 사냥꾼들은 나 혼자 찾아보아야 한다.",record,False,False,False,False,,
Oblivion.esm,QUST,0001F426,MS08,CNAM,8,70,0,I've defeated all of the hunters. I should search the body of the Orc Hunter for the key to the keep door of Fort Grief.,모든 사냥꾼들을 처리했다. 나는 오크 사냥꾼의 몸에서 슬픔의 요새의 성문을 열 수 있는 열쇠를 찾았다.,record,False,False,False,False,,
Oblivion.esm,QUST,0001F426,MS08,CNAM,9,75,0,I've found the key to the door of the keep at Fort Grief. I should now return to Aleron and get us both off this island.,슬픔의 요새의 성문을 열 수 있는 열쇠를 찾았다. 알레론에게 돌아가서 같이 이 섬을 탈출해야 한다.,record,False,False,False,False,,
Oblivion.esm,QUST,0001F426,MS08,CNAM,10,80,0,"I've returned to find Kurdan himself standing over the corpse of Aleron, whom he'd murdered. I had no choice but to attack and slay him. I should search Kurdan's corpse for anything that may help me get out of these ruins.",돌아온 나는 살해당한 알레론의 시체와 그 시체를 밟고 서있는 커단을 발견했다. 난 어쩔 수 없이 커단을 공격해서 죽여버렸다. 커단의 시체에서 요새에서 탈출하는 데 도움이 될 만한 게 있을지 찾아봐야겠다.,record,False,False,False,False,,
Oblivion.esm,QUST,0001F426,MS08,CNAM,11,90,0,The key I discovered on the Orc Hunter was indeed a fake and the real key was on Kurdan's body. He'd never intended to let us leave whether we won his demented hunt or not. The real key should allow me to unlock the gateroom inside the Hunter's Run and then leave Fort Grief. I will then have to bring Ursanne the sad news.,내가 오크 사냥꾼의 몸에서 발견한 열쇠는 가짜였다. 진짜 열쇠는 커단의 몸에 있었다. 커단은 우리가 이 미친 사냥에 이기든 지든 관계없이 우리를 풀어줄 생각이 전혀 없었다. 나는 진짜 열쇠를 사용해 사냥꾼의 도피처 안에서 문을 열고 슬픔의 요새를 탈출했다. 얼세인에게 슬픈 소식을 전해야 한다.,record,False,False,False,False,,
Oblivion.esm,QUST,0001F426,MS08,CNAM,12,100,0,"I've told Ursanne about her husband's death. I said that he fought bravely and that his thoughts were with her before he died. She thanked me for my kind words and bestowed a book upon me that belonged to Aleron. I know that I did the best I could, but at least Aleron's death was avenged.","얼세인에게 남편의 죽음에 대해 물어봤다. 나는 남편이 용감하게 싸웠으며 죽기 전에 얼세인의 생각을 많이 했었다고 말해 주었다. 얼세인은 나의 사려깊은 말에 감사했고 알레론이 가지고 있던 책 한 권을 나에게 주었다. 난 최선을 다했고, 적어도 알레론의 죽음에 대한 복수는 했다.",record,False,False,False,False,,
Oblivion.esm,QUST,0001F426,MS08,CNAM,13,150,0,One of the characters needed to complete this quest has died.,임무를 완수하는데 필요한 인물 중 하나가 죽어버렸다.,record,False,False,False,False,,
Oblivion.esm,QUST,0001EE46,TGStolenGoods,FULL,0,,,Independent Thievery,독립적인 도둑질,record,False,False,False,False,,
Oblivion.esm,QUST,0001EE46,TGStolenGoods,CNAM,0,20,0,Armand told me that he won't have any commission jobs for me until I sell more stolen property to Ongar the fence. I'll need about 50 gold worth of stolen goods before he will trust me sufficiently.,독립적인 도둑질,record,False,False,False,False,,
Oblivion.esm,QUST,0001EE46,TGStolenGoods,CNAM,1,25,0,I've reached my goal. I have fenced over 50 gold worth of goods. I should go see Armand sometime. He might have something for me.,목표를 달성했다. 난 50골드가 넘는 가치를 지닌 장물을 팔았다. 후일 아르망을 만나봐야겠다. 그가 내게 뭔가 해줄지 모른다.,record,False,False,False,False,,
Oblivion.esm,QUST,0001EE46,TGStolenGoods,CNAM,2,30,0,Armand told me that he won't have another commission job for me until I sell more stolen property to Ongar the fence. I'll need about 100 gold worth of stolen goods before he will trust me sufficiently.,아르망은 장물아비 온가르에게 장물을 좀 더 팔고 오기 전까지 다른 일거리를 주지 않을 거라고 말했다. 그가 나를 확실히 믿도록 하려면 100골드정도의 가치가 있는 걸 훔쳐 팔아야 될 것 같다.,record,False,False,False,False,,
Oblivion.esm,QUST,0001EE46,TGStolenGoods,CNAM,3,35,0,I've reached my goal. I have fenced over 100 gold worth of goods. I should go see Armand sometime. He might have something for me.,목표를 달성했다. 난 100골드가 넘는 가치를 지닌 장물을 팔았다. 후일 아르망을 만나봐야겠다. 그가 내게 뭔가 해줄지 모른다.,record,False,False,False,False,,
Oblivion.esm,QUST,0001EE46,TGStolenGoods,CNAM,4,40,0,S'krivva told me that she won't have another commission job for me until I sell more stolen property to Ongar or Dar Jee. I'll need about 200 gold worth of stolen goods before she will trust me sufficiently.,스'크리바는 온가르나 다르 지에게 장물을 좀 더 팔고 오기 전까지 다른 일거리를 주지 않을 거라고 내게 말했다. 그녀가 나를 확실히 믿도록 하려면 200골드 정도의 가치가 있는 걸 훔쳐 팔아야 될 것 같다.,record,False,False,False,False,,
Oblivion.esm,QUST,0001EE46,TGStolenGoods,CNAM,5,45,0,I've reached my goal. I have fenced over 200 gold worth of goods. I should go see S'krivva sometime. She might have something for me.,목표를 달성했다. 난 200골드가 넘는 가치를 지닌 장물을 팔았다. 후일 스'크리바를 만나봐야겠다. 그녀가 내게 뭔가 해줄지 모른다.,record,False,False,False,False,,
Oblivion.esm,QUST,0001EE46,TGStolenGoods,CNAM,6,50,0,S'krivva told me that she won't have any commission jobs for me until I sell more stolen property to Ongar or Dar Jee. I'll need about 300 gold worth of stolen goods before she will trust me sufficiently.,스'크리바는 온가르나 다르 지에게 장물을 좀 더 팔고 오기 전까지 일거리를 주지 않을 거라고 말했다. 그녀가 나를 확실히 믿도록 하려면 300골드 정도의 가치가 있는 걸 훔쳐 팔아야 될 것 같다.,record,False,False,False,False,,
Oblivion.esm,QUST,0001EE46,TGStolenGoods,CNAM,7,55,0,I've reached my goal. I have fenced over 300 gold worth of goods. I should go see S'krivva sometime. She might have something for me.,목표를 달성했다. 난 300골드가 넘는 가치를 지닌 장물을 팔았다. 후일 스'크리바를 만나봐야겠다. 그녀가 내게 뭔가 해줄지 모른다.,record,False,False,False,False,,
Oblivion.esm,QUST,0001EE46,TGStolenGoods,CNAM,8,60,0,"S'krivva told me that she won't have any commission jobs for me until I sell more stolen property to a fence. I'll need about 400 gold worth of stolen goods before she will trust me sufficiently. I should check out the new fence, Luciana Galena.",스'크리바는 장물아비에게 장물을 좀 더 팔고 오기 전까지 일거리를 주지 않을 거라고 말했다. 그녀가 나를 확실히 믿도록 하려면 400골드 정도의 가치가 있는 걸 훔쳐 팔아야 될 것 같다. 루시아나 갈레나라는 새 장물아비를 한번 확인해봐야겠다.,record,False,False,False,False,,
Oblivion.esm,QUST,0001EE46,TGStolenGoods,CNAM,9,65,0,I've reached my goal. I have fenced over 400 gold worth of goods. I should go see S'krivva sometime. She might have something for me.,목표를 달성했다. 난 400골드가 넘는 가치를 지닌 장물을 팔았다. 후일 스'크리바를 만나봐야겠다. 그녀가 내게 뭔가 해줄지 모른다.,record,False,False,False,False,,
Oblivion.esm,QUST,0001EE46,TGStolenGoods,CNAM,10,70,0,"S'krivva told me that she won't have another commission job for me until I sell more stolen property to the guild fences, like Luciana Galena. I'll need about 500 gold worth of stolen goods before she will trust me sufficiently.",스'크리바는 루시아나 갈레나같은 길드 소속 장물아비에게 장물을 좀 더 팔고 오기 전까지 다른 일거리를 주지 않을 거라고 말했다. 그녀가 나를 확실히 믿도록 하려면 500골드 정도의 가치가 있는 걸 훔쳐 팔아야 될 것 같다.,record,False,False,False,False,,
Oblivion.esm,QUST,0001EE46,TGStolenGoods,CNAM,11,75,0,I've reached my goal. I have fenced over 500 gold worth of goods. I should go see S'krivva sometime. She might have something for me.,목표를 달성했다. 난 500골드가 넘는 가치를 지닌 장물을 팔았다. 후일 스'크리바를 만나봐야겠다. 그녀가 내게 뭔가 해줄지 모른다.,record,False,False,False,False,,
Oblivion.esm,QUST,0001EE46,TGStolenGoods,CNAM,12,80,0,"S'krivva told me that she has no more commission jobs for me. However, the Gray Fox may be contacting me soon. Until then I sell more stolen property to the guild fences. I'll need at least 600 gold worth of stolen goods to get his attention.. I should see what kinds of prices I can get from the new fence, Orrin.",스크리바(S'krivva)는 더 이상 내게 줄 일거리가 없다고 했다. 하지만 다행스럽게도 그레이 폭스(Gray Fox)가 곧 나를 만나러 올 것이다. 그때까지 길드소속 장물아비에게 뭔가 가치 있는 것을 훔쳐 팔아야겠다. 그의 주목을 받으려면 아마도 600골드 정도 가치 있는 녀석을 팔아야 할 것이다. 오린(Orrin)이라는 새 장물아비에게 물어보면 그만한 가치의 물건들을 가르쳐 줄 것이다.,record,True,True,False,False,HIGH,"S'krivva, Gray, Fox, Orrin"
Oblivion.esm,QUST,0001EE46,TGStolenGoods,CNAM,13,85,0,"I've reached my goal. I have fenced over 600 gold worth of goods. When I'm in the cities, I'll have to keep an eye out for messengers from the Gray Fox. He could call for me at any time. I should wait in the Imperial City if I want them to find me quickly. ",목표를 달성했다. 난 600골드가 넘는 가치를 지닌 장물을 팔았다. 그레이 폭스의 심부름꾼들은 내가 도시에 머무를 때마다 나를 눈여겨 볼 것이다. 항상 나에게 요구할 것이다. 그들이 나를 좀 빨리 찾을 수 있게 임페리얼 시티에서 기다려 봐야겠다.,record,False,False,False,False,,
Oblivion.esm,QUST,0001EE46,TGStolenGoods,CNAM,14,90,0,"The Gray Fox may be contacting me soon. Until then I sell more stolen property to the guild fences, like Orrin. I'll need at least 700 gold worth of stolen goods to get his attention..",그레이 폭스(Gray Fox)는 곧 나에게 접촉해 올 것이다. 그때까지 오린(Orrin)같은 길드소속 장물아비에게 뭔가 가치 있는 것을 훔쳐다가 팔아야겠다. 그의 주목을 받으려면 아마도 700골드 정도 가치가 있는 녀석을 팔아야 할 것이다.,record,True,True,False,False,HIGH,"Gray, Fox, Orrin"
Oblivion.esm,QUST,0001EE46,TGStolenGoods,CNAM,15,95,0,"I've reached my goal. I have fenced over 700 gold worth of goods. When I'm in the cities, I'll have to keep an eye out for another messenger from the Gray Fox. He could call for me at any time. I should wait in the Imperial City if I want them to find me quickly. ",목표를 달성했다. 난 700골드가 넘는 가치를 지닌 장물을 팔았다. 그레이 폭스의 심부름꾼들은 내가 도시에 머무를 때 마다 나를 눈여겨 볼 것이다. 항상 나에게 요구할 것이다. 그들이 나를 좀 빨리 찾을 수 있게 임페리얼 시티에서 기다려 봐야겠다.,record,False,False,False,False,,
Oblivion.esm,QUST,0001EE46,TGStolenGoods,CNAM,16,100,0,"The Gray Fox may be contacting me soon. Until then I sell more stolen property to the guild fences. I'll need at least 800 gold worth of stolen goods to get his attention.. Now I can use the best fence the guild has, Fathis Ules.",그레이 폭스(Gray Fox)는 곧 나에게 접촉해 올 것이다. 그때까지 장물아비에게 뭔가 가치 있는 것을 훔쳐다가 팔아야겠다. 그의 주목을 받으려면 아마도 800골드 정도 가치가 있는 녀석을 팔아야 할 것이다. 이제 나는 길드 내 최고의 장물아비인 파시스 을리스(Fathis Ules)에게 팔수 있게 되었다.,record,True,True,False,False,HIGH,"Gray, Fox, Fathis, Ules"
Oblivion.esm,QUST,0001EE46,TGStolenGoods,CNAM,17,105,0,"I've reached my goal. I have fenced over 800 gold worth of goods. When I'm in the cities, I'll have to keep an eye out for another messenger from the Gray Fox. He could call for me at any time. I should wait in the Imperial City if I want them to find me quickly. ",목표를 달성했다. 난 800골드가 넘는 가치를 지닌 장물을 팔았다. 그레이 폭스의 심부름꾼들은 내가 도시에 머무를 때 마다 나를 눈여겨 볼 것이다. 항상 나에게 요구할 것이다. 그들이 나를 좀 빨리 찾을 수 있게 임페리얼 시티에서 기다려 봐야겠다.,record,False,False,False,False,,
Oblivion.esm,QUST,0001EE46,TGStolenGoods,CNAM,18,110,0,"The Gray Fox may be contacting me soon. Until then I sell more stolen property to the guild fences, such as Fathis Ules. I'll need at least 1000 gold worth of stolen goods to get his attention..",그레이 폭스(Gray Fox)는 곧 나에게 접촉해 올 것이다. 그때까지 파시스 을리스(Fathis Ules)같은 길드소속 장물아비에게 뭔가 가치 있는 것을 훔쳐다가 팔아야겠다. 그의 주목을 받으려면 아마도 1000골드 정도 가치가 있는 녀석을 팔아야 할 것이다.,record,True,True,False,False,HIGH,"Gray, Fox, Fathis, Ules"
Oblivion.esm,QUST,0001EE46,TGStolenGoods,CNAM,19,115,0,"I've reached my goal. I have fenced over 1000 gold worth of goods. When I'm in the cities, I'll have to keep an eye out for another messenger from the Gray Fox. He could call for me at any time. I should wait in the Imperial City if I want them to find me quickly. ",목표를 달성했다. 난 1000골드가 넘는 가치를 지닌 장물을 팔았다. 그레이 폭스의 심부름꾼들은 내가 도시에 머무를 때 마다 나를 눈여겨 볼 것이다. 항상 나에게 요구할 것이다. 그들이 나를 좀 빨리 찾을 수 있게 임페리얼 시티에서 기다려 봐야겠다.,record,False,False,False,False,,
Oblivion.esm,QUST,0001E868,TGExpelled,FULL,0,,,Cast out of the Thieves Guild,도둑 길드에서의 추방(Cast out of the Thieves Guild),record,True,True,False,False,HIGH,"Cast, out, of, the, Thieves, Guild"
Oblivion.esm,QUST,0001E868,TGExpelled,CNAM,0,10,0,"I have been caught stealing from a member of the Thieves Guild. Unless I pay the fine, I am sure to be cast out of the guild. I should talk to Armand.","도둑 길드(Thieves Guild)원의 물건을 훔친 일이 발각되었다. 만일 벌금을 내지 않는다면, 길드에서 추방당할 것이다. 아만드(Armand)와 이야기할 필요가 있을 듯하다.",record,True,True,False,False,HIGH,"Thieves, Guild, Armand"
Oblivion.esm,QUST,0001E868,TGExpelled,CNAM,1,20,0,"I have attacked another member of the Thieves Guild. Unless I pay the fine, I am sure to be cast out of the guild. I should talk to Armand.",도둑 길드(Thieves Guild)의 일원을 공격했다. 만일 벌금을 내지 않는다면 길드에서 추방당하고 말 것이다. 아만드(Armand)와 이야기할 필요가 있을 듯하다.,record,True,True,False,False,HIGH,"Thieves, Guild, Armand"
Oblivion.esm,QUST,0001E868,TGExpelled,CNAM,2,30,0,"I have killed a member of the Thieves Guild. Unless I pay the blood price, I am sure to be cast out from the guild. I should talk to Armand.","도둑 길드(Thieves Guild)의 일원을 살해했다. 이에 걸맞는 피값을 내지 않는다면, 길드에서 추방당하고 말 것이다. 아만드(Armand)와 이야기할 필요가 있을 듯하다.",record,True,True,False,False,HIGH,"Thieves, Guild, Armand"
Oblivion.esm,QUST,0001E868,TGExpelled,CNAM,3,40,0,I have paid the fine and been readmitted into the Thieves Guild.,벌금을 내고 다시 도둑 길드(Thieves Guild)의 일원으로 남아있게 되었다.,record,True,True,False,False,HIGH,"Thieves, Guild"
Oblivion.esm,QUST,0001E730,MQ14,FULL,0,,,Great Gate,거대 게이트,record,False,False,False,False,,
Oblivion.esm,QUST,0001E730,MQ14,CNAM,0,10,0,"The Great Gate has opened! I must enter it at once and get its Great Sigil Stone, before the Bruma defenders are overwhelmed. ",거대 게이트,record,False,False,False,False,,
Oblivion.esm,QUST,0001E730,MQ14,CNAM,1,20,0,"I have entered the Great Gate. The Daedric Siege Engine is crawling towards the portal! If it exits the Gate before I reach the Sigil Stone, all is lost.",오블리비언 게이트에 들어왔다. 데이드라 공성병기가 게이트를 향해 다가가고 있다! 데이드라 공성병기가 게이트로 나가기 전에 초대형 시질 스톤을 얻지 못하면 모든 게 수포로 돌아가고 만다.,record,False,False,False,False,,
Oblivion.esm,QUST,0001E730,MQ14,CNAM,2,30,0,The Daedric Siege Engine has almost exited the Gate! I must reach the Sigil Stone!,데이드라 공성병기가 거의 오블리비언 게이트를 나가려 하고 있다! 어서 초대형 시질 스톤을 손에 넣어야 한다!,record,False,False,False,False,,
Oblivion.esm,QUST,0001E730,MQ14,CNAM,3,40,0,The Daedric Siege Engine has exited the Great Gate!,데이드라 공성병기가 결국 오블리비언 게이트를 나가고 말았다.,record,False,False,False,False,,
Oblivion.esm,QUST,0001E730,MQ14,CNAM,4,50,0,I reached the Great Sigil Stone and closed the Gate. The Battle of Bruma is won! Now to give the sigil stone to Martin.,데이드라 공성병기가 나가기 전에 초대형 시질 스톤을 찾아 게이트를 닫았다. 우리는 브루마에서의 전투를 승리로 이끌었다! 이제 초대형 시질 스톤을 마틴에게 주어야 한다.,record,False,False,False,False,,
Oblivion.esm,QUST,0001E730,MQ14,CNAM,5,60,0,"Martin was pleased to see me return alive from the Great Gate. I gave him the Great Sigil Stone, and he has gone to Cloud Ruler Temple to prepare for the portal-opening ritual.",마틴은 내가 무사히 돌아온 것을 기뻐했다. 그에게 초대형 시질 스톤을 주었다. 그리고 그는 케모런의 낙원으로 가는 차원문을 열 의식을 준비하기 위해 클라우드 룰러 사원으로 갔다.,record,False,False,False,False,,
Oblivion.esm,QUST,0001E72F,MQ13,FULL,0,,,Defense of Bruma,브루마 방어(Defense of Bruma),record,True,True,False,False,HIGH,"Defense, of, Bruma"
Oblivion.esm,QUST,0001E72F,MQ13,CNAM,0,5,0,Jauffre said that Martin has completely deciphered the ritual in the Mysterium Xarxes. I should speak to Martin immediately.,죠프리에 의하면 마틴이 자서스 신비의 의식을 완전히 해석해 내었다고 한다. 마틴에게 가봐야 겠다.,record,False,False,False,False,,
Oblivion.esm,QUST,0001E72F,MQ13,CNAM,1,10,0,"Martin has deciphered the fourth item needed for the ritual: a Great Sigil Stone. Unfortunately, it is the anchor for a Great Gate -- the kind of Oblivion Gate the Mythic Dawn opened at Kvatch. While it is very dangerous to allow the Mythic Dawn to proceed with their plan to attack Bruma, it is our only hope to obtain a Great Sigil Stone. Martin will lead the defense of Bruma, while I enter the Great Gate to obtain its Sigil Stone.","마틴은 의식에 필요한 네 번째 물품을 해석해 내었다. 그것은 그레이트 시질 스톤으로 미식 던이 크바치에 열었던 것과 같은 그레이트 게이트를 열어두는 장치이다. 그레이트 게이트가 열리면 브루마에 대한 미식 던의 공성병기 공격이 시작될 수 있기에 그레이트 게이트는 매우 위험한 것이지만 또한, 그레이트 시질 스톤을 얻을 수 있는 유일한 희망이기도 하다. 내가 그레이트 시질 스톤을 구하러 그레이트 게이트에 들어가 있는 동안 마틴이 브루마를 지켜줄 것이다.",record,False,False,False,False,,
Oblivion.esm,QUST,0001E72F,MQ13,CNAM,2,10,1,I should tell the Countess of Bruma that Martin will meet her in the Chapel of Talos for a war council.,브루마의 백작부인에게 마틴이 탈로스 성당에서 군사 회의를 위해 만나고자 한다는 말을 전해야 한다.,record,False,False,False,False,,
Oblivion.esm,QUST,0001E72F,MQ13,CNAM,3,20,0,"I told the Countess of Martin's plans. She reluctantly agreed, and is going to meet Martin at the Chapel of Talos. When I am ready for battle, I should inform the Countess.","마틴의 계획에 백작부인은 마지못해 동의하였으며, 나는 전투 준비를 마치는 대로 백작부인에게 알려야 한다.",record,False,False,False,False,,
Oblivion.esm,QUST,0001E72F,MQ13,CNAM,4,30,0,"The Countess has ordered her men to let the Mythic Dawn open the three Gates, and to deploy for battle outside the city gates. Martin has gone to lead the defense of the city. I should proceed to the battleground at once, and protect Martin at all costs.","백작부인은 부하들에게 미식 던이 세 개의 게이트를 열도록 놔두고, 성문 외곽의 전투를 위해 배치하도록 명령했다. 마틴은 도시의 방어를 지휘하기 위해 나섰다. 나는 전장으로 달려가서 무슨 일이 있어도 마틴을 보호해야 한다.",record,False,False,False,False,,
Oblivion.esm,QUST,0001E72F,MQ13,CNAM,5,39,0,"I arrived at the battlefield to find one open Oblivion Gate. Once all three are open, the Mythic Dawn will open a Great Gate, which I must enter and retrieve its Great Sigil Stone.","열려 있는 오블리비언 게이트를 찾기 위해 전장에 도착했다. 일단 세 개가 다 열리고 나면 미식 던은 그레이트 게이트를 열 것이고, 나는 그 안으로 들어가서 그레이트 시질 스톤을 가져와야 한다.",record,False,False,False,False,,
Oblivion.esm,QUST,0001E72F,MQ13,CNAM,6,40,0,Martin and I have arrived on the battlefield. I must protect Martin until the Great Gate opens.,마틴과 나는 전장에 도착했다. 그레이트 게이트가 열릴 때 까지 반드시 마틴을 보호해야 한다.,record,False,False,False,False,,
Oblivion.esm,QUST,0001E72E,MQ12,FULL,0,,,Miscarcand,미스카컨드(Miscarcand),record,True,True,False,False,HIGH,Miscarcand
Oblivion.esm,QUST,0001E72E,MQ12,CNAM,0,10,0,"Martin has deciphered the third item needed for the ritual: a rare Ayleid artifact known as a Great Welkynd Stone. He knows of only one place that still might contain one, the Ayleid ruins of Miscarcand. I must find the Great Welkynd Stone of Miscarcand and bring it to Martin at Cloud Ruler Temple.","마틴이 의식에 필요한 것들 중 세 번째 물품을 해석해 내었다. 그레이트 웰킨드 스톤이라 불리는 희귀한 아일레이드 유물이다. 그것이 있을 만한 곳은 오직 한 곳, 미스카컨드의 아일레이드 유적 밖에 없다. 미스카컨드의 그레이트 웰킨드 스톤을 찾아 클라우드 룰러 사원의 마틴에게 전해야 한다.",record,False,False,False,False,,
Oblivion.esm,QUST,0001E72E,MQ12,CNAM,1,20,0,I have entered the ruins of Miscarcand. Now I must find its Great Welkynd Stone.,미스카컨드의 유적에 들어섰다. 이제 그레이트 웰킨드 스톤을 찾아야 한다.,record,False,False,False,False,,
Oblivion.esm,QUST,0001E72E,MQ12,CNAM,2,30,0,I have found the Great Welkynd Stone. Now to bring it to Martin at Cloud Ruler Temple.,그레이트 웰킨드 스톤을 찾았다. 클라우드 룰러 사원의 마틴에게 가져가야 한다.,record,False,False,False,False,,
Oblivion.esm,QUST,0001E72E,MQ12,CNAM,3,40,0,I gave Martin the Great Welkynd Stone that he needs for the Mysterium Xarxes ritual.,마틴에게 자서스 신비 의식에 필요한 그레이트 웰킨드 스톤을 넘겨 주었다.,record,False,False,False,False,,
Oblivion.esm,QUST,0001E72E,MQ12,CNAM,4,40,1,Martin has not yet deciphered the last item needed for the ritual to open a portal to Camoran's Paradise. I should help the Bruma Guard close the Oblivion Gate outside Bruma while he continues to study the Mysterium Xarxes.,마틴은 아직 케모런의 낙원으로 가는 포탈을 여는 의식에 필요한 마지막 물품을 해석해 내지 못했다. 그가 자서스 신비에 대한 연구를 계속 하는 동안 브루마 경비대가 브루마 외곽의 오블리비언 게이트를 닫는 것을 돕는 것이 좋을 것 같다.,record,False,False,False,False,,
Oblivion.esm,QUST,0001E72D,MQ11,FULL,0,,,Allies for Bruma,브루마의 동맹,record,False,False,False,False,,
Oblivion.esm,QUST,0001E72D,MQ11,CNAM,0,10,0,Jauffre is worried that the Bruma Guard will not be able to defend Bruma from a full-scale attack by the Mythic Dawn and their daedric allies. He suggested that I try to obtain support from the other cities of Cyrodiil. Perhaps I can persuade the Elder Council in the Imperial City or the guilds to help as well.,죠프리의 근심은 미식 던이 총 공세를 감행하면 브루마의 경비대 만으로는 브루마를 지켜낼 수 없다는 것이다. 그래서 생각한 것이 시로딜의 다른 도시에 지원을 요청하는 것이다. 어쩌면 임페리얼시티의 원로위원회를 설득하거나 길드들의 도움을 요청할 수 있을지도 모른다.,record,False,False,False,False,,
Oblivion.esm,QUST,0001E72D,MQ11,CNAM,1,20,0,"I spoke to the Countess of Anvil. She said she would be glad to send help, if only her own city wasn't threatened by an Oblivion Gate. I should close the gate outside Anvil and then talk to the Countess again.",앤빌의 여백작에게 얘기를 꺼내보았다. 그녀는 자신의 도시가 오블리비언 게이트로부터 위협을 받는 것만 아니라면 기꺼이 도움을 주겠다고 얘기했다. 앤빌 밖의 게이트부터 닫은 다음 다시 얘기를 꺼내봐야겠다.,record,False,False,False,False,,
Oblivion.esm,QUST,0001E72D,MQ11,CNAM,2,21,0,I spoke to the Countess of Anvil. She promised to send some of her best soldiers to help defend Bruma.,앤빌의 여백작에게 얘기를 꺼내보았다. 그녀는 브루마 방어를 위해 수하의 부하들 중 가장 뛰어난 자들 몇 명을 보내주기로 약속했다.,record,False,False,False,False,,
Oblivion.esm,QUST,0001E72D,MQ11,CNAM,3,22,0,"I spoke to the Count of Skingrad. He said he would be glad to send help, if only his own city wasn't threatened by an Oblivion Gate. I should close the gate outside Skingrad and then talk to the Count again.",스킨그라드의 백작에게 얘기를 꺼내보았다. 그는 자신의 도시가 오블리비언 게이트로부터 위협을 받는 것만 아니라면 기꺼이 도움을 주겠다고 얘기했다. 스킨그라드 밖의 게이트부터 닫은 다음 다시 얘기를 꺼내봐야겠다.,record,False,False,False,False,,
Oblivion.esm,QUST,0001E72D,MQ11,CNAM,4,23,0,I spoke to the Count of Skingrad. He promised to send some of his best soldiers to help defend Bruma.,스킨그라드의 백작에게 얘기를 꺼내보았다. 그는 브루마 방어를 위해 수하의 부하들 중 가장 뛰어난 자들 몇 명을 보내주기로 약속했다.,record,False,False,False,False,,
Oblivion.esm,QUST,0001E72D,MQ11,CNAM,5,24,0,"I spoke to the Countess of Chorrol. She said she would be glad to send help, if only her own city wasn't threatened by an Oblivion Gate. I should close the gate outside Chorrol and then talk to the Countess again.",코롤의 여백작에게 얘기를 꺼내보았다. 그녀는 자신의 도시가 오블리비언 게이트로부터 위협을 받는 것만 아니라면 기꺼이 도움을 주겠다고 얘기했다. 코롤 밖의 게이트부터 닫은 다음 다시 얘기를 꺼내봐야겠다.,record,False,False,False,False,,
Oblivion.esm,QUST,0001E72D,MQ11,CNAM,6,25,0,I spoke to the Countess of Chorrol. She promised to send some of her best soldiers to help defend Bruma.,코롤의 여백작에게 얘기를 꺼내보았다. 그녀는 브루마 방어를 위해 수하의 부하들 중 가장 뛰어난 자들 몇 명을 보내주기로 약속했다.,record,False,False,False,False,,
Oblivion.esm,QUST,0001E72D,MQ11,CNAM,7,26,0,"I spoke to the Count of Bravil. He said he would be glad to send help, if only his own city wasn't threatened by an Oblivion Gate. I should close the gate outside Bravil and then talk to the Count again.",브라빌의 백작에게 얘기를 꺼내보았다. 그는 자신의 도시가 오블리비언 게이트로부터 위협을 받는 것만 아니라면 기꺼이 도움을 주겠다고 얘기했다. 브라빌 밖의 게이트부터 닫은 다음 다시 얘기를 꺼내봐야겠다.,record,False,False,False,False,,
Oblivion.esm,QUST,0001E72D,MQ11,CNAM,8,27,0,I spoke to the Count of Bravil. He promised to send some of his best soldiers to help defend Bruma.,브라빌의 백작에게 얘기를 꺼내보았다. 그는 브루마 방어를 위해 수하의 부하들 중 가장 뛰어난 자들 몇 명을 보내주기로 약속했다.,record,False,False,False,False,,
Oblivion.esm,QUST,0001E72D,MQ11,CNAM,9,28,0,I spoke to the Count of Leyawiin. He said cannot send aid to Bruma with an Oblivion Gate threatening his own city. I should close the gate outside Leyawiin and then talk to the Count again.,레이야윈의 백작에게 얘기를 꺼내보았다. 그는 자신의 도시가 오블리비언 게이트로부터 위협을 받는 것만 아니라면 기꺼이 도움을 주겠다고 얘기했다. 레이야윈 밖의 게이트부터 닫은 다음 다시 얘기를 꺼내봐야겠다.,record,False,False,False,False,,
Oblivion.esm,QUST,0001E72D,MQ11,CNAM,10,29,0,I spoke to the Count of Leyawiin. He promised to send soldiers to help defend Bruma.,레이야윈의 백작에게 얘기를 꺼내보았다. 그는 브루마 방어를 위해 수하의 부하들 중 가장 뛰어난 자들을 보내주기로 약속했다.,record,False,False,False,False,,
Oblivion.esm,QUST,0001E72D,MQ11,CNAM,11,30,0,"I spoke to the Count of Cheydinhal. He said he would be glad to send help, if only his own city wasn't threatened by an Oblivion Gate. I should close the gate outside Cheydinhal and then talk to the Count again.",셰이딘홀의 백작에게 얘기를 꺼내보았다. 그는 자신의 도시가 오블리비언 게이트로부터 위협을 받는 것만 아니라면 기꺼이 도움을 주겠다고 얘기했다. 셰이딘홀 밖의 게이트부터 닫은 다음 다시 얘기를 꺼내봐야겠다.,record,False,False,False,False,,
Oblivion.esm,QUST,0001E72D,MQ11,CNAM,12,31,0,I spoke to the Count of Cheydinhal. He promised to send some of his best soldiers to help defend Bruma.,셰이딘홀의 백작에게 얘기를 꺼내보았다. 그는 브루마 방어를 위해 수하의 부하들 중 가장 뛰어난 자들 몇 명을 보내주기로 약속했다.,record,False,False,False,False,,
Oblivion.esm,QUST,0001E72D,MQ11,CNAM,13,32,0,"I spoke to Savlian Matius of the Kvatch guard. He would like to send help to Bruma, but he cannot spare the troops until the city is completely retaken from the daedra.",크바치 경비병인 사빌리언 마티우스에게 얘기를 꺼내보았다. 그는 브루마를 돕고 싶어하긴 했으나 크바치를 데이드라에게서 되찾아 오기 전 까지는 병력들을 나눠 줄 수가 없는 상태이다.,record,False,False,False,False,,
Oblivion.esm,QUST,0001E72D,MQ11,CNAM,14,33,0,"Savlian Matius thanked me again for my help in retaking Kvatch, and promised to send whatever troops he could spare to help defend Bruma.","사빌리언 마티우스는 크바치를 탈환하는데 도움을 준 것에 대해 감사를 표하면서, 브루마를 방어하는데 가능한 한 모든 병력을 보내주겠다고 약속했다.",record,False,False,False,False,,
Oblivion.esm,QUST,0001E72D,MQ11,CNAM,15,40,0,I closed the Oblivion Gate outside of Anvil. I should speak to the Countess about sending aid to Bruma now that Anvil is no longer directly threatened.,앤빌 외곽의 오블리비언 게이트를 닫았다. 이제 여백작에게 가서 앤빌에 가해지는 직접적인 위협은 없으니 브루마에 지원을 보내달라고 얘기해야 한다.,record,False,False,False,False,,
Oblivion.esm,QUST,0001E72D,MQ11,CNAM,16,41,0,I closed the Oblivion Gate outside of Skingrad. I should speak to the Count about sending aid to Bruma now that Skingrad is no longer directly threatened.,스킨그라드 외곽의 오블리비언 게이트를 닫았다. 이제 백작에게 가서 스킨그라드에 가해지는 직접적인 위협은 없으니 브루마에 지원을 보내달라고 얘기해야 한다.,record,False,False,False,False,,
Oblivion.esm,QUST,0001E72D,MQ11,CNAM,17,42,0,I closed the Oblivion Gate outside of Chorrol. I should speak to the Countess about sending aid to Bruma now that Chorrol is no longer directly threatened.,코롤 외곽의 오블리비언 게이트를 닫았다. 이제 여백작에게 가서 코롤에 가해지는 직접적인 위협은 없으니 브루마에 지원을 보내달라고 얘기해야 한다.,record,False,False,False,False,,
Oblivion.esm,QUST,0001E72D,MQ11,CNAM,18,43,0,I closed the Oblivion Gate outside of Bravil. I should speak to the Count about sending aid to Bruma now that Bravil is no longer directly threatened.,브라빌 외곽의 오블리비언 게이트를 닫았다. 이제 백작에게 가서 브라빌에 가해지는 직접적인 위협은 없으니 브루마에 지원을 보내달라고 얘기해야 한다.,record,False,False,False,False,,
Oblivion.esm,QUST,0001E72D,MQ11,CNAM,19,44,0,I closed the Oblivion Gate outside of Leyawiin. I should speak to the Count about sending aid to Bruma now that Leyawiin is no longer directly threatened.,레이야윈 외곽의 오블리비언 게이트를 닫았다. 이제 백작에게 가서 레이야윈에 가해지는 직접적인 위협은 없으니 브루마에 지원을 보내달라고 얘기해야 한다.,record,False,False,False,False,,
Oblivion.esm,QUST,0001E72D,MQ11,CNAM,20,45,0,I closed the Oblivion Gate outside of Cheydinhal. I should speak to the Count about sending aid to Bruma now that Cheydinhal is no longer directly threatened.,셰이딘홀 외곽의 오블리비언 게이트를 닫았다. 이제 백작에게 가서 셰이딘홀에 가해지는 직접적인 위협은 없으니 브루마에 지원을 보내달라고 얘기해야 한다.,record,False,False,False,False,,
Oblivion.esm,QUST,0001E72D,MQ11,CNAM,21,50,0,"I spoke to Chancellor Ocato, the head of the Elder Council. He was unable to promise any soldiers from the Imperial Legions, since they are all tied down in the provinces fighting the daedric invasion. He suggested I ask the Counts and Countesses of Cyrodiil for help.",원로 의원회의 수장인 오카토 위원장에게 얘기를 꺼내보았다. 하지만 제국 군 병사들은 전부 각 지방에서 데이드라의 침공에 맞서 싸우고 있기 때문에 그는 어떤 약속도 할 수 없는 상태였다. 대신 시로딜의 각 영주들에게 도움을 요청하는 것은 어떻겠느냐는 얘기를 했다.,record,False,False,False,False,,
Oblivion.esm,QUST,0001E72D,MQ11,CNAM,22,90,0,The Countess of Bruma urged me to obtain any additional help that I can find. She fears that her troops will be overwhelmed before I can close the Great Gate.,브루마의 여백작은 제발 어디서든 지원을 얻어달라고 간청했다. 그녀는 내가 거대 게이트를 닫기 전에 그녀의 병력이 전멸될까 봐 두려워한다.,record,False,False,False,False,,
Oblivion.esm,QUST,0001E72D,MQ11,CNAM,23,95,0,I have obtained allies from everyone that might help. Bruma is as well-defended as possible.,도움이 될 만한 모든 사람에게서 지원군을 얻어냈다. 브루마가 지금 보다 더 탄탄한 방어벽을 구축할 수는 없을 것이다.,record,False,False,False,False,,
Oblivion.esm,QUST,0001E72C,MQ10,FULL,0,,,Bruma Gate,브루마 게이트(Bruma Gate),record,True,True,False,False,HIGH,"Bruma, Gate"
Oblivion.esm,QUST,0001E72C,MQ10,CNAM,0,10,0,Martin told me that Jauffre needs to speak to me.,죠프리가 내게 할 얘기가 있다고 마틴이 말해줬다.,record,False,False,False,False,,
Oblivion.esm,QUST,0001E72C,MQ10,CNAM,1,20,0,"Jauffre told me that an Oblivion Gate has opened near Bruma, and the Countess has asked for the Blades to help her guardsmen close it. I should find Captain Burd outside the city walls and help him close the Gate.","죠프리는 브루마 근처에 오블리비언 게이트가 열렸으며, 백작부인으로부터 경비대를 도와 게이트를 닫아달라는 요청이 들어왔다고 했다. 우선 도시 바깥 외벽 근처에 있는 버드 대장을 찾고, 그를 도와 게이트를 닫아야겠다.",record,False,False,False,False,,
Oblivion.esm,QUST,0001E72C,MQ10,CNAM,2,30,0,Captain Burd and his men are ready to help me close the Oblivion Gate. I just need to let Burd know when I'm ready.,버드 대장과 그의 부하들은 이미 나와 함께 오블리비언 게이트를 닫을 준비가 되어있다. 내가 준비가 되면 버드 대장에게 알려야겠다.,record,False,False,False,False,,
Oblivion.esm,QUST,0001E72C,MQ10,CNAM,3,31,0,Captain Burd and his men are heading into the Oblivion Gate with me. I need to accompany Burd to the Sigil Stone chamber of the Oblivion Gate and show him how to close it.,이제 버드 대장과 그의 부하들은 나와 함께 오블리비언 게이트로 돌격해간다. 버드 대장을 시질 스톤이 있는 방으로 데려가서 게이트 닫는 법을 보여주는 게 좋을 것 같다.,record,False,False,False,False,,
Oblivion.esm,QUST,0001E72C,MQ10,CNAM,4,35,0,Captain Burd and I have entered the Oblivion Gate. I need to accompany him to the sigil stone and show him how to close the Gate.,버드 대장과 난 오블리비언 게이트 안으로 들어왔다. 버드 대장을 시질 스톤이 있는 방으로 데려가서 게이트를 닫는 방법을 보여줘야 겠다.,record,False,False,False,False,,
Oblivion.esm,QUST,0001E72C,MQ10,CNAM,5,38,0,I've reached the Sigil Stone. Now I need to bring Captain Burd here and show him how to close an Oblivion Gate.,시질 스톤이 있는 곳에 도착했다. 이제 버드 대장에게 게이트를 닫는 방법을 보여줘야 겠다.,record,False,False,False,False,,
Oblivion.esm,QUST,0001E72C,MQ10,CNAM,6,40,0,Burd and I have reached the Sigil Stone chamber. Now to close the Gate.,버드 대장과 난 시질 스톤이 있는 방에 도착했다. 이제 게이트를 닫을 차례다.,record,False,False,False,False,,
Oblivion.esm,QUST,0001E72C,MQ10,CNAM,7,50,0,I closed the Gate with Captain Burd. I should ask him if he needs any more help from me.,버드 대장과 함께 게이트를 닫았다. 뭔가 또 도와줄게 없는지 그에게 물어봐야겠다.,record,False,False,False,False,,
Oblivion.esm,QUST,0001E72C,MQ10,CNAM,8,55,0,"Captain Burd thanked me for my help, and said that he and his guardsmen will do their best to close any new Oblivion Gates that open near Bruma. I should report my success to Jauffre.",버드 대장은 나의 도움에 감사를 표하며 이제 자신들의 힘으로 브루마 근처에 열리는 오블리비언 게이트는 충분히 닫을 수 있다고 말했다. 죠프리에게 돌아가 임무를 마쳤다고 보고해야 겠다.,record,False,False,False,False,,
Oblivion.esm,QUST,0001E72C,MQ10,CNAM,9,60,0,Jauffre was pleased to hear of my success helping the Bruma Guard close the Oblivion Gate.,브루마에 열린 오블리비언 게이트를 성공적으로 봉쇄했다는 얘기를 듣고 죠프리는 기뻐했다.,record,False,False,False,False,,
Oblivion.esm,QUST,0001E72B,MQ09,FULL,0,,,Blood of the Divines,신들의 피,record,False,False,False,False,,
Oblivion.esm,QUST,0001E72B,MQ09,CNAM,0,5,0,I should speak to Martin about the second item he needs for the ritual to open a portal to Mankar Camoran's realm of Paradise.,신들의 피,record,False,False,False,False,,
Oblivion.esm,QUST,0001E72B,MQ09,CNAM,1,10,0,"Martin has deciphered a second item needed for the ritual: the 'blood of a Divine'. He could not imagine a way to obtain such a thing, until Jauffre suggested a solution: the blood of Tiber Septim, who was once mortal but became a god. I should ask Jauffre how to obtain this blood.",마틴은 두 번째 물품을 해석해 냈다. 그것은 '나인 디바인 중 한 분의 피'에 대한 것이었다. 그는 조프리가 해결책을 말하기 전까지 그것을 얻을만한 어떠한 구상도 할 수 없다. 그 해결책이란 것은 다름아니라 타이버 셉팀의 피였다. 타이버 셉팀의 피를 얻는 방법을 조프리와 상의해봐야겠다.,record,False,False,False,False,,
Oblivion.esm,QUST,0001E72B,MQ09,CNAM,2,20,0,"Jauffre told me that the Armor of Tiber Septim, a holy relic of the Blades, is contained in a shrine in the catacombs of Sancre Tor. It is said to be splashed with Tiber Septim's blood. Jauffre warned me that the catacombs have become very dangerous, but neither he nor Martin can think of any other way to obtain the blood of a divine.","조프리는 블레이드의 성스러운 유적인 생커 토르의 묘지에 있는 타이버 셉팀의 갑옷 얘기를 했다. 그것은 타이버 셉팀의 피가 묻혀진 것이라 했다. 조프리는 묘지의 위험성을 경고했지만, 그도 마틴도 다른 방법을 생각해 낼 수 없었다.",record,False,False,False,False,,
Oblivion.esm,QUST,0001E72B,MQ09,CNAM,3,20,1,"I need to go to Sancre Tor, find the Shrine of Tiber Septim and bring his ancient armor back to Martin.",아무래도 생커 토르로 가서 타이버 셉팀의 성스러운 피가 묻은 갑옷을 마틴에게 가져다 줘야겠다.,record,False,False,False,False,,
Oblivion.esm,QUST,0001E72B,MQ09,CNAM,4,30,0,I have found the entrance to the catacombs of Sancre Tor. I should search them for the Shrine of Tiber Septim.,생커 토르의 묘지로 들어가는 입구를 발견했다. 타이버 셉팀의 성지를 찾아봐야겠다.,record,False,False,False,False,,
Oblivion.esm,QUST,0001E72B,MQ09,CNAM,5,40,0,I have found the Shrine of Tiber Septim. Its entrance is blocked by some kind of enchantment. I will have to find some way to dispel the enchantment in order to reach the Armor inside the shrine.,타이버 셉팀의 성지를 찾았다. 성지의 입구는 어떤 마법 같은 것으로 막혀있다. 성지에 있는 갑옷을 가지려면 마법을 무력화 시킬 수 있는 방법을 찾아야 할 것 같다.,record,False,False,False,False,,
Oblivion.esm,QUST,0001E72B,MQ09,CNAM,6,50,0,I have destroyed an undead Blade in the catacombs of Sancre Tor. His released spirit told me that he had been bound here long ago with three companions by the Underking to guard the desecrated Shrine of Tiber Septim. He promised to attempt to dispel the curse that the Underking placed on the Shrine.,"생커 토르의 묘지에 있는 언데드 블레이드를 없애자 그것은 영혼으로 변하여 내게 말했다. ""난 오래 전에 언더킹에 의해 3명의 다른 동료들과 타이버 셉팀의 성지를 지키게 되었다."" 그는 성지에 걸려있는 언더킹의 마법을 풀어주겠노라고 약속했다.",record,False,False,False,False,,
Oblivion.esm,QUST,0001E72B,MQ09,CNAM,7,50,1,"I should free the spirits of the other cursed Blades of Sancre Tor, so that they can help to dispel the Underking's evil enchantment from the Shrine of Tiber Septim.","생커 토르를 지키는 다른 저주받은 블레이드들의 영혼을 해방시켜주면, 타이버 셉팀의 성지에 걸린 언더킹의 사악한 마법을 푸는데 도움이 될 것 같다.",record,False,False,False,False,,
Oblivion.esm,QUST,0001E72B,MQ09,CNAM,8,51,0,"I have destroyed the second of the cursed Blades guarding Sancre Tor, freeing his spirit to help his companions lift the Underking's enchantment from the Shrine of Tiber Septim. I should continue to search for the other two undead Blades.","두 번째로 저주받은 블레이드를 없앴다. 그의 영혼은 해방되었고, 다른 동료들과 언더킹의 마법을 풀기 위해 성지로 갔다. 계속해서 다른 두 언데드 블레이드를 찾아봐야 겠다.",record,False,False,False,False,,
Oblivion.esm,QUST,0001E72B,MQ09,CNAM,9,52,0,"I have destroyed the third of the cursed Blades guarding Sancre Tor. I need to find and destroy the last of the cursed Blades, so that his freed spirit can help the ghosts of his companions dispel the evil enchantment blocking the way to the Shrine of Tiber Septim.",세 번째 저주받은 블레이드를 없앴다. 이제 마지막 남은 저주받은 블레이드를 찾아 없애면 그들은 성지에 걸린 언더킹의 사악한 마법을 풀어줄 것이다.,record,False,False,False,False,,
Oblivion.esm,QUST,0001E72B,MQ09,CNAM,10,53,0,All of the cursed Blades of Sancre Tor have been destroyed. Their freed spirits have gone to the Shrine of Tiber Septim to try to dispel the enchantment laid upon it by the Underking long ago. I should go to the Shrine at once to see if they succeed in their final quest.,생커 토르의 저주받은 블레이드들을 모두 처치했다. 먼 옛날 걸려진 언더킹의 저주에서 자유로워진 그들의 영혼은 사악한 마법을 풀기 위해 타이버 셉팀의 성지로 향했다. 이제 그들의 마지막 임무를 이행하는 것을 보기 위해 성지로 가야겠다.,record,False,False,False,False,,
Oblivion.esm,QUST,0001E72B,MQ09,CNAM,11,70,0,The ghosts of the four cursed Blades have dispelled the evil enchantment on the Shrine of Tiber Septim. The way to the Armor is now open.,네 명의 저주받은 블레이드의 영혼들은 마침내 타이버 셉팀의 성지에 걸려있는 사악한 마법을 해제했다. 이제 갑옷을 가지러 갈 수 있다.,record,False,False,False,False,,
Oblivion.esm,QUST,0001E72B,MQ09,CNAM,12,80,0,I have the Armor of Tiber Septim. Now to take it to Martin at Cloud Ruler Temple.,타이버 셉팀의 갑옷을 얻었다. 이제 클라우드 룰러 사원에 있는 마틴에게 가야겠다.,record,False,False,False,False,,
Oblivion.esm,QUST,0001E72B,MQ09,CNAM,13,90,0,"I gave Martin the Armor of Tiber Septim. He was able to recover Tiber Septim's blood from it, which he needed for the Mysterium Xarxes ritual.",타이버 셉팀의 갑옷을 마틴에게 주었다. 그는 갑옷에서 자서스 신비의 의식에 필요한 타이버 셉팀의 피를 얻을 수 있게 되었다.,record,False,False,False,False,,
Oblivion.esm,QUST,0001E72A,MQ08,FULL,0,,,Blood of the Daedra,데이드라의 피,record,False,False,False,False,,
Oblivion.esm,QUST,0001E72A,MQ08,CNAM,0,9,0,"The book ""Modern Heretics"" describes the location of the Shrine of Azura. Perhaps if I visit this Shrine I can learn how to obtain a Daedric Artifact.",데이드라의 피,record,False,False,False,False,,
Oblivion.esm,QUST,0001E72A,MQ08,CNAM,1,10,0,"Martin has found a section of the Mysterium Xarxes which describes a ritual which will allow him to open a portal to Camoran's Paradise, where Mankar Camoran has taken the Amulet of Kings. He has learned that four items are required for this ritual, but has only identifed one so far: 'the blood of a Daedra Lord', which he says refers to a Daedric Artifact.","마틴이 해석한 책의 내용에는, 맨카 케모런이 왕의 아물렛을 가지고 사라져버린 케모런의 낙원으로 가는 포탈을 열 수 있는 의식이 기록되어 있었다. 그 의식에는 네 가지 필요한 물품이 있는데, 지금까지는 데이드릭 유물 중 하나인 '데이드라 군주의 피' 외에는 해석된 것이 없다.",record,False,False,False,False,,
Oblivion.esm,QUST,0001E72A,MQ08,CNAM,2,10,1,I need to locate a Daedric Artifact and bring it back to Martin at Cloud Ruler Temple.,데이드라 유물을 찾아서 클라우드 룰러 사원의 마틴에게 가져가야 한다.,record,False,False,False,False,,
Oblivion.esm,QUST,0001E72A,MQ08,CNAM,3,15,0,"I should read ""Modern Heretics"" for information about how to locate a daedric artifact.","어디서 데이드라 유물을 찾을 수 있는지 알아보려면 ""근대 이교도""를 읽어봐야만 할 것 같다.",record,False,False,False,False,,
Oblivion.esm,QUST,0001E72A,MQ08,CNAM,4,20,0,"I have a Daedric Artifact, which Martin needs for the ritual to open a portal to Camoran's Paradise. I should bring it to him at Cloud Ruler Temple.",케모런의 낙원으로 가는 차원문을 여는 의식에 필요한 데이드라 유물을 구했다. 이것을 클라우드 룰러 사원의 마틴에게 가져가야 겠다.,record,False,False,False,False,,
Oblivion.esm,QUST,0001E72A,MQ08,CNAM,5,30,0,I gave Martin the Daedric Artifact he needed for the Mysterium Xarxes ritual.,마틴에게 자서스 신비의 의식에 필요한 데이드라 유물을 건네주었다.,record,False,False,False,False,,
Oblivion.esm,QUST,0001E729,MQ07,FULL,0,,,Spies,스파이,record,False,False,False,False,,
Oblivion.esm,QUST,0001E729,MQ07,CNAM,0,10,0,"I delivered the Mysterium Xarxes to Martin, and told him that Mankar Camoran had escaped to Paradise with the Amulet of Kings. Martin believes the key to opening a portal to Camoran's Paradise lies within the pages of the Mysterium Xarxes, but he will need some time to study it, and ward himself against its evil power.",스파이,record,False,False,False,False,,
Oblivion.esm,QUST,0001E729,MQ07,CNAM,1,10,1,Martin asked me to speak to Jauffre about Mythic Dawn agents spying on Cloud Ruler Temple.,스파이,record,False,False,False,False,,
Oblivion.esm,QUST,0001E729,MQ07,CNAM,2,20,0,Jauffre told me that strangers have been sighted near Cloud Ruler Temple. He suspects they are Mythic Dawn spies based out of Bruma. He suggested that Captain Burd of the Bruma Guard might know of any strangers in town. Steffan of the Blades can tell me where he has seen the suspected spies.,"조프리는 클라우드 룰러 사원 근처에서 수상한 자들이 발견되었다고 했다. 그는 그들이 브루마를 거점으로 한 신화 여명회의 첩자일 가능성이 있으며, 브루마 경비대의 버드 대장이 마을 내의 수상한 인물들에 대해 알고 있을 거라고 했다. 블레이드의 스테판에게는 첩자로 의심되는 자들을 어디서 봤는지 물어봐야겠다.",record,False,False,False,False,,
Oblivion.esm,QUST,0001E729,MQ07,CNAM,3,25,0,"Steffan told me that the suspicious strangers have been seen on the road to Cloud Ruler Temple, usually near the runestone at dusk.",스테판은 수상한 자들이 주로 저녁 무렵 클라우드 룰러 사원으로 가는 길가의 룬스톤 근처에 나타났다고 했다.,record,False,False,False,False,,
Oblivion.esm,QUST,0001E729,MQ07,CNAM,4,30,0,The Mythic Dawn agent named Jearl is dead. I should report to Jauffre that both the Mythic Dawn spies are dead.,저얼이라는 이름의 신화 여명회 첩자는 죽었다. 조프리에게 신화 여명회 첩자 두 명 모두 죽었다고 보고해야겠다.,record,False,False,False,False,,
Oblivion.esm,QUST,0001E729,MQ07,CNAM,5,30,1,The Mythic Dawn agent named Jearl is dead. I should continue to search for the other Mythic Dawn spy in Bruma.,저얼이라는 이름의 신화 여명회 첩자는 죽었다. 브루마 내의 다른 신화 여명회 첩자들을 찾아나서야 한다.,record,False,False,False,False,,
Oblivion.esm,QUST,0001E729,MQ07,CNAM,6,30,2,"The Mythic Dawn agent named Jearl is dead. I should continue to search for other spies and locate their base in Bruma. Perhaps I should speak to Captain Burd, as Jauffre suggested.",저얼이라는 이름의 신화 여명회 첩자는 죽었다. 브루마 내의 다른 첩자들과 그들의 거점을 찾아나서야 한다. 조프리의 말대로 버드 대장과 얘기를 해 보는 것이 좋겠다.,record,False,False,False,False,,
Oblivion.esm,QUST,0001E729,MQ07,CNAM,7,30,3,The Mythic Dawn agent named Jearl is dead. I should continue to search for other spies and locate their base in Bruma.,저얼이라는 이름의 신화 여명회 첩자는 죽었다. 브루마 내의 다른 첩자들과 그들의 거점을 찾아나서야 한다.,record,False,False,False,False,,
Oblivion.esm,QUST,0001E729,MQ07,CNAM,8,31,0,The Mythic Dawn agent named Saveri Faram is dead. I should report to Jauffre that both the Mythic Dawn spies are dead.,사베리 파람이라는 이름의 신화 여명회 첩자는 죽었다. 조프리에게 신화 여명회 첩자 두 명 모두 죽었다고 보고해야 겠다.,record,False,False,False,False,,
Oblivion.esm,QUST,0001E729,MQ07,CNAM,9,31,1,The Mythic Dawn agent named Saveri Faram is dead. I should continue to search for the other Mythic Dawn spy in Bruma.,사베리 파람이라는 이름의 신화 여명회 첩자는 죽었다. 브루마 내의 다른 신화 여명회 첩자들을 찾아나서야 한다.,record,False,False,False,False,,
Oblivion.esm,QUST,0001E729,MQ07,CNAM,10,31,2,"The Mythic Dawn agent named Saveri Faram is dead. I should continue to search for other spies and locate their base in Bruma. Perhaps I should speak to Captain Burd, as Jauffre suggested.",사베리 파람이라는 이름의 신화 여명회 첩자는 죽었다. 브루마 내의 다른 첩자들과 그들의 거점을 찾아나서야 한다. 조프리의 말대로 버드 대장과 얘기를 해 보는 것이 좋겠다.,record,False,False,False,False,,
Oblivion.esm,QUST,0001E729,MQ07,CNAM,11,31,3,The Mythic Dawn agent named Saveri Faram is dead. I should continue to search for other spies and locate their base in Bruma.,사베리 파람이라는 이름의 신화 여명회 첩자는 죽었다. 브루마 내의 다른 첩자들과 그들의 거점을 찾아나서야 한다.,record,False,False,False,False,,
Oblivion.esm,QUST,0001E729,MQ07,CNAM,12,40,0,I found a key marked 'Basement Key'. Perhaps this clue can help me locate a Mythic Dawn agent's base in Bruma. Captain Burd may be able to provide some information about suspicious activity.,지하실 열쇠라고 표시가 된 열쇠를 찾아냈다. 이 단서는 브루마 내의 신화 여명회 첩자의 거점을 찾아내는데 도움이 될 것 같다. 버드 대장은 수상한 움직임에 대한 정보를 가지고 있을지도 모르겠다.,record,False,False,False,False,,
Oblivion.esm,QUST,0001E729,MQ07,CNAM,13,40,1,I found a key marked 'Basement Key'. Perhaps this clue can help me locate a Mythic Dawn agent's base in Bruma.,지하실 열쇠라고 표시가 된 열쇠를 찾아냈다. 이 단서가 브루마 내의 신화 여명회 첩자의 거점을 찾아내는데 도움이 될 것 같다.,record,False,False,False,False,,
Oblivion.esm,QUST,0001E729,MQ07,CNAM,14,50,0,"Captain Burd told me that no strangers were in town, although he said that Jearl had recently returned from a trip. I should search Jearl's house for anything that might reveal more about the activities of Mythic Dawn agents in Bruma.",버드 대장은 최근에 저얼이 여행에서 돌아오기는 했지만 마을 내에 이방인은 없다고 했다. 저얼의 집을 수색해서 브루마 내의 신화 여명회 첩자들의 움직임의 실체를 밝혀낼 만한 것이 있는지 찾아봐야겠다.,record,False,False,False,False,,
Oblivion.esm,QUST,0001E729,MQ07,CNAM,15,50,1,"Captain Burd told me that no strangers were in town, although he said that Jearl had recently returned from a trip. I should talk to Jearl.",버드 대장은 최근에 저얼이 여행에서 돌아오기는 했지만 마을 내에 이방인은 없다고 했다. 저얼과 얘기해 봐야겠다.,record,False,False,False,False,,
Oblivion.esm,QUST,0001E729,MQ07,CNAM,16,60,0,I've learned that Jearl has a visitor staying with her. I should find out who this visitor is.,저얼과 함께 머물고 있는 방문객이 있다는 것을 알아냈다. 그가 누군지 알아내야 한다.,record,False,False,False,False,,
Oblivion.esm,QUST,0001E729,MQ07,CNAM,17,60,1,"I should tell Captain Burd about the visitor staying with Jearl, since he said there were no strangers in town.",버드 대장은 마을 내에 이방인이 없다고 알고 있다. 그에게 저얼과 함께 머물고 있는 방문객에 대해 알려주어야 한다.,record,False,False,False,False,,
Oblivion.esm,QUST,0001E729,MQ07,CNAM,18,70,0,"When I told Burd that Jearl had an unknown visitor staying with her, he authorized me to enter her house and search it.","버드에게 그녀와 함께 머물고 있는 정체불명의 방문객에 대해 얘기하자, 그는 내가 그녀의 집을 수색할 수 있는 권한을 주었다.",record,False,False,False,False,,
Oblivion.esm,QUST,0001E729,MQ07,CNAM,19,70,1,"When I told Burd that Jearl was a Mythic Dawn agent, he authorized me to enter her house and search it.","버드에게 저얼이 신화 여명회 첩자라고 얘기하자, 그는 내가 그녀의 집을 수색할 수 있도록 권한을 주었다.",record,False,False,False,False,,
Oblivion.esm,QUST,0001E729,MQ07,CNAM,20,80,0,I found a document in Jearl's basement that reveals the enemy's plans. I should show this document to Jauffre immediately.,저얼의 지하실에서 적의 계획이 적혀 있는 문서를 발견했다. 당장 이 문서를 조프리에게 보여줘야 한다.,record,False,False,False,False,,
Oblivion.esm,QUST,0001E729,MQ07,CNAM,21,85,0,Jauffre told me to make sure that all the Mythic Dawn agents were dead. The document I found spoke of two agents. I must track down and kill both of them.,조프리는 나에게 신화 여명회 첩자들이 모두 죽었는지 확인해 보라고 했다. 내가 찾아낸 문서에 의하면 첩자는 두 명이다. 그들을 추적하여 모두 제거해야만 한다.,record,False,False,False,False,,
Oblivion.esm,QUST,0001E729,MQ07,CNAM,22,90,0,"Jauffre was pleased that I eliminated the spies in Bruma, but is worried that the Mythic Dawn have already learned that Martin is at Cloud Ruler Temple. He promised to warn the Countess that Bruma is in grave danger.","조프리는 브루마에서 첩자를 제거한 것에 대해서는 다행스럽게 생각했으나, 신화 여명회가 이미 마틴이 클라우드 룰러 사원에 있다는 것을 알고 있는 것이 아닌지 걱정하고 있다. 그는 백작 부인에게 브루마가 위험에 처해 있음을 알리겠다고 했다.",record,False,False,False,False,,
Oblivion.esm,QUST,0001E729,MQ07,CNAM,23,90,1,I should speak to Martin about his progress in deciphering the Mysterium Xarxes.,마틴에게 가서 작시스의 신비를 얼마나 해석해 내었는지 알아봐야 할 것 같다.,record,False,False,False,False,,
Oblivion.esm,QUST,0001E728,MQ06,FULL,0,,,Dagon Shrine,데이건 성소,record,False,False,False,False,,
Oblivion.esm,QUST,0001E728,MQ06,CNAM,0,10,0,"I have followed the clues hidden in the four volumes written by Mankar Camoran to a gravestone in Green Emperor Way. At noon, a map of Cyrodiil appeared on the gravestone, with the location of the Mythic Dawn's shrine marked on it. I need to find my way into the shrine and locate the Amulet of Kings.",데이건 성소,record,False,False,False,False,,
Oblivion.esm,QUST,0001E728,MQ06,CNAM,1,20,0,I have arrived at Lake Arrius Caverns. The secret Mythic Dawn shrine must be somewhere inside.,난 아리우스 호수 동굴에 도착했다. 신화 여명회의 비밀 성소는 이 안 어딘가에 있을 것이다.,record,False,False,False,False,,
Oblivion.esm,QUST,0001E728,MQ06,CNAM,2,30,0,I have passed the first hurdle. The Mythic Dawn guard has let me into the secret shrine. Now to locate the Amulet of Kings.,첫 번째 장애물을 통과했다. 신화 여명회의 경비는 나를 비밀 성소 안으로 안내했다. 왕의 아뮬렛을 찾아야 한다.,record,False,False,False,False,,
Oblivion.esm,QUST,0001E728,MQ06,CNAM,3,40,0,"Harrow, the Warden of the Shrine, accepted me as an initiate into the Mythic Dawn cult. I was required to give him all my possessions and dress in an initiate's robe. He said that the Master, Mankar Camoran himself, is here at the shrine, and might perform my initiation himself. I should follow Harrow and see if he leads me to Mankar Camoran and the Amulet of Kings. ",성소의 관리인인 해로우는 내가 신화 여명회 신앙의 신도임을 인정하였다. 그는 소지품 전부를 그에게 주고 신도복으로 갈아 입기를 요구했다. 그는 마스터인 맨카 캐모런이 현재 이 성소에 있으며 그가 직접 나의 입회식을 거행할 것이라고 말했다. 나는 해로우를 따라가서 그가 나를 맨카 캐모런과 왕의 아뮬렛이 있는 곳으로 인도하는지 확인해야 한다.,record,False,False,False,False,,
Oblivion.esm,QUST,0001E728,MQ06,CNAM,4,41,0,My cover is blown. The Mythic Dawn know I am an enemy. I must reach the inner shrine and locate the Amulet of Kings.,계략은 모두 들통났다. 신화 여명회는 내가 적이라는 사실을 알아차렸다. 성소 내부로 들어가서 왕의 아뮬렛을 찾아야 한다.,record,False,False,False,False,,
Oblivion.esm,QUST,0001E728,MQ06,CNAM,5,50,0,"Mankar Camoran escaped to his realm of Paradise with the Amulet of Kings, and closed his magical portal behind him. But I have the Mysterium Xarxes, the Mythic Dawn's book of secrets. Now I must escape this place and return to Cloud Ruler Temple.",만카 카모란은 왕의 아뮬렛을 가지고 자신의 낙원으로 도망친 뒤 마법의 차원문을 닫았다. 하지만 내게는 미식 던의 비밀이 담긴 미스테리움 자르크시스가 있다. 이제 이곳을 탈출해 클라우드 룰러 사원으로 돌아가야 한다.,record,False,False,False,False,,
Oblivion.esm,QUST,0001E728,MQ06,CNAM,6,50,1,"Mankar Camoran escaped to his realm of Paradise with the Amulet of Kings, and closed his magical portal behind him. But the Mysterium Xarxes itself is here in the shrine. I must get the Mysterium Xarxes. It is my only hope of finding a way to recover the Amulet now.",맨카 캐모런은 왕의 아뮬렛을 가지고 자신의 영역인 낙원으로 사라져 버렸다. 하지만 신화 여명회의 비밀 서적인 작시스의 신비를 얻었다. 이제 여기를 벗어나서 클라우드 룰러 사원으로 돌아가야 한다.,record,False,False,False,False,,
Oblivion.esm,QUST,0001E728,MQ06,CNAM,7,60,0,"I have the Mysterium Xarxes, the Mythic Dawn's book of secrets. Now I must escape this place and return to Cloud Ruler Temple.",신화 여명회의 비밀 서적인 작시스의 신비를 얻었다. 이제 여기를 벗어나서 클라우드 룰러 사원으로 돌아가야 한다.,record,False,False,False,False,,
Oblivion.esm,QUST,0001E728,MQ06,CNAM,8,70,0,I have escaped with the Mysterium Xarxes. Now to deliver it to Martin at Cloud Ruler Temple.,작시스의 신비를 가지고 탈출했다. 이제 클라우드 룰러 사원에 있는 마틴에게 이것을 갖다 주어야 한다.,record,False,False,False,False,,
Oblivion.esm,QUST,0001E727,MQ05,FULL,0,,,The Path of Dawn,여명의 길,record,False,False,False,False,,
Oblivion.esm,QUST,0001E727,MQ05,CNAM,0,10,0,I should speak to Jauffre about how to recover the Amulet from the enemy.,여명의 길,record,False,False,False,False,,
Oblivion.esm,QUST,0001E727,MQ05,CNAM,1,20,0,"Jauffre wants me to contact Baurus at Luther Broad's Boarding House in the Imperial City. The enemy has the Amulet of Kings, and Baurus may have the leads we need to get it back.",조프리는 임페리얼 시티의 루터 브로드의 하숙집에서 보러스를 만나보라고 했다. 보러스는 적의 수중에 있는 왕의 아뮬렛을 되찾는 것을 도와줄 것이다.,record,False,False,False,False,,
Oblivion.esm,QUST,0001E727,MQ05,CNAM,2,25,0,I must follow the man who is watching Baurus and me.,나와 보러스를 감시하고 있던 자를 추적해야 한다.,record,False,False,False,False,,
Oblivion.esm,QUST,0001E727,MQ05,CNAM,3,32,0,The enemy agent who attacked Baurus is dead. I should find out what Baurus has learned about our enemies.,보러스를 공격한 녀석이 죽었다. 보러스가 적들에 대하여 무엇을 알아 냈는지 물어봐야겠다.,record,False,False,False,False,,
Oblivion.esm,QUST,0001E727,MQ05,CNAM,4,34,0,Baurus wants me to search the dead agent's body. ,보러스는 내게 죽은 녀석의 시체를 살펴보라고 말했다.,record,False,False,False,False,,
Oblivion.esm,QUST,0001E727,MQ05,CNAM,5,35,0,I have found a strange book about the Mythic Dawn cult. I should show this to Baurus.,신화 여명회 신앙에 관한 이상한 책을 발견했다. 보러스에게 보여줘야겠다.,record,False,False,False,False,,
Oblivion.esm,QUST,0001E727,MQ05,CNAM,6,36,0,"Baurus has learned that the enemy is a secret cult of Mehrunes Dagon worshippers known as the Mythic Dawn. He will continue to track down agents in the Imperial City. I should talk to Tar-Meena at the Arcane University, an expert in daedric cults. She may be able to tell me more about how to find the Mythic Dawn.",보러스는 적들의 정체가 신화 여명회로 알려진 메이룬스 데이건 숭배자들의 비밀 종교집단이라는 사실을 알게 되었다고 한다. 그는 임페리얼 시티에서 계속 적 정보원들을 추적할 것이다. 데이드라 신앙 연구의 권위자인 아케인 대학의 타르-미나와 이야기 해봐야겠다. 어쩌면 그녀가 신화 여명회를 찾아내는 데 도움을 줄 수 있을 것이다.,record,False,False,False,False,,
Oblivion.esm,QUST,0001E727,MQ05,CNAM,7,40,0,"Tar-Meena told me that Mankar Camoran is the leader of the Mythic Dawn. Tar-Meena believes that the location of their secret shrine is hidden within Mankar Camoran's books about the Mysterium Xarxes. If I want to locate the Mythic Dawn, I must find and decipher the clues in all four volumes.",타르-미나는 맨카 케모런이 신화 여명회의 지도자라고 말했다. 타르-미나는 작시스의 신비에 관한 맨카 케모런의 책 속에 신화 여명회의 비밀 장소가 숨겨져 있다고 믿고 있다. 신화 여명회 성소의 위치를 찾기 위해서는 먼저 책 네 권을 모두 찾아 책 속의 실마리를 풀어내야만 한다.,record,False,False,False,False,,
Oblivion.esm,QUST,0001E727,MQ05,CNAM,8,40,1,"Tar-Meena gave me the second of Mankar Camoran's books about the Mysterium Xarxes, but said that she has never seen Mankar Camoran's third and fourth books on the Mysterium Xarxes. She suggested that I speak to Phintias, the prioprietor of the First Edition bookstore in the Market District.","타르 미너는 자서스 신비에 관한 맨카 케모런의 두 번째 책을 나에게 주었다. 하지만, 그녀는 세 번째와 네 번째 책은 본적이 없다고 했다. 그녀는 상가지역에 있는 퍼스트에디션 서점의 주인인 핀티아즈에게 물어보는 것이 좋을 거라고 했다.",record,False,False,False,False,,
Oblivion.esm,QUST,0001E727,MQ05,CNAM,9,45,0,I now have Volume 3 of the four books I need. I should search Gwinas's body for clues to what he wanted with it.,네 권 중 제 3권을 찾았다. 이 자가 원하는 것에 대한 단서를 찾기 위해 그위나스의 몸을 수색해볼 필요가 있다.,record,False,False,False,False,,
Oblivion.esm,QUST,0001E727,MQ05,CNAM,10,45,1,"I now have Volume 3 of the four books I need. I now need to meet with the Sponsor to get Volume 4, but I should find Baurus first.",네 권 중 제 3권을 찾았다. 난 제 4권을 찾기 위하여 전도사라는 자를 만나봐야 한다. 하지만 그전에 보러스를 만나야 한다.,record,False,False,False,False,,
Oblivion.esm,QUST,0001E727,MQ05,CNAM,11,45,2,"I now have Volume 3 of the four books I need, but I should find out why the bookseller had it.",네 권 중 제 3권을 찾았다. 하지만 그 서점 주인이 왜 그것을 가지고 있는지 알아내야 한다.,record,False,False,False,False,,
Oblivion.esm,QUST,0001E727,MQ05,CNAM,12,45,3,"I now have Volume 3 of the four books I need. I should wait for Gwinas to come to the store, and see why he wanted it.",네 권 중 제 3권을 찾았다. 가게에서 그위나스가 올 때까지 기다려서 그가 왜 그 책을 원하는지 알아볼 필요가 있다.,record,False,False,False,False,,
Oblivion.esm,QUST,0001E727,MQ05,CNAM,13,45,4,I now have Volume 3 of the four books I need. I still need to find out what Gwinas wanted with it.,네 권 중 제 3권을 찾았다. 그러나 여전히 그위나스가 그 책으로 무엇을 하려는 것인지에 대해 알아낼 필요가 있다.,record,False,False,False,False,,
Oblivion.esm,QUST,0001E727,MQ05,CNAM,14,50,0,"Phintias, the bookseller at First Edition, has told me that he has a copy of Volume 3 of Mankar Camoran's ""Commentaries on the Mysterium Xarxes"" locked away. He is holding it for a client named Gwinas who has already paid for it. I need to get that book, and find out why Gwinas wanted it.","초판본 서점 주인 핀티아스는 작시스의 신비에 관한 맨카 캐모런의 ""논평집"" 제 3권 사본을 가지고 있으나, 그위나스가 이미 책값을 지불했기 때문에 그에게 줄 책을 보관하고 있다고 했다. 그 책을 손에 넣어야 하며 그위나스가 그 책을 원하는 이유를 조사할 필요가 있다.",record,False,False,False,False,,
Oblivion.esm,QUST,0001E727,MQ05,CNAM,15,50,1,"Phintias told me he was holding Volume 3 of Mankar Camoran's ""Commentaries on the Mysterium Xarxes"" for a client named Gwinas, who has already paid for it. I should wait for Gwinas to come to the store, and see why he wanted it.","핀티아스는 그위나스라는 손님이 책값을 미리 지불했기 때문에 작시스의 신비에 관한 맨카 캐모런의 ""논평집"" 제 3권을 보관하고 있다고 말했다. 그위나스가 가게로 올 때까지 기다린 뒤, 왜 그가 그것을 원하는지 알아보아야겠다.",record,False,False,False,False,,
Oblivion.esm,QUST,0001E727,MQ05,CNAM,16,60,0,Phintias told me that Gwinas is on his way to pick up his copy of Volume 3. I should wait for him to arrive and find out what Gwinas knows.,핀티아스는 그위나스가 제 3권을 가지러 오는 길이라고 말했다. 그위나스가 도착할 때까지 기다려 그가 무엇을 알고 있는지 알아내도록 하자.,record,False,False,False,False,,
Oblivion.esm,QUST,0001E727,MQ05,CNAM,17,62,0,Gwinas has picked up his copy of Volume 3. I need to get that book from Gwinas. ,그위나스는 제 3권의 사본을 손에 넣었다. 그위나스로부터 그 책을 구해야 한다.,record,False,False,False,False,,
Oblivion.esm,QUST,0001E727,MQ05,CNAM,18,64,0,"I found out that Gwinas is staying at the Tiber Septim Hotel in the Talos Plaza District. I need to find Gwinas and get Volume 3 of Camoran's ""Commentaries"" from him.","그위나스가 탈로스 광장 구역의 타이버 셉팀 호텔에 묵고 있다는 사실을 알아냈다. 그위나스를 찾아서 캐모런의 ""논평집"" 제 3권을 구해야 한다.",record,False,False,False,False,,
Oblivion.esm,QUST,0001E727,MQ05,CNAM,19,65,0,"I found out that Gwinas is staying at the Tiber Septim Hotel in the Talos Plaza District. I need to find out what Gwinas wanted with Volume 3 of Camoran's ""Commentaries"".","그위나스가 탈로스 광장 구역의 타이버 셉팀 호텔에 묵고 있다는 사실을 알아냈다. 그위나스가 캐모런의 ""논평집""을 무엇에 쓰려고 하는지 알아봐야한다.",record,False,False,False,False,,
Oblivion.esm,QUST,0001E727,MQ05,CNAM,20,70,0,"Gwinas told me that Volume 4, the last book I need, can only be given to you by a member of the Mythic Dawn. He had set up a meeting with one, whom he called ""The Sponsor"". He was to go alone and sit at the table in the Sunken Sewer beneath the Imperial City. I will go and take that meeting instead, but should find Baurus first.","그위나스는 마지막으로 필요한 책인 제 4권은 내가 신화 여명회의 일원이 되어야만 얻을 수 있다고 했다. 그는 전도사라는 자과 만날 약속이 있었다. 그는 누구와도 동행하지 않은 채, 임페리얼 시티지하에 있는 하수도의 탁자에 앉아 있어야 한다. 거기엔 내가 대신 갈 것이다. 하지만 그전에 보러스를 먼저 만나야 한다.",record,False,False,False,False,,
Oblivion.esm,QUST,0001E727,MQ05,CNAM,21,71,0,"I took a note from Gwinas, from someone in the Mythic Dawn calling themselves ""The Sponsor"". The note explains that Volume 4, one of the books I need, can only be given to you by a member of the Mythic Dawn. He was to go alone and sit at the table in the Sunken Sewer beneath the Imperial City, where The Sponsor would meet him. I will go and take that meeting instead, but must get Volume 3 first.","그위나스에게서 쪽지를 찾았고, 이 쪽지는 신화 여명회의 전도사라고 자처하는 자로부터 받은 것이다. 그 쪽지에는 내가 필요로 하는 제 4권은 신화 여명회의 일원만이 받을 수 있다고 적혀져 있다. 전도사라는 자를 만나려면 약속 장소인 임페리얼 시티 지하에 있는 하수도의 탁자에 혼자 앉아 있어야 한다. 거기엔 내가 대신 가야 되겠지만, 그 전에 제 3권부터 먼저 구해야 한다.",record,False,False,False,False,,
Oblivion.esm,QUST,0001E727,MQ05,CNAM,22,71,1,"I took a note from Gwinas, from someone in the Mythic Dawn calling themselves ""The Sponsor"". The note explains that Volume 4, the last book I need, can only be given to you by a member of the Mythic Dawn. He was to go alone and sit at the table in the Sunken Sewer beneath the Imperial City, where The Sponsor would meet him. I will go and take that meeting instead, but should find Baurus first.",난 그위나스에게서 쪽지를 발견했고. 그 쪽지는 신화 여명회의 전도사라고 자처하는 누군가로부터 받은 것이다. 그 쪽지에는 마지막으로 필요한 제 4권은 신화 여명회의 일원이 되어야만 주어지는 것이라고 적혀져 있다. 전도사라는 자를 만나려면 약속 장소인 임페리얼 시티 지하에 있는 하수도의 탁자에 앉아 있어야 한다. 거기엔 내가 대신 가게 될 것이다. 하지만 그전에 보러스를 먼저 만나야 한다.,record,False,False,False,False,,
Oblivion.esm,QUST,0001E727,MQ05,CNAM,23,75,0,"I must follow Baurus to the Sunken Sewer beneath the Elven Gardens District and obtain Volume 4 of Mankar Camoran's ""Commentaries on the Mysterium Xarxes"". One of us will need to meet ""The Sponsor"" alone to get the book.","보러스를 따라서 엘프 정원 구역 지하의 하수도로 가야 한다. 그리고 작시스의 신비에 관한 맨카 캐모런의 ""논평집"" 제 4권을 구해야 한다. 우리 중 하나는 책을 얻기 위하여 혼자 전도사와 만나야 한다.",record,False,False,False,False,,
Oblivion.esm,QUST,0001E727,MQ05,CNAM,24,77,0,"I've decided to be the one to take the book from The Sponsor and Baurus will provide backup. No matter what happens, I must get that book.","내가 전도사로부터 책을 가져올 것이고, 보러스는 나를 엄호할 것이다. 무슨 일이 있어도 반드시 그 책을 구해야 한다.",record,False,False,False,False,,
Oblivion.esm,QUST,0001E727,MQ05,CNAM,25,78,0,"I've decided Baurus will be the one to take the book from The Sponsor and I will provide backup. No matter what happens, we must get that book.","보러스가 전도사로부터 책을 가져올 것이고, 나는 그를 엄호할 것이다. 무슨 일이 있어도 우린 반드시 그 책을 구해야 한다.",record,False,False,False,False,,
Oblivion.esm,QUST,0001E727,MQ05,CNAM,26,81,0,The Sponsor has realized that I did not come alone. I must get the fourth book from him!,후원자가 내가 혼자 오지 않았다는 걸 알아챘다. 그에게서 네 번째 책을 빼앗아야 한다!,record,False,False,False,False,,
Oblivion.esm,QUST,0001E727,MQ05,CNAM,27,81,1,The Sponsor has realized that Baurus did not come alone. I must get the fourth book from him!,전도사는 내가 혼자 온 것이 아니라는 것을 알았다. 난 그 놈에게서 네 번째 책을 구해야 한다!,record,False,False,False,False,,
Oblivion.esm,QUST,0001E727,MQ05,CNAM,28,82,0,"The Sponsor wants me dead! I need to get the fourth book of Mankar Camoran's ""Commentaries"" from him no matter what.","전도사가 나를 죽이려고 한다! 난 무슨 수를 써서라도 그 놈에게서 맨카 캐모런의 ""논평집""을 구해야 한다.",record,False,False,False,False,,
Oblivion.esm,QUST,0001E727,MQ05,CNAM,29,82,1,"The Sponsor wants Baurus dead! I need to get the fourth book of Mankar Camoran's ""Commentaries"" from him no matter what.","전도사가 보러스를 죽이려고 한다! 난 무슨 수를 써서라도 그 놈에게서 맨카 캐모런의 ""논평집""을 구해야 한다.",record,False,False,False,False,,
Oblivion.esm,QUST,0001E727,MQ05,CNAM,30,90,0,I have the fourth and last volume of Mankar Camoran's writings on the Mysterium Xarxes. I can now piece together the clues within them to find the Mythic Dawn's secret shrine. Maybe Tar-Meena can help.,"작시스의 신비에 관한 맨카 캐모런의 마지막 책, 제 4권을 구했다. 이제 신화 여명회의 비밀 성소를 찾기 위한 단서들을 모두 연결시킬 수 있다. 아마 타르-미나가 나를 도와줄 것이다.",record,False,False,False,False,,
Oblivion.esm,QUST,0001E727,MQ05,CNAM,31,91,0,"Tar-Meena says that Mankar Camoran hid a message within his writings, so only the ""enlightened ones"" could join him and the Mythic Dawn. I should study these books some more.","타르-미나는 맨카 캐모런이 오직 ""계몽된 자""만이 그와 신화 여명회에 합류할 수 있게 하기 위하여 책 속에 메시지를 숨겨 놓았다고 말했다. 이 책들을 좀더 연구해봐야겠다.",record,False,False,False,False,,
Oblivion.esm,QUST,0001E727,MQ05,CNAM,32,92,0,Tar-Meena thinks using the first word of each paragraph in the books may reveal a message. I need to keep looking and see where this leads.,타르-미나는 책 속 각 문단의 첫 번째 글자를 이어 붙이면 메시지가 나타난다고 생각한다. 이것이 어디를 말하는지 봐야 한다.,record,False,False,False,False,,
Oblivion.esm,QUST,0001E727,MQ05,CNAM,33,93,0,"Tar-Meena has discovered the message in the books: ""Green Emperor Way Where Tower Touches Midday Sun"". I should go to Green Emperor Way by the Imperial Tower and see what can be found.","타르-미나가 책에 내포된 의미를 찾아냈다. ""탑이 정오의 태양에 닿는 때에 푸른 황제의 길에서.""  푸른 황제의 길로 가서, 백금 탑 주위의 길을 살펴봐야겠다.",record,False,False,False,False,,
Oblivion.esm,QUST,0001E726,MQ04,FULL,0,,,Weynon Priory,웨이넌 수도원,record,False,False,False,False,,
Oblivion.esm,QUST,0001E726,MQ04,CNAM,0,10,0,"Weynon Priory is under attack! I must find and protect Jauffre, but make sure that Martin remains safe from the enemy as well.",웨이넌 수도원,record,False,False,False,False,,
Oblivion.esm,QUST,0001E726,MQ04,CNAM,1,20,0,I found Jauffre. He believes the attackers may have taken the Amulet of Kings from its hiding place in Weynon House. I should go and see if it is still safe. ,조프리를 찾았다. 그는 습격자들이 웨이넌 하우스의 은신처에서 왕의 아뮬렛을 가져갔을지도 모른다고 생각한다. 아직 무사한지 확인해야 한다. ,record,False,False,False,False,,
Oblivion.esm,QUST,0001E726,MQ04,CNAM,2,20,1,I found Jauffre. The attackers have stolen the Amulet of Kings from its hiding place in Weynon House. At least Martin is safe.,조프리를 찾았다. 그는 적들이 웨이넌 수도원 거주 공간의 비밀 장소에서 왕의 아뮬렛을 가져갔을지 모른다고 걱정하고 있었다. 아뮬렛이 안전한가 확인하여야 한다.,record,False,False,False,False,,
Oblivion.esm,QUST,0001E726,MQ04,CNAM,3,25,0,The enemy has stolen the Amulet of Kings from its hiding place in Weynon Priory. I should let Jauffre know at once.,적들이 웨이넌 수도원 거주 공간의 비밀장소에서 왕의 아뮬렛을 훔쳐갔다. 즉시 이 사실을 조프리에게 알려야 한다.,record,False,False,False,False,,
Oblivion.esm,QUST,0001E726,MQ04,CNAM,4,30,0,"We agreed that we must find someplace safe to take Martin. Jauffre suggested Cloud Ruler Temple, the hidden Blades fortress near Bruma. I should escort Martin and Jauffre there immediately.",우리는 마틴을 안전하게 보호할 수 있는 장소를 찾아보기로 하였다. 조프리는 브루마 인근 블레이드의 비밀요새인 클라우드 룰러 사원을 추천했다. 마틴과 조프리를 곧바로 그 곳까지 호위해야 한다.,record,False,False,False,False,,
Oblivion.esm,QUST,0001E726,MQ04,CNAM,5,50,0,I brought Martin and Jauffre safely to Cloud Ruler Temple.,마틴과 조프리를 클라우드 룰러 사원까지 안전하게 호위했다.,record,False,False,False,False,,
Oblivion.esm,QUST,0001E725,MQ03,FULL,0,,,Find the Heir,후계자 찾기,record,False,False,False,False,,
Oblivion.esm,QUST,0001E725,MQ03,CNAM,0,10,0,Jauffre told me that the Emperor has an illegitimate son named Martin who is currently serving as a priest in the Chapel of Akatosh in the city of Kvatch. I must proceed to Kvatch at once and bring Martin safely back to Weynon Priory.,후계자 찾기,record,False,False,False,False,,
Oblivion.esm,QUST,0001E725,MQ03,CNAM,1,10,1,"Jauffre told me that the Emperor has an illegitimate son named Martin who is currently serving as a priest in the Chapel of Akatosh in the city of Kvatch. Jauffre fears that the attack on Kvatch was part of the enemy's plan to eliminate all the Septim heirs. I must return to Kvatch at once, find Martin, and bring him safely back to Weynon Priory.",후계자 찾기,record,False,False,False,False,,
Oblivion.esm,QUST,0001E725,MQ03,CNAM,2,10,2,Jauffre told me that the Emperor has an illegitimate son named Martin who is currently serving as a priest in the Chapel of Akatosh in the city of Kvatch. I realized that Martin was among the survivors I helped rescue from Kvatch. I must return to Kvatch at once and bring him safely back to Weynon Priory.,후계자 찾기,record,False,False,False,False,,
Oblivion.esm,QUST,0001E725,MQ03,CNAM,3,20,0,I arrived at Kvatch to find the city in ruins and the survivors camped outside the walls. I need to find out if anyone here knows what happened to Martin.,크바치에 도착해서 폐허가 된 도시와 성벽 밖에서 야영 중인 생존자들을 발견했다. 마틴에게 무슨 일이 생겼는지 이곳에 있는 사람들에게 알아봐야겠다.,record,False,False,False,False,,
Oblivion.esm,QUST,0001E725,MQ03,CNAM,4,30,0,"I should talk to Savlian Matius, the acting captain of the surviving Kvatch guard. He may know if Martin survived the fall of the city. ","생존자 중의 한 명인 크바치 경비대의 장교, 사블리안 마티우스와 이야기 해보자. 그가 마틴이 공세 속에서 살아 남았는지 어쩐지 알고 있을 것이다.",record,False,False,False,False,,
Oblivion.esm,QUST,0001E725,MQ03,CNAM,5,40,0,Savlian Matius told me that he believes Martin is with a group that barricaded themselves within the Chapel of Akatosh inside the city. I need to follow his instructions in order to break the siege of Kvatch and rescue the survivors.,사블리안 마티우스는 마틴이 도시 내의 아카토쉬 예배당에서 한 무리의 사람들과 함께 바리케이드를 쌓고 저항 중인 것 같다고 말했다. 크바치의 포위를 뚫고 생존자들을 구조하기 위해서는 그의 지시를 따를 필요가 있다.,record,False,False,False,False,,
Oblivion.esm,QUST,0001E725,MQ03,CNAM,6,45,0,"I have found Martin among the survivors inside the Chapel of Akatosh. He was surprised to learn that Emperor Uriel Septim was his father, but he will not leave until the way is safe for everyone to escape. ","아카토쉬 예배당에 있는 생존자 중에서 마틴을 발견했다. 그는 황제 유리엘 셉팀이 자신의 아버지였다는 것을 알고 놀랐지만, 그는 이곳을 모두가 탈출할 수 있을 만큼 안전해질 때까지 떠나지 않을 듯하다. ",record,False,False,False,False,,
Oblivion.esm,QUST,0001E725,MQ03,CNAM,7,45,1,I need to help Savlian Matius break the siege of Kvatch.,사블리안 마티우스가 크바치의 포위를 뚫을 수 있도록 도와야 한다.,record,False,False,False,False,,
Oblivion.esm,QUST,0001E725,MQ03,CNAM,8,45,2,I need to see if anyone in the camp outside Kvatch will help me rescue Martin and the other people trapped in the Chapel of Akatosh.,마틴과 아카토쉬 예배당에 갇힌 사람들을 구출하기 위해 나를 도와줄 사람을 크바치 성 밖에서 찾아봐야겠다.,record,False,False,False,False,,
Oblivion.esm,QUST,0001E725,MQ03,CNAM,9,50,0,"I found Martin among the survivors of Kvatch. He was surprised to learn that Emperor Uriel Septim was his father, but has agreed to return to Weynon Priory with me to speak to Jauffre.","크바치의 생존자 중에서 마틴을 발견했다. 그는 황제 유리엘 셉팀이 자신의 아버지였다는 것을 알고 놀랐지만, 조프리를 만나기 위해 나와 함께 웨이넌 수도원으로 향하기로 했다.",record,False,False,False,False,,
Oblivion.esm,QUST,0001E725,MQ03,CNAM,10,50,1,"I have rescued Martin from the Chapel of Akatosh. He was surprised to learn that Emperor Uriel Septim was his father, but has agreed to return to Weynon Priory with me to speak to Jauffre.","아카토쉬 예배당에서 마틴을 구출했다. 그는 황제 유리엘 셉팀이 자신의 아버지였다는 것을 알고 놀랐지만, 조프리를 만나기 위해 나와 함께 웨이넌 수도원으로 향하기로 했다.",record,False,False,False,False,,
Oblivion.esm,QUST,0001E725,MQ03,CNAM,11,60,0,I need to return to Weynon Priory with Martin and discuss our next move with Jauffre.,조프리와 우리의 다음 행보에 대해 의논하기 위해 마틴과 함께 웨이넌 수도원으로 돌아가야 한다.,record,False,False,False,False,,
Oblivion.esm,QUST,0001E724,MQ02,FULL,0,,,Deliver the Amulet,아뮬렛 전달(Deliver the Amulet),record,True,True,False,False,HIGH,"Deliver, the, Amulet"
Oblivion.esm,QUST,0001E724,MQ02,CNAM,0,10,0,"I witnessed Emperor Uriel Septim's assassination. Before he died, the emperor gave me the Amulet of Kings. He told me to take it to someone named Jauffre, and that Jauffre would know how to find his last surviving son. He warned that the assassins were in the service of the Lord of Destruction.",유리엘 셉팀 황제의 암살을 목격했다. 황제는 죽기 전 내게 왕의 아물렛을 건네주었다. 황제는 그것을 죠프리에게 전하라고 했다. 죠프리는 살아남은 황제의 유일한 아들을 찾을 방법을 알고 있을 거라고 했다. 암살자들이 파괴의 왕자를 위해 활동하고 있다고 경고하기도 했다.,record,False,False,False,False,,
Oblivion.esm,QUST,0001E724,MQ02,CNAM,1,20,0,"Baurus, one of the Emperor's bodyguards, told me that Jauffre was the head of the Blades, an order of knights sworn to protect the Emperors.",황제 호위병의 일원인 보러스는 죠프리가 황가 수호기사단인 블레이드의 단장이라고 알려주었다.,record,False,False,False,False,,
Oblivion.esm,QUST,0001E724,MQ02,CNAM,2,20,1,"I should take the Amulet of Kings to Jauffre, at Weynon Priory near the city of Chorrol.",코롤 근처의 웨이넌 수도원에 있는 죠프리에게 왕의 아물렛을 가지고 가야 한다.,record,False,False,False,False,,
Oblivion.esm,QUST,0001E724,MQ02,CNAM,3,30,0,I've arrived in Chorrol. Now to find Jauffre at Weynon Priory.,코롤에 도착했다. 이제 웨이넌 수도원의 죠프리를 찾아야 한다.,record,False,False,False,False,,
Oblivion.esm,QUST,0001E724,MQ02,CNAM,4,40,0,I've arrived at Weynon Priory. Now I must take the Amulet of Kings to Jauffre.,웨이넌 수도원에 도착했다. 이제 죠프리에게 왕의 아물렛을 전해야 한다.,record,False,False,False,False,,
Oblivion.esm,QUST,0001E724,MQ02,CNAM,5,50,0,"I found Jauffre and gave him the Amulet of Kings. The Emperor's words to me filled him with foreboding. Mehrunes Dagon, the Lord of Destruction, is one of the princes of Oblivion, the demonic world. Jauffre fears that with no Emperor on the throne, the daedra from Oblivion may be able to invade our world.","죠프리를 찾아 왕의 아물렛을 전했다. 황제가 내게 남긴 말들은 죠프리를 불안한 예감에 휩싸이게 했다. 파괴의 왕자라고 불리는 메르네스 데이건은 마계로 알려진 오블리비언의 군주들 중 한 명이다. 왕좌에 앉을 황제가 없는 지금의 상황은 오블리비언의 데이드라, 메르네스 데이건이 우리의 세계를 침공할 수 있다는 우려를 자아낸다.",record,False,False,False,False,,
Oblivion.esm,QUST,0001E724,MQ02,CNAM,6,50,1,"I found Jauffre and gave him the Amulet of Kings. The Emperor's words to me filled him with foreboding, especially in light of the destruction of the city of Kvatch. Mehrunes Dagon, the Lord of Destruction, is one of the princes of Oblivion, the demonic world. It seems that with no Emperor on the throne, the daedra from Oblivion are able to invade our world.","죠프리를 찾아 왕의 아물렛을 전했다. 황제가 내게 남긴 말들은 죠프리로 하여금 크바치가 위험에 처할 것 같은, 불안한 예감에 휩싸이게 했다. 파괴의 왕자라고 불리는 메르네스 데이건은 마계로 알려진 오블리비언의 군주들 중 한 명이다. 왕좌에 앉을 황제가 없는 지금의 상황은 오블리비언의 데이드라, 메르네스 데이건이 우리의 세계를 침공할 수 있다는 우려를 자아낸다.",record,False,False,False,False,,
Oblivion.esm,QUST,0001E723,MQ01,FULL,0,,,Tutorial,튜토리얼(Tutorial),record,True,True,False,False,HIGH,Tutorial
Oblivion.esm,QUST,0001E723,MQ01,CNAM,0,10,0,Use the left stick to move around. The right stick turns you.,움직이려면 왼쪽 스틱을 사용하세요. 오른쪽 스틱으로는 방향을 전환할 수 있습니다.,record,False,False,False,False,,
Oblivion.esm,QUST,0001E723,MQ01,CNAM,1,10,1,"To move forward, &sUActnForward;, &sUActnBack; to move back. To move left, &sUActnSldleft;. To move right, &sUActnSldright;. The mouse turns you. To run, &sUActnRun;.","앞으로 움직이려면 &sUActnForward;버튼를, 뒤로 움직이려면 &sUActnBack;버튼을 사용하세요. 왼쪽으로 움직이려면 &sUActnSldleft;버튼을, 오른쪽으로 움직이려면 &sUActnSldright;버튼을 사용하세요. 마우스로 시선을 돌릴 수 있습니다. 달리려면 &sUActnRun;버튼을 사용하세요.",record,False,True,False,False,MEDIUM,"sUActnForward, sUActnBack, sUActnSldleft, sUActnSldright, sUActnRun"
Oblivion.esm,QUST,0001E723,MQ01,CNAM,2,15,0,"You need a weapon. Check Captain Renault's body. To open any container, approach it and &sUActnActivate; when its name appears.","무기가 필요합니다. 레누알트 대장의 시체를 뒤져보십시오. 어떤 꾸러미를 열려면, 그것을 화면 가운데에 오게 하고, 이름이 화면에 나타났을 때 &sUActnActivate;버튼을 누르면 됩니다.",record,False,True,False,False,MEDIUM,sUActnActivate
Oblivion.esm,QUST,0001E723,MQ01,CNAM,3,20,0,"To bring up your journal, &sUActnMenumode;. You can use this to view your character's attributes, equip armor and weapons, and choose spells.","저널을 보려면 &sUActnMenumode;버튼을 누르세요. 캐릭터의 능력치, 장비, 마법을 확인하고 선택할 수 있습니다.",record,False,True,False,False,MEDIUM,sUActnMenumode
Oblivion.esm,QUST,0001E723,MQ01,CNAM,4,22,0,Pull the Right or Left Trigger to change sections. From the items tab you can equip armor and weapons.,"오른쪽, 왼쪽 트리거를 당기는 것으로 메뉴를 바꿀 수 있습니다. 아이템 텝에서 방어구와 무기를 장비할 수 있습니다.",record,False,False,False,False,,
Oblivion.esm,QUST,0001E723,MQ01,CNAM,5,22,1,"Click on the fist icon at the bottom of the journal to bring up the inventory tab. From here, you can equip armor and weapons by clicking on them.",소지품 탭을 불러오려면 저널의 아래쪽 주먹 모양 아이콘을 클릭하세요. 여기에서 방어구와 무기를 클릭하면 그것을 장비할 수 있습니다.,record,False,False,False,False,,
Oblivion.esm,QUST,0001E723,MQ01,CNAM,6,26,0,Press A to equip the item. Press A again to unequip it. X will drop items.,아이템을 장비하려면 A버튼을 누르세요. 벗으려면 다시 그 아이템에 A버튼을 누르세요. 아이템을 버리려면 X버튼을 누르시면 됩니다.,record,False,False,False,False,,
Oblivion.esm,QUST,0001E723,MQ01,CNAM,7,26,1,Click on an item to equip it. Click again to unequip it. Shift-click to drop an item.,"아이템을 클릭해서 입을 수 있고, 다시 그 아이템을 클릭해서 벗을 수 있습니다. 아이템을 버리려면 쉬프트 버튼을 누르고 클릭하면 됩니다.",record,False,False,False,False,,
Oblivion.esm,QUST,0001E723,MQ01,CNAM,8,28,0,"To ready your weapon or fists, &sUActnRdyitem;. To attack, &sUActnUse;. To block, &sUActnBlock;.",공격할 준비를 하려면 &sUActnRdyitem;버튼을 누르세요. 공격하려면 &sUActnUse;를 방어를 하려면 &sUActnBlock;를 누릅니다.,record,False,True,False,False,MEDIUM,"sUActnRdyitem, sUActnUse, sUActnBlock"
Oblivion.esm,QUST,0001E723,MQ01,CNAM,9,34,0,"Now practice casting spells. To cast your selected spell, &sUActnCast;. If you want to change spells, &sUActnMenumode; to bring up your journal again.",이제 주문 시전을 연습해보겠습니다. 선택한 주문을 시전하려면 &sUActnCast;버튼을 누르세요. 주문을 바꾸려면 &sUActnMenumode;버튼을 눌러 저널을 다시 부릅니다.,record,False,True,False,False,MEDIUM,"sUActnCast, sUActnMenumode"
Oblivion.esm,QUST,0001E723,MQ01,CNAM,10,36,0,Select the spell icon at the bottom of the journal to bring up the magic tab.,저널 아래쪽의 주문 아이콘을 선택해 마법 탭을 부릅니다.,record,False,False,False,False,,
Oblivion.esm,QUST,0001E723,MQ01,CNAM,11,36,1,Click on the spell icon at the bottom of the journal to bring up the magic tab.,저널 아래쪽의 주문 아이콘을 클릭해 마법 탭을 부릅니다.,record,False,False,False,False,,
Oblivion.esm,QUST,0001E723,MQ01,CNAM,12,50,0,"Before you can use the bow, you'll need arrows. Check the skeleton to see what it contains.",활을 사용하려면 화살이 필요합니다. 해골을 살펴 화살이 있는지 확인해보세요.,record,False,False,False,False,,
Oblivion.esm,QUST,0001E723,MQ01,CNAM,13,52,0,"Now that you have arrows, pick up the bow and practice using it.",화살을 얻었으면 활을 들고 사용법을 익혀봅시다.,record,False,False,False,False,,
Oblivion.esm,QUST,0001E723,MQ01,CNAM,14,54,0,"To use a bow, you'll need to have both the bow and some arrows equipped. Go into your inventory and equip them now.",활을 사용하려면 활과 화살 모두를 장비해야 합니다. 소지품 탭으로 가서 활과 화살을 장비하세요.,record,False,False,False,False,,
Oblivion.esm,QUST,0001E723,MQ01,CNAM,15,56,0,"Now you're ready to practice with your bow. The bucket near the well will make a good target. To draw and aim, &sUActnUse;. Release it when you're ready to fire.",이제 활 쏘기 연습을 할 준비가 끝났습니다. 우물에 달린 양동이가 좋은 표적이 되겠군요. 시위를 당기고 조준하려면 &sUActnUse;를 누르세요. 발사 준비가 되었으면 버튼을 떼면 됩니다.,record,False,True,False,False,MEDIUM,sUActnUse
Oblivion.esm,QUST,0001E723,MQ01,CNAM,16,58,0,"Nice shot! You can retrieve arrows from the world, as well as recovering some of the arrows you fire into enemies.",잘했습니다! 바닥에 떨어진 화살과 적이 맞은 화살 중 일부는 회수할 수 있습니다.,record,False,False,False,False,,
Oblivion.esm,QUST,0001E723,MQ01,CNAM,17,64,0,You have found a Mortar and Pestle. Equip it to create potions or poisons from ingredients with like effects. Your Alchemy skill will make your creations more powerful.,분쇄기를 발견했습니다. 그것을 사용하면 같은 효과를 가진 재료들로 물약 또는 독약을 만들 수 있습니다. 연금술 수치가 높으면 더욱 강력한 물약과 독약을 만들 수 있습니다.,record,False,False,False,False,,
Oblivion.esm,QUST,0001E723,MQ01,CNAM,18,65,0,"You have found a Repair Hammer. Equip it to repair your weapons and armor using your Armorer skill. Damaged weapons and armor are less effective, so it is wise to keep them in good repair. ",수리망치를 발견했습니다. 그것을 사용하면 무기와 방어구를 수리할 수 있습니다. 망가진 무기와 방어구는 성능이 떨어지기 때문에 좋은 상태를 유지하는 것이 좋습니다. ,record,False,False,False,False,,
Oblivion.esm,QUST,0001E723,MQ01,CNAM,19,70,0,"If you have a lockpick, you can try to pick most locks. Move the pick upward into a tumbler. When the tumbler reaches the top of the lock, press A to secure it in place. When all tumblers are at the top, the lock will open.",락픽을 가지고 있다면 대부분의 자물쇠를 열 수 있습니다. 마우스를 움직여 락픽의 끝부분으로 공이를 위쪽으로 쳐 올리십시오. 그것이 용수철이 위쪽 끝에 닿는 순간 A버튼을 누르거나 마우스 클릭으로 이것을 고정시키면 됩니다. 모든 용수철이 위쪽으로 올라가 있게 되면 자물쇠가 열릴 것입니다.,record,False,False,False,False,,
Oblivion.esm,QUST,0001E723,MQ01,CNAM,20,70,1,"If you have a lockpick, you can try to pick most locks. Move the pick upward into a tumbler. When the tumbler reaches the top of the lock, click the left mouse button to secure it in place. When all tumblers are at the top, the lock will open.",락픽을 가지고 있다면 대부분의 자물쇠를 열 수 있습니다. 마우스를 움직여 락픽의 끝부분으로 공이를 위쪽으로 쳐 올리십시오. 그것이 용수철이 위쪽 끝에 닿는 순간 A버튼을 누르거나 마우스 클릭으로 이것을 고정시키면 됩니다. 모든 용수철이 위쪽으로 올라가 있게 되면 자물쇠가 열릴 것입니다.,record,False,False,False,False,,
Oblivion.esm,QUST,0001E723,MQ01,CNAM,21,72,0,"Your Health is low and you are close to death. Increase it by drinking potions, casting heal spells, or sleeping. The red bar at the bottom left displays your current Health.",생명력이 떨어져 죽을 위험에 처했습니다. 물약을 마시거나 회복 주문을 시전하거나 잠을 자는 것으로 생명력을 회복할 수 있습니다. 좌측 하단의 빨간색 막대가 현재 당신의 생명력입니다.,record,False,False,False,False,,
Oblivion.esm,QUST,0001E723,MQ01,CNAM,22,73,0,"Your Magicka is low and you may not be able to cast spells. Magicka returns slowly on its own, or you can increase it by drinking potions or sleeping. The blue bar at the bottom left displays your current Magicka.",매지카가 떨어져 마법을 시전할 수 없을 것입니다. 매지카는 저절로 천천히 회복됩니다. 물약을 마시거나 잠을 자는 것으로도 매지카를 회복할 수 있습니다. 좌측 하단의 파란색 막대가 현재 당신의 매지카입니다.,record,False,False,False,False,,
Oblivion.esm,QUST,0001E723,MQ01,CNAM,23,74,0,"Your Fatigue is low and you cannot do as much melee damage. Fatigue returns slowly on its own, especially while walking instead of running. The green bar at the bottom left displays your current Fatigue.",피로도가 떨어져 근접 공격을 제대로 할 수 없습니다. 피로도는 저절로 천천히 회복됩니다. 특히 뛰지 않고 걸을 때 잘 회복됩니다. 좌측 하단의 녹색 막대가 당신의 현재 피로도입니다.,record,False,False,False,False,,
Oblivion.esm,QUST,0001E723,MQ01,CNAM,24,75,0,"You have picked up more than you can carry. In order to move again, you'll need to drop some items, so &sUActnMenumode; to bring up your journal.",운반할 수 있는 양을 초과했습니다. 다시 이동하려면 &sUActnMenumode; 버튼으로 저널을 불러와 물건을 버려 무게를 비워야만 합니다.,record,False,True,False,False,MEDIUM,sUActnMenumode
Oblivion.esm,QUST,0001E723,MQ01,CNAM,25,76,0,You can hotkey items and spells from your journal  by holding Y and pressing a direction on the D-pad. Pressing the D-pad while exploring will equip that item instantly.,저널에서 Y버튼을 누른 상태에서 디패드(D-pad)의 한 방향을 누르면 아이템이나 마법에 단축키를 저장할 수 있습니다. 탐험 중에 디패드(D-pad)를 누르는 것으로 아이템을 빠르게 장착 할 수 있습니다.,record,True,True,False,False,HIGH,"D-pad, D-pad"
Oblivion.esm,QUST,0001E723,MQ01,CNAM,26,76,1,You can hotkey items and spells from your journal by holding down a number key and then clicking the item you want in that slot. Pressing this number while exploring will equip that item instantly.,저널에서 숫자 키를 누른 상태에서 원하는 아이템이나 마법을 클릭해 단축키를 저장할 수 있습니다. 탐험 중에 이 숫자 키를 눌러 아이템을 빠르게 장착 할 수 있습니다.,record,False,False,False,False,,
Oblivion.esm,QUST,0001E723,MQ01,CNAM,27,78,0,Your current encumbrance exceeds the maximum you can carry (displayed in the lower left of the inventory page). Shift-click to drop items you don't need.,운반할 수 있는 최대치(소지품 항목의 좌측 최 하단부분에 표시되어 있음)를 초과했습니다. 필요 없는 것들을 Shift-클릭으로 버리세요.,record,False,True,False,False,MEDIUM,Shift-
Oblivion.esm,QUST,0001E723,MQ01,CNAM,28,78,1,Your current encumbrance exceeds the maximum you can carry (displayed in the lower left of the inventory page). Press X to drop items you don't need.,"운반할 수 있는 최대치(소지품 항목의 좌측 최 하단부분에 표시되어 있음)를 초과했습니다. 필요 없는 것들을 X버튼을 눌러, 버리세요.",record,False,False,False,False,,
Oblivion.esm,QUST,0001E723,MQ01,CNAM,29,80,0,"That goblin up ahead hasn't seen you yet. You may be able to sneak by him. To go into sneak mode, &sUActnCrouch;.",미처 당신을 발견하지 못한 고블린이 나타났습니다. 고블린의 근처까지 잠입술로 다가갈 수 있습니다. 잠입술을 사용해 움직이려면 &sUActnCrouch;버튼을 사용하세요.,record,False,True,False,False,MEDIUM,sUActnCrouch
Oblivion.esm,QUST,0001E723,MQ01,CNAM,30,82,0,"Notice that the crosshair changes to an 'eye' while you are sneaking. If the eye is dim, no one can detect you. If the eye is bright, someone can detect you.",잠입상태일 때는 조준점이 '눈'모양으로 바뀝니다. 눈 모양 아이콘이 흐릿하면 아무도 당신을 알아채지 못한 것입니다. 눈 모양 아이콘이 밝아지면 누군가가 당신이 있다는 것을 알아차린 것입니다.,record,False,False,False,False,,
Oblivion.esm,QUST,0001E723,MQ01,CNAM,31,84,0,You now must choose your class. The major skills of your class will start higher than your other skills. You will increase your level by raising these major skills.,이제 직업을 선택해야 합니다. 주 스킬은 보조 스킬들보다 더 높은 상태로 시작하게 됩니다. 주 스킬이 향상되면 레벨이 오릅니다.,record,False,False,False,False,,
Oblivion.esm,QUST,0001E723,MQ01,CNAM,32,90,0,"The red arrow on your compass shows the direction of Weynon Priory. You can walk there by following your compass, or use your world map to travel there directly. Or you can set off in any direction and begin exploring the world on your own. Good luck!","나침반의 붉은 화살표는 웨이넌 수도원을 가리키고 있습니다. 나침반을 따라가다 보면 그 곳까지 갈 수 있습니다. 세계지도를 사용하는 것으로 그 곳까지 곧바로 이동할 수 있습니다. 원한다면 방향 따위에는 신경 끄고, 세상의 탐험에 몰입할 수도 있습니다. 어떤 선택을 하던지 당신의 앞길에 행운이 함께하길 빕니다!",record,False,False,False,False,,
Oblivion.esm,QUST,0001E723,MQ01,CNAM,33,92,0,"To view your quest log, &sUActnMenumode; to bring up your journal.",퀘스트를 보려면 우선 &sUActnMenumode; 버튼으로 저널을 엽니다.,record,False,True,False,False,MEDIUM,sUActnMenumode
Oblivion.esm,QUST,0001E723,MQ01,CNAM,34,94,0,Select the compass at the bottom of the journal to bring up the quest and map tab.,저널 하단의 나침반을 선택하면 퀘스트와 지도 항목을 불러올 수 있습니다.,record,False,False,False,False,,
Oblivion.esm,QUST,0001E723,MQ01,CNAM,35,94,1,Click on the compass at the bottom of the journal to bring up the quest and map tab.,저널 하단의 나침반을 클릭하면 퀘스트와 지도 항목을 불러올 수 있습니다.,record,False,False,False,False,,
Oblivion.esm,QUST,0001E723,MQ01,CNAM,36,96,0,This page displays all your active quests. Select an active quest and press X to display the world map showing your current quest target (if any). You can select any icon on the map to travel directly to that location.,"이 항목에서는 진행중인 퀘스트를 모두 보여줍니다. 진행중인 퀘스트 하나를 선택하고, X버튼을 누르면 전체지도에서 현재 퀘스트의 목표를 나타냅니다. 그 지도에 있는 아이콘은 어떤 것이든, 선택하기만 하면 그 지역으로 곧바로 이동하게 됩니다.",record,False,False,False,False,,
Oblivion.esm,QUST,0001E723,MQ01,CNAM,37,96,1,This page displays all your active quests. Click on an active quest and hit the MAP button to display the world map showing your current quest target (if any). You can click on any icon on the map to travel directly to that location.,"이 항목에서는 진행중인 퀘스트를 모두 보여줍니다. 진행중인 퀘스트 하나를 클릭하고, 지도버튼을 누르면 전체지도에서 현재 퀘스트의 목표를 나타냅니다. 그 지도에 있는 아이콘은 어떤 것이든, 클릭하기만 하면 그 지역으로 곧바로 이동하게 됩니다.",record,False,False,False,False,,
Oblivion.esm,QUST,0001E723,MQ01,CNAM,38,110,0,"In each attempt to persuade, you must Admire, Boast, Joke, and Coerce. Each of these actions raises or lowers the NPC's disposition. Don't take too long, because the NPC's disposition is steadily falling.","NPC를 구슬려 호감도를 높이려면 매번 칭찬과 자랑, 농담, 협박을 모두 한 번씩은 해야합니다. 이 선택은 NPC가 가진 호감도를 높이거나 낮춥니다. 한참동안 선택하지 않고 망설이면, NPC의 호감도는 점점 떨어집니다.",record,False,True,False,False,MEDIUM,"NPC, NPC, NPC"
Oblivion.esm,QUST,0001E723,MQ01,CNAM,39,120,0,"As you highlight each possible action, the NPC's face shows his reaction to it. He will Love, Like, Dislike or Hate each action. His disposition goes up if you select a Loved or Liked action and goes down if you select a Disliked or Hated action.","당신이 선택할 행동에 커서를 올려 활성화 시키면, NPC의 표정에 그 행동에 대한 반응이 나타납니다. NPC는 당신의 행동을 아주 좋아하거나, 흥미로워하거나, 지루해하거나, 싫어할 수 있습니다. NPC가 아주 좋아하거나 흥미로워하는 이야기를 선택하면 호감도가 올라가고, 지루해하거나 싫어하는 이야기를 선택하면 호감도가 떨어집니다.",record,False,True,False,False,MEDIUM,"NPC, NPC, NPC"
Oblivion.esm,QUST,0001E723,MQ01,CNAM,40,130,0,The potential gain or loss for each action is based on your Speechcraft and how full the wedge is. Try to select fuller wedges when they are aligned with actions the NPC likes. Try to select less full wedges when they are aligned with actions he doesn't like.,"각 행동에 의해 얻어지는 결과와 선택지의 크기는, 당신의 화술에 달려있습니다. 이야기를 선택할 때, NPC가 좋아하는 선택지는가급적 클 때, 싫어하는 선택지는 가급적 작을 때 선택하십시오.",record,False,True,False,False,MEDIUM,NPC
Oblivion.esm,QUST,0001E723,MQ01,CNAM,41,140,0,All of your possessions have been confiscated by the guards. You will get them back when you have served your sentence. Activate the bed to begin serving your sentence. ,당신이 가진 모든 물품을 경비들이 압수했습니다. 당신이 형을 집행 받은 다음에야 그것들을 돌려받을 것입니다. 침대에서 자면 당신의 형이 집행되는 것입니다. ,record,False,False,False,False,,
Oblivion.esm,QUST,0001E723,MQ01,CNAM,42,150,0,"Combine ingredients with like effects to create potions and poisons. Your Alchemy skill will make your creations more powerful. The more potions you create, the higher your alchemy skill will go. Use additional apparatuses to improve the strength of the potions you create.",물약과 독약을 만들려면 같은 효과를 가진 재료들을 섞으십시오. 연금술 수치가 높으면 더욱 강력한 물약과 독약을 만들 수 있습니다. 물약을 많이 만들수록 연금술은 향상됩니다. 다른 기구들을 같이 사용하면 물약의 성능을 더 향상시킬 수 있습니다.,record,False,False,False,False,,
Oblivion.esm,QUST,0001E691,ArenaSpectatorCombatant,FULL,0,,,Arena Combatants Control Script,아레나 전투원 제어 스크립트,record,False,False,False,False,,
Oblivion.esm,QUST,0001E642,ArenaAggression,FULL,0,,,Arena Aggression Control Script,아레나 공격 제어 스크립트,record,False,False,False,False,,
Oblivion.esm,QUST,0001E641,ArenaAnnouncer,FULL,0,,,Arena Announcer Speech,아레나 아나운서 연설,record,False,False,False,False,,
Oblivion.esm,QUST,0001D21C,MS23,FULL,0,,,Order of the Virtuous Blood,고귀한 피의 결사단,record,False,False,False,False,,
Oblivion.esm,QUST,0001D21C,MS23,CNAM,0,5,0,"A Dunmer named Ralsa Norvalo has approached me in the Imperial City Temple District and asked me to meet her husband Gilen. I refused for now, and she told me if I change my mind, to come to her house where she'll fill me in on all of the details.",고귀한 피의 결사단,record,False,False,False,False,,
Oblivion.esm,QUST,0001D21C,MS23,CNAM,1,10,0,"A Dunmer named Ralsa Norvalo has approached me, and said that her husband needs assistance in a matter of what she calls ""the utmost importance to the safety of the citizens of the Imperial City"". She told me to meet Gilen at the house of someone named Seridur. Apparently, all will be explained when I get there.","랄사 노발로라는 다크 엘프가 임페리얼 시티 신전 구역에서 내게 다가와서 그녀의 남편이 소위 "" 임페리얼 시티 시민의 안전에 극도로 중요한 일""로 도움이 필요하다고 했다. 그녀는 내게 세리두르라는 사람의 집에서 길렌을 만나라고 했다. 분명히, 그곳으로 갔을 때 모든 것을 설명해줄 것이다.",record,False,False,False,False,,
Oblivion.esm,QUST,0001D21C,MS23,CNAM,2,20,0,Seridur has revealed to me that he's a member of a group of individuals dedicated to the destruction of vampires called The Order of the Virtuous Blood. Their goal is to keep the Imperial City safe from these creatures of the night. I should continue speaking to him and find out how I can assist them.,"세리두르는 자신이 고귀한 피의 결사단이라는, 뱀파이어 퇴치를 위해 노력중인 집단의 일원이라고 밝혔다. 그들의 목표는 이 밤의 생물들로부터 임페리얼 시티를 지키는 것이다. 얘기를 계속해서 내가 어떻게 그를 도울 수 있는지 알아내야 한다.",record,False,False,False,False,,
Oblivion.esm,QUST,0001D21C,MS23,CNAM,3,30,0,I've been told that Roland Jenseric here in the Temple District of the Imperial City is a vampire. The Order would like me to kill him.,임페리얼 시티의 신전 구역에 있는 롤랑 젠세릭이 뱀파이어라고 한다. 결사단은 내가 그를 죽이길 바란다.,record,False,False,False,False,,
Oblivion.esm,QUST,0001D21C,MS23,CNAM,4,40,0,"To locate Roland Jenseric, Seridur suggested I search his home, which is also here in the Temple District.","롤랑 젠세릭을 찾아내기 위해, 세리두르는 역시 이곳 신전 구역에 있는 그의 집을 조사하는 것이 어떠냐고 했다.",record,False,False,False,False,,
Oblivion.esm,QUST,0001D21C,MS23,CNAM,5,45,0,I've arrived at Roland Jenseric's house. I should begin to search the place for any clues as to his whereabouts.,롤랑 젠세릭의 집에 도착했다. 이곳을 뒤져 그의 행방을 알 수 있는 단서를 찾아내야 한다.,record,False,False,False,False,,
Oblivion.esm,QUST,0001D21C,MS23,CNAM,6,50,0,"After searching Roland's home, I've found a letter written to Roland from his girlfriend. It mentions a cabin where the two would meet. It's located east of the Imperial City in the Great Forest. I think this may be where Roland could be hiding. I should head out there immediately before he has a chance to escape.","롤랑 젠세릭의 집을 뒤져서, 나는 그의 여자친구가 롤랑에게 쓴 편지를 발견했다. 그것은 둘이 만나려 했던 오두막을 언급하고 있다. 그것은 임페리얼 시티 동쪽의 대삼림에 위치해 있다. 이곳이 아마도 롤랑가 숨어있는 곳일 것이라고 생각한다. 그가 도망칠 기회를 갖기 전에 당장 그쪽으로 가야 한다.",record,False,False,False,False,,
Oblivion.esm,QUST,0001D21C,MS23,CNAM,7,60,0,"I've arrived at Roland's cabin. I should proceed inside to see if he's here. I should be cautious, as Seridur warned me that vampires could be very dangerous. ","롤랑의 오두막에 도착했다. 안으로 들어서서 그가 여기에 있는지 알아보아야 한다. 세리두르가 뱀파이어는 매우 위험하다고 경고했듯이, 조심해야 한다. ",record,False,False,False,False,,
Oblivion.esm,QUST,0001D21C,MS23,CNAM,8,70,0,"Roland Jenseric insists that he's not a vampire. In fact, he's accusing Seridur of being one instead! I should listen to what he has to say about Seridur and see if I can determine who's telling the truth.","롤랑 젠세릭은 스스로 뱀파이어가 아니라고 주장했다. 사실, 그 대신 세리두르를 지목했다! 그가 세리두르에 대해 하는 말을 주의 깊게 듣고, 누가 진실을 말하는지 판단할 수 있을지 보아야겠다.",record,False,False,False,False,,
Oblivion.esm,QUST,0001D21C,MS23,CNAM,9,80,0,"Roland tells me that he thought his lover was having an affair, so he followed her one night on a walk. He came across Seridur draining the blood from her neck. Roland says he attacked Seridur, and in the chaos, Roland's lover was killed. Seridur got away. Knowing Selidur was a respected member of the Imperial City, he panicked and ran to the cabin here to collect his thoughts and decide what to do next. I need to decide what to do about this.","롤랜드(Roland)는 그의 애인이 누군가와 바람이 났다고 생각하고는, 어느날 밤 어디론가 걸어가는 그녀를 따라갔다고 말했다. 그는 그녀의 목에서 피를 빨고 있는 쎄러루르(Seridur)를 목격하게 되었다. 롤랜드(Roland)는 그가 쎄러루르(Seridur)를 공격했고, 혼란한 와중에 애인이 살해되었다고 했다. 쎄러루르(Seridur)는 사라졌다. 쎄러루르(Seridur)는 임페리얼시티의 존경받는 인물임을 알고 있기에, 그는 겁에 질려 다음 행보를 모색하기 위해 이곳 오두막으로 달려왔다. 이 일을 어떻게 할지 결정해야 한다.",record,True,True,False,False,HIGH,"Roland, Seridur, Roland, Seridur, Seridur, Seridur"
Oblivion.esm,QUST,0001D21C,MS23,CNAM,10,82,0,"I've stayed my hand, and will let Roland live for now.","공격하지 않고, 일단 롤랑를 살려둘 것이다.",record,False,False,False,False,,
Oblivion.esm,QUST,0001D21C,MS23,CNAM,11,84,0,"I've decided to give Roland a chance, and will investigate his story. Roland told me that Seridur makes the occasional trip to the First Edition bookshop in the Market District of the Imperial City. He told me I should speak to the owner, Phintias.","나는 롤랑에게 기회를 주기로 결정했고, 그의 이야기를 검증할 것이다. 롤랑는 내게 세리두르가 가끔 임페리얼 시티의 시장 구역에 있는 서점인 초판본에 들른다고 했다. 그는 내게 그곳 소유주인 핀티아스에게 이야기해보라고 했다.",record,False,False,False,False,,
Oblivion.esm,QUST,0001D21C,MS23,CNAM,12,85,0,I've discovered that Seridur makes the occasional visit to a place called Memorial Cave. It's a burial site for many heroes that died in past wars. Seridur supposedly has a relative interred there. Perhaps I should go investigate.,세리두르가 가끔씩 추모의 동굴이라는 곳을 방문한다는 것을 알아냈다. 그것은 지난 전사한 많은 영웅들이 묻힌 장소이다. 세리두르는 필경 그곳에 매장한 인척이 있는 것 같다. 아마도 조사하러 가보아야 할 것 같다.,record,False,False,False,False,,
Oblivion.esm,QUST,0001D21C,MS23,CNAM,13,90,0,I've entered Memorial Cave. It's now being used as a vampire den. I need to see if I can find Seridur in here and put a stop to his charade.,"추모의 동굴에 들어섰다. 그것은 이제 뱀파이어 소굴로 사용되고 있다. 나는 내가 이곳에서 세리두르를 찾을 수 있는지 보고, 그의 뻔한 거짓말을 멈출 필요가 있다.",record,False,False,False,False,,
Oblivion.esm,QUST,0001D21C,MS23,CNAM,14,100,0,I've slain Seridur. I should return immediately to Roland's cabin and give him the news.,세리두르를 죽였다. 당장 롤랑의 오두막으로 돌아가서 그에게 소식을 알려주어야겠다.,record,False,False,False,False,,
Oblivion.esm,QUST,0001D21C,MS23,CNAM,15,110,0,"I've returned to Roland's cabin and told him what had transpired. He thanked me for clearing his name, and vowed to take Seridur's place to continue the Order of the Virtuous Blood. He said I should meet him there for a reward.","롤랑에게 돌아가서 그에게 어떤 사실이 드러났는지 말했다. 그는 누명을 풀어준 것에 감사하고, 세리두르의 빈 자리를 대신하여 고귀한 피의 결사단를 유지할 것을 맹세했다. 그는 내가 보상을 위해 그곳에서 자신을 다시 만나야 된다고 말했다.",record,False,False,False,False,,
Oblivion.esm,QUST,0001D21C,MS23,CNAM,16,150,0,I've slain Roland Jenseric. I should return to the Order and tell Seridur that my task is completed.,롤랑 젠세릭을 죽였다. 결사단으로 돌아가서 세리두르에게 내 임무를 완수했다고 말해야겠다.,record,False,False,False,False,,
Oblivion.esm,QUST,0001D21C,MS23,CNAM,17,160,0,"Seridur was pleased with me, and rewarded me with 250 gold. He said that I've done a great service for the Imperial City and I should be proud.","세리두르는 기뻐했고, 내게 250 골드를 보상했다. 그는 내가 임페리얼 시티 를 위해 대단한 일을 해주었고, 내가 자랑스러워해야 한다고 말했다.",record,False,False,False,False,,
Oblivion.esm,QUST,0001D21C,MS23,CNAM,18,200,0,"I've returned to Seridur's home, which the Order still uses to meet. Roland was there, and he told me I was now an honorary member of their group. He also bestowed an enchanted ring on me to help me in my future encounters with vampires.","세리두르의 집으로 돌아왔다. 결사단은 여전히 모이고 있다. 롤랑가 있었고, 그는 내가 이제 그들 그룹의 명예 회원이라고 말했다. 그는 또한 앞으로 뱀파이어와 마주쳤을 때 도움이 될 만한 인첸트된 반지를 내게 수여했다.",record,False,False,False,False,,
Oblivion.esm,QUST,0001D21C,MS23,CNAM,19,250,0,One of the characters needed to complete this quest has died.,이 임무를 완료하기 위해 필요한 캐릭터 중 하나가 죽었다.,record,False,False,False,False,,
Oblivion.esm,QUST,00017839,MS11,FULL,0,,,A Brotherhood Betrayed,브라더후드를 배신한 자,record,False,False,False,False,,
Oblivion.esm,QUST,00017839,MS11,CNAM,0,5,0,"I've entered the house of Bradon Lirrian in Bruma. A guard named Carius Runellius has told me that this was the scene of a crime, and unless I was a guard or someone named Raynil Dralas, I should leave.",브라더후드를 배신한 자,record,False,False,False,False,,
Oblivion.esm,QUST,00017839,MS11,CNAM,1,10,0,"I've discovered that Bradon Lirrian, a resident here in Bruma, was actually a vampire. He was slain by a vampire hunter who has appeared in town named Raynil Dralas. However, the circumstances of this incident sound sketchy at best. I should make my way to the crime scene at Bradon's house to investigate.",브루마 사람들 중의 한명인 브래던 리리안이 뱀파이어라는 말을 들었다. 그는 마을에 나타난 뱀파이어 사냥꾼인 레이닐 드랄라스에게 살해되었다. 그러나 사건의 정황이 다소 허술한 것 같다. 범죄현장인 브래던의 집을 조사해보아야 겠다.,record,False,False,False,False,,
Oblivion.esm,QUST,00017839,MS11,CNAM,2,20,0,"I've spoken to Carius Runellius, an investigator for the Bruma city watch, at the crime scene. He says that Raynil slipped into the house undetected and killed the vampire in its sleep around noon. The wife wasn't home, as she works during the day. Also, the body of an unidentified beggar has been found stashed in Bradon's house. I should question Bradon's wife if I want to investigate further.","범죄현장에서 브루마 도시경비대의 수사관인 카리우스 루넬리우스와 이야기 했다. 그는, 레이닐이 이 집으로 잠입하여 정오 쯤에 자고 있던 뱀파이어를 죽였다고 한다. 아내는 낮에는 일을 하기 때문에 집에 없었다. 또한 신원 미상의 거지 시체가 브래던의 집에 숨겨져 있었다고 했다. 더 조사하기 위해서는 브래던의 아내와 이야기 해봐야 한다.",record,False,False,False,False,,
Oblivion.esm,QUST,00017839,MS11,CNAM,3,30,0,"Bradon's wife, Erline, told me her husband is innocent. She says that he simply works at night, and sleeps during the day. She also suspects that someone must have planted the body. She seemed to cast a suspicious light on Raynil, whom she says she recognizes. I think I should locate Raynil and ask him some questions as well. I should start with some of the merchants and innkeepers in town.","브래던의 아내인 얼라인은 자신의 남편은 결백하다고 말했다. 그는 단지 밤에 일하기 때문에 낮에는 자는 것이라고 말했다. 또한 그녀는 누군가가 그 시체를 갖다 놓은 게 틀림없다고 생각했다. 그녀는 레이닐을 의심하고 있었는데, 그는 그녀가 아는 사람이었다. 레이닐을 찾아가서 그에게 질문을 몇가지 해보아야겠다. 마을의 상인이나 여관주인에게 물어보면 그를 찾을 수 있을 것이다.",record,False,False,False,False,,
Oblivion.esm,QUST,00017839,MS11,CNAM,4,40,0,"After asking around Bruma, I've discovered that Raynil has been staying at Olav's Tap and Tack while he's been in town. The inn is located next to the city gates. This should be my next destination if I'm to question Raynil.",브루마 근처에서 수소문 해보니 레이닐은 마을에 있는 동안 올라브의 올라브의 징과 압정에 묵었다고 한다. 그 여관은 도시입구 근처에 있다. 레이닐을 추궁하려면 그 곳으로 가야할 것이다.,record,False,False,False,False,,
Oblivion.esm,QUST,00017839,MS11,CNAM,5,50,0,I've spoken to Olav at Olav's Tap and Tack. I was able to convince him to give me the key to Raynil's room. He told me that it was up the stairs and at the end of the hall. That should be my next destination.,올라브의 올라브의 징과 압정의 올라브와 이야기 했다. 나는 그를 설득하여 레이닐의 방의 열쇠를 얻을 수 있었다. 그는 그 방이 윗층 홀의 끝에 있다고 했다. 거기가 나의 다음 목적지다.,record,False,False,False,False,,
Oblivion.esm,QUST,00017839,MS11,CNAM,6,60,0,I've entered Raynil's room. I should carefully search the place for anything suspicious.,레이닐의 방으로 들어왔다. 무언가 의심스러운 것이 있는지 샅샅이 살펴봐야 한다.,record,False,False,False,False,,
Oblivion.esm,QUST,00017839,MS11,CNAM,7,70,0,I've discovered a small journal in Raynil's room at the inn. It seems he was part of a group of adventurers who uncovered an artifact of some sort from some Ayleid ruins. They all agreed to stash the artifact in a cave until more research could be done about it. Each of them took a key to the chest it was secured in. The two other members of the group were Bradon and someone named Gelebourne. I need to find out more about Gelebourne to confirm my suspicions about Raynil. Olav may be able to help.,여관에 있는 레이닐의 방에서 작은 일지를 발견했다. 그는 어떤 에일리드 유적 같은 곳에서 출토되는 유물을 발굴한 모험가 집단에 소속되어 있는 것 같다. 그들은 만장일치로 그 유물에 대해 더 많은 연구가 이루어질 때까지 동굴 안에 숨겨 놓기로 했다. 그들은 각각 그것이 보관된 상자를 여는데 필요한 열쇠를 보관하고 있었다. 다른 두 명은 브래던과 겔레본이라고 하는 자 였다. 레이닐에 관한 나의 의심을 확인하기 위하여 겔레본에 관하여 조사해봐야 한다. 올라브가 나를 도와줄 수 있을 것이다.,record,False,False,False,False,,
Oblivion.esm,QUST,00017839,MS11,CNAM,8,80,0,"The innkeeper, Olav, told me that Gelebourne was slain in Skingrad by none other than Raynil. As with Bradon, Raynil claimed Gelebourne was a vampire. I think Raynil is using the vampire as a cover story to get the keys to the chest where they stashed the artifact. I think it's time to speak to Carius Runellius about Raynil. He must be stopped.",여관주인인 올라브는 겔레본은 스킨그라드에서 레이닐에게 살해당했다고 말했다. 브래던의 경우처럼 레이닐은 겔레본이 뱀파이어라고 주장했다. 레이닐은 그들이 유물을 감춘 상자의 열쇠를 빼앗기 위한 술책으로 뱀파이어를 이용하고 있는 것 같다. 카리우스 루넬리우스에게 레이닐에 대하여 말할 때가 된 것 같다.그를 막아야 한다.,record,False,False,False,False,,
Oblivion.esm,QUST,00017839,MS11,CNAM,9,85,0,"I've given Gelebourne's journal to Carius. He was shocked at the story contained within, and vowed to bring Raynil to justice. He's gone to inform the guards. He said to meet him back at Olav's Tap and Tack in an hour.","나는 겔레본의 일지를 카리우스에게 주었다. 그는 그 안에 기록된 이야기에 충격받았고, 레이닐이 법의 심판을 받게 하겠다고 맹세했다. 그는 경비들에게 알리기 위하여 갔다. 그는 올라브의 올라브의 징과 압정에서 한시간 뒤에 다시 만나자고 했다.",record,False,False,False,False,,
Oblivion.esm,QUST,00017839,MS11,CNAM,10,90,0,"Carius told me that Raynil was seen leaving Bruma and heading west. According to the journal, the cave where the artifact is stashed is in that direction. Carius mentioned that the only cave in that direction that matches the journal's description is Boreal Stone Cave. Carius also feels I have only a day before Raynil can make good his escape, so I must get there quickly.","카리우스는 레이닐이 브루마를 떠나 서쪽으로 간 것 같다고 말했다. 저널에 따르면 그 쪽은 유물이 감추어져 있는 동굴이 있는 방향이다. 카리우스는 일지의 설명과 일치하는 방향에 있는 동굴은 북부 석굴 하나 밖에 없다고 했다. 카리우스는 또한 레이닐이 무사히 탈출하는 데는 하루 정도 시간이 걸릴 것 같다고 했으므로, 난 당장 거기로 떠나야 한다.",record,False,False,False,False,,
Oblivion.esm,QUST,00017839,MS11,CNAM,11,100,0,I've arrived at Boreal Stone Cave.,북부 석굴에 도착했다.,record,False,False,False,False,,
Oblivion.esm,QUST,00017839,MS11,CNAM,12,110,0,"I've located Raynil in Boreal Stone Cave. He refused to surrender, choosing instead to attack me. I was forced to kill him to defend myself. I can now recover the artifact mentioned in Gelebounre's journal from the chest.",보리얼 석굴(Boreal Stone Cave)에서 레이닐(Raynil)을 만났다. 그는 항복하지 않고 나를 공격했다. 나는 내 자신을 방어하기 위해서 그를 죽일 수 밖에 없었다. 이제 겔러본(Gelebounre)의 상자에서 일지에 언급된 유물을 되찾을 수 있다.,record,True,True,False,False,HIGH,"Boreal, Stone, Cave, Raynil, Gelebounre"
Oblivion.esm,QUST,00017839,MS11,CNAM,13,115,0,"Opening the waterlogged chest with all three keys, I discovered the artifact to be an amulet. It seems fairly unremarkable, and I am unsure of its function. I think I should bring it back to Erline Lirrian and see what she wants me to do with it.","세 개의 열쇠를 사용해서 물에 잠긴 상자를 열고, 나는 목걸이 유물을 발견했다. 그것은 평범하게 보였으며 무슨 특별한 능력이 있는 것 같지도 않았다. 이것을 얼라인 리리안에게 돌려주고 그녀가 원하면 가지라고 해야겠다.",record,False,False,False,False,,
Oblivion.esm,QUST,00017839,MS11,CNAM,14,120,0,"Erline was pleased that I stopped Raynil. She told me that as an extra precaution, Bradon had a command word protection put on the amulet so no one could steal it and use it without his knowledge. Fortunately, Erline was given the command word. After giving it to her, she said the word, and the true nature of the item was revealed: The Phylacetary of Litheness. She then said I could keep the item, as a token of her thanks.","얼린(Erline)은 레이닐(Raynil)을 막은 것을 기뻐했다. 그녀는 추가적인 예방조치로 브레이든(Bradon)이 목걸이에 그가 아니면 누구도 그것을 훔치거나 사용하지 못하도록 주문을 걸어 놓았다고 했다. 다행히도 얼린(Erline)은 그 주문을 알고 있었다. 내가 그것을 그녀에게 주자 그녀는 그 주문을 외웠고, 필레이스터리 오브 리쓰니스(The Phylacetary of Litheness)라는 목걸이의 본모습이 드러났다. 그리고나서 그녀는 감사의 표시로 내게 그 목걸이를 가지라고 하였다.",record,True,True,False,False,HIGH,"Erline, Raynil, Bradon, Erline, The, Phylacetary, of, Litheness"
Oblivion.esm,QUST,00017839,MS11,CNAM,15,150,0,"A full day has passed, and I haven't made it to Boreal Stone Cave to stop Raynil. I fear I may be too late. I should hasten there as soon as I can to confirm my theory.",하루가 지났고 나는 레이닐을 막기 위하여 북부 석굴에 가지 못하였다. 너무 늦은 것이 아닌가 싶다. 내 생각을 확인하려면 가능한 빨리 가야 한다.,record,False,False,False,False,,
Oblivion.esm,QUST,00017839,MS11,CNAM,16,160,0,"I've arrived at Boreal Stone Cave, and have found it to be completely empty. I fear Raynil has made off with the artifact and he has disappeared. I should inform Carius.","북부 석굴에 도착했고, 그곳은 텅비어 있었다. 레이닐이 유물을 가지고 사라진게 아닌가 생각된다. 카리우스에게 알려야 한다.",record,False,False,False,False,,
Oblivion.esm,QUST,00017839,MS11,CNAM,17,170,0,"Carius mentioned that Raynil has slipped through their grasp and made good his escape from the area. They will keep watch for him, but they doubt he will return. I'm afraid I'll never see him again.","카리우스는 레이닐이 그들의 통제력이 미치는 곳을 벗어나 탈출에 성공했다고 말했다. 그들은 계속 그를 기다리겠지만, 그가 돌아올지는 반신반의했다. 그를 다시 보지 못할 것 같기도 하다.",record,False,False,False,False,,
Oblivion.esm,QUST,00017839,MS11,CNAM,18,200,0,One of the characters needed to complete this quest has died.,이 퀘스트와 관련된 인물 중 하나가 죽어버렸다.,record,False,False,False,False,,
Oblivion.esm,QUST,00017838,MS10,FULL,0,,,Corruption and Conscience,부패와 양심,record,False,False,False,False,,
Oblivion.esm,QUST,00017838,MS10,CNAM,0,10,0,"I was told by one of the townspeople in Cheydinhal that the guards have been imposing heavy and unfair fines lately. This seemed to begin ever since the new Captain of the Guard, Ulrich Leland, took office. I was referred to Llevana Nedaren, who lives in the south end of town, as she is the most vocal about her dislike of the new commander.",부패와 양심,record,False,False,False,False,,
Oblivion.esm,QUST,00017838,MS10,CNAM,1,20,0,"Llevana Nedaren told me about the plight of a good friend of hers, Aldos Othran. She explained how he was evicted from his home for non-payment of fines and expressed her hatred of Ulrich. She mentioned that Ulrich's second in command, Garrus Darelliun, seemed sympathetic to the people's plight. I should speak to Garrus next about this matter.","레바나 네다렌은 자신의 좋은 친구인 알도스 오스란이 처한 곤경에 대해 이야기 해주었다. 그녀는 어떻게 그가 벌금을 내지 못하여 집에서 쫓겨났는지를 설명해 주었고, 울리히에 대한 증오를 직접적으로 표현하였다. 그녀는 울리히의 부관 개러스 다렐리운은 사람들의 곤경을 안타깝게 생각한다고 말해 주었다. 이 문제에 대하여 개러스와 이야기 해봐야겠다.",record,False,False,False,False,,
Oblivion.esm,QUST,00017838,MS10,CNAM,2,30,0,"Garrus Darelliun let me know his dislike of his commanding officer and took it a step further by letting me know he thinks Ulrich is pocketing much of the money from the inflated fines. He said I should speak to Aldos, as Garrus needs a witness to bring Ulrich to justice.","개러스 다렐리운 또한 그의 상관을 못마땅하게 생각하고 있었고, 나아가 울리히가 과중하게 부과한 벌금의 많은 부분을 횡령하고 있다는 사실도 알려주었다. 개러스는 울리히가 법의 심판을 받게 하기 위해서는 증거가 필요하다는 것을 알도스에게 말해 주라고 했다.",record,False,False,False,False,,
Oblivion.esm,QUST,00017838,MS10,CNAM,3,40,0,"I found Aldos, drunk as usual. He begged me to follow him back to his old house where wanted me to witness something. I should follow.",평소처럼 술에 취해 있는 알도스(Aldos)를 찾았다. 그는 예전 집에 내가 원하는 증거가 될만한 것이 있으니 자기를 따라 집에 가보자고 애걸했다. 그를 따라 가야 한다.,record,True,True,False,False,HIGH,Aldos
Oblivion.esm,QUST,00017838,MS10,CNAM,4,50,0,"Aldos Othran has been slain by a Cheydinhal guard. He had led me to his old house, where he exchanged heated words with the guards. During the argument, Aldos pulled a knife and the guard put him down. I should tell Llevana the sad news.","알도스 오스란이 셰이딘홀 경비병에게 살해당했다. 그는 나를 그의 예전 집으로 인도하던 중, 경비병과 격렬한 대화를 주고 받았다. 말다툼 도중에 알도스는 칼을 꺼냈고 경비병은 그를 죽여버렸다. 난 이 슬픈 소식을 레바나에게 전해야 한다.",record,False,False,False,False,,
Oblivion.esm,QUST,00017838,MS10,CNAM,5,60,0,"Llevana was furious after I told her of Aldos's fate. She wants me to go speak to Ulrich and somehow convince him to follow me back to her house, where she would ""take care of him."" This doesn't sound like the best method to deal with Ulrich. I think I should speak to Garrus first then decide how to handle this situation.","알도스의 죽음에 대해 듣자 레바나는 분노했다. 그녀는 내가 어떻게든 울리히를 설득하여 그녀의 집으로 데려오기를 원한다. 그녀는 그곳에서 ""그를 죽여버릴 것이다."" 이런 식으로 울리히를 처리하는 방법은 최선이 아닌 것 같다. 우선 개러스와 이야기 해보고 어떻게 이 문제를 처리할지를 결심해야겠다.",record,False,False,False,False,,
Oblivion.esm,QUST,00017838,MS10,CNAM,6,70,0,Garrus was saddened by the news of Aldos's death. He vowed to bring Ulrich to justice by any means. He suggested the only way to incriminate the Captain would be by searching his quarters. He is suggesting that I sneak in there and look for such evidence. I'll have to decide if I want to do this Garrus's way or Llevana's way.,개러스는 알도스가 죽었다는 소식을 듣고 슬퍼했다. 그는 무슨 수를 쓰더라도 울리히를 법의 심판을 받도록 할 것임을 다짐했다. 그는 대장을 처벌할 수 있는 유일한 방법으로 그의 숙소를 조사해볼 것을 권했다. 그는 내가 거기로 숨어 들어가서 증거를 찾아보는 것을 권하고 있다. 나는 개러스의 방법을 따를 것인지 혹은 레바나의 방법을 따를 것인지 결정해야 한다.,record,False,False,False,False,,
Oblivion.esm,QUST,00017838,MS10,CNAM,7,75,0,I have convinced Ulrich to follow me to Llevana's house. I should lead him there now.,나는 울리히를 설득했고 그는 나를 따라서 레바나의 집에 가보기로 했다. 지금 당장 그를 거기로 데려가야 한다.,record,False,False,False,False,,
Oblivion.esm,QUST,00017838,MS10,CNAM,8,78,0,I have arrived at Llevana's house with Ulrich. I should see where he goes.,울리히와 나는 레바나의 집에 도착했다. 그가 어디로 가는지 지켜봐야 한다.,record,False,False,False,False,,
Oblivion.esm,QUST,00017838,MS10,CNAM,9,80,0,"Once Ulrich was led inside Llevana's house, she cast some sort of paralysis spell on him. At that point, Llevana released some rats upon Ulrich's helpless body that bit into him until he was dead. I should report this to Garrus.","울리히가 레바나의 집으로 들어가자 마자, 그녀는 그에게 일종의 마비 마법을 시전했다. 그때, 레바나는 울리히의 마비된 몸 위로 쥐 떼를 풀어 놓았고, 그것들은 울리히가 죽을 때까지 그를 물어 뜯었다. 이를 개러스에게 알려주어야 한다.",record,False,False,False,False,,
Oblivion.esm,QUST,00017838,MS10,CNAM,10,90,0,"In Ulrich's quarters, I've discovered a letter he wrote to some relatives outside of Cyrodiil. In it, he talks about sending them a great deal of money and goods he purchased using the illicit funds. This is the evidence Garrus would need. I should take it to him.",울리히의 숙소에서 난 그가 시로딜 밖에 사는 어떤 친척에게 쓴 편지를 발견했다. 거기에서 그는 그들에게 엄청난 양의 돈과 그가 비자금으로 사들인 물건들을 보내는 것에 대해서 말하고 있다. 이것은 개러스가 필요로 하는 증거이다. 이것을 그에게 전달하여야 한다.,record,False,False,False,False,,
Oblivion.esm,QUST,00017838,MS10,CNAM,11,95,0,"Garrus was upset that I would resort to such a method to have Ulrich removed from his position, but he was glad it was over. He said he would report this to the Count of Cheydinhal, and told me to meet him at the Cheydinhal Bridge Inn in two hours.",가루스는 내가 울리히를 자리에서 끌어내리려고 그런 방법까지 쓴 것에 화가 났지만 일이 끝난 것은 다행이라고 했다. 그는 체이딘홀 백작에게 보고한 뒤 두 시간 후 체이딘홀 브리지 여관에서 만나자고 했다.,record,False,False,False,False,,
Oblivion.esm,QUST,00017838,MS10,CNAM,12,95,1,I have given the evidence to Garrus he needs to remove Ulrich from office. He said he would take it directly to the Count of Cheydinhal. He told me to meet him at the Cheydinhal Bridge Inn in two hours.,"개러스는 내가 울리히를 그 자리에서 축출하기 위해서 그러한 방법을 사용한 것에 대해서 매우 화를 내었지만, 그는 이 일이 끝난 것에 대해서는 기뻐했다. 그는 이것을 셰이딘홀의 백작에게 보고하겠다며, 두 시간 뒤에 셰이딘홀 다리 여관에서 만나자고 하였다.",record,False,False,False,False,,
Oblivion.esm,QUST,00017838,MS10,CNAM,13,97,0,"It's been about two hours, and Garrus Darelliun should be meeting me at the Cheydinhal Bridge Inn.",두 시간 정도가 지났다. 개러스 다렐리운은 셰이딘홀 다리 여관에서 나를 만나고자 할 것이다.,record,False,False,False,False,,
Oblivion.esm,QUST,00017838,MS10,CNAM,14,100,0,"Garrus has informed me that he was made Captain of the Guard of Cheydinhal to replace Ulrich, and has rewarded me for helping him.","개러스는 울리히 대신에 그가 셰이딘홀의 경비대장이 되었다고 알려주었고, 그를 도와준 것에 대하여 답례하였다.",record,False,False,False,False,,
Oblivion.esm,QUST,00017838,MS10,CNAM,15,150,0,"I've slain Ulrich Leland. At my first opportunity, I should speak with Garrus Darelliun, his second-in-command.",울리히 렐란드를 죽였다. 기회가 되는대로 그의 부관인 개러스 다렐리운에게 말해야 한다.,record,False,False,False,False,,
Oblivion.esm,QUST,00017838,MS10,CNAM,16,180,0,"Although my actions removed Ulrich from his position as Captain of the Guard, Garrus didn't approve of my method.","비록 내가 울리히를 경비대장 자리에서 끌어냈지만, 개러스는 내가 쓴 방법은 옳지 않게 여겼다.",record,False,False,False,False,,
Oblivion.esm,QUST,00017838,MS10,CNAM,17,200,0,One of the characters needed to complete this quest has died.,퀘스트를 완수하는데 필요한 인물 중 하나가 죽어버렸다.,record,False,False,False,False,,
Oblivion.esm,QUST,00017837,MS09,FULL,0,,,Two Sides of the Coin,동전의 양면,record,False,False,False,False,,
Oblivion.esm,QUST,00017837,MS09,CNAM,0,10,0,I've heard that Arnora Auria of Bruma is looking for some help recovering some money that was stolen from her. I should make my way to her house and see if I can help.,동전의 양면,record,False,False,False,False,,
Oblivion.esm,QUST,00017837,MS09,CNAM,1,15,0,"I've spoken to Arnora, but it sounds like she wants me to do something potentially illegal. I've told her I'm not interested. It sounded like she'd welcome me back if I changed my mind.",아노라와 이야기했지만 그녀는 내가 어쩌면 불법일 수도 있는 무언가를 해주길 원하는 듯하다. 일단은 그녀에게 관심 없다고 했다. 마음이 바뀌어 돌아가면 아마 그녀가 나를 환영할 듯 하다.,record,False,False,False,False,,
Oblivion.esm,QUST,00017837,MS09,CNAM,2,20,0,"Arnora told me about a particular crime that she was forced to help her lover, Jorundr, commit. They stole some gold and buried it, but Jorundr was arrested. When she returned to the hiding place, the gold was gone. Jorundr must have moved it. Now she wants to recover the money. I should go to Bruma Castle Dungeons and speak to him.","아노라는 나에게 그녀가 연인 요룬드르에게 강요당해서 어쩔 수 없이 도왔던 범죄행각을 상세히 말했다. 그들은 약간의 금을 훔쳐서 묻었지만, 요룬드르가 체포당했다. 그녀가 금을 숨겨놓은 장소로 돌아왔을 때에는 이미 금이 없어진 후였다. 요룬드르가 옮겼음이 분명하다. 이제 그녀는 돈을 되찾길 원한다. 나는 브루마 성 지하감옥에 가서 그와 이야기해야 한다.",record,False,False,False,False,,
Oblivion.esm,QUST,00017837,MS09,CNAM,3,30,0,"Jorundr refused to speak to me. He said that he doesn't talk to ""outsiders"". I think he's referring to the fact that I'm not a prisoner. Sounds like the only way to get him to talk is by getting arrested.","요룬드르는 나와의 대화를 거절했다. 그의 말을 인용하자면 ""외부인""과는 이야기하지 않겠다고 한다. 그는 내가 수감자가 아님을 말하는 것 같다. 그와 대화하기 위한 유일한 방법은 체포되는 것 뿐인 것 같다.",record,False,False,False,False,,
Oblivion.esm,QUST,00017837,MS09,CNAM,4,35,0,I've committed a crime and been sent to jail. This may be the perfect opportunity to speak to Jorundr about the stolen gold.,나는 범죄를 저지르고 감옥으로 보내졌다. 이것은 요룬드르와 훔친 금에 대해 이야기할 완벽한 기회인 것 같다.,record,False,False,False,False,,
Oblivion.esm,QUST,00017837,MS09,CNAM,5,35,1,I've committed a crime and been sent to jail. Perhaps now I can convince Jorundr to tell me about the stolen gold.,나는 범죄를 저지르고 감옥으로 보내졌다. 아마도 이제 훔친 금에 대해 이야기하도록 요룬드르를 확신시킬수 있을 것이다.,record,False,False,False,False,,
Oblivion.esm,QUST,00017837,MS09,CNAM,6,40,0,"Jorundr had a completely different take on what happened with Arnora. He says she turned him in, hoping to get the gold for herself, but he had moved it. He's furious and wants revenge. Jorundr then offered to give me all of the gold if I kill her. All I have to do is show him her amulet.","요룬드르는 아노라와 어떤 일이 있었는지에 대해 전혀 다른 이야기를 했다. 그가 말하길 그녀는 그를 배신하고 모든 금을 그녀가 가지길 원했지만, 그가 금을 옮겨버렸다고 한다. 그는 분노했고 복수를 원했다. 요룬드르는 내가 만약 그녀를 죽여준다면 모든 돈을 주겠다고 제안했다. 내가 해야 할 것은 그에게 그녀의 아뮬렛을 보여주는 것 뿐이다.",record,False,False,False,False,,
Oblivion.esm,QUST,00017837,MS09,CNAM,7,50,0,I've slain Arnora. I should take the amulet off her body and bring it to Jorundr.,나는 아노라를 살해했다. 그녀의 몸에서 지하감옥을 벗겨내어 요룬드르에게 가져가야겠다.,record,False,False,False,False,,
Oblivion.esm,QUST,00017837,MS09,CNAM,8,60,0,"I've convinced Arnora to give me her amulet. However, I've agreed to split the gold with her. She gave me the key to unlock the chest next to her bed. Inside is the amulet Jorundr is looking for. I should retrieve it and bring it to the Bruma Castle Dungeon.",아노라에게 아뮬렛을 달라고 설득했다. 대신 그녀와 금을 나눠갖는 것에 동의했다. 그녀는 자신의 침대 옆에 있는 상자의 열쇠를 주었다. 안에는 요룬드르가 찾는 아뮬렛이 들어있다. 그것을 꺼내서 브루마 성 지하감옥으로 가져가야겠다.,record,False,False,False,False,,
Oblivion.esm,QUST,00017837,MS09,CNAM,9,70,0,I've shown Arnora's Amulet to Jorundr. He revealed the location of the treasure as being buried outside the town wall.,요룬드르에게 아노라의 아뮬렛을 보여주었다. 그는 도시 성벽 바깥에 묻어놓은 재물의 위치를 말해주었다.,record,False,False,False,False,,
Oblivion.esm,QUST,00017837,MS09,CNAM,10,100,0,I've found the treasure that Jorundr concealed outside the walls of Bruma.,브루마의 성벽 바깥에 요룬드르가 감췄던 돈을 찾았다.,record,False,False,False,False,,
Oblivion.esm,QUST,00017837,MS09,CNAM,11,140,0,"I've killed a corrupt guard named Tyrellius Logellus near the stashed loot. Apparently, he had overheard my conversation with Jorundr in the Bruma Castle Dungeons and wanted the gold for himself. I think he's also killed Arnora. I can now recover the gold unhindered.",나는 은신처 근처에 있던 부패한 경비인 티렐리우스 로젤루스를 죽였다. 분명히 브루마 성 지하감옥에서 요룬드르와의 대화를 듣고서는 금을 가지고 싶었을 것이다. 내 생각에 그는 아노라 역시 죽였을 것이다. 이제 금을 방해 받지 않고 되찾을 수 있겠다.,record,False,False,False,False,,
Oblivion.esm,QUST,00017837,MS09,CNAM,12,150,0,I've found the treasure that Jorundr concealed. I should go check to see if Tyrellius was telling the truth about Arnora.,요룬드르가 숨겨놓은 금을 찾았다. 티렐리우스가 아노라에 대해 진실을 말했는지 보러 가야겠다.,record,False,False,False,False,,
Oblivion.esm,QUST,00017837,MS09,CNAM,13,160,0,"I've found Arnora's body in her house. Tyrellius has indeed killed her. I should probably leave before the town guard thinks I had something to do with it. On the bright side, all of Jorundr's gold is now mine.",그녀의 집에서 아노라의 시체를 발견했다. 과연 티렐리우스는 그녀를 죽였다. 성의 경비가 내가 무언가를 했다고 생각하기 전에 이 곳을 떠나야겠다. 좋게 생각하자. 요룬드르의 모든 돈은 이제 내 것이다.,record,False,False,False,False,,
Oblivion.esm,QUST,00017837,MS09,CNAM,14,180,0,"Arnora's death occurred before I struck a bargain with Jorundr and if he would have rewarded me before, he certainly won't now.","내가 요룬드르와 계약하고 아직 보상을 받기 전, 아노라가 죽어버렸다. 이제 그는 분명 사례하지 않을 것이다. ",record,False,False,False,False,,
Oblivion.esm,QUST,00017837,MS09,CNAM,15,200,0,One of the characters needed to complete this quest has died.,이 퀘스트를 완수하는데 필요한 캐릭터들 중 하나가 죽었다.,record,False,False,False,False,,
Oblivion.esm,QUST,00017835,MS12,FULL,0,,,Lifting the Vale,베일 들어 올리기,record,False,False,False,False,,
Oblivion.esm,QUST,00017835,MS12,CNAM,0,2,0,"I've learned that the Countess of Bruma, Narina Carvain is the collector of Akaviri artifacts. Apparently, she's seeking a particular piece to add her relics. The townsperson I spoke to recommended I seek out Tolgan, her steward, if I was interested in retrieving the piece.","브루마의 백작부인 나리나 카베인(Narina Carvain)이 아카비리(Akaviri)의 유물 수집가라고 한다. 분명, 그녀는 그녀의 골동품에 추가하기 위해 특별한 작품 하나를 찾고 있는 것 같다. 나와 이야기했던 마을사람은 만약 그 작품의 회수에 관심이 있다면 그녀의 재산 관리인인 톨건(Tolgan)을 찾으라고 충고해 주었다.",record,True,True,False,False,HIGH,"Narina, Carvain, Akaviri, Tolgan"
Oblivion.esm,QUST,00017835,MS12,CNAM,1,5,0,"I've met a Nord named Tolgan. Apparently, he's the herald of Countess Narina Carvain from here in Bruma. He presented me with a stipend of gold, and a request from Lady Carvain to meet her at the castle. Not wanting to offend the Countess, I should accept the request, and make my way there when she holds court.","나는 톨건이라 불리는 노드를 만났다. 분명, 그는 나리나 카베인 여백작의 브루마 안으로부터의 수행원이다. 그는 돈과 함께, 그녀의 성에서 만나자는 카베인 부인으로부터의 요청을 전했다. 여백작의 기분을 상하게 하고 싶지는 않으니, 나는 요청을 받아들이고 그곳으로 향해야 한다.",record,False,False,False,False,,
Oblivion.esm,QUST,00017835,MS12,CNAM,2,10,0,"Countess Narina Carvain has told me that she's seeking a particular relic of Akaviri origin: The Draconian Madstone, an amulet that supposedly grants the wearer immunity to poison. It's recently come to her attention that it may be located in the ruins at Pale Pass. She's offering a substantial reward for the talisman's return. I should speak to her for more information.",나리나 카베인 여백작은 그녀가 아카비르 기원의 특별한 유물로 착용자에게 독에 대한 면역성을 주는 아뮬렛인 드라코니안 매드스톤을 찾고 있다고 했다. 그녀는 최근 그것이 패일 고개의 유적 안에 있으리라는 것을 들었다. 그녀는 유물의 답례로 상당한 양의 보상을 제안했다. 더 많은 정보를 얻기 위해 그녀와 이야기해야겠다.,record,False,False,False,False,,
Oblivion.esm,QUST,00017835,MS12,CNAM,3,13,0,I've declined Countess Narina Carvain's offer for now. She said I could return at any time if I wish to change my mind.,나리나 카베인 여백작의 제안을 일단 거절했다. 그녀는 마음이 바뀌면 언제든 다시 오라고 말했다.,record,False,False,False,False,,
Oblivion.esm,QUST,00017835,MS12,CNAM,4,15,0,"I've accepted the task. Countess Carvain revealed that she has the diary of a messenger from the original Akiviri army that marched on Cyrodiil at the end of the First Era. The messenger's diary supposedly gives clues to the location of the ruins at Pale Pass. The Countess has provided me with a map, a translation of the diary to use as a guide and a key that may unlock a door at the site.","나는 그 일을 하기로 했다. 카베인(Carvain) 백작부인은 그녀가, 첫 번째 시대 말에 시로딜을 행군했던 고대 아카비리(Akaviri) 군대 전령의 일기장을 가지고 있다고 했다. 전령의 일기장은 아마 패일 패스(Pale Pass)에 있는 유적의 위치에 대한 실마리를 줄 것이다. 백작부인은 내게 지도와 길잡이로 쓸 일기장 번역본, 그리고 그 지역의 문을 열 열쇠를 주었다.",record,True,True,False,False,HIGH,"Carvain, Akaviri, Pale, Pass"
Oblivion.esm,QUST,00017835,MS12,CNAM,5,20,0,"Countess Carvain has told me that her scouts have already located the first landmark mentioned in the diary, Dragonclaw Rock. It's been marked on my map, so I should begin the journey from there.","카베인 여백작은 여백작의 정찰대가 이미 일지에서 언급했던 첫 번째 표식인 드래곤 발톱 바위를 찾았다고 했다. 바위는 지도에 표시되어있으니, 그곳에서 여행을 시작해야 한다.",record,False,False,False,False,,
Oblivion.esm,QUST,00017835,MS12,CNAM,6,30,0,I've arrived at Dragonclaw Rock. I should consult the messenger's diary to learn the way to the next landmark.,드래곤 발톱 바위에 도착했다. 전령의 일기장을 참고하여 다음 표식으로 가는 길을 알아 보아야겠다.,record,False,False,False,False,,
Oblivion.esm,QUST,00017835,MS12,CNAM,7,40,0,"I've reached the second landmark, The Sentinel. I should consult the messenger's diary once again to discern the way to the third landmark.",두 번째 표식인 파수병의 석상에 도착했다. 전령의 일기장을 다시 참고하여 세번째 표식으로 가는 길을 발견해야 한다.,record,False,False,False,False,,
Oblivion.esm,QUST,00017835,MS12,CNAM,8,50,0,"I've found the third landmark, The Serpent's Trail, which seems to be an underground passage. I'll need to traverse this passage if I'm to find the ruins.",나는 지하 통로로 보이는 세 번째 표식인 뱀의 흔적을 찾았다. 유적을 찾으려면 이 통로를 가로질러야 한다.,record,False,False,False,False,,
Oblivion.esm,QUST,00017835,MS12,CNAM,9,60,0,"I've discovered the body of the messenger who penned the diary I've been carrying. Even though he died over a thousand years ago, the bones have been well preserved by the frost in the caves. He seems to be clutching something in his bony hand. I should investigate.","내가 가져온 다이어리를 쓴 전령의 시체를 발견했다. 비록 그가 죽은 지 천 년이 넘는 세월이 지났어도, 뼈들은 동굴의 냉기에 잘 보존되어왔다. 그는 뼈만 남은 손으로 무언가 부여잡고 있는 것으로 보인다. 더 조사해봐야겠다.",record,False,False,False,False,,
Oblivion.esm,QUST,00017835,MS12,CNAM,10,70,0,"Near the body of the messenger, I've discovered a slate tablet with what appears to be Akaviri writing on its surface. These must be the orders the messenger spoke about in the diary.","전령의 시체 근처에서, 나는 아카비르의 문서로 보이는 석판을 발견했다. 이것들은 분명 전령이 그의 다이어리에서 언급한 명령일 것이다.",record,False,False,False,False,,
Oblivion.esm,QUST,00017835,MS12,CNAM,11,80,0,"I've emerged from The Serpent's Trail and find myself face to face with the legendary Pale Pass. A path winds down into the snowy valley. If I follow it, it should lead me directly to the ruins.",뱀의 흔적로부터 나와서 전설상의 패일 고개와 직면한 나 자신을 발견할 수 있었다. 바람의 길은 눈으로 덮인 계곡 아래로 향한다. 그것은 분명 곧장 유적으로 가는 방향일 것이다.,record,False,False,False,False,,
Oblivion.esm,QUST,00017835,MS12,CNAM,12,85,0,I've discovered the crumbled walls of the once mighty Fort Pale Pass. It appears to have been destroyed by a landslide long ago. I should proceed into the ruins and search for the Madstone.,한때는 강력했던 패일 고개 요새의 부서진 벽을 발견했다. 이것은 오래전 산사태로 인해 파괴된 것으로 보인다. 유적 안으로 나아가 매드스톤을 찾아야 한다.,record,False,False,False,False,,
Oblivion.esm,QUST,00017835,MS12,CNAM,13,90,0,"The ruins appear to be infested with undead Akaviri. I don't know how long they've been trapped here, but I should proceed with caution. I need to locate the Akaviri commander of the fort who is said to possess the Draconian Madstone.","그 유적들은 언데드 아카비르가 출몰하는 것으로 보인다. 그들이 얼마나 오랫동안 이곳에 갖혀 있었는지는 모르겠지만, 조심해서 앞으로 나아가야겠다. 드라코니안 매드스톤을 가지고 있다는 아카비르 사령관의 위치를 알아야 한다.",record,False,False,False,False,,
Oblivion.esm,QUST,00017835,MS12,CNAM,14,100,0,"After seeing the orders, the Akaviri Commander vanished. The ruins are now silent and at peace. After so many years, the Akaviri's final mission has been completed.  I should proceed ahead and search for the Madstone.",명령을 본 후 아카비르 사령관은 사라졌다. 유적은 이제 고요하고 평화롭다. 오랜 세월이 지난 후에야 아카비르의 마지막 임무는 완료된 것이다. 계속 나아가 매드스톤을 찾아야겠다.,record,False,False,False,False,,
Oblivion.esm,QUST,00017835,MS12,CNAM,15,105,0,I've destroyed the commander of the Akaviri fort. I should proceed ahead and search for the Madstone.,아카비르 요새의 사령관을 파괴했다. 앞으로 나아가며 매드스톤을 찾아야겠다.,record,False,False,False,False,,
Oblivion.esm,QUST,00017835,MS12,CNAM,16,110,0,I've obtained the Draconian Madstone. I should now make the long journey back to Countess Carvain in Bruma.,드라코니안 매드스톤을 손에 넣었다. 이제 나는 이 긴 여행을 마치고 브루마의 카베인 여백작에게 돌아가야겠다.,record,False,False,False,False,,
Oblivion.esm,QUST,00017835,MS12,CNAM,17,150,0,"I've given Countess Carvain the Draconian Madstone. She was extremely pleased, and rewarded me with an Akaviri artifact from her personal collection called the Ring of the Vipereye.",나는 카베인 여백작에게 드라코니안 매드스톤을 주었다. 그녀는 매우 고마워하며 그녀의 개인 수집품 중에서 독사의 눈 반지이라 불리는 아카비르의 유물을 보상으로 주었다.,record,False,False,False,False,,
Oblivion.esm,QUST,00017606,MS14,FULL,0,,,A Brush with Death,죽음과 함께한 붓,record,False,False,False,False,,
Oblivion.esm,QUST,00017606,MS14,CNAM,0,10,0,"I've heard that a famous painter named Rythe Lythandas has gone missing. Apparently, his wife Tivela has been frantically searching for him. Perhaps I should visit their home here in Cheydinhal to see if I can assist with the search.",라이스 리탄다스라는 유명한 화가가 실종되었다고 한다. 그의 아내 티벨라는 미친듯이 그를 찾고 있다. 필시 이곳 셰이딘홀에 있는 그들의 집을 방문하여 내가 수색하는 데 도움이 될 수 있을지 보아야겠다.,record,False,False,False,False,,
Oblivion.esm,QUST,00017606,MS14,CNAM,1,20,0,"I've met a kindly Dunmer named Tivela Lythandas. It seems that her husband, Rythe, has gone missing. She seems extremely distraught, so perhaps I should talk to her to find out more information.","나는 티벨라 리탄다스라는 친절한 던머를 만났다. 그녀의 남편인 라이스가 실종된 것으로 보인다. 그녀는 극도로 심란해 보여서, 필시 그녀에게 말을 걸어 정보를 더 얻어야할 것 같다.",record,False,False,False,False,,
Oblivion.esm,QUST,00017606,MS14,CNAM,2,30,0,"Tivela told me that Rythe had been locked in his studio to work on his latest painting. He usually comes out to eat and sleep, but hadn't done so for more than a day. When she went in to investigate, he was gone. The odd thing was that the study door was still locked. Tivela gave me the key to Rythe's study. If I intend to find him, that's where I should start.","티벨라는 라이스가 그의 최근 작품을 그리기 위해 작업실에서 문을 잠근 채로 있었다고 말했다. 그는 보통 먹거나 자기 위해 나오는데, 하루 이상을 그렇게 하지는 않았다고 한다. 그녀가 알아보기 위해 들어갔을 때는, 이미 그가 없었다. 이상한 것은 작업실 문은 여전히 잠겨 있었다는 것이다. 티벨라는 라이스의 작업실 열쇠를 주었다. 만일 내가 그를 찾을 작정이라면, 그곳에서 시작해야할 것이다.",record,False,False,False,False,,
Oblivion.esm,QUST,00017606,MS14,CNAM,3,35,0,"I've declined to help Tivela locate her husband, but she said she'd be here if I change my mind.","나는 티벨라의 남편 찾기를 돕지 않기로 했지만, 그녀는 내가 마음이 바뀌면 다시 말해달라고 했다.",record,False,False,False,False,,
Oblivion.esm,QUST,00017606,MS14,CNAM,4,38,0,"I've reconsidered and decided to help Tivela locate Rythe. She gave me the key to his studio.  If I intend to find her husband, that would be the best place to start.","마음을 바꾸어 티벨라가 라이스를 찾는 것을 돕기로 했다. 그녀는 내게 그의 작업실 열쇠를 주었다. 만일 내가 그를 찾을 작정이라면, 그곳에서 시작해야할 것이다.",record,False,False,False,False,,
Oblivion.esm,QUST,00017606,MS14,CNAM,5,40,0,"After touching the painting Rythe had been working on, I suddenly found myself standing in a strange forest. It looks familiar, like the Great Forest in the heart of Cyrodiil, but something is different about it.","라이스가 그리던 그림을 건드린 후, 나는 갑자기 내가 이상한 숲에 서 있는 것을 발견하였다. 숲은 낯익어서, 마치 이곳 시로딜의 심장부에 있는 대삼림과 비슷하지만, 뭔가가 달랐다.",record,False,False,False,False,,
Oblivion.esm,QUST,00017606,MS14,CNAM,6,50,0,"I've located Rythe Lythandas. He was standing in this strange forest, seemingly waiting for someone to rescue him. He blames his predicament on a thief. I should continue speaking with Rythe to find out more.","라이스 리탄다스를 찾았다. 그는 이 이상한 숲에서, 누군가가 그를 구하러 오기를 기다리는 것처럼 서 있었다. 그는 그의 곤경을 도둑의 탓으로 돌렸다. 라이스와 계속 대화해서 더 알아내야 한다.",record,False,False,False,False,,
Oblivion.esm,QUST,00017606,MS14,CNAM,7,55,0,"I've learned that a thief broke into Rythe's studio and stole his Brush of Truepaint. Using the artifact, he escaped into the painting. He then painted trolls to protect himself, but they turned on their creator and killed him. Now the Brush is on the thief's body, and we can't leave without it. I should take my leave of Rythe for now and begin exploring this surreal forest.","도둑이 라이스의 작업실에 침입하여 그의 진정한 그림의 붓을 훔쳤다는 것을 알게 되었다. 그 마법 물품을 이용하여, 그는 그림 속으로 탈출했다. 그리고 나서 그는 스스로를 보호하기 위해 트롤을 그렸으나, 그것들은 그들의 창조자에게로 관심을 돌려 그를 죽였다. 이제 그 붓은 도둑의 몸에 있고, 우리는 그것이 없이는 탈출할 수 없다. 우선 라이스를 떠나 이 초현실적인 숲 탐색을 시작해야겠다.",record,False,False,False,False,,
Oblivion.esm,QUST,00017606,MS14,CNAM,8,60,0,I've located the thief's corpse. I should now search it for the Brush of Truepaint.,도둑의 시체를 찾았다. 이제 시체에서 진정한 그림의 붓을 찾아야겠다.,record,False,False,False,False,,
Oblivion.esm,QUST,00017606,MS14,CNAM,9,70,0,"I've retrieved the Brush of Truepaint. I should go back and return it to Rythe, so together we can leave this strange landscape.","진정한 그림의 붓을 회수했다. 우리가 함께 이 이상한 풍경을 떠날 수 있도록, 이제 돌아가서 붓을 라이스에게 돌려주어야 한다.",record,False,False,False,False,,
Oblivion.esm,QUST,00017606,MS14,CNAM,10,72,0,I've given the Brush of Truepaint to Rythe. He said he could paint an exit and beckoned me to follow him. I should do so.,"진정한 그림의 붓을 라이스에게 주었다. 그는 출구를 그릴 수 있다고 말했고, 내게 따라오라고 손짓했다. 그렇게 해야겠다.",record,False,False,False,False,,
Oblivion.esm,QUST,00017606,MS14,CNAM,11,75,0,Rythe used the Brush of Truepaint to paint a door back to his studio. I should now step through and return back to Tamriel.,라이스는 진정한 그림의 붓을 사용하여 그의 작업실로 돌아가는 문을 만들었다. 이제 걸어 들어가서 탐리엘로 돌아가야 한다.,record,False,False,False,False,,
Oblivion.esm,QUST,00017606,MS14,CNAM,12,80,0,"We've arrived back in Rythe's home. The painting is now sealed, and Rythe is safe. I should speak to him when I have a moment.","라이스의 집으로 귀환했다. 그림은 이제 봉인되었고, 라이스는 무사하다. 나는 시간날 때 그에게 말을 걸어야 한다.",record,False,False,False,False,,
Oblivion.esm,QUST,00017606,MS14,CNAM,13,100,0,"As a reward for getting him home safely with the Brush of Truepaint, Rythe presented me with a fitting reward; his Apron of Adroitness.","진정한 그림의 붓과 함께 그를 안전하게 집으로 데려온 보상으로, 라이스는 내게 꼭 맞는 상인 손재주의 앞치마를 선물했다.",record,False,False,False,False,,
Oblivion.esm,QUST,00017606,MS14,CNAM,14,200,0,One of the characters needed to complete this quest has died.,이 퀘스트를 완수하는데 필요한 인물 중 하나가 죽었다.,record,False,False,False,False,,
Oblivion.esm,QUST,000165E6,TGInfo,FULL,0,,,Thieves Guild Rules & Information,도둑 길드의 법칙과 정보(Thieves Guild Rules & Information),record,True,True,False,False,HIGH,"Thieves, Guild, Rules, Information"
Oblivion.esm,QUST,00015DBB,NQDBeggars,FULL,0,,,Beggars,거지(Beggars),record,True,True,False,False,HIGH,Beggars
Oblivion.esm,QUST,000146B0,DAMolagBal,FULL,0,,,Molag Bal,몰라그 발,record,False,False,False,False,,
Oblivion.esm,QUST,000146B0,DAMolagBal,CNAM,0,10,0,"Molag Bal's follower has told me that, in order to summon the Daedra, I must present an offering of a lion pelt to the statue. [You must be level 17 to begin this quest.]",몰라그 발,record,False,False,False,False,,
Oblivion.esm,QUST,000146B0,DAMolagBal,CNAM,1,20,0,"Molag Bal has spoken to me, and wishes me to help him corrupt Melus Petilius, by forcing him to kill me with the Cursed Mace. I should travel to Brindle Home and see what I can find.",몰라그 발이 멜루스 페틸리우스가 저주받은 철퇴로 날 죽이도록 만들어서 그를 타락시키라고 부탁했다. 일단 얼룩무늬 집으로 가서 어떻게 해야할지 살펴봐야겠다.,record,False,False,False,False,,
Oblivion.esm,QUST,000146B0,DAMolagBal,CNAM,2,30,0,"I have spoken to a resident of Brindle Home, who tells me that Petilius has lived in a small house outside of town since the death of his wife.","얼룩무니 집에 거주하는 주민과 이야기하자, 페틸리우스는 부인이 죽은 후 마을 바깥의 작은 집으로 옮겨 가 살고 있다고 말해주었다.",record,False,False,False,False,,
Oblivion.esm,QUST,000146B0,DAMolagBal,CNAM,3,40,0,I have learned that Petilius visits the grave of his wife every day.,페틸리우스가 매일 부인의 묘에 들른다는 것을 알아냈다.,record,False,False,False,False,,
Oblivion.esm,QUST,000146B0,DAMolagBal,CNAM,4,50,0,"Although I tried to goad Petilius into fighting me, he would not. Perhaps I will have to try when he is in a different state of mind.","선한 페틸리우스를 도발해 보았지만, 싸우지 않았다. 아무래도 그의 기분에 변화가 생길 때 다시 시도해 봐야겠다.",record,False,False,False,False,,
Oblivion.esm,QUST,000146B0,DAMolagBal,CNAM,5,60,0,"I have goaded Melus Petilus into attacking me, but not with the Cursed Mace. I have been transported back to Molag Bal's shrine.","멜루스 페틸리우스의 도발에 성공했지만, 저주받은 철퇴로 하지는 않았다. 나는 몰라그 발 성지로 소환되었다.",record,False,False,False,False,,
Oblivion.esm,QUST,000146B0,DAMolagBal,CNAM,6,60,1,I have goaded Melus Petilius into attacking me with the Cursed Mace. I have been transported back to the Shrine of Molag Bal.,멜루스 페틸리우스가 저주받은 철퇴를 가지고 덤벼들게 하는데 성공했다. 나는 몰라그 발 성지로 소환되었다.,record,False,False,False,False,,
Oblivion.esm,QUST,000146B0,DAMolagBal,CNAM,7,100,0,Molag Bal was pleased that I was able to corrupt the paladin. He has rewarded me with the Mace of Molag Bal.,"몰라그 발은 내가 고결한 기사를 타락시킨데 대해 기뻐하며, 몰라그 발의 철퇴를 보상으로 주었다.",record,False,False,False,False,,
Oblivion.esm,QUST,000146B0,DAMolagBal,CNAM,8,105,0,"I allowed Petilius to kill me, but he did not use the Cursed Mace. I have failed in the task given to me by Molag Bal.","페틸리우스가 나를 죽이게 놔뒀지만, 저주받은 철퇴로 죽이게 하지 못했다. 몰라그 발이 준 임무가 실패로 돌아갔다.",record,False,False,False,False,,
Oblivion.esm,QUST,000146B0,DAMolagBal,CNAM,9,110,0,"Melus Petiliusis dead, so I cannot complete the task given to me by Molag Bal.",멜루스 페틸리우스(Melus Petilius)가 죽어서 더 이상 이 임무를 진행할 수 없게 되었다.,record,True,True,False,False,HIGH,"Melus, Petilius"
Oblivion.esm,QUST,000146AF,DAHermaeusMora,FULL,0,,,Hermaeus Mora,헤르메스 모라(Hermaeus Mora),record,True,True,False,False,HIGH,"Hermaeus, Mora"
Oblivion.esm,QUST,000146AF,DAHermaeusMora,CNAM,0,10,0,A man has told me that Hermaeus Mora wishes for me to visit his shrine.,허매이어스 모라는 그의 성지를 방문하기를 바란다고 내게 말했다.,record,False,False,False,False,,
Oblivion.esm,QUST,000146AF,DAHermaeusMora,CNAM,1,20,0,"Hermaeus Mora wishes for me to gather for him ten souls, one of each of the races.",허매이어스 모라는 각각의 경주에서 그를 위해 영혼을 모아줄 것을 바라고 있다.,record,False,False,False,False,,
Oblivion.esm,QUST,000146AF,DAHermaeusMora,CNAM,2,30,0,I've captured the soul of an Argonian.,아르고니안의 영혼을 찾았다,record,False,False,False,False,,
Oblivion.esm,QUST,000146AF,DAHermaeusMora,CNAM,3,31,0,I've captured the soul of a Breton.,브리튼 종족의 영혼을 찾았다.,record,False,False,False,False,,
Oblivion.esm,QUST,000146AF,DAHermaeusMora,CNAM,4,32,0,I've captured the soul of a Bosmer.,보스머 종족의 영혼을 찾았다.,record,False,False,False,False,,
Oblivion.esm,QUST,000146AF,DAHermaeusMora,CNAM,5,33,0,I've captured the soul of an Imperial.,임페리얼 종족의 영혼을 찾았다.,record,False,False,False,False,,
Oblivion.esm,QUST,000146AF,DAHermaeusMora,CNAM,6,34,0,I've captured the soul of a Khajiit.,카짓 종족의 영혼을 찾았다.,record,False,False,False,False,,
Oblivion.esm,QUST,000146AF,DAHermaeusMora,CNAM,7,35,0,I've captured the soul of a Dunmer.,던머 종족의 영혼을 찾았다.,record,False,False,False,False,,
Oblivion.esm,QUST,000146AF,DAHermaeusMora,CNAM,8,36,0,I've captured the soul of an Altmer.,알트머 종족의 영혼을 찾았다.,record,False,False,False,False,,
Oblivion.esm,QUST,000146AF,DAHermaeusMora,CNAM,9,37,0,I've captured the soul of a Nord.,노드 종족의 영혼을 찾았다.,record,False,False,False,False,,
Oblivion.esm,QUST,000146AF,DAHermaeusMora,CNAM,10,38,0,I've captured the soul of a Redguard.,레드가드 종족의 영혼을 찾았다.,record,False,False,False,False,,
Oblivion.esm,QUST,000146AF,DAHermaeusMora,CNAM,11,39,0,I've captured the soul of an Orc.,오크 종족의 영혼을 찾았다.,record,False,False,False,False,,
Oblivion.esm,QUST,000146AF,DAHermaeusMora,CNAM,12,40,0,I have gathered a soul from each of the ten races for Hermaeus Mora. I should return to his shrine.,각각의 10번의 경주에서 허매이어스 모라를 위해 영혼을 모았다. 그의 성지으로 돌아가야 한다.,record,False,False,False,False,,
Oblivion.esm,QUST,000146AF,DAHermaeusMora,CNAM,13,100,0,Hermaeus Mora was pleased with the souls I brought him. He has rewarded me with the Oghma Infinium. ,허매이어스 모라는 내가 가져다 준 영혼에 대해 기뻐했다... 그는 나에게 오그마 인피니움을 보상품으로 주었다 ,record,False,False,False,False,,
Oblivion.esm,QUST,000146AE,DAVaermina,FULL,0,,,Vaermina,베르미나,record,False,False,False,False,,
Oblivion.esm,QUST,000146AE,DAVaermina,CNAM,0,10,0,Vaermina's followers have told me that an offering of a black soul gem is needed in order to summon the Daedra. [You must be level 5 to begin this quest.],베르미나,record,False,False,False,False,,
Oblivion.esm,QUST,000146AE,DAVaermina,CNAM,1,20,0,"After I left an offering of a black soul gem, Vaermina's followers summoned the Daedra, who spoke to me. Vaermina told me of an Orb that had been stolen by the wizard Arkved. I am to travel to his tower, retrieve the Orb, and bring it back to Vaermina.","검은 소울젬을 제물로 바치자, 나에게 말을 한 데이드라를 베르미나 추종자들이 소환했다. 베르미나는 마법사 아크베드가 훔쳐간 보주에 대해 말했다. 나는 그의 탑으로 가서 보주를 회수하여 베르미나에게 돌려주어야 한다.",record,False,False,False,False,,
Oblivion.esm,QUST,000146AE,DAVaermina,CNAM,2,30,0,I have retrieved the Orb of Vaermina. I should now return it to the Shrine.,베르미나의 보주를 회수했다. 나는 성소로 돌아가야 한다.,record,False,False,False,False,,
Oblivion.esm,QUST,000146AE,DAVaermina,CNAM,3,100,0,Vaermina was pleased that I returned the Orb of Vaermina. I have been rewarded with the Skull of Corruption.,베르미나는 자신의 보주를 가져온데 대해 매우 기뻐했다. 그리고 타락의 두개골을 보상으로 주었다.,record,False,False,False,False,,
Oblivion.esm,QUST,000146AD,DASheogorath,FULL,0,,,Sheogorath,셰오고라스,record,False,False,False,False,,
Oblivion.esm,QUST,000146AD,DASheogorath,CNAM,0,10,0,Sheogorath's followers have told me to speak with Ferul Ravel if I wish to have the Daedra summoned. [You must be level 2 to begin this quest.],셰오고라스,record,False,False,False,False,,
Oblivion.esm,QUST,000146AD,DASheogorath,CNAM,1,20,0,"Ferul Ravel has told me I'll need a lesser soul gem, a head of lettuce, and some yarn as an offering at the statue of Sheogorath.","페룰 라벨은 셰오고라스 조각상에 바칠 공물로 하급 소울젬, 양상추, 그리고 실타래가 각각 하나씩 필요하다고 말해주었다.",record,False,False,False,False,,
Oblivion.esm,QUST,000146AD,DASheogorath,CNAM,2,30,0,"After I left the requested items at the Shrine, Haskill spoke to me. He told me of the settlement of Border Watch. I am to simulate a prophecy by committing two acts. I should speak to the shaman in the settlement to learn about the K'Sharra prophecy.","성소에 가져온 공물들을 두자, 하스킬이 말을 걸어왔다. 그는 나에게 보더 워치 마을에 가라고 말해주었다. 난 거기서 두 가지 일을 하여 예언이 이루어지는 것처럼 보이게 해야 한다. 우선 마을의 주술사에게 가서 크'샤라 예언에 대해 물어보자.",record,False,False,False,False,,
Oblivion.esm,QUST,000146AD,DASheogorath,CNAM,3,30,1,"After I left the requested items at the Shrine, Sheogorath spoke to me. He told me of the settlement of Border Watch. I am to simulate a prophecy by committing two acts. I should speak to the shaman in the settlement to learn about the K'Sharra prophecy.","성소에 가져온 공물들을 두자, 셰오고라스가 말을 걸어왔다. 그는 나에게 보더 워치 마을에 가라고 말해주었다. 난 거기서 두 가지 일을 하여 예언이 이루어지는 것처럼 보이게 해야 한다. 우선 마을의 주술사에게 가서 크'샤라 예언에 대해 물어보자.",record,False,False,False,False,,
Oblivion.esm,QUST,000146AD,DASheogorath,CNAM,4,40,0,"The shaman Ri'bassa has told me of the K'Sharra Prophecy. The first sign is vermin infestation. The second sign is plague, and all the livestock are supposed to die. I will need to find a way first to create an infestation of vermin.",리바사(Ri'bassa)가 엄청난 치즈 컬렉션에 있는 보더 워치 여관(Border Watch Inn)에서 머무는게 어떻냐고 물었다.,record,True,True,False,False,HIGH,"Ri'bassa, Border, Watch, Inn"
Oblivion.esm,QUST,000146AD,DASheogorath,CNAM,5,45,0,"Ri'bassa has suggested I stay at the Border Watch Inn, which apparently has a large collection of cheeses.",올로이 치즈(Olroy Cheese)를 냄비에 넣었다. 냄새가 엄청나다.,record,True,True,False,False,HIGH,"Olroy, Cheese"
Oblivion.esm,QUST,000146AD,DASheogorath,CNAM,6,47,0,I've placed the Olroy Cheese into the cooking pot. The smell coming from it is astounding.,올로이 치즈를 요리 냄비에 넣었다. 냄새가 엄청나다.,record,False,False,False,False,,
Oblivion.esm,QUST,000146AD,DASheogorath,CNAM,7,50,0,I have used cheese to lure many rats into Border Watch. I should speak with Ri'bassa to see if he believes this to be part of the prophecy.,보더 워치(Border Watch)의 모든 가축들을 죽였다.,record,True,True,False,False,HIGH,"Border, Watch"
Oblivion.esm,QUST,000146AD,DASheogorath,CNAM,8,60,0,I have killed all the livestock in Border Watch.,보더 워치의 모든 가축들을 죽였다.,record,False,False,False,False,,
Oblivion.esm,QUST,000146AD,DASheogorath,CNAM,9,60,1,I have poisoned the grain supply in the town of Border Watch. This has killed all the livestock.,보더 워치의 가축용 곡물들에 독을 뿌렸다. 덕분에 모든 가축들이 죽었다.,record,False,False,False,False,,
Oblivion.esm,QUST,000146AD,DASheogorath,CNAM,10,65,0,Haskill has congratulated me for simulating the first two signs of the K'Sharra Prophecy. I am to go to the center of town to await the final sign.,하스킬이 크'샤라 예언의 처음 두 징조들을 재현해 낸 것을 축하해 주었다. 이제 마을 한 가운데로 가서 마지막 징조가 나타나길 기다려야 한다.,record,False,False,False,False,,
Oblivion.esm,QUST,000146AD,DASheogorath,CNAM,11,65,1,Sheogorath has congratulated me for simulating the first two signs of the K'Sharra Prophecy. I am to go to the center of town to await the final sign.,셰오고라스가 크'샤라 예언의 처음 두 징조들을 재현해 낸 것에 대해 칭찬해 주었다. 이제 마을 한 가운데로 가서 마지막 징조가 나타나길 기다려야 한다.,record,False,False,False,False,,
Oblivion.esm,QUST,000146AD,DASheogorath,CNAM,12,70,0,I have witnessed the Plague of Fear. I should return to the Shrine.,공포의 도가니로 사람들을 몰아넣는 것을 지켜보았다. 이제 성소로 돌아가야한다.,record,False,False,False,False,,
Oblivion.esm,QUST,000146AD,DASheogorath,CNAM,13,70,1,I have witnessed Sheogorath create the Plague of Fear. I should return to the Shrine.,셰오고라스가 공포의 도가니로 사람들을 몰아넣는 것을 지켜보았다. 이제 성소로 돌아가야 한다.,record,False,False,False,False,,
Oblivion.esm,QUST,000146AD,DASheogorath,CNAM,14,100,0,Haskill has rewarded me for my efforts by giving me Wabbajack. ,하스킬은 내 노력에 대한 보상으로 나에게 와바잭을 주었다.,record,False,False,False,False,,
Oblivion.esm,QUST,000146AD,DASheogorath,CNAM,15,100,1,Sheogorath has rewarded me for my efforts by giving me Wabbajack. ,셰오고라스는 노력에 대한 보상으로 나에게 와바잭을 상으로 주었다.,record,False,False,False,False,,
Oblivion.esm,QUST,000146AC,DASanguine,FULL,0,,,Sanguine,생귄,record,False,False,False,False,,
Oblivion.esm,QUST,000146AC,DASanguine,CNAM,0,10,0,"The follower of Sanguine have told me that, in order to summon the Daedra, I will need to leave an offering of Cyrodilic Brandy at the statue. [You must be level 8 to begin this quest.]",생귄(Sanguine)의 추종자들이 데이드라를 소환하기 위해서 시로딜산 와인(Cyrodilic Brandy) 하나를 동상에 바쳐야 한다고 말해주었다. [이 퀘스트를 하기 위해서는 레벨 8이 되어야 한다],record,True,True,False,False,HIGH,"Sanguine, Cyrodilic, Brandy"
Oblivion.esm,QUST,000146AC,DASanguine,CNAM,1,20,0,"After I provided the offering to Sanguine, the Daedra Prince spoke to me. Sanguine believes that the Countess of Leyawiin is too stuffy, and wants me to do something about it. She will be hosting a dinner party tomorrow, and I am to sneak into the castle undetected and cast the spell of Stark Reality on her.","생귄에게 공물을 바치자, 데이드라 군주가 나에게 말을 걸었다. 생귄이 말하길 레이야윈 백작 부인은 너무 고리타분하다면서, 어떤 조치를 취하길 요구했다. 백작 부인은 내일 저녁에 파티를 주최할 예정이라고 하니 성에 몰래 숨어 들어가 '가혹한 현실' 마법을 그녀에게 걸어야 한다.",record,False,False,False,False,,
Oblivion.esm,QUST,000146AC,DASanguine,CNAM,2,25,0,I have convinced the guard to let me into the Countess Caro's dinner party.,경비병에게 카로 백작 부인의 저녁 식사 파티에 초대되었다고 설득하는데 성공했다.,record,False,False,False,False,,
Oblivion.esm,QUST,000146AC,DASanguine,CNAM,3,30,0,I have succeeded in casting the Stark Reality spell on the Countess of Leyawiin and her company. I should return to the Shrine of Sanguine.,카로 백작 부인과 다른 손님들에게 '가혹한 현실' 마법을 거는데 성공했다. 이제 생귄 성소로 돌아가자.,record,False,False,False,False,,
Oblivion.esm,QUST,000146AC,DASanguine,CNAM,4,90,0,I was detected while attempting to cast the spell of Stark Reality on the Countess of Leyawiin and her guests. I should return to the Shrine of Sanguine.,카로 백작 부인과 다른 손님들에게 '가혹한 현실' 마법을 사용하다가 들키고 말았다. 이제 생귄 성지로 돌아가자.,record,False,False,False,False,,
Oblivion.esm,QUST,000146AC,DASanguine,CNAM,5,100,0,Sanguine was pleased with my efforts. He has given me the Sanguine Rose as a reward. I may retrieve my belongings in the nearby chest.,생귄은 나의 노력을 치하하며 생귄의 장미를 상으로 주었다. 이제 근처 상자에서 내 소지품들을 가져갈 수 있게 되었다.,record,False,False,False,False,,
Oblivion.esm,QUST,000146AC,DASanguine,CNAM,6,105,0,"I failed to affect all the guests with the Stark Reality spell. The spell has worn off, and my items have been returned to me, but I have failed my quest for Sanguine.",모든 손님들에게 '가혹한 현실' 마법을 거는데 실패하였다. 마법이 풀리면서 내 물건들이 다시 돌아오긴 했지만 생귄의 요청은 실패하고 말았다.,record,False,False,False,False,,
Oblivion.esm,QUST,000146AB,DAPeryite,FULL,0,,,Peryite,페리어트(Peryite),record,True,True,False,False,HIGH,Peryite
Oblivion.esm,QUST,000146AB,DAPeryite,CNAM,0,10,0,"I have found the Shrine to Peryite, but something is wrong with his worshippers. They seem frozen in time, mindless. None move or speak. [You must be level 10 to begin this quest.]","페라이트(Peryte) 성지를 찾았지만, 그의 추종자들에게 뭔가 문제가 있는 듯 하다. 마치 정신이 나간 채 영원히 얼어버린 듯 하다. 아무도 움직이거나 말하지 않는다. [이 퀘스트를 하기 위해서는 레벨 2이 되어야 한다]",record,True,True,False,False,HIGH,Peryte
Oblivion.esm,QUST,000146AB,DAPeryite,CNAM,1,20,0,"Peryite has told me that five of his followers, in an attempt to get closer to Him, have transported their souls to a plane of Oblivion. The Daedra would like me to travel there and carry their souls back to this world. I should approach the statue again when I am prepared to go.",페라이트(Peryite)는 그의 추종자들 중 5명이 그와 더 가까워 지려는 마음에서 그들의 영혼을 오블리비언 차원으로 보내버렸다고 했다. 그는 나에게 그곳으로 가 추종자들의 영혼을 다시 가져오기를 부탁했다. 갈 준비가 되면 다시 동상으로 가면 된다.,record,True,True,False,False,HIGH,Peryite
Oblivion.esm,QUST,000146AB,DAPeryite,CNAM,2,30,0,I have captured the soul of Kewan.,케완(Kewan)의 영혼을 찾았다.,record,True,True,False,False,HIGH,Kewan
Oblivion.esm,QUST,000146AB,DAPeryite,CNAM,3,40,0,I have captured the soul of Maren the Seal.,마렌(Maren the Seal)의 영혼을 찾았다.,record,True,True,False,False,HIGH,"Maren, the, Seal"
Oblivion.esm,QUST,000146AB,DAPeryite,CNAM,4,50,0,I have captured the soul of Ilvel Romayn.,일벨 로메인(Ilvel Romayn)의 영혼을 찾았다.,record,True,True,False,False,HIGH,"Ilvel, Romayn"
Oblivion.esm,QUST,000146AB,DAPeryite,CNAM,5,60,0,I have captured the soul of Mirie.,미리에(Mirie)의 영혼을 찾았다.,record,True,True,False,False,HIGH,Mirie
Oblivion.esm,QUST,000146AB,DAPeryite,CNAM,6,70,0,I have captured the soul of Er-Teeus.,얼-티스(Er-Teeus)의 영혼을 찾았다.,record,True,True,False,False,HIGH,Er-Teeus
Oblivion.esm,QUST,000146AB,DAPeryite,CNAM,7,80,0,I have found all of the souls of Peryite's followers lost in Oblivion. Peryite was to open a gate for me when they were found. I should head back to where I entered this realm.,오블리비언으로 사라진 페라이트(Peryite) 추종자들의 영혼을 모두 찾아냈다. 이들을 모두 찾으면 페라이트(Peryite)가 출구를 열어주기로 했었다. 처음 이곳으로 들어왔던 장소로 돌아가자.,record,True,True,False,False,HIGH,"Peryite, Peryite"
Oblivion.esm,QUST,000146AB,DAPeryite,CNAM,8,90,0,"I have returned to the mortal realm, and the souls of Peryite's followers have gone back to their bodies. I should speak with the Daedra again.",원래 세계로 돌아오자 페라이트(Peryite) 추종자들의 영혼이 그들의 몸으로 돌아갔다. 다시 데이드라와 이야기해야 한다.,record,True,True,False,False,HIGH,Peryite
Oblivion.esm,QUST,000146AB,DAPeryite,CNAM,9,100,0,Peryite was grateful for my help. He has given me Spell Breaker as a reward.,페리아이트(Peryite)는 내 도움에 감사를 표했다. 그는 내게 보상으로 스펠 브레이커(Spell Breaker)를 주었다.,record,True,True,False,False,HIGH,"Peryite, Spell, Breaker"
Oblivion.esm,QUST,000146AA,DANocturnal,FULL,0,,,Nocturnal,녹터널(Nocturnal),record,True,True,False,False,HIGH,Nocturnal
Oblivion.esm,QUST,000146AA,DANocturnal,CNAM,0,10,0,I have found the Shrine to Nocturnal and spoken with her followers. They have agreed to allow me to speak to the Daedra. I may approach the statue. [You must be level 10 to begin this quest.],녹터널(Nocturnal) 성지를 찾아 그녀의 추종자들과 이야기했다. 모두 내가 데이드라와 말하는 것을 허락해주었다. 이제 동상에 가까이 다가갈 수 있다. [이 퀘스트를 하기 위해서는 레벨 10이 되어야 한다],record,True,True,False,False,HIGH,Nocturnal
Oblivion.esm,QUST,000146AA,DANocturnal,CNAM,1,20,0,"When summoned, Nocturnal spoke to me of the Eye of Nocturnal, which has been stolen. The Daedra believes the thieves to be in Leyawiin. I am to go there, find the thieves, and return the Eye to the shrine.",녹터널(Nocturnal)이 나타나 나에게 녹터널의 눈(Eye of Nocturnal)을 도둑맞았다고 말해주었다. 데이드라가 말하길 도둑은 레이어윈에 있다고 한다. 이제 그곳에 가서 도둑들을 찾아내고 눈을 다시 성지로 가져와야 한다.,record,True,True,False,False,HIGH,"Nocturnal, Eye, of, Nocturnal"
Oblivion.esm,QUST,000146AA,DANocturnal,CNAM,2,30,0,"I have been told that Weebam-Na and Bejeen were recently heard talking about a valuable jewel they had found, and how it would make them wealthy.",최근 위밤나(Weebam-Na)와 베진(Bejeen)이 그들이 찾아낸 값비싼 보석과 이제 부자가 되었다고 떠들고 다닌다는 이야길 들었다.,record,True,True,False,False,HIGH,"Weebam-Na, Bejeen"
Oblivion.esm,QUST,000146AA,DANocturnal,CNAM,3,35,0,"Weebam-Na is dead, so I can't learn where he has hidden the Eye of Nocturnal... except by searching every dark, wet place in the world.",위밤나(Weebam-Na)가 죽어서 더 이상 녹터널의 눈(Eye of Nocturnal)에 대해 알 수 없게 되었다...이제 전세계의 어둡고 축축한 장소를 닥치는대로 뒤지는 수밖에...,record,True,True,False,False,HIGH,"Weebam-Na, Eye, of, Nocturnal"
Oblivion.esm,QUST,000146AA,DANocturnal,CNAM,4,36,0,"Bejeen is dead, so I can't learn where she has hidden the Eye of Nocturnal... except by searching every dark, wet place in the world.",베진(Bejeen)이 죽어서 더 이상 녹터널의 눈(Eye of Nocturnal)에 대해 알 수 없게 되었다...이제 전세계의 어둡고 축축한 장소를 닥치는대로 뒤지는 수밖에...,record,True,True,False,False,HIGH,"Bejeen, Eye, of, Nocturnal"
Oblivion.esm,QUST,000146AA,DANocturnal,CNAM,5,40,0,"Weebam-Na denies knowing anything about the Eye of Nocturnal, and tells me Bejeen knows nothing, either. Perhaps I should try to listen in on their conversations, and see if they offer any clues.",위밤나(Weebam-Na)는 녹터널의 눈(Eye of Nocturnal)에 대해 모른다고 주장하면서 베진(Bejeen) 역시 아무것도 모른다고 말해주었다. 아무래도 그들끼리 하는 이야기를 들어보고 혹시 실마리가 없을까 알아봐야겠다.,record,True,True,False,False,HIGH,"Weebam-Na, Eye, of, Nocturnal, Bejeen"
Oblivion.esm,QUST,000146AA,DANocturnal,CNAM,6,45,0,"Bejeen denies knowing anything about the Eye of Nocturnal, and tells me Weebam-Na knows nothing, either. Perhaps I should try to listen in on their conversations, and see if they offer any clues.",베진(Bejeen)은 녹터널의 눈(Eye of Nocturnal)에 대해 모른다고 주장하면서 위밤나(Weebam-Na) 역시 아무것도 모른다고 말해주었다. 아무래도 그들끼리 하는 이야기를 들어보고 혹시 실마리가 없을까 알아봐야겠다.,record,True,True,False,False,HIGH,"Bejeen, Eye, of, Nocturnal, Weebam-Na"
Oblivion.esm,QUST,000146AA,DANocturnal,CNAM,7,48,0,"I overheard Bejeen and Weebam-Na talking, but they stopped when they realized I was there. I must eavesdrop on them without being detected.","베진(Bejeen)과 위밤나(Weebam-na)가 말하는 것을 엿들으려고 했지만, 내가 있는 것을 눈치채자 입을 다물어버렸다. 들키지 않고 몰래 훔쳐 듣는 것이 좋겠다.",record,True,True,False,False,HIGH,"Bejeen, Weebam-na"
Oblivion.esm,QUST,000146AA,DANocturnal,CNAM,8,50,0,"I overheard Bejeen and Weebam-Na speaking of Tidewater Cave, and the treasure they've hidden there. I should investigate the cave.",베진(Bejeen)과 위밤나(Weebam-Na)가 타이드워터 동굴(Tidewater Cave)에 보물이 숨겨져 있다고 말하는 것을 훔쳐들었다. 이제 동굴을 조사해봐야한다.,record,True,True,False,False,HIGH,"Bejeen, Weebam-Na, Tidewater, Cave"
Oblivion.esm,QUST,000146AA,DANocturnal,CNAM,9,55,0,Weebam-Na suspects I have been eavesdropping on his conversations. I must get to Tidewater Cave and look for the Eye of Nocturnal.,위밤나(Weebam-Na)가 내가 대화를 훔쳐들었다고 의심하고 있다. 타이드워터 동굴(Tidewater Cave)에 가서 녹터널의 눈(Eye of Nocturnal)을 찾아보자.,record,True,True,False,False,HIGH,"Weebam-Na, Tidewater, Cave, Eye, of, Nocturnal"
Oblivion.esm,QUST,000146AA,DANocturnal,CNAM,10,60,0,I've found the Eye of Nocturnal. I should return to the Shrine.,녹터널의 눈(Eye of Nocturnal)을 찾아냈다. 이제 성지로 돌아가자.,record,True,True,False,False,HIGH,"Eye, of, Nocturnal"
Oblivion.esm,QUST,000146AA,DANocturnal,CNAM,11,100,0,Nocturnal was pleased that I have returned the Eye of Nocturnal. I have been rewarded with the Skeleton Key.,녹터널(Nocturnal)은 내가 녹터널의 눈(Eye of Nocturnal)을 찾아온 것을 치하하며 상으로 만능열쇠(Skeleton Key)를 주었다.,record,True,True,False,False,HIGH,"Nocturnal, Eye, of, Nocturnal, Skeleton, Key"
Oblivion.esm,QUST,000146A9,DANamira,FULL,0,,,Namira,나미라,record,False,False,False,False,,
Oblivion.esm,QUST,000146A9,DANamira,CNAM,0,10,0,"I have learned from the followers of Namira, that they will only summon the Daedra for someone repulsive. If I am to get their help, I will need to make my self less attractive to others. [You must be level 5 to begin this quest.]","나미라(Namira)의 추종자들이 말하길 데이드라는 역겨운 사람만이 소환할 수 있다고 한다. 만일 이들의 도움을 받으려면, 우선 내 자신을 덜 매력적으로 만들어야 한다. [이 퀘스트를 하기 위해서는 레벨 5이 되어야 한다]",record,True,True,False,False,HIGH,Namira
Oblivion.esm,QUST,000146A9,DANamira,CNAM,1,20,0,The followers of Namira have decided that I am repulsive enough to summon the Daedra. I may now approach the statue.,나미라의 추종자들은 내가 데이드라를 소환할 정도로 충분히 역겹다고 판단했다. 이제 조각상에 다가갈 수 있다.,record,False,False,False,False,,
Oblivion.esm,QUST,000146A9,DANamira,CNAM,2,30,0,"When summoned, Namira spoke to me about the Forgotten, a group of fanatical worshippers that lives in the darkness of Anga. Some priests of Arkay are planning to bring light to Anga and ""save"" the Forgotten Ones. I am to use the spell that Namira has given me on the priests, and let the Forgotten Ones finish them off.","나미라가 나타나 나에게 앙가의 어둠 속에 살고 있는 '잊힌 자들'이라는 광신도 집단에 대해 말해주면서, 아케이의 사제들이 앙가에 빛을 내려 이 잊힌 자들을 ""구할"" 계획을 세우고 있다고 한다. 이제 나미라가 나에게 준 마법을 이 아케이 사제들에게 걸어 잊힌 자들이 그들을 끝장낼 수 있도록 도와줘야 한다.",record,False,False,False,False,,
Oblivion.esm,QUST,000146A9,DANamira,CNAM,3,40,0,All of the priests of Arkay are dead. I should return to the shrine.,모든 아케이의 사제들이 죽었다. 이제 성소로 돌아가자.,record,False,False,False,False,,
Oblivion.esm,QUST,000146A9,DANamira,CNAM,4,100,0,Namira appreciated my efforts. I have been rewarded with the Ring of Namira.,"나미라는 내 공로에 감사해 하며, 나미라의 반지를 주었다.",record,False,False,False,False,,
Oblivion.esm,QUST,000146A9,DANamira,CNAM,5,105,0,"I have killed one of the priests of Arkay, though I was to allow Namira's Forgotten to do it. I have failed in the task set out by Namira.","잊힌 자들이 사제들을 죽이긴 했지만, 나도 사제 한 명을 죽이고 말았다. 나미라가 나에게 준 임무는 실패로 돌아갔다.",record,False,False,False,False,,
Oblivion.esm,QUST,000146A9,DANamira,CNAM,6,110,0,I have killed one of Namira's Forgotten Ones. I have failed my quest for the Daedric Prince.,나미라의 잊힌 자들 중 하나를 죽이고 말았다. 데이드라 군주가 내려준 임무가 실패로 돌아가버렸다.,record,False,False,False,False,,
Oblivion.esm,QUST,000146A8,DAMeridia,FULL,0,,,Meridia,메리디아(Meridia),record,True,True,False,False,HIGH,Meridia
Oblivion.esm,QUST,000146A8,DAMeridia,CNAM,0,10,0,One of Meridia's followers has told me that the Daedra can be summoned if something from the corpse of an undead creature is left as an offering at the statue. [You must be level 10 to begin this quest.],메리디아의 추종자들 중 하나가 말하길 언데드나 시체에서 가져온 물건을 동상에 공물로 바치면 데이드라를 소환할 수 있다고 말해주었다. [이 퀘스트를 하기 위해서는 레벨 10이 되어야 한다],record,False,False,False,False,,
Oblivion.esm,QUST,000146A8,DAMeridia,CNAM,1,20,0,"After I made the correct offering, Meridia appeared and spoke to me. The Daedra told me of a cult of necromancers in the Howling Cave who have been stealing from graves in order to raise an undead army. Meridia wants the necromancers killed. I can reach them from a secret door in the back of the cave.","제대로 된 공물을 바치자, 메리디아(Meridia)가 나타나 말을 걸어왔다. 그녀가 말하길 하울링 동굴(Howling cave)에 있는 네크로맨서 집단이 무덤에서 시체를 훔치며 언데드 군단을 만들고 있다고 하며 네크로맨서들을 모두 죽이라고 했다. 동굴 뒤쪽에 있는 비밀 문으로 들어가면 그들을 찾을 수 있다.",record,True,True,False,False,HIGH,"Meridia, Howling, cave"
Oblivion.esm,QUST,000146A8,DAMeridia,CNAM,2,30,0,I have killed the necromancers in Howling Cave. I should return to the Shrine of Meridia.,하울링 동굴의 모든 네크로맨서들을 죽였다. 이제 메리디아(Meridia) 성지로 돌아가자.,record,True,True,False,False,HIGH,Meridia
Oblivion.esm,QUST,000146A8,DAMeridia,CNAM,3,100,0,"Meridia was gratified that I had performed the task assigned to me. As a reward, I have been given the Ring of Khajiiti.","메리디아(Meridia)는 내가 한 일에 대해 감사하며, 상으로 카지티의 반지(Ring of Khajiiti)를 주었다.",record,True,True,False,False,HIGH,"Meridia, Ring, of, Khajiiti"
Oblivion.esm,QUST,000146A7,DAMephala,FULL,0,,,Mephala,메팔라,record,False,False,False,False,,
Oblivion.esm,QUST,000146A7,DAMephala,CNAM,0,10,0,"Mephala's followers have told me that, in order to summon the Daedra, I must first leave an offering of nightshade at her statue between midnight and dawn. [You must be level 15 to begin this quest.]",메팔라,record,False,False,False,False,,
Oblivion.esm,QUST,000146A7,DAMephala,CNAM,1,20,0,"Mephala has told me about the settlement of Bleaker's Way. She would like me to kill the leaders of the two families, and leave evidence that the murders were done by the other family. I am to allow no one to see me commit the crimes.","메팔라는 블리커스 웨이라는 마을에 대해 말했다. 그녀는 내가 두 일족의 지도자들을 죽이되, 상대방 가족에 의해 저질러진 살인같이 보이는 증거를 남기길 바랬다. 아무도 내가 저지르는 범죄를 보지 못하게 해야 한다.",record,False,False,False,False,,
Oblivion.esm,QUST,000146A7,DAMephala,CNAM,2,30,0,"I have learned Nivan Dalvilu is the head of the Dalvilu family, and Hrol Ulfgar the leader of the Nordic clan.","니반 달빌루가 달빌루 일족의 우두머리이고, 흐롤 울프가르가 노드 일족의 지도자임을 알았다.",record,False,False,False,False,,
Oblivion.esm,QUST,000146A7,DAMephala,CNAM,3,40,0,I have found a Dalvilu ceremonial dagger. This might be useful to leave as evidence.,달빌루 가문의 의식용 단검을 찾았다. 이것은 증거물로서 남기기에 유용할 것이다.,record,False,False,False,False,,
Oblivion.esm,QUST,000146A7,DAMephala,CNAM,4,50,0,I have found the Ulfgar family ring. This might be useful to leave as evidence.,울프가르 가문의 반지를 찾았다. 이것은 증거물로서 남기기에 유용할 것이다.,record,False,False,False,False,,
Oblivion.esm,QUST,000146A7,DAMephala,CNAM,5,60,0,I have killed Nivan Dalvilu. I should leave something in his corpse to implicate the Ulfgar clan.,니반 달빌루를 죽였다. 울프가르 일족의 짓임을 암시하는 무언가를 그의 시체에 남겨야 한다.,record,False,False,False,False,,
Oblivion.esm,QUST,000146A7,DAMephala,CNAM,6,65,0,I have left the Ulfgar family ring in the corpse of Nivan Dalvilu.,울프가르 가문의 반지를 니반 달빌루의 시체에 남겨놓았다.,record,False,False,False,False,,
Oblivion.esm,QUST,000146A7,DAMephala,CNAM,7,70,0,I have killed Hrol Ulfgar. I should leave something in his corpse to implicate the Dalvilu clan.,흐롤 울프가르를 죽였다. 달빌루 일족의 짓임을 암시하는 무언가를 그의 시체에 남겨야 한다.,record,False,False,False,False,,
Oblivion.esm,QUST,000146A7,DAMephala,CNAM,8,75,0,I have left the Dalvilu dagger in the corpse of Hrol Ulfgar.,달빌루 가문의 의식용 단검을 흐롤 울프가르의 시체에 남겨놓았다.,record,False,False,False,False,,
Oblivion.esm,QUST,000146A7,DAMephala,CNAM,9,80,0,I've placed evidence on both bodies of the family leaders. Now I must tell someone I saw them attack each other.,두 일족 우두머리의 몸에 증거물을 남겨놓았다. 이제 누군가에게 내가 그들이 서로 공격하는 것을 보았다고 말해야 한다.,record,False,False,False,False,,
Oblivion.esm,QUST,000146A7,DAMephala,CNAM,10,85,0,I reported the 'attacks' on the family leaders. Soon the families will be at each other's throats. Now I must return to the shrine of Mephala.,일족 지도자들에 대한 '공격'을 보고했다. 곧 일족들이 서로 다투게 될 것이다. 이제 메팔라 성소로 돌아가야 한다.,record,False,False,False,False,,
Oblivion.esm,QUST,000146A7,DAMephala,CNAM,11,90,0,I've been detected committing a crime in Bleaker's Way. I will not be able to continue my task for Mephala.,블리커스 웨이에서 범죄를 저지르는 것이 발각되었다. 메팔라가 내게 준 임무를 더 이상 수행할 수 없다.,record,False,False,False,False,,
Oblivion.esm,QUST,000146A7,DAMephala,CNAM,12,100,0,Mephala was pleased with the strife I have caused. She has rewarded me with the Ebony Blade.,메팔라는 내가 일으킨 불화에 기뻐했다. 그녀는 내게 에보니 블레이드를 상으로 내렸다.,record,False,False,False,False,,
Oblivion.esm,QUST,000146A7,DAMephala,CNAM,13,105,0,Mephala was disappointed in my failure.,메팔라는 내 실패에 실망했다.,record,False,False,False,False,,
Oblivion.esm,QUST,000146A7,DAMephala,CNAM,14,110,0,"Something I did in Bleaker's Way apparently spoiled Mephala's schemes, so she refused my offering.","내가 블리커스 웨이에서 한 무언가가 분명 메팔라의 계획을 망쳐놓은 것 같고, 그녀는 내 제물을 거부했다.",record,False,False,False,False,,
Oblivion.esm,QUST,000146A7,DAMephala,CNAM,15,115,0,"By killing everyone in Bleaker's Way, I've spoiled Mephala's scheme, and spoiled any chance of gaining her favor.","블리커스 웨이에 있는 모든 이를 죽임으로써, 나는 메팔라의 계획을 망쳤고, 그녀의 호의를 얻을 기회 또한 망쳐버렸다.",record,False,False,False,False,,
Oblivion.esm,QUST,000146A6,DAMalacath,FULL,0,,,Malacath,말라카스,record,False,False,False,False,,
Oblivion.esm,QUST,000146A6,DAMalacath,CNAM,0,10,0,"One of Malacath's worshippers has told me that, in order to have the Daedra summoned, I must leave an offering of Troll Fat at the statue. [You must be level 10 to begin this quest.]",말라카스,record,False,False,False,False,,
Oblivion.esm,QUST,000146A6,DAMalacath,CNAM,1,20,0,"When I left the offering, Malacath was summoned and spoke to me. He tasked me with traveling to the estate of Lord Drad and freeing his ogre slaves.","제물을 바치자, 말라카스가 소환되어 내게 말했다. 그는 내게 드라드 영주의 장원으로 가서 그의 오우거 노예들을 풀어주라는 임무를 주었다.",record,False,False,False,False,,
Oblivion.esm,QUST,000146A6,DAMalacath,CNAM,2,30,0,"I have spoken with Lord Drad. He believes the ogres to be suitable slaves, as they are mindless beasts, and is pleased with the ogres he uses in Bleak Mine. I appears I will have to free the ogres myself, if I am to complete Malacath's task for me.","나는 드래드 영주와 이야기했다.그는 오거들이 지성이 없는 야수들이기 때문에 노예로 적절하다고 믿고 있으며, 블리크 광산에서 그가 부리는 오거들에 대해 만족하고 있었다.말라카스가 내게 준 임무를 완수하려 한다면, 내 스스로 오거들을 풀어주어야 할 것 같다.",record,False,False,False,False,,
Oblivion.esm,QUST,000146A6,DAMalacath,CNAM,3,31,0,"I have spoken with Lord Drad. He believes the ogres to be suitable slaves, as it does not violate Imperial Law. I fear I've angered him, though, and he will no longer speak with me. Perhaps his wife will be more forthcoming.","나는 드라드 영주와 이야기했다.그는 오우거들이 적절한 노예라고 믿고 있고, 이는 제국법에 위반되지 않기 때문이었다. 내가 그를 화나게 한 것 같아 두렵다, 하긴 그는 더 이상 나와 이야기하지 않을 테지만. 아마 그의 아내는 더 붙임성 있는 사람일 것이다.",record,False,False,False,False,,
Oblivion.esm,QUST,000146A6,DAMalacath,CNAM,4,34,0,"Lady Drad has told me that the ogres are located in Bleak Mine, not far from here. I will have to go free them to appease Malacath.","드라드 귀부인은 오우거들이 암울한 광산에 있는데, 여기서 멀지 않은 곳이라고 했다.말라카스를 진정시키기 위해서는 그들을 풀어주러 가야 한다.",record,False,False,False,False,,
Oblivion.esm,QUST,000146A6,DAMalacath,CNAM,5,35,0,I have entered Bleak Mine. Now I must free Malacath's ogres.,암울한 광산에 들어섰다.이제 말라카스의 오우거들을 풀어주어야 한다.,record,False,False,False,False,,
Oblivion.esm,QUST,000146A6,DAMalacath,CNAM,6,36,0,I freed one group of ogres. I must check to see if there are more to be freed.,한 무리의 오거들을 풀어주었다.풀어줄 오거가 더 있는지 체크해야 한다.,record,False,False,False,False,,
Oblivion.esm,QUST,000146A6,DAMalacath,CNAM,7,37,0,I freed one group of ogres. I must check to see if there are more to be freed.,한 무리의 오거들을 풀어주었다. 풀어줄 오거가 더 있는지 체크해야 한다.,record,False,False,False,False,,
Oblivion.esm,QUST,000146A6,DAMalacath,CNAM,8,50,0,I have freed all the ogres in the Bleak Mine. I should return to the Shrine of Malacath.,암울한 광산에 있는 모든 오우거들을 풀어주었다. 말라카스 성소로 돌아가야 한다.,record,False,False,False,False,,
Oblivion.esm,QUST,000146A6,DAMalacath,CNAM,9,100,0,Malacath was satisfied with my efforts to free the ogres. He has rewarded me with Volendrung.,말라카스는 오우거들을 풀어주려는 내 노력에 만족했다. 그는 내게 볼렌드렁을 보상으로 주었다.,record,False,False,False,False,,
Oblivion.esm,QUST,000146A6,DAMalacath,CNAM,10,200,0,Malacath wanted his ogres freed... not killed. Now there's no chance of earning the reward he promised.,말라카스는 그의 오우거들이 살해당하는 것이 아니라 자유로워지길 원했다. 이제 그가 약속한 상을 받을 기회는 없다.,record,False,False,False,False,,
Oblivion.esm,QUST,000146A5,DAHircine,FULL,0,,,Hircine,허씬,record,False,False,False,False,,
Oblivion.esm,QUST,000146A5,DAHircine,CNAM,0,10,0,"Hircine's followers have told me that, in order to summon the Daedra, I must leave an offering of a wolf or bear pelt at the statue.  [You must be level 17 to begin this quest.]",허씬,record,False,False,False,False,,
Oblivion.esm,QUST,000146A5,DAHircine,CNAM,1,20,0,"After I made the required offering, Hircine was summoned, and spoke to me. He told me that he desires the horn of a unicorn. I may be able to find a unicorn in the Harcane Grove.","필요한 제물을 바치자, 허씬이 소환되었다. 그는 내게 유니콘의 뿔을 원한다고 말했다. 하케인 숲에서 유니콘을 찾을 수 있을 듯 하다.",record,False,False,False,False,,
Oblivion.esm,QUST,000146A5,DAHircine,CNAM,2,30,0,I have killed the unicorn and retrieved its horn. I should return to the shrine of Hircine.,유니콘을 죽이고 뿔을 잘라냈다. 이제 허씬의 성소로 돌아가야 한다.,record,False,False,False,False,,
Oblivion.esm,QUST,000146A5,DAHircine,CNAM,3,100,0,Hircine was impressed with my skill in hunting the unicorn. He has rewarded me with the Savior's Hide.,허씬은 유니콘을 사냥한 내 솜씨에 감탄했다. 그는 구세주의 가죽을 내게 보상으로 주었다.,record,False,False,False,False,,
Oblivion.esm,QUST,000146A4,DAClavicusVile,FULL,0,,,Clavicus Vile,클라비쿠스 바일,record,False,False,False,False,,
Oblivion.esm,QUST,000146A4,DAClavicusVile,CNAM,0,10,0,"One of Clavicus Vile's worshippers has told me that in order to summon the Daedra, an offering of 500 gold must be given to the statue. [You must be level 20 to begin this quest.]",클라비쿠스 바일,record,False,False,False,False,,
Oblivion.esm,QUST,000146A4,DAClavicusVile,CNAM,1,20,0,"When I gave my offering at the Shrine of Clavicus Vile, the Daedra Lord told me about Umbra, and how he wishes me to return to him the Umbra Sword. I should start my search in Pell's Gate.","클라비쿠스 바일 성소에 제물을 바치자, 그 데이드라 군주는 움브라에 대해서, 그리고 그가 얼마나 움브라의 검을 되돌려 받고 싶어하는지에 대해서 이야기했다. 펠의 관문에서부터 조사를 시작해야겠다.",record,False,False,False,False,,
Oblivion.esm,QUST,000146A4,DAClavicusVile,CNAM,2,30,0,"Barbas, the Hound of Clavicus Vile, has spoken to me through the figurine that appeared in my pack. He tells me that returning the Umbra Sword to Clavicus Vile is a mistake, likely to cause great ruin to Vile's domain.","클라비쿠스 바일의 사냥개인 바바스가 내 가방 안에 생긴 조각상을 통해 말했다. 그는, 움브라의 검을 클라비쿠스 바일에게 돌려주는 것은 잘못이며, 바일의 영역을 폐허로 만들 것이라고 했다.",record,False,False,False,False,,
Oblivion.esm,QUST,000146A4,DAClavicusVile,CNAM,3,40,0,"I've been told that Umbra was once a resident of Pell's Gate, but now has left. Some claim to have seen her recently near the Vindasel Ruins.",움브라는 한때 펠의 관문의 주민이었으나 이제 그곳을 떠났다고 들었다. 누군가 그녀를 최근에 빈다셀 유적 근처에서 본 적이 있다고 했다.,record,False,False,False,False,,
Oblivion.esm,QUST,000146A4,DAClavicusVile,CNAM,4,45,0,"I have met the one called Umbra and been offered a choice: stay and fight, or leave in peace.","움브라라 불리는 자를 만났고, 싸울 것인지 아니면 조용히 물러날 것인지를 선택해야 했다.",record,False,False,False,False,,
Oblivion.esm,QUST,000146A4,DAClavicusVile,CNAM,5,47,0,I have chosen to leave Umbra in peace. I should return to the Shrine of Clavicus Vile and make my decision known to the Daedra Lord.,움브라를 조용히 내버려두기로 했다. 클라비쿠스 바일 성지에 돌아가서 그 데이드라 군주에게 내 결정을 알려야겠다.,record,False,False,False,False,,
Oblivion.esm,QUST,000146A4,DAClavicusVile,CNAM,6,50,0,I have retrieved the Umbra Sword.,움브라로 불리는 검을 되찾았다.,record,False,False,False,False,,
Oblivion.esm,QUST,000146A4,DAClavicusVile,CNAM,7,100,0,Clavicus Vile appreciated my efforts. He has taken the Umbra Sword and rewarded me with the Masque of Clavicus Vile.,"클라비쿠스 바일은 내 노력에 감사해했다. 그는 움브라의 검을 가져갔고, 내게 클라비쿠스 바일의 가면을 보상으로 내렸다.",record,False,False,False,False,,
Oblivion.esm,QUST,000146A4,DAClavicusVile,CNAM,8,105,0,Clavicus Vile was not pleased that I elected not to return to him the Umbra Sword.,클라비쿠스 바일은 내가 그에게 움브라의 검을 돌려주지 않기로 한 것을 좋아하지 않았다.,record,False,False,False,False,,
Oblivion.esm,QUST,000146A3,DABoethia,FULL,0,,,Boethia,보에디아,record,False,False,False,False,,
Oblivion.esm,QUST,000146A3,DABoethia,CNAM,0,10,0,"I have been told by one of Boethia's followers that in order to summon the Daedra, I must give a daedra heart as an offering to the statue. [You must be level 20 to begin this quest.]",보에디아,record,False,False,False,False,,
Oblivion.esm,QUST,000146A3,DABoethia,CNAM,1,20,0,"Boethia has told me that I am to participate in the Tournament of Ten Bloods. When I am ready, I should enter the nearby portal to Oblivion, and I will be sent to one of his realms for the battle.","보에디아는 나에게 10종 혈전에 참여하라고 말했다. 준비가 되면 인근에 있는 오블리비언 게이트으로 들어가야 한다. 그러면, 나는 전투를 할 그의 영역으로 보내질 것이다.",record,False,False,False,False,,
Oblivion.esm,QUST,000146A3,DABoethia,CNAM,2,30,0,I have defeated all of Boethia's followers in the Tournament of Ten Bloods. I should speak once more with the Daedra Lord.,10종 혈전의 보에디아 추종자들 모두를 물리쳤다. 데이드라 군주와 한번 더 이야기 해야겠다.,record,False,False,False,False,,
Oblivion.esm,QUST,000146A3,DABoethia,CNAM,3,100,0,"Boethia was pleased with my performance in the Tournament of Ten Bloods. He has rewarded me with the enchanted sword, Goldbrand.","보에디아는 10종 혈전 전투에서의 나의 활약을 기뻐했다. 그는 나에게 마법부여된 검, 골드브랜드를 보상으로 주었다.",record,False,False,False,False,,
Oblivion.esm,QUST,000146A2,DAAzura,FULL,0,,,Azura,아주라,record,False,False,False,False,,
Oblivion.esm,QUST,000146A2,DAAzura,CNAM,0,10,0,"I have been told by Azura's followers that an offering of glow dust, obtained from a will-o-the-wisp, is needed to summon the Daedra. The statue should be approached at dawn or dusk. [You must be level 2 to begin this quest.]",아주라,record,False,False,False,False,,
Oblivion.esm,QUST,000146A2,DAAzura,CNAM,1,20,0,"When Azura was summoned, she told me the tale of her followers who trapped themselves in the Gutted Mine. She wishes me to find them and kill them, releasing them from their vampiric existence. Azura will unseal the mine so I may enter.","아주라는 처참한 광산에서 자신들을 스스로 구속하고 있는 자신의 제자들에 대한 이야기를 해주었다. 그녀는 그들을 죽임으로써, 뱀파이어의 삶으로부터 해방되기를 바란다. 아주라는 내가 들어갈 수 있도록 광산의 봉인을 해제할 것이다.",record,False,False,False,False,,
Oblivion.esm,QUST,000146A2,DAAzura,CNAM,2,30,0,I have killed all of the vampires in the Gutted Mine. I should return to the shrine.,처참한 광산의 뱀파이어들을 모두 죽였다. 성지로 돌아가야 한다.,record,False,False,False,False,,
Oblivion.esm,QUST,000146A2,DAAzura,CNAM,3,100,0,Azura thanked me for allowing her followers the peace of death. She rewarded me with Azura's Star.,아주라는 그녀의 제자들의 평화로운 죽음에 대한 감사를 표했다. 그녀는 나에게 아주라의 별을 보상으로 주었다.,record,False,False,False,False,,
Oblivion.esm,QUST,0000C20B,MQ15,FULL,0,,,Paradise,파라다이스,record,False,False,False,False,,
Oblivion.esm,QUST,0000C20B,MQ15,CNAM,0,10,0,"I should prepare myself to travel to Camoran's Paradise and take back the Amulet of Kings from Mankar Camoran. When I am ready, I should meet Martin in the Great Hall at Cloud Ruler Temple.",파라다이스,record,False,False,False,False,,
Oblivion.esm,QUST,0000C20B,MQ15,CNAM,1,15,0,"Martin performed the ritual and opened the portal to Camoran's Paradise. He warned me that the portal would close behind me. Martin believes that since Mankar Camoran bound himself to the Mysterium Xarxes in the creation of Paradise, I can only return to Tamriel by killing him. I must enter the portal, kill Mankar Camoran, recover the Amulet of Kings.","마틴이 의식을 행하여 케모런의 낙원으로 가는 차원문을 열었다. 차원문은 내가 들어가면 닫힐 것이라고 한다. 마틴은 맨카 케모런이 낙원을 만들 당시 자기 자신을 자서스 신비에 속박시켜 버렸기 때문에, 내가 다시 탐리엘로 돌아올 수 있는 유일한 방법은 그를 죽이는 길 뿐이라고 확신하고 있다. 따라서 내가 해야 할 일은 차원문로 들어가서 맨카 케모런를 죽이고, 왕의 아뮬렛을 되찾아 나오는 것이다.",record,False,False,False,False,,
Oblivion.esm,QUST,0000C20B,MQ15,CNAM,2,20,0,"I have arrived in Camoran's Paradise. The portal closed behind me. I must find Mankar Camoran, kill him and recover the Amulet of Kings.",케모런의 낙원에 도착했다. 차원문은 닫혀 버렸다. 이제 맨카 케모런를 찾아 그를 죽이고 왕의 아뮬렛을 되찾아야 한다.,record,False,False,False,False,,
Oblivion.esm,QUST,0000C20B,MQ15,CNAM,3,30,0,"I met a dremora named Kathutet who offered to help me get into the Forbidden Grottos if I helped him by freeing a Xivilai that the Mythic Dawn immortals have trapped in a cave. He claimed that the only way to leave the Savage Garden was by wearing the Bands of the Chosen, which he would give me if I help him.","카수텟 이라는 이름을 가진 드레모라를 만났는데, 그는 신화 여명회의 불멸의 존재들이 동굴에 가둬버린 지빌라이를 구출해 주면 내가 금단의 동굴에 들어가도록 도와주겠다고 했다. 그에 의하면 야생의 정원을 빠져나가는 유일한 방법은 선택 받은 자의 밴드를 착용하는 것 뿐인데, 내가 그를 도와주면 그걸 주겠다는 것이다.",record,False,False,False,False,,
Oblivion.esm,QUST,0000C20B,MQ15,CNAM,4,32,0,"I met a dremora named Kathutet who told me that he holds the key to the Forbidden Grotto, which he claims is the only way out of the Savage Garden. I should find out what this key is and get it from him.","카수텟 이라는 이름을 가진 드레모라를 만났는데, 그는 자기가 금단의 동굴로 가는 열쇠를 가지고 있으며, 그것이 야생의 정원을 빠져나가는 유일한 방법이라고 한다. 그 열쇠가 무엇인지 알아내고 그에게서 그 것을 얻어내야만 한다.",record,False,False,False,False,,
Oblivion.esm,QUST,0000C20B,MQ15,CNAM,5,33,0,"The Dremora Kathutet claims that something called the Bands of the Chosen are the key to the Forbidden Grotto, the only way out of the Savage Garden. I should get these Bands from him.",드레모라 카수텟에 의하면 금단의 동굴로 가는 열쇠이자 야생의 정원을 빠져나가는 유일한 방법은 바로 선택 받은 자의 밴드라는 것이라고 했다. 그 밴드를 얻어내야만 한다.,record,False,False,False,False,,
Oblivion.esm,QUST,0000C20B,MQ15,CNAM,6,35,0,"I found a Xivilai trapped in a cave, and set it free.",동굴에 갇힌 지빌라이를 찾아 그를 풀어주었다.,record,False,False,False,False,,
Oblivion.esm,QUST,0000C20B,MQ15,CNAM,7,35,1,"I freed the Xivilai Anaxes from the cave where he was trapped. I should return to Kathutet and see if he will give me the Bands of the Chosen, as he promised.",지빌라이 아나제스를 그가 갇힌 동굴에서 구해내었다. 이제 카수텟에게 돌아가 그가 약속한 선택 받은 자의 밴드에 대해 이야기 해보자.,record,False,False,False,False,,
Oblivion.esm,QUST,0000C20B,MQ15,CNAM,8,36,0,I killed the Xivilai that I freed from the cave.,동굴에서 구출해낸 지빌라이를 죽였다.,record,False,False,False,False,,
Oblivion.esm,QUST,0000C20B,MQ15,CNAM,9,36,1,"The Xivilai Anaxes is dead, although Kathutet told me not to kill it. I should find out if he will still give me the Bands of the Chosen, as he promised.",카수텟은 죽이지 말라고 했지만 지빌라이 아나제스를 죽이고 말았다. 하지만 카수텟이 약속한 선택 받은 자의 밴드에 대해 이야기 해봐야 겠다.,record,False,False,False,False,,
Oblivion.esm,QUST,0000C20B,MQ15,CNAM,10,40,0,"The dremora Kathutet gave me the Bands of the Chosen, which he says will let me escape the Savage Garden into the Forbidden Grotto. I should find the door to the Forbidden Grotto and see if he was telling the truth.",드레모라 카수텟에게서 선택 받은 자의 밴드를 받았다. 그의 말대로라면 그것이 나를 이 야생의 정원에서 탈출시켜 금단의 동굴로 가게 해 줄 것이다. 금단의 동굴로 가는 문을 찾아서 확인해 봐야겠다.,record,False,False,False,False,,
Oblivion.esm,QUST,0000C20B,MQ15,CNAM,11,42,0,Kathutet was angry at me for killing the Xivilai. I will have to take the Bands of the Chosen from him by force.,내가 지빌라이를 죽인 것에 대해 카수텟이 화를 냈다. 이제는 무력으로 선택 받은 자의 밴드를 빼앗아야 할 것 같다.,record,False,False,False,False,,
Oblivion.esm,QUST,0000C20B,MQ15,CNAM,12,45,0,I took the Bands of the Chosen from a Dremora named Kathutet. Perhaps they will provide the means to help me escape from the Savage Garden and reach Mankar Camoran.,카수텟이라는 이름의 드레모라로부터 선택 받은 자의 밴드를 얻어냈다. 이것이 아마 나를 야생의 정원에서 탈출시켜 맨카 케모런에 도달하는데 도움을 줄 것이다.,record,False,False,False,False,,
Oblivion.esm,QUST,0000C20B,MQ15,CNAM,13,45,1,I have the Bands of the Chosen. I should find the door to the Forbidden Grotto and see if he was telling the truth.,선택 받은 자의 밴드를 얻었다. 이제 금단의 동굴로 가는 문을 찾아 확인해 봐야겠다.,record,False,False,False,False,,
Oblivion.esm,QUST,0000C20B,MQ15,CNAM,14,50,0,I have entered the Forbidden Grotto. Now to find my way through to the Terrace of the Dawn where I hope to find Mankar Camoran and the Amulet of Kings.,금단의 동굴에 들어왔다. 이제 맨카 케모런과 왕의 아뮬렛을 찾아 여명의 테라스로 통하는 길을 찾아야 한다.,record,False,False,False,False,,
Oblivion.esm,QUST,0000C20B,MQ15,CNAM,15,54,0,"I met a High Elf named Eldamil. He served Mankar Camoran and the Mythic Dawn on Tamriel, but since coming to Gaiar Alata and seeing the true nature of Mankar Camoran's 'paradise', he claims to have regretted his deeds. He warned me that it was impossible to leave these caves while wearing the Bands of the Chosen, and offered to help me by removing them.","엘다밀이라는 하이 엘프를 만났다. 그는 과거 맨카 케모런과 탐리엘의 신화 여명회에 복종했었는데, 가이아 알라타에 와서 맨카 케모런의 '낙원'의 실체를 보게 된 이후 그의 과거 행동을 후회해왔다고 했다. 그는 내가 선택 받은 자의 밴드를 끼고 있는 한 이 동굴에서 빠져나가는 것은 불가능하며 그걸 벗기는데 도움을 주겠다고 했다.",record,False,False,False,False,,
Oblivion.esm,QUST,0000C20B,MQ15,CNAM,16,56,0,I accepted Eldamil's offer to help me escape the Forbidden Grottos. Eldamil wants me to pretend to be a prisoner until his Dremora overseer finishes his inspection. I wonder if I can trust him.,금단의 동굴지대를 탈출하는데 도움을 주겠다는 엘다밀의 제안을 받아들였다. 엘다밀은 드레모라 감독관이 조사를 마칠 때 까지 내가 죄수로 가장하길 원한다. 그를 믿어도 될 지 모르겠다.,record,False,False,False,False,,
Oblivion.esm,QUST,0000C20B,MQ15,CNAM,17,67,0,Eldamil told me he would meet me further into the caves where he would be able to remove the Bands of the Chosen from my wrists. I should continue searching for a way through these caves to Mankar Camoran's palace.,엘다밀은 동굴의 더 깊숙한 곳에 내 손목의 선택 받은 자의 밴드를 제거할 수 있는 곳이 있는데 거기서 다시 만나자고 했다. 나는 동굴을 계속 탐험하면서 맨카 케모런의 궁전을 찾아야 겠다.,record,False,False,False,False,,
Oblivion.esm,QUST,0000C20B,MQ15,CNAM,18,70,0,Eldamil removed the Bands of the Chosen. I should now be able to leave the Forbidden Grotto and continue on my way towards Mankar Camoran's palace at the top of the mountain.,엘다밀이 선택 받은 자의 밴드를 제거했다. 이제 금단의 동굴을 떠나 산꼭대기에 있는 맨카 케모런을 찾아나설 수 있게 되었다.,record,False,False,False,False,,
Oblivion.esm,QUST,0000C20B,MQ15,CNAM,19,80,0,I found Mankar Camoran in his palace of Carac Agaialor. Now I must kill him and take the Amulet of Kings back to Tamriel.,캐락 아가이얼러에 있는 궁전에서 맨카 케모런을 만났다. 이제 남은 일은 그를 죽이고 왕의 아뮬렛을 찾아 탐리엘로 되돌아가는 것이다.,record,False,False,False,False,,
Oblivion.esm,QUST,0000C20B,MQ15,CNAM,20,90,0,"I killed Mankar Camoran. Upon his death, the Paradise he had created dissolved around me, and I found myself back in Cloud Ruler Temple with the Amulet of Kings in my hand. I must give the Amulet to Martin.","맨카 케모런을 죽였다. 그의 죽음과 함께 낙원은 무너졌으며, 정신이 들었을 때, 나는 왕의 아뮬렛을 손에 든 채 클라우드 룰러 사원으로 돌아와 있었다. 아뮬렛을 마틴에게 전해야 한다.",record,False,False,False,False,,
Oblivion.esm,QUST,0000C20B,MQ15,CNAM,21,95,0,"Martin took the Amulet of Kings from me, and placed it around his neck -- he is indeed of the Septim blood. But he reminded me that Mankar Camoran's death will not halt the Oblivion crisis. Mehrunes Dagon's invasion will continue until Martin lights the Dragonfires in the Temple of the One.",마틴은 나에게서 왕의 아뮬렛을 받아 자신의 목에 걸었다 -- 이제 그는 정말로 셉팀의 혈통이다. 하지만 마틴은 맨카 케모런이 죽었다고 해서 오블리비언 위기가 끝나는 것은 아니라고 했다. 마틴이 유일의 신전에서 드래곤파이어를 밝히기 전 까지는 메이룬스 데이건의 침략이 멈추지 않을 것이다.,record,False,False,False,False,,
Oblivion.esm,QUST,0000C1B8,MS31,FULL,0,,,An Unexpected Voyage,예기치 않은 항해,record,False,False,False,False,,
Oblivion.esm,QUST,0000C1B8,MS31,CNAM,0,10,0,I've awakened to find that the Bloated Float has somehow put to sea with myself on board. I need to find the owner and discover what's happened.,예기치 않은 항해,record,False,False,False,False,,
Oblivion.esm,QUST,0000C1B8,MS31,CNAM,1,20,0,"I've killed a thief named Lynch. Apparently, he's a member of some group calling themselves the ""Blackwater Brigands"". They must have hijacked the Bloated Float and put her out to sea! It appears that Lynch has locked the Bloated Float's bouncer in the Storage Room. I should search his body and see if there's a key to free him.","린치라는 이름의 도둑을 죽였다. 분명, 그는 자칭 ""블랙워터 강도단"" 이라는 그룹의 일원이다. 그들이 부푼 부표를 납치하여 바다로 몰고 나간 것이 틀림없다! 린치가 부푼 부표의 경비원을 창고에 가둔 것 같다. 그의 몸을 수색해서 열쇠가 있는지 보아야겠다.",record,False,False,False,False,,
Oblivion.esm,QUST,0000C1B8,MS31,CNAM,2,30,0,"I've found the Bloated Float's bouncer, Graman gro-Marad, locked in a supply room. he confirmed that the ship has been hijacked and that the owner, Ormil, was also taken. Graman told me that if I can get him to the ship's wheel on the top deck, he could take the Bloated Float back to the Imperial City. I should now make my way up to the Tavern Deck.","창고에 갇혀있는 부푼 부표의 경비원인 그래맨 그로-마라드를 찾았다. 그는 배를 강탈당했고 선주인 오르밀도 납치당했다고 확인해주었다. 그래맨은 만일 내가 그를 선창 맨 위에 있는 배의 타륜까지 데려다준다면, 그는 부푼 부표를 임페리얼 시티로 몰고 갈 수 있다고 말했다. 이제 여관 선창으로 가야 한다.",record,False,False,False,False,,
Oblivion.esm,QUST,0000C1B8,MS31,CNAM,3,40,0,"I've killed a second thief, this one a Dark Elf named Minx. Seems like these thieves are using strange code names. The only useful bit of advice I discovered is that their leader seems to be named Selene. I should search her belongings for anything of use, then make my way to the top deck and secure the ship's wheel for Graman.","두 번째 도둑인 다크 엘프 민스를 죽였다. 이 도둑들은 이상한 코드 네임을 쓰는 것 같다. 내가 발견한 유용한 정보라곤 이들의 리더가 셀린이라고 불리는 것 같다는 점이다. 그녀의 소지품 중 쓸 만한 것이 있는지 조사한 뒤, 선창 맨 위로 가서 그래맨을 위해 타륜을 확보해야 한다.",record,False,False,False,False,,
Oblivion.esm,QUST,0000C1B8,MS31,CNAM,4,50,0,"I've slain yet another thief, this one a large Nord named Wrath. He was guarding the ship's wheel. He mentioned that they hijacked the Bloated Float to recover something called the ""Golden Galleon"". I should now get Graman and tell him that the path to the ship's wheel is safe.","추잡한 노드인, 래스라는 또 다른 도둑을 죽였다. 그는 배의 타륜을 지키고 있었다. 그가 언급하길 그들은 ""황금 갤리온""이라고 불리는 것을 회수하기 위해 부푼 부표를 납치했다고 한다. 이제 그래맨에게 가서 타륜까지의 경로가 안전하다고 말해야 한다.",record,False,False,False,False,,
Oblivion.esm,QUST,0000C1B8,MS31,CNAM,5,60,0,"Graman said he wouldn't sail the ship while the Bloated Float's owner, Ormil, is still in danger. I need to rescue Ormil in the captain's cabin to get the ship underway.",그래맨은 부푼 부표의 선주인 오르밀이 여전히 위험에 처해있는 한 배를 몰지 않겠다고 한다. 배가 항해하도록 하려면 선장실에 있는 오르밀을 구출해야 한다.,record,False,False,False,False,,
Oblivion.esm,QUST,0000C1B8,MS31,CNAM,6,70,0,"After discussing the futility of her plan, Selene has agreed to hand back the control of the Bloated Float to Ormil. I should speak to Ormil to find out what he wishes me to do with her.","그녀의 계획이 헛된 일이었음을 논한 뒤, 셀린은 부푼 부표의 제어권을 오르밀에게 넘겨주기로 했다. 오르밀에게 이야기하여 내가 그녀를 어떻게 처리하길 바라는지 확인해야 한다.",record,False,False,False,False,,
Oblivion.esm,QUST,0000C1B8,MS31,CNAM,7,75,0,Ormil has instructed me to escort Selene to the room next to mine on the inn deck where she'll be locked in until we arrive at port. I should do so before the Bloated Float can get underway.,오르밀은 내게 셀린을 여관 선창에 있는 내 옆방까지 에스코트하라고 했다. 그녀는 우리가 항구에 도착할 때까지 그 방에 갇혀있을 것이다. 부푼 부표가 항해하기 전에 그렇게 해야 한다.,record,False,False,False,False,,
Oblivion.esm,QUST,0000C1B8,MS31,CNAM,8,78,0,"Selene is now safely locked inside a room on the inn deck. I should return to Ormil and let him know, so we can finally get this ship home.","셀린은 이제 여관 선창의 방 안에 안전하게 갇혀 있다. 오르밀에게 돌아가서 그에게 알려주어, 우리가 이 배를 왔던 곳으로 되돌아가게 해야 한다.",record,False,False,False,False,,
Oblivion.esm,QUST,0000C1B8,MS31,CNAM,9,80,0,"I've decided to kill Selene. Now that she's dead, I should speak to Ormil.","셀린을 죽이기로 결심했다. 이제 그녀가 죽었으니, 오르밀에게 말해야겠다.",record,False,False,False,False,,
Oblivion.esm,QUST,0000C1B8,MS31,CNAM,10,90,0,Ormil has explained that the treasure the thieves were looking for was just a publicity stunt he created to drum up more business for the tavern. He never expected to have the Bloated Float hijacked as a result of that stunt. He then suggested I get some sleep again for the voyage back to the Imperial City. I should do so to stay out of their way.,"오르밀은 도둑들이 찾던 보물은 그저 여관 장사가 잘되라고 그가 만든, 홍보를 위한 헛소문이었다고 한다. 그는 그 헛소문의 결과로 부푼 부표가 납치되리라곤 절대 상상조차 하지 못했다. 그는 내가 임페리얼 시티로 돌아갈 때까지 다시 잠을 자두는 것이 어떠냐고 했다. 나는 그 말을 따라서, 그들의 일에 손대지 않도록 해야 한다.",record,False,False,False,False,,
Oblivion.esm,QUST,0000C1B8,MS31,CNAM,11,95,0,The Bloated Float has arrived back at the Imperial City. I should speak with Ormil before I disembark.,부푼 부표가 임페리얼 시티에 도착했다. 상륙하기 전에 오르밀과 이야기해야 한다.,record,False,False,False,False,,
Oblivion.esm,QUST,0000C1B8,MS31,CNAM,12,100,0,"Ormil presented me with a bag of gold, and explained to me that the Imperial City guard had been looking for Selene, and there was a reward for her capture.","오르밀은 내게 약간의 금화를 주었으며, 임페리얼 시티 경비대가 셀린을 찾고 있었으며 그녀의 체포에 대한 보상이 있었다고 설명했다.",record,False,False,False,False,,
Oblivion.esm,QUST,0000C03C,MG18KingofWorms,FULL,0,,,Confront the King,왕과 대면하다,record,False,False,False,False,,
Oblivion.esm,QUST,0000C03C,MG18KingofWorms,CNAM,0,10,0,"Hannibal Traven has promoted me to Arch-Mage, and has tasked me with stopping the King of Worms. I need to take the Black Soul Gem to Echo Cave and confront him.",왕과 대면하다,record,False,False,False,False,,
Oblivion.esm,QUST,0000C03C,MG18KingofWorms,CNAM,1,20,0,"I've arrived at Echo Cave, and have gained access to Mannimarco's lair. I need to find him inside, and put an end to him.","메아리 동굴에 도착했으며, 매니마코의 소굴로 진입했다. 이 안에서 그를 찾아 없애야 한다.",record,False,False,False,False,,
Oblivion.esm,QUST,0000C03C,MG18KingofWorms,CNAM,2,30,0,I have killed the King of Worms. I should return to the Arcane University to announce his defeat.,벌레의 왕을 죽였다. 아케인 대학으로 돌아가서 그를 물리쳤음을 알려주어야 한다.,record,False,False,False,False,,
Oblivion.esm,QUST,0000C03C,MG18KingofWorms,CNAM,3,100,0,"Raminus Polus thanked me for putting an end to the King of Worms, and has recognized me as Arch-Mage of the Mages' Guild.",라미누스 폴루스(Raminus Polus)는 킹 오브 웜즈(King of Worms)을 물리쳐 준 것에 대해 감사했으며 나를 메이지길드의 아크-메이지(Arch-Mage)로 인정했다.,record,True,True,False,False,HIGH,"Raminus, Polus, King, of, Worms, Arch-Mage"
Oblivion.esm,QUST,0000C03B,MG17Ambush,FULL,0,,,Ambush,급습,record,False,False,False,False,,
Oblivion.esm,QUST,0000C03B,MG17Ambush,CNAM,0,10,0,I need to travel to the south of Cyrodiil and meet a group of Battlemages preparing to storm the ruins of Silorn.,급습,record,False,False,False,False,,
Oblivion.esm,QUST,0000C03B,MG17Ambush,CNAM,1,20,0,"I have arrived at Silorn, and spoken with Thalfin. We cannot enter the ruins, so I must help prepare an ambush for the Necromancers when they attempt to leave.",사일론에 도착한 난 탈핀과 대화했다. 유적으로 들어갈 수 없기에 네크로맨서들이 떠날 채비를 할 때까지 매복해야 한다.,record,False,False,False,False,,
Oblivion.esm,QUST,0000C03B,MG17Ambush,CNAM,2,30,0,I have been discovered by the Necromancers at Silorn. They will surely have alerted Falcar; I'll need to enter the ruins and find him.,사일론에 있던 네크로맨서들이 나를 발견하였다. 그들은 분명히 팔카에게 알릴 것이다. 유적으로 들어가서 그를 찾아야 한다.,record,False,False,False,False,,
Oblivion.esm,QUST,0000C03B,MG17Ambush,CNAM,3,30,1,Falcar has fled back into the ruins of Silorn. I must find him.,팔카가 사일론 유적 내부로 달아났다. 그를 반드시 찾아야 한다.,record,False,False,False,False,,
Oblivion.esm,QUST,0000C03B,MG17Ambush,CNAM,4,90,0,I've recovered the Black Soul Gem. It needs to be taken back to Hannibal Traven at the Arcane University.,검은 소울젬을 되찾았다. 아케인 대학에 있는 한니발 트래븐에게 가져다 줘야겠다.,record,False,False,False,False,,
Oblivion.esm,QUST,0000C03B,MG17Ambush,CNAM,5,100,0,The Black Soul Gem has been delivered to Hannibal Traven.,검은 소울젬이 한니발 트래븐에게 전해졌다.,record,False,False,False,False,,
Oblivion.esm,QUST,0000C03A,MG16Amulet,FULL,0,,,The Necromancer's Amulet,네크로맨서의 아뮬렛(The Necromancer's Amulet),record,True,True,False,False,HIGH,"The, Necromancer's, Amulet"
Oblivion.esm,QUST,0000C03A,MG16Amulet,CNAM,0,10,0,"I need to travel to Fort Ontus to retrieve the Necromancer's Amulet, and return it to the Imperial City.",온터스 요새(Fort Ontus)로 가서 네크로맨서 아물렛(Necromancer's Amulet)을 회수한 다음 임페리얼시티로 돌아가야한다.,record,True,True,False,False,HIGH,"Fort, Ontus, Necromancer's, Amulet"
Oblivion.esm,QUST,0000C03A,MG16Amulet,CNAM,1,20,0,"I've arrived at Fort Ontus. I need to find Caranya, and get the Necromancer's Amulet from her.",온터스 요새(Fort Ontus)에 도착했다. 이제 카라냐(Caranya)를 찾아서 네크로맨서 아물렛(Necromancer's Amulet)을 되찾아야겠다.,record,True,True,False,False,HIGH,"Fort, Ontus, Caranya, Necromancer's, Amulet"
Oblivion.esm,QUST,0000C03A,MG16Amulet,CNAM,2,30,0,"Caranya was a traitor to the Mages Guild, and intended to deliver the Amulet to the King of Worms. I need to get out of Fort Ontus and take the Amulet back to the Arcane University.","카라냐(Caranya)는 메이지길드를 배신했고, 킹 오브 웜즈(King of Worms)에게 아물렛을 건내주려 했다. 이제 온터스 요새(Fort Ontus)를 나와서 아물렛을 아케인 대학로 가져가야겠다.",record,True,True,False,False,HIGH,"Caranya, King, of, Worms, Fort, Ontus"
Oblivion.esm,QUST,0000C03A,MG16Amulet,CNAM,3,100,0,I've delivered the Necromancer's Amulet to Hannibal Traven.,네크로맨서 아물렛(Necromancer's Amulet)을 한니발 트래븐(Hannibal Traven)에게 건내주었다.,record,True,True,False,False,HIGH,"Necromancer's, Amulet, Hannibal, Traven"
Oblivion.esm,QUST,0000C039,MG15Helm,FULL,0,,,The Bloodworm Helm,피의 벌레 투구,record,False,False,False,False,,
Oblivion.esm,QUST,0000C039,MG15Helm,CNAM,0,10,0,"I need to travel to Fort Teleman and retrieve the Bloodworm Helm, so that it may be kept safe at the Arcane University.",피의 벌레 투구,record,False,False,False,False,,
Oblivion.esm,QUST,0000C039,MG15Helm,CNAM,1,20,0,"I have arrived at Fort Teleman. I need to find Irlav Jarol, who should have the Bloodworm Helm.",텔레만 요새에 도착했다. 피의 벌레 투구를 가지고 있을 이를라브 자롤을 찾아야겠다.,record,False,False,False,False,,
Oblivion.esm,QUST,0000C039,MG15Helm,CNAM,2,30,0,I've recovered the Bloodworm Helm. I need to deliver it to Arch-Mage Traven immediately.,피의 벌레 투구를 회수했다. 이제 아치메이지 트래븐에게 가져다 줘야겠다.,record,False,False,False,False,,
Oblivion.esm,QUST,0000C039,MG15Helm,CNAM,3,100,0,I have delivered the Bloodworm Helm to Hannibal Traven.,피의 벌레 투구를 한니발 트래븐에게 건네 주었다.,record,False,False,False,False,,
Oblivion.esm,QUST,00003961,MG14Plot,FULL,0,,,A Plot Revealed,발각된 음모,record,False,False,False,False,,
Oblivion.esm,QUST,00003961,MG14Plot,CNAM,0,10,0,Hannibal Traven wants me to check in with Jeanne Frasoric at the Bruma Mages Guild. I should go there immediately.,발각된 음모,record,False,False,False,False,,
Oblivion.esm,QUST,00003961,MG14Plot,CNAM,1,20,0,I have arrived at the Bruma Mages Guild. It appears to have been attacked; I should look for survivors.,브루마 메이지 길드에 도착했다. 지부가 공격당한 것 같다. 생존자를 찾아봐야겠다.,record,False,False,False,False,,
Oblivion.esm,QUST,00003961,MG14Plot,CNAM,2,30,0,I have found Selenia Orania. She is dead. I should look for other survivors.,셀리니아 오라니어(Selenia Orania)를 찾았다. 안타깝게도 그녀는 죽어있다. 다른 생존자를 찾아봐야겠다.,record,True,True,False,False,HIGH,"Selenia, Orania"
Oblivion.esm,QUST,00003961,MG14Plot,CNAM,3,40,0,"I have found Volanaro, who was killed. I should look for other survivors.",이미 시체가 된 볼라나로를 찾았다. 다른 생존자를 찾아봐야겠다.,record,False,False,False,False,,
Oblivion.esm,QUST,00003961,MG14Plot,CNAM,4,50,0,Jeanne Frasoric is dead. I should look for other survivors.,진 프라소릭은 죽었다. 다른 생존자를 찾아봐야겠다.,record,False,False,False,False,,
Oblivion.esm,QUST,00003961,MG14Plot,CNAM,5,60,0,J'skar is the only survivor of the slaughter at the Mages Guild Hall in Bruma. He's given me information about the King of Worms. Hannibal Traven should be told immediately; I should return to the Imperial City.,브루마 메이지 길드은 완전히 박살 났고 생존자는 즈'스카뿐이었다. 즈'스카가 벌레의 왕에 대한 정보를 알려 주었다. 당장 한니발 트래븐에게 말해야겠다. 임페리얼 시티로 돌아가야 한다.,record,False,False,False,False,,
Oblivion.esm,QUST,00003961,MG14Plot,CNAM,6,100,0,I've told Hannibal Traven what J'skar saw at the Bruma Mages Guild hall.,한니발 트래븐에게 즈'스카가 브루마 메이지 길드 지부에서 보았던 것을 이야기해 주었다.,record,False,False,False,False,,
Oblivion.esm,QUST,00003960,MG13Information,FULL,0,,,Information at a Price,정보의 대가,record,False,False,False,False,,
Oblivion.esm,QUST,00003960,MG13Information,CNAM,0,10,0,Count Hassildor wishes to see me; I should travel to Skingrad immediately and speak with Hal-Liurz.,정보의 대가,record,False,False,False,False,,
Oblivion.esm,QUST,00003960,MG13Information,CNAM,1,20,0,"Count Hassildor has information that he will provide only if I remove the Vampire Hunters lurking around Skingrad, as well as a nest of vampires in Bloodcrust Cavern outside of town.","스킨그라드 주변에서 잠복 중인 뱀파이어 사냥꾼들과, 피딱지 동굴에 자리를 잡은 뱀파이어들을 처리한다면, 하실도르 백작이 보상으로 정보를 알려줄 것이다.",record,False,False,False,False,,
Oblivion.esm,QUST,00003960,MG13Information,CNAM,2,30,0,The Vampires in Bloodcrust Cavern have been disposed of. I should return to Count Hassildor and let him know my task is complete.,피딱지 동굴에 있는 뱀파이어들을 처치했다. 하실도르 백작에게 돌아가서 일을 끝냈다고 알려야겠다.,record,False,False,False,False,,
Oblivion.esm,QUST,00003960,MG13Information,CNAM,3,30,1,The Vampires in Bloodcrust Cavern have been disposed of. Now I must deal with the Vampire Hunters.,피딱지 동굴에 있는 뱀파이어들을 처치했다. 이제 뱀파이어 사냥꾼들을 처리해야 한다.,record,False,False,False,False,,
Oblivion.esm,QUST,00003960,MG13Information,CNAM,4,40,0,The Vampire Hunters in Skingrad have been killed.,스킨그라드에 있는 뱀파이어 사냥꾼들을 죽였다.,record,False,False,False,False,,
Oblivion.esm,QUST,00003960,MG13Information,CNAM,5,50,0,The Vampire Hunters have left Skingrad. I should return to Castle Skingrad and speak with Hal-Liurz.,뱀파이어 사냥꾼들은 스킨그라드를 떠났다. 스킨그라드 성으로 돌아가서 할-리우르즈와 얘기를 해봐야겠다.,record,False,False,False,False,,
Oblivion.esm,QUST,00003960,MG13Information,CNAM,6,50,1,The Vampire Hunters have left Skingrad. All that's left now is to remove the vampires from Bloodcrust Cavern.,뱀파이어 사냥꾼들은 스킨그라드를 떠났다. 피딱지 동굴에 나타난 뱀파이어들만 제거하면 될 것이다.,record,False,False,False,False,,
Oblivion.esm,QUST,00003960,MG13Information,CNAM,7,60,0,Count Hassildor's news about Mannimarco must be delivered to Hannibal Traven right away.,하실도르 백작이 매니마코에 대해 말해준 내용을 곧바로 한니발 트래븐에게 전해주어야 한다.,record,False,False,False,False,,
Oblivion.esm,QUST,00003960,MG13Information,CNAM,8,100,0,I have told Arch-Mage Traven about Mannimarco's presence in Cyrodiil.,아치메이지 트래븐에게 시로딜에 매니마코가 있다고 말했다.,record,False,False,False,False,,
Oblivion.esm,QUST,0000395F,MG12Gate,FULL,0,,,Liberation or Apprehension?,해방이냐 체포냐?(Liberation or Apprehension?),record,True,True,False,False,HIGH,"Liberation, or, Apprehension"
Oblivion.esm,QUST,0000395F,MG12Gate,CNAM,0,10,0,"I need to speak with Hannibal Traven, who has a special assignment for me.",내게 특별한 지령을 줄 한니발 트래븐(Hannibal Traven)과 이야기 해야 한다.,record,True,True,False,False,HIGH,"Hannibal, Traven"
Oblivion.esm,QUST,0000395F,MG12Gate,CNAM,1,20,0,"I need to travel to Nenyond Twyll, south of the Imperial City, and make sure Mucianus Alias is safely rescued from the Necromancers there. I am to escort him back to the Arcane University.","임페리얼시티 남쪽의 네니언 트윌(Nenyond Twyll)으로 가서, 뮤시어너스 알라아스(Mucianus Alias)가 네크로맨서들(Necromancers)로부터 안전하게 구조 되도록 하고 아케인 대학까지 호위해야 한다.",record,True,True,False,False,HIGH,"Nenyond, Twyll, Mucianus, Alias, Necromancers"
Oblivion.esm,QUST,0000395F,MG12Gate,CNAM,2,30,0,Fithragaer is the only survivor from the group of Battlemages sent to find Mucianus Alias. I need to help him reach the Necromancers within Nenyond Twyll.,피쓰라거(Fithragaer)는 뮤시어너스 알라아스(Mucianus Alias)을 찾기 위해 파견된 배틀메이지(Battlemages)들의 마지막 생존자이다. 난 그를 네니언 트윌(Nenyond Twyll)안의 네크로맨서들(Necromancers)에게 접근할 수 있도록 지원해야 한다.,record,True,True,False,False,HIGH,"Fithragaer, Mucianus, Alias, Battlemages, Nenyond, Twyll, Necromancers"
Oblivion.esm,QUST,0000395F,MG12Gate,CNAM,3,40,0,"Fithragaer, the only surviving Battlemage, is dead. I'll need to continue on my own into the ruins to find Mucianus Alias.",마지막 배틀메이지(Battlemages) 피쓰라거(Fithragaer)마저 죽었다. 난 뮤시어너스 알라아스(Mucianus Alias)를 찾기 위해 혼자 탐사를 계속해야 한다.,record,True,True,False,False,HIGH,"Battlemages, Fithragaer, Mucianus, Alias"
Oblivion.esm,QUST,0000395F,MG12Gate,CNAM,4,50,0,I've found Mucianus Alias. He's been transformed into some kind of walking dead; there's nothing I can do for him. I should report his fate to Hannibal Traven at the Arcane University.,"뮤시어너스 알라아스(Mucianus Alias)를 찾았다. 그는 언데드가 되어 있었고, 내가 할 수 있는 일은 아무것도 없었다. 이 사실을 아케인 대학의 한니발 트래븐(Hannibal Traven)에게 보고해야 한다.",record,True,True,False,False,HIGH,"Mucianus, Alias, Hannibal, Traven"
Oblivion.esm,QUST,0000395F,MG12Gate,CNAM,5,100,0,Arch-Mage Traven has been informed of Mucianus Alias' fate.,아크-메이지(Arch-Mage) 트래븐(Traven)은 뮤시어너스 알라아스(Mucianus Alias)의 최후를 전달 받았다.,record,True,True,False,False,HIGH,"Arch-Mage, Traven, Mucianus, Alias"
Oblivion.esm,QUST,00002E60,FGC03Flagon,FULL,0,,,Newheim's Flagon,뉴하임의 술병,record,False,False,False,False,,
Oblivion.esm,QUST,00002E60,FGC03Flagon,CNAM,0,22,0,"Newheim has mentioned that he had a family heirloom, a pewter flagon, stolen by the thieves. If I return it to him, he'll reward me.",뉴하임의 술병,record,False,False,False,False,,
Oblivion.esm,QUST,00002E60,FGC03Flagon,CNAM,1,33,0,I have found Newheim the Portly's flagon. I should return it to him.,난 뚱뚱한 뉴하임의 술병을 찾았다. 그에게 돌려주어야 한다.,record,False,False,False,False,,
Oblivion.esm,QUST,00002E60,FGC03Flagon,CNAM,2,95,0,"I've returned Newheim's Flagon to the Nord, who was pleased to have the heirloom returned. He rewarded me with three bottles of his own special brew.","난 뉴하임의 술병을 그 노드족에게 돌려주었고, 그는 가보를 되찾은 것에 매우 기뻐했다. 그는 보상으로 그가 특별히 직접 제조한 술 세 병을 나에게 주었다.",record,False,False,False,False,,
Oblivion.esm,QUST,0003636F,MS02,FULL,0,,,Where Spirits Have Lease,귀신이 임대한 집(Where Spirits Have Lease),record,True,True,False,False,HIGH,"Where, Spirits, Have, Lease"
Oblivion.esm,QUST,0003636F,MS02,CNAM,0,10,0,"I've overheard a rumor that Velwyn Benirus wants to sell a manor here in Anvil, and that he's selling it cheap. I should go find him and see what he has to offer.",벨윈 베너러스(Velwyn Benirus)가 엔빌에 있는 저택(manor)을 헐값에 판다는 소문을 들었다. 그를 찾아서 그가 팔려는 것을 확인해 보아야겠다.,record,True,True,False,False,HIGH,"Velwyn, Benirus, manor"
Oblivion.esm,QUST,0003636F,MS02,CNAM,1,20,0,I've met Velwyn Benirus. He has a manor house for sale here in Anvil. I should question him further to see how much he wants for it.,벨윈 베너러스(Velwyn Benirus)를 만났다. 그는 엔빌에 있는 저택(manor)을 팔려고 한다. 그가 저택(manor)을 얼마에 팔지 더 물어 보아야겠다.,record,True,True,False,False,HIGH,"Velwyn, Benirus, manor, manor"
Oblivion.esm,QUST,0003636F,MS02,CNAM,2,30,0,I've purchased the manor from Velwyn. He gave me a key and the deed of ownership. I can now move in there at any time.,저택(manor)을 벨윈(Velwyn)에게 구입했다. 그는 내게 저택(manor)의 열쇠와 집문서(deed of ownership)를 넘겼다. 난 이제 언제라도 들어갈 수 있다.,record,True,True,False,False,HIGH,"manor, Velwyn, manor, deed, of, ownership"
Oblivion.esm,QUST,0003636F,MS02,CNAM,3,35,0,"I've arrived at my new house in Anvil, Benirus Manor. Looks like the place may need some work, but it was a great deal I just couldn't pass up. I can now make myself at home.",엔빌에 있는 나의 새로운 저택인 베너러스 저택(Benirus Manor)에 도착했다. 집은 좀 고칠 필요가 있겠지만 이것은 놓칠 수 없는 횡재다. 이젠 집에서 쉴 수 있다.,record,True,True,False,False,HIGH,"Benirus, Manor"
Oblivion.esm,QUST,0003636F,MS02,CNAM,4,40,0,"Benirus Manor is haunted! I was awakened by ghosts that attacked me as I slept. As I awoke, I thought I heard a crash from downstairs. I should search the house and investigate.",베너러스 저택(Benirus Manor)에는 유령이 있다! 나는 잠을 자다가 유령에게 공격당해서 깨어났다. 깨어났을때 아래층에서 굉음이 들렸다. 이 집을 자세히 조사해 보아야 겠다.,record,True,True,False,False,HIGH,"Benirus, Manor"
Oblivion.esm,QUST,0003636F,MS02,CNAM,5,45,0,I've found a skeletal hand next to a page from a diary. The diary makes mention of a secret room in the house that only a true-blooded Benirus can open. I am going to need to talk to Velwyn about this. I may have to ask around town to find out where he's gone.,"일기장 페이지에 옆에서 해골 손(skeletal hand)을 찾았다. 일기장은 이 집의 비밀의 방에 대하여 언급하고 있는데, 오직 베너러스(Benirus)가의 순수혈통만이 그 방을 열 수 있다고 한다. 이에 대해 벨윈(Velwyn)에게 말해야겠다. 마을 근처에서 수소문하여 그가 어디로 갔는지 찾아야 할 것 같다.",record,True,True,False,False,HIGH,"skeletal, hand, Benirus, Velwyn"
Oblivion.esm,QUST,0003636F,MS02,CNAM,6,50,0,"I've discovered that Velwyn has left town and made his way to the Imperial City. If I am to find out why Benirus Manor is haunted, I need to find him there.",벨윈(Velwyn)이 마을을 떠나 임페리얼시티로 갔다는 사실을 알아냈다. 베너러스 저택(Benirus Manor)에 유령이 출몰하는 이유를 알기 위해서는 그곳에 가서 그를 만나야 한다.,record,True,True,False,False,HIGH,"Velwyn, Benirus, Manor"
Oblivion.esm,QUST,0003636F,MS02,CNAM,7,60,0,I've been told that Velwyn stays in the King and Queen Tavern here in the Imperial City. I should go there to find him.,벨윈(Velwyn)이 임페리얼시티에 있는 왕과비 여인숙에 묵고 있다고 들었다. 거기로 가야 그를 찾아야 한다.,record,True,True,False,False,HIGH,Velwyn
Oblivion.esm,QUST,0003636F,MS02,CNAM,8,70,0,I've found Velwyn at The King and Queen Tavern in the Imperial City. I should speak to him further about the manor and the strange goings on within.,임페리얼시티의 왕과 비 여인숙에서 벨윈(Velwyn)을 찾았다. 그에게 저택과 그 내부의 이상한 상황들에 대하여 말해야 한다.,record,True,True,False,False,HIGH,Velwyn
Oblivion.esm,QUST,0003636F,MS02,CNAM,9,75,0,"After questioning Velwyn, I've learned that his grandfather dabbled in necromancy and was killed when the townspeople of Anvil found out. Strangely, the body was never recovered. Since then, the house has been cursed. I need to convince Velwyn to come back with me to Anvil and lift the curse.","벨윈(Velwyn)에게 질문하고나서, 나는 그의 할아버지가 네크로맨시(necromancy)에 손대었다가 엔빌의 시민들에게 발각되어 살해되었다는 것을 알았다. 이상한 것은, 시체를 찾을 수가 없었다는 것이다. 그 이후로 그 집에는 저주가 내렸다. 함께 돌아가서 저주를 풀자고 벨윈(Velwyn)을 설득해야 한다.",record,True,True,False,False,HIGH,"Velwyn, necromancy, Velwyn"
Oblivion.esm,QUST,0003636F,MS02,CNAM,10,80,0,Velwyn agreed to meet me back in Anvil at The Count's Arms. I should return there as soon as possible.,벨윈(Velwyn)은 엔빌로 돌아가서 카운츠 암스(Count's Arms)에서 나와 만나기로 했다. 가능한 빨리 거기로 돌아가야 한다.,record,True,True,False,False,HIGH,"Velwyn, Count's, Arms"
Oblivion.esm,QUST,0003636F,MS02,CNAM,11,85,0,I've met Velwyn at The Count's Arms Tavern. He's agreed to escort me to the house and open the secret room.,카운츠 암스(Count's Arms) 여인숙에서 벨윈(Velwyn)을 만났다. 그는 나와 함께 집으로 가서 비밀의 방을 열어주기로 했다.,record,True,True,False,False,HIGH,"Count's, Arms, Velwyn"
Oblivion.esm,QUST,0003636F,MS02,CNAM,12,87,0,Velwyn and I have arrived in Benirus Manor. I must proceed cautiously to the secret room's entrance and prevent any harm from befalling us if the curse is to ever be lifted from this place.,"벨윈(Velwyn)과 난 베너러스 저택(Benirus Manor)에 도착했다. 조심스럽게 비밀의 방의 입구로 가야 하며, 만일 저주를 없앨 수 있다면 우리에게 해약을 일으키지 못하도록 막아야 한다.",record,True,True,False,False,HIGH,"Velwyn, Benirus, Manor"
Oblivion.esm,QUST,0003636F,MS02,CNAM,13,88,0,Velwyn and I have arrived at the secret door.,벨윈(Velwyn)과 나는 비밀의 문앞에 왔다.,record,True,True,False,False,HIGH,Velwyn
Oblivion.esm,QUST,0003636F,MS02,CNAM,14,90,0,"Velwyn successfully opened the door to the secret room, which has stopped the ghosts from attacking. He then ran off, leaving me to clean up the mess. It's up to me, and me alone, to investigate what's beyond the mysterious portal.","벨윈(Velwyn)은 비밀의 방으로 통하는 문을 여는데 성공했고, 그곳에서는 유령이 공격을 멈추었다. 그리고 그는 곤경에서 벗어나기 위해 날 버리고 달아났다. 이제 내가 알아서 해야 한다. 나 혼자 이 비밀스러운 문뒤에 무엇이 있는지 조사해 봐야 한다.",record,True,True,False,False,HIGH,Velwyn
Oblivion.esm,QUST,0003636F,MS02,CNAM,15,100,0,"After touching the altar, I heard the voice of Lorgren Benirus. He said he wished to atone for his past and make peace with the Nines. All he wished was to be whole again. This must be the way to lift the curse from Benirus Manor. I should touch his skeleton while I carry the bony hand and put an end to this madness.",제단을 건드리자 로그렌 베너러스(Lorgren Benirus)의 음성이 들렸다. 그는 과거의 죄를 씻고 싶으며 나인즈(Nines)와 평화롭게 지내고 싶다고 했다. 그가 바라는 것은 다시 온전한 몸이 되는 것 뿐이었다. 이것이 베너러스 저택(Benirus Manor)의 저주를 풀 수 있는 유일한 방법임이 틀림없다. 해골손(bony hand)을 가진 상태에서 거의 해골(skeleton)을 만지면 이 미친 짓을 끝낼 수 있다.,record,True,True,False,False,HIGH,"Lorgren, Benirus, Nines, Benirus, Manor, bony, hand, skeleton"
Oblivion.esm,QUST,0003636F,MS02,CNAM,16,110,0,"Completing the skeleton was a ruse and Lorgren rose from the dead! I had no choice but to destroy him. With his destruction, the curse of Benirus Manor was lifted. I should return to The Count's Arms and speak to Velwyn.","해골을 완전하게 하는 것은 하나의 계략이었고, 로그렌(Lorgren)은 죽음에서 부활했다! 그를 없앨 수 밖에 없다. 그를 제거하자 베너러스 저택(Benirus Manor)의 저주도 풀렸다. 카운츠 암스(Count's Arms)로 돌아가서 벨윈(Velwyn)에게 말해야 한다.",record,True,True,False,False,HIGH,"Lorgren, Benirus, Manor, Count's, Arms, Velwyn"
Oblivion.esm,QUST,0003636F,MS02,CNAM,17,120,0,I have met Velwyn back at The Count's Arms. He congratulated me and then told me he would be off again to live in the Imperial City. Now I can truly call Benirus Manor my home.,카운츠 암스(Count's Arms)에서 벨윈(Velwyn)을 만났다. 그는 축하한다며 임페리얼시티에서 살기 위하여 다시 떠나겠다고 말했다. 이제 베너러스 저택(Benirus Manor)은 확실히 나의 집이 되었다.,record,True,True,False,False,HIGH,"Count's, Arms, Velwyn, Benirus, Manor"
Oblivion.esm,QUST,00036338,TG11Heist,FULL,0,,,The Ultimate Heist,궁극의 도둑질,record,False,False,False,False,,
Oblivion.esm,QUST,00036338,TG11Heist,CNAM,0,10,0,Amusei has given me another message from the Gray Fox. I am to meet him at Othrelo's house in the Elven Gardens district in the Imperial City.,아뮤세이(Amusei)가 그레이 폭스(Gray Fox)의 또 다른 메시지를 전해주었다. 임페리얼시티 엘븐 가든(Elven Garden)지역에 있는 오스렐로(Othrelo)의 집에서 그를 만나야겠다.,record,True,True,False,False,HIGH,"Amusei, Gray, Fox, Elven, Garden, Othrelo"
Oblivion.esm,QUST,00036338,TG11Heist,CNAM,1,20,0,"The Gray Fox intends to steal one of the Elder Scrolls from the Imperial Palace. The audacity of such a theft is astounding! When I am ready, I should come back to him at Othrelos house.","그레이 폭스는 제국 황궁에 있는 엘더 스크롤 중에 하나를 훔칠 것이라 했다. 그런 대단한 물건을 훔치려 들다니, 놀랍군! 나도 준비를 좀 해와야겠다.",record,False,False,False,False,,
Oblivion.esm,QUST,00036338,TG11Heist,CNAM,2,30,0,"The Gray Fox intends to steal one of the Elder Scrolls from the Imperial Palace. The audacity of such a theft is astounding! The Gray Fox has laid out the plan for me. It's not simple, but he has given me a written copy for my reference. He has even set aside the guild rule of blood price for this heist. Now I just have to execute the plan. The first step is to infiltrate the Imperial Palace and activate the Glass of Time, whatever that is.","그레이 폭스는 제국 황궁에 있는 엘더 스크롤 중에 하나를 훔칠 것이라 했다. 그런 대단한 물건을 훔치려 들다니, 놀랍군! 그레이 폭스는 계획에 대해 내게 설명해 줬다. 사실 단순한 계획이 아닌지라 내게 계획에 참고할 만한 내용이 적힌 문서를 건넸다. 그는 이 계획 때문에 피의 대가에 대한 길드 규칙마저 무효화해 버렸다. 이제 계획을 실행으로 옮기기만 하면 된다. 제국 황궁에 침입하기 위한 첫 번째 임무는 시간의 모래시계를 작동시키는 것이다. 뭔지는 모르지만.",record,False,False,False,False,,
Oblivion.esm,QUST,00036338,TG11Heist,CNAM,3,40,0,"I have activated the Glass of Time. According to the Gray Fox, the door to the Old Way in the Imperials Sewers should now be open. Now I just have to find it.",시간의 모래시계를 작동시켰다. 그레이 폭스는 이것이 임페리얼 시티 하수도에 있는 고대의 길로 통하는 문을 열어줄 것이라 했다. 이제 고대의 길을 찾기만 하면 된다.,record,False,False,False,False,,
Oblivion.esm,QUST,00036338,TG11Heist,CNAM,4,50,0,I have found the sewer entrance that the Gray Fox told me to look for. Now I need to find the Old Way.,그레이 폭스의 지시대로 하수도 입구를 찾았다. 이제 고대의 길을 찾아야겠다.,record,False,False,False,False,,
Oblivion.esm,QUST,00036338,TG11Heist,CNAM,5,55,0,"I have found the Old Way. This is clearly a long abandoned sub-basement of the Imperial City. It looks like it's going to be a long journey to get into the Imperial Palace this way. I need to find the door that connects to the palace interior. If I remember correctly, I will need the the Arrow Extrication to unlock time in order to open that door.",고대의 길(Old Way)을 찾았다. 이곳은 오래전부터 방치된 임페리얼시티의 지하2층이 분명하다. 아무래도 이곳을 보니 임페리얼 궁전(Imperial Palace)로 가는 길은 험난한 여정이 될 것 같다는 생각이 든다. 일단 궁전 내부로 통하는 문을 찾아야겠다. 내 판단대로라면 해방의 화살은 문을 여는데 필요할 것이다.,record,True,True,False,False,HIGH,"Old, Way, Imperial, Palace"
Oblivion.esm,QUST,00036338,TG11Heist,CNAM,6,60,0,Advice for puzzle number three.,퍼즐 3번을 위한 충고,record,False,False,False,False,,
Oblivion.esm,QUST,00036338,TG11Heist,CNAM,7,70,0,There must be some secret way to open this door. I'll bet this is where I have to use the Arrow of Extrication. Most likely I have to be standing in a special place for the keyhole to open up. It will be somewhere with a clear view of this pillar.,문을 열 방법은 분명히 있다. 여기 어딘가에 해방의 화살을 사용할 곳이 있다고 확신한다. 문을 여는 열쇠구멍이 잘 보이는 자리로 가서 서 있어봐야겠다. 저쪽 기둥이 있는 곳이 가장 잘 보일 것 같다.,record,False,False,False,False,,
Oblivion.esm,QUST,00036338,TG11Heist,CNAM,8,71,0,These walls look like they are meant to move. Maybe the place I need to stand to fire the arrow is behind them. I'd better look for a way to get through them.,여기 있는 벽들은 움직일 것처럼 보인다. 아무래도 그것들 뒤에 서서 화살을 쏘아야 할 것 같다. 그것들을 통해 갈 수 있는 길을 유심히 찾아봐야겠다.,record,False,False,False,False,,
Oblivion.esm,QUST,00036338,TG11Heist,CNAM,9,72,0,This must be the spot. Standing on this pressure plate opens the pedestal at the far end of the room. I should practice with normal arrows a few times before trying the Arrow of Extrication. I will only get one try. ,이곳이 가장 좋은 지점이다. 이 압력판 위에 서게 되면 저쪽 끝에 있는 받침대를 열게 된다. 이제 보통 화살로 연습해 봐야겠다. 하나뿐인 해방의 화살로 성공해야만 하기 때문이다.,record,False,False,False,False,,
Oblivion.esm,QUST,00036338,TG11Heist,CNAM,10,73,0,"I've used the Arrow of Extrication to activate the door and open the secret way into the palace. There is no telling where I might end up. I should take care to extinguish my lights, muffle my footsteps, and be stealthy as I enter the door.","해방의 화살을 사용해서 궁전 내부로 이어진 비밀통로의 문을 열었다. 아무런 움직임도 없는 것을 보니 끝난 것 같다. 이제 불을 끄고, 발소리도 죽이고, 누구에게도 들키지 않게 조심해서 문 안으로 들어가야겠다.",record,False,False,False,False,,
Oblivion.esm,QUST,00036338,TG11Heist,CNAM,11,85,0,"I've seated myself in the reading chair. Now I just have to wait for them to bring me the scroll. So long as I don't speak to any of them, the priests seem to be assuming I am Celia Camoran.",독서용 의자에 자리를 잡는 데 성공했다. 이제 그들이 스크롤을 가져다 주기만 기다리면 된다. 난 아무런 말도 하지 않았는데 수도사들은 내가 셀리아 캐모런이라고 믿고 있다.,record,False,False,False,False,,
Oblivion.esm,QUST,00036338,TG11Heist,CNAM,12,95,0,The Moth Priests are onto me! I have to get out of here. The way back is closed. My only hope is to go forward and hope I can find another exit.,나방 사제들이 나를 알아차렸다! 빠져나가야 된다. 들어왔던 길은 막혔다. 이제 앞으로 가는 길만 남았다. 제발 출구가 있기를...,record,False,False,False,False,,
Oblivion.esm,QUST,00036338,TG11Heist,CNAM,13,100,0,"I have the Elder Scroll! This is the treasure of the century. My name shall be known across Tamriel for this theft! Now to get it back to the Gray Fox. The way back is blocked. I'll have to go upstairs to find a way out. Even through they are blind, these monks will not be easy to sneak past.","엘더 스크롤을 얻었다! 이건 역사적인 보물이다. 내 이름은 탐리엘에 있는 모든 도둑들에게 알려질 것이다! 이제 그레이 폭스에게 돌아가야겠다. 내가 들어왔던 길은 막혔다. 위층으로 올라가면 나가는 길을 찾을 수 있을 것 같다. 비록 여기 있는 수도사들은 내내 눈이 멀어있었지만, 그들을 몰래 지나치는 건 쉽지 않을 것이다.",record,False,False,False,False,,
Oblivion.esm,QUST,00036338,TG11Heist,CNAM,14,102,0,I have escaped from the Imperial Palace by jumping down a chimney chute in Ocato's bedroom. I hope the royal battlemage won't mind my misusing his ash flue. I can only hope my fall doesn't end too abruptly. I wonder if this is what the Gray Fox said I would need the Boots of Springheel Jak for? ,오카토의 침실에 있는 아래로 이어진 굴뚝으로 뛰어내려 제국 황궁에서 탈출했다. 수석 배틀메이지가 내 행동으로 인해 흐트러진 연통의 재를 의심하지 않길 바랄 뿐이다. 여기서 내 인생이 갑작스럽게 끝나지 않았으면 좋겠다. 이것 때문에 그레이 폭스가 스프링힐 잭의 장화가 필요하게 된다고 한 것일까?,record,False,False,False,False,,
Oblivion.esm,QUST,00036338,TG11Heist,CNAM,15,110,0,"The Gray Fox has yet to pay me for stealing the Elder Scroll from the Imperial Palace. To get my reward, I have to present a ring to Millona Umbranox, the Countess of Anvil, and gauge her reaction to it. I don't understand what this has to do with the Elder Scroll, but for now I'll trust him.",제국 황궁에서 엘더 스크롤을 훔쳐왔건만 그레이 폭스는 내게 돈을 주지 않고 있다. 그는 내가 보수를 받기 위해선 이 반지를 앤빌의 백작 부인인 밀로나 움브라녹스에게 전해준 뒤 그녀의 태도를 보고 와야 된다고 말했다. 난 그게 엘더 스크롤과 무슨 관계인지 알 수 없었지만 지금은 그를 믿고 있으므로 그의 말대로 해야겠다.,record,False,False,False,False,,
Oblivion.esm,QUST,00036338,TG11Heist,CNAM,16,140,0,"The Gray Fox, who is no longer the Gray Fox, but is now Corvus Umbranox, has given me the Gray Cowl of Nocturnal. I am now the new Gray Fox and the new guildmaster of the Thieves Guild. Due to the magic of the cowl, the Thieves of the guild will not notice the change. However, since the curse is lifted, I can remove the cowl and be recognized as myself again. Interestingly, the cowl's magic makes it so that anyone seeing me remove the cowl does not associate me with the Gray Fox.","그레이 폭스, 아니 더 이상 그레이 폭스가 아닌 코버스 움브라녹스가 내게 녹터널의 회색 가면을 주었다. 이제 나는 도둑 길드의 새로운 그레이 폭스이자 새로운 길드 마스터이다. 가면의 마법으로 길드의 도둑들은 이 변화를 눈치 채지 못할 것이다. 게다가 저주가 풀린 이후로 가면을 벗을 수도 있고 내 자신을 알아볼 수도 있게 되었다. 한 가지 재미있는 사실은 가면의 마법으로 인해 누구도 가면을 벗은 내가 그레이 폭스라 생각하지 않는다는 것이다.",record,False,False,False,False,,
Oblivion.esm,QUST,00036338,TG11Heist,CNAM,17,150,0,"History has been rewritten. I should go see the new Thieves Guild Hall in the Imperial City Waterfront. The Gray Fox, or Count Corvus as he is now known, told me that I get to run the place.","새로운 역사가 시작되었다. 임페리얼 시티의 부두 구역에 있는 새로운 도둑 길드 전당을 찾아가야겠다. 그레이 폭스, 아니 코버스 백작은 내게 그곳에서 길드를 계속 이어가라고 했다.",record,False,False,False,False,,
Oblivion.esm,QUST,00036338,TG11Heist,CNAM,18,200,0,I got into a fight with the monks. The heist is ruined. There is no way to get the Elder Scroll now. My only option is to flee the palace. I am certain the Gray Fox will expel me from the guild. I don't think they'll let me back in.,수도사들과 싸움을 해버렸다. 도둑질은 실패했다. 이제 엘더 스크롤을 얻을 방법이 없다. 하나 남은 선택은 궁전에서 달아나는 것이다. 그레이 폭스는 분명히 나를 길드에서 쫓아낼 것이다. 그렇게 되면 난 다시 도둑 길드로 들어갈 수 없을 것이다.,record,False,False,False,False,,
Oblivion.esm,QUST,00036337,TG10Boots,FULL,0,,,Boots of Springheel Jak,스프링힐 잭의 장화,record,False,False,False,False,,
Oblivion.esm,QUST,00036337,TG10Boots,CNAM,0,10,0,Amusei has given me another message from the Gray Fox. I am to meet him at Ganrendel's house in Cheydinhal.,아뮤세이(Amusei)가 나에게 그레이폭스(Gray Fox)로부터의 또 다른 메시지를 전해주었다. 나는 그를 쉐이딘홀의 간렌델(Ganrendel)의 집에서 만날 것이다.,record,True,True,False,False,HIGH,"Amusei, Gray, Fox, Ganrendel"
Oblivion.esm,QUST,00036337,TG10Boots,CNAM,1,20,0,"The Gray Fox has asked me to find out where Springheel Jak is buried. This famous thief died 300 years ago. He is rumored to have owned a pair of magical boots. The story also says he was buried in those boots. A relative of his, Jakben, Earl of Imbel, lives somewhere in the Imperial City.","그레이 폭스는 스프링힐 잭이 묻힌 곳을 찾을 것을 요청했다. 이 유명한 도둑은 300년 전에 죽었다. 그가 한 켤레의 마법 장화를 가졌었다는 소문이 있다. 그 이야기는 또한 그가 그 신발과 함께 묻혀있다고 한다. 그의 친척 잭벤, 임벨의 백작이 임페리얼 시티 어딘가에 살고 있다.",record,False,False,False,False,,
Oblivion.esm,QUST,00036337,TG10Boots,CNAM,2,20,1,"There is a descendent of Springheel Jak living in the Imperial City named Jakben, Earl of Imbel. The Gray Fox has suggested I look there for clues as to where he is buried. Once I know where to look, I am to get the boots and bring them back to the Gray Fox in Ganredhel's house in Cheydinhal.","임페리얼 시티에 살고 있는 스프링힐 잭의 후손, 임벨의 백작 잭벤이 있다. 그레이 폭스는 나에게 그곳에서 그가 묻힌 곳의 단서를 찾아볼 것을 제안했다. 어디를 찾아야 될지 알게 되면, 나는 그 장화를 입수해서 셰이딘홀의 간레델의 집에 있는 그레이 폭스에게 가져다줘야 한다.",record,False,False,False,False,,
Oblivion.esm,QUST,00036337,TG10Boots,CNAM,3,30,0,I found a book of Imbel family geneology. Very interesting reading. I should ask the Gray Fox about this.,나는 임벨(Imbel)가문의 계보에 관한 책을 발견했다. 매우 재미있는 읽을거리였다. 이것에 대해서 그레이폭스(Gray Fox)에게 물어봐야겠다.,record,True,True,False,False,HIGH,"Imbel, Gray, Fox"
Oblivion.esm,QUST,00036337,TG10Boots,CNAM,4,30,1,"I found a book of Imbel family geneology. No mention of Springheel Jak's burial location. Maybe the Earl himself can tell me, with a little friendly persuasion.",나는 임벨(Imbel)가문의 계보에 관한 책을 발견했다. 스프링힐 잭(Springheel Jak)이 묻힌 장소에 대한 언급은 없었다. 아마 약간의 상냥한 설득이면 백작 스스로 나에게 말할 것이다.,record,True,True,False,False,HIGH,"Imbel, Springheel, Jak"
Oblivion.esm,QUST,00036337,TG10Boots,CNAM,5,35,0,What luck! The family mausoleum for the Imbels is in the basement of the Jakben's house. The poor Earl was so terrified he told me everything I needed to know. He even gave me the key! Now to find those boots.,이런 행운이! 임벨 가문의 영묘는 잭벤의 집 지하에 있다. 가엾은 백작은 내가 알고자 하는 모든 것을 말해줬다는 것에 무척 두려워했다. 심지어 나에게 영묘로 가는 열쇠도 줬다! 이제 장화를 찾을 것이다.,record,False,False,False,False,,
Oblivion.esm,QUST,00036337,TG10Boots,CNAM,6,37,0,The boots were not in the tomb of Springheel Jak. I did find a diary though. Maybe it can provide a clue.,장화는 스프링힐 잭의 무덤에 있지 않았다. 일기는 찾았지만. 아마 이 일기가 실마리를 줄 것이다.,record,False,False,False,False,,
Oblivion.esm,QUST,00036337,TG10Boots,CNAM,7,40,0,"I have read Jakben Imbel's diary, or should I say Springheel Jak's diary. Now I understand why the boots were not in the tomb. Why bury such a valuable item when you can wear it? Even more shocking, it seems that Springheel Jak may have know the Gray Fox himself! They may have been partners in crime several centuries ago.",잭번 임벨(Jakben Imbel) 또는 스프링힐 잭(Springheel Jak)의 일기를 읽었다. 왜 부츠가 무덤 안에 없었는지 이해했다. 그렇게 값진 아이템을 간직한 상태로 묻혔을까? 더 놀라운 것은 스프링힐 잭(Springheel Jak)이 그레이폭스(Gray Fox)를 아는 것같이 보인다는 것이다. 그들은 아마 몇 세기 전에 범죄의 파트너였을 것이다.,record,True,True,False,False,HIGH,"Jakben, Imbel, Springheel, Jak, Springheel, Jak, Gray, Fox"
Oblivion.esm,QUST,00036337,TG10Boots,CNAM,8,45,0,I have the boots. Now to get back to the Gray Fox in Ganredhel's house in Cheydinhal.,장화를 얻는 데 성공했다. 이제 셰이딘홀의 간레델의 집에 있는 그레이 폭스에게 돌아가야 한다.,record,False,False,False,False,,
Oblivion.esm,QUST,00036337,TG10Boots,CNAM,9,49,0,"The Gray Fox thanked me for getting him the boots. However, I will not get my fee until I pay the blood price for my murders.","그레이 폭스는 장화를 가져다 준 것에 고마워했다. 하지만, 나는 내 살인에 대한 피의 대가를 낼 때까지 내 보수를 받을 수 없다.",record,False,False,False,False,,
Oblivion.esm,QUST,00036337,TG10Boots,CNAM,10,50,0,The Gray Fox thanked me for getting him the boots. He paid me 500 gold coins for my efforts.,그레이 폭스는 장화를 가져다 준 것에 대해 고마워했다. 그는 보수로 500골드를 지불했다.,record,False,False,False,False,,
Oblivion.esm,QUST,00036337,TG10Boots,CNAM,11,60,0,I learned that the Gray Fox is not immortal. The Gray Cowl of Nocturnal has been passed from master thief to master thief for close to 300 years now. The original thief that stole it from Nocturnal is long dead. So who is the current Gray Fox?,그레이 폭스가 불멸의 존재가 아니라는 것을 알았다. 녹터널의 회색 가면은 지금까지 300년 가까이 대도에게서 대도에게로 전해져왔다. 녹터널에게서 그것을 훔친 도둑은 오래전에 죽었다. 그렇다면 지금의 그레이 폭스는 누구일까?,record,False,False,False,False,,
Oblivion.esm,QUST,00036336,TG09Arrow,FULL,0,,,Arrow of Extrication,해방의 화살,record,False,False,False,False,,
Oblivion.esm,QUST,00036336,TG09Arrow,CNAM,0,10,0,Amusei sought me out and delivered a message from the Gray Fox. I am to meet him at the home of Malintus Ancrus in Chorrol. He has another task for me. It seems Amusei has finally straightened up and joined the Thieves Guild. He is even trusted enough to deliver messages for the Gray Fox.,해방의 화살,record,False,False,False,False,,
Oblivion.esm,QUST,00036336,TG09Arrow,CNAM,1,20,0,"The Gray Fox will pay me 500 gold coins to steal the Arrow of Extrication. It was recently recovered by Bravil's court wizard, Fathis Aren. There will be no bloodprice for killing Fathis, so long as he doesn't die in the castle. I should start my search in Bravil.","그레이 폭스(Gray Fox)가 해방의 화살을 훔쳐오면 500골드를 주겠다고 했다. 그것은 브라빌의 궁중 마법사인 파시스 아렌(Fathis Aren)이 가지고 있다고 하며, 파시스(Fathis)를 성 안만 아니라면 그를 죽이더라도 피값은 내지 않아도 된다고 했다. 이제 브라빌에서 그를 찾아봐야겠다.",record,True,True,False,False,HIGH,"Gray, Fox, Fathis, Aren, Fathis"
Oblivion.esm,QUST,00036336,TG09Arrow,CNAM,2,25,0,"A beggar in Bravil told me that Fathis Aren has claimed the ruined tower southeast of the city for himself. The door to the tower is impenetrable, but rumor has it that Fathis uses a secret passage from inside the castle to get to it.",브라빌에 있는 한 거지가 파시스 아렌이 도시 동남쪽에 있는 무너진 탑을 소유하고 있다고 했다. 탑으로 들어가는 문을 찾을 순 없지만 들리는 소문에는 파시스가 성에서 비밀통로를 통해 탑으로 들어간다고 한다.,record,False,False,False,False,,
Oblivion.esm,QUST,00036336,TG09Arrow,CNAM,3,26,0,I found Fathis Aren's rooms in Castle Bravil. Now to locate the Arrow of Extrication.,브라빌 성에 있는 파시스 아렌의 방을 찾았다. 이제 해방의 화살을 찾으러 가야겠다.,record,False,False,False,False,,
Oblivion.esm,QUST,00036336,TG09Arrow,CNAM,4,27,0,I've searched both chests in Fathis Aren's room. Neither had the Arrow of Extrication. I'm beginning to think it isn't here. This room doesn't seem to have enough wizardly stuff for a wizard of Fathis stature. I wonder if there is a secret chamber where he keeps his more valuable treasures?,파시스 아렌(Fathis Aren)의 방에서 상자 두개를 찾았다. 하지만 둘 다 해방의 화살은 없었다. 가만 생각해보니 여기가 아닌 것 같다. 파시스(Fathis)정도의 마법사가 마법재료를 두기엔 방이 그다지 안전해 보이지 않는다. 좀 특별한 보물을 보관하는 비밀의 방이 여기 어딘가에 있지 않을까?,record,True,True,False,False,HIGH,"Fathis, Aren, Fathis"
Oblivion.esm,QUST,00036336,TG09Arrow,CNAM,5,28,0,I didn't find the Arrow of Extrication in his room. I should explore this secret passage though. It would be very much like a wizard to hide his valuables in some dark hole filled with monsters.,방 안에선 해방의 화살을 도저히 찾을 수 없었다. 비밀통로 쪽을 찾아봐야겠다. 마법사들이 이런 곳에 보물을 숨겨둘 땐 보통 몬스터들을 가득 채워놓곤 한다.,record,False,False,False,False,,
Oblivion.esm,QUST,00036336,TG09Arrow,CNAM,6,30,0,"I found a key shaped arrow head, but not the whole arrow. This must be what the Gray Fox is looking for, or at least as close as I am going to get. I should take it to him.",화살촉 모양의 열쇠를 찾았지만 화살로 보기 힘들다. 이곳을 샅샅이 뒤져보아도 그레이 폭스(Gray Fox)가 말한 화살 비슷한 것은 이것밖에 없다. 이거라도 가지고 돌아가야겠다.,record,True,True,False,False,HIGH,"Gray, Fox"
Oblivion.esm,QUST,00036336,TG09Arrow,CNAM,7,39,0,The Gray Fox accepted the key shaped arrow head. Apparently it is all that remains of the Arrow of Extrication. He is going to try and get it reforged.,그레이 폭스(Gray Fox)는 화살촉 모양의 열쇠를 받아들었다. 언뜻 보기에 이건 해방의 화살의 남겨진 부분으로 보인다. 그는 화살을 고치러 갔다.,record,True,True,False,False,HIGH,"Gray, Fox"
Oblivion.esm,QUST,00036336,TG09Arrow,CNAM,8,40,0,The Gray Fox accepted the key shaped arrow head. Apparently it is all that remains of the Arrow of Extrication. He is going to try and get it reforged. He thanked me for my efforts and promoted me to Master Thief in the Thieves Guild.,"그레이 폭스(Gray Fox)는 화살촉 모양의 열쇠를 받아들었다. 언뜻 보기에 이건 해방의 화살에서 남겨진 부분 같다. 그는 화살을 고치러 갔다. 그는 나의 노력에 고마워했고, 길드에서의 나의 지위를 마스터 시프(Master Thief)로 승격시켜줬다.",record,True,True,False,False,HIGH,"Gray, Fox, Master, Thief"
Oblivion.esm,QUST,00036335,TG08Blind,FULL,0,,,Turning a Blind Eye,눈을 감아 보기,record,False,False,False,False,,
Oblivion.esm,QUST,00036335,TG08Blind,CNAM,0,4,0,I've entered the Catacombs of the blind monks. The Gray Fox hinted that the true guardians of Savilla's Stone would not be subject to Blood Price. I'm betting that also means they won't be too happy to see me. I'd better be careful from here on.,"눈 먼 수도사들의 지하묘지에 들어왔다. 그레이 폭스(Gray Fox)는 사빌라(Savilla)의 돌의 충실한 수호자들은 죽이더라도 피값에 포함되지 않을 것이라고 살짝 알려 주었다. 그 말은 즉, 아마 그자들도 나를 보면 달가워하진 않을 것임에 틀림없다. 여기서부터는 조심하는 것이 좋을 것이다.",record,True,True,False,False,HIGH,"Gray, Fox, Savilla"
Oblivion.esm,QUST,00036335,TG08Blind,CNAM,1,5,0,"The Monks of the Ancestor Moths read the Elder Scrolls. Apparenlty this makes them blind. When they retire, they are sent to live in an undergound temple. They are all masters of fighting in the dark.",선구자 모쓰(Ancestor Moths)의 수도사들은 엘더 스크롤(Elder Scroll)들을 읽었다. 필시 그것이 눈을 멀게 만들었을 것이다. 눈이 먼 뒤 그들은 지하 신전으로 보내졌다. 그들은 모두 어둠 속에서의 싸움에 달인들이다.,record,True,True,False,False,HIGH,"Ancestor, Moths, Elder, Scroll"
Oblivion.esm,QUST,00036335,TG08Blind,CNAM,2,10,0,"Methredhel sought me out and delivered a message from the Gray Fox. I am to meet him at the home of Helvius Cecia in Bruma. He has an important task for me. Finally, I am going to get to meet the head of the Thieves Guild in person.",메스레델이 나를 찾아 그레이 폭스의 메시지를 전달했다. 브루마에 있는 헬비우스 세시아의 집에서 만날 것이다. 그는 내가 수행할 아주 중요한 일을 가지고 있다. 마침내 도둑 길드의 수장을 만날 기회가 온 것이다.,record,False,False,False,False,,
Oblivion.esm,QUST,00036335,TG08Blind,CNAM,3,20,0,"The Gray Fox has given me the task of recovering Savilla's Stone from a monastery known as the Temple of the Ancestor Moths. It is in the mountains, somewhere north of Cheydinhal, in the farthest corner of Cyrodiil. Killing the human guardians of the stone will not put a bloodprice on my head, but killing innocent people will. The Gray Fox has promised me 500 gold coins.","그레이 폭스(Gray Fox)는 선구자 모쓰의 신전(Temple of the Ancestor Moths)이라고 알려진 수도원으로부터 사빌라(Savilla)의 돌을 되찾아 오는 임무를 맡겼다. 수도원은 산 속에 있으며, 시로딜의 변방인 쉐이딘홀 북쪽 어딘가에 있다. 돌의 수호자들을 죽이는 것에 대해서는 피값를 치르지 않아도 되지만, 무관한 사람들을 죽이는 것은 물론 예외다. 그레이 폭스(Gray Fox)는 보수로 내게 500골드를 약속했다.",record,True,True,False,False,HIGH,"Gray, Fox, Temple, of, the, Ancestor, Moths, Savilla, Gray, Fox"
Oblivion.esm,QUST,00036335,TG08Blind,CNAM,4,26,0,I found the Temple of the Ancestor Moths. Now I just have to locate Savilla's Stone. Maybe I can persuade one of the monks to help me.,선조 나방 사원을 발견했다. 이제 사빌라의 호석의 위치를 찾기만 하면 된다. 어쩌면 수도사들 중 하나가 도울 수도 있을 것이다.,record,False,False,False,False,,
Oblivion.esm,QUST,00036335,TG08Blind,CNAM,5,27,0,Brother Holger has agreed to show me the entrance to the catacombs. I should follow him.,홀기르 수사가 지하 납골당으로의 입구를 가르쳐 주는 데에 동의했다. 그를 따라가야 한다.,record,False,False,False,False,,
Oblivion.esm,QUST,00036335,TG08Blind,CNAM,6,30,0,I have Savilla's Stone. Now to get back to Helvius Cecia's house in Bruma.,사빌라의 호석을 획득했다. 이제 브루마에 있는 헬비우스 세시아의 집으로 돌아가야 한다.,record,False,False,False,False,,
Oblivion.esm,QUST,00036335,TG08Blind,CNAM,7,39,0,"The Gray Fox took Savilla's Stone, but is withholding my payment until I pay the blood price and am reinstated into the guild","그레이 폭스는 사빌라의 호석을 받았지만, 내가 피의 대가를 치르고 길드로 복귀하기 전까지는 보수를 주지 않을 것이다.",record,False,False,False,False,,
Oblivion.esm,QUST,00036335,TG08Blind,CNAM,8,40,0,The Gray Fox has rewarded me for my efforts. He was fairly mysterious about why he needed the stone. He asked me to be available for when he next calls for me.,그레이 폭스는 내 노력에 대한 보상을 지불했다. 왜 그 호석이 필요했는지에 대해선 도저히 알 수 없다. 그가 다음에 다시 나를 부를 때 내가 시간을 낼 수 있기를 원했다.,record,False,False,False,False,,
Oblivion.esm,QUST,00036334,TG07Lex,FULL,0,,,Taking Care of Lex,렉스 손보기,record,False,False,False,False,,
Oblivion.esm,QUST,00036334,TG07Lex,CNAM,0,5,0,A beggar told me I could find S'krivva at the Lonely Suitor Lodge.,렉스 손보기,record,False,False,False,False,,
Oblivion.esm,QUST,00036334,TG07Lex,CNAM,1,6,0,"I have learned that Dairihill's office is in the castle's private quarters, which is off limits. I should look for an indirect way to get in there.",다이어힐의 집무실은 성 내부의 출입 금지 구역에 있다는 것을 알게 되었다. 그곳과 연결된 숨겨진 길을 찾아내야 한다.,record,False,False,False,False,,
Oblivion.esm,QUST,00036334,TG07Lex,CNAM,2,10,0,S'krivva tells me that the Gray Fox is tired of Hieronymus Lex causing problems. He wants Lex removed once and for all. Countess Umbranox of Anvil is in need of a Captain of the Guard. She sent away for a list of recommendations from the Imperial Watch guard. I must create a forgery that recommends Lex and deliver it to her personally. The Gray Fox has a special interest in Countess Umbranox and has choosen Lex to be her protector. Very curious.,스크리바(S'krivva)는 그레이 폭스(Gray Fox)가 히로너머스 렉스(Hieronymus Lex)가 걸림돌이 되고 있다는 사실에 대해 골머리를 앓고 있다고 했다. 그는 렉스(Lex)가 없어지길 바라고 있다. 엔빌의 움브라녹스(Umbranox) 백작부인은 새로운 경비대장을 찾고 있다. 그녀는 임페리얼 순찰대(Imperial Watch guard)로부터의 추천서를 요구했다. 렉스(Lex)를 추천하는 것으로 서신을 위조하여 비밀리에 그녀에게 전달해야만 한다. 그레이 폭스(Gray Fox)는 움브라녹스(Umbranox) 백작부인과는 특별한 관계에 있으며 렉스(Lex)를 그녀의 보호자로 선발했다. 매우 흥미로운 일이다.,record,True,True,False,False,HIGH,"S'krivva, Gray, Fox, Hieronymus, Lex, Lex, Umbranox, Imperial, Watch, guard, Lex, Gray"
Oblivion.esm,QUST,00036334,TG07Lex,CNAM,3,10,1,"First, I steal the letter from steward Dairihill's desk in Castle Anvil. Then get a forgery made. I have to find and pay for my own forger. Then seal it with the Imperial Watch seal from the legion commander's desk in the Imperial City. Dairihill cannot be trusted to deliver the letter. I must personally deliver the forged letter to Countess Umbranox of Anvil. I will be paid 500 gold, plus the cost of the forgery.","먼저, 앤빌 성에 있는 집사 다이어힐의 책상에서 서신을 훔쳐야 한다. 그리고 위조 서신을 만든다. 위조 전문가를 찾아 비용을 지불해야 한다. 그리고 임페리얼 시티의 제국군 경비대장의 책상에 있는 제국군 경비대의 인장으로 이를 봉해야 한다. 다이어힐은 서신이 제대로 배달되었을지를 확인할 수 없을 것이다. 비밀리에 앤빌의 백작 부인에게 위조된 서신을 전달해야 한다. 보수로서 500골드를 받게 될 것이며, 거기에 위조 서신에 대한 비용 역시 받을 것이다.",record,False,False,False,False,,
Oblivion.esm,QUST,00036334,TG07Lex,CNAM,4,12,0,A beggar told me that there may be secret ways in the castle. I am supposed to find the blacksmith. I'm not really sure why.,"한 거지가 내게 말하길, 성으로 통하는 비밀 통로가 있을 것이라 했다. 성의 대장장이를 만나면 된다고 한다. 왜 대장장이인지 알 수 없지만.",record,False,False,False,False,,
Oblivion.esm,QUST,00036334,TG07Lex,CNAM,5,13,0,Orrin has shown me a secret passage within the walls of Castle Anvil. It should let me get closer to Dairihill's office without being seen by the castle guards.,오린이 앤빌 성의 우물로 통하는 비밀 통로를 가르쳐주었다. 통로를 통해 성 안의 경비병들의 눈에 띄지 않고 다이어힐의 집무실 근처까지 도달할 수 있을 것이다.,record,False,False,False,False,,
Oblivion.esm,QUST,00036334,TG07Lex,CNAM,6,15,0,My sources tell me that there is a master forger in Anvil. He is known only as The Stranger. He lives in a house by the Mages Guild.,정보에 의하면 앤빌에는 위조 전문가가 있다고 한다. 그는 이방인으로만 알려질 뿐 그 이상은 알 수 없다. 그는 메이지 길드 건물 옆 버려진 집에 살고 있다.,record,False,False,False,False,,
Oblivion.esm,QUST,00036334,TG07Lex,CNAM,7,20,0,I have the letter. Now I need to find a forger.,서신을 손에 넣었다. 이제 위조 전문가를 찾아야 한다.,record,False,False,False,False,,
Oblivion.esm,QUST,00036334,TG07Lex,CNAM,8,30,0,I delivered the letter to The Stranger. He said to return in a day and he would have the new letter ready. It's going to cost 500 gold coins.,이방인으로 불리는 그에게 서신을 전달했다. 그는 하루 안에 위조 서신을 만들어 낼 수 있을 것이라고 했다. 비용으로 500골드가 들 것이다.,record,False,False,False,False,,
Oblivion.esm,QUST,00036334,TG07Lex,CNAM,9,40,0,The Stranger has forged a new letter for me. Now I have to go to the Imperial Legion compound in the Imperial City. I have to seal the letter using the official seal of the Legion Commander.,이방인이라 불리는 그는 요구대로 위조 서신을 만들어 주었다. 이제 임페리얼 시티의 제국군 병영으로 가야한다. 제국군 사령관의 인장으로 이 위조 서신을 봉해야 한다.,record,False,False,False,False,,
Oblivion.esm,QUST,00036334,TG07Lex,CNAM,10,50,0,I've sealed the letter with the Legion Commander's seal. Now I must deliver it to Countess Umbranox personally. I will take on the role of courier.,제국군 지휘관의 인장으로 위조 서신을 봉했다. 이제 비밀리에 백작 부인에게 이것을 전달해야 한다. 밀사의 역할을 맡은 것이다.,record,False,False,False,False,,
Oblivion.esm,QUST,00036334,TG07Lex,CNAM,11,80,0,Countess Umbranox has given me her response. Now I need to deliver it to Hieronymus Lex. The look on his face should be priceless.,움브라녹스 백작 부인으로부터 답신을 건네 받았다. 이제 이것을 히에로니무스 렉스에게 전달하도록 하자. 그의 얼굴이 꽤나 볼 만할 것이다.,record,False,False,False,False,,
Oblivion.esm,QUST,00036334,TG07Lex,CNAM,12,85,0,Hieronymus Lex was shocked to learn he had been reassigned. Now the Thieves Guild will be safe from his persecution. All I have to do is get back to S'krivva to collect my reward.,히에로니무스 렉스는 자신이 재배치된 것을 알고 크게 충격 받았다. 이제 더 이상 그가 도둑 길드를 귀찮게 하는 일은 없을 것이다. 이제 남은 일은 스'크리바에게 돌아가 보수를 받는 것 뿐이다.,record,False,False,False,False,,
Oblivion.esm,QUST,00036334,TG07Lex,CNAM,13,90,0,S'krivva thanked me for my help in this delicate matter. Hieronymus Lex will no longer be a threat to the Thieves Guild or the Gray Fox.,스'크리바는 민감한 문제를 해결해준 내게 고마워했다. 히에로니무스 렉스는 더 이상 그레이 폭스와 도둑 길드를 위협하지 않을 것이다.,record,False,False,False,False,,
Oblivion.esm,QUST,00036333,TG06Atonement,FULL,0,,,Lost Histories,잃어버린 역사,record,False,False,False,False,,
Oblivion.esm,QUST,00036333,TG06Atonement,CNAM,0,8,0,A beggar reminded me that S'krivva can be found at the Lonely Suitors Lodge and at the Arena. I'll need to speak with her to see if there are any special Thievs Guild assignments available.,"한 거지가 내게 말하길, 스크리바(S'krivva)는 아레나의 외로운 남자의 여관(Lonely Suitors Lodge)에서 만날 수 있을 것이라고 했다. 혹시 도둑 길드(Thievs Guild)에서의 뭔가 특별한 임무는 없는지 물어봐야 겠다.",record,True,True,False,False,HIGH,"S'krivva, Lonely, Suitors, Lodge, Thievs, Guild"
Oblivion.esm,QUST,00036333,TG06Atonement,CNAM,1,10,0,S'krivva of the Thieves Guild has asked me to find out what happened to the thief named Theranis. He was sent to steal a book entitled Lost Histories of Tamriel from the wizard in Castle Skingrad. My job is to recover the book. S'krivva doesn't care if Theranis delivers it to her or I do.  I'm getting 400 gold coins either way.,도둑 길드의 스'크리바는 테라니스라는 도둑에게 무슨 일이 일어났는지에 대해 알아오길 요청했다. 그는 스킨그라드 성의 마법사로부터 탐리엘의 잃어버린 역사라는 제목의 책을 훔쳐내기 위해 파견되었다. 나의 임무는 그 책을 훔쳐내는 것이다. 스'크리바는 가져오는 것이 테라니스가 되든 내가 되든 전혀 상관 않는다. 보수로 400골드를 받을 것이다.,record,False,False,False,False,,
Oblivion.esm,QUST,00036333,TG06Atonement,CNAM,2,15,0,"I discovered that Theranis was arrested. It seems he was found in a tavern, drunk and bragging about stealing something from Castle Skingrad. The Captain of the Skingrad Guard overheard him and arrested him. I'm going to have to break into the dungeon if I want to speak to Theranis.",테라니스가 체포되었다는 사실을 알아냈다. 여관에서 만취해 스킨그라드 성에서 뭔가를 훔쳐냈다는 이야기를 떠벌린 모양이다. 스킨그라드 경비대장이 이를 엿듣고 그를 체포했다. 테라니스와 대화하기 위해서는 지하 감옥으로 잠입해야만 한다.,record,False,False,False,False,,
Oblivion.esm,QUST,00036333,TG06Atonement,CNAM,3,20,0,"I tried to bribe my way into the jail to see Theranis, but the jailor is too honest. Either that or he is terrified of Count Hassildor. It's too bad I can't get a job in the castle. What does a guy have to do in this town to see the inside of the jail? Get arrested?","감옥에 있는 써라니스(Theranis)를 만나기 위해서는 뇌물을 먹일 필요가 있는데, 아무래도 간수가 너무 정직한 사람인 듯싶다. 게다가, 그는 하실도르 백작(Count Hassildor)을 무서워한다. 내가 성 안에서 직업을 구할 수 없는 것이 매우 안타깝다. 이 도시에서 감옥 안을 들어가 볼 방법은 어떤 것이 있을까? 체포 되어야 할까?",record,True,True,False,False,HIGH,"Theranis, Count, Hassildor"
Oblivion.esm,QUST,00036333,TG06Atonement,CNAM,4,25,0,"It seems that the butler, Shum gro-Yarug, is hiring up at Castle Skingrad. Penetrating the castle would be much easier if I had that job.",집사 셤 그로-야루그가 스킨그라드 성에서 일할 사람을 찾고 있는 것 같다. 성에 고용된다면 좀 더 잠입이 수월해질 것이다.,record,False,False,False,False,,
Oblivion.esm,QUST,00036333,TG06Atonement,CNAM,5,30,0,"I got myself hired as a servant in Castle Skingrad. I only have access to the Great Keep, but that should help. Shum gro-Yarug says that the jailors will open the prison door for me. Now I just have to find Theranis.","스킨그라드 성에 하인 행세를 하고 들어갔다. 거대 요새 구역이 내가 갈 수 있는 유일한 장소이지만 분명 이것이 도움이 될 것이다. 셤 그로-야루그가 말하길, 간수들은 나를 위해 감옥 문을 열어줄 것이라 했다. 이제 테라니스를 찾기만 하면 된다.",record,False,False,False,False,,
Oblivion.esm,QUST,00036333,TG06Atonement,CNAM,6,40,0,"The only prisoner in Castle Skingrad's jail is Larthjar. He told me that the Pale Lady, whoever she is, took Theranis days ago. I don't like the sound of that. There was an Argonian prisoner in the same cell as Theranis. Apparently he was also taken by the Pale Lady just a couple of hours ago. The Argonian put up quite a struggle and was bleeding. It's the only clue I've got right now. I'd better follow it.","스킨그라드 성 감옥의 유일한 죄수는 라트야르다. 누구인지는 알 수 없으나 며칠 전, 어떤 안색이 창백한 여인이 테라니스를 데리고 갔다고 했다. 그다지 좋은 소식은 아니다. 아르고니안 죄수 한 명이 테라니스와 같은 감옥에 있었다. 그 역시 몇 시간 전에 창백한 여인이 나타나 데리고 가버렸다. 그 아르고니안 죄수는 격렬하게 저항했으나, 피를 흘리고 있었다. 이것이 현재 내가 알아 낼 수 있는 전부였다. 뒤를 밟아보는 것이 좋을 듯하다.",record,False,False,False,False,,
Oblivion.esm,QUST,00036333,TG06Atonement,CNAM,7,45,0,Theranis is dead. I found his body in the secret chamber with Amusei and the Pale Lady.,테라니스는 죽었다. 비밀 공간에서 창백한 여인과 아뮤세이와 함께 그의 시체를 발견했다.,record,False,False,False,False,,
Oblivion.esm,QUST,00036333,TG06Atonement,CNAM,8,50,0,"The Argonian in the cell with Theranis turned out to be Amusei! Before he died, Theranis told Amusei where he hid a special treasure, which I assume is the book. If I can get him out of here, Amusei will tell me where the book is hidden. Of course being seen helping a known prisoner to escape is a crime. I'll have to avoid the guards in the castle.","테라니스와 함께 있던 아르고니안 죄수는 알고 보니 아뮤세이였다! 죽기 전에 테라니스는 아뮤세이에게 특별한 보물을 숨겨둔 곳을 말해주었다고 한다. 분명 그곳에 책도 같이 있을 것이다. 내가 그를 탈출 시킨다면, 아뮤세이는 내게 책이 숨겨진 곳을 가르쳐줄 것이다. 물론, 탈옥을 돕는 일은 범죄이다. 따라서 성내에서 경비들을 피해야 한다.",record,False,False,False,False,,
Oblivion.esm,QUST,00036333,TG06Atonement,CNAM,9,51,0,Amusei and I escaped from Castle Skingrad. Let's see if he will keep his word and tell me about the book.,아뮤세이와 스킨그라드 성를 탈출했다. 그가 약속을 지켜 책에 대해 말해줄런지 지켜보도록 하자.,record,False,False,False,False,,
Oblivion.esm,QUST,00036333,TG06Atonement,CNAM,10,52,0,"Amusei was grateful for being saved from the Pale Lady and told me where to find the book. It is under a bush, behind Nerastarel's house, near a well.",아뮤세이는 창백한 여인으로부터 구해준 것에 대해 고마워하며 책이 있는 곳을 가르쳐주었다. 그곳은 우물 근처의 네라스타렐의 집 뒤에 있는 덤불 아래라고 한다.,record,False,False,False,False,,
Oblivion.esm,QUST,00036333,TG06Atonement,CNAM,11,60,0,I have the Lost Histories of Tamriel. Now all I have to do is return it to S'krivva in Bravil.,탐리엘의 잃어버린 역사라는 책을 손에 넣었다. 이제 남은 일은 브라빌의 스'크리바에게 돌아가는 것 뿐이다.,record,False,False,False,False,,
Oblivion.esm,QUST,00036333,TG06Atonement,CNAM,12,70,0,S'krivva has rewarded me for recovering Lost Histories of Tamriel.,스'크리바는 탐리엘의 잃어버린 역사라는 책을 가져온 대가로 보수를 지불했다.,record,False,False,False,False,,
Oblivion.esm,QUST,00036332,TG05Misdirection,FULL,0,,,Misdirection,잘못된 정보,record,False,False,False,False,,
Oblivion.esm,QUST,00036332,TG05Misdirection,CNAM,0,4,0,"A beggar reminded me that I can find S'krivva in the Lonely Suitor Lodge, or at home.",잘못된 정보,record,False,False,False,False,,
Oblivion.esm,QUST,00036332,TG05Misdirection,CNAM,1,10,0,"S'krivva tells me that Hieronymus Lex, Captain of the Imperial Watch, has pulled guards from all over the Imperial City to lockdown the Waterfront. He has vowed to remain there until someone rats out the Gray Fox. If I want to help I have to find Methredhel. She is hiding somewhere in the Imperial City.","스크리바(S'krivva)는 임페리얼 순찰대(Imperial Watch) 대장인 히로너머스 렉스(Hieronymus Lex)가, 임페리얼시티의 가드를 모두 소집해 선창가(Waterfront)를 격리시켰다. 그것은 누군가가 그레이 폭스(Gray Fox)를 잡을 때까지 지속될 것이라 했다. 돕고 싶다면 메쓰레델(Methredhel)을 찾아보라고 했다. 그녀는 임페리얼시티 어딘가에 숨어있다고 했다.",record,True,True,False,False,HIGH,"S'krivva, Imperial, Watch, Hieronymus, Lex, Waterfront, Gray, Fox, Methredhel"
Oblivion.esm,QUST,00036332,TG05Misdirection,CNAM,2,15,0,Methredhel has a plan to force Hieronymus Lex to lift his seige of the Waterfront. Myself and four other Thieves Guild operatives will go on a crime spree. Each of us is assigned a high profile item to steal. I am to steal Hrormir's staff from the Archmage's room at the Arcane University. I have a note I am supposed to leave in his nightstand.,메쓰레델(Methredhel)은 히로너머스 렉스(Hieronymus)가 선창가(Waterfront)에 대한 공세를 강화했다고 했다. 나를 비롯해 네 명의 다른 도둑길드원(Thieves Guild)들이 움직일 것이라고 했다. 우리들에게는 각각 훔쳐야 할 것들이 할당되었다. 난 아케인 대학 아크메이지(Archmage)의 침실에 있는 흐로어마이어(Hrormir)의 지팡이를 훔쳐야 한다. 그리고 도망쳐 나올 때 그곳 서랍장에 두고나올 쪽지 하나를 받았다.,record,True,True,False,False,HIGH,"Methredhel, Hieronymus, Waterfront, Thieves, Guild, Archmage, Hrormir"
Oblivion.esm,QUST,00036332,TG05Misdirection,CNAM,3,19,0,I have Hrormir's Icestaff. All I need to do is leave the note in the nightstand.,흐로미르의 얼음 지팡이를 손에 넣었다. 이제 쪽지를 침실 서랍장에 넣어두고 나오면 된다.,record,False,False,False,False,,
Oblivion.esm,QUST,00036332,TG05Misdirection,CNAM,4,20,0,I slid the note into the Archmage's night stand. Now to get the staff back to Methredhel.,흐로어마이어의 아이스 스태프(Hrormir's Icestaff)를 손에 넣었다. 이제 쪽지를 침실 서랍장에 넣어두고 나오면 된다.,record,True,True,False,False,HIGH,"Hrormir's, Icestaff"
Oblivion.esm,QUST,00036332,TG05Misdirection,CNAM,5,25,0,"I gave the Icestaff to Methredhel. She says we need to wait for the nobles and wizards to act. She wants me to watch Lex until he is ordered to leave the Waterfront. I have to make sure I get close enough to him to overhear any conversations. When he does, I report back to Methredhel.",메스레델에게 얼음 지팡이를 주었다. 그녀는 귀족들과 마법사들이 움직일 때까지 기다리라고 했다. 또한 렉스가 부두 구역에서 철수하라는 명령을 받을 때까지 그를 감시하라고 했다. 그러니까 그가 하는 어떤 말이라도 엿들을 수 있도록 그를 염탐해야 한다는 것이다. 렉스가 행동에 옮긴다면 메스레델에게 돌아오면 된다.,record,False,False,False,False,,
Oblivion.esm,QUST,00036332,TG05Misdirection,CNAM,6,30,0,"While spying on Hieronymus Lex, I saw a Dremora delivered a note to him. Lex has begun moving his watchmen out of the Waterfront. I think this is the signal for me to report back to Methredhel. Lex dropped that note. I wonder if I can find it?",아크메이지의 침실 서랍장에 쪽지를 넣어뒀다. 이제 스태프를 메쓰레델(Methredhel)에게 가져다 주면 된다.,record,True,True,False,False,HIGH,Methredhel
Oblivion.esm,QUST,00036332,TG05Misdirection,CNAM,7,40,0,I read the note that Hieronymus Lex dropped. Apparently he used guards from the Arcane University in his lockdown of the Waterfront. The wizards are blaming him for the theft of the Icestaff.,히에로니무스 렉스가 떨어뜨린 쪽지를 보았다. 그는 아케인 대학에 있는 경비병들까지 모두 부두 구역을 격리시키는데 동원한 것 같다. 그래서 마법사들이 얼음 지팡이를 도둑맞은 게 모두 그의 탓이라는 내용이었다.,record,False,False,False,False,,
Oblivion.esm,QUST,00036332,TG05Misdirection,CNAM,8,45,0,"Methredhel has one last task for me. It's too dangerous to return Hrormir's Icestaff directly to the Arcane University. Instead,  I have to put the Icestaff into a chest in Ontus Vanin's home. He is a researcher for the Arcane University and will certainly find it there. ",메쓰레델(Methredhel)에게 아이스 스태프(Icestaff)를 주었다. 그녀는 귀족들과 마법사들이 움직일 때까지 기다리라고 했다. 또한 렉스(Lex)가 선창가(Waterfront)에서 철수하라는 명령을 받을 때까지 그를 감시하라고 했다. 그러니까 그가 하는 어떤 말이라도 엿들을 수 있도록 그를 염탐해야 한다는 것이다. 렉스(Lex)가 행동에 옮긴다면 메쓰레델(Methredhel)에게 돌아오면 된다.,record,True,True,False,False,HIGH,"Methredhel, Icestaff, Lex, Waterfront, Lex, Methredhel"
Oblivion.esm,QUST,00036332,TG05Misdirection,CNAM,9,50,0,I've planted the Icestaff in the chest in Ontus' bedroom. I should go see S'krivva and collect my reward.,얼음 지팡이를 온투스의 침실에 가져다 놓았다. 이제 스'크리바에게 가서 보수를 받아야겠다.,record,False,False,False,False,,
Oblivion.esm,QUST,00036332,TG05Misdirection,CNAM,10,60,0,S'krivva was very pleased. The Arcane University has forced Hieronymus Lex to break his siege of the Waterfront. She paid me the 300 gold coins she promised. I have been promoted to Cat Burglar within the Thieves Guild.,스'크리바는 매우 기뻐했다. 아케인 대학은 히에로니무스 렉스에게 부두 구역에서 철수하라고 명령했다고 한다. 그녀는 약속대로 300골드를 주었다. 이로써 길드에서의 내 지위는 빈집털이범이 되었다.,record,False,False,False,False,,
Oblivion.esm,QUST,00036300,MG11NecroMoon,FULL,0,,,Necromancer's Moon,네크로맨서의 달,record,False,False,False,False,,
Oblivion.esm,QUST,00036300,MG11NecroMoon,CNAM,0,10,0,I need to go to the Mystic Archives and speak with Tar-Meena.,네크로맨서의 달,record,False,False,False,False,,
Oblivion.esm,QUST,00036300,MG11NecroMoon,CNAM,1,20,0,"Tar-Meena told me to find a book entitled ""Necromancer's Moon"". I need to look for it in the Mystic Archives of the Arcane University.","타르-미나는 내게 ""네크로맨서의 달""이라는 책을 찾아보라고 말했다. 아케인 대학의 신비의 기록 보관소 어딘가에 있을 것이다.",record,False,False,False,False,,
Oblivion.esm,QUST,00036300,MG11NecroMoon,CNAM,2,30,0,"I've found the book ""Necromancer's Moon"", and should take it to Raminus Polus after consulting with Tar-Meena.","""네크로맨서의 달""이라는 책을 찾았고, 타르-미나와 상담 후 라미누스 폴루스에게 책을 가져다 주어야 한다.",record,False,False,False,False,,
Oblivion.esm,QUST,00036300,MG11NecroMoon,CNAM,3,40,0,"I need to find Bothiel in the Arcane University and speak with her about this ""Shade of the Revenant"".","아케인 대학의 보티엘을 찾아 ""귀환자의 그림자""에 대해 이야기 해야 한다.",record,False,False,False,False,,
Oblivion.esm,QUST,00036300,MG11NecroMoon,CNAM,4,45,0,Bothiel gave me a piece of paper Falcar dropped when he visited her about the Revenant mentioned in the Necromancer's book. I should show the note to Raminus Polus.,보티엘은 예전에 팔카가 네크로멘서의 책에 언급된 귀환자에 대해 질문하러 찾아왔을 때 떨어뜨린 종이조각을 주었다. 종이조각을 라미누스 폴루스에게 보여주는게 좋을 듯 싶다.,record,False,False,False,False,,
Oblivion.esm,QUST,00036300,MG11NecroMoon,CNAM,5,50,0,"I need to find the Dark Fissure, south of Cheydinhal, before the next time ""the Shade of the Revenant"" occurs. I should be on the lookout for the ""heavenly lights"" mentioned in the Necromancer's book.","일주일에 한 차례씩, 한밤중에 ""귀환자의 그림자"" 현상이 발생할 시간에 맞춰 셰이딘홀 남쪽에 있는 어두운 틈새 동굴을 찾아야 한다. 네크로맨서의 책에 적혀있던 ""천상의 빛"" 현상이 발생하는지 계속 기다리며 살펴보는 게 좋을 것 같다.",record,False,False,False,False,,
Oblivion.esm,QUST,00036300,MG11NecroMoon,CNAM,6,60,0,"I have found evidence of Necromancers creating Black Soul Gems at the Dark Fissure Cave, as well as other altars throughout Cyrodiil. I need to get this information to Raminus Polus at the Arcane University.","어두운 틈새 동굴에서 네크로맨서들이 검은 소울젬을 만들려 했다는 증거를 찾아냈다. 아울러, 시로딜 전역에 다른 제단들이 있다는 사실도 알아냈다. 이 정보를 아케인 대학의 라미누스 폴루스에게 알려야 한다.",record,False,False,False,False,,
Oblivion.esm,QUST,00036300,MG11NecroMoon,CNAM,7,60,1,I've witnessed Necromancers creating Black Soul Gems at the Dark Fissure cave. I need to get this information to Raminus Polus.,어두운 틈새 동굴에서 네크로맨서들이 검은 소울젬을 만드는 광경을 목격했다. 이 사실을 라미누스 폴루스에게 알려야 한다.,record,False,False,False,False,,
Oblivion.esm,QUST,00036300,MG11NecroMoon,CNAM,8,100,0,I've told Raminus Polus everything about Necromancers and black soul gems that I have seen,라미누스 폴러스(Raminus Polus)에게 내가 본 네크로맨서들(Necromancers)과 블랙 소울 잼(Black Soul Gems)에 관한 모든 것들을 말했다.,record,True,True,False,False,HIGH,"Raminus, Polus, Necromancers, Black, Soul, Gems"
Oblivion.esm,QUST,00035F28,MG10Vahtacen,FULL,0,,,Vahtacen's Secret,바타켄의 비밀,record,False,False,False,False,,
Oblivion.esm,QUST,00035F28,MG10Vahtacen,CNAM,0,10,0,Raminus Polus has asked that I speak with Irlav Jarol about assisting with his research.,바타켄의 비밀,record,False,False,False,False,,
Oblivion.esm,QUST,00035F28,MG10Vahtacen,CNAM,1,20,0,I need to find the Ayelid ruins of Vahtacen and speak with Skaleel.,바티큰 아일레이드 폐허(Ayelid ruins of Vahtacen)를 찾고 그 안의 스커릴(Skaleel)과 대화해야 한다.,record,True,True,False,False,HIGH,"Ayelid, ruins, of, Vahtacen, Skaleel"
Oblivion.esm,QUST,00035F28,MG10Vahtacen,CNAM,2,30,0,"A room in Vahtacen contains a pillar that reacts to magic. I need to figure out how it works, but I must be careful so that I am not harmed. It's been suggested that I should stay away from anything but simple, single-effect spells.",바흐타센 유적의 방 한가운데에는 마법에 반응하는 돌기둥이 있다. 기둥의 작동원리를 알아내야 하지만 다치지 않도록 주의해야만 한다. 기둥은 단순히 하나의 효과를 주는 주문이면 어느 것이든 반응하는 것으로 추측된다.,record,False,False,False,False,,
Oblivion.esm,QUST,00035F28,MG10Vahtacen,CNAM,3,35,0,Skaleel may have some reference material for deciphering the Ayleid symbols in Vahtacen. I should ask her for it.,스칼릴은 아마도 바타켄 안에 새겨진 에일리드 비문을 해석하기 위한 참고자료를 가지고 있을 것이다. 그녀에게 물어보는 것이 좋을 것 같다.,record,False,False,False,False,,
Oblivion.esm,QUST,00035F28,MG10Vahtacen,CNAM,4,37,0,"Denel has offered to find translations of the inscriptions on the walls of Vahtacen. I should read all the inscriptions, and then tell him what they say.",데넬은 바타켄 벽에 새겨진 비문을 해석해 주겠다고 했다. 벽의 비문을 전부 보고 그의 해석을 들어봐야겠다.,record,False,False,False,False,,
Oblivion.esm,QUST,00035F28,MG10Vahtacen,CNAM,5,40,0,"I've solved the puzzle of the pillar, opening up more of the ruins of Vahtacen.","난 돌기둥의 수수께끼를 풀었고, 바타켄 밑에 숨겨진 유적을 찾아냈다.",record,False,False,False,False,,
Oblivion.esm,QUST,00035F28,MG10Vahtacen,CNAM,6,50,0,I've found an object deep within Vahtacen. I should take it to Skaleel.,바타켄의 깊은 곳에서 무언가를 찾아냈다. 이것을 스칼릴에게 가져다 줘야겠다.,record,False,False,False,False,,
Oblivion.esm,QUST,00035F28,MG10Vahtacen,CNAM,7,60,0,I need to deliver the Ayelid artifact to Irlav Jarol.,난 아일레이드 아티팩트(Ayelid artifact)를 얼라브 제롤(Irlav Jarol)에게 가져다 줘야겠다.,record,True,True,False,False,HIGH,"Ayelid, artifact, Irlav, Jarol"
Oblivion.esm,QUST,00035F28,MG10Vahtacen,CNAM,8,100,0,I have delivered the artifact to Irlav Jarol.,이를라브 자롤에게 유물을 가져다 주었다.,record,False,False,False,False,,
Oblivion.esm,QUST,00035DE0,TG04Mistake,FULL,0,,,Ahdarji's Heirloom,아다르지의 가보,record,False,False,False,False,,
Oblivion.esm,QUST,00035DE0,TG04Mistake,CNAM,0,5,0,"Armand is no longer my primary Thieves Guild contact. My new contact is S'krivva, in the city of Bravil. I can find her either at home or at the Lonely Suitor Lodge. I should ask her if there are any commission jobs for me.",아다르지의 가보,record,False,False,False,False,,
Oblivion.esm,QUST,00035DE0,TG04Mistake,CNAM,1,10,0,S'krivva has asked me to retrieve a ring that belongs to Ahdarji. She is a Khajiit living in Leyawiin. I need to go to Leyawiin and see if I can find her.,스'크리바는 아다르지라는 자의 반지를 회수해 달라고 했다. 그녀는 레이야윈에 살고있는 카짓이다. 레이야윈으로 가서 찾아봐야겠다.,record,False,False,False,False,,
Oblivion.esm,QUST,00035DE0,TG04Mistake,CNAM,2,15,0,Ahdarji is offering 100 gold coins for her ring. The ring was stolen by Amusei. I wonder if that is the same Argonian that I competed against to get into the guild? I'll have to look around for him.,아다르지는 반지를 되찾기 위해 100골드를 의뢰비로 주겠다고 했다. 반지를 훔쳐간 자는 아뮤세이라고 했다. 아! 그러고 보니 그 놈 길드에 가입하려고 경쟁했던 아르고니안 아냐? 한번 찾아봐야겠다.,record,False,False,False,False,,
Oblivion.esm,QUST,00035DE0,TG04Mistake,CNAM,3,20,0,Amusei is in jail here in Leyawiin. The only way I'm going to find that ring is to talk to him there.,아뮤세이는 레이야윈 감옥에 있다. 반지를 찾으려면 그와 얘기해보는 수밖에 없겠다.,record,False,False,False,False,,
Oblivion.esm,QUST,00035DE0,TG04Mistake,CNAM,4,30,0,"Amusei knows where the ring is, but he won't tell me unless I get him a lockpick.",아뮤세이는 반지가 있는 곳을 안다고 했지만 자기를 꺼내주지 않으면 얘기하지 않겠다고 했다.,record,False,False,False,False,,
Oblivion.esm,QUST,00035DE0,TG04Mistake,CNAM,5,40,0,"Amusei told me that the ring was inscribed on the inside with the name Alessia Caro, a.k.a. the Countess of Leyawiin. Apparently he tried to sell it back to her. When he went to deliver the ring, he was arrested and thrown into jail. She kept the ring. It must be somewhere in the castle, assuming she isn't wearing it. I'll need to find someone who can tell exactly where. This might be a good time to revisit Ahdarji, or to see what the beggars know.",아뮤세이의 말로는 반지 안쪽에 레이야윈 백작 부인의 이름인 알레시아 카로라는 명칭이 새겨져 있었단다. 그래서 그걸 팔아먹으려고 그녀에게 갔다가 체포되었다고 했다. 그녀가 반지를 가지고 있다. 시건방진 그녀는 분명 반지를 끼지 않고 성 안 어딘가에 놔 두었을 것이다. 그 위치를 정확히 알고 있을만한 인물을 찾아봐야겠다. 아다르지를 다시 찾아가거나 거지들의 정보를 얻는게 좋을 것 같다.,record,False,False,False,False,,
Oblivion.esm,QUST,00035DE0,TG04Mistake,CNAM,6,42,0,"A beggar told me that Hlidara Mothril, Alessia Caro's chambermaid, might be able to tell me where she keeps her ring. I'll have to sweet talk her though.",한 거지는 알레시아 카로의 시녀인 릴다라 모스릴이 반지가 있는 곳을 얘기해 줄지도 모른다고 했다. 그녀에게 잘 말해봐야겠다.,record,False,False,False,False,,
Oblivion.esm,QUST,00035DE0,TG04Mistake,CNAM,7,45,0,"Apparently Ahdarji can use the ring to read missives and other castle documents written by the Count. She sells the information to other Counts of Cyrodiil. Now that the cat is out of the bag, so to speak, she has upped the reward to 200 gold coins.",아다르지는 분명 이 반지를 백작이 쓴 공문서와 그 밖의 서류를 읽는 데 사용했을 것이다. 그리고 그 정보를 시로딜의 다른 백작에게 팔아먹었을 것이고. 비밀이 탄로 나자 그녀는 보수를 200골드로 올렸다.,record,False,False,False,False,,
Oblivion.esm,QUST,00035DE0,TG04Mistake,CNAM,8,47,0,"I got a tip to speak with Hlidara Mothril. If I sweet talk her, she might tell me more about Alessia Caro and the ring.",릴다라 모스릴과 얘기하면서 힌트를 얻었다. 그녀에게 말만 잘하면 아마 알레시아 카로와 반지에 대해 좀 더 얘기해줄 것 같다.,record,False,False,False,False,,
Oblivion.esm,QUST,00035DE0,TG04Mistake,CNAM,9,48,0,"It seems there is a secret passage that leads from the basement to the Countess' private chambers. If I can find it, that passage might be a safer way to sneak into her room.",성의 지하실에는 백작 부인의 개인 침실로 이어진 비밀통로가 있는 것 같다. 그 통로를 찾는다면 아마 좀 더 안전하게 침실로 숨어들어갈 수 있을 것이다.,record,False,False,False,False,,
Oblivion.esm,QUST,00035DE0,TG04Mistake,CNAM,10,50,0,"It seems that Alessia Caro wears the ring all the time, which is going to make is really difficult to steal it from her. However, I learned that she always takes it off at night. I'll have to sneak into her bedroom at night and rifle through that jewelry box.",성의 지하실에는 백작부인의 개인 침실로 이어진 비밀통로가 있는 것 같다. 그 통로를 찾는다면 아마 좀 더 안전하게 침실로 숨어들어갈 수 있을 것이다.,record,False,False,False,False,,
Oblivion.esm,QUST,00035DE0,TG04Mistake,CNAM,11,60,0,I've got the ring. Now to find Ahdarji and collect my reward.,반지를 손에 넣었다. 이제 아다르지를 찾아서 보수를 받아야겠다.,record,False,False,False,False,,
Oblivion.esm,QUST,00035DE0,TG04Mistake,CNAM,12,69,0,"S'krivva tells me that I must pay a blood price of 1000 gold coins for each person I killed while recovering Ahdarji's ring. Until I do, I am no longer a Thieves Guild member.","스'크리바가 말하기를, 아다르지의 반지를 훔치는 과정에서 내가 살해한 사람당 1000골드를 벌금으로 내야 한다고 한다. 벌금을 낼 때까지 나는 도둑 길드의 일원일 수 없다.",record,False,False,False,False,,
Oblivion.esm,QUST,00035DE0,TG04Mistake,CNAM,13,70,0,Ahdarji was very grateful and rewarded me nicely for the ring. I get the feeling she hates Argonians though. No wonder Amusei had trouble with her. Now all I have to do is report back to S'krivva in Bravil.,아다르지는 반지를 찾아준 것에 대해 아주 기뻐했고 넉넉한 보상금도 주었다. 내 생각에 그녀는 아르고니안을 싫어하는것 같다. 아뮤세이와 그런 문제가 생긴 것도 어찌 보면 당연한 것일지도 모른다. 브라빌에 있는 스'크리바에게 내가 한 것들을 보고해야겠다.,record,False,False,False,False,,
Oblivion.esm,QUST,00035DE0,TG04Mistake,CNAM,14,80,0,S'krivva thanked me for my devotion to duty within the Thieves Guild. I guess that mean Ahdarji told her I returned the ring. I've been promoted within the guild as well.,아다지(Ahdarji)는 반지를 찾아준것에 대해 아주 기뻐했고 넉넉한 보상금도 주었다. 내 생각에 그녀는 아르고니안을 싫어하는것 같다. 아뮤쎄이(Amusei)와 그런 문제가 생긴 것도 어찌 보면 당연한 것일지도 모른다. 브라빌에 있는 스크리바(S'krivva)에게 내가 한 것들을 보고해야겠다.,record,True,True,False,False,HIGH,"Ahdarji, Amusei, S'krivva"
Oblivion.esm,QUST,0003571B,FGC10Swamp,FULL,0,,,Mystery at Harlun's Watch,할룬의 감시대에서 벌어진 이상한 사건,record,False,False,False,False,,
Oblivion.esm,QUST,0003571B,FGC10Swamp,CNAM,0,10,0,"Burz gro-Khash has given me a contract to go to Harlun's Watch, near Cheydinhal, and investigate the disappearances of some of the local populace. I should speak to Drarana Thelis.",할룬의 감시대에서 벌어진 이상한 사건,record,False,False,False,False,,
Oblivion.esm,QUST,0003571B,FGC10Swamp,CNAM,1,20,0,"I have spoken to Drarana Thelis in Harlun's Watch. She tells me that folks have been seeing strange lights in the swamps, and when they've gone to investigate, none have returned.","할룬의 감시대의 드라라나 텔리스와 이야기를 나누었다. 그녀는 주민들이 습지에서 이상한 빛을 목격했으며, 조사하러 간 사람들은 다시는 돌아오지 않았다고 말했다.",record,False,False,False,False,,
Oblivion.esm,QUST,0003571B,FGC10Swamp,CNAM,2,30,0,"It seems that the strange lights people were seeing over the swamp are will-o-the-wisps. But, there don't seem to be any signs of the townsfolk who disappeared. The Will-o-the-wisps were surrounding a cave, though. I should investigate.","습지주변에서 사람들이 목격한 이상한 빛의 정체는 윌 오 위습인 듯 하다. 하지만, 사라진 주민들의 흔적은 어디에도 보이지 않는다. 다만 윌 오 위습이 동굴 주변을 에워싸고 있을 뿐이다. 조사를 해야겠다.",record,False,False,False,False,,
Oblivion.esm,QUST,0003571B,FGC10Swamp,CNAM,3,35,0,I've killed all of the trolls in Swampy Cave. I should report what I've found to Drarana Thelis.,늪지 동굴 안의 트롤들을 모두 처리했다. 드라라나 텔리스에게 내가 알아낸 것을 전해야겠다.,record,False,False,False,False,,
Oblivion.esm,QUST,0003571B,FGC10Swamp,CNAM,4,35,1,I've killed all of the trolls in Swampy Cave. I should look for evidence that these were the creatures responsible for the disappearances at Harlun's Watch.,늪지 동굴 안의 트롤들을 모두 처리했다. 이 트롤들이 할룬의 감시대의 주민실종사건의 원인이라는 증거를 찾아야 한다.,record,False,False,False,False,,
Oblivion.esm,QUST,0003571B,FGC10Swamp,CNAM,5,40,0,"Inside the Swampy Cave, I've found the corpses of the townsfolk that are missing. It looks like trolls have been feeding on the people weakened by the will-o-the-wisps. I should make sure to clear out all the remaining trolls from the cave complex.",늪지 동굴 안에서 실종되었던 주민들의 시체를 찾았다. 윌 오 위습에 의해 약해진 사람들을 트롤이 잡아먹었던걸로 보인다. 동굴안의 남은 모든 트롤들을 확실히 제거해야만 한다.,record,False,False,False,False,,
Oblivion.esm,QUST,0003571B,FGC10Swamp,CNAM,6,40,1,"Inside the Swampy Cave, I've found the corpses of the townsfolk that are missing. It looks like trolls have been feeding on the people weakened by the will-o-the-wisps. I should report this to Drarana Thelis.",늪지 동굴 안에서 실종되었던 주민들의 시체를 찾았다. 윌 오 위습에 의해 약해진 사람들을 트롤이 잡아먹었던걸로 보인다. 드라라나 텔리스에게 이 사실을 알려야 한다.,record,False,False,False,False,,
Oblivion.esm,QUST,0003571B,FGC10Swamp,CNAM,7,50,0,"Drarana Thelis was saddened at the fates of the townsfolk, but has rewarded me for my efforts. I should report to Burz gro-Khash for payment of the contract.","드라라나 텔리스는 마을 사람들의 운명에 슬퍼했지만, 내 노력에 대한 보상을 주었다. 이제 의뢰에 대한 보상을 받기 위해 버즈 그로-카쉬에게 보고해야겠다.",record,False,False,False,False,,
Oblivion.esm,QUST,0003571B,FGC10Swamp,CNAM,8,100,0,Burz gro-Khash has paid me the balance of the contract. He tells me that he has no further contracts to offer.,버즈 그로-카쉬는 의뢰에 대한 공정한 보상을 주었다. 그는 이제 내게 줄 더 이상의 임무가 없다고 말했다.,record,False,False,False,False,,
Oblivion.esm,QUST,0003571B,FGC10Swamp,CNAM,9,100,1,"Burz gro-Khash has paid me the balance of the contract. He tells me that he has no further contracts to offer, but I should speak with Azzan in Sutch, if I have not already.",버즈 그로-카쉬(Burz gro-Khash)는 의뢰에 대한 공정한 보상을 주었다. 그는 이제 내게 줄 더 이상의 임무가 없다고 말했다. 하지만 만약 가보질 않았다면 엔빌에 있는 아잔(Azzan)에게 찾아가 대화를 나눠 보라고 했다.,record,True,True,False,False,HIGH,"Burz, gro-Khash, Azzan"
Oblivion.esm,QUST,0003571A,FGC09Ogres,FULL,0,,,The Noble's Daughter,귀족의 딸(The Noble's Daughter),record,True,True,False,False,HIGH,"The, Noble's, Daughter"
Oblivion.esm,QUST,0003571A,FGC09Ogres,CNAM,0,10,0,"Burz gro-Khash has given me a contract to help Lord Rugdumph gro-Shurgak find his daughter, Lady Rogbut gra-Shurgak. I can find Lord Rugdumph at his estate near Lake Arrius.",버즈 그로-카쉬(Burz gro-Khash)는 내게 영주 러그덤프 그로-슈르각(Lord Rugdumph gro-Shurgak)이 그의 딸 라그벗 그로-슈르각(Lady Rogbut gra-Shurgak) 양을 찾는 일을 도우라는 의뢰를 주었다. 영주 러그덤프(Lord Rugdumph)의 장원은 아리우스 호수 근처에서 찾을 수 있다.,record,True,True,False,False,HIGH,"Burz, gro-Khash, Lord, Rugdumph, gro-Shurgak, Lady, Rogbut, gra-Shurgak, Lord, Rugdumph"
Oblivion.esm,QUST,0003571A,FGC09Ogres,CNAM,1,20,0,"Lord Rugdumph tells me that his daughter was out picking rocks, and he fears she may have been taken away by a band of ogres that are known to live east of the estate. I am to find and return her.",영주 러그덤프(Lord Rugdumph)는 그의 딸이 광석을 채굴하다 사유지 동족에 살고 있는걸로 알려진 오거떼에게 유괴당했다고 말했다. 그녀를 찾아 데려와야 한다.,record,True,True,False,False,HIGH,"Lord, Rugdumph"
Oblivion.esm,QUST,0003571A,FGC09Ogres,CNAM,2,30,0,I have killed the ogres who kidnapped Lady Rogbut. I should now escort her back to her father's estate.,라그벗 양(Lady Rogbut)을 유괴한 오거들을 처리했다. 이제 그녀를 영주 러그덤프(Lord Rugdumph)의 장원까지 호위해야 한다.,record,True,True,False,False,HIGH,"Lady, Rogbut, Lord, Rugdumph"
Oblivion.esm,QUST,0003571A,FGC09Ogres,CNAM,3,40,0,"I have escorted Lady Rogbut back to her father's estate, much to Lord Rugdumph's relief. He has rewarded me with Rugdumph's Sword. I should now return to Burz gro-Khash for payment of the contract.","라그벗양(Lady Rogbut)을 영주 러그덤프(Lord Rugdumph)의 장원으로 데려왔고, 영주 러그덤프(Lord Rugdumph)는 안심했다. 영주는 러그덤프 가문의 검(Rugdumph's Sword)을 보상으로 주었다. 이제 버즈 그로카쉬(Burz gro-Khash)에게 의뢰에 대한 보상을 받으러 가야겠다.",record,True,True,False,False,HIGH,"Lady, Rogbut, Lord, Rugdumph, Lord, Rugdumph, Rugdumph's, Sword, Burz, gro-Khash"
Oblivion.esm,QUST,0003571A,FGC09Ogres,CNAM,4,100,0,"Burz gro-Khash was pleased with my efforts in retrieving Lady Rogbut gra-Shurgak, and he paid me what was owed on the contract.","버즈 그로-카쉬(Burz gro-Khash)는 라그벗 그로-슈르각 양(Lady Rogbut gra-Shurgak)을 구하는데 들인 내 노력에 기뻐했고, 이번 의뢰에 대한 대가를 지불했다.",record,True,True,False,False,HIGH,"Burz, gro-Khash, Lady, Rogbut, gra-Shurgak"
Oblivion.esm,QUST,00035719,FGC08Prison,FULL,0,,,The Fugitives,도망자(The Fugitives),record,True,True,False,False,HIGH,"The, Fugitives"
Oblivion.esm,QUST,00035719,FGC08Prison,CNAM,0,10,0,Burz gro-Khash has given me a contract to find and kill some fugitives from a prison break that have been menacing Bravil. I should go there and see what I can learn.,버즈 그로-카쉬(Burz gro-Khash)는 브라빌의 골칫거리가 되고 있는 몇명의 탈주범들을 찾아내어 처단하라는 의뢰를 주었다. 브라빌로 가서 탈주자들에 대한 정보를 얻어야겠다.,record,True,True,False,False,HIGH,"Burz, gro-Khash"
Oblivion.esm,QUST,00035719,FGC08Prison,CNAM,1,20,0,"The residents of Bravil are reluctant to speak about the fugitives, for fear of retribution. Perhaps I will have to persuade one of them to give me the information.",브라빌의 시민들은 보복이 두려워 탈주자들에 대한 얘기를 하기 꺼려했다. 아마도 정보를 얻기 위해 설득을 해야 할 것 같다.,record,False,False,False,False,,
Oblivion.esm,QUST,00035719,FGC08Prison,CNAM,2,30,0,I have persuaded one of Bravil's citizens to tell me more about the fugitives. There are four of them. They are thought to be hiding in Bloodmayne Cave.,탈주자들에 대한 정보를 더 얻기 위해 브라빌의 시민들(Bravil's citizens)중 한 명을 설득했다. 탈주자들은 전부 4명이다. 그들은 블러드메인 동굴(Bloodmayne Cave)에 숨어있는 걸로 생각된다.,record,True,True,False,False,HIGH,"Bravil's, citizens, Bloodmayne, Cave"
Oblivion.esm,QUST,00035719,FGC08Prison,CNAM,3,40,0,"One of my fellow Thieves has given me information on the fugitives. There are four of them: Enrion, Hlofgar, Ashanta, and Dreet-Lai. They are thought to be hiding in Bloodmayne Cave.","나의 동료 도둑들 중 한 명이 탈주자들에 대한 정보를 주었다. 탈주자들은 모두 4명으로 엔리언(Enrion), 로프가(Hlofgar), 아샨타(Ashanta) 그리고 드릿-라이(Dreet-Lai)라고 한다. 그들은 블러드메인 동굴(Bloodmayne Cave)에 숨어있는 걸로 생각된다.",record,True,True,False,False,HIGH,"Enrion, Hlofgar, Ashanta, Dreet-Lai, Bloodmayne, Cave"
Oblivion.esm,QUST,00035719,FGC08Prison,CNAM,4,50,0,I have found and killed Enrion.,엔리언(Enrion)을 찾아내어 처단했다.,record,True,True,False,False,HIGH,Enrion
Oblivion.esm,QUST,00035719,FGC08Prison,CNAM,5,60,0,I have found and killed Hlofgar.,로프가(Hlofgar)를 찾아내어 처단했다.,record,True,True,False,False,HIGH,Hlofgar
Oblivion.esm,QUST,00035719,FGC08Prison,CNAM,6,70,0,I have found and killed Ashanta.,아샨타(Ashanta)를 찾아내어 처단했다.,record,True,True,False,False,HIGH,Ashanta
Oblivion.esm,QUST,00035719,FGC08Prison,CNAM,7,80,0,I have found and killed Dreet-Lai.,드릿-라이(Dreet-Lai)를 찾아내어 처단했다.,record,True,True,False,False,HIGH,Dreet-Lai
Oblivion.esm,QUST,00035719,FGC08Prison,CNAM,8,90,0,"Now that I have killed all of the fugitives, I should return to Burz gro-Khash for my reward.","이제 탈주자들 전부를 처단했으니, 버즈 그로카쉬(Burz gro-Khash)에게 돌아가서 보상을 받아야겠다.",record,True,True,False,False,HIGH,"Burz, gro-Khash"
Oblivion.esm,QUST,00035719,FGC08Prison,CNAM,9,100,0,Burz gro-Khash was impressed with my efforts in tracking down and killing the fugitives. He has paid me the balance of the contract.,버즈 그로-카쉬(Burz gro-Khash)는 탈주자들을 추적하여 처단한 내 노력에 감명을 받았고 의뢰에 대한 적절한 보상을 주었다.,record,True,True,False,False,HIGH,"Burz, gro-Khash"
Oblivion.esm,QUST,00035718,FGC07Heirloom,FULL,0,,,Amelion's Debt,아멜리온의 빚,record,False,False,False,False,,
Oblivion.esm,QUST,00035718,FGC07Heirloom,CNAM,0,10,0,"Burz gro-Khash has given me a contract to retrieve an heirloom for Biene Amelion, who lives in Water's Edge, a small settlement near Leyawiin. I should report to her for further details.",아멜리온의 빚,record,False,False,False,False,,
Oblivion.esm,QUST,00035718,FGC07Heirloom,CNAM,1,20,0,"Biene Amelion has told me that she wishes for me to retrieve her grandfather's ceremonial sword and cuirass from their family tomb. She is in debt to a local merchant, and she wishes to sell the sword and cuirass to pay off the debt.",비엔 아멜리온은 가문의 묘에 있는 그녀 할아버지의 의식용 검과 흉갑을 찾아주기를 원했다. 그녀는 지방 상인에게 많은 빚을 지고 있었기 때문에 그 검과 흉갑을 팔아서 빚을 갚고자 한다.,record,False,False,False,False,,
Oblivion.esm,QUST,00035718,FGC07Heirloom,CNAM,2,25,0,I have learned where to retrieve the sword and armor for Biene Amelion.,비엔 아멜리온은 그 검과 갑옷을 어디서 찾을 수 있는지 가르쳐 주었다.,record,False,False,False,False,,
Oblivion.esm,QUST,00035718,FGC07Heirloom,CNAM,3,30,0,I have retrieved the ceremonial sword and armor from the Amelion Tomb. I should return them to Biene Amelion.,아멜리온 가문의 묘에서 의식용 검과 갑옷을 되찾았다.비엔 아멜리온에게 돌려주어야 한다.,record,False,False,False,False,,
Oblivion.esm,QUST,00035718,FGC07Heirloom,CNAM,4,40,0,"I have decided to give Biene Amelion the money to pay off her debt. She has told me that I may keep the sword and armor, if I wish to retrieve them from the Amelion Family Tomb. I should return to Burz gro-Khash for payment of the contract.",비엔 아멜리온에게 빚을 갚으라고 돈을 주었다. 그녀는 아멜리온 가문의 묘에서 검과 갑옷을 되찾게 되면 그것은 내가 가지라고 말했다. 보상을 받기 위하여 버즈 그로-카쉬에게 돌아가야 한다.,record,False,False,False,False,,
Oblivion.esm,QUST,00035718,FGC07Heirloom,CNAM,5,40,1,I have decided to give Biene Amelion the money to pay off her debt. She has asked that I keep the sword and armor until a time that she may be able to repay me. I should return to Burz gro-Khash for payment.,비엔 아멜리온에게 빚을 갚으라고 돈을 주었다. 그녀는 돈을 갚을 때까지 그 검과 갑옷을 내가 맡아두라고 했다. 보상을 받기위하여 버즈 그로-카쉬에게 돌아가야겠다.,record,False,False,False,False,,
Oblivion.esm,QUST,00035718,FGC07Heirloom,CNAM,6,50,0,I have given Biene Amelion her grandfather's ceremonial sword and armor so she may sell it in order to pay off her debt. I should return to gro-Khash in Cheydinhal.,"비엔 아멜리온에게 그녀 할아버지의 의식용 검과 갑옷을 주었고, 그녀는 빚을 갚기 위하여 그것을 팔 것이다. 셰이딘홀의 그로-카쉬에게 돌아가야겠다.",record,False,False,False,False,,
Oblivion.esm,QUST,00035718,FGC07Heirloom,CNAM,7,100,0,"I have returned to Burz gro-Khash, who was pleased with my efforts. He has paid me what was owed on the contract.",버즈 그로-카쉬에게 돌아왔다. 그는 나의 노력에 만족했으며 의뢰에 대한 보상을 지급했다.,record,False,False,False,False,,
Oblivion.esm,QUST,00035717,FGC05Stone,FULL,0,,,The Stone of St. Alessia,성 알레시아의 호석,record,False,False,False,False,,
Oblivion.esm,QUST,00035717,FGC05Stone,CNAM,0,10,0,Azzan has told me to report to the Chapel of Talos in Bruma and speak with the priest Cirroc about a contract.,성 알레시아의 호석,record,False,False,False,False,,
Oblivion.esm,QUST,00035717,FGC05Stone,CNAM,1,20,0,"I've spoken to the priest Cirroc in Bruma. He would like me to retrieve a holy relic of the Church, the Stone of St. Alessia. He believes it was stolen by bandits recently, and he's heard that they were headed east out of town.","브루마에 시록 신부와 이야기 했다. 그는 교회의 신성한 유물인 성 알레시아의 돌을 되찾아 주기를 원했다. 그는 최근에 도둑들이 그것을 훔쳐갔다고 믿었고, 그들은 마을의 동쪽으로 나갔다고 들었다고 했다.",record,False,False,False,False,,
Oblivion.esm,QUST,00035717,FGC05Stone,CNAM,2,30,0,I've found the lone survivor of the group of bandits that stole the Stone of St. Alessia. He and his men were attacked by ogres and left for dead. He tells me that the creatures took the Stone and all their other precious stones with them. He believes that the creatures live in the Ayeleid ruin of Sedor.,성.알리시아의 돌(the Stone of St. Alessia)을 훔쳐간 도둑떼 중 유일한 생존자를 발견했다. 그와 그의 동료들은 오거떼(ogres)의 공격을 받았고 나머지는 모두 죽었다. 그는 그 괴물들이 성.알리시아의 돌(the Stone)과 그들의 다른 보석들을 가져갔다고 했다. 그는 그 괴물들이 시도르(Sedor)의 아일레이드 유적(Ayeleid ruin)에 살고 있다고 믿었다.,record,True,True,False,False,HIGH,"the, Stone, of, St, Alessia, ogres, the, Stone, Sedor, Ayeleid, ruin"
Oblivion.esm,QUST,00035717,FGC05Stone,CNAM,3,40,0,I have found the Stone of St. Alessia in Sedor. I should return it to Cirroc at the Temple of Talos in Bruma.,세도르에서 성 알레시아의 돌을 발견했다. 브루마 탈로스 사원의 시록에게 돌려주어야 한다.,record,False,False,False,False,,
Oblivion.esm,QUST,00035717,FGC05Stone,CNAM,4,50,0,"I have returned the Stone of St. Alessia to Cirroc. As a show of his gratitude, he's given me some Strong Healing Potions. I should return to Azzan to collect my reward.",성 알레시아의 돌을 시록에게 돌려주었다. 그는 감사의 뜻으로 몇 개의 강력한 회복 물약을 주었다. 보상을 받기 위하여 아잔에게 돌아가야 한다.,record,False,False,False,False,,
Oblivion.esm,QUST,00035717,FGC05Stone,CNAM,5,100,0,"Azzan has paid me the balance of the contract. He tells me that he has no further contracts to offer, but I should speak with Burz gro-Khash in Cheydinhal.",아잔은 나에게 의뢰에 대한 댓가를 지급하였다.그는 더 이상 나에게 줄 의뢰가 없다고 했다. 셰이딘홀의 버즈 그로-카쉬를 찾아가야 한다.,record,False,False,False,False,,
Oblivion.esm,QUST,00035716,FGC04Scholar,FULL,0,,,The Wandering Scholar,방랑하는 학자,record,False,False,False,False,,
Oblivion.esm,QUST,00035716,FGC04Scholar,CNAM,0,10,0,"Azzan has given me a contract to escort Elante of Alinor, a scholar doing research on Daedra. I am to meet her at the entrance to Brittlerock Cave, northeast of Sutch, and protect her while she explores inside.",아잔(Azzan)은 나에게 엘란테의 알리노어(Alinor of Elante)를 호위하는 의뢰를 주었다. 그녀는 데이드라를 연구하고 있는 학자이다. 써치(Sutch)의 북동쪽에 있는 브리틀락 동굴(Brittlerock Cave) 입구에서 그녀를 만났다. 그녀가 내부를 탐험할 동안 그녀를 보호해야 한다.,record,True,True,False,False,HIGH,"Azzan, Alinor, of, Elante, Sutch, Brittlerock, Cave"
Oblivion.esm,QUST,00035716,FGC04Scholar,CNAM,1,20,0,"I've found Elante of Alinor in Brittlerock Cave. She tells me that she would like to travel to the bottom of this cave complex, as she has heard there is a Daedric Shrine there. She will lead the way, and I will protect her.","취약한 바위 동굴안에서 알리노르의 엘란테를 만났다.그녀는 이곳에 데이드라 성소가 있다고 들었기 때문에, 동굴의 밑바닥까지 탐험하기를 원했다. 그녀가 길을 인도할 것이고 나는 그녀를 보호해야 한다.",record,False,False,False,False,,
Oblivion.esm,QUST,00035716,FGC04Scholar,CNAM,2,30,0,"Elante of Alinor has reached the Daedric shrine, and is ready to leave Brittlerock Cave.","알리노르의 엘란테는 데이드라 성소에 도착하였고, 이제 언제든 취약한 바위 동굴을 떠날 준비가 되어 있다.",record,False,False,False,False,,
Oblivion.esm,QUST,00035716,FGC04Scholar,CNAM,3,40,0,Elante of Alinor wishes to remain in Brittlerock and continue studying the shrine. I should return to Azzan for my payment.,알리노르의 엘란테는 취약한 바위 동굴에 남아서 성지를 계속 연구하기를 원했다. 보상을 받기 위해 아잔에게 돌아가야겠다.,record,False,False,False,False,,
Oblivion.esm,QUST,00035716,FGC04Scholar,CNAM,4,90,0,Elante of Alinor has died. I should report this to Azzan.,알리노르의 엘란테가 죽었다. 이를 아잔에게 보고 해야한다.,record,False,False,False,False,,
Oblivion.esm,QUST,00035716,FGC04Scholar,CNAM,5,100,0,Azzan was pleased with my efforts escorting Elante of Alinor. He has paid out the contract to me.,"아잔은 알리노르의 엘란테를 호위한 것에 대하여 만족해 했으며, 의뢰의 댓가를 지급하였다.",record,False,False,False,False,,
Oblivion.esm,QUST,00035716,FGC04Scholar,CNAM,6,110,0,Azzan was unhappy that I allowed harm to come to Elante of Alinor.,아잔은 내가 알리노르의 엘란테를 보호하지 못한 것을 매우 안타까워 했다.,record,False,False,False,False,,
Oblivion.esm,QUST,00035715,FGC03Thieves,FULL,0,,,Den of Thieves,도둑들의 밀실(Den of Thieves),record,True,True,False,False,HIGH,"Den, of, Thieves"
Oblivion.esm,QUST,00035715,FGC03Thieves,CNAM,0,10,0,"Azzan has given me a contract to find the lair of some thieves near Anvil. I am to travel with another fairly new recruit, Maglir. I should go to Anvil first and see what information I can learn about the thieves.",아잔(Azzan)은 엔빌근처의 도둑 소굴을 찾는 의뢰를 나에게 주었다. 난 완전히 신참인 매글리어(Maglir)와 함께 여행할 예정이다. 일단 엔빌로 가서 도둑떼와 관련된 정보를 찾아보아야 한다.,record,True,True,False,False,HIGH,"Azzan, Maglir"
Oblivion.esm,QUST,00035715,FGC03Thieves,CNAM,1,20,0,People in Anvil have suggested I speak with Newheim the Portly. He apparently had some goods stolen by the thieves.,엔빌의 사람들은 노드족인 뉴하임(Newheim)과 이야기 해볼 것을 권했다. 그는 확실히 도둑떼들에게 도둑맞은 물건이 있다.,record,True,True,False,False,HIGH,Newheim
Oblivion.esm,QUST,00035715,FGC03Thieves,CNAM,2,24,0,"Newheim has told me that the thieves are all Bosmer and may be located in Hrota Cave, north of the city of Anvil. Maglir and I should travel there and take care of them.",뉴하임(Newheim)은 도둑떼들은 모두 보스머들이며 그들의 소굴은 엔빌 북쪽의 흐로타 동굴(Hrota Cave)에 있다고 말해주었다. 매글리어(Maglir)와 나는 그곳으로 가서 그들을 모두 처리해야 한다.,record,True,True,False,False,HIGH,"Newheim, Hrota, Cave, Maglir"
Oblivion.esm,QUST,00035715,FGC03Thieves,CNAM,3,30,0,Maglir and I have succeeded in clearing Hrota Cave of all of the thieves living there. I should return to Azzan for payment of the contract.,매글리어(Maglir)와 나는 도둑때들이 살고 있는 흐로타 동굴을 깨끗하게 정리했다. 아잔(Azzan)에게 돌아가 의뢰의 보상을 받아야겠다.,record,True,True,False,False,HIGH,"Maglir, Azzan"
Oblivion.esm,QUST,00035715,FGC03Thieves,CNAM,4,100,0,"Azzan was pleased with our efforts, and has paid the contract.","아잔(Azzan)은 우리의 노력에 만족하였고, 의뢰의 댓가를 지급하였다.",record,True,True,False,False,HIGH,Azzan
Oblivion.esm,QUST,00035714,FGC02Protect,FULL,0,,,The Unfortunate Shopkeeper,불운한 가게주인,record,False,False,False,False,,
Oblivion.esm,QUST,00035714,FGC02Protect,CNAM,0,10,0,"Azzan has told me about a contract in Anvil, at Norbert Lelles store, Lelles' Quality Merchandise.",불운한 가게주인,record,False,False,False,False,,
Oblivion.esm,QUST,00035714,FGC02Protect,CNAM,1,20,0,"I've spoken to Norbert Lelles, who says he has had break-ins at his store almost nightly. He would like someone to stay in the store tonight and catch the crooks in the act.",노버트 렐스는 거의 매일밤 그의 상점에 누군가 침입하고 있다고 했다.그는 누군가 오늘 밤에 상점에서 머무르고 있다가 도둑들을 잡아주기를 원한다.,record,False,False,False,False,,
Oblivion.esm,QUST,00035714,FGC02Protect,CNAM,2,30,0,I have taken care of the crooks breaking into Norbert Lelles' store. I should speak with the shopkeeper himself.,난 노버트 렐스의 가게로 침입하는 도둑들을 모두 처리했다.가게주인인 그에게 이야기 해야겠다.,record,False,False,False,False,,
Oblivion.esm,QUST,00035714,FGC02Protect,CNAM,3,100,0,"Norbert Lelles was surprised to learn that the men breaking in were all former employees, though none had been with him long. He was glad that the problem was taken care of, though.",노버트 렐스는 가게에 침입한 도둑들이 오래는 아니지만 이전에 자기가 고용해서 함께 일하였던 자들임을 알고 매우 놀랐다. 어쨌든 그는 문제가 잘 처리되어서 기뻐했다.,record,False,False,False,False,,
Oblivion.esm,QUST,00035713,FGC01Rats,FULL,0,,,A Rat Problem,쥐 문제,record,False,False,False,False,,
Oblivion.esm,QUST,00035713,FGC01Rats,CNAM,0,10,0,Azzan has told me of a contract in Anvil with Arvena Thelas. I should speak to her about a problem with rats in her basement.,쥐 문제,record,False,False,False,False,,
Oblivion.esm,QUST,00035713,FGC01Rats,CNAM,1,20,0,"Arvena Thelas has rats in her basement, but they're not the problem. She loves the rats, but she's been finding them dead. She would like me to go down and investigate what's been happening.","아르베나 텔라스의 집 지하실에는 쥐가 있지만 그것은 문제가 아니었다. 그녀는 쥐를 좋아하는데, 최근 쥐들이 자꾸 시체로 발견되었다. 그녀는 내가 아래로 내려가서 무슨 일이 일어나고 있는지 조사해주기를 원한다.",record,False,False,False,False,,
Oblivion.esm,QUST,00035713,FGC01Rats,CNAM,2,30,0,I've killed a mountain lion in Arvena Thelas' basement. They must be sneaking in through a hole in the wall somewhere. I should tell Arvena what has happened.,아르베나 텔라스의 지하실에서 퓨마 한 마리를 죽였다. 그것들은 벽 어딘가의 구멍을 통해서 숨어들어오고 있는 것이 틀림없다. 이 사실을 아르베나에게 말해야 한다.,record,False,False,False,False,,
Oblivion.esm,QUST,00035713,FGC01Rats,CNAM,3,40,0,"Arvena Thelas was glad to know what was killing her rats, but she still doesn't feel safe. She'd like me to speak with Pinarus Inventius about hunting down mountain lions in the area.","아르베나 텔라스는 무엇이 그녀의 쥐를 죽이는지를 알고 기뻐했지만, 곧 그녀는 다시 불안해 했다. 그녀는 이 근처에 있는 퓨마들의 사냥하는 것에 대해 피나루스 인벤티우스와 대화해보길 원했다.",record,False,False,False,False,,
Oblivion.esm,QUST,00035713,FGC01Rats,CNAM,4,50,0,"Pinarus has agreed to look for mountain lions with me. If we find them, we'll kill them, and make Arvena feel safer.",피나루스는 나와 함께 퓨마들을 찾아보기로 했다. 그것들을 찾는 즉시 죽여서 아르베나를 안심시켜야 한다.,record,False,False,False,False,,
Oblivion.esm,QUST,00035713,FGC01Rats,CNAM,5,55,0,We've killed all the mountain lions Pinarus believes are in the area. I should return to Arvena Thelas.,우리는 피나루스가 이 근처에 있다고 생각하는 모든 퓨마들을 죽였다. 아르베나 텔라스에게 돌아가야겠다.,record,False,False,False,False,,
Oblivion.esm,QUST,00035713,FGC01Rats,CNAM,6,60,0,"I've told Arvena about the mountain lions, but she doesn't believe her problem is solved, as there's a mountain lion in her basement now. I'll have to kill it.","퓨마에 대해 아르베나에게 이야기해주었지만, 지금 그녀의 지하실에 또다시 퓨마가 나타났기 때문에 그녀는 문제가 해결되었다고 믿지 않았다. 그것을 죽여야 한다.",record,False,False,False,False,,
Oblivion.esm,QUST,00035713,FGC01Rats,CNAM,7,65,0,I've killed the second mountain lion in Arvena Thelas' basement. I should tell Arvena.,아르베나 텔라스의 지하실에 다시 나타난 퓨마들을 죽였다. 아르베나에게 말해야겠다.,record,False,False,False,False,,
Oblivion.esm,QUST,00035713,FGC01Rats,CNAM,8,70,0,"Arvena now believes that her neighbor, Quill-Weave, might be responsible. Arvena has seen her sneaking around outside the house at night. I should watch Quill-Weave and see what she's doing. I should not let Quill-Weave see me, though, lest she get suspicious.","아르베나는 이제 그녀의 이웃인 퀼-위브에게 책임이 있을 것이라고 믿고 있다. 아르베나는 밤에 그녀가 집 주위에 숨어서 서성거리는 것을 보아왔다고 했다. 퀼-위브를 감시해서 그녀가 무슨 짓을 하는지 지켜봐야 한다. 또한 퀼-위브가 의심하지 않도록, 그녀가 나의 존재를 알지 못하게 해야 한다.",record,False,False,False,False,,
Oblivion.esm,QUST,00035713,FGC01Rats,CNAM,9,80,0,I've seen Quill-Weave leaving meat outside Arvena Thelas' house. This must be what is attracting the mountain lions into town and into Arvena's basement. I should confront Quill-Weave.,퀼-위브가 아르베나 텔라스의 집 주위에 고기를 두고 가는 것을 목격했다. 이것이 퓨마들을 마을 안과 아르베나의 지하실로 유인한 것이 틀림없다. 퀼-위브를 만나보아야겠다.,record,False,False,False,False,,
Oblivion.esm,QUST,00035713,FGC01Rats,CNAM,10,90,0,"I've confronted Quill-Weave, and she has admitted to trying to kill off Arvena's rats. She has promised to stop, and has asked me not to tell Arvena what she's done.","퀼-위브와 대면했고, 그녀는 아르베나의 쥐들을 죽이려 했다고 자백했다. 그녀는 더이상 그 짓을 하지 않기로 약속했고, 아르베나에게 그녀가 한 짓을 말하지 말아달라고 부탁했다.",record,False,False,False,False,,
Oblivion.esm,QUST,00035713,FGC01Rats,CNAM,11,100,0,"I've told Arvena Thelas what Quill-Weave has been doing. She thanked me for my help, and has paid me for the contract. She's also taught me a bit about Speechcraft.",난 아르베나 텔라스에게 퀼-위브가 했던 일을 모두 말해주었다. 그녀는 나의 도움에 감사했고 나에게 의뢰의 댓가를 지불하였다. 그녀는 또한 나에게 화술을 조금 가르쳐 주었다.,record,False,False,False,False,,
Oblivion.esm,QUST,00035713,FGC01Rats,CNAM,12,105,0,"I've told Arvena Thelas that the problem has been solved, and she has paid me for the contract. I should see Quill-Weave and tell her I've protected her secret.","난 아르베나 텔라스에게 문제가 해결되었다고 말했고, 그녀는 나에게 청부의 댓가를 지불하였다. 난 퀼-위브에게 비밀을 지켰다고 말해주어야겠다.",record,False,False,False,False,,
Oblivion.esm,QUST,00035713,FGC01Rats,CNAM,13,110,0,"Quill-Weave thanked me for protecting her secret, and has trained me in Acrobatics for free.","퀼-위브는 비밀을 지켜준 것에 대해 감사했고, 곡예를 공짜로 가르쳐 주었다.",record,False,False,False,False,,
Oblivion.esm,QUST,00035713,FGC01Rats,CNAM,14,200,0,All of the rats in Arvena Thelas' basement are dead. I've failed my contract.,아비나 쎌러스의 지하실에 있는 모든 쥐들이 죽었다. 청부 수행에 실패했다.,record,False,False,False,False,,
Oblivion.esm,QUST,000356CA,FGD09Hist,FULL,0,,,The Hist,히스트,record,False,False,False,False,,
Oblivion.esm,QUST,000356CA,FGD09Hist,CNAM,0,10,0,"Modryn Oreyn has decided that the threat of the Blackwood Company must be ended. He wants me to travel to their headquarters and destroy the Hist Tree. It will be behind a locked door, and it is likely that only Ri'Zakar himself has a key.",히스트,record,False,False,False,False,,
Oblivion.esm,QUST,000356CA,FGD09Hist,CNAM,1,20,0,I have killed Ri'Zakar. I should get the basement key from his corpse.,리'자카르를 죽였다. 그의 시체에서 지하실 열쇠를 꺼내야겠다.,record,False,False,False,False,,
Oblivion.esm,QUST,000356CA,FGD09Hist,CNAM,2,25,0,"I've gotten the key to get into the basement, where the Hist Tree is located.",열쇠를 손에 쥔 채 히스트 나무가 있는 지하실로 들어갔다.,record,False,False,False,False,,
Oblivion.esm,QUST,000356CA,FGD09Hist,CNAM,3,30,0,"The tree has become a perversion of nature. It is surrounded by alien machinery. If I am to destroy this monstrosity, I will need to find a way to destroy the machinery that surrounds it.",나무는 이미 자연의 법칙을 거스르고 있다. 이상한 기계가 그 주위로 둘러쳐져 있었다. 저 괴상한 나무를 파괴하려면 주변에 있는 기계들을 부술 방법부터 찾아야 할 것 같다.,record,False,False,False,False,,
Oblivion.esm,QUST,000356CA,FGD09Hist,CNAM,4,40,0,"I have destroyed the machinery surrounding the Hist Tree, and the tree was destroyed in the process. I should return to Oreyn.","히스트 나무를 감싸고 있는 기계들을 파괴하자, 나무는 쓰러져 갔다. 오레인에게 돌아가봐야 겠다.",record,False,False,False,False,,
Oblivion.esm,QUST,000356CA,FGD09Hist,CNAM,5,50,0,Oreyn believes our work is now finished. He has given me the Helm of Oreyn Bearclaw as a symbol of our friendship. He suggests I speak with Vilena Donton and tell her all that has transpired.,"오레인은 이제 우리의 임무가 끝났다고 믿고 있다. 그는 우리 우정의 상징으로 오레인 베어클로의 투구를 내게 주었다. 그는 빌레나 던튼과 이야기하여, 일어난 모든 일에 대해 말해주라고 했다.",record,False,False,False,False,,
Oblivion.esm,QUST,000356CA,FGD09Hist,CNAM,6,90,0,"Vilena Donton was astounded by the events I recounted, and she now realizes that her unwillingness to act could have caused the demise of the Fighters Guild. She has promoted me to Master of the Guild.","빌레나 던튼은 내가 지금껏 있었던 일들을 이야기하자 대경실색하며, 그제서야 그녀의 우유부단한 행동들이 파이터 길드의 약화를 야기했다는 사실을 깨달았다. 그녀는 내게 길드 마스터의 자리를 주었다.",record,False,False,False,False,,
Oblivion.esm,QUST,000356CA,FGD09Hist,CNAM,7,95,0,"Vilena Donton suggests that one of my first actions should be to reinstate Modryn Oreyn as my second-in-command, if he will accept the post.","빌레나 던튼은 내가 우선적으로 해야할 일로, 모드린 오레인을 부마스터로 복귀시킬 것을 제안했다. 만약 그가 이 제안을 받아들인다면 말이다.",record,False,False,False,False,,
Oblivion.esm,QUST,000356CA,FGD09Hist,CNAM,8,100,0,"I have asked Modryn Oreyn to act as my second-in-command. He accepted, and will run day-to-day activities of the Fighters Guild in my absence.","모드린 오레인에게 부마스터 일을 할 의향이 있는지 물었다. 그는 이를 받아들였고, 내가 없을지라도 매일 파이터 길드를 운영할 것이다.",record,False,False,False,False,,
Oblivion.esm,QUST,000356C9,FGD08Infiltration,FULL,0,,,Infiltration,침투,record,False,False,False,False,,
Oblivion.esm,QUST,000356C9,FGD08Infiltration,CNAM,0,10,0,"Modryn Oreyn would like me to join the Blackwood Company. I am to go to their headquarters in Leyawiin, inflitrate their ranks, and follow them on a mission to find out the secret of their effectiveness.","마드런 오리언(Modryn Oreyn)은 내가 블랙우드 컴패니(Blackwood Company)에 가입하기를 원했다. 난 레이어윈에 있는 그들의 본부로 가서 그들의 조직에 잠입한 뒤, 그들의 임무를 수행하면서 그들의 힘에 얽힌 비밀을 조사해야 한다.",record,True,True,False,False,HIGH,"Modryn, Oreyn, Blackwood, Company"
Oblivion.esm,QUST,000356C9,FGD08Infiltration,CNAM,1,20,0,I was able to join the Blackwood Company. I am to report to the training room to prepare for an upcoming mission.,난 블랙우드 컴퍼니에 가입할 수 있었다. 다가오는 임무 준비를 위해서 훈련실에 신고해야 한다.,record,False,False,False,False,,
Oblivion.esm,QUST,000356C9,FGD08Infiltration,CNAM,2,30,0,"The Blackwood Company has been hired by the Water's Edge Settlement to take care of some goblins that have been raiding their town. First, though, we are all to drink a potion made from the sap of a Hist Tree.",워터스 엣지는 마을을 공격한 고블린들을 처리하기 위하여 블랙우드 컴퍼니를 고용하였다. 우선 우리는 히스트 나무의 수액으로 만든 물약을 복용해야 했다.,record,False,False,False,False,,
Oblivion.esm,QUST,000356C9,FGD08Infiltration,CNAM,3,40,0,I have ingested the Hist Sap potion. I feel a strange feeling coming over me.,히스트 수액 물약을 복용했다. 이상한 느낌이 나에게 밀려왔다.,record,False,False,False,False,,
Oblivion.esm,QUST,000356C9,FGD08Infiltration,CNAM,4,50,0,"We've arrived at Water's Edge, which it seems has been overrun by goblins. I have been given the order to attack.",고블린에게 습격 당한 워터스 엣지에 도착했다. 난 공격명령을 받았다.,record,False,False,False,False,,
Oblivion.esm,QUST,000356C9,FGD08Infiltration,CNAM,5,60,0,"While leaving Water's Edge, the Hist Sap again began to have a strange effect on me.",워터스 엣지를 떠나는 동안에 히스트 수액이 다시 이상한 효과를 일으키기 시작했다.,record,False,False,False,False,,
Oblivion.esm,QUST,000356C9,FGD08Infiltration,CNAM,6,60,1,The goblins invading Water's Edge have been defeated.,워터스 엣지를 습격한 고블린은 모두 제거되었다.,record,False,False,False,False,,
Oblivion.esm,QUST,000356C9,FGD08Infiltration,CNAM,7,70,0,I've awakened from my Hist Sap stupor at Modryn Oreyn's house. He worries that the company will have taken the settlement and moved the residents out.,난 모드린 오레인의 집에서 히스트 셉으로 인한 혼수상태에서 깨어났다. 그는 블랙우드 컴퍼니가 마을을 손에 넣고 주민들을 쫓아내려는 것을 걱정하고 있다.,record,False,False,False,False,,
Oblivion.esm,QUST,000356C9,FGD08Infiltration,CNAM,8,80,0,"I've returned to Water's Edge to a gruesome sight. Biene Amelion's father stands over the corpses of his daughter and the rest of the settlement. There are corpses all around--not goblin corpses as it had appeared in my Hist Sap-clouded mind, but human corpses. The Blackwood Company and I slaughtered the entire population of Water's Edge. I must return to Oreyn immediately.","워터스 엣지로 돌아와서 섬뜩한 광경을 보았다. 비엔 아멜리온의 아버지는 그의 딸의 시체와 마을의 남은 것들을 지켜보고 있었다. 주위에 온통 시체투성이었다. 내가 히스트 수액에 정신이 빼앗겼을 때에 보이던 고블린의 시체가 아니라, 인간의 시체였다. 블랙우드 컴퍼니와 나는 워터스 엣지의 모든 사람들을 학살한 것이다. 오레인에게 즉시 돌아가야 한다.",record,False,False,False,False,,
Oblivion.esm,QUST,000356C9,FGD08Infiltration,CNAM,9,100,0,"Oreyn was deeply troubled by what I told him, but realizes that there was little I could have done to prevent it. He believes it is time to end the Blackwood Company forever.","오레인은 나의 말을 듣고 매우 괴로워했지만, 나로서는 어찌할 도리가 없었음을 안다. 그는 블랙우드 컴퍼니를 영원히 끝장낼 때가 왔다고 생각한다.",record,False,False,False,False,,
Oblivion.esm,QUST,000356C8,FGD07Kidnap,FULL,0,,,Information Gathering,정보 수집(Information Gathering),record,True,True,False,False,HIGH,"Information, Gathering"
Oblivion.esm,QUST,000356C8,FGD07Kidnap,CNAM,0,5,0,"I have been promoted to the rank of Champion of the Fighters Guild. I'm told that Modryn Oreyn is looking for me, and I should speak with him as soon as possible.",파이터길드의 챔피언(Champion)으로 승급되었다. 마드런 오리언(Modryn Oreyn)이 나를 찾고 있다는 소식을 들었다. 가능한 빨리 그와 이야기 해야 한다.,record,True,True,False,False,HIGH,"Champion, Modryn, Oreyn"
Oblivion.esm,QUST,000356C8,FGD07Kidnap,CNAM,1,10,0,"I have spoken to Modryn Oreyn, who tells me that, although he has been expelled from the Fighters Guild, he will still work to restore its honor. To that end, he wants me to go to the Glademist Cave and capture a Blackwood Company leader, Ajum-Kajin.","마드런 오리언(Modryn Oreyn)은 비록 파이터길드에서 쫓겨났지만, 그의 명예를 회복하기 위해 계속 노력할 것이라고 했다. 그때문에, 그는 내가 글레이드미스트 동굴(Glademist Cave)로 가서 블랙우드 컴패니(Blackwood Company)의 리더인 아쥼카진(Ajum-Kajin)을 잡아오길 원했다.",record,True,True,False,False,HIGH,"Modryn, Oreyn, Glademist, Cave, Blackwood, Company, Ajum-Kajin"
Oblivion.esm,QUST,000356C8,FGD07Kidnap,CNAM,2,20,0,"I have found Ajum-Kajin, cowering in his Blackwood Company hideout. I must convince him to return with me.",블랙우드 컴패니(Blackwood Company)의 은신처에 숨어있던 아쥼카진(Ajum-Kajin)을 찾았다. 그를 설득해서 데려가야 한다.,record,True,True,False,False,HIGH,"Blackwood, Company, Ajum-Kajin"
Oblivion.esm,QUST,000356C8,FGD07Kidnap,CNAM,3,30,0,Ajum-Kajin will now return with me to Modryn Oreyn's house.,이제 아쥼카진(Ajum-Kajin)은 나와 함께 마드런 오리언의 집(Modryn Oreyn's house)으로 갈 것이다.,record,True,True,False,False,HIGH,"Ajum-Kajin, Modryn, Oreyn's, house"
Oblivion.esm,QUST,000356C8,FGD07Kidnap,CNAM,4,40,0,Oreyn would like me to learn some things from Ajum-Kajin: how large the Blackwood Company is; who leads the Company; and what is the source of their power. Oreyn has told me I am to use whatever means necessary to get this information.,"오리언(Oreyn)은 내가 아쥼카진(Ajum-Kajin)에게서 정보를 얻기를 원한다. 블랙우드 컴패니(Blackwood Company)의 규모가 얼마나 되는지, 누가 컴패니(Company)를 이끌고 있는지, 그들의 힘의 원천은 어디인지 등에 관하여 말이다. 오리언(Oreyn)은 정보를 얻기 위해서는 수단방법을 가리지 않아도 된다고 했다.",record,True,True,False,False,HIGH,"Oreyn, Ajum-Kajin, Blackwood, Company, Company, Oreyn"
Oblivion.esm,QUST,000356C8,FGD07Kidnap,CNAM,5,45,0,It appears Ajum-Kajin may be ready to give me information.,아쥼카진(Ajum-Kajin)은 실토할 준비가 되어있는 것 같다.,record,True,True,False,False,HIGH,Ajum-Kajin
Oblivion.esm,QUST,000356C8,FGD07Kidnap,CNAM,6,50,0,"I've learned that the Blackwood Company is over 100 strong, and growing every day. I must find out who leads them.","블랙우드 컴패니(Blackwood Company)의 규모는 100명이 넘고, 또한 매일 성장하고 있다는 것을 알았다. 이제 누가 그들을 이끌고 있는지 알아내야 한다.",record,True,True,False,False,HIGH,"Blackwood, Company"
Oblivion.esm,QUST,000356C8,FGD07Kidnap,CNAM,7,55,0,It looks like Ajum-Kajin is ready to tell me more. I should question him.,아쥼카진(Ajum-Kajin)은 나에게 더 많은 것을 이야기할 준비가 된 것 같다. 그에게 질문해야 한다.,record,True,True,False,False,HIGH,Ajum-Kajin
Oblivion.esm,QUST,000356C8,FGD07Kidnap,CNAM,8,60,0,"I've learned their leader is Ri'Zakar. I must now learn the source of their power, what gives them such courage in battle.",난 그들의 리더가 리자카(Ri'Zakar)라는 사실을 알았다. 난 싸움에서 엄청난 용기를 불어넣어주던 그들의 힘의 원천에 대하여 알아내야 한다.,record,True,True,False,False,HIGH,Ri'Zakar
Oblivion.esm,QUST,000356C8,FGD07Kidnap,CNAM,9,70,0,Ajum-Kajin seems unwilling to answer me as to the source of the Blackwood Company's power. I will have to persuade him further.,아쥼카진(Ajum-Kajin)은 블랙우드 컴패니(Blackwood Company)의 힘의 원천에 대해서는 대답하지 않을 것 같다. 그를 좀더 설득해 보아야겠다.,record,True,True,False,False,HIGH,"Ajum-Kajin, Blackwood, Company"
Oblivion.esm,QUST,000356C8,FGD07Kidnap,CNAM,10,80,0,"Rather than divulge the Blackwood Company's secret, Ajum-Kajin has killed himself. I should speak with Oreyn for further instruction.",아쥼카진(Ajum-Kajin)은 블랙우드 컴패니(Blackwood Company)의 비밀을 누설하느니 차라리 자살을 선택했다. 오리언(Oreyn)과 이야기하여 추가적인 지시를 받아야 한다.,record,True,True,False,False,HIGH,"Ajum-Kajin, Blackwood, Company, Oreyn"
Oblivion.esm,QUST,000356C8,FGD07Kidnap,CNAM,11,100,0,"Though we did not get all of the answers we had hoped for, Oreyn is pleased with the information we gained.","비록 우리는 원하는 답을 모두 알아내지는 못했지만, 오리언(Oreyn)은 우리가 알아낸 정보에 만족했다.",record,True,True,False,False,HIGH,Oreyn
Oblivion.esm,QUST,000356C8,FGD07Kidnap,CNAM,12,105,0,Ajum-Kajin has died. I will be unable to learn any more from him. Oreyn is unhappy I took the interrogation too far.,아쥼카진(Ajum-Kajin)은 죽었다. 난 그로부터 더 이상의 어떠한 정보도 알아내지 못하였다. 오리언(Oreyn)은 나의 지나친 심문이 적절하지 못하다고 생각했다.,record,True,True,False,False,HIGH,"Ajum-Kajin, Oreyn"
Oblivion.esm,QUST,0003564F,MG09Motives,FULL,0,,,Ulterior Motives,숨겨진 의도,record,False,False,False,False,,
Oblivion.esm,QUST,0003564F,MG09Motives,CNAM,0,10,0,"Raminus Polus has asked me to retrieve a book from Janus Hassildor, Count of Skingrad.",숨겨진 의도,record,False,False,False,False,,
Oblivion.esm,QUST,0003564F,MG09Motives,CNAM,1,20,0,"Mercator Hosidius, a liason to the Count of Skingrad, has told me the Count is not accepting visitors. I need to return tomorrow.",스킨그라드의 백작(Count of Skingrad)의 대리인 머카토 호시디어스(Mercator Hosidius)는 백작이 현재 내객을 받지 않는다고 얘기했다. 내일 다시 와봐야 한다.,record,True,True,False,False,HIGH,"Count, of, Skingrad, Mercator, Hosidius"
Oblivion.esm,QUST,0003564F,MG09Motives,CNAM,2,30,0,Mercator Hosidius told me the Count will meet with me North of the Cursed Mine west of town at 2 AM.,머카토 호시디어스(Mercator Hosidius)는 백작이 오전 2시에 영지 서쪽에 있는 저주받은 광산 북쪽에서 만나자고 했다고 말했다.,record,True,True,False,False,HIGH,"Mercator, Hosidius"
Oblivion.esm,QUST,0003564F,MG09Motives,CNAM,3,40,0,Count Hassildor saved me from the ambush set by Mercator Hosidius. I need to deliver his message to Raminus Polus.,하실도르 백작(Count Hassildor)이 머카토 호시디어스(Mercator Hosidius)의 습격으로부터 날 구했다. 난 라미누스 폴러스(Raminus Polus)에게 백작의 전언을 전해야 한다.,record,True,True,False,False,HIGH,"Count, Hassildor, Mercator, Hosidius, Raminus, Polus"
Oblivion.esm,QUST,0003564F,MG09Motives,CNAM,4,100,0,I've delievered Hassildor's message to Raminus Polus.,라미누스 폴러스(Raminus Polus)에게 백작의 전언을 전했다.,record,True,True,False,False,HIGH,"Raminus, Polus"
Oblivion.esm,QUST,000355E1,TG01BestThief,FULL,0,,,May the Best Thief Win,가장 뛰어난 도둑이 이길 것이다,record,False,False,False,False,,
Oblivion.esm,QUST,000355E1,TG01BestThief,CNAM,0,5,0,I approached Armand Christophe about the Thieves Guild. Apparently this is not the right time or place to discuss it. He told me to meet him in the ruined Garden of Dareloth in the Waterfront distict of the Imperial City. I have to be there at midnight.,도둑 길드(Thieves Guild)에 대해 알고 있는 아만드 크리스토프(Armand Christophe)라는 사람과 접선했다. 아무리 봐도 뭔가를 의논하기엔 좀 부적절한 장소와 시간인 듯하다. 그는 임페리얼시티(Imperial City) 선창가(Waterfront Distict)에 있는 다렐로쓰(Dareloth)의 정원에서 그를 만나라고 나에게 말했다. 자정에 그곳으로 가야겠다.,record,True,True,False,False,HIGH,"Thieves, Guild, Armand, Christophe, Imperial, City, Waterfront, Distict, Dareloth"
Oblivion.esm,QUST,000355E1,TG01BestThief,CNAM,1,10,0,"I spoke with Armand Christophe, who is a member of the Thieves Guild. He offered me a chance to join the guild, but I have to compete against two other thieves, Methredhel and Amusei. Which ever one of us steals Amantius Allectus' Diary first will be inducted into the Thieves Guild. It's somewhere in the Imperial City. He told me that the beggars might be able to tell me where to find him.",도둑길드(Thieves Guild)의 사람인 아만드 크리스토프(Armand Christophe)와 대화를 나누었다. 그는 나에게 도둑길드(Thieves Guild) 가입을 위한 제안을 하나 했다. 다른 두 도둑-메드레드헬(Methredhel)과 아뮤세(Amusei)-과 경쟁해서 이기라는 것이었다. 누구든 먼저 아만터스 알렉터스(Amantius Allectus)의 일기장을 훔쳐오면 된다는 것이었다. 그의 집은 임페리얼시티 어딘가에 있다. 거지가 아마 위치를 알고 있을 거라고 살짝 알려줬다.,record,True,True,False,False,HIGH,"Thieves, Guild, Armand, Christophe, Thieves, Guild, Methredhel, Amusei, Amantius, Allectus"
Oblivion.esm,QUST,000355E1,TG01BestThief,CNAM,2,15,0,"A beggar told me that Amantius Allectus lives in the Temple district, on the far east side.",거지는 내게 아만티우스 알렉투스가 도시 동쪽에 있는 신전 구역에 살고 있을 것이라 말했다.,record,False,False,False,False,,
Oblivion.esm,QUST,000355E1,TG01BestThief,CNAM,3,20,0,"Methredhel has beaten me to Amantius Allectus' diary. If I can't get it from her somehow, she will get into the guild and I'll be left out in the cold. It's too bad the competition rules won't let me kill her. However, Armand didn't say anything about stealing from her!",메스레델이 아만티우스 알렉투스의 일기장을 훔쳐냈다. 어떻게 해서든 그녀로부터 뺏어야 내가 길드에 들어갈 수 있다. 아니면 난 버림받을 것이다. 유감이지만 그녀를 죽이는 건 규칙에 어긋난다. 다행스럽게도 아르망은 그녀에게서 일기장을 훔치는 것 대해 어떤 말도 하지 않았다.,record,False,False,False,False,,
Oblivion.esm,QUST,000355E1,TG01BestThief,CNAM,4,22,0,"Methredhel has escaped. If I want that diary, I going to have to track her down. I wonder if the beggars can help me?",메스레델이 도망쳤다. 일기장을 찾으려면 그녀를 쫓아야한다. 거지 녀석이 도움이 될까?,record,False,False,False,False,,
Oblivion.esm,QUST,000355E1,TG01BestThief,CNAM,5,30,0,I have stolen Amantius Allectus' diary from Methredhel. Now to get back to Armand at Dareloth's garden by midnight.,메스레델에게서 아만티우스 알렉투스의 일기장을 빼앗았다. 이제 자정에 맞춰 아르망에게 돌아가면 된다.,record,False,False,False,False,,
Oblivion.esm,QUST,000355E1,TG01BestThief,CNAM,6,40,0,I have beaten Methredhel and Amusei to Amantius Allectus' diary. Now to get back to Armand at Dareloth's garden by midnight.,메드레드헬(Methredhel)과 아뮤세(Amusei)보다 내가 먼저 아만터스 알렉터스(Amantius Allectus)의 일기장을 훔쳐냈다. 이제 자정에 맞춰 아만드(Armand)에게 돌아가면 된다.,record,True,True,False,False,HIGH,"Methredhel, Amusei, Amantius, Allectus, Armand"
Oblivion.esm,QUST,000355E1,TG01BestThief,CNAM,7,50,0,"Armand Christophe has granted me a membership in the Thieves Guild. Methredhel is irritated, but I think she'll get over it. Amusei is threatening to become a freelance thief. Armand has given me the rules of the guild:",아르망 크리스토프가 나를 도둑 길드의 일원으로 인정했다. 메스레델이 화를 냈지만 내 생각에 그녀는 극복할 것이다. 아뮤세이는 혼자서라도 도둑이 되겠다고 으름장을 놨다. 아르망은 길드 규칙을 설명해주었다.,record,False,False,False,False,,
Oblivion.esm,QUST,000355E1,TG01BestThief,CNAM,8,50,1,1. I can't kill anyone while I'm on the job. Animals and monsters are fair game though.,1. 일을 하는 동안 어느 누구도 죽이지 않겠다. 단 동물이나 몬스터는 제외한다.,record,False,False,False,False,,
Oblivion.esm,QUST,000355E1,TG01BestThief,CNAM,9,50,2,2. Never steal from anyone in the Thieves Guild.,2. 길드원 누구에게서라도 도둑질을 하지 않겠다.,record,False,False,False,False,,
Oblivion.esm,QUST,000355E1,TG01BestThief,CNAM,10,50,3,"3. Never steal from beggars and peasants, especially in the Waterfront. The Gray Fox protects them.",3. 부두 구역에 있는 거지와 서민들에게서 도둑질을 하지 않겠다. 그들은 그레이 폭스의 보호 아래 있다.,record,False,False,False,False,,
Oblivion.esm,QUST,000355E1,TG01BestThief,CNAM,11,60,0,The word on the street is that Methredhel delivered Amantius Allectus diary to Armand. I hope Armand has something else I can do to get into the Thieves Guild. I should go see him at midnight in the Garden of Dareloth.,메드레드헬(Methredhel)이 아만드(Armand)에게 아만터스 알렉터스(Amantius Allectus)의 일기장을 전달해 주었다는 얘기가 들렸다. 내가 도둑길드(Thieves Guild)에 들어갈 수 있게 아만드(Armand)가 다른 제안을 해줬으면 좋겠다. 어쨌든 자정이 되면 다렐로쓰(Dareloth)의 정원으로 그를 만나러 가야겠다.,record,True,True,False,False,HIGH,"Methredhel, Armand, Amantius, Allectus, Thieves, Guild, Armand, Dareloth"
Oblivion.esm,QUST,000355E1,TG01BestThief,CNAM,12,70,0,Methredhel delivered the diary to Armand before me. She has been accepted into the Thieves Guild. ,나보다 먼저 메스레델이 아르망에게 일기장을 전달해 주었다. 그녀는 도둑 길드원이 되었다.,record,False,False,False,False,,
Oblivion.esm,QUST,000355E1,TG01BestThief,CNAM,13,75,0,Armand is giving Amusei and I one more chance we have to steal Rohssan's sword from somewhere in the Imperial City and bring it back to him. The first one of us to do that will also be admitted into the Thieves Guild.,아만드(Armand)는 아뮤세(Amusei)와 나에게 다시 한번 기회를 주었다. 우리는 로싼(Rohssan)의 칼을 훔쳐와야 된다. 먼저 훔쳐오는 자가 도둑길드(Thieves Guild)원이 된다.,record,True,True,False,False,HIGH,"Armand, Amusei, Rohssan, Thieves, Guild"
Oblivion.esm,QUST,000355E1,TG01BestThief,CNAM,14,80,0,I have Rohssan's Cutlass. Now to get back to Armand in the garden of Dareloth. I'll have to wait until midnight when he is there.,로산의 검을 훔쳤다. 이제 다렐로스의 정원으로 아르망을 만나러 가자. 자정이 될 때까지 기다린 다음 그를 만나야겠다.,record,False,False,False,False,,
Oblivion.esm,QUST,000355E1,TG01BestThief,CNAM,15,90,0,Armand Christophe has granted me a membership in the Thieves Guild. Amusei is threatening to become a freelance thief. Armand has given me the rules of the guild:,아르망 크리스토프가 나를 도둑 길드원으로 인정해 주었다. 아뮤세이는 혼자서라도 도둑이 되겠다고 으름장을 놨다. 아르망은 길드 규칙을 설명해주었다.,record,False,False,False,False,,
Oblivion.esm,QUST,000355DF,TG00FindThievesGuild,FULL,0,,,Finding the Thieves Guild,도둑 길드를 찾아서,record,False,False,False,False,,
Oblivion.esm,QUST,000355DF,TG00FindThievesGuild,CNAM,0,30,0,"I was given a mysterious note by a mysterious Dark Elf. It offers greater wealth and less jail time. Maybe I should check it out. I have to wait until midnight, and then go to the Garden of Dareloth.",도둑 길드를 찾아서,record,False,False,False,False,,
Oblivion.esm,QUST,000355DF,TG00FindThievesGuild,CNAM,1,40,0,"A beggar told me that if I want to find the Gray Fox, I should look for the Garden of Dareloth in the Waterfront District of the Imperial City around midnight. The Gray Fox is the only clue I have to the mysterious Thieves Guild.","한 거지가 말하길, 그레이 폭스를 찾고 싶다면 자정 즈음에 임페리얼 시티의 부두 구역에 있는 다렐로스의 정원을 찾아가보는 것이 좋을 거라 했다. 그레이 폭스는 정체불명의 도둑 길드에 접근하기 위한 유일한 실마리이다.",record,False,False,False,False,,
Oblivion.esm,QUST,00035589,MSShadowscale,FULL,0,,,The Renegade Shadowscale,배신자 섀도우스케일,record,False,False,False,False,,
Oblivion.esm,QUST,00035589,MSShadowscale,CNAM,0,10,0,"I must journey to the southeastern tip of Cyrodiil, to a swamp known as Bogwater. There I will find a renegade Shadowscale known as Scar-Tail. I must kill Scar-Tail, and return his heart to Teinaava.",배신자 섀도우스케일,record,False,False,False,False,,
Oblivion.esm,QUST,00035589,MSShadowscale,CNAM,1,15,0,"I have agreed to spare Scar-Tail's life. I must take the heart of the dead Argonian assassin, and present that to Teinaava instead. To thank me, Teinaava has shared the secret hiding place of his treasure -- in the hollowed-out rock near Bogwater campfire.",스카-테일(Scar-Tail)의 목숨을 살려주기로 했다. 대신 죽은 아르고니안 암살자의 심장을 테인아바(Teinaava)에게 바쳐야만 한다. 테인아바(Teinaava)는 고마움을 표시하며 비밀스런 장소 -- 보그워터(Bogwater) 모닥불 근처 속이 빈 바위에 숨긴 보물을 나누기로 했다. ,record,True,True,False,False,HIGH,"Scar-Tail, Teinaava, Teinaava, Bogwater"
Oblivion.esm,QUST,00035589,MSShadowscale,CNAM,2,20,0,I have obtained the Argonian's heart. I must now return to the Dark Brotherhood Sanctuary in Cheydinhal and present it to Teinaava.,아르고니안의 심장을 손에 넣었다. 이제 셰이딘홀에 있는 다크 브라더후드 성역의 타이나바에게 돌아가야 한다.,record,False,False,False,False,,
Oblivion.esm,QUST,00035589,MSShadowscale,CNAM,3,30,0,Scar-Tail has been killed. I must now return to the Dark Brotherhood Sanctuary in Cheydinhaal and present his heart to Teinaava.,스카-테일(Scar-Tail)은 죽었다. 이제 쉐이딘홀에 있는 다크 브라더후드 신전(Dark Brotherhood Sanctuary)의 테인아바(Teinaava)에게 돌아가 바쳐야만 한다.,record,True,True,False,False,HIGH,"Scar-Tail, Dark, Brotherhood, Sanctuary, Teinaava"
Oblivion.esm,QUST,00035589,MSShadowscale,CNAM,4,100,0,I have presented Teinaava with the Argonian's heart.,아르고니안의 심장을 타이나바에게 전해 주었다.,record,False,False,False,False,,
Oblivion.esm,QUST,00034EA2,TG03Elven,FULL,0,,,The Elven Maiden,엘프 아가씨,record,False,False,False,False,,
Oblivion.esm,QUST,00034EA2,TG03Elven,CNAM,0,10,0,Armand of the Thieves Guild has asked me to steal the bust of Llathasa Indarys from Cheyhindal. They will pay 100 gold coins.,도둑 길드(Thieves Guild)의 아만드(Armand)는 내게 쉐이딘홀(Cheyhindal)의 르싸사 인더리즈(Llathasa Indarys)의 흉상을 훔쳐오는 임무를 주었다. 보수는 100골드이다.,record,True,True,False,False,HIGH,"Thieves, Guild, Armand, Cheyhindal, Llathasa, Indarys"
Oblivion.esm,QUST,00034EA2,TG03Elven,CNAM,1,15,0,I learned that the bust of Llathasa Indarys is in her tomb. She is buried in the chapel undercroft of the Temple of Arkay in Cheydinhal.,라타사 인다리스의 흉상이 그녀의 무덤에 있다는 것을 알아냈다. 그녀는 셰이딘홀에 있는 아케이 사원의 지하 묘지에 묻혀 있다.,record,False,False,False,False,,
Oblivion.esm,QUST,00034EA2,TG03Elven,CNAM,2,20,0,I have the bust. Now to get back to Armand.,흉상을 손에 넣었다. 이제 아르망에게 돌아가자.,record,False,False,False,False,,
Oblivion.esm,QUST,00034EA2,TG03Elven,CNAM,3,30,0,The Waterfront is crawling with Imperial Watch. They are all looking for Armand Christophe. I'm sure he won't show at midnight. Dareloth's Garden is too hot. I'll need to find out where he is hiding. Maybe one of the other Thieves Guild members knows. I'll have to start asking around for them.,부두 구역이 제국 경비대로 북적댄다. 그들은 아르망 크리스토프를 찾고 있다. 그가 자정이 되어도 나타나지 않을 것을 알 수 있다. 다렐로스의 정원은 더 이상 접선지로 적합하지 않다. 그가 숨어 있을 만한 장소를 찾아낼 것이다. 어쩌면 다른 도둑 길드원들이 알고 있을지도 모른다. 그들에게 물어보는 일부터 시작하는 것이 좋을 듯하다.,record,False,False,False,False,,
Oblivion.esm,QUST,00034EA2,TG03Elven,CNAM,4,40,0,I overheard the pompous Hieronymous Lex say that there is an informant in the Thieves Guild.,나는 그 거만한 히로너머스 렉스(Hieronymus Lex)가 도둑 길드(Thieves Guild)내에 첩자가 있다고 말하는 것을 엿들었다.,record,True,True,False,False,HIGH,"Hieronymus, Lex, Thieves, Guild"
Oblivion.esm,QUST,00034EA2,TG03Elven,CNAM,5,50,0,"Methredhel contacted me. She says that this whole job was just a setup to flush out the informant, a Dark Elf named Myvryna Arano. They didn't see fit to let me in on the plan though. She has specific instructions from Armand to plant the bust in Myvryna's cupboard. Then I have to find Hieronymus Lex and snitch on her.",메스레델과 만났다. 그녀가 말하기를 이 모든 일은 미브리나 아라노라는 이름의 다크 엘프 첩자를 잡아내기 위한 것이라고 했다. 하지만 내가 이 계획에 제격이라는 사실을 모르고 있는 것 같다. 그녀는 미브리나의 선반에 흉상을 넣어두라는 아르망의 특별 지시를 받았다. 그 다음 히에로니무스 렉스에게 미브리나를 고발해야한다.,record,False,False,False,False,,
Oblivion.esm,QUST,00034EA2,TG03Elven,CNAM,6,60,0,The bust is in Myvryna's cupboard. Now to tell that windbag Lex where to find it.,흉상은 미브리나의 선반에 있다. 이제 주접스런 렉스에게 흉상이 어디 있는 지를 말해주도록 하자.,record,False,False,False,False,,
Oblivion.esm,QUST,00034EA2,TG03Elven,CNAM,7,70,0,"I told Hieronymus Lex that Myvryna was the thief. He didn't believe me, probably because she is his informant. Fortunately his overblown sense of duty will make him check it out anyway. He is insisting I follow him.","히에로니무스 렉스에게 미브리나가 도둑이라고 말했다. 그는 나를 믿지 않았다. 아마도 그녀가 첩자였기 때문이다. 어쨌거나, 다행히도 그의 의심 많은 성격이 이를 확인하려 들 것이다. 그는 내게 자신을 따라오라 했다.",record,False,False,False,False,,
Oblivion.esm,QUST,00034EA2,TG03Elven,CNAM,8,75,0,Hieronymus Lex found the bust I planted. Now all I have to do is report to Armand. Unfortunately I'll have to wait until the next midnight for him to return to the Garden of Dareloth.,"히에로니무스 렉스는 내가 넣어둔 흉상을 발견했다. 이제 아르망에게 보고하는 일만이 남았다. 공교롭게도, 그가 다렐로스의 정원으로 돌아올 다음 날 자정까지 기다려야 한다.",record,False,False,False,False,,
Oblivion.esm,QUST,00034EA2,TG03Elven,CNAM,9,80,0,Armand thanked me for my help in exposing Myvryna Arano as the informant. He promoted me to Bandit in the Thieves Guild.,아르망은 첩자 미브리나 아라노의 정체를 밝혀내는 데에 내가 일조한 것에 고마워했다. 그는 도둑 길드 내에서 계급을 도적으로 진급시켜 주었다.,record,False,False,False,False,,
Oblivion.esm,QUST,00034E14,MG08MagesStaff,FULL,0,,,A Mage's Staff,메이지의 지팡이,record,False,False,False,False,,
Oblivion.esm,QUST,00034E14,MG08MagesStaff,CNAM,0,10,0,"I need to find the grove near Wellspring Cave, northeast of the Imperial City, to acquire wood for my Mage's Staff.",메이지의 지팡이,record,False,False,False,False,,
Oblivion.esm,QUST,00034E14,MG08MagesStaff,CNAM,1,20,0,I have arrived at Wellspring Cave. I should speak with Elette or Zahrasha.,웰스프링 동굴(Wellspring Cave)에 도착하였다. 이제 엘레떼(Elette) 또는 자라샤(Zahrasha)와 대화하여야 한다.,record,True,True,False,False,HIGH,"Wellspring, Cave, Elette, Zahrasha"
Oblivion.esm,QUST,00034E14,MG08MagesStaff,CNAM,2,22,0,"I have found Zahrasha, who is dead. I should investigate what happened to her.",자라샤가 죽어있는 것을 발견하였다. 무슨 일이 일어났는지를 알아내야 한다.,record,False,False,False,False,,
Oblivion.esm,QUST,00034E14,MG08MagesStaff,CNAM,3,22,1,"I have found Zahrasha, who is dead.",자라샤가 죽어있는 것을 발견하였다.,record,False,False,False,False,,
Oblivion.esm,QUST,00034E14,MG08MagesStaff,CNAM,4,25,0,"I have found Eletta, who is dead. ",엘레타가 죽어있는 것을 발견하였다.,record,False,False,False,False,,
Oblivion.esm,QUST,00034E14,MG08MagesStaff,CNAM,5,25,1,"I have found Eletta, who is dead. I should find out what happened to her.",엘레타가 죽어있는 것을 발견하였다. 무슨 일이 일어났는지를 알아내야 한다.,record,False,False,False,False,,
Oblivion.esm,QUST,00034E14,MG08MagesStaff,CNAM,6,30,0,"The necromancers that ambushed me have been defeated. I need to take this unfinished staff, and get back to Raminus Polus to tell him what's happened.",나를 습격했던 네크로맨서들을 물리쳤다. 난 미완성 지팡이를 가지고 라미누스 폴루스에게 돌아가 무슨 일이 있었는지 이야기해야 한다.,record,False,False,False,False,,
Oblivion.esm,QUST,00034E14,MG08MagesStaff,CNAM,7,30,1,"The necromancers that ambushed me have been defeated. I need to get wood for a staff, and get back to Raminus Polus to tell him what's happened.",나를 습격했던 네크로맨서들을 격퇴했다. 난 지팡이를 만들기 위해 필요한 나무를 찾아서 라미누스 폴루스에게 돌아가 무슨 일이 있었는지 이야기해야 한다.,record,False,False,False,False,,
Oblivion.esm,QUST,00034E14,MG08MagesStaff,CNAM,8,40,0,I have checked in with Raminus Polus. I now need to find Delmar in the Arcane University.,라미누스 폴루스와 대화를 나누었다. 이제 아케인 대학에서 델마를 찾아야 한다.,record,False,False,False,False,,
Oblivion.esm,QUST,00034E14,MG08MagesStaff,CNAM,9,50,0,"I've chosen a staff, and need to speak to Delmar when it's complete.","나의 지팡이가 어떤 종류가 될 것인지 골랐고, 완성될 시점에 델마와 이야기해야 한다.",record,False,False,False,False,,
Oblivion.esm,QUST,00034E14,MG08MagesStaff,CNAM,10,100,0,My Mage's Staff is complete.,나의 메이지의 지팡이는 완성되었다.,record,False,False,False,False,,
Oblivion.esm,QUST,0003486D,TG02taxes,FULL,0,,,Untaxing the Poor,가난한 자의 세금이 없도록,record,False,False,False,False,,
Oblivion.esm,QUST,0003486D,TG02taxes,CNAM,0,10,0,Armand of the Thieves Guild has asked me to recover the tax records and taxes collected by the Imperial Watch. They are being held by an over-zealous Captain named Hieronymus Lex in the South Watchtower.,가난한 자의 세금이 없도록,record,False,False,False,False,,
Oblivion.esm,QUST,0003486D,TG02taxes,CNAM,1,15,0,I learned that Hieronymus Lex has an office in the South Watchtower. That's probably where he keeps the taxes and tax records. I should check it out.,남쪽 감시탑에 히에로니무스 렉스의 집무실이 있다는 것을 알아냈다. 아마 세금과 장부가 보관되어 있을 것이다. 확인해 볼 필요가 있다.,record,False,False,False,False,,
Oblivion.esm,QUST,0003486D,TG02taxes,CNAM,2,20,0,I found the tax records. Now to get them back to Armand in the Waterfront district.,세금 장부를 찾아냈다. 이제 이를 부두 구역의 아르망에게 가지고 돌아가자.,record,False,False,False,False,,
Oblivion.esm,QUST,0003486D,TG02taxes,CNAM,3,30,0,I returned the tax records and taxes to Armand. He let me keep the gold. The Gray Fox will redistribute them to the peasants in the Waterfront district using money from the guild treasury. Armand has promoted me to Footpad in the Thieves Guild.,아르망에게 세금 장부를 넘겨주었다. 돈은 내가 가져도 좋다고 한다. 그레이 폭스는 길드의 재산을 털어 부두 구역의 서민들에게 돈을 되돌려줄 것이다. 아르망은 나의 도둑 길드 계급을 날치기꾼으로 진급시켜 주었다.,record,False,False,False,False,,
Oblivion.esm,QUST,00033957,NQDLeyawiin,FULL,0,,,NQDLeyawiin,NQD 레이위인,record,False,True,False,False,MEDIUM,NQD
Oblivion.esm,QUST,0002D93C,MG07Leyawiin,FULL,0,,,Leyawiin Recommendation,레이야윈 추천장,record,False,False,False,False,,
Oblivion.esm,QUST,0002D93C,MG07Leyawiin,CNAM,0,10,0,I need to find an amulet so that Dagail will send a recommendation to the Arcane University for me. Agata may know more.,레이야윈 추천장,record,False,False,False,False,,
Oblivion.esm,QUST,0002D93C,MG07Leyawiin,CNAM,1,20,0,"I need to speak with the mages in the Leyawiin guild hall, in case any of them have seen Dagail's amulet.","레이야윈 길드 지부의 마법사들 중 누군가가 다게일의 아뮬렛을 보았을 수도 있으니, 전부 만나 봐야 한다.",record,False,False,False,False,,
Oblivion.esm,QUST,0002D93C,MG07Leyawiin,CNAM,2,30,0,Kalthar seemed to know a great deal about the missing amulet. I should tell Agata what he has told me.,칼타르는 잃어버린 아뮬렛에 관한 중요한 사실을 알고 있는 것처럼 보였다. 아가타에게 그가 해준 이야기를 말해주어야 한다.,record,False,False,False,False,,
Oblivion.esm,QUST,0002D93C,MG07Leyawiin,CNAM,3,35,0,"Agata has asked that I attempt to question Dagail about her father, to find out what his connection to the amulet may be.","아가타는 우선 다게일에게 그의 아버지에 관하여 물어보고, 그것이 목걸이와 어떠한 연관이 있는지 조사해 보라고 하였다.",record,False,False,False,False,,
Oblivion.esm,QUST,0002D93C,MG07Leyawiin,CNAM,4,40,0,I need to find the fort at which Dagail's father was stationed. It should be somewhere near Leyawiin.,다게일의 아버지가 매장되어 있는 요새를 찾아야 한다. 분명 레이야윈 근처 어딘가에 있을 것이다.,record,False,False,False,False,,
Oblivion.esm,QUST,0002D93C,MG07Leyawiin,CNAM,5,50,0,I've arrived at Fort Blueblood. Dagail's father should be buried inside.,블루블러드 요새에 도착했다. 다게일의 아버지는 이 안에 묻혀 있을 것이다.,record,False,False,False,False,,
Oblivion.esm,QUST,0002D93C,MG07Leyawiin,CNAM,6,60,0,I have found the amulet Dagail needed. I should return it to her immediately.,다게일이 원하는 목걸이를 찾았다. 즉시 그녀에게 돌아가야 한다.,record,False,False,False,False,,
Oblivion.esm,QUST,0002D93C,MG07Leyawiin,CNAM,7,70,0,"I've defeated Kalthar, who was attempting to manipulate Dagail. I need to give her this information immediately.",칼타르를 물리쳤다. 그는 다게일을 교묘하게 속이고 있었다. 이 사실을 즉시 그녀에게 알려야 한다.,record,False,False,False,False,,
Oblivion.esm,QUST,0002D93C,MG07Leyawiin,CNAM,8,100,0, I have delivered the amulet to Dagail.,아뮬렛을 다게일에게 갖다 주었다.,record,False,False,False,False,,
Oblivion.esm,QUST,0003151E,MS51,FULL,0,,,Canvas the Castle,성 안의 캔버스,record,False,False,False,False,,
Oblivion.esm,QUST,0003151E,MS51,CNAM,0,10,0,"Countess Valga of Castle Chorrol has tasked me with the recovery of a portrait that was stolen from her throne room. It's very dear to her as it reminds her of her husband who was lost years ago. She mentioned clues, perhaps I should find out more.",코롤 영주인 밸가 백작부인은 침실에서 도둑맞은 초상화를 찾아 줄 것을 부탁했다. 그림은 오래 전에 죽은 그녀의 남편 밸가 백작을 추억하는 것으로 그녀에게는 매우 소중한 물건이다. 그녀는 많은 단서를 찾아야 할 거라고 말했다.,record,False,False,False,False,,
Oblivion.esm,QUST,0003151E,MS51,CNAM,1,15,0,"To recover the stolen painting, I should begin by questioning the castle residents, and then search the Castle for physical clues that could help solve the mystery. My best bet would be to start with the Countess herself.","도둑맞은 그림을 찾기 위해서 먼저 성의 거주자들을 탐문해야 하고, 사건을 해결하는데 도움이 될 만한 단서들을 찾아, 성을 조사해봐야 한다. 먼저 여백작부터 시작해야 할 것이다.",record,False,False,False,False,,
Oblivion.esm,QUST,0003151E,MS51,CNAM,2,18,0,"Countess Valga has told me that the only people who were unaccounted for and had access to her bedchamber were the resident mage, Chanel, and the castle porter, Orgnolf. She suggested I question them and some of the other castle residents: the Captain of the Guard, Bittneld, her herald, Laythe Wavrick, and her Steward, Orok gro-Ghoth.","밸가 여백작에 의하면, 그녀의 침실에 무단 출입할 수 있는 사람은 성에 머무르고 있는 마법사 샤넬과 성의 청소부인 오그놀프 두 명이라고 한다. 그들 외에도 성의 다른 곳에 거주하는 경비대장 비트넬드, 공보관 리쓰 와브릭, 그리고 집사인 오록 그로-고스를 탐문해보라고 했다.",record,False,False,False,False,,
Oblivion.esm,QUST,0003151E,MS51,CNAM,3,20,0,"When I asked about the night in question, Orgnolf told me that he spent a bit of time arguing with a delivery boy in the Great Hall who had a bit of an accident with a wine shipment in the rain, then spent the rest of the night in his room. I should continue questioning the suspects the Countess recommended.","오그놀프에게 그날 밤의 일을 물어보니, 오그놀프 자신은 그날 내린 비 때문에 포도주 수송 중에 작은 사고를 일으킨 배달부와 중앙 의사당에서 다툰 후에 자기 방에서 쉬었다고 한다. 용의자들을 계속 탐문해야 한다.",record,False,False,False,False,,
Oblivion.esm,QUST,0003151E,MS51,CNAM,4,20,1,"Orok gro-Ghoth mentioned he was in the castle that entire night because it had been raining, but didn't see Orgnolf or Chanel. Also, he mentioned he had caught Orgnolf drinking in the West Tower once. When he had threatened to tell the Countess about it, Orgnolf apparently stopped. I should continue questioning the suspects the Countess recommended.","오록 그로-고스는 계속 비가 왔기 때문에 자신은 종일 자신의 방에 있었으며, 오그놀프나 샤넬은 보지 못했다고 한다. 또한 그는 오그놀프가 서쪽 탑에서 술을 마시는 것을 한번 본적이 있다고 했다. 그의 여백작에게 이른다는 협박에 오그놀프는 그만둔 것으로 보인다. 용의자들을 계속 탐문해야 한다.",record,False,False,False,False,,
Oblivion.esm,QUST,0003151E,MS51,CNAM,5,20,2,"When I asked about the night in question, Chanel told me that she spent some time in the courtyard of the castle taking star readings. Then she made her way to the dining area off of the Great Hall. Finally, she went to her quarters to sleep. I should continue questioning the suspects the Countess recommended.","샤넬에게 그날 밤 행적에 대해서 물었을 때, 그녀는 성의 뜰에서 별을 보며 시간을 보냈다고 한다. 그 후에 중앙 의사당의 만찬장으로 갔다가 마지막엔 그녀는 그녀의 방으로 가서 잠들었다고 한다. 용의자들을 계속 탐문해야 한다.",record,False,False,False,False,,
Oblivion.esm,QUST,0003151E,MS51,CNAM,6,20,3,"Bittneld, the Captain of the Guard, said he had been out on patrol in the streets of Chorrol that night. In addition, he mentioned seeing Chanel spend a good deal of time in the castle's West Tower. But when he had confronted her about it, she said that was where she had been performing some of her magic research. I should continue questioning the suspects the Countess recommended.","경비대장인 비트넬드는 그날 밤에 코롤의 거리를 순찰하였다고 한다. 그 외에, 샤넬이 성의 서쪽 탑에 자주 나타난다고 했다. 하지만 그녀에게 그 장소가 마법연구를 수행하는 장소라는 말을 들었다고도 했다. 용의자들을 계속 탐문해야 한다.",record,False,False,False,False,,
Oblivion.esm,QUST,0003151E,MS51,CNAM,7,20,4,"Laythe Wavrick, the castle herald, told me that he's observed Orgnolf having a drinking problem and often asking for money to fund his new habit. I should continue questioning the suspects the Countess recommended.",영주의 공보관인 리쓰 와브릭은 오그놀프가 알코올중독인 것을 알았고 종종 술을 사기 위해 돈을 빌린다고 했다. 용의자들을 계속 탐문해야 한다.,record,False,False,False,False,,
Oblivion.esm,QUST,0003151E,MS51,CNAM,8,22,0,"When I asked about the night in question, Orgnolf told me that he spent a bit of time arguing with a delivery boy in the Great Hall who had a bit of an accident with a wine shipment in the rain, then spent the rest of the night in his room. I should continue questioning the suspects the Countess recommended.","오그놀프에게 그날 밤의 일을 물어보니, 오그놀프 자신은 그날 내린 비 때문에 포도주 수송 중에 작은 사고를 일으킨 배달부와 중앙 의사당에서 다툰 후에 자기 방에서 쉬었다고 한다. 용의자들을 계속 탐문해야 한다.",record,False,False,False,False,,
Oblivion.esm,QUST,0003151E,MS51,CNAM,9,22,1,"Orok gro-Ghoth mentioned he was in the castle that entire night because it had been raining, but didn't see Orgnolf or Chanel. Also, he mentioned he had caught Orgnolf drinking in the West Tower once. When he had threatened to tell the Countess about it, Orgnolf apparently stopped. I should continue questioning the suspects the Countess recommended.","오록 그로-고스는 계속 비가 왔기 때문에 자신은 종일 자신의 방에 있었으며, 오그놀프나 샤넬은 보지 못했다고 한다. 또한 그는 오그놀프가 서쪽 탑에서 술을 마시는 것을 한번 본적이 있다고 했다. 그의 여백작에게 이른다는 협박에 오그놀프는 그만둔 것으로 보인다. 용의자들을 계속 탐문해야 한다.",record,False,False,False,False,,
Oblivion.esm,QUST,0003151E,MS51,CNAM,10,22,2,"When I asked about the night in question, Chanel told me that she spent some time in the courtyard of the castle taking star readings. Then she made her way to the dining area off of the Great Hall. Finally, she went to her quarters to sleep. I should continue questioning the suspects the Countess recommended.","샤넬에게 그날 밤 행적에 대해서 물었을 때, 그녀는 성의 뜰에서 별을 보며 시간을 보냈다고 한다. 그 후에 중앙 의사당의 만찬장으로 갔다가 마지막엔 그녀는 그녀의 방으로 가서 잠들었다고 한다. 용의자들을 계속 탐문해야 한다.",record,False,False,False,False,,
Oblivion.esm,QUST,0003151E,MS51,CNAM,11,22,3,"Bittneld, the Captain of the Guard, said he had been out on patrol in the streets of Chorrol that night. In addition, he mentioned seeing Chanel spend a good deal of time in the castle's West Tower. But when he had confronted her about it, she said that was where she had been performing some of her magic research. I should continue questioning the suspects the Countess recommended.","경비대장인 비트넬드는 그날 밤에 코롤의 거리를 순찰하였다고 한다. 그 외에, 샤넬이 성의 서쪽 탑에 자주 나타난다고 했다. 하지만 그녀에게 그 장소가 마법연구를 수행하는 장소라는 말을 들었다고도 했다. 용의자들을 계속 탐문해야 한다.",record,False,False,False,False,,
Oblivion.esm,QUST,0003151E,MS51,CNAM,12,22,4,"Laythe Wavrick, the castle herald, told me that he's observed Orgnolf having a drinking problem and often asking for money to fund his new habit. I should continue questioning the suspects the Countess recommended.",영주의 공보관인 리쓰 와브릭은 오그놀프가 알코올중독인 것을 알았고 종종 술을 사기 위해 돈을 빌린다고 했다. 용의자들을 계속 탐문해야 한다.,record,False,False,False,False,,
Oblivion.esm,QUST,0003151E,MS51,CNAM,13,30,0,"When I asked about the night in question, Orgnolf told me that he spent a bit of time arguing with a delivery boy in the Great Hall who had a bit of an accident with a wine shipment in the rain, then spent the rest of the night in his room. I should continue questioning the suspects the Countess recommended.","오그놀프에게 그날 밤의 일을 물어보니, 오그놀프 자신은 그날 내린 비 때문에 포도주 수송 중에 작은 사고를 일으킨 배달부와 중앙 의사당에서 다툰 후에 자기 방에서 쉬었다고 한다. 용의자들을 계속 탐문해야 한다.",record,False,False,False,False,,
Oblivion.esm,QUST,0003151E,MS51,CNAM,14,30,1,"Orok gro-Ghoth mentioned he was in the castle that entire night because it had been raining, but didn't see Orgnolf or Chanel. Also, he mentioned he had caught Orgnolf drinking in the West Tower once. When he had threatened to tell the Countess about it, Orgnolf apparently stopped. I should continue questioning the suspects the Countess recommended.","오록 그로-고스는 계속 비가 왔기 때문에 자신은 종일 자신의 방에 있었으며, 오그놀프나 샤넬은 보지 못했다고 한다. 또한 그는 오그놀프가 서쪽 탑에서 술을 마시는 것을 한번 본적이 있다고 했다. 그의 여백작에게 이른다는 협박에 오그놀프는 그만둔 것으로 보인다. 용의자들을 계속 탐문해야 한다.",record,False,False,False,False,,
Oblivion.esm,QUST,0003151E,MS51,CNAM,15,30,2,"When I asked about the night in question, Chanel told me that she spent some time in the courtyard of the castle taking star readings. Then she made her way to the dining area off of the Great Hall. Finally, she went to her quarters to sleep. I should continue questioning the suspects the Countess recommended.","샤넬에게 그날 밤 행적에 대해서 물었을 때, 그녀는 성의 뜰에서 별을 보며 시간을 보냈다고 한다. 그 후에 중앙 의사당의 만찬장으로 갔다가 마지막엔 그녀는 그녀의 방으로 가서 잠들었다고 한다. 용의자들을 계속 탐문해야 한다.",record,False,False,False,False,,
Oblivion.esm,QUST,0003151E,MS51,CNAM,16,30,3,"Bittneld, the Captain of the Guard, said he had been out on patrol in the streets of Chorrol that night. In addition, he mentioned seeing Chanel spend a good deal of time in the castle's West Tower. But when he had confronted her about it, she said that was where she had been performing some of her magic research. I should continue questioning the suspects the Countess recommended.","경비대장인 비트넬드는 그날 밤에 코롤의 거리를 순찰하였다고 한다. 그 외에, 샤넬이 성의 서쪽 탑에 자주 나타난다고 했다. 하지만 그녀에게 그 장소가 마법연구를 수행하는 장소라는 말을 들었다고도 했다. 용의자들을 계속 탐문해야 한다.",record,False,False,False,False,,
Oblivion.esm,QUST,0003151E,MS51,CNAM,17,30,4,"Laythe Wavrick, the castle herald, told me that he's observed Orgnolf having a drinking problem and often asking for money to fund his new habit. I should continue questioning the suspects the Countess recommended.",영주의 공보관인 리쓰 와브릭은 오그놀프가 알코올중독인 것을 알았고 종종 술을 사기 위해 돈을 빌린다고 했다. 용의자들을 계속 탐문해야 한다.,record,False,False,False,False,,
Oblivion.esm,QUST,0003151E,MS51,CNAM,18,32,0,"When I asked about the night in question, Orgnolf told me that he spent a bit of time arguing with a delivery boy in the Great Hall who had a bit of an accident with a wine shipment in the rain, then spent the rest of the night in his room. I should continue questioning the suspects the Countess recommended.","오그놀프에게 그날 밤의 일을 물어보니, 오그놀프 자신은 그날 내린 비 때문에 포도주 수송 중에 작은 사고를 일으킨 배달부와 중앙 의사당에서 다툰 후에 자기 방에서 쉬었다고 한다. 용의자들을 계속 탐문해야 한다.",record,False,False,False,False,,
Oblivion.esm,QUST,0003151E,MS51,CNAM,19,32,1,"Orok gro-Ghoth mentioned he was in the castle that entire night because it had been raining, but didn't see Orgnolf or Chanel. Also, he mentioned he had caught Orgnolf drinking in the West Tower once. When he had threatened to tell the Countess about it, Orgnolf apparently stopped. I should continue questioning the suspects the Countess recommended.","오록 그로-고스는 계속 비가 왔기 때문에 자신은 종일 자신의 방에 있었으며, 오그놀프나 샤넬은 보지 못했다고 한다. 또한 그는 오그놀프가 서쪽 탑에서 술을 마시는 것을 한번 본적이 있다고 했다. 그의 여백작에게 이른다는 협박에 오그놀프는 그만둔 것으로 보인다. 용의자들을 계속 탐문해야 한다.",record,False,False,False,False,,
Oblivion.esm,QUST,0003151E,MS51,CNAM,20,32,2,"When I asked about the night in question, Chanel told me that she spent some time in the courtyard of the castle taking star readings. Then she made her way to the dining area off of the Great Hall. Finally, she went to her quarters to sleep. I should continue questioning the suspects the Countess recommended.","샤넬에게 그날 밤 행적에 대해서 물었을 때, 그녀는 성의 뜰에서 별을 보며 시간을 보냈다고 한다. 그 후에 중앙 의사당의 만찬장으로 갔다가 마지막엔 그녀는 그녀의 방으로 가서 잠들었다고 한다. 용의자들을 계속 탐문해야 한다.",record,False,False,False,False,,
Oblivion.esm,QUST,0003151E,MS51,CNAM,21,32,3,"Bittneld, the Captain of the Guard, said he had been out on patrol in the streets of Chorrol that night. In addition, he mentioned seeing Chanel spend a good deal of time in the castle's West Tower. But when he had confronted her about it, she said that was where she had been performing some of her magic research. I should continue questioning the suspects the Countess recommended.","경비대장인 비트넬드는 그날 밤에 코롤의 거리를 순찰하였다고 한다. 그 외에, 샤넬이 성의 서쪽 탑에 자주 나타난다고 했다. 하지만 그녀에게 그 장소가 마법연구를 수행하는 장소라는 말을 들었다고도 했다. 용의자들을 계속 탐문해야 한다.",record,False,False,False,False,,
Oblivion.esm,QUST,0003151E,MS51,CNAM,22,32,4,"Laythe Wavrick, the castle herald, told me that he's observed Orgnolf having a drinking problem and often asking for money to fund his new habit. I should continue questioning the suspects the Countess recommended.",영주의 공보관인 리쓰 와브릭은 오그놀프가 알코올중독인 것을 알았고 종종 술을 사기 위해 돈을 빌린다고 했다. 용의자들을 계속 탐문해야 한다.,record,False,False,False,False,,
Oblivion.esm,QUST,0003151E,MS51,CNAM,23,35,0,"When I asked about the night in question, Orgnolf told me that he spent a bit of time arguing with a delivery boy in the Great Hall who had a bit of an accident with a wine shipment in the rain, then spent the rest of the night in his room. I've spoken to all of the possible suspects and witnesses. Now, I should concentrate on gathering the clues if I'm to solve the crime.","오그놀프에게 그날 밤의 일을 물어보니, 오그놀프 자신은 그날 내린 비 때문에 포도주 수송 중에 작은 사고를 일으킨 배달부와 중앙 의사당에서 다툰 후에 자기 방에서 쉬었다고 한다. 가능성 있는 용의자와 목격자 모두와 대화하였다. 이젠 이 범죄를 해결하기 위한 증거수집에 집중해야 한다.",record,False,False,False,False,,
Oblivion.esm,QUST,0003151E,MS51,CNAM,24,35,1,"Orok gro-Ghoth mentioned he was in the castle that entire night because it had been raining, but didn't see Orgnolf or Chanel. Also, he mentioned he had caught Orgnolf drinking in the West Tower once. When he had threatened to tell the Countess about it, Orgnolf apparently stopped. I've spoken to all of the possible suspects and witnesses. Now, I should concentrate on gathering the clues if I'm to solve the crime.","오록 그로-고스는 계속 비가 왔기 때문에 자신은 종일 자신의 방에 있었으며, 오그놀프나 샤넬은 보지 못했다고 한다. 또한 그는 오그놀프가 서쪽 탑에서 술을 마시는 것을 한번 본적이 있다고 했다. 그의 여백작에게 이른다는 협박에 오그놀프는 그만둔 것으로 보인다. 가능성 있는 용의자와 목격자 모두와 대화하였다. 이젠 이 범죄를 해결하기 위한 증거수집에 집중해야 한다.",record,False,False,False,False,,
Oblivion.esm,QUST,0003151E,MS51,CNAM,25,35,2,"When I asked about the night in question, Chanel told me that she spent some time in the courtyard of the castle taking star readings. Then she made her way to the dining area off of the Great Hall. Finally, she went to her quarters to sleep. I've spoken to all of the possible suspects and witnesses. Now, I should concentrate on gathering the clues if I'm to solve the crime.","샤넬에게 그날 밤 행적에 대해서 물었을 때, 그녀는 성의 뜰에서 별을 보며 시간을 보냈다고 한다. 그 후에 중앙 의사당의 만찬장으로 갔다가 마지막엔 그녀는 그녀의 방으로 가서 잠들었다고 한다. 가능성 있는 용의자와 목격자 모두와 대화하였다. 이젠 이 범죄를 해결하기 위한 증거수집에 집중해야 한다.",record,False,False,False,False,,
Oblivion.esm,QUST,0003151E,MS51,CNAM,26,35,3,"Bittneld, the Captain of the Guard, said he had been out on patrol in the streets of Chorrol that night. In addition, he mentioned seeing Chanel spend a good deal of time in the castle's West Tower. But when he had confronted her about it, she said that was where she had been performing some of her magic research. I've spoken to all of the possible suspects and witnesses. Now, I should concentrate on gathering the clues if I'm to solve the crime.","경비대장인 비트넬드는 그날 밤에 코롤의 거리를 순찰하였다고 한다. 그 외에, 샤넬이 성의 서쪽 탑에 자주 나타난다고 했다. 하지만 그녀에게 그 장소가 마법연구를 수행하는 장소라는 말을 들었다고도 했다. 가능성 있는 용의자와 목격자 모두와 대화하였다. 이젠 이 범죄를 해결하기 위한 증거수집에 집중해야 한다.",record,False,False,False,False,,
Oblivion.esm,QUST,0003151E,MS51,CNAM,27,35,4,"Laythe Wavrick, the castle herald, told me that he's observed Orgnolf having a drinking problem and often asking for money to fund his new habit. I've spoken to all of the possible suspects and witnesses. Now, I should concentrate on gathering the clues if I'm to solve the crime.",영주의 공보관인 리쓰 와브릭은 오그놀프가 알코올중독인 것을 알았고 종종 술을 사기 위해 돈을 빌린다고 했다. 가능성 있는 용의자와 목격자 모두와 대화하였다. 이젠 이 범죄를 해결하기 위한 증거수집에 집중해야 한다.,record,False,False,False,False,,
Oblivion.esm,QUST,0003151E,MS51,CNAM,28,40,0,I've found an interesting painting in a concealed area of the West Tower. It seems someone in the castle is a painter. I think I should continue looking for more clues.,서쪽 탑의 숨겨진 장소에서 흥미로운 그림을 발견했다. 성안의 누군가가 그린 것으로 보인다. 더 많은 증거를 찾아야 한다고 생각된다.,record,False,False,False,False,,
Oblivion.esm,QUST,0003151E,MS51,CNAM,29,40,1,I've found paint stains and a paint footprint on the carpet in the dining area off the Great Hall. I think I should continue looking for more clues.,중앙 의사당 옆에 있는 만찬장의 양탄자에서 물감얼룩과 발자국을 발견했다. 더 많은 증거를 찾아야 한다고 생각된다.,record,False,False,False,False,,
Oblivion.esm,QUST,0003151E,MS51,CNAM,30,40,2,Chanel seems to have painting supplies concealed in a lectern in her room. The fact they're concealed seems suspicious. I think I should continue searching for more clues.,샤넬은 그녀의 방의 성서 대에 그림도구를 숨기고 있는 것으로 보인다. 그것을 숨기고 있다는 점이 매우 의심스럽다. 더 많은 증거를 찾아야 한다고 생각된다.,record,False,False,False,False,,
Oblivion.esm,QUST,0003151E,MS51,CNAM,31,50,0,I've found an interesting painting in a concealed area of the West Tower. It seems someone in the castle is a painter. I think I should continue looking for more clues.,서쪽 탑의 숨겨진 장소에서 흥미로운 그림을 발견했다. 성안의 누군가가 그린 것으로 보인다. 더 많은 증거를 찾아야 한다고 생각된다.,record,False,False,False,False,,
Oblivion.esm,QUST,0003151E,MS51,CNAM,32,50,1,I've found paint stains and a paint footprint on the carpet in the dining area off the Great Hall. I think I should continue looking for more clues.,중앙 의사당 옆에 있는 만찬장의 양탄자에서 물감얼룩과 발자국을 발견했다. 더 많은 증거를 찾아야 한다고 생각된다.,record,False,False,False,False,,
Oblivion.esm,QUST,0003151E,MS51,CNAM,33,50,2,Chanel seems to have painting supplies concealed in a lectern in her room. The fact they're concealed seems suspicious. I think I should continue searching for more clues.,샤넬은 그녀의 방의 성서 대에 그림도구를 숨기고 있는 것으로 보인다. 그것을 숨기고 있다는 점이 매우 의심스럽다. 더 많은 증거를 찾아야 한다고 생각된다.,record,False,False,False,False,,
Oblivion.esm,QUST,0003151E,MS51,CNAM,34,60,0,I've found an interesting painting in a concealed area of the West Tower. It seems someone in the castle is a painter. I now have enough clues to make an accusation.,서쪽 탑의 숨겨진 장소에서 흥미로운 그림을 발견했다. 성안의 누군가가 그린 것으로 보인다. 이제 범인을 지목할 충분한 증거가 모였다.,record,False,False,False,False,,
Oblivion.esm,QUST,0003151E,MS51,CNAM,35,60,1,I've found paint stains and a paint footprint on the carpet in the dining area off the Great Hall. I now have enough clues to make an accusation.,중앙 의사당 옆에 있는 만찬장의 카펫에서 물감얼룩과 발자국을 발견했다. 이제 범인을 지목할 충분한 증거가 모였다.,record,False,False,False,False,,
Oblivion.esm,QUST,0003151E,MS51,CNAM,36,60,2,Chanel seems to have painting supplies concealed in a lectern in her room. The fact they're concealed seems suspicious. I now have enough clues to make an accusation.,샤넬은 그녀의 방 성서대에 그림도구를 숨기고 있는 것으로 보인다. 그것을 숨기고 있다는 점이 매우 의심스럽다. 이제 범인을 지목할 충분한 증거가 모였다.,record,False,False,False,False,,
Oblivion.esm,QUST,0003151E,MS51,CNAM,37,70,0,"I've confronted Orgnolf with the clues, but all he did was become irate and threatened to tell the Countess of my false accusations. I think I made the wrong choice. I should go speak to Chanel.","단서들을 가지고 오그놀프를 추궁했지만, 그는 불같이 화를 내면서 여백작에게 자신의 억울함을 호소하겠다고 했다. 어쩌면 잘못 짚은 것 같다. 샤넬과 이야기 해봐야겠다.",record,False,False,False,False,,
Oblivion.esm,QUST,0003151E,MS51,CNAM,38,75,0,"I am certain that Chanel is the culprit. After all, the evidence clearly points to her. But without a full confession, Countess Valga won't be satisfied. I need to convince Chanel to trust me enough to tell me why she did the crime.","난 샤넬이 범인이라고 확신한다. 증거들은 명백히 그녀를 지목하고 있다. 하지만 그녀가 정식으로 자백하지 않는다면, 밸가 여백작은 납득하지 못할 것이다. 샤넬이 왜 그러한 범죄를 저질렀는지 자백할 수 있을 만큼 나를 신뢰하게 만들어야 한다.",record,False,False,False,False,,
Oblivion.esm,QUST,0003151E,MS51,CNAM,39,80,0,"I've confronted Chanel with the clues, and she admitted taking the painting. She pointed out where it was hidden, and now I must decide whether or not to tell the Countess about her crime.","증거들을 가지고 샤넬을 만났고, 그녀는 그림을 가져갔음을 시인했다. 그녀는 그것을 숨긴 장소를 가르쳐주었고, 난 그녀의 범죄를 여백작에게 말할지 어쩔지를 결정해야 한다.",record,False,False,False,False,,
Oblivion.esm,QUST,0003151E,MS51,CNAM,40,100,0,"I've spoken to the Countess about Chanel's crime. She's been banished from the Castle, and as a reward, a sizable bounty of gold and gems has been given to me.","난 샤넬의 범행을 여백작에게 고발했다. 그녀는 성에서 추방되었고, 보상으로 난 골드와 보석을 받았다.",record,False,False,False,False,,
Oblivion.esm,QUST,0003151E,MS51,CNAM,41,150,0,"I've spoken to the Countess about Chanel's crime, and she's been banished from the Castle. However, since the investigation didn't go smoothly, the Countess wasn't pleased and only rewarded me with some gold.","난 샤넬의 범행을 여백작에게 고발했다. 그녀는 성에서 추방되었다. 하지만, 조사과정에 실수가 있어서, 보상금을 많이 받지는 못했다.",record,False,False,False,False,,
Oblivion.esm,QUST,0003151E,MS51,CNAM,42,200,0,"I've told the Countess that neither suspect is the criminal, and that the painting must be in the possession of someone outside the Castle walls. She seemed disappointed, but I've kept Chanel's honor intact.","여백작에게 이것은 내부인의 범행이 아니고, 얼룩자국은 누군가 외부인의 것일 것이라 말했다. 그녀는 실망스러워 했지만, 샤넬은 명예를 지키게 되었다.",record,False,False,False,False,,
Oblivion.esm,QUST,0003151E,MS51,CNAM,43,210,0,"Chanel was pleased that I didn't turn her in to the Countess. She told me that as a reward, she'd paint a portrait for me, but it'll take three weeks. I should return to Castle Chorrol at that time.","샤넬은 여백작에게 고발하지 않은 것을 기뻐하며, 그림을 그려 보답하겠다고 했다. 하지만 작업은 삼 주가 걸릴 예정이고 그 후에 다시 코롤 성에 들러야 할 것 같다.",record,False,False,False,False,,
Oblivion.esm,QUST,0003151E,MS51,CNAM,44,220,0,It's been three weeks. I should return to Castle Chorrol and pick up my painting from Chanel.,3주가 지났다. 코롤 성으로 가서 샤넬이 그린 그림을 봐야겠다.,record,False,False,False,False,,
