file,record_type,formid,editor_id,field,occurrence,quest_stage,quest_stage_occurrence,source_english,translation_korean,origin,flag_korean_english_parentheses,flag_english_remnant,flag_topic_system_candidate,flag_decode_unknown,review_priority,english_tokens
Oblivion.esm,NPC_,00015595,SEBeelei,FULL,0,,,Beelei,비레이,record,False,False,False,False,,
Oblivion.esm,NPC_,00015594,SEBruscusDannus,FULL,0,,,Bruscus Dannus,브루스쿠스 다누스,record,False,False,False,False,,
Oblivion.esm,NPC_,00015592,SERanarrJo,FULL,0,,,Ranarr-Jo,라나르-조,record,False,False,False,False,,
Oblivion.esm,NPC_,00015591,SEMiriliUlven,FULL,0,,,Mirili Ulven,미릴리 울벤,record,False,False,False,False,,
Oblivion.esm,NPC_,00015590,SEKishashi,FULL,0,,,Kishashi,키샤시,record,False,False,False,False,,
Oblivion.esm,NPC_,0001558F,SEHorkvirBearArmMania,FULL,0,,,Horkvir Bear-Arm,호크비르 베어-암,record,False,False,False,False,,
Oblivion.esm,NPC_,0001558D,SEErverDevani,FULL,0,,,Erver Devani,에르버 데바니,record,False,False,False,False,,
Oblivion.esm,NPC_,0001558C,SEDulphumphGroUrgash,FULL,0,,,Dulphumph gro-Urgash,둘푼프 그로-우르가쉬,record,False,False,False,False,,
Oblivion.esm,NPC_,00015588,SECindanwe,FULL,0,,,Cindanwe,신단웨,record,False,False,False,False,,
Oblivion.esm,NPC_,00014CBE,SE11ApostleTraitor01,FULL,0,,,Apostle,사도,record,False,False,False,False,,
Oblivion.esm,NPC_,00014C73,SE11Apostle02,FULL,0,,,Apostle,사도,record,False,False,False,False,,
Oblivion.esm,NPC_,00014C56,SE11Apostle01,FULL,0,,,Apostle,사도,record,False,False,False,False,,
Oblivion.esm,NPC_,0001445C,SEKnightOfOrder2,FULL,0,,,Knight of Order,질서의 기사,record,False,False,False,False,,
Oblivion.esm,NPC_,0001445B,SEKnightOfOrder3,FULL,0,,,Knight of Order,질서의 기사,record,False,False,False,False,,
Oblivion.esm,NPC_,0001445A,SEKnightOfOrder4,FULL,0,,,Knight of Order,질서의 기사,record,False,False,False,False,,
Oblivion.esm,NPC_,00013BC7,SENelrene,FULL,0,,,Nelrene,넬렌,record,False,False,False,False,,
Oblivion.esm,NPC_,00013BC5,SEMuurine,FULL,0,,,Muurine,뮤린,record,False,False,False,False,,
Oblivion.esm,NPC_,00013640,SESheogorath,FULL,0,,,Sheogorath,셰오고라스,record,False,False,False,False,,
Oblivion.esm,NPC_,0001362F,SEGundlar,FULL,0,,,Gundlar,군들라르,record,False,False,False,False,,
Oblivion.esm,NPC_,0001362E,SEDervenin,FULL,0,,,Dervenin,더베닌,record,False,False,False,False,,
Oblivion.esm,NPC_,0001362D,SEArctus,FULL,0,,,Arctus,아크투스,record,False,False,False,False,,
Oblivion.esm,NPC_,0001362C,SEAnyaHerrick,FULL,0,,,Anya Herrick,앤야 헤릭,record,False,False,False,False,,
Oblivion.esm,NPC_,00013623,SEBrevi,FULL,0,,,Brevi,브레비,record,False,False,False,False,,
Oblivion.esm,NPC_,000135B7,SE11Ciirta,FULL,0,,,Ciirta,시르타,record,False,False,False,False,,
Oblivion.esm,NPC_,000135B6,SEDyus,FULL,0,,,Dyus,다이우스,record,False,False,False,False,,
Oblivion.esm,NPC_,0001359D,SEHerdir,FULL,0,,,Herdir,헤르디르,record,False,False,False,False,,
Oblivion.esm,NPC_,0001358C,SEOrderPriest2,FULL,0,,,Priest of Order,질서 사제,record,False,False,False,False,,
Oblivion.esm,NPC_,000134DD,SEOrderPriest1,FULL,0,,,Priest of Order,질서 사제,record,False,False,False,False,,
Oblivion.esm,NPC_,000133C0,SEHaskill,FULL,0,,,Haskill,하스킬,record,False,False,False,False,,
Oblivion.esm,NPC_,000133BE,SE01GaiusPrentus,FULL,0,,,Gaius Prentus,가이우스 프렌투스,record,False,False,False,False,,
Oblivion.esm,NPC_,00012D41,SENanetteDon,FULL,0,,,Nanette Don,나네트 던,record,False,False,False,False,,
Oblivion.esm,NPC_,00012109,SEWideEye,FULL,0,,,Wide-Eye,와이드-아이,record,False,False,False,False,,
Oblivion.esm,NPC_,00012108,SEKithlan,FULL,0,,,Kithlan,키슬란,record,False,False,False,False,,
Oblivion.esm,NPC_,00012107,SESyl,FULL,0,,,Syl,실,record,False,False,False,False,,
Oblivion.esm,NPC_,00012106,SEThadon,FULL,0,,,Thadon,테이던,record,False,False,False,False,,
Oblivion.esm,NPC_,000120FD,SE32VitharnSoldier01,FULL,0,,,Vitharn Ghost Soldier,바이탄 유령 병사,record,False,False,False,False,,
Oblivion.esm,NPC_,000120F2,SE06GoldenSaint01,FULL,0,,,Golden Saint,골든 세인트,record,False,False,False,False,,
Oblivion.esm,NPC_,000120ED,SEMirel,FULL,0,,,Mirel,미렐,record,False,False,False,False,,
Oblivion.esm,NPC_,000120EC,SEKaneh,FULL,0,,,Aurmazl Kaneh,아우르마즐 카네,record,False,False,False,False,,
Oblivion.esm,NPC_,000120E4,SE32Fanatic4Boss,FULL,0,,,Devoted Ghost Fanatic,헌신적인 유령 광신자,record,False,False,False,False,,
Oblivion.esm,NPC_,000120E2,SE32Fanatic3,FULL,0,,,Ghost Fanatic,유령 광신자,record,False,False,False,False,,
Oblivion.esm,NPC_,000120E1,SE32Fanatic2,FULL,0,,,Ghost Fanatic,유령 광신자,record,False,False,False,False,,
Oblivion.esm,NPC_,000120E0,SE32Fanatic1,FULL,0,,,Ghost Fanatic,유령 광신자,record,False,False,False,False,,
Oblivion.esm,NPC_,000120DB,SE32BatGroOrkul,FULL,0,,,Bat gro-Orkul's Ghost,바트 그로-오르쿨의 유령,record,False,False,False,False,,
Oblivion.esm,NPC_,000120D6,SE32CountCirion,FULL,0,,,Count Cirion's Ghost,시리온 백작의 유령,record,False,False,False,False,,
Oblivion.esm,NPC_,00012092,SEUlfri,FULL,0,,,Grakedrig Ulfri,그라케드릭 울프리,record,False,False,False,False,,
Oblivion.esm,NPC_,0001208D,SEZoeMalene,FULL,0,,,Zoe Malene,조 말린,record,False,False,False,False,,
Oblivion.esm,NPC_,0001208C,SEUrulGoAgamphMania,FULL,0,,,Urul gro-Agamph,우룰 그로-아감프,record,False,False,False,False,,
Oblivion.esm,NPC_,0001208B,SEToveTheUnrestful,FULL,0,,,Tove the Unrestful,불안한 토브,record,False,False,False,False,,
Oblivion.esm,NPC_,0001208A,SETilseAreleth,FULL,0,,,Tilse Areleth,틸세 아렐레스,record,False,False,False,False,,
Oblivion.esm,NPC_,00012089,SETallTreesFalling,FULL,0,,,Tall-Trees-Falling,톨-트리스-폴링,record,False,False,False,False,,
Oblivion.esm,NPC_,00012088,SESheerMeedish,FULL,0,,,Sheer Meedish,시어-미디쉬,record,False,False,False,False,,
Oblivion.esm,NPC_,00012087,SERendilDrarara,FULL,0,,,Rendil Drarara,렌딜 드라라라,record,False,False,False,False,,
Oblivion.esm,NPC_,00012086,SERavenBiter,FULL,0,,,Raven Biter,레이븐-바이터,record,False,False,False,False,,
Oblivion.esm,NPC_,00012084,SEOrinthal,FULL,0,,,Orinthal,오린탈,record,False,False,False,False,,
Oblivion.esm,NPC_,00012083,SEJastiraNanusMania,FULL,0,,,Jastira Nanus,자스티라 나누스,record,False,False,False,False,,
Oblivion.esm,NPC_,00012082,SEJzidzoMania,FULL,0,,,J'zidzo,즈'지드조,record,False,False,False,False,,
Oblivion.esm,NPC_,00012081,SE32HlovalDreth,FULL,0,,,Hloval Dreth's Ghost,흐로발 드레스의 유령,record,False,False,False,False,,
Oblivion.esm,NPC_,00012080,SEHalion,FULL,0,,,Halion,할리온,record,False,False,False,False,,
Oblivion.esm,NPC_,0001207F,SE32DesideratusAnnius,FULL,0,,,Desideratus Annius' Ghost,데시데라투스 안니우스의 유령,record,False,False,False,False,,
Oblivion.esm,NPC_,0001207E,SECutter,FULL,0,,,Cutter,커터,record,False,False,False,False,,
Oblivion.esm,NPC_,0001207D,SEBigHead,FULL,0,,,Big Head,빅 헤드,record,False,False,False,False,,
Oblivion.esm,NPC_,0001207C,SEAtrabhiMania,FULL,0,,,Atrabhi,아트라비,record,False,False,False,False,,
Oblivion.esm,NPC_,0001207B,SE32Althel,FULL,0,,,Althel's Ghost,알텔의 유령,record,False,False,False,False,,
Oblivion.esm,NPC_,0001207A,SEAmiableFanriene,FULL,0,,,Amiable Fanriene,애미어블 판리엔,record,False,False,False,False,,
Oblivion.esm,NPC_,00011FD4,SEDarkSeducerFemaleMissile,FULL,0,,,Dark Seducer Archer,다크 세듀서 아처,record,False,False,False,False,,
Oblivion.esm,NPC_,00011FD3,SEDarkSeducerFemaleMelee,FULL,0,,,Dark Seducer,다크 세듀서,record,False,False,False,False,,
Oblivion.esm,NPC_,00011FCC,SEGoldenSaintFemaleMissile,FULL,0,,,Golden Saint Archer,골든 세인트 궁수,record,False,False,False,False,,
Oblivion.esm,NPC_,00011FC5,SEGoldenSaintFemaleMelee,FULL,0,,,Golden Saint,골든 세인트,record,False,False,False,False,,
Oblivion.esm,NPC_,00011FA3,SEShelden,FULL,0,,,Shelden,쉘덴,record,False,False,False,False,,
Oblivion.esm,NPC_,00011FA2,SERelmynaVerenim,FULL,0,,,Relmyna Verenim,렐미나 베레님,record,False,False,False,False,,
Oblivion.esm,NPC_,00011FA1,SEJayredIceVeins,FULL,0,,,Jayred Ice-Veins,제이레드 아이스-베인,record,False,False,False,False,,
Oblivion.esm,NPC_,00011FA0,SEFelasSarandas,FULL,0,,,Felas Sarandas,펠라스 사란다스,record,False,False,False,False,,
Oblivion.esm,NPC_,00011F9F,SEDredhwen,FULL,0,,,Dredhwen,드레드웬,record,False,False,False,False,,
Oblivion.esm,NPC_,00011F9E,SE02OrcCaptain,FULL,0,,,Orc Adventurer Captain,오크 모험가 대장,record,False,False,False,False,,
Oblivion.esm,NPC_,0000C57C,MQ14DremoraMelee1,FULL,0,,,Dremora Feydnaz,드레모라 페이드나즈,record,False,False,False,False,,
Oblivion.esm,NPC_,0000C51A,TG08MothPriestMaleGuard01,FULL,0,,,Blind Moth Priest,맹인 나방 사제,record,False,False,False,False,,
Oblivion.esm,NPC_,0000A0BB,SkingradGuardPostStablesNight,FULL,0,,,Skingrad Guard,스킨그라드 경비병,record,False,False,False,False,,
Oblivion.esm,NPC_,0000A0BA,SkingradGuardPostStablesDay,FULL,0,,,Skingrad Guard,스킨그라드 경비병,record,False,False,False,False,,
Oblivion.esm,NPC_,0000A0B9,LeyawiinGuardCityPostStablesNight,FULL,0,,,Leyawiin City Watch,레이야윈 시 경비병,record,False,False,False,False,,
Oblivion.esm,NPC_,0000A0B8,LeyawiinGuardCityStablesPostDay,FULL,0,,,Leyawiin City Watch,레이야윈 시 경비병,record,False,False,False,False,,
Oblivion.esm,NPC_,0000A0B7,ChorrolGuardPostStablesNight,FULL,0,,,Chorrol Guard,코롤 경비병,record,False,False,False,False,,
Oblivion.esm,NPC_,0000A0B6,ChorrolGuardPostStablesDay,FULL,0,,,Chorrol Guard,코롤 경비병,record,False,False,False,False,,
Oblivion.esm,NPC_,0000A0B5,CheydinhalGuardCityPostStablesNight,FULL,0,,,Cheydinhal Guard,셰이딘홀 경비병,record,False,False,False,False,,
Oblivion.esm,NPC_,0000A0B4,CheydinhalGuardCityPostStablesDay,FULL,0,,,Cheydinhal Guard,셰이딘홀 경비병,record,False,False,False,False,,
Oblivion.esm,NPC_,0000A0B3,BrumaGuardCityPostStablesNight,FULL,0,,,Bruma Guard,브루마 경비병,record,False,False,False,False,,
Oblivion.esm,NPC_,0000A0B2,BrumaGuardCityPostStablesDay,FULL,0,,,Bruma Guard,브루마 경비병,record,False,False,False,False,,
Oblivion.esm,NPC_,0000A0B1,BravilGuardCityPostStablesNight,FULL,0,,,Bravil Guard,브라빌 경비병,record,False,False,False,False,,
Oblivion.esm,NPC_,0000A0B0,BravilGuardCityPostStablesDay,FULL,0,,,Bravil Guard,브라빌 경비병,record,False,False,False,False,,
Oblivion.esm,NPC_,0000A0AF,AnvilGuardCityPostStablesNight,FULL,0,,,Anvil Guard,앤빌 경비병,record,False,False,False,False,,
Oblivion.esm,NPC_,0000A0AE,AnvilGuardCityPostStablesDay,FULL,0,,,Anvil Guard,앤빌 경비병,record,False,False,False,False,,
Oblivion.esm,NPC_,0000C23E,TestBruceItems,FULL,0,,,Bruce,브루스,record,False,False,False,False,,
Oblivion.esm,NPC_,0000B513,TESTVampireMelee21,FULL,0,,,Vampire Patriarch,뱀파이어 원로,record,False,False,False,False,,
Oblivion.esm,NPC_,0000B512,TESTVampireMelee14,FULL,0,,,Vampire Patriarch,뱀파이어 원로,record,False,False,False,False,,
Oblivion.esm,NPC_,0000B511,TESTVampireMelee7,FULL,0,,,Vampire Patriarch,뱀파이어 원로,record,False,False,False,False,,
Oblivion.esm,NPC_,0000B510,TESTVampireMage21,FULL,0,,,Vampire Patriarch,뱀파이어 원로,record,False,False,False,False,,
Oblivion.esm,NPC_,0000B50F,TESTVampireMage14,FULL,0,,,Vampire Patriarch,뱀파이어 원로,record,False,False,False,False,,
Oblivion.esm,NPC_,0000B50E,TESTVampireMage7,FULL,0,,,Vampire Patriarch,뱀파이어 원로,record,False,False,False,False,,
Oblivion.esm,NPC_,0000B50D,TESTVampireArcher21,FULL,0,,,Vampire Matriarch,뱀파이어 여원로,record,False,False,False,False,,
Oblivion.esm,NPC_,0000B50C,TESTVampireArcher14,FULL,0,,,Vampire Matriarch,뱀파이어 여원로,record,False,False,False,False,,
Oblivion.esm,NPC_,0000B50B,TESTVampireArcher7,FULL,0,,,Vampire Matriarch,뱀파이어 여원로,record,False,False,False,False,,
Oblivion.esm,NPC_,0000B50A,TESTVampireMage,FULL,0,,,Vampire Patriarch,뱀파이어 원로,record,False,False,False,False,,
Oblivion.esm,NPC_,0000B509,TESTVampireMelee,FULL,0,,,Vampire Patriarch,뱀파이어 원로,record,False,False,False,False,,
Oblivion.esm,NPC_,0000B508,TESTVampireArcher,FULL,0,,,Vampire Matriarch,뱀파이어 여원로,record,False,False,False,False,,
Oblivion.esm,NPC_,00009ADF,TESTNecromancer21,FULL,0,,,Necromancer Adept,네크로맨서 수련생,record,False,False,False,False,,
Oblivion.esm,NPC_,00009ADE,TESTNecromancer14,FULL,0,,,Necromancer Adept,네크로맨서 수련생,record,False,False,False,False,,
Oblivion.esm,NPC_,00009ADD,TESTNecromancer7,FULL,0,,,Necromancer Adept,네크로맨서 수련생,record,False,False,False,False,,
Oblivion.esm,NPC_,00009ADC,TESTMarauder21,FULL,0,,,Marauder Warlord,약탈자 군장,record,False,False,False,False,,
Oblivion.esm,NPC_,00009ADB,TESTMarauder14,FULL,0,,,Marauder Warlord,약탈자 군장,record,False,False,False,False,,
Oblivion.esm,NPC_,00009ADA,TESTMarauder7,FULL,0,,,Marauder Warlord,약탈자 군장,record,False,False,False,False,,
Oblivion.esm,NPC_,00009AD9,TESTConjurer21,FULL,0,,,Conjurer Adept,소환술사 수련생,record,False,False,False,False,,
Oblivion.esm,NPC_,00009AD8,TESTConjurer14,FULL,0,,,Conjurer Adept,소환술사 수련생,record,False,False,False,False,,
Oblivion.esm,NPC_,00009AD7,TESTConjurer7,FULL,0,,,Conjurer Adept,소환술사 수련생,record,False,False,False,False,,
Oblivion.esm,NPC_,00009AD6,TESTBandit21,FULL,0,,,Bandit Ringleader,도적 선동자,record,False,False,False,False,,
Oblivion.esm,NPC_,00009AD5,TESTBandit7,FULL,0,,,Bandit Ringleader,도적 선동자,record,False,False,False,False,,
Oblivion.esm,NPC_,00009AD3,TESTBandit14,FULL,0,,,Bandit Ringleader,도적 선동자,record,False,False,False,False,,
Oblivion.esm,NPC_,00009AC1,TESTNecromancer,FULL,0,,,Necromancer Adept,네크로맨서 수련생,record,False,False,False,False,,
Oblivion.esm,NPC_,00009AC0,TESTConjurer,FULL,0,,,Conjurer Adept,소환술사 수련생,record,False,False,False,False,,
Oblivion.esm,NPC_,00009ABF,TESTMarauder,FULL,0,,,Marauder Warlord,약탈자 군장,record,False,False,False,False,,
Oblivion.esm,NPC_,00009ABE,TESTBandit,FULL,0,,,Bandit Ringleader,도적 선동자,record,False,False,False,False,,
Oblivion.esm,NPC_,0000950D,TestBruceNoMagic,FULL,0,,,Bruce,브루스,record,False,False,False,False,,
Oblivion.esm,NPC_,00008B0F,TestJPD01,FULL,0,,,Heavy Armor 1,중갑 1,record,False,False,False,False,,
Oblivion.esm,NPC_,00008B0E,TestJPD03,FULL,0,,,Heavy Armor 100,중갑 100,record,False,False,False,False,,
Oblivion.esm,NPC_,00008B0D,TestJPD02,FULL,0,,,Heavy Armor 50,중갑 50,record,False,False,False,False,,
Oblivion.esm,NPC_,000055BD,TESTDetection,FULL,0,,,Bandit,도적,record,False,False,False,False,,
Oblivion.esm,NPC_,00005571,VeyondArgMale4Assassin,FULL,0,,,Argonian Tribesman,아르고니안 부족원,record,False,False,False,False,,
Oblivion.esm,NPC_,00005570,VeyondArgBossFemale2,FULL,0,,,Argonian Chieftain,아르고니안 족장,record,False,False,False,False,,
Oblivion.esm,NPC_,0000556F,VeyondArgBossFemale1,FULL,0,,,Argonian Chieftain,아르고니안 족장,record,False,False,False,False,,
Oblivion.esm,NPC_,0000556E,VeyondArgBossMale2,FULL,0,,,Argonian Chieftain,아르고니안 족장,record,False,False,False,False,,
Oblivion.esm,NPC_,0000556D,VeyondArgBossMale1,FULL,0,,,Argonian Chieftain,아르고니안 족장,record,False,False,False,False,,
Oblivion.esm,NPC_,0000556C,VeyondArgShamanFemale3A,FULL,0,,,Argonian Shaman,아르고니안 주술사,record,False,False,False,False,,
Oblivion.esm,NPC_,0000556B,VeyondArgShamanFemale4A,FULL,0,,,Argonian Shaman,아르고니안 주술사,record,False,False,False,False,,
Oblivion.esm,NPC_,0000556A,VeyondArgShamanMale2,FULL,0,,,Argonian Shaman,아르고니안 주술사,record,False,False,False,False,,
Oblivion.esm,NPC_,00005569,VeyondArgShamanMale3B,FULL,0,,,Argonian Shaman,아르고니안 주술사,record,False,False,False,False,,
Oblivion.esm,NPC_,00005568,VeyondArgFemale4Scout,FULL,0,,,Argonian Tribesman,아르고니안 부족원,record,False,False,False,False,,
Oblivion.esm,NPC_,00005567,VeyondArgFemale4Nightblade,FULL,0,,,Argonian Tribesman,아르고니안 부족원,record,False,False,False,False,,
Oblivion.esm,NPC_,00005566,VeyondArgFemale3Monk,FULL,0,,,Argonian Tribesman,아르고니안 부족원,record,False,False,False,False,,
Oblivion.esm,NPC_,00005565,VeyondArgFemale3Assassin,FULL,0,,,Argonian Tribesman,아르고니안 부족원,record,False,False,False,False,,
Oblivion.esm,NPC_,00005564,VeyondArgFemale2Blademaster,FULL,0,,,Argonian Tribesman,아르고니안 부족원,record,False,False,False,False,,
Oblivion.esm,NPC_,00005563,VeyondArgMale2Blademaster,FULL,0,,,Argonian Tribesman,아르고니안 부족원,record,False,False,False,False,,
Oblivion.esm,NPC_,00005562,VeyondArgMale3Scout,FULL,0,,,Argonian Tribesman,아르고니안 부족원,record,False,False,False,False,,
Oblivion.esm,NPC_,00005561,VeyondArgMale3Nightblade,FULL,0,,,Argonian Tribesman,아르고니안 부족원,record,False,False,False,False,,
Oblivion.esm,NPC_,00005560,VeyondArgMale4Monk,FULL,0,,,Argonian Tribesman,아르고니안 부족원,record,False,False,False,False,,
Oblivion.esm,NPC_,00005254,TestBruceSpells,FULL,0,,,Bruce,브루스,record,False,False,False,False,,
Oblivion.esm,NPC_,0000296A,MQ16PalaceDremoraKynval,FULL,0,,,Dremora Kynval,드레모라 킨발,record,False,False,False,False,,
Oblivion.esm,NPC_,000025FD,FGC06DeadMiner2,FULL,0,,,Miner,광부,record,False,False,False,False,,
Oblivion.esm,NPC_,000025FA,FGC06DeadMiner1,FULL,0,,,Miner,광부,record,False,False,False,False,,
Oblivion.esm,NPC_,00001145,MQ16ImperialArcher02,FULL,0,,,Imperial Legion Archer,제국군 궁수,record,False,False,False,False,,
Oblivion.esm,NPC_,00001144,MQ16ImperialSoldier02,FULL,0,,,Imperial Legion Soldier,제국군 병사,record,False,False,False,False,,
Oblivion.esm,NPC_,00000FDF,Dremora6ValkynazMageNOSUMMON,FULL,0,,,Dremora Valkynaz,드레모라 발키나즈,record,False,False,False,False,,
Oblivion.esm,NPC_,00000FDD,Dremora5MarkynazMissileNOSUMMON,FULL,0,,,Dremora Markynaz,드레모라 말키나즈,record,False,False,False,False,,
Oblivion.esm,NPC_,00000FDC,Dremora5MarkynazMeleeNOSUMMON,FULL,0,,,Dremora Markynaz,드레모라 말키나즈,record,False,False,False,False,,
Oblivion.esm,NPC_,00000FDB,Dremora5MarkynazMageNOSUMMON,FULL,0,,,Dremora Markynaz,드레모라 말키나즈,record,False,False,False,False,,
Oblivion.esm,NPC_,00000FDA,Dremora4KynmarcherMissileNOSUMMON,FULL,0,,,Dremora Kynmarcher,드레모라 킨마처,record,False,False,False,False,,
Oblivion.esm,NPC_,00000FD9,Dremora4KynmarcherMeleeNOSUMMON,FULL,0,,,Dremora Kynmarcher,드레모라 킨마처,record,False,False,False,False,,
Oblivion.esm,NPC_,00000FD8,Dremora4KynmarcherMageNOSUMMON,FULL,0,,,Dremora Kynmarcher,드레모라 킨마처,record,False,False,False,False,,
Oblivion.esm,NPC_,00000FD7,Dremora3KynreeveMissileNOSUMMON,FULL,0,,,Dremora Kynreeve,드레모라 킨리브,record,False,False,False,False,,
Oblivion.esm,NPC_,00000FD6,Dremora3KynreeveMeleeNOSUMMON,FULL,0,,,Dremora Kynreeve,드레모라 킨리브,record,False,False,False,False,,
Oblivion.esm,NPC_,00000FD5,Dremora3KynreeveMageNOSUMMON,FULL,0,,,Dremora Kynreeve,드레모라 킨리브,record,False,False,False,False,,
Oblivion.esm,NPC_,00000FD4,Dremora2KynvalMissileNOSUMMON,FULL,0,,,Dremora Kynval,드레모라 킨발,record,False,False,False,False,,
Oblivion.esm,NPC_,00000FD3,Dremora2KynvalMeleeNOSUMMON,FULL,0,,,Dremora Kynval,드레모라 킨발,record,False,False,False,False,,
Oblivion.esm,NPC_,00000FD1,Dremora2KynvalMageNOSUMMON,FULL,0,,,Dremora Kynval,드레모라 킨발,record,False,False,False,False,,
Oblivion.esm,NPC_,00000FD0,Dremora1CaitiffMissileNOSUMMON,FULL,0,,,Dremora Caitiff,드레모라 케이티프,record,False,False,False,False,,
Oblivion.esm,NPC_,00000FCF,Dremora1CaitiffMeleeNOSUMMON,FULL,0,,,Dremora Caitiff,드레모라 케이티프,record,False,False,False,False,,
Oblivion.esm,NPC_,00000FCE,Dremora1CaitiffMageNOSUMMON,FULL,0,,,Dremora Caitiff,드레모라 케이티프,record,False,False,False,False,,
Oblivion.esm,NPC_,00000FCD,Dremora0ChurlMissileNOSUMMON,FULL,0,,,Dremora Churl,드레모라 처얼,record,False,False,False,False,,
Oblivion.esm,NPC_,00000FCC,Dremora0ChurlMeleeNOSUMMON,FULL,0,,,Dremora Churl,드레모라 처얼,record,False,False,False,False,,
Oblivion.esm,NPC_,00000FCB,Dremora0ChurlMageNOSUMMON,FULL,0,,,Dremora Churl,드레모라 처얼,record,False,False,False,False,,
Oblivion.esm,NPC_,00000FC9,Dremora6ValkynazMissileNOSUMMON,FULL,0,,,Dremora Valkynaz,드레모라 발키나즈,record,False,False,False,False,,
Oblivion.esm,NPC_,00000FC8,Dremora6ValkynazMeleeNOSUMMON,FULL,0,,,Dremora Valkynaz,드레모라 발키나즈,record,False,False,False,False,,
Oblivion.esm,NPC_,00014F17,TG11ElvenStatue02,FULL,0,,,Ayleid Guardian,에일리드 수호자,record,False,False,False,False,,
Oblivion.esm,NPC_,00014F16,TG11ElvenStatue01,FULL,0,,,Ayleid Guardian,에일리드 수호자,record,False,False,False,False,,
Oblivion.esm,NPC_,00014D61,DremoraBossHatredKeeper02,FULL,0,,,Dremora Hatred Keeper,드레모라 증오의 수호자,record,False,False,False,False,,
Oblivion.esm,NPC_,00014D5F,DremoraBossHatredKeeper01,FULL,0,,,Dremora Hatred Keeper,드레모라 증오의 수호자,record,False,False,False,False,,
Oblivion.esm,NPC_,00014C59,MS48OblivionDremoraPatroller,FULL,0,,,Dremora Scout,드레모라 정찰병,record,False,False,False,False,,
Oblivion.esm,NPC_,000146CC,Dremora6ValkynazMissile3,FULL,0,,,Dremora Valkynaz,드레모라 발키나즈,record,False,False,False,False,,
Oblivion.esm,NPC_,000146CB,Dremora6ValkynazMissile2,FULL,0,,,Dremora Valkynaz,드레모라 발키나즈,record,False,False,False,False,,
Oblivion.esm,NPC_,000146C9,Dremora6ValkynazMissile1,FULL,0,,,Dremora Valkynaz,드레모라 발키나즈,record,False,False,False,False,,
Oblivion.esm,NPC_,000146C5,Dremora5MarkynazMissile3,FULL,0,,,Dremora Markynaz,드레모라 말키나즈,record,False,False,False,False,,
Oblivion.esm,NPC_,000146C1,Dremora5MarkynazMissile2,FULL,0,,,Dremora Markynaz,드레모라 말키나즈,record,False,False,False,False,,
Oblivion.esm,NPC_,000146C0,Dremora5MarkynazMissile1,FULL,0,,,Dremora Markynaz,드레모라 말키나즈,record,False,False,False,False,,
Oblivion.esm,NPC_,000146BF,Dremora4KynmarcherMissile3,FULL,0,,,Dremora Kynmarcher,드레모라 킨마처,record,False,False,False,False,,
Oblivion.esm,NPC_,000146BE,Dremora4KynmarcherMissile2,FULL,0,,,Dremora Kynmarcher,드레모라 킨마처,record,False,False,False,False,,
Oblivion.esm,NPC_,000146BD,Dremora4KynmarcherMissile1,FULL,0,,,Dremora Kynmarcher,드레모라 킨마처,record,False,False,False,False,,
Oblivion.esm,NPC_,000146BC,Dremora3KynreeveMissile3,FULL,0,,,Dremora Kynreeve,드레모라 킨리브,record,False,False,False,False,,
Oblivion.esm,NPC_,000146B9,Dremora3KynreeveMissile2,FULL,0,,,Dremora Kynreeve,드레모라 킨리브,record,False,False,False,False,,
Oblivion.esm,NPC_,000146B8,Dremora3KynreeveMissile1,FULL,0,,,Dremora Kynreeve,드레모라 킨리브,record,False,False,False,False,,
Oblivion.esm,NPC_,000146B7,Dremora2KynvalMissile3,FULL,0,,,Dremora Kynval,드레모라 킨발,record,False,False,False,False,,
Oblivion.esm,NPC_,000146B6,Dremora2KynvalMissile2,FULL,0,,,Dremora Kynval,드레모라 킨발,record,False,False,False,False,,
Oblivion.esm,NPC_,000146B5,Dremora2KynvalMissile1,FULL,0,,,Dremora Kynval,드레모라 킨발,record,False,False,False,False,,
Oblivion.esm,NPC_,00014698,Dremora1CaitiffMissile3,FULL,0,,,Dremora Caitiff,드레모라 케이티프,record,False,False,False,False,,
Oblivion.esm,NPC_,00014697,Dremora1CaitiffMissile2,FULL,0,,,Dremora Caitiff,드레모라 케이티프,record,False,False,False,False,,
Oblivion.esm,NPC_,00014696,Dremora1CaitiffMissile1,FULL,0,,,Dremora Caitiff,드레모라 케이티프,record,False,False,False,False,,
Oblivion.esm,NPC_,00014694,Dremora0ChurlMissile3,FULL,0,,,Dremora Churl,드레모라 처얼,record,False,False,False,False,,
Oblivion.esm,NPC_,00014693,Dremora0ChurlMissile2,FULL,0,,,Dremora Churl,드레모라 처얼,record,False,False,False,False,,
Oblivion.esm,NPC_,00014692,Dremora0ChurlMissile1,FULL,0,,,Dremora Churl,드레모라 처얼,record,False,False,False,False,,
Oblivion.esm,NPC_,00014686,KvatchCastleWallDremoraArcherDead,FULL,0,,,Dremora Archer,드레모라 궁수,record,False,False,False,False,,
Oblivion.esm,NPC_,0001466D,KvatchCastleWallDremoraArcher,FULL,0,,,Dremora Archer,드레모라 궁수,record,False,False,False,False,,
Oblivion.esm,NPC_,000CD4D3,KvatchCastleWallDremoraMage,FULL,0,,,Dremora Churl,드레모라 처얼,record,False,False,False,False,,
Oblivion.esm,NPC_,000CD327,MS08KurdanThug,FULL,0,,,Ra'jhera the Keeneye,꿰뚫어보는 눈의 라'즈헤라,record,False,False,False,False,,
Oblivion.esm,NPC_,000CD302,lyndacartertest,FULL,0,,,Lynda Carter,린다 카터,record,False,False,False,False,,
Oblivion.esm,NPC_,000CA190,BlackRockPirate02,FULL,0,,,Black Rock Pirate,검은 바위 해적,record,False,False,False,False,,
Oblivion.esm,NPC_,000CA18F,BlackRockPirate01,FULL,0,,,Black Rock Pirate,검은 바위 해적,record,False,False,False,False,,
Oblivion.esm,NPC_,000CA18E,BlackRockPirate04,FULL,0,,,Black Rock Captain,검은 바위 해적선장,record,False,False,False,False,,
Oblivion.esm,NPC_,000CA18D,BlackRockPirate03,FULL,0,,,Black Rock Pirate,검은 바위 해적,record,False,False,False,False,,
Oblivion.esm,NPC_,000CA005,DeadTreasureHunter2,FULL,0,,,Dead Treasure Hunter,죽은 보물 사냥꾼,record,False,False,False,False,,
Oblivion.esm,NPC_,000C8C92,SummonDremora5MarkynazMale1,FULL,0,,,Dremora Markynaz,드레모라 말키나즈,record,False,False,False,False,,
Oblivion.esm,NPC_,000C8C6C,SummonDremora1CaitiffMale1,FULL,0,,,Dremora Caitiff,드레모라 케이티프,record,False,False,False,False,,
Oblivion.esm,NPC_,000C89E0,MQ16PalaceGuard,FULL,0,,,Palace Guard,궁전 경비병,record,False,False,False,False,,
Oblivion.esm,NPC_,000C8808,DeadScholar,FULL,0,,,Dead Scholar,죽은 학자,record,False,False,False,False,,
Oblivion.esm,NPC_,000C87B5,BrumaGuardCityPostNight04,FULL,0,,,Bruma Guard,브루마 경비병,record,False,False,False,False,,
Oblivion.esm,NPC_,000C87B4,BrumaGuardCityPostDay04,FULL,0,,,Bruma Guard,브루마 경비병,record,False,False,False,False,,
Oblivion.esm,NPC_,000C87B3,BrumaGuardCityPostNight03,FULL,0,,,Bruma Guard,브루마 경비병,record,False,False,False,False,,
Oblivion.esm,NPC_,000C87B2,BrumaGuardCityPostDay03,FULL,0,,,Bruma Guard,브루마 경비병,record,False,False,False,False,,
Oblivion.esm,NPC_,000C80FD,JalbertREF,FULL,0,,,Jalbert,잘버트,record,False,False,False,False,,
Oblivion.esm,NPC_,000C7944,Dark07MercenaryTEMPLATE,FULL,0,,,Mercenary,용병,record,False,False,False,False,,
Oblivion.esm,NPC_,000C769E,MG08Necromancer2,FULL,0,,,Necromancer,네크로맨서,record,False,False,False,False,,
Oblivion.esm,NPC_,000C769D,MG08Necromancer1,FULL,0,,,Necromancer,네크로맨서,record,False,False,False,False,,
Oblivion.esm,NPC_,000C7619,ICPalaceGuardGreenWay02,FULL,0,,,Palace Guard,궁전 경비병,record,False,False,False,False,,
Oblivion.esm,NPC_,000C56E4,AndreLabouche2,FULL,0,,,Andre Labouche,안드레 라부쉬,record,False,False,False,False,,
Oblivion.esm,NPC_,000C55E5,AgnartheUnwavering,FULL,0,,,Agnar the Unwavering,흔들리지 않는 아그나르,record,False,False,False,False,,
Oblivion.esm,NPC_,000C526C,MQ15MythicDawnACave01,FULL,0,,,Ascended Immortal,승천한 불멸자,record,False,False,False,False,,
Oblivion.esm,NPC_,000C526B,MQ15MythicDawnACave02,FULL,0,,,Ascended Immortal,승천한 불멸자,record,False,False,False,False,,
Oblivion.esm,NPC_,000C522A,BanditHighwayman04,FULL,0,,,Highwayman,노상 강도,record,False,False,False,False,,
Oblivion.esm,NPC_,000C5229,BanditHighwayman03,FULL,0,,,Highwayman,노상 강도,record,False,False,False,False,,
Oblivion.esm,NPC_,000C5228,BanditHighwayman02,FULL,0,,,Highwayman,노상 강도,record,False,False,False,False,,
Oblivion.esm,NPC_,000C5227,BanditHighwayman01,FULL,0,,,Highwayman,노상 강도,record,False,False,False,False,,
Oblivion.esm,NPC_,000C509C,NightChild,FULL,0,,,Night Child,밤의 아이,record,False,False,False,False,,
Oblivion.esm,NPC_,000C47EC,Maiqtheliar,FULL,0,,,M'aiq the Liar,거짓말쟁이 므'아이크,record,False,False,False,False,,
Oblivion.esm,NPC_,000C45B5,ShadySam,FULL,0,,,Shady Sam,그늘진 샘,record,False,False,False,False,,
Oblivion.esm,NPC_,000752F9,ICArboretumPostDay04,FULL,0,,,Imperial Watch,제국 경비병,record,False,False,False,False,,
Oblivion.esm,NPC_,000752F8,ICArboretumPostNight04,FULL,0,,,Imperial Watch,제국 경비병,record,False,False,False,False,,
Oblivion.esm,NPC_,000752F7,ICArboretumPostNight03,FULL,0,,,Imperial Watch,제국 경비병,record,False,False,False,False,,
Oblivion.esm,NPC_,000752F6,ICArboretumPostDay03,FULL,0,,,Imperial Watch,제국 경비병,record,False,False,False,False,,
Oblivion.esm,NPC_,000752F5,ICArboretumPostNight02,FULL,0,,,Imperial Watch,제국 경비병,record,False,False,False,False,,
Oblivion.esm,NPC_,000752F4,ICArboretumPostDay02,FULL,0,,,Imperial Watch,제국 경비병,record,False,False,False,False,,
Oblivion.esm,NPC_,000752F3,ICArboretumPostNight01,FULL,0,,,Imperial Watch,제국 경비병,record,False,False,False,False,,
Oblivion.esm,NPC_,000752F2,ICArboretumPostDay01,FULL,0,,,Imperial Watch,제국 경비병,record,False,False,False,False,,
Oblivion.esm,NPC_,000752F1,ICArenaPatrolDay01,FULL,0,,,Imperial Watch,제국 경비병,record,False,False,False,False,,
Oblivion.esm,NPC_,000752F0,ICArenaPostNight02,FULL,0,,,Imperial Watch,제국 경비병,record,False,False,False,False,,
Oblivion.esm,NPC_,000752EF,ICArenaPostNight01,FULL,0,,,Imperial Watch,제국 경비병,record,False,False,False,False,,
Oblivion.esm,NPC_,000752EE,ICArenaPostDay01,FULL,0,,,Imperial Watch,제국 경비병,record,False,False,False,False,,
Oblivion.esm,NPC_,000BE341,Courier4,FULL,0,,,Courier,배달부,record,False,False,False,False,,
Oblivion.esm,NPC_,000BE340,Courier3,FULL,0,,,Courier,배달부,record,False,False,False,False,,
Oblivion.esm,NPC_,000BE33D,Courier2,FULL,0,,,Courier,배달부,record,False,False,False,False,,
Oblivion.esm,NPC_,000BE330,Courier1,FULL,0,,,Courier,배달부,record,False,False,False,False,,
Oblivion.esm,NPC_,00074A94,EduardHodge,FULL,0,,,Eduard Hodge,에두아르드 호지,record,False,False,False,False,,
Oblivion.esm,NPC_,00073A42,DASkullWoodElfFemale,FULL,0,,,Corrupted Clone,타락한 클론,record,False,False,False,False,,
Oblivion.esm,NPC_,00073A41,DASkullRedguardFemale,FULL,0,,,Corrupted Clone,타락한 클론,record,False,False,False,False,,
Oblivion.esm,NPC_,00073A40,DASkullOrcFemale,FULL,0,,,Corrupted Clone,타락한 클론,record,False,False,False,False,,
Oblivion.esm,NPC_,00073A3F,DASkullNordFemale,FULL,0,,,Corrupted Clone,타락한 클론,record,False,False,False,False,,
Oblivion.esm,NPC_,00073A3E,DASkullImperialFemale,FULL,0,,,Corrupted Clone,타락한 클론,record,False,False,False,False,,
Oblivion.esm,NPC_,00073A3D,DASkullHighElfFemale,FULL,0,,,Corrupted Clone,타락한 클론,record,False,False,False,False,,
Oblivion.esm,NPC_,00073A3C,DASkullDarkElfFemale,FULL,0,,,Corrupted Clone,타락한 클론,record,False,False,False,False,,
Oblivion.esm,NPC_,00073A3B,DASkullBretonFemale,FULL,0,,,Corrupted Clone,타락한 클론,record,False,False,False,False,,
Oblivion.esm,NPC_,00073A3A,DASkullWoodElfMale,FULL,0,,,Corrupted Clone,타락한 클론,record,False,False,False,False,,
Oblivion.esm,NPC_,00073A39,DASkullRedguardMale,FULL,0,,,Corrupted Clone,타락한 클론,record,False,False,False,False,,
Oblivion.esm,NPC_,00073A38,DASkullOrcMale,FULL,0,,,Corrupted Clone,타락한 클론,record,False,False,False,False,,
Oblivion.esm,NPC_,00073A37,DASkullNordMale,FULL,0,,,Corrupted Clone,타락한 클론,record,False,False,False,False,,
Oblivion.esm,NPC_,00073A36,DASkullImperialMale,FULL,0,,,Corrupted Clone,타락한 클론,record,False,False,False,False,,
Oblivion.esm,NPC_,00073A35,DASkullHighElfMale,FULL,0,,,Corrupted Clone,타락한 클론,record,False,False,False,False,,
Oblivion.esm,NPC_,00073A34,DASkullDarkElfMale,FULL,0,,,Corrupted Clone,타락한 클론,record,False,False,False,False,,
Oblivion.esm,NPC_,00073A33,DASkullBretonMale,FULL,0,,,Corrupted Clone,타락한 클론,record,False,False,False,False,,
Oblivion.esm,NPC_,00073A32,DASkullKhajiitFemale,FULL,0,,,Corrupted Clone,타락한 클론,record,False,False,False,False,,
Oblivion.esm,NPC_,00073A31,DASkullKhajiitMale,FULL,0,,,Corrupted Clone,타락한 클론,record,False,False,False,False,,
Oblivion.esm,NPC_,00073A30,DASkullArgonianFemale,FULL,0,,,Corrupted Clone,타락한 클론,record,False,False,False,False,,
Oblivion.esm,NPC_,00073A2F,DASkullArgonianMale,FULL,0,,,Corrupted Clone,타락한 클론,record,False,False,False,False,,
Oblivion.esm,NPC_,000738DE,ClarabellaPirate3,FULL,0,,,Pirate,해적,record,False,False,False,False,,
Oblivion.esm,NPC_,000738DD,ClarabellaPirate2,FULL,0,,,Pirate,해적,record,False,False,False,False,,
Oblivion.esm,NPC_,000738DC,ClarabellaPirate1,FULL,0,,,Pirate,해적,record,False,False,False,False,,
Oblivion.esm,NPC_,000738DB,FirstMateFilch,FULL,0,,,First Mate Filch,일등 항해사 필크,record,False,False,False,False,,
Oblivion.esm,NPC_,000AED40,ArenaFan1,FULL,0,,,Adoring Fan,어도링 팬,record,False,False,False,False,,
Oblivion.esm,NPC_,000ACE73,SisterPhebeJeanard,FULL,0,,,Sister Phebe Jeanard,페비 제나르 수녀,record,False,False,False,False,,
Oblivion.esm,NPC_,000ACE6D,SisterAngrond,FULL,0,,,Sister Angrond,앙그론드 수녀,record,False,False,False,False,,
Oblivion.esm,NPC_,000A713C,ArenaHopeful2,FULL,0,,,Saliith,살리스,record,False,False,False,False,,
Oblivion.esm,NPC_,000A713B,ArenaHopeful1,FULL,0,,,Branwen,브란웬,record,False,False,False,False,,
Oblivion.esm,NPC_,000A348F,BanditRobberTEMPLATE,FULL,0,,,Highwayman,노상 강도,record,False,False,False,False,,
Oblivion.esm,NPC_,000A3167,Blade6,FULL,0,,,Baragon,바라곤,record,False,False,False,False,,
Oblivion.esm,NPC_,000A3166,Blade5,FULL,0,,,Achille,아킬레,record,False,False,False,False,,
Oblivion.esm,NPC_,000A3165,Blade4,FULL,0,,,Ferrum,페룸,record,False,False,False,False,,
Oblivion.esm,NPC_,000A3164,Blade1,FULL,0,,,Pelagius,펠라기우스,record,False,False,False,False,,
Oblivion.esm,NPC_,000A3163,Blade3,FULL,0,,,Arcturus,아크튜러스,record,False,False,False,False,,
Oblivion.esm,NPC_,000A3162,Blade2,FULL,0,,,Fortis,포르티스,record,False,False,False,False,,
Oblivion.esm,NPC_,000947BB,CylbenDolovas,FULL,0,,,Cylben Dolovas,실벤 돌로바스,record,False,False,False,False,,
Oblivion.esm,NPC_,000947AF,FGGuardPorterSkingrad,FULL,0,,,Fighters Guild Porter,파이터 길드 수위,record,False,False,False,False,,
Oblivion.esm,NPC_,000947AE,FGGuardPorterLeyawiin,FULL,0,,,Fighters Guild Porter,파이터 길드 수위,record,False,False,False,False,,
Oblivion.esm,NPC_,000947AD,FGGuardPorterCheydinhal,FULL,0,,,Fighters Guild Porter,파이터 길드 수위,record,False,False,False,False,,
Oblivion.esm,NPC_,000947AC,FGGuardPorterBruma,FULL,0,,,Fighters Guild Porter,파이터 길드 수위,record,False,False,False,False,,
Oblivion.esm,NPC_,000947AB,FGGuardPorterBravil,FULL,0,,,Fighters Guild Porter,파이터 길드 수위,record,False,False,False,False,,
Oblivion.esm,NPC_,000947AA,FGGuardPorterAnvil,FULL,0,,,Fighters Guild Porter,파이터 길드 수위,record,False,False,False,False,,
Oblivion.esm,NPC_,000947A9,FGGuardPorterChorrol,FULL,0,,,Fighters Guild Porter,파이터 길드 수위,record,False,False,False,False,,
Oblivion.esm,NPC_,00094048,BanditCampTEMPLATE,FULL,0,,,Bandit,도적,record,False,False,False,False,,
Oblivion.esm,NPC_,0008FD03,MS13CheydinhalGuardC,FULL,0,,,Cheydinhal Gate Guard,셰이딘홀 관문 경비병,record,False,False,False,False,,
Oblivion.esm,NPC_,0008FD01,MS13CheydinhalGuardA,FULL,0,,,Cheydinhal Gate Guard,셰이딘홀 관문 경비병,record,False,False,False,False,,
Oblivion.esm,NPC_,00088D2A,ChorrolGuardPrivateQuarters03,FULL,0,,,Chorrol Guard,코롤 경비병,record,False,False,False,False,,
Oblivion.esm,NPC_,00088D29,ChorrolGuardPrivateQuarters02,FULL,0,,,Chorrol Guard,코롤 경비병,record,False,False,False,False,,
Oblivion.esm,NPC_,00088D28,ChorrolGuardPrivateQuarters01,FULL,0,,,Chorrol Guard,코롤 경비병,record,False,False,False,False,,
Oblivion.esm,NPC_,00082DE5,TestClothes,FULL,0,,,Arena Contestant,아레나 참가자,record,False,False,False,False,,
Oblivion.esm,NPC_,0007BA80,Dark07MercenaryMale2,FULL,0,,,Mercenary,용병,record,False,False,False,False,,
Oblivion.esm,NPC_,0007BA7F,Dark07MercenaryFemale4,FULL,0,,,Mercenary,용병,record,False,False,False,False,,
Oblivion.esm,NPC_,0007BA7E,Dark07MercenaryMale6,FULL,0,,,Mercenary,용병,record,False,False,False,False,,
Oblivion.esm,NPC_,0007BA7D,Dark07MercenaryFemale8,FULL,0,,,Mercenary,용병,record,False,False,False,False,,
Oblivion.esm,NPC_,0007BA7C,Dark07MercenaryMale10,FULL,0,,,Mercenary,용병,record,False,False,False,False,,
Oblivion.esm,NPC_,000785E1,TestDead,FULL,0,,,Kill Me,날 죽여라,record,False,False,False,False,,
Oblivion.esm,NPC_,000732D3,MS49LegionSoldier2,FULL,0,,,Imperial Legion Soldier,제국군 병사,record,False,False,False,False,,
Oblivion.esm,NPC_,000732D1,MS49LegionArcher,FULL,0,,,Imperial Legion Archer,제국군 궁수,record,False,False,False,False,,
Oblivion.esm,NPC_,00073296,MS49LegionSoldier,FULL,0,,,Imperial Legion Soldier,제국군 병사,record,False,False,False,False,,
Oblivion.esm,NPC_,00073279,Caenlin,FULL,0,,,Caenlin,캐인린,record,False,False,False,False,,
Oblivion.esm,NPC_,000730BD,MS13FallenKnightH,FULL,0,,,Fallen Knight of the Thorn,타락한 가시의 기사,record,False,False,False,False,,
Oblivion.esm,NPC_,00071F37,ICTalosGuardClaudiusHouse,FULL,0,,,Imperial Watch,제국 경비병,record,False,False,False,False,,
Oblivion.esm,NPC_,00071D4B,ClaudiusArcadia,FULL,0,,,Claudius Arcadia,클라우디우스 아르카디아,record,False,False,False,False,,
Oblivion.esm,NPC_,00071B94,MS13FallenKnightG,FULL,0,,,Fallen Knight of the Thorn,타락한 가시의 기사,record,False,False,False,False,,
Oblivion.esm,NPC_,00071B92,MS13FallenKnightF,FULL,0,,,Fallen Knight of the Thorn,타락한 가시의 기사,record,False,False,False,False,,
Oblivion.esm,NPC_,00071B91,MS13FallenKnightE,FULL,0,,,Fallen Knight of the Thorn,타락한 가시의 기사,record,False,False,False,False,,
Oblivion.esm,NPC_,00071717,DeadBanditMale01,FULL,0,,,Dead Bandit,죽은 도적,record,False,False,False,False,,
Oblivion.esm,NPC_,00071716,DeadBanditMale02,FULL,0,,,Dead Bandit,죽은 도적,record,False,False,False,False,,
Oblivion.esm,NPC_,000700CD,ImperialLegionRiderRock,FULL,0,,,Imperial Legion Soldier,제국군 병사,record,False,False,False,False,,
Oblivion.esm,NPC_,000700CC,ImperialLegionRiderVirtue,FULL,0,,,Imperial Legion Soldier,제국군 병사,record,False,False,False,False,,
Oblivion.esm,NPC_,000700CB,ImperialLegionRiderNikel,FULL,0,,,Imperial Legion Soldier,제국군 병사,record,False,False,False,False,,
Oblivion.esm,NPC_,000700CA,ImperialLegionRiderAleswell,FULL,0,,,Imperial Legion Soldier,제국군 병사,record,False,False,False,False,,
Oblivion.esm,NPC_,000700C9,ImperialLegionRiderWellspring,FULL,0,,,Imperial Legion Soldier,제국군 병사,record,False,False,False,False,,
Oblivion.esm,NPC_,000700C8,ImperialLegionRiderRoxey,FULL,0,,,Imperial Legion Soldier,제국군 병사,record,False,False,False,False,,
Oblivion.esm,NPC_,000700C7,ImperialLegionRiderSardavar,FULL,0,,,Imperial Legion Soldier,제국군 병사,record,False,False,False,False,,
Oblivion.esm,NPC_,000700C6,ImperialLegionRiderWell,FULL,0,,,Imperial Legion Soldier,제국군 병사,record,False,False,False,False,,
Oblivion.esm,NPC_,000700C5,ImperialLegionRiderFalls,FULL,0,,,Imperial Legion Soldier,제국군 병사,record,False,False,False,False,,
Oblivion.esm,NPC_,000700C4,ImperialLegionRiderSlope,FULL,0,,,Imperial Legion Soldier,제국군 병사,record,False,False,False,False,,
Oblivion.esm,NPC_,000700C3,ImperialLegionRiderRidge,FULL,0,,,Imperial Legion Soldier,제국군 병사,record,False,False,False,False,,
Oblivion.esm,NPC_,000700C2,ImperialLegionRiderCrossroads,FULL,0,,,Imperial Legion Soldier,제국군 병사,record,False,False,False,False,,
Oblivion.esm,NPC_,000700C1,ImperialLegionRiderGottshaw,FULL,0,,,Imperial Legion Soldier,제국군 병사,record,False,False,False,False,,
Oblivion.esm,NPC_,000700C0,ImperialLegionRiderAnvil,FULL,0,,,Imperial Legion Soldier,제국군 병사,record,False,False,False,False,,
Oblivion.esm,NPC_,0006FDB6,EmilChorrolGuardTest,FULL,0,,,Chorrol Guard,코롤 경비병,record,False,False,False,False,,
Oblivion.esm,NPC_,0006FDB4,EmilLeyawiinGuardTest,FULL,0,,,Leyawiin City Watch,레이야윈 시 경비병,record,False,False,False,False,,
Oblivion.esm,NPC_,0006E7EF,LorgrenBenirusNPC,FULL,0,,,Lorgren Benirus,로그렌 베니루스,record,False,False,False,False,,
Oblivion.esm,NPC_,0006E632,ICPalaceGuardCryptPost,FULL,0,,,Palace Guard,궁전 경비병,record,False,False,False,False,,
Oblivion.esm,NPC_,0006E629,ICPalaceGuardCryptPatrol,FULL,0,,,Palace Guard,궁전 경비병,record,False,False,False,False,,
Oblivion.esm,NPC_,0006C35D,VilverinBanditFurnitureKhajiit,FULL,0,,,Bandit,도적,record,False,False,False,False,,
Oblivion.esm,NPC_,0006C35A,VilverinBanditBoss,FULL,0,,,Bandit Ringleader,도적 선동자,record,False,False,False,False,,
Oblivion.esm,NPC_,0006C357,VilverinBanditSittingNPC,FULL,0,,,Bandit,도적,record,False,False,False,False,,
Oblivion.esm,NPC_,0006C355,VilverinBanditAmbushNPC,FULL,0,,,Bandit,도적,record,False,False,False,False,,
Oblivion.esm,NPC_,0006BFA4,DeadKhajiitBandit,FULL,0,,,Dead Bandit,죽은 도적,record,False,False,False,False,,
Oblivion.esm,NPC_,0006BD2D,FGD06DeadGuy06,FULL,0,,,Lashana,라샤나,record,False,False,False,False,,
Oblivion.esm,NPC_,0006BD2B,FGD06DeadGuy05,FULL,0,,,Ariente,아리엔테,record,False,False,False,False,,
Oblivion.esm,NPC_,0006BD29,FGD06DeadGuy04,FULL,0,,,Mattius Wotrus,마티우스 워트루스,record,False,False,False,False,,
Oblivion.esm,NPC_,0006B592,ImperialLegionForester4,FULL,0,,,Imperial Legion Forester,제국군 산림 경비병,record,False,False,False,False,,
Oblivion.esm,NPC_,0006B32B,SnakgraBura,FULL,0,,,Snak gra-Bura,스낙 그라-부라,record,False,False,False,False,,
Oblivion.esm,NPC_,0006AAB2,MGMageScholar6,FULL,0,,,Mage Scholar,메이지 학자,record,False,False,False,False,,
Oblivion.esm,NPC_,0006AAB1,MGMageScholar5,FULL,0,,,Mage Scholar,메이지 학자,record,False,False,False,False,,
Oblivion.esm,NPC_,0006AAB0,MGMageScholar4,FULL,0,,,Mage Scholar,메이지 학자,record,False,False,False,False,,
Oblivion.esm,NPC_,0006AAAF,MGMageApprentice10,FULL,0,,,Mage Apprentice,메이지 견습생,record,False,False,False,False,,
Oblivion.esm,NPC_,0006AAAE,MGMageApprentice9,FULL,0,,,Mage Apprentice,메이지 견습생,record,False,False,False,False,,
Oblivion.esm,NPC_,0006AAAD,MGMageApprentice8,FULL,0,,,Mage Apprentice,메이지 견습생,record,False,False,False,False,,
Oblivion.esm,NPC_,0006AAAC,MGMageApprentice7,FULL,0,,,Mage Apprentice,메이지 견습생,record,False,False,False,False,,
Oblivion.esm,NPC_,0006AAAB,MGMageApprentice6,FULL,0,,,Mage Apprentice,메이지 견습생,record,False,False,False,False,,
Oblivion.esm,NPC_,0006AAAA,MGMageApprentice5,FULL,0,,,Mage Apprentice,메이지 견습생,record,False,False,False,False,,
Oblivion.esm,NPC_,0006AAA9,MGMageApprentice4,FULL,0,,,Mage Apprentice,메이지 견습생,record,False,False,False,False,,
Oblivion.esm,NPC_,0006A833,MGMageApprentice,FULL,0,,,Mage Apprentice,메이지 견습생,record,False,False,False,False,,
Oblivion.esm,NPC_,0006A832,MGMageApprentice3,FULL,0,,,Mage Apprentice,메이지 견습생,record,False,False,False,False,,
Oblivion.esm,NPC_,0006A831,MGMageApprentice2,FULL,0,,,Mage Apprentice,메이지 견습생,record,False,False,False,False,,
Oblivion.esm,NPC_,0006A830,MGMageScholar3,FULL,0,,,Mage Scholar,메이지 학자,record,False,False,False,False,,
Oblivion.esm,NPC_,0006A82F,MGMageScholar2,FULL,0,,,Mage Scholar,메이지 학자,record,False,False,False,False,,
Oblivion.esm,NPC_,0006A82E,MGMageScholar,FULL,0,,,Mage Scholar,메이지 학자,record,False,False,False,False,,
Oblivion.esm,NPC_,00069B07,VampireWitchhunter4,FULL,0,,,Vampire Witchhunter,뱀파이어 마녀 사냥꾼,record,False,False,False,False,,
Oblivion.esm,NPC_,00069B06,VampireWitchhunter3,FULL,0,,,Vampire Witchhunter,뱀파이어 마녀 사냥꾼,record,False,False,False,False,,
Oblivion.esm,NPC_,00069B05,VampireWarrior4,FULL,0,,,Vampire Warrior,뱀파이어 전사,record,False,False,False,False,,
Oblivion.esm,NPC_,00069B04,VampireWarrior3,FULL,0,,,Vampire Warrior,뱀파이어 전사,record,False,False,False,False,,
Oblivion.esm,NPC_,00069B03,VampireThief4,FULL,0,,,Vampire Thief,뱀파이어 도둑,record,False,False,False,False,,
Oblivion.esm,NPC_,00069B02,VampireThief3,FULL,0,,,Vampire Thief,뱀파이어 도둑,record,False,False,False,False,,
Oblivion.esm,NPC_,00069B01,VampireSpellsword4,FULL,0,,,Vampire Spellsword,뱀파이어 마검사,record,False,False,False,False,,
Oblivion.esm,NPC_,00069B00,VampireSpellsword3,FULL,0,,,Vampire Spellsword,뱀파이어 마검사,record,False,False,False,False,,
Oblivion.esm,NPC_,00069AFF,VampireSorcerer4,FULL,0,,,Vampire Sorcerer,뱀파이어 소서러,record,False,False,False,False,,
Oblivion.esm,NPC_,00069AFE,VampireSorcerer3,FULL,0,,,Vampire Sorcerer,뱀파이어 소서러,record,False,False,False,False,,
Oblivion.esm,NPC_,00069AFD,VampireScout4,FULL,0,,,Vampire Scout,뱀파이어 정찰병,record,False,False,False,False,,
Oblivion.esm,NPC_,00069AFC,VampireScout3,FULL,0,,,Vampire Scout,뱀파이어 정찰병,record,False,False,False,False,,
Oblivion.esm,NPC_,00069AFB,VampireRogue4,FULL,0,,,Vampire Rogue,뱀파이어 불량배,record,False,False,False,False,,
Oblivion.esm,NPC_,00069AFA,VampireRogue3,FULL,0,,,Vampire Rogue,뱀파이어 불량배,record,False,False,False,False,,
Oblivion.esm,NPC_,00069AF9,VampirePilgrim4,FULL,0,,,Vampire Pilgrim,뱀파이어 순례자,record,False,False,False,False,,
Oblivion.esm,NPC_,00069AF8,VampirePilgrim3,FULL,0,,,Vampire Pilgrim,뱀파이어 순례자,record,False,False,False,False,,
Oblivion.esm,NPC_,00069AF7,VampireNightblade4,FULL,0,,,Vampire Nightblade,뱀파이어 나이트블레이드,record,False,False,False,False,,
Oblivion.esm,NPC_,00069AF6,VampireNightblade3,FULL,0,,,Vampire Nightblade,뱀파이어 나이트블레이드,record,False,False,False,False,,
Oblivion.esm,NPC_,00069AF5,VampireMonk4,FULL,0,,,Vampire Monk,뱀파이어 수도사,record,False,False,False,False,,
Oblivion.esm,NPC_,00069AF4,VampireMonk3,FULL,0,,,Vampire Monk,뱀파이어 수도사,record,False,False,False,False,,
Oblivion.esm,NPC_,00069AF3,VampireMage4,FULL,0,,,Vampire Mage,뱀파이어 메이지,record,False,False,False,False,,
Oblivion.esm,NPC_,00069AF2,VampireMage3,FULL,0,,,Vampire Mage,뱀파이어 메이지,record,False,False,False,False,,
Oblivion.esm,NPC_,00069AF1,VampireKnight4,FULL,0,,,Vampire Knight,뱀파이어 나이트,record,False,False,False,False,,
Oblivion.esm,NPC_,00069AF0,VampireKnight3,FULL,0,,,Vampire Knight,뱀파이어 나이트,record,False,False,False,False,,
Oblivion.esm,NPC_,00069AEF,VampireHealer4,FULL,0,,,Vampire Sorcerer,뱀파이어 소서러,record,False,False,False,False,,
Oblivion.esm,NPC_,00069AEE,VampireHealer3,FULL,0,,,Vampire Sorcerer,뱀파이어 소서러,record,False,False,False,False,,
Oblivion.esm,NPC_,00069AED,VampireCrusader4,FULL,0,,,Vampire Crusader,뱀파이어 성전사,record,False,False,False,False,,
Oblivion.esm,NPC_,00069AEC,VampireCrusader3,FULL,0,,,Vampire Crusader,뱀파이어 성전사,record,False,False,False,False,,
Oblivion.esm,NPC_,00069AEB,VampireBattlemage4,FULL,0,,,Vampire Battlemage,뱀파이어 배틀메이지,record,False,False,False,False,,
Oblivion.esm,NPC_,00069AEA,VampireBattlemage3,FULL,0,,,Vampire Battlemage,뱀파이어 배틀메이지,record,False,False,False,False,,
Oblivion.esm,NPC_,00069AE9,VampireBard4,FULL,0,,,Vampire Bard,뱀파이어 음유시인,record,False,False,False,False,,
Oblivion.esm,NPC_,00069AE8,VampireBard3,FULL,0,,,Vampire Bard,뱀파이어 음유시인,record,False,False,False,False,,
Oblivion.esm,NPC_,00069AE7,VampireBarbarian4,FULL,0,,,Vampire Barbarian,뱀파이어 바바리안,record,False,False,False,False,,
Oblivion.esm,NPC_,00069AE6,VampireBarbarian3,FULL,0,,,Vampire Barbarian,뱀파이어 바바리안,record,False,False,False,False,,
Oblivion.esm,NPC_,00069AE5,VampireAssassin4,FULL,0,,,Vampire Assassin,뱀파이어 암살자,record,False,False,False,False,,
Oblivion.esm,NPC_,00069AE4,VampireAssassin3,FULL,0,,,Vampire Assassin,뱀파이어 암살자,record,False,False,False,False,,
Oblivion.esm,NPC_,00069AE3,VampireArcher4,FULL,0,,,Vampire Archer,뱀파이어 궁수,record,False,False,False,False,,
Oblivion.esm,NPC_,00069AE2,VampireArcher3,FULL,0,,,Vampire Archer,뱀파이어 궁수,record,False,False,False,False,,
Oblivion.esm,NPC_,00069AE1,VampireAgent4,FULL,0,,,Vampire Agent,뱀파이어 요원,record,False,False,False,False,,
Oblivion.esm,NPC_,00069AE0,VampireAgent3,FULL,0,,,Vampire Agent,뱀파이어 요원,record,False,False,False,False,,
Oblivion.esm,NPC_,00069ADF,VampireAcrobat4,FULL,0,,,Vampire Acrobat,뱀파이어 곡예사,record,False,False,False,False,,
Oblivion.esm,NPC_,00069ADE,VampireAcrobat3,FULL,0,,,Vampire Acrobat,뱀파이어 곡예사,record,False,False,False,False,,
Oblivion.esm,NPC_,00069ADD,NecromancerMaleHighElf4,FULL,0,,,Necromancer,네크로맨서,record,False,False,False,False,,
Oblivion.esm,NPC_,00069ADC,NecromancerFemaleBreton3,FULL,0,,,Necromancer,네크로맨서,record,False,False,False,False,,
Oblivion.esm,NPC_,00069ADB,ConjurerFemaleBreton4,FULL,0,,,Conjurer,소환술사,record,False,False,False,False,,
Oblivion.esm,NPC_,00069ADA,ConjurerMaleBreton4,FULL,0,,,Conjurer,소환술사,record,False,False,False,False,,
Oblivion.esm,NPC_,00069AD9,MarauderMissileMale4B,FULL,0,,,Marauder Archer,약탈자 궁수,record,False,False,False,False,,
Oblivion.esm,NPC_,00069AD8,MarauderMeleeMale4B,FULL,0,,,Marauder,약탈자,record,False,False,False,False,,
Oblivion.esm,NPC_,00069AD7,MarauderMeleeFemale4B,FULL,0,,,Marauder,약탈자,record,False,False,False,False,,
Oblivion.esm,NPC_,00069AD6,MarauderMageFemale4B,FULL,0,,,Marauder Battlemage,약탈자 배틀메이지,record,False,False,False,False,,
Oblivion.esm,NPC_,00069AD5,BanditMeleeFemale4B,FULL,0,,,Bandit,도적,record,False,False,False,False,,
Oblivion.esm,NPC_,00069AD4,BanditWizardMale4B,FULL,0,,,Bandit Hedge Wizard,도적 방랑 위저드,record,False,False,False,False,,
Oblivion.esm,NPC_,00069AD3,BanditMissileMale4B,FULL,0,,,Bandit Bowman,도적 궁수,record,False,False,False,False,,
Oblivion.esm,NPC_,00069AD2,BanditMissileFemale4B,FULL,0,,,Bandit Bowman,도적 궁수,record,False,False,False,False,,
Oblivion.esm,NPC_,00069AD1,BanditMeleeMale4B,FULL,0,,,Bandit,도적,record,False,False,False,False,,
Oblivion.esm,NPC_,0006845A,BrielusGawey,FULL,0,,,Brielus Gawey,브리엘루스 가웨이,record,False,False,False,False,,
Oblivion.esm,NPC_,00068459,RestitaStatlilia,FULL,0,,,Restita Statlilia,레스티타 스타틀리아,record,False,False,False,False,,
Oblivion.esm,NPC_,00067BB2,DeadTreasureHunter,FULL,0,,,Dead Treasure Hunter,죽은 보물 사냥꾼,record,False,False,False,False,,
Oblivion.esm,NPC_,00067418,AntusFlonius,FULL,0,,,Antus Flonius,안투스 플로니우스,record,False,False,False,False,,
Oblivion.esm,NPC_,00067417,Skasha,FULL,0,,,S'kasha,스'카샤,record,False,False,False,False,,
Oblivion.esm,NPC_,000666FF,TG11PalaceGuard00,FULL,0,,,Palace Guard,황궁 경비병,record,False,False,False,False,,
Oblivion.esm,NPC_,000666EC,TG11PalaceGuard04,FULL,0,,,Palace Guard,황궁 경비병,record,False,False,False,False,,
Oblivion.esm,NPC_,000666EB,TG11PalaceGuard03,FULL,0,,,Palace Guard,황궁 경비병,record,False,False,False,False,,
Oblivion.esm,NPC_,000666E9,TG11PalaceGuard02,FULL,0,,,Palace Guard,황궁 경비병,record,False,False,False,False,,
Oblivion.esm,NPC_,000666E7,TG11PalaceGuard01,FULL,0,,,Palace Guard,황궁 경비병,record,False,False,False,False,,
Oblivion.esm,NPC_,0006653F,TG11PalaceGuard05,FULL,0,,,Palace Guard,황궁 경비병,record,False,False,False,False,,
Oblivion.esm,NPC_,0006653D,TG11PalaceGuard06,FULL,0,,,Palace Guard,황궁 경비병,record,False,False,False,False,,
Oblivion.esm,NPC_,00065E39,DeadMarauderMeleeMale02,FULL,0,,,Dead Marauder,죽은 약탈자,record,False,False,False,False,,
Oblivion.esm,NPC_,00065643,DeadMarauderMeleeMale01,FULL,0,,,Dead Marauder,죽은 약탈자,record,False,False,False,False,,
Oblivion.esm,NPC_,000651A7,DeadCaptive02,FULL,0,,,Dead Captive,죽은 포로,record,False,False,False,False,,
Oblivion.esm,NPC_,00064DA8,TESTRedguard,FULL,0,,,Kurz gro-Baroth,커즈 그로-바로스,record,False,False,False,False,,
Oblivion.esm,NPC_,00064DA7,TESTNord,FULL,0,,,Kurz gro-Baroth,커즈 그로-바로스,record,False,False,False,False,,
Oblivion.esm,NPC_,00064DA6,TESTKhajiit,FULL,0,,,Hlaro Dren,흘라로 드렌,record,False,False,False,False,,
Oblivion.esm,NPC_,00064DA5,TESTImperial,FULL,0,,,Hlaro Dren,흘라로 드렌,record,False,False,False,False,,
Oblivion.esm,NPC_,00064DA4,TESTBreton,FULL,0,,,Hlaro Dren,흘라로 드렌,record,False,False,False,False,,
Oblivion.esm,NPC_,00064C1D,DeadCaptive,FULL,0,,,Dead Captive,죽은 포로,record,False,False,False,False,,
Oblivion.esm,NPC_,0006421B,TestHair,FULL,0,,,TestHair,테스트 헤어,record,False,False,False,False,,
Oblivion.esm,NPC_,00062B9E,TestArgonianMale,FULL,0,,,TestArgonian,아르고니안 테스트,record,False,False,False,False,,
Oblivion.esm,NPC_,00061444,ImperialLegionForester3,FULL,0,,,Imperial Legion Forester,제국군 산림 경비병,record,False,False,False,False,,
Oblivion.esm,NPC_,000613B8,Torbern,FULL,0,,,Torbern,토르베른,record,False,False,False,False,,
Oblivion.esm,NPC_,00058AF5,ImperialLegionSoldierInnWawnet,FULL,0,,,Imperial Legion Soldier,제국군 병사,record,False,False,False,False,,
Oblivion.esm,NPC_,00058A8C,ImperialLegionSoldierInnGottshaw,FULL,0,,,Imperial Legion Soldier,제국군 병사,record,False,False,False,False,,
Oblivion.esm,NPC_,0018D7D8,ImperialLegionSoldierInnDrunkDrag,FULL,0,,,Imperial Legion Soldier,제국군 병사,record,False,False,False,False,,
Oblivion.esm,NPC_,0018D4CF,ImperialLegionSoldierOBGATE,FULL,0,,,Imperial Legion Soldier,제국군 병사,record,False,False,False,False,,
Oblivion.esm,NPC_,0018D2B4,AlixLencolia,FULL,0,,,Alix Lencolia,알릭스 렌콜리아,record,False,False,False,False,,
Oblivion.esm,NPC_,0018D1F4,ICPrisonJailorNight,FULL,0,,,Imperial Jailor,제국 간수,record,False,False,False,False,,
Oblivion.esm,NPC_,0018D1F2,ICPrisonJailorDay,FULL,0,,,Imperial Jailor,제국 간수,record,False,False,False,False,,
Oblivion.esm,NPC_,0018BA89,ImperialLegionRiderLey,FULL,0,,,Imperial Legion Soldier,제국군 병사,record,False,False,False,False,,
Oblivion.esm,NPC_,0018BA88,ImperialLegionRiderChey,FULL,0,,,Imperial Legion Soldier,제국군 병사,record,False,False,False,False,,
Oblivion.esm,NPC_,0018BA87,ImperialLegionSoldierInnRoxey,FULL,0,,,Imperial Legion Soldier,제국군 병사,record,False,False,False,False,,
Oblivion.esm,NPC_,0018BA86,ImperialLegionRiderChorrol,FULL,0,,,Imperial Legion Soldier,제국군 병사,record,False,False,False,False,,
Oblivion.esm,NPC_,0018BA85,ImperialLegionSoldierInnImpBridge,FULL,0,,,Imperial Legion Soldier,제국군 병사,record,False,False,False,False,,
Oblivion.esm,NPC_,0018BA84,ImperialLegionForester2,FULL,0,,,Imperial Legion Forester,제국군 산림 경비병,record,False,False,False,False,,
Oblivion.esm,NPC_,0018B11A,ImperialLegionForester,FULL,0,,,Imperial Legion Forester,제국군 산림 경비병,record,False,False,False,False,,
Oblivion.esm,NPC_,0018B118,ImperialLegionSoldier,FULL,0,,,Imperial Legion Soldier,제국군 병사,record,False,False,False,False,,
Oblivion.esm,NPC_,0018AFD9,ThorleyAethelred,FULL,0,,,Thorley Aethelred,톨리 에델레드,record,False,False,False,False,,
Oblivion.esm,NPC_,0018AD8C,LeyawiinGuardDEAD,FULL,0,,,Leyawiin City Watch,레이야윈 시 경비병,record,False,False,False,False,,
Oblivion.esm,NPC_,0018AD70,LenkaValus,FULL,0,,,Lenka Valus,렌카 발루스,record,False,False,False,False,,
Oblivion.esm,NPC_,0018AD6B,GuilbertSelone,FULL,0,,,Guilbert Selone,길버트 셀론,record,False,False,False,False,,
Oblivion.esm,NPC_,0018ABFF,AdventurerOrcWarrior04,FULL,0,,,Adventurer,모험가,record,False,False,False,False,,
Oblivion.esm,NPC_,0018ABFE,AdventurerOrcWarrior03,FULL,0,,,Adventurer,모험가,record,False,False,False,False,,
Oblivion.esm,NPC_,0018ABFD,AdventurerOrcWarrior02,FULL,0,,,Adventurer,모험가,record,False,False,False,False,,
Oblivion.esm,NPC_,0018ABFC,AdventurerOrcBattlemage01,FULL,0,,,Adventurer,모험가,record,False,False,False,False,,
Oblivion.esm,NPC_,0018ABFB,AdventurerOrcSpellsword01,FULL,0,,,Adventurer,모험가,record,False,False,False,False,,
Oblivion.esm,NPC_,00189D01,CorrickNorthwode,FULL,0,,,Corrick Northwode,코릭 노스우드,record,False,False,False,False,,
Oblivion.esm,NPC_,00185FE5,MaevatheBuxom,FULL,0,,,Maeva the Buxom,풍만한 마에바,record,False,False,False,False,,
Oblivion.esm,NPC_,00185FE3,BjalfitheContemptible,FULL,0,,,Bjalfi the Contemptible,경멸받는 비얄피,record,False,False,False,False,,
Oblivion.esm,NPC_,00185FE0,AelwinMerowald,FULL,0,,,Aelwin Merowald,엘윈 메로왈드,record,False,False,False,False,,
Oblivion.esm,NPC_,00185DC9,SlytheSeringi,FULL,0,,,Slythe Seringi,슬라이스 세링기,record,False,False,False,False,,
Oblivion.esm,NPC_,00185378,RaelynntheGravefinder,FULL,0,,,Raelynn the Gravefinder,무덤탐색자 레이린,record,False,False,False,False,,
Oblivion.esm,NPC_,00185374,Lithnilian,FULL,0,,,Lithnilian,리스닐리언,record,False,False,False,False,,
Oblivion.esm,NPC_,00181D1E,TG11PalaceGuardTopFloor,FULL,0,,,Palace Guard,황궁 경비병,record,False,False,False,False,,
Oblivion.esm,NPC_,00181C68,LerexusCallidus,FULL,0,,,Lerexus Callidus,레렉수스 칼리두스,record,False,False,False,False,,
Oblivion.esm,NPC_,00181C64,KyliusLonavo,FULL,0,,,Kylius Lonavo,킬리우스 로나보,record,False,False,False,False,,
Oblivion.esm,NPC_,0017CCFF,DEADMythicDawnGuardRandomMale,FULL,0,,,Mythic Dawn Guard,신화 여명회 경비병,record,False,False,False,False,,
Oblivion.esm,NPC_,0017C465,TG11MothPriestPrivateWanderer,FULL,0,,,Blind Moth Priest,맹인 나방 사제,record,False,False,False,False,,
Oblivion.esm,NPC_,0017C464,TG11MothPriestDoorGuard01,FULL,0,,,Blind Moth Priest,맹인 나방 사제,record,False,False,False,False,,
Oblivion.esm,NPC_,0017C457,MythicDawnMeleeMale1,FULL,0,,,Mythic Dawn Agent,신화 여명회 요원,record,False,False,False,False,,
Oblivion.esm,NPC_,00177A2B,Sjirra,FULL,0,,,S'jirra,스'지라,record,False,False,False,False,,
Oblivion.esm,NPC_,001778DC,Dark09PhillidaBodyguard,FULL,0,,,Adamus Phillida's Bodyguard,아다무스 필리다의 경호원,record,False,False,False,False,,
Oblivion.esm,NPC_,00165CA6,TESTOrc,FULL,0,,,Kurz gro-Baroth,커즈 그로-바로스,record,False,False,False,False,,
Oblivion.esm,NPC_,00165CA5,TESTDarkElf,FULL,0,,,Hlaro Dren,흘라로 드렌,record,False,False,False,False,,
Oblivion.esm,NPC_,00165CA4,TESTHighElf,FULL,0,,,Mannimarco,매니마코,record,False,False,False,False,,
Oblivion.esm,NPC_,00165CA3,TESTWoodElf,FULL,0,,,Hasathil,하사틸,record,False,False,False,False,,
Oblivion.esm,NPC_,0014C715,EvangelineBeanique,FULL,0,,,Evangeline Beanique,에반젤린 비니크,record,False,False,False,False,,
Oblivion.esm,NPC_,0014C46F,TG11MothPriestBossFemale01,FULL,0,,,Blind Moth Prelate,맹인 나방 고위 사제,record,False,False,False,False,,
Oblivion.esm,NPC_,0014C46E,TG11MothPriestBossMale01,FULL,0,,,Blind Moth Prelate,맹인 나방 고위 사제,record,False,False,False,False,,
Oblivion.esm,NPC_,0014C46B,TG11MothPriestMale02,FULL,0,,,Blind Moth Priest,맹인 나방 사제,record,False,False,False,False,,
Oblivion.esm,NPC_,0014C46A,TG11MothPriestMale01,FULL,0,,,Blind Moth Priest,맹인 나방 사제,record,False,False,False,False,,
Oblivion.esm,NPC_,0014C467,TG11MothPriestFemale02,FULL,0,,,Blind Moth Priest,맹인 나방 사제,record,False,False,False,False,,
Oblivion.esm,NPC_,0014C466,TG11MothPriestFemale01,FULL,0,,,Blind Moth Priest,맹인 나방 사제,record,False,False,False,False,,
Oblivion.esm,NPC_,0014683D,ArenaICYellowTeamChampion,FULL,0,,,Yellow Team Champion,황팀 챔피언,record,False,False,False,False,,
Oblivion.esm,NPC_,0014683C,ArenaICBlueTeamGladiator,FULL,0,,,Blue Team Gladiator,청팀 글래디에이터,record,False,False,False,False,,
Oblivion.esm,NPC_,00132AEB,TESTArgonian,FULL,0,,,Tar-Meena,타르-미나,record,False,False,False,False,,
Oblivion.esm,NPC_,00115DFE,ICPalaceGuardPostNight04,FULL,0,,,Palace Guard,궁전 경비병,record,False,False,False,False,,
Oblivion.esm,NPC_,00115DFD,ICPalaceGuardPostDay04,FULL,0,,,Palace Guard,궁전 경비병,record,False,False,False,False,,
Oblivion.esm,NPC_,00115DFC,ICPalaceGuardPostNight03,FULL,0,,,Palace Guard,궁전 경비병,record,False,False,False,False,,
Oblivion.esm,NPC_,00115DFB,ICPalaceGuardPostDay03,FULL,0,,,Palace Guard,궁전 경비병,record,False,False,False,False,,
Oblivion.esm,NPC_,00115DFA,ICPalaceGuardPostNight02,FULL,0,,,Palace Guard,궁전 경비병,record,False,False,False,False,,
Oblivion.esm,NPC_,00115DF9,ICPalaceGuardPostNight01,FULL,0,,,Palace Guard,궁전 경비병,record,False,False,False,False,,
Oblivion.esm,NPC_,00115DF8,ICPalaceGuardPatrolNight01,FULL,0,,,Palace Guard,궁전 경비병,record,False,False,False,False,,
Oblivion.esm,NPC_,00115DF7,ICPalaceGuardPatrolDay01,FULL,0,,,Palace Guard,궁전 경비병,record,False,False,False,False,,
Oblivion.esm,NPC_,00115DF6,ICPalaceGuardPostDay02,FULL,0,,,Palace Guard,궁전 경비병,record,False,False,False,False,,
Oblivion.esm,NPC_,0010D759,ICPalaceGuardPostDay01,FULL,0,,,Palace Guard,궁전 경비병,record,False,False,False,False,,
Oblivion.esm,NPC_,000BB9CB,Nerussa,FULL,0,,,Nerussa,네루사,record,False,False,False,False,,
Oblivion.esm,NPC_,000B1681,PhilipFranc,FULL,0,,,Philip Franc,필립 프랑크,record,False,False,False,False,,
Oblivion.esm,NPC_,000B167F,HanzgroHubrag,FULL,0,,,Hanz gro-Hubrag,한즈 그로-후브라그,record,False,False,False,False,,
Oblivion.esm,NPC_,000B167D,FloydNathans,FULL,0,,,Floyd Nathans,플로이드 네이선스,record,False,False,False,False,,
Oblivion.esm,NPC_,000B1670,HearsVoicesInTheAir,FULL,0,,,Hears-Voices-In-The-Air,히어즈-보이시스-인-디-에어,record,False,False,False,False,,
Oblivion.esm,NPC_,000B166E,SingsLikeThunder,FULL,0,,,Sings-Like-Thunder,싱즈-라이크-썬더,record,False,False,False,False,,
Oblivion.esm,NPC_,000B11D6,BlancheMastien,FULL,0,,,Blanche Mastien,블랑셰 마스티앙,record,False,False,False,False,,
Oblivion.esm,NPC_,000B11D4,Degil,FULL,0,,,Degil,데길,record,False,False,False,False,,
Oblivion.esm,NPC_,0009700C,Ashni,FULL,0,,,Ashni,애쉬니,record,False,False,False,False,,
Oblivion.esm,NPC_,0009700A,Faurinthil,FULL,0,,,Faurinthil,파우린틸,record,False,False,False,False,,
Oblivion.esm,NPC_,00090661,TG05Dremora,FULL,0,,,Dremora Churl,드레모라 처얼,record,False,False,False,False,,
Oblivion.esm,NPC_,0009061B,TestEndGameImperialSoldierDagonAttack,FULL,0,,,Imperial Legionnaire,제국군 병사,record,False,False,False,False,,
Oblivion.esm,NPC_,0009061A,TestEndGameImperialArcherDagonAttack,FULL,0,,,Imperial Legionnaire,제국군 병사,record,False,False,False,False,,
Oblivion.esm,NPC_,0003E193,Eyja,FULL,0,,,Eyja,에이야,record,False,False,False,False,,
Oblivion.esm,NPC_,0003E190,MagragroNaybek,FULL,0,,,Magra gro-Naybek,마그라 그로-나이벡,record,False,False,False,False,,
Oblivion.esm,NPC_,0003E188,Karinnarre,FULL,0,,,Karinnarre,카린나레,record,False,False,False,False,,
Oblivion.esm,NPC_,0003E183,Elsynia,FULL,0,,,Elsynia,엘시니아,record,False,False,False,False,,
Oblivion.esm,NPC_,0003E17E,Nordinor,FULL,0,,,Nordinor,노르디노르,record,False,False,False,False,,
Oblivion.esm,NPC_,0008DD96,TestPlayer,FULL,0,,,Test Player,플레이어 시험,record,False,False,False,False,,
Oblivion.esm,NPC_,0008ADCC,AvieraNirol,FULL,0,,,Aviera Nirol,아비에라 니롤,record,False,False,False,False,,
Oblivion.esm,NPC_,0008ADCB,Tenville,FULL,0,,,Tenville,텐빌,record,False,False,False,False,,
Oblivion.esm,NPC_,000897E7,Sthasa,FULL,0,,,S'thasa,스'타사,record,False,False,False,False,,
Oblivion.esm,NPC_,000897E5,Tsramla,FULL,0,,,Tsramla,츠라믈라,record,False,False,False,False,,
Oblivion.esm,NPC_,000897E3,Tsalajma,FULL,0,,,Tsalajma,찰라즈마,record,False,False,False,False,,
Oblivion.esm,NPC_,000897E1,Mdirr,FULL,0,,,M'dirr,므'디르,record,False,False,False,False,,
Oblivion.esm,NPC_,000897DF,Mdasha,FULL,0,,,M'dasha,므'다샤,record,False,False,False,False,,
Oblivion.esm,NPC_,000897DD,Jriska,FULL,0,,,J'riska,즈'리스카,record,False,False,False,False,,
Oblivion.esm,NPC_,00085110,Dhola,FULL,0,,,Dhola,돌라,record,False,False,False,False,,
Oblivion.esm,NPC_,0008510F,FrancineVelain,FULL,0,,,Francine Velain,프랑시네 벨랭,record,False,False,False,False,,
Oblivion.esm,NPC_,0005DCA5,DANamiraForgotten4b,FULL,0,,,Forgotten One,잊힌 자,record,False,False,False,False,,
Oblivion.esm,NPC_,0005DCA4,DANamiraForgotten4a,FULL,0,,,Forgotten One,잊힌 자,record,False,False,False,False,,
Oblivion.esm,NPC_,0005DCA1,DANamiraForgotten3b,FULL,0,,,Forgotten One,잊힌 자,record,False,False,False,False,,
Oblivion.esm,NPC_,0005DCA0,DANamiraForgotten3a,FULL,0,,,Forgotten One,잊힌 자,record,False,False,False,False,,
Oblivion.esm,NPC_,0005DC9D,DANamiraForgotten2b,FULL,0,,,Forgotten One,잊힌 자,record,False,False,False,False,,
Oblivion.esm,NPC_,0005DC9C,DANamiraForgotten2a,FULL,0,,,Forgotten One,잊힌 자,record,False,False,False,False,,
Oblivion.esm,NPC_,0005DC99,DANamiraForgotten1b,FULL,0,,,Forgotten One,잊힌 자,record,False,False,False,False,,
Oblivion.esm,NPC_,0005DC98,DANamiraForgotten1a,FULL,0,,,Forgotten One,잊힌 자,record,False,False,False,False,,
Oblivion.esm,NPC_,0005D547,JavoliaMaborel,FULL,0,,,Javolia Maborel,야볼리아 마보렐,record,False,False,False,False,,
Oblivion.esm,NPC_,0005D545,Demetrius,FULL,0,,,Demetrius,데메트리우스,record,False,False,False,False,,
Oblivion.esm,NPC_,0005D517,BrusciusLongus,FULL,0,,,Bruscius Longus,브루스키우스 롱구스,record,False,False,False,False,,
Oblivion.esm,NPC_,0005D516,NorasaAdus,FULL,0,,,Norasa Adus,노라사 아두스,record,False,False,False,False,,
Oblivion.esm,NPC_,0005D369,MQ15MythicDawnXivCatcher,FULL,0,,,Ascended Immortal,승천한 불멸자,record,False,False,False,False,,
Oblivion.esm,NPC_,00059D2F,Astante,FULL,0,,,Astante,아스탄테,record,False,False,False,False,,
Oblivion.esm,NPC_,00059D2E,Merildor,FULL,0,,,Merildor,메릴도르,record,False,False,False,False,,
Oblivion.esm,NPC_,00051EE3,DAMephalaVoice,FULL,0,,,Mephala's Voice for Recording,녹음용 메팔라의 목소리,record,False,False,False,False,,
Oblivion.esm,NPC_,00051EE2,DAMalacathVoice,FULL,0,,,Malacath's Voice for Recording,말라카스의 녹음된 목소리,record,False,False,False,False,,
Oblivion.esm,NPC_,00051EDB,DAHircineVoice,FULL,0,,,Hircine's Voice for Recording,녹음용 허신의 목소리,record,False,False,False,False,,
Oblivion.esm,NPC_,00046319,MQ10BrumaGuard05,FULL,0,,,Bruma Guard,브루마 경비병,record,False,False,False,False,,
Oblivion.esm,NPC_,00046318,MQ10BrumaGuard04,FULL,0,,,Bruma Guard,브루마 경비병,record,False,False,False,False,,
Oblivion.esm,NPC_,00046315,MQ10BrumaGuard03,FULL,0,,,Bruma Guard,브루마 경비병,record,False,False,False,False,,
Oblivion.esm,NPC_,0004630B,MQ10BrumaGuard02,FULL,0,,,Bruma Guard,브루마 경비병,record,False,False,False,False,,
Oblivion.esm,NPC_,0002C6C0,DAAzuraVoice,FULL,0,,,Azura's Voce for Recording,아주라의 녹음용 보이스,record,False,False,False,False,,
Oblivion.esm,NPC_,00024412,SchlerusSestius,FULL,0,,,Schlera Sestius,슈레라 세스티우스,record,False,False,False,False,,
Oblivion.esm,NPC_,000243C8,CandiceCorgine,FULL,0,,,Candice Corgine,캔디스 코르진,record,False,False,False,False,,
Oblivion.esm,NPC_,000A9487,CastaFlavus,FULL,0,,,Casta Flavus,카스타 플라부스,record,False,False,False,False,,
Oblivion.esm,NPC_,000A3833,Pajeen,FULL,0,,,Pajeen,파진,record,False,False,False,False,,
Oblivion.esm,NPC_,000A3832,TolvasaSendas,FULL,0,,,Tolvasa Sendas,톨바사 센다스,record,False,False,False,False,,
Oblivion.esm,NPC_,000A369F,AmminusGregori,FULL,0,,,Amminus Gregori,아미누스 그레고리,record,False,False,False,False,,
Oblivion.esm,NPC_,000A345B,MarcelAmelion,FULL,0,,,Marcel Amelion,마르셀 아멜리온,record,False,False,False,False,,
Oblivion.esm,NPC_,000A3457,BieneAmelionDEAD,FULL,0,,,Biene Amelion,비엔 아멜리온,record,False,False,False,False,,
Oblivion.esm,NPC_,000A2AE6,DABoethiaChosen10,FULL,0,,,Boethia's Chosen,보에디아의 선택받은 자,record,False,False,False,False,,
Oblivion.esm,NPC_,000A2AE5,DABoethiaChosen09,FULL,0,,,Boethia's Chosen,보에디아의 선택받은 자,record,False,False,False,False,,
Oblivion.esm,NPC_,000A2AE4,DABoethiaChosen08,FULL,0,,,Boethia's Chosen,보에디아의 선택받은 자,record,False,False,False,False,,
Oblivion.esm,NPC_,000A2AE3,DABoethiaChosen07,FULL,0,,,Boethia's Chosen,보에디아의 선택받은 자,record,False,False,False,False,,
Oblivion.esm,NPC_,000A2AE2,DABoethiaChosen06,FULL,0,,,Boethia's Chosen,보에디아의 선택받은 자,record,False,False,False,False,,
Oblivion.esm,NPC_,000A2AE1,DABoethiaChosen05,FULL,0,,,Boethia's Chosen,보에디아의 선택받은 자,record,False,False,False,False,,
Oblivion.esm,NPC_,000A2AE0,DABoethiaChosen04,FULL,0,,,Boethia's Chosen,보에디아의 선택받은 자,record,False,False,False,False,,
Oblivion.esm,NPC_,000A2ADF,DABoethiaChosen03,FULL,0,,,Boethia's Chosen,보에디아의 선택받은 자,record,False,False,False,False,,
Oblivion.esm,NPC_,000A2ADE,DABoethiaChosen02,FULL,0,,,Boethia's Chosen,보에디아의 선택받은 자,record,False,False,False,False,,
Oblivion.esm,NPC_,000A2ADD,DABoethiaChosen01,FULL,0,,,Boethia's Chosen,보에디아의 선택받은 자,record,False,False,False,False,,
Oblivion.esm,NPC_,0009FD72,HackdirtBrethrenMonsterPatrol2,FULL,0,,,Hackdirt Brethren,핵더트 형제단,record,False,False,False,False,,
Oblivion.esm,NPC_,0009FD71,HackdirtBrethrenMonsterDarMa,FULL,0,,,Hackdirt Brethren,핵더트 형제단,record,False,False,False,False,,
Oblivion.esm,NPC_,0009F98A,DABoethiaVoice,FULL,0,,,Boethia's Voice for Recording,녹음용 보에디아의 목소리,record,False,False,False,False,,
Oblivion.esm,NPC_,0009C26A,MQ14DremoraSentryTemplate,FULL,0,,,Siege Crawler Sentry,공성추 파수병,record,False,False,False,False,,
Oblivion.esm,NPC_,0009C226,Mq14DremoraSigilGuard,FULL,0,,,Sigil Keeper,시질 수호자,record,False,False,False,False,,
Oblivion.esm,NPC_,00099A71,MG13Vampire10Mage,FULL,0,,,Bloodcrust Vampire,피딱지 동굴 뱀파이어,record,False,False,False,False,,
Oblivion.esm,NPC_,00099A70,MG13Vampire08Sorcerer,FULL,0,,,Bloodcrust Vampire,피딱지 동굴 뱀파이어,record,False,False,False,False,,
Oblivion.esm,NPC_,00099A6F,MG13Vampire07Rogue,FULL,0,,,Bloodcrust Vampire,피딱지 동굴 뱀파이어,record,False,False,False,False,,
Oblivion.esm,NPC_,00099A6D,MG13Vampire09Spellsword,FULL,0,,,Bloodcrust Vampire,피딱지 동굴 뱀파이어,record,False,False,False,False,,
Oblivion.esm,NPC_,00099A6C,MG13Vampire05Battlemage,FULL,0,,,Bloodcrust Vampire,피딱지 동굴 뱀파이어,record,False,False,False,False,,
Oblivion.esm,NPC_,00099A6B,MG13Vampire03Mage,FULL,0,,,Bloodcrust Vampire,피딱지 동굴 뱀파이어,record,False,False,False,False,,
Oblivion.esm,NPC_,00099A6A,MG13Vampire06Assassin,FULL,0,,,Bloodcrust Vampire,피딱지 동굴 뱀파이어,record,False,False,False,False,,
Oblivion.esm,NPC_,000998C4,MQ15MythicDawnLowF01,FULL,0,,,Ascended Immortal,승천한 불멸자,record,False,False,False,False,,
Oblivion.esm,NPC_,000998C3,MQ15MythicDawnLowF02,FULL,0,,,Ascended Immortal,승천한 불멸자,record,False,False,False,False,,
Oblivion.esm,NPC_,000998C2,MQ15MythicDawnLowF03,FULL,0,,,Ascended Immortal,승천한 불멸자,record,False,False,False,False,,
Oblivion.esm,NPC_,000998C1,MQ15MythicDawnLowM03,FULL,0,,,Ascended Immortal,승천한 불멸자,record,False,False,False,False,,
Oblivion.esm,NPC_,000982FE,Holger,FULL,0,,,Brother Holger,홀기르 수사,record,False,False,False,False,,
Oblivion.esm,NPC_,000982FD,Hridi,FULL,0,,,Brother Hridi,흐리디 수사,record,False,False,False,False,,
Oblivion.esm,NPC_,000982FC,Hjar,FULL,0,,,Brother Hjar,야르 수사,record,False,False,False,False,,
Oblivion.esm,NPC_,000982FB,BravilGuardCastlePatrolNight01,FULL,0,,,Bravil Guard,브라빌 경비병,record,False,False,False,False,,
Oblivion.esm,NPC_,000982FA,BravilGuardCastlePatrolDay01,FULL,0,,,Bravil Guard,브라빌 경비병,record,False,False,False,False,,
Oblivion.esm,NPC_,000982F9,BeatriceGene,FULL,0,,,Beatrice Gene,베아트리스 진,record,False,False,False,False,,
Oblivion.esm,NPC_,000982F8,ColinStedrine,FULL,0,,,Colin Stedrine,콜린 스테드린,record,False,False,False,False,,
Oblivion.esm,NPC_,000982A5,Rona,FULL,0,,,Rona,로나,record,False,False,False,False,,
Oblivion.esm,NPC_,0009829B,MuggraMurgak,FULL,0,,,Mug gro-Murgak,머그 그로-무르가크,record,False,False,False,False,,
Oblivion.esm,NPC_,00098295,HuntingTail,FULL,0,,,Hunting Tail,헌팅 테일,record,False,False,False,False,,
Oblivion.esm,NPC_,0009828B,GhorubgroUgdub,FULL,0,,,Ghorub gro-Ugdub,고룹 그로-우그둡,record,False,False,False,False,,
Oblivion.esm,NPC_,00098258,DAAzuraVampire05,FULL,0,,,Afflicted Brethren,고통받는 형제들,record,False,False,False,False,,
Oblivion.esm,NPC_,00098257,DAAzuraVampire04,FULL,0,,,Afflicted Brethren,고통받는 형제들,record,False,False,False,False,,
Oblivion.esm,NPC_,00098256,DAAzuraVampire03,FULL,0,,,Afflicted Brethren,고통받는 형제들,record,False,False,False,False,,
Oblivion.esm,NPC_,00098255,DAAzuraVAmpire02,FULL,0,,,Afflicted Brethren,고통받는 형제들,record,False,False,False,False,,
Oblivion.esm,NPC_,00098254,DAAzuraVampire01,FULL,0,,,Afflicted Brethren,고통받는 형제들,record,False,False,False,False,,
Oblivion.esm,NPC_,00098252,Boroneth,FULL,0,,,Boroneth,보로네스,record,False,False,False,False,,
Oblivion.esm,NPC_,000981C2,HackdirtBrethrenMonsterPatrol,FULL,0,,,Hackdirt Brethren,핵더트 형제단,record,False,False,False,False,,
Oblivion.esm,NPC_,00098177,BWCWatersEdge3,FULL,0,,,Blackwood Company Guard,블랙우드 컴퍼니 경비병,record,False,False,False,False,,
Oblivion.esm,NPC_,00098176,BWCWatersEdge2,FULL,0,,,Blackwood Company Guard,블랙우드 컴퍼니 경비병,record,False,False,False,False,,
Oblivion.esm,NPC_,0009812F,IlendVonius,FULL,0,,,Ilend Vonius,일렌드 보니우스,record,False,False,False,False,,
Oblivion.esm,NPC_,0009812E,MenienGoneld,FULL,0,,,Menien Goneld,메니엔 고넬드,record,False,False,False,False,,
Oblivion.esm,NPC_,000980E0,TestDeadMeat,FULL,0,,,Dead Meat,날 죽여라,record,False,False,False,False,,
Oblivion.esm,NPC_,0009808A,E3KvatchSoldierArcher02,FULL,0,,,Imperial Legionnaire,제국군 병사,record,False,False,False,False,,
Oblivion.esm,NPC_,00098064,E3KvatchSoldierALERT02,FULL,0,,,Imperial Legionnaire,제국군 병사,record,False,False,False,False,,
Oblivion.esm,NPC_,00098052,E3KvatchArcherFall01,FULL,0,,,Imperial Legionnaire,제국군 병사,record,False,False,False,False,,
Oblivion.esm,NPC_,00097FBE,E3KvatchCaptain01,FULL,0,,,Imperial Legion Captain,제국군 대장,record,False,False,False,False,,
Oblivion.esm,NPC_,00097FBC,E3KvatchDremoraLord,FULL,0,,,Dremora Kynval,드레모라 킨발,record,False,False,False,False,,
Oblivion.esm,NPC_,00097FAF,E3KvatchStartSoldier,FULL,0,,,Imperial Legionnaire,제국군 병사,record,False,False,False,False,,
Oblivion.esm,NPC_,00097CB1,MQ06MythicDawnShrineGuard02,FULL,0,,,Mythic Dawn Guard,신화 여명회 경비병,record,False,False,False,False,,
Oblivion.esm,NPC_,00097CB0,MQ06MythicDawnShrineGuard01,FULL,0,,,Mythic Dawn Guard,신화 여명회 경비병,record,False,False,False,False,,
Oblivion.esm,NPC_,00097CAF,MQ06MythicDawnGuardPatrol01,FULL,0,,,Mythic Dawn Guard,신화 여명회 경비병,record,False,False,False,False,,
Oblivion.esm,NPC_,00097C79,MS94Soldier01,FULL,0,,,Imperial Legion Soldier,제국군 병사,record,False,False,False,False,,
Oblivion.esm,NPC_,00097C78,MS94Archer01,FULL,0,,,Imperial Legion Soldier,제국군 병사,record,False,False,False,False,,
Oblivion.esm,NPC_,0009786B,BurMeema,FULL,0,,,Bur-Meema,버-미마,record,False,False,False,False,,
Oblivion.esm,NPC_,00097865,RalsaNethan,FULL,0,,,Ralsa Nethan,랄사 네탄,record,False,False,False,False,,
Oblivion.esm,NPC_,000977DA,Hindaril,FULL,0,,,Hindaril,힌다릴,record,False,False,False,False,,
Oblivion.esm,NPC_,00095A45,MS93Varulae,FULL,0,,,Varulae,바루라에,record,False,False,False,False,,
Oblivion.esm,NPC_,00095A44,MS93Crewmember4,FULL,0,,,Dead Crewmember,죽은 선원,record,False,False,False,False,,
Oblivion.esm,NPC_,00095A43,MS93Crewmember3,FULL,0,,,Dead Crewmember,죽은 선원,record,False,False,False,False,,
Oblivion.esm,NPC_,00095A42,MS93Crewmember2,FULL,0,,,Dead Crewmember,죽은 선원,record,False,False,False,False,,
Oblivion.esm,NPC_,00095A41,MS93Crewmember1,FULL,0,,,Dead Crewmember,죽은 선원,record,False,False,False,False,,
Oblivion.esm,NPC_,00095A40,MS93Captain,FULL,0,,,Dead Captain,죽은 선장,record,False,False,False,False,,
Oblivion.esm,NPC_,00095331,DarkPrisonGuard06,FULL,0,,,Captain Gepard Montrose,게파르드 몬트로세 대장,record,False,False,False,False,,
Oblivion.esm,NPC_,000950DB,Dark04MythicDawn,FULL,0,,,Assassin,암살자,record,False,False,False,False,,
Oblivion.esm,NPC_,0009504D,Mq10OblivionSigilKeeper,FULL,0,,,Sigil Keeper,시질 수호자,record,False,False,False,False,,
Oblivion.esm,NPC_,00094E88,MQ06MythicDawnAcolyteRandom01,FULL,0,,,Mythic Dawn Acolyte,신화 여명회 수행사제,record,False,False,False,False,,
Oblivion.esm,NPC_,00094E87,MQ06MythicDawnAcolyteRandom02,FULL,0,,,Mythic Dawn Acolyte,신화 여명회 수행사제,record,False,False,False,False,,
Oblivion.esm,NPC_,00094E86,MQ06MythicDawnAcolyteRandom03,FULL,0,,,Mythic Dawn Acolyte,신화 여명회 수행사제,record,False,False,False,False,,
Oblivion.esm,NPC_,00094E85,MQ06MythicDawnAcolyteRandom04,FULL,0,,,Mythic Dawn Acolyte,신화 여명회 수행사제,record,False,False,False,False,,
Oblivion.esm,NPC_,00094E84,MQ06MythicDawnAnteGuardF01,FULL,0,,,Mythic Dawn Guard,신화 여명회 경비병,record,False,False,False,False,,
Oblivion.esm,NPC_,00094E83,MQ06MythicDawnAnteGuardM02,FULL,0,,,Mythic Dawn Guard,신화 여명회 경비병,record,False,False,False,False,,
Oblivion.esm,NPC_,00094E82,MQ06MythicDawnAnteGuardF02,FULL,0,,,Mythic Dawn Guard,신화 여명회 경비병,record,False,False,False,False,,
Oblivion.esm,NPC_,00094E81,MQ06MythicDawnAnteGuardF03,FULL,0,,,Mythic Dawn Guard,신화 여명회 경비병,record,False,False,False,False,,
Oblivion.esm,NPC_,00094BE8,CaptainBaszonePatneim,FULL,0,,,Captain Baszone Patneim,바스존 파트나임 선장,record,False,False,False,False,,
Oblivion.esm,NPC_,00093EF0,MS48OblivionSigilKeeper,FULL,0,,,Dremora Sigil Keeper,드레모라 시질 수호자,record,False,False,False,False,,
Oblivion.esm,NPC_,00093CD4,TG08MothPriestBigBossMale01,FULL,0,,,Blind Moth Prelate,맹인 나방 고위 사제,record,False,False,False,False,,
Oblivion.esm,NPC_,00093CD2,TG08MothPriestBossFemale01,FULL,0,,,Blind Moth Prelate,맹인 나방 고위 사제,record,False,False,False,False,,
Oblivion.esm,NPC_,00093CCF,TG08MothPriestFemale02,FULL,0,,,Blind Moth Priest,맹인 나방 사제,record,False,False,False,False,,
Oblivion.esm,NPC_,00093CCE,TG08MothPriestFemale01,FULL,0,,,Blind Moth Priest,맹인 나방 사제,record,False,False,False,False,,
Oblivion.esm,NPC_,00093CCD,TG08MothPriestBossMale01,FULL,0,,,Blind Moth Prelate,맹인 나방 고위 사제,record,False,False,False,False,,
Oblivion.esm,NPC_,00093CCA,TG08MothPriestMale02,FULL,0,,,Blind Moth Priest,맹인 나방 사제,record,False,False,False,False,,
Oblivion.esm,NPC_,00093CC8,TG08MothPriestMale01,FULL,0,,,Blind Moth Priest,맹인 나방 사제,record,False,False,False,False,,
Oblivion.esm,NPC_,00093C66,ZahrashaDead,FULL,0,,,Zahrasha,자라샤,record,False,False,False,False,,
Oblivion.esm,NPC_,0009346E,Jbaana,FULL,0,,,J'baana,즈'바나,record,False,False,False,False,,
Oblivion.esm,NPC_,00092DA5,Dremora0ChurlMage,FULL,0,,,Dremora Churl,드레모라 처얼,record,False,False,False,False,,
Oblivion.esm,NPC_,00092DA2,Dremora0ChurlMelee3,FULL,0,,,Dremora Churl,드레모라 처얼,record,False,False,False,False,,
Oblivion.esm,NPC_,00092DA1,Dremora0ChurlMelee2,FULL,0,,,Dremora Churl,드레모라 처얼,record,False,False,False,False,,
Oblivion.esm,NPC_,00092DA0,Dremora0ChurlMelee1,FULL,0,,,Dremora Churl,드레모라 처얼,record,False,False,False,False,,
Oblivion.esm,NPC_,00092D9F,Dremora6ValkynazMage,FULL,0,,,Dremora Valkynaz,드레모라 발키나즈,record,False,False,False,False,,
Oblivion.esm,NPC_,00092D9E,Dremora5MarkynazMage,FULL,0,,,Dremora Markynaz,드레모라 말키나즈,record,False,False,False,False,,
Oblivion.esm,NPC_,00092D9D,Dremora4KynmarcherMage,FULL,0,,,Dremora Kynmarcher,드레모라 킨마처,record,False,False,False,False,,
Oblivion.esm,NPC_,00092D9C,Dremora3KynreeveMage,FULL,0,,,Dremora Kynreeve,드레모라 킨리브,record,False,False,False,False,,
Oblivion.esm,NPC_,00092D9B,Dremora2KynvalMage,FULL,0,,,Dremora Kynval,드레모라 킨발,record,False,False,False,False,,
Oblivion.esm,NPC_,00092D9A,Dremora1CaitiffMage,FULL,0,,,Dremora Caitiff,드레모라 케이티프,record,False,False,False,False,,
Oblivion.esm,NPC_,00092B07,ICPrisonGuardNight02,FULL,0,,,Imperial Watch,제국 경비병,record,False,False,False,False,,
Oblivion.esm,NPC_,00092B06,ICPrisonGuardNight01,FULL,0,,,Imperial Watch,제국 경비병,record,False,False,False,False,,
Oblivion.esm,NPC_,00092B05,ICPrisonGuardDay04,FULL,0,,,Imperial Watch,제국 경비병,record,False,False,False,False,,
Oblivion.esm,NPC_,00092B04,ICPrisonGuardDay03,FULL,0,,,Imperial Watch,제국 경비병,record,False,False,False,False,,
Oblivion.esm,NPC_,00092B03,ICPrisonGuardDay02,FULL,0,,,Imperial Watch,제국 경비병,record,False,False,False,False,,
Oblivion.esm,NPC_,00092B02,ICPrisonGuardDay01,FULL,0,,,Imperial Watch,제국 경비병,record,False,False,False,False,,
Oblivion.esm,NPC_,00092643,ICArcaneUGuardNight02,FULL,0,,,Imperial Legion Battlemage,제국군 배틀메이지,record,False,False,False,False,,
Oblivion.esm,NPC_,00092642,ICArcaneUGuardDay02,FULL,0,,,Imperial Legion Battlemage,제국군 배틀메이지,record,False,False,False,False,,
Oblivion.esm,NPC_,0009263B,ICArcaneUGuardNight01,FULL,0,,,Imperial Legion Battlemage,제국군 배틀메이지,record,False,False,False,False,,
Oblivion.esm,NPC_,0009263A,ICArcaneUGuardDay01,FULL,0,,,Imperial Legion Battlemage,제국군 배틀메이지,record,False,False,False,False,,
Oblivion.esm,NPC_,000919C8,MS11UnidentifiedBeggar,FULL,0,,,Murdered Beggar,살해된 거지,record,False,False,False,False,,
Oblivion.esm,NPC_,000918F2,TestPosion,FULL,0,,,Arena Contestant,아레나 참가자,record,False,False,False,False,,
Oblivion.esm,NPC_,00090AB3,Oleta,FULL,0,,,Oleta,올레타,record,False,False,False,False,,
Oblivion.esm,NPC_,000908BB,BanditBlackBowBoss4Male3,FULL,0,,,Black Bow Ringleader,검은 활 도적단 두목,record,False,False,False,False,,
Oblivion.esm,NPC_,000908BA,BanditBlackBowBoss4Male2,FULL,0,,,Black Bow Ringleader,검은 활 도적단 두목,record,False,False,False,False,,
Oblivion.esm,NPC_,000908B9,BanditBlackBowBoss4Male1,FULL,0,,,Black Bow Ringleader,검은 활 도적단 두목,record,False,False,False,False,,
Oblivion.esm,NPC_,000908B8,BanditBlackBowBoss4Female3,FULL,0,,,Black Bow Ringleader,검은 활 도적단 두목,record,False,False,False,False,,
Oblivion.esm,NPC_,000908B7,BanditBlackBowBoss4Female2,FULL,0,,,Black Bow Ringleader,검은 활 도적단 두목,record,False,False,False,False,,
Oblivion.esm,NPC_,000908B6,BanditBlackBowBoss4Female1,FULL,0,,,Black Bow Ringleader,검은 활 도적단 두목,record,False,False,False,False,,
Oblivion.esm,NPC_,000908B5,BanditBlackBowMale4,FULL,0,,,Black Bow Bandit,검은 활 도적단,record,False,False,False,False,,
Oblivion.esm,NPC_,000908B4,BanditBlackBowMale3,FULL,0,,,Black Bow Bandit,검은 활 도적단,record,False,False,False,False,,
Oblivion.esm,NPC_,000908B3,BanditBlackBowMale2,FULL,0,,,Black Bow Bandit,검은 활 도적단,record,False,False,False,False,,
Oblivion.esm,NPC_,000908B2,BanditBlackBowMale1,FULL,0,,,Black Bow Bandit,검은 활 도적단,record,False,False,False,False,,
Oblivion.esm,NPC_,000908B1,BanditBlackBowFemale4,FULL,0,,,Black Bow Bandit,검은 활 도적단,record,False,False,False,False,,
Oblivion.esm,NPC_,000908B0,BanditBlackBowFemale3,FULL,0,,,Black Bow Bandit,검은 활 도적단,record,False,False,False,False,,
Oblivion.esm,NPC_,000908AF,BanditBlackBowFemale2,FULL,0,,,Black Bow Bandit,검은 활 도적단,record,False,False,False,False,,
Oblivion.esm,NPC_,000908AC,BanditBlackBowFemale1,FULL,0,,,Black Bow Bandit,검은 활 도적단,record,False,False,False,False,,
Oblivion.esm,NPC_,0008677B,MG17Necromancer01b,FULL,0,,,Necromancer,네크로맨서,record,False,False,False,False,,
Oblivion.esm,NPC_,00086772,MG17Necromancer02,FULL,0,,,Necromancer,네크로맨서,record,False,False,False,False,,
Oblivion.esm,NPC_,00086755,Dark19Murderer3,FULL,0,,,Dark Brotherhood Murderer,다크 브라더후드 살인자,record,False,False,False,False,,
Oblivion.esm,NPC_,00086754,Dark19Murderer2,FULL,0,,,Dark Brotherhood Murderer,다크 브라더후드 살인자,record,False,False,False,False,,
Oblivion.esm,NPC_,00086753,Dark19Murderer1,FULL,0,,,Dark Brotherhood Murderer,다크 브라더후드 살인자,record,False,False,False,False,,
Oblivion.esm,NPC_,00085E4B,TestStair,FULL,0,,,I walk up and down stairs,계단을 오르내리고 있습니다.,record,False,False,False,False,,
Oblivion.esm,NPC_,00085969,MazogatheOrc,FULL,0,,,Mazoga the Orc,오크 마조가,record,False,False,False,False,,
Oblivion.esm,NPC_,0008595D,Alonzo,FULL,0,,,Alonzo,알론조,record,False,False,False,False,,
Oblivion.esm,NPC_,0008595B,RoxyAric,FULL,0,,,Roxy Aric,록시 아릭,record,False,False,False,False,,
Oblivion.esm,NPC_,0008595A,BlackBrugo,FULL,0,,,Black Brugo,검은 브루고,record,False,False,False,False,,
Oblivion.esm,NPC_,00085931,Dark17Victim2,FULL,0,,,Unknown Victim,이름 모를 희생자,record,False,False,False,False,,
Oblivion.esm,NPC_,0008592F,Dark17Victim1,FULL,0,,,Unknown Victim,이름 모를 희생자,record,False,False,False,False,,
Oblivion.esm,NPC_,0008587F,JeanneFrasoricDead,FULL,0,,,Jeanne Frasoric,진 프라소릭,record,False,False,False,False,,
Oblivion.esm,NPC_,0008521D,MensaSelas,FULL,0,,,Mensa Selas,멘사 셀라스,record,False,False,False,False,,
Oblivion.esm,NPC_,0008521C,Ayisha,FULL,0,,,Ayisha,아이샤,record,False,False,False,False,,
Oblivion.esm,NPC_,0008521B,JBaasha,FULL,0,,,J'Baasha,즈'바샤,record,False,False,False,False,,
Oblivion.esm,NPC_,0008521A,MogensWindShifter,FULL,0,,,Mogens Wind-Shifter,모겐스 윈드-시프터,record,False,False,False,False,,
Oblivion.esm,NPC_,000837F4,ICArenaPostNight03,FULL,0,,,Imperial Watch,제국 경비병,record,False,False,False,False,,
Oblivion.esm,NPC_,000837F3,ICArenaPostDay03,FULL,0,,,Imperial Watch,제국 경비병,record,False,False,False,False,,
Oblivion.esm,NPC_,000837F2,ICArenaPatrolNight01,FULL,0,,,Imperial Watch,제국 경비병,record,False,False,False,False,,
Oblivion.esm,NPC_,000837F1,ICArenaPostDay02,FULL,0,,,Imperial Watch,제국 경비병,record,False,False,False,False,,
Oblivion.esm,NPC_,000837D0,Fafnir,FULL,0,,,Fafnir,파프니르,record,False,False,False,False,,
Oblivion.esm,NPC_,000837CF,Dark09Gwendolyn,FULL,0,,,Gwendolyn,그웬돌린,record,False,False,False,False,,
Oblivion.esm,NPC_,00054702,ICArboretumPatrolNight02,FULL,0,,,Imperial Watch,제국 경비병,record,False,False,False,False,,
Oblivion.esm,NPC_,000546FD,ICArboretumPatrolNight01,FULL,0,,,Imperial Watch,제국 경비병,record,False,False,False,False,,
Oblivion.esm,NPC_,000546FA,ICArboretumPatrolDay02,FULL,0,,,Imperial Watch,제국 경비병,record,False,False,False,False,,
Oblivion.esm,NPC_,000546F2,ICArboretumPatrolDay01,FULL,0,,,Imperial Watch,제국 경비병,record,False,False,False,False,,
Oblivion.esm,NPC_,0005466B,MS94ImperialSoldier,FULL,0,,,Imperial Legion Soldier,제국군 병사,record,False,False,False,False,,
Oblivion.esm,NPC_,000545D9,Tilmo,FULL,0,,,Tilmo,틸모,record,False,False,False,False,,
Oblivion.esm,NPC_,00053FEE,MS94ImperialCaptain,FULL,0,,,Imperial Legion Captain,제국군 대장,record,False,False,False,False,,
Oblivion.esm,NPC_,00053FEA,MS94Dremora,FULL,0,,,Dremora Kynval,드레모라 킨발,record,False,False,False,False,,
Oblivion.esm,NPC_,00053FE8,MS94ImperialArcher,FULL,0,,,Imperial Legion Soldier,제국군 병사,record,False,False,False,False,,
Oblivion.esm,NPC_,000538DA,TestToddDremoraHelm,FULL,0,,,Dremora Test,드레모라 테스트,record,False,False,False,False,,
Oblivion.esm,NPC_,0005383F,ArnoraCorpse,FULL,0,,,Arnora,아르노라,record,False,False,False,False,,
Oblivion.esm,NPC_,0005378D,TyrelliusLogellusOffDuty,FULL,0,,,Tyrellius Logellus,티렐리우스 로젤루스,record,False,False,False,False,,
Oblivion.esm,NPC_,00053788,TyrelliusLogellus,FULL,0,,,Tyrellius Logellus,티렐리우스 로젤루스,record,False,False,False,False,,
Oblivion.esm,NPC_,000514C6,Smirra,FULL,0,,,S'mirra,스'미라,record,False,False,False,False,,
Oblivion.esm,NPC_,000514C5,DeetumJa,FULL,0,,,Deetum-Ja,디툼-자,record,False,False,False,False,,
Oblivion.esm,NPC_,000514C4,Aengvir,FULL,0,,,Aengvir,앙비르,record,False,False,False,False,,
Oblivion.esm,NPC_,0004F77E,JanuariusAurunceia,FULL,0,,,Januarius Aurunceia,자누아리우스 오루르시아,record,False,False,False,False,,
Oblivion.esm,NPC_,0004F77D,JanoniaAurunceia,FULL,0,,,Janonia Aurunceia,자노니아 오루르시아,record,False,False,False,False,,
Oblivion.esm,NPC_,0004F705,TestGoblinJim,FULL,0,,,Goblin Jim,고블린 짐,record,False,False,False,False,,
Oblivion.esm,NPC_,0004EF69,CheydinhalGuardCityPostDay03,FULL,0,,,Cheydinhal Guard,셰이딘홀 경비병,record,False,False,False,False,,
Oblivion.esm,NPC_,0004EF6F,CheydinhalGuardCityPostNight03,FULL,0,,,Cheydinhal Guard,셰이딘홀 경비병,record,False,False,False,False,,
Oblivion.esm,NPC_,0004EFF9,CheydinhalGuardCityPostDay04,FULL,0,,,Cheydinhal Guard,셰이딘홀 경비병,record,False,False,False,False,,
Oblivion.esm,NPC_,0004EFFA,CheydinhalGuardCityPostNight04,FULL,0,,,Cheydinhal Guard,셰이딘홀 경비병,record,False,False,False,False,,
Oblivion.esm,NPC_,0004EFFD,BravilGuardCastlePostDay03,FULL,0,,,Bravil Guard,브라빌 경비병,record,False,False,False,False,,
Oblivion.esm,NPC_,0004EFFE,BravilGuardCastlePostNight03,FULL,0,,,Bravil Guard,브라빌 경비병,record,False,False,False,False,,
Oblivion.esm,NPC_,0004EFFC,AnvilGuardCityPostNight03,FULL,0,,,Anvil Guard,앤빌 경비병,record,False,False,False,False,,
Oblivion.esm,NPC_,0004EFFB,AnvilGuardCityPostDay03,FULL,0,,,Anvil Guard,앤빌 경비병,record,False,False,False,False,,
Oblivion.esm,NPC_,000479F7,Atahba,FULL,0,,,Atahba,아타바,record,False,False,False,False,,
Oblivion.esm,NPC_,000479F5,CatFace,FULL,0,,,Cat-Face,캣-페이스,record,False,False,False,False,,
Oblivion.esm,NPC_,00033C74,RosentiaGallenus,FULL,0,,,Rosentia Gallenus,로젠티아 갈레누스,record,False,False,False,False,,
Oblivion.esm,NPC_,00033B8D,MG16NecromancerMale3,FULL,0,,,Mage,메이지,record,False,False,False,False,,
Oblivion.esm,NPC_,00033B8B,MG16NecromancerFemale3,FULL,0,,,Mage,메이지,record,False,False,False,False,,
Oblivion.esm,NPC_,00032BFF,VampirePatriarchCrusaderFemale,FULL,0,,,Vampire Matriarch,뱀파이어 여원로,record,False,False,False,False,,
Oblivion.esm,NPC_,00032BFE,VampirePatriarchCrusaderMale,FULL,0,,,Vampire Patriarch,뱀파이어 원로,record,False,False,False,False,,
Oblivion.esm,NPC_,00032BFD,VampirePatriarchAssassinMale,FULL,0,,,Vampire Patriarch,뱀파이어 원로,record,False,False,False,False,,
Oblivion.esm,NPC_,00032BFC,VampirePatriarchAssassinFemale,FULL,0,,,Vampire Matriarch,뱀파이어 여원로,record,False,False,False,False,,
Oblivion.esm,NPC_,00032BF9,VampirePatriarchSorcererFemale,FULL,0,,,Vampire Matriarch,뱀파이어 여원로,record,False,False,False,False,,
Oblivion.esm,NPC_,00032BF8,VampirePatriarchSorcererMale,FULL,0,,,Vampire Patriarch,뱀파이어 원로,record,False,False,False,False,,
Oblivion.esm,NPC_,00032943,MG16NecromancerMale2,FULL,0,,,Mage,메이지,record,False,False,False,False,,
Oblivion.esm,NPC_,00032942,MG16NecromancerFemale1TEMPLATE,FULL,0,,,Mage,메이지,record,False,False,False,False,,
Oblivion.esm,NPC_,00032941,MG16NecromancerFemale2,FULL,0,,,Mage,메이지,record,False,False,False,False,,
Oblivion.esm,NPC_,00032940,MG16NecromancerMale1,FULL,0,,,Mage,메이지,record,False,False,False,False,,
Oblivion.esm,NPC_,000327BF,JolieRetiene,FULL,0,,,Jolie Retiene,졸리 레티엔,record,False,False,False,False,,
Oblivion.esm,NPC_,000327BB,MarieAlouette,FULL,0,,,Marie Alouette,마리 알루엣,record,False,False,False,False,,
Oblivion.esm,NPC_,000327BA,EduardRetiene,FULL,0,,,Eduard Retiene,에두아르드 레티엔,record,False,False,False,False,,
Oblivion.esm,NPC_,00032654,VampireNightblade2,FULL,0,,,Vampire Nightblade,뱀파이어 나이트블레이드,record,False,False,False,False,,
Oblivion.esm,NPC_,00032653,VampireSpellsword2,FULL,0,,,Vampire Spellsword,뱀파이어 마검사,record,False,False,False,False,,
Oblivion.esm,NPC_,00032652,VampireWitchhunter2,FULL,0,,,Vampire Witchhunter,뱀파이어 마녀 사냥꾼,record,False,False,False,False,,
Oblivion.esm,NPC_,00032651,VampireBattlemage2,FULL,0,,,Vampire Battlemage,뱀파이어 배틀메이지,record,False,False,False,False,,
Oblivion.esm,NPC_,00032650,VampireHealer2,FULL,0,,,Vampire Sorcerer,뱀파이어 소서러,record,False,False,False,False,,
Oblivion.esm,NPC_,0003264F,VampireSorcerer2,FULL,0,,,Vampire Sorcerer,뱀파이어 소서러,record,False,False,False,False,,
Oblivion.esm,NPC_,0003264E,VampireMage2,FULL,0,,,Vampire Mage,뱀파이어 메이지,record,False,False,False,False,,
Oblivion.esm,NPC_,0003264D,VampireBard2,FULL,0,,,Vampire Bard,뱀파이어 음유시인,record,False,False,False,False,,
Oblivion.esm,NPC_,0003264C,VampirePilgrim2,FULL,0,,,Vampire Pilgrim,뱀파이어 순례자,record,False,False,False,False,,
Oblivion.esm,NPC_,0003264B,VampireMonk2,FULL,0,,,Vampire Monk,뱀파이어 수도사,record,False,False,False,False,,
Oblivion.esm,NPC_,0003264A,VampireAcrobat2,FULL,0,,,Vampire Acrobat,뱀파이어 곡예사,record,False,False,False,False,,
Oblivion.esm,NPC_,00032649,VampireAssassin2,FULL,0,,,Vampire Assassin,뱀파이어 암살자,record,False,False,False,False,,
Oblivion.esm,NPC_,00032648,VampireAgent2,FULL,0,,,Vampire Agent,뱀파이어 요원,record,False,False,False,False,,
Oblivion.esm,NPC_,00032647,VampireThief2,FULL,0,,,Vampire Thief,뱀파이어 도둑,record,False,False,False,False,,
Oblivion.esm,NPC_,00032646,VampireRogue2,FULL,0,,,Vampire Rogue,뱀파이어 불량배,record,False,False,False,False,,
Oblivion.esm,NPC_,00032645,VampireArcher2,FULL,0,,,Vampire Archer,뱀파이어 궁수,record,False,False,False,False,,
Oblivion.esm,NPC_,00032644,VampireScout2,FULL,0,,,Vampire Scout,뱀파이어 정찰병,record,False,False,False,False,,
Oblivion.esm,NPC_,00032643,VampireKnight2,FULL,0,,,Vampire Knight,뱀파이어 나이트,record,False,False,False,False,,
Oblivion.esm,NPC_,00032642,VampireCrusader2,FULL,0,,,Vampire Crusader,뱀파이어 성전사,record,False,False,False,False,,
Oblivion.esm,NPC_,00032641,VampireBarbarian2,FULL,0,,,Vampire Barbarian,뱀파이어 바바리안,record,False,False,False,False,,
Oblivion.esm,NPC_,00032640,VampireWarrior2,FULL,0,,,Vampire Warrior,뱀파이어 전사,record,False,False,False,False,,
Oblivion.esm,NPC_,0004F126,TestToddManHammer,FULL,0,,,Alban Corinis,알반 코리니스,record,False,False,False,False,,
Oblivion.esm,NPC_,0004F125,TestToddManNoShield,FULL,0,,,Alban Corinis,알반 코리니스,record,False,False,False,False,,
Oblivion.esm,NPC_,0004E887,MivrynaArano,FULL,0,,,Mivryna Arano,미브리나 아라노,record,False,False,False,False,,
Oblivion.esm,NPC_,0004DE82,Dark06Lorkmir,FULL,0,,,Lorkmir,로크미르,record,False,False,False,False,,
Oblivion.esm,NPC_,0004D83C,Nardhil,FULL,0,,,Nardhil,나르딜,record,False,False,False,False,,
Oblivion.esm,NPC_,0004BFB2,MQ16ImperialSoldierDagonAttack,FULL,0,,,Imperial Legion Soldier,제국군 병사,record,False,False,False,False,,
Oblivion.esm,NPC_,0004BFB1,MQ16ImperialArcherDagonAttack,FULL,0,,,Imperial Legion Archer,제국군 궁수,record,False,False,False,False,,
Oblivion.esm,NPC_,0004B948,NecromancerBossMaleBreton,FULL,0,,,Necromancer Adept,네크로맨서 수련생,record,False,False,False,False,,
Oblivion.esm,NPC_,0004B947,NecromancerBossMaleHighElf,FULL,0,,,Necromancer Adept,네크로맨서 수련생,record,False,False,False,False,,
Oblivion.esm,NPC_,0004B946,NecromancerBossFemaleBreton,FULL,0,,,Necromancer Adept,네크로맨서 수련생,record,False,False,False,False,,
Oblivion.esm,NPC_,0004B945,NecromancerBossFemaleHighElf,FULL,0,,,Necromancer Adept,네크로맨서 수련생,record,False,False,False,False,,
Oblivion.esm,NPC_,0004B943,ConjurerBossMaleBreton,FULL,0,,,Conjurer Adept,소환술사 수련생,record,False,False,False,False,,
Oblivion.esm,NPC_,0004B942,ConjurerBossMaleHighElf,FULL,0,,,Conjurer Adept,소환술사 수련생,record,False,False,False,False,,
Oblivion.esm,NPC_,0004B941,ConjurerBossFemaleHighElf,FULL,0,,,Conjurer Adept,소환술사 수련생,record,False,False,False,False,,
Oblivion.esm,NPC_,0004B940,ConjurerBossFemaleBreton,FULL,0,,,Conjurer Adept,소환술사 수련생,record,False,False,False,False,,
Oblivion.esm,NPC_,0004B93C,NecromancerFemaleHighElf3,FULL,0,,,Necromancer,네크로맨서,record,False,False,False,False,,
Oblivion.esm,NPC_,0004B93B,NecromancerFemaleHighElf4,FULL,0,,,Necromancer,네크로맨서,record,False,False,False,False,,
Oblivion.esm,NPC_,0004B93A,NecromancerFemaleBreton2,FULL,0,,,Necromancer,네크로맨서,record,False,False,False,False,,
Oblivion.esm,NPC_,0004B939,NecromancerFemaleBreton4,FULL,0,,,Necromancer,네크로맨서,record,False,False,False,False,,
Oblivion.esm,NPC_,0004B938,NecromancerMaleHighElf3,FULL,0,,,Necromancer,네크로맨서,record,False,False,False,False,,
Oblivion.esm,NPC_,0004B937,NecromancerMaleHighElf2,FULL,0,,,Necromancer,네크로맨서,record,False,False,False,False,,
Oblivion.esm,NPC_,0004B936,NecromancerMaleBreton4,FULL,0,,,Necromancer,네크로맨서,record,False,False,False,False,,
Oblivion.esm,NPC_,0004B92E,ConjurerFemaleHighElf3,FULL,0,,,Conjurer,소환술사,record,False,False,False,False,,
Oblivion.esm,NPC_,0004B92D,ConjurerFemaleHighElf4,FULL,0,,,Conjurer,소환술사,record,False,False,False,False,,
Oblivion.esm,NPC_,0004B92C,ConjurerFemaleHighElf2,FULL,0,,,Conjurer,소환술사,record,False,False,False,False,,
Oblivion.esm,NPC_,0004B92B,ConjurerFemaleBreton3,FULL,0,,,Conjurer,소환술사,record,False,False,False,False,,
Oblivion.esm,NPC_,0004B92A,ConjurerMaleHighElf3,FULL,0,,,Conjurer,소환술사,record,False,False,False,False,,
Oblivion.esm,NPC_,0004B929,ConjurerMaleBreton2,FULL,0,,,Conjurer,소환술사,record,False,False,False,False,,
Oblivion.esm,NPC_,0004B928,ConjurerMaleBreton3,FULL,0,,,Conjurer,소환술사,record,False,False,False,False,,
Oblivion.esm,NPC_,0004B909,ConjurerMaleHighElf4,FULL,0,,,Conjurer,소환술사,record,False,False,False,False,,
Oblivion.esm,NPC_,0004B76F,TG06PaleLadyVampire,FULL,0,,,Pale Lady,창백한 여인,record,False,False,False,False,,
Oblivion.esm,NPC_,0004A938,MQ16ImperialWatch,FULL,0,,,Imperial Watch,제국 경비병,record,False,False,False,False,,
Oblivion.esm,NPC_,0004A2C2,MQ16DremoraCouncilChamberAttack,FULL,0,,,Dremora Kynval,드레모라 킨발,record,False,False,False,False,,
Oblivion.esm,NPC_,0004A2BF,ICPalaceGuardGreenWay01,FULL,0,,,Palace Guard,궁전 경비병,record,False,False,False,False,,
Oblivion.esm,NPC_,00049882,DarkPirate6,FULL,0,,,Pirate,해적,record,False,False,False,False,,
Oblivion.esm,NPC_,00049880,DarkPirate5,FULL,0,,,Pirate,해적,record,False,False,False,False,,
Oblivion.esm,NPC_,00049821,TestTakeCoverCaster2,FULL,0,,,TestTakeCoverCaster2,테스트 테이크 커버 캐스터 2,record,False,False,False,False,,
Oblivion.esm,NPC_,00049820,TestTakeCoverCaster1,FULL,0,,,TestTakeCoverCaster1,테스트 테이크 커버 캐스터 1,record,False,False,False,False,,
Oblivion.esm,NPC_,0004981F,TestTakeCoverFighter2,FULL,0,,,TestTakeCoverFighter2,테스트 테이크 커버 파이터 2,record,False,False,False,False,,
Oblivion.esm,NPC_,0004981E,TestTakeCoverFighter1,FULL,0,,,TestTakeCoverFighter1,테스트 테이크 커버 파이터 1,record,False,False,False,False,,
Oblivion.esm,NPC_,000493AE,DarkPirate4,FULL,0,,,Pirate,해적,record,False,False,False,False,,
Oblivion.esm,NPC_,00049197,MG13Vampire04Warrior,FULL,0,,,Bloodcrust Vampire,피딱지 동굴 뱀파이어,record,False,False,False,False,,
Oblivion.esm,NPC_,00048968,DarkDoorSpeakNPC,FULL,0,,,Sanctuary Door Voice,성소 문 목소리,record,False,False,False,False,,
Oblivion.esm,NPC_,00048962,DarkFirstMate,FULL,0,,,First Mate Malvulis,일등 항해사 말불리스,record,False,False,False,False,,
Oblivion.esm,NPC_,0004894F,MQ16DremoraKynval,FULL,0,,,Dremora Kynval,드레모라 킨발,record,False,False,False,False,,
Oblivion.esm,NPC_,0004892F,MQ16ImperialCaptain01,FULL,0,,,Imperial Legion Captain,제국군 대장,record,False,False,False,False,,
Oblivion.esm,NPC_,0004892E,MQ16DeadPalaceGuard,FULL,0,,,Palace Guard,궁전 경비병,record,False,False,False,False,,
Oblivion.esm,NPC_,000488F3,AntoineBranck,FULL,0,,,Antoine Branck,앙투안 브랑크,record,False,False,False,False,,
Oblivion.esm,NPC_,0004872B,MG13Vampire02Spellsword,FULL,0,,,Bloodcrust Vampire,피딱지 동굴 뱀파이어,record,False,False,False,False,,
Oblivion.esm,NPC_,0004872A,MG13Vampire01Warrior,FULL,0,,,Bloodcrust Vampire,피딱지 동굴 뱀파이어,record,False,False,False,False,,
Oblivion.esm,NPC_,000477ED,HillodTheOutlaw,FULL,0,,,Hillod the Outlaw,무법자 힐로드,record,False,False,False,False,,
Oblivion.esm,NPC_,000477EC,DranasLlethro,FULL,0,,,Dranas Llethro,드라나스 레스로,record,False,False,False,False,,
Oblivion.esm,NPC_,000477E5,IsleifTheOpenHanded,FULL,0,,,Isleif the Open Handed,관대한 이슬레이프,record,False,False,False,False,,
Oblivion.esm,NPC_,000477DD,KastavKvinchal,FULL,0,,,Kastav Kvinchal,카스타브 크빈챌,record,False,False,False,False,,
Oblivion.esm,NPC_,000477DC,VlanarusKvinchal,FULL,0,,,Vlanarus Kvinchal,블라나루스 크빈챌,record,False,False,False,False,,
Oblivion.esm,NPC_,000477DB,BronsilaKvinchal,FULL,0,,,Bronsila Kvinchal,브론실라 크빈챌,record,False,False,False,False,,
Oblivion.esm,NPC_,000477D4,Jair,FULL,0,,,Jair,자이르,record,False,False,False,False,,
Oblivion.esm,NPC_,00047720,ViniciaMelissaeia,FULL,0,,,Vinicia Melissaeia,비니시아 멜리세이아,record,False,False,False,False,,
Oblivion.esm,NPC_,0004738E,Dremora6ValkynazMelee3,FULL,0,,,Dremora Valkynaz,드레모라 발키나즈,record,False,False,False,False,,
Oblivion.esm,NPC_,0004738D,Dremora5MarkynazMelee3,FULL,0,,,Dremora Markynaz,드레모라 말키나즈,record,False,False,False,False,,
Oblivion.esm,NPC_,0004738C,Dremora4KynmarcherMelee3,FULL,0,,,Dremora Kynmarcher,드레모라 킨마처,record,False,False,False,False,,
Oblivion.esm,NPC_,0004738B,Dremora3KynreeveMelee3,FULL,0,,,Dremora Kynreeve,드레모라 킨리브,record,False,False,False,False,,
Oblivion.esm,NPC_,0004738A,Dremora2KynvalMelee3,FULL,0,,,Dremora Kynval,드레모라 킨발,record,False,False,False,False,,
Oblivion.esm,NPC_,00047389,Dremora1CaitiffMelee3,FULL,0,,,Dremora Caitiff,드레모라 케이티프,record,False,False,False,False,,
Oblivion.esm,NPC_,00046692,MQ15MythicDawnLowM04,FULL,0,,,Ascended Immortal,승천한 불멸자,record,False,False,False,False,,
Oblivion.esm,NPC_,00046691,MQ15MythicDawnLowM02,FULL,0,,,Ascended Immortal,승천한 불멸자,record,False,False,False,False,,
Oblivion.esm,NPC_,00046653,ArenaMouth,FULL,0,,,Arena Mouth,아레나 입,record,False,False,False,False,,
Oblivion.esm,NPC_,0003FBD9,MQ15MythicDawnGuardDarkElf,FULL,0,,,Ascended Immortal,승천한 불멸자,record,False,False,False,False,,
Oblivion.esm,NPC_,0003FB86,MG07MarauderMissileMale2,FULL,0,,,Marauder Archer,약탈자 궁수,record,False,False,False,False,,
Oblivion.esm,NPC_,0003FB85,MG07MarauderMageFemale1,FULL,0,,,Marauder Battlemage,약탈자 배틀메이지,record,False,False,False,False,,
Oblivion.esm,NPC_,0003FB84,MG07MarauderMageMale2,FULL,0,,,Marauder Battlemage,약탈자 배틀메이지,record,False,False,False,False,,
Oblivion.esm,NPC_,0003FB83,MG07MarauderMissileFemale1,FULL,0,,,Marauder Archer,약탈자 궁수,record,False,False,False,False,,
Oblivion.esm,NPC_,0003FB81,MG07MarauderMeleeMale1,FULL,0,,,Marauder,약탈자,record,False,False,False,False,,
Oblivion.esm,NPC_,0003F8B2,TestToddMan65,FULL,0,,,Man 65,남자 65,record,False,False,False,False,,
Oblivion.esm,NPC_,0003F8B1,TestToddMan55,FULL,0,,,Man 55,남자 55,record,False,False,False,False,,
Oblivion.esm,NPC_,0003F8B0,TestToddMan45,FULL,0,,,Man 45,남자 45,record,False,False,False,False,,
Oblivion.esm,NPC_,0003F8AF,TestToddMan35,FULL,0,,,Man 35,남자 35,record,False,False,False,False,,
Oblivion.esm,NPC_,0003F8AE,TestToddMan25,FULL,0,,,Man25,남자 25,record,False,False,False,False,,
Oblivion.esm,NPC_,0003F8AD,TestToddMan15,FULL,0,,,Man 15,남자 15,record,False,False,False,False,,
Oblivion.esm,NPC_,0003EE80,Dremora3KynreeveMelee2,FULL,0,,,Dremora Kynreeve,드레모라 킨리브,record,False,False,False,False,,
Oblivion.esm,NPC_,0003EE7F,Dremora3KynreeveMelee1,FULL,0,,,Dremora Kynreeve,드레모라 킨리브,record,False,False,False,False,,
Oblivion.esm,NPC_,0003EE7B,Dremora6ValkynazMelee2,FULL,0,,,Dremora Valkynaz,드레모라 발키나즈,record,False,False,False,False,,
Oblivion.esm,NPC_,0003EE7A,Dremora5MarkynazMelee2,FULL,0,,,Dremora Markynaz,드레모라 말키나즈,record,False,False,False,False,,
Oblivion.esm,NPC_,0003EE79,Dremora5MarkynazMelee1,FULL,0,,,Dremora Markynaz,드레모라 말키나즈,record,False,False,False,False,,
Oblivion.esm,NPC_,0003EE75,Dremora4KynmarcherMelee2,FULL,0,,,Dremora Kynmarcher,드레모라 킨마처,record,False,False,False,False,,
Oblivion.esm,NPC_,0003EE72,Dremora2KynvalMelee2,FULL,0,,,Dremora Kynval,드레모라 킨발,record,False,False,False,False,,
Oblivion.esm,NPC_,0003EE71,Dremora1CaitiffMelee2,FULL,0,,,Dremora Caitiff,드레모라 케이티프,record,False,False,False,False,,
Oblivion.esm,NPC_,0003EE70,Dremora1CaitiffMelee1,FULL,0,,,Dremora Caitiff,드레모라 케이티프,record,False,False,False,False,,
Oblivion.esm,NPC_,0003EAAE,MQ15MythicDawnPrisonerFemale,FULL,0,,,Prisoner,죄수,record,False,False,False,False,,
Oblivion.esm,NPC_,0003EAAD,MQ15MythicDawnPrisonerMale,FULL,0,,,Prisoner,죄수,record,False,False,False,False,,
Oblivion.esm,NPC_,0003E9CA,Dremora6ValkynazMelee1,FULL,0,,,Dremora Valkynaz,드레모라 발키나즈,record,False,False,False,False,,
Oblivion.esm,NPC_,0003E9C8,Dremora4KynmarcherMelee1,FULL,0,,,Dremora Kynmarcher,드레모라 킨마처,record,False,False,False,False,,
Oblivion.esm,NPC_,0003E9C6,Dremora2KynvalMelee1,FULL,0,,,Dremora Kynval,드레모라 킨발,record,False,False,False,False,,
Oblivion.esm,NPC_,0003E956,RonaHassildor,FULL,0,,,Rona Hassildor,로나 하실도르,record,False,False,False,False,,
Oblivion.esm,NPC_,0003E931,Melisande,FULL,0,,,Melisande,멜리산데,record,False,False,False,False,,
Oblivion.esm,NPC_,0003E92F,BralsaAndaren,FULL,0,,,Bralsa Andaren,브랄사 안다렌,record,False,False,False,False,,
Oblivion.esm,NPC_,0003E92D,GinWulm,FULL,0,,,Gin-Wulm,긴-울름,record,False,False,False,False,,
Oblivion.esm,NPC_,0003E92B,Sinderion,FULL,0,,,Sinderion,신데리온,record,False,False,False,False,,
Oblivion.esm,NPC_,0003E915,testDremoraMaleLordA,FULL,0,,,LordGenghis,칭기즈 경,record,False,False,False,False,,
Oblivion.esm,NPC_,0003CD2B,MG07MarauderBoss,FULL,0,,,Marauder Warlord,약탈자 군장,record,False,False,False,False,,
Oblivion.esm,NPC_,0003CD1B,MQ15Orthe,FULL,0,,,Orthe,오르테,record,False,False,False,False,,
Oblivion.esm,NPC_,0003CD1A,MQ15Ranyu,FULL,0,,,Ranyu,란유,record,False,False,False,False,,
Oblivion.esm,NPC_,0003CD19,MQ15Amkaos,FULL,0,,,Amkaos,암카오스,record,False,False,False,False,,
Oblivion.esm,NPC_,0003C97A,HumilisNonius,FULL,0,,,Humilis Nonius,후밀리스 노니우스,record,False,False,False,False,,
Oblivion.esm,NPC_,0003C806,MQ15Eldamil,FULL,0,,,Eldamil,엘다밀,record,False,False,False,False,,
Oblivion.esm,NPC_,0003C805,MQ15Kathutet,FULL,0,,,Kathutet,카수텟,record,False,False,False,False,,
Oblivion.esm,NPC_,0003C2C5,MS10CheydinhalHouseGuard01,FULL,0,,,Cheydinhal Guard,셰이딘홀 경비병,record,False,False,False,False,,
Oblivion.esm,NPC_,0003C165,ToothintheSea,FULL,0,,,Tooth-in-the-Sea,투스-인-더-씨,record,False,False,False,False,,
Oblivion.esm,NPC_,0003C15F,Alawen,FULL,0,,,Alawen,알라웬,record,False,False,False,False,,
Oblivion.esm,NPC_,0003E29B,MQ15MythicDawnLowM01,FULL,0,,,Ascended Immortal,승천한 불멸자,record,False,False,False,False,,
Oblivion.esm,NPC_,0003E0DF,Clesa,FULL,0,,,Clesa,클레사,record,False,False,False,False,,
Oblivion.esm,NPC_,0003E0DE,Ernest,FULL,0,,,Ernest,어니스트,record,False,False,False,False,,
Oblivion.esm,NPC_,00035FE1,MarauderBossFemale2,FULL,0,,,Marauder Warlord,약탈자 군장,record,False,False,False,False,,
Oblivion.esm,NPC_,00035FE0,MarauderBossFemale1,FULL,0,,,Marauder Warlord,약탈자 군장,record,False,False,False,False,,
Oblivion.esm,NPC_,00035FDF,MarauderBossMale2,FULL,0,,,Marauder Warlord,약탈자 군장,record,False,False,False,False,,
Oblivion.esm,NPC_,00035FDE,MarauderBossMale1,FULL,0,,,Marauder Warlord,약탈자 군장,record,False,False,False,False,,
Oblivion.esm,NPC_,00035FDD,MarauderMageFemale2,FULL,0,,,Marauder Battlemage,약탈자 배틀메이지,record,False,False,False,False,,
Oblivion.esm,NPC_,00035FDC,MarauderMageFemale3B,FULL,0,,,Marauder Battlemage,약탈자 배틀메이지,record,False,False,False,False,,
Oblivion.esm,NPC_,00035FD9,MarauderMageMale4A,FULL,0,,,Marauder Battlemage,약탈자 배틀메이지,record,False,False,False,False,,
Oblivion.esm,NPC_,00035FD6,MarauderMageMale3A,FULL,0,,,Marauder Battlemage,약탈자 배틀메이지,record,False,False,False,False,,
Oblivion.esm,NPC_,00035FD5,MarauderMissileMale2,FULL,0,,,Marauder Archer,약탈자 궁수,record,False,False,False,False,,
Oblivion.esm,NPC_,00035FD4,MarauderMissileMale3B,FULL,0,,,Marauder Archer,약탈자 궁수,record,False,False,False,False,,
Oblivion.esm,NPC_,00035FD3,MarauderMissileFemale4A,FULL,0,,,Marauder Archer,약탈자 궁수,record,False,False,False,False,,
Oblivion.esm,NPC_,00035FD2,MarauderMissileFemale3A,FULL,0,,,Marauder Archer,약탈자 궁수,record,False,False,False,False,,
Oblivion.esm,NPC_,0003DC64,MarauderMeleeFemale3A,FULL,0,,,Marauder,약탈자,record,False,False,False,False,,
Oblivion.esm,NPC_,0003DC63,MarauderMeleeFemale4A,FULL,0,,,Marauder,약탈자,record,False,False,False,False,,
Oblivion.esm,NPC_,0003DC62,MarauderMeleeFemale2,FULL,0,,,Marauder,약탈자,record,False,False,False,False,,
Oblivion.esm,NPC_,0003DC61,MarauderMeleeFemale3B,FULL,0,,,Marauder,약탈자,record,False,False,False,False,,
Oblivion.esm,NPC_,0003DC60,MarauderMeleeMale3A,FULL,0,,,Marauder,약탈자,record,False,False,False,False,,
Oblivion.esm,NPC_,0003DC5F,MarauderMeleeMale4A,FULL,0,,,Marauder,약탈자,record,False,False,False,False,,
Oblivion.esm,NPC_,0003DC5E,MarauderMeleeMale2,FULL,0,,,Marauder,약탈자,record,False,False,False,False,,
Oblivion.esm,NPC_,0003DC5D,MarauderMeleeMale3B,FULL,0,,,Marauder,약탈자,record,False,False,False,False,,
Oblivion.esm,NPC_,0003DC58,BanditWizardFemale4A,FULL,0,,,Bandit Hedge Wizard,도적 방랑 위저드,record,False,False,False,False,,
Oblivion.esm,NPC_,0003DC57,BanditWizardFemale3A,FULL,0,,,Bandit Hedge Wizard,도적 방랑 위저드,record,False,False,False,False,,
Oblivion.esm,NPC_,0003DC56,BanditWizardMale2,FULL,0,,,Bandit Hedge Wizard,도적 방랑 위저드,record,False,False,False,False,,
Oblivion.esm,NPC_,0003DC55,BanditWizardMale3B,FULL,0,,,Bandit Hedge Wizard,도적 방랑 위저드,record,False,False,False,False,,
Oblivion.esm,NPC_,0003DC48,BanditMissileMale4A,FULL,0,,,Bandit Bowman,도적 궁수,record,False,False,False,False,,
Oblivion.esm,NPC_,0003DC47,BanditMissileMale2,FULL,0,,,Bandit Bowman,도적 궁수,record,False,False,False,False,,
Oblivion.esm,NPC_,0003DC46,BanditMissileMale3B,FULL,0,,,Bandit Bowman,도적 궁수,record,False,False,False,False,,
Oblivion.esm,NPC_,0003DC45,BanditMissileFemale3A,FULL,0,,,Bandit Bowman,도적 궁수,record,False,False,False,False,,
Oblivion.esm,NPC_,0003DC44,BanditMissileFemale3B,FULL,0,,,Bandit Bowman,도적 궁수,record,False,False,False,False,,
Oblivion.esm,NPC_,0003DC43,BanditMissileFemale2,FULL,0,,,Bandit Bowman,도적 궁수,record,False,False,False,False,,
Oblivion.esm,NPC_,0003DC42,BanditMissileFemale4A,FULL,0,,,Bandit Bowman,도적 궁수,record,False,False,False,False,,
Oblivion.esm,NPC_,0003DC29,BanditBossFemale3,FULL,0,,,Bandit Ringleader,도적 도적단 두목,record,False,False,False,False,,
Oblivion.esm,NPC_,0003DC28,BanditBossFemale2,FULL,0,,,Bandit Ringleader,도적 도적단 두목,record,False,False,False,False,,
Oblivion.esm,NPC_,0003DC27,BanditBossFemale1,FULL,0,,,Bandit Ringleader,도적 도적단 두목,record,False,False,False,False,,
Oblivion.esm,NPC_,0003DC26,BanditBossMale3,FULL,0,,,Bandit Ringleader,도적 도적단 두목,record,False,False,False,False,,
Oblivion.esm,NPC_,0003DC25,BanditBossMale2,FULL,0,,,Bandit Ringleader,도적 도적단 두목,record,False,False,False,False,,
Oblivion.esm,NPC_,0003DC24,BanditBossMale1TEMPLATE,FULL,0,,,Bandit Ringleader,도적 도적단 두목,record,False,False,False,False,,
Oblivion.esm,NPC_,0003DC23,BanditMissileMale3A,FULL,0,,,Bandit Bowman,도적 궁수,record,False,False,False,False,,
Oblivion.esm,NPC_,0003DB99,TestVampireFoodNPC,FULL,0,,,Vamp Chow,뱀파이어 차우,record,False,False,False,False,,
Oblivion.esm,NPC_,0003DB35,BanditMeleeFemale3B,FULL,0,,,Bandit,도적,record,False,False,False,False,,
Oblivion.esm,NPC_,0003DB34,BanditMeleeFemale3A,FULL,0,,,Bandit,도적,record,False,False,False,False,,
Oblivion.esm,NPC_,0003DB33,BanditMeleeFemale2,FULL,0,,,Bandit,도적,record,False,False,False,False,,
Oblivion.esm,NPC_,0003DB31,BanditMeleeFemale4A,FULL,0,,,Bandit,도적,record,False,False,False,False,,
Oblivion.esm,NPC_,0003DB2F,BanditMeleeMale3A,FULL,0,,,Bandit,도적,record,False,False,False,False,,
Oblivion.esm,NPC_,0003DB2D,BanditMeleeMale3B,FULL,0,,,Bandit,도적,record,False,False,False,False,,
Oblivion.esm,NPC_,0003DB2B,BanditMeleeMale2,FULL,0,,,Bandit,도적,record,False,False,False,False,,
Oblivion.esm,NPC_,0003DB27,BanditMeleeMale4A,FULL,0,,,Bandit,도적,record,False,False,False,False,,
Oblivion.esm,NPC_,0003B3DC,MQ13DremoraLord,FULL,0,,,Dremora Lord,드레모라 군주,record,False,False,False,False,,
Oblivion.esm,NPC_,0003B3D4,MaelonaGuard,FULL,0,,,Maelona,맬로나,record,False,False,False,False,,
Oblivion.esm,NPC_,0003B3D3,GoganGuard,FULL,0,,,Gogan,고건,record,False,False,False,False,,
Oblivion.esm,NPC_,0003B302,BCDeadGuy01,FULL,0,,,Blackwood Company Member,블랙우드 컴퍼니 회원,record,False,False,False,False,,
Oblivion.esm,NPC_,0003AF03,Gogan,FULL,0,,,Gogan,고건,record,False,False,False,False,,
Oblivion.esm,NPC_,0003ABB5,MQ13DremoraLeveledGate3,FULL,0,,,Dremora Captain,드레모라 대장,record,False,False,False,False,,
Oblivion.esm,NPC_,0003ABB4,MQ13DremoraLeveledGate1,FULL,0,,,Dremora Captain,드레모라 대장,record,False,False,False,False,,
Oblivion.esm,NPC_,0003ABAD,MQ13DremoraLeveledGate2,FULL,0,,,Dremora Captain,드레모라 대장,record,False,False,False,False,,
Oblivion.esm,NPC_,0003AB7C,TestSummonBuff,FULL,0,,,Uses Summon,사용 소환,record,False,False,False,False,,
Oblivion.esm,NPC_,0003AB7A,TestFortBuff,FULL,0,,,Uses Fortify,사용성 강화,record,False,False,False,False,,
Oblivion.esm,NPC_,0003AB78,TestBoundBuff,FULL,0,,,Uses Bound,사용 바운드,record,False,False,False,False,,
Oblivion.esm,NPC_,0003AB51,Foroch,FULL,0,,,Foroch,포로크,record,False,False,False,False,,
Oblivion.esm,NPC_,0003AB4E,DavelaHlaren,FULL,0,,,Davela Hlaren,다벨라 흐라렌,record,False,False,False,False,,
Oblivion.esm,NPC_,0003AA91,MS13FallenKnightD,FULL,0,,,Fallen Knight of the Thorn,타락한 가시의 기사,record,False,False,False,False,,
Oblivion.esm,NPC_,0003AA8F,MS13FallenKnightC,FULL,0,,,Fallen Knight of the Thorn,타락한 가시의 기사,record,False,False,False,False,,
Oblivion.esm,NPC_,0003AA8D,MS13FallenKnightB,FULL,0,,,Fallen Knight of the Thorn,타락한 가시의 기사,record,False,False,False,False,,
Oblivion.esm,NPC_,0003AA8B,MS13FallenKnightA,FULL,0,,,Fallen Knight of the Thorn,타락한 가시의 기사,record,False,False,False,False,,
Oblivion.esm,NPC_,0003AA89,FaustinaCartia,FULL,0,,,Faustina Cartia,파우스티나 카르티아,record,False,False,False,False,,
Oblivion.esm,NPC_,0003AA85,SignyHomeWrecker,FULL,0,,,Signy Home-Wrecker,시그니 홈-레커,record,False,False,False,False,,
Oblivion.esm,NPC_,0003AA83,Tsarrina,FULL,0,,,Tsarrina,차리나,record,False,False,False,False,,
Oblivion.esm,NPC_,0003A8E6,TestKenManArgonian,FULL,0,,,Ken's Tester Argonian for Christiane,크리스티안을 위한 켄의 테스터 아르고니안,record,False,False,False,False,,
Oblivion.esm,NPC_,0003A8E5,TestKenManKhajiit,FULL,0,,,Ken's Tester Khajiit for Christiane,크리스티안을 위한 켄의 테스터 카짓,record,False,False,False,False,,
Oblivion.esm,NPC_,0003A8E4,TestKenManOrc,FULL,0,,,Ken's Tester Orc for Christiane,크리스티안을 위한 켄의 테스터 오크,record,False,False,False,False,,
Oblivion.esm,NPC_,00038EDD,LordLovidicus,FULL,0,,,Lord Lovidicus,로비디쿠스 경,record,False,False,False,False,,
Oblivion.esm,NPC_,00038A62,MQ16ImperialArcher01,FULL,0,,,Imperial Legion Archer,제국군 궁수,record,False,False,False,False,,
Oblivion.esm,NPC_,00038A61,MQ16ImperialSoldier01,FULL,0,,,Imperial Legion Soldier,제국군 병사,record,False,False,False,False,,
Oblivion.esm,NPC_,000389BD,Pranal,FULL,0,,,Pranal,프라날,record,False,False,False,False,,
Oblivion.esm,NPC_,000389B8,Abhuki,FULL,0,,,Abhuki,아부키,record,False,False,False,False,,
Oblivion.esm,NPC_,00038331,testDremoraMaleAClad,FULL,0,,,GenghisClad,징기스클라드,record,False,False,False,False,,
Oblivion.esm,NPC_,0003832F,testDremoraMaleA,FULL,0,,,Genghis,징기스,record,False,False,False,False,,
Oblivion.esm,NPC_,00037FF8,AgronakGroMalog,FULL,0,,,Agronak gro-Malog,아그로낙 그로-말로그,record,False,False,False,False,,
Oblivion.esm,NPC_,00037F74,MS11BrumaInvestigatorGuard02,FULL,0,,,Bruma Investigator Guard,브루마 수사관 경비병,record,False,False,False,False,,
Oblivion.esm,NPC_,00037F73,CariusRunellius,FULL,0,,,Carius Runellius,카리우스 루넬리우스,record,False,False,False,False,,
Oblivion.esm,NPC_,00037E8D,GiovanniCivello,FULL,0,,,Giovanni Civello,지오반니 시벨로,record,False,False,False,False,,
Oblivion.esm,NPC_,00037CDD,YsabelAndronicus,FULL,0,,,Ysabel Andronicus,이사벨 안드로니쿠스,record,False,False,False,False,,
Oblivion.esm,NPC_,00037C33,BugakgroBol,FULL,0,,,Bugak gro-Bol,부가크 그로-볼,record,False,False,False,False,,
Oblivion.esm,NPC_,00037576,Jena,FULL,0,,,Jena,제나,record,False,False,False,False,,
Oblivion.esm,NPC_,00037575,Caroline,FULL,0,,,Caroline,캐롤라인,record,False,False,False,False,,
Oblivion.esm,NPC_,00037574,Cyrus,FULL,0,,,Cyrus,사이러스,record,False,False,False,False,,
Oblivion.esm,NPC_,00037573,Roliand,FULL,0,,,Roliand,롤리안드,record,False,False,False,False,,
Oblivion.esm,NPC_,00037572,Belisarius,FULL,0,,,Belisarius,벨리사리우스,record,False,False,False,False,,
Oblivion.esm,NPC_,0001E831,TG03ChapelTombGuard,FULL,0,,,Chapel Guard,예배당 경비병,record,False,False,False,False,,
Oblivion.esm,NPC_,0001E4EB,TestVendorNPC,FULL,0,,,Test Vendor NPC,판매자 NPC 테스트,record,False,True,False,False,MEDIUM,NPC
Oblivion.esm,NPC_,00001734,BWCWatersEdge1,FULL,0,,,Blackwood Company Guard,블랙우드 컴퍼니 경비병,record,False,False,False,False,,
Oblivion.esm,NPC_,00045F7F,DarkPrisonGuard03,FULL,0,,,Imperial Prison Guard,제국 감옥 경비병,record,False,False,False,False,,
Oblivion.esm,NPC_,00045F7E,DarkPrisonGuardTaunt,FULL,0,,,Imperial Prison Guard,제국 감옥 경비병,record,False,False,False,False,,
Oblivion.esm,NPC_,0003FD72,BWCGuard2,FULL,0,,,Blackwood Company Guard,블랙우드 컴퍼니 경비병,record,False,False,False,False,,
Oblivion.esm,NPC_,0003FD71,BWCGuard1,FULL,0,,,Blackwood Company Guard,블랙우드 컴퍼니 경비병,record,False,False,False,False,,
Oblivion.esm,NPC_,000366E9,MG17Necromancer01a,FULL,0,,,Necromancer,네크로맨서,record,False,False,False,False,,
Oblivion.esm,NPC_,000364B9,MQ09UndeadBlade01,FULL,0,,,Ghost of Rielus,리엘루스의 유령,record,False,False,False,False,,
Oblivion.esm,NPC_,000364B8,MQ09UndeadBlade02,FULL,0,,,Ghost of Casnar,카스나르의 유령,record,False,False,False,False,,
Oblivion.esm,NPC_,000364B7,MQ09UndeadBlade03,FULL,0,,,Ghost of Valdemar,발데마르의 유령,record,False,False,False,False,,
Oblivion.esm,NPC_,00035C83,CarmaloTruiand,FULL,0,,,Carmalo Truiand,카르말로 트루이안드,record,False,False,False,False,,
Oblivion.esm,NPC_,000355F8,Celedaen,FULL,0,,,Celedaen,셀레다엔,record,False,False,False,False,,
Oblivion.esm,NPC_,000347B2,GranthamBlakeley,FULL,0,,,Grantham Blakeley,그랜섬 블레이클리,record,False,False,False,False,,
Oblivion.esm,NPC_,000347B1,ForlornWatchmanPre,FULL,0,,,The Forlorn Watchman,버림받은 정찰 선원,record,False,False,False,False,,
Oblivion.esm,NPC_,00034597,EduardDenile,FULL,0,,,Eduard Denile,에두아르드 데닐,record,False,False,False,False,,
Oblivion.esm,NPC_,000342C3,TestDremora,FULL,0,,,derek,데렉,record,False,False,False,False,,
Oblivion.esm,NPC_,00033E8E,MQ04MythicDawnAgent06,FULL,0,,,Mythic Dawn Agent,신화 여명회 요원,record,False,False,False,False,,
Oblivion.esm,NPC_,00033CD8,MQ09UndeadBlade04,FULL,0,,,Ghost of Alain,알랭의 유령,record,False,False,False,False,,
Oblivion.esm,NPC_,000336F6,WormAnchorite,FULL,0,,,Worm Anchorite,벌레 교단 은둔 신도,record,False,False,False,False,,
Oblivion.esm,NPC_,000335B1,JharedStrongblade,FULL,0,,,Jhared Strongblade,강인한 검 자레드,record,False,False,False,False,,
Oblivion.esm,NPC_,00031E96,OrmelliusGoldwine,FULL,0,,,Ormellius Goldwine,오르멜리우스 골드와인,record,False,False,False,False,,
Oblivion.esm,NPC_,00031C31,MS13CheydinhalGuardB,FULL,0,,,Cheydinhal Gate Guard,셰이딘홀 관문 경비병,record,False,False,False,False,,
Oblivion.esm,NPC_,00031C23,GarrusDarelliun,FULL,0,,,Garrus Darelliun,개러스 다렐리운,record,False,False,False,False,,
Oblivion.esm,NPC_,00031BC7,BremmanSenyan,FULL,0,,,Bremman Senyan,브렘만 세니안,record,False,False,False,False,,
Oblivion.esm,NPC_,00031BC5,FarwilIndarys,FULL,0,,,Farwil Indarys,파윌 인다리스,record,False,False,False,False,,
Oblivion.esm,NPC_,00022D4B,TestScreenshotWoman,FULL,0,,,TestScreenshotWoman,테스트 스크린샷 여성,record,False,False,False,False,,
Oblivion.esm,NPC_,0001E70C,HjolfroditheHarrier,FULL,0,,,Hjolfrodi the Harrier,약탈자 욜프로디,record,False,False,False,False,,
Oblivion.esm,NPC_,0001E6FF,CGMythicDawnAssassinFinal,FULL,0,,,Assassin,암살자,record,False,False,False,False,,
Oblivion.esm,NPC_,0001D0EE,CGMythicDawnAssassinAmbushC,FULL,0,,,Assassin,암살자,record,False,False,False,False,,
Oblivion.esm,NPC_,0001D0AC,MS29AgarmirThug,FULL,0,,,Rolgarel,롤가렐,record,False,False,False,False,,
Oblivion.esm,NPC_,0001CEAD,DANamiraForgotten4,FULL,0,,,Forgotten One,잊힌 자,record,False,False,False,False,,
Oblivion.esm,NPC_,0001CEAC,DANamiraForgotten3,FULL,0,,,Forgotten One,잊힌 자,record,False,False,False,False,,
Oblivion.esm,NPC_,0001CEAB,DANamiraForgotten2,FULL,0,,,Forgotten One,잊힌 자,record,False,False,False,False,,
Oblivion.esm,NPC_,0001CEAA,DANamiraPriest4,FULL,0,,,Priest of Arkay,아케이 사제,record,False,False,False,False,,
Oblivion.esm,NPC_,0001CEA9,DANamiraPriest3,FULL,0,,,Priest of Arkay,아케이 사제,record,False,False,False,False,,
Oblivion.esm,NPC_,0001CEA8,DANamiraPriest2,FULL,0,,,Priest of Arkay,아케이 사제,record,False,False,False,False,,
Oblivion.esm,NPC_,0001CEA1,DANamiraForgotten1,FULL,0,,,Forgotten One,잊힌 자,record,False,False,False,False,,
Oblivion.esm,NPC_,0001CE9F,DANamiraPriest1,FULL,0,,,Priest of Arkay,아케이 사제,record,False,False,False,False,,
Oblivion.esm,NPC_,0001C16D,Termanwe,FULL,0,,,Termanwe,테르만위,record,False,False,False,False,,
Oblivion.esm,NPC_,0001C16A,VlarimilOrius,FULL,0,,,Vlarimil Orius,블라리밀 오리우스,record,False,False,False,False,,
Oblivion.esm,NPC_,0001C168,JarasInvel,FULL,0,,,Jaras Invel,야라스 인벨,record,False,False,False,False,,
Oblivion.esm,NPC_,0001C166,BrittaInvel,FULL,0,,,Britta Invel,브리타 인벨,record,False,False,False,False,,
Oblivion.esm,NPC_,0001C164,LeyawiinGuardCastleSanguine,FULL,0,,,Leyawiin Guard,레이야윈 경비병,record,False,False,False,False,,
Oblivion.esm,NPC_,0001C150,Engorm,FULL,0,,,Engorm,엔고엄,record,False,False,False,False,,
Oblivion.esm,NPC_,0001C13D,Rijirr,FULL,0,,,Ri'Jirr,리'지르,record,False,False,False,False,,
Oblivion.esm,NPC_,000176DB,CGMythicDawnAssassinGeneric,FULL,0,,,Assassin,암살자,record,False,False,False,False,,
Oblivion.esm,NPC_,00017623,CGMythicDawnAssassinArcher,FULL,0,,,Assassin,암살자,record,False,False,False,False,,
Oblivion.esm,NPC_,00017620,CGMythicDawnAssassin06,FULL,0,,,Assassin,암살자,record,False,False,False,False,,
Oblivion.esm,NPC_,00017619,CGMythicDawnAssassin04,FULL,0,,,Assassin,암살자,record,False,False,False,False,,
Oblivion.esm,NPC_,00017618,CGMythicDawnAssassin05,FULL,0,,,Assassin,암살자,record,False,False,False,False,,
Oblivion.esm,NPC_,00017617,CGMythicDawnAssassin03,FULL,0,,,Assassin,암살자,record,False,False,False,False,,
Oblivion.esm,NPC_,00014A28,CGMythicDawnAssassin02,FULL,0,,,Assassin,암살자,record,False,False,False,False,,
Oblivion.esm,NPC_,00014A27,CGMythicDawnAssassin01,FULL,0,,,Assassin,암살자,record,False,False,False,False,,
Oblivion.esm,NPC_,00032AFB,ICTempleGuardPostNight03,FULL,0,,,Imperial Watch,제국 경비병,record,False,False,False,False,,
Oblivion.esm,NPC_,00032AFA,ICTempleGuardPostNight02,FULL,0,,,Imperial Watch,제국 경비병,record,False,False,False,False,,
Oblivion.esm,NPC_,00032AF9,ICTempleGuardPostNight01,FULL,0,,,Imperial Watch,제국 경비병,record,False,False,False,False,,
Oblivion.esm,NPC_,00032AF8,ICTempleGuardPostDay03,FULL,0,,,Imperial Watch,제국 경비병,record,False,False,False,False,,
Oblivion.esm,NPC_,00032AF7,ICTempleGuardPostDay02,FULL,0,,,Imperial Watch,제국 경비병,record,False,False,False,False,,
Oblivion.esm,NPC_,00032AF6,ICTempleGuardPostDay01,FULL,0,,,Imperial Watch,제국 경비병,record,False,False,False,False,,
Oblivion.esm,NPC_,00032AF5,ICTempleGuardPostNight05,FULL,0,,,Imperial Watch,제국 경비병,record,False,False,False,False,,
Oblivion.esm,NPC_,00032AF3,ICTempleGuardPostNight04,FULL,0,,,Imperial Watch,제국 경비병,record,False,False,False,False,,
Oblivion.esm,NPC_,00032AF2,ICTempleGuardPatrolNight02,FULL,0,,,Imperial Watch,제국 경비병,record,False,False,False,False,,
Oblivion.esm,NPC_,00032AF1,ICTempleGuardPatrolNight01,FULL,0,,,Imperial Watch,제국 경비병,record,False,False,False,False,,
Oblivion.esm,NPC_,00032AF0,ICTempleGuardPostDay05,FULL,0,,,Imperial Watch,제국 경비병,record,False,False,False,False,,
Oblivion.esm,NPC_,00032AEE,ICTempleGuardPostDay04,FULL,0,,,Imperial Watch,제국 경비병,record,False,False,False,False,,
Oblivion.esm,NPC_,00032AED,ICTempleGuardPatrolDay02,FULL,0,,,Imperial Watch,제국 경비병,record,False,False,False,False,,
Oblivion.esm,NPC_,00032AEC,ICTempleGuardPatrolDay01,FULL,0,,,Imperial Watch,제국 경비병,record,False,False,False,False,,
Oblivion.esm,NPC_,000277A5,MQ13BrumaSoldier,FULL,0,,,Bruma Soldier,브루마 병사,record,False,False,False,False,,
Oblivion.esm,NPC_,00027327,MQ13BrumaMilitiaFemale,FULL,0,,,Bruma Militia,브루마 민병대,record,False,False,False,False,,
Oblivion.esm,NPC_,000272C5,MQ13BrumaMilitiaMale,FULL,0,,,Bruma Militia,브루마 민병대,record,False,False,False,False,,
Oblivion.esm,NPC_,000270F6,MQ11ChorrolSoldier01,FULL,0,,,Chorrol Soldier,코롤 병사,record,False,False,False,False,,
Oblivion.esm,NPC_,00027066,TestMage,FULL,0,,,Arkana,아르카나,record,False,False,False,False,,
Oblivion.esm,NPC_,00027065,TestBattleMage,FULL,0,,,Shows-His-Arrow-Quickly,화살을 빠르게 쏘는,record,False,False,False,False,,
Oblivion.esm,NPC_,00027064,TestHawkeye,FULL,0,,,Hawkeye,호크아이,record,False,False,False,False,,
Oblivion.esm,NPC_,00027060,MQ06MythicDawnCook,FULL,0,,,Mythic Dawn Acolyte,신화 여명회 수행사제,record,False,False,False,False,,
Oblivion.esm,NPC_,00027048,MQ06MythicDawnAnteGuardM03,FULL,0,,,Mythic Dawn Guard,신화 여명회 경비병,record,False,False,False,False,,
Oblivion.esm,NPC_,00027047,MQ06MythicDawnAnteGuardM01,FULL,0,,,Mythic Dawn Guard,신화 여명회 경비병,record,False,False,False,False,,
Oblivion.esm,NPC_,00026FC9,MQ06MythicDawnStoreroomGuard,FULL,0,,,Mythic Dawn Storeroom Guard,신화 여명회 창고 경비병,record,False,False,False,False,,
Oblivion.esm,NPC_,00026F96,TorbaltheSufficient,FULL,0,,,Torbal the Sufficient,만족하는 토발,record,False,False,False,False,,
Oblivion.esm,NPC_,00026F25,MQ11SkingradSoldier01,FULL,0,,,Skingrad Soldier,스킨그라드 성 병사,record,False,False,False,False,,
Oblivion.esm,NPC_,00026F20,MQ11LeyawiinSoldier01,FULL,0,,,Leyawiin Soldier,레이야윈 병사,record,False,False,False,False,,
Oblivion.esm,NPC_,00026F18,MQ11KvatchSoldier01,FULL,0,,,Kvatch Soldier,크바치 병사,record,False,False,False,False,,
Oblivion.esm,NPC_,00026F0D,MQ11CheydinhalSoldier01,FULL,0,,,Cheydinhal Soldier,셰이딘홀 병사,record,False,False,False,False,,
Oblivion.esm,NPC_,00026EB4,MQ11AnvilSoldier01,FULL,0,,,Anvil Soldier,앤빌 병사,record,False,False,False,False,,
Oblivion.esm,NPC_,00026EB3,MQ10BrumaGuard01,FULL,0,,,Bruma Guard,브루마 경비병,record,False,False,False,False,,
Oblivion.esm,NPC_,00026D9A,AudensAvidius,FULL,0,,,Audens Avidius,아우덴스 아비디우스,record,False,False,False,False,,
Oblivion.esm,NPC_,00026D99,ServatiusQuintilius,FULL,0,,,Servatius Quintilius,세르바티우스 퀸틸리우스,record,False,False,False,False,,
Oblivion.esm,NPC_,00026D98,ItiusHayn,FULL,0,,,Itius Hayn,이티우스 헤인,record,False,False,False,False,,
Oblivion.esm,NPC_,00026B7B,AymarDouar,FULL,0,,,Aymar Douar,아이마르 두아르,record,False,False,False,False,,
Oblivion.esm,NPC_,00026B53,Haekwon,FULL,0,,,Haekwon,하에퀀,record,False,False,False,False,,
Oblivion.esm,NPC_,00026B4F,IsabeauBienne,FULL,0,,,Isabeau Bienne,이사보 비엔,record,False,False,False,False,,
Oblivion.esm,NPC_,00026B4E,Yushi,FULL,0,,,Yushi,유시,record,False,False,False,False,,
Oblivion.esm,NPC_,00026B4D,OlynSeran,FULL,0,,,Olyn Seran,올린 세란,record,False,False,False,False,,
Oblivion.esm,NPC_,00026B4C,Amir,FULL,0,,,Amir,아미르,record,False,False,False,False,,
Oblivion.esm,NPC_,00026B46,MelusPetilius,FULL,0,,,Melus Petilius,멜루스 페틸리우스,record,False,False,False,False,,
Oblivion.esm,NPC_,00026B38,GulGroBurbog,FULL,0,,,Gul gro-Burbog,걸 그로-버르보그,record,False,False,False,False,,
Oblivion.esm,NPC_,00026B37,Maraska,FULL,0,,,Ma'Raska,마'라스카,record,False,False,False,False,,
Oblivion.esm,NPC_,00026B36,Anedhel,FULL,0,,,Anedhel,아네델,record,False,False,False,False,,
Oblivion.esm,NPC_,00026B2C,Shafaye,FULL,0,,,Shafaye,샤파예,record,False,False,False,False,,
Oblivion.esm,NPC_,00026B1B,Umbra,FULL,0,,,Umbra,움브라,record,False,False,False,False,,
Oblivion.esm,NPC_,00026B14,IrroketheWide,FULL,0,,,Irroke the Wide,넓은 이로케,record,False,False,False,False,,
Oblivion.esm,NPC_,00026AEF,Zabhila,FULL,0,,,Zabhila,자빌라,record,False,False,False,False,,
Oblivion.esm,NPC_,00026AED,Ribassa,FULL,0,,,Ri'Bassa,리'바사,record,False,False,False,False,,
Oblivion.esm,NPC_,00026ADC,GregoryArne,FULL,0,,,Gregory Arne,그레고리 아르네,record,False,False,False,False,,
Oblivion.esm,NPC_,00026ADB,Angalsama,FULL,0,,,Angalsama,앙갈사마,record,False,False,False,False,,
Oblivion.esm,NPC_,00026ADA,Beewos,FULL,0,,,Beewos,비워스,record,False,False,False,False,,
Oblivion.esm,NPC_,00026AD9,Ortis,FULL,0,,,Ortis,오르티스,record,False,False,False,False,,
Oblivion.esm,NPC_,00026AD6,FerulRavel,FULL,0,,,Ferul Ravel,페룰 라벨,record,False,False,False,False,,
Oblivion.esm,NPC_,00026ACC,MorGraGamorn,FULL,0,,,Mor gra-Gamorn,모르 그라-가모른,record,False,False,False,False,,
Oblivion.esm,NPC_,00024E0A,Jeelius,FULL,0,,,Jeelius,질리우스,record,False,False,False,False,,
Oblivion.esm,NPC_,00022EF6,MQ05MythicDawnGuard02,FULL,0,,,Mythic Dawn Guard,신화 여명회 경비병,record,False,False,False,False,,
Oblivion.esm,NPC_,00022EF5,MQ05MythicDawnGuard01,FULL,0,,,Mythic Dawn Guard,신화 여명회 경비병,record,False,False,False,False,,
Oblivion.esm,NPC_,00022E3D,MQ06MythicDawnAcolyte03,FULL,0,,,Mythic Dawn Acolyte,신화 여명회 수행사제,record,False,False,False,False,,
Oblivion.esm,NPC_,00022E3C,MQ06MythicDawnAcolyte04,FULL,0,,,Mythic Dawn Acolyte,신화 여명회 수행사제,record,False,False,False,False,,
Oblivion.esm,NPC_,00022E3B,MQ06MythicDawnAcolyte02,FULL,0,,,Mythic Dawn Acolyte,신화 여명회 수행사제,record,False,False,False,False,,
Oblivion.esm,NPC_,00022E37,MQ06MythicDawnAcolyte01,FULL,0,,,Mythic Dawn Acolyte,신화 여명회 수행사제,record,False,False,False,False,,
Oblivion.esm,NPC_,00022C85,MQ06MythicDawnGuardRandomFemale,FULL,0,,,Mythic Dawn Guard,신화 여명회 경비병,record,False,False,False,False,,
Oblivion.esm,NPC_,00022C84,MQ06MythicDawnAcolyteRandomFemale,FULL,0,,,Mythic Dawn Acolyte,신화 여명회 수행사제,record,False,False,False,False,,
Oblivion.esm,NPC_,00022C83,MQ06MythicDawnAcolyteRandomMale,FULL,0,,,Mythic Dawn Acolyte,신화 여명회 수행사제,record,False,False,False,False,,
Oblivion.esm,NPC_,00022C82,MQ06MythicDawnGuardRandomMale,FULL,0,,,Mythic Dawn Guard,신화 여명회 경비병,record,False,False,False,False,,
Oblivion.esm,NPC_,00022BBD,LurioMaenius,FULL,0,,,Lurio Maenius,루리오 마에니우스,record,False,False,False,False,,
Oblivion.esm,NPC_,000221C3,Jmhad,FULL,0,,,J'mhad,즈'마드,record,False,False,False,False,,
Oblivion.esm,NPC_,00020078,Steffan,FULL,0,,,Captain Steffan,스테판 선장,record,False,False,False,False,,
Oblivion.esm,NPC_,0001FEEF,MS08OrcHunter,FULL,0,,,Kurdan's Orc Hunter,커단의 오크 사냥꾼,record,False,False,False,False,,
Oblivion.esm,NPC_,0001FEEC,MS08NordHunter,FULL,0,,,Kurdan's Nord Hunter,커단의 노드 사냥꾼,record,False,False,False,False,,
Oblivion.esm,NPC_,0001FEEA,MS08ImperialHunter,FULL,0,,,Kurdan's Imperial Hunter,커단의 임페리얼 사냥꾼 ,record,False,False,False,False,,
Oblivion.esm,NPC_,0001FDD5,Areldil,FULL,0,,,Areldil,아렐딜,record,False,False,False,False,,
Oblivion.esm,NPC_,0001FDD4,GemellusAxius,FULL,0,,,Gemellus Axius,게멜루스 악시우스,record,False,False,False,False,,
Oblivion.esm,NPC_,0001FDD3,Dorian,FULL,0,,,Dorian,도리안,record,False,False,False,False,,
Oblivion.esm,NPC_,0001FDD2,Srathad,FULL,0,,,S'rathad,스'라타드,record,False,False,False,False,,
Oblivion.esm,NPC_,0001FDD1,AstiniaAtius,FULL,0,,,Astinia Atius,아스티니아 아티우스,record,False,False,False,False,,
Oblivion.esm,NPC_,0001FDD0,Elragail,FULL,0,,,Elragail,엘라가일,record,False,False,False,False,,
Oblivion.esm,NPC_,0001FDCF,ErnestManis,FULL,0,,,Ernest Manis,어니스트 마니스,record,False,False,False,False,,
Oblivion.esm,NPC_,0001FDCE,Hassiri,FULL,0,,,Hassiri,하시리,record,False,False,False,False,,
Oblivion.esm,NPC_,0001FDCD,Urjabhi,FULL,0,,,Urjabhi,우르자비,record,False,False,False,False,,
Oblivion.esm,NPC_,0001FDCC,Rajiradh,FULL,0,,,Ra'jiradh,라'지라드,record,False,False,False,False,,
Oblivion.esm,NPC_,0001FDCB,Thamriel,FULL,0,,,Thamriel,탬리엘,record,False,False,False,False,,
Oblivion.esm,NPC_,0001FC57,DynariAmnis,FULL,0,,,Dynari Amnis,디나리 암니스,record,False,False,False,False,,
Oblivion.esm,NPC_,0001FC56,DraloraAthram,FULL,0,,,Dralora Athram,드랄로라 아트람,record,False,False,False,False,,
Oblivion.esm,NPC_,0001FC55,UlenAthram,FULL,0,,,Ulen Athram,울렌 아트람,record,False,False,False,False,,
Oblivion.esm,NPC_,0001FC54,Agarmir,FULL,0,,,Agarmir,아가미르,record,False,False,False,False,,
Oblivion.esm,NPC_,0001FC53,RochelleBantien,FULL,0,,,Rochelle Bantien,로셸 반티엔,record,False,False,False,False,,
Oblivion.esm,NPC_,0001FC52,SamuelBantien,FULL,0,,,Samuel Bantien,사무엘 반티엔,record,False,False,False,False,,
Oblivion.esm,NPC_,0001FC51,Angelie,FULL,0,,,Angelie,안젤리,record,False,False,False,False,,
Oblivion.esm,NPC_,0001FC50,HelvoAtius,FULL,0,,,Helvo Atius,헬보 아티우스,record,False,False,False,False,,
Oblivion.esm,NPC_,0001FC4F,SevariusAtius,FULL,0,,,Severius Atius,세베리우스 아티우스,record,False,False,False,False,,
Oblivion.esm,NPC_,0001FB57,Carwen,FULL,0,,,Carwen,카르웬,record,False,False,False,False,,
Oblivion.esm,NPC_,0001FB56,Adanrel,FULL,0,,,Adanrel,아단렐,record,False,False,False,False,,
Oblivion.esm,NPC_,0001FB55,UzulGroGrulam,FULL,0,,,Uzul gro-Grulam,우줄 그로-그루람,record,False,False,False,False,,
Oblivion.esm,NPC_,0001F428,KurdangroDragol,FULL,0,,,Kurdan gro-Dragol,커단 그로-드라골,record,False,False,False,False,,
Oblivion.esm,NPC_,0001F1A8,AdventurerOrcWarrior01,FULL,0,,,Adventurer,모험가,record,False,False,False,False,,
Oblivion.esm,NPC_,0001F14B,MQ06MythicDawnGuard,FULL,0,,,Mythic Dawn Guard,신화 여명회 경비병,record,False,False,False,False,,
Oblivion.esm,NPC_,0001F106,MQ06MythicDawnDoorkeeper,FULL,0,,,Doorkeeper,문지기,record,False,False,False,False,,
Oblivion.esm,NPC_,0001ECD8,Ciindil,FULL,0,,,Ciindil,신딜,record,False,False,False,False,,
Oblivion.esm,NPC_,0001ECD6,DredenaHlavel,FULL,0,,,Dredena Hlavel,드레데나 흐라벨,record,False,False,False,False,,
Oblivion.esm,NPC_,0001ECD2,Kirsten,FULL,0,,,Kirsten,커스텐,record,False,False,False,False,,
Oblivion.esm,NPC_,0001ECD1,UlrikaUlfgar,FULL,0,,,Ulrika Ulfgar,울리카 울프가르,record,False,False,False,False,,
Oblivion.esm,NPC_,0001ECD0,HrolUlfgar,FULL,0,,,Hrol Ulfgar,흐롤 울프가르,record,False,False,False,False,,
Oblivion.esm,NPC_,0001ECCF,Beirir,FULL,0,,,Beirir,베이리르,record,False,False,False,False,,
Oblivion.esm,NPC_,0001ECCC,MalyaniDalvilu,FULL,0,,,Malyani Dalvilu,말야니 달빌루,record,False,False,False,False,,
Oblivion.esm,NPC_,0001ECCB,SathaDalvilu,FULL,0,,,Satha Dalvilu,사타 달빌루,record,False,False,False,False,,
Oblivion.esm,NPC_,0001ECCA,RedasDalvilu,FULL,0,,,Redas Dalvilu,레다스 달빌루,record,False,False,False,False,,
Oblivion.esm,NPC_,0001ECC9,ArvinDalvilu,FULL,0,,,Arvin Dalvilu,아르빈 달빌루,record,False,False,False,False,,
Oblivion.esm,NPC_,0001ECC8,NivanDalvilu,FULL,0,,,Nivan Dalvilu,니반 달빌루,record,False,False,False,False,,
Oblivion.esm,NPC_,0001ECB2,ErTeeusSOUL,FULL,0,,,Soul of Er-Teeus,얼-티우스의 영혼,record,False,False,False,False,,
Oblivion.esm,NPC_,0001ECB1,ErTeeus,FULL,0,,,Er-Teeus,얼-티우스,record,False,False,False,False,,
Oblivion.esm,NPC_,0001ECB0,MirieSOUL,FULL,0,,,Soul of Mirie,미리에의 영혼,record,False,False,False,False,,
Oblivion.esm,NPC_,0001ECAF,Mirie,FULL,0,,,Mirie,미리에,record,False,False,False,False,,
Oblivion.esm,NPC_,0001ECAE,IlvelRomaynSOUL,FULL,0,,,Soul of Ilvel Romayn,일벨 로마인의 영혼,record,False,False,False,False,,
Oblivion.esm,NPC_,0001ECAD,IlvelRomayn,FULL,0,,,Ilvel Romayn,일벨 로마인,record,False,False,False,False,,
Oblivion.esm,NPC_,0001ECAC,MarentheSealSOUL,FULL,0,,,Soul of Maren the Seal,봉인의 마렌의 영혼,record,False,False,False,False,,
Oblivion.esm,NPC_,0001ECAB,MarentheSeal,FULL,0,,,Maren the Seal,봉인의 마렌,record,False,False,False,False,,
Oblivion.esm,NPC_,0001ECAA,KewanSOUL,FULL,0,,,Soul of Kewan,케완의 영혼,record,False,False,False,False,,
Oblivion.esm,NPC_,0001ECA9,Kewan,FULL,0,,,Kewan,케완,record,False,False,False,False,,
Oblivion.esm,NPC_,0001EC5D,Vajhira,FULL,0,,,Vajhira,바지라,record,False,False,False,False,,
Oblivion.esm,NPC_,0001EC4C,BleakMineGuardCaptain2,FULL,0,,,Bleak Mine Guard,암울한 광산 경비병,record,False,False,False,False,,
Oblivion.esm,NPC_,0001EC4B,BleakMineGuardCaptain,FULL,0,,,Bleak Mine Guard Captain,암울한 광산 경비대장,record,False,False,False,False,,
Oblivion.esm,NPC_,0001EC4A,BleakMineGuard,FULL,0,,,Bleak Mine Guard,암울한 광산 경비병,record,False,False,False,False,,
Oblivion.esm,NPC_,0001EC37,ShobobgroRugdush,FULL,0,,,Shobob gro-Rugdush,쇼보브 그로-러그두쉬,record,False,False,False,False,,
Oblivion.esm,NPC_,0001EC33,LadyDrad,FULL,0,,,Lady Drad,드라드 귀부인,record,False,False,False,False,,
Oblivion.esm,NPC_,0001EC31,LordDrad,FULL,0,,,Lord Drad,드라드 경,record,False,False,False,False,,
Oblivion.esm,NPC_,0001EC12,Arkved,FULL,0,,,Arkved,아크베드,record,False,False,False,False,,
Oblivion.esm,NPC_,0001EC0E,BasilErnarde,FULL,0,,,Basil Ernarde,바실 에르나르드,record,False,False,False,False,,
Oblivion.esm,NPC_,0001EC06,DAMeridiaNecromancer5,FULL,0,,,Necromancer,네크로맨서,record,False,False,False,False,,
Oblivion.esm,NPC_,0001EC05,DAMeridiaNecromancer4,FULL,0,,,Necromancer,네크로맨서,record,False,False,False,False,,
Oblivion.esm,NPC_,0001EC04,DAMeridiaNecromancer3,FULL,0,,,Necromancer,네크로맨서,record,False,False,False,False,,
Oblivion.esm,NPC_,0001EC03,DAMeridiaNecromancer2,FULL,0,,,Necromancer,네크로맨서,record,False,False,False,False,,
Oblivion.esm,NPC_,0001EC02,DAMeridiaNecromancer1,FULL,0,,,Necromancer,네크로맨서,record,False,False,False,False,,
Oblivion.esm,NPC_,0001EBF7,MelsMaryon,FULL,0,,,Mels Maryon,멜스 마리온,record,False,False,False,False,,
Oblivion.esm,NPC_,0001EB82,GeemJasaiin,FULL,0,,,Geem Jasaiin,지임 자사인,record,False,False,False,False,,
Oblivion.esm,NPC_,0001EB7F,Wumeek,FULL,0,,,Wumeek,우미크,record,False,False,False,False,,
Oblivion.esm,NPC_,0001E796,FGD06DeadGuy03,FULL,0,,,Cargas Laftrius,카르가스 라프트리우스,record,False,False,False,False,,
Oblivion.esm,NPC_,0001E783,FGD06DeadGuy02,FULL,0,,,Ashtus Chenius,아슈투스 체니우스,record,False,False,False,False,,
Oblivion.esm,NPC_,0001E750,RaJhan,FULL,0,,,Ra'Jhan,라'잔,record,False,False,False,False,,
Oblivion.esm,NPC_,0001E5E5,NecromancerMaleBreton3,FULL,0,,,Necromancer,네크로맨서,record,False,False,False,False,,
Oblivion.esm,NPC_,0001E10E,FGD06DeadGuy01,FULL,0,,,Cartrus Gavinius,카르트루스 가비니우스,record,False,False,False,False,,
Oblivion.esm,NPC_,0001DFB3,LumdumgroGolpok,FULL,0,,,Lumdum gro-Golpok,룸둠 그로-골포크,record,False,False,False,False,,
Oblivion.esm,NPC_,0001DFB1,DamianMagius,FULL,0,,,Damian Magius,데미안 마기우스,record,False,False,False,False,,
Oblivion.esm,NPC_,0001DFB0,VelanAndus,FULL,0,,,Velan Andus,벨란 안두스,record,False,False,False,False,,
Oblivion.esm,NPC_,0001D356,PennusMallius,FULL,0,,,Pennus Mallius,페누스 말리우스,record,False,False,False,False,,
Oblivion.esm,NPC_,0001D355,PraxedesAfranius,FULL,0,,,Praxedes Afranius,프락세데스 아프라니우스,record,False,False,False,False,,
Oblivion.esm,NPC_,0001D354,AncusAfranius,FULL,0,,,Ancus Afranius,안쿠스 아프라니우스,record,False,False,False,False,,
Oblivion.esm,NPC_,0001D353,MaranaRian,FULL,0,,,Marana Rian,마라나 리안,record,False,False,False,False,,
Oblivion.esm,NPC_,0001D352,Hagaer,FULL,0,,,Hagaer,하개르,record,False,False,False,False,,
Oblivion.esm,NPC_,0001D351,Ruslan,FULL,0,,,Ruslan,러슬란,record,False,False,False,False,,
Oblivion.esm,NPC_,0001D350,LuronkgroGlurzog,FULL,0,,,Luronk gro-Glurzog,루롱크 그로-글루조그,record,False,False,False,False,,
Oblivion.esm,NPC_,0001D34E,ReneeGeonette,FULL,0,,,Renee Geonette,르네 지오네트,record,False,False,False,False,,
Oblivion.esm,NPC_,0001D34D,SalomonGeonette,FULL,0,,,Salomon Geonette,살로몬 지오네트,record,False,False,False,False,,
Oblivion.esm,NPC_,0001D34C,CaulaAllectus,FULL,0,,,Caula Allectus,카울라 알렉투스,record,False,False,False,False,,
Oblivion.esm,NPC_,0001D34B,RolandJenseric,FULL,0,,,Roland Jenseric,롤랑 젠세릭,record,False,False,False,False,,
Oblivion.esm,NPC_,0001D34A,Curtis,FULL,0,,,Curtis,커티스,record,False,False,False,False,,
Oblivion.esm,NPC_,0001D349,StantusVarrid,FULL,0,,,Stantus Varrid,스탄투스 바리드,record,False,False,False,False,,
Oblivion.esm,NPC_,0001D348,TrenusDuronius,FULL,0,,,Trenus Duronius,트레누스 두로니우스,record,False,False,False,False,,
Oblivion.esm,NPC_,0001D347,IdaOttus,FULL,0,,,Ida Ottus,아이다 오투스,record,False,False,False,False,,
Oblivion.esm,NPC_,0001D346,AlessiaOttus,FULL,0,,,Alessia Ottus,알레시아 오투스,record,False,False,False,False,,
Oblivion.esm,NPC_,0001D345,HastrelOttus,FULL,0,,,Hastrel Ottus,하스트렐 오투스,record,False,False,False,False,,
Oblivion.esm,NPC_,0001D344,AlgottheNortherner,FULL,0,,,Algot the Northerner,북방인 알고트,record,False,False,False,False,,
Oblivion.esm,NPC_,0001D343,RalsaNorvalo,FULL,0,,,Ralsa Norvalo,랄사 노발로,record,False,False,False,False,,
Oblivion.esm,NPC_,0001D340,Willet,FULL,0,,,Willet,윌렛,record,False,False,False,False,,
Oblivion.esm,NPC_,0001D252,GreyThroat,FULL,0,,,Grey-Throat,그레이-스로트,record,False,False,False,False,,
Oblivion.esm,NPC_,0001D24E,GilenNorvalo,FULL,0,,,Gilen Norvalo,길렌 노발로,record,False,False,False,False,,
Oblivion.esm,NPC_,0001CF76,Seridur,FULL,0,,,Seridur,세리두르,record,False,False,False,False,,
Oblivion.esm,NPC_,0001CF33,OntusVanin,FULL,0,,,Ontus Vanin,온투스 바닌,record,False,False,False,False,,
Oblivion.esm,NPC_,0001C494,Tolgan,FULL,0,,,Tolgan,톨건,record,False,False,False,False,,
Oblivion.esm,NPC_,0001C48D,Mishaxhi,FULL,0,,,Akaviri Commander Mishaxhi,아카비르 사령관 미샤크시,record,False,False,False,False,,
Oblivion.esm,NPC_,0001C45B,BeggarICTempleBuntara,FULL,0,,,Ragbag Buntara,걸레주머니 분타라,record,False,False,False,False,,
Oblivion.esm,NPC_,0001C45A,BeggarICTalosPlazaDraninus,FULL,0,,,No-Coins Draninus,동전없는 드라니누스,record,False,False,False,False,,
Oblivion.esm,NPC_,0001C459,BeggarICElvenGardensFralav,FULL,0,,,Fralav the Faker,사기꾼 프랄라브,record,False,False,False,False,,
Oblivion.esm,NPC_,0001C458,BeggarICMarketSimplicia,FULL,0,,,Simplicia the Slow,느림보 심플리시아,record,False,False,False,False,,
Oblivion.esm,NPC_,0001C457,ICWaterfrontGuardNight02,FULL,0,,,Imperial Watch,제국 경비병,record,False,False,False,False,,
Oblivion.esm,NPC_,0001C456,ICWaterfrontGuardDay02,FULL,0,,,Imperial Watch,제국 경비병,record,False,False,False,False,,
Oblivion.esm,NPC_,0001C455,ICWaterfrontGuardNight01,FULL,0,,,Imperial Watch,제국 경비병,record,False,False,False,False,,
Oblivion.esm,NPC_,0001C34C,ICMarketGuardPostNight03,FULL,0,,,Imperial Watch,제국 경비병,record,False,False,False,False,,
Oblivion.esm,NPC_,0001C34B,ICMarketGuardPostNight02,FULL,0,,,Imperial Watch,제국 경비병,record,False,False,False,False,,
Oblivion.esm,NPC_,0001C34A,ICMarketGuardPostDay03,FULL,0,,,Imperial Watch,제국 경비병,record,False,False,False,False,,
Oblivion.esm,NPC_,0001C349,ICMarketGuardPostDay02,FULL,0,,,Imperial Watch,제국 경비병,record,False,False,False,False,,
Oblivion.esm,NPC_,0001C348,ICMarketGuardPostNight01,FULL,0,,,Imperial Watch,제국 경비병,record,False,False,False,False,,
Oblivion.esm,NPC_,0001C347,ICMarketGuardPostDay01,FULL,0,,,Imperial Watch,제국 경비병,record,False,False,False,False,,
Oblivion.esm,NPC_,0001C343,ICMarketGuardPostNight04,FULL,0,,,Imperial Watch,제국 경비병,record,False,False,False,False,,
Oblivion.esm,NPC_,0001C336,ICMarketGuardPostDay04,FULL,0,,,Imperial Watch,제국 경비병,record,False,False,False,False,,
Oblivion.esm,NPC_,0001C32B,ICMarketGuardPatrolNight01,FULL,0,,,Imperial Watch,제국 경비병,record,False,False,False,False,,
Oblivion.esm,NPC_,0001C32A,ICMarketGuardPostNight05,FULL,0,,,Imperial Watch,제국 경비병,record,False,False,False,False,,
Oblivion.esm,NPC_,0001C321,ICMarketGuardPatrolDay01,FULL,0,,,Imperial Watch,제국 경비병,record,False,False,False,False,,
Oblivion.esm,NPC_,0001C31F,ICMarketGuardPostDay05,FULL,0,,,Imperial Watch,제국 경비병,record,False,False,False,False,,
Oblivion.esm,NPC_,0001634A,ICElvenGuardPatrolNight05,FULL,0,,,Imperial Watch,제국 경비병,record,False,False,False,False,,
Oblivion.esm,NPC_,00016349,ICElvenGuardPatrolDay05,FULL,0,,,Imperial Watch,제국 경비병,record,False,False,False,False,,
Oblivion.esm,NPC_,00016348,ICElvenGuardPatrolNight04,FULL,0,,,Imperial Watch,제국 경비병,record,False,False,False,False,,
Oblivion.esm,NPC_,00016347,ICElvenGuardPatrolDay04,FULL,0,,,Imperial Watch,제국 경비병,record,False,False,False,False,,
Oblivion.esm,NPC_,00016346,ICElvenGuardPatrolNight03,FULL,0,,,Imperial Watch,제국 경비병,record,False,False,False,False,,
Oblivion.esm,NPC_,00016345,ICElvenGuardPatrolDay03,FULL,0,,,Imperial Watch,제국 경비병,record,False,False,False,False,,
Oblivion.esm,NPC_,00016344,ICElvenGuardPatrolNight02,FULL,0,,,Imperial Watch,제국 경비병,record,False,False,False,False,,
Oblivion.esm,NPC_,00016343,ICElvenGuardPatrolDay02,FULL,0,,,Imperial Watch,제국 경비병,record,False,False,False,False,,
Oblivion.esm,NPC_,00016342,ICElvenGuardPatrolNight01,FULL,0,,,Imperial Watch,제국 경비병,record,False,False,False,False,,
Oblivion.esm,NPC_,00016341,ICElvenGuardPatrolDay01,FULL,0,,,Imperial Watch,제국 경비병,record,False,False,False,False,,
Oblivion.esm,NPC_,00016340,ICElvenGuardPostNight03,FULL,0,,,Imperial Watch,제국 경비병,record,False,False,False,False,,
Oblivion.esm,NPC_,0001633F,ICElvenGuardPostNight02,FULL,0,,,Imperial Watch,제국 경비병,record,False,False,False,False,,
Oblivion.esm,NPC_,0001633E,ICElvenGuardPostNight01,FULL,0,,,Imperial Watch,제국 경비병,record,False,False,False,False,,
Oblivion.esm,NPC_,0001633D,ICElvenGuardPostDay03,FULL,0,,,Imperial Watch,제국 경비병,record,False,False,False,False,,
Oblivion.esm,NPC_,0001633C,ICElvenGuardPostDay02,FULL,0,,,Imperial Watch,제국 경비병,record,False,False,False,False,,
Oblivion.esm,NPC_,0001633B,ICElvenGuardPostDay01,FULL,0,,,Imperial Watch,제국 경비병,record,False,False,False,False,,
Oblivion.esm,NPC_,00016338,ICTalosGuardPostNight03,FULL,0,,,Imperial Watch,제국 경비병,record,False,False,False,False,,
Oblivion.esm,NPC_,00016337,ICTalosGuardPostNight02,FULL,0,,,Imperial Watch,제국 경비병,record,False,False,False,False,,
Oblivion.esm,NPC_,00016336,ICTalosGuardPostNight01,FULL,0,,,Imperial Watch,제국 경비병,record,False,False,False,False,,
Oblivion.esm,NPC_,00016335,ICTalosGuardPostDay03,FULL,0,,,Imperial Watch,제국 경비병,record,False,False,False,False,,
Oblivion.esm,NPC_,00016334,ICTalosGuardPostDay02,FULL,0,,,Imperial Watch,제국 경비병,record,False,False,False,False,,
Oblivion.esm,NPC_,00016333,ICTalosGuardPostDay01,FULL,0,,,Imperial Watch,제국 경비병,record,False,False,False,False,,
Oblivion.esm,NPC_,00016332,ICTalosGuardPostNight04,FULL,0,,,Imperial Watch,제국 경비병,record,False,False,False,False,,
Oblivion.esm,NPC_,00016331,ICTalosGuardPostNight05,FULL,0,,,Imperial Watch,제국 경비병,record,False,False,False,False,,
Oblivion.esm,NPC_,00016330,ICTalosGuardPatrolNight02,FULL,0,,,Imperial Watch,제국 경비병,record,False,False,False,False,,
Oblivion.esm,NPC_,0001632F,ICTalosGuardPatrolNight01,FULL,0,,,Imperial Watch,제국 경비병,record,False,False,False,False,,
Oblivion.esm,NPC_,0001632E,ICTalosGuardPostDay04,FULL,0,,,Imperial Watch,제국 경비병,record,False,False,False,False,,
Oblivion.esm,NPC_,0001632D,ICTalosGuardPostDay05,FULL,0,,,Imperial Watch,제국 경비병,record,False,False,False,False,,
Oblivion.esm,NPC_,0001632C,ICTalosGuardPatrolDay02,FULL,0,,,Imperial Watch,제국 경비병,record,False,False,False,False,,
Oblivion.esm,NPC_,0001632B,ICTalosGuardPatrolDay01,FULL,0,,,Imperial Watch,제국 경비병,record,False,False,False,False,,
Oblivion.esm,NPC_,0001624C,TheranisDeadBody,FULL,0,,,Theranis,테라니스,record,False,False,False,False,,
Oblivion.esm,NPC_,0001623A,RodericPierrane,FULL,0,,,Roderic Pierrane,로데릭 피에라네,record,False,False,False,False,,
Oblivion.esm,NPC_,00016068,JenaSintav,FULL,0,,,Jena Sintav,제나 신타브,record,False,False,False,False,,
Oblivion.esm,NPC_,00016067,JastiaSintav,FULL,0,,,Jastia Sintav,자스티아 신타브,record,False,False,False,False,,
Oblivion.esm,NPC_,00016066,VontanSintav,FULL,0,,,Vontan Sintav,본탄 신타브,record,False,False,False,False,,
Oblivion.esm,NPC_,00016065,BeranSintav,FULL,0,,,Beran Sintav,베란 신타브,record,False,False,False,False,,
Oblivion.esm,NPC_,00016064,KastusSintav,FULL,0,,,Kastus Sintav,카스투스 신타브,record,False,False,False,False,,
Oblivion.esm,NPC_,00016063,ElisaPierrane,FULL,0,,,Elisa Pierrane,엘리사 피에라네,record,False,False,False,False,,
Oblivion.esm,NPC_,00016062,RomanaFaleria,FULL,0,,,Romana Faleria,로마나 팔레리아,record,False,False,False,False,,
Oblivion.esm,NPC_,00016061,TertiusFavonius,FULL,0,,,Tertius Favonius,테르티우스 파보니우스,record,False,False,False,False,,
Oblivion.esm,NPC_,00016060,Mandil,FULL,0,,,Mandil,만딜,record,False,False,False,False,,
Oblivion.esm,NPC_,0001605F,Othrelos,FULL,0,,,Othrelos,오스렐로스,record,False,False,False,False,,
Oblivion.esm,NPC_,0001605E,MarinusCatiotus,FULL,0,,,Marinus Catiotus,마리누스 카티오투스,record,False,False,False,False,,
Oblivion.esm,NPC_,0001605D,IdaVlinorman,FULL,0,,,Ida Vlinorman,아이다 블리노만,record,False,False,False,False,,
Oblivion.esm,NPC_,0001605C,DovynAren,FULL,0,,,Dovyn Aren,도빈 아렌,record,False,False,False,False,,
Oblivion.esm,NPC_,0001605B,Winson,FULL,0,,,Winson,윈슨,record,False,False,False,False,,
Oblivion.esm,NPC_,0001605A,CarmanaSintav,FULL,0,,,Carmana Sintav,카르마나 신타브,record,False,False,False,False,,
Oblivion.esm,NPC_,00016059,CyroninSintav,FULL,0,,,Cyronin Sintav,사이로닌 신타브,record,False,False,False,False,,
Oblivion.esm,NPC_,00016058,IreneMetrick,FULL,0,,,Irene Metrick,아이린 메트릭,record,False,False,False,False,,
Oblivion.esm,NPC_,00016057,AdrianDecanius,FULL,0,,,Adrian Decanius,아드리안 데카니우스,record,False,False,False,False,,
Oblivion.esm,NPC_,00016056,DulgroShug,FULL,0,,,Dul gro-Shug,둘 그로-슈그,record,False,False,False,False,,
Oblivion.esm,NPC_,00016055,InielSintav,FULL,0,,,Iniel Sintav,이니엘 신타브,record,False,False,False,False,,
Oblivion.esm,NPC_,00016054,PistaMarillin,FULL,0,,,Pista Marillin,피스타 마릴린,record,False,False,False,False,,
Oblivion.esm,NPC_,00016053,LeyMarillin,FULL,0,,,Ley Marillin,레이 마릴린,record,False,False,False,False,,
Oblivion.esm,NPC_,00015EAE,VelusHosidius,FULL,0,,,Velus Hosidius,벨루스 호시디우스,record,False,False,False,False,,
Oblivion.esm,NPC_,00015EAD,Varnado,FULL,0,,,Varnado,바나도,record,False,False,False,False,,
Oblivion.esm,NPC_,00015EAC,MaroRufus,FULL,0,,,Maro Rufus,마로 루푸스,record,False,False,False,False,,
Oblivion.esm,NPC_,00015EAB,ClaudettePerrick,FULL,0,,,Claudette Perrick,클로데트 페릭,record,False,False,False,False,,
Oblivion.esm,NPC_,00015EAA,UrbulgroOrkulg,FULL,0,,,Urbul gro-Orkulg,우르불 그로-오르쿨그,record,False,False,False,False,,
Oblivion.esm,NPC_,00015EA9,Calindil,FULL,0,,,Calindil,칼린딜,record,False,False,False,False,,
Oblivion.esm,NPC_,00015EA8,Palonirya,FULL,0,,,Palonirya,팔로니리아,record,False,False,False,False,,
Oblivion.esm,NPC_,00015EA7,CiceroVerus,FULL,0,,,Cicero Verus,시세로 베루스,record,False,False,False,False,,
Oblivion.esm,NPC_,00015EA6,SergiusVerus,FULL,0,,,Sergius Verus,세르지우스 베루스,record,False,False,False,False,,
Oblivion.esm,NPC_,00015EA5,TertullianVerus,FULL,0,,,Tertullian Verus,테르툴리아누스 베루스,record,False,False,False,False,,
Oblivion.esm,NPC_,00015EA4,Jensine,FULL,0,,,Jensine,젠신,record,False,False,False,False,,
Oblivion.esm,NPC_,00015EA3,Gelephor,FULL,0,,,Gelephor,겔레포르,record,False,False,False,False,,
Oblivion.esm,NPC_,00015EA2,DelosFandas,FULL,0,,,Delos Fandas,델로스 판다스,record,False,False,False,False,,
Oblivion.esm,NPC_,00015EA1,RisFralmoton,FULL,0,,,Ris Fralmoton,리스 프랄모톤,record,False,False,False,False,,
Oblivion.esm,NPC_,00015EA0,HamlofRedTooth,FULL,0,,,Hamlof Red-Tooth,햄로프 레드-투스,record,False,False,False,False,,
Oblivion.esm,NPC_,00015E9F,ViatorAccius,FULL,0,,,Viator Accius,비아토르 아키우스,record,False,False,False,False,,
Oblivion.esm,NPC_,00015E9E,Thoronir,FULL,0,,,Thoronir,소로니르,record,False,False,False,False,,
Oblivion.esm,NPC_,00015E9D,EdgarVautrine,FULL,0,,,Edgar Vautrine,에드가 보트린,record,False,False,False,False,,
Oblivion.esm,NPC_,00015E9C,Rindir,FULL,0,,,Rindir,린디르,record,False,False,False,False,,
Oblivion.esm,NPC_,00015E9B,Phintias,FULL,0,,,Phintias,핀티아스,record,False,False,False,False,,
Oblivion.esm,NPC_,00015E9A,OgierGeorick,FULL,0,,,Ogier Georick,오기르 지오릭,record,False,False,False,False,,
Oblivion.esm,NPC_,000092A8,TG03ChapelUnderCroftGuard,FULL,0,,,Chapel Guard,예배당 경비병,record,False,False,False,False,,
Oblivion.esm,NPC_,0001C14C,Rohssan,FULL,0,,,Rohssan,로산,record,False,False,False,False,,
Oblivion.esm,NPC_,0001BC2A,Senannala,FULL,0,,,Bosmer Thief,보스머 도둑,record,False,False,False,False,,
Oblivion.esm,NPC_,000165ED,BeggarICWaterfrontAncus,FULL,0,,,Puny Ancus,보잘것없는 안쿠스,record,False,False,False,False,,
Oblivion.esm,NPC_,00016487,Mannimarco,FULL,0,,,Mannimarco,매니마코,record,False,False,False,False,,
Oblivion.esm,NPC_,00016483,BolorSavel,FULL,0,,,Bolor Savel,볼로르 사벨,record,False,False,False,False,,
Oblivion.esm,NPC_,00015D8C,BeggarSkingradNigidiusTheNeedy,FULL,0,,,Nigidius the Needy,궁핍한 니기디우스,record,False,False,False,False,,
Oblivion.esm,NPC_,00015D8B,BeggarSkingradFoulFagus,FULL,0,,,Foul Fagus,역겨운 파구스,record,False,False,False,False,,
Oblivion.esm,NPC_,00015D8A,BeggarLeyawiinRancidRadirsha,FULL,0,,,Rancid Ra'dirsha,썩은 라'디르샤,record,False,False,False,False,,
Oblivion.esm,NPC_,00015D89,BeggarLeyawiinDeehTheScalawag,FULL,0,,,Deeh the Scalawag,말썽쟁이 디,record,False,False,False,False,,
Oblivion.esm,NPC_,00015D88,BeggarChorrolNermusTheMooch,FULL,0,,,Nermus the Mooch,빈둥거리는 네르무스,record,False,False,False,False,,
Oblivion.esm,NPC_,00015D87,BeggarChorrolLazyKaslowyn,FULL,0,,,Lazy Kaslowyn,게으른 카슬로윈,record,False,False,False,False,,
Oblivion.esm,NPC_,00015D86,BeggarCheydinhalLucklessLucina,FULL,0,,,Luckless Lucina,불운의 루시나,record,False,False,False,False,,
Oblivion.esm,NPC_,00015D85,BeggarCheydinhalBrucciusTheOrphan,FULL,0,,,Bruccius the Orphan,고아 브루키우스,record,False,False,False,False,,
Oblivion.esm,NPC_,00015D84,BeggarBrumaFetidJofnhild,FULL,0,,,Fetid Jofnhild,악취의 요프닐드,record,False,False,False,False,,
Oblivion.esm,NPC_,00015D83,BeggarBrumaJorckTheOutcast,FULL,0,,,Jorck the Outcast,추방자 조르크,record,False,False,False,False,,
Oblivion.esm,NPC_,00015D82,BeggarAnvilImusTheDull,FULL,0,,,Imus the Dull,멍청한 이무스,record,False,False,False,False,,
Oblivion.esm,NPC_,00015D81,BeggarBravilCosmusTheCheat,FULL,0,,,Cosmus the Cheat,사기꾼 코스무스,record,False,False,False,False,,
Oblivion.esm,NPC_,00015D80,BeggarBravilWretchedAia,FULL,0,,,Wretched Aia,비참한 아이아,record,False,False,False,False,,
Oblivion.esm,NPC_,00015D7F,BeggarAnvilPennilessOlvus,FULL,0,,,Penniless Olvus,빈털터리 올부스,record,False,False,False,False,,
Oblivion.esm,NPC_,000153B9,Tandilwe,FULL,0,,,Tandilwe,탄딜웨,record,False,False,False,False,,
Oblivion.esm,NPC_,000151FE,Merete,FULL,0,,,Merete,메레트,record,False,False,False,False,,
Oblivion.esm,NPC_,000151FC,Iver,FULL,0,,,Iver,이베르,record,False,False,False,False,,
Oblivion.esm,NPC_,000151FA,Thalfin,FULL,0,,,Thalfin,탈핀,record,False,False,False,False,,
Oblivion.esm,NPC_,000148D5,JakbenImbel,FULL,0,,,"Jakben, Earl of Imbel","잭벤, 임벨의 작",record,False,False,False,False,,
Oblivion.esm,NPC_,000146EA,MQ16Messenger,FULL,0,,,Imperial Legion Messenger,제국군 전령,record,False,False,False,False,,
Oblivion.esm,NPC_,00014699,Ocato,FULL,0,,,High Chancellor Ocato,오카토 의장,record,False,False,False,False,,
Oblivion.esm,NPC_,00014674,IrlavJarolDead,FULL,0,,,Irlav Jarol,이를라브 자롤,record,False,False,False,False,,
Oblivion.esm,NPC_,00014653,GrayFox,FULL,0,,,The Gray Fox,그레이 폭스,record,False,False,False,False,,
Oblivion.esm,NPC_,0000C22D,GrayFoxCorvus,FULL,0,,,Corvus Umbranox,코버스 움브라녹스,record,False,False,False,False,,
Oblivion.esm,NPC_,0000C1DA,Wrath,FULL,0,,,Wrath,래스,record,False,False,False,False,,
Oblivion.esm,NPC_,0000C1D9,Minx,FULL,0,,,Minx,민스,record,False,False,False,False,,
Oblivion.esm,NPC_,0000C1D8,Lynch,FULL,0,,,Lynch,린치,record,False,False,False,False,,
Oblivion.esm,NPC_,0000C1D7,Selene,FULL,0,,,Selene,셀린,record,False,False,False,False,,
Oblivion.esm,NPC_,0000C1D5,GramangroMarad,FULL,0,,,Graman gro-Marad,그래맨 그로-마라드,record,False,False,False,False,,
Oblivion.esm,NPC_,0000C1D4,Ormil,FULL,0,,,Ormil,오르밀,record,False,False,False,False,,
Oblivion.esm,NPC_,0000C0F3,AnvilGuardEscortCountess,FULL,0,,,Countess's Bodyguard,여백작의 경호원,record,False,False,False,False,,
Oblivion.esm,NPC_,0000C03E,SkingradCastleGuardPatrolNight02,FULL,0,,,Skingrad Guard,스킨그라드 성 경비병,record,False,False,False,False,,
Oblivion.esm,NPC_,0000C03D,SkingradCastleGuardPatrolDay02,FULL,0,,,Skingrad Guard,스킨그라드 성 경비병,record,False,False,False,False,,
Oblivion.esm,NPC_,0000BFFC,AnvilGuardCityPostNight02,FULL,0,,,Anvil Guard,앤빌 경비병,record,False,False,False,False,,
Oblivion.esm,NPC_,0000BFFB,AnvilGuardCityPostDay02,FULL,0,,,Anvil Guard,앤빌 경비병,record,False,False,False,False,,
Oblivion.esm,NPC_,0000BFF8,AnvilGuardCityPostNight01,FULL,0,,,Anvil Guard,앤빌 경비병,record,False,False,False,False,,
Oblivion.esm,NPC_,0000BFF7,AnvilGuardCityPostDay01,FULL,0,,,Anvil Guard,앤빌 경비병,record,False,False,False,False,,
Oblivion.esm,NPC_,0000BFEE,AnvilGuardCityPatrolNight02,FULL,0,,,Anvil Guard,앤빌 경비병,record,False,False,False,False,,
Oblivion.esm,NPC_,0000BFED,AnvilGuardCityPatrolDay02,FULL,0,,,Anvil Guard,앤빌 경비병,record,False,False,False,False,,
Oblivion.esm,NPC_,0000BFE9,AnvilGuardCityPatrolNight01,FULL,0,,,Anvil Guard,앤빌 경비병,record,False,False,False,False,,
Oblivion.esm,NPC_,0000BFDF,AnvilGuardCityPatrolDay01,FULL,0,,,Anvil Guard,앤빌 경비병,record,False,False,False,False,,
Oblivion.esm,NPC_,0000BFDC,AnvilGuardCastlePostNight03,FULL,0,,,Anvil Guard,앤빌 경비병,record,False,False,False,False,,
Oblivion.esm,NPC_,0000BFDB,AnvilGuardCastlePostDay03,FULL,0,,,Anvil Guard,앤빌 경비병,record,False,False,False,False,,
Oblivion.esm,NPC_,0000BFD9,AnvilGuardCastlePatrolNight01,FULL,0,,,Anvil Guard,앤빌 경비병,record,False,False,False,False,,
Oblivion.esm,NPC_,0000BFD7,AnvilGuardCastlePatrolDay01,FULL,0,,,Anvil Guard,앤빌 경비병,record,False,False,False,False,,
Oblivion.esm,NPC_,0000BEE6,Fithragaer,FULL,0,,,Fithragaer,피스라게르,record,False,False,False,False,,
Oblivion.esm,NPC_,0000BEA7,DraranaThelis,FULL,0,,,Drarana Thelis,드라라나 텔리스,record,False,False,False,False,,
Oblivion.esm,NPC_,0000BE80,LadyRogbut,FULL,0,,,Lady Rogbut gra-Shurgak,로그벗 그라-슈르가크 양,record,False,False,False,False,,
Oblivion.esm,NPC_,0000BE7F,LordRugdumph,FULL,0,,,Lord Rugdumph gro-Shurgak,러그덤프 그로-슈르가크 영주,record,False,False,False,False,,
Oblivion.esm,NPC_,0000BE55,AnvilGuardJailorNight,FULL,0,,,Anvil Jailor,앤빌 간수,record,False,False,False,False,,
Oblivion.esm,NPC_,0000BE50,AnvilGuardJailorDay,FULL,0,,,Anvil Jailor,앤빌 간수,record,False,False,False,False,,
Oblivion.esm,NPC_,0000BD60,Larthjar,FULL,0,,,Larthjar the Laggard,느림보 라트야르,record,False,False,False,False,,
Oblivion.esm,NPC_,0000A2AE,AnvilGuardCastlePostNight02,FULL,0,,,Anvil Guard,앤빌 경비병,record,False,False,False,False,,
Oblivion.esm,NPC_,0000A2AB,AnvilGuardCastlePostNight01,FULL,0,,,Anvil Guard,앤빌 경비병,record,False,False,False,False,,
Oblivion.esm,NPC_,0000A2AA,AnvilGuardCastlePostDay02,FULL,0,,,Anvil Guard,앤빌 경비병,record,False,False,False,False,,
Oblivion.esm,NPC_,0000A2A7,AnvilGuardCastlePostDay01,FULL,0,,,Anvil Guard,앤빌 경비병,record,False,False,False,False,,
Oblivion.esm,NPC_,0000A2A5,GrayFoxStranger,FULL,0,,,A Stranger,수상한 자,record,False,False,False,False,,
Oblivion.esm,NPC_,0000A2A4,GorgogroShura,FULL,0,,,Gorgo gro-Shura,고르고 그로-슈라,record,False,False,False,False,,
Oblivion.esm,NPC_,0000A2A3,JesanSextius,FULL,0,,,Jesan Sextius,제산 섹스티우스,record,False,False,False,False,,
Oblivion.esm,NPC_,0000A2A2,Maelona,FULL,0,,,Maelona,맬로나,record,False,False,False,False,,
Oblivion.esm,NPC_,0000A2A1,Orrin,FULL,0,,,Orrin,오린,record,False,False,False,False,,
Oblivion.esm,NPC_,0000A2A0,QuillWeave,FULL,0,,,Quill-Weave,퀼-위브,record,False,False,False,False,,
Oblivion.esm,NPC_,0000A29F,RusiaBradus,FULL,0,,,Rusia Bradus,루시아 브라두스,record,False,False,False,False,,
Oblivion.esm,NPC_,0000A29E,AstiaInventius,FULL,0,,,Astia Inventius,아스티아 인벤티우스,record,False,False,False,False,,
Oblivion.esm,NPC_,0000A29D,PinarusInventius,FULL,0,,,Pinarus Inventius,피나루스 인벤티우스,record,False,False,False,False,,
Oblivion.esm,NPC_,0000A29C,Hasathil,FULL,0,,,Hasathil,하사틸,record,False,False,False,False,,
Oblivion.esm,NPC_,0000A29B,HeinrichOakenHull,FULL,0,,,Heinrich Oaken-Hull,하인리히 오큰-헐,record,False,False,False,False,,
Oblivion.esm,NPC_,0000A29A,Thurindil,FULL,0,,,Thurindil,투린딜,record,False,False,False,False,,
Oblivion.esm,NPC_,0000A299,Anguilon,FULL,0,,,Anguilon,앙길론,record,False,False,False,False,,
Oblivion.esm,NPC_,0000A298,Isolde,FULL,0,,,Isolde,이솔드,record,False,False,False,False,,
Oblivion.esm,NPC_,0000A297,HaulsRopesFaster,FULL,0,,,Hauls-Ropes-Faster,헐즈-로프스-패스터,record,False,False,False,False,,
Oblivion.esm,NPC_,0000A296,KrognakgroBrok,FULL,0,,,Krognak gro-Brok,크로그낙 그로-브록,record,False,False,False,False,,
Oblivion.esm,NPC_,0000A295,MirabelleMonet,FULL,0,,,Mirabelle Monet,미라벨 모네,record,False,False,False,False,,
Oblivion.esm,NPC_,0000A294,Huurwen,FULL,0,,,Huurwen,후르웬,record,False,False,False,False,,
Oblivion.esm,NPC_,0000A293,LlensiLlaram,FULL,0,,,Llensi Llaram,렌시 라람,record,False,False,False,False,,
Oblivion.esm,NPC_,0000A292,StentheUgly,FULL,0,,,Sten the Ugly,못생긴 스텐,record,False,False,False,False,,
Oblivion.esm,NPC_,0000A291,RufriusVinicius,FULL,0,,,Rufrius Vinicius,루프리우스 비니시우스,record,False,False,False,False,,
Oblivion.esm,NPC_,0000A290,Rhano,FULL,0,,,Rhano,라노,record,False,False,False,False,,
Oblivion.esm,NPC_,0000A28F,Vigdis,FULL,0,,,Vigdis,비그디스,record,False,False,False,False,,
Oblivion.esm,NPC_,0000A28C,Baeralorn,FULL,0,,,Baeralorn,베이랄론,record,False,False,False,False,,
Oblivion.esm,NPC_,0000A28B,Langley,FULL,0,,,Langley,랭글리,record,False,False,False,False,,
Oblivion.esm,NPC_,0000A289,Dairihill,FULL,0,,,Dairihill,다이어힐,record,False,False,False,False,,
Oblivion.esm,NPC_,0000A288,MillonaUmbranox,FULL,0,,,Countess Millona Umbranox,밀로나 움브라녹스 백작 부인,record,False,False,False,False,,
Oblivion.esm,NPC_,0000A287,DumaniaJirich,FULL,0,,,Dumania Jirich,더마니아 지리크,record,False,False,False,False,,
Oblivion.esm,NPC_,0000A286,Laralthir,FULL,0,,,Laralthir,라랄티르,record,False,False,False,False,,
Oblivion.esm,NPC_,0000A285,Trevaia,FULL,0,,,Trevaia,트레바이아,record,False,False,False,False,,
Oblivion.esm,NPC_,0000A283,VarelMorvayn,FULL,0,,,Varel Morvayn,바렐 모베인,record,False,False,False,False,,
Oblivion.esm,NPC_,0000A282,WilhelmtheWorm,FULL,0,,,Wilhelm the Worm,벌레 빌헬름,record,False,False,False,False,,
Oblivion.esm,NPC_,0000A281,DidierAumilie,FULL,0,,,Didier Aumilie,디디어 오밀리,record,False,False,False,False,,
Oblivion.esm,NPC_,0000A280,Sshani,FULL,0,,,S'shani,스'샤니,record,False,False,False,False,,
Oblivion.esm,NPC_,0000A27E,Wilbur,FULL,0,,,Wilbur,윌버,record,False,False,False,False,,
Oblivion.esm,NPC_,0000A27D,Caenlorn,FULL,0,,,Caenlorn,캐인론,record,False,False,False,False,,
Oblivion.esm,NPC_,0000A27C,Maenlorn,FULL,0,,,Maenlorn,매인론,record,False,False,False,False,,
Oblivion.esm,NPC_,0000A27B,UlfgarFogEye,FULL,0,,,Ulfgar Fog-Eye,울프가르 포그-아이,record,False,False,False,False,,
Oblivion.esm,NPC_,0000A25C,VieraLerus,FULL,0,,,Viera Lerus,비에라 레루스,record,False,False,False,False,,
Oblivion.esm,NPC_,0000A188,BravilGuardEscortCount,FULL,0,,,Count's Bodyguard,백작의 경호원,record,False,False,False,False,,
Oblivion.esm,NPC_,0000A17E,BravilGuardJailorNight,FULL,0,,,Bravil Jailor,브라빌 간수,record,False,False,False,False,,
Oblivion.esm,NPC_,0000A17D,BravilGuardJailorDay,FULL,0,,,Bravil Jailor,브라빌 간수,record,False,False,False,False,,
Oblivion.esm,NPC_,0000A169,BravilGuardCityPostNight01,FULL,0,,,Bravil Guard,브라빌 경비병,record,False,False,False,False,,
Oblivion.esm,NPC_,0000A168,BravilGuardCityPostDay01,FULL,0,,,Bravil Guard,브라빌 경비병,record,False,False,False,False,,
Oblivion.esm,NPC_,0000A15E,BravilGuardCityPostNight03,FULL,0,,,Bravil Guard,브라빌 경비병,record,False,False,False,False,,
Oblivion.esm,NPC_,0000A15D,BravilGuardCityPostNight02,FULL,0,,,Bravil Guard,브라빌 경비병,record,False,False,False,False,,
Oblivion.esm,NPC_,0000A15B,BravilGuardCityPatrolNight01,FULL,0,,,Bravil Guard,브라빌 경비병,record,False,False,False,False,,
Oblivion.esm,NPC_,0000A156,BravilGuardCityPostDay03,FULL,0,,,Bravil Guard,브라빌 경비병,record,False,False,False,False,,
Oblivion.esm,NPC_,0000A152,BravilGuardCityPostDay02,FULL,0,,,Bravil Guard,브라빌 경비병,record,False,False,False,False,,
Oblivion.esm,NPC_,0000A143,BravilGuardCityPatrolDay01,FULL,0,,,Bravil Guard,브라빌 경비병,record,False,False,False,False,,
Oblivion.esm,NPC_,0000A140,BravilGuardCastlePostNight02,FULL,0,,,Bravil Guard,브라빌 경비병,record,False,False,False,False,,
Oblivion.esm,NPC_,0000A13F,BravilGuardCastlePostNight01,FULL,0,,,Bravil Guard,브라빌 경비병,record,False,False,False,False,,
Oblivion.esm,NPC_,0000A13A,BravilGuardCastlePostDay02,FULL,0,,,Bravil Guard,브라빌 경비병,record,False,False,False,False,,
Oblivion.esm,NPC_,0000A137,BravilGuardCastlePostDay01,FULL,0,,,Bravil Guard,브라빌 경비병,record,False,False,False,False,,
Oblivion.esm,NPC_,0000A112,Reenum,FULL,0,,,Reenum,리넘,record,False,False,False,False,,
Oblivion.esm,NPC_,0000A111,UrsanneLoche,FULL,0,,,Ursanne Loche,얼세인 로셰,record,False,False,False,False,,
Oblivion.esm,NPC_,0000A110,AleronLoche,FULL,0,,,Aleron Loche,알레론 로셰,record,False,False,False,False,,
Oblivion.esm,NPC_,0000A10F,RoxanneBrigette,FULL,0,,,Roxanne Brigette,록산 브리짓,record,False,False,False,False,,
Oblivion.esm,NPC_,0000A10E,ReistrtheRotted,FULL,0,,,Reistr the Rotted,썩은 레이스트,record,False,False,False,False,,
Oblivion.esm,NPC_,0000A10D,Rvanni,FULL,0,,,R'vanni,르'반니,record,False,False,False,False,,
Oblivion.esm,NPC_,0000A10C,JzinDar,FULL,0,,,J'zin-Dar,즈'진-다르,record,False,False,False,False,,
Oblivion.esm,NPC_,0000A10B,Andragil,FULL,0,,,Andragil,안드라길,record,False,False,False,False,,
Oblivion.esm,NPC_,0000A10A,LucianaGalena,FULL,0,,,Luciana Galena,루시아나 갈레나,record,False,False,False,False,,
Oblivion.esm,NPC_,0000A109,CitySwimmer,FULL,0,,,City-Swimmer,시티-스위머,record,False,False,False,False,,
Oblivion.esm,NPC_,0000A108,Carandial,FULL,0,,,Carandial,카란디알,record,False,False,False,False,,
Oblivion.esm,NPC_,0000A09A,VolanaroDead,FULL,0,,,Volanaro,볼라나로,record,False,False,False,False,,
Oblivion.esm,NPC_,0000A099,SelenaOraniaDead,FULL,0,,,Selena Orania,셀레나 오라니아,record,False,False,False,False,,
Oblivion.esm,NPC_,0000A096,TadroseHelas,FULL,0,,,Tadrose Helas,태드로스 헬라스,record,False,False,False,False,,
Oblivion.esm,NPC_,0000A095,Nahsi,FULL,0,,,Nahsi,나흐시,record,False,False,False,False,,
Oblivion.esm,NPC_,0000A094,VincentGalien,FULL,0,,,Vincent Galien,빈센트 갈리엔,record,False,False,False,False,,
Oblivion.esm,NPC_,0000A093,DrelsTheran,FULL,0,,,Drels Theran,드렐스 테란,record,False,False,False,False,,
Oblivion.esm,NPC_,0000A092,GelliusTerentius,FULL,0,,,Gellius Terentius,겔리우스 테렌티우스,record,False,False,False,False,,
Oblivion.esm,NPC_,0000A091,HansBlackNail,FULL,0,,,Hans Black-Nail,한스 블랙-네일,record,False,False,False,False,,
Oblivion.esm,NPC_,0000A090,FathisAren,FULL,0,,,Fathis Aren,파시스 아렌,record,False,False,False,False,,
Oblivion.esm,NPC_,0000A08F,DroNahrah,FULL,0,,,Dro'Nahrahe,드로'나라헤,record,False,False,False,False,,
Oblivion.esm,NPC_,0000A08E,RegulusTerentius,FULL,0,,,Count Regulus Terentius,레굴루스 테렌티우스 백작 ,record,False,False,False,False,,
Oblivion.esm,NPC_,0000A08D,OlavatheFair,FULL,0,,,Olava the Fair,공정한 올라바,record,False,False,False,False,,
Oblivion.esm,NPC_,0000A08C,ChanaMona,FULL,0,,,Chana Mona,차나 모나,record,False,False,False,False,,
Oblivion.esm,NPC_,0000A08B,Marz,FULL,0,,,Marz,마르즈,record,False,False,False,False,,
Oblivion.esm,NPC_,0000A08A,UravasaOthrelas,FULL,0,,,Uravasa Othrelas,우라바사 오트렐라스,record,False,False,False,False,,
Oblivion.esm,NPC_,0000A089,Daenlin,FULL,0,,,Daenlin,데인린,record,False,False,False,False,,
Oblivion.esm,NPC_,0000A088,Ungarion,FULL,0,,,Ungarion,운가리온,record,False,False,False,False,,
Oblivion.esm,NPC_,0000A087,Nilawen,FULL,0,,,Nilawen,닐라웬,record,False,False,False,False,,
Oblivion.esm,NPC_,0000A086,JeanPierreLemonds,FULL,0,,,Jean-Pierre Lemonds,장-피에르 레몽,record,False,False,False,False,,
Oblivion.esm,NPC_,0000A085,BrokilgroShatur,FULL,0,,,Brokil gro-Shatur,브로킬 그로-샤투르,record,False,False,False,False,,
Oblivion.esm,NPC_,0000A084,Gilgondorin,FULL,0,,,Gilgondorin,길곤도린,record,False,False,False,False,,
Oblivion.esm,NPC_,0000A083,Ranaline,FULL,0,,,Ranaline,라날린,record,False,False,False,False,,
Oblivion.esm,NPC_,0000A082,BogrumGroGalash,FULL,0,,,Bogrum Gro-Galash,보그럼 그로-갈라쉬,record,False,False,False,False,,
Oblivion.esm,NPC_,00009C5A,ICWaterfrontGuardDay01,FULL,0,,,Imperial Watch,제국 경비병,record,False,False,False,False,,
Oblivion.esm,NPC_,00009C3B,Enrion,FULL,0,,,Enrion,엔리온,record,False,False,False,False,,
Oblivion.esm,NPC_,00009C3A,DreetLai,FULL,0,,,Dreet-Lai,드리트-라이,record,False,False,False,False,,
Oblivion.esm,NPC_,00009C39,Ashanta,FULL,0,,,Ashanta,아샨타,record,False,False,False,False,,
Oblivion.esm,NPC_,00009C38,Hlofgar,FULL,0,,,Hlofgar,흐로프가르,record,False,False,False,False,,
Oblivion.esm,NPC_,000097A5,AmantiusAllectus,FULL,0,,,Amantius Allectus,아만티우스 알렉투스,record,False,False,False,False,,
Oblivion.esm,NPC_,00009236,OrumGangCourier2,FULL,0,,,Camonna Tong Thug,카모나 통 깡패,record,False,False,False,False,,
Oblivion.esm,NPC_,00009235,OrumGangCourier1,FULL,0,,,Camonna Tong Thug,카모나 통 깡패,record,False,False,False,False,,
Oblivion.esm,NPC_,0000922B,TheNightMother,FULL,0,,,The Night Mother,나이트 마더,record,False,False,False,False,,
Oblivion.esm,NPC_,000091F5,BieneAmelion,FULL,0,,,Biene Amelion,비엔 아멜리온,record,False,False,False,False,,
Oblivion.esm,NPC_,000055D6,CheydinhalGuardJailorNight,FULL,0,,,Cheydinhal Jailor,셰이딘홀 간수,record,False,False,False,False,,
Oblivion.esm,NPC_,000055D5,CheydinhalGuardJailorDay,FULL,0,,,Cheydinhal Jailor,셰이딘홀 간수,record,False,False,False,False,,
Oblivion.esm,NPC_,000055D4,CheydinhalGuardCountEscort,FULL,0,,,Count's Bodyguard,백작의 경호원,record,False,False,False,False,,
Oblivion.esm,NPC_,000055D3,CheydinhalGuardCastlePatrolNight01,FULL,0,,,Cheydinhal Guard,셰이딘홀 경비병,record,False,False,False,False,,
Oblivion.esm,NPC_,000055D2,CheydinhalGuardCastlePatrolDay01,FULL,0,,,Cheydinhal Guard,셰이딘홀 경비병,record,False,False,False,False,,
Oblivion.esm,NPC_,000055CD,CheydinhalGuardCityPostNight02,FULL,0,,,Cheydinhal Guard,셰이딘홀 경비병,record,False,False,False,False,,
Oblivion.esm,NPC_,000055CC,CheydinhalGuardCityPostNight01,FULL,0,,,Cheydinhal Guard,셰이딘홀 경비병,record,False,False,False,False,,
Oblivion.esm,NPC_,000055CB,CheydinhalGuardCityPostDay02,FULL,0,,,Cheydinhal Guard,셰이딘홀 경비병,record,False,False,False,False,,
Oblivion.esm,NPC_,000055CA,CheydinhalGuardCityPostDay01,FULL,0,,,Cheydinhal Guard,셰이딘홀 경비병,record,False,False,False,False,,
Oblivion.esm,NPC_,000055C9,CheydinhalGuardCityPatrolNight02,FULL,0,,,Cheydinhal Guard,셰이딘홀 경비병,record,False,False,False,False,,
Oblivion.esm,NPC_,000055C8,CheydinhalGuardCityPatrolNight01,FULL,0,,,Cheydinhal Guard,셰이딘홀 경비병,record,False,False,False,False,,
Oblivion.esm,NPC_,000055C7,CheydinhalGuardCityPatrolDay02,FULL,0,,,Cheydinhal Guard,셰이딘홀 경비병,record,False,False,False,False,,
Oblivion.esm,NPC_,000055C6,CheydinhalGuardCityPatrolDay01,FULL,0,,,Cheydinhal Guard,셰이딘홀 경비병,record,False,False,False,False,,
Oblivion.esm,NPC_,000055C5,CheydinhalGuardCastlePostNight02,FULL,0,,,Cheydinhal Guard,셰이딘홀 경비병,record,False,False,False,False,,
Oblivion.esm,NPC_,000055C4,CheydinhalGuardCastlePostNight01,FULL,0,,,Cheydinhal Guard,셰이딘홀 경비병,record,False,False,False,False,,
Oblivion.esm,NPC_,000055C3,CheydinhalGuardCastlePostDay02,FULL,0,,,Cheydinhal Guard,셰이딘홀 경비병,record,False,False,False,False,,
Oblivion.esm,NPC_,000055C2,CheydinhalGuardCastlePostDay01,FULL,0,,,Cheydinhal Guard,셰이딘홀 경비병,record,False,False,False,False,,
Oblivion.esm,NPC_,00003A8A,TestVampireNPC,FULL,0,,,Vampire,뱀파이어,record,False,False,False,False,,
Oblivion.esm,NPC_,000039B1,VontusIdolus,FULL,0,,,Vontus Idolus,본투스 아이돌루스,record,False,False,False,False,,
Oblivion.esm,NPC_,000039AE,Carsten,FULL,0,,,Carsten,칼스텐,record,False,False,False,False,,
Oblivion.esm,NPC_,000039AB,Shamar,FULL,0,,,Shamar,샤마르,record,False,False,False,False,,
Oblivion.esm,NPC_,000039A6,Eridor,FULL,0,,,Eridor,에리도르,record,False,False,False,False,,
Oblivion.esm,NPC_,0000398A,MathieuBellamont,FULL,0,,,Mathieu Bellamont,마티유 벨라몬트,record,False,False,False,False,,
Oblivion.esm,NPC_,00003946,Ksharr,FULL,0,,,K'Sharr,크'샤르,record,False,False,False,False,,
Oblivion.esm,NPC_,000038CA,LaytheWavrick,FULL,0,,,Laythe Wavrick,레이스 와브릭,record,False,False,False,False,,
Oblivion.esm,NPC_,000038B5,CamillaLollia,FULL,0,,,Camilla Lollia,카밀라 롤리아,record,False,False,False,False,,
Oblivion.esm,NPC_,000038B3,MarietteRielle,FULL,0,,,Mariette Rielle,마리에트 리엘,record,False,False,False,False,,
Oblivion.esm,NPC_,000034E0,TovasSelvani,FULL,0,,,Tovas Selvani,토바스 셀바니,record,False,False,False,False,,
Oblivion.esm,NPC_,000034DF,LlevanaNedaren,FULL,0,,,Llevana Nedaren,레바나 네다렌,record,False,False,False,False,,
Oblivion.esm,NPC_,000034DE,AldosOthran,FULL,0,,,Aldos Othran,알도스 오스란,record,False,False,False,False,,
Oblivion.esm,NPC_,000034DD,BazurgroGharz,FULL,0,,,Bazur gro-Gharz,바주르 그로-가르즈,record,False,False,False,False,,
Oblivion.esm,NPC_,000034DC,OghashgraMagul,FULL,0,,,Oghash gra-Magul,오가쉬 그라-마굴,record,False,False,False,False,,
Oblivion.esm,NPC_,000034DB,Ganredhel,FULL,0,,,Ganredhel,간레델,record,False,False,False,False,,
Oblivion.esm,NPC_,000034DA,MaknokgroCoblug,FULL,0,,,Maknok gro-Coblug,마크녹 그로-코블루그,record,False,False,False,False,,
Oblivion.esm,NPC_,000034D9,RogmeshgraCoblug,FULL,0,,,Rogmesh gra-Coblug,로그메쉬 그라-코블루그,record,False,False,False,False,,
Oblivion.esm,NPC_,000034D8,TanasaArano,FULL,0,,,Tanasa Arano,타나사 아라노,record,False,False,False,False,,
Oblivion.esm,NPC_,000034D7,TolisiGirith,FULL,0,,,Tolisi Girith,톨리시 기리스,record,False,False,False,False,,
Oblivion.esm,NPC_,000034D6,Voranil,FULL,0,,,Voranil,보라닐,record,False,False,False,False,,
