file,record_type,formid,editor_id,field,occurrence,quest_stage,quest_stage_occurrence,source_english,translation_korean,origin,flag_korean_english_parentheses,flag_english_remnant,flag_topic_system_candidate,flag_decode_unknown,review_priority,english_tokens
Knights.esp,INFO,01002961,,NAM1,0,,,"Yes, Sir Knight?","네, 기사님?",record,False,False,False,False,,
Knights.esp,INFO,01002962,,NAM1,0,,,"What do you need me to do, Sir Knight?","무엇을 도와드릴까요, 기사님?",record,False,False,False,False,,
Knights.esp,INFO,01002963,,NAM1,0,,,"What are your orders, Commander?",사령관의 명령은 무엇입니까?,record,False,False,False,False,,
Knights.esp,INFO,01002964,,NAM1,0,,,"A true Knight never forgets his faith, and so I pray to the Nine every day.","진정한 기사는 자신의 믿음을 결코 잊지 않으므로, 저는 매일 나인 디바인에게 기도합니다.",record,False,False,False,False,,
Knights.esp,INFO,01002965,,NAM1,0,,,"The Nine have given so much to us, and I take time to thank them for it.","나인 디바인께서는 우리에게 너무 많은 것을 주셨는데, 그들에게 감사를 전하기 위해 시간을 내야겠어요.",record,False,False,False,False,,
Knights.esp,INFO,01002966,,NAM1,0,,,I give praise to the Nine. I owe them much.,나는 나인 디바인을 찬양합니다. 그들에게 많은 빚을 지고 있습니다.,record,False,False,False,False,,
Knights.esp,INFO,01002967,,NAM1,0,,,"It's not the same as using a blade, but archery can be invaluable in the right circumstances.","칼을 사용하는 것과는 다르지만, 적절한 상황에서 활을 사용하는 것은 매우 유용할 수 있습니다.",record,False,False,False,False,,
Knights.esp,INFO,01002968,,NAM1,0,,,"Whatever the situation calls for, I intend to be prepared. Ranged combat isn't my specialty, so I work hard at it.","상황이 요구하는 것이 무엇이든, 저는 준비를 하고 싶습니다. 원거리 전투는 제 전문 분야가 아니기 때문에 열심히 연습하고 있습니다.",record,False,False,False,False,,
Knights.esp,INFO,01002969,,NAM1,0,,,"There's always room for improvement, isn't that right Commander?","항상 개선의 여지가 있는 법이죠, 그렇죠, 사령관님?",record,False,False,False,False,,
Knights.esp,INFO,0100296A,,NAM1,0,,,A knight is only as good as his blade. A bit more practice never hurt anyone.,기사는 그의 검만큼만 훌륭합니다. 조금 더 연습을 하는 것이 나쁘지 않을 겁니다.,record,False,False,False,False,,
Knights.esp,INFO,0100296B,,NAM1,0,,,"Practice keeps the muscles loose, ready for combat. I intend to be at my best if you need me, Sir Knight.",연습을 통해 근육을 유연하게 유지하고 전투에 대비합니다. 기사님이 필요하실 때 최상의 컨디션을 유지할 수 있도록 하겠습니다.,record,False,False,False,False,,
Knights.esp,INFO,0100296C,,NAM1,0,,,"One can never be too proficient with a blade, wouldn't you say?",칼을 잘 다룰 수 있는 사람은 아무리 많더라도 지나치지 않지 않습니까?,record,False,False,False,False,,
Knights.esp,INFO,0100296D,,NAM1,0,,,"How may I serve you, Commander?","어떻게 도와드릴까요, 사령관님?",record,False,False,False,False,,
Knights.esp,INFO,0100296E,,NAM1,0,,,"I am at your service, Commander.","명령을 기다리겠습니다, 사령관님.",record,False,False,False,False,,
Knights.esp,INFO,0100296F,,NAM1,0,,,"What is it, Lord Crusader?","무슨 일이십니까, 성전사 경?",record,False,False,False,False,,
Knights.esp,INFO,01002970,,NAM1,0,,,"I am at your service, Lord Crusader.","명령을 기다리겠습니다, 성전사 경.",record,False,False,False,False,,
Knights.esp,INFO,01002971,,NAM1,0,,,"Greetings, Sir Knight.","안녕하십니까, 기사님.",record,False,False,False,False,,
Knights.esp,INFO,01002972,,NAM1,0,,,"You serve the Nine well, noble Knight.","귀족의 기사님, 나인 디바인을 잘 섬기십니다.",record,False,False,False,False,,
Knights.esp,INFO,01002973,,NAM1,0,,,How may this humbled shade serve you?,이 보잘것없는 유령이 어떻게 도와드릴 수 있겠습니까?,record,False,False,False,False,,
Knights.esp,INFO,01002974,,NAM1,0,,,"Serve the Nine with pride, Sir Knight.","자부심을 가지고 나인 디바인을 섬기세요, 기사님.",record,False,False,False,False,,
Knights.esp,INFO,0100297B,,NAM1,0,,,I used to think you were a hero. A holy knight and all that. I guess I should have known better.,예전에는 당신이 영웅이라고 생각했습니다. 성스러운 기사라고 생각했습니다. 더 잘 알았어야 했어요.,record,False,False,False,False,,
Knights.esp,INFO,0100297C,,NAM1,0,,,I used to admire you. But it turns out you're just a sinner like all the rest of us.,예전에는 당신을 존경했습니다. 하지만 당신은 우리와 같은 죄인일 뿐이었습니다.,record,False,False,False,False,,
Knights.esp,INFO,0100297D,,NAM1,0,,,"Well, well. If it isn't the holy Crusader himself.","오, 오, 성스러운 성전사 자신이 아니신가.",record,False,False,False,False,,
Knights.esp,INFO,0100297E,,NAM1,0,,,"Well, well. If it isn't the holy Crusader herself.","오, 오, 성스러운 성전사 자신이 아니신가.",record,False,False,False,False,,
Knights.esp,INFO,0100297F,,NAM1,0,,,"You saved the church from that wicked old Ayleid king, didn't you? Well done!",당신은 사악한 옛 에일리드 왕으로부터 교회를 구한 것이죠? 잘하셨습니다!,record,False,False,False,False,,
Knights.esp,INFO,01002980,,NAM1,0,,,I've heard of you! You're the Divine Crusader everybody's talking about!,당신에 대해 들었습니다! 모두가 말하는 신성한 성전사입니다!,record,False,False,False,False,,
Knights.esp,INFO,01002981,,NAM1,0,,,The Divine Crusader himself! To what do I owe this honor?,신성한 성전사 자신이 돌아왔습니다! 이 영광은 무슨 덕분입니까?,record,False,False,False,False,,
Knights.esp,INFO,01002982,,NAM1,0,,,The Divine Crusader herself! To what do I owe this honor?,신성한 성전사 자신이 돌아왔습니다! 이 영광은 무슨 덕분입니까?,record,False,False,False,False,,
Knights.esp,INFO,01002983,,NAM1,0,,,You really fought that Umaril creature in the sky over the Imperial City? I would have liked to have seen that!,임페리얼 시티의 하늘에서 우마릴이라는 생물과 정말 싸웠습니까? 그 모습을 보고 싶네요!,record,False,False,False,False,,
Knights.esp,INFO,01002984,,NAM1,0,,,"You're the one who restored the Knights of the Nine, right? Well done, if I may say so. We could use more people like you these days.",당신이 나인 디바인 기사단을 복원한 사람 맞죠? 정말 잘하셨습니다. 요즘은 당신 같은 사람이 더 필요해요.,record,False,False,False,False,,
Knights.esp,INFO,01002985,,NAM1,0,,,"Your quest for the Crusader's Relics was the equal of any of the old tales! Well met, Sir Knight!","성전사의 유물을 찾으려는 당신의 여정은 옛 이야기들만큼이나 훌륭했습니다! 만나서 반갑습니다, 기사님!",record,False,False,False,False,,
Knights.esp,INFO,01002986,,NAM1,0,,,"What can I do for you, Sir Knight?","기사님, 무엇을 도와드릴까요?",record,False,False,False,False,,
Knights.esp,INFO,01002987,,NAM1,0,,,"I'm at your service, Sir Knight.",기사님의 명령을 따르겠습니다.,record,False,False,False,False,,
Knights.esp,INFO,01002988,,NAM1,0,,,"Welcome, Pilgrim.","환영합니다, 순례자.",record,False,False,False,False,,
Knights.esp,INFO,01002989,,NAM1,0,,,"Welcome, Knight Errant.","환영합니다, 방랑 기사.",record,False,False,False,False,,
Knights.esp,INFO,0100298A,,NAM1,0,,,"Welcome, Knight Commander.","환영합니다, 기사단장.",record,False,False,False,False,,
Knights.esp,INFO,0100298B,,NAM1,0,,,"Welcome, Divine Crusader.","환영합니다, 신성한 성전사.",record,False,False,False,False,,
Knights.esp,DIAL,000000D2,HELLO,FULL,0,,,HELLO,안녕하세요,record,False,False,True,False,TOPIC_CHECK,
Knights.esp,INFO,010029BD,,NAM1,0,,,"We're ready for anything, Commander.","우리는 모든 것에 준비되어 있습니다, 사령관님.",record,False,False,False,False,,
Knights.esp,INFO,010029BE,,NAM1,0,,,There's no telling what we'll find in there.,그 안에 뭐가 있을지 아무도 모릅니다.,record,False,False,False,False,,
Knights.esp,INFO,010029BF,,NAM1,0,,,These Aurorans will never stand against the combined might of the Knights of the Nine!,이 오로라인들은 나인 디바인 기사단의 연합군에 대항할 수 없습니다!,record,False,False,False,False,,
Knights.esp,INFO,010029C0,,NAM1,0,,,We need to get those gates open.,이 성문을 열어야 합니다.,record,False,False,False,False,,
Knights.esp,INFO,010029C1,,NAM1,0,,,Do you think we took them by surprise?,우리가 그들을 기습했다고 생각하십니까?,record,False,False,False,False,,
Knights.esp,INFO,010029C2,,NAM1,0,,,So far so good.,지금까지는 괜찮습니다.,record,False,False,False,False,,
Knights.esp,INFO,010029C3,,NAM1,0,,,I have a bad feeling about this.,불길한 예감이 듭니다.,record,False,False,False,False,,
Knights.esp,INFO,010029C4,,NAM1,0,,,We must press on!,우리는 계속 진행해야 합니다!,record,False,False,False,False,,
Knights.esp,INFO,010029C5,,NAM1,0,,,Umaril must be hiding further in.,우마릴은 더 안쪽으로 숨어 있을 겁니다.,record,False,False,False,False,,
Knights.esp,INFO,010029C6,,NAM1,0,,,The vengeance of the Nine upon these foul creatures!,이 사악한 생물들에게 나인 디바인의 복수가 내려질 것입니다!,record,False,False,False,False,,
Knights.esp,INFO,010029C7,,NAM1,0,,,Let's keep moving.,계속 갑시다.,record,False,False,False,False,,
Knights.esp,INFO,010029C8,,NAM1,0,,,Looks like it opens up into a huge room up ahead.,앞에 거대한 방으로 이어지는 문이 있는 것 같습니다.,record,False,False,False,False,,
Knights.esp,INFO,010029C9,,NAM1,0,,,I wonder if Umaril will dare face us?,우마릴이 감히 우리 앞에 나타날 수 있을지 궁금하네.,record,False,False,False,False,,
Knights.esp,INFO,010029CA,,NAM1,0,,,The orb restores them to life! How can we defeat them?,구슬이 그들을 되살리고 있습니다! 어떻게 그들을 물리칠 수 있을까요?,record,False,False,False,False,,
Knights.esp,INFO,010029CB,,NAM1,0,,,Our valor is useless against this daedric devilry!,이 데이드라 악마에 대항하기에는 우리의 용맹함은 무력합니다!,record,False,False,False,False,,
Knights.esp,INFO,010029CC,,NAM1,0,,,I don't like the looks of this.,이 상황이 마음에 들지 않네요.,record,False,False,False,False,,
Knights.esp,INFO,010029CD,,NAM1,0,,,All for the Nine!,나인 디바인들을 위해!,record,False,False,False,False,,
Knights.esp,INFO,010029E0,,NAM1,0,,,This doesn't look familiar. I think we're going the wrong way.,이건 익숙하지 않네요. 우리가 잘못된 길로 가고 있는 것 같습니다.,record,False,False,False,False,,
Knights.esp,INFO,010029E1,,NAM1,0,,,This is the way Sir Roderick and I came.,로데릭 경과 제가 왔던 길입니다.,record,False,False,False,False,,
Knights.esp,INFO,010029A6,,NAM1,0,,,Please! Set me free!,제발! 날 풀어줘!,record,False,False,False,False,,
Knights.esp,INFO,010029A7,,NAM1,0,,,"Open the gate, please. I must get out of here.",문을 열어 주세요. 여기서 나가야 합니다.,record,False,False,False,False,,
Knights.esp,INFO,010029A8,,NAM1,0,,,Help me!,도와줘!,record,False,False,False,False,,
Knights.esp,INFO,010029A9,,NAM1,0,,,Thank you for freeing me.,저를 풀어주셔서 감사합니다.,record,False,False,False,False,,
Knights.esp,INFO,010029DE,,NAM1,0,,,"You must excuse me, as I'm not feeling well.",몸이 좋지 않아서 실례하겠습니다.,record,False,False,False,False,,
Knights.esp,INFO,010029DF,,NAM1,0,,,Have you spoken with Kellen?,켈렌과 이야기해 보셨습니까?,record,False,False,False,False,,
Knights.esp,INFO,010029E2,,NAM1,0,,,All are welcome here.,모두 환영합니다.,record,False,False,False,False,,
Knights.esp,INFO,010029CE,,NAM1,0,,,"Yes, Lord Crusader?","네, 성전사 경?",record,False,False,False,False,,
Knights.esp,INFO,010029CF,,NAM1,0,,,"Hail, Lord Crusader.","만세, 성전사 영주님.",record,False,False,False,False,,
Knights.esp,INFO,010029D0,,NAM1,0,,,"Yes, Commander?","네, 사령관님?",record,False,False,False,False,,
Knights.esp,INFO,010029D1,,NAM1,0,,,Commander.,사령관.,record,False,False,False,False,,
Knights.esp,INFO,010029D2,,NAM1,0,,,"Hail, Commander.","만세, 사령관님.",record,False,False,False,False,,
Knights.esp,INFO,010029D3,,NAM1,0,,,"Greetings, Sir Knight.","안녕하십니까, 기사님.",record,False,False,False,False,,
Knights.esp,INFO,010029D4,,NAM1,0,,,"Well met, Sir Knight.","만나서 반갑습니다, 기사님.",record,False,False,False,False,,
Knights.esp,INFO,010029D5,,NAM1,0,,,"The slaughtered of Bravil now join their voices to Dibella's children, crying out for righteous vengeance!",브라빌에서 학살된 자들이 이제 디벨라의 자식들과 함께 의로운 복수를 외치고 있습니다!,record,False,False,False,False,,
Knights.esp,INFO,010029D6,,NAM1,0,,,Umaril has returned! The Eight and One need a new Crusader!,우마릴이 돌아왔습니다! 에잇 디바인과 한 분께서는 새로운 성전사를 필요로 하십니다!,record,False,False,False,False,,
Knights.esp,INFO,010029D7,,NAM1,0,,,Look well upon the faces of the dead in the Chapel! This is only the start of Umaril's revenge upon the gods!,예배당에 있는 죽은 자들의 얼굴을 잘 보세요! 이것은 우마릴이 신들에 대한 복수의 시작에 불과합니다!,record,False,False,False,False,,
Knights.esp,INFO,010029D8,,NAM1,0,,,Who will stand for the Eight and One? Who will complete Pelinal's holy mission of vengeance upon Umaril the Unfeathered?,에잇 디바인과 한 분을 위해 일어설 사람은 누구일까요? 펠리날이 무익한 우마릴에 대한 복수의 성스러운 임무를 완수할 사람은 누구일까요?,record,False,False,False,False,,
Knights.esp,INFO,010029D9,,NAM1,0,,,The light of the Divine still shines in your face. You have been chosen by the gods for a holy mission. Do not fail.,신성한 빛이 여전히 당신의 얼굴에 비추고 있습니다. 당신은 신들이 선택한 성스러운 임무를 맡은 사람입니다. 실패하지 마십시오.,record,False,False,False,False,,
Knights.esp,INFO,010029DA,,NAM1,0,,,You must finish what you have started if you wish the gods to look upon you with favor.,"신들의 은총을 받고 싶다면, 시작한 일은 끝내야 합니다.",record,False,False,False,False,,
Knights.esp,INFO,010029DB,,NAM1,0,,,The Way of the Pilgrim awaits. Go now and pray for divine guidance.,순례자의 길이 기다리고 있습니다. 지금 가서 신의 인도를 기원하세요.,record,False,False,False,False,,
Knights.esp,INFO,010029AA,,NAM1,0,,,"Hail, sir knight. Is it a good time? We need to talk.","안녕하십니까, 기사님. 지금 시간 괜찮으십니까? 이야기할 것이 있습니다.",record,False,False,False,False,,
Knights.esp,INFO,010029AB,,NAM1,0,,,"You fought at Garlas Malatar, did you not? Tell me about the battle, if you would.",당신은 가르라스 말라타르에서 싸웠죠? 그 전투에 대해 이야기해 주세요.,record,False,False,False,False,,
Knights.esp,INFO,010029AC,,NAM1,0,,,"Tell me about Garlas Malatar, sir knight. These Aurorans -- what sort of foes were they?","갈라스 말라타르에 대해 말씀해 주세요, 기사님. 이 오로라인들은 어떤 적들이었습니까?",record,False,False,False,False,,
Knights.esp,INFO,010029AD,,NAM1,0,,,"Take a moment, if you would, and tell me again about the battle of Garlas Malatar.","잠시 시간을 내서, 가르라스 말라타르의 전투에 대해 다시 한 번 이야기해 주세요.",record,False,False,False,False,,
Knights.esp,INFO,010029AE,,NAM1,0,,,"Sir knight, I would speak with you.","기사님, 말씀이 있습니다.",record,False,False,False,False,,
Knights.esp,INFO,010029AF,,NAM1,0,,,"My dear sir knight, may we speak a moment?","친애하는 기사님, 잠시 말씀 좀 드려도 될까요?",record,False,False,False,False,,
Knights.esp,INFO,010029B0,,NAM1,0,,,"A moment, if you please, good sir. We should speak.","잠시만, 실례합니다, 선생님. 이야기 좀 합시다.",record,False,False,False,False,,
Knights.esp,INFO,010029B1,,NAM1,0,,,"Ah, sir knight! I was hoping we could discuss a rather important matter.","아, 기사님! 중요한 일이 있어서 이야기하고 싶었습니다.",record,False,False,False,False,,
Knights.esp,INFO,010029B2,,NAM1,0,,,"Hail, Sir Areldur.","만세, 아를두르 경.",record,False,False,False,False,,
Knights.esp,INFO,010029B3,,NAM1,0,,,"Hail, Sir Avita.","만세, 아비타 경.",record,False,False,False,False,,
Knights.esp,INFO,010029B4,,NAM1,0,,,"Hail, Sir Brellin.","만세, 브레린 경.",record,False,False,False,False,,
Knights.esp,INFO,010029B5,,NAM1,0,,,"Hail, Sir Carodus.","만세, 카로두스 경.",record,False,False,False,False,,
Knights.esp,INFO,010029B6,,NAM1,0,,,"Hail, Sir Geimund.","만세, 게이문드 경.",record,False,False,False,False,,
Knights.esp,INFO,010029B7,,NAM1,0,,,"Hail, Sir Gukimir.","만세, 구키미르 경.",record,False,False,False,False,,
Knights.esp,INFO,010029B8,,NAM1,0,,,"Hello, little brother!","안녕, 동생!",record,False,False,False,False,,
Knights.esp,INFO,010029B9,,NAM1,0,,,"Hello, big brother!","안녕, 형!",record,False,False,False,False,,
Knights.esp,INFO,010029BA,,NAM1,0,,,"Hail, Sir Lathon.","환영합니다, 라톤 경.",record,False,False,False,False,,
Knights.esp,INFO,010029BB,,NAM1,0,,,"Hail, Sir Thedret.","환영합니다, 테드렛 경.",record,False,False,False,False,,
Knights.esp,INFO,010029BC,,NAM1,0,,,"Hail, sir knight.","안녕하십니까, 기사님.",record,False,False,False,False,,
Knights.esp,INFO,010029DC,,NAM1,0,,,"Hail, Sir Knight!","만세, 기사님!",record,False,False,False,False,,
Knights.esp,INFO,010029DD,,NAM1,0,,,You're the Divine Crusader!,당신이 신성한 성전사입니다!,record,False,False,False,False,,
Knights.esp,DIAL,000000D4,GOODBYE,FULL,0,,,GOODBYE,작별,record,False,False,True,False,TOPIC_CHECK,
Knights.esp,INFO,010029F4,,NAM1,0,,,Good luck on your quest. I'm sure we'll meet again.,퀘스트에 행운을 빕니다. 다시 만날 날이 있을 겁니다.,record,False,False,False,False,,
Knights.esp,INFO,010029F3,,NAM1,0,,,Ask Kellen about the curse.,저주에 대해서는 켈렌에게 물어보세요.,record,False,False,False,False,,
Knights.esp,INFO,010029F5,,NAM1,0,,,May Kynareth guide you.,키나레스가 당신을 인도하길 바랍니다.,record,False,False,False,False,,
Knights.esp,INFO,010029E7,,NAM1,0,,,The blessings of the Nine upon your quest. Perhaps our paths will cross again.,나인 디바인이 당신의 여정에 축복을 내리길 바랍니다. 언젠가 다시 만날 수 있기를 바랍니다.,record,False,False,False,False,,
Knights.esp,INFO,010029E8,,NAM1,0,,,"Walk with the Nine, Sir Knight.","나인 디바인과 함께 걸으세요, 기사님.",record,False,False,False,False,,
Knights.esp,INFO,010029E9,,NAM1,0,,,May the Nine guide your way.,나인 디바인이 당신의 길을 인도하길 바랍니다.,record,False,False,False,False,,
Knights.esp,INFO,010029EA,,NAM1,0,,,Go with Virtue.,미덕과 함께 가세요.,record,False,False,False,False,,
Knights.esp,INFO,010029EB,,NAM1,0,,,May your sword strike true.,당신의 검이 진실을 베기를 바랍니다.,record,False,False,False,False,,
Knights.esp,INFO,010029EC,,NAM1,0,,,"Go now and fulfill your destiny. You are ready, and the Nine walk with you.","이제 가서 당신의 운명을 이루세요. 당신은 준비가 됐고, 나인 디바인이 당신과 함께 할 것입니다.",record,False,False,False,False,,
Knights.esp,INFO,010029ED,,NAM1,0,,,May the Eight and One guide your steps.,에잇 디바인과 한 분이 당신의 발걸음을 인도하길 바랍니다.,record,False,False,False,False,,
Knights.esp,INFO,010029F2,,NAM1,0,,,Think on this -- what happened here is only the beginning.,생각해 보세요. 여기서 일어난 일은 시작에 불과합니다.,record,False,False,False,False,,
Knights.esp,INFO,010029E3,,NAM1,0,,,"Right, then. ","좋아, 그럼.",record,False,False,False,False,,
Knights.esp,INFO,010029E4,,NAM1,0,,,"Until later, sir knight.","다음에 뵙겠습니다, 기사님.",record,False,False,False,False,,
Knights.esp,INFO,010029E5,,NAM1,0,,,"Blessings of the Nine upon you, my friend.","나인 디바인의 축복이 함께 하길, 친구여.",record,False,False,False,False,,
Knights.esp,INFO,010029E6,,NAM1,0,,,"I look forward to our next talk, sir knight. Farewell.","다음에 다시 뵙기를 기대합니다, 기사님. 안녕히 계십시오.",record,False,False,False,False,,
Knights.esp,INFO,010029EE,,NAM1,0,,,Hail.,안녕하십니까.,record,False,False,False,False,,
Knights.esp,INFO,010029EF,,NAM1,0,,,Good day to you.,좋은 하루 되세요.,record,False,False,False,False,,
Knights.esp,INFO,010029F0,,NAM1,0,,,Good evening.,좋은 저녁입니다.,record,False,False,False,False,,
Knights.esp,INFO,010029F1,,NAM1,0,,,May the Nine guide and protect you.,나인 디바인이 당신을 인도하고 보호하길 바랍니다.,record,False,False,False,False,,
Knights.esp,DIAL,000000D7,INFOGENERAL,FULL,0,,,Rumors,소문,record,False,False,True,False,TOPIC_CHECK,
Knights.esp,INFO,010029F8,,NAM1,0,,,The news from Anvil is terrible! Have you heard about the attack on the Chapel there?,앤빌에서 들려온 소식은 정말 끔찍합니다! 그곳 예배당이 습격당했다는 소식을 들으셨습니까?,record,False,False,False,False,,
Knights.esp,INFO,010029F9,,NAM1,0,,,They say that the priests and priestesses of the Chapel of Dibella have all been murdered! No one even knows who did it!,디벨라 예배당의 사제들과 여사제들이 전부 살해당했다고 합니다! 누가 그랬는지는 아무도 모른다네요!,record,False,False,False,False,,
Knights.esp,INFO,01002A24,,NAM1,0,,,"I don't know what to think about the attack on the Chapel. Things seem to go from bad to worse, don't they?",예배당에 대한 공격에 대해 어떻게 생각해야 할지 모르겠습니다. 상황이 점점 나빠지고 있는 것 같지 않나요?,record,False,False,False,False,,
Knights.esp,INFO,01002A25,,NAM1,0,,,"I still can't believe what happened at the Chapel. Trevaia, Laralthir, Dumania... all dead.","아직도 예배당에서 일어난 일을 믿을 수 없습니다. 트레바이아, 라랄티르, 두마니아... 모두 죽었습니다.",record,False,False,False,False,,
Knights.esp,INFO,01002A26,,NAM1,0,,,"Everybody's talking about the Prophet. After the attack on the Chapel, people are inclined to believe almost anything.","모두가 그 예언자에 대해 이야기하지. 예배당 공격 사건 이후, 사람들은 어떤 것이든 믿고 의지하려는 경향이 강해졌고.",record,False,False,False,False,,
Knights.esp,INFO,01002A21,,NAM1,0,,,There's been some terrible trouble at the Chapel in Anvil. All of Dibella's priests and priestesses murdered!,애니벌의 예배당에서 끔찍한 사건이 발생했습니다. 디벨라의 사제들과 여사제들이 모두 살해됐습니다!,record,False,False,False,False,,
Knights.esp,INFO,01002A22,,NAM1,0,,,"I can't make up my mind about the Prophet in Anvil. Is he truly a holy man, or just a lunatic exploiting the tragedy at the Chapel of Dibella?",앤빌의 예언자를 어떻게 생각해야 할지 모르겠어요. 정말 신성한 사람일까요? 아니면 디벨라 예배당에서 일어난 비극을 이용해 먹으려는 미치광이에 불과할까요?,record,False,False,False,False,,
Knights.esp,INFO,01002A23,,NAM1,0,,,"Anvil is all in an uproar. First the Chapel attacked, now the prophet ranting about the end of the world!","앤빌이 소란스럽습니다. 처음엔 예배당이 공격받더니, 이젠 세상의 종말을 떠드는 예언자 때문이죠!",record,False,False,False,False,,
Knights.esp,INFO,010029F6,,NAM1,0,,,Someone removed those gauntlets from the Chapel in Chorrol. I wonder how they managed it.,누군가가 코롤의 예배당에서 그 손목받이를 훔쳐갔습니다. 어떻게 그걸 해낼 수 있었을까요?,record,False,False,False,False,,
Knights.esp,INFO,010029F7,,NAM1,0,,,It sounds like the Knights of the Nine are on a real Crusade. They're collecting holy relics for something.,나인 디바인 기사단들이 진짜 성전을 하고 있는 것 같네요. 그들은 무언가를 위해 성스러운 유물을 수집하고 있습니다.,record,False,False,False,False,,
Knights.esp,INFO,010029FA,,NAM1,0,,,"It turns out the Shield of the Crusader had been locked away all this time, kept safe by the people who originally found it.","성전사의 방패는 원래 그것을 발견한 사람들이 안전하게 보관하고 있었는데, 지금까지 잠겨있었던 것이 밝혀졌습니다.",record,False,False,False,False,,
Knights.esp,INFO,010029FB,,NAM1,0,,,I hear the Shield of the Crusader has been found. It was locked away in some booby-trapped dungeon or something.,성전사의 방패가 발견되었다고 들었습니다. 부비 트랩이 설치된 지하 감옥에 잠겨 있었다고 합니다.,record,False,False,False,False,,
Knights.esp,INFO,010029FC,,NAM1,0,,,I heard the Gauntlets of the Crusader are gone from the Chapel in Chorrol.,성전사의 손목받이가 코롤의 예배당에서 사라졌다고 들었습니다.,record,False,False,False,False,,
Knights.esp,INFO,010029FD,,NAM1,0,,,Kynareth bestowed the Boots of the Crusader on a worthy knight. Good to hear that someone is taking up the cause again.,키나레스는 합당한 기사에게 성전사의 장화를 하사했습니다. 누군가가 다시 그 대의를 맡게 되어 다행입니다.,record,False,False,False,False,,
Knights.esp,INFO,010029FE,,NAM1,0,,,They say that Kynareth granted the boots of the Crusader to someone. I can't imagine what he must've gone through to get them.,키나레스가 누군가에게 성전사 장화를 내려주었다고 합니다. 그 장화를 얻기 위해 그 사람이 어떤 일을 겪었을지 상상도 할 수 없습니다.,record,False,False,False,False,,
Knights.esp,INFO,010029FF,,NAM1,0,,,"The Boots of the Crusader have been given to a worthy knight, I understand. He must have been very brave!",성전사의 장화가 합당한 기사에게 주어졌다고 들었습니다. 그는 정말 용감한 기사일 것 같습니다!,record,False,False,False,False,,
Knights.esp,INFO,01002A00,,NAM1,0,,,Have you been to the Chapel? The Gauntlets are gone!,예배당에 가 보셨나요? 손목받이가 사라졌어요!,record,False,False,False,False,,
Knights.esp,INFO,01002A01,,NAM1,0,,,Someone was able to lift the curse from that poor man at the Chapel. ,누군가가 예배당에서 그 불쌍한 남자의 저주를 풀어주었습니다.,record,False,False,False,False,,
Knights.esp,INFO,01002A02,,NAM1,0,,,"There's a man at the Chorrol Chapel, living in the undercroft. I heard he's dying of something.",코롤 예배당 지하에 한 남자가 살고 있습니다. 그는 무슨 병으로 죽어가고 있다고 들었습니다.,record,False,False,False,False,,
Knights.esp,INFO,01002A03,,NAM1,0,,,Have you seen that poor man staying in the Chapel Hall? I heard he's under some sort of curse.,예배당 회당에 머물고 있는 그 불쌍한 남자를 보셨습니까? 그는 어떤 저주에 걸려 있다고 들었습니다.,record,False,False,False,False,,
Knights.esp,INFO,01002A04,,NAM1,0,,,"Have you heard about that knight that's questing for the Crusader's Relics? What's his name... Sir Roderic, right?",성전사의 유물을 찾고 있는 기사에 대해 들었나요? 이름이 뭐라고 했죠... 로데릭 경 맞죠?,record,False,False,False,False,,
Knights.esp,INFO,01002A05,,NAM1,0,,,"They say that someone's taken up the prophet's call, and is questing for the Crusader's Relics. I hope they succeed.",누군가가 예언자의 부름을 받고 성전사의 유물을 찾고 있다고 합니다. 그들이 성공하기를 바랍니다.,record,False,False,False,False,,
Knights.esp,INFO,01002A06,,NAM1,0,,,"Have you heard? Some questing knight actually recovered one of the Crusader's Relics! Well done, I say!",들었어? 어떤 기사가 성전사의 유물을 되찾았다고! 정말 잘했어!,record,False,False,False,False,,
Knights.esp,INFO,01002A07,,NAM1,0,,,I've heard tell of a knight questing for the Crusader's Relics. I wonder if he'll succeed before another chapel is desecrated?,성전사의 유물을 찾는 기사가 있다고 들었습니다. 또 다른 예배당이 모독되기 전에 그가 성공할 수 있을지 궁금하네요.,record,False,False,False,False,,
Knights.esp,INFO,01002A08,,NAM1,0,,,There are knights questing for the Crusader's Relics everywhere these days. It seems that many have heeded the prophet's call.,요즘은 성전사의 유물을 찾는 기사들이 사방에 있습니다. 많은 사람들이 예언자의 부름에 응답한 것 같습니다.,record,False,False,False,False,,
Knights.esp,INFO,01002A09,,NAM1,0,,,"Did you ever hear about the ghost of Lord Vlindrel? They say he haunts the road to Chorrol. Not that I've ever seen him myself, mind you.",블린드렐 경의 유령에 대해 들어본 적이 있습니까? 그는 코롤로 가는 길을 떠돌고 있다고 합니다. 물론 제가 직접 본 적은 없습니다.,record,False,False,False,False,,
Knights.esp,INFO,01002A0A,,NAM1,0,,,They say someone finally laid poor Lord Vlindrel's shade to rest. That's good. He's been haunting these hills for too long.,드디어 누군가가 불쌍한 블린드렐 경의 영혼을 안식처로 보냈다고 합니다. 다행입니다. 그는 너무 오랫동안 이 언덕을 떠돌고 있었으니까요.,record,False,False,False,False,,
Knights.esp,INFO,01002A0B,,NAM1,0,,,"I heard that someone saw the ghost of Lord Vlindrel again, along the road to Bruma. I think I'll avoid that road at night for a while.","누가 브루마로 가던 도중에, 블린드렐 경의 유령을 봤다고 하는 얘길 들었습니다. 당분간 밤에 그 길은 피해 다닐 생각입니다.",record,False,False,False,False,,
Knights.esp,INFO,01002A0C,,NAM1,0,,,I heard that the Sword of the Crusader has been recovered from Underpall Cave! The Divine Crusader has returned!,성전사의 검이 언더팔 동굴에서 발견되었다고 들었습니다! 신성한 성전사가 돌아왔습니다!,record,False,False,False,False,,
Knights.esp,INFO,01002A0D,,NAM1,0,,,"They say that Pelinal Whitestrake has returned, and will soon put a stop to that Ayleid monster who's been terrorizing the chapels!","펠리날 화이트스트레이크가 돌아왔고, 예배당을 공포에 떨게 한 에일리드 괴물을 곧 막을 것이라고 합니다!",record,False,False,False,False,,
Knights.esp,INFO,01002A0E,,NAM1,0,,,"The Divine Crusader has returned, they say. None too soon, if you ask me.",신성한 성전사가 돌아왔다고 합니다. 제 생각에는 너무 늦게 돌아온 것 같습니다.,record,False,False,False,False,,
Knights.esp,INFO,01002A0F,,NAM1,0,,,The Sword of the Crusader has been seen again! They say that no evil can withstand the holy sword wielded by a true knight.,성전사의 검이 다시 발견되었습니다! 진정한 기사가 휘두르는 성스러운 검은 어떤 악도 이길 수 없다고 합니다.,record,False,False,False,False,,
Knights.esp,INFO,01002A10,,NAM1,0,,,"Amazing times. The Crusader's Relics, found after all these years! I wonder what it means?",놀라운 시대입니다. 오랜 세월이 지난 끝에 성전사의 유물이 발견되다니! 이게 무슨 의미일까요?,record,False,False,False,False,,
Knights.esp,INFO,01002A11,,NAM1,0,,,Another Chapel's been attacked. Bravil this time!,또 다른 예배당이 공격을 받았습니다. 이번에는 브라빌입니다!,record,False,False,False,False,,
Knights.esp,INFO,01002A12,,NAM1,0,,,The prophet was right. Anvil was just the beginning. Now the same thing's happened in Bravil!,예언자가 옳았습니다. 앤빌은 시작에 불과했습니다. 이제 브라빌에서도 같은 일이 일어났습니다!,record,False,False,False,False,,
Knights.esp,INFO,01002A13,,NAM1,0,,,"If someone doesn't do something, there won't be a Chapel left in Cyrodiil!","누군가가 뭔가를 하지 않으면, 시로딜에 예배당이 하나도 남지 않을 것입니다!",record,False,False,False,False,,
Knights.esp,INFO,01002A14,,NAM1,0,,,"Did you hear? The chapel was attacked! Just like in Anvil! Thankfully, the daedra were driven off. ","들었습니까? 예배당이 공격을 받았습니다! 앤빌에서와 똑같은 일이! 다행히도, 데이드라들은 쫓겨났습니다.",record,False,False,False,False,,
Knights.esp,INFO,01002A15,,NAM1,0,,,"My broodmate was traveling in Leyawiin. She told me of an artifact hidden in the Chapel there, but said that no one has ever been able to claim it.","내 동생이 레이야윈을 여행하고 있었다. 그녀는 그곳의 예배당에 숨겨진 유물이 있다고 말했지만, 아무도 그 유물을 손에 넣지 못했다고 했다.",record,False,False,False,False,,
Knights.esp,INFO,01002A16,,NAM1,0,,,"A member of my pride was traveling in Leyawiin. There is an artifact hidden in the Chapel there, but he said that one has ever been able to claim it.","제 자부심의 일원이 레이야윈을 여행하고 있었습니다. 그곳의 예배당에 숨겨진 유물이 있지만, 그 누구도 그 유물을 손에 넣지 못했다고 합니다.",record,False,False,False,False,,
Knights.esp,INFO,01002A17,,NAM1,0,,,Did you hear about the knight that stopped the attack on the chapel? It would have been destroyed for sure!,예배당을 공격한 기사를 막은 기사에 대해 들으셨습니까? 그 기사가 아니었다면 예배당은 분명 파괴되었을 것입니다!,record,False,False,False,False,,
Knights.esp,INFO,01002A18,,NAM1,0,,,I heard about a knight who rescued the chapel in Leyawiin. Talk about good timing! But who's to say what chapel will be next? No one is safe!,레이야윈의 예배당을 구한 기사에 대해 들었습니다. 정말 타이밍이 좋았네요! 하지만 다음에는 어떤 예배당이 될지 누가 알겠습니까? 아무도 안전하지 않습니다!,record,False,False,False,False,,
Knights.esp,INFO,01002A19,,NAM1,0,,,I talked to a traveling merchant the other day. He told me that there's been some folks wandering around the old Priory of the Nine.,"요전날 여행 상인과 이야기를 나눴습니다. 그 사람이 말하길, 구 나인 디바인의 수도원 주변을 떠돌고 있는 사람들이 있다고 합니다.",record,False,False,False,False,,
Knights.esp,INFO,01002A1A,,NAM1,0,,,Have you heard? There's been activity at that abandoned priory in the West Weald. What could be going on up there?,들었어? 서부 광야의 버려진 수도원에서 뭔가 움직임이 있다고! 저기서 무슨 일이 벌어지고 있는 걸까?,record,False,False,False,False,,
Knights.esp,INFO,01002A1B,,NAM1,0,,,I heard that someone's taken over that abandoned priory in the West Weald. I wonder what they could be up to?,서부 광야의 버려진 수도원이 누군가에 의해 점령되었다고 들었어요. 그들이 무슨 일을 꾸미고 있는 걸까요?,record,False,False,False,False,,
Knights.esp,INFO,01002A1C,,NAM1,0,,,The Knights of the Nine are reforming! Can you believe it? My father used to tell me stories of the old knights when I was a lad.,나인 디바인 기사단이 재결성됩니다! 믿을 수 있겠습니까? 아버지는 제가 어렸을 때 옛 기사들에 대한 이야기를 자주 해 주셨습니다.,record,False,False,False,False,,
Knights.esp,INFO,01002A1D,,NAM1,0,,,The Knights of the Nine are reforming! Can you believe it? My father used to tell me stories of the old knights when I was a lass.,나인 디바인 기사단이 재결성됩니다! 믿을 수 있겠습니까? 아버지는 제가 어렸을 때 옛 기사들에 대한 이야기를 자주 해 주셨습니다.,record,False,False,False,False,,
Knights.esp,INFO,01002A1E,,NAM1,0,,,My cousin in Skingrad said that a pair of brothers stopped there looking for the Priory of the Nine. They wanted to be Knights! Can you believe it?,스킨그라드의 사촌이 두 명의 형제가 나인 디바인 기사단을 찾으러 그곳에 들렀다고 말했습니다. 그들은 기사가 되고 싶다고 했어요! 믿을 수 있겠어요?,record,False,False,False,False,,
Knights.esp,INFO,01002A1F,,NAM1,0,,,Did you see that bosmer fellow that came through here? He said he was going to the Priory of the Nine to become a knight. An elven knight?,여기 지나간 보스머를 보셨나요? 그는 나인 디바인 기사단이 되는 길이라고 말했습니다. 엘프 기사단?,record,False,False,False,False,,
Knights.esp,INFO,01002A20,,NAM1,0,,,Did you meet Brellin? He stopped by here on his way to become a knight. At least that's what he said.,브렐린을 만났습니까? 그는 기사가 되기 위해 이곳에 들렀다고 말했습니다.,record,False,False,False,False,,
Knights.esp,DIAL,000000DC,Attack,FULL,0,,,Attack,공격,record,False,False,True,False,TOPIC_CHECK,
Knights.esp,INFO,01002A27,,NAM1,0,,,"The Knights of the Nine have come for you, foul beast!","나인 디바인 기사단이 너를 잡으러 왔다, 사악한 짐승!",record,False,False,False,False,,
Knights.esp,INFO,01002A2C,,NAM1,0,,,Did you think Umaril could protect you from the Crusader's wrath?,우마릴이 성전사의 분노로부터 네놈을 보호할 수 있다고 생각했나?,record,False,False,False,False,,
Knights.esp,INFO,01002A2D,,NAM1,0,,,Back to Oblivion with you!,오블리비언으로 돌아가라!,record,False,False,False,False,,
Knights.esp,INFO,01002A2E,,NAM1,0,,,Your master's days are numbered!,네 주인도 곧 네 곁으로 보내주마!,record,False,False,False,False,,
Knights.esp,INFO,01002A2F,,NAM1,0,,,Umaril! Show yourself!,우마릴! 모습을 드러내라!,record,False,False,False,False,,
Knights.esp,INFO,01002A30,,NAM1,0,,,"The vengeance of the gods is upon you, foul beast!","신들의 복수가 네게 행해진다, 악한 짐승!",record,False,False,False,False,,
Knights.esp,INFO,01002A31,,NAM1,0,,,This is for Anvil!,이것은 앤빌의 복수다!,record,False,False,False,False,,
Knights.esp,INFO,01002A32,,NAM1,0,,,"Umaril! Come out and fight, coward!","우마릴! 나와서 싸워라, 겁쟁이!",record,False,False,False,False,,
Knights.esp,INFO,01002A29,,NAM1,0,,,I'll see your blood spilled before you ruin all our work!,우리의 일을 망치기도 전에 네가 먼저 피를 볼 것이다!,record,False,False,False,False,,
Knights.esp,INFO,01002A2A,,NAM1,0,,,You'll never reach the Shield!,방패에는 도달할 수 없을 것이다!,record,False,False,False,False,,
Knights.esp,INFO,01002A2B,,NAM1,0,,,The Shield will be ours!,방패는 우리의 것이다!,record,False,False,False,False,,
Knights.esp,INFO,01002A33,,NAM1,0,,,For the Nine!,나인 디바인을 위하여!,record,False,False,False,False,,
Knights.esp,INFO,01002A34,,NAM1,0,,,For Akatosh and the Nine!,아카토쉬와 나인 디바인을 위해!,record,False,False,False,False,,
Knights.esp,INFO,01002A35,,NAM1,0,,,"Down with you, in the name of Father Akatosh!","아카토쉬의 이름으로, 죽어라!",record,False,False,False,False,,
Knights.esp,INFO,01002A36,,NAM1,0,,,Akatosh endures!,아카토쉬께서 인내하신다!,record,False,False,False,False,,
Knights.esp,INFO,01002A37,,NAM1,0,,,The justice of Julianos guides my blade!,줄리아노스의 정의가 내 검을 인도한다!,record,False,False,False,False,,
Knights.esp,INFO,01002A38,,NAM1,0,,,"May Stendarr grant you mercy, for I shall not!",스텐다르께서 네놈에게 자비를 베풀길 기도해라. 나는 그럴 수 없으니!,record,False,False,False,False,,
Knights.esp,INFO,01002A39,,NAM1,0,,,The righteous fury of Stendarr take you!,스텐다르의 의로운 분노가 너흴 벌할 것이다!,record,False,False,False,False,,
Knights.esp,INFO,01002A3A,,NAM1,0,,,Arkay take your soul!,아케이께서 네 영혼을 인도할 것이다!,record,False,False,False,False,,
Knights.esp,INFO,01002A3B,,NAM1,0,,,For Talos and the Nine!,탈로스와 나인 디바인을 위해!,record,False,False,False,False,,
Knights.esp,INFO,01002A3C,,NAM1,0,,,For Stendarr and the Nine!,스텐다르와 나인 디바인을 위해!,record,False,False,False,False,,
Knights.esp,INFO,01002A3D,,NAM1,0,,,For Kynareth and the Nine!,키나레스와 나인 디바인을 위해!,record,False,False,False,False,,
Knights.esp,INFO,01002A3E,,NAM1,0,,,For Auri-El and the Nine!,아우리엘과 나인 디바인을 위해!,record,False,False,False,False,,
Knights.esp,DIAL,000000DD,Hit,FULL,0,,,Hit,히트,record,False,False,True,False,TOPIC_CHECK,
Knights.esp,DIAL,0002411C,Question,FULL,0,,,Question,질문,record,False,False,True,False,TOPIC_CHECK,
Knights.esp,INFO,01002D2D,,NAM1,0,,,Did you hear that the Knights of the Nine are gathering holy relics?,나인 디바인 기사단이 성스러운 유물을 모으고 있다는 소식을 들었습니까?,record,False,False,False,False,,
Knights.esp,INFO,01002D2E,,NAM1,0,,,"Have you heard? The Chapel of Mara in Bravil's been attacked, just like Anvil. Everyone slaughtered, the altars desecrated!",들었어? 브라빌의 마라 예배당이 앤빌처럼 공격을 받았다고! 모두가 학살당하고 제단이 더럽혀졌다고!,record,False,False,False,False,,
Knights.esp,INFO,01002D2F,,NAM1,0,,,Why didn't someone listen to the prophet? He said Anvil was only the beginning!,왜 아무도 예언자의 말을 듣지 않았을까요? 그는 앤빌이 시작에 불과하다고 말했습니다!,record,False,False,False,False,,
Knights.esp,INFO,01002D30,,NAM1,0,,,Did you hear that the Chapel in Bravil's been attacked? Just like Anvil! Where will it stop?,브라빌의 예배당이 공격을 받았다는 소식을 들으셨습니까? 앤빌과 똑같은 일이네요! 이건 어디까지 계속될까요?,record,False,False,False,False,,
Knights.esp,INFO,01002D31,,NAM1,0,,,"I guess that crazy preacher in Anvil was right. First Anvil, now here. Where will it end?","앤빌에 있던 그 미친 설교자가 옳았던 것 같습니다. 먼저 앤빌, 그리고 이제 여기. 이 모든 것이 어디로 끝날까요?",record,False,False,False,False,,
Knights.esp,DIAL,0002A336,Accept,FULL,0,,,Thanks.,고맙습니다.,record,False,False,True,False,TOPIC_CHECK,
Knights.esp,DIAL,01002A3F,NDBootsoftheCrusader,FULL,0,,,Boots of the Crusader,성전사의 장화,record,False,False,True,False,TOPIC_CHECK,
Knights.esp,INFO,01002A40,,NAM1,0,,,"The Boots are safeguarded by Kynareth herself. You must be tested, and prove yourself worthy to acquire them.",장화는 키나레스가 직접 보호하고 있습니다. 시험을 거쳐 그 장화를 얻을 자격이 있음을 증명해야 합니다.,record,False,False,False,False,,
Knights.esp,INFO,01002A41,,NAM1,0,,,"When Sir Juncan died while questing after the Boots, I mourned his loss. Now, I wonder if perhaps it was a mercy that he left us when he did.","준칸 경이 장화를 찾다가 사망했을 때, 저는 그의 죽음을 애도했습니다. 하지만 지금은 그가 그 때 우리를 떠난 것이 오히려 자비였는지 모르겠습니다.",record,False,False,False,False,,
Knights.esp,INFO,01002A43,,NAM1,0,,,"The boots have been guarded by Kynareth herself for the longest time. Sir Juncan went after them, and never returned.","이 장화는 오랫동안 키나레스가 직접 지키고 있었습니다. 준칸 경이 장화를 찾으러 갔지만, 돌아오지 않았습니다.",record,False,False,False,False,,
Knights.esp,INFO,01002A44,,NAM1,0,,,Sir Juncan was lost attempting to find the Gauntlets. At least he was spared from the tragedy of the Order's last days. ,준칸 경은 손목받이를 찾으려다 목숨을 잃었습니다. 적어도 그는 교단의 마지막 날의 비극을 피할 수 있었습니다.,record,False,False,False,False,,
Knights.esp,INFO,01002A48,,NAM1,0,,,You have passed Kynareth's test. The Boots are yours for the taking. They await you in the Grove.,당신은 키나레스의 시험을 통과했습니다. 장화는 당신의 것입니다. 그 장화는 숲에서 당신을 기다리고 있습니다.,record,False,False,False,False,,
Knights.esp,INFO,01002A49,,NAM1,0,,,You must be tested by Kynareth before you are worthy of the Boots.,장화를 받을 자격이 있으려면 키나레스의 시험을 통과해야 합니다.,record,False,False,False,False,,
Knights.esp,INFO,01002A4A,,NAM1,0,,,"You seek the Boots of the Crusader? Kynareth will show you no favor until your current conflicts are resolved. Finish your fights, then return here.",성전사의 장화를 찾고 계십니까? 현재 분쟁이 해결될 때까지 키나레스는 당신에게 은총을 베풀지 않을 것입니다. 싸움을 끝내고 다시 여기로 돌아오십시오.,record,False,False,False,False,,
Knights.esp,INFO,01002A4B,,NAM1,0,,,You would seek the holy relic Kynareth has bestowed upon the world? Then you must prove yourself worthy.,키나레스가 세상에 내려준 신성한 유물을 찾으러 가겠습니까? 그렇다면 네가 그 자격을 증명해야 해.,record,False,False,False,False,,
Knights.esp,INFO,01002A4B,,NAM1,1,,,"Kynareth's creations guard her relic, and you must pass the test before you may be granted the boots.","키나레스의 창조물들이 그녀의 유물을 지키고 있으며, 장화를 받기 위해서는 시험을 통과해야 합니다.",record,False,False,False,False,,
Knights.esp,INFO,01002A42,,NAM1,0,,,I am pleased to see that you have them.,그것을 가지고 계시니 다행입니다.,record,False,False,False,False,,
Knights.esp,INFO,01002A42,,NAM1,1,,,"It is said that the wearer has the blessing of Kynareth upon him, and will not come to harm from creatures of the forest.","이걸 착용하면 키나레스의 축복을 받고, 숲의 생물들에게 해를 입지 않는다고 합니다.",record,False,False,False,False,,
Knights.esp,INFO,01002A45,,NAM1,0,,,"You are an asset to your Order. You have claimed the Boots, and for this I am grateful.",당신은 교단의 소중한 자산입니다. 장화를 되찾아 주셔서 정말 감사합니다.,record,False,False,False,False,,
Knights.esp,INFO,01002A46,,NAM1,0,,,The boots could only be granted to one who values Kynareth's works. It pleases me to see that you are that one.,이 장화는 키나레스의 업적을 소중히 여기는 사람에게만 주어질 수 있습니다. 당신이 그 사람이라는 것이 기쁩니다.,record,False,False,False,False,,
Knights.esp,INFO,01002A47,,NAM1,0,,,I am glad to see you were successful. It shows you as a true believer in Kynareth.,성공을 거두어 다행입니다. 당신은 키나레스의 진정한 신자임을 증명했습니다.,record,False,False,False,False,,
Knights.esp,DIAL,01002A4C,ND03AltarofKynareth,FULL,0,,,Altar of Kynareth,키나레스의 제단,record,False,False,True,False,TOPIC_CHECK,
Knights.esp,INFO,01002A4F,,NAM1,0,,,You have been in the Chapel of Kynareth from the moment you stepped outdoors. Have you not felt her presence?,당신은 밖으로 나간 순간부터 키나레스의 예배당에 있었습니다. 그녀의 존재를 느끼지 못했습니까?,record,False,False,False,False,,
Knights.esp,INFO,01002A4F,,NAM1,1,,,We gather here to pay tribute to all of the blessings she bestows upon us.,우리는 그녀가 우리에게 내려준 모든 축복에 감사를 드리기 위해 이곳에 모였습니다.,record,False,False,False,False,,
Knights.esp,INFO,01002A4D,,NAM1,0,,,Where better to meet and pray to Kynareth than in the midst of her beautiful creations?,키나레스의 아름다운 창조물들 가운데보다 키나레스에게 만나고 기도하기 더 좋은 곳이 어디 있겠습니까?,record,False,False,False,False,,
Knights.esp,INFO,01002A4E,,NAM1,0,,,"It simply wouldn't be right to build over Kynareth's works simply so we could worship her. So our Altar is here, in the Chapel she has created.",키나레스의 업적을 단순히 우리가 그녀를 숭배하기 위해 그 위에 건물을 짓는 것은 옳지 않습니다. 그래서 우리의 제단은 그녀가 만든 예배당에 있습니다.,record,False,False,False,False,,
Knights.esp,DIAL,01002A50,ND03TestNo,FULL,0,,,I'm not taking any test.,시험은 보지 않겠습니다.,record,False,False,True,False,TOPIC_CHECK,
Knights.esp,INFO,01002A51,,NAM1,0,,,Why you insist on returning if you are not willing to do what is necessary?,필요한 일을 할 의지가 없다면 왜 돌아오려고 하는 거지?,record,False,False,False,False,,
Knights.esp,INFO,01002A52,,NAM1,0,,,No? You would think yourself above Kynareth's design? Then perhaps you should not have come here at all.,아니요? 자신이 키나레스의 계획보다 우월하다고 생각하시나요? 그렇다면 여기 오지 말았어야죠.,record,False,False,False,False,,
Knights.esp,DIAL,01002A53,ND03TestQuestion,FULL,0,,,Test? What test?,테스트? 무슨 테스트?,record,False,False,True,False,TOPIC_CHECK,
Knights.esp,INFO,01002A54,,NAM1,0,,,"I cannot say what it will be, for I do not know. Kynareth herself will decide in what manner you shall be tested.",어떤 시련이 기다리고 있을지 모르기 때문에 말씀드릴 수 없습니다. 키나레스가 직접 여러분을 시험할 방법을 결정할 것입니다.,record,False,False,False,False,,
Knights.esp,INFO,01002A54,,NAM1,1,,,"All I can do is direct you to the Grove of Trials, and remind you to heed Kynareth's teachings: fear and respect Nature and all Her Creations.","제가 할 수 있는 일은 여러분을 시련의 숲으로 안내하고, 키나레스의 가르침을 따르도록 상기시키는 것뿐입니다. 자연과 자연이 창조한 모든 것을 두려워하고 존중하세요.",record,False,False,False,False,,
Knights.esp,DIAL,01002A55,ND03TestofKynareth,FULL,0,,,Test of Kynareth,키나레스 테스트,record,False,False,True,False,TOPIC_CHECK,
Knights.esp,INFO,01002A56,,NAM1,0,,,"You return unsuccessful, but have involved yourself in other matters. Settle your combat, and return to me then.",성공하지 못하셨군요. 다른 일 때문에 바쁘셨나 보네요. 전투를 마무리하고 다시 제게 돌아오세요.,record,False,False,False,False,,
Knights.esp,INFO,01002A57,,NAM1,0,,,"You did not heed my warnings, did you? I told you not to delay, to go directly to the Grove.",내 경고를 듣지 않았군요? 지체하지 말고 곧장 숲으로 가라고 말했지 않습니까?,record,False,False,False,False,,
Knights.esp,INFO,01002A57,,NAM1,1,,,"In her infinite Grace and Wisdom, Kynareth will have mercy on you, and allow you to resubmit to her test. Return to the grove and try once more.",무한한 자비와 지혜를 지닌 키나레스는 당신에게 자비를 베풀고 다시 시험에 도전할 기회를 줄 것입니다. 숲으로 돌아가 다시 한 번 시도해보세요.,record,False,False,False,False,,
Knights.esp,INFO,01002A58,,NAM1,0,,,I see it on your face; you have failed the test.,당신의 얼굴에서 보입니다. 당신은 시험에 실패했습니다.,record,False,False,False,False,,
Knights.esp,INFO,01002A58,,NAM1,1,,,"In her infinite Grace and Wisdom, Kynareth will have mercy on you, and allow you to resubmit to her test. Return to the grove and try once more.",무한한 자비와 지혜를 지닌 키나레스는 당신에게 자비를 베풀고 다시 시험에 도전할 기회를 줄 것입니다. 숲으로 돌아가 다시 한 번 시도해보세요.,record,False,False,False,False,,
Knights.esp,INFO,01002A5A,,NAM1,0,,,Who will match the deeds of Sir Amiel and his companions when they smote the Wyrm of Elenglynn to recover the Cuirass of the Crusader?,아미엘 경과 그의 동료들이 엘렌글린의 용을 물리치고 성전사 갑옷을 되찾은 위업을 누가 따라갈 수 있을까요?,record,False,False,False,False,,
Knights.esp,INFO,01002A5C,,NAM1,0,,,"Umaril --  yes, your children know that name if you do not. The Dread Castellan of fearful legend.",우마릴... 네가 모르더라도 네 아이들은 그 이름을 알고 있을 것이다. 무서운 전설의 무서운 성주.,record,False,False,False,False,,
Knights.esp,INFO,01002A5D,,NAM1,0,,,Did you think him a myth? Or dead? Have you not heard the Abadal-a?,그를 신화 속의 인물로 생각했나요? 아니면 죽은 사람으로 생각했나요? 아바달라의 말을 듣지 못했나요?,record,False,False,False,False,,
Knights.esp,INFO,01002A5E,,NAM1,0,,,"Spake Peninal: ""Beware, Morihaus, beware! With the foresight of death I know now that my foe yet lives, bitter knowledge to take to my grave...""","스페이크 페니날: ""조심해, 모리하우스, 조심해! 죽음의 예지력으로 나는 이제 나의 적이 아직 살아 있다는 것을 알고 있다. 무덤으로 가져갈 쓰라린 지식이다...""",record,False,False,False,False,,
Knights.esp,INFO,01002A5F,,NAM1,0,,,"""Better that I had died believing myself the victor. Although cast beyond the doors of night, he will return.""","""승리자라고 믿으며 죽는 것이 더 나았을 것입니다. 밤의 문 밖으로 쫓겨났지만, 그는 다시 돌아올 것입니다.""",record,False,False,False,False,,
Knights.esp,INFO,01002A60,,NAM1,0,,,"""Be vigilant! I can no longer shield the host of Men from Umaril's retribution."" Thus spake Pelinal in the hour of his death.","""경계하라! 더 이상 우마릴의 심판으로부터 인간들을 지킬 수 없다."" 죽음의 순간에 펠리날이 남긴 말입니다.",record,False,False,False,False,,
Knights.esp,INFO,01002A62,,NAM1,0,,,"The gate, once open, cares not who passeth through.","일단 문이 열리면, 누가 통과하는지는 상관하지 않습니다.",record,False,False,False,False,,
Knights.esp,INFO,01002A63,,NAM1,0,,,"Our ancient enemy has returned, from the deeps of time, to exact his revenge upon the gods.",우리의 오랜 적이 시간의 깊은 곳에서 돌아와 신들에게 복수를 하려고 합니다.,record,False,False,False,False,,
Knights.esp,INFO,01002A64,,NAM1,0,,,"The gods, the Eight Attendants of Saint Pelinal when he smote down Umaril the Unfeathered...","신들, 성 펠리날이 무익한 우마릴을 쓰러뜨렸을 때의 여덟 참석자들...",record,False,False,False,False,,
Knights.esp,DIAL,01002A65,NDProphetSpeechMain,FULL,0,,,NDProphetSpeechMain,ND예언자 연설 메인,record,False,True,True,False,TOPIC_CHECK,ND
Knights.esp,INFO,01002A66,,NAM1,0,,,"Hear me, o people of Cyrodiil!","시로딜의 백성들, 내 말을 들으라!",record,False,False,False,False,,
Knights.esp,INFO,01002A67,,NAM1,0,,,"Look well upon the Chapel of Dibella. Look at the faces of the dead. This is your future. Evil has returned, and the Nine need a champion!","디벨라 예배당을 잘 살펴보세요. 죽은 자들의 얼굴을 보세요. 이것이 당신의 미래입니다. 악이 돌아왔고, 나인 디바인은 챔피언이 필요합니다!",record,False,False,False,False,,
Knights.esp,INFO,01002A68,,NAM1,0,,,Is there no one who would stand for the Nine?,나인 디바인 편에 설 자가 아무도 없는 건가요?,record,False,False,False,False,,
Knights.esp,INFO,01002A69,,NAM1,0,,,Now Mara's children cry out from beyond the grave for vengeance! How many more must die at Umaril's hand?,이제 마라의 아이들은 무덤에서 복수를 외치고 있습니다! 우마릴의 손에 얼마나 더 많은 사람들이 죽어야 합니까?,record,False,False,False,False,,
Knights.esp,INFO,01002A6A,,NAM1,0,,,"I AM CYRODIIL COME, he said, Old Reman, born from the earth that IS Al-Esh, and yet he would scorn this country now! Repent! I say again, REPENT!","나는 시로딜 출신입니다, 그가 말했습니다, 알-에쉬의 땅에서 태어난 옛 레만, 하지만 그는 이제 이 나라를 경멸하고 있습니다! 회개하세요! 다시 말하지만, 회개하세요!",record,False,False,False,False,,
Knights.esp,INFO,01002A6B,,NAM1,0,,,The blood of Dibella's slaughtered acolytes cries out for vengeance. Vengeance! Who will take up this holy crusade?,학살당한 디벨라의 추종자들의 피가 복수를 외치고 있습니다. 복수! 이 성스러운 성전을 이끌 사람은 누구일까요?,record,False,False,False,False,,
Knights.esp,INFO,01002A6C,,NAM1,0,,,Love and Mercy! Do you still think me mad? Who shall next fall to Umaril's bloody revenge?,사랑과 자비! 아직도 내가 미쳤다고 생각하십니까? 다음에 우마릴의 피의 복수에서 죽을 사람은 누구일까요?,record,False,False,False,False,,
Knights.esp,INFO,01002A6D,,NAM1,0,,,"The Eight And One require a champion, a Divine Crusader reborn.","에잇 디바인과 한 분께서는 챔피언, 다시 태어난 신성한 성전사를 필요로 하십니다.",record,False,False,False,False,,
Knights.esp,INFO,01002A6E,,NAM1,0,,,Pelinal Whitestrake once struck down the enemies of man and god. Who will now reclaim his Relics and fight again for the true faith?,펠리날 화이트스트레이크는 한때 인간과 신의 적들을 무찔렀습니다. 이제 누가 그의 유물을 되찾고 진정한 신앙을 위해 다시 싸울 것입니까?,record,False,False,False,False,,
Knights.esp,INFO,01002A6F,,NAM1,0,,,"There are loremasters among you, heads so heavy with learning that you cannot raise your eyes to the heavens to see the truth there written!",여러분 중에는 로어 마스터들이 있습니다. 학문으로 머리가 너무 무거워 하늘을 올려다보고 거기에 쓰여진 진실을 볼 수 없는 사람들입니다!,record,False,False,False,False,,
Knights.esp,INFO,01002A70,,NAM1,0,,,"Cut eight-wise he was, Pelinal the Blamer, champion of Men, and though dispersed he left us a warning! Heed it!","그는 여덟 번 베여 죽었습니다, 인류의 옹호자, 비난자 펠리날은, 비록 흩어졌지만 우리에게 경고를 남겼습니다! 그 경고를 귀담아 들으세요!",record,False,False,False,False,,
Knights.esp,INFO,01002A71,,NAM1,0,,,"Umaril is returned, as was foretold by the head of Pelinal to the Bull of Kyne in those days of old Cyrodiil.",우마릴이 돌아왔습니다. 옛날 시로딜에서 펠리날의 수장이 카인의 황소에게 예언한 대로 말입니다.,record,False,False,False,False,,
Knights.esp,INFO,01002A72,,NAM1,0,,,"Who will walk the Pilgrim's Way, as did the questing knights of old?",예전의 기사들이 그랬던 것처럼 순례자의 길을 걸을 사람은 누구일까요?,record,False,False,False,False,,
Knights.esp,INFO,01002A73,,NAM1,0,,,The blood tide rises!,피의 파도가 밀려오고 있습니다!,record,False,False,False,False,,
Knights.esp,INFO,01002A74,,NAM1,0,,,Will no one take up this holy crusade? Will no one walk the ancient Pilgrim's Way?,이 성스러운 성전을 맡을 사람이 아무도 없단 말인가? 고대의 순례자의 길을 걸을 사람이 아무도 없는 것인가?,record,False,False,False,False,,
Knights.esp,INFO,01002A75,,NAM1,0,,,"Oh unhappy Tamriel! Where is your Divine Crusader, in these latter days of petty strife and lesser men?","불행한 탐리엘! 사소한 분쟁과 하찮은 자들이 난무하는 이 말세에, 신성한 성전사는 어디에 있나요?",record,False,False,False,False,,
Knights.esp,DIAL,01002A76,NDLathonGreetB,FULL,0,,,I'm sure he's a mighty warrior.,그는 강력한 전사였을 겁니다.,record,False,False,True,False,TOPIC_CHECK,
Knights.esp,INFO,01002A77,,NAM1,0,,,He is! I've been his squire for almost two years now.,정말입니다! 저는 2년 동안 그의 시종으로 일하고 있습니다.,record,False,False,False,False,,
Knights.esp,INFO,01002A77,,NAM1,1,,,Soon I'll be ready to return to Totambu and become a Knight of the Scarab.,곧 토탐부로 돌아가 스카라베의 기사가 될 준비가 될 것입니다.,record,False,False,False,False,,
Knights.esp,DIAL,01002A78,NDLathonGreetA,FULL,0,,,Didn't Wayrest lose that war?,웨이레스트는 그 전쟁에서 패배하지 않았나요?,record,False,False,True,False,TOPIC_CHECK,
Knights.esp,INFO,01002A79,,NAM1,0,,,Well ... yes. But Sir Roderic won many battles all the same. I'm sure if we had had more knights like him we would have beaten the Nords.,글쎄요... 그렇긴 하지만 로데릭 경은 많은 전투에서 승리했습니다. 그와 같은 기사가 더 많았다면 노드족을 물리칠 수 있었을 겁니다.,record,False,False,False,False,,
Knights.esp,DIAL,01002A7A,NDSirRodericTopic,FULL,0,,,Sir Roderic,로데릭 경,record,False,False,True,False,TOPIC_CHECK,
Knights.esp,INFO,01002A7B,,NAM1,0,,,"Sir Roderic is a famous knight of Wayrest, in High Rock.",로드릭 경은 하이 락의 웨이레스트에서 유명한 기사입니다.,record,False,False,False,False,,
Knights.esp,INFO,01002A7B,,NAM1,1,,,"He is too modest to tell you himself, but he was a hero of the War of the Bend'r-Mahk.","그는 너무 겸손해서 직접 말하지는 않지만, 벤드'르-마크의 전쟁에서 활약한 영웅입니다.",record,False,False,False,False,,
Knights.esp,INFO,01002A7C,,NAM1,0,,,Sir Roderic has been avenged. Thank you. I wish he could have lived to join the Order.,로드릭 경의 복수가 이루어졌습니다. 감사합니다. 그가 살아서 교단에 합류할 수 있었으면 좋았을 텐데.,record,False,False,False,False,,
Knights.esp,INFO,01002A7D,,NAM1,0,,,"He told me to run, but I shouldn't have listened. I should have stayed and helped him. Maybe together we could have defeated this wraith.","그는 나에게 도망치라고 말했지만, 나는 그의 말을 듣지 말았어야 했습니다. 그곳에 남아 그를 도와야 했어요. 함께라면 이 망령을 물리칠 수 있었을지도 모릅니다.",record,False,False,False,False,,
Knights.esp,DIAL,01002A7E,NDCrusadersRelicsTopic,FULL,0,,,Crusader's Relics,성전사의 유물,record,False,False,True,False,TOPIC_CHECK,
Knights.esp,INFO,01002A80,,NAM1,0,,,"The weapons and armor of Pelinal Whitestrake, Alessia's comrade, granted to him by the Eight Divines.",여덟 신이 알레시아의 동료 펠리널 화이트스트레이크에게 내려 준 무기와 갑옷입니다.,record,False,False,False,False,,
Knights.esp,INFO,01002A80,,NAM1,1,,,"He went alone into the White Gold Tower, challenged the Ayleid sorceror-king Umaril to single combat, and slew him.",알레시아의 동료인 펠리날 화이트스트레이크의 무기와 갑옷은 에잇 디바인이 그에게 내려준 것입니다.,record,False,False,False,False,,
Knights.esp,INFO,01002A80,,NAM1,2,,,"Alas, Umaril was not truly slain, but only cast beyond the bounds of Nirn.","그는 혼자 백금 탑으로 들어가, 에일리드 마법사 왕 우마릴에게 일대일 결투를 신청하고 그를 죽였습니다.",record,False,False,False,False,,
Knights.esp,INFO,01002A80,,NAM1,3,,,"And now he has returned to wreak his vengeance upon the gods, as was prophesied by Pelinal himself with his dying breath.","아아, 우마릴은 진정으로 죽지 않았고, 단지 니른의 경계를 넘어 쫓겨난 것뿐입니다.",record,False,False,False,False,,
Knights.esp,INFO,01002A80,,NAM1,4,,,"Only a true knight, wielding the holy Relics of the Divine Crusader, has a chance to defeat Umaril.",그리고 이제 그는 펠리날이 죽기 직전에 예언한 대로 신들에게 복수를 하기 위해 돌아왔습니다.,record,False,False,False,False,,
Knights.esp,INFO,01002A80,,NAM1,5,,,"But, alas for Tamriel, the Crusader's Relics have been lost for many an age.",신성한 성전사의 유물을 휘두르는 진정한 기사만이 우마릴을 물리칠 수 있습니다.,record,False,False,False,False,,
Knights.esp,INFO,01002A80,,NAM1,6,,,"Who now can succeed in the quest for the Relics, where the greatest knights of legend all failed?","하지만 탐리엘에 불행하게도, 성전사의 유물은 오랫동안 잃어버린 상태입니다.",record,False,False,False,False,,
Knights.esp,INFO,01002A7F,,NAM1,0,,,"The armor and weapons of the legendary Pelinal Whitestrake, the Divine Crusader. Knights have quested for them for thousands of years. ",전설적인 신성한 성전사 펠리날 화이트스트레이크의 갑옷과 무기입니다. 기사들은 수천 년 동안 이 무기를 찾으려고 노력해 왔습니다.,record,False,False,False,False,,
Knights.esp,INFO,01002A7F,,NAM1,1,,,"But the Prophet says that the time has come for them to finally be recovered, lest the faithful be scattered and destroyed.","하지만 예언자는 신자들이 흩어져 멸망하지 않도록, 그 목걸이를 되찾을 때가 왔다고 말했습니다.",record,False,False,False,False,,
Knights.esp,INFO,01002A81,,NAM1,0,,,Surely you've heard the stories of the Quest for the Crusader's Relics?,성전사 유물 찾기의 이야기를 들어보셨을 겁니다.,record,False,False,False,False,,
Knights.esp,INFO,01002A81,,NAM1,1,,,"Only a true knight can find them -- or even wield them. Sir Roderic will surely succeed, if anyone can.","진정한 기사만이 그들을 찾을 수 있고, 심지어는 그들을 휘두를 수도 있습니다. 로데릭 경이 성공할 것입니다.",record,False,False,False,False,,
Knights.esp,INFO,01002A82,,NAM1,0,,,You have achieved what no knight since the legendary Divine Crusader has achieved. You have reassembled Pelinal's holy armor and weapons.,전설적인 신성한 성전사 이후 어떤 기사도 이루지 못한 일을 해냈습니다. 펠리널의 성스러운 갑옷과 무기를 모두 모았습니다.,record,False,False,False,False,,
Knights.esp,INFO,01002A82,,NAM1,1,,,"You are truly the Divine Crusader reborn. You are ready to face Umaril, and destroy him, in the name of the Eight and One.",당신은 진정 다시 태어난 신성한 성전사입니다. 여덟 신과 하나의 신의 이름으로 우마릴과 맞서 그를 쓰러뜨릴 준비가 되었습니다.,record,False,False,False,False,,
Knights.esp,INFO,01002A83,,NAM1,0,,,"Pelinal was taken by the Ayleids after his battle with Umaril, and his body cut into eight parts and scattered across their realm.","펠리널은 우마릴과 싸운 뒤 에일리드에게 붙잡혔고, 몸은 여덟 조각으로 잘려 그들의 영토 곳곳에 흩어졌습니다.",record,False,False,False,False,,
Knights.esp,INFO,01002A83,,NAM1,1,,,"After the fall of White Gold Tower, his friend Morihaus the Indomitable found Pelinal's still-living head, kept alive in torment by Ayleid magicks.",화이트 골드 타워가 함락된 뒤 그의 친구 불굴의 모리하우스는 에일리드 마법으로 고통 속에 살아 있던 펠리널의 머리를 발견했습니다.,record,False,False,False,False,,
Knights.esp,INFO,01002A83,,NAM1,2,,,"Over the ages, knights have quested for the Relics, and sometimes one or another of them have been found, but never for long.",오랜 세월 기사들이 성물을 찾아 나섰고 때때로 하나씩 발견되기도 했지만 오래 지켜지지는 못했습니다.,record,False,False,False,False,,
Knights.esp,INFO,01002A83,,NAM1,3,,,"But now the time has come for a new Divine Crusader to arise, wielding the holy Relics, to destroy Umaril Godsbane once and for all. I have seen it.",하지만 이제 새로운 신성한 성전사가 성물을 들고 일어나 신살자 우마릴을 영원히 쓰러뜨릴 때가 왔습니다. 나는 그것을 보았습니다.,record,False,False,False,False,,
Knights.esp,DIAL,01002A84,NDProphetTopic,FULL,0,,,Prophet,예언자,record,False,False,True,False,TOPIC_CHECK,
Knights.esp,INFO,01002A85,,NAM1,0,,,"He preaches outside the Chapel of Dibella in Anvil. No one knows where he comes from, but he speaks the holy word like I've never heard before.","그는 앤빌의 디벨라 예배당 밖에서 설교를 합니다. 그가 어디에서 왔는지는 아무도 모르지만, 그는 제가 들어본 적이 없는 성스러운 말씀을 합니다.",record,False,False,False,False,,
Knights.esp,INFO,01002A85,,NAM1,1,,,"You see me now a changed man. Lathon can testify to that. Before I met the Prophet, I was nothing more than a hired sword.",이제 저는 변한 사람입니다. 라톤이 그 사실을 증명할 수 있습니다. 예언자를 만나기 전에는 저는 그저 고용된 검술사일 뿐이었습니다.,record,False,False,False,False,,
Knights.esp,INFO,01002A85,,NAM1,2,,,"Go to Anvil. Speak to the Prophet. You, too, may find yourself taking up his holy quest, despite yourself.",애니발로 가세요. 예언자와 대화하세요. 당신도 자신도 모르게 그의 신성한 임무를 맡게 될지도 모릅니다.,record,False,False,False,False,,
Knights.esp,INFO,01002A86,,NAM1,0,,,"You have heard him. Like me, you know he speaks the truth.","그의 말을 들었습니다. 저처럼, 그가 진실을 말하고 있다는 것을 알고 있습니다.",record,False,False,False,False,,
Knights.esp,INFO,01002A86,,NAM1,1,,,"If the Nine will it, I will be the one to recover the Crusader's Relics. Or, perhaps that honor will fall to you.","나인 디바인이 원하신다면, 제가 성전사 유물을 되찾을 것입니다. 아니면 그 영광이 당신에게 돌아갈지도 모르겠네요.",record,False,False,False,False,,
Knights.esp,INFO,01002A87,,NAM1,0,,,He preaches most of the day across the street from the Chapel.,그는 예배당 건너편에서 하루 종일 설교를 합니다.,record,False,False,False,False,,
Knights.esp,INFO,01002A87,,NAM1,1,,,"I used to think he was crazy, but now he seems to be making some kind of sense. I hope that doesn't mean I'm going crazy now.","예전에는 그가 미쳤다고 생각했지만, 지금은 그의 말이 일리가 있는 것 같습니다. 그게 제가 미쳐가고 있다는 의미는 아니길 바랍니다.",record,False,False,False,False,,
Knights.esp,INFO,01002A88,,NAM1,0,,,He seems to be different than your usual self-proclaimed holy man.,그는 평소의 자칭 성자와는 다른 것 같습니다.,record,False,False,False,False,,
Knights.esp,INFO,01002A88,,NAM1,1,,,"Maybe what he says is true, and that the attack on the Chapel of Dibella is just the beginning of an assault on the church itself.",그의 말이 사실일지도 모릅니다. 디벨라 예배당에 대한 공격은 교회 자체에 대한 공격의 시작에 불과할지도 모릅니다.,record,False,False,False,False,,
Knights.esp,INFO,01002A89,,NAM1,0,,,"The church has taken no official position on his teaching yet. But from the reports I've heard, he may be truly inspired by the divines.","교회는 그의 가르침에 대해 아직 공식적인 입장을 밝히지 않았습니다. 하지만 제가 들은 보고에 따르면, 그는 신들의 영감을 받은 사람일 가능성이 높습니다.",record,False,False,False,False,,
Knights.esp,INFO,01002A8A,,NAM1,0,,,The church is still in turmoil from the attack on the Chapel of Dibella.,교회는 디벨라 예배당에 대한 공격으로 여전히 혼란에 빠진 상태입니다.,record,False,False,False,False,,
Knights.esp,INFO,01002A8A,,NAM1,1,,,"I don't think anyone has had time to really study this prophet's teachings. My best advice would be to go, listen carefully, and decide for yourself.","아무도 이 예언자의 가르침을 제대로 연구할 시간이 없었던 것 같습니다. 제 조언은 그곳으로 가서 주의 깊게 듣고, 직접 판단하는 것입니다.",record,False,False,False,False,,
Knights.esp,INFO,01002A8B,,NAM1,0,,,He preaches in Anvil. Appeared right after the attack on the Chapel there. Sounds like the usual doom-saying nonsense.,그는 앤빌에서 설교를 합니다. 그곳의 예배당이 공격받은 직후에 나타났습니다. 평소와 같은 비관적인 말만 하는 것 같습니다.,record,False,False,False,False,,
Knights.esp,INFO,01002A8C,,NAM1,0,,,"You mean the Holy Hermit of Anvil? No one knows where he comes from, but they say he has the true word. I'd love to go hear him preach.","앤빌의 성스러운 은둔자를 말하는 건가요? 그가 어디에서 왔는지는 아무도 모르지만, 그는 진리의 말씀을 전한다고 합니다. 그의 설교를 듣고 싶네요.",record,False,False,False,False,,
Knights.esp,INFO,01002A8D,,NAM1,0,,,"By all accounts, he preaches that the attack on Anvil Chapel is an omen of some kind of coming doom.","모든 증언에 따르면, 그는 앤빌 예배당에 대한 공격이 어떤 재앙이 다가오고 있다는 전조라고 설교하고 있습니다.",record,False,False,False,False,,
Knights.esp,INFO,01002A8D,,NAM1,1,,,"You should go to Anvil and hear him for yourself, if you're interested. They say he preaches outside the Chapel every day, rain or shine.",관심이 있다면 앤빌로 가서 직접 그의 말을 들어보세요. 그는 비가 오나 눈이 오나 매일 예배당 밖에서 설교를 한다고 합니다.,record,False,False,False,False,,
Knights.esp,INFO,01002A8E,,NAM1,0,,,"An intriguing fellow from what I've heard. A cut above the usual street-corner rabble-rouser. He's the talk of Anvil, apparently.",내가 듣기론 흥미로운 사람이라고 하더군. 평범한 거리의 폭력배와는 차원이 다르다고. 앤빌에서 화제의 인물이라고 하더군.,record,False,False,False,False,,
Knights.esp,INFO,01002A8F,,NAM1,0,,,I haven't heard much about him. I'm thinking about going down to Anvil to hear him for myself.,그에 대해 잘 모르겠습니다. 직접 그의 말을 듣기 위해 앤빌로 내려갈까 생각 중입니다.,record,False,False,False,False,,
Knights.esp,INFO,01002A90,,NAM1,0,,,I don't know much about him either. Just that he appeared in Anvil shortly after the attack on the Chapel there.,저도 그 사람에 대해 잘 모르겠습니다. 그저 예배당이 공격받은 직후 앤빌에 나타났다는 것만 알고 있습니다.,record,False,False,False,False,,
Knights.esp,INFO,01002A91,,NAM1,0,,,"Sure, go down to the Chapel and you can't miss him. He'll be the one outside, ranting at passersby.","네, 예배당으로 가시면 그 사람을 놓치지 않을 겁니다. 밖에서 지나가는 사람들에게 소리를 지르고 있는 사람입니다.",record,False,False,False,False,,
Knights.esp,INFO,01002A92,,NAM1,0,,,I don't know where he came from. Just appeared outside the Chapel a day or so after the attacks. Been there ever since.,그가 어디서 왔는지는 모르겠어요. 공격이 있은 지 하루 정도 지났을 때 예배당 밖에서 갑자기 나타났어요. 그 이후로 계속 거기에 있어요.,record,False,False,False,False,,
Knights.esp,INFO,01002A93,,NAM1,0,,,"Yes, he preaches outside the Chapel every day. Hard to miss. I think you'll know him when you see him.","네, 그는 매일 예배당 밖에서 설교를 합니다. 놓치기 어렵습니다. 보시면 알아보실 겁니다.",record,False,False,False,False,,
Knights.esp,INFO,01002A94,,NAM1,0,,,"Sure, the guy down by the Chapel. He's the one calling for some holy knight to return. Maybe we could use a few more holy knights these days.","네, 예배당 아래에 있는 사람입니다. 성기사가 돌아오기를 바라고 있는 사람입니다. 요즘은 성전사가 몇 명 더 필요할지도 모르겠네요.",record,False,False,False,False,,
Knights.esp,INFO,01002A95,,NAM1,0,,,"You should listen to him preach. He may sound crazy at first, but the longer you listen, the more sense he makes.","그의 설교를 들어보세요. 처음에는 미친 소리처럼 들리겠지만, 들을수록 그 말이 이해가 될 겁니다.",record,False,False,False,False,,
Knights.esp,INFO,01002A96,,NAM1,0,,,He's a blessing on this town. The only one to have made any sense out of the terrible tragedy at the Chapel.,그는 이 마을의 축복입니다. 예배당에서 일어난 끔찍한 비극을 이해한 유일한 사람입니다.,record,False,False,False,False,,
Knights.esp,INFO,01002A96,,NAM1,1,,,He preaches every day outside the Chapel. Go and listen. You'll see.,그는 매일 예배당 밖에서 설교를 합니다. 가서 들어보세요. 그러면 알 수 있을 겁니다.,record,False,False,False,False,,
Knights.esp,DIAL,01002A97,NDAnvilChapel,FULL,0,,,Anvil Chapel,앤빌 예배당,record,False,False,True,False,TOPIC_CHECK,
Knights.esp,INFO,01002A98,,NAM1,0,,,"It was terrible. I've fought in many battles, but this...","끔찍했습니다. 많은 전투에 참전했지만, 이건...",record,False,False,False,False,,
Knights.esp,INFO,01002A98,,NAM1,1,,,"... the priests and priestesses of Dibella, slaughtered within the very walls of her Chapel. The Altar itself desecrated!",... 디벨라의 사제들과 여사제들이 그녀의 예배당에서 학살당했습니다. 제단도 모독당했습니다!,record,False,False,False,False,,
Knights.esp,INFO,01002A98,,NAM1,2,,,"No one saw who did it. No one yet living, that is. Although many heard the screams.",누가 그랬는지 아무도 보지 못했습니다. 아직 살아있는 사람은 아무도 없습니다. 비명을 들은 사람은 많지만요.,record,False,False,False,False,,
Knights.esp,INFO,01002A98,,NAM1,3,,,"Speak to the Prophet, in Anvil. He knows what this portends. He says it is only the beginning.",애니발에 있는 예언자에게 말하세요. 그는 이것이 무엇을 의미하는지 알고 있습니다. 그는 이것이 시작에 불과하다고 말했습니다.,record,False,False,False,False,,
Knights.esp,DIAL,01002A99,NDPilgrimageTopic,FULL,0,,,Pilgrimage,순례,record,False,False,True,False,TOPIC_CHECK,
Knights.esp,INFO,01002A9A,,NAM1,0,,,"For those who would repent of their past deeds, walking the Pilgrims Way is a traditional way to cleanse yourself before the gods.",과거의 행위를 참회하려는 이에게 순례자의 길을 걷는 것은 신들 앞에서 자신을 정화하는 전통적인 방법입니다.,record,False,False,False,False,,
Knights.esp,INFO,01002A9A,,NAM1,1,,,"Follow the map I gave you. Visit the Wayshrines of the Nine, pray, and wait for a sign.","과거의 행적을 회개하고자 하는 자들에게, 순례자의 길을 걷는 것은 신들 앞에서 자신을 정화하기 위한 전통적인 방법입니다.",record,False,False,False,False,,
Knights.esp,INFO,01002A9B,,NAM1,0,,,Walking the Pilgrim's Way is the traditional start of a holy quest.,순례자의 길을 걷는 것은 성스러운 여정을 시작하는 전통적인 방법입니다.,record,False,False,False,False,,
Knights.esp,INFO,01002A9B,,NAM1,1,,,"Follow the map I gave you. Visit the Wayshrines of the Nine, pray, and wait for a sign.",순례자의 길을 걷는 것은 성스러운 여정의 전통적인 시작입니다.,record,False,False,False,False,,
Knights.esp,INFO,01002A9C,,NAM1,0,,,"I have taken up the call of the Prophet to quest for the Crusader's Relics, and so I walk the Pilgrim's Way.",나는 성전사의 유물을 찾으라는 예언자의 부름을 받아들였기 때문에 순례자의 길을 걷고 있습니다.,record,False,False,False,False,,
Knights.esp,INFO,01002A9C,,NAM1,1,,,Have you not heard what happened to the Chapel in Anvil?,앤빌의 예배당에 일어난 일을 듣지 못하셨습니까?,record,False,False,False,False,,
Knights.esp,INFO,01002A9D,,NAM1,0,,,I have taken up the Prophet's call to defend the Faith.,나는 신앙을 지키기 위해 예언자의 부름을 받아들였습니다.,record,False,False,False,False,,
Knights.esp,INFO,01002A9D,,NAM1,1,,,Only a true knight wielding the Crusader's Relics can stop the evil that now threatens us.,"진정한 기사만이 성전사의 유물을 휘두를 수 있으며, 지금 우리를 위협하는 악을 막을 수 있습니다.",record,False,False,False,False,,
Knights.esp,INFO,01002A9D,,NAM1,2,,,"I walk the Pilgrim's Way, as did the questing knights of old. I would be glad of your company on the road, if your way lies with mine.","저는 옛날의 기사들이 그랬던 것처럼 순례자의 길을 걷고 있습니다. 당신의 행로가 제 행로와 같다면, 함께 여행할 수 있다면 기쁠 것입니다.",record,False,False,False,False,,
Knights.esp,DIAL,01002A9E,NDRodericGreetB,FULL,0,,,Saint Pelinal came to me in a vision.,성 펠리날이 환상 속에서 나에게 나타났습니다.,record,False,False,True,False,TOPIC_CHECK,
Knights.esp,INFO,01002A9F,,NAM1,0,,,Indeed? You are most fortunate!,정말요? 당신은 정말 행운아네요!,record,False,False,False,False,,
Knights.esp,INFO,01002A9F,,NAM1,1,,,I pray that I too may be worthy to receive such a divine command.,저도 그런 신의 명령을 받을 자격이 있기를 기도합니다.,record,False,False,False,False,,
Knights.esp,INFO,01002A9F,,NAM1,2,,,"Meanwhile, I will continue on my own pilgrimage. Fare thee well, my friend.","그 동안 저는 제 순례를 계속할 것입니다. 잘 가세요, 친구.",record,False,False,False,False,,
Knights.esp,DIAL,01002AA0,NDRodericGreetD,FULL,0,,,That's none of your concern.,그건 당신과 상관없는 일입니다.,record,False,False,True,False,TOPIC_CHECK,
Knights.esp,INFO,01002AA1,,NAM1,0,,,As you wish. I had no intention to impose myself on your affairs.,원하시는 대로 하겠습니다. 당신의 일에 끼어들 생각은 없었습니다.,record,False,False,False,False,,
Knights.esp,INFO,01002AA1,,NAM1,1,,,"Now, I must be on my way. The Pilgrimage of the Wayshrines is my only purpose now.",이제 가야 해. 이제 내 유일한 목적은 성소 순례뿐이다.,record,False,False,False,False,,
Knights.esp,DIAL,01002AA2,NDRodericGreetC,FULL,0,,,No. Why do you ask?,아니요. 왜 묻는 건가요?,record,False,False,True,False,TOPIC_CHECK,
Knights.esp,INFO,01002AA3,,NAM1,0,,,No matter. I thought I detected the light of a divine purpose in your eye.,상관없습니다. 당신의 눈에서 신성한 목적의 빛을 발견한 것 같습니다.,record,False,False,False,False,,
Knights.esp,INFO,01002AA3,,NAM1,1,,,"Now, I must be on my way. The Pilgrimage of the Wayshrines is my only purpose now.",이제 가야 해. 이제 내 유일한 목적은 성소 순례뿐이다.,record,False,False,False,False,,
Knights.esp,DIAL,01002AA4,NDRodericGreetA,FULL,0,,,Yes. I seek the Nine Wayshrines.,네. 나인 디바인의 성소을 찾고 있습니다.,record,False,False,True,False,TOPIC_CHECK,
Knights.esp,INFO,01002AA5,,NAM1,0,,,"As do I. Perhaps we can share the road, as long as our paths lie together.","저도 마찬가지입니다. 우리의 길이 함께 하는 한, 함께 여행을 할 수 있을지도 모르겠네요.",record,False,False,False,False,,
Knights.esp,DIAL,01002AA6,NDProphetGreetA4,FULL,0,,,"Yes, I am the Fighter's Guildmaster.","네, 저는 파이터 길드 마스터입니다.",record,False,False,True,False,TOPIC_CHECK,
Knights.esp,INFO,01002AA7,,NAM1,0,,,"I apologize for even asking the question, most esteemed Master. Please, do not allow me to interrupt your quest for the Relics.","그런 질문을 드려 죄송합니다, 존경하는 마스터. 유물 찾기를 방해하지 않겠습니다.",record,False,False,False,False,,
Knights.esp,DIAL,01002AA8,NDProphetGreetA2,FULL,0,,,"Yes, I am the Hero of Kvatch.","네, 저는 크바치의 영웅입니다.",record,False,False,True,False,TOPIC_CHECK,
Knights.esp,INFO,01002AA9,,NAM1,0,,,"Well then, ""Hail, Hero of Kvatch!"" Let me add one more voice to the neverending chorus of praise.","그럼, ""크바치의 영웅, 만세!"" 끝없는 찬사의 합창에 한 목소리 더 추가하겠습니다.",record,False,False,False,False,,
Knights.esp,INFO,01002AA9,,NAM1,1,,,I'm sure one of your many devotees will be able to guide you on your way to find the Crusader's Relics.,당신의 많은 추종자 중 한 명이 성전사의 유물을 찾는 길을 안내해 줄 것입니다.,record,False,False,False,False,,
Knights.esp,DIAL,01002AAA,NDProphetGreetA1,FULL,0,,,"Yes, I am a worthy knight.","예, 저는 훌륭한 기사입니다.",record,False,False,True,False,TOPIC_CHECK,
Knights.esp,INFO,01002AAB,,NAM1,0,,,Then I'm sure you will have no trouble finding the Relics on your own. You clearly need no aid from man or god.,그러면 당신은 혼자서도 유물을 찾는 데 아무런 문제가 없을 것입니다. 당신은 사람이나 신의 도움은 분명히 필요하지 않네요.,record,False,False,False,False,,
Knights.esp,INFO,01002AAB,,NAM1,1,,,"Why do you come to me for aid, worthy knight?","왜 나에게 도움을 요청하는 거지, 용감한 기사?",record,False,False,False,False,,
Knights.esp,INFO,01002AAC,,NAM1,0,,,Do you think that a quest for holy relics usually starts with a lie?,성스러운 유물을 찾는 여정은 보통 거짓말로 시작된다고 생각하십니까?,record,False,False,False,False,,
Knights.esp,INFO,01002AAD,,NAM1,0,,,That is usually best left to the gods to judge.,그건 신들이 판단할 문제입니다.,record,False,False,False,False,,
Knights.esp,INFO,01002AAF,,NAM1,0,,,Hail knight! You seek my Relics with a worthy heart!,"기사님, 안녕하십니까! 귀중한 유물을 찾으러 오셨군요!",record,False,False,False,False,,
Knights.esp,INFO,01002AB0,,NAM1,0,,,"Your prayers have woken me from my endless dream. Or perhaps you have entered my dream, and I still sleep.",당신의 기도가 끝없는 꿈에서 나를 깨웠습니다. 아니면 당신이 내 꿈에 들어온 것일지도 모르겠네요. 나는 아직 잠들어 있습니다.,record,False,False,False,False,,
Knights.esp,INFO,01002AB1,,NAM1,0,,,"I think others have sometimes spoken to me, others like you, but my memory is doubtful. Perhaps the others came after you.","다른 사람들도, 당신과 같은 사람들이, 나에게 말을 건네곤 했던 것 같은데, 기억이 잘 나지 않습니다. 아마도 다른 사람들이 당신을 쫓아왔을 겁니다.",record,False,False,False,False,,
Knights.esp,INFO,01002AB2,,NAM1,0,,,Your need must be great for the gods to allow us to speak.,당신의 필요성이 커서 신들이 우리에게 대화를 허락한 것 같습니다.,record,False,False,False,False,,
Knights.esp,INFO,01002AB3,,NAM1,0,,,Has Umaril the Accursed found a way back? The foulest of a foul race. A thousand curses upon his unholy name!,저주받은 우마릴이 돌아올 방법을 찾은 건가요? 가장 사악한 종족 중의 사악한 자. 그의 부정한 이름에 천 번의 저주를!,record,False,False,False,False,,
Knights.esp,INFO,01002AB4,,NAM1,0,,,"I thought I'd won. But I should have known. The Slavemasters are a cunning breed. Umaril found a way to cheat death, as I could not.",내가 이겼다고 생각했습니다. 하지만 알았어야 했어요. 노예 주인들은 교활한 종족입니다. 우마릴은 내가 할 수 없었던 죽음을 속이는 방법을 찾았습니다.,record,False,False,False,False,,
Knights.esp,INFO,01002AB5,,NAM1,0,,,"If you would seek for my Relics, I know little that can help you. All that has passed since my death is like mist that my mind cannot take hold of.","내 유물을 찾으려면, 내가 도와줄 수 있는 건 거의 없습니다. 내가 죽은 후의 일은 내 마음속에서 잡을 수 없는 안개와도 같습니다.",record,False,False,False,False,,
Knights.esp,INFO,01002AB6,,NAM1,0,,,"My friends built a shrine upon the site of my death, where the Elves tormented me in a final act of revenge.",제 친구들이 엘프들이 저를 마지막으로 고문한 제 죽음의 장소에 신전을 세웠습니다.,record,False,False,False,False,,
Knights.esp,INFO,01002AB7,,NAM1,0,,,I can show you where it once stood. Perhaps it is there still.,그것이 있던 곳을 보여드릴 수 있습니다. 아마도 아직 거기에 있을지도 모릅니다.,record,False,False,False,False,,
Knights.esp,INFO,01002AB8,,NAM1,0,,,"Fare thee well, sir knight. May the gods grant you to destroy Umaril utterly, as I failed to do.","잘 가세요, 기사님. 신들이 제가 실패한 일을 이루고 우마릴을 완전히 파괴할 수 있도록 도와주길 바랍니다.",record,False,False,False,False,,
Knights.esp,DIAL,01002AB9,ND04CarodusPostBattle02,FULL,0,,,Are you sure that you are ready?,정말 준비가 되셨습니까?,record,False,False,True,False,TOPIC_CHECK,
Knights.esp,DIAL,01002ABA,ND04CarodusPostBattle01,FULL,0,,,It will be an honor to have you.,당신을 맞이하게 되어 영광입니다.,record,False,False,True,False,TOPIC_CHECK,
Knights.esp,DIAL,01002ABB,ND04CarodusGreetingAbout,FULL,0,,,What about you? What's your story?,당신은 어쩌고? 무슨 일이야?,record,False,False,True,False,TOPIC_CHECK,
Knights.esp,INFO,01002ABC,,NAM1,0,,,"I grew up in Cheydinhal. My father was a cobbler. My mother was an acolytle of Zenithar. She was self-taught, not part of the chapel proper. ","저는 셰이딘홀에서 자랐습니다. 아버지는 구두 수선공이었고, 어머니는 제니타르의 제자였습니다. 어머니는 스스로 배운 사람으로, 예배당에 소속된 사람은 아니었습니다.",record,False,False,False,False,,
Knights.esp,INFO,01002ABC,,NAM1,1,,,They were... they were both killed in an accident when I was young. I became a ward of the crown and was drafted into the Imperial Army.,그들은... 제가 어렸을 때 사고로 둘 다 사망했습니다. 저는 왕의 보호를 받게 되었고 제국군에 징집되었습니다.,record,False,False,False,False,,
Knights.esp,INFO,01002ABC,,NAM1,2,,,"After serving two tours patrolling Stros M'Kai, I left the service for a life devoted to Zenithar, inspired by my parents.","스트로스 므'카이에서 두 번의 순찰 임무를 마친 후, 부모님의 영향을 받아 제니타르에게 헌신하는 삶을 살기 위해 군을 떠났습니다.",record,False,False,False,False,,
Knights.esp,DIAL,01002ABD,ND04CarodusGreetingZenithar,FULL,0,,,Tell me about your views on Zenithar.,제니타르에 대한 당신의 견해를 알려주세요.,record,False,False,True,False,TOPIC_CHECK,
Knights.esp,INFO,01002ABE,,NAM1,0,,,"Of the original divines, Zenithar is thought to be the most in touch with the mortal realm.",원래의 신들 중 제니타르는 인간 세계와 가장 밀접한 관련이 있는 신으로 여겨집니다.,record,False,False,False,False,,
Knights.esp,INFO,01002ABE,,NAM1,1,,,"Some legends say that Zenithar has close ties to Kynareth, an idea that is supported by the manner in which the two gods' realms interact.",일부 전설에 따르면 제니타르는 키나레스와 밀접한 관련이 있다고 합니다. 두 신의 영역이 상호 작용하는 방식을 보면 이 전설이 사실일 가능성이 높습니다.,record,False,False,False,False,,
Knights.esp,INFO,01002ABE,,NAM1,2,,,Craftsmen devoted to Zenithar are able to create and profit from the materials provided by Kynareth's natural world.,제니타르에 헌신하는 장인들은 키나레스의 자연 세계에서 얻은 재료로 물건을 만들고 그로 이익을 얻을 수 있습니다.,record,False,False,False,False,,
Knights.esp,INFO,01002ABE,,NAM1,3,,,The two work in harmony -- the natural world providing for the craftsmen. One cannot revere Zenithar without acknowledging the power of Kynareth.,"두 세계는 조화를 이루며, 자연은 장인들에게 자원을 공급합니다. 키나레스의 힘을 인정하지 않고는 제니타르를 숭배할 수 없습니다.",record,False,False,False,False,,
Knights.esp,DIAL,01002ABF,ND04CarodusGreetingMace,FULL,0,,,What can you tell me about the mace?,철퇴에 대해 뭐 알고 있어?,record,False,False,True,False,TOPIC_CHECK,
Knights.esp,INFO,01002AC0,,NAM1,0,,,"Legends say that when Pelinal Whitestrake was slain by the Ayleids, a messenger carried the Mace to the human settlement of Leyawiin as a message.","전설에 따르면, 펠리날 화이트스트레이크가 에일리드에 의해 살해되었을 때, 메신저가 그 철퇴와 함께 인간 정착지인 레이야윈으로 메시지를 전했다고 합니다.",record,False,False,False,False,,
Knights.esp,INFO,01002AC0,,NAM1,1,,,"Centuries later, the master craftsman Saint Kaladas built the Chapel of Zenithar in Leyawiin as a tribute to the legend.","몇 세기 후, 장인 세인트 칼라다스는 전설을 기리기 위해 레이야윈에 제니타르 예배당을 지었습니다.",record,False,False,False,False,,
Knights.esp,INFO,01002AC0,,NAM1,2,,,"When Saint Kaladas was laid to rest, those who prayed to Zenithar at his tomb began to receive visions of the Mace of the Crusader. ","칼라다스 성자가 안식을 취한 후, 그의 무덤에서 제니타르에게 기도한 사람들은 성전사의 철퇴에 대한 환상을 보기 시작했습니다.",record,False,False,False,False,,
Knights.esp,DIAL,01002AC1,ND04Zenithar,FULL,0,,,Zenithar,제니타르,record,False,False,True,False,TOPIC_CHECK,
Knights.esp,INFO,01002AC2,,NAM1,0,,,"Of the original divines, Zenithar is thought to be the most in touch with the mortal realm.",원래의 신들 중 제니타르는 인간 세계와 가장 밀접한 관련이 있는 신으로 여겨집니다.,record,False,False,False,False,,
Knights.esp,INFO,01002AC2,,NAM1,1,,,"Some legends say that Zenithar has close ties to Kynareth, an idea that is supported by the manner in which the two gods' realms interact.",일부 전설에 따르면 제니타르는 키나레스와 밀접한 관련이 있다고 합니다. 두 신의 영역이 상호 작용하는 방식을 보면 이 전설이 사실일 가능성이 높습니다.,record,False,False,False,False,,
Knights.esp,INFO,01002AC2,,NAM1,2,,,Craftsmen devoted to Zenithar are able to create and profit from the materials provided by Kynareth's natural world.,제니타르에 헌신하는 장인들은 키나레스의 자연 세계에서 얻은 재료로 물건을 만들고 그로 이익을 얻을 수 있습니다.,record,False,False,False,False,,
Knights.esp,INFO,01002AC2,,NAM1,3,,,The two work in harmony -- the natural world providing for the craftsmen. One cannot revere Zenithar without acknowledging the power of Kynareth.,"두 세계는 조화를 이루며, 자연은 장인들에게 자원을 공급합니다. 키나레스의 힘을 인정하지 않고는 제니타르를 숭배할 수 없습니다.",record,False,False,False,False,,
Knights.esp,INFO,01002AC3,,NAM1,0,,,"Of the original divines, Zenithar is thought to be the most in touch with the mortal realm.",원래의 신들 중 제니타르는 인간 세계와 가장 밀접한 관련이 있는 신으로 여겨집니다.,record,False,False,False,False,,
Knights.esp,INFO,01002AC3,,NAM1,1,,,"Some legends say that Zenithar has close ties to Kynareth, an idea that is supported by the manner in which the two gods' realms interact.",일부 전설에 따르면 제니타르는 키나레스와 밀접한 관련이 있다고 합니다. 두 신의 영역이 상호 작용하는 방식을 보면 이 전설이 사실일 가능성이 높습니다.,record,False,False,False,False,,
Knights.esp,INFO,01002AC3,,NAM1,2,,,Craftsmen devoted to Zenithar are able to create and profit from the materials provided by Kynareth's natural world.,제니타르에 헌신하는 장인들은 키나레스의 자연 세계에서 얻은 재료로 물건을 만들고 그로 이익을 얻을 수 있습니다.,record,False,False,False,False,,
Knights.esp,INFO,01002AC3,,NAM1,3,,,The two work in harmony -- the natural world providing for the craftsmen. One cannot revere Zenithar without acknowledging the power of Kynareth.,"두 세계는 조화를 이루며, 자연은 장인들에게 자원을 공급합니다. 키나레스의 힘을 인정하지 않고는 제니타르를 숭배할 수 없습니다.",record,False,False,False,False,,
Knights.esp,DIAL,01002AC4,ND04Mace,FULL,0,,,Mace of Zenithar,제니타르의 철퇴,record,False,False,True,False,TOPIC_CHECK,
Knights.esp,INFO,01002AC8,,NAM1,0,,,"You have passed our test and now, I must ask you to press forward where I could not. I must ask you to face the challenge of Zenithar.",우리의 시험을 통과했으니 이제 내가 가지 못한 곳까지 나아가 주기를 부탁해야겠군요. 제니타르의 시련에 맞서 주십시오.,record,False,False,False,False,,
Knights.esp,INFO,01002AC9,,NAM1,0,,,"Legends say that when Pelinal Whitestrake was slain by the Ayleids, a messenger carried the Mace to the human settlement of Leyawiin as a message.","전설에 따르면, 펠리날 화이트스트레이크가 에일리드에 의해 살해되었을 때, 메신저가 그 철퇴와 함께 인간 정착지인 레이야윈으로 메시지를 전했다고 합니다.",record,False,False,False,False,,
Knights.esp,INFO,01002AC9,,NAM1,1,,,"Centuries later, the master craftsman Saint Kaladas built the Chapel of Zenithar in Leyawiin as a tribute to the legend.","몇 세기 후, 장인 세인트 칼라다스는 전설을 기리기 위해 레이야윈에 제니타르 예배당을 지었습니다.",record,False,False,False,False,,
Knights.esp,INFO,01002AC9,,NAM1,2,,,"When Saint Kaladas was laid to rest, those who prayed to Zenithar at his tomb began to receive visions of the Mace of the Crusader. ","칼라다스 성자가 안식을 취한 후, 그의 무덤에서 제니타르에게 기도한 사람들은 성전사의 철퇴에 대한 환상을 보기 시작했습니다.",record,False,False,False,False,,
Knights.esp,INFO,01002ACA,,NAM1,0,,,"Legends say that when Pelinal Whitestrake was slain by the Ayleids, a messenger carried the Mace to the human settlement of Leyawiin as a message.","전설에 따르면, 펠리날 화이트스트레이크가 에일리드에 의해 살해되었을 때, 메신저가 그 철퇴와 함께 인간 정착지인 레이야윈으로 메시지를 전했다고 합니다.",record,False,False,False,False,,
Knights.esp,INFO,01002ACA,,NAM1,1,,,"Centuries later, the master craftsman Saint Kaladas built the Chapel of Zenithar in Leyawiin as a tribute to the legend.","몇 세기 후, 장인 세인트 칼라다스는 전설을 기리기 위해 레이야윈에 제니타르 예배당을 지었습니다.",record,False,False,False,False,,
Knights.esp,INFO,01002ACA,,NAM1,2,,,"When Saint Kaladas was laid to rest, those who prayed to Zenithar at his tomb began to receive visions of the Mace of the Crusader. ","칼라다스 성자가 안식을 취한 후, 그의 무덤에서 제니타르에게 기도한 사람들은 성전사의 철퇴에 대한 환상을 보기 시작했습니다.",record,False,False,False,False,,
Knights.esp,INFO,01002ACB,,NAM1,0,,,"After Berich betrayed us, Sir Ralvas journeyed to the Chapel of Leyawiin to attempt Zenithar's test of faith.","베리치가 우리를 배신한 후, 라르바스 경은 제니타르의 신앙 시험을 받기 위해 레이야윈의 예배당으로 여행을 떠났습니다.",record,False,False,False,False,,
Knights.esp,INFO,01002ACB,,NAM1,1,,,"He tried to reach the mace again and again, failing each time. He became obsessed with it, refusing food or drink for days.","그는 계속해서 철퇴를 잡으려고 했지만, 매번 실패했습니다. 그는 철퇴에 집착하고, 며칠 동안 음식도 마시지도 않았습니다.",record,False,False,False,False,,
Knights.esp,INFO,01002ACB,,NAM1,2,,,"When I finally received word of his quest, I went searching for him. But.. I was too late. Sir Juncan helped me carry his body back here.","마침내 그의 임무에 대한 소식을 듣자, 나는 그를 찾으러 나섰습니다. 하지만... 너무 늦었습니다. 준칸 경이 그의 시신을 이곳으로 옮기는 것을 도와주었습니다.",record,False,False,False,False,,
Knights.esp,INFO,01002ACB,,NAM1,3,,,I failed my friend and I failed Zenithar. Perhaps you can succeed where Sir Ralvas could not and redeem us both.,"저는 제 친구를 실망시켰고, 제니타르를 실망시켰습니다. 아마도 당신은 랄바스 경이 실패한 일을 성공시키고 우리 둘을 구원할 수 있을 것입니다.",record,False,False,False,False,,
Knights.esp,INFO,01002ACC,,NAM1,0,,,"Sir Ralvas quested for the Mace after Sir Berich's betrayal. He believed that with the Mace, he would be able to bring the rest of us together.",랄바스 경은 베리치 경이 배신한 후 철퇴의 행방을 찾았습니다. 그는 철퇴가 있으면 우리 모두를 하나로 모을 수 있을 것이라고 믿었습니다.,record,False,False,False,False,,
Knights.esp,INFO,01002ACC,,NAM1,1,,,"He stayed in the Chapel of Leyawiin for months, attempting the test over and over. He hardly ate. Hardly slept.","그는 레이야윈 예배당에 몇 달 동안 머물면서 시험을 반복했습니다. 그는 거의 먹지도, 자지도 않았습니다.",record,False,False,False,False,,
Knights.esp,INFO,01002ACC,,NAM1,2,,,"In the end, he failed. He left the chapel broken and beaten. Sir Amiel found his body and laid him to rest here at the Priory.",결국 그는 실패했습니다. 그는 예배당을 파괴하고 패배한 채로 떠났습니다. 아미엘 경이 그의 시신을 발견하고 이곳 수도원에 안치했습니다.,record,False,False,False,False,,
Knights.esp,INFO,01002ACD,,NAM1,0,,,"Legends say that when Pelinal Whitestrake was slain by the Ayleids, a messenger carried the Mace to the human settlement of Leyawiin as a message.","전설에 따르면, 펠리날 화이트스트레이크가 에일리드에 의해 살해되었을 때, 메신저가 그 철퇴와 함께 인간 정착지인 레이야윈으로 메시지를 전했다고 합니다.",record,False,False,False,False,,
Knights.esp,INFO,01002ACD,,NAM1,1,,,"Centuries later, the master craftsman Saint Kaladas built the Chapel of Zenithar in Leyawiin as a tribute to the legend.","몇 세기 후, 장인 세인트 칼라다스는 전설을 기리기 위해 레이야윈에 제니타르 예배당을 지었습니다.",record,False,False,False,False,,
Knights.esp,INFO,01002ACD,,NAM1,2,,,"When Saint Kaladas was laid to rest, those who prayed to Zenithar at his tomb began to receive visions of the Mace of the Crusader. ","칼라다스 성자가 안식을 취한 후, 그의 무덤에서 제니타르에게 기도한 사람들은 성전사의 철퇴에 대한 환상을 보기 시작했습니다.",record,False,False,False,False,,
Knights.esp,INFO,01002AC5,,NAM1,0,,,"You've retrieved the Mace! I... I can't beleive it! Sir Knight, I bend my knee in awe at your wisdom. You deserve to carry the mace.","철퇴가 돌아왔습니다! 믿을 수 없습니다! 기사님, 당신의 지혜에 경의를 표하며 무릎을 꿇겠습니다. 기사님이 철퇴의 주인이 될 자격이 있습니다.",record,False,False,False,False,,
Knights.esp,INFO,01002AC6,,NAM1,0,,,You've passed Zenithar's challenge and redeemed Sir Ralvas. Congratulations. Sir Juncan will be pleased to hear this.,제니타르의 도전에서 승리하고 라르바스 경을 구출했습니다. 축하합니다. 준칸 경이 이 소식을 들으면 기뻐할 겁니다.,record,False,False,False,False,,
Knights.esp,INFO,01002AC7,,NAM1,0,,,So it was the boots that Sir Ralvas needed to complete his quest? What a fool I was to refuse to help him. I will carry this regret for all time.,랄바스 경이 임무를 완수하기 위해 필요한 것은 장화였군요. 그를 도와주지 않은 내가 정말 바보였네요. 평생 후회할 것입니다.,record,False,False,False,False,,
Knights.esp,DIAL,01002ACE,ND04CarodusGreetingEND,FULL,0,,,I have to go.,가야 합니다.,record,False,False,True,False,TOPIC_CHECK,
Knights.esp,INFO,01002ACF,,NAM1,0,,,"Very well. I wish you luck, Sir Knight.","좋습니다. 행운을 빌겠습니다, 기사님.",record,False,False,False,False,,
Knights.esp,DIAL,01002AD0,ND04CarodusGreeting2,FULL,0,,,I am merely a servant of the Nine.,저는 단지 나인 디바인의 종일 뿐입니다.,record,False,False,True,False,TOPIC_CHECK,
Knights.esp,INFO,01002AD1,,NAM1,0,,,Such humility -- I admire you. I am Carodus Oholin. I originally came to this chapel in search of the Mace of Zenithar. ,"그런 겸손함, 정말 존경스럽습니다. 저는 카로두스 오홀린입니다. 원래는 제니타르의 철퇴를 찾으러 이 예배당에 왔습니다.",record,False,False,False,False,,
Knights.esp,INFO,01002AD1,,NAM1,1,,,"I tried, but I could not pass the test. My faith was weak. Or perhaps Zenithar decided that it was not I who should carry the mace.","노력했지만, 시험을 통과하지 못했습니다. 제 믿음이 약했습니다. 아니면 제니타르가 저에게 그 철퇴는 어울리지 않는다고 판단한 것일지도 모르겠네요.",record,False,False,False,False,,
Knights.esp,INFO,01002AD1,,NAM1,2,,,"He has found a use for me, however. The priests have asked me to stay to protect the chapel. After what happened in Anvil, they are afraid.",하지만 그는 저를 쓸모 있는 존재로 여겼습니다. 사제들은 저에게 예배당을 지키기 위해 머물러 달라고 부탁했습니다. 앤빌에서 일어난 일로 인해 그들은 두려워하고 있습니다.,record,False,False,False,False,,
Knights.esp,DIAL,01002AD2,ND04CarodusGreeting1,FULL,0,,,"Yes, I am. And who are you?","네, 맞습니다. 당신은 누구신가요?",record,False,False,True,False,TOPIC_CHECK,
Knights.esp,INFO,01002AD3,,NAM1,0,,,"My name is Carodus Oholin. Like you, I am a servant of the Nine. Specifically, of Zenithar.","제 이름은 카로두스 오홀린입니다. 당신과 마찬가지로, 저도 나인 디바인의 종입니다. 구체적으로는 제니타르의 종입니다.",record,False,False,False,False,,
Knights.esp,INFO,01002AD3,,NAM1,1,,,"I came here seeking his mace. However, I could not pass the test. I'm just...  I'm no crusader. But that doesn't mean that I cannot serve Zenithar.","그의 철퇴를 찾으러 여기까지 왔지만, 시험을 통과하지 못했습니다. 저는 그저... 성전사 전사가 될 수 없는 사람입니다. 하지만 그렇다고 제니타르를 섬길 수 없다는 의미는 아닙니다.",record,False,False,False,False,,
Knights.esp,INFO,01002AD3,,NAM1,2,,,"In light of the recent attacks, I've signed on to protect the chapel. I'm a fair with a blade and by my honor, I'll serve the Nine in any way I can.","최근의 공격을 고려하여, 저는 예배당을 지키기 위해 입대했습니다. 저는 칼을 잘 다루는 전사이며, 제 명예를 걸고 나인 디바인을 위해 할 수 있는 모든 일을 할 것입니다.",record,False,False,False,False,,
Knights.esp,DIAL,01002AD4,ND04SirRalvasGreeting03,FULL,0,,,My faith will guide me?,내 믿음이 나를 인도할까요?,record,False,False,True,False,TOPIC_CHECK,
Knights.esp,INFO,01002AD5,,NAM1,0,,,"This is what I know. As I said, my faith was weak. I did not understand the test and I fell from the platform each time I tried to cross.","이것이 제가 아는 전부입니다. 말한 대로, 제 믿음은 약했습니다. 시험을 이해하지 못했고, 건너려고 할 때마다 발판에서 떨어졌습니다.",record,False,False,False,False,,
Knights.esp,INFO,01002AD5,,NAM1,1,,,I have told you all that I know. All that is left is for you to prove yourself more worthy than I.,내가 아는 것은 모두 말했습니다. 이제 남은 것은 당신이 나보다 더 가치 있는 사람임을 증명하는 것뿐입니다.,record,False,False,False,False,,
Knights.esp,INFO,01002AD5,,NAM1,2,,,"If you seek the Mace, travel to Leyawiin's chapel, kneel at the shrine in the undercroft, and let your faith in the Nine be the salvation of us all.","철퇴가 원한다면, 레이야윈의 예배당으로 가서, 지하의 신전에 무릎을 꿇고, 나인 디바인에 대한 믿음으로 우리 모두를 구원해 주세요.",record,False,False,False,False,,
Knights.esp,DIAL,01002AD6,ND04SirRalvasGreeting02,FULL,0,,,What must I do?,어떻게 해야 합니까?,record,False,False,True,False,TOPIC_CHECK,
Knights.esp,INFO,01002AD7,,NAM1,0,,,"Below the Chapel of Zenithar in Leyawiin there is a shrine to the great craftsman, Saint Kaladas. Those seeking the Mace must pray before the shrine.",레이야윈의 제니타르 예배당 아래에는 위대한 장인 성 칼라다스를 기리는 성소가 있습니다. 철퇴의 소유자를 찾는 사람들은 성소 앞에서 기도를 해야 합니다.,record,False,False,False,False,,
Knights.esp,INFO,01002AD7,,NAM1,1,,,"When you bow, you will receive a vision -- or perhaps not. It is unclear. The priests saw that my body never moved, but it felt so real.","고개를 숙이면, 비전이 보일 것입니다. 하지만 보일지 모르겠습니다. 불분명합니다. 사제들은 제 몸이 움직이지 않는 것을 보았지만, 그 느낌은 너무도 현실적이었습니다.",record,False,False,False,False,,
Knights.esp,INFO,01002AD7,,NAM1,2,,,"You will see the Mace, separated from you by a great chasm. The chasm represents your doubt. Your faith must be your guide across it.",너는 너와 큰 계곡으로 분리된 철퇴가 보일 것이다. 그 계곡은 너의 의심을 의미한다. 너의 믿음이 너를 그 계곡을 건널 수 있게 할 것이다.,record,False,False,False,False,,
Knights.esp,DIAL,01002AD8,ND04SirRalvasGreeting01,FULL,0,,,How did you fail?,어떻게 실패한 건가요?,record,False,False,True,False,TOPIC_CHECK,
Knights.esp,INFO,01002AD9,,NAM1,0,,,I was arrogant and foolhardy. I sought personal glory. I placed my own will and my own lust for fame over the will of the Nine.,저는 오만하고 무모했습니다. 개인적인 영광을 추구했습니다. 나인 디바인의 의지보다 제 의지와 명성에 대한 욕망을 우선시했습니다.,record,False,False,False,False,,
Knights.esp,INFO,01002AD9,,NAM1,1,,,"In facing the challenge of Zenithar, I failed. I tried dozens -- no, hundreds of times to reach the Mace.","제니타르의 도전에 실패했습니다. 철퇴에 도달하기 위해 수십 번, 아니 수백 번을 시도했습니다.",record,False,False,False,False,,
Knights.esp,INFO,01002AD9,,NAM1,2,,,"I fell each time. And each time I awoke in the chapel, I leapt again. I tried to enlist the help of the other knights, but none would come to my aid.",매번 떨어졌습니다. 그리고 매번 예배당에서 깨어날 때마다 다시 뛰어내렸습니다. 다른 기사들의 도움을 요청했지만 아무도 도와주지 않았습니다.,record,False,False,False,False,,
Knights.esp,INFO,01002AD9,,NAM1,3,,,"The inscription says to ""walk in the faith"" but even now, I do not know what this means.","비문에는 ""믿음으로 걸어가라""라고 쓰여 있지만, 지금도 그 의미가 무엇인지 모르겠습니다.",record,False,False,False,False,,
Knights.esp,DIAL,01002ADA,NDProphetGreetB1,FULL,0,,,How can I find the Relics?,유물을 어떻게 찾을 수 있나요?,record,False,False,True,False,TOPIC_CHECK,
Knights.esp,INFO,01002ADB,,NAM1,0,,,The gods grant insight to those they deem worthy. Why and how they act is not predictable.,"신들은 합당하다고 판단한 자들에게 통찰력을 부여합니다. 신들이 왜, 어떻게 행동할지는 예측할 수 없습니다.",record,False,False,False,False,,
Knights.esp,INFO,01002ADB,,NAM1,1,,,"What I can tell you is that traditionally, knights who wished to quest for the Relics would walk the Pilgrim's Way.","제가 알려드릴 수 있는 것은, 전통적으로 유물을 찾으려는 기사들은 순례자의 길을 걷는다는 것입니다.",record,False,False,False,False,,
Knights.esp,INFO,01002ADB,,NAM1,2,,,"Travel to the Wayshrines of the Nine Divines. Pray to each of the gods in turn, and ask their favor upon your quest.","나인 디바인들의 신전으로 가세요. 각 신께 차례로 기도를 드리고, 그분들이 당신의 여정에 가호를 내려주시길 청하세요.",record,False,False,False,False,,
Knights.esp,INFO,01002ADB,,NAM1,3,,,"If the gods deem you worthy, you will be granted a sign. Go forth with the Nine's blessings.","신들이 당신을 합당하다고 판단하면, 당신에게 징표가 주어질 것입니다. 나인 디바인의 축복을 받고 가십시오.",record,False,False,False,False,,
Knights.esp,DIAL,01002ADC,NDProphetGreetA8,FULL,0,,,No. I have no claim to fame.,아니요. 저는 유명하지 않습니다.,record,False,False,True,False,TOPIC_CHECK,
Knights.esp,INFO,01002ADD,,NAM1,0,,,Let the gods be the judge of that. I cannot see into men's hearts. I see only their words and deeds.,그건 신들이 판단할 일입니다. 저는 사람의 마음을 볼 수 없습니다. 저는 그들의 말과 행동만 볼 수 있습니다.,record,False,False,False,False,,
Knights.esp,INFO,01002ADE,,NAM1,0,,,A humble heart is a good starting point. The gods will decide if you are worthy to seek the Relics.,겸손한 마음은 좋은 출발점입니다. 유물을 찾을 자격이 있는지 여부는 신들이 결정할 것입니다.,record,False,False,False,False,,
Knights.esp,INFO,01002ADF,,NAM1,0,,,"Perhaps, perhaps not. What men value is not always what the gods look for in a champion.","아마도, 아마도 아닐 수도 있습니다. 인간이 소중하게 여기는 것이 신들이 챔피언에게서 찾는 것이 항상 같은 것은 아닙니다.",record,False,False,False,False,,
Knights.esp,DIAL,01002AE0,NDProphetGreetA7,FULL,0,,,Not unless the Gray Fox is a knight.,그레이 폭스가 기사가 아닌 이상은 불가능합니다.,record,False,False,True,False,TOPIC_CHECK,
Knights.esp,INFO,01002AE1,,NAM1,0,,,An honest thief? I'll leave it to the priests of Zenithar to debate that paradox with you.,정직한 도둑이라고요? 그 역설에 대해서는 제니타르의 사제들에게 맡기겠습니다.,record,False,False,False,False,,
Knights.esp,DIAL,01002AE2,NDProphetGreetA3,FULL,0,,,"Yes, I am the Champion of Cyrodiil.","예, 저는 시로딜의 챔피언입니다.",record,False,False,True,False,TOPIC_CHECK,
Knights.esp,INFO,01002AE3,,NAM1,0,,,"And never let anyone forget it, Champion! I salute you. This small matter of the Crusader's Relics should be a trifle for a legend such as yourself.","그리고 누구도 이 사실을 잊지 못하게 하세요, 챔피언! 경의를 표합니다. 성전사 유물은 당신 같은 전설적인 인물에게는 사소한 일일 것입니다.",record,False,False,False,False,,
Knights.esp,DIAL,01002AE4,NDProphetGreetA6,FULL,0,,,No. I serve Sithis.,아니요. 저는 시디스를 섬기고 있습니다.,record,False,False,True,False,TOPIC_CHECK,
Knights.esp,INFO,01002AE5,,NAM1,0,,,"Indeed. And yet you would seek the holy Relics? The gods will find you an interesting plaything, I have no doubt.",물론입니다. 그런데도 신성한 유물을 찾으려 하십니까? 신들이 당신을 재미있는 놀이감으로 삼을 것이 분명합니다.,record,False,False,False,False,,
Knights.esp,DIAL,01002AE6,NDProphetGreetA5,FULL,0,,,"Yes, I am the Archmage.","예, 저는 대마법사입니다.",record,False,False,True,False,TOPIC_CHECK,
Knights.esp,INFO,01002AE7,,NAM1,0,,,"And a worthy successor to Hannibal Traven, I have no doubt. I'm sure your arcane arts will locate the lost Relics for you in no time.",한니발 트래븐의 후계자로서 합당한 인물이라고 생각합니다. 당신의 비전으로 잃어버린 유물을 금방 찾을 수 있을 겁니다.,record,False,False,False,False,,
Knights.esp,DIAL,01002AE8,Nd05Julianos,FULL,0,,,Julianos,줄리아노스,record,False,False,True,False,TOPIC_CHECK,
Knights.esp,INFO,01002AE9,,NAM1,0,,,History and knowledge are his domain. He is the God of Wisdom and Logic.,역사와 지식은 그의 영역입니다. 그는 지혜와 논리의 신입니다.,record,False,False,False,False,,
Knights.esp,INFO,01002AE9,,NAM1,1,,,"He teaches us: ""Know the truth. Observe the law. When in doubt, seek wisdom from the wise.""","그는 우리에게 이렇게 가르쳤습니다. ""진실을 알고, 법을 따르라. 의심이 들면 현자에게 지혜를 구하라.""",record,False,False,False,False,,
Knights.esp,DIAL,01002AEA,ND05FortBulwarkTopic,FULL,0,,,Fort Bulwark,불워크 요새,record,False,False,True,False,TOPIC_CHECK,
Knights.esp,INFO,01002AEB,,NAM1,0,,,"Look to the southeast of Cyrodiil to find it. I cannot say for certain what is inside, but be prepared for anything.","시로딜의 남동쪽을 찾으세요. 안에 무엇이 있는지 확실하게 말씀드릴 수는 없지만, 모든 상황에 대비하세요.",record,False,False,False,False,,
Knights.esp,INFO,01002AEC,,NAM1,0,,,"It lies in the southeast of Cyrodiil, near the Black Marsh border. If all went according to plan, it should be very well guarded now.","시로딜의 남동쪽, 블랙 마쉬 국경 근처에 있습니다. 모든 것이 계획대로 진행되었다면, 지금은 경비가 매우 삼엄할 것입니다.",record,False,False,False,False,,
Knights.esp,INFO,01002AEC,,NAM1,1,,,"Believe in yourself, and use your knowledge wisely. You will pass through unharmed, and the Shield will be yours.","자신을 믿고 지식을 현명하게 사용하세요. 무사히 통과할 수 있을 것이며, 방패는 당신의 것이 될 것입니다.",record,False,False,False,False,,
Knights.esp,DIAL,01002AED,NDShieldoftheCrusader,FULL,0,,,Shield of the Crusader,성전사 방패,record,False,False,True,False,TOPIC_CHECK,
Knights.esp,INFO,01002AEE,,NAM1,0,,,Sir Henrik wasn't drawn into the war as so many of us were. His mind never left the Shield.,헨릭 경은 우리 대부분과 달리 전쟁에 휘말리지 않았습니다. 그의 마음은 항상 방패에 머물러 있었습니다.,record,False,False,False,False,,
Knights.esp,INFO,01002AEF,,NAM1,0,,,Sir Henrik spent his days looking for the Shield. He was so determined; we all were in those days.,헨릭 경은 방패를 찾기 위해 평생을 보냈습니다. 그는 그 당시 우리 모두처럼 의지가 확고했습니다.,record,False,False,False,False,,
Knights.esp,INFO,01002AF0,,NAM1,0,,,"I can tell you what I know. It is not everything, but it is perhaps enough.","제가 아는 것은 모두 말씀드리겠습니다. 모든 것은 아니지만, 아마도 충분할 것입니다.",record,False,False,False,False,,
Knights.esp,INFO,01002AF1,,NAM1,0,,,"The Shield is safeguarded within Fort Bulwark. It is protected, and care must be taken when attempting to find it.",방패는 요새에서 안전하게 보관되어 있습니다. 방패는 잘 보호되어 있으므로 찾으려면 조심해야 합니다.,record,False,False,False,False,,
Knights.esp,DIAL,01002AF2,NDProphetQuest,FULL,0,,,Quest for the Relics,유물 퀘스트,record,False,False,True,False,TOPIC_CHECK,
Knights.esp,INFO,01002AF3,,NAM1,0,,,Are you a worthy knight?,당신은 훌륭한 기사입니까?,record,False,False,False,False,,
Knights.esp,INFO,01002AF4,,NAM1,0,,,A vision from the Divine Crusader himself is a powerful sign. You are truly blessed by the gods.,신성한 성전사 본인의 환영을 보았다니 강력한 징조입니다. 당신은 진정 신들의 축복을 받았습니다.,record,False,False,False,False,,
Knights.esp,INFO,01002AF4,,NAM1,1,,,"Hold to your purpose, and you may yet fulfill the prophecy.",신성한 성전사 자신이 보인 환상은 강력한 징조입니다. 당신은 정말 신의 축복을 받은 사람입니다.,record,False,False,False,False,,
Knights.esp,DIAL,01002AF5,ND05ThedretWhat,FULL,0,,,What are you doing here?,여기서 뭐 하는 거야?,record,False,False,True,False,TOPIC_CHECK,
Knights.esp,INFO,01002AF6,,NAM1,0,,,"I've been held prisoner by these scoundrels for the longest time. They want to know how to reach the Shield, and believed I would help them.","저는 오랫동안 이 악당들에게 포로로 잡혀 있었습니다. 그들은 방패를 구할 방법을 알고 싶어했고, 제가 그들을 도울 수 있다고 믿었습니다.",record,False,False,False,False,,
Knights.esp,INFO,01002AF6,,NAM1,1,,,"When I refused, they locked me here, and only let me out to torture me. They got nothing from me.","내가 거절하자, 그들은 나를 이곳에 가두고 고문하기 위해서만 밖으로 내보냈습니다. 그들은 나에게서 아무것도 얻지 못했습니다.",record,False,False,False,False,,
Knights.esp,DIAL,01002AF7,ND05ThedretWho,FULL,0,,,Who are you?,당신 누구세요?,record,False,False,True,False,TOPIC_CHECK,
Knights.esp,INFO,01002AF8,,NAM1,0,,,"I am Sir Thedret. I came here seeking the Shield of the Crusader, and was ambushed by these... these cowards. They've held me here since.",저는 테드렛 경입니다. 성전사의 방패를 찾으러 여기 왔다가 이... 이 겁쟁이들에게 습격당했습니다. 그 이후로 그들은 저를 여기 가두어 놓았습니다.,record,False,False,False,False,,
Knights.esp,DIAL,01002AF9,ND05ThedretPhrase,FULL,0,,,What do you know?,뭘 알고 있어?,record,False,False,True,False,TOPIC_CHECK,
Knights.esp,INFO,01002AFA,,NAM1,0,,,"Before finding this place, I learned a bit about those who created it. It's designed to keep the Shield hidden and safe.","이곳을 찾기 전에, 이곳을 만든 자들에 대해 조금 알아봤다. 이곳은 방패를 숨기고 안전하게 지키기 위해 설계된 곳이다.",record,False,False,False,False,,
Knights.esp,INFO,01002AFA,,NAM1,1,,,"A phrase kept coming up in the writings I found: ""When the eyes of the Guardians are upon you, Julianos will show you favor.""","제가 찾은 글에서 계속 등장하는 문구가 있습니다. ""수호자의 눈이 당신을 바라보고 있을 때, 줄리아노스가 당신에게 은총을 베풀 것입니다.""",record,False,False,False,False,,
Knights.esp,INFO,01002AFA,,NAM1,2,,,"I'm not sure how, but I just know it's a clue for making it safely through these ruins. You're the only one I have told. I hope it helps you.","어떻게 될지는 모르겠지만, 이 폐허를 무사히 통과할 수 있는 단서가 될 것이라고는 확신합니다. 이 일은 당신에게만 말한 것입니다. 도움이 되길 바랍니다.",record,False,False,False,False,,
Knights.esp,DIAL,01002AFB,Nd05ThedretHelp,FULL,0,,,Can you help me?,도와줄 수 있나요?,record,False,False,True,False,TOPIC_CHECK,
Knights.esp,INFO,01002AFC,,NAM1,0,,,"I can't go with you, if that's what you mean. I'm too weak... I need to rest. Once I have my strength, I will certainly join your cause.","당신이 그 말을 의미한다면, 나는 당신과 함께 갈 수 없습니다. 나는 너무 약합니다... 휴식이 필요합니다. 힘이 회복되면, 반드시 당신의 대의에 동참할 것입니다.",record,False,False,False,False,,
Knights.esp,INFO,01002AFC,,NAM1,1,,,You'll have to go on alone. But the knowledge I've gained may be of use to you.,혼자 가야 합니다. 하지만 제가 얻은 지식이 당신에게 도움이 될지도 모릅니다.,record,False,False,False,False,,
Knights.esp,DIAL,01002AFD,ND06WhatTalking,FULL,0,,,What are you talking about?,무슨 말이야?,record,False,False,True,False,TOPIC_CHECK,
Knights.esp,INFO,01002AFE,,NAM1,0,,,The curse... I know what would lift it. But I cannot do it.,저주... 그 저주를 풀 수 있는 방법을 알고 있습니다. 하지만 저는 할 수 없습니다.,record,False,False,False,False,,
Knights.esp,INFO,01002AFE,,NAM1,1,,,"The only way to free Kellen of his curse is to take it on myself. I am not strong enough to do this, and so I am a failure.",켈렌의 저주를 해제할 수 있는 유일한 방법은 그 저주를 내가 대신 받는 것뿐입니다. 나는 그럴 만큼 강하지 않아서 실패한 것입니다.,record,False,False,False,False,,
Knights.esp,INFO,01002AFE,,NAM1,2,,,"I fail Kellen every time I speak to him, and I fail Stendarr every time I pray to him and do not ask for the power to lift the curse.","켈렌과 대화할 때마다 나는 그를 실망시키고, 스텐다르에게 기도할 때마다 저주를 해제할 힘을 구하지 않아서 스텐다르를 실망시키고 있습니다.",record,False,False,False,False,,
Knights.esp,INFO,01002AFE,,NAM1,3,,,"Do you know one who would do such a thing? One who would pray at this Chapel's altar, pray to Stendarr for the power to lift this curse?",그런 일을 할 사람을 알고 있나요? 이 예배당의 제단에서 스텐다르에게 이 저주를 해제할 힘을 달라고 기도할 사람을요?,record,False,False,False,False,,
Knights.esp,DIAL,01002AFF,NDAreldurTopic,FULL,0,,,Areldur,아렐두르,record,False,False,True,False,TOPIC_CHECK,
Knights.esp,INFO,01002B00,,NAM1,0,,,I've seen plenty of pity in peoples' eyes over the years. I grew up recognizing it. But with Areldur... There's something else there.,수년 동안 사람들의 눈에서 많은 동정심을 보아왔습니다. 자라면서 그 동정심을 인식하게 되었습니다. 하지만 아렐두르에게는... 그 이상 뭔가 있습니다.,record,False,False,False,False,,
Knights.esp,INFO,01002B00,,NAM1,1,,,"And when he speaks to me, there are times I'd swear he sounds... Apologetic. Guilty, even. Why would that be?","그가 나에게 말할 때면, 때때로 그가 사과하는 듯한, 심지어는 죄책감에 사로잡힌 듯한 목소리를 듣는 것 같습니다. 왜 그럴까요?",record,False,False,False,False,,
Knights.esp,INFO,01002B00,,NAM1,2,,,"What reason does he have to hold back information? I know I'm a doomed man, one way or the other.",그가 정보를 숨길 이유가 무엇일까요? 나는 어쨌든 죽을 운명이라는 것을 알고 있습니다.,record,False,False,False,False,,
Knights.esp,INFO,01002B00,,NAM1,3,,,"Speak to him, if you can. Convince him to tell me what he knows, as a dying man's last wish.",가능하면 그와 대화해보세요. 죽어가는 사람의 마지막 소원으로 그에게 알고 있는 것을 말하도록 설득하세요.,record,False,False,False,False,,
Knights.esp,DIAL,01002B01,ND06CasimirTopic,FULL,0,,,Sir Casimir,카시미르 경,record,False,False,True,False,TOPIC_CHECK,
Knights.esp,INFO,01002B02,,NAM1,0,,,"So you know that name, do you? I spit on his memory.",그 이름을 알고 있구나? 그의 기억에 침을 뱉을 거야.,record,False,False,False,False,,
Knights.esp,INFO,01002B02,,NAM1,1,,,"It's his fault I'm here, barely able to get out of bed. It's his fault my father died thirty years before his time.",내가 여기 누워서 침대에서 일어나지도 못하는 것은 모두 그의 탓입니다. 아버지가 30년 일찍 돌아가신 것도 그의 탓입니다.,record,False,False,False,False,,
Knights.esp,DIAL,01002B03,NDKellenTopic,FULL,0,,,Kellen,켈렌,record,False,False,True,False,TOPIC_CHECK,
Knights.esp,INFO,01002B04,,NAM1,0,,,You... You lifted the curse?,당신이 저주를 해제한 건가요?,record,False,False,False,False,,
Knights.esp,INFO,01002B04,,NAM1,1,,,But... That means that now you've cursed yourself!,하지만... 그건 당신이 스스로에게 저주를 내린 것입니다!,record,False,False,False,False,,
Knights.esp,INFO,01002B04,,NAM1,2,,,Why would you do such a thing?,왜 그런 짓을 한 거지?,record,False,False,False,False,,
Knights.esp,INFO,01002B05,,NAM1,0,,,"I... I cannot face him. I know what might be done for him, but I haven't the will to do it.","저는... 그에게 맞설 수 없습니다. 그를 위해 무엇을 해야 할지는 알고 있지만, 그럴 의지가 없습니다.",record,False,False,False,False,,
Knights.esp,INFO,01002B05,,NAM1,1,,,"I wish I could help him, truly I do, but I cannot muster the strength to damn myself on his behalf!","그를 도울 수 있다면 정말 좋겠지만, 그를 위해 제 목숨을 걸고 싸울 수 있는 힘이 없습니다!",record,False,False,False,False,,
Knights.esp,INFO,01002B06,,NAM1,0,,,"I... No, I couldn't. I'm sorry, there's nothing I can do for him. Truly, I am sorry.","나는... 아니, 그럴 수 없다. 미안하다, 그를 위해 내가 할 수 있는 일은 아무것도 없다. 진심으로 미안하다.",record,False,False,False,False,,
Knights.esp,INFO,01002B07,,NAM1,0,,,"He's down in the Chapel Hall, resting. You may speak to him, if you like.",그는 예배당 홀에서 쉬고 있습니다. 원하시면 그와 이야기할 수 있습니다.,record,False,False,False,False,,
Knights.esp,DIAL,01002B08,ND06KellenQuestion,FULL,0,,,Who is Kellen?,켈렌은 누구인가?,record,False,False,True,False,TOPIC_CHECK,
Knights.esp,INFO,01002B09,,NAM1,0,,,"Oh, why he's a descendant of that very knight from so long ago. The curse has affected his family all these years. He suffers from it now.","오, 그는 오래 전에 살았던 그 기사의 후손입니다. 저주는 수년 동안 그의 가족을 괴롭혔습니다. 그는 지금도 그 저주에 시달리고 있습니다.",record,False,False,False,False,,
Knights.esp,INFO,01002B09,,NAM1,1,,,"He came here from Hammerfell seeking a cure, but, ahh... well, there's really nothing that can be done for him, I think.","그는 치료를 받기 위해 해머펠에서 여기까지 왔지만, 아... 글쎄요, 그를 위해 할 수 있는 일은 아무것도 없는 것 같습니다.",record,False,False,False,False,,
Knights.esp,INFO,01002B09,,NAM1,2,,,"He may know more of the story than I. Perhaps you should speak with him, if he's feeling well enough.",그는 저보다 그 이야기를 더 잘 알고 있을 것입니다. 그가 몸이 괜찮다면 그에게 직접 물어보세요.,record,False,False,False,False,,
Knights.esp,DIAL,01002B0A,ND06WantGauntlets,FULL,0,,,I've come to retrieve them.,그것을 되찾으러 왔습니다.,record,False,False,True,False,TOPIC_CHECK,
Knights.esp,INFO,01002B0B,,NAM1,0,,,"Oh, I'm afraid that's quite impossible. They don't move. Not even a bit. As if they're the heaviest things in the world.","아, 그건 불가능합니다. 그건 움직이지 않거든요. 조금도요. 마치 세상에서 가장 무거운 물건처럼요.",record,False,False,False,False,,
Knights.esp,INFO,01002B0B,,NAM1,1,,,"Don't you know the story behind them? I'm not, ahh, familiar with all the details, but I know roughly what happened.","그들의 뒷이야기를 모르세요? 모든 세부 사항은 잘 모르지만, 대충 무슨 일이 있었는지는 알고 있습니다.",record,False,False,False,False,,
Knights.esp,DIAL,01002B0C,ND06Story,FULL,0,,,I'd like to know their story.,그들의 이야기를 듣고 싶습니다.,record,False,False,True,False,TOPIC_CHECK,
Knights.esp,INFO,01002B0D,,NAM1,0,,,"Yes, well, I don't know the whole thing. A great many years ago, a knight of the old Order did something terrible, and the gauntlets just fell off.","네, 그게, 전 모든 것을 알고 있지는 않습니다. 오래 전에, 옛 교단의 기사들이 끔찍한 일을 저질렀고, 그 결과 손목받이가 그냥 떨어졌다고 합니다.",record,False,False,False,False,,
Knights.esp,INFO,01002B0D,,NAM1,1,,,"They dropped to the floor right where he stood, and no one could lift them. It was a sign of the curse placed upon this knight by Stendarr, I think.","그것들은 그가 서 있던 바로 그 자리에 떨어졌지만, 아무도 들 수 없었습니다. 스텐다르가 이 기사에 내린 저주의 징조라고 생각합니다.",record,False,False,False,False,,
Knights.esp,INFO,01002B0D,,NAM1,2,,,"That curse still lingers on today, in fact. Poor Kellen.",사실 그 저주는 오늘날까지도 남아 있습니다. 불쌍한 켈렌.,record,False,False,False,False,,
Knights.esp,DIAL,01002B0E,NDGauntletsoftheCrusader,FULL,0,,,Gauntlets of the Crusader,성전사의 손목받이,record,False,False,True,False,TOPIC_CHECK,
Knights.esp,INFO,01002B13,,NAM1,0,,,"Casimir left with the Gauntlets when the Order dissolved. I heard that he lost them, but I had my own problems to deal with.","카시미르는 교단이 해체될 때 손목받이를 가지고 떠났습니다. 그가 그 손목받이를 잃어버렸다고 들었지만, 저는 제 문제로 바빴기 때문에 그 사실을 확인할 수 없었습니다.",record,False,False,False,False,,
Knights.esp,INFO,01002B14,,NAM1,0,,,The Gauntlets were recovered by Sir Casimir. One of our few victories during our time. But then even our victories became our failure.,손목받이는 카시미르 경에 의해 회수되었습니다. 우리 시대 몇 안 되는 승리 중 하나였습니다. 하지만 우리의 승리조차도 실패로 끝났습니다.,record,False,False,False,False,,
Knights.esp,INFO,01002B15,,NAM1,0,,,"Sir Casimir took the Gauntlets to war with him. After what happened with Berich, who would try to stop him?","카시미르 경은 손목받이를 가지고 전쟁에 나섰습니다. 베리치 경이 죽은 후, 누가 그를 막을 수 있겠습니까?",record,False,False,False,False,,
Knights.esp,INFO,01002B16,,NAM1,0,,,"You've seen them, I assume. The only evidence of what happened so many years ago.",당신도 보셨을 겁니다. 수년 전 일의 유일한 증거입니다.,record,False,False,False,False,,
Knights.esp,INFO,01002B16,,NAM1,1,,,Do you know that I thought perhaps I could lift them? That somehow this curse would be lifted if I could pick them up?,내가 그 저주를 풀 수 있을지도 모른다고 생각한 것을 알고 있나요? 내가 그 유물을 집어 들면 저주가 풀릴지도 모른다고 생각한 것을요.,record,False,False,False,False,,
Knights.esp,INFO,01002B16,,NAM1,2,,,"I tried for hours. Until my whole body ached, and I could barely move. I lay there on the floor next to them, weeping.",몇 시간 동안 노력했습니다. 온몸이 아파서 거의 움직일 수 없을 때까지요. 그들 옆에 누워 울었습니다.,record,False,False,False,False,,
Knights.esp,INFO,01002B16,,NAM1,3,,,I'm not ashamed to admit that. I've been at the end of my rope for far too long to be ashamed of anything.,그 사실을 인정하는 것이 부끄럽지 않습니다. 너무 오랫동안 절망에 빠져서 부끄러울 것이 아무것도 없습니다.,record,False,False,False,False,,
Knights.esp,INFO,01002B17,,NAM1,0,,,"I don't know why they're still here. They're so heavy, and I'm so weak. What does Stendarr want from me?","왜 그들이 아직 여기 있는지 모르겠어요. 무겁기만 하고, 저는 너무 약해요. 스텐다르는 저에게 무엇을 원하는 걸까요?",record,False,False,False,False,,
Knights.esp,INFO,01002B18,,NAM1,0,,,Ah yes. The Gauntlets have been here for ages. I know only the basic story behind them; they're more of a novelty these days.,"네, 손목받이는 오랫동안 이곳에 보관되어 있습니다. 그 뒤에 숨겨진 기본적인 이야기만 알고 있습니다. 요즘에는 그저 신기한 물건으로 여겨지고 있죠.",record,False,False,False,False,,
Knights.esp,INFO,01002B18,,NAM1,1,,,My only real involvement with them these days is keeping the youngsters from hurting themselves trying to pick the gauntlets up.,"요즘 제가 그들과 관련된 유일한 일은, 젊은이들이 손목받이를 집으려고 다치기 전에 막는 일뿐입니다.",record,False,False,False,False,,
Knights.esp,INFO,01002B18,,NAM1,2,,,"What is your interest in them, if I may ask?",그것에 대해 무슨 관심이 있으신가요?,record,False,False,False,False,,
Knights.esp,INFO,01002B19,,NAM1,0,,,The Gauntlets have been here far longer than any of us. I don't expect that to ever change.,손목받이는 우리 중 누구보다 훨씬 오랫동안 이곳에 있었습니다. 그 상황이 변할 것이라고는 생각하지 않습니다.,record,False,False,False,False,,
Knights.esp,INFO,01002B19,,NAM1,1,,,They'll almost certainly be here long after we're all gone. Certainly after Kellen's family has died out.,우리 모두가 죽은 후에도 그들은 오랫동안 이곳에 남아 있을 것입니다. 적어도 켈렌의 가족이 모두 죽은 후에는 말입니다.,record,False,False,False,False,,
Knights.esp,INFO,01002B1A,,NAM1,0,,,I have no doubt that they still lie within the Chapel of Stendarr in Chorrol. No mortal man could lift them.,그것들은 여전히 코롤의 스텐다르 예배당에 놓여 있을 것입니다. 인간은 그 무기를 들 수 없습니다.,record,False,False,False,False,,
Knights.esp,INFO,01002B0F,,NAM1,0,,,"Of course you were the one to lift the gauntlets. You succeeded where so many others, including myself, have failed.",당연히 당신이 장갑을 들어 올린 사람입니다. 저를 포함한 많은 사람들이 실패한 일을 당신이 성공한 것입니다.,record,False,False,False,False,,
Knights.esp,INFO,01002B10,,NAM1,0,,,"An ancient relic of a time long past. Heavy as stone, and can't be moved. Please don't strain yourself trying.",오래전에 사라진 고대의 유물입니다. 돌처럼 무겁고 움직일 수 없습니다. 무리하지 마세요.,record,False,False,False,False,,
Knights.esp,INFO,01002B11,,NAM1,0,,,"Oh, those. You'll want to speak to Areldur about them. He's in charge of keeping people away from them.","오, 그거요. 아를두르에게 물어보세요. 그 사람이 그걸로 사람들이 접근하지 못하게 막고 있거든요.",record,False,False,False,False,,
Knights.esp,INFO,01002B12,,NAM1,0,,,"The gauntlets, eh? They're Areldur's responsibility. Speak to him about them.",장갑이요? 그건 아를두르의 책임입니다. 그에게 물어보세요.,record,False,False,False,False,,
Knights.esp,DIAL,01002B1B,ND06CurseTopic,FULL,0,,,Curse,저주,record,False,False,True,False,TOPIC_CHECK,
Knights.esp,INFO,01002B1C,,NAM1,0,,,"Even if I am doomed, I still hold out hope that Stendarr will have mercy on me.","내가 파멸을 맞이하더라도, 스텐다르가 나를 자비롭게 여길 것이라는 희망을 버리지 않겠습니다.",record,False,False,False,False,,
Knights.esp,INFO,01002B1D,,NAM1,0,,,"I'm not sure how I feel. To know that the curse can be lifted gives me hope, but to know that it also means damning another...","제 감정이 어떻게 될지 모르겠습니다. 저주가 풀릴 수 있다는 것이 희망을 주지만, 그로 인해 다른 사람이 저주를 받게 된다는 것이...",record,False,False,False,False,,
Knights.esp,INFO,01002B1D,,NAM1,1,,,"Would someone taking that responsibility be merciful, or suicidal?","그 책임을 맡는 사람은 자비로운 사람일까요, 아니면 자살을 원하는 사람일까요?",record,False,False,False,False,,
Knights.esp,INFO,01002B1E,,NAM1,0,,,"So, what can be done for me? I know you've learned something. I can see it in your face.",저를 위해 무엇을 해줄 수 있나요? 당신이 뭔가를 알아낸 걸 알고 있습니다. 당신의 얼굴에서 보입니다.,record,False,False,False,False,,
Knights.esp,INFO,01002B1F,,NAM1,0,,,I've told you. The only way to lift the curse from Kellen is to pray to Stendarr for the power to free him.,말씀드렸습니다. 켈렌의 저주를 풀 수 있는 유일한 방법은 스텐다르에게 그를 해방할 힘을 달라고 기도하는 것뿐입니다.,record,False,False,False,False,,
Knights.esp,INFO,01002B1F,,NAM1,1,,,"But that means taking the curse on yourself. You'll be marked for life, as will all your children and your children's children.","하지만 그건 그 저주를 스스로 짊어지는 것을 의미합니다. 당신과 당신의 자손, 그리고 그 자손의 자손까지 평생 저주를 받게 될 것입니다.",record,False,False,False,False,,
Knights.esp,INFO,01002B20,,NAM1,0,,,"It's a horrible thing, truly. One cannot help but pity those such as Kellen, who have such a burden placed on them through no fault of their own.",정말 끔찍한 일입니다. 자신의 잘못이 아닌 이유로 그런 짐을 지게 된 켈렌과 같은 사람들을 보면 동정심을 느낄 수밖에 없습니다.,record,False,False,False,False,,
Knights.esp,INFO,01002B20,,NAM1,1,,,"But... But if it is the will of the Nine, then there is little that can be done.","하지만... 하지만 그것이 나인 디바인의 뜻이라면, 할 수 있는 일은 거의 없습니다.",record,False,False,False,False,,
Knights.esp,INFO,01002B21,,NAM1,0,,,"Ah, so you've heard of it, have you? Terrible curse, been in the family almost longer than anyone can remember.","아, 그 이야기를 들으셨군요? 끔찍한 저주입니다. 우리 가족에 대대로 내려오는 저주입니다.",record,False,False,False,False,,
Knights.esp,INFO,01002B21,,NAM1,1,,,"When I was younger, I could live with it. Wasn't so bad. But it's only gotten worse over time.","뭔가 할 수 있을지도 모른다는 희망을 가지고, 모든 일이 일어난 이곳으로 왔습니다. 그렇지 않으면 제게 남은 시간이 많지 않을 것 같습니다.",record,False,False,False,False,,
Knights.esp,INFO,01002B21,,NAM1,2,,,"I'd come here, to the place it all happened, in the hopes that something could be done. I fear I haven't much time left, otherwise.","아를두르는 저를 머물게 해 주었습니다. 대부분은 동정심 때문이라고 생각하지만, 그 외에도 다른 이유가 있는 것 같습니다. 그는 말한 것보다 더 많은 것을 알고 있다고 확신합니다.",record,False,False,False,False,,
Knights.esp,INFO,01002B21,,NAM1,3,,,"Areldur has let me stay, mostly out of pity I think, but there's something else. I swear he knows more than he tells.",젊었을 때는 그 정도는 견딜 수 있었습니다. 그렇게 나쁘지 않았습니다. 하지만 시간이 지날수록 상황은 점점 악화되었습니다.,record,False,False,False,False,,
Knights.esp,INFO,01002B22,,NAM1,0,,,It was placed on me for defying the teachings of Stendarr in his very Chapel. My entire lineage was ruined by this curse.,이 물건은 스텐다르의 예배당에서 그의 가르침을 거역한 대가로 제게 주어진 것입니다. 이 저주로 제 가문은 모두 망했습니다.,record,False,False,False,False,,
Knights.esp,INFO,01002B22,,NAM1,1,,,"Whether it is connected to the fate of the Gauntlets, I do not know.","이것이 손목받이의 운명과 관련이 있는지, 저는 모르겠습니다.",record,False,False,False,False,,
Knights.esp,DIAL,01002B23,ND06CasimirGauntlets,FULL,0,,,What about the Gauntlets?,손목받이은 어쩌고?,record,False,False,True,False,TOPIC_CHECK,
Knights.esp,INFO,01002B24,,NAM1,0,,,"Ah, yes. As proof of the deed, when I struck the poor man the Gauntlets slipped right off my hands and fell to the floor.","아, 맞다. 그 증거로, 내가 그 불쌍한 사람을 때렸을 때 손목받이가 내 손에서 미끄러져 바닥에 떨어졌어요.",record,False,False,False,False,,
Knights.esp,INFO,01002B24,,NAM1,1,,,"Heavy as stone, they would not move. None could lift them. I suspect they lie there still, in Chorrol's Chapel.",돌처럼 무겁고 움직이지 않았습니다. 아무도 그들을 들 수 없었습니다. 그들은 아직 코롤의 예배당에 누워 있을 것입니다.,record,False,False,False,False,,
Knights.esp,INFO,01002B24,,NAM1,2,,,You must prove to Stendarr you are worthy to lift the Gauntlets once more. Seek out the priests in Chorrol. Perhaps they can help you.,스텐다르에게 당신이 손목받이를 다시 들 수 있는 자격이 있음을 증명해야 합니다. 코롤에서 사제들을 찾으세요. 그들이 당신을 도와줄 수 있을 것입니다.,record,False,False,False,False,,
Knights.esp,DIAL,01002B25,ND06CasimirHurryUp,FULL,0,,,Get to the point.,요점을 말하세요.,record,False,False,True,False,TOPIC_CHECK,
Knights.esp,INFO,01002B26,,NAM1,0,,,"Your attitude does not bode well. Nevertheless, you may yet succeed where I failed.","당신의 태도는 좋지 않네요. 그럼에도 불구하고, 당신은 내가 실패한 일을 성공할 수도 있습니다.",record,False,False,False,False,,
Knights.esp,INFO,01002B26,,NAM1,1,,,"I failed to show mercy, and Stendarr cursed me for it. Right my wrongs, show mercy where it is needed, and Stendarr may grant you the Gauntlets.","저는 자비를 베풀지 못했고, 스텐다르가 저를 저주했습니다. 제 잘못을 바로잡고, 자비가 필요한 곳에 자비를 베풀면, 스텐다르가 당신에게 손목받이를 내려줄지도 모릅니다.",record,False,False,False,False,,
Knights.esp,INFO,01002B26,,NAM1,2,,,Seek out the Chapel of Stendarr in Chorrol. The priests there can assist you.,코롤에 있는 스텐다르 예배당을 찾아가세요. 그곳의 사제들이 당신을 도와줄 것입니다.,record,False,False,False,False,,
Knights.esp,DIAL,01002B27,ND06CasimirStoryCurse,FULL,0,,,Cursed? What do you mean?,저주받았다고? 무슨 말이야?,record,False,False,True,False,TOPIC_CHECK,
Knights.esp,INFO,01002B28,,NAM1,0,,,"A beggar who came to the Chapel each day for help tried my patience one too many times. I lost my temper, and struck him.",매일 예배당에 도움을 요청하러 오는 거지가 제 인내심을 너무 많이 시험했습니다. 저는 화가 나서 그를 때렸습니다.,record,False,False,False,False,,
Knights.esp,INFO,01002B28,,NAM1,1,,,"My blow landed harder than I had intended, and he fell to the floor, dead. Killed in the very Chapel of the God of Mercy.","내 타격이 의도보다 더 세게 들어갔고, 그는 바닥에 쓰러져 죽고 말았다. 자비의 신의 예배당에서 살해된 것이다.",record,False,False,False,False,,
Knights.esp,INFO,01002B28,,NAM1,2,,,"I left the Chapel at once, of course, but the damage was done. I was weak, constantly weary, and lacked the energy to do almost anything.","물론 저는 즉시 예배당을 떠났지만, 피해는 이미 발생했습니다. 저는 약하고, 끊임없이 지쳐 있었고, 아무것도 할 수 있을 만큼의 에너지가 없었습니다.",record,False,False,False,False,,
Knights.esp,DIAL,01002B29,ND06NotNow,FULL,0,,,Not now. Perhaps some other time.,지금은 안 돼. 아마도 다른 때.,record,False,False,True,False,TOPIC_CHECK,
Knights.esp,INFO,01002B2A,,NAM1,0,,,As you wish.,원하시는 대로 하겠습니다.,record,False,False,False,False,,
Knights.esp,DIAL,01002B2B,ND06CasimirStory1,FULL,0,,,"Please, tell me.","제발, 말해 주세요.",record,False,False,True,False,TOPIC_CHECK,
Knights.esp,INFO,01002B2C,,NAM1,0,,,"When the Order fractured, I followed Sir Berich into war, taking the Gauntlets with me. When it was over, I returned to Cyrodiil.","교단이 분열되었을 때, 나는 베리치 경을 따라 전쟁에 참전하고, 손목받이를 가지고 갔습니다. 전쟁이 끝난 후, 나는 시로딜로 돌아왔습니다.",record,False,False,False,False,,
Knights.esp,INFO,01002B2C,,NAM1,1,,,"I attempted to return to the service of the Nine, but the war had changed me. I no longer had sympathy for the weak, or pity for the suffering.","저는 나인 디바인의 봉사에 복귀하려고 시도했지만, 전쟁이 저를 변화시켰습니다. 저는 더 이상 약자에 대한 동정심이나 고통에 대한 연민을 느끼지 못했습니다.",record,False,False,False,False,,
Knights.esp,INFO,01002B2C,,NAM1,2,,,"In the brief time I was there, I did more to hurt the Chapel than help it. It was there that I was cursed.","그곳에 머무는 짧은 시간 동안, 나는 예배당에 도움이 되기보다 해를 끼쳤습니다. 그곳에서 나는 저주를 받았습니다.",record,False,False,False,False,,
Knights.esp,DIAL,01002B2D,NDJoinOrderReject,FULL,0,,,You are not yet worthy.,너는 아직 자격이 없어.,record,False,False,True,False,TOPIC_CHECK,
Knights.esp,INFO,01002B2E,,NAM1,0,,,"Very well. I will remain here, if that's all right with you. Perhaps you will reconsider in the future.",좋습니다. 괜찮으시다면 저는 여기 남아 있을게요. 언젠가 마음을 바꾸실지도 모르겠네요.,record,False,False,False,False,,
Knights.esp,INFO,01002B2F,,NAM1,0,,,"I see. I will not be deterred, so I shall remain here in the hopes that you change your mind.",알겠습니다. 저는 포기하지 않을 것입니다. 당신이 마음을 바꿀 때까지 여기 남아 있을 것입니다.,record,False,False,False,False,,
Knights.esp,INFO,01002B30,,NAM1,0,,,I understand. I'm not ready yet. But I won't give up.,이해합니다. 아직 준비가 되지 않았습니다. 하지만 포기하지 않겠습니다.,record,False,False,False,False,,
Knights.esp,INFO,01002B31,,NAM1,0,,,You're the commander. We know how to take orders. But I know that one day we'll earn your trust.,당신이 지휘관입니다. 우리는 명령을 따르는 법을 알고 있습니다. 하지만 언젠가는 당신의 신뢰를 얻을 수 있을 것이라고 믿습니다.,record,False,False,False,False,,
Knights.esp,INFO,01002B32,,NAM1,0,,,You are no doubt correct. I will continue to train and meditate here at the Priory until I become worthy to serve Auri-El.,당신의 말씀이 맞습니다. 저는 오리엘을 섬길 자격이 될 때까지 수도원에서 훈련과 명상을 계속할 것입니다.,record,False,False,False,False,,
Knights.esp,INFO,01002B33,,NAM1,0,,,I hope you change your mind one day.,언젠가 마음이 바뀌길 바랍니다.,record,False,False,False,False,,
Knights.esp,INFO,01002B34,,NAM1,0,,,"I understand. I can only hope that one day, you will judge me to be worthy.",이해합니다. 언젠가 당신이 저를 합당하다고 판단해 주길 바랄 뿐입니다.,record,False,False,False,False,,
Knights.esp,DIAL,01002B35,NDJoinOrderAccept,FULL,0,,,I accept. Welcome to the Order.,수락합니다. 오더에 오신 것을 환영합니다.,record,False,False,True,False,TOPIC_CHECK,
Knights.esp,INFO,01002B36,,NAM1,0,,,I can only hope to match your bravery and valor. I am honored to serve by your side.,당신의 용기와 용맹을 따라갈 수 있기를 바랄 뿐입니다. 당신의 곁에서 봉사할 수 있게 되어 영광입니다.,record,False,False,False,False,,
Knights.esp,INFO,01002B36,,NAM1,1,,,Allow me to fetch more suitable equipment. I shall return shortly.,더 적합한 장비를 가져오겠습니다. 곧 돌아오겠습니다.,record,False,False,False,False,,
Knights.esp,INFO,01002B37,,NAM1,0,,,Thank you. It means a great deal to me.,고맙습니다. 제게는 정말 큰 의미입니다.,record,False,False,False,False,,
Knights.esp,INFO,01002B37,,NAM1,1,,,Excuse me while I gather the equipment I need.,필요한 장비를 챙기겠습니다.,record,False,False,False,False,,
Knights.esp,INFO,01002B38,,NAM1,0,,,Thank you. I shall serve the Order to the best of my ability.,고맙습니다. 제 능력을 다해 교단을 위해 봉사하겠습니다.,record,False,False,False,False,,
Knights.esp,INFO,01002B38,,NAM1,1,,,"I must change into something that suits a knight. Please, excuse me.",기사에게 어울리는 옷으로 갈아입어야 합니다. 실례하겠습니다.,record,False,False,False,False,,
Knights.esp,INFO,01002B39,,NAM1,0,,,"Thank you, Sir Knight! I will do my best to vindicate your faith in me.","감사합니다, 기사님! 당신의 믿음을 보답하기 위해 최선을 다하겠습니다.",record,False,False,False,False,,
Knights.esp,INFO,01002B39,,NAM1,1,,,I must gather the equipment I need. I'll return shortly.,필요한 장비를 챙겨야 합니다. 곧 돌아오겠습니다.,record,False,False,False,False,,
Knights.esp,INFO,01002B3A,,NAM1,0,,,"You won't regret it, sir. You'll find us true-hearted and brave.","후회하지 않을 것이다, 경. 우리는 진실하고 용감한 사람들이다.",record,False,False,False,False,,
Knights.esp,INFO,01002B3A,,NAM1,1,,,I'll be back as soon as I've outfitted myself.,장비를 준비하는 대로 돌아오겠습니다.,record,False,False,False,False,,
Knights.esp,INFO,01002B3B,,NAM1,0,,,I am honored to join the Order under your illustrious command.,당신의 명망 높은 지휘 아래 교단에 합류하게 되어 영광입니다.,record,False,False,False,False,,
Knights.esp,INFO,01002B3B,,NAM1,1,,,Excuse me while I go the armory and attire myself as befits a Knight of the Nine.,나인 디바인의 기사에게 어울리는 갑옷을 입기 위해 무기고로 가보겠습니다.,record,False,False,False,False,,
Knights.esp,INFO,01002B49,,NAM1,0,,,Beware! Umaril's Aurorans are attacking!,조심하세요! 우마릴의 오로란들이 공격하고 있습니다!,record,False,False,False,False,,
Knights.esp,INFO,01002B4A,,NAM1,0,,,For Dibella and Mara!,디벨라와 마라를 위해!,record,False,False,False,False,,
Knights.esp,INFO,01002B4B,,NAM1,0,,,"Knights of the Nine, follow me!","나인 디바인 기사단, 나를 따르라!",record,False,False,False,False,,
Knights.esp,INFO,01002B4C,,NAM1,0,,,We must give the Crusader time to destroy the Orb!,성전사가 오브를 파괴할 시간을 벌어줘야 합니다!,record,False,False,False,False,,
Knights.esp,INFO,01002B4D,,NAM1,0,,,Why won't you stay dead!,왜 죽지 않고 살아있는 거지!,record,False,False,False,False,,
Knights.esp,INFO,01002B4E,,NAM1,0,,,"The Aurorans are drawing power from the Orb! Destroy it, quickly!",오로라인들이 오브에서 힘을 얻고 있습니다! 빨리 파괴하세요!,record,False,False,False,False,,
Knights.esp,INFO,01002B4F,,NAM1,0,,,We cannot win this battle! You must destroy the Orb at once!,이 전투에서 이길 수 없습니다! 즉시 오브를 파괴해야 합니다!,record,False,False,False,False,,
Knights.esp,INFO,01002B50,,NAM1,0,,,Remember Anvil!,앤빌을 기억하세요!,record,False,False,False,False,,
Knights.esp,INFO,01002B51,,NAM1,0,,,Remember Bravil!,브라빌을 기억해!,record,False,False,False,False,,
Knights.esp,INFO,01002B3D,,NAM1,0,,,"Look out, sir!","조심하세요, 선생님!",record,False,False,False,False,,
Knights.esp,INFO,01002B3E,,NAM1,0,,,"Look out, ma'am!","조심하세요, 부인!",record,False,False,False,False,,
Knights.esp,INFO,01002B3F,,NAM1,0,,,"Don't worry, I'll take this one!","걱정 마세요, 내가 처리할게요!",record,False,False,False,False,,
Knights.esp,INFO,01002B40,,NAM1,0,,,Beware!,조심하세요!,record,False,False,False,False,,
Knights.esp,INFO,01002B41,,NAM1,0,,,For Sir Roderic!,로드릭 경을 위해!,record,False,False,False,False,,
Knights.esp,INFO,01002B42,,NAM1,0,,,For the Nine!,나인 디바인들을 위해!,record,False,False,False,False,,
Knights.esp,INFO,01002B43,,NAM1,0,,,Knights of the Nine!,나인 디바인 기사단!,record,False,False,False,False,,
Knights.esp,INFO,01002B44,,NAM1,0,,,For Talos and the Nine!,탈로스와 나인 디바인을 위해!,record,False,False,False,False,,
Knights.esp,INFO,01002B45,,NAM1,0,,,For Stendarr and the Nine!,스텐다르와 나인 디바인을 위해!,record,False,False,False,False,,
Knights.esp,INFO,01002B46,,NAM1,0,,,For Kynareth and the Nine!,키나레스와 나인 디바인을 위해!,record,False,False,False,False,,
Knights.esp,INFO,01002B47,,NAM1,0,,,For Akatosh and the Nine!,아카토쉬와 나인 디바인을 위해!,record,False,False,False,False,,
Knights.esp,INFO,01002B48,,NAM1,0,,,For Auri-El and the Nine!,아우리엘과 나인 디바인을 위해!,record,False,False,False,False,,
Knights.esp,DIAL,01002B52,NDWait,FULL,0,,,Wait here.,여기서 기다려.,record,False,False,True,False,TOPIC_CHECK,
Knights.esp,INFO,01002B53,,NAM1,0,,,"Yes, sir knight. I don't think Sir Roderic and I came this way, though, if you don't mind me saying so.","네, 기사님. 하지만 로데릭 경과 저는 이 길로 오지 않았던 것 같습니다.",record,False,False,False,False,,
Knights.esp,INFO,01002B54,,NAM1,0,,,Don't be long. I'd rather we stick together.,오래 걸리지 마세요. 함께 있는 것이 좋겠어요.,record,False,False,False,False,,
Knights.esp,INFO,01002B55,,NAM1,0,,,"As you command. But you won't go into Underpall Cave without me, will you?",명령대로 하겠습니다. 하지만 저 없이 언더팔 동굴에 들어가지 않으실 거죠?,record,False,False,False,False,,
Knights.esp,INFO,01002B56,,NAM1,0,,,I'll stay on guard until you return.,당신이 돌아올 때까지 경비를 서겠습니다.,record,False,False,False,False,,
Knights.esp,INFO,01002B57,,NAM1,0,,,"Yes, Sir Knight.","네, 기사님.",record,False,False,False,False,,
Knights.esp,INFO,01002B58,,NAM1,0,,,I'll wait for you to return.,당신이 돌아오기를 기다리겠습니다.,record,False,False,False,False,,
Knights.esp,INFO,01002B59,,NAM1,0,,,As you command.,명령대로 하겠습니다.,record,False,False,False,False,,
Knights.esp,INFO,01002B5A,,NAM1,0,,,"Yes, Sir Knight.","네, 기사님.",record,False,False,False,False,,
Knights.esp,INFO,01002B5B,,NAM1,0,,,I'll wait for you to return.,당신이 돌아오기를 기다리겠습니다.,record,False,False,False,False,,
Knights.esp,INFO,01002B5C,,NAM1,0,,,As you command.,명령대로 하겠습니다.,record,False,False,False,False,,
Knights.esp,INFO,01002B5D,,NAM1,0,,,"Yes, Sir Knight.","네, 기사님.",record,False,False,False,False,,
Knights.esp,INFO,01002B5E,,NAM1,0,,,I'll wait for you to return.,당신이 돌아오기를 기다리겠습니다.,record,False,False,False,False,,
Knights.esp,INFO,01002B5F,,NAM1,0,,,"Yes, Sir Knight.","네, 기사님.",record,False,False,False,False,,
Knights.esp,INFO,01002B60,,NAM1,0,,,I'll wait for you to return.,당신이 돌아오기를 기다리겠습니다.,record,False,False,False,False,,
Knights.esp,INFO,01002B61,,NAM1,0,,,As you command.,명령대로 하겠습니다.,record,False,False,False,False,,
Knights.esp,DIAL,01002B62,NDFollow,FULL,0,,,Follow me.,나를 따르세요.,record,False,False,True,False,TOPIC_CHECK,
Knights.esp,INFO,01002B63,,NAM1,0,,,As you command. Although I don't think this is the way Sir Roderic and I came.,명령대로 하겠습니다. 로데릭 경과 제가 온 길은 이쪽이 아닌 것 같은데.,record,False,False,False,False,,
Knights.esp,INFO,01002B64,,NAM1,0,,,"Don't worry, I'll stick close.","걱정 마세요, 가까이 있을게요.",record,False,False,False,False,,
Knights.esp,INFO,01002B65,,NAM1,0,,,Let's keep going to Underpall Cave.,언더팔 동굴로 계속 가자.,record,False,False,False,False,,
Knights.esp,INFO,01002B66,,NAM1,0,,,Of course.,물론이지.,record,False,False,False,False,,
Knights.esp,INFO,01002B67,,NAM1,0,,,"Of course, Commander.","물론입니다, 사령관님.",record,False,False,False,False,,
Knights.esp,INFO,01002B68,,NAM1,0,,,"I'm yours to command, Sir Knight.",기사님의 명령을 따르겠습니다.,record,False,False,False,False,,
Knights.esp,INFO,01002B69,,NAM1,0,,,"Lead the way, Sir Knight.","길 안내해 주세요, 기사님.",record,False,False,False,False,,
Knights.esp,INFO,01002B6A,,NAM1,0,,,"Of course, Commander.","물론입니다, 사령관님.",record,False,False,False,False,,
Knights.esp,INFO,01002B6B,,NAM1,0,,,"I'm yours to command, Sir Knight.",기사님의 명령을 따르겠습니다.,record,False,False,False,False,,
Knights.esp,INFO,01002B6C,,NAM1,0,,,"Lead the way, Sir Knight.","길 안내해 주세요, 기사님.",record,False,False,False,False,,
Knights.esp,INFO,01002B6D,,NAM1,0,,,"Of course, Commander.","물론입니다, 사령관님.",record,False,False,False,False,,
Knights.esp,INFO,01002B6E,,NAM1,0,,,"I'm yours to command, Sir Knight.",기사님의 명령을 따르겠습니다.,record,False,False,False,False,,
Knights.esp,INFO,01002B6F,,NAM1,0,,,"Of course, Commander.","물론입니다, 사령관님.",record,False,False,False,False,,
Knights.esp,INFO,01002B70,,NAM1,0,,,"I'm yours to command, Sir Knight.",기사님의 명령을 따르겠습니다.,record,False,False,False,False,,
Knights.esp,INFO,01002B71,,NAM1,0,,,"Lead the way, Sir Knight.","길 안내해 주세요, 기사님.",record,False,False,False,False,,
Knights.esp,DIAL,01002B72,ND07LathonGreetF2,FULL,0,,,Not yet. You're not ready.,아직은 아닙니다. 당신은 준비가 되지 않았습니다.,record,False,False,True,False,TOPIC_CHECK,
Knights.esp,INFO,01002B73,,NAM1,0,,,"I... I understand. I'll be patient. I'll stay here and train every day until you decide I'm ready. I won't give up, I swear it.","이해합니다. 인내할게요. 당신이 준비가 됐다고 판단할 때까지 여기 남아 매일 훈련할게요. 절대 포기하지 않을게요, 맹세합니다.",record,False,False,False,False,,
Knights.esp,DIAL,01002B74,ND07LathonGreetF1,FULL,0,,,"Rise, Sir Lathon.","일어나세요, 라톤 경.",record,False,False,True,False,TOPIC_CHECK,
Knights.esp,INFO,01002B75,,NAM1,0,,,"Thank you! I mean, thank you, Sir Knight. I will not fail you.","감사합니다! 정말 감사합니다, 기사님. 실망시키지 않겠습니다.",record,False,False,False,False,,
Knights.esp,INFO,01002B75,,NAM1,1,,,Give me a moment to arm myself and I will accompany you to Underpall Cave to destroy the foul wraith.,"무기를 준비할 시간을 좀 주면, 너와 함께 언더팔 동굴로 가서 그 사악한 망령을 파괴할 것이다.",record,False,False,False,False,,
Knights.esp,DIAL,01002B76,ND07LathonGreetE2,FULL,0,,,I will avenge Sir Roderic.,로데릭 경의 복수를 할 것입니다.,record,False,False,True,False,TOPIC_CHECK,
Knights.esp,INFO,01002B77,,NAM1,0,,,"Sir, might I ask a boon? Let me come with you. I would become a Knight of the Nine, and dedicate my life to the service of the gods.","경, 부탁이 있습니다. 저를 데려가 주세요. 나인 디바인의 기사가 되어 신을 섬기며 평생을 바치고 싶습니다.",record,False,False,False,False,,
Knights.esp,DIAL,01002B78,ND07LathonGreetE1,FULL,0,,,"You did well, Lathon.","잘 했어요, 라톤.",record,False,False,True,False,TOPIC_CHECK,
Knights.esp,INFO,01002B79,,NAM1,0,,,"Thank you, sir knight. I would ask a boon, if I could, although I know I do not deserve it.","고맙습니다, 기사님. 감히 부탁을 드려도 될까요? 비록 제가 그럴 자격이 없다는 것을 알고 있지만요.",record,False,False,False,False,,
Knights.esp,INFO,01002B79,,NAM1,1,,,Would you make me a Knight of the Nine? I want to dedicate myself to ridding the world of evil. I owe it to Sir Roderic.,저를 나인 디바인 기사단로 만들어 주실 수 있나요? 저는 세상을 악에서 구하기 위해 제 자신을 바치고 싶습니다. 로데릭 경에게 빚을 졌기 때문입니다.,record,False,False,False,False,,
Knights.esp,DIAL,01002B7A,ND07LathonGreetD1,FULL,0,,,And the Sword? What happened to it?,그리고 검은? 그 검은 어떻게 됐지?,record,False,False,True,False,TOPIC_CHECK,
Knights.esp,INFO,01002B7B,,NAM1,0,,,"The wraith. It used it against Sir Roderic. I don't know how that evil thing could use the holy weapon, but it did. It screamed as it struck...","망령이 로데릭 경에게 그 검을 사용했습니다. 그 사악한 것이 어떻게 신성한 무기를 사용할 수 있었는지 모르겠지만, 그 검은 로데릭 경을 찔렀습니다. 그 검은 찔러 넣는 순간 비명을 지르며...",record,False,False,False,False,,
Knights.esp,DIAL,01002B7C,ND07LathonGreetC1,FULL,0,,,You know where the Relics are?,유물이 어디에 있는지 알고 있나요?,record,False,False,True,False,TOPIC_CHECK,
Knights.esp,INFO,01002B7D,,NAM1,0,,,"Yes, my lord. And I brought you... Sir Roderic shouted for me to take them... the Greaves. The holy Relic. They're yours.","네, 주군. 그리고 가져왔습니다... 로데릭 경이 저에게 가져가라고 소리쳤습니다... 각반입니다. 성스러운 유물입니다. 주군의 것입니다.",record,False,False,False,False,,
Knights.esp,INFO,01002B7E,,NAM1,0,,,"Yes, my lady. And I brought you... Sir Roderic shouted for me to take them... the Greaves. The holy Relic. They're yours.","네, 부인. 그리고 가져왔습니다... 로데릭 경이 저에게 가져가라고 소리쳤습니다... 각반입니다. 성스러운 유물입니다. 부인의 것입니다.",record,False,False,False,False,,
Knights.esp,DIAL,01002B7F,ND07LathonGreetB1,FULL,0,,,Underpall Cave? I've been there.,언더펄 동굴? 거기 가봤어요.,record,False,False,True,False,TOPIC_CHECK,
Knights.esp,INFO,01002B80,,NAM1,0,,,"Then you know it is a place of evil. Sir Roderic and I fought our way into the cave, which actually seems to be a buried keep.",그럼 그곳이 악의 장소라는 것을 알겠네요. 로데릭 경과 저는 동굴로 들어가기 위해 싸웠습니다. 그곳은 사실은 묻힌 성채로 보입니다.,record,False,False,False,False,,
Knights.esp,INFO,01002B80,,NAM1,1,,,We made our way to Lord Vlindrel's crypt. Sir Roderic spoke the words that unsealed the tomb...,우리는 블린드렐 경의 묘지로 향했습니다. 로데릭 경이 무덤의 봉인을 해제하는 말을 말했습니다...,record,False,False,False,False,,
Knights.esp,DIAL,01002B81,ND07LathonGreetB3,FULL,0,,,What was Sir Roderic looking for?,로데릭 경은 무엇을 찾고 있었습니까?,record,False,False,True,False,TOPIC_CHECK,
Knights.esp,INFO,01002B82,,NAM1,0,,,"He said that Sir Berich's tomb was in Underpall Cave -- which is no cave, but some kind of buried keep.",그는 베리치 경의 무덤이 언더팔 동굴에 있다고 말했습니다. 그곳은 동굴이 아니라 일종의 묻힌 성채입니다.,record,False,False,False,False,,
Knights.esp,INFO,01002B82,,NAM1,1,,,"He had learned that Sir Berich had once been a questing knight, like us. He had found the Greaves and Sword of the Crusader, but then turned to evil.","그는 베리치 경이 우리처럼 한때 기사의 여정을 떠난 기사였다는 사실을 알게 되었습니다. 그는 성전사의 각반과 검을 찾았지만, 그 후 악의 길로 접어들었습니다.",record,False,False,False,False,,
Knights.esp,INFO,01002B82,,NAM1,2,,,Sir Roderic hoped to find the Relics within Sir Berich's tomb. And he did.,로드릭 경은 베리치 경의 무덤에서 유물을 찾기를 희망했습니다. 그리고 그는 그 유물을 찾았습니다.,record,False,False,False,False,,
Knights.esp,INFO,01002B82,,NAM1,3,,,But we also found a terrible guardian -- the wraith of Lord Vlindrel -- Sir Berich.,"하지만 우리는 끔찍한 수호자, 블린드렐 경의 망령인 베리치 경도 발견했습니다.",record,False,False,False,False,,
Knights.esp,DIAL,01002B83,ND07LathonGreetB2,FULL,0,,,I'm sure he died well.,그는 잘 죽었을 겁니다.,record,False,False,True,False,TOPIC_CHECK,
Knights.esp,INFO,01002B84,,NAM1,0,,,"He did. I owe him my life. He faced the evil wraith of Lord Vlindrel, and told me to run.",그가 그랬습니다. 저는 그에게 목숨을 빚지고 있습니다. 그는 블린드렐 경의 사악한 망령과 맞서고 저에게 도망치라고 말했습니다.,record,False,False,False,False,,
Knights.esp,INFO,01002B84,,NAM1,1,,, And... I did. I know I should have stayed with him. Perhaps together we could have destroyed that evil thing...,그리고... 그렇게 했습니다. 그와 함께 있어야 했어요. 아마도 함께라면 그 사악한 것을 파괴할 수 있었을지도 모릅니다...,record,False,False,False,False,,
Knights.esp,DIAL,01002B85,ND07LathonGreetA2,FULL,0,,,What happened?,무슨 일이 일어난 거지?,record,False,False,True,False,TOPIC_CHECK,
Knights.esp,INFO,01002B86,,NAM1,0,,,"At first things were going well. He prayed at all the shrines, and received a vision. A disturbing vision.","처음에는 모든 것이 잘 진행되었습니다. 그는 모든 신전에서 기도를 드렸고, 계시를 받았습니다. 불안한 계시였습니다.",record,False,False,False,False,,
Knights.esp,INFO,01002B86,,NAM1,1,,,"""The shade of Sir Berich spoke to me,"" was all he said. ""We must put him to rest.""","""베리치 경의 유령이 나에게 말했습니다."" 그가 한 말은 그게 전부였습니다. ""우리는 그를 안식처로 보내야 합니다.""...",record,False,False,False,False,,
Knights.esp,INFO,01002B86,,NAM1,2,,,"We travelled back and forth across Colovia. He was always asking about an old noble family, the Vlindrels.",우리는 콜로비아를 오가며 여행을 했습니다. 그는 항상 오래된 귀족 가문인 블린드렐 가문에 대해 묻곤 했습니다.,record,False,False,False,False,,
Knights.esp,INFO,01002B86,,NAM1,3,,,"Finally, he found what he was looking for. We went to Underpall Cave, and there... he fell.","드디어 그가 찾던 것을 찾았네요. 우리는 언더팔 동굴로 갔고, 그곳에서... 그는 쓰러졌습니다.",record,False,False,False,False,,
Knights.esp,DIAL,01002B87,ND07LathonGreetA1,FULL,0,,,Sir Roderic? Who's that?,로데릭 경? 그게 누구지?,record,False,False,True,False,TOPIC_CHECK,
Knights.esp,INFO,01002B88,,NAM1,0,,,My master. We met you on the Pilgrim's Way. Back then I thought for sure the gods had chosen him for a holy purpose.,제 스승님. 순례자의 길에서 뵈었습니다. 그 당시 저는 신들이 그분을 신성한 목적을 위해 선택하셨다고 확신했습니다.,record,False,False,False,False,,
Knights.esp,INFO,01002B89,,NAM1,0,,,"A holy knight, like you, questing for the Relics at the Prophet's call. I was his squire. I believed he was chosen by the gods to reclaim the Relics.",당신과 같은 성스러운 기사가 예언자의 부름에 따라 유물을 찾으러 나섰습니다. 저는 그의 시종이었습니다. 저는 그가 신들이 유물을 되찾기 위해 선택한 사람이라고 믿었습니다.,record,False,False,False,False,,
Knights.esp,DIAL,01002B8A,ND06TellKellenLie,FULL,0,,,[Lie] There's no way to save you.,[거짓말하기] 당신을 구할 방법은 없습니다.,record,False,False,True,False,TOPIC_CHECK,
Knights.esp,INFO,01002B8B,,NAM1,0,,,Really. I see.,정말요? 그렇군요.,record,False,False,False,False,,
Knights.esp,INFO,01002B8B,,NAM1,1,,,"Then I've no choice but to live out the rest of my days here, I suppose.",그렇다면 저는 남은 생애를 이곳에서 보내는 것 외에는 다른 선택이 없는 것 같습니다.,record,False,False,False,False,,
Knights.esp,INFO,01002B8B,,NAM1,2,,,"After all this time, I can't help but hope just a little bit. Hope that somehow there might be a way to save myself.","이 모든 시간이 지난 후에도, 저는 조금의 희망을 버릴 수 없습니다. 어떻게든 저를 구할 방법이 있을 것이라고 희망을 품고 있습니다.",record,False,False,False,False,,
Knights.esp,DIAL,01002B8C,ND06TellKellen,FULL,0,,,There is a way to lift the curse.,저주를 풀 수 있는 방법이 있습니다.,record,False,False,True,False,TOPIC_CHECK,
Knights.esp,INFO,01002B8D,,NAM1,0,,,So someone could only lift the curse from me by taking it on themselves? No wonder Areldur didn't tell me.,누군가가 저주에서 저를 해방하기 위해서는 그 저주를 스스로 짊어져야만 했다고요? 아를두르가 저에게 말하지 않은 이유가 이해가 됩니다.,record,False,False,False,False,,
Knights.esp,INFO,01002B8D,,NAM1,1,,,"I'm not sure whether to call him a coward, or simply say that I don't blame him. That'd be a large burden to bear.","그를 겁쟁이라고 말해야 할지, 아니면 그냥 비난하지 않겠다고 말해야 할지 모르겠습니다. 그건 큰 짐이 될 것입니다.",record,False,False,False,False,,
Knights.esp,INFO,01002B8D,,NAM1,2,,,Thank you for being honest with me.,솔직하게 말해주셔서 감사합니다.,record,False,False,False,False,,
Knights.esp,DIAL,01002B8E,ND06StoryDontCare,FULL,0,,,I don't care. I want them.,상관없습니다. 그들을 원합니다.,record,False,False,True,False,TOPIC_CHECK,
Knights.esp,INFO,01002B8F,,NAM1,0,,,"I'm telling you, you can't pick them up. Try it yourself if you won't believe me.","말씀드렸지만, 그건 집을 수 없습니다. 믿지 못하시겠다면 직접 해보세요.",record,False,False,False,False,,
Knights.esp,INFO,01002B8F,,NAM1,1,,,"If you won't listen to me, then go ask Kellen. He's descended from the very knight who was cursed. He'll tell you the same thing.",내 말을 듣지 않겠다면 켈렌에게 물어보세요. 그는 저주받은 기사의 후손입니다. 그도 같은 말을 할 겁니다.,record,False,False,False,False,,
Knights.esp,DIAL,01002B90,NDChapelAttackTopic,FULL,0,,,Anvil Chapel attack,앤빌 예배당 습격,record,False,False,True,False,TOPIC_CHECK,
Knights.esp,INFO,01002B91,,NAM1,0,,,"This is only the beginning. Umaril has returned, as foretold by Pelinal Whitestrake in his dying breath!",이것은 시작에 불과합니다. 펠리날 화이트스트레이크가 죽기 전에 예언한 대로 우마릴이 돌아왔습니다!,record,False,False,False,False,,
Knights.esp,INFO,01002B92,,NAM1,0,,,It's baffling. How anyone could have gotten in and out of there without being seen by our patrols is beyond me.,정말 의아합니다. 우리 순찰대도 모르게 그곳에 들어갔다 나온 사람이 어떻게 있을 수 있는지 도저히 이해할 수 없습니다.,record,False,False,False,False,,
Knights.esp,INFO,01002B92,,NAM1,1,,,Maybe that Prophet is right. Some kind of unholy doom visited upon us.,그 예언자가 옳을지도 모르겠네요. 어떤 불길한 재앙이 우리에게 닥친 것 같습니다.,record,False,False,False,False,,
Knights.esp,INFO,01002B93,,NAM1,0,,,"By the time we got there, it was too late. We have no idea how they got in or out without any of our patrols seeing them.","우리가 그곳에 도착했을 때 이미 너무 늦었습니다. 우리 순찰대가 그들을 보지 못했는데, 그들이 어떻게 들어갔고 어떻게 나왔는지 전혀 알 수 없습니다.",record,False,False,False,False,,
Knights.esp,INFO,01002B94,,NAM1,0,,,"It's unbelievable. Right in the center of the city, nobody saw anything? Makes you wonder about the competence of the Guard, if you ask me.",믿을 수 없는 일입니다. 도시 한복판에서 아무도 아무것도 보지 못했다고요? 경비대의 능력에 의문이 들지 않습니까?,record,False,False,False,False,,
Knights.esp,INFO,01002B95,,NAM1,0,,,"I don't know what to think. Maybe the Prophet is right, and the ancient gods have come back for vengeance.","무슨 생각을 해야 할지 모르겠어요. 예언자가 옳고, 고대 신들이 복수를 위해 돌아온 걸지도 모르겠네요.",record,False,False,False,False,,
Knights.esp,INFO,01002B96,,NAM1,0,,,I'd like to get my hands on the cowards that did that. I'm even thinking of joining the Prophet's holy crusade.,그 일을 한 겁쟁이들을 잡아서 죽이고 싶습니다. 선지자의 성스러운 성전에 합류할 생각도 하고 있습니다.,record,False,False,False,False,,
Knights.esp,INFO,01002B97,,NAM1,0,,,"The Prophet speaks true. This is the start of something terrible, I can feel it in my bones.","예언자의 말씀은 진실입니다. 이 사건은 더 끔찍한 일의 전조일 뿐이고, 전 뼛속까지 느낄 수 있습니다.",record,False,False,False,False,,
Knights.esp,INFO,01002B98,,NAM1,0,,,"A terrible crime. Everyone in the Chapel murdered! Who could have done such a thing, and why?",끔찍한 범죄입니다. 예배당의 모두가 살해당했어요! 도대체 누가 이런 짓을 한단 말입니까? 대체 왜요?,record,False,False,False,False,,
Knights.esp,INFO,01002B99,,NAM1,0,,,Things go from bad to worse nowadays. Priests murdered on the Chapel altar? What next?,요즘 상황이 갈수록 나빠지는 것 같습니다. 예배당 제단에서 사제들이 살해당하다니요? 다음은 또 뭐가 될까요?,record,False,False,False,False,,
Knights.esp,INFO,01002B9A,,NAM1,0,,,"Yeah, just when you think things can't get any worse, right? Whatever you think about priests, they didn't deserve to be slaughtered like that.","네, 상황이 더 이상 나빠질 수 없다고 생각할 때, 그렇죠? 사제에 대해 어떻게 생각하든, 그들은 그렇게 학살당할 만한 사람들이 아니었습니다.",record,False,False,False,False,,
Knights.esp,INFO,01002B9A,,NAM1,1,,,"They say there's a prophet in Anvil now, preaching about the end of the world. He may have a point.",지금 앤빌에 세상의 종말을 예언하는 예언자가 있다고 합니다. 그 말이 맞을지도 모르겠네요.,record,False,False,False,False,,
Knights.esp,INFO,01002B9B,,NAM1,0,,,"It's terrible. But I have the feeling that worse is yet to come. I may go to Anvil to hear that prophet preach, before it's too late.","끔찍한 사건이죠. 하지만 더 나쁜 일은 아직 오지 않은 것 같습니다. 더 늦기 전에, 앤빌로 가서 그 예언자의 설교를 들어야겠습니다.",record,False,False,False,False,,
Knights.esp,INFO,01002B9C,,NAM1,0,,,"The worst thing is, no one even knows what happened.","최악인 건, 아무도 무슨 일인지 전혀 모른다는 겁니다.",record,False,False,False,False,,
Knights.esp,INFO,01002B9C,,NAM1,1,,,"People heard the screams, but when they broke down the Chapel doors, everyone was already dead.","사람들은 비명을 들었다는데, 그들이 예배당 문을 부수고 들어갔을 땐, 이미 모두가 죽어 있었다고 했습니다.",record,False,False,False,False,,
Knights.esp,DIAL,01002B9D,NDRumorAttackResponse2,FULL,0,,,NDRumorAttackResponse2,ND소문 공격 대응 2,record,False,True,True,False,TOPIC_CHECK,ND
Knights.esp,INFO,01002B9E,,NAM1,0,,,Apparently no one has any idea who did it. Now there's some prophet preaching doom in the streets of Anvil.,누가 그랬는지 아무도 모르는 것 같습니다. 지금 앤빌의 거리에서 어떤 예언자가 종말을 예언하고 있습니다.,record,False,False,False,False,,
Knights.esp,INFO,01002B9F,,NAM1,0,,,Maybe this prophet is right. Maybe it is the end of the world.,이 예언자가 옳을지도 모르겠네요. 세상의 종말이 온 것일지도 모르겠네요.,record,False,False,False,False,,
Knights.esp,INFO,01002BA0,,NAM1,0,,,"I heard there's a prophet in Anvil who seems to know what's going on. Although as usual, he speaks only in riddles, as prophets always seem to do.","앤빌에 무슨 일이 일어나는지 알고 있는 예언자가 있다 들었습니다. 하지만 예언자가 늘 그렇듯이, 오직 수수께끼같은 말만 한다고 하네요.",record,False,False,False,False,,
Knights.esp,DIAL,01002BA1,NDRumorAttackResponse1,FULL,0,,,NDRumorAttackResponse,ND소문 공격 대응,record,False,True,True,False,TOPIC_CHECK,ND
Knights.esp,INFO,01002BA2,,NAM1,0,,,"No, I haven't. What's happened?","아니요, 들지 않았습니다. 무슨 일이 있었습니까?",record,False,False,False,False,,
Knights.esp,INFO,01002BA3,,NAM1,0,,,"All the priests, slaughtered. The whole Chapel desecrated!",모든 사제들이 학살당했습니다. 예배당이 완전히 더럽혀졌어요!,record,False,False,False,False,,
Knights.esp,INFO,01002BA4,,NAM1,0,,,"The servants of Dibella, slaughtered on the very Altar of Love! Truly shocking.",사랑의 제단에서 학살된 디벨라의 하수인들! 정말 충격적입니다.,record,False,False,False,False,,
Knights.esp,INFO,01002BA6,,NAM1,0,,,"Oh... Very well, but please, be quick. My duties...","오... 좋아요, 하지만 서둘러 주세요. 제 업무가...",record,False,False,False,False,,
Knights.esp,INFO,01002BA7,,NAM1,0,,,"Of course, of course. What is it?","물론, 물론입니다. 뭐가 있나요?",record,False,False,False,False,,
Knights.esp,INFO,01002BA8,,NAM1,0,,,"Anything for you, my friend! What do you need?","당신을 위해 뭐든지 할게요, 친구! 무엇이 필요하세요?",record,False,False,False,False,,
Knights.esp,INFO,01002BA9,,NAM1,0,,,What is it? Has the priory been breached? Have the dead risen?,무슨 일이십니까? 수도원이 함락된 건가요? 죽은 자들이 부활한 건가요?,record,False,False,False,False,,
Knights.esp,INFO,01002BAA,,NAM1,0,,,"You've got my ear. And my arm too, if needed. Please, speak.",내 귀는 당신의 것입니다. 필요하면 내 팔도요. 말하세요.,record,False,False,False,False,,
Knights.esp,INFO,01002BAC,,NAM1,0,,,"We should travel, you and I. Quell evil throughout Tamriel! To be knights, aye... But to be knights errant! The adventures we will have!             ","당신과 내가 함께 여행을 떠나자. 탐리엘 전역에 퍼진 악을 진압하자! 기사가 되는 것, 그렇지... 하지만 방랑 기사가 되는 것! 우리가 겪게 될 모험을 생각하면!",record,False,False,False,False,,
Knights.esp,INFO,01002BAD,,NAM1,0,,,We must deal with that situation in Daggerfall. You know... the ghost. Dead king or some such?,대거폴의 상황을 해결해야 합니다. 아시죠... 유령 말입니다. 죽은 왕인가요?,record,False,False,False,False,,
Knights.esp,INFO,01002BAE,,NAM1,0,,,That matter we discussed before. The lich lord? We need to act. Soon.,전에 얘기했던 그 일 말이야. 리치 군주? 빨리 행동해야 해.,record,False,False,False,False,,
Knights.esp,INFO,01002BAF,,NAM1,0,,,"The time has come, sir knight! A crusade! Someplace with a high concentration of evil. Morrowind, perhaps.","때가 왔습니다, 기사님! 성전입니다! 악이 들끓는 곳으로 가세요. 그곳이 모로윈드일 수도 있겠죠. 아마도.",record,False,False,False,False,,
Knights.esp,INFO,01002BB0,,NAM1,0,,,"I've learned that a rare artifact lies buried beneath the Tenmar Forest, in Elsweyr. We must launch an expedition!",엘스웨이어의 텐마르 숲 아래에 희귀한 유물이 묻혀 있다는 소식을 들었습니다. 탐험대를 파견해야 합니다!,record,False,False,False,False,,
Knights.esp,INFO,01002BB1,,NAM1,0,,,"I've been thinking... We need to make our presence known, throughout all the Empire. Make people feel truly safe once more.                          ",생각해 봤습니다... 제국 전역에 우리의 존재를 알릴 필요가 있습니다. 사람들이 다시 한 번 진정한 안전을 느낄 수 있게 해야 합니다.,record,False,False,False,False,,
Knights.esp,INFO,01002BB3,,NAM1,0,,,"Hmmm... You're right, of course. How do you propose we proceed?","흠... 물론, 당신의 말이 맞습니다. 이제 어떻게 진행할까요?",record,False,False,False,False,,
Knights.esp,INFO,01002BB4,,NAM1,0,,,"Yes... Yes, I see. You have a strategy, then? A plan?","네... 네, 알겠습니다. 그럼 전략이 있으신 건가요? 계획이 있으신 건가요?",record,False,False,False,False,,
Knights.esp,INFO,01002BB5,,NAM1,0,,,"Ha! Finally! Well, as you can see, I'm in complete agreement. What's our next step?","하! 드디어! 보시다시피, 저도 전적으로 동의합니다. 다음 단계는 무엇입니까?",record,False,False,False,False,,
Knights.esp,INFO,01002BB6,,NAM1,0,,,Oh... I see... If you really think this is the proper course of action... Where do you suggest we begin?,오... 그렇군요... 정말로 이것이 올바른 조치라고 생각하신다면... 어디서부터 시작하면 좋을까요?,record,False,False,False,False,,
Knights.esp,INFO,01002BB7,,NAM1,0,,,"Yes! Yes, the time has come! I've been waiting for this moment! So, what's your plan?","네! 네, 때가 왔습니다! 이 순간을 기다려 왔습니다! 그럼, 계획은 무엇입니까?",record,False,False,False,False,,
Knights.esp,INFO,01002BB8,,NAM1,0,,,"Finally! A purpose worth fighting for! In truth, I long for righteous battle!  When do we set out? What's our strategy?","드디어! 싸울 가치가 있는 목적이 생겼습니다! 솔직히 말해서, 의로운 전투를 하고 싶었습니다! 언제 출발합니까? 전략은 무엇입니까?",record,False,False,False,False,,
Knights.esp,INFO,01002BBA,,NAM1,0,,,"Our first step is informing the others, of course. The Knights of the Nine must be one, in both voice and action. ","물론, 첫 번째 단계는 다른 사람들에게 알리는 것입니다. 나인 디바인 기사단은 목소리와 행동이 하나여야 합니다.",record,False,False,False,False,,
Knights.esp,INFO,01002BBB,,NAM1,0,,,"We must prepare ourselves, spiritually and physically. An increased training regimen, for at least a week. Then, we'll be ready.","우리는 정신적으로, 육체적으로 준비를 해야 합니다. 적어도 일주일 동안은 훈련을 강화해야 합니다. 그러면 준비가 될 겁니다.",record,False,False,False,False,,
Knights.esp,INFO,01002BBC,,NAM1,0,,,"We pray, fellow knight! First and foremost, we pray. The Nine must bless us, and strengthen us. Only then will we be ready.","기도하겠습니다, 동료 기사님! 무엇보다 먼저 기도하겠습니다. 나인 디바인들이 우리를 축복하고 힘을 주실 것입니다. 그래야만 준비가 될 것입니다.",record,False,False,False,False,,
Knights.esp,INFO,01002BBD,,NAM1,0,,,"Well, we'll need weapons, of course. And armor. Provisions. Traveling expenses. Scrolls and potions too, I'd imagine.",물론 무기도 필요할 거야. 그리고 갑옷도. 식량도. 여행 경비도. 두루마리와 물약도 필요할 것 같아.,record,False,False,False,False,,
Knights.esp,INFO,01002BBE,,NAM1,0,,,"I have it all worked out. First, we find ourselves a competent enchanter. Our weapons and armor must be made ready... for anything!","모든 것을 계획했습니다. 먼저, 유능한 마법사를 찾아야 합니다. 무기와 갑옷을 준비해야 합니다... 어떤 상황에 대비해서요!",record,False,False,False,False,,
Knights.esp,INFO,01002BBF,,NAM1,0,,,"First things first, fellow knight. We prepare a feast! To celebrate our divine duty, and say farewell to those we would leave behind.  ","우선은 중요한 것부터, 동료 기사. 잔치를 준비합시다! 우리의 신성한 임무를 축하하고, 남겨질 사람들을 배웅하기 위해.",record,False,False,False,False,,
Knights.esp,INFO,01002BC1,,NAM1,0,,,"I find your words truly inspiring, my friend. Let me go now, and think upon all you've said. We'll speak again later.","당신의 말씀은 정말 감동적입니다, 친구여. 이제 가보겠습니다. 당신이 말한 모든 것을 생각해보겠습니다. 나중에 다시 이야기합시다.",record,False,False,False,False,,
Knights.esp,INFO,01002BC2,,NAM1,0,,,"I'm with you body and soul, sir knight! Let me tend to my duties, now, and I'll find you when I've finished. Exciting times lie ahead!",전 몸과 마음을 다해 기사님을 따르겠습니다! 이제 제 일을 마치고 돌아오겠습니다. 끝이 나면 찾아뵙겠습니다. 흥미진진한 모험이 기다리고 있네요!,record,False,False,False,False,,
Knights.esp,INFO,01002BC3,,NAM1,0,,,"Good, good. Make any arrangements we need, and I'll follow your lead. We'll talk again soon.","좋아, 좋아. 필요한 준비를 모두 하고, 나는 네 지시를 따르겠다. 곧 다시 이야기하자.",record,False,False,False,False,,
Knights.esp,INFO,01002BC4,,NAM1,0,,,"I could not agree with you more. Let us part now, and finish our tasks at hand. I'll find you later, and we'll resume our talk.",당신의 말에 전적으로 동의합니다. 이제 헤어져서 각자의 임무를 완수합시다. 나중에 다시 만나서 이야기를 계속합시다.,record,False,False,False,False,,
Knights.esp,INFO,01002BC5,,NAM1,0,,,"Ha ha! Yes, yes! Well, it's settled then! Let us part now, and prepare ourselves, hmm? Finally, a worthy ambition...  ","하하! 그래, 그래! 그럼 결정된 거로 하자! 이제 헤어져서 준비를 하자, 흠? 드디어, 가치 있는 야망이...",record,False,False,False,False,,
Knights.esp,INFO,01002BC6,,NAM1,0,,,"You show much wisdom, my friend. It would honor me if you were to lead this cause. I must go now. But we'll talk later, I promise.  ","당신은 정말 현명하군요, 친구. 당신이 이 일을 이끌어 주시면 영광이 될 것입니다. 이제 가야 합니다. 하지만 나중에 다시 이야기합시다, 약속드립니다.",record,False,False,False,False,,
Knights.esp,INFO,01002BC8,,NAM1,0,,,"That prophet in Anvil says that some evil Ayleid king is behind it. Umaril or somesuch. Seeking revenge from beyond the grave, he says!","앤빌의 예언자가 그러는데, 그 배후에는 사악한 에일리드 왕이 있다고 하더군. 우마릴인가 뭔가 하는 놈 말이야. 무덤 너머에서 복수를 꾀하고 있다는군!",record,False,False,False,False,,
Knights.esp,INFO,01002BC9,,NAM1,0,,,I heard it was daedra. Minions of Meridia who've not been seen in Tamriel in thousands of years.,그건 데이드라라고 들었어요. 수천 년 동안 탐리엘에서 볼 수 없었던 메리디아의 부하들이라고요.,record,False,False,False,False,,
Knights.esp,INFO,01002BCA,,NAM1,0,,,"The prophet says it's this Umaril, some kind of Ayleid monster and his daedra minions, carrying on like the bad old days thousands of years ago.","예언자는 이 우마릴이라는, 에일리드 괴물 같은 녀석과 그의 데이드라 부하들이 수천 년 전 사악했던 옛날처럼 행패를 부리고 있다고 말했습니다.",record,False,False,False,False,,
Knights.esp,INFO,01002BCB,,NAM1,0,,,"I hear that some ancient Elven king is behind it. One of the really bad ones, that you read about from the old days.",고대 엘프의 왕이 그 배후에 있다고 들었습니다. 옛날에 읽은 책에 나오는 정말 악명 높은 자 중 한 명입니다.,record,False,False,False,False,,
Knights.esp,INFO,01002BCC,,NAM1,0,,,"I've heard tell it's some new kind of daedra, that no one's ever seen before. In league with this Umaril creature, according to that prophet.","아무도 본 적이 없는 새로운 종류의 데이드라라고 들었습니다. 그 예언자에 따르면, 이 우마릴 생물과 한패라고 합니다.",record,False,False,False,False,,
Knights.esp,INFO,01002BCD,,NAM1,0,,,"It's Umaril the Unfeathered, the evil king from the old stories about Alessia and Pelinal and Morihaus. At least that's what the prophet says.","알레시아와 펠리날, 모리하우스에 대한 옛 이야기에서 등장하는 사악한 왕, 깃털이 없는 우마릴입니다. 적어도 예언자는 그렇게 말하고 있습니다.",record,False,False,False,False,,
Knights.esp,INFO,01002BCF,,NAM1,0,,,What a noble thing to do. I'm glad he'll finally have peace.,정말 고귀한 일입니다. 그가 드디어 평화를 얻게 되어 다행입니다.,record,False,False,False,False,,
Knights.esp,INFO,01002BD0,,NAM1,0,,,"He came here all the way from Hammerfell, didn't he? He must be very ill.",그는 해머펠에서 여기까지 왔다고 하죠? 그는 매우 아픈 것 같습니다.,record,False,False,False,False,,
Knights.esp,INFO,01002BD1,,NAM1,0,,,I heard there's nothing the priests can do for him. Poor man.,사제들은 그를 도울 방법이 없다고 들었습니다. 불쌍한 사람입니다.,record,False,False,False,False,,
Knights.esp,DIAL,01002BD2,NDKnightsTopic,FULL,0,,,Knights of the Nine,나인 디바인 기사단,record,False,False,True,False,TOPIC_CHECK,
Knights.esp,INFO,01002BD3,,NAM1,0,,,The Knights of the Nine stand together once again. I would not have thought it possible. We owe you a great debt.,나인 디바인 기사단이 다시 한 번 함께 모였습니다. 불가능할 줄 알았어요. 당신에게 큰 빚을 졌어요.,record,False,False,False,False,,
Knights.esp,INFO,01002BD4,,NAM1,0,,,The original order of the Nine was founded with the intention of safekeeping the Crusader's Relics.,나인 디바인 기사단은 성전사의 유물을 지키기 위해 설립되었습니다.,record,False,False,False,False,,
Knights.esp,INFO,01002BD4,,NAM1,1,,,"In life, we failed at this task. In death, we seek to preserve what little we accomplished while we wait for one to come and finish what we began.","생전에 우리는 이 임무를 실패했습니다. 죽음 이후에는 우리가 달성한 작은 성과를 보존하며, 누군가가 와서 우리가 시작한 일을 끝낼 때까지 기다릴 것입니다.",record,False,False,False,False,,
Knights.esp,INFO,01002BD5,,NAM1,0,,,"In death, we continue the work that escaped us in life. The relics must still be guarded, for some day they shall be needed once more.",죽음에서도 우리는 생전에 이루지 못한 일을 계속합니다. 유물은 여전히 지켜져야 합니다. 언젠가 다시 필요할 날이 올 것이기 때문입니다.,record,False,False,False,False,,
Knights.esp,INFO,01002BD6,,NAM1,0,,,"We had only the best of intentions. Truly, we did. We meant only to serve the Nine and the Empire. It's hard to believe it all went so wrong.",우리는 정말로 선한 의도로 행동했습니다. 진심으로요. 우리는 오로지 나인 디바인과 제국을 섬기려 했을 뿐입니다. 모든 것이 이렇게 잘못될 줄은 믿을 수 없습니다.,record,False,False,False,False,,
Knights.esp,INFO,01002BD7,,NAM1,0,,,"In matters of faith, one cannot be bogged down in the affairs of this world. Learn from us. Cast aside your treasures and serve the Nine.","신앙의 문제에서는, 이 세상의 일에 발목이 잡혀서는 안 됩니다. 우리로부터 배워라. 보물을 버리고 나인 디바인을 섬기라.",record,False,False,False,False,,
Knights.esp,INFO,01002BD8,,NAM1,0,,,We are all reunited once more. You have done what we once thought impossible.,우리는 다시 한 번 모두 재회했습니다. 당신은 우리가 불가능하다고 생각했던 일을 해냈습니다.,record,False,False,False,False,,
Knights.esp,INFO,01002BD9,,NAM1,0,,,"Though we went our separate ways when the Order fell, we all served the Nine in our hearts. All but one...","교단이 무너졌을 때 우리는 각자의 길을 갔지만, 우리 모두는 마음속으로 나인 디바인을 섬겼습니다. 단 한 명을 제외하고...",record,False,False,False,False,,
Knights.esp,INFO,01002BDA,,NAM1,0,,,The wars of men undermined the service of the Nine. Do not follow in our mistakes.,인간의 전쟁이 나인 디바인의 봉사를 약화시켰습니다. 우리의 실수를 반복하지 마십시오.,record,False,False,False,False,,
Knights.esp,INFO,01002BDB,,NAM1,0,,,Our greed for the relics overshadowed our faith in the Nine. I can only hope that you are stronger than we were.,유물에 대한 우리의 탐욕이 나인 디바인에 대한 믿음을 가려버렸습니다. 당신이 우리보다 더 강하기만을 바랄 뿐입니다.,record,False,False,False,False,,
Knights.esp,INFO,01002BDC,,NAM1,0,,,Complacency proved to be our greatest enemy. The service of the Nine requires eternal vigilance.,자만심이 우리의 가장 큰 적이었습니다. 나인 디바인에 대한 봉사는 영원한 경계를 요구합니다.,record,False,False,False,False,,
Knights.esp,INFO,01002BDD,,NAM1,0,,,"It is an honor to serve under you, Crusader.","당신의 부하로 봉사할 수 있어 영광입니다, 성전사.",record,False,False,False,False,,
Knights.esp,INFO,01002BDE,,NAM1,0,,,"The Knights of the Nine have prevailed over Umaril. Truly, the gods have shown us favor.",나인 디바인 기사단이 우마릴을 물리쳤습니다. 신들이 정말로 우리에게 은총을 베푸셨습니다.,record,False,False,False,False,,
Knights.esp,INFO,01002BDF,,NAM1,0,,,The Order lives once more. Pelinal himself would be proud of what we've accomplished.,교단이 다시 살아났습니다. 펠리날도 우리가 이룬 성과를 자랑스러워할 것입니다.,record,False,False,False,False,,
Knights.esp,INFO,01002BE0,,NAM1,0,,,"The priory has been restored to its former glory, and is now a fitting home for our Order.","수도원은 예전의 영광을 되찾았고, 이제 우리 오더에 걸맞은 본거지가 되었습니다.",record,False,False,False,False,,
Knights.esp,DIAL,01002BE1,ND03ReadyForTest,FULL,0,,,Very well. I shall take this test.,좋아. 이 시험을 받겠어.,record,False,False,True,False,TOPIC_CHECK,
Knights.esp,INFO,01002BE2,,NAM1,0,,,"Then proceed directly to the Grove, as your test has begun. Kynareth may choose to guard you along the way; that is up to her.","그럼 시험이 시작되었으니 곧바로 숲으로 가세요. 키나레스가 길을 안내해 줄지도 모르니, 그건 그녀에게 맡기세요.",record,False,False,False,False,,
Knights.esp,INFO,01002BE2,,NAM1,1,,,Good luck.,행운을 빕니다.,record,False,False,False,False,,
Knights.esp,DIAL,01002BE3,ND03RespectNature,FULL,0,,,Fear and Respect Nature?,두려움과 존경 자연?,record,False,False,True,False,TOPIC_CHECK,
Knights.esp,INFO,01002BE4,,NAM1,0,,,"Indeed. Nature itself is Kynareth's domain, all its creatures are her wards.","물론입니다. 자연 그 자체가 키나레스의 영역이고, 그 안에 사는 모든 생물은 그녀의 보호를 받고 있습니다.",record,False,False,False,False,,
Knights.esp,INFO,01002BE4,,NAM1,1,,,You would do well to remember this when it comes time for your test.,시험이 다가올 때 이 말을 기억하는 것이 좋을 것이다.,record,False,False,False,False,,
Knights.esp,DIAL,01002BE5,ND03GroveofTrials,FULL,0,,,Where is this Grove?,이 숲은 어디에 있는가?,record,False,False,True,False,TOPIC_CHECK,
Knights.esp,INFO,01002BE6,,NAM1,0,,,"Not far from here, to the west. Nestled within the Great Forest, it is a place many would overlook.","여기에서 멀지 않은 서쪽입니다. 대삼림 숲에 자리 잡은 곳으로, 많은 사람들이 놓치기 쉬운 곳입니다.",record,False,False,False,False,,
Knights.esp,INFO,01002BE6,,NAM1,1,,,I warn you that it is unwise to take anyone with you. You should go there alone.,누구도 데리고 가지 않는 것이 좋습니다. 혼자 가세요.,record,False,False,False,False,,
Knights.esp,DIAL,01002BE7,NDProphetGreetA4a,FULL,0,,,"Yes, I am the Arena Grand Champion.","예, 저는 아레나 그랜드 챔피언입니다.",record,False,False,True,False,TOPIC_CHECK,
Knights.esp,INFO,01002BE8,,NAM1,0,,,"Oh my, the Grand Champion of all of Cyrodiil! By Azura indeed!","오, 시로딜의 그랜드 챔피언이시네요! 아주라의 신이시군요!",record,False,False,False,False,,
Knights.esp,INFO,01002BE8,,NAM1,1,,,Surely there can be no better preparation for becoming a holy knight than a career spent slaughtering for the public's entertainment.,대중의 오락을 위해 살인을 일삼은 경력이 성기사가 되기 위해 더 좋은 준비 방법이 될 수는 없을 것입니다.,record,False,False,False,False,,
Knights.esp,INFO,01002BEA,,NAM1,0,,,Sir Roderic... you were a brave knight and a good master. Long may your name be remembered in the annals of the Relics.,로드릭 경... 당신은 용감한 기사이자 훌륭한 스승이었습니다. 유물의 연대기에 당신의 이름이 오랫동안 기억되기를 바랍니다.,record,False,False,False,False,,
Knights.esp,DIAL,01002BEB,NDUnderpallCaveTopic,FULL,0,,,Underpall Cave,언더펄 동굴,record,False,False,True,False,TOPIC_CHECK,
Knights.esp,INFO,01002BEC,,NAM1,0,,,"It's not really a cave, but seemed to be the buried ruins of an old keep.","그건 진짜 동굴은 아니지만, 오래된 성의 유적처럼 보였습니다.",record,False,False,False,False,,
Knights.esp,INFO,01002BEC,,NAM1,1,,,"Sir Roderic believed that it used to be the ancestral seat of Lord Vlindrel, before some cataclysm buried it beneath the earth.",로데릭 경은 이 곳이 대재앙으로 땅에 묻히기 전에는 블린드렐 경의 조상 대대로 내려온 저택이라고 믿었습니다.,record,False,False,False,False,,
Knights.esp,DIAL,01002BED,NDSwordTopic,FULL,0,,,Sword of the Crusader,성전사의 검,record,False,False,True,False,TOPIC_CHECK,
Knights.esp,INFO,01002BEE,,NAM1,0,,,I'm glad to know that the Sword has been reclaimed for the work of the gods.,그 검이 신들의 뜻을 위해 되찾아졌다니 기쁘군요.,record,False,False,False,False,,
Knights.esp,INFO,01002BEF,,NAM1,0,,,"The Sword was originally created by Arkay, according to legend. Perhaps it could be reconsecrated upon the altar of his Chapel?",전설에 따르면 그 검은 본래 아케이가 만들었습니다. 그의 예배당 제단에서 다시 축성할 수 있지 않을까요?,record,False,False,False,False,,
Knights.esp,INFO,01002BF0,,NAM1,0,,,The wraith of Lord Vlindrel used the Sword against Sir Roderic. I don't know how it twisted the holy sword to its evil purpose.,블린드렐 경의 망령이 그 검으로 로데릭 경을 공격했습니다. 어떻게 성검을 사악한 목적에 물들였는지는 모르겠습니다.,record,False,False,False,False,,
Knights.esp,INFO,01002BF1,,NAM1,0,,,"I took the Sword down with me into evil. You have redeemed us both. The gods smile on such deeds, noble knight.","나는 검을 나와 함께 타락으로 끌고 갔소. 그대가 우리 둘을 구원했소. 신들께서 이런 행위를 기뻐하실 것이오, 고귀한 기사여.",record,False,False,False,False,,
Knights.esp,DIAL,01002BF2,NDGreavesTopic,FULL,0,,,Greaves of the Crusader,성전사의 정강이받이,record,False,False,True,False,TOPIC_CHECK,
Knights.esp,INFO,01002BF3,,NAM1,0,,,Sir Roderic died so that I could bring you the Greaves. Use them to good purpose.,로데릭 경은 내가 당신에게 각반을 가져다줄 수 있도록 목숨을 바쳤습니다. 올바른 일에 사용하십시오.,record,False,False,False,False,,
Knights.esp,INFO,01002BF5,,NAM1,0,,,Look at me!,저를 보세요!,record,False,False,False,False,,
Knights.esp,INFO,01002BF6,,NAM1,0,,,Ha ha ha!,하하하!,record,False,False,False,False,,
Knights.esp,DIAL,01002BF7,NDUmarilTopic,FULL,0,,,Umaril,우마릴,record,False,False,True,False,TOPIC_CHECK,
Knights.esp,INFO,01002BF8,,NAM1,0,,,"He was defeated, but not destroyed, by Pelinal the Crusader. Now he has returned to seek vengeance against the gods.",신성한 성전사의 유물을 휘두르는 진정한 기사만이 우마릴을 물리칠 수 있습니다.,record,False,False,False,False,,
Knights.esp,INFO,01002BF8,,NAM1,1,,,"Only a true knight, wielding the holy Relics of the Divine Crusader, has a chance to defeat Umaril.","그는 성전사 펠리날에 의해 패배했지만, 완전히 파괴되지는 않았습니다. 이제 그는 신들에게 복수를 하기 위해 돌아왔습니다.",record,False,False,False,False,,
Knights.esp,INFO,01002BF9,,NAM1,0,,,He is the enemy of all who walk free on Tamriel today. A survivor of the ancient race of Ayleid slavemasters who once ruled Cyrodiil.,그는 오늘날 탐리엘에서 자유롭게 살아가는 모든 사람들의 적입니다. 한때 시로딜을 지배했던 고대 노예 주인족 에일리드의 생존자입니다.,record,False,False,False,False,,
Knights.esp,INFO,01002BF9,,NAM1,1,,,"He was struck down by Pelinal, but by his art Umaril had bound himself to the realm of his mistress, the Daedra Lord Meridia.","그는 펠리날에 의해 쓰러졌지만, 우마릴은 자신의 기술로 자신의 여주인인 데이드라 군주 메리디아의 영역에 자신을 묶어 놓았습니다.",record,False,False,False,False,,
Knights.esp,INFO,01002BF9,,NAM1,2,,,"So he was not slain, but simply cast adrift upon the waters of Oblivion.","그는 죽지 않고, 단순히 망각의 물에 떠내려간 것입니다.",record,False,False,False,False,,
Knights.esp,INFO,01002BF9,,NAM1,3,,,Now he has returned to seek vengeance upon the gods who helped bring about his downfall so many ages ago.,이제 그는 오래 전에 자신의 몰락을 도왔던 신들에게 복수를 하기 위해 돌아왔습니다.,record,False,False,False,False,,
Knights.esp,INFO,01002BFA,,NAM1,0,,,"Umaril is no more! He and his minions are defeated, and our Chapels are safe again. All hail the Divine Crusader!","우마릴은 더 이상 존재하지 않습니다! 그와 그의 부하들은 패배했고, 우리 예배당은 다시 안전해졌습니다. 신성한 성전사를 찬양하라!",record,False,False,False,False,,
Knights.esp,INFO,01002BFB,,NAM1,0,,,"You have done what Pelinal Whitestrake himself could not, and have banished Umaril once and for all. The whole of Tamriel is in your debt.","펠리날 화이트스트레이크조차도 할 수 없었던 일을 해냈고, 우마릴을 영원히 추방했습니다. 탐리엘 전체가 당신에게 빚을 졌습니다.",record,False,False,False,False,,
Knights.esp,INFO,01002BFC,,NAM1,0,,,"He will trouble us no more, thanks to you.",당신 덕분에 그는 더 이상 우리를 괴롭히지 않을 것입니다.,record,False,False,False,False,,
Knights.esp,INFO,01002BFD,,NAM1,0,,,Leyawiin has been attacked by Umaril's minions! Something must be done to stop him!,레이야윈이 우마릴의 부하들에게 공격을 받았습니다! 그를 막기 위해 뭔가 조치를 취해야 합니다!,record,False,False,False,False,,
Knights.esp,INFO,01002BFE,,NAM1,0,,,"Now that he has attacked Leyawiin, it is clear that no Chapel is safe from his wrath.","이제 그가 레이야윈을 공격한 이상, 그의 분노에서 안전한 예배당은 없는 것이 분명합니다.",record,False,False,False,False,,
Knights.esp,INFO,01002C00,,NAM1,0,,,"Sir Gregory, you are defeated. Sir Casimir, step forward.","그레고리 경, 당신은 패배했습니다. 카시미르 경, 앞으로 나오세요.",record,False,False,False,False,,
Knights.esp,INFO,01002C01,,NAM1,0,,,"Impressive. You have bested Sir Casimir. Now, face Sir Ralvas.",인상적이군. 카시미르 경을 이겼군. 이제 랄바스 경과 맞서라.,record,False,False,False,False,,
Knights.esp,INFO,01002C02,,NAM1,0,,,"Sir Ralvas, you have fallen. Step back and let the challenge continue. Sir Henrik, come forward and prove yourself.","랄바스 경, 당신은 패배했습니다. 물러나서 도전이 계속될 수 있게 하세요. 헨릭 경, 앞으로 나와 당신의 실력을 증명하세요.",record,False,False,False,False,,
Knights.esp,INFO,01002C03,,NAM1,0,,,You have overcome half of us and yet you remain standing. Perhaps Sir Caius shall test your true mettle.,당신은 우리 절반을 물리치고도 여전히 서 있습니다. 카이우스 경이 당신의 진정한 실력을 시험할 것입니다.,record,False,False,False,False,,
Knights.esp,INFO,01002C04,,NAM1,0,,,You show a fury of faith that I have not seen in centuries. But now you face Sir Juncan.,당신은 수 세기 동안 본 적이 없는 맹렬한 신앙심을 보여주고 있습니다. 하지만 이제 당신은 준칸 경과 맞서야 합니다.,record,False,False,False,False,,
Knights.esp,INFO,01002C05,,NAM1,0,,,"You have lost, Sir Juncan. Sir Torolf, show the challenger the ferocity of the North.","당신은 패배했습니다, 준칸 경. 토롤프 경, 도전자에게 북부의 사나움을 보여 주세요.",record,False,False,False,False,,
Knights.esp,INFO,01002C06,,NAM1,0,,,"You have stood against the Knights of the Nine and lived. However, the final test is upon you. Ready yourself, Sir Knight, and face me.","너는 나인 디바인 기사단에 맞서 살아남았다. 하지만 마지막 시험이 너를 기다리고 있다. 준비하라, 기사님, 나에게 맞서라.",record,False,False,False,False,,
Knights.esp,INFO,01002C07,,NAM1,0,,,"Sir Knight, in three hundred years none have stood against us and lived. Step forward and claim what is yours by right. May your faith be true.","기사님, 300년 동안 우리에 대항하여 살아남은 사람은 아무도 없습니다. 앞으로 나와 당신의 권리를 되찾으세요. 당신의 믿음이 진실되기를 바랍니다.",record,False,False,False,False,,
Knights.esp,DIAL,01002C08,ND07LathonGreetD2B,FULL,0,,,You were telling me about the Sword?,검에 대해 말한 적이 있죠?,record,False,False,True,False,TOPIC_CHECK,
Knights.esp,INFO,01002C09,,NAM1,0,,,"I'm sorry. I've already failed Sir Roderic once. I don't want to fail him again. I remember he said something about the Sword, before we...",죄송합니다. 이미 로데릭 경을 한 번 실망시켰습니다. 다시는 그를 실망시키고 싶지 않습니다. 우리가 떠나기 전에 그가 검에 대해 뭔가 말한 것이 기억납니다...,record,False,False,False,False,,
Knights.esp,INFO,01002C09,,NAM1,1,,,"He was worried that the Sword may have been turned to evil. That it may have to be reconsecrated on the altar of its creator, the divine Arkay.",그는 검이 악으로 변한 것이 아닐까 걱정했습니다. 검을 만든 신성한 아케이 신의 제단에서 다시 봉헌해야 할지도 모른다고 생각한 것입니다.,record,False,False,False,False,,
Knights.esp,INFO,01002C09,,NAM1,2,,,That's all I remember. I hope it may help you.,그게 제가 기억하는 전부입니다. 도움이 되길 바랍니다.,record,False,False,False,False,,
Knights.esp,DIAL,01002C0A,ND07LathonGreetD2A,FULL,0,,,Take it easy. You're safe now.,진정하세요. 이제 안전합니다.,record,False,False,True,False,TOPIC_CHECK,
Knights.esp,INFO,01002C0B,,NAM1,0,,,"I'm sorry. I remember Sir Roderic saying something about the Sword, before we went to Underpall... it may be important.",죄송합니다. 로데릭 경이 언더팔로 가기 전에 검에 대해 뭔가 말한 것이 기억납니다... 중요한 정보일지도 모릅니다.,record,False,False,False,False,,
Knights.esp,INFO,01002C0B,,NAM1,1,,,"He was worried that the Sword may have been turned to evil. That it may have to be reconsecrated on the altar of its creator, the divine Arkay.",그는 검이 악으로 변한 것이 아닐까 걱정했습니다. 검을 만든 신성한 아케이 신의 제단에서 다시 봉헌해야 할지도 모른다고 생각한 것입니다.,record,False,False,False,False,,
Knights.esp,INFO,01002C0B,,NAM1,2,,,That's all I remember. I hope it may help you.,그게 제가 기억하는 전부입니다. 도움이 되길 바랍니다.,record,False,False,False,False,,
Knights.esp,DIAL,01002C0C,ND09ProphetGreeting01,FULL,0,,,I am ready then?,그럼 준비가 된 건가요?,record,False,False,True,False,TOPIC_CHECK,
Knights.esp,INFO,01002C0D,,NAM1,0,,,"No. Should you face Umaril, you would suffer the same fate as Pelinal. But times change and even the shape of the divine itself must change with it. ","아닙니다. 우마릴과 맞서면 펠리날과 같은 운명을 맞을 것입니다. 하지만 시대는 변하고, 신의 모습도 그와 함께 변해야 합니다.",record,False,False,False,False,,
Knights.esp,INFO,01002C0D,,NAM1,1,,,"Where once there were Eight, now One more stands with them, and they have become Nine.",한때는 에잇 디바인이었던 그분들에 이제 한 분이 더 합류하여 나인 디바인이 되었습니다.,record,False,False,False,False,,
Knights.esp,DIAL,01002C0E,ND09ProphetGreeting02a,FULL,0,,,You mean Talos?,탈로스를 말하는 건가요?,record,False,False,True,False,TOPIC_CHECK,
Knights.esp,INFO,01002C0F,,NAM1,0,,,"Aye. With the apotheosis of Tiber Septim, the face of the divine was transformed. Talos ascended and the Eight became Nine.",네. 타이버 셉팀이 신격화되면서 신의 모습이 변했습니다. 탈로스께서 승천하셨고 에잇 디바인이 나인 디바인이 되었습니다.,record,False,False,False,False,,
Knights.esp,INFO,01002C0F,,NAM1,1,,,"So, although you wear the armor of the gods, it is incomplete -- a relic of the old ways and the old gods.","당신은 신의 갑옷을 입고 있지만, 그 갑옷은 불완전합니다. 옛날의 방식과 옛 신들의 유물입니다.",record,False,False,False,False,,
Knights.esp,DIAL,01002C10,ND09ProphetGreeting03,FULL,0,,,What does the Blessing do?,축복은 무슨 역할을 해?,record,False,False,True,False,TOPIC_CHECK,
Knights.esp,INFO,01002C11,,NAM1,0,,,"It will allow you to follow Umaril into the spirit realm upon his death. It will allow you to destroy him, body and soul, utterly and for all time.",이걸로 우마릴이 죽으면 영의 세계로 따라갈 수 있을 거야. 그걸로 우마릴의 몸과 영혼을 영원히 완전히 파괴할 수 있을 거야.,record,False,False,False,False,,
Knights.esp,INFO,01002C11,,NAM1,1,,,"You must first kill his living body. While beyond the power of most mortals, this is only the lesser of your two tasks.","먼저 그의 살아 있는 육신을 죽여야 합니다. 대부분의 필멸자에게는 불가능한 일이지만, 두 과업 중 쉬운 쪽에 불과합니다.",record,False,False,False,False,,
Knights.esp,INFO,01002C11,,NAM1,2,,,His Daedric nature allows his spirit to escape into Oblivion after death. This is what Pelinal learned upon defeating Umaril the first time.,그의 데이드라의 본성은 그가 죽은 후에도 그의 영혼이 오블리비언으로 탈출할 수 있게 합니다. 이것은 펠리날이 우마릴을 처음 물리친 후 알게 된 사실입니다.,record,False,False,False,False,,
Knights.esp,INFO,01002C11,,NAM1,3,,,But you can do what Pelinal could not. The Blessing of Talos will allow you to follow Umaril's spirit when it leaves his body.,하지만 당신은 펠리날이 하지 못한 일을 할 수 있습니다. 탈로스의 축복으로 우마릴의 영혼이 그의 몸을 떠날 때 그를 따라갈 수 있게 될 것입니다.,record,False,False,False,False,,
Knights.esp,INFO,01002C11,,NAM1,4,,,"This you must do, and you must not fail. You will not, because the Nine fight with you.","먼저 그의 육체를 죽여야 합니다. 대부분의 인간에게는 불가능한 일이지만, 두 가지 임무 중 더 쉬운 쪽입니다.",record,False,False,False,False,,
Knights.esp,DIAL,01002C12,ND09ProphetQuestions01,FULL,0,,,Tell me about this artifact.,이 유물에 대해 알려주세요.,record,False,False,True,False,TOPIC_CHECK,
Knights.esp,DIAL,01002C13,ND09ProphetQuestions02,FULL,0,,,I want to know about Umaril's spirit.,우마릴의 영혼에 대해 알고 싶습니다.,record,False,False,True,False,TOPIC_CHECK,
Knights.esp,INFO,01002C14,,NAM1,0,,,"When Umaril joined with the Daedra, his spirit expanded beyond this realm. His physical form can travel between realms, but his spirit is bound.","우마릴이 데이드라에 합류했을 때, 그의 영혼은 이 세계를 넘어 확장되었습니다. 그의 육체는 세계 사이를 여행할 수 있지만, 그의 영혼은 묶여 있습니다.",record,False,False,False,False,,
Knights.esp,INFO,01002C14,,NAM1,1,,,"When his body is destroyed, his spirit travels back to Oblivion and is reformed in the fires of creation.","그의 육체가 파괴되면, 그의 영혼은 오블리비언으로 돌아가 창조의 불꽃 속에서 재탄생합니다.",record,False,False,False,False,,
Knights.esp,INFO,01002C14,,NAM1,2,,,"With the armor of the gods and the Blessing of Talos, you will be able to follow him where Pelinal could not and destroy his very spirit.","신들의 갑옷과 탈로스의 축복으로, 펠리날이 하지 못했던 일을 해내고 그의 영혼을 파괴할 수 있을 것입니다.",record,False,False,False,False,,
Knights.esp,INFO,01002C14,,NAM1,3,,,"Once his spirit is destroyed, he will be completely obliterated -- erased from all realms of existence.","그의 영혼이 파괴되면, 그는 완전히 소멸될 것입니다. 모든 존재의 영역에서 지워질 것입니다.",record,False,False,False,False,,
Knights.esp,DIAL,01002C15,ND09ProphetQuestions03,FULL,0,,,What is Garlas Malatar?,가르라스 말라타르는 뭔가요?,record,False,False,True,False,TOPIC_CHECK,
Knights.esp,INFO,01002C16,,NAM1,0,,,Garlas Malatar was the westernmost outpost of the Ayleid empire. It watched over what we call the Abecean Sea.,가르라스 말라타르는 에일리드 제국의 최서단 전초 기지였습니다. 이곳은 우리가 아베시안 해라고 부르는 바다를 감시했습니다.,record,False,False,False,False,,
Knights.esp,INFO,01002C16,,NAM1,1,,,"Since his return, Umaril has taken Garlas Malatar as his lair. That is where you must seek him out.","돌아온 이후, 우마릴은 가르라스 말라타르를 자신의 은신처로 삼았습니다. 그곳에서 그를 찾아야 합니다.",record,False,False,False,False,,
Knights.esp,DIAL,01002C17,ND09ProphetQuestionsEnd,FULL,0,,,That's all. I'm ready.,그게 다입니다. 준비됐습니다.,record,False,False,True,False,TOPIC_CHECK,
Knights.esp,INFO,01002C18,,NAM1,0,,,Your Knights will assemble at Garlas Malatar and await you there. Gather all those who you deem worthy.,기사들은 가르라스 말라타르에 모여 당신을 기다릴 것입니다. 합당한 자들을 모두 모으세요.,record,False,False,False,False,,
Knights.esp,INFO,01002C18,,NAM1,1,,,Not all who enter those halls shall return. Those who fall in service of the Nine will live on forever in the halls of their fathers. ,그 전당에 들어가는 모든 사람이 돌아오는 것은 아닙니다. 나인 디바인에게 봉사하기로 목숨을 바친 자들은 조상의 전당에서 영원히 살게 될 것입니다.,record,False,False,False,False,,
Knights.esp,INFO,01002C18,,NAM1,2,,,"I wish you well on your quest, Crusader. We are depending on you.","당신의 여정이 잘 되기를 바랍니다, 성전사. 우리는 당신을 믿고 있습니다.",record,False,False,False,False,,
Knights.esp,INFO,01002C19,,NAM1,0,,,"Very well then. The grace of the Nine be with you, Crusader.","그럼 알겠습니다. 나인 디바인의 은총이 함께 하시길, 성전사.",record,False,False,False,False,,
Knights.esp,DIAL,01002C1A,ND09ProphetQuestions,FULL,0,,,I have more questions.,몇 가지 질문이 있습니다.,record,False,False,True,False,TOPIC_CHECK,
Knights.esp,DIAL,01002C1B,NDKnightStartFollow,FULL,0,,,Come with me,나와 함께 가자,record,False,False,True,False,TOPIC_CHECK,
Knights.esp,INFO,01002C1C,,NAM1,0,,,"Of course, Lord Crusader.","물론입니다, 성전사 경.",record,False,False,False,False,,
Knights.esp,INFO,01002C1D,,NAM1,0,,,"I'm yours to command, Sir Knight.",기사님의 명령을 따르겠습니다.,record,False,False,False,False,,
Knights.esp,INFO,01002C1E,,NAM1,0,,,"Lead the way, Sir Knight.","길 안내해 주세요, 기사님.",record,False,False,False,False,,
Knights.esp,INFO,01002C1F,,NAM1,0,,,"Of course, Lord Crusader.","물론입니다, 성전사 경.",record,False,False,False,False,,
Knights.esp,INFO,01002C20,,NAM1,0,,,"I'm yours to command, Sir Knight.",기사님의 명령을 따르겠습니다.,record,False,False,False,False,,
Knights.esp,INFO,01002C21,,NAM1,0,,,"Lead the way, Sir Knight.","길 안내해 주세요, 기사님.",record,False,False,False,False,,
Knights.esp,INFO,01002C22,,NAM1,0,,,"Of course, Lord Crusader.","물론입니다, 성전사 경.",record,False,False,False,False,,
Knights.esp,INFO,01002C23,,NAM1,0,,,"I'm yours to command, Sir Knight.",기사님의 명령을 따르겠습니다.,record,False,False,False,False,,
Knights.esp,INFO,01002C24,,NAM1,0,,,"Of course, Lord Crusader.","물론입니다, 성전사 경.",record,False,False,False,False,,
Knights.esp,INFO,01002C25,,NAM1,0,,,"I'm yours to command, Sir Knight.",기사님의 명령을 따르겠습니다.,record,False,False,False,False,,
Knights.esp,INFO,01002C26,,NAM1,0,,,"Lead the way, Sir Knight.","길 안내해 주세요, 기사님.",record,False,False,False,False,,
Knights.esp,DIAL,01002C27,NDKnightStopFollow,FULL,0,,,Return to your duties.,임무로 돌아가세요.,record,False,False,True,False,TOPIC_CHECK,
Knights.esp,INFO,01002C28,,NAM1,0,,,"As you wish, Lord Crusader.","원하시는 대로 하세요, 성전사 경.",record,False,False,False,False,,
Knights.esp,INFO,01002C29,,NAM1,0,,,"Certainly, Sir Knight.","물론입니다, 기사님.",record,False,False,False,False,,
Knights.esp,INFO,01002C2A,,NAM1,0,,,I was honored to be of assistance.,도움을 드릴 수 있어 영광이었습니다.,record,False,False,False,False,,
Knights.esp,INFO,01002C2B,,NAM1,0,,,"As you wish, Lord Crusader.","원하시는 대로 하세요, 성전사 경.",record,False,False,False,False,,
Knights.esp,INFO,01002C2C,,NAM1,0,,,"Certainly, Sir Knight.","물론입니다, 기사님.",record,False,False,False,False,,
Knights.esp,INFO,01002C2D,,NAM1,0,,,I was honored to be of assistance.,도움을 드릴 수 있어 영광이었습니다.,record,False,False,False,False,,
Knights.esp,INFO,01002C2E,,NAM1,0,,,"As you wish, Lord Crusader.","원하시는 대로 하세요, 성전사 경.",record,False,False,False,False,,
Knights.esp,INFO,01002C2F,,NAM1,0,,,"Certainly, Sir Knight.","물론입니다, 기사님.",record,False,False,False,False,,
Knights.esp,INFO,01002C30,,NAM1,0,,,"As you wish, Lord Crusader.","원하시는 대로 하세요, 성전사 경.",record,False,False,False,False,,
Knights.esp,INFO,01002C31,,NAM1,0,,,"Certainly, Sir Knight.","물론입니다, 기사님.",record,False,False,False,False,,
Knights.esp,INFO,01002C32,,NAM1,0,,,I was honored to be of assistance.,도움을 드릴 수 있어 영광이었습니다.,record,False,False,False,False,,
Knights.esp,DIAL,01002C33,ND10LaunchAttackNo,FULL,0,,,No. Wait for my signal.,아니요. 제 신호를 기다리세요.,record,False,False,True,False,TOPIC_CHECK,
Knights.esp,INFO,01002C34,,NAM1,0,,,"Of course, Commander. We will attack at your command.","물론입니다, 사령관님. 당신의 명령에 따라 공격하겠습니다.",record,False,False,False,False,,
Knights.esp,DIAL,01002C35,ND10LaunchAttackYes,FULL,0,,,Launch the attack.,공격을 시작하라.,record,False,False,True,False,TOPIC_CHECK,
Knights.esp,INFO,01002C36,,NAM1,0,,,Knights of the Nine! Umaril and his Aurorans must be destroyed!,나인 디바인 기사단! 우마릴과 그의 오로란들은 파괴되어야 합니다!,record,False,False,False,False,,
Knights.esp,INFO,01002C38,,NAM1,0,,,Man kana mitta abasel Umarile?,만 카나 미타 아바셀 우마릴레?,record,False,False,False,False,,
Knights.esp,INFO,01002C39,,NAM1,0,,,Pelinal na vasha. Sa yando tye.,펠리날 나 바샤. 사 얀도 타이.,record,False,False,False,False,,
Knights.esp,INFO,01002C3A,,NAM1,0,,,"Shanta, ehlno. Tyavoy balangua!","샨타, 에흘노. 티아보이 발랑구아!",record,False,False,False,False,,
Knights.esp,INFO,01002C3C,,NAM1,0,,,"There is still glory and honor to be won in service to the Nine, never fear. Well, until later, my friend.","나인 디바인을 섬기면서 얻을 수 있는 영광과 명예는 아직 남아 있습니다, 두려워하지 마세요. 그럼, 나중에 보자, 친구.",record,False,False,False,False,,
Knights.esp,INFO,01002C3D,,NAM1,0,,,"Indeed, the Divine Crusader seemed an avatar of the Nine that day. We can all be proud to serve under such a leader.",그날 신성한 성전사는 마치 나인 디바인의 화신처럼 보였습니다. 그런 지도자 아래에서 봉사할 수 있다는 것은 우리 모두의 자부심입니다.,record,False,False,False,False,,
Knights.esp,INFO,01002C3E,,NAM1,0,,,"You speak truly, sir knight. We'll have time for more tales later, I'm sure. Farewell.","당신의 말이 옳습니다, 기사님. 나중에 더 많은 이야기를 나눌 시간이 있을 겁니다. 잘 가십시오.",record,False,False,False,False,,
Knights.esp,INFO,01002C3F,,NAM1,0,,,"There was one moment I will never forget, when the Crusader swung... well, perhaps that tale will have to wait for later.",성전사께서 칼을 휘두른 그 순간은 평생 잊지 못할 것입니다. 그 이야기는 나중에 들려드리겠습니다.,record,False,False,False,False,,
Knights.esp,INFO,01002C41,,NAM1,0,,,You're lucky to have been with the Crusader on such a glorious day. We latecomers will always measure our deeds against Garlas Malatar.,"이렇게 영광스러운 날에 성전사와 함께 할 수 있다니, 당신은 정말 행운아입니다. 우리 후발주자들은 항상 가르라스 말라타르를 기준으로 우리의 행동을 평가할 것입니다.",record,False,False,False,False,,
Knights.esp,INFO,01002C42,,NAM1,0,,,I would have liked to see the Lord Crusader in his full fury. It must have been magnificent.,성전사께서 분노에 차 있는 모습을 보고 싶었습니다. 정말 장엄했을 것 같습니다.,record,False,False,False,False,,
Knights.esp,INFO,01002C43,,NAM1,0,,,"I envy you, I freely admit it! To have stood shoulder-to-shoulder with the Divine Crusader on the day that Umaril fell...","당신을 부러워합니다, 솔직히 말해서요! 우마릴이 쓰러진 날, 신성한 성전사와 나란히 서 있었다니...",record,False,False,False,False,,
Knights.esp,INFO,01002C44,,NAM1,0,,,"I never tire of hearing tales of the Crusader's exploits. It's an honor to serve with you, sir knight.","성전사의 위업에 대한 이야기를 듣는 것은 아무리 들어도 지루하지 않습니다. 당신과 함께 복무할 수 있어 영광입니다, 기사님.",record,False,False,False,False,,
Knights.esp,INFO,01002C46,,NAM1,0,,,"Ah, it was a terrible fight. Many an Auroran fell beneath my blade that day. But the Crusader -- he clove through their ranks like a scythe.","아, 정말 끔찍한 전투였습니다. 그날 제 검에 많은 오로라인들이 쓰러졌습니다. 하지만 성전사들은 낫처럼 그들의 대열을 쪼개고 나갔습니다.",record,False,False,False,False,,
Knights.esp,INFO,01002C47,,NAM1,0,,,I played only a small part. It was the Crusader who won the day for us. It truly seemed that Pelinal Whitestrake had returned.,저는 그저 작은 역할을 한 것뿐입니다. 우리를 승리로 이끈 것은 성전사가었죠. 마치 펠리날 화이트스트레이크가 돌아온 듯했습니다.,record,False,False,False,False,,
Knights.esp,INFO,01002C48,,NAM1,0,,,"I never thought any of us would survive, to be honest. The Aurorans just kept getting back up. It was the Lord Crusader who saved us.",솔직히 말해서 우리 중 누구도 살아남을 것이라고는 생각하지 않았습니다. 오로라인들은 계속 다시 일어났습니다. 우리를 구한 것은 성전사 경이었습니다.,record,False,False,False,False,,
Knights.esp,INFO,01002C49,,NAM1,0,,,"The Aurorans fought fiercely, but they were no match for our Commander that day, let me tell you! They fell before his wrath like wheat!","오로라인들은 맹렬하게 싸웠지만, 그날은 우리 사령관에게 상대가 되지 못했습니다! 그들은 그의 분노 앞에 밀처럼 쓰러졌습니다!",record,False,False,False,False,,
Knights.esp,INFO,01002C4B,,NAM1,0,,,"That's the spirit! Well, duty calls.","그게 정신이죠! 그럼, 업무가 기다리고 있네요.",record,False,False,False,False,,
Knights.esp,INFO,01002C4C,,NAM1,0,,,Don't worry. I have days where I feel the same way.,걱정 마세요. 저도 그런 기분이 드는 날이 있어요.,record,False,False,False,False,,
Knights.esp,INFO,01002C4D,,NAM1,0,,,"You're not alone. We all find the waiting difficult at times. I will pray for you, and I ask the same of you. Go with the blessing.","당신만 그런 것이 아닙니다. 우리 모두는 때때로 기다리는 것이 어렵다고 느낍니다. 당신을 위해 기도할게요, 당신도 그렇게 해 주세요. 축복을 받고 가세요.",record,False,False,False,False,,
Knights.esp,INFO,01002C4E,,NAM1,0,,,"Come, if we keep ourselves busy the waiting will be easier to bear.","가자, 바쁘게 지내면 기다리는 것이 좀 더 견딜만할 거야.",record,False,False,False,False,,
Knights.esp,INFO,01002C50,,NAM1,0,,,"You're right, of course. When we strike, we will strike with the holy power of the gods behind us!","당신의 말이 맞습니다. 우리가 공격할 때, 우리는 신들의 신성한 힘을 뒤로 하고 공격할 것입니다!",record,False,False,False,False,,
Knights.esp,INFO,01002C51,,NAM1,0,,,You speak truly. I will pray for more patience.,진실된 말씀입니다. 더 인내할 수 있도록 기도하겠습니다.,record,False,False,False,False,,
Knights.esp,INFO,01002C52,,NAM1,0,,,"Well said. I will endeavor to follow your example, and continue to train for the day when we are able to strike back.","잘 말씀하셨습니다. 저도 당신의 모범을 따르고, 우리가 반격할 수 있는 날을 위해 계속 훈련할 것입니다.",record,False,False,False,False,,
Knights.esp,INFO,01002C54,,NAM1,0,,,"Patience, brother. The Commander must gather the Relics first, if we are to have any chance at defeating Umaril.","인내심을 가지세요, 형제여. 우마릴을 물리치기 위해서는 사령관이 먼저 유물을 모아야 합니다.",record,False,False,False,False,,
Knights.esp,INFO,01002C55,,NAM1,0,,,"We must bide our time until our Commander has finished his quest for the Relics. It is hard, but the work of the gods cannot be rushed.","사령관이 유물 찾기를 끝낼 때까지 우리는 시간을 기다려야 합니다. 어렵지만, 신의 일은 서두를 수 없습니다.",record,False,False,False,False,,
Knights.esp,INFO,01002C56,,NAM1,0,,,"I, too, long to strike a blow in the gods' defense. But the time is not yet ripe. The Relics have not all been recovered.",저도 신들을 지키기 위해 일격을 가하고 싶습니다. 하지만 아직 때가 아닙니다. 유물이 모두 회수되지 않았습니다.,record,False,False,False,False,,
Knights.esp,INFO,01002C58,,NAM1,0,,,"So, when do you think we will be able to strike back at this foul Umaril creature?","그럼, 이 사악한 우마릴의 생물에게 반격을 가할 수 있을까요?",record,False,False,False,False,,
Knights.esp,INFO,01002C59,,NAM1,0,,,I fear that Umaril will strike again before we are ready. This waiting... it grates on my nerves.,우마릴이 우리가 준비되기 전에 다시 공격할까 두렵습니다. 이 기다림이... 정말 신경이 쓰입니다.,record,False,False,False,False,,
Knights.esp,INFO,01002C5A,,NAM1,0,,,"Hail, brother. Do you find this waiting as hard to bear as I do? Why must we sit back and wait for Umaril to strike again?","환영합니다, 형제여. 저처럼 기다리는 것이 너무 힘들지 않습니까? 왜 우마릴이 다시 공격할 때까지 가만히 앉아 기다려야 합니까?",record,False,False,False,False,,
Knights.esp,INFO,01002C5C,,NAM1,0,,,Then only the Sword remains to be recovered! And then... we shall finally unleash divine vegeance upon Umaril! I must tell the others...,이제 검만 찾으면 됩니다! 그리고... 마침내 우마릴에게 신의 심판을 내릴 수 있습니다! 다른 사람들에게 알려야 합니다...,record,False,False,False,False,,
Knights.esp,INFO,01002C5E,,NAM1,0,,,"I once went to Stendarr's Chapel to try the Gauntlets for myself. Truly, the Commander is the Divine Crusader come again.",한때 스텐다르의 예배당에 가서 손목받이를 직접 착용해 보았습니다. 지휘관은 정말 신의 성전사으로 다시 태어난 사람입니다.,record,False,False,False,False,,
Knights.esp,INFO,01002C60,,NAM1,0,,,"The Commander must truly be blessed with the wisdom of Julianos! Come, the others will want to hear the good news.","사령관은 정말 줄리아노스의 지혜를 받은 사람입니다! 어서 가세요, 다른 사람들도 좋은 소식을 듣고 싶어 할 겁니다.",record,False,False,False,False,,
Knights.esp,INFO,01002C62,,NAM1,0,,,I must see the holy Mace for myself. Imagine... the weapon once wielded by Saint Pelinal against Umaril...,성스러운 철퇴도 직접 봐야 합니다. 상상해보세요... 성 펠리날이 우마릴과 싸울 때 휘두르던 무기가...,record,False,False,False,False,,
Knights.esp,INFO,01002C64,,NAM1,0,,,"The Nine be praised! Imagine, the very boots with which Pelinal Whitestrake once walked the earth! I must go and tell the others.","나인 디바인에게 찬양을! 상상해보세요, 펠리날 화이트스트레이크가 한때 이 땅을 걸었던 바로 그 장화입니다! 다른 사람들에게 알려야겠어요.",record,False,False,False,False,,
Knights.esp,INFO,01002C66,,NAM1,0,,,I would never doubt him. The gods have clearly chosen him for a high purpose.,나는 그를 의심하지 않습니다. 신들이 그를 높은 목적에 부른 것이 분명합니다.,record,False,False,False,False,,
Knights.esp,INFO,01002C67,,NAM1,0,,,I would never doubt her. The gods have clearly chosen her for a high purpose.,나는 그녀를 의심하지 않습니다. 신들이 그녀를 높은 목적에 부른 것이 분명합니다.,record,False,False,False,False,,
Knights.esp,INFO,01002C68,,NAM1,0,,,"I know. If our hearts remain true, we will prevail against Umaril's evil.","알고 있습니다. 우리의 마음이 진실하다면, 우마릴의 악을 이길 수 있을 것입니다.",record,False,False,False,False,,
Knights.esp,INFO,01002C69,,NAM1,0,,,Of course. Evil will not prevail while true knights stand ready to fight for the Nine.,"물론이지. 진정한 기사들이 나인 디바인들을 위해 싸울 준비가 되어 있는 한, 악은 승리할 수 없습니다.",record,False,False,False,False,,
Knights.esp,INFO,01002C6A,,NAM1,0,,,"You speak truly, brother. Go with the blessing.","당신의 말이 옳습니다, 형제여. 축복을 받고 가십시오.",record,False,False,False,False,,
Knights.esp,INFO,01002C6C,,NAM1,0,,,"The Commander has recovered the Boots! Kynareth smiles upon our endeavor, there can be no doubt!",사령관이 장화를 되찾았습니다! 키나레스가 우리의 노력을 기뻐하고 계시는 것이 분명합니다!,record,False,False,False,False,,
Knights.esp,INFO,01002C6D,,NAM1,0,,,Have you not heard? He has recovered the Mace! Even the Knights of old were not judged worthy to wield it!,들으셨습니까? 그가 철퇴를 되찾았습니다! 옛 기사들조차도 그 철퇴를 휘두를 자격이 없다고 판단되었습니다!,record,False,False,False,False,,
Knights.esp,INFO,01002C6E,,NAM1,0,,,Have you not heard? She has recovered the Mace! Even the Knights of old were not judged worthy to wield it!,들지 못했습니까? 그녀가 철퇴를 되찾았습니다! 옛 기사들조차도 그 철퇴를 휘두를 자격이 없다고 판단되었습니다!,record,False,False,False,False,,
Knights.esp,INFO,01002C6F,,NAM1,0,,,"The Shield, sir knight! The Commander braved the tests of Fort Bulwark and returned with the Shield of the Crusader!","방패입니다, 기사님! 사령관이 포트 벌워크의 시련을 이겨내고 성전사 방패를 되찾아 왔습니다!",record,False,False,False,False,,
Knights.esp,INFO,01002C70,,NAM1,0,,,"Good news! The Gauntlets are ours! Stendarr smiled upon our Commander, as he has not done to any knight for 300 years.",좋은 소식입니다! 손목받이를 되찾았습니다! 스텐다르가 300년 동안 어떤 기사에게도 하지 않았던 미소를 우리 사령관에게 보냈습니다.,record,False,False,False,False,,
Knights.esp,INFO,01002C71,,NAM1,0,,,"The squire who has been waiting for the Commander's return -- it seems he brought the Greaves, out of great peril. It is truly a miracle.",사령관의 귀환을 기다리던 시종이 위험한 상황에서 그리브를 가져왔습니다. 정말 기적입니다.,record,False,False,False,False,,
Knights.esp,INFO,01002C72,,NAM1,0,,,"Nothing new to report, I'm afraid. But don't worry, our Commander will not fail.","아쉽게도 새로운 소식은 없습니다. 하지만 걱정하지 마세요, 우리 사령관은 실패하지 않을 것입니다.",record,False,False,False,False,,
Knights.esp,INFO,01002C73,,NAM1,0,,,I know no more than you. The search for them continues. We must remain true to our purpose and trust the Commander to succeed.,나도 당신만큼 알고 있습니다. 그들을 찾는 수색은 계속되고 있습니다. 우리는 우리의 목적에 충실하고 사령관의 성공을 믿어야 합니다.,record,False,False,False,False,,
Knights.esp,INFO,01002C74,,NAM1,0,,,"I have no news, I'm afraid. But do not despair -- I know in my heart that our Commander will not fail.",아쉽게도 새로운 소식은 없습니다. 하지만 절망하지 마세요. 우리 사령관은 실패하지 않을 것이라고 저는 마음속으로 확신합니다.,record,False,False,False,False,,
Knights.esp,INFO,01002C76,,NAM1,0,,,What have you heard of the Commander's quest for the Relics?,사령관의 유물 탐색에 대해 들으셨습니까?,record,False,False,False,False,,
Knights.esp,INFO,01002C77,,NAM1,0,,,What news of the Relics? How goes the Commander's quest?,유물 소식은 어떻습니까? 사령관의 임무는 어떻게 진행되고 있습니까?,record,False,False,False,False,,
Knights.esp,DIAL,01002C78,NDSirBerichTopic,FULL,0,,,Sir Berich,베리치 경,record,False,False,True,False,TOPIC_CHECK,
Knights.esp,INFO,01002C79,,NAM1,0,,,"While you may have performed greater deeds, none have meant more to me than your redemption of my friend Berich.","당신은 더 위대한 업적을 달성했을지 모르지만, 제 친구 베리치를 구해준 것보다 더 중요한 일은 없습니다.",record,False,False,False,False,,
Knights.esp,INFO,01002C79,,NAM1,1,,,"Soon we will all finish our long-delayed journey to Aetherius, and Sir Berich will be among us, as of old. Thank you.","곧 우리 모두는 오랫동안 미루어 왔던 에테리우스로의 여행을 마칠 것이며, 베리치 경도 예전처럼 우리와 함께 할 것입니다. 감사합니다.",record,False,False,False,False,,
Knights.esp,INFO,01002C7A,,NAM1,0,,,It seems that he fell further into evil than even I had feared.,그는 제가 우려했던 것보다 더 악에 빠진 것 같습니다.,record,False,False,False,False,,
Knights.esp,INFO,01002C7A,,NAM1,1,,,I have no doubt that it all began on the day that he left the Order with the Sword and Greaves.,모든 것은 그가 검과 그리브를 가지고 교단을 떠난 날부터 시작되었다고 확신합니다.,record,False,False,False,False,,
Knights.esp,INFO,01002C7A,,NAM1,2,,,"Sir Caius tried to stop him. They fought, and Sir Berich slew Sir Caius with the holy Sword, on the Priory steps.","카이우스 경이 그를 막으려 했습니다. 그들은 싸웠고, 베리치 경이 성스러운 검으로 카이우스 경을 수도원 계단에서 죽였습니다.",record,False,False,False,False,,
Knights.esp,INFO,01002C7A,,NAM1,3,,,"That was the end of the old Order. Many of Sir Berich's friends left with him. I tried to hold the rest together, but it was no use.",그게 옛 교단의 종말이었어. 베리치 경의 친구들 대부분이 그와 함께 떠났어. 나머지 사람들을 붙잡아 보려고 했지만 소용이 없었어.,record,False,False,False,False,,
Knights.esp,INFO,01002C7A,,NAM1,4,,,"If you destroy the wraith that Sir Berich has become, you will be doing him a service. You must free him from the evil that has ensnared him.","베리치 경이 변한 망령을 파괴하면, 그에게 큰 도움을 주는 것이 됩니다. 그를 유혹한 악의 세력에서 그를 해방시켜야 합니다.",record,False,False,False,False,,
Knights.esp,INFO,01002C7B,,NAM1,0,,,One of the mightiest knights of my day. It was a great boost to the Order's prestige when he joined.,당대 가장 강력한 기사 중 한 명입니다. 그가 기사단에 합류한 것은 기사단의 명성에 큰 도움이 되었습니다.,record,False,False,False,False,,
Knights.esp,INFO,01002C7B,,NAM1,1,,,"Unfortunately, he and I did not see eye to eye on certain matters. He left the Order during the War of the Red Diamond, and never returned.","불행히도, 그와 저는 특정 사안에 대해 의견이 맞지 않았습니다. 그는 붉은 다이아몬드 전쟁 중에 교단을 떠났고, 다시는 돌아오지 않았습니다.",record,False,False,False,False,,
Knights.esp,INFO,01002C7C,,NAM1,0,,,"You put right the evil that I began through my own weakness. Sir Berich is once again part of our fellowship, and shall be forevermore.","당신은 제 약함으로 인해 시작된 악을 바로잡아 주셨습니다. 베리치 경은 다시 한 번 우리 동료의 일원이 되었고, 영원히 그럴 것입니다.",record,False,False,False,False,,
Knights.esp,INFO,01002C7D,,NAM1,0,,,Alas that the evil begun on the day of my death should have struck so deep!,"아아, 나의 죽음의 날에 시작된 악이 이렇게 깊게 뿌리내린 것이 유감스럽습니다!",record,False,False,False,False,,
Knights.esp,INFO,01002C7D,,NAM1,1,,,"When Sir Berich said he would take his Relics with him to war, and would not listen to Sir Amiel's pleas, I allowed my anger to get the best of me.","베리치 경에게 먼저 무기를 든 사람은 바로 나입니다. 그는 단지 자신을 방어한 것뿐이며, 더 뛰어난 검술사임을 증명한 것뿐입니다.",record,False,False,False,False,,
Knights.esp,INFO,01002C7D,,NAM1,2,,,"Know that I was the one who drew weapon first against Sir Berich. He merely defended himself, and proved the better swordsman.","베리치 경이 유물을 전쟁에 가져가겠다고 말하고 아미엘 경의 간청을 듣지 않자, 저는 분노에 사로잡혔습니다.",record,False,False,False,False,,
Knights.esp,INFO,01002C7D,,NAM1,3,,,"And now, because of me... evil has claimed his very soul.","그리고 이제, 저 때문에... 악이 그의 영혼을 빼앗아갔습니다.",record,False,False,False,False,,
Knights.esp,INFO,01002C7E,,NAM1,0,,,Alas that my old comrade is not among us here. We do not know why his spirit did not join us here to guard our last Relic.,"아아, 나의 옛 전우가 우리와 함께 있지 않다는 것이 유감스럽습니다. 그의 영혼이 우리의 마지막 유물을 지키기 위해 우리와 함께하지 않은 이유가 무엇인지 우리는 알지 못합니다.",record,False,False,False,False,,
Knights.esp,INFO,01002C7E,,NAM1,1,,,"We were estranged in life, but I had hoped that in death we could be reconciled.","우리는 생전에 소원했지만, 죽은 후에는 화해할 수 있을 것이라고 희망했습니다.",record,False,False,False,False,,
Knights.esp,INFO,01002C7E,,NAM1,2,,,"For my part, I now know that I am largely to blame for the ruin of the old Order. Sir Amiel takes too much upon himself. I will say no more.","제 경우, 이제 옛 교단의 몰락에 대한 책임의 대부분이 제게 있다는 것을 알고 있습니다. 아미엘 경은 너무 많은 책임을 지고 있습니다. 더 이상은 말하지 않겠습니다.",record,False,False,False,False,,
Knights.esp,DIAL,01002C7F,NDProphetStartA1,FULL,0,,,Umaril? Who's that?,우마릴? 그게 누구지?,record,False,False,True,False,TOPIC_CHECK,
Knights.esp,INFO,01002C80,,NAM1,0,,,"Umaril the Unfeathered, the sorceror-king of the Ayleids who ruled over this land for long ages before the rise of Men.","우마릴 더 언페더드, 인류가 등장하기 전 오랫동안 이 땅을 지배한 에일리드의 마법사 왕입니다.",record,False,False,False,False,,
Knights.esp,INFO,01002C80,,NAM1,1,,,"He was cast down by Pelinal Whitestrake. But Umaril's spirit survived, and now he has returned to seek vengeance upon the gods. ","그는 펠리날 화이트스트레이크에 의해 쓰러졌습니다. 하지만 우마릴의 영혼은 살아남았고, 이제 신들에게 복수를 하기 위해 돌아왔습니다.",record,False,False,False,False,,
Knights.esp,DIAL,01002C81,NDProphetStartA2,FULL,0,,,Who is Pelinal Whitestrake?,펠리날 화이트스트레이크는 누구인가?,record,False,False,True,False,TOPIC_CHECK,
Knights.esp,INFO,01002C82,,NAM1,0,,,Does no one remember the old tales?,오래된 이야기를 기억하는 사람이 아무도 없습니까?,record,False,False,False,False,,
Knights.esp,INFO,01002C82,,NAM1,1,,,"Saint Pelinal, the Divine Crusader of legend -- Alessia's companion when she overthrew the rule of the Ayleids 3,000 years ago.","전설의 신성한 성전사, 성 펠리날... 3,000년 전 알레시아가 에일리드의 통치를 전복할 때의 동료입니다.",record,False,False,False,False,,
Knights.esp,INFO,01002C82,,NAM1,2,,,"Pelinal, with the aid of the gods, fought the Ayleid sorceror-king Umaril and slew him. But Umaril's spirit survived, and he has now returned!",펠리날은 신들의 도움을 받아 에일리드의 마법사 왕 우마릴과 싸워 그를 죽였습니다. 하지만 우마릴의 영혼은 살아남아 이제 다시 돌아왔습니다!,record,False,False,False,False,,
Knights.esp,DIAL,01002C83,NDProphetStartA3,FULL,0,,,Just tell me who attacked the Chapel.,그냥 예배당을 공격한 사람이 누구인지 알려주세요.,record,False,False,True,False,TOPIC_CHECK,
Knights.esp,INFO,01002C84,,NAM1,0,,,"Do you understand nothing? The blood speaks! I can read the ancient runes, if you cannot.","아무것도 이해하지 못하십니까? 피가 말하고 있습니다! 당신이 읽지 못한다면, 내가 고대 문자를 읽을 수 있습니다.",record,False,False,False,False,,
Knights.esp,INFO,01002C84,,NAM1,1,,,"""As oiobala Umarile, Ehlnada racuvar"", in the Ayleid tongue. ""By the eternal power of Umaril, the mortal gods shall be cast down.""","""애스 오이오발라 우마릴, 엘나다 라쿠바르""는 에일리드 언어로 ""우마릴의 영원한 힘으로, 필멸의 신들은 몰락할 것이다""라는 의미입니다.",record,False,False,False,False,,
Knights.esp,INFO,01002C84,,NAM1,2,,,A curse upon Umaril's ancient foes -- and a threat.,우마릴의 옛 적들에게 저주를 내리고 위협을 가했습니다.,record,False,False,False,False,,
Knights.esp,DIAL,01002C85,NDProphetStartB1,FULL,0,,,So how do we stop Umaril?,그럼 우마릴을 어떻게 막을까요?,record,False,False,True,False,TOPIC_CHECK,
Knights.esp,INFO,01002C86,,NAM1,0,,,Alas. Umaril cannot be stopped. Not without the aid of the gods. Not without the Crusader's Relics.,아아. 우마릴은 막을 수 없습니다. 신들의 도움이 없이는 불가능합니다. 성전사의 유물이 없이는 불가능합니다.,record,False,False,False,False,,
Knights.esp,INFO,01002C86,,NAM1,1,,,"Without a champion, the gods are powerless to act. But who among us is worthy to wield the Divine Crusader's weaponry?",챔피언이 없으면 신들은 아무것도 할 수 없습니다. 하지만 우리 중 누가 신의 성전사의 무기를 들 자격이 있을까요?,record,False,False,False,False,,
Knights.esp,DIAL,01002C87,NDProphetStartC1,FULL,0,,,I will quest for the Relics.,유물을 찾으러 갈 것입니다.,record,False,False,True,False,TOPIC_CHECK,
Knights.esp,INFO,01002C88,,NAM1,0,,,You would quest for the holy panoply of Pelinal Whitestrake? The legendary Relics that have been sought by mighty warriors throughout the ages?,펠리날 화이트스트레이크의 신성한 갑옷을 찾으러 가겠습니까? 오랜 세월 동안 강력한 전사들이 찾던 전설의 유물?,record,False,False,False,False,,
Knights.esp,INFO,01002C88,,NAM1,1,,,Are you a worthy knight?,당신은 훌륭한 기사입니까?,record,False,False,False,False,,
Knights.esp,DIAL,01002C89,NDProphetStartC2,FULL,0,,,I don't know who will stop Umaril.,누가 우마릴을 막을지 모르겠어요.,record,False,False,True,False,TOPIC_CHECK,
Knights.esp,INFO,01002C8A,,NAM1,0,,,"Nor do I. Oh my people, who will save you from destruction? Is there none now worthy to be your crusader?","저도 마찬가지입니다. 오, 백성들아, 누가 너희를 멸망에서 구할 것인가? 이제 너희의 성전사으로 합당한 사람이 아무도 없는 것인가?",record,False,False,False,False,,
Knights.esp,DIAL,01002C8B,NDEightAndOneTopic,FULL,0,,,Eight and One,여덟 분과 한 분,record,False,False,True,False,TOPIC_CHECK,
Knights.esp,INFO,01002C8C,,NAM1,0,,,"Just as the Eight aided Pelinal of old, now the ascended One, Talos who was Tiber Septim, provides his Blessing to you, the new Crusader.","옛날 여덟 신이 펠리널을 도왔듯, 이제 승천한 하나의 신, 타이버 셉팀이었던 탈로스가 새로운 성전사인 당신에게 축복을 내립니다.",record,False,False,False,False,,
Knights.esp,INFO,01002C8D,,NAM1,0,,,Once there were Eight Divines. Then Tiber Septim became Talos and the Eight became Nine.,한때 신은 여덟이었습니다. 이후 타이버 셉팀이 탈로스가 되어 여덟은 아홉이 되었습니다.,record,False,False,False,False,,
Knights.esp,INFO,01002C8D,,NAM1,1,,,"I follow the old way, of honoring the Eight while also giving due to Talos, the One who ascended.",한때는 여덟 명의 디바인이 있었습니다. 그러다가 타이버 셉팀께서 탈로스가 되시어 에잇 디바인이 나인 디바인이 되었습니다.,record,False,False,False,False,,
Knights.esp,DIAL,01002C8E,ND05NotNow,FULL,0,,,Not now.,지금은 안 돼.,record,False,False,True,False,TOPIC_CHECK,
Knights.esp,INFO,01002C8F,,NAM1,0,,,As you wish.,원하시는 대로 하겠습니다.,record,False,False,False,False,,
Knights.esp,DIAL,01002C90,ND05WhatDoYouMean,FULL,0,,,What do you mean?,무슨 말이야?,record,False,False,True,False,TOPIC_CHECK,
Knights.esp,INFO,01002C91,,NAM1,0,,,"When the Order crumbled, I set out on my own. After years of searching, I found the Shield and brought it to Fort Bulwark for safe keeping.","교단이 무너졌을 때, 나는 혼자서 길을 떠났습니다. 수년간의 수색 끝에, 나는 방패를 발견하고 그것을 안전하게 보관하기 위해 포트 벌워크로 가져갔습니다.",record,False,False,False,False,,
Knights.esp,INFO,01002C91,,NAM1,1,,,"With the help of a few trusted friends, I began work to keep the Shield safe for all eternity. I never saw my work finished.","몇몇 믿을 수 있는 친구들의 도움을 받아, 나는 방패를 영원히 안전하게 지키기 위한 일을 시작했습니다. 하지만 그 일이 끝나는 것을 보지 못했습니다.",record,False,False,False,False,,
Knights.esp,INFO,01002C91,,NAM1,2,,,I died defending the fort from those who would take and misuse the Shield.,방패를 빼앗아 오용할 자들로부터 요새를 지키다 죽었습니다.,record,False,False,False,False,,
Knights.esp,INFO,01002C91,,NAM1,3,,,I never saw our work finished;  I trust that the others carried on without me.,우리의 일이 끝난 것을 보지 못했습니다. 다른 사람들이 저 없이 일을 계속 진행했을 것이라고 믿습니다.,record,False,False,False,False,,
Knights.esp,DIAL,01002C92,ND03NotNow,FULL,0,,,Not now.,지금은 안 돼.,record,False,False,True,False,TOPIC_CHECK,
Knights.esp,INFO,01002C93,,NAM1,0,,,Then I shall await your return.,그럼 당신의 귀환을 기다리겠습니다.,record,False,False,False,False,,
Knights.esp,DIAL,01002C94,ND03TellMeMore,FULL,0,,,Tell me more.,더 알려주세요.,record,False,False,True,False,TOPIC_CHECK,
Knights.esp,INFO,01002C95,,NAM1,0,,,"I cannot tell you exactly how to find the Boots, for that will be up to Kynareth. I can tell you to seek out her Priests, though.",장화를 찾는 방법을 정확히 알려드릴 수는 없습니다. 그건 키나레스의 뜻에 달려 있기 때문입니다. 하지만 그녀의 사제들을 찾으라고 말씀드릴 수는 있습니다.,record,False,False,False,False,,
Knights.esp,INFO,01002C95,,NAM1,1,,,"West of the Imperial City, on the edge of the Great Forest, is a shrine. You will find them there, and they will tell you what you need to know.","임페리얼 시티의 서쪽, 대삼림의 가장자리에 성소가 있습니다. 그곳에서 그들을 찾을 수 있을 것입니다. 그들이 여러분이 알아야 할 것을 알려줄 것입니다.",record,False,False,False,False,,
Knights.esp,DIAL,01002C96,ND10SirThedretSpeech01,FULL,0,,,ND10SirThedretSpeech01,ND10 테드렛 경의 연설 01,record,False,True,True,False,TOPIC_CHECK,ND
Knights.esp,INFO,01002C97,,NAM1,0,,,"Knights of the Nine, hear me! Today we have witnessed undeniable proof of the strength and the might of the gods we serve!","나인 디바인 기사단, 내 말을 들으라! 오늘 우리는 우리가 섬기는 신들의 힘과 위력을 부인할 수 없는 증거를 목격했습니다!",record,False,False,False,False,,
Knights.esp,DIAL,01002C98,ND10FinThedretGreeting02,FULL,0,,,I have severed his very soul.,그의 영혼을 잘라냈습니다.,record,False,False,True,False,TOPIC_CHECK,
Knights.esp,INFO,01002C99,,NAM1,0,,,Then he is destroyed! We've won -- and you're alive! I have to tell the others!,"그러면 그는 파괴된 것입니다! 우리가 이겼습니다, 그리고 당신은 살아 있습니다! 다른 사람들에게 알려야 합니다!",record,False,False,False,False,,
Knights.esp,DIAL,01002C9A,ND09ProphetQuestions04,FULL,0,,,What kind of a foe is Umaril?,우마릴은 어떤 적일까요?,record,False,False,True,False,TOPIC_CHECK,
Knights.esp,INFO,01002C9B,,NAM1,0,,,Umaril cannot be bested in his physical form by any normal means. His blows can strike down the mightiest of warriors in a single stroke.,우마릴은 일반적인 방법으로는 물리적 형태로 이길 수 없다. 그의 일격은 가장 강력한 전사도 한 번에 쓰러뜨릴 수 있다.,record,False,False,False,False,,
Knights.esp,INFO,01002C9B,,NAM1,1,,,The Eight created the Relics to withstand Umaril's fell power. Do not attempt to face him without this divine protection.,에잇 디바인은 우마릴의 사악한 힘에 대항하기 위해 유물을 만들었습니다. 이 신성한 보호 없이는 그와 맞서지 마십시오.,record,False,False,False,False,,
Knights.esp,DIAL,01002C9C,ND10FinThedretGreeting01,FULL,0,,,The wonders of the Nine are many.,나인 디바인의 경이는 무궁무진합니다.,record,False,False,True,False,TOPIC_CHECK,
Knights.esp,INFO,01002C9D,,NAM1,0,,,Indeed they are...,정말 그렇습니다...,record,False,False,False,False,,
Knights.esp,INFO,01002C9D,,NAM1,1,,,"We knew you had succeeded in destroying Umaril's physical form, but it seemed that you had met the same fate as Pelinal Whitestrake.  ","우리는 당신이 우마릴의 육체를 파괴하는 데 성공한 것을 알고 있었지만, 당신이 펠리날 화이트스트레이크와 같은 운명을 맞은 것 같았습니다.",record,False,False,False,False,,
Knights.esp,INFO,01002C9D,,NAM1,2,,,Tell me... was Umaril destroyed? ,말해 주세요... 우마릴은 파괴되었습니까?,record,False,False,False,False,,
Knights.esp,INFO,01002C9F,,NAM1,0,,,Crusader... arise... stand and face the light. Breathe again and receive your reward.,성전사... 일어나... 일어서서 빛을 마주하세요. 다시 숨을 쉬고 보상을 받으세요.,record,False,False,False,False,,
Knights.esp,DIAL,01002CA0,ND04SirRalvasGreetingEnd,FULL,0,,,I don't have time for this now.,지금은 그럴 시간이 없어요.,record,False,False,True,False,TOPIC_CHECK,
Knights.esp,INFO,01002CA1,,NAM1,0,,,"Very well. Return when you are ready, and I will tell you of the Mace of Zenithar.",좋습니다. 준비가 되면 돌아오세요. 제니타르의 철퇴에 대해 알려드리겠습니다.,record,False,False,False,False,,
Knights.esp,DIAL,01002CA2,ND10FinThedretGreeting02a,FULL,0,,,Of course. I destroyed him utterly.,물론이죠. 그를 완전히 파괴했습니다.,record,False,False,True,False,TOPIC_CHECK,
Knights.esp,INFO,01002CA3,,NAM1,0,,,"I never doubted you, Crusader. But I must tell the others that you're alive!","나는 당신을 의심한 적이 없습니다, 성전사. 하지만 다른 사람들에게 당신이 살아있다고 알려야 합니다!",record,False,False,False,False,,
Knights.esp,DIAL,01002CA4,ND10FinThedretGreeting01a,FULL,0,,,Even death cannot stop the Crusader.,죽음조차도 성전사를 막을 수는 없다.,record,False,False,True,False,TOPIC_CHECK,
Knights.esp,INFO,01002CA5,,NAM1,0,,,I can see that! I... you'll have to excuse me... I need a moment to collect my thoughts...,그건 알겠어요! 저... 실례할게요... 생각을 정리할 시간이 좀 필요합니다...,record,False,False,False,False,,
Knights.esp,INFO,01002CA5,,NAM1,1,,,"We found Umaril's body next to yours, but it seemed that you had met the same fate as Pelinal Whitestrake. We didn't know...","우마릴의 시신이 당신의 시신 옆에서 발견되었지만, 당신은 펠리날 화이트스트레이크와 같은 운명을 맞은 듯 보였습니다. 우리는 몰랐습니다...",record,False,False,False,False,,
Knights.esp,INFO,01002CA5,,NAM1,2,,,"Tell me... Umaril... what happened? Did you succeed in pursuing him into the spirit realm, as the Prophet said?",말해 주세요... 우마릴... 무슨 일이 있었습니까? 예언자가 말한 대로 그를 영의 세계로 쫓아간 것이 성공했습니까?,record,False,False,False,False,,
Knights.esp,INFO,01002CA7,,NAM1,0,,,Hail! Hail the Lord Crusader! ,만세! 성전사 영주 만세!,record,False,False,False,False,,
Knights.esp,INFO,01002CA8,,NAM1,0,,,Hail the glory of the Nine!,나인 디바인의 영광을 찬양하라!,record,False,False,False,False,,
Knights.esp,INFO,01002CA9,,NAM1,0,,,Hail! Hail! Hail!,만세! 만세! 만세!,record,False,False,False,False,,
Knights.esp,INFO,01002CAA,,NAM1,0,,,Behold the power of the Nine!,나인 디바인의 힘을 보라!,record,False,False,False,False,,
Knights.esp,INFO,01002CAB,,NAM1,0,,,"Through Arkay, the Crusader lives!",아케이 덕분에 성전사가 살아남았습니다!,record,False,False,False,False,,
Knights.esp,INFO,01002CAC,,NAM1,0,,,"By the might of Talos, the Crusader is arisen!","탈로스의 힘으로, 성전사가 부활했습니다!",record,False,False,False,False,,
Knights.esp,INFO,01002CAD,,NAM1,0,,,By the power of Akatosh!,아카토쉬의 힘으로!,record,False,False,False,False,,
Knights.esp,INFO,01002CAF,,NAM1,0,,,Hail the Lord Crusader! ,"성전사 영주님, 만세!",record,False,False,False,False,,
Knights.esp,DIAL,01002CB0,ND10SirThedretSpeech04,FULL,0,,,ND10SirThedretSpeech04,ND10 테드렛 경의 연설 04,record,False,True,True,False,TOPIC_CHECK,ND
Knights.esp,INFO,01002CB1,,NAM1,0,,,Umaril has been slain by the Crusader! His very spirit cast into the void and destroyed for all eternity -- he will never rise again.,우마릴이 성전사에 의해 죽임을 당했습니다! 그의 영혼이 공허로 던져져 영원히 파괴되었습니다. 그는 다시는 부활하지 못할 것입니다.,record,False,False,False,False,,
Knights.esp,INFO,01002CB3,,NAM1,0,,,"Let us give thanks to the Nine! By their power, the Crusader has rid the world of Umaril forever!",나인 디바인에게 감사를 드립시다! 그들의 힘으로 성전사가 우마릴을 영원히 세상에서 몰아냈습니다!,record,False,False,False,False,,
Knights.esp,DIAL,01002CB4,ND10SirThedretSpeech03,FULL,0,,,ND10SirThedretSpeech03,ND10 테드렛 경의 연설 03,record,False,True,True,False,TOPIC_CHECK,ND
Knights.esp,INFO,01002CB5,,NAM1,0,,,"How can this be, you ask? What of our foe? What has become of Umaril The Unfeathered?",어떻게 이런 일이 있을 수 있죠? 우리의 적은 어떻게 됐나요? 깃털 없는 우마릴은 어떻게 됐나요?,record,False,False,False,False,,
Knights.esp,DIAL,01002CB6,ND10SirThedretSpeech02,FULL,0,,,ND10SirThedretSpeech02,ND10 테드렛 경의 연설 02,record,False,True,True,False,TOPIC_CHECK,ND
Knights.esp,INFO,01002CB7,,NAM1,0,,,"Slain in battle with the dread Umaril, by the grace and mercy of the Nine, the Crusader lives again! ","무서운 우마릴과의 전투에서 죽은 성전사 기사가, 나인 디바인의 은총과 자비로 다시 살아났습니다!",record,False,False,False,False,,
Knights.esp,INFO,01002CB9,,NAM1,0,,,"... and so, nine knights, as the embodiment of the might of the Nine Divines, shall go forth together to face The Unfeathered.","그리고, 나인 디바인의 힘을 구현한 아홉 명의 기사가 함께 날개 없는 자와 맞서기 위해 출발합니다.",record,False,False,False,False,,
Knights.esp,DIAL,01002CBA,ND10SirAmielSpeech07,FULL,0,,,ND10SirAmielSpeech07,ND10 아미엘 경의 연설 07,record,False,True,True,False,TOPIC_CHECK,ND
Knights.esp,INFO,01002CBB,,NAM1,0,,,"May your sword serve the Nine all the days of your life, Crusader. Farewell.","당신의 검이 평생 나인 디바인을 섬기기를 바랍니다, 성전사. 잘 가세요.",record,False,False,False,False,,
Knights.esp,DIAL,01002CBC,ND10SirAmielSpeech06,FULL,0,,,ND10SirAmielSpeech06,ND10 아미엘 경의 연설 06,record,False,True,True,False,TOPIC_CHECK,ND
Knights.esp,INFO,01002CBD,,NAM1,0,,,"You may call upon our spirits when you need us. Simply pray at our tombs, and each of us will grant you a blessing from the Nine.","우리에게 도움이 필요할 때 우리의 영혼을 불러내세요. 우리의 무덤에서 기도하기만 하면, 우리 모두가 나인 디바인의 축복을 내려줄 것입니다.",record,False,False,False,False,,
Knights.esp,DIAL,01002CBE,WeoweyouadebtofthanksYouhavesucceededwherewecouldn,FULL,0,,,We owe you a debt of thanks. You have succeeded where we could n,당신에게 큰 빚을 졌어요. 우리가 할 수 없었던 일을 해내셨어요.,record,False,False,True,False,TOPIC_CHECK,
Knights.esp,DIAL,01002CBF,ND10SirAmielSpeech05,FULL,0,,,ND10SirAmielSpeech05,ND10 아미엘 경의 연설 05,record,False,True,True,False,TOPIC_CHECK,ND
Knights.esp,INFO,01002CC0,,NAM1,0,,,"At long last, our purgatory is at an end. We go to the glory of the Nine, to serve in their host in the life beyond this one.","드디어 우리의 연옥이 끝났습니다. 우리는 나인 디바인의 영광으로, 이 생을 넘어 그들 편에서 봉사하기 위해 떠납니다.",record,False,False,False,False,,
Knights.esp,DIAL,01002CC1,ND10SirAmielSpeech04,FULL,0,,,ND10SirAmielSpeech04,ND10 아미엘 경의 연설 04,record,False,True,True,False,TOPIC_CHECK,ND
Knights.esp,INFO,01002CC2,,NAM1,0,,,We owe you a debt of thanks. You have succeeded where we could not. You and your knights have held true to your purpose.,우리는 당신에게 큰 빚을 졌습니다. 우리가 할 수 없었던 일을 해내셨습니다. 당신과 당신의 기사들은 목적을 달성했습니다.,record,False,False,False,False,,
Knights.esp,INFO,01002CC4,,NAM1,0,,,The Order shall serve as the sword and the shield of the Nine in the dark times to come.,교단은 앞으로의 어두운 시대에 나인 디바인의 검과 방패의 역할을 할 것입니다.,record,False,False,False,False,,
Knights.esp,INFO,01002CC6,,NAM1,0,,,You have completed your divine task. You have restored the Order. You have defeated the enemy of the Nine.,당신은 신의 임무를 완수했습니다. 교단을 되찾았습니다. 나인 디바인의 적을 물리쳤습니다.,record,False,False,False,False,,
Knights.esp,INFO,01002CC8,,NAM1,0,,,Asma bala ni hilyat sino?,아스마 발라 니 힐야트 시노?,record,False,False,False,False,,
Knights.esp,INFO,01002CC9,,NAM1,0,,,Heca!,헤카!,record,False,False,False,False,,
Knights.esp,INFO,01002CCA,,NAM1,0,,,Rahtan Pelinale na anda!,라탄 펠리날레 나 안다!,record,False,False,False,False,,
Knights.esp,INFO,01002CCB,,NAM1,0,,,"As balangua, Ehlnada racuvar!","발랑구아, 엘나다 라쿠바르!",record,False,False,False,False,,
Knights.esp,INFO,01002CCC,,NAM1,0,,,Abagaianye Ehlnadaya!,아바가이안예 엘나다야!,record,False,False,False,False,,
Knights.esp,INFO,01002CCF,,NAM1,0,,,"Go now, knights. Face the beast. Fear not death, for the Nine shall be your shield, and they shall bring you to rest should you fall.","이제 가세요, 기사들. 야수와 맞서세요. 죽음을 두려워하지 마세요, 나인 디바인이 당신의 방패가 되어, 당신이 쓰러지면 당신을 안식처로 데려다 줄 것입니다.",record,False,False,False,False,,
Knights.esp,INFO,01002CD1,,NAM1,0,,,"And he shall be cast down from on high, his wickedness scattered to the wind. He shall end his days as dust in the void.","그는 높은 곳에서 몰락하고, 그의 악행은 바람에 흩어질 것입니다. 그는 공허한 먼지로 생을 마감할 것입니다.",record,False,False,False,False,,
Knights.esp,DIAL,01002CD2,ND09ProphetGreeting02C,FULL,0,,,"How do I destroy Umaril, then?",그럼 우마릴은 어떻게 파괴해야 하나요?,record,False,False,True,False,TOPIC_CHECK,
Knights.esp,INFO,01002CD3,,NAM1,0,,,"As a proven guardian of this realm and a warrior the likes of which have not been seen in millenia, Talos grants you his sacred Blessing. ",이 세계의 수호자임을 증명했고 수천 년 동안 볼 수 없었던 위대한 전사인 당신에게 탈로스께서 성스러운 축복을 내립니다. ,record,False,False,False,False,,
Knights.esp,INFO,01002CD3,,NAM1,1,,,"With the ancient gifts of the Eight, and the new gift of the One, you are ready to face Umaril.","여덟 신의 오래된 선물과 하나의 신의 새로운 선물을 지닌 이제, 우마릴과 맞설 준비가 되었습니다.",record,False,False,False,False,,
Knights.esp,DIAL,01002CD4,ND09ProphetGreeting02b,FULL,0,,,I don't know much about the gods...,신에 대해 잘 모르지만...,record,False,False,True,False,TOPIC_CHECK,
Knights.esp,INFO,01002CD5,,NAM1,0,,,"Then it is past time that you learned. If you would serve the Nine, you should know of them.",그럼 이제 그 사실을 알 때가 된 것 같습니다. 나인 디바인을 섬기려면 그들에 대해 알아야 합니다.,record,False,False,False,False,,
Knights.esp,INFO,01002CD5,,NAM1,1,,,You have heard of the god Talos? One of the Nine? And surely the name of Tiber Septim has not escaped you?,탈로스 신에 대해 들어본 적이 있습니까? 나인 디바인 중 한 명입니다. 타이버 셉팀의 이름도 들어본 적이 있겠지요?,record,False,False,False,False,,
Knights.esp,INFO,01002CD5,,NAM1,2,,,"Talos and Tiber Septim are one and the same. Rather, Tiber Septim ascended to godhood upon his death, and became Talos.",탈로스와 타이버 셉팀은 같은 존재입니다. 오히려 타이버 셉팀은 죽은 후 신의 지위에 올라 탈로스가 되었습니다.,record,False,False,False,False,,
Knights.esp,INFO,01002CD5,,NAM1,3,,,"So, although you wear the armor of the gods, it is incomplete -- a relic of the old ways and the old gods.","당신은 신의 갑옷을 입고 있지만, 그 갑옷은 불완전합니다. 옛날의 방식과 옛 신들의 유물입니다.",record,False,False,False,False,,
Knights.esp,INFO,01002CD7,,NAM1,0,,,"Yes, of course. I'll think on what you said. It eases my heart. Well, I suppose we've talked long enough.","네, 물론입니다. 말씀하신 것을 생각해보겠습니다. 마음이 편안해졌습니다. 그럼, 이제 대화가 충분한 것 같습니다.",record,False,False,False,False,,
Knights.esp,INFO,01002CD8,,NAM1,0,,,"Thank you for taking the time to speak to me. Now, we must not spend our time in regrets. We are Knights of the Nine, with duties to attend to!","시간 내어 말씀해 주셔서 감사합니다. 이제 후회하며 시간을 낭비해서는 안 됩니다. 우리는 나인 디바인 기사단원입니다, 해야 할 임무가 있습니다!",record,False,False,False,False,,
Knights.esp,INFO,01002CD9,,NAM1,0,,,You're right. You're right. Thank you. Perhaps we can reminisce more later.,당신의 말이 맞습니다. 감사합니다. 나중에 더 추억을 떠올릴 수 있을지도 모르겠네요.,record,False,False,False,False,,
Knights.esp,INFO,01002CDA,,NAM1,0,,,Your kind words comfort me. I'll try to follow your example. Thank you for lending me your ear.,당신의 친절한 말이 위안이 됩니다. 당신의 모범을 따르겠습니다. 귀를 기울여 주셔서 감사합니다.,record,False,False,False,False,,
Knights.esp,INFO,01002CDB,,NAM1,0,,,"I should have known I was not alone. I should return to my duties now, but I'll think on what you said. Thank you.","혼자가 아니라는 것을 알았어야 했어요. 이제 제 의무로 돌아가야 하지만, 당신의 말을 생각해보겠습니다. 감사합니다.",record,False,False,False,False,,
Knights.esp,INFO,01002CDD,,NAM1,0,,,"Don't worry, we all miss her. She was a fine knight, and died in service to Kynareth and the Nine. Try to let that be a comfort to you.","걱정 마세요, 우리 모두 그녀가 그리워요. 그녀는 훌륭한 기사였고, 키나레스와 나인 디바인들을 위해 목숨을 바쳤어요. 그게 당신에게 위안이 되길 바래요.",record,False,False,False,False,,
Knights.esp,INFO,01002CDE,,NAM1,0,,,"Truth be told, I was just thinking of her, too. Let's remember her as she was in life, and serve the Nine in her memory.","솔직히 말해서, 나도 그녀가 생각나서요. 그녀가 살아있던 모습을 기억하고, 그녀의 기억을 기리며 나인 디바인을 섬기세요.",record,False,False,False,False,,
Knights.esp,INFO,01002CDF,,NAM1,0,,,Indeed. You only speak aloud what we're all feeling. I try to take comfort that she died as a Knight of the Nine. It's all we can do.,물론입니다. 우리 모두가 느끼는 것을 말한 것뿐입니다. 그녀가 나인 디바인의 기사로서 죽었다는 사실로 위안을 삼고 있습니다. 그게 우리가 할 수 있는 전부입니다.,record,False,False,False,False,,
Knights.esp,INFO,01002CE1,,NAM1,0,,,"Aye. He died too young. We all miss him. But remember, he died in the Nine's service. None of us can ask any more than that.",네. 그는 너무 일찍 죽었습니다. 우리 모두 그를 그리워합니다. 하지만 그는 나인 디바인을 위해 목숨을 바쳤다는 것을 잊지 마세요. 그 이상으로 바랄 수 있는 것은 없습니다.,record,False,False,False,False,,
Knights.esp,INFO,01002CE2,,NAM1,0,,,"Don't worry, you're not alone. His death saddens me, too, at times. At least he died a Knight of the Nine, eh? I hope to die so well.","걱정 마세요, 당신은 혼자가 아니에요. 그의 죽음도 저를 슬프게 해요. 적어도 그는 나인 디바인의 기사로 죽었잖아요, 그렇죠? 저도 그렇게 잘 죽을 수 있기를 바래요.",record,False,False,False,False,,
Knights.esp,INFO,01002CE3,,NAM1,0,,,It's nothing to be ashamed of. We all have our own way of grieving for those who are gone.,부끄러워할 일은 아닙니다. 우리 모두는 죽은 사람들을 애도하는 각자의 방법이 있습니다.,record,False,False,False,False,,
Knights.esp,INFO,01002CE5,,NAM1,0,,,"No, it's nothing. I appreciate your concern, but it isn't anything I am ready to talk about right now. Perhaps later.","아뇨, 아무것도 아닙니다. 걱정해 주셔서 감사하지만, 지금 당장은 말할 수 없는 일입니다. 나중에 말씀드리겠습니다.",record,False,False,False,False,,
Knights.esp,INFO,01002CE7,,NAM1,0,,,"What's on your mind? Excuse the presumption, but you seem troubled about something.","무슨 생각하세요? 무례하게 묻는 건데, 뭔가 고민이 있는 것 같아서요.",record,False,False,False,False,,
Knights.esp,INFO,01002CE8,,NAM1,0,,,"Is something troubling you? You don't look yourself, if you don't mind me saying so.","무슨 고민이 있으신가요? 말해도 괜찮다면, 평소와 다르신 것 같습니다.",record,False,False,False,False,,
Knights.esp,INFO,01002CE9,,NAM1,0,,,"Hail, sir knight. You seem more serious than usual. Is there something the matter?","안녕하십니까, 기사님. 평소보다 진지해 보이시네요. 무슨 일이 있으신가요?",record,False,False,False,False,,
Knights.esp,INFO,01002CEA,,NAM1,0,,,"Yes, brother knight. What's on your mind?","네, 기사 형제. 무슨 일이세요?",record,False,False,False,False,,
Knights.esp,INFO,01002CEC,,NAM1,0,,,"It's Sir Geimund, that's all. Sometimes I still can't believe he's gone. I don't understand how he, of all of us, should have been the one to fall...",게이문드 경입니다. 그게 다입니다. 가끔은 그가 죽었다는 것이 아직도 믿기지 않습니다. 우리 중 왜 하필 그가 죽어야만 했는지 이해할 수 없습니다...,record,False,False,False,False,,
Knights.esp,INFO,01002CED,,NAM1,0,,,"I'm sorry. I know I shouldn't brood about it, but... Sir Geimund... I still can't believe he's gone.",죄송합니다. 계속 생각하면 안 되는 건 알지만... 게이문드 경... 그가 죽었다는 것이 아직 믿기지 않습니다.,record,False,False,False,False,,
Knights.esp,INFO,01002CEE,,NAM1,0,,,"Oh, you know. My brother... Sir Geimund. I miss him, that's all. We've always done everything together. It's hard to get used the fact that he's dead","아, 그건 제 오빠... 게이문드 경이요. 그 사람이 너무 그리워서요. 우리는 항상 모든 것을 함께 했어요. 그가 죽었다는 사실을 받아들이기 어려워요.",record,False,False,False,False,,
Knights.esp,INFO,01002CF0,,NAM1,0,,,"Well... I was just thinking about poor Sir Gukimir. He should still be here, with us, planning his next quest.",글쎄요... 불쌍한 구키미르 경이 생각나서요. 그는 지금도 우리와 함께 다음 모험을 계획하고 있어야 할 텐데.,record,False,False,False,False,,
Knights.esp,INFO,01002CF1,,NAM1,0,,,"You know me too well. Something someone said today reminded me of Sir Gukimir. He was a fine knight, wasn't he?",나를 너무 잘 아시네요. 오늘 누군가가 한 말이 구키미르 경을 떠올리게 했어요. 그는 훌륭한 기사였죠?,record,False,False,False,False,,
Knights.esp,INFO,01002CF2,,NAM1,0,,,"I was just thinking about my brother...Gukimir...  sometimes I still can't believe he's dead. I miss him. He was my brother, and my best friend.","제 형제 구키미르가 생각났습니다... 가끔은 그가 죽은 것이 아직도 믿기지 않습니다. 그가 그립습니다. 그는 제 형제였고, 제 가장 친한 친구였습니다.",record,False,False,False,False,,
Knights.esp,INFO,01002CF4,,NAM1,0,,,"Do you ever think about Sir Avita? Her death... I wish it could have been me instead of her, is all.",아비타 경에 대해 생각한 적이 있나요? 그녀의 죽음... 그녀 대신 내가 죽었으면 좋았을 거라고 생각할 뿐입니다.,record,False,False,False,False,,
Knights.esp,INFO,01002CF5,,NAM1,0,,,"I was just thinking about Sir Avita. Sometimes I forget she's gone, and wait to hear her laugh from across the Priory... then I remember.","아비타 경이 생각났습니다. 가끔 그녀가 죽은 것을 잊고, 수도원에서 그녀의 웃음소리가 들릴 때까지 기다리곤 합니다... 그러다 기억이 나죠.",record,False,False,False,False,,
Knights.esp,INFO,01002CF7,,NAM1,0,,,"Ah, it's nothing... I was thinking of Sir Carodus, actually. He was such a fine knight... how can he be dead? How could the gods let that happen?","아, 아무것도 아닙니다... 사실 카로두스 경이 생각나서요. 그는 정말 훌륭한 기사였는데... 어떻게 죽을 수 있죠? 신들이 어떻게 그런 일을 허용할 수 있죠?",record,False,False,False,False,,
Knights.esp,INFO,01002CF8,,NAM1,0,,,"It's Sir Carodus, actually... I still think about him, sometimes. He was one of the best of us.",사실은 카로두스 경입니다... 가끔은 아직도 그분이 생각납니다. 그는 우리 중 가장 뛰어난 사람 중 하나였습니다.,record,False,False,False,False,,
Knights.esp,INFO,01002CFA,,NAM1,0,,,I can't stop thinking about Sir Brellin. About how he died...,브렐린 경이 계속 마음에 걸립니다. 그가 어떻게 죽었는지...,record,False,False,False,False,,
Knights.esp,INFO,01002CFB,,NAM1,0,,,"Do you remember Sir Brellin? His death still troubles me, at times. I don't know why. A knight should not fear death, and yet...",브렐린 경을 기억하나요? 그의 죽음이 아직도 때때로 제 마음을 괴롭힙니다. 왜 그런지 모르겠어요. 기사는 죽음을 두려워해서는 안 되는 것인데...,record,False,False,False,False,,
Knights.esp,INFO,01002CFD,,NAM1,0,,,It's nothing really. I was just thinking about poor Sir Areldur. He was a fine knight.,아무것도 아닙니다. 불쌍한 아렐두르 경이 생각나서요. 그는 훌륭한 기사였습니다.,record,False,False,False,False,,
Knights.esp,INFO,01002CFE,,NAM1,0,,,Well... it's Sir Areldur. I don't understand how he can be gone. He was the best of us...,글쎄요... 아렐두르 경이요. 그가 어떻게 죽을 수 있는지 이해할 수 없어요. 그는 우리 중 가장 훌륭한 사람이었는데...,record,False,False,False,False,,
Knights.esp,INFO,01002D00,,NAM1,0,,,"Oh, it's nothing, really, but... I still miss Sir Lathon. His death was a blow to the Knights. I can't make sense of it.","아, 별거 아니에요. 하지만... 라톤 경이 여전히 그리워요. 그의 죽음은 기사단에게 큰 타격이었습니다. 도저히 이해할 수 없어요.",record,False,False,False,False,,
Knights.esp,INFO,01002D01,,NAM1,0,,,"It's Sir Lathon's death... it still bothers me. I know it could happen to any of us at any time, but... I'm sorry. I shouldn't bother you with this.",라톤 경의 죽음은... 아직도 제 마음을 괴롭힙니다. 우리 모두 언제든 그런 일이 일어날 수 있다는 것은 알고 있지만... 죄송합니다. 이런 이야기로 귀찮게 해드려서.,record,False,False,False,False,,
Knights.esp,INFO,01002D03,,NAM1,0,,,"Lord Akatosh lends you his might. When your own strength fails you, trust in the Nine.","아카토쉬 경이 당신에게 힘을 빌려주실 겁니다. 당신의 힘이 다할 때, 나인 디바인을 믿으세요.",record,False,False,False,False,,
Knights.esp,INFO,01002D04,,NAM1,0,,,Stendarr grants you the gift of legerity. Always be swift to protect and swift to forgive.,"스텐다르가 당신에게 민첩함을 선물로 주었습니다. 항상 보호하기 위해 신속하게 행동하고, 용서하기 위해 신속하게 행동하세요.",record,False,False,False,False,,
Knights.esp,INFO,01002D05,,NAM1,0,,,"The great mother endures.Mara grants you her endurance. When all else fails you, look to love for the power to carry on.","위대한 어머니는 인내합니다. 마라가 당신에게 인내를 부여합니다. 다른 모든 것이 실패할 때, 계속 나아갈 힘을 사랑에서 찾으세요.",record,False,False,False,False,,
Knights.esp,INFO,01002D06,,NAM1,0,,,Dibella has strengthened your wit and charm. Never allow the beauty of the world to be lost on your eyes.,디벨라는 당신의 재치와 매력을 강화했습니다. 세상의 아름다움을 당신의 눈에서 잃지 마세요.,record,False,False,False,False,,
Knights.esp,INFO,01002D07,,NAM1,0,,,Julianos blesses you with his wisdom and his guidance. Trust in your knowledge for it is the whole of who you are.,줄리아노스가 그의 지혜와 인도으로 당신을 축복합니다. 당신의 지식을 믿으세요. 그 지식이 바로 당신의 모든 것이기 때문입니다.,record,False,False,False,False,,
Knights.esp,INFO,01002D08,,NAM1,0,,,Kyraneth grants you the swiftness of the wild. ,키나레스가 너에게 야생의 민첩함을 부여한다.,record,False,False,False,False,,
Knights.esp,INFO,01002D09,,NAM1,0,,,Zenithar grants you good fortune. May you always endeavor to become the master of your craft.,제니타르가 당신에게 행운을 내려줄 것입니다. 항상 당신의 기술의 대가가 되기 위해 노력하세요.,record,False,False,False,False,,
Knights.esp,INFO,01002D0A,,NAM1,0,,,All that lives will die and all that is dead will live again. Arkay grants you the will to reverse the cycle.,"모든 생명은 죽고, 죽은 모든 것은 다시 살아납니다. 아케이는 이 순환을 되돌릴 의지를 당신에게 부여합니다.",record,False,False,False,False,,
Knights.esp,INFO,01002D0C,,NAM1,0,,,The Unfeathered has come during the Breaking of Gates! ,문이 무너지는 동안 깃털이 없는 자들이 왔습니다!,record,False,False,False,False,,
Knights.esp,INFO,01002D0D,,NAM1,0,,,"His golden-wickedness will hold fast against all arms except those of his ancient foe, the Whitestrake!","그의 황금빛 사악함은 그의 오랜 적, 화이트스트레이크를 제외한 모든 무기에 대항할 수 있습니다!",record,False,False,False,False,,
Knights.esp,DIAL,01002D0E,NDProphetSpeechMQ4,FULL,0,,,NDProphetSpeechMQ4,ND예언자 연설 MQ4,record,False,True,True,False,TOPIC_CHECK,"ND, MQ"
Knights.esp,INFO,01002D0F,,NAM1,0,,,"""That all the Interplay is one flea of assertion on a wolf of naught."" It is by these heresies that you fall from grace!","""모든 인터플레이는 무의미한 늑대 위에 붙은 한 마리의 벼룩에 불과하다."" 이러한 이단적인 생각 때문에 당신은 은총에서 떨어졌어!",record,False,False,False,False,,
Knights.esp,INFO,01002D10,,NAM1,0,,,"Shame on you, people of Cyrodiil, and more shame for the children that you give freely to the mouth of Destruction!","시로딜의 백성들, 부끄러운 줄 아세요! 그리고 파괴의 입에 무방비로 내던진 아이들을 더 부끄러워하세요!",record,False,False,False,False,,
Knights.esp,DIAL,01002D11,NDProphetSpeechMQ3,FULL,0,,,NDProphetSpeechMQ3,ND예언자 연설 MQ3,record,False,True,True,False,TOPIC_CHECK,"ND, MQ"
Knights.esp,INFO,01002D12,,NAM1,0,,,"And Talos said to the Arctus, ""Let us join as one to fortify this throne, this land, these people, each one glorious under heaven!""","그리고 탈로스는 아크투스에게 말했습니다. ""우리 모두가 하나가 되어 이 왕좌와 이 땅, 그리고 하늘 아래의 모든 영광스러운 백성들을 지키자!""",record,False,False,False,False,,
Knights.esp,INFO,01002D13,,NAM1,0,,,"Would you not do the same, children of Cyrodiil? No, you would not! This is plain!","시로딜의 아이들, 너희도 그렇게 하지 않겠지? 아니, 그럴 리가 없지! 이건 분명한 사실이야!",record,False,False,False,False,,
Knights.esp,INFO,01002D14,,NAM1,0,,,"You looked away when the fires flickered, and now act lost that they are gone! Only death remains for Tamriel! Death and oblivion!","불이 흔들릴 때 당신은 시선을 돌렸고, 이제 불이 사라지자 당황한 척 하고 있네요! 탐리엘에는 죽음만 남았습니다! 죽음과 망각!",record,False,False,False,False,,
Knights.esp,INFO,01002D16,,NAM1,0,,,Are there no ears to hear the warnings? Are there no eyes to witness the Wheel's breaking?,경고를 들을 귀가 없는 건가요? 바퀴가 부서지는 것을 볼 눈이 없는 건가요?,record,False,False,False,False,,
Knights.esp,INFO,01002D17,,NAM1,0,,,The Eight and One favor only the righteous! And too few of you remain!,에잇 디바인과 한 분께서는 의로운 자들만 선호합니다! 그리고 당신들은 너무 적습니다!,record,False,False,False,False,,
Knights.esp,INFO,01002D18,,NAM1,0,,,"The Thief has found the lock that he cannot break! The Warrior, the foe that cannot fall! The Wizard, an incantation that takes not to his tongue!","도둑이 깨지 못하는 자물쇠를 찾았습니다! 전사, 쓰러지지 않는 적! 위저드, 입으로 발음할 수 없는 주문!",record,False,False,False,False,,
Knights.esp,INFO,01002D19,,NAM1,0,,,Truly this is the Age of the Serpent and the Void that follows!,지금은 정말로 뱀과 공허의 시대입니다!,record,False,False,False,False,,
Knights.esp,INFO,01002D1A,,NAM1,0,,,"The Guardians have fallen and no one remains to watch their charges, and all the heavens are now banquet for the Princes of Misrule!","수호자들이 쓰러지고, 그들을 지키는 사람이 아무도 남지 않았습니다. 이제 모든 하늘은 무질서의 군주들의 연회장이 되었습니다!",record,False,False,False,False,,
Knights.esp,INFO,01002D1D,,NAM1,0,,,"Can you feel that, people of Cyrodiil? The red gem is nearby! The Oversoul is speaking!","느끼십니까, 시로딜의 주민들? 붉은 보석이 근처에 있습니다! 오버소울이 말하고 있습니다!",record,False,False,False,False,,
Knights.esp,INFO,01002D1E,,NAM1,0,,,The Al-Esh is near! Mother of the Empire! She weeps for fallen Cyrod and all her children that call it home for truly she is the mother to us all!,알-에쉬가 다가오고 있습니다! 제국의 어머니! 그녀는 쓰러진 시로드와 그곳을 고향이라고 부르는 모든 자식들을 위해 울고 있습니다. 그녀는 우리 모두의 어머니이기 때문입니다!,record,False,False,False,False,,
Knights.esp,INFO,01002D1F,,NAM1,0,,,"Citizens, the Queen of Stars asks you: where is her issue? Where are the men who can walk in her steps? In whose blood has the dragon taken purchase?","시민 여러분, 별의 여왕이 묻습니다. 그녀의 자식은 어디에 있습니까? 그녀의 뒤를 이을 자들은 어디에 있습니까? 용의 피가 흐르는 자들은 누구입니까?",record,False,False,False,False,,
Knights.esp,INFO,01002D20,,NAM1,0,,,"Alessia! Reman! Talos! They cry for blood akin to theirs to rekindle the dragonpact! Citizens, take to your knives!","알레시아! 레만! 탈로스! 그들은 드래곤의 계약을 되살리기 위해 자신들과 같은 피를 요구하고 있습니다! 시민 여러분, 칼을 들세요!",record,False,False,False,False,,
Knights.esp,INFO,01002D21,,NAM1,0,,,Are there no ears to hear the warnings? Are there no eyes to witness the Wheel's breaking?,경고를 들을 귀가 없는 건가요? 바퀴가 부서지는 것을 볼 눈이 없는 건가요?,record,False,False,False,False,,
Knights.esp,DIAL,01002D22,NDSirCaiusTopic,FULL,0,,,Sir Caius,카이우스 경,record,False,False,True,False,TOPIC_CHECK,
Knights.esp,INFO,01002D23,,NAM1,0,,,The evil took hold of me the day that I slew Sir Caius on the Priory steps.,"수도원 계단에서 카이우스 경을 죽인 날, 악이 나를 사로잡았소.",record,False,False,False,False,,
Knights.esp,INFO,01002D23,,NAM1,1,,,"I baited him, knowing his temper, and then I killed him when he drew against me.",악은 내가 수도원 계단에서 카이우스 경을 죽인 날부터 나를 지배하기 시작했습니다.,record,False,False,False,False,,
Knights.esp,INFO,01002D23,,NAM1,2,,,"I killed him in cold blood, with the holy Sword itself!","그의 성질을 알고 있는 나는 그를 유인했다가, 그가 나를 공격하자 그를 죽였다.",record,False,False,False,False,,
Knights.esp,INFO,01002D23,,NAM1,3,,,"I could have disarmed him or wounded him. But a cold pride had taken hold of me, and so I slew him, and went to war, and never returned.",나는 그 성스러운 검으로 그를 냉혹하게 죽였습니다!,record,False,False,False,False,,
Knights.esp,INFO,01002D23,,NAM1,4,,,"The evil grew upon me until I became cruel, a tyrranical ruler, a terror upon the land. In death, evil held me even tighter than in life.","그를 무장 해제하거나 다치게 할 수도 있었습니다. 하지만 차가운 자존심이 저를 사로잡았고, 결국 저는 그를 죽이고 전쟁에 참전하여 돌아오지 못했습니다.",record,False,False,False,False,,
Knights.esp,INFO,01002D23,,NAM1,5,,,"Thanks to you, that all is behind me. Sir Caius and I will go to Aetherius side by side, as of old. The gods are truly merciful.","악이 내 안에서 자라나서 나는 잔인한 폭군, 이 땅을 공포로 몰아넣는 통치자가 되었습니다. 죽음에서도 악은 생전보다 더 강하게 나를 사로잡았습니다.",record,False,False,False,False,,
Knights.esp,DIAL,01002D24,NDHelmTopic,FULL,0,,,Helm of the Crusader,성전사의 투구,record,False,False,True,False,TOPIC_CHECK,
Knights.esp,INFO,01002D25,,NAM1,0,,,"You completed the quest that I could not. I am glad that my death at least served to lead you here, as I had hoped.",그대는 내가 이루지 못한 여정을 완수했소. 적어도 내 죽음이 바라던 대로 그대를 이곳으로 이끌었다니 기쁘오.,record,False,False,False,False,,
Knights.esp,INFO,01002D27,,NAM1,0,,,You pore over your dusty tomes of lore. You study ancient genealogies and bloodlines.,당신은 먼지 쌓인 고서적을 샅샅이 뒤집니다. 고대 족보와 혈통을 연구합니다.,record,False,False,False,False,,
Knights.esp,INFO,01002D28,,NAM1,0,,,"Look you to blood for truth? There is truth in blood, but it is not the truth that you seek!","진실을 피에서 찾으십니까? 피에는 진실이 있지만, 당신이 찾는 진실은 아닙니다!",record,False,False,False,False,,
Knights.esp,INFO,01002D29,,NAM1,0,,,"The truth is written in the blood of the innocent, there in the Chapel of Love! Can you not read the ancient runes?",진실은 사랑의 예배당에 있는 무고한 사람들의 피로 쓰여 있습니다! 고대 낱말을 읽을 수 없습니까?,record,False,False,False,False,,
Knights.esp,INFO,01002D2A,,NAM1,0,,,"""As oiobala Umarile, Ehlnada racuvar""! A curse and a threat to those who have eyes to see and ears to hear!","""애스 오이오발라 우마릴, 엘나다 라쿠바르!"" 보고 듣는 자들에게 저주와 위협을!",record,False,False,False,False,,
Knights.esp,INFO,01002D2B,,NAM1,0,,,Are there are any among you who still understand the ancient tongue?,여러분 중 고대 언어를 이해하는 사람이 있습니까?,record,False,False,False,False,,
Knights.esp,INFO,01002D2C,,NAM1,0,,,"""By the eternal power of Umaril, the mortal gods shall be cast down.""","""우마릴의 영원한 힘으로, 필멸의 신들은 몰락할 것이다.""",record,False,False,False,False,,
Knights.esp,QUST,01002D32,ND10FIN,FULL,0,,,ND10 Post-Quest Scene,ND10 퀘스트 후 장면,record,False,True,False,False,MEDIUM,ND
Knights.esp,QUST,01002D33,NDKnightsConvSystem,FULL,0,,,Knights of the Nine Conversation System,나인 디바인 기사단 대화 시스템,record,False,False,False,False,,
Knights.esp,QUST,01002D34,NDGreetings,FULL,0,,,For world-wide greetings and hellos,전 세계에 인사와 안부를 전하기 위해,record,False,False,False,False,,
Knights.esp,QUST,01002D35,NDStartingRumors,FULL,0,,,Used to bring starting rumors to top of stck,시작 소문을 스택의 맨 위로 가져오기 위해 사용됩니다.,record,False,False,False,False,,
Knights.esp,QUST,01002D36,NDConversations,FULL,0,,,ND Conversations quest,ND 대화 퀘스트,record,False,True,False,False,MEDIUM,ND
Knights.esp,QUST,01002D37,ND10,FULL,0,,,Umaril the Unfeathered,깃털이 없는 우마릴,record,False,False,False,False,,
Knights.esp,QUST,01002D37,ND10,CNAM,0,10,0,I've been granted the Blessing of Talos by the Prophet. I am now ready to destroy Umaril. My knights are on their way to Garlas Malatar to prepare for our final assault on his fortress.,깃털이 없는 우마릴,record,False,False,False,False,,
Knights.esp,QUST,01002D37,ND10,CNAM,1,15,0,"I have arrived at Garlas Malatar. My sworn foe Umaril the Unfeathered awaits me inside. The final duty in my holy quest is to find him, and destroy him.",갈라스 말라타르에 도착했다. 나의 숙적인 깃털 없는 우마릴이 안에서 나를 기다리고 있다. 나의 신성한 임무의 마지막은 그를 찾아서 파괴하는 것이다.,record,False,False,False,False,,
Knights.esp,QUST,01002D37,ND10,CNAM,2,20,0,I've ordered my Knights to attack Umaril and his Aurorans at Garlas Malatar. We must destroy Umaril once and for all.,기사들에게 가르라스 말라타르에 있는 우마릴과 그의 오로란을 공격하라고 명령했다. 우마릴을 영원히 파괴해야 한다.,record,False,False,False,False,,
Knights.esp,QUST,01002D37,ND10,CNAM,3,50,0,"I have destroyed Umaril's physical form. If the Prophet told me true, I must cast the Blessing of Talos on myself and I will follow Umaril's spirit  to a place where he can be destroyed.","우마릴의 육체를 파괴했다. 예언자가 말한 것이 사실이라면, 제 자신에게 탈로스의 축복을 내리고 우마릴의 영혼을 따라 그를 파괴할 수 있는 곳으로 가야 한다.",record,False,False,False,False,,
Knights.esp,QUST,01002D37,ND10,CNAM,4,100,0,Umaril is utterly destroyed. I have completed my holy quest.,우마릴이 완전히 파괴되었다. 신성한 퀘스트를 완료했다.,record,False,False,False,False,,
Knights.esp,QUST,01002D38,ND09,FULL,0,,,The Blessing of Talos,탈로스의 축복,record,False,False,False,False,,
Knights.esp,QUST,01002D38,ND09,CNAM,0,20,0,The Prophet has arrived at the Priory to see me. My knights have gathered in the Chapel to listen to him preach. I should speak to him immediately.,탈로스의 축복,record,False,False,False,False,,
Knights.esp,QUST,01002D39,ND08,FULL,0,,,The Sword of the Crusader,성전사의 검,record,False,False,False,False,,
Knights.esp,QUST,01002D39,ND08,CNAM,0,20,0,"I have arrived at Underpall Cave, the location of Lord Vlindrel's grave. Sir Roderic died somewhere inside, battling the foul wraith that now wields the Sword of the Crusader.",성전사의 검,record,False,False,False,False,,
Knights.esp,QUST,01002D39,ND08,CNAM,1,50,0,The wraith of Lord Vlindrel is destroyed. I need to reclaim the Sword of the Crusader that he somehow twisted to his evil purpose.,블린드렐 경의 유령이 파괴되었다. 그가 자신의 사악한 목적을 위해 오염시킨 성전사의 검을 되찾아야 한다.,record,False,False,False,False,,
Knights.esp,QUST,01002D39,ND08,CNAM,2,55,0,"In attempting to use the defiled Sword of the Crusader, I have received a terrible curse. I can only hope that this curse will be lifted when I reconsecrate the Sword at the Chapel of Arkay in Cheydinhal.",오염된 성전사의 검을 사용하려다 끔찍한 저주를 받았다. 셰이딘홀의 아케이 예배당에서 검을 다시 봉헌하면 저주가 풀릴 것을 바랄 뿐이다.,record,False,False,False,False,,
Knights.esp,QUST,01002D39,ND08,CNAM,3,60,0,"I have recovered the Sword of the Crusader, but it has been desecrated by the foul wraith that wielded it. I should take it to the Chapel of Arkay in Cheydinhal to reconsecrate it to its holy purpose.","성전사의 검을 되찾았지만, 그 검을 휘두른 사악한 유령에 의해 더럽혀졌다. 그 검을 셰이딘홀의 아케이 예배당으로 가져가 신성한 용도로 다시 봉헌해야 한다.",record,False,False,False,False,,
Knights.esp,QUST,01002D39,ND08,CNAM,4,70,0,"Umaril's Aurorans have been destroyed. Cheydinhal Chapel is safe, for now. I should return to the Priory to consult with my knights about how to attack and destroy Umaril.",우마릴의 오로란들이 파괴되었다. 셰이딘홀 예배당은 당분간은 안전한다. 수도원으로 돌아가 기사들과 우마릴을 공격하고 파괴할 방법을 의논해야 한다.,record,False,False,False,False,,
Knights.esp,QUST,01002D39,ND08,CNAM,5,70,1,"Umaril's Aurorans have been destroyed. Cheydinhal Chapel is safe, for now. I can now reconsecrate the Sword of the Crusader to Arkay on the high altar.",우마릴의 오로란들이 파괴되었다. 셰이딘홀 예배당은 당분간은 안전한다. 이제 높은 제단에서 성전사의 검을 아르카에게 다시 봉헌할 수 있다.,record,False,False,False,False,,
Knights.esp,QUST,01002D39,ND08,CNAM,6,80,0,"The Sword of the Crusader has been reconsecrated. I now possess all eight of the Crusader's Relics. Before I return to the Priory, I must prevent Umaril's aurorans from desecrating the Chapel of Arkay.",성전사의 검이 다시 축성되었다. 이제 성전사의 성물 여덟 개를 모두 가지고 있다. 수도원으로 돌아가기 전에 우마릴의 오로란들이 아케이 예배당을 모독하는 것을 막아야 한다.,record,False,False,False,False,,
Knights.esp,QUST,01002D39,ND08,CNAM,7,80,1,The Sword of the Crusader has been reconsecrated. I now possess all eight of the Crusader's Relics. I should return to the Priory to consult with my knights about how to attack and destroy Umaril.,"성전사의 검이 재봉헌되었다. 이제 성전사의 유물 8개를 모두 손에 넣었다. 수도원으로 돌아 가기 전에, 우마릴의 오로란들이 아케이 예배당을 더럽히지 못하도록 막아야 한다.",record,False,False,False,False,,
Knights.esp,QUST,01002D3A,ND07,FULL,0,,,The Faithful Squire,충실한 시종,record,False,False,False,False,,
Knights.esp,QUST,01002D3A,ND07,CNAM,0,20,0,"Lathon, the young squire of Sir Roderic, arrived at the Priory with a tragic tale. It seems that his master perished while attempting to defeat the dreadful undead guardian of the Sword of the Crusader. Lathon was able to escape with the Greaves of the Crusader, which he surrendered to me. I need to go to Underpall Cave where Sir Roderic fell, and reclaim the Sword of the Crusader for the Nine.",충실한 시종,record,False,False,False,False,,
Knights.esp,QUST,01002D3A,ND07,CNAM,1,20,1,"Lathon, the young squire of Sir Roderic, arrived at the Priory with a tragic tale. It seems that his master perished while attempting to defeat the dreadful undead guardian of the Sword of the Crusader. Lathon was able to escape with the Greaves of the Crusader, which he surrendered to me. I have made him a Knight, and asked him to accompany me to Underpall Cave where Sir Roderic fell. We will avenge his former master and reclaim the Sword of the Crusader for the Nine.",충실한 시종,record,False,False,False,False,,
Knights.esp,QUST,01002D3B,ND06,FULL,0,,,Stendarr's Mercy,스텐다르의 자비,record,False,False,False,False,,
Knights.esp,QUST,01002D3B,ND06,CNAM,0,10,0,Sir Casimir has told me the Gauntlets of the Crusader are located in the Chapel of Stendarr in Chorrol. I must travel there and figure out how to retrieve them.,스텐다르의 자비,record,False,False,False,False,,
Knights.esp,QUST,01002D3B,ND06,CNAM,1,20,0,"Areldur, a priest of Stendarr, has told me that the Gauntlets of the Crusader cannot be moved. I should speak with Kellen, a descendant of Sir Casimir, to learn more.",스텐다르의 사제 아렐두르가 성전사의 손목받이는 옮길 수 없다고 말했다. 자세한 내용은 카시미르 경의 후손인 켈렌에게 물어봐야 한다.,record,False,False,False,False,,
Knights.esp,QUST,01002D3B,ND06,CNAM,2,30,0,"Kellen told me that his family has been cursed for generations, and that he has come to the Chapel of Stendarr to be freed of this curse. I should speak with Areldur.","켈렌은 그의 가족이 대대로 저주를 받았다고 말하며, 이 저주에서 해방되기 위해 스텐다르 예배당에 왔다고 말했다. 아렐두르와 이야기해봐야겠다.",record,False,False,False,False,,
Knights.esp,QUST,01002D3B,ND06,CNAM,3,40,0,The priest has told me that the only way to lift the curse from Kellen is to take it on myself. I need to pray at the altar in the Chapel if I wish to lift the curse.,사제는 켈렌의 저주를 풀기 위해서는 내가 그 저주를 대신 받아야 한다고 말했다. 저주를 풀기 위해서는 예배당의 제단에서 기도해야 한다.,record,False,False,False,False,,
Knights.esp,QUST,01002D3B,ND06,CNAM,4,50,0,"I have prayed at the altar in the Chapel of Stendarr, and have been granted the ability to Lay Hands on Kellen. I need to see him at once.","스텐다르 예배당의 제단에서 기도했고, 켈렌에게 손을 얹을 수 있는 능력을 얻었다. 당장 그를 만나야 한다.",record,False,False,False,False,,
Knights.esp,QUST,01002D3B,ND06,CNAM,5,60,0,"I have lifted the curse from Kellen, which means taking it on myself. As a result, I am weary and my fatigue has been affected. With the curse lifted, I can now retrieve the Gauntlets of the Crusader.","켈렌의 저주를 해제했다. 즉, 저주가 내게로 옮겨진 것이다. 그 결과, 나는 지치고 피로가 쌓였다. 저주가 해제되었으므로 이제 성전사의 손목받이를 되찾을 수 있다.",record,False,False,False,False,,
Knights.esp,QUST,01002D3B,ND06,CNAM,6,100,0,I have recovered the Gauntlets of the Crusader.,성전사의 손목받이를 되찾았다.,record,False,False,False,False,,
Knights.esp,QUST,01002D3C,ND05,FULL,0,,,Wisdom of the Ages,시대의 지혜,record,False,False,False,False,,
Knights.esp,QUST,01002D3C,ND05,CNAM,0,10,0,"I need to find Fort Bulwark, and locate the Shield of the Crusader inside.",시대의 지혜,record,False,False,False,False,,
Knights.esp,QUST,01002D3C,ND05,CNAM,1,20,0,I've found Fort Bulwark. I need to get inside and find the Shield.,불워크 요새를 찾았다. 안으로 들어가 방패를 찾아야 한다.,record,False,False,False,False,,
Knights.esp,QUST,01002D3C,ND05,CNAM,2,30,0,"I've rescued Sir Thedret, a knight imprisoned within the Fort. I need to watch out for traps in the lower levels, and remember the phrase ""When the eyes of the Guardians are upon you, Julianos will show you favor.""","요새에 갇혀 있던 기사 테드렛 경을 구출했다. 아래층에 있는 함정을 조심하고, ""수호자의 눈이 당신을 지켜보고 있을 때, 줄리아노스가 당신에게 은총을 베풀 것이다""라는 말을 기억해야 한다.",record,False,False,False,False,,
Knights.esp,QUST,01002D3C,ND05,CNAM,3,40,0,I've found some sort of puzzle or trap deep inside Fort Bulwark. I'll need to figure out what it means in order to acquire the Shield of the Crusader.,불워크 요새 깊은 곳에서 일종의 퍼즐이나 함정을 발견했다. 성전사의 방패를 얻기 위해서는 그 의미를 알아내야 한다.,record,False,False,False,False,,
Knights.esp,QUST,01002D3C,ND05,CNAM,4,100,0,I have recovered the Shield of the Crusader.,성전사의 방패를 되찾았다.,record,False,False,False,False,,
Knights.esp,QUST,01002D3D,ND04,FULL,0,,,The Path of the Righteous,의인의 길,record,False,False,False,False,,
Knights.esp,QUST,01002D3D,ND04,CNAM,0,10,0,"Sir Ralvas has told me where to find the the Mace of Zenithar. In order to recover the mace, I must travel to the Chapel of Zenithar in Leyawiin. In the undercroft of the chapel, I must kneel at the shrine there. According to Sir Ralvas, I will be tested and ""my faith will be my guide"".",의인의 길,record,False,False,False,False,,
Knights.esp,QUST,01002D3D,ND04,CNAM,1,51,0,I've knelt before the shrine of Saint Kaladas in Leyawiin and found myself transported to some sort of dark void. I can see the Mace of Zenithar off in the distance. There is a glowing walkway leading towards them. The boots of Kynareth are vibrating softly and they seem to have some connection to the mystical path.,"레이야윈에 있는 성 칼라다스의 신전 앞에 무릎을 꿇자, 어두운 공허의 세계로 이동했다. 멀리 제니타르의 철퇴가 보인다. 그곳으로 이어지는 빛나는 통로가 있다. 키나레스의 장화가 부드럽게 진동하며, 신비로운 통로와 어떤 관련이 있는 듯하다.",record,False,False,False,False,,
Knights.esp,QUST,01002D3D,ND04,CNAM,2,51,1,"I've knelt before the shrine of Saint Kaladas in Leyawiin and found myself transported to some sort of dark void. I can see the Mace of Zenithar off in the distance, but there seems to be no way to reach it. According to Sir Ralvas, I must allow my faith in the Nine to guide me to the mace.","레이야윈에 있는 성 칼라다스의 신전 앞에 무릎을 꿇자, 어떤 어두운 공허로 이동했다. 멀리 제니타르의 철퇴가 보이지만, 그곳에 도달할 방법이 없는 것 같다. 랄바스 경에 따르면, 나인에 대한 믿음으로 철퇴로 인도되어야 한다.",record,False,False,False,False,,
Knights.esp,QUST,01002D3D,ND04,CNAM,3,90,0,"My attempts to reach the Mace of Zenithar have been unsuccessful. No matter what I try, I cannot reach the other platform. Perhaps the solution lies with one of the other relics.",제니타르의 철퇴에 도달하려는 시도는 실패했다. 어떻게 해도 다른 발판에 도달할 수 없다. 해답은 다른 유물에 있을지도 모르겠다.,record,False,False,False,False,,
Knights.esp,QUST,01002D3D,ND04,CNAM,4,90,1,"My attempts to reach the Mace of Zenithar have been unsuccessful. No matter what I try, I cannot reach the other platform. Perhaps if I continue my quest for the other relics, an answer will present itself.",제니타르의 철퇴를 찾으려는 시도는 실패로 끝났다. 어떻게 해도 다른 발판에 도달할 수 없다. 다른 유물을 계속 찾으면 해답이 나타날지도 모르겠다.,record,False,False,False,False,,
Knights.esp,QUST,01002D3D,ND04,CNAM,5,91,0,"I stepped into the void to try and reach the Mace of Zenithar, but my feet met nothing but air and I fell into the darkness. There must be a way to walk between the platforms and reach the mace.","제니타르의 철퇴에 도달하기 위해 공허로 들어갔지만, 발은 공허한 공간에 떨어지고 말았다. 발판 사이를 건너 철퇴에 도달할 방법이 있을 것이다.",record,False,False,False,False,,
Knights.esp,QUST,01002D3D,ND04,CNAM,6,100,0,I've recovered the Mace of the Crusader.,성전사의 철퇴를 되찾았다.,record,False,False,False,False,,
Knights.esp,QUST,01002D3D,ND04,CNAM,7,120,0,"After recovering the Mace of the Crusader, I found the minions of Umaril attacking the Chapel of Zenithar. They were all defeated and the Leyawiin's Chapel escaped desecration. ","성전사의 철퇴를 되찾은 후, 우마릴의 부하들이 제니타르 예배당을 공격하는 것을 발견했다. 그들은 모두 패배했고, 레이야윈의 예배당은 모독을 면할 수 있었다.",record,False,False,False,False,,
Knights.esp,QUST,01002D3E,ND03,FULL,0,,,Nature's Fury,자연의 분노,record,False,False,False,False,,
Knights.esp,QUST,01002D3E,ND03,CNAM,0,10,0,"I have been instructed to find the Shrine to Kynareth in Cyrodiil's Great Forest, and speak with the Priests there about the Boots of the Crusader.",자연의 분노,record,False,False,False,False,,
Knights.esp,QUST,01002D3E,ND03,CNAM,1,20,0,"In order to be granted the Boots of the Crusader, I must travel to a sacred grove in the Great Forest and be tested by Kynareth.",성전사의 장화를 얻기 위해서는 대삼림의 신성한 숲으로 가서 키나레스의 시험을 받아야 한다.,record,False,False,False,False,,
Knights.esp,QUST,01002D3E,ND03,CNAM,2,21,0,I've reached the Grove of Trials. I shall have to wait and see what Kynareth has in store for me.,시련의 숲에 도착했다. 키나레스가 저를 위해 무엇을 준비하고 있는지 기다려봐야 할 것 같다.,record,False,False,False,False,,
Knights.esp,QUST,01002D3E,ND03,CNAM,3,30,0,I have failed Kynareth's test. I shall have to try again.,키나레스의 시험에 실패했다. 다시 시도해야 한다.,record,False,False,False,False,,
Knights.esp,QUST,01002D3E,ND03,CNAM,4,31,0,I have failed to follow Avita Vesnia's instructions. I shall have to try the test of Kynareth some other time.,아비타 베스니아의 지시를 따르지 못했다. 키나레스의 시험은 다른 때 다시 시도해야 한다.,record,False,False,False,False,,
Knights.esp,QUST,01002D3E,ND03,CNAM,5,50,0,"A bear attacked me in the sacred grove, but I made no attempts to fight back. A cave has been revealed, and it would seem the Boots of the Crusader are waiting inside.","신성한 숲에서 곰이 나를 공격했지만, 나는 반격하지 않았다. 동굴이 드러났고, 그 안에는 성전사의 장화가 기다리고 있는 것 같다.",record,False,False,False,False,,
Knights.esp,QUST,01002D3E,ND03,CNAM,6,100,0,I have acquired the Boots of the Crusader.,성전사의 장화를 획득했다.,record,False,False,False,False,,
Knights.esp,QUST,01002D3F,ND02,FULL,0,,,Priory of the Nine,나인 디바인 수도원,record,False,False,False,False,,
Knights.esp,QUST,01002D3F,ND02,CNAM,0,5,0,"I've found the body of Sir Amiel, who appears to have perished centuries ago while questing for the Shrine of the Crusader. Perhaps I can find some clues on his body that will help my own quest for the Crusader's Relics turn out better than his.",나인 디바인 수도원,record,False,False,False,False,,
Knights.esp,QUST,01002D3F,ND02,CNAM,1,10,0,"Sir Amiel was a member of the Knights of the Nine, a holy order devoted to recovering the Relics of the Crusader. Through reading his journal, I've learned the location of their former headquarters, the Priory of the Nine in the West Weald. I should proceed to the old Priory and see if it still holds the Cuirass of the Crusader, as Sir Amiel's journal suggests, but first I should make sure I have his ring, which I may need to access the Priory vaults.","아미엘 경은 성전사의 성물을 되찾는 데 헌신한 성스러운 기사단 나인의 기사단의 일원이었다. 그의 일지를 읽어 웨스트 웰드에 있는 옛 본부, 나인의 수도원 위치를 알아냈다. 일지의 말대로 그곳에 성전사의 흉갑이 남아 있는지 확인해야 한다. 먼저 수도원 금고에 들어갈 때 필요할지도 모르는 그의 반지를 챙겼는지 확인하자.",record,False,False,False,False,,
Knights.esp,QUST,01002D3F,ND02,CNAM,2,10,1,"Sir Amiel was a member of the Knights of the Nine, a holy order devoted to recovering the Relics of the Crusader. Through reading his journal, I've learned the location of their former headquarters, the Priory of the Nine in the West Weald. Once I've recovered the Helm from the Shrine of the Crusader, I should proceed to the old Priory.","아미엘 경은 성전사의 유물을 되찾기 위해 헌신하는 성스러운 기사단인 나인 디바인의 기사단의 일원이었다. 그의 일기를 읽은 결과, 그들의 옛 본부인 웨스트 웨일드의 나인 수도원의 위치를 알 수 있게 되었다. 아미엘 경의 일기에 쓰여진 대로 옛 수도원으로 가서 성전사의 갑옷이 아직 그곳에 있는지 확인해야 하지만, 먼저 수도원의 금고에 들어가기 위해 필요한 그의 반지를 확보해야 한다.",record,False,False,False,False,,
Knights.esp,QUST,01002D3F,ND02,CNAM,3,10,2,"Sir Amiel was a member of the Knights of the Nine, a holy order devoted to recovering the Relics of the Crusader. Through reading his journal, I've learned the location of their former headquarters, the Priory of the Nine in the West Weald. I should proceed to the old Priory and see if it still holds the Cuirass of the Crusader, as Sir Amiel's journal suggests.","아미엘 경은 성전사의 유물을 되찾기 위해 헌신하는 성스러운 기사단인 나인 디바인의 기사단의 일원이었다. 그의 일기를 읽은 결과, 그들의 옛 본부인 웨스트 웨일드의 나인 수도원의 위치를 알 수 있었다. 성전사의 신전에서 투구를 되찾은 후에는 옛 수도원으로 가야 한다.",record,False,False,False,False,,
Knights.esp,QUST,01002D3F,ND02,CNAM,4,12,0,"Now that I've recovered the Helm, I should proceed to the Priory of the Nine. According to Sir Amiel's journal, I will need his ring to enter the Priory vaults where the Cuirass was kept.","투구도 되찾았으니, 이제 나인 수도원으로 가야겠다. 아미엘 경의 일기에 따르면, 갑옷이 보관되어 있는 수도원 금고에 들어가려면 그의 반지가 필요할 것이다.",record,False,False,False,False,,
Knights.esp,QUST,01002D3F,ND02,CNAM,5,12,1,"Now that I've recovered the Helm, I should proceed to the Priory of the Nine to see if it still holds the Cuirass of the Crusader.","이제 투구를 되찾았으니, 성전사의 갑옷이 아직 보관되어 있는지 확인하기 위해 나인 디바인의 수도원으로 가야 한다.",record,False,False,False,False,,
Knights.esp,QUST,01002D3F,ND02,CNAM,6,30,0,The ghosts of the former Knights of the Nine have appeared and blocked my path to the Cuirass of the Crusader. They will not let me pass until I best each of them in single combat.,이전 나인 디바인의 기사단의 유령들이 나타나 성전사의 갑옷으로 가는 길을 막고 있다. 그들 모두와 일대일 전투에서 이기지 않으면 지나가지 못하게 한다.,record,False,False,False,False,,
Knights.esp,QUST,01002D3F,ND02,CNAM,7,50,0,I've defeated the ghostly guardians of the Cuirass of the Crusader. I can now claim it for my own.,성전사의 갑옷을 지키는 유령 수호자들을 물리쳤다. 이제 그 갑옷을 내 것으로 만들 수 있다.,record,False,False,False,False,,
Knights.esp,QUST,01002D3F,ND02,CNAM,8,60,0,I've recovered the Cuirass of the Crusader. I should talk to the ghosts of the former Knights of the Nine to see if they can aid me in my quest for the remaining Crusader's Relics.,성전사의 갑옷을 되찾았다. 전 성전사 기사들의 유령들에게 나머지 성전사의 유물을 찾는 데 도움을 줄 수 있는지 물어봐야 한다.,record,False,False,False,False,,
Knights.esp,QUST,01002D3F,ND02,CNAM,9,70,0,I've spoken with the ghosts of the Knights of the Nine and learned where several parts of the Armor of the Crusader are hidden. I should return when I have collected them all.,"나인 기사단의 유령들과 이야기를 나눴고, 성전사 갑옷의 여러 부분이 숨겨져 있는 위치를 알았다. 모든 부품을 모으면 다시 돌아와야겠다.",record,False,False,False,False,,
Knights.esp,QUST,01002D3F,ND02,CNAM,10,100,0,I've completed Sir Juncan's quest by recovering the Boots of the Crusader. I should return to the Priory and find out if there is any news of the remaining two Relics.,성전사의 장화를 되찾아 준칸 경의 임무를 완수했다. 수도원으로 돌아가 남은 두 성물에 대한 소식이 있는지 알아봐야 한다.,record,False,False,False,False,,
Knights.esp,QUST,01002D3F,ND02,CNAM,11,100,1,I've completed Sir Juncan's quest by recovering the Boots of the Crusader. I should talk to the other ghost Knights for help in recovering the remaining Relics.,성전사의 장화를 되찾아 준칸 경의 임무를 완수했다. 남은 성물을 되찾는 데 도움을 받기 위해 다른 유령 기사들과 이야기해야 한다.,record,False,False,False,False,,
Knights.esp,QUST,01002D3F,ND02,CNAM,12,100,2,I've completed Sir Juncan's quest by recovering the Boots of the Crusader. I should continue to search for the Relics that the other ghost Knights were questing for.,성전사의 장화를 되찾아 준칸 경의 퀘스트를 완료했다. 수도원으로 돌아가 나머지 두 개의 유물에 대한 소식이 있는지 확인해야 한다.,record,False,False,False,False,,
Knights.esp,QUST,01002D3F,ND02,CNAM,13,110,0,I've completed Sir Ralvas's quest by recovering the Mace of the Crusader. I should return to the Priory and find out if there is any news of the remaining two Relics.,성전사의 철퇴를 되찾아 랄바스 경의 임무를 완수했다. 수도원으로 돌아가 남은 두 성물에 대한 소식이 있는지 알아봐야 한다.,record,False,False,False,False,,
Knights.esp,QUST,01002D3F,ND02,CNAM,14,110,1,I've completed Sir Ralvas's quest by recovering the Mace of the Crusader. I should talk to the other ghost Knights for help in recovering the remaining Relics.,성전사의 철퇴를 되찾아 라르바스 경의 퀘스트를 완료했다. 수도원으로 돌아가 나머지 두 개의 유물에 대한 소식이 있는지 알아봐야겠다.,record,False,False,False,False,,
Knights.esp,QUST,01002D3F,ND02,CNAM,15,110,2,I've completed Sir Ralvas's quest by recovering the Mace of the Crusader. I should continue to search for the Relics that the other ghost Knights were questing for.,성전사의 철퇴를 되찾아 라르바스 경의 퀘스트를 완료했다. 다른 유령 기사들에게 나머지 유물을 되찾는 데 도움을 요청해야겠다.,record,False,False,False,False,,
Knights.esp,QUST,01002D3F,ND02,CNAM,16,120,0,I've completed Sir Henrik's quest by recovering the Shield of the Crusader. I should return to the Priory and find out if there is any news of the remaining two Relics.,성전사의 방패를 되찾아 헨릭 경의 임무를 완수했다. 수도원으로 돌아가 남은 두 성물에 대한 소식이 있는지 알아봐야 한다.,record,False,False,False,False,,
Knights.esp,QUST,01002D3F,ND02,CNAM,17,120,1,I've completed Sir Henrik's quest by recovering the Shield of the Crusader. I should talk to the other ghost Knights for help in recovering the remaining Relics.,성전사의 방패를 되찾아 헨릭 경의 퀘스트를 완료했다. 수도원으로 돌아가 나머지 두 개의 유물에 대한 소식이 있는지 알아봐야 한다.,record,False,False,False,False,,
Knights.esp,QUST,01002D3F,ND02,CNAM,18,120,2,I've completed Sir Henrik's quest by recovering the Shield of the Crusader. I should continue to search for the Relics that the other ghost Knights were questing for.,성전사의 방패를 되찾아 헨릭 경의 퀘스트를 완료했다. 다른 유령 기사들에게 도움을 요청하여 나머지 유물을 되찾아야 한다.,record,False,False,False,False,,
Knights.esp,QUST,01002D3F,ND02,CNAM,19,130,0,I've completed Sir Casimir's quest by recovering the Gauntlets of the Crusader. I should return to the Priory and find out if there is any news of the remaining two Relics.,성전사의 건틀릿을 되찾아 카시미르 경의 임무를 완수했다. 수도원으로 돌아가 남은 두 성물에 대한 소식이 있는지 알아봐야 한다.,record,False,False,False,False,,
Knights.esp,QUST,01002D3F,ND02,CNAM,20,130,1,I've completed Sir Casimir's quest by recovering the Gauntlets of the Crusader. I should talk to the other ghost Knights for help in recovering the remaining Relics.,성전사의 손목받이을 되찾아 카시미르 경의 퀘스트를 완료했다. 수도원으로 돌아가 나머지 두 개의 유물에 대한 소식이 있는지 알아봐야겠다.,record,False,False,False,False,,
Knights.esp,QUST,01002D3F,ND02,CNAM,21,130,2,I've completed Sir Casimir's quest by recovering the Gauntlets of the Crusader. I should continue to search for the Relics that the other ghost Knights were questing for.,성전사의 손목받이을 되찾아 카시미르 경의 퀘스트를 완료했다. 나머지 유물을 되찾기 위해 다른 유령 기사들에게 도움을 요청해야겠다.,record,False,False,False,False,,
Knights.esp,QUST,01002D40,ND01,FULL,0,,,The Shrine of the Crusader,성전사의 성소,record,False,False,False,False,,
Knights.esp,QUST,01002D40,ND01,CNAM,0,5,0,"Upon completing my pilgrimage to the wayshrines, I received a vision from the Divine Crusader, Pelinal Whitestrake. He revealed the location of his lost shrine, which is where I should begin my quest for the Relics of the Crusader.",성전사의 성소,record,False,False,False,False,,
Knights.esp,QUST,01002D40,ND01,CNAM,1,20,0,"According to Sir Amiel's journal, the Helm of the Crusader is located in Pelinal's shrine.","아미엘 경의 일기에 따르면, 성전사의 투구는 펠리날의 신전에 있다고 한다.",record,False,False,False,False,,
Knights.esp,QUST,01002D40,ND01,CNAM,2,50,0,"I've recovered the Helm of the Crusader, the first piece of the Crusader's Relics.",성전사의 유물의 첫 번째 조각인 성전사의 투구를 되찾았다.,record,False,False,False,False,,
Knights.esp,QUST,01002D41,NDPilgrim,FULL,0,,,Pilgrimage,순례,record,False,False,False,False,,
Knights.esp,QUST,01002D41,NDPilgrim,CNAM,0,6,0,"I've heard rumors of an attack on the Chapel of Dibella in Anvil. No one seems to know what happened, but all the priests and priestesses were killed and the altars desecrated. It might be worth going to Anvil to see for myself.",순례,record,False,False,False,False,,
Knights.esp,QUST,01002D41,NDPilgrim,CNAM,1,7,0,I've heard of a mysterious Prophet who preaches outside the desecrated Chapel of Dibella in Anvil. I should find out if he knows anything about who attacked the Chapel and why.,앤빌에 있는 디벨라의 성소가 모독당한 곳에서 설교하는 신비로운 예언자에 대해 들었다. 그에게 성소를 공격한 사람과 그 이유에 대해 알고 있는지 알아봐야겠다.,record,False,False,False,False,,
Knights.esp,QUST,01002D41,NDPilgrim,CNAM,2,9,0,"I've spoken to the Prophet outside Anvil Chapel. He claims that an ancient Ayleid sorceror-king has returned from beyond the grave to destroy the church, and that only a true knight wearing the legendary Crusader's Relics can possibly defeat him. I should speak to him further to find out how to find these lost Relics.","앤빌 예배당 밖에서 예언자와 이야기를 나눴다. 그는 고대 에일리드 마법사 왕이 교회를 파괴하기 위해 무덤에서 돌아왔으며, 전설적인 성전사의 유물을 착용한 진정한 기사만이 그를 물리칠 수 있다고 주장한다. 그에게 더 자세한 이야기를 들어 유물을 찾는 방법을 알아봐야겠다.",record,False,False,False,False,,
Knights.esp,QUST,01002D41,NDPilgrim,CNAM,3,10,0,"I've spoken to a mysterious Prophet, who told me that in order to seek the Relics of the Crusader, I must first do a pilgrimage to the Wayshrines of the Divines. He gave me a map of the Pilgrim's Way to help me locate the shrines. Once I have visited a wayshrine for each of the Nine Divines, I may receive a vision if I am judged a worthy knight.","신비로운 예언자와 대화를 나눴다. 그는 성전사의 유물을 찾으려면 먼저 신들의 성지 순례를 해야 한다고 말했다. 그는 성지 위치를 찾는 데 도움이 될 순례자의 길 지도를 주었다. 나인 디바인의 성지를 모두 방문하면, 가치 있는 기사로 인정되면 환상을 볼 수 있을 것이다.",record,False,False,False,False,,
Knights.esp,QUST,01002D41,NDPilgrim,CNAM,4,11,0,I have prayed at the Wayshrine of Akatosh.,아카토쉬의 성소에서 기도했다.,record,False,False,False,False,,
Knights.esp,QUST,01002D41,NDPilgrim,CNAM,5,12,0,I have prayed at the Wayshrine of Arkay.,아케이의 성소에서 기도했다.,record,False,False,False,False,,
Knights.esp,QUST,01002D41,NDPilgrim,CNAM,6,13,0,I have prayed at the Wayshrine of Dibella.,디벨라의 성소에서 기도했다.,record,False,False,False,False,,
Knights.esp,QUST,01002D41,NDPilgrim,CNAM,7,14,0,I have prayed at the Wayshrine of Julianos.,줄리아노스의 성소에서 기도했다.,record,False,False,False,False,,
Knights.esp,QUST,01002D41,NDPilgrim,CNAM,8,15,0,I have prayed at the Wayshrine of Kynareth.,키나레스의 성소에서 기도했다.,record,False,False,False,False,,
Knights.esp,QUST,01002D41,NDPilgrim,CNAM,9,16,0,I have prayed at the Wayshrine of Mara.,마라의 성소에서 기도했다.,record,False,False,False,False,,
Knights.esp,QUST,01002D41,NDPilgrim,CNAM,10,17,0,I have prayed at the Wayshrine of Stendarr.,스텐다르의 성소에서 기도했다.,record,False,False,False,False,,
Knights.esp,QUST,01002D41,NDPilgrim,CNAM,11,18,0,I have prayed at the Wayshrine of Talos.,탈로스의 성소에서 기도했다.,record,False,False,False,False,,
Knights.esp,QUST,01002D41,NDPilgrim,CNAM,12,19,0,I have prayed at the Wayshrine of Zenithar.,제니타르의 성소에서 기도했다.,record,False,False,False,False,,
Knights.esp,QUST,01002D41,NDPilgrim,CNAM,13,20,0,I have completed my pilgrimage to the Wayshrines of the Divines. I should pray and wait for a vision to guide me on my quest for the Crusader's Relics.,"신들의 성지 순례를 마쳤다. 성전사의 유물을 찾기 위해 기도를 하고, 나를 인도할 계시를 기다려야 한다.",record,False,False,False,False,,
Knights.esp,QUST,01002D42,ND00,FULL,0,,,Nine Divines general dialogue,나인 디바인 기사단 일반 대화,record,False,False,False,False,,
DLCBattlehornCastle.esp,FACT,0100B09E,DLCBattlehornCastleFaction,FULL,0,,,Faction for Battlehorn NPCs,배틀혼 NPC 세력,record,False,True,False,False,MEDIUM,NPC
DLCBattlehornCastle.esp,FACT,0100BB21,DLCBattlehornSparringFaction,FULL,0,,,Sparring faction for Battlehorn trainer,배틀혼 훈련사를 위한 스파링 세력,record,False,False,False,False,,
DLCBattlehornCastle.esp,FACT,0100CF3C,DLCBattlehornCastleKnightFaction,FULL,0,,,Faction for knights who follow player,플레이어를 따르는 기사 세력,record,False,False,False,False,,
DLCBattlehornCastle.esp,FACT,0100D43F,DLCBattlehornCaptainFaction,FULL,0,,,Faction for captain,선장 세력,record,False,False,False,False,,
DLCBattlehornCastle.esp,SPEL,010147DA,DLCBattlehornDragonswordPower2,FULL,0,,,Dragon Breath,드래곤의 숨결,record,False,False,False,False,,
DLCBattlehornCastle.esp,SPEL,0100C512,AbBattlehornArmorerBuff,FULL,0,,,Dwemer Fireheart,드웨머 파이어하트,record,False,False,False,False,,
DLCBattlehornCastle.esp,SPEL,0100C512,AbBattlehornArmorerBuff,FULL,1,,,Script Effect,드웨머 파이어하트,record,False,False,False,False,,
DLCBattlehornCastle.esp,SPEL,010147D8,DLCBattlehornDragonswordPower3,FULL,0,,,Dragon Breath,드래곤의 숨결,record,False,False,False,False,,
DLCBattlehornCastle.esp,SPEL,010147DD,DLCBattlehornDragonswordPower1,FULL,0,,,Dragon Breath,드래곤의 숨결,record,False,False,False,False,,
DLCBattlehornCastle.esp,ACTI,0100B60E,BattlehornWineBarrelE,FULL,0,,,Barrel of Stumblefoot's Reserve,스텀블풋츠 리저브 통,record,False,False,False,False,,
DLCBattlehornCastle.esp,ACTI,0100B60F,BattlehornWineBarrelF,FULL,0,,,Barrel of Argonian Bloodwine,아르고니안 블러드와인 통,record,False,False,False,False,,
DLCBattlehornCastle.esp,ACTI,0100B610,BattlehornWineBarrelG,FULL,0,,,Barrel of Sparkling Honeydew,스파클링 허니듀 통,record,False,False,False,False,,
DLCBattlehornCastle.esp,ACTI,0100B611,BattlehornWineBarrelCheap,FULL,0,,,Barrel of Cheap Wine,싸구려 포도주 통,record,False,False,False,False,,
DLCBattlehornCastle.esp,ACTI,0100B612,BattlehornWineBarrelMead,FULL,0,,,Barrel of Mead,벌꿀술 통,record,False,False,False,False,,
DLCBattlehornCastle.esp,ACTI,01010B3C,BattlehornCastlePortcullis01,FULL,0,,,Gate,관문,record,False,False,False,False,,
DLCBattlehornCastle.esp,ACTI,010038B9,BattlehornSecretLever01,FULL,0,,,Movable Pillar,이동 가능한 기둥,record,False,False,False,False,,
DLCBattlehornCastle.esp,ACTI,01004DE4,BattlehornSecretLever02,FULL,0,,,Movable Pillar,이동 가능한 기둥,record,False,False,False,False,,
DLCBattlehornCastle.esp,ACTI,01006392,BattlehornForgottenSecretLever01,FULL,0,,,Candelabra,촛대,record,False,False,False,False,,
DLCBattlehornCastle.esp,ACTI,01006279,BattlehornSecretLever03,FULL,0,,,Movable Pillar,이동 가능한 기둥,record,False,False,False,False,,
DLCBattlehornCastle.esp,ACTI,0100A69F,BattlehornDwemerForge,FULL,0,,,Dwemer Forge,드웨머 대장간,record,False,False,False,False,,
DLCBattlehornCastle.esp,ACTI,0100B5FB,BattlehornWineBarrelA,FULL,0,,,Barrel of Frostdew Blanc,프로스트듀 블랑 통,record,False,False,False,False,,
DLCBattlehornCastle.esp,ACTI,0100B60B,BattlehornWineBarrelB,FULL,0,,,Barrel of Colovian Battlecry,콜로비아 배틀크라이 통,record,False,False,False,False,,
DLCBattlehornCastle.esp,ACTI,0100B60C,BattlehornWineBarrelC,FULL,0,,,Barrel of Julianos Firebelly,줄리아노스 파이어벨리 통,record,False,False,False,False,,
DLCBattlehornCastle.esp,ACTI,0100B60D,BattlehornWineBarrelD,FULL,0,,,Barrel of Numbskin Mead,넘스킨 벌꿀술 통,record,False,False,False,False,,
DLCBattlehornCastle.esp,ARMO,010097D3,DLCBattlehornShieldOfTrueHorn,FULL,0,,,Shield Of True Horn,트루 혼의 방패,record,False,False,False,False,,
DLCBattlehornCastle.esp,ARMO,01011F17,DLCBattlehornShieldReward01,FULL,0,,,Lord Kelvyn's Bulwark,켈빈 경의 방벽,record,False,False,False,False,,
DLCBattlehornCastle.esp,ARMO,01011F19,DLCBattlehornShieldReward05,FULL,0,,,Lord Kelvyn's Bulwark,켈빈 경의 방벽,record,False,False,False,False,,
DLCBattlehornCastle.esp,ARMO,01011F1A,DLCBattlehornShieldReward10,FULL,0,,,Lord Kelvyn's Bulwark,켈빈 경의 방벽,record,False,False,False,False,,
DLCBattlehornCastle.esp,ARMO,01011F1B,DLCBattlehornShieldReward15,FULL,0,,,Lord Kelvyn's Bulwark,켈빈 경의 방벽,record,False,False,False,False,,
DLCBattlehornCastle.esp,ARMO,01011F1C,DLCBattlehornShieldReward20,FULL,0,,,Lord Kelvyn's Bulwark,켈빈 경의 방벽,record,False,False,False,False,,
DLCBattlehornCastle.esp,ARMO,010156C9,DLCBattlehornShieldofLight,FULL,0,,,Lord Kain's Shield,케인 경의 방패,record,False,False,False,False,,
DLCBattlehornCastle.esp,ARMO,01011F1D,DLCBattlehornShieldReward25,FULL,0,,,Lord Kelvyn's Bulwark,켈빈 경의 방벽,record,False,False,False,False,,
DLCBattlehornCastle.esp,ARMO,01011F1E,DLCBattlehornShieldReward30,FULL,0,,,Lord Kelvyn's Bulwark,켈빈 경의 방벽,record,False,False,False,False,,
DLCBattlehornCastle.esp,BOOK,010142EF,DLCBattlehornJournal,FULL,0,,,Lord Jaren's Journal,자렌 경의 일지,record,False,False,False,False,,
DLCBattlehornCastle.esp,BOOK,010142EF,DLCBattlehornJournal,DESC,0,,,"<p>
<font face=5>
I hope I have done well. I don't know. Perhaps I should tell the others. But what hope would they have then? I will have to tell Kelvyn, one day, when it is time for him to assume the lordship of the Castle. He, at least, may forgive me, as I am his father.
<p>
I must collect my thoughts. Lord Kain returned last night, while the others were gone to the city. Thank Onsi it was only myself and Garridan -- faithful friend! I have sworn him to secrecy. He was only too happy to let me take responsibility for what we did.
<p>
Later: I am more resolved than ever that the others must never find out. They must never know what Lord Kain has become, our liege lord -- we sacrificed everything for him!
<p>
I will set it all down here, clearly, so that others may judge whether I have done right or wrong.
<p>
When Garridan woke me to tell me that Lord Kain had arrived, I was overjoyed at first. Garridan's grim face soon warned me that all was not well, but he would not tell me what was wrong. Only that Lord Kain was accompanied by Arielle Jurard, a name to freeze the blood -- a Breton battlemage of sinister reputation in Lainlyn.
<p>
Lord Kain was waiting in the great hall with Arielle Jurard. He was heavily cloaked, unsurprisingly as it was a foul night, but I wondered why he had not removed it upon entering the castle.
<p>
I greeted Lord Kain warmly, ignoring his companion for the moment, but when he spoke, it was only haltingly, and with a grating edge that I had never heard before. ""Where are the others?"" was all he said. Arielle Jurard quickly intervened, explaining that Lord Kain was unwell and needed a place to rest.
<p>
By the time Kain was abed, I was fully alarmed. He moved like an old man, and barely spoke in my presence. He left a foul odor in his wake, and remained cloaked until I left him in my chambers. I then demanded that Arielle explain herself, which she was only too willing to do. Her story was appalling. Apparently Kain had perished in battle shortly after we left, but by her arts she had returned him to life, and now planned to gather an army of Knights to resume the war against Baron Shrike. Her eyes glittered with pride as she told me all this -- she is so far gone in madness and evil that she actually believed that I would go along with her plan to install a necromatic puppet on the throne of Lainlyn! For all Baron Shrike's cruelties, he at least is mortal and will one day pass on the rule to an heir.
<p>
Somehow I was able to hide my shock from Arielle Jurard, and pretended to agree to her plan. ""The other knights will need to have Lord Kain's... condition... explained to them before they see him,"" I told her. ""Otherwise the surprise of seeing him may lead some to regrettable actions."" Thinking quickly, I suggested that she tend to Lord Kain in the grotto until I had prepared the others. She agreed without suspicion -- I wonder if her mind has become disordered by her evil practices -- my performance could not have been all that convincing.
<p>
Once they were inside, I shut them in, with Garridan's help. May Tu'whacca have mercy on Lord Kain's soul... As for Arielle Jurard, I wish nothing but endless night on her foul spirit.
<p>
I've had workmen cover up the doorway. Only a few of the others were ever aware of that passage behind the training room -- luckily Kelvyn was not among them. I'll have to come up with some story to satisfy those who ask about the grotto -- or tell them the truth and face the consequences.<p>

",자렌 경의 일지,record,False,False,False,False,,
DLCBattlehornCastle.esp,BOOK,010147D7,DLCBattlehornMerchantList,FULL,0,,,Battlehorn Castle Upgrades List,배틀혼 성 업그레이드 목록,record,False,False,False,False,,
DLCBattlehornCastle.esp,BOOK,010147D7,DLCBattlehornMerchantList,DESC,0,,,"<font face=5>
<BR>
<BR>
I will be happy to provide the following improvements to Battlehorn Castle upon receipt of payment for goods and services rendered.<br><br>

Kitchen Area: The kitchen will be completely refurbished with everything needed to support you and your household. I will also provide the services of a most excellent cook, Plautis Rusonius, whose culinary skills I can personally recommend as he was in charge of the kitchens at the Tiber Septim Hotel for many years.<br>
<br>
Bedroom Area: The bedroom in the castle's private quarters will be fitted out with the most luxurious furnishings and appointments, and the services of a maid accustomed to working in a noble household will be retained.<br>
<br>
Library Area: The library in the castle's private quarters will be restocked with books appropriate to a noble's library, and furnished to provide a comfortable reading and working area.<br>
<br>
Dining Area: You will be able to entertain in high style once we have cleaned and refurbished the dining room in the castle's East Wing.<br>
<br>
Barracks: I will retain the services of an experienced mercenary captain, as well as two men-at-arms, in order to bring the castle garrison up to its full complement.<br>
<br>
Training Room: I will provide an experienced battle trainer, who can spar with you and your men on a variety of weaponry. I have an excellent candidate in mind, but do not want to name him until I am certain I can retain his services for you.<br>
<br>
Trophy Hall: The trophy room in the castle's Great Hall will be reappointed. I will also hire an expert taxidermist to create beautiful and lifelike trophies out of the most dangerous creatures of the land.<br>
<br>
Wine Cellar: No castle should be without the services of a well-trained vintner, and one of the best is now available. Talan learned his trade from his famous sister Tamika of Skingrad. He was also once a member of the prestigious Imperial Alchemy Symposium, but was removed from its ranks for using the skill of alchemy to perpetuate the mixing of magical and alcoholic beverages. The alchemists' loss is your gain: using ingredients found in the wild and his keen sense of taste, Talan creates unusual mixtures the likes of which have never been seen.<br>
<br>
I trust that you will find much here of interest to you in your new position as lord of Battlehorn Castle. Please allow me to be of service.<br>
<br>
I remain,
<br>
<BR>
Nilphas Omellian<BR>
The Merchants Inn, Market District<BR>
Imperial City",배틀혼 성 업그레이드 목록,record,False,False,False,False,,
DLCBattlehornCastle.esp,BOOK,0100B098,DLCBattlehornLibraryReceipt,FULL,0,,,Battlehorn Library Area,배틀혼 도서관 세트,record,False,False,False,False,,
DLCBattlehornCastle.esp,BOOK,0100B098,DLCBattlehornLibraryReceipt,DESC,0,,,"<font face=5>
<BR>
<BR>
The appointments you selected for your library will be delivered promptly to Battlehorn Castle. I'm sure you will find them conducive to scholarship and reflection.<BR>
<BR>
I appreciate your patronage,<BR>
<BR>
Nilphas Omellian<BR>
The Merchants Inn, Market District<BR>
Imperial City",배틀혼 도서관 세트,record,False,False,False,False,,
DLCBattlehornCastle.esp,BOOK,0100B0AC,DLCBattlehornForgeReceipt,FULL,0,,,Battlehorn Dwemer Forge,배틀혼 드웨머 대장간,record,False,False,False,False,,
DLCBattlehornCastle.esp,BOOK,0100B0AC,DLCBattlehornForgeReceipt,DESC,0,,,"<font face=5>
<BR>
<BR>
I know you will be pleased with the antique forge that I am having shipped to Battlehorn Castle. I think you will find it is well worth the cost. Not many can boast of owning a working Dwemer forge!<BR>
<BR>
I appreciate your patronage,<BR>
<BR>
Nilphas Omellian<BR>
The Merchants Inn, Market District<BR>
Imperial City",배틀혼 드웨머 대장간,record,False,False,False,False,,
DLCBattlehornCastle.esp,BOOK,0100D42B,DLCBattlehornMenAtArmsReceipt,FULL,0,,,Battlehorn Barracks,배틀혼 병영,record,False,False,False,False,,
DLCBattlehornCastle.esp,BOOK,0100D42B,DLCBattlehornMenAtArmsReceipt,DESC,0,,,"<font face=5>
<BR>
<BR>
At your request, I've hired Captain Athon, a retired Legion officer with impeccable credentials, to take charge of the men-at-arms at Battlehorn Castle. I've instructed him to hire two additional men-at-arms, at his discretion, to bring the castle garrison to its full complement. I trust that this meets with your approval.<br>

As always, I remain,<br>
<BR>
Nilphas Omellian<BR>
The Merchants Inn, Market District<BR>
Imperial City",배틀혼 병영,record,False,False,False,False,,
DLCBattlehornCastle.esp,BOOK,0100BB0D,DLCBattlehornBookWineRecipes,FULL,0,,,Wine Ingredient List,포도주 재료 목록,record,False,False,False,False,,
DLCBattlehornCastle.esp,BOOK,0100BB0D,DLCBattlehornBookWineRecipes,DESC,0,,,"<p>
<FONT face=5>I can make the following wines for you in about 24 hours, provided I have the necessary ingredients.<BR>
<BR>
Frostdew Blanc:<BR>
Aloe Vera Leaves x2, Green Stain Cup x2<BR>
Restore Health, Restore Fatigue<BR>
<BR>
Colovian Battlecry:<BR>
Bog Beacon Asco, Cinnabar Polypore Red, Cinnabar Polypore Yellow<BR>
Shield, Fortify Endurance<BR>
<BR>
Julianos Firebelly:<BR>
Sacred Lotus Seed, Lady's Smock Leaves x2<BR>
Resist Frost, Fortify Health<BR>
<BR>
Numbskin Mead:<BR>
Dragon's Tongue, Lady's Smock Leaves x2<BR>
Resist Fire, Fortify Health<BR>
<BR>
Stumblefoot's Reserve:<BR>
Arrowroot, Flax Seeds x2<BR>
Feather, Fortify Strength<BR>
<BR>
Argonian Bloodwine:<BR>
Bergamot Seeds x2, Foxglove Nectar x2, White Seed Pod (from Goldenrod)<BR>
Resist Poison, Resist Disease, Water Breathing<BR>
<BR>
Sparkling Honeydew:<BR>
Lavender Sprig x2, Summer Bolete x2<BR>
Fortify Personality, Fortify Speechcraft<BR>",포도주 재료 목록,record,False,False,False,False,,
DLCBattlehornCastle.esp,BOOK,0100D42E,DLCBattlehornCaptainReceipt,FULL,0,,,Battlehorn Captain,배틀혼 경비대장,record,False,False,False,False,,
DLCBattlehornCastle.esp,BOOK,0100D42E,DLCBattlehornCaptainReceipt,DESC,0,,,"<font face=5>
<BR>
<BR>
As per our recent conversation, I've hired a new guard captain to take command of the garrison of Battlehorn Castle. I've tried to answer his questions without going into too many specifics about the fate of his unfortunate predecessor. I trust that I have done well.
<br>
As always, I remain,<br>
<BR>
Nilphas Omellian<BR>
The Merchants Inn, Market District<BR>
Imperial City",배틀혼 경비대장,record,False,False,False,False,,
DLCBattlehornCastle.esp,BOOK,0100B099,DLCBattlehornDiningReceipt,FULL,0,,,Battlehorn Dining Area,배틀혼 식당 세트,record,False,False,False,False,,
DLCBattlehornCastle.esp,BOOK,0100B099,DLCBattlehornDiningReceipt,DESC,0,,,"<font face=5>
<BR>
<BR>
The furnishings you selected for the dining hall will be delivered promptly to Battlehorn Castle. I'm sure you will find that they make your meals more pleasant.<BR>
<BR>
Thank you for your patronage,<BR>
<BR>
Nilphas Omellian<BR>
The Merchants Inn, Market District<BR>
Imperial City",배틀혼 식당 세트,record,False,False,False,False,,
DLCBattlehornCastle.esp,BOOK,0100D433,DLCBattlehornForgeMessage,FULL,0,,,Note from Nilphas Omellian,닐퍼스 오멜리안의 기록,record,False,False,False,False,,
DLCBattlehornCastle.esp,BOOK,0100D433,DLCBattlehornForgeMessage,DESC,0,,,"<font face=5>
<BR>
<BR>
I hope you are pleased with your recent purchase. I recently learned of an item you might be interested in -- an ancient Dwemer forge, still in working condition! It is guaranteed to facilitate all armor and weapon repairs. I know that a person of your means and discrimination would never balk at the price of 3000 gold, which barely covers my own expenses (much less the cost of shipping it to Battlehorn Castle).
<br>
I look forward to doing business with you soon.
<br>
I remain,<br>
<BR>
Nilphas Omellian<BR>
The Merchants Inn, Market District<BR>
Imperial City",닐퍼스 오멜리안의 기록,record,False,False,False,False,,
DLCBattlehornCastle.esp,BOOK,0100B09A,DLCBattlehornKitchenReceipt,FULL,0,,,Battlehorn Kitchen Area,배틀혼 주방 세트,record,False,False,False,False,,
DLCBattlehornCastle.esp,BOOK,0100B09A,DLCBattlehornKitchenReceipt,DESC,0,,,"<font face=5>
<BR>
<BR>
The furnishings you selected for the kitchens will be delivered promptly to Battlehorn Castle. I hope you get many years of enjoyment out of them!<BR>
<BR>
Thank you for your patronage,<BR>
<BR>
Nilphas Omellian<BR>
The Merchants Inn, Market District<BR>
Imperial City",배틀혼 주방 세트,record,False,False,False,False,,
DLCBattlehornCastle.esp,BOOK,0100B09C,DLCBattlehornWineCellarReceipt,FULL,0,,,Battlehorn Wine Cellar,배틀혼 포도주 저장고,record,False,False,False,False,,
DLCBattlehornCastle.esp,BOOK,0100B09C,DLCBattlehornWineCellarReceipt,DESC,0,,,"<font face=5>
<BR>
<BR>
As you requested, I have hired Talan, one of the finest vintners in Cyrodiil to maintain your wine cellar at Battlehorn Castle. He is the brother of the well-known Tamika of Skingrad, so he has learned his trade from the very best. I took the liberty of providing Talan with the funds to equip your wine cellar as he sees fit, as we discussed.<BR>
<BR>
Thank you for your patronage,<BR>
<BR>
Nilphas Omellian<BR>
The Merchants Inn, Market District<BR>
Imperial City",배틀혼 포도주 저장고,record,False,False,False,False,,
DLCBattlehornCastle.esp,BOOK,0100B09D,DLCBattlehornTrainingRoomReceipt,FULL,0,,,Battlehorn Training Room,배틀혼 훈련실,record,False,False,False,False,,
DLCBattlehornCastle.esp,BOOK,0100B09D,DLCBattlehornTrainingRoomReceipt,DESC,0,,,"<font face=5>
<BR>
<BR>
The famous Arena champion, Shagrol gro-Uzug, is on his way to Battlehorn Castle to take up his new position as your sparring partner. I've taken the liberty of sending along the equipment he will need to set up your training room, using the funds you provided. I trust that this meets with your approval.<BR>
<BR>
Thank you for your patronage,<BR>
<BR>
Nilphas Omellian<BR>
The Merchants Inn, Market District<BR>
Imperial City",배틀혼 훈련실,record,False,False,False,False,,
DLCBattlehornCastle.esp,BOOK,0100B08C,DLCBattlehornChronicle,FULL,0,,,Lord Kelvyn's Will,켈빈 경의 유서,record,False,False,False,False,,
DLCBattlehornCastle.esp,BOOK,0100B08C,DLCBattlehornChronicle,DESC,0,,,"<font face=5>
Last Will and Testament<br>
<br>
I, Lord Kelvyn, son of Jaren, and a sworn Knight of the True Horn, upon my death do hereby bequeath Battlehorn Castle and all her lands, dependents, and chattels to the bearer of this document.<br>
<br>
Such an unusual document requires some explanation. I resort to such measures out of desperation. I pen this while Battlehorn Castle lies besieged by a band of ruthless marauders, with little hope that any of us will survive. ""Besieged"" I say, although this petty battle would not have even rated a footnote in the great days of the Knights of the True Horn. We have fallen on hard times, indeed.<br>
<br>
I will entrust this document to my last faithful retainers, with instructions to destroy it in the last extremity, although I accept that I may have provided the means for my murderers to legally take the lordship of Battlehorn Castle. So be it.<br>
<br>
To the new lord of Battlehorn Castle, whoever you are, know that you inherit a stronghold with a proud tradition. Battlehorn Castle was built by a remnant of the Knights of the True Horn who were exiled from our homeland of Lainlyn in Hammerfell. After a failed battle to dethrone Baron Shrike of Lainlyn, our leader, Lord Kain, ordered us to split up into as many small groups as possible until the time should come that he would recall us. My father was part of a group that settled here in Cyrodiil and built Battlehorn Castle as a refuge while they waited for Lord Kain's message... a message that never arrived.<br>
<br>
Over the years, all the Knights of our little band either gave up or passed on, all but one: my father Jaren. Since his untimely death, I have continued to hold Battlehorn Castle in the hope that someday we will hear from Lord Kain and our great exile will be at an end.<br>
<br>
I am afraid that the fortunes of Battlehorn Castle have fallen on hard times. What resources I had available I devoted to maintaining the castle itself -- its walls still stand strong and its hearths still provide warmth. Sadly, this came at great cost, and many of the items within its walls had to be sold in order to meet the enormous payments such maintenance begets. If you find yourself with the means to restore Battlehorn Castle to its former glory, a friend of my father's named Nilphas Omellian still holds many of the castle accoutrements in storage and on account. All that is required is to repay the Castle's debts to Nilphas, and I'm certain he'll happily return the items. <br>
<br>
My final request for the new lord of Battlehorn Castle is to continue to uphold the proud traditions of the Knights of the True Horn, and to honor the memory of our brave service.<br>
",켈빈 경의 유서,record,False,False,False,False,,
DLCBattlehornCastle.esp,BOOK,01011F12,DLCBattlehornBookTaxIngreds,FULL,0,,,Taxidermy Needs List,박제 필요물품 목록,record,False,False,False,False,,
DLCBattlehornCastle.esp,BOOK,01011F12,DLCBattlehornBookTaxIngreds,DESC,0,,,"<p>
<FONT face=5>I specialize in the finest reconstructions of creatures from across the face of Cyrodiil. I am ready to create my marvels of taxidermy, but require a small portion of each appropriate creature in order to make the likeness complete.<BR>
<BR>
Stuffed Bear:<BR>
Bear Pelt<BR>
<BR>
Stuffed Wolf:<BR>
Wolf Pelt<BR>
<BR>
Stuffed Minotaur:<BR>
Minotaur Horn<BR>
<BR>
Stuffed Mountain Lion:<BR>
Lion Hide<BR>
<BR>
Stuffed Ogre:<BR>
Ogre Teeth<BR>
<BR>
Stuffed Clannfear:<BR>
Clannfear Claws<BR>
<BR>
Stuffed Deadroth:<BR>
Deadroth Teeth<BR>
<BR>
Stuffed Troll:<BR>
Troll Fat<BR>
<BR>
Melisi Daren, Taxidermist
",박제 필요물품 목록,record,False,False,False,False,,
DLCBattlehornCastle.esp,BOOK,01011F42,DLCBattlehornLichNote,FULL,0,,,Decrepit Note,낡아서 희미해진 기록,record,False,False,False,False,,
DLCBattlehornCastle.esp,BOOK,01011F42,DLCBattlehornLichNote,DESC,0,,,"<p>
<font face=5>
<BR>
<BR>
Ignorant fool! I could have delivered Lainlyn to him, and more. But time is of no consequence to me any longer! While he is growing old, I will be only growing stronger, to await the day when I will return to claim my rightful place among the powers of this world!
<br>
<br>
<br>
The darkness is not so bad. I come to like it. My companion is not very talkative, but that is just as well. I see now that my procedure was somewhat flawed -- the flesh was not fully imbued with life as I intended. But his spirit remains strongly bound. He will provide me with an excellent test subject, as long as I am careful to do no permanent damage.
<br>
<br>
<br>
Sometimes I awaken, and do not know where I am or what I have been doing. How to tell the passage of time here? Why should it matter to me? I believe the change is coming over me quickly now. My lord Mannimarco would be pleased.
<br>
<br>
<br>
Deep night darkness. Sometimes sleep under moon invisible. Howl sweetly, so sweet. My darkness. Silence.<p>
",낡아서 희미해진 기록,record,False,False,False,False,,
DLCBattlehornCastle.esp,BOOK,0100B0A1,DLCBattlehornTrophyHallReceipt,FULL,0,,,Battlehorn Trophy Hall,배틀혼 전리품 홀,record,False,False,False,False,,
DLCBattlehornCastle.esp,BOOK,0100B0A1,DLCBattlehornTrophyHallReceipt,DESC,0,,,"<font face=5>
<BR>
<BR>
The appointments you selected for your trophy hall will be deliverered promptly to Battlehorn Castle. As you requested, I've also hired a taxidermist to join your castle staff. Melisi Daren comes highly recommended by her former employer, a wealthy gentleman from Bruma named Baenlin. I'm sure she will meet with your satisfaction.<BR>
<BR>
Thank you for your patronage,<BR>
<BR>
Nilphas Omellian<BR>
The Merchants Inn, Market District<BR>
Imperial City",배틀혼 전리품 홀,record,False,False,False,False,,
DLCBattlehornCastle.esp,BOOK,0100B097,DLCBattlehornBedroomAreaReceipt,FULL,0,,,Battlehorn Bedroom,배틀혼 침실,record,False,False,False,False,,
DLCBattlehornCastle.esp,BOOK,0100B097,DLCBattlehornBedroomAreaReceipt,DESC,0,,,"<font face=5>
<BR>
<BR>
The furnishings for your private quarters will be delivered promptly to Battlehorn Castle. I hope you find them comfortable!<BR>
<BR>
Thank you for your patronage,<BR>
<BR>
Nilphas Omellian<BR>
The Merchants Inn, Market District<BR>
Imperial City",배틀혼 침실,record,False,False,False,False,,
DLCBattlehornCastle.esp,CONT,01007771,BattlehornCrateClutterMiddle01,FULL,0,,,Crate,상자,record,False,False,False,False,,
DLCBattlehornCastle.esp,CONT,01007772,BattlehornChestClutterMiddle01,FULL,0,,,Chest,상자,record,False,False,False,False,,
DLCBattlehornCastle.esp,CONT,01007773,BattlehornChestJewelryMiddle01,FULL,0,,,Jewelry Box,보석 상자,record,False,False,False,False,,
DLCBattlehornCastle.esp,CONT,01007774,BattlehornCrateClutterMiddle03,FULL,0,,,Crate,상자,record,False,False,False,False,,
DLCBattlehornCastle.esp,CONT,01007775,BattlehornChestHouseArmoryLower01,FULL,0,,,Chest,상자,record,False,False,False,False,,
DLCBattlehornCastle.esp,CONT,01011F2E,BattlehornChestSpecial01,FULL,0,,,Lord Kelvyn's Chest,켈빈 경의 상자,record,False,False,False,False,,
DLCBattlehornCastle.esp,CONT,0100776A,BattlehornDrawerClutterUpperClothing02,FULL,0,,,Drawers,선반,record,False,False,False,False,,
DLCBattlehornCastle.esp,CONT,0100776B,BattlehornCupboardClothingUpper,FULL,0,,,Cupboard,찬장,record,False,False,False,False,,
DLCBattlehornCastle.esp,CONT,0100776C,BattlehornDrawerClutterUpper03,FULL,0,,,Drawers,선반,record,False,False,False,False,,
DLCBattlehornCastle.esp,CONT,0100776D,BattlehornCupboardFoodUpper,FULL,0,,,Cupboard,찬장,record,False,False,False,False,,
DLCBattlehornCastle.esp,CONT,0100B096,BattlehornAddons,FULL,0,,,Chest,상자,record,False,False,False,False,,
DLCBattlehornCastle.esp,CONT,0100776E,BattlehornChestHouseHealingUpper01,FULL,0,,,Chest,상자,record,False,False,False,False,,
DLCBattlehornCastle.esp,CONT,0100776F,BattlehornCrateClutterMiddle02,FULL,0,,,Crate,상자,record,False,False,False,False,,
DLCBattlehornCastle.esp,CONT,01007770,BattlehornBarrelClutterMiddle01,FULL,0,,,Barrel,통,record,False,False,False,False,,
DLCBattlehornCastle.esp,CONT,0100E33C,DLCBattlehornLichChest,FULL,0,,,Chest,상자,record,False,False,False,False,,
DLCBattlehornCastle.esp,DOOR,01004334,BattlehornCastleFortAgedNDoor01WineCeller,FULL,0,,,Wooden Door,나무 문,record,False,False,False,False,,
DLCBattlehornCastle.esp,DOOR,0100432B,BattlehornCastleDoor01Tax,FULL,0,,,Wooden Door,나무 문,record,False,False,False,False,,
DLCBattlehornCastle.esp,DOOR,01005A96,BattlehornCastleDoor01Vintner,FULL,0,,,Wooden Door,나무 문,record,False,False,False,False,,
DLCBattlehornCastle.esp,DOOR,0100432C,BattlehornCastleDoor02Master,FULL,0,,,Master Bedroom,마스터 침실,record,False,False,False,False,,
DLCBattlehornCastle.esp,DOOR,0100432D,BattlehornCastleDoor01MenAtArms,FULL,0,,,Wooden Door,나무 문,record,False,False,False,False,,
DLCBattlehornCastle.esp,DOOR,0100432E,BattlehornCastleDoor01Storage,FULL,0,,,Wooden Door,나무 문,record,False,False,False,False,,
DLCBattlehornCastle.esp,DOOR,0100432F,BattlehornCastleDoor01SleepingQuarters,FULL,0,,,Wooden Door,나무 문,record,False,False,False,False,,
DLCBattlehornCastle.esp,DOOR,01016F55,BattlehornCastleTrapDoor01,FULL,0,,,Trap Door,샛문,record,False,False,False,False,,
DLCBattlehornCastle.esp,DOOR,0101743D,BattlehornCastleDoorMinimalUse,FULL,0,,,Wooden Door,나무 문,record,False,False,False,False,,
DLCBattlehornCastle.esp,DOOR,01004330,BattlehornCastleDoor01Kitchen,FULL,0,,,Wooden Door,나무 문,record,False,False,False,False,,
DLCBattlehornCastle.esp,DOOR,01004331,BattlehornCastleDoor01TrainingRoom,FULL,0,,,Wooden Door,나무 문,record,False,False,False,False,,
DLCBattlehornCastle.esp,WEAP,010147EF,DLCBattlehornDragonsword04,FULL,0,,,Dragonsword of Lainlyn,레인린의 용검,record,False,False,False,False,,
DLCBattlehornCastle.esp,WEAP,010147F0,DLCBattlehornDragonsword05,FULL,0,,,Dragonsword of Lainlyn,레인린의 용검,record,False,False,False,False,,
DLCBattlehornCastle.esp,WEAP,010147F1,DLCBattlehornDragonsword06,FULL,0,,,Dragonsword of Lainlyn,레인린의 용검,record,False,False,False,False,,
DLCBattlehornCastle.esp,WEAP,0100BB20,BattlehornSparringDagger,FULL,0,,,Sparring Dagger,대련용 대거,record,False,False,False,False,,
DLCBattlehornCastle.esp,WEAP,01012E13,DLCBattlehornDragonsword01,FULL,0,,,Dragonsword of Lainlyn,레인린의 용검,record,False,False,False,False,,
DLCBattlehornCastle.esp,WEAP,0100BB1E,BattlehornSparringWarhammer,FULL,0,,,Sparring Warhammer,대련용 전투 망치,record,False,False,False,False,,
DLCBattlehornCastle.esp,WEAP,0100BB1F,BattlehornSparringWarAxe,FULL,0,,,Sparring War Axe,대련용 손도끼,record,False,False,False,False,,
DLCBattlehornCastle.esp,WEAP,010147EC,DLCBattlehornDragonsword02,FULL,0,,,Dragonsword of Lainlyn,레인린의 용검,record,False,False,False,False,,
DLCBattlehornCastle.esp,WEAP,010147EE,DLCBattlehornDragonsword03,FULL,0,,,Dragonsword of Lainlyn,레인린의 용검,record,False,False,False,False,,
DLCBattlehornCastle.esp,NPC_,0100D441,DLCBattlehornMaid,FULL,0,,,Rona Benanius,로나 베나니우스,record,False,False,False,False,,
DLCBattlehornCastle.esp,NPC_,0100D44B,DLCBattlehornCook,FULL,0,,,Plautis Rusonius,플란티우스 루소니우스,record,False,False,False,False,,
DLCBattlehornCastle.esp,NPC_,0100CA44,DLCBattlehornKnight4,FULL,0,,,Battlehorn Man-At-Arms,배틀혼 중장병,record,False,False,False,False,,
DLCBattlehornCastle.esp,NPC_,0100C516,DLCBattlehornBlacksmith,FULL,0,,,Niels,닐스,record,False,False,False,False,,
DLCBattlehornCastle.esp,NPC_,0100B09F,DLCBattlehornTrainer,FULL,0,,,Shagrol gro-Uzug,샤그롤 그로-우죽,record,False,False,False,False,,
DLCBattlehornCastle.esp,NPC_,0100CA2B,DLCBattlehornKnight1,FULL,0,,,Battlehorn Man-At-Arms,배틀혼 중장병,record,False,False,False,False,,
DLCBattlehornCastle.esp,NPC_,0100B0A0,DLCBattlehornTaxidermist,FULL,0,,,Melisi Daren,멜리시 대런,record,False,False,False,False,,
DLCBattlehornCastle.esp,NPC_,01013417,DLCBattlehornLordKelvyn,FULL,0,,,Lord Kelvyn,켈빈 경,record,False,False,False,False,,
DLCBattlehornCastle.esp,NPC_,0101341D,DLCBattlehornKnightDead,FULL,0,,,Battlehorn Man-At-Arms,배틀혼 중장병,record,False,False,False,False,,
DLCBattlehornCastle.esp,NPC_,01013427,DLCBattlehornMarauderBoss,FULL,0,,,Marauder Warlord,약탈자 군장,record,False,False,False,False,,
DLCBattlehornCastle.esp,NPC_,01013428,DLCBattlehornMarauderMelee,FULL,0,,,Marauder,약탈자,record,False,False,False,False,,
DLCBattlehornCastle.esp,NPC_,01013429,DLCBattlehornMarauderMage,FULL,0,,,Marauder Battlemage,약탈자 배틀메이지,record,False,False,False,False,,
DLCBattlehornCastle.esp,NPC_,0101342A,DLCBattlehornMarauderMissile,FULL,0,,,Marauder Archer,약탈자 궁수,record,False,False,False,False,,
DLCBattlehornCastle.esp,NPC_,0100D42D,DLCBattlehornCaptainReplacement,FULL,0,,,Battlehorn Castellan,배틀혼 성주,record,False,False,False,False,,
DLCBattlehornCastle.esp,NPC_,0100B09B,DLCBattlehornVintner,FULL,0,,,Talan ,탈란,record,False,False,False,False,,
DLCBattlehornCastle.esp,NPC_,0100CA3E,DLCBattlehornKnight2,FULL,0,,,Battlehorn Man-At-Arms,배틀혼 중장병,record,False,False,False,False,,
DLCBattlehornCastle.esp,NPC_,0100CA40,DLCBattlehornCaptain,FULL,0,,,Castellan Athon,캐스텔란 아톤,record,False,False,False,False,,
DLCBattlehornCastle.esp,NPC_,0100B08E,DLCBattlehornMerchant,FULL,0,,,Nilphas Omellian,닐파스 오멜리안,record,False,False,False,False,,
DLCBattlehornCastle.esp,NPC_,0100CA43,DLCBattlehornKnight3,FULL,0,,,Battlehorn Man-At-Arms,배틀혼 중장병,record,False,False,False,False,,
DLCBattlehornCastle.esp,CREA,0100C513,DogBattlehorn,FULL,0,,,Hjalti,할티,record,False,False,False,False,,
DLCBattlehornCastle.esp,CREA,0100E824,DLCBattlehornSkeleton,FULL,0,,,Lord Kain,케인 경,record,False,False,False,False,,
DLCBattlehornCastle.esp,CREA,0100E337,DLCBattlehornLich,FULL,0,,,Arielle Jurard,아리엘 주라드,record,False,False,False,False,,
DLCBattlehornCastle.esp,KEYM,0100E339,DLCBattlehornLichKey,FULL,0,,,Lich Key,리치 열쇠,record,False,False,False,False,,
DLCBattlehornCastle.esp,ALCH,0100A6A8,DrinkArgonianBloodwine,FULL,0,,,Argonian Bloodwine,아르고니안 블러드와인,record,False,False,False,False,,
DLCBattlehornCastle.esp,ALCH,0100A6A9,DrinkNumbskinMead,FULL,0,,,Numbskin Mead,넘스킨 벌꿀주,record,False,False,False,False,,
DLCBattlehornCastle.esp,ALCH,0100A6AB,DrinkJulianosFirebelly,FULL,0,,,Julianos Firebelly,줄리아노스 파이어벨리,record,False,False,False,False,,
DLCBattlehornCastle.esp,ALCH,0100A6AD,DrinkSparklingHoneydew,FULL,0,,,Sparkling Honeydew,스파클링 허니듀,record,False,False,False,False,,
DLCBattlehornCastle.esp,ALCH,0100A6AF,DrinkStumblefootsReserve,FULL,0,,,Stumblefoot's Reserve,스텀블풋츠 리저브,record,False,False,False,False,,
DLCBattlehornCastle.esp,ALCH,0100A6A2,DrinkFrostdewBlanc,FULL,0,,,Frostdew Blanc,프로스트듀 블랑,record,False,False,False,False,,
DLCBattlehornCastle.esp,ALCH,0100A6A5,DrinkColovianBattleCry,FULL,0,,,Colovian Battlecry,콜로비아 배틀크라이,record,False,False,False,False,,
DLCBattlehornCastle.esp,DIAL,000000C8,GREETING,FULL,0,,,GREETING,인사,record,False,False,True,False,TOPIC_CHECK,
DLCBattlehornCastle.esp,INFO,0101391C,,NAM1,0,,,Allow me to extend my congratulations on your daring victory. I am at your service.,이곳을 더 살기 좋은 곳으로 만들기 위해 필요한 모든 것을 준비했습니다.,record,False,False,False,False,,
DLCBattlehornCastle.esp,INFO,0101391C,,NAM1,1,,,I have everything you need to make the place more livable.,"여기, 이 목록을 받아요.",record,False,False,False,False,,
DLCBattlehornCastle.esp,INFO,0101391C,,NAM1,2,,,"Here, take this list.",대담한 승리를 축하드립니다. 언제든지 도와드리겠습니다.,record,False,False,False,False,,
DLCBattlehornCastle.esp,INFO,010142EE,,NAM1,0,,,"Whatever you need, I'm at your service.",무엇이 필요하시든 제가 도와드리겠습니다.,record,False,False,False,False,,
DLCBattlehornCastle.esp,INFO,0100B622,,NAM1,0,,,How can I be of service?,어떻게 도와 드릴까요?,record,False,False,False,False,,
DLCBattlehornCastle.esp,INFO,0100DE4B,,NAM1,0,,,"What can I do fer ya, sir?","뭘 도와드릴까요, 선생님?",record,False,False,False,False,,
DLCBattlehornCastle.esp,INFO,0100DE4C,,NAM1,0,,,"What can I do fer ya, ma'am?","뭘 도와드릴까요, 부인?",record,False,False,False,False,,
DLCBattlehornCastle.esp,INFO,0100DE20,,NAM1,0,,,"What can I do for you, sir?","무엇을 도와드릴까요, 선생님?",record,False,False,False,False,,
DLCBattlehornCastle.esp,INFO,0100B623,,NAM1,0,,,"What can I do for you, ma'am?","부인, 무엇을 도와드릴까요?",record,False,False,False,False,,
DLCBattlehornCastle.esp,INFO,0100BB10,,NAM1,0,,,"Yes, sir? What can I do for you?","네, 기사님? 무엇을 도와드릴까요?",record,False,False,False,False,,
DLCBattlehornCastle.esp,INFO,0100BB11,,NAM1,0,,,"Yes, ma'am? What can I do for you?","네, 부인? 무엇을 도와드릴까요?",record,False,False,False,False,,
DLCBattlehornCastle.esp,INFO,01013916,,NAM1,0,,,"This is no time to talk! Keep your guard up, and watch your back!",지금은 말할 때가 아닙니다! 경계를 늦추지 말고 뒤를 조심하세요!,record,False,False,False,False,,
DLCBattlehornCastle.esp,INFO,0100CA29,,NAM1,0,,,This is indeed a dark day for all of us left. But I thank you for risking your own life to help us.,오늘은 우리 모두에게 참으로 슬픈 날입니다. 하지만 목숨을 걸고 저희를 도와주신데 대해서 깊은 감사를 드리는 바입니다.,record,False,False,False,False,,
DLCBattlehornCastle.esp,INFO,0100CA29,,NAM1,1,,,"Here, take this. It'll tell you all you need to know.",이거 받아. 필요한 정보는 모두 여기에 적혀 있어.,record,False,False,False,False,,
DLCBattlehornCastle.esp,INFO,0100CA29,,NAM1,2,,,"As the newest master of the castle, I bid you welcome!","이 성의 새로운 주인으로서, 당신을 환영합니다!",record,False,False,False,False,,
DLCBattlehornCastle.esp,INFO,01013416,,NAM1,0,,,"Welcome to the castle, milady.","성으로 오신 것을 환영합니다, 부인.",record,False,False,False,False,,
DLCBattlehornCastle.esp,INFO,01013416,,NAM1,1,,,"Here, take this. It'll tell you all you need to know.",이거 받아. 필요한 정보는 모두 여기에 적혀 있어.,record,False,False,False,False,,
DLCBattlehornCastle.esp,INFO,01013416,,NAM1,2,,,"As the newest master of the castle, I bid you welcome!","이 성의 새로운 주인으로서, 당신을 환영합니다!",record,False,False,False,False,,
DLCBattlehornCastle.esp,INFO,0100CA2A,,NAM1,0,,,"Welcome to the castle, milord.","성에 오신 것을 환영합니다, 영주님.",record,False,False,False,False,,
DLCBattlehornCastle.esp,INFO,0100CA2A,,NAM1,1,,,"Here, take this. It'll tell you all you need to know.",이거 받아. 필요한 정보는 모두 여기에 적혀 있어.,record,False,False,False,False,,
DLCBattlehornCastle.esp,INFO,0100CA2A,,NAM1,2,,,"As the newest master of the castle, I bid you welcome!","이 성의 새로운 주인으로서, 당신을 환영합니다!",record,False,False,False,False,,
DLCBattlehornCastle.esp,INFO,0100D431,,NAM1,0,,,"This came for you, sir.","이건 당신을 위한 것입니다, 선생님.",record,False,False,False,False,,
DLCBattlehornCastle.esp,INFO,0100D432,,NAM1,0,,,"This came for you, ma'am.","이건 당신을 위한 것입니다, 부인.",record,False,False,False,False,,
DLCBattlehornCastle.esp,INFO,0100D43A,,NAM1,0,,,"Yes, sir?","네, 기사님?",record,False,False,False,False,,
DLCBattlehornCastle.esp,INFO,0100D43B,,NAM1,0,,,"Yes, ma'am?","네, 부인?",record,False,False,False,False,,
DLCBattlehornCastle.esp,INFO,0100D43D,,NAM1,0,,,"Yes, sir?","네, 기사님?",record,False,False,False,False,,
DLCBattlehornCastle.esp,INFO,0100D43E,,NAM1,0,,,"Yes, ma'am?","네, 부인?",record,False,False,False,False,,
DLCBattlehornCastle.esp,INFO,01011EF8,,NAM1,0,,,"Yes, sir?","네, 기사님?",record,False,False,False,False,,
DLCBattlehornCastle.esp,INFO,01011EF9,,NAM1,0,,,"Yes, ma'am?","네, 부인?",record,False,False,False,False,,
DLCBattlehornCastle.esp,INFO,01011EFA,,NAM1,0,,,"Yes, sir?","네, 기사님?",record,False,False,False,False,,
DLCBattlehornCastle.esp,INFO,01011EFB,,NAM1,0,,,"Yes, ma'am?","네, 부인?",record,False,False,False,False,,
DLCBattlehornCastle.esp,INFO,01011EFC,,NAM1,0,,,"Yes, sir?","네, 기사님?",record,False,False,False,False,,
DLCBattlehornCastle.esp,INFO,01011EFD,,NAM1,0,,,"Yes, ma'am?","네, 부인?",record,False,False,False,False,,
DLCBattlehornCastle.esp,INFO,01011EFE,,NAM1,0,,,"Yes, sir?","네, 기사님?",record,False,False,False,False,,
DLCBattlehornCastle.esp,INFO,01011EFF,,NAM1,0,,,"Yes, ma'am?","네, 부인?",record,False,False,False,False,,
DLCBattlehornCastle.esp,INFO,01011F00,,NAM1,0,,,"Yes, sir?","네, 기사님?",record,False,False,False,False,,
DLCBattlehornCastle.esp,INFO,01011F01,,NAM1,0,,,"Yes, ma'am?","네, 부인?",record,False,False,False,False,,
DLCBattlehornCastle.esp,INFO,01011F02,,NAM1,0,,,"Yes, sir?","네, 기사님?",record,False,False,False,False,,
DLCBattlehornCastle.esp,INFO,01011F03,,NAM1,0,,,"Yes, ma'am?","네, 부인?",record,False,False,False,False,,
DLCBattlehornCastle.esp,INFO,01011F04,,NAM1,0,,,"Yes, sir?","네, 기사님?",record,False,False,False,False,,
DLCBattlehornCastle.esp,INFO,01011F05,,NAM1,0,,,"Yes, ma'am?","네, 부인?",record,False,False,False,False,,
DLCBattlehornCastle.esp,INFO,01011F06,,NAM1,0,,,"Yes, sir?","네, 기사님?",record,False,False,False,False,,
DLCBattlehornCastle.esp,INFO,01011F07,,NAM1,0,,,"Yes, ma'am?","네, 부인?",record,False,False,False,False,,
DLCBattlehornCastle.esp,INFO,01011F0E,,NAM1,0,,,"What is it, sera?","무슨 일이십니까, 선생님?",record,False,False,False,False,,
DLCBattlehornCastle.esp,INFO,01011F0F,,NAM1,0,,,"What is it, muthsera?","무슨 일이십니까, 무세라?",record,False,False,False,False,,
DLCBattlehornCastle.esp,INFO,01011F10,,NAM1,0,,,"What is it, sera?","무슨 일이십니까, 선생님?",record,False,False,False,False,,
DLCBattlehornCastle.esp,INFO,01011F11,,NAM1,0,,,"What is it, muthsera?","무슨 일이십니까, 무세라?",record,False,False,False,False,,
DLCBattlehornCastle.esp,DIAL,000000D2,HELLO,FULL,0,,,HELLO,안녕하세요,record,False,False,True,False,TOPIC_CHECK,
DLCBattlehornCastle.esp,INFO,00037F62,,NAM1,0,,,Hail.,안녕하십니까.,record,False,False,False,False,,
DLCBattlehornCastle.esp,INFO,0100D423,,NAM1,0,,,"Good morning, ma'am.","좋은 아침입니다, 부인.",record,False,False,False,False,,
DLCBattlehornCastle.esp,INFO,0100D424,,NAM1,0,,,"Good afternoon, ma'am.","안녕하세요, 부인.",record,False,False,False,False,,
DLCBattlehornCastle.esp,INFO,0100D425,,NAM1,0,,,"Good evening, ma'am.","좋은 저녁입니다, 부인.",record,False,False,False,False,,
DLCBattlehornCastle.esp,INFO,0100D426,,NAM1,0,,,"Good morning, sir.","좋은 아침입니다, 선생님.",record,False,False,False,False,,
DLCBattlehornCastle.esp,INFO,0100D427,,NAM1,0,,,"Good afternoon, sir.","안녕하세요, 선생님.",record,False,False,False,False,,
DLCBattlehornCastle.esp,INFO,0100D428,,NAM1,0,,,"Good evening, sir.","좋은 저녁입니다, 선생님.",record,False,False,False,False,,
DLCBattlehornCastle.esp,DIAL,000000D4,GOODBYE,FULL,0,,,GOODBYE,작별,record,False,False,True,False,TOPIC_CHECK,
DLCBattlehornCastle.esp,INFO,0100D429,,NAM1,0,,,Farewell.,잘 가세요.,record,False,False,False,False,,
DLCBattlehornCastle.esp,DIAL,0100B61E,BattlehornWineTopic,FULL,0,,,Ingredients for wine,포도주 재료,record,False,False,True,False,TOPIC_CHECK,
DLCBattlehornCastle.esp,INFO,0100B61F,,NAM1,0,,,You've brought me what I asked for? ,제가 요청드린 걸 가져오셨나요?,record,False,False,False,False,,
DLCBattlehornCastle.esp,DIAL,0100B620,BattlehornWineA,FULL,0,,,Give Frostdew Blanc ingredients.,프로스트듀 블랑 재료 건네기,record,False,False,True,False,TOPIC_CHECK,
DLCBattlehornCastle.esp,INFO,0100BB0C,,NAM1,0,,,Thank you. Anything else?,고맙습니다. 다른 건 없으신가요?,record,False,False,False,False,,
DLCBattlehornCastle.esp,DIAL,0100B624,BattlehornVintnerGreetA,FULL,0,,,What kinds of wines can you make?,당신은 어떤 종류의 포도주를 만들 수 있습니까?,record,False,False,True,False,TOPIC_CHECK,
DLCBattlehornCastle.esp,INFO,0100B621,,NAM1,0,,,"There are some things I need. Here, take this list. It'll tell you all you need to know.","제게 필요한 게 몇 가지 있습니다. 자, 이 목록을 받으세요. 아셔야할 정보를 모두 말씀드리겠습니다.",record,False,False,False,False,,
DLCBattlehornCastle.esp,DIAL,0100BB0E,BattlehornNeverMind,FULL,0,,,I don't need anything else.,전혀 필요가 없습니다.,record,False,False,True,False,TOPIC_CHECK,
DLCBattlehornCastle.esp,INFO,0100C520,,NAM1,0,,,Certainly.,물론입니다.,record,False,False,False,False,,
DLCBattlehornCastle.esp,INFO,0100DE4F,,NAM1,0,,,A pleasure to serve you.,도움이 되어 기쁩니다.,record,False,False,False,False,,
DLCBattlehornCastle.esp,INFO,0100DE50,,NAM1,0,,,Come back and see me again.,필요한 게 있으시면 절 찾으세요.,record,False,False,False,False,,
DLCBattlehornCastle.esp,DIAL,0100BB12,BattlehornWineB,FULL,0,,,Give Colovian Battlecry ingredients.,콜로비아 배틀크라이 재료 좀 주세요.,record,False,False,True,False,TOPIC_CHECK,
DLCBattlehornCastle.esp,INFO,0100BB18,,NAM1,0,,,Thank you. Anything else?,고맙습니다. 다른 건 없으신가요?,record,False,False,False,False,,
DLCBattlehornCastle.esp,DIAL,0100BB13,BattlehornWineC,FULL,0,,,Give Julianos Firebelly ingredients.,줄리아노스 파이어벨리 재료를 주세요.,record,False,False,True,False,TOPIC_CHECK,
DLCBattlehornCastle.esp,INFO,0100BB19,,NAM1,0,,,Thank you. Anything else?,고맙습니다. 다른 건 없으신가요?,record,False,False,False,False,,
DLCBattlehornCastle.esp,DIAL,0100BB14,BattlehornWineD,FULL,0,,,Give Numbskin Mead ingredients.,넘스킨 벌꿀술 재료 건네기,record,False,False,True,False,TOPIC_CHECK,
DLCBattlehornCastle.esp,INFO,0100BB1A,,NAM1,0,,,Thank you. Anything else?,고맙습니다. 다른 건 없으신가요?,record,False,False,False,False,,
DLCBattlehornCastle.esp,DIAL,0100BB15,BattlehornWineE,FULL,0,,,Give Stumblefoot Reserve ingredients.,스텀블풋츠 리저브 재료 건네기,record,False,False,True,False,TOPIC_CHECK,
DLCBattlehornCastle.esp,INFO,0100BB1B,,NAM1,0,,,Thank you. Anything else?,고맙습니다. 다른 건 없으신가요?,record,False,False,False,False,,
DLCBattlehornCastle.esp,DIAL,0100BB16,BattlehornWineF,FULL,0,,,Give Argonian Bloodwine ingredients.,아르고니안 블러드와인 재료 건네기,record,False,False,True,False,TOPIC_CHECK,
DLCBattlehornCastle.esp,INFO,0100BB1C,,NAM1,0,,,Thank you. Anything else?,고맙습니다. 다른 건 없으신가요?,record,False,False,False,False,,
DLCBattlehornCastle.esp,DIAL,0100BB17,BattlehornWineG,FULL,0,,,Give Sparkling Honeydew ingredients.,스파클링 허니듀 재료 건네기,record,False,False,True,False,TOPIC_CHECK,
DLCBattlehornCastle.esp,INFO,0100BB1D,,NAM1,0,,,Thank you. Anything else?,고맙습니다. 다른 건 없으신가요?,record,False,False,False,False,,
DLCBattlehornCastle.esp,DIAL,0100C00A,BattlehornTrainerSparring,FULL,0,,,Spar with me.,나와 스파링 하기,record,False,False,True,False,TOPIC_CHECK,
DLCBattlehornCastle.esp,INFO,0100C00B,,NAM1,0,,,Sure. I need a weapon. The choice is yours.,알겠습니다. 제겐 무기가 필요합니다. 선택은 당신의 몫입니다.,record,False,False,False,False,,
DLCBattlehornCastle.esp,DIAL,0100C00C,BattlehornTrainerWeaponChoiceA,FULL,0,,,Use a two-handed weapon.,두손 무기를 사용한다.,record,False,False,True,False,TOPIC_CHECK,
DLCBattlehornCastle.esp,INFO,0100C00D,,NAM1,0,,,I'm good. I've got this hammer! Come on.,괜찮습니다. 제겐 이 망치가 있으니까요! 시작하시죠.,record,False,False,False,False,,
DLCBattlehornCastle.esp,DIAL,0100C00E,BattlehornTrainerWeaponChoiceB,FULL,0,,,Use a one-handed weapon.,한손 무기를 사용한다.,record,False,False,True,False,TOPIC_CHECK,
DLCBattlehornCastle.esp,INFO,0100C00F,,NAM1,0,,,All right. Come on.,"좋아요, 시작하시죠.",record,False,False,False,False,,
DLCBattlehornCastle.esp,DIAL,0100C013,BattlehornTrainerWeaponChoiceC,FULL,0,,,Use a dagger.,단검을 사용한다.,record,False,False,True,False,TOPIC_CHECK,
DLCBattlehornCastle.esp,INFO,0100C014,,NAM1,0,,,All right. Come on.,"좋아요, 시작하시죠.",record,False,False,False,False,,
DLCBattlehornCastle.esp,DIAL,0100C51D,BattlehornTaxidermistTrophyTopic,FULL,0,,,Create a trophy,트로피 만들기,record,False,False,True,False,TOPIC_CHECK,
DLCBattlehornCastle.esp,INFO,0100C51E,,NAM1,0,,,What can I do for you?,무엇을 도와드릴까요?,record,False,False,False,False,,
DLCBattlehornCastle.esp,DIAL,0100C51F,BattlehornTrophyA,FULL,0,,,Make a stuffed bear.,곰 박제 만들기,record,False,False,True,False,TOPIC_CHECK,
DLCBattlehornCastle.esp,INFO,0100C529,,NAM1,0,,,"Ah, wonderful! I'll just take this from you, and get to work. I'll need some time with this; come and find me tomorrow.","아, 훌륭합니다! 이건 제가 가져가서 작업해야겠네요. 시간이 좀 필요할 것 같습니다. 내일 다시 찾아 주세요.",record,False,False,False,False,,
DLCBattlehornCastle.esp,INFO,0100C52A,,NAM1,0,,,You don't have the item I need. I'm sorry.,제게 필요한 물건을 갖고 계시지 않은 것 같은데요. 미안합니다.,record,False,False,False,False,,
DLCBattlehornCastle.esp,DIAL,0100C521,BattlehornTrophyNeverMind,FULL,0,,,Never mind.,신경 쓰지 마시죠.,record,False,False,True,False,TOPIC_CHECK,
DLCBattlehornCastle.esp,INFO,0100BB0F,,NAM1,0,,,Very well.,알겠습니다.,record,False,False,False,False,,
DLCBattlehornCastle.esp,DIAL,0100C522,BattlehornTrophyB,FULL,0,,,Make a stuffed wolf.,늑대 박제 만들기,record,False,False,True,False,TOPIC_CHECK,
DLCBattlehornCastle.esp,INFO,0100C52B,,NAM1,0,,,"Ah, wonderful! I'll just take this from you, and get to work. I'll need some time with this; come and find me tomorrow.","아, 훌륭합니다! 이건 제가 가져가서 작업해야겠네요. 시간이 좀 필요할 것 같습니다. 내일 다시 찾아 주세요.",record,False,False,False,False,,
DLCBattlehornCastle.esp,INFO,0100C52C,,NAM1,0,,,You don't have the item I need. I'm sorry.,제게 필요한 물건을 갖고 계시지 않은 것 같은데요. 미안합니다.,record,False,False,False,False,,
DLCBattlehornCastle.esp,DIAL,0100C523,BattlehornTrophyC,FULL,0,,,Make a stuffed minotaur.,미노타우로스 박제 만들기,record,False,False,True,False,TOPIC_CHECK,
DLCBattlehornCastle.esp,INFO,0100C52D,,NAM1,0,,,"Ah, wonderful! I'll just take this from you, and get to work. I'll need some time with this; come and find me tomorrow.","아, 훌륭합니다! 이건 제가 가져가서 작업해야겠네요. 시간이 좀 필요할 것 같습니다. 내일 다시 찾아 주세요.",record,False,False,False,False,,
DLCBattlehornCastle.esp,INFO,0100C52E,,NAM1,0,,,You don't have the item I need. I'm sorry.,제게 필요한 물건을 갖고 계시지 않은 것 같은데요. 미안합니다.,record,False,False,False,False,,
DLCBattlehornCastle.esp,DIAL,0100C524,BattlehornTrophyD,FULL,0,,,Make a stuffed mountain lion.,퓨마 박제 만들기,record,False,False,True,False,TOPIC_CHECK,
DLCBattlehornCastle.esp,INFO,0100C52F,,NAM1,0,,,"Ah, wonderful! I'll just take this from you, and get to work. I'll need some time with this; come and find me tomorrow.","아, 훌륭합니다! 이건 제가 가져가서 작업해야겠네요. 시간이 좀 필요할 것 같습니다. 내일 다시 찾아 주세요.",record,False,False,False,False,,
DLCBattlehornCastle.esp,INFO,0100C530,,NAM1,0,,,You don't have the item I need. I'm sorry.,제게 필요한 물건을 갖고 계시지 않은 것 같은데요. 미안합니다.,record,False,False,False,False,,
DLCBattlehornCastle.esp,DIAL,0100C525,BattlehornTrophyE,FULL,0,,,Make a stuffed ogre.,오우거 박제 만들기,record,False,False,True,False,TOPIC_CHECK,
DLCBattlehornCastle.esp,INFO,0100C531,,NAM1,0,,,"Ah, wonderful! I'll just take this from you, and get to work. I'll need some time with this; come and find me tomorrow.","아, 훌륭합니다! 이건 제가 가져가서 작업해야겠네요. 시간이 좀 필요할 것 같습니다. 내일 다시 찾아 주세요.",record,False,False,False,False,,
DLCBattlehornCastle.esp,INFO,0100C532,,NAM1,0,,,You don't have the item I need. I'm sorry.,제게 필요한 물건을 갖고 계시지 않은 것 같은데요. 미안합니다.,record,False,False,False,False,,
DLCBattlehornCastle.esp,DIAL,0100C526,BattlehornTrophyF,FULL,0,,,Make a stuffed clannfear.,클랜피어 박제 만들기,record,False,False,True,False,TOPIC_CHECK,
DLCBattlehornCastle.esp,INFO,0100C533,,NAM1,0,,,"Ah, wonderful! I'll just take this from you, and get to work. I'll need some time with this; come and find me tomorrow.","아, 훌륭합니다! 이건 제가 가져가서 작업해야겠네요. 시간이 좀 필요할 것 같습니다. 내일 다시 찾아 주세요.",record,False,False,False,False,,
DLCBattlehornCastle.esp,INFO,0100C534,,NAM1,0,,,You don't have the item I need. I'm sorry.,제게 필요한 물건을 갖고 계시지 않은 것 같은데요. 미안합니다.,record,False,False,False,False,,
DLCBattlehornCastle.esp,DIAL,0100C527,BattlehornTrophyG,FULL,0,,,Make a stuffed daedroth.,데이드로스 박제 만들기,record,False,False,True,False,TOPIC_CHECK,
DLCBattlehornCastle.esp,INFO,0100C535,,NAM1,0,,,"Ah, wonderful! I'll just take this from you, and get to work. I'll need some time with this; come and find me tomorrow.","아, 훌륭합니다! 이건 제가 가져가서 작업해야겠네요. 시간이 좀 필요할 것 같습니다. 내일 다시 찾아 주세요.",record,False,False,False,False,,
DLCBattlehornCastle.esp,INFO,0100C536,,NAM1,0,,,You don't have the item I need. I'm sorry.,제게 필요한 물건을 갖고 계시지 않은 것 같은데요. 미안합니다.,record,False,False,False,False,,
DLCBattlehornCastle.esp,DIAL,0100C528,BattlehornTrophyH,FULL,0,,,Make a stuffed troll.,트롤 박제 만들기,record,False,False,True,False,TOPIC_CHECK,
DLCBattlehornCastle.esp,INFO,0100C537,,NAM1,0,,,"Ah, wonderful! I'll just take this from you, and get to work. I'll need some time with this; come and find me tomorrow.","아, 훌륭합니다! 이건 제가 가져가서 작업해야겠네요. 시간이 좀 필요할 것 같습니다. 내일 다시 찾아 주세요.",record,False,False,False,False,,
DLCBattlehornCastle.esp,INFO,0100C538,,NAM1,0,,,You don't have the item I need. I'm sorry.,제게 필요한 물건을 갖고 계시지 않은 것 같은데요. 미안합니다.,record,False,False,False,False,,
DLCBattlehornCastle.esp,DIAL,0100D434,BattlehornKnight01A,FULL,0,,,Follow me.,따라 오세요.,record,False,False,True,False,TOPIC_CHECK,
DLCBattlehornCastle.esp,INFO,0100D437,,NAM1,0,,,Certainly.,좋습니다.,record,False,False,False,False,,
DLCBattlehornCastle.esp,DIAL,0100D435,BattlehornKnight01B,FULL,0,,,Wait for me here.,여기에서 나를 기다려 주시죠.,record,False,False,True,False,TOPIC_CHECK,
DLCBattlehornCastle.esp,INFO,0100D43C,,NAM1,0,,,Of course.,물론이죠.,record,False,False,False,False,,
DLCBattlehornCastle.esp,DIAL,0100D436,BattlehornKnight01C,FULL,0,,,Return to your duties.,당신의 직무로 돌아가세요.,record,False,False,True,False,TOPIC_CHECK,
DLCBattlehornCastle.esp,INFO,0100D439,,NAM1,0,,,All right.,알겠습니다.,record,False,False,False,False,,
DLCBattlehornCastle.esp,DIAL,0100DE21,BattlehornMaidFollow,FULL,0,,,Come with me.,저와 함께 가시죠,record,False,False,True,False,TOPIC_CHECK,
DLCBattlehornCastle.esp,INFO,0100DE25,,NAM1,0,,,Of course.,알겠습니다.,record,False,False,False,False,,
DLCBattlehornCastle.esp,DIAL,0100DE22,BattlehornMaidDrink,FULL,0,,,I'd like a drink.,마실 것이 원합니다.,record,False,False,True,False,TOPIC_CHECK,
DLCBattlehornCastle.esp,INFO,0100DE38,,NAM1,0,,,Certainly! What can I interest you in?,물론입니다! 무엇을 도와드릴까요?,record,False,False,False,False,,
DLCBattlehornCastle.esp,INFO,0100DE4D,,NAM1,0,,,A little food and drink will do you some good.,약간의 먹을 것과 마실 것이면 도움이 될 겁니다.,record,False,False,False,False,,
DLCBattlehornCastle.esp,DIAL,0100DE23,BattlehornMaidFood,FULL,0,,,I'd like something to eat.,뭔가 먹을 것을 원합니다.,record,False,False,True,False,TOPIC_CHECK,
DLCBattlehornCastle.esp,INFO,0100DE28,,NAM1,0,,,"I'd love to oblige, but we have no kitchen.","기꺼이 돕고 싶지만, 현재 부엌이 없습니다.",record,False,False,False,False,,
DLCBattlehornCastle.esp,INFO,0100DE29,,NAM1,0,,,Certainly! What can I interest you in?,물론입니다! 무엇을 도와드릴까요?,record,False,False,False,False,,
DLCBattlehornCastle.esp,INFO,0100DE4E,,NAM1,0,,,A little food and drink will do you some good.,약간의 먹을 것과 마실 것이면 도움이 될 겁니다.,record,False,False,False,False,,
DLCBattlehornCastle.esp,DIAL,0100DE24,BattlehornMaidStopFollow,FULL,0,,,Return to your duties.,당신의 직무로 돌아가세요.,record,False,False,True,False,TOPIC_CHECK,
DLCBattlehornCastle.esp,INFO,0100DE27,,NAM1,0,,,A pleasure to serve you.,도움이 되어 기쁩니다.,record,False,False,False,False,,
DLCBattlehornCastle.esp,DIAL,0100DE2A,BattlehornFoodA,FULL,0,,,Cheese,치즈,record,False,False,True,False,TOPIC_CHECK,
DLCBattlehornCastle.esp,INFO,0100DE2E,,NAM1,0,,,Certainly! Here you are. Anything else?,물론입니다! 여기 있습니다. 다른 건 없으신가요?,record,False,False,False,False,,
DLCBattlehornCastle.esp,DIAL,0100DE2B,BattlehornFoodB,FULL,0,,,Grapes,포도,record,False,False,True,False,TOPIC_CHECK,
DLCBattlehornCastle.esp,INFO,0100DE2F,,NAM1,0,,,Certainly! Here you are. Anything else?,물론입니다! 여기 있습니다. 다른 건 없으신가요?,record,False,False,False,False,,
DLCBattlehornCastle.esp,DIAL,0100DE2C,BattlehornFoodC,FULL,0,,,Strawberries,딸기,record,False,False,True,False,TOPIC_CHECK,
DLCBattlehornCastle.esp,INFO,0100DE30,,NAM1,0,,,Certainly! Here you are. Anything else?,물론입니다! 여기 있습니다. 다른 건 없으신가요?,record,False,False,False,False,,
DLCBattlehornCastle.esp,DIAL,0100DE2D,BattlehornFoodD,FULL,0,,,Mutton,양고기,record,False,False,True,False,TOPIC_CHECK,
DLCBattlehornCastle.esp,INFO,0100DE31,,NAM1,0,,,Certainly! Here you are. Anything else?,물론입니다! 여기 있습니다. 다른 건 없으신가요?,record,False,False,False,False,,
DLCBattlehornCastle.esp,DIAL,0100DE32,BattlehornFoodE,FULL,0,,,Venison,사슴고기,record,False,False,True,False,TOPIC_CHECK,
DLCBattlehornCastle.esp,INFO,0100DE35,,NAM1,0,,,Certainly! Here you are. Anything else?,물론입니다! 여기 있습니다. 다른 건 없으신가요?,record,False,False,False,False,,
DLCBattlehornCastle.esp,DIAL,0100DE33,BattlehornFoodF,FULL,0,,,Shepherd's Pie,양치기의 파이,record,False,False,True,False,TOPIC_CHECK,
DLCBattlehornCastle.esp,INFO,0100DE36,,NAM1,0,,,Certainly! Here you are. Anything else?,물론입니다! 여기 있습니다. 다른 건 없으신가요?,record,False,False,False,False,,
DLCBattlehornCastle.esp,DIAL,0100DE34,BattlehornFoodG,FULL,0,,,Sweetroll,스위트롤,record,False,False,True,False,TOPIC_CHECK,
DLCBattlehornCastle.esp,INFO,0100DE37,,NAM1,0,,,Certainly! Here you are. Anything else?,물론입니다! 여기 있습니다. 다른 건 없으신가요?,record,False,False,False,False,,
DLCBattlehornCastle.esp,DIAL,0100DE39,BattlehornDrinkA,FULL,0,,,Frostdew Blanc,프로스트듀 블랑,record,False,False,True,False,TOPIC_CHECK,
DLCBattlehornCastle.esp,INFO,0100DE44,,NAM1,0,,,Certainly! Here you are. Anything else?,물론입니다! 여기 있습니다. 다른 건 없으신가요?,record,False,False,False,False,,
DLCBattlehornCastle.esp,DIAL,0100DE3A,BattlehornDrinkB,FULL,0,,,Colovian Battlecry,콜로비아 배틀크라이,record,False,False,True,False,TOPIC_CHECK,
DLCBattlehornCastle.esp,INFO,0100DE45,,NAM1,0,,,Certainly! Here you are. Anything else?,물론입니다! 여기 있습니다. 다른 건 없으신가요?,record,False,False,False,False,,
DLCBattlehornCastle.esp,DIAL,0100DE3B,BattlehornDrinkC,FULL,0,,,Julianos Firebelly,줄리아노스 파이어벨리,record,False,False,True,False,TOPIC_CHECK,
DLCBattlehornCastle.esp,INFO,0100DE46,,NAM1,0,,,Certainly! Here you are. Anything else?,물론입니다! 여기 있습니다. 다른 건 없으신가요?,record,False,False,False,False,,
DLCBattlehornCastle.esp,DIAL,0100DE3C,BattlehornDrinkD,FULL,0,,,Numbskin Mead,넘스킨 벌꿀술,record,False,False,True,False,TOPIC_CHECK,
DLCBattlehornCastle.esp,INFO,0100DE47,,NAM1,0,,,Certainly! Here you are. Anything else?,물론입니다! 여기 있습니다. 다른 건 없으신가요?,record,False,False,False,False,,
DLCBattlehornCastle.esp,DIAL,0100DE3D,BattlehornDrinkMead,FULL,0,,,Mead,벌꿀술,record,False,False,True,False,TOPIC_CHECK,
DLCBattlehornCastle.esp,INFO,0100DE42,,NAM1,0,,,Certainly! Here you are. A nice mead will relax you. Anything else?,물론입니다! 여기 있습니다. 좋은 벌꿀술이면 긴장이 싹 녹죠. 다른 건 없으신가요?,record,False,False,False,False,,
DLCBattlehornCastle.esp,INFO,0101C302,,NAM1,0,,,Certainly! Here you are. Anything else?,물론입니다! 여기 있습니다. 다른 건 없으신가요?,record,False,False,False,False,,
DLCBattlehornCastle.esp,DIAL,0100DE3E,BattlehornDrinkCheapWine,FULL,0,,,Cheap wine,싸구려 포도주,record,False,False,True,False,TOPIC_CHECK,
DLCBattlehornCastle.esp,INFO,0100DE43,,NAM1,0,,,Certainly! Here you are. Anything else?,물론입니다! 여기 있습니다. 다른 건 없으신가요?,record,False,False,False,False,,
DLCBattlehornCastle.esp,DIAL,0100DE3F,BattlehornDrinkE,FULL,0,,,Stumblefoot Reserve,스텀블풋츠 리저브,record,False,False,True,False,TOPIC_CHECK,
DLCBattlehornCastle.esp,INFO,0100DE48,,NAM1,0,,,Certainly! Here you are. Anything else?,물론입니다! 여기 있습니다. 다른 건 없으신가요?,record,False,False,False,False,,
DLCBattlehornCastle.esp,DIAL,0100DE40,BattlehornDrinkF,FULL,0,,,Argonian Bloodwine,아르고니안 블러드와인,record,False,False,True,False,TOPIC_CHECK,
DLCBattlehornCastle.esp,INFO,0100DE49,,NAM1,0,,,Certainly! Here you are. Anything else?,물론입니다! 여기 있습니다. 다른 건 없으신가요?,record,False,False,False,False,,
DLCBattlehornCastle.esp,DIAL,0100DE41,BattlehornDrinkG,FULL,0,,,Sparkling Honeydew,스파클링 허니듀,record,False,False,True,False,TOPIC_CHECK,
DLCBattlehornCastle.esp,INFO,0100DE4A,,NAM1,0,,,Certainly! Here you are. Anything else?,물론입니다! 여기 있습니다. 다른 건 없으신가요?,record,False,False,False,False,,
DLCBattlehornCastle.esp,DIAL,01011EE0,BattlehornKnight02A,FULL,0,,,Follow me.,따라 오세요.,record,False,False,True,False,TOPIC_CHECK,
DLCBattlehornCastle.esp,INFO,01011EEC,,NAM1,0,,,Certainly.,좋습니다.,record,False,False,False,False,,
